position	coverage_legacy	mismatch_count_legacy	deletion_count_legacy	mismatch_rate_legacy	deletion_rate_legacy	coverage_updated	mismatch_count_updated	deletion_count_updated	mismatch_rate_updated	deletion_rate_updated	reference_base
1	8209	0	0	0.0	0.0	8209.0	0.0	0.0	0.0	0.0	T
2	8209	0	0	0.0	0.0	8209.0	0.0	0.0	0.0	0.0	G
3	8210	0	0	0.0	0.0	8210.0	0.0	0.0	0.0	0.0	G
4	8210	0	0	0.0	0.0	8210.0	1.0	0.0	0.0001218026796589525	0.0	T
5	8210	0	0	0.0	0.0	8210.0	0.0	0.0	0.0	0.0	T
6	8210	0	0	0.0	0.0	8210.0	0.0	0.0	0.0	0.0	T
7	8210	0	0	0.0	0.0	8210.0	0.0	0.0	0.0	0.0	T
8	8210	0	0	0.0	0.0	8210.0	0.0	0.0	0.0	0.0	C
9	8210	0	0	0.0	0.0	8210.0	0.0	0.0	0.0	0.0	C
10	8210	0	0	0.0	0.0	8210.0	0.0	0.0	0.0	0.0	T
11	8210	0	0	0.0	0.0	8210.0	0.0	0.0	0.0	0.0	A
12	8210	0	0	0.0	0.0	8210.0	0.0	0.0	0.0	0.0	C
13	8210	0	0	0.0	0.0	8210.0	0.0	0.0	0.0	0.0	T
14	8210	0	0	0.0	0.0	8210.0	0.0	0.0	0.0	0.0	T
15	8210	0	0	0.0	0.0	8210.0	0.0	0.0	0.0	0.0	T
16	8210	0	0	0.0	0.0	8210.0	1.0	0.0	0.0001218026796589525	0.0	C
17	8210	0	0	0.0	0.0	8210.0	0.0	0.0	0.0	0.0	T
18	8210	0	0	0.0	0.0	8210.0	0.0	0.0	0.0	0.0	G
19	8210	1	0	0.0001218026796589525	0.0	8210.0	0.0	0.0	0.0	0.0	A
20	8210	0	0	0.0	0.0	8210.0	0.0	0.0	0.0	0.0	A
21	8210	0	0	0.0	0.0	8210.0	6.0	0.0	0.000730816077953715	0.0	G
22	8210	3	0	0.0003654080389768575	0.0	8210.0	0.0	0.0	0.0	0.0	T
23	8210	0	0	0.0	0.0	8210.0	1.0	0.0	0.0001218026796589525	0.0	A
24	8210	0	0	0.0	0.0	8210.0	0.0	0.0	0.0	0.0	T
25	8210	0	0	0.0	0.0	8210.0	782.0	0.0	0.09524969549330085	0.0	T
26	8210	3	0	0.0003654080389768575	0.0	8210.0	0.0	0.0	0.0	0.0	C
27	8210	31	0	0.0037758830694275274	0.0	8210.0	9.0	0.0	0.0010962241169305725	0.0	T
28	8210	0	0	0.0	0.0	8210.0	0.0	0.0	0.0	0.0	C
29	8210	0	0	0.0	0.0	8210.0	0.0	0.0	0.0	0.0	T
30	8210	0	0	0.0	0.0	8210.0	0.0	0.0	0.0	0.0	C
31	8210	0	0	0.0	0.0	8210.0	0.0	0.0	0.0	0.0	T
32	8210	0	0	0.0	0.0	8210.0	2.0	0.0	0.000243605359317905	0.0	T
33	8210	0	0	0.0	0.0	8210.0	1.0	0.0	0.0001218026796589525	0.0	C
34	8210	0	0	0.0	0.0	8210.0	0.0	0.0	0.0	0.0	A
35	8210	2	0	0.000243605359317905	0.0	8210.0	0.0	0.0	0.0	0.0	G
36	8210	0	0	0.0	0.0	8210.0	0.0	0.0	0.0	0.0	T
37	8210	0	0	0.0	0.0	8210.0	0.0	0.0	0.0	0.0	C
38	8210	4	0	0.00048721071863581	0.0	8210.0	0.0	0.0	0.0	0.0	T
39	8210	0	0	0.0	0.0	8210.0	0.0	0.0	0.0	0.0	A
40	8210	9	0	0.0010962241169305725	0.0	8210.0	0.0	0.0	0.0	0.0	C
41	8210	1	0	0.0001218026796589525	0.0	8210.0	0.0	0.0	0.0	0.0	C
42	8210	0	0	0.0	0.0	8210.0	0.0	0.0	0.0	0.0	A
43	8210	52	0	0.00633373934226553	0.0	8210.0	0.0	0.0	0.0	0.0	C
44	8210	0	0	0.0	0.0	8210.0	0.0	0.0	0.0	0.0	A
45	8210	16	0	0.00194884287454324	0.0	8210.0	0.0	0.0	0.0	0.0	G
46	8210	1	0	0.0001218026796589525	0.0	8210.0	0.0	0.0	0.0	0.0	G
47	8210	782	0	0.09524969549330085	0.0	8210.0	0.0	0.0	0.0	0.0	C
48	8210	0	0	0.0	0.0	8210.0	4.0	0.0	0.00048721071863581	0.0	T
49	8210	0	0	0.0	0.0	8210.0	1.0	0.0	0.0001218026796589525	0.0	T
50	8210	677	0	0.08246041412911084	0.0	8210.0	0.0	0.0	0.0	0.0	G
51	8210	0	0	0.0	0.0	8210.0	0.0	0.0	0.0	0.0	C
52	8210	1	0	0.0001218026796589525	0.0	8210.0	0.0	0.0	0.0	0.0	T
53	8210	0	0	0.0	0.0	8210.0	0.0	0.0	0.0	0.0	G
54	8210	1	0	0.0001218026796589525	0.0	8210.0	0.0	0.0	0.0	0.0	G
55	8210	0	0	0.0	0.0	8210.0	0.0	0.0	0.0	0.0	A
56	8210	0	0	0.0	0.0	8210.0	0.0	0.0	0.0	0.0	A
57	8210	0	0	0.0	0.0	8210.0	0.0	0.0	0.0	0.0	A
58	8210	0	0	0.0	0.0	8210.0	0.0	0.0	0.0	0.0	A
59	8210	0	0	0.0	0.0	8210.0	0.0	0.0	0.0	0.0	A
60	8210	0	0	0.0	0.0	8210.0	0.0	0.0	0.0	0.0	G
61	8210	0	0	0.0	0.0	8210.0	0.0	0.0	0.0	0.0	A
62	8210	0	0	0.0	0.0	8210.0	0.0	0.0	0.0	0.0	G
63	8210	0	0	0.0	0.0	8210.0	0.0	0.0	0.0	0.0	G
64	8210	0	0	0.0	0.0	8210.0	0.0	0.0	0.0	0.0	C
65	8210	0	0	0.0	0.0	8210.0	1.0	0.0	0.0001218026796589525	0.0	T
66	8210	1	0	0.0001218026796589525	0.0	8210.0	2.0	0.0	0.000243605359317905	0.0	A
67	8210	0	0	0.0	0.0	8210.0	0.0	0.0	0.0	0.0	T
68	8210	0	0	0.0	0.0	8210.0	0.0	0.0	0.0	0.0	T
69	8210	0	0	0.0	0.0	8210.0	0.0	0.0	0.0	0.0	T
70	8210	0	0	0.0	0.0	8210.0	0.0	0.0	0.0	0.0	T
71	8210	6	0	0.000730816077953715	0.0	8210.0	0.0	0.0	0.0	0.0	G
72	8210	0	0	0.0	0.0	8210.0	0.0	0.0	0.0	0.0	T
73	8210	1	0	0.0001218026796589525	0.0	8210.0	0.0	0.0	0.0	0.0	C
74	8210	0	0	0.0	0.0	8210.0	0.0	0.0	0.0	0.0	T
75	8210	782	0	0.09524969549330085	0.0	8210.0	3449.0	0.0	0.4200974421437272	0.0	T
76	8210	0	0	0.0	0.0	8210.0	0.0	0.0	0.0	0.0	A
77	8210	9	0	0.0010962241169305725	0.0	8210.0	1.0	0.0	0.0001218026796589525	0.0	G
78	8210	0	0	0.0	0.0	8210.0	0.0	0.0	0.0	0.0	T
79	8210	0	0	0.0	0.0	8210.0	1.0	0.0	0.0001218026796589525	0.0	A
80	8210	0	0	0.0	0.0	8210.0	0.0	0.0	0.0	0.0	A
81	8210	0	0	0.0	0.0	8210.0	0.0	0.0	0.0	0.0	T
82	8210	2	0	0.000243605359317905	0.0	8210.0	1.0	0.0	0.0001218026796589525	0.0	C
83	8210	1	0	0.0001218026796589525	0.0	8210.0	0.0	0.0	0.0	0.0	A
84	8210	0	0	0.0	0.0	8210.0	0.0	0.0	0.0	0.0	A
85	8210	0	0	0.0	0.0	8210.0	0.0	0.0	0.0	0.0	A
86	8210	0	0	0.0	0.0	8210.0	28.0	0.0	0.00341047503045067	0.0	T
87	8210	0	0	0.0	0.0	8210.0	0.0	0.0	0.0	0.0	T
88	8210	0	0	0.0	0.0	8210.0	0.0	0.0	0.0	0.0	G
89	8210	0	0	0.0	0.0	8210.0	0.0	0.0	0.0	0.0	A
90	8210	0	0	0.0	0.0	8210.0	0.0	0.0	0.0	0.0	C
91	8210	0	0	0.0	0.0	8210.0	5.0	0.0	0.0006090133982947625	0.0	G
92	8210	0	0	0.0	0.0	8210.0	0.0	0.0	0.0	0.0	A
93	8210	0	0	0.0	0.0	8210.0	0.0	0.0	0.0	0.0	T
94	8210	0	0	0.0	0.0	8210.0	0.0	0.0	0.0	0.0	A
95	8210	0	0	0.0	0.0	8210.0	0.0	0.0	0.0	0.0	A
96	8210	0	0	0.0	0.0	8210.0	0.0	0.0	0.0	0.0	T
97	8210	0	0	0.0	0.0	8210.0	0.0	0.0	0.0	0.0	A
98	8210	4	0	0.00048721071863581	0.0	8210.0	0.0	0.0	0.0	0.0	A
99	8210	1	0	0.0001218026796589525	0.0	8210.0	301.0	0.0	0.0366626065773447	0.0	C
100	8210	0	0	0.0	0.0	8210.0	1.0	0.0	0.0001218026796589525	0.0	G
101	8210	0	0	0.0	0.0	8210.0	0.0	0.0	0.0	0.0	A
102	8210	0	0	0.0	0.0	8210.0	0.0	0.0	0.0	0.0	C
103	8210	0	0	0.0	0.0	8210.0	0.0	0.0	0.0	0.0	G
104	8210	0	0	0.0	0.0	8210.0	0.0	0.0	0.0	0.0	A
105	8210	0	0	0.0	0.0	8210.0	0.0	0.0	0.0	0.0	A
106	8210	0	0	0.0	0.0	8210.0	0.0	0.0	0.0	0.0	T
107	8210	0	0	0.0	0.0	8210.0	0.0	0.0	0.0	0.0	C
108	8210	0	0	0.0	0.0	8210.0	0.0	0.0	0.0	0.0	T
109	8210	0	0	0.0	0.0	8210.0	0.0	0.0	0.0	0.0	C
110	8210	0	0	0.0	0.0	8210.0	0.0	0.0	0.0	0.0	T
111	8210	0	0	0.0	0.0	8210.0	178.0	0.0	0.021680876979293544	0.0	A
112	8210	0	0	0.0	0.0	8210.0	0.0	0.0	0.0	0.0	A
113	8210	0	0	0.0	0.0	8210.0	0.0	0.0	0.0	0.0	T
114	8210	0	0	0.0	0.0	8210.0	110.0	0.0	0.013398294762484775	0.0	G
115	8210	1	0	0.0001218026796589525	0.0	8210.0	0.0	0.0	0.0	0.0	G
116	8210	2	0	0.000243605359317905	0.0	8210.0	0.0	0.0	0.0	0.0	G
117	8210	0	0	0.0	0.0	8210.0	0.0	0.0	0.0	0.0	T
118	8210	0	0	0.0	0.0	8210.0	0.0	0.0	0.0	0.0	G
119	8210	0	0	0.0	0.0	8210.0	0.0	0.0	0.0	0.0	A
120	8210	0	0	0.0	0.0	8210.0	0.0	0.0	0.0	0.0	C
121	8210	0	0	0.0	0.0	8210.0	0.0	0.0	0.0	0.0	A
122	8210	0	0	0.0	0.0	8210.0	1.0	0.0	0.0001218026796589525	0.0	A
123	8210	0	0	0.0	0.0	8210.0	264.0	0.0	0.03215590742996346	0.0	T
124	8210	0	0	0.0	0.0	8210.0	0.0	0.0	0.0	0.0	T
125	8210	3449	0	0.4200974421437272	0.0	8210.0	0.0	0.0	0.0	0.0	C
126	8210	0	0	0.0	0.0	8210.0	0.0	0.0	0.0	0.0	A
127	8210	1	0	0.0001218026796589525	0.0	8210.0	0.0	0.0	0.0	0.0	A
128	8210	0	0	0.0	0.0	8210.0	0.0	0.0	0.0	0.0	T
129	8210	1	0	0.0001218026796589525	0.0	8210.0	0.0	0.0	0.0	0.0	T
130	8210	0	0	0.0	0.0	8210.0	0.0	0.0	0.0	0.0	T
131	8210	0	0	0.0	0.0	8210.0	0.0	0.0	0.0	0.0	T
132	8210	1	0	0.0001218026796589525	0.0	8210.0	4.0	0.0	0.00048721071863581	0.0	T
133	8210	0	0	0.0	0.0	8210.0	0.0	0.0	0.0	0.0	C
134	8210	0	0	0.0	0.0	8210.0	3036.0	0.0	0.3697929354445798	0.0	T
135	8210	0	0	0.0	0.0	8210.0	0.0	0.0	0.0	0.0	A
136	8210	28	0	0.00341047503045067	0.0	8210.0	0.0	0.0	0.0	0.0	C
137	8210	0	0	0.0	0.0	8210.0	7.0	0.0	0.0008526187576126675	0.0	A
138	8210	0	0	0.0	0.0	8210.0	0.0	0.0	0.0	0.0	T
139	8210	0	0	0.0	0.0	8210.0	0.0	0.0	0.0	0.0	G
140	8210	0	0	0.0	0.0	8210.0	0.0	0.0	0.0	0.0	C
141	8210	5	0	0.0006090133982947625	0.0	8210.0	493.0	0.0	0.060048721071863584	0.0	G
142	8210	0	0	0.0	0.0	8210.0	10.0	0.0	0.001218026796589525	0.0	C
143	8210	0	0	0.0	0.0	8210.0	0.0	0.0	0.0	0.0	A
144	8210	0	0	0.0	0.0	8210.0	68.0	0.0	0.008282582216808769	0.0	T
145	8210	0	0	0.0	0.0	8210.0	0.0	0.0	0.0	0.0	C
146	8210	0	0	0.0	0.0	8210.0	0.0	0.0	0.0	0.0	A
147	8210	0	0	0.0	0.0	8210.0	0.0	0.0	0.0	0.0	A
148	8210	0	0	0.0	0.0	8210.0	0.0	0.0	0.0	0.0	T
149	8210	301	0	0.0366626065773447	0.0	8210.0	0.0	0.0	0.0	0.0	G
150	8210	1	0	0.0001218026796589525	0.0	8210.0	0.0	0.0	0.0	0.0	C
151	8210	0	0	0.0	0.0	8210.0	0.0	0.0	0.0	0.0	G
152	8210	0	0	0.0	0.0	8210.0	0.0	0.0	0.0	0.0	T
153	8210	0	0	0.0	0.0	8210.0	0.0	0.0	0.0	0.0	T
154	8210	0	0	0.0	0.0	8210.0	0.0	0.0	0.0	0.0	G
155	8210	0	0	0.0	0.0	8210.0	0.0	0.0	0.0	0.0	C
156	8210	0	0	0.0	0.0	8210.0	0.0	0.0	0.0	0.0	G
157	8210	0	0	0.0	0.0	8210.0	1.0	0.0	0.0001218026796589525	0.0	T
158	8210	0	0	0.0	0.0	8210.0	0.0	0.0	0.0	0.0	T
159	8210	0	0	0.0	0.0	8210.0	0.0	0.0	0.0	0.0	A
160	8210	0	0	0.0	0.0	8210.0	0.0	0.0	0.0	0.0	C
161	8210	178	0	0.021680876979293544	0.0	8210.0	0.0	0.0	0.0	0.0	C
162	8210	0	0	0.0	0.0	8210.0	0.0	0.0	0.0	0.0	G
163	8210	0	0	0.0	0.0	8210.0	2.0	0.0	0.000243605359317905	0.0	C
164	8210	110	0	0.013398294762484775	0.0	8210.0	0.0	0.0	0.0	0.0	A
165	8210	0	0	0.0	0.0	8210.0	0.0	0.0	0.0	0.0	T
166	8210	0	0	0.0	0.0	8210.0	1.0	0.0	0.0001218026796589525	0.0	G
167	8210	0	0	0.0	0.0	8210.0	0.0	0.0	0.0	0.0	C
168	8210	0	0	0.0	0.0	8210.0	0.0	0.0	0.0	0.0	A
169	8210	0	0	0.0	0.0	8210.0	0.0	0.0	0.0	0.0	T
170	8210	0	0	0.0	0.0	8210.0	0.0	0.0	0.0	0.0	T
171	8210	0	0	0.0	0.0	8210.0	0.0	0.0	0.0	0.0	A
172	8210	1	0	0.0001218026796589525	0.0	8210.0	0.0	0.0	0.0	0.0	G
173	8210	264	0	0.03215590742996346	0.0	8210.0	0.0	0.0	0.0	0.0	G
174	8210	0	0	0.0	0.0	8210.0	0.0	0.0	0.0	0.0	A
175	8210	0	0	0.0	0.0	8210.0	0.0	0.0	0.0	0.0	G
176	8210	0	0	0.0	0.0	8210.0	0.0	0.0	0.0	0.0	A
177	8210	0	0	0.0	0.0	8210.0	2.0	0.0	0.000243605359317905	0.0	A
178	8210	0	0	0.0	0.0	8210.0	0.0	0.0	0.0	0.0	A
179	8210	0	0	0.0	0.0	8210.0	1.0	0.0	0.0001218026796589525	0.0	T
180	8210	0	0	0.0	0.0	8210.0	0.0	0.0	0.0	0.0	G
181	8210	0	0	0.0	0.0	8210.0	0.0	0.0	0.0	0.0	A
182	8210	4	0	0.00048721071863581	0.0	8210.0	0.0	0.0	0.0	0.0	A
183	8210	0	0	0.0	0.0	8210.0	0.0	0.0	0.0	0.0	A
184	8210	3036	0	0.3697929354445798	0.0	8210.0	0.0	0.0	0.0	0.0	T
185	8210	0	0	0.0	0.0	8210.0	0.0	0.0	0.0	0.0	A
186	8210	0	0	0.0	0.0	8210.0	0.0	0.0	0.0	0.0	A
187	8210	7	0	0.0008526187576126675	0.0	8210.0	0.0	0.0	0.0	0.0	C
188	8210	0	0	0.0	0.0	8210.0	0.0	0.0	0.0	0.0	T
189	8210	0	0	0.0	0.0	8210.0	0.0	0.0	0.0	0.0	C
190	8210	0	0	0.0	0.0	8210.0	0.0	0.0	0.0	0.0	G
191	8210	493	0	0.060048721071863584	0.0	8210.0	1.0	0.0	0.0001218026796589525	0.0	G
192	8210	10	0	0.001218026796589525	0.0	8210.0	0.0	0.0	0.0	0.0	C
193	8210	0	0	0.0	0.0	8210.0	34.0	0.0	0.0041412911084043845	0.0	C
194	8210	68	0	0.008282582216808769	0.0	8210.0	0.0	0.0	0.0	0.0	A
195	8210	0	0	0.0	0.0	8210.0	0.0	0.0	0.0	0.0	C
196	8210	0	0	0.0	0.0	8210.0	1.0	0.0	0.0001218026796589525	0.0	G
197	8210	0	0	0.0	0.0	8210.0	0.0	0.0	0.0	0.0	A
198	8210	0	0	0.0	0.0	8210.0	0.0	0.0	0.0	0.0	T
199	8210	0	0	0.0	0.0	8210.0	0.0	0.0	0.0	0.0	A
200	8210	0	0	0.0	0.0	8210.0	0.0	0.0	0.0	0.0	T
201	8210	0	0	0.0	0.0	8210.0	0.0	0.0	0.0	0.0	T
202	8210	0	0	0.0	0.0	8210.0	0.0	0.0	0.0	0.0	T
203	8210	0	0	0.0	0.0	8210.0	0.0	0.0	0.0	0.0	T
204	8210	0	0	0.0	0.0	8210.0	0.0	0.0	0.0	0.0	T
205	8210	0	0	0.0	0.0	8210.0	2.0	0.0	0.000243605359317905	0.0	C
206	8210	0	0	0.0	0.0	8210.0	0.0	0.0	0.0	0.0	A
207	8210	1	0	0.0001218026796589525	0.0	8210.0	0.0	0.0	0.0	0.0	C
208	8210	0	0	0.0	0.0	8210.0	0.0	0.0	0.0	0.0	T
209	8210	0	0	0.0	0.0	8210.0	0.0	0.0	0.0	0.0	A
210	8210	0	0	0.0	0.0	8210.0	3.0	0.0	0.0003654080389768575	0.0	A
211	8210	0	0	0.0	0.0	8210.0	0.0	0.0	0.0	0.0	T
212	8210	0	0	0.0	0.0	8210.0	0.0	0.0	0.0	0.0	T
213	8210	2	0	0.000243605359317905	0.0	8210.0	0.0	0.0	0.0	0.0	C
214	8210	0	0	0.0	0.0	8210.0	0.0	0.0	0.0	0.0	C
215	8210	0	0	0.0	0.0	8210.0	0.0	0.0	0.0	0.0	T
216	8210	1	0	0.0001218026796589525	0.0	8210.0	159.0	0.0	0.019366626065773447	0.0	G
217	8210	0	0	0.0	0.0	8210.0	1.0	0.0	0.0001218026796589525	0.0	G
218	8210	0	0	0.0	0.0	8210.0	0.0	0.0	0.0	0.0	A
219	8210	0	0	0.0	0.0	8210.0	0.0	0.0	0.0	0.0	A
220	8210	0	0	0.0	0.0	8210.0	0.0	0.0	0.0	0.0	G
221	8210	0	0	0.0	0.0	8210.0	0.0	0.0	0.0	0.0	T
222	8210	0	0	0.0	0.0	8210.0	0.0	0.0	0.0	0.0	T
223	8210	0	0	0.0	0.0	8210.0	0.0	0.0	0.0	0.0	C
224	8210	0	0	0.0	0.0	8210.0	0.0	0.0	0.0	0.0	A
225	8210	0	0	0.0	0.0	8210.0	0.0	0.0	0.0	0.0	T
226	8210	0	0	0.0	0.0	8210.0	0.0	0.0	0.0	0.0	A
227	8210	2	0	0.000243605359317905	0.0	8210.0	0.0	0.0	0.0	0.0	C
228	8210	0	0	0.0	0.0	8210.0	0.0	0.0	0.0	0.0	G
229	8210	1	0	0.0001218026796589525	0.0	8210.0	5.0	0.0	0.0006090133982947625	0.0	C
230	8210	0	0	0.0	0.0	8210.0	0.0	0.0	0.0	0.0	T
231	8210	0	0	0.0	0.0	8210.0	0.0	0.0	0.0	0.0	T
232	8210	0	0	0.0	0.0	8210.0	0.0	0.0	0.0	0.0	T
233	8210	0	0	0.0	0.0	8210.0	0.0	0.0	0.0	0.0	C
234	8210	0	0	0.0	0.0	8210.0	0.0	0.0	0.0	0.0	G
235	8210	0	0	0.0	0.0	8210.0	0.0	0.0	0.0	0.0	A
236	8210	0	0	0.0	0.0	8210.0	0.0	0.0	0.0	0.0	A
237	8210	0	0	0.0	0.0	8210.0	0.0	0.0	0.0	0.0	T
238	8210	0	0	0.0	0.0	8210.0	0.0	0.0	0.0	0.0	C
239	8210	0	0	0.0	0.0	8210.0	0.0	0.0	0.0	0.0	A
240	8210	0	0	0.0	0.0	8210.0	0.0	0.0	0.0	0.0	A
241	8210	1	0	0.0001218026796589525	0.0	8210.0	0.0	0.0	0.0	0.0	T
242	8210	0	0	0.0	0.0	8210.0	0.0	0.0	0.0	0.0	A
243	8210	34	0	0.0041412911084043845	0.0	8210.0	0.0	0.0	0.0	0.0	A
244	8210	0	0	0.0	0.0	8210.0	0.0	0.0	0.0	0.0	T
245	8210	0	0	0.0	0.0	8210.0	0.0	0.0	0.0	0.0	T
246	8210	1	0	0.0001218026796589525	0.0	8210.0	1450.0	0.0	0.17661388550548113	0.0	G
247	8210	0	0	0.0	0.0	8210.0	3.0	0.0	0.0003654080389768575	0.0	T
248	8210	0	0	0.0	0.0	8210.0	0.0	0.0	0.0	0.0	A
249	8210	0	0	0.0	0.0	8210.0	1122.0	0.0	0.1366626065773447	0.0	T
250	8210	0	0	0.0	0.0	8210.0	0.0	0.0	0.0	0.0	A
251	8210	0	0	0.0	0.0	8210.0	0.0	0.0	0.0	0.0	A
252	8210	0	0	0.0	0.0	8210.0	975.0	0.0	0.11875761266747868	0.0	T
253	8210	0	0	0.0	0.0	8210.0	0.0	0.0	0.0	0.0	T
254	8210	0	0	0.0	0.0	8210.0	0.0	0.0	0.0	0.0	G
255	8210	2	0	0.000243605359317905	0.0	8210.0	351.0	0.0	0.042752740560292324	0.0	G
256	8210	0	0	0.0	0.0	8210.0	0.0	0.0	0.0	0.0	C
257	8210	0	0	0.0	0.0	8210.0	0.0	0.0	0.0	0.0	A
258	8210	0	0	0.0	0.0	8210.0	115.0	0.0	0.014007308160779537	0.0	C
259	8210	0	0	0.0	0.0	8210.0	0.0	0.0	0.0	0.0	A
260	8210	3	0	0.0003654080389768575	0.0	8210.0	0.0	0.0	0.0	0.0	G
261	8210	0	0	0.0	0.0	8210.0	1.0	0.0	0.0001218026796589525	0.0	A
262	8210	0	0	0.0	0.0	8210.0	0.0	0.0	0.0	0.0	T
263	8210	0	0	0.0	0.0	8210.0	1.0	0.0	0.0001218026796589525	0.0	T
264	8210	0	0	0.0	0.0	8210.0	0.0	0.0	0.0	0.0	T
265	8210	0	0	0.0	0.0	8210.0	0.0	0.0	0.0	0.0	T
266	8210	159	0	0.019366626065773447	0.0	8210.0	0.0	0.0	0.0	0.0	C
267	8210	1	0	0.0001218026796589525	0.0	8210.0	1191.0	0.0	0.1450669914738124	0.0	G
268	8210	0	0	0.0	0.0	8210.0	0.0	0.0	0.0	0.0	G
269	8210	0	0	0.0	0.0	8210.0	0.0	0.0	0.0	0.0	C
270	8210	0	0	0.0	0.0	8210.0	0.0	0.0	0.0	0.0	A
271	8210	0	0	0.0	0.0	8210.0	0.0	0.0	0.0	0.0	A
272	8210	0	0	0.0	0.0	8210.0	0.0	0.0	0.0	0.0	T
273	8210	0	0	0.0	0.0	8210.0	186.0	0.0	0.022655298416565165	0.0	A
274	8210	0	0	0.0	0.0	8210.0	0.0	0.0	0.0	0.0	A
275	8210	0	0	0.0	0.0	8210.0	0.0	0.0	0.0	0.0	T
276	8210	0	0	0.0	0.0	8210.0	36.0	0.0	0.00438489646772229	0.0	T
277	8210	0	0	0.0	0.0	8210.0	0.0	0.0	0.0	0.0	T
278	8210	0	0	0.0	0.0	8210.0	0.0	0.0	0.0	0.0	T
279	8210	5	0	0.0006090133982947625	0.0	8210.0	0.0	0.0	0.0	0.0	G
280	8210	0	0	0.0	0.0	8210.0	0.0	0.0	0.0	0.0	C
281	8210	0	0	0.0	0.0	8210.0	0.0	0.0	0.0	0.0	T
282	8210	0	0	0.0	0.0	8210.0	0.0	0.0	0.0	0.0	A
283	8210	0	0	0.0	0.0	8210.0	0.0	0.0	0.0	0.0	C
284	8210	0	0	0.0	0.0	8210.0	0.0	0.0	0.0	0.0	T
285	8210	0	0	0.0	0.0	8210.0	194.0	0.0	0.023629719853836783	0.0	C
286	8210	0	0	0.0	0.0	8210.0	0.0	0.0	0.0	0.0	G
287	8210	0	0	0.0	0.0	8210.0	0.0	0.0	0.0	0.0	T
288	8210	0	0	0.0	0.0	8210.0	0.0	0.0	0.0	0.0	T
289	8210	0	0	0.0	0.0	8210.0	1.0	0.0	0.0001218026796589525	0.0	C
290	8210	0	0	0.0	0.0	8210.0	0.0	0.0	0.0	0.0	T
291	8210	0	0	0.0	0.0	8210.0	1.0	0.0	0.0001218026796589525	0.0	G
292	8210	0	0	0.0	0.0	8210.0	0.0	0.0	0.0	0.0	C
293	8210	0	0	0.0	0.0	8210.0	0.0	0.0	0.0	0.0	C
294	8210	0	0	0.0	0.0	8210.0	186.0	0.0	0.022655298416565165	0.0	A
295	8210	0	0	0.0	0.0	8210.0	0.0	0.0	0.0	0.0	A
296	8210	1450	0	0.17661388550548113	0.0	8210.0	0.0	0.0	0.0	0.0	C
297	8210	3	0	0.0003654080389768575	0.0	8210.0	0.0	0.0	0.0	0.0	G
298	8210	0	0	0.0	0.0	8210.0	0.0	0.0	0.0	0.0	G
299	8210	1122	0	0.1366626065773447	0.0	8210.0	0.0	0.0	0.0	0.0	T
300	8210	0	0	0.0	0.0	8210.0	0.0	0.0	0.0	0.0	C
301	8210	0	0	0.0	0.0	8210.0	0.0	0.0	0.0	0.0	G
302	8210	975	0	0.11875761266747868	0.0	8210.0	0.0	0.0	0.0	0.0	C
303	8210	0	0	0.0	0.0	8210.0	0.0	0.0	0.0	0.0	T
304	8210	0	0	0.0	0.0	8210.0	1.0	0.0	0.0001218026796589525	0.0	G
305	8210	351	0	0.042752740560292324	0.0	8210.0	0.0	0.0	0.0	0.0	C
306	8210	0	0	0.0	0.0	8210.0	0.0	0.0	0.0	0.0	T
307	8210	0	0	0.0	0.0	8210.0	0.0	0.0	0.0	0.0	C
308	8210	115	0	0.014007308160779537	0.0	8210.0	0.0	0.0	0.0	0.0	G
309	8210	0	0	0.0	0.0	8210.0	0.0	0.0	0.0	0.0	T
310	8210	0	0	0.0	0.0	8210.0	0.0	0.0	0.0	0.0	C
311	8210	1	0	0.0001218026796589525	0.0	8210.0	0.0	0.0	0.0	0.0	T
312	8210	0	0	0.0	0.0	8210.0	1019.0	0.0	0.1241169305724726	0.0	T
313	8210	1	0	0.0001218026796589525	0.0	8210.0	0.0	0.0	0.0	0.0	C
314	8210	0	0	0.0	0.0	8210.0	0.0	0.0	0.0	0.0	T
315	8210	0	0	0.0	0.0	8210.0	0.0	0.0	0.0	0.0	C
316	8210	0	0	0.0	0.0	8210.0	0.0	0.0	0.0	0.0	C
317	8210	1191	0	0.1450669914738124	0.0	8210.0	0.0	0.0	0.0	0.0	A
318	8210	0	0	0.0	0.0	8210.0	0.0	0.0	0.0	0.0	A
319	8210	0	0	0.0	0.0	8210.0	0.0	0.0	0.0	0.0	T
320	8210	0	0	0.0	0.0	8210.0	0.0	0.0	0.0	0.0	A
321	8210	0	0	0.0	0.0	8210.0	0.0	0.0	0.0	0.0	A
322	8210	0	0	0.0	0.0	8210.0	0.0	0.0	0.0	0.0	A
323	8210	186	0	0.022655298416565165	0.0	8210.0	0.0	0.0	0.0	0.0	C
324	8210	0	0	0.0	0.0	8210.0	0.0	0.0	0.0	0.0	A
325	8210	0	0	0.0	0.0	8210.0	0.0	0.0	0.0	0.0	A
326	8210	36	0	0.00438489646772229	0.0	8210.0	0.0	0.0	0.0	0.0	C
327	8210	0	0	0.0	0.0	8210.0	0.0	0.0	0.0	0.0	G
328	8210	0	0	0.0	0.0	8210.0	0.0	0.0	0.0	0.0	T
329	8210	0	0	0.0	0.0	8210.0	0.0	0.0	0.0	0.0	T
330	8210	0	0	0.0	0.0	8210.0	0.0	0.0	0.0	0.0	A
331	8210	0	0	0.0	0.0	8210.0	0.0	0.0	0.0	0.0	C
332	8210	0	0	0.0	0.0	8210.0	0.0	0.0	0.0	0.0	T
333	8210	0	0	0.0	0.0	8210.0	0.0	0.0	0.0	0.0	G
334	8210	0	0	0.0	0.0	8210.0	0.0	0.0	0.0	0.0	G
335	8210	194	0	0.023629719853836783	0.0	8210.0	0.0	0.0	0.0	0.0	C
336	8210	0	0	0.0	0.0	8210.0	0.0	0.0	0.0	0.0	G
337	8210	0	0	0.0	0.0	8210.0	0.0	0.0	0.0	0.0	T
338	8210	0	0	0.0	0.0	8210.0	0.0	0.0	0.0	0.0	A
339	8210	1	0	0.0001218026796589525	0.0	8210.0	0.0	0.0	0.0	0.0	G
340	8210	0	0	0.0	0.0	8210.0	0.0	0.0	0.0	0.0	T
341	8210	1	0	0.0001218026796589525	0.0	8210.0	0.0	0.0	0.0	0.0	T
342	8210	0	0	0.0	0.0	8210.0	0.0	0.0	0.0	0.0	T
343	8210	0	0	0.0	0.0	8210.0	0.0	0.0	0.0	0.0	C
344	8210	186	0	0.022655298416565165	0.0	8210.0	0.0	0.0	0.0	0.0	A
345	8210	0	0	0.0	0.0	8210.0	0.0	0.0	0.0	0.0	T
346	8210	0	0	0.0	0.0	8210.0	0.0	0.0	0.0	0.0	C
347	8210	0	0	0.0	0.0	8210.0	0.0	0.0	0.0	0.0	T
348	8210	0	0	0.0	0.0	8210.0	2210.0	0.0	0.269183922046285	0.0	A
349	8210	0	0	0.0	0.0	8210.0	0.0	0.0	0.0	0.0	C
350	8210	0	0	0.0	0.0	8210.0	9.0	0.0	0.0010962241169305725	0.0	A
351	8210	0	0	0.0	0.0	8210.0	0.0	0.0	0.0	0.0	A
352	8210	0	0	0.0	0.0	8210.0	0.0	0.0	0.0	0.0	T
353	8210	0	0	0.0	0.0	8210.0	0.0	0.0	0.0	0.0	T
354	8210	1	0	0.0001218026796589525	0.0	8210.0	0.0	0.0	0.0	0.0	T
355	8210	0	0	0.0	0.0	8210.0	0.0	0.0	0.0	0.0	C
356	8210	0	0	0.0	0.0	8210.0	0.0	0.0	0.0	0.0	T
357	8210	0	0	0.0	0.0	8210.0	0.0	0.0	0.0	0.0	A
358	8210	0	0	0.0	0.0	8210.0	0.0	0.0	0.0	0.0	G
359	8210	0	0	0.0	0.0	8210.0	0.0	0.0	0.0	0.0	C
360	8210	0	0	0.0	0.0	8210.0	0.0	0.0	0.0	0.0	G
361	8210	0	0	0.0	0.0	8210.0	0.0	0.0	0.0	0.0	T
362	8210	1019	0	0.1241169305724726	0.0	8210.0	0.0	0.0	0.0	0.0	T
363	8210	0	0	0.0	0.0	8210.0	0.0	0.0	0.0	0.0	C
364	8210	0	0	0.0	0.0	8210.0	0.0	0.0	0.0	0.0	C
365	8210	0	0	0.0	0.0	8210.0	0.0	0.0	0.0	0.0	A
366	8210	0	0	0.0	0.0	8210.0	0.0	0.0	0.0	0.0	T
367	8210	0	0	0.0	0.0	8210.0	0.0	0.0	0.0	0.0	G
368	8210	0	0	0.0	0.0	8210.0	0.0	0.0	0.0	0.0	T
369	8210	0	0	0.0	0.0	8210.0	0.0	0.0	0.0	0.0	A
370	8210	0	0	0.0	0.0	8210.0	0.0	0.0	0.0	0.0	A
371	8210	0	0	0.0	0.0	8210.0	0.0	0.0	0.0	0.0	G
372	8210	0	0	0.0	0.0	8210.0	0.0	0.0	0.0	0.0	A
373	8210	0	0	0.0	0.0	8210.0	1.0	1.0	0.0001218026796589525	0.0001218026796589525	A
374	8210	0	0	0.0	0.0	8210.0	0.0	0.0	0.0	0.0	C
375	8210	0	0	0.0	0.0	8210.0	1.0	0.0	0.0001218026796589525	0.0	T
376	8210	0	0	0.0	0.0	8210.0	0.0	0.0	0.0	0.0	C
377	8210	0	0	0.0	0.0	8210.0	0.0	0.0	0.0	0.0	T
378	8210	0	0	0.0	0.0	8210.0	0.0	0.0	0.0	0.0	G
379	8210	0	0	0.0	0.0	8210.0	0.0	0.0	0.0	0.0	C
380	8210	0	0	0.0	0.0	8210.0	1.0	0.0	0.0001218026796589525	0.0	T
381	8210	0	0	0.0	0.0	8210.0	0.0	0.0	0.0	0.0	G
382	8210	0	0	0.0	0.0	8210.0	0.0	0.0	0.0	0.0	C
383	8210	0	0	0.0	0.0	8210.0	0.0	0.0	0.0	0.0	A
384	8210	0	0	0.0	0.0	8210.0	0.0	0.0	0.0	0.0	T
385	8210	0	0	0.0	0.0	8210.0	1.0	0.0	0.0001218026796589525	0.0	G
386	8210	0	0	0.0	0.0	8210.0	0.0	0.0	0.0	0.0	A
387	8210	0	0	0.0	0.0	8210.0	0.0	0.0	0.0	0.0	A
388	8210	0	0	0.0	0.0	8210.0	0.0	0.0	0.0	0.0	T
389	8210	0	0	0.0	0.0	8210.0	0.0	0.0	0.0	0.0	T
390	8210	0	0	0.0	0.0	8210.0	0.0	0.0	0.0	0.0	G
391	8210	0	0	0.0	0.0	8210.0	0.0	0.0	0.0	0.0	A
392	8210	0	0	0.0	0.0	8210.0	0.0	0.0	0.0	0.0	T
393	8210	0	0	0.0	0.0	8210.0	1281.0	0.0	0.15602923264311816	0.0	T
394	8210	0	0	0.0	0.0	8210.0	0.0	0.0	0.0	0.0	T
395	8210	0	0	0.0	0.0	8210.0	0.0	0.0	0.0	0.0	T
396	8210	0	0	0.0	0.0	8210.0	0.0	0.0	0.0	0.0	G
397	8210	0	0	0.0	0.0	8210.0	0.0	0.0	0.0	0.0	A
398	8210	2210	0	0.269183922046285	0.0	8210.0	0.0	0.0	0.0	0.0	G
399	8210	0	0	0.0	0.0	8210.0	0.0	0.0	0.0	0.0	C
400	8210	9	0	0.0010962241169305725	0.0	8210.0	0.0	0.0	0.0	0.0	G
401	8210	0	0	0.0	0.0	8210.0	0.0	0.0	0.0	0.0	A
402	8210	0	0	0.0	0.0	8210.0	0.0	0.0	0.0	0.0	A
403	8210	0	0	0.0	0.0	8210.0	0.0	0.0	0.0	0.0	G
404	8210	0	0	0.0	0.0	8210.0	0.0	0.0	0.0	0.0	C
405	8210	0	0	0.0	0.0	8210.0	0.0	0.0	0.0	0.0	C
406	8210	0	0	0.0	0.0	8210.0	0.0	0.0	0.0	0.0	A
407	8210	0	0	0.0	0.0	8210.0	0.0	0.0	0.0	0.0	A
408	8210	0	0	0.0	0.0	8210.0	0.0	0.0	0.0	0.0	C
409	8210	0	0	0.0	0.0	8210.0	2.0	0.0	0.000243605359317905	0.0	T
410	8210	0	0	0.0	0.0	8210.0	0.0	0.0	0.0	0.0	T
411	8210	0	0	0.0	0.0	8210.0	892.0	0.0	0.10864799025578563	0.0	T
412	8210	0	0	0.0	0.0	8210.0	0.0	0.0	0.0	0.0	G
413	8210	0	0	0.0	0.0	8210.0	1.0	0.0	0.0001218026796589525	0.0	C
414	8210	0	0	0.0	0.0	8210.0	0.0	0.0	0.0	0.0	T
415	8210	0	0	0.0	0.0	8210.0	0.0	0.0	0.0	0.0	C
416	8210	0	0	0.0	0.0	8210.0	0.0	0.0	0.0	0.0	T
417	8210	0	0	0.0	0.0	8210.0	0.0	0.0	0.0	0.0	T
418	8210	0	0	0.0	0.0	8210.0	0.0	0.0	0.0	0.0	C
419	8210	0	0	0.0	0.0	8210.0	0.0	0.0	0.0	0.0	C
420	8210	0	0	0.0	0.0	8210.0	0.0	0.0	0.0	0.0	C
421	8210	0	0	0.0	0.0	8210.0	0.0	0.0	0.0	0.0	A
422	8210	0	0	0.0	0.0	8210.0	0.0	0.0	0.0	0.0	A
423	8210	1	1	0.0001218026796589525	0.0001218026796589525	8210.0	0.0	0.0	0.0	0.0	T
424	8210	0	0	0.0	0.0	8210.0	0.0	0.0	0.0	0.0	A
425	8210	1	0	0.0001218026796589525	0.0	8210.0	0.0	0.0	0.0	0.0	G
426	8210	0	0	0.0	0.0	8210.0	0.0	0.0	0.0	0.0	C
427	8210	0	0	0.0	0.0	8210.0	0.0	0.0	0.0	0.0	A
428	8210	0	0	0.0	0.0	8210.0	0.0	0.0	0.0	0.0	C
429	8210	0	0	0.0	0.0	8210.0	0.0	0.0	0.0	0.0	A
430	8210	1	0	0.0001218026796589525	0.0	8210.0	0.0	0.0	0.0	0.0	T
431	8210	0	0	0.0	0.0	8210.0	0.0	0.0	0.0	0.0	T
432	8210	0	0	0.0	0.0	8210.0	0.0	0.0	0.0	0.0	G
433	8210	0	0	0.0	0.0	8210.0	0.0	0.0	0.0	0.0	C
434	8210	0	0	0.0	0.0	8210.0	2.0	0.0	0.000243605359317905	0.0	A
435	8210	1	0	0.0001218026796589525	0.0	8210.0	0.0	0.0	0.0	0.0	T
436	8210	0	0	0.0	0.0	8210.0	3.0	0.0	0.0003654080389768575	0.0	A
437	8210	0	0	0.0	0.0	8210.0	0.0	0.0	0.0	0.0	A
438	8210	0	0	0.0	0.0	8210.0	0.0	0.0	0.0	0.0	G
439	8210	0	0	0.0	0.0	8210.0	0.0	0.0	0.0	0.0	A
440	8210	0	0	0.0	0.0	8210.0	1.0	0.0	0.0001218026796589525	0.0	A
441	8210	0	0	0.0	0.0	8210.0	0.0	0.0	0.0	0.0	T
442	8210	0	0	0.0	0.0	8210.0	0.0	0.0	0.0	0.0	A
443	8210	1281	0	0.15602923264311816	0.0	8210.0	0.0	0.0	0.0	0.0	G
444	8210	0	0	0.0	0.0	8210.0	1.0	0.0	0.0001218026796589525	0.0	A
445	8210	0	0	0.0	0.0	8210.0	3.0	0.0	0.0003654080389768575	0.0	C
446	8210	0	0	0.0	0.0	8210.0	0.0	0.0	0.0	0.0	C
447	8210	0	0	0.0	0.0	8210.0	0.0	0.0	0.0	0.0	G
448	8210	0	0	0.0	0.0	8210.0	0.0	0.0	0.0	0.0	C
449	8210	0	0	0.0	0.0	8210.0	0.0	0.0	0.0	0.0	T
450	8210	0	0	0.0	0.0	8210.0	0.0	0.0	0.0	0.0	C
451	8210	0	0	0.0	0.0	8210.0	0.0	0.0	0.0	0.0	C
452	8210	0	0	0.0	0.0	8210.0	0.0	0.0	0.0	0.0	C
453	8210	0	0	0.0	0.0	8210.0	0.0	0.0	0.0	0.0	C
454	8210	0	0	0.0	0.0	8210.0	0.0	0.0	0.0	0.0	A
455	8210	0	0	0.0	0.0	8210.0	0.0	0.0	0.0	0.0	T
456	8210	0	0	0.0	0.0	8210.0	1.0	0.0	0.0001218026796589525	0.0	T
457	8210	0	0	0.0	0.0	8210.0	2.0	0.0	0.000243605359317905	0.0	G
458	8210	0	0	0.0	0.0	8210.0	0.0	0.0	0.0	0.0	G
459	8210	2	0	0.000243605359317905	0.0	8210.0	186.0	0.0	0.022655298416565165	0.0	T
460	8210	0	0	0.0	0.0	8210.0	0.0	0.0	0.0	0.0	T
461	8210	892	0	0.10864799025578563	0.0	8210.0	0.0	0.0	0.0	0.0	C
462	8210	0	0	0.0	0.0	8210.0	0.0	0.0	0.0	0.0	C
463	8210	1	0	0.0001218026796589525	0.0	8210.0	183.0	0.0	0.022289890377588308	0.0	C
464	8210	0	0	0.0	0.0	8210.0	0.0	0.0	0.0	0.0	T
465	8210	0	0	0.0	0.0	8210.0	0.0	0.0	0.0	0.0	G
466	8210	0	0	0.0	0.0	8210.0	0.0	0.0	0.0	0.0	C
467	8210	0	0	0.0	0.0	8210.0	0.0	0.0	0.0	0.0	G
468	8210	0	0	0.0	0.0	8210.0	1.0	0.0	0.0001218026796589525	0.0	C
469	8210	0	0	0.0	0.0	8210.0	0.0	0.0	0.0	0.0	C
470	8210	0	0	0.0	0.0	8210.0	0.0	0.0	0.0	0.0	A
471	8210	0	0	0.0	0.0	8210.0	1.0	0.0	0.0001218026796589525	0.0	A
472	8210	0	0	0.0	0.0	8210.0	0.0	0.0	0.0	0.0	T
473	8210	0	0	0.0	0.0	8210.0	0.0	0.0	0.0	0.0	A
474	8210	0	0	0.0	0.0	8210.0	0.0	0.0	0.0	0.0	A
475	8210	0	0	0.0	0.0	8210.0	182.0	0.0	0.022168087697929353	0.0	A
476	8210	0	0	0.0	0.0	8210.0	6.0	0.0	0.000730816077953715	0.0	A
477	8210	0	0	0.0	0.0	8210.0	0.0	0.0	0.0	0.0	T
478	8210	0	0	0.0	0.0	8210.0	0.0	0.0	0.0	0.0	A
479	8210	0	0	0.0	0.0	8210.0	0.0	0.0	0.0	0.0	G
480	8210	0	0	0.0	0.0	8210.0	2.0	0.0	0.000243605359317905	0.0	T
481	8210	0	0	0.0	0.0	8210.0	0.0	0.0	0.0	0.0	G
482	8210	0	0	0.0	0.0	8210.0	23.0	0.0	0.0028014616321559074	0.0	A
483	8210	0	0	0.0	0.0	8210.0	0.0	0.0	0.0	0.0	A
484	8210	2	0	0.000243605359317905	0.0	8210.0	0.0	0.0	0.0	0.0	T
485	8210	0	0	0.0	0.0	8210.0	0.0	0.0	0.0	0.0	G
486	8210	3	0	0.0003654080389768575	0.0	8210.0	0.0	0.0	0.0	0.0	C
487	8210	0	0	0.0	0.0	8210.0	0.0	0.0	0.0	0.0	T
488	8210	0	0	0.0	0.0	8210.0	0.0	0.0	0.0	0.0	A
489	8210	0	0	0.0	0.0	8210.0	0.0	0.0	0.0	0.0	T
490	8210	1	0	0.0001218026796589525	0.0	8210.0	0.0	0.0	0.0	0.0	C
491	8210	0	0	0.0	0.0	8210.0	0.0	0.0	0.0	0.0	A
492	8210	0	0	0.0	0.0	8210.0	203.0	0.0	0.024725943970767356	0.0	T
493	8210	0	0	0.0	0.0	8210.0	0.0	0.0	0.0	0.0	G
494	8210	1	0	0.0001218026796589525	0.0	8210.0	1.0	0.0	0.0001218026796589525	0.0	A
495	8210	3	0	0.0003654080389768575	0.0	8210.0	0.0	0.0	0.0	0.0	C
496	8210	0	0	0.0	0.0	8210.0	0.0	0.0	0.0	0.0	G
497	8210	0	0	0.0	0.0	8210.0	0.0	0.0	0.0	0.0	A
498	8210	0	0	0.0	0.0	8210.0	0.0	0.0	0.0	0.0	T
499	8210	0	0	0.0	0.0	8210.0	3.0	0.0	0.0003654080389768575	0.0	G
500	8210	0	0	0.0	0.0	8210.0	0.0	0.0	0.0	0.0	T
501	8210	0	0	0.0	0.0	8210.0	0.0	0.0	0.0	0.0	T
502	8210	0	0	0.0	0.0	8210.0	0.0	0.0	0.0	0.0	T
503	8210	0	0	0.0	0.0	8210.0	0.0	0.0	0.0	0.0	T
504	8210	0	0	0.0	0.0	8210.0	142.0	0.0	0.017295980511571253	0.0	T
505	8210	0	0	0.0	0.0	8210.0	0.0	0.0	0.0	0.0	C
506	8210	1	0	0.0001218026796589525	0.0	8210.0	0.0	0.0	0.0	0.0	C
507	8210	2	0	0.000243605359317905	0.0	8210.0	1.0	0.0	0.0001218026796589525	0.0	G
508	8210	0	0	0.0	0.0	8210.0	0.0	0.0	0.0	0.0	C
509	8210	186	0	0.022655298416565165	0.0	8210.0	0.0	0.0	0.0	0.0	A
510	8210	0	0	0.0	0.0	8210.0	0.0	0.0	0.0	0.0	A
511	8210	0	0	0.0	0.0	8210.0	0.0	0.0	0.0	0.0	A
512	8210	0	0	0.0	0.0	8210.0	0.0	0.0	0.0	0.0	A
513	8210	183	0	0.022289890377588308	0.0	8210.0	3.0	0.0	0.0003654080389768575	0.0	G
514	8210	0	0	0.0	0.0	8210.0	0.0	0.0	0.0	0.0	C
515	8210	0	0	0.0	0.0	8210.0	0.0	0.0	0.0	0.0	T
516	8210	0	0	0.0	0.0	8210.0	0.0	0.0	0.0	0.0	A
517	8210	0	0	0.0	0.0	8210.0	0.0	0.0	0.0	0.0	A
518	8210	1	0	0.0001218026796589525	0.0	8210.0	1.0	0.0	0.0001218026796589525	0.0	G
519	8210	0	0	0.0	0.0	8210.0	0.0	0.0	0.0	0.0	C
520	8210	0	0	0.0	0.0	8210.0	1.0	0.0	0.0001218026796589525	0.0	C
521	8210	1	0	0.0001218026796589525	0.0	8210.0	0.0	0.0	0.0	0.0	A
522	8210	0	0	0.0	0.0	8210.0	0.0	0.0	0.0	0.0	A
523	8210	0	0	0.0	0.0	8210.0	0.0	0.0	0.0	0.0	A
524	8210	0	0	0.0	0.0	8210.0	2.0	0.0	0.000243605359317905	0.0	C
525	8210	182	0	0.022168087697929353	0.0	8210.0	0.0	0.0	0.0	0.0	G
526	8210	6	0	0.000730816077953715	0.0	8210.0	0.0	0.0	0.0	0.0	C
527	8210	0	0	0.0	0.0	8210.0	0.0	0.0	0.0	0.0	A
528	8210	0	0	0.0	0.0	8210.0	0.0	0.0	0.0	0.0	T
529	8210	0	0	0.0	0.0	8210.0	0.0	0.0	0.0	0.0	C
530	8210	2	0	0.000243605359317905	0.0	8210.0	1.0	0.0	0.0001218026796589525	0.0	G
531	8210	0	0	0.0	0.0	8210.0	0.0	0.0	0.0	0.0	G
532	8210	23	0	0.0028014616321559074	0.0	8210.0	0.0	0.0	0.0	0.0	C
533	8210	0	0	0.0	0.0	8210.0	0.0	0.0	0.0	0.0	A
534	8210	0	0	0.0	0.0	8210.0	0.0	0.0	0.0	0.0	C
535	8210	0	0	0.0	0.0	8210.0	0.0	0.0	0.0	0.0	T
536	8210	0	0	0.0	0.0	8210.0	0.0	0.0	0.0	0.0	T
537	8210	0	0	0.0	0.0	8210.0	0.0	0.0	0.0	0.0	T
538	8210	0	0	0.0	0.0	8210.0	0.0	0.0	0.0	0.0	T
539	8210	0	0	0.0	0.0	8210.0	0.0	0.0	0.0	0.0	T
540	8210	0	0	0.0	0.0	8210.0	0.0	0.0	0.0	0.0	T
541	8210	0	0	0.0	0.0	8210.0	0.0	0.0	0.0	0.0	C
542	8210	203	0	0.024725943970767356	0.0	8210.0	0.0	0.0	0.0	0.0	G
543	8210	0	0	0.0	0.0	8210.0	0.0	0.0	0.0	0.0	G
544	8210	1	0	0.0001218026796589525	0.0	8210.0	0.0	0.0	0.0	0.0	C
545	8210	0	0	0.0	0.0	8210.0	0.0	0.0	0.0	0.0	T
546	8210	0	0	0.0	0.0	8210.0	0.0	0.0	0.0	0.0	T
547	8210	0	0	0.0	0.0	8210.0	0.0	0.0	0.0	0.0	C
548	8210	0	0	0.0	0.0	8210.0	0.0	0.0	0.0	0.0	A
549	8210	3	0	0.0003654080389768575	0.0	8210.0	0.0	0.0	0.0	0.0	G
550	8210	0	0	0.0	0.0	8210.0	0.0	0.0	0.0	0.0	C
551	8210	0	0	0.0	0.0	8210.0	0.0	0.0	0.0	0.0	T
552	8210	0	0	0.0	0.0	8210.0	0.0	0.0	0.0	0.0	A
553	8210	0	0	0.0	0.0	8210.0	39.0	0.0	0.004750304506699147	0.0	A
554	8210	142	0	0.017295980511571253	0.0	8210.0	0.0	0.0	0.0	0.0	A
555	8210	0	0	0.0	0.0	8210.0	0.0	0.0	0.0	0.0	C
556	8210	0	0	0.0	0.0	8210.0	0.0	0.0	0.0	0.0	C
557	8210	1	0	0.0001218026796589525	0.0	8210.0	0.0	0.0	0.0	0.0	T
558	8210	0	0	0.0	0.0	8210.0	0.0	0.0	0.0	0.0	G
559	8210	0	0	0.0	0.0	8210.0	0.0	0.0	0.0	0.0	T
560	8210	0	0	0.0	0.0	8210.0	0.0	0.0	0.0	0.0	A
561	8210	0	0	0.0	0.0	8210.0	0.0	0.0	0.0	0.0	G
562	8210	0	0	0.0	0.0	8210.0	0.0	0.0	0.0	0.0	G
563	8210	3	0	0.0003654080389768575	0.0	8210.0	0.0	0.0	0.0	0.0	C
564	8210	0	0	0.0	0.0	8210.0	188.0	0.0	0.022898903775883068	0.0	A
565	8210	0	0	0.0	0.0	8210.0	0.0	1.0	0.0	0.0001218026796589525	A
566	8210	0	0	0.0	0.0	8210.0	0.0	0.0	0.0	0.0	A
567	8210	0	0	0.0	0.0	8210.0	1.0	0.0	0.0001218026796589525	0.0	T
568	8210	1	0	0.0001218026796589525	0.0	8210.0	0.0	0.0	0.0	0.0	A
569	8210	0	0	0.0	0.0	8210.0	0.0	0.0	0.0	0.0	T
570	8210	1	0	0.0001218026796589525	0.0	8210.0	0.0	0.0	0.0	0.0	T
571	8210	0	0	0.0	0.0	8210.0	0.0	0.0	0.0	0.0	C
572	8210	0	0	0.0	0.0	8210.0	1.0	0.0	0.0001218026796589525	0.0	T
573	8210	0	0	0.0	0.0	8210.0	45.0	0.0	0.0054811205846528625	0.0	T
574	8210	2	0	0.000243605359317905	0.0	8210.0	1.0	0.0	0.0001218026796589525	0.0	C
575	8210	0	0	0.0	0.0	8210.0	0.0	0.0	0.0	0.0	C
576	8210	0	0	0.0	0.0	8210.0	0.0	0.0	0.0	0.0	A
577	8210	0	0	0.0	0.0	8210.0	0.0	0.0	0.0	0.0	A
578	8210	0	0	0.0	0.0	8210.0	1.0	0.0	0.0001218026796589525	0.0	T
579	8210	0	0	0.0	0.0	8210.0	0.0	0.0	0.0	0.0	T
580	8210	1	0	0.0001218026796589525	0.0	8210.0	0.0	0.0	0.0	0.0	C
581	8210	0	0	0.0	0.0	8210.0	0.0	0.0	0.0	0.0	T
582	8210	0	0	0.0	0.0	8210.0	0.0	0.0	0.0	0.0	T
583	8210	0	0	0.0	0.0	8210.0	0.0	0.0	0.0	0.0	G
584	8210	0	0	0.0	0.0	8210.0	0.0	0.0	0.0	0.0	G
585	8210	0	0	0.0	0.0	8210.0	3.0	0.0	0.0003654080389768575	0.0	T
586	8210	0	0	0.0	0.0	8210.0	0.0	0.0	0.0	0.0	A
587	8210	0	0	0.0	0.0	8210.0	1.0	0.0	0.0001218026796589525	0.0	A
588	8210	0	0	0.0	0.0	8210.0	1.0	0.0	0.0001218026796589525	0.0	T
589	8210	0	0	0.0	0.0	8210.0	1.0	0.0	0.0001218026796589525	0.0	A
590	8210	0	0	0.0	0.0	8210.0	0.0	0.0	0.0	0.0	A
591	8210	0	0	0.0	0.0	8210.0	0.0	0.0	0.0	0.0	T
592	8210	0	0	0.0	0.0	8210.0	0.0	0.0	0.0	0.0	T
593	8210	0	0	0.0	0.0	8210.0	0.0	0.0	0.0	0.0	T
594	8210	0	0	0.0	0.0	8210.0	0.0	0.0	0.0	0.0	T
595	8210	0	0	0.0	0.0	8210.0	0.0	0.0	0.0	0.0	C
596	8210	0	0	0.0	0.0	8210.0	0.0	0.0	0.0	0.0	G
597	8210	0	0	0.0	0.0	8210.0	0.0	0.0	0.0	0.0	T
598	8210	0	0	0.0	0.0	8210.0	0.0	0.0	0.0	0.0	A
599	8210	0	0	0.0	0.0	8210.0	0.0	0.0	0.0	0.0	A
600	8210	0	0	0.0	0.0	8210.0	0.0	0.0	0.0	0.0	T
601	8210	0	0	0.0	0.0	8210.0	0.0	0.0	0.0	0.0	C
602	8210	0	0	0.0	0.0	8210.0	0.0	0.0	0.0	0.0	T
603	8210	39	0	0.004750304506699147	0.0	8210.0	1.0	0.0	0.0001218026796589525	0.0	G
604	8210	0	0	0.0	0.0	8210.0	0.0	0.0	0.0	0.0	T
605	8210	0	0	0.0	0.0	8210.0	0.0	0.0	0.0	0.0	A
606	8210	0	0	0.0	0.0	8210.0	0.0	0.0	0.0	0.0	A
607	8210	0	0	0.0	0.0	8210.0	0.0	0.0	0.0	0.0	A
608	8210	0	0	0.0	0.0	8210.0	0.0	0.0	0.0	0.0	T
609	8210	0	0	0.0	0.0	8210.0	0.0	0.0	0.0	0.0	T
610	8210	0	0	0.0	0.0	8210.0	0.0	0.0	0.0	0.0	C
611	8210	0	0	0.0	0.0	8210.0	0.0	0.0	0.0	0.0	G
612	8210	0	0	0.0	0.0	8210.0	0.0	0.0	0.0	0.0	T
613	8210	0	0	0.0	0.0	8210.0	0.0	0.0	0.0	0.0	T
614	8210	188	0	0.022898903775883068	0.0	8210.0	0.0	0.0	0.0	0.0	G
615	8210	0	1	0.0	0.0001218026796589525	8210.0	0.0	0.0	0.0	0.0	T
616	8210	0	0	0.0	0.0	8210.0	0.0	0.0	0.0	0.0	T
617	8210	1	0	0.0001218026796589525	0.0	8210.0	0.0	0.0	0.0	0.0	T
618	8210	0	0	0.0	0.0	8210.0	0.0	0.0	0.0	0.0	T
619	8210	0	0	0.0	0.0	8210.0	3.0	0.0	0.0003654080389768575	0.0	T
620	8210	0	0	0.0	0.0	8210.0	0.0	0.0	0.0	0.0	T
621	8210	0	0	0.0	0.0	8210.0	1176.0	0.0	0.14323995127892813	0.0	T
622	8210	1	0	0.0001218026796589525	0.0	8210.0	0.0	0.0	0.0	0.0	G
623	8210	45	0	0.0054811205846528625	0.0	8210.0	0.0	0.0	0.0	0.0	C
624	8210	1	0	0.0001218026796589525	0.0	8210.0	0.0	0.0	0.0	0.0	A
625	8210	0	0	0.0	0.0	8210.0	0.0	0.0	0.0	0.0	T
626	8210	0	0	0.0	0.0	8210.0	0.0	0.0	0.0	0.0	T
627	8210	0	0	0.0	0.0	8210.0	0.0	0.0	0.0	0.0	A
628	8210	1	0	0.0001218026796589525	0.0	8210.0	0.0	0.0	0.0	0.0	A
629	8210	0	0	0.0	0.0	8210.0	0.0	0.0	0.0	0.0	A
630	8210	0	0	0.0	0.0	8210.0	0.0	0.0	0.0	0.0	C
631	8210	0	0	0.0	0.0	8210.0	2.0	0.0	0.000243605359317905	0.0	G
632	8210	0	0	0.0	0.0	8210.0	0.0	0.0	0.0	0.0	A
633	8210	0	0	0.0	0.0	8210.0	0.0	0.0	0.0	0.0	T
634	8210	0	0	0.0	0.0	8210.0	0.0	0.0	0.0	0.0	C
635	8210	3	0	0.0003654080389768575	0.0	8210.0	0.0	0.0	0.0	0.0	A
636	8210	0	0	0.0	0.0	8210.0	2.0	0.0	0.000243605359317905	0.0	G
637	8210	1	0	0.0001218026796589525	0.0	8210.0	0.0	0.0	0.0	0.0	C
638	8210	1	0	0.0001218026796589525	0.0	8210.0	1.0	0.0	0.0001218026796589525	0.0	T
639	8210	1	0	0.0001218026796589525	0.0	8210.0	0.0	0.0	0.0	0.0	A
640	8210	0	0	0.0	0.0	8210.0	0.0	0.0	0.0	0.0	C
641	8210	0	0	0.0	0.0	8210.0	0.0	0.0	0.0	0.0	C
642	8210	0	0	0.0	0.0	8210.0	0.0	0.0	0.0	0.0	A
643	8210	0	0	0.0	0.0	8210.0	0.0	0.0	0.0	0.0	T
644	8210	0	0	0.0	0.0	8210.0	1.0	0.0	0.0001218026796589525	0.0	A
645	8210	0	0	0.0	0.0	8210.0	0.0	0.0	0.0	0.0	A
646	8210	0	0	0.0	0.0	8210.0	0.0	0.0	0.0	0.0	A
647	8210	0	0	0.0	0.0	8210.0	0.0	0.0	0.0	0.0	G
648	8210	0	0	0.0	0.0	8210.0	0.0	0.0	0.0	0.0	A
649	8210	0	0	0.0	0.0	8210.0	0.0	0.0	0.0	0.0	A
650	8210	0	0	0.0	0.0	8210.0	0.0	0.0	0.0	0.0	C
651	8210	0	0	0.0	0.0	8210.0	0.0	0.0	0.0	0.0	T
652	8210	0	0	0.0	0.0	8210.0	0.0	0.0	0.0	0.0	T
653	8210	1	0	0.0001218026796589525	0.0	8210.0	0.0	0.0	0.0	0.0	G
654	8210	0	0	0.0	0.0	8210.0	0.0	0.0	0.0	0.0	A
655	8210	0	0	0.0	0.0	8210.0	0.0	0.0	0.0	0.0	T
656	8210	0	0	0.0	0.0	8210.0	3.0	0.0	0.0003654080389768575	0.0	T
657	8210	0	0	0.0	0.0	8210.0	0.0	0.0	0.0	0.0	T
658	8210	0	0	0.0	0.0	8210.0	0.0	0.0	0.0	0.0	G
659	8210	0	0	0.0	0.0	8210.0	0.0	0.0	0.0	0.0	C
660	8210	0	0	0.0	0.0	8210.0	0.0	0.0	0.0	0.0	T
661	8210	0	0	0.0	0.0	8210.0	0.0	0.0	0.0	0.0	C
662	8210	0	0	0.0	0.0	8210.0	1.0	0.0	0.0001218026796589525	0.0	A
663	8210	0	0	0.0	0.0	8210.0	0.0	0.0	0.0	0.0	G
664	8210	0	0	0.0	0.0	8210.0	0.0	0.0	0.0	0.0	T
665	8210	0	0	0.0	0.0	8210.0	0.0	0.0	0.0	0.0	T
666	8210	0	0	0.0	0.0	8210.0	2545.0	0.0	0.3099878197320341	0.0	C
667	8210	0	0	0.0	0.0	8210.0	0.0	0.0	0.0	0.0	C
668	8210	0	0	0.0	0.0	8210.0	0.0	0.0	0.0	0.0	T
669	8210	3	0	0.0003654080389768575	0.0	8210.0	0.0	0.0	0.0	0.0	G
670	8210	0	0	0.0	0.0	8210.0	0.0	0.0	0.0	0.0	G
671	8210	1176	0	0.14323995127892813	0.0	8210.0	0.0	0.0	0.0	0.0	A
672	8210	0	0	0.0	0.0	8210.0	0.0	0.0	0.0	0.0	G
673	8210	0	0	0.0	0.0	8210.0	2.0	0.0	0.000243605359317905	0.0	C
674	8210	0	0	0.0	0.0	8210.0	0.0	0.0	0.0	0.0	T
675	8210	0	0	0.0	0.0	8210.0	0.0	0.0	0.0	0.0	G
676	8210	0	0	0.0	0.0	8210.0	0.0	0.0	0.0	0.0	G
677	8210	0	0	0.0	0.0	8210.0	0.0	0.0	0.0	0.0	A
678	8210	0	0	0.0	0.0	8210.0	2641.0	0.0	0.32168087697929354	0.0	T
679	8210	0	0	0.0	0.0	8210.0	0.0	0.0	0.0	0.0	A
680	8210	0	0	0.0	0.0	8210.0	0.0	0.0	0.0	0.0	A
681	8210	2	0	0.000243605359317905	0.0	8210.0	0.0	0.0	0.0	0.0	G
682	8210	0	0	0.0	0.0	8210.0	0.0	0.0	0.0	0.0	T
683	8210	0	0	0.0	0.0	8210.0	0.0	0.0	0.0	0.0	C
684	8210	0	0	0.0	0.0	8210.0	0.0	0.0	0.0	0.0	A
685	8210	0	0	0.0	0.0	8210.0	0.0	0.0	0.0	0.0	C
686	8210	2	0	0.000243605359317905	0.0	8210.0	2.0	0.0	0.000243605359317905	0.0	C
687	8210	0	0	0.0	0.0	8210.0	0.0	0.0	0.0	0.0	A
688	8210	1	0	0.0001218026796589525	0.0	8210.0	0.0	0.0	0.0	0.0	C
689	8210	0	0	0.0	0.0	8210.0	0.0	0.0	0.0	0.0	A
690	8210	0	0	0.0	0.0	8210.0	0.0	0.0	0.0	0.0	T
691	8210	0	0	0.0	0.0	8210.0	0.0	0.0	0.0	0.0	A
692	8210	0	0	0.0	0.0	8210.0	2598.0	0.0	0.3164433617539586	0.0	A
693	8210	0	0	0.0	0.0	8210.0	1.0	0.0	0.0001218026796589525	0.0	T
694	8210	1	0	0.0001218026796589525	0.0	8210.0	0.0	0.0	0.0	0.0	C
695	8210	0	0	0.0	0.0	8210.0	0.0	0.0	0.0	0.0	A
696	8210	0	0	0.0	0.0	8210.0	256.0	0.0	0.03118148599269184	0.0	C
697	8210	0	0	0.0	0.0	8210.0	0.0	0.0	0.0	0.0	A
698	8210	0	0	0.0	0.0	8210.0	0.0	0.0	0.0	0.0	T
699	8210	0	0	0.0	0.0	8210.0	217.0	0.0	0.026431181485992692	0.0	A
700	8210	0	0	0.0	0.0	8210.0	0.0	0.0	0.0	0.0	A
701	8210	0	0	0.0	0.0	8210.0	0.0	0.0	0.0	0.0	A
702	8210	0	0	0.0	0.0	8210.0	12.0	0.0	0.00146163215590743	0.0	T
703	8210	0	0	0.0	0.0	8210.0	0.0	0.0	0.0	0.0	C
704	8210	0	0	0.0	0.0	8210.0	2.0	0.0	0.000243605359317905	0.0	T
705	8210	0	0	0.0	0.0	8210.0	1.0	0.0	0.0001218026796589525	0.0	G
706	8210	3	0	0.0003654080389768575	0.0	8210.0	0.0	0.0	0.0	0.0	C
707	8210	0	0	0.0	0.0	8210.0	0.0	0.0	0.0	0.0	T
708	8210	0	0	0.0	0.0	8210.0	0.0	0.0	0.0	0.0	A
709	8210	0	0	0.0	0.0	8210.0	0.0	0.0	0.0	0.0	A
710	8210	0	0	0.0	0.0	8210.0	0.0	0.0	0.0	0.0	A
711	8210	0	0	0.0	0.0	8210.0	18.0	0.0	0.002192448233861145	0.0	A
712	8210	1	0	0.0001218026796589525	0.0	8210.0	0.0	0.0	0.0	0.0	G
713	8210	0	0	0.0	0.0	8210.0	0.0	0.0	0.0	0.0	A
714	8210	0	0	0.0	0.0	8210.0	0.0	0.0	0.0	0.0	C
715	8210	0	0	0.0	0.0	8210.0	0.0	0.0	0.0	0.0	T
716	8210	2545	0	0.3099878197320341	0.0	8210.0	0.0	0.0	0.0	0.0	G
717	8210	0	0	0.0	0.0	8210.0	0.0	0.0	0.0	0.0	T
718	8210	0	0	0.0	0.0	8210.0	0.0	0.0	0.0	0.0	C
719	8210	0	0	0.0	0.0	8210.0	2.0	0.0	0.000243605359317905	0.0	T
720	8210	0	0	0.0	0.0	8210.0	0.0	0.0	0.0	0.0	T
721	8210	0	0	0.0	0.0	8210.0	0.0	0.0	0.0	0.0	T
722	8210	0	0	0.0	0.0	8210.0	5.0	0.0	0.0006090133982947625	0.0	T
723	8210	2	0	0.000243605359317905	0.0	8210.0	1.0	0.0	0.0001218026796589525	0.0	G
724	8210	0	0	0.0	0.0	8210.0	0.0	0.0	0.0	0.0	C
725	8210	0	0	0.0	0.0	8210.0	0.0	0.0	0.0	0.0	A
726	8210	0	0	0.0	0.0	8210.0	0.0	0.0	0.0	0.0	T
727	8210	0	0	0.0	0.0	8210.0	0.0	0.0	0.0	0.0	C
728	8210	2641	0	0.32168087697929354	0.0	8210.0	1.0	0.0	0.0001218026796589525	0.0	G
729	8210	0	0	0.0	0.0	8210.0	0.0	0.0	0.0	0.0	A
730	8210	0	0	0.0	0.0	8210.0	0.0	0.0	0.0	0.0	T
731	8210	0	0	0.0	0.0	8210.0	2.0	0.0	0.000243605359317905	0.0	A
732	8210	0	0	0.0	0.0	8210.0	1.0	0.0	0.0001218026796589525	0.0	A
733	8210	0	0	0.0	0.0	8210.0	0.0	0.0	0.0	0.0	A
734	8210	0	0	0.0	0.0	8210.0	0.0	0.0	0.0	0.0	A
735	8210	0	0	0.0	0.0	8210.0	133.0	0.0	0.01619975639464068	0.0	C
736	8210	2	0	0.000243605359317905	0.0	8210.0	0.0	0.0	0.0	0.0	C
737	8210	0	0	0.0	0.0	8210.0	0.0	0.0	0.0	0.0	A
738	8210	0	0	0.0	0.0	8210.0	0.0	0.0	0.0	0.0	A
739	8210	0	0	0.0	0.0	8210.0	0.0	0.0	0.0	0.0	A
740	8210	0	0	0.0	0.0	8210.0	1.0	0.0	0.0001218026796589525	0.0	T
741	8210	0	0	0.0	0.0	8210.0	1.0	0.0	0.0001218026796589525	0.0	A
742	8210	2598	0	0.3164433617539586	0.0	8210.0	0.0	0.0	0.0	0.0	A
743	8210	1	0	0.0001218026796589525	0.0	8210.0	0.0	0.0	0.0	0.0	C
744	8210	0	0	0.0	0.0	8210.0	0.0	0.0	0.0	0.0	G
745	8210	0	0	0.0	0.0	8210.0	0.0	0.0	0.0	0.0	T
746	8210	256	0	0.03118148599269184	0.0	8210.0	0.0	0.0	0.0	0.0	T
747	8210	0	0	0.0	0.0	8210.0	0.0	0.0	0.0	0.0	G
748	8210	0	0	0.0	0.0	8210.0	0.0	0.0	0.0	0.0	C
749	8210	217	0	0.026431181485992692	0.0	8210.0	0.0	0.0	0.0	0.0	G
750	8210	0	0	0.0	0.0	8210.0	0.0	0.0	0.0	0.0	C
751	8210	0	0	0.0	0.0	8210.0	0.0	0.0	0.0	0.0	C
752	8210	12	0	0.00146163215590743	0.0	8210.0	4.0	0.0	0.00048721071863581	0.0	G
753	8210	0	0	0.0	0.0	8210.0	0.0	0.0	0.0	0.0	A
754	8210	2	0	0.000243605359317905	0.0	8210.0	0.0	0.0	0.0	0.0	C
755	8210	1	0	0.0001218026796589525	0.0	8210.0	0.0	0.0	0.0	0.0	C
756	8210	0	0	0.0	0.0	8210.0	10.0	0.0	0.001218026796589525	0.0	T
757	8210	0	0	0.0	0.0	8210.0	0.0	0.0	0.0	0.0	T
758	8210	0	0	0.0	0.0	8210.0	0.0	0.0	0.0	0.0	T
759	8210	0	0	0.0	0.0	8210.0	0.0	0.0	0.0	0.0	T
760	8210	0	0	0.0	0.0	8210.0	0.0	0.0	0.0	0.0	T
761	8210	18	0	0.002192448233861145	0.0	8210.0	0.0	0.0	0.0	0.0	G
762	8210	0	0	0.0	0.0	8210.0	0.0	0.0	0.0	0.0	A
763	8210	0	0	0.0	0.0	8210.0	0.0	0.0	0.0	0.0	T
764	8210	0	0	0.0	0.0	8210.0	0.0	0.0	0.0	0.0	T
765	8210	0	0	0.0	0.0	8210.0	0.0	0.0	0.0	0.0	T
766	8210	0	0	0.0	0.0	8210.0	4.0	0.0	0.00048721071863581	0.0	C
767	8210	0	0	0.0	0.0	8210.0	0.0	0.0	0.0	0.0	T
768	8210	0	0	0.0	0.0	8210.0	0.0	0.0	0.0	0.0	T
769	8210	2	0	0.000243605359317905	0.0	8210.0	0.0	0.0	0.0	0.0	G
770	8210	0	0	0.0	0.0	8210.0	0.0	0.0	0.0	0.0	A
771	8210	0	0	0.0	0.0	8210.0	0.0	0.0	0.0	0.0	A
772	8210	5	0	0.0006090133982947625	0.0	8210.0	0.0	0.0	0.0	0.0	C
773	8210	1	0	0.0001218026796589525	0.0	8210.0	0.0	0.0	0.0	0.0	G
774	8210	0	0	0.0	0.0	8210.0	0.0	0.0	0.0	0.0	G
775	8210	0	0	0.0	0.0	8210.0	1.0	0.0	0.0001218026796589525	0.0	C
776	8210	0	0	0.0	0.0	8210.0	0.0	0.0	0.0	0.0	T
777	8210	0	0	0.0	0.0	8210.0	0.0	0.0	0.0	0.0	T
778	8210	1	0	0.0001218026796589525	0.0	8210.0	0.0	0.0	0.0	0.0	G
779	8210	0	0	0.0	0.0	8210.0	0.0	0.0	0.0	0.0	C
780	8210	0	0	0.0	0.0	8210.0	0.0	0.0	0.0	0.0	A
781	8210	2	0	0.000243605359317905	0.0	8210.0	0.0	0.0	0.0	0.0	C
782	8210	1	0	0.0001218026796589525	0.0	8210.0	0.0	0.0	0.0	0.0	C
783	8210	0	0	0.0	0.0	8210.0	0.0	0.0	0.0	0.0	A
784	8210	0	0	0.0	0.0	8210.0	0.0	0.0	0.0	0.0	C
785	8210	133	0	0.01619975639464068	0.0	8210.0	0.0	0.0	0.0	0.0	T
786	8210	0	0	0.0	0.0	8210.0	0.0	0.0	0.0	0.0	T
787	8210	0	0	0.0	0.0	8210.0	0.0	0.0	0.0	0.0	C
788	8210	0	0	0.0	0.0	8210.0	0.0	0.0	0.0	0.0	T
789	8210	0	0	0.0	0.0	8210.0	0.0	0.0	0.0	0.0	T
790	8210	1	0	0.0001218026796589525	0.0	8210.0	0.0	0.0	0.0	0.0	G
791	8210	1	0	0.0001218026796589525	0.0	8210.0	0.0	0.0	0.0	0.0	T
792	8210	0	0	0.0	0.0	8210.0	0.0	0.0	0.0	0.0	G
793	8210	0	0	0.0	0.0	8210.0	0.0	0.0	0.0	0.0	T
794	8210	0	0	0.0	0.0	8210.0	0.0	0.0	0.0	0.0	T
795	8210	0	0	0.0	0.0	8210.0	0.0	0.0	0.0	0.0	G
796	8210	0	0	0.0	0.0	8210.0	1.0	0.0	0.0001218026796589525	0.0	T
797	8210	0	0	0.0	0.0	8210.0	0.0	0.0	0.0	0.0	C
798	8210	0	0	0.0	0.0	8210.0	2.0	0.0	0.000243605359317905	0.0	C
799	8210	0	0	0.0	0.0	8210.0	0.0	0.0	0.0	0.0	C
800	8210	0	0	0.0	0.0	8210.0	0.0	0.0	0.0	0.0	A
801	8210	0	0	0.0	0.0	8210.0	0.0	0.0	0.0	0.0	G
802	8210	4	0	0.00048721071863581	0.0	8210.0	0.0	0.0	0.0	0.0	T
803	8210	0	0	0.0	0.0	8210.0	0.0	0.0	0.0	0.0	A
804	8210	0	0	0.0	0.0	8210.0	0.0	0.0	0.0	0.0	A
805	8210	0	0	0.0	0.0	8210.0	0.0	0.0	0.0	0.0	C
806	8210	10	0	0.001218026796589525	0.0	8210.0	0.0	0.0	0.0	0.0	G
807	8210	0	0	0.0	0.0	8210.0	0.0	0.0	0.0	0.0	G
808	8210	0	0	0.0	0.0	8210.0	0.0	0.0	0.0	0.0	A
809	8210	0	0	0.0	0.0	8210.0	0.0	0.0	0.0	0.0	A
810	8210	0	0	0.0	0.0	8210.0	0.0	0.0	0.0	0.0	G
811	8210	0	0	0.0	0.0	8210.0	0.0	0.0	0.0	0.0	A
812	8210	0	0	0.0	0.0	8210.0	16.0	0.0	0.00194884287454324	0.0	C
813	8210	0	0	0.0	0.0	8210.0	0.0	0.0	0.0	0.0	A
814	8210	0	0	0.0	0.0	8210.0	0.0	0.0	0.0	0.0	A
815	8210	0	0	0.0	0.0	8210.0	0.0	0.0	0.0	0.0	G
816	8210	4	0	0.00048721071863581	0.0	8210.0	0.0	0.0	0.0	0.0	A
817	8210	0	0	0.0	0.0	8210.0	0.0	0.0	0.0	0.0	T
818	8210	0	0	0.0	0.0	8210.0	2.0	0.0	0.000243605359317905	0.0	G
819	8210	0	0	0.0	0.0	8210.0	0.0	0.0	0.0	0.0	A
820	8210	0	0	0.0	0.0	8210.0	30.0	0.0	0.0036540803897685747	0.0	C
821	8210	0	0	0.0	0.0	8210.0	0.0	0.0	0.0	0.0	G
822	8210	0	0	0.0	0.0	8210.0	0.0	0.0	0.0	0.0	A
823	8210	0	0	0.0	0.0	8210.0	0.0	0.0	0.0	0.0	A
824	8210	0	0	0.0	0.0	8210.0	1.0	0.0	0.0001218026796589525	0.0	T
825	8210	1	0	0.0001218026796589525	0.0	8210.0	0.0	0.0	0.0	0.0	G
826	8210	0	0	0.0	0.0	8210.0	0.0	0.0	0.0	0.0	A
827	8210	0	0	0.0	0.0	8210.0	0.0	0.0	0.0	0.0	T
828	8210	0	0	0.0	0.0	8210.0	0.0	0.0	0.0	0.0	T
829	8210	0	0	0.0	0.0	8210.0	0.0	0.0	0.0	0.0	T
830	8210	0	0	0.0	0.0	8210.0	0.0	0.0	0.0	0.0	T
831	8210	0	0	0.0	0.0	8210.0	0.0	0.0	0.0	0.0	T
832	8210	0	0	0.0	0.0	8210.0	0.0	0.0	0.0	0.0	C
833	8210	0	0	0.0	0.0	8210.0	0.0	0.0	0.0	0.0	T
834	8210	0	0	0.0	0.0	8210.0	0.0	0.0	0.0	0.0	G
835	8210	0	0	0.0	0.0	8210.0	0.0	0.0	0.0	0.0	T
836	8210	0	0	0.0	0.0	8210.0	2.0	0.0	0.000243605359317905	0.0	T
837	8210	0	0	0.0	0.0	8210.0	0.0	0.0	0.0	0.0	A
838	8210	0	0	0.0	0.0	8210.0	0.0	0.0	0.0	0.0	A
839	8210	0	0	0.0	0.0	8210.0	0.0	0.0	0.0	0.0	A
840	8210	0	0	0.0	0.0	8210.0	0.0	0.0	0.0	0.0	C
841	8210	0	0	0.0	0.0	8210.0	1.0	0.0	0.0001218026796589525	0.0	G
842	8210	0	0	0.0	0.0	8210.0	0.0	0.0	0.0	0.0	T
843	8210	0	0	0.0	0.0	8210.0	0.0	0.0	0.0	0.0	T
844	8210	0	0	0.0	0.0	8210.0	0.0	0.0	0.0	0.0	T
845	8210	0	0	0.0	0.0	8210.0	0.0	0.0	0.0	0.0	A
846	8210	1	0	0.0001218026796589525	0.0	8210.0	0.0	0.0	0.0	0.0	T
847	8210	0	0	0.0	0.0	8210.0	0.0	0.0	0.0	0.0	T
848	8210	2	0	0.000243605359317905	0.0	8210.0	0.0	0.0	0.0	0.0	G
849	8210	0	0	0.0	0.0	8210.0	0.0	0.0	0.0	0.0	C
850	8210	0	0	0.0	0.0	8210.0	0.0	0.0	0.0	0.0	C
851	8210	0	0	0.0	0.0	8210.0	0.0	0.0	0.0	0.0	T
852	8210	0	0	0.0	0.0	8210.0	0.0	0.0	0.0	0.0	G
853	8210	0	0	0.0	0.0	8210.0	0.0	0.0	0.0	0.0	T
854	8210	0	0	0.0	0.0	8210.0	1.0	0.0	0.0001218026796589525	0.0	T
855	8210	0	0	0.0	0.0	8210.0	0.0	0.0	0.0	0.0	G
856	8210	0	0	0.0	0.0	8210.0	0.0	0.0	0.0	0.0	T
857	8210	0	0	0.0	0.0	8210.0	0.0	0.0	0.0	0.0	G
858	8210	0	0	0.0	0.0	8210.0	0.0	2.0	0.0	0.000243605359317905	T
859	8210	0	0	0.0	0.0	8210.0	3.0	0.0	0.0003654080389768575	0.0	A
860	8210	0	0	0.0	0.0	8210.0	0.0	0.0	0.0	0.0	A
861	8210	0	0	0.0	0.0	8210.0	0.0	0.0	0.0	0.0	T
862	8210	16	0	0.00194884287454324	0.0	8210.0	1.0	0.0	0.0001218026796589525	0.0	A
863	8210	0	0	0.0	0.0	8210.0	0.0	0.0	0.0	0.0	C
864	8210	0	0	0.0	0.0	8210.0	0.0	0.0	0.0	0.0	T
865	8210	0	0	0.0	0.0	8210.0	0.0	0.0	0.0	0.0	C
866	8210	0	0	0.0	0.0	8210.0	0.0	0.0	0.0	0.0	A
867	8210	0	0	0.0	0.0	8210.0	0.0	0.0	0.0	0.0	G
868	8210	2	0	0.000243605359317905	0.0	8210.0	0.0	0.0	0.0	0.0	C
869	8210	0	0	0.0	0.0	8210.0	0.0	0.0	0.0	0.0	A
870	8210	30	0	0.0036540803897685747	0.0	8210.0	0.0	0.0	0.0	0.0	G
871	8210	0	0	0.0	0.0	8210.0	1.0	0.0	0.0001218026796589525	0.0	C
872	8210	0	0	0.0	0.0	8210.0	1.0	0.0	0.0001218026796589525	0.0	A
873	8210	0	0	0.0	0.0	8210.0	0.0	0.0	0.0	0.0	T
874	8210	1	0	0.0001218026796589525	0.0	8210.0	0.0	0.0	0.0	0.0	G
875	8210	0	0	0.0	0.0	8210.0	0.0	0.0	0.0	0.0	T
876	8210	0	0	0.0	0.0	8210.0	0.0	0.0	0.0	0.0	T
877	8210	0	0	0.0	0.0	8210.0	0.0	0.0	0.0	0.0	G
878	8210	0	0	0.0	0.0	8210.0	0.0	0.0	0.0	0.0	A
879	8210	0	0	0.0	0.0	8210.0	0.0	0.0	0.0	0.0	A
880	8210	0	0	0.0	0.0	8210.0	0.0	0.0	0.0	0.0	C
881	8210	0	0	0.0	0.0	8210.0	0.0	0.0	0.0	0.0	A
882	8210	0	0	0.0	0.0	8210.0	0.0	0.0	0.0	0.0	T
883	8210	0	0	0.0	0.0	8210.0	0.0	0.0	0.0	0.0	A
884	8210	0	0	0.0	0.0	8210.0	0.0	0.0	0.0	0.0	G
885	8210	0	0	0.0	0.0	8210.0	0.0	0.0	0.0	0.0	A
886	8210	2	0	0.000243605359317905	0.0	8210.0	0.0	0.0	0.0	0.0	T
887	8210	0	0	0.0	0.0	8210.0	1.0	0.0	0.0001218026796589525	0.0	T
888	8210	0	0	0.0	0.0	8210.0	9.0	0.0	0.0010962241169305725	0.0	G
889	8210	0	0	0.0	0.0	8210.0	0.0	0.0	0.0	0.0	G
890	8210	0	0	0.0	0.0	8210.0	1.0	0.0	0.0001218026796589525	0.0	T
891	8210	1	0	0.0001218026796589525	0.0	8210.0	8.0	0.0	0.00097442143727162	0.0	A
892	8210	0	0	0.0	0.0	8210.0	0.0	0.0	0.0	0.0	A
893	8210	0	0	0.0	0.0	8210.0	0.0	0.0	0.0	0.0	A
894	8210	0	0	0.0	0.0	8210.0	0.0	0.0	0.0	0.0	T
895	8210	0	0	0.0	0.0	8210.0	0.0	0.0	0.0	0.0	T
896	8210	0	0	0.0	0.0	8210.0	0.0	0.0	0.0	0.0	A
897	8210	0	0	0.0	0.0	8210.0	1.0	0.0	0.0001218026796589525	0.0	C
898	8210	0	0	0.0	0.0	8210.0	0.0	0.0	0.0	0.0	T
899	8210	0	0	0.0	0.0	8210.0	0.0	0.0	0.0	0.0	T
900	8210	0	0	0.0	0.0	8210.0	0.0	0.0	0.0	0.0	T
901	8210	0	0	0.0	0.0	8210.0	0.0	0.0	0.0	0.0	T
902	8210	0	0	0.0	0.0	8210.0	30.0	0.0	0.0036540803897685747	0.0	T
903	8210	0	0	0.0	0.0	8210.0	0.0	0.0	0.0	0.0	C
904	8210	1	0	0.0001218026796589525	0.0	8210.0	0.0	0.0	0.0	0.0	C
905	8210	0	0	0.0	0.0	8210.0	0.0	0.0	0.0	0.0	A
906	8210	0	0	0.0	0.0	8210.0	0.0	0.0	0.0	0.0	T
907	8210	0	0	0.0	0.0	8210.0	0.0	0.0	0.0	0.0	T
908	8210	0	2	0.0	0.000243605359317905	8210.0	26.0	0.0	0.003166869671132765	0.0	C
909	8210	3	0	0.0003654080389768575	0.0	8210.0	0.0	0.0	0.0	0.0	G
910	8210	0	0	0.0	0.0	8210.0	0.0	0.0	0.0	0.0	C
911	8210	0	0	0.0	0.0	8210.0	0.0	0.0	0.0	0.0	A
912	8210	1	0	0.0001218026796589525	0.0	8210.0	0.0	0.0	0.0	0.0	T
913	8210	0	0	0.0	0.0	8210.0	0.0	0.0	0.0	0.0	A
914	8210	0	0	0.0	0.0	8210.0	0.0	0.0	0.0	0.0	A
915	8210	0	0	0.0	0.0	8210.0	2672.0	0.0	0.3254567600487211	0.0	G
916	8210	0	0	0.0	0.0	8210.0	0.0	0.0	0.0	0.0	T
917	8210	0	0	0.0	0.0	8210.0	1.0	0.0	0.0001218026796589525	0.0	A
918	8210	0	0	0.0	0.0	8210.0	0.0	0.0	0.0	0.0	A
919	8210	0	0	0.0	0.0	8210.0	0.0	0.0	0.0	0.0	C
920	8210	0	0	0.0	0.0	8210.0	8.0	0.0	0.00097442143727162	0.0	T
921	8210	1	0	0.0001218026796589525	0.0	8210.0	0.0	0.0	0.0	0.0	G
922	8210	1	0	0.0001218026796589525	0.0	8210.0	0.0	0.0	0.0	0.0	C
923	8210	0	0	0.0	0.0	8210.0	0.0	0.0	0.0	0.0	T
924	8210	0	0	0.0	0.0	8210.0	0.0	0.0	0.0	0.0	T
925	8210	0	0	0.0	0.0	8210.0	0.0	0.0	0.0	0.0	G
926	8210	0	0	0.0	0.0	8210.0	0.0	0.0	0.0	0.0	C
927	8210	0	0	0.0	0.0	8210.0	0.0	0.0	0.0	0.0	A
928	8210	0	0	0.0	0.0	8210.0	0.0	0.0	0.0	0.0	T
929	8210	0	0	0.0	0.0	8210.0	0.0	0.0	0.0	0.0	G
930	8210	0	0	0.0	0.0	8210.0	0.0	0.0	0.0	0.0	G
931	8210	0	0	0.0	0.0	8210.0	0.0	0.0	0.0	0.0	C
932	8210	0	0	0.0	0.0	8210.0	0.0	0.0	0.0	0.0	T
933	8210	0	0	0.0	0.0	8210.0	6.0	0.0	0.000730816077953715	0.0	G
934	8210	0	0	0.0	0.0	8210.0	8.0	0.0	0.00097442143727162	0.0	A
935	8210	0	0	0.0	0.0	8210.0	12.0	0.0	0.00146163215590743	0.0	A
936	8210	0	0	0.0	0.0	8210.0	0.0	0.0	0.0	0.0	G
937	8210	1	0	0.0001218026796589525	0.0	8210.0	0.0	0.0	0.0	0.0	C
938	8210	9	0	0.0010962241169305725	0.0	8210.0	0.0	0.0	0.0	0.0	A
939	8210	0	0	0.0	0.0	8210.0	0.0	0.0	0.0	0.0	T
940	8210	1	0	0.0001218026796589525	0.0	8210.0	0.0	0.0	0.0	0.0	A
941	8210	8	0	0.00097442143727162	0.0	8210.0	1.0	0.0	0.0001218026796589525	0.0	A
942	8210	0	0	0.0	0.0	8210.0	0.0	0.0	0.0	0.0	G
943	8210	0	0	0.0	0.0	8210.0	0.0	0.0	0.0	0.0	T
944	8210	0	0	0.0	0.0	8210.0	0.0	0.0	0.0	0.0	A
945	8210	0	0	0.0	0.0	8210.0	0.0	0.0	0.0	0.0	C
946	8210	0	0	0.0	0.0	8210.0	0.0	0.0	0.0	0.0	C
947	8210	1	0	0.0001218026796589525	0.0	8210.0	0.0	0.0	0.0	0.0	G
948	8210	0	0	0.0	0.0	8210.0	0.0	0.0	0.0	0.0	C
949	8210	0	0	0.0	0.0	8210.0	0.0	0.0	0.0	0.0	C
950	8210	0	0	0.0	0.0	8210.0	0.0	0.0	0.0	0.0	G
951	8210	0	0	0.0	0.0	8210.0	0.0	0.0	0.0	0.0	A
952	8210	30	0	0.0036540803897685747	0.0	8210.0	0.0	0.0	0.0	0.0	T
953	8210	0	0	0.0	0.0	8210.0	0.0	0.0	0.0	0.0	T
954	8210	0	0	0.0	0.0	8210.0	0.0	0.0	0.0	0.0	C
955	8210	0	0	0.0	0.0	8210.0	0.0	0.0	0.0	0.0	C
956	8210	0	0	0.0	0.0	8210.0	0.0	0.0	0.0	0.0	T
957	8210	0	0	0.0	0.0	8210.0	0.0	0.0	0.0	0.0	A
958	8210	26	0	0.003166869671132765	0.0	8210.0	0.0	0.0	0.0	0.0	A
959	8210	0	0	0.0	0.0	8210.0	0.0	0.0	0.0	0.0	A
960	8210	0	0	0.0	0.0	8210.0	1.0	0.0	0.0001218026796589525	0.0	T
961	8210	0	0	0.0	0.0	8210.0	0.0	0.0	0.0	0.0	A
962	8210	0	0	0.0	0.0	8210.0	1.0	0.0	0.0001218026796589525	0.0	A
963	8210	0	0	0.0	0.0	8210.0	0.0	0.0	0.0	0.0	T
964	8210	0	0	0.0	0.0	8210.0	0.0	0.0	0.0	0.0	A
965	8210	2672	0	0.3254567600487211	0.0	8210.0	0.0	0.0	0.0	0.0	A
966	8210	0	0	0.0	0.0	8210.0	0.0	0.0	0.0	0.0	A
967	8210	1	0	0.0001218026796589525	0.0	8210.0	0.0	0.0	0.0	0.0	C
968	8210	0	0	0.0	0.0	8210.0	1.0	0.0	0.0001218026796589525	0.0	C
969	8210	0	0	0.0	0.0	8210.0	0.0	0.0	0.0	0.0	G
970	8210	8	0	0.00097442143727162	0.0	8210.0	0.0	0.0	0.0	0.0	C
971	8210	0	0	0.0	0.0	8210.0	0.0	0.0	0.0	0.0	A
972	8210	0	0	0.0	0.0	8210.0	1.0	0.0	0.0001218026796589525	0.0	T
973	8210	0	0	0.0	0.0	8210.0	0.0	0.0	0.0	0.0	C
974	8210	0	0	0.0	0.0	8210.0	0.0	0.0	0.0	0.0	A
975	8210	0	0	0.0	0.0	8210.0	1.0	0.0	0.0001218026796589525	0.0	A
976	8210	0	0	0.0	0.0	8210.0	0.0	0.0	0.0	0.0	A
977	8210	0	0	0.0	0.0	8210.0	36.0	0.0	0.00438489646772229	0.0	T
978	8210	0	0	0.0	0.0	8210.0	0.0	0.0	0.0	0.0	C
979	8210	0	0	0.0	0.0	8210.0	0.0	0.0	0.0	0.0	C
980	8210	0	0	0.0	0.0	8210.0	0.0	0.0	0.0	0.0	T
981	8210	0	0	0.0	0.0	8210.0	0.0	0.0	0.0	0.0	T
982	8210	0	0	0.0	0.0	8210.0	0.0	0.0	0.0	0.0	T
983	8210	6	0	0.000730816077953715	0.0	8210.0	2.0	0.0	0.000243605359317905	0.0	C
984	8210	8	0	0.00097442143727162	0.0	8210.0	0.0	0.0	0.0	0.0	G
985	8210	12	0	0.00146163215590743	0.0	8210.0	0.0	0.0	0.0	0.0	T
986	8210	0	0	0.0	0.0	8210.0	0.0	0.0	0.0	0.0	C
987	8210	0	0	0.0	0.0	8210.0	0.0	0.0	0.0	0.0	C
988	8210	0	0	0.0	0.0	8210.0	0.0	0.0	0.0	0.0	A
989	8210	0	0	0.0	0.0	8210.0	1.0	0.0	0.0001218026796589525	0.0	A
990	8210	0	0	0.0	0.0	8210.0	0.0	0.0	0.0	0.0	A
991	8210	1	0	0.0001218026796589525	0.0	8210.0	0.0	0.0	0.0	0.0	C
992	8210	0	0	0.0	0.0	8210.0	0.0	0.0	0.0	0.0	T
993	8210	0	0	0.0	0.0	8210.0	11.0	0.0	0.0013398294762484776	0.0	T
994	8210	0	0	0.0	0.0	8210.0	0.0	0.0	0.0	0.0	G
995	8210	0	0	0.0	0.0	8210.0	0.0	0.0	0.0	0.0	A
996	8210	0	0	0.0	0.0	8210.0	0.0	0.0	0.0	0.0	T
997	8210	0	0	0.0	0.0	8210.0	0.0	0.0	0.0	0.0	C
998	8210	0	0	0.0	0.0	8210.0	0.0	0.0	0.0	0.0	A
999	8210	0	0	0.0	0.0	8210.0	0.0	0.0	0.0	0.0	A
1000	8210	0	0	0.0	0.0	8210.0	0.0	0.0	0.0	0.0	C
1001	8210	0	0	0.0	0.0	8210.0	0.0	0.0	0.0	0.0	A
1002	8210	0	0	0.0	0.0	8210.0	1.0	0.0	0.0001218026796589525	0.0	A
1003	8210	0	0	0.0	0.0	8210.0	0.0	0.0	0.0	0.0	C
1004	8210	0	0	0.0	0.0	8210.0	0.0	0.0	0.0	0.0	T
1005	8210	0	0	0.0	0.0	8210.0	0.0	0.0	0.0	0.0	T
1006	8210	0	0	0.0	0.0	8210.0	0.0	0.0	0.0	0.0	T
1007	8210	0	0	0.0	0.0	8210.0	0.0	0.0	0.0	0.0	T
1008	8210	0	0	0.0	0.0	8210.0	0.0	0.0	0.0	0.0	T
1009	8210	0	0	0.0	0.0	8210.0	0.0	0.0	0.0	0.0	C
1010	8210	1	0	0.0001218026796589525	0.0	8210.0	0.0	0.0	0.0	0.0	A
1011	8210	0	0	0.0	0.0	8210.0	0.0	0.0	0.0	0.0	A
1012	8210	1	0	0.0001218026796589525	0.0	8210.0	0.0	0.0	0.0	0.0	C
1013	8210	0	0	0.0	0.0	8210.0	0.0	0.0	0.0	0.0	A
1014	8210	0	0	0.0	0.0	8210.0	24.0	0.0	0.00292326431181486	0.0	T
1015	8210	0	0	0.0	0.0	8210.0	0.0	0.0	0.0	0.0	C
1016	8210	0	0	0.0	0.0	8210.0	0.0	0.0	0.0	0.0	T
1017	8210	0	0	0.0	0.0	8210.0	0.0	0.0	0.0	0.0	G
1018	8210	1	0	0.0001218026796589525	0.0	8210.0	0.0	0.0	0.0	0.0	A
1019	8210	0	0	0.0	0.0	8210.0	0.0	0.0	0.0	0.0	A
1020	8210	0	0	0.0	0.0	8210.0	0.0	0.0	0.0	0.0	C
1021	8210	0	0	0.0	0.0	8210.0	0.0	0.0	0.0	0.0	G
1022	8210	1	0	0.0001218026796589525	0.0	8210.0	1.0	0.0	0.0001218026796589525	0.0	C
1023	8210	0	0	0.0	0.0	8210.0	0.0	0.0	0.0	0.0	A
1024	8210	0	0	0.0	0.0	8210.0	0.0	0.0	0.0	0.0	A
1025	8210	1	0	0.0001218026796589525	0.0	8210.0	0.0	0.0	0.0	0.0	G
1026	8210	0	0	0.0	0.0	8210.0	0.0	0.0	0.0	0.0	G
1027	8210	36	0	0.00438489646772229	0.0	8210.0	0.0	0.0	0.0	0.0	C
1028	8210	0	0	0.0	0.0	8210.0	0.0	0.0	0.0	0.0	T
1029	8210	0	0	0.0	0.0	8210.0	2.0	0.0	0.000243605359317905	0.0	A
1030	8210	0	0	0.0	0.0	8210.0	695.0	0.0	0.08465286236297198	0.0	A
1031	8210	0	0	0.0	0.0	8210.0	0.0	0.0	0.0	0.0	G
1032	8210	0	0	0.0	0.0	8210.0	1.0	0.0	0.0001218026796589525	0.0	G
1033	8210	2	0	0.000243605359317905	0.0	8210.0	0.0	0.0	0.0	0.0	C
1034	8210	0	0	0.0	0.0	8210.0	0.0	0.0	0.0	0.0	A
1035	8210	0	0	0.0	0.0	8210.0	0.0	0.0	0.0	0.0	C
1036	8210	0	0	0.0	0.0	8210.0	123.0	0.0	0.014981729598051156	0.0	C
1037	8210	0	0	0.0	0.0	8210.0	0.0	0.0	0.0	0.0	T
1038	8210	0	0	0.0	0.0	8210.0	0.0	1.0	0.0	0.0001218026796589525	C
1039	8210	1	0	0.0001218026796589525	0.0	8210.0	1.0	0.0	0.0001218026796589525	0.0	G
1040	8210	0	0	0.0	0.0	8210.0	0.0	0.0	0.0	0.0	T
1041	8210	0	0	0.0	0.0	8210.0	0.0	0.0	0.0	0.0	A
1042	8210	0	0	0.0	0.0	8210.0	0.0	0.0	0.0	0.0	T
1043	8210	11	0	0.0013398294762484776	0.0	8210.0	0.0	0.0	0.0	0.0	G
1044	8210	0	0	0.0	0.0	8210.0	0.0	0.0	0.0	0.0	T
1045	8210	0	0	0.0	0.0	8210.0	0.0	0.0	0.0	0.0	C
1046	8210	0	0	0.0	0.0	8210.0	0.0	0.0	0.0	0.0	T
1047	8210	0	0	0.0	0.0	8210.0	0.0	0.0	0.0	0.0	T
1048	8210	0	0	0.0	0.0	8210.0	0.0	0.0	0.0	0.0	T
1049	8210	0	0	0.0	0.0	8210.0	1.0	0.0	0.0001218026796589525	0.0	G
1050	8210	0	0	0.0	0.0	8210.0	36.0	0.0	0.00438489646772229	0.0	A
1051	8210	0	0	0.0	0.0	8210.0	8.0	0.0	0.00097442143727162	0.0	T
1052	8210	1	0	0.0001218026796589525	0.0	8210.0	0.0	0.0	0.0	0.0	T
1053	8210	0	0	0.0	0.0	8210.0	0.0	0.0	0.0	0.0	T
1054	8210	0	0	0.0	0.0	8210.0	0.0	0.0	0.0	0.0	G
1055	8210	0	0	0.0	0.0	8210.0	0.0	0.0	0.0	0.0	T
1056	8210	0	0	0.0	0.0	8210.0	0.0	0.0	0.0	0.0	T
1057	8210	0	0	0.0	0.0	8210.0	0.0	0.0	0.0	0.0	G
1058	8210	0	0	0.0	0.0	8210.0	0.0	0.0	0.0	0.0	T
1059	8210	0	0	0.0	0.0	8210.0	0.0	0.0	0.0	0.0	T
1060	8210	0	0	0.0	0.0	8210.0	1.0	0.0	0.0001218026796589525	0.0	C
1061	8210	0	0	0.0	0.0	8210.0	0.0	0.0	0.0	0.0	T
1062	8210	0	0	0.0	0.0	8210.0	0.0	0.0	0.0	0.0	T
1063	8210	0	0	0.0	0.0	8210.0	0.0	0.0	0.0	0.0	C
1064	8210	24	0	0.00292326431181486	0.0	8210.0	0.0	0.0	0.0	0.0	A
1065	8210	0	0	0.0	0.0	8210.0	0.0	0.0	0.0	0.0	T
1066	8210	0	0	0.0	0.0	8210.0	0.0	0.0	0.0	0.0	T
1067	8210	0	0	0.0	0.0	8210.0	0.0	0.0	0.0	0.0	A
1068	8210	0	0	0.0	0.0	8210.0	0.0	0.0	0.0	0.0	A
1069	8210	0	0	0.0	0.0	8210.0	0.0	0.0	0.0	0.0	A
1070	8210	0	0	0.0	0.0	8210.0	0.0	0.0	0.0	0.0	T
1071	8210	0	0	0.0	0.0	8210.0	0.0	0.0	0.0	0.0	T
1072	8210	1	0	0.0001218026796589525	0.0	8210.0	257.0	0.0	0.03130328867235079	0.0	T
1073	8210	0	0	0.0	0.0	8210.0	0.0	0.0	0.0	0.0	T
1074	8210	0	0	0.0	0.0	8210.0	0.0	0.0	0.0	0.0	A
1075	8210	0	0	0.0	0.0	8210.0	1.0	0.0	0.0001218026796589525	0.0	A
1076	8210	0	0	0.0	0.0	8210.0	0.0	0.0	0.0	0.0	C
1077	8210	0	0	0.0	0.0	8210.0	0.0	0.0	0.0	0.0	A
1078	8210	0	0	0.0	0.0	8210.0	0.0	0.0	0.0	0.0	T
1079	8210	2	0	0.000243605359317905	0.0	8210.0	0.0	0.0	0.0	0.0	G
1080	8210	695	0	0.08465286236297198	0.0	8210.0	0.0	0.0	0.0	0.0	G
1081	8210	0	0	0.0	0.0	8210.0	0.0	0.0	0.0	0.0	C
1082	8210	1	0	0.0001218026796589525	0.0	8210.0	0.0	0.0	0.0	0.0	T
1083	8210	0	0	0.0	0.0	8210.0	0.0	0.0	0.0	0.0	G
1084	8210	0	0	0.0	0.0	8210.0	8.0	0.0	0.00097442143727162	0.0	A
1085	8210	0	0	0.0	0.0	8210.0	26.0	0.0	0.003166869671132765	0.0	T
1086	8210	123	0	0.014981729598051156	0.0	8210.0	1.0	0.0	0.0001218026796589525	0.0	T
1087	8210	0	0	0.0	0.0	8210.0	0.0	0.0	0.0	0.0	T
1088	8210	0	1	0.0	0.0001218026796589525	8210.0	0.0	0.0	0.0	0.0	C
1089	8210	1	0	0.0001218026796589525	0.0	8210.0	0.0	0.0	0.0	0.0	C
1090	8210	0	0	0.0	0.0	8210.0	0.0	0.0	0.0	0.0	C
1091	8210	0	0	0.0	0.0	8210.0	0.0	0.0	0.0	0.0	T
1092	8210	0	0	0.0	0.0	8210.0	1.0	0.0	0.0001218026796589525	0.0	C
1093	8210	0	0	0.0	0.0	8210.0	0.0	0.0	0.0	0.0	T
1094	8210	0	0	0.0	0.0	8210.0	0.0	0.0	0.0	0.0	T
1095	8210	0	0	0.0	0.0	8210.0	0.0	0.0	0.0	0.0	T
1096	8210	0	0	0.0	0.0	8210.0	2.0	0.0	0.000243605359317905	0.0	C
1097	8210	0	0	0.0	0.0	8210.0	1.0	0.0	0.0001218026796589525	0.0	T
1098	8210	0	0	0.0	0.0	8210.0	0.0	0.0	0.0	0.0	T
1099	8210	1	0	0.0001218026796589525	0.0	8210.0	0.0	0.0	0.0	0.0	T
1100	8210	36	0	0.00438489646772229	0.0	8210.0	0.0	0.0	0.0	0.0	G
1101	8210	8	0	0.00097442143727162	0.0	8210.0	1.0	0.0	0.0001218026796589525	0.0	C
1102	8210	0	0	0.0	0.0	8210.0	0.0	0.0	0.0	0.0	T
1103	8210	0	0	0.0	0.0	8210.0	0.0	0.0	0.0	0.0	A
1104	8210	0	0	0.0	0.0	8210.0	0.0	0.0	0.0	0.0	T
1105	8210	0	0	0.0	0.0	8210.0	0.0	0.0	0.0	0.0	T
1106	8210	0	0	0.0	0.0	8210.0	0.0	0.0	0.0	0.0	T
1107	8210	0	0	0.0	0.0	8210.0	0.0	0.0	0.0	0.0	T
1108	8210	0	0	0.0	0.0	8210.0	0.0	0.0	0.0	0.0	A
1109	8210	0	0	0.0	0.0	8210.0	0.0	0.0	0.0	0.0	C
1110	8210	1	0	0.0001218026796589525	0.0	8210.0	18.0	0.0	0.002192448233861145	0.0	T
1111	8210	0	0	0.0	0.0	8210.0	1.0	0.0	0.0001218026796589525	0.0	T
1112	8210	0	0	0.0	0.0	8210.0	0.0	0.0	0.0	0.0	T
1113	8210	0	0	0.0	0.0	8210.0	0.0	0.0	0.0	0.0	T
1114	8210	0	0	0.0	0.0	8210.0	0.0	0.0	0.0	0.0	T
1115	8210	0	0	0.0	0.0	8210.0	0.0	0.0	0.0	0.0	A
1116	8210	0	0	0.0	0.0	8210.0	0.0	0.0	0.0	0.0	G
1117	8210	0	0	0.0	0.0	8210.0	0.0	0.0	0.0	0.0	G
1118	8210	0	0	0.0	0.0	8210.0	0.0	1.0	0.0	0.0001218026796589525	A
1119	8210	0	0	0.0	0.0	8210.0	0.0	0.0	0.0	0.0	C
1120	8210	0	0	0.0	0.0	8210.0	1.0	0.0	0.0001218026796589525	0.0	A
1121	8210	0	0	0.0	0.0	8210.0	0.0	0.0	0.0	0.0	C
1122	8210	257	0	0.03130328867235079	0.0	8210.0	1.0	0.0	0.0001218026796589525	0.0	A
1123	8210	0	0	0.0	0.0	8210.0	0.0	0.0	0.0	0.0	A
1124	8210	0	0	0.0	0.0	8210.0	0.0	0.0	0.0	0.0	T
1125	8210	1	0	0.0001218026796589525	0.0	8210.0	0.0	0.0	0.0	0.0	C
1126	8210	0	0	0.0	0.0	8210.0	9.0	0.0	0.0010962241169305725	0.0	A
1127	8210	0	0	0.0	0.0	8210.0	0.0	0.0	0.0	0.0	A
1128	8210	0	0	0.0	0.0	8210.0	0.0	0.0	0.0	0.0	A
1129	8210	0	0	0.0	0.0	8210.0	0.0	0.0	0.0	0.0	A
1130	8210	0	0	0.0	0.0	8210.0	0.0	0.0	0.0	0.0	T
1131	8210	0	0	0.0	0.0	8210.0	0.0	0.0	0.0	0.0	C
1132	8210	0	0	0.0	0.0	8210.0	992.0	0.0	0.12082825822168088	0.0	A
1133	8210	0	0	0.0	0.0	8210.0	67.0	0.0	0.008160779537149818	0.0	T
1134	8210	8	0	0.00097442143727162	0.0	8210.0	1.0	0.0	0.0001218026796589525	0.0	C
1135	8210	26	0	0.003166869671132765	0.0	8210.0	0.0	0.0	0.0	0.0	A
1136	8210	1	0	0.0001218026796589525	0.0	8210.0	6.0	0.0	0.000730816077953715	0.0	A
1137	8210	0	0	0.0	0.0	8210.0	1.0	0.0	0.0001218026796589525	0.0	A
1138	8210	0	0	0.0	0.0	8210.0	0.0	0.0	0.0	0.0	A
1139	8210	0	0	0.0	0.0	8210.0	3529.0	0.0	0.42984165651644335	0.0	A
1140	8210	0	0	0.0	0.0	8210.0	0.0	0.0	0.0	0.0	T
1141	8210	0	0	0.0	0.0	8210.0	0.0	0.0	0.0	0.0	C
1142	8210	1	0	0.0001218026796589525	0.0	8210.0	0.0	0.0	0.0	0.0	C
1143	8210	0	0	0.0	0.0	8210.0	0.0	0.0	0.0	0.0	G
1144	8210	0	0	0.0	0.0	8210.0	0.0	0.0	0.0	0.0	T
1145	8210	0	0	0.0	0.0	8210.0	0.0	0.0	0.0	0.0	T
1146	8210	2	0	0.000243605359317905	0.0	8210.0	0.0	0.0	0.0	0.0	G
1147	8210	1	0	0.0001218026796589525	0.0	8210.0	0.0	0.0	0.0	0.0	A
1148	8210	0	0	0.0	0.0	8210.0	0.0	0.0	0.0	0.0	G
1149	8210	0	0	0.0	0.0	8210.0	0.0	0.0	0.0	0.0	A
1150	8210	0	0	0.0	0.0	8210.0	0.0	0.0	0.0	0.0	T
1151	8210	1	0	0.0001218026796589525	0.0	8210.0	0.0	0.0	0.0	0.0	A
1152	8210	0	0	0.0	0.0	8210.0	0.0	0.0	0.0	0.0	A
1153	8210	0	0	0.0	0.0	8210.0	0.0	0.0	0.0	0.0	A
1154	8210	0	0	0.0	0.0	8210.0	1.0	0.0	0.0001218026796589525	0.0	T
1155	8210	0	0	0.0	0.0	8210.0	0.0	0.0	0.0	0.0	C
1156	8210	0	0	0.0	0.0	8210.0	0.0	0.0	0.0	0.0	A
1157	8210	0	0	0.0	0.0	8210.0	0.0	0.0	0.0	0.0	A
1158	8210	0	0	0.0	0.0	8210.0	0.0	0.0	0.0	0.0	T
1159	8210	0	0	0.0	0.0	8210.0	0.0	0.0	0.0	0.0	T
1160	8210	18	0	0.002192448233861145	0.0	8210.0	5052.0	0.0	0.615347137637028	0.0	C
1161	8210	1	0	0.0001218026796589525	0.0	8210.0	0.0	0.0	0.0	0.0	C
1162	8210	0	0	0.0	0.0	8210.0	0.0	0.0	0.0	0.0	T
1163	8210	0	0	0.0	0.0	8210.0	0.0	0.0	0.0	0.0	T
1164	8210	0	0	0.0	0.0	8210.0	0.0	1.0	0.0	0.0001218026796589525	T
1165	8210	0	0	0.0	0.0	8210.0	0.0	0.0	0.0	0.0	A
1166	8210	0	0	0.0	0.0	8210.0	99.0	2.0	0.012058465286236298	0.000243605359317905	C
1167	8210	0	0	0.0	0.0	8210.0	0.0	0.0	0.0	0.0	T
1168	8210	0	1	0.0	0.0001218026796589525	8210.0	0.0	0.0	0.0	0.0	T
1169	8210	0	0	0.0	0.0	8210.0	0.0	0.0	0.0	0.0	G
1170	8210	1	0	0.0001218026796589525	0.0	8210.0	0.0	0.0	0.0	0.0	T
1171	8210	0	0	0.0	0.0	8210.0	0.0	0.0	0.0	0.0	A
1172	8210	1	0	0.0001218026796589525	0.0	8210.0	0.0	0.0	0.0	0.0	G
1173	8210	0	0	0.0	0.0	8210.0	0.0	0.0	0.0	0.0	C
1174	8210	0	0	0.0	0.0	8210.0	0.0	0.0	0.0	0.0	T
1175	8210	0	0	0.0	0.0	8210.0	0.0	0.0	0.0	0.0	A
1176	8210	9	0	0.0010962241169305725	0.0	8210.0	0.0	0.0	0.0	0.0	C
1177	8210	0	0	0.0	0.0	8210.0	0.0	0.0	0.0	0.0	T
1178	8210	0	0	0.0	0.0	8210.0	0.0	0.0	0.0	0.0	T
1179	8210	0	0	0.0	0.0	8210.0	0.0	0.0	0.0	0.0	G
1180	8210	0	0	0.0	0.0	8210.0	0.0	0.0	0.0	0.0	A
1181	8210	0	0	0.0	0.0	8210.0	0.0	0.0	0.0	0.0	T
1182	8210	992	0	0.12082825822168088	0.0	8210.0	0.0	0.0	0.0	0.0	A
1183	8210	67	0	0.008160779537149818	0.0	8210.0	0.0	0.0	0.0	0.0	C
1184	8210	1	0	0.0001218026796589525	0.0	8210.0	0.0	0.0	0.0	0.0	G
1185	8210	0	0	0.0	0.0	8210.0	0.0	0.0	0.0	0.0	C
1186	8210	6	0	0.000730816077953715	0.0	8210.0	13.0	0.0	0.0015834348355663825	0.0	C
1187	8210	1	0	0.0001218026796589525	0.0	8210.0	1.0	0.0	0.0001218026796589525	0.0	A
1188	8210	0	0	0.0	0.0	8210.0	0.0	0.0	0.0	0.0	A
1189	8210	3529	0	0.42984165651644335	0.0	8210.0	0.0	0.0	0.0	0.0	A
1190	8210	0	0	0.0	0.0	8210.0	0.0	0.0	0.0	0.0	T
1191	8210	0	0	0.0	0.0	8210.0	6.0	0.0	0.000730816077953715	0.0	A
1192	8210	0	0	0.0	0.0	8210.0	0.0	0.0	0.0	0.0	T
1193	8210	0	0	0.0	0.0	8210.0	0.0	0.0	0.0	0.0	T
1194	8210	0	0	0.0	0.0	8210.0	0.0	0.0	0.0	0.0	G
1195	8210	0	0	0.0	0.0	8210.0	0.0	0.0	0.0	0.0	A
1196	8210	0	0	0.0	0.0	8210.0	0.0	0.0	0.0	0.0	A
1197	8210	0	0	0.0	0.0	8210.0	0.0	0.0	0.0	0.0	A
1198	8210	0	0	0.0	0.0	8210.0	0.0	0.0	0.0	0.0	T
1199	8210	0	0	0.0	0.0	8210.0	3992.0	0.0	0.4862362971985384	0.0	G
1200	8210	0	0	0.0	0.0	8210.0	6011.0	0.0	0.7321559074299635	0.0	G
1201	8210	0	0	0.0	0.0	8210.0	0.0	0.0	0.0	0.0	A
1202	8210	0	0	0.0	0.0	8210.0	0.0	0.0	0.0	0.0	A
1203	8210	0	0	0.0	0.0	8210.0	0.0	0.0	0.0	0.0	T
1204	8210	1	0	0.0001218026796589525	0.0	8210.0	0.0	0.0	0.0	0.0	A
1205	8210	0	0	0.0	0.0	8210.0	1.0	0.0	0.0001218026796589525	0.0	A
1206	8210	0	0	0.0	0.0	8210.0	0.0	0.0	0.0	0.0	C
1207	8210	0	0	0.0	0.0	8210.0	0.0	0.0	0.0	0.0	T
1208	8210	0	0	0.0	0.0	8210.0	0.0	0.0	0.0	0.0	A
1209	8210	0	0	0.0	0.0	8210.0	0.0	0.0	0.0	0.0	A
1210	8210	5052	0	0.615347137637028	0.0	8210.0	0.0	0.0	0.0	0.0	T
1211	8210	0	0	0.0	0.0	8210.0	0.0	0.0	0.0	0.0	A
1212	8210	0	0	0.0	0.0	8210.0	114.0	0.0	0.013885505481120585	0.0	A
1213	8210	0	0	0.0	0.0	8210.0	0.0	0.0	0.0	0.0	T
1214	8210	0	1	0.0	0.0001218026796589525	8210.0	1.0	0.0	0.0001218026796589525	0.0	A
1215	8210	0	0	0.0	0.0	8210.0	0.0	0.0	0.0	0.0	A
1216	8210	99	2	0.012058465286236298	0.000243605359317905	8210.0	1.0	0.0	0.0001218026796589525	0.0	A
1217	8210	0	0	0.0	0.0	8210.0	2223.0	0.0	0.2707673568818514	0.0	G
1218	8210	0	0	0.0	0.0	8210.0	0.0	0.0	0.0	0.0	G
1219	8210	0	0	0.0	0.0	8210.0	506.0	0.0	0.061632155907429965	0.0	A
1220	8210	0	0	0.0	0.0	8210.0	0.0	0.0	0.0	0.0	C
1221	8210	0	0	0.0	0.0	8210.0	4.0	0.0	0.00048721071863581	0.0	T
1222	8210	0	0	0.0	0.0	8210.0	0.0	0.0	0.0	0.0	A
1223	8210	0	0	0.0	0.0	8210.0	0.0	0.0	0.0	0.0	A
1224	8210	0	0	0.0	0.0	8210.0	0.0	0.0	0.0	0.0	T
1225	8210	0	0	0.0	0.0	8210.0	0.0	0.0	0.0	0.0	T
1226	8210	0	0	0.0	0.0	8210.0	0.0	0.0	0.0	0.0	T
1227	8210	0	0	0.0	0.0	8210.0	7.0	0.0	0.0008526187576126675	0.0	T
1228	8210	0	0	0.0	0.0	8210.0	7178.0	0.0	0.874299634591961	0.0	T
1229	8210	0	0	0.0	0.0	8210.0	0.0	0.0	0.0	0.0	T
1230	8210	0	0	0.0	0.0	8210.0	4.0	0.0	0.00048721071863581	0.0	C
1231	8210	0	0	0.0	0.0	8210.0	0.0	0.0	0.0	0.0	T
1232	8210	0	0	0.0	0.0	8210.0	0.0	0.0	0.0	0.0	T
1233	8210	0	0	0.0	0.0	8210.0	0.0	0.0	0.0	0.0	C
1234	8210	0	0	0.0	0.0	8210.0	0.0	0.0	0.0	0.0	G
1235	8210	0	0	0.0	0.0	8210.0	0.0	0.0	0.0	0.0	A
1236	8210	13	0	0.0015834348355663825	0.0	8210.0	0.0	0.0	0.0	0.0	C
1237	8210	1	0	0.0001218026796589525	0.0	8210.0	0.0	0.0	0.0	0.0	A
1238	8210	0	0	0.0	0.0	8210.0	0.0	0.0	0.0	0.0	T
1239	8210	0	0	0.0	0.0	8210.0	0.0	0.0	0.0	0.0	C
1240	8210	0	0	0.0	0.0	8210.0	0.0	0.0	0.0	0.0	A
1241	8210	6	0	0.000730816077953715	0.0	8210.0	0.0	0.0	0.0	0.0	C
1242	8210	0	0	0.0	0.0	8210.0	0.0	0.0	0.0	0.0	T
1243	8210	0	0	0.0	0.0	8210.0	0.0	0.0	0.0	0.0	T
1244	8210	0	0	0.0	0.0	8210.0	0.0	0.0	0.0	0.0	G
1245	8210	0	0	0.0	0.0	8210.0	2.0	0.0	0.000243605359317905	0.0	C
1246	8210	0	0	0.0	0.0	8210.0	0.0	0.0	0.0	0.0	T
1247	8210	0	0	0.0	0.0	8210.0	0.0	0.0	0.0	0.0	A
1248	8210	0	0	0.0	0.0	8210.0	0.0	0.0	0.0	0.0	A
1249	8210	3992	0	0.4862362971985384	0.0	8210.0	1.0	0.0	0.0001218026796589525	0.0	A
1250	8210	6011	0	0.7321559074299635	0.0	8210.0	1545.0	0.0	0.1881851400730816	0.0	C
1251	8210	0	0	0.0	0.0	8210.0	0.0	0.0	0.0	0.0	C
1252	8210	0	0	0.0	0.0	8210.0	0.0	0.0	0.0	0.0	T
1253	8210	0	0	0.0	0.0	8210.0	0.0	0.0	0.0	0.0	A
1254	8210	0	0	0.0	0.0	8210.0	0.0	0.0	0.0	0.0	A
1255	8210	1	0	0.0001218026796589525	0.0	8210.0	0.0	0.0	0.0	0.0	C
1256	8210	0	0	0.0	0.0	8210.0	0.0	0.0	0.0	0.0	G
1257	8210	0	0	0.0	0.0	8210.0	0.0	0.0	0.0	0.0	T
1258	8210	0	0	0.0	0.0	8210.0	0.0	0.0	0.0	0.0	A
1259	8210	0	0	0.0	0.0	8210.0	0.0	0.0	0.0	0.0	T
1260	8210	0	0	0.0	0.0	8210.0	1608.0	0.0	0.19585870889159562	0.0	T
1261	8210	0	0	0.0	0.0	8210.0	32.0	0.0	0.00389768574908648	0.0	T
1262	8210	114	0	0.013885505481120585	0.0	8210.0	12.0	0.0	0.00146163215590743	0.0	G
1263	8210	0	0	0.0	0.0	8210.0	0.0	0.0	0.0	0.0	A
1264	8210	1	0	0.0001218026796589525	0.0	8210.0	0.0	0.0	0.0	0.0	T
1265	8210	0	0	0.0	0.0	8210.0	0.0	0.0	0.0	0.0	G
1266	8210	1	0	0.0001218026796589525	0.0	8210.0	0.0	0.0	0.0	0.0	C
1267	8210	2223	0	0.2707673568818514	0.0	8210.0	28.0	0.0	0.00341047503045067	0.0	T
1268	8210	0	0	0.0	0.0	8210.0	0.0	0.0	0.0	0.0	C
1269	8210	506	0	0.061632155907429965	0.0	8210.0	0.0	0.0	0.0	0.0	T
1270	8210	0	0	0.0	0.0	8210.0	0.0	0.0	0.0	0.0	C
1271	8210	4	0	0.00048721071863581	0.0	8210.0	2780.0	0.0	0.3386114494518879	0.0	G
1272	8210	0	0	0.0	0.0	8210.0	0.0	0.0	0.0	0.0	T
1273	8210	0	0	0.0	0.0	8210.0	0.0	0.0	0.0	0.0	T
1274	8210	0	0	0.0	0.0	8210.0	0.0	0.0	0.0	0.0	G
1275	8210	0	0	0.0	0.0	8210.0	4843.0	0.0	0.589890377588307	0.0	A
1276	8210	0	0	0.0	0.0	8210.0	0.0	0.0	0.0	0.0	A
1277	8210	7	0	0.0008526187576126675	0.0	8210.0	0.0	0.0	0.0	0.0	C
1278	8210	7178	0	0.874299634591961	0.0	8210.0	0.0	0.0	0.0	0.0	A
1279	8210	0	0	0.0	0.0	8210.0	1.0	0.0	0.0001218026796589525	0.0	C
1280	8210	4	0	0.00048721071863581	0.0	8210.0	3.0	0.0	0.0003654080389768575	0.0	G
1281	8210	0	0	0.0	0.0	8210.0	2.0	0.0	0.000243605359317905	0.0	T
1282	8210	0	0	0.0	0.0	8210.0	0.0	0.0	0.0	0.0	T
1283	8210	0	0	0.0	0.0	8210.0	1.0	0.0	0.0001218026796589525	0.0	G
1284	8210	0	0	0.0	0.0	8210.0	0.0	0.0	0.0	0.0	T
1285	8210	0	0	0.0	0.0	8210.0	0.0	0.0	0.0	0.0	A
1286	8210	0	0	0.0	0.0	8210.0	4894.0	0.0	0.5961023142509135	0.0	A
1287	8210	0	0	0.0	0.0	8210.0	0.0	0.0	0.0	0.0	T
1288	8210	0	0	0.0	0.0	8210.0	0.0	0.0	0.0	0.0	T
1289	8210	0	0	0.0	0.0	8210.0	0.0	0.0	0.0	0.0	G
1290	8210	0	0	0.0	0.0	8210.0	0.0	0.0	0.0	0.0	T
1291	8210	0	0	0.0	0.0	8210.0	0.0	0.0	0.0	0.0	G
1292	8210	0	0	0.0	0.0	8210.0	0.0	0.0	0.0	0.0	T
1293	8210	0	0	0.0	0.0	8210.0	0.0	0.0	0.0	0.0	A
1294	8210	0	0	0.0	0.0	8210.0	1.0	0.0	0.0001218026796589525	0.0	A
1295	8210	2	0	0.000243605359317905	0.0	8210.0	0.0	0.0	0.0	0.0	C
1296	8210	0	0	0.0	0.0	8210.0	0.0	0.0	0.0	0.0	A
1297	8210	0	0	0.0	0.0	8210.0	0.0	0.0	0.0	0.0	T
1298	8210	0	0	0.0	0.0	8210.0	0.0	0.0	0.0	0.0	T
1299	8210	1	0	0.0001218026796589525	0.0	8210.0	3.0	0.0	0.0003654080389768575	0.0	G
1300	8210	1545	0	0.1881851400730816	0.0	8210.0	1.0	0.0	0.0001218026796589525	0.0	G
1301	8210	0	0	0.0	0.0	8210.0	0.0	0.0	0.0	0.0	C
1302	8210	0	0	0.0	0.0	8210.0	0.0	0.0	0.0	0.0	C
1303	8210	0	0	0.0	0.0	8210.0	20.0	0.0	0.00243605359317905	0.0	A
1304	8210	0	0	0.0	0.0	8210.0	0.0	0.0	0.0	0.0	A
1305	8210	0	0	0.0	0.0	8210.0	0.0	0.0	0.0	0.0	C
1306	8210	0	0	0.0	0.0	8210.0	0.0	0.0	0.0	0.0	A
1307	8210	0	0	0.0	0.0	8210.0	0.0	0.0	0.0	0.0	T
1308	8210	0	0	0.0	0.0	8210.0	0.0	0.0	0.0	0.0	A
1309	8210	0	0	0.0	0.0	8210.0	0.0	0.0	0.0	0.0	A
1310	8210	1608	0	0.19585870889159562	0.0	8210.0	0.0	0.0	0.0	0.0	C
1311	8210	32	0	0.00389768574908648	0.0	8210.0	0.0	0.0	0.0	0.0	T
1312	8210	12	0	0.00146163215590743	0.0	8210.0	0.0	0.0	0.0	0.0	G
1313	8210	0	0	0.0	0.0	8210.0	2163.0	0.0	0.2634591961023143	0.0	G
1314	8210	0	0	0.0	0.0	8210.0	0.0	0.0	0.0	0.0	C
1315	8210	0	0	0.0	0.0	8210.0	0.0	0.0	0.0	0.0	T
1316	8210	0	0	0.0	0.0	8210.0	0.0	0.0	0.0	0.0	A
1317	8210	28	0	0.00341047503045067	0.0	8210.0	0.0	0.0	0.0	0.0	G
1318	8210	0	0	0.0	0.0	8210.0	97.0	0.0	0.011814859926918391	0.0	A
1319	8210	0	0	0.0	0.0	8210.0	0.0	0.0	0.0	0.0	T
1320	8210	0	0	0.0	0.0	8210.0	0.0	0.0	0.0	0.0	A
1321	8210	2780	0	0.3386114494518879	0.0	8210.0	0.0	0.0	0.0	0.0	G
1322	8210	0	0	0.0	0.0	8210.0	0.0	0.0	0.0	0.0	T
1323	8210	0	0	0.0	0.0	8210.0	0.0	0.0	0.0	0.0	T
1324	8210	0	0	0.0	0.0	8210.0	0.0	0.0	0.0	0.0	T
1325	8210	4843	0	0.589890377588307	0.0	8210.0	0.0	0.0	0.0	0.0	C
1326	8210	0	0	0.0	0.0	8210.0	0.0	0.0	0.0	0.0	T
1327	8210	0	0	0.0	0.0	8210.0	1.0	0.0	0.0001218026796589525	0.0	C
1328	8210	0	0	0.0	0.0	8210.0	0.0	0.0	0.0	0.0	A
1329	8210	1	0	0.0001218026796589525	0.0	8210.0	0.0	0.0	0.0	0.0	A
1330	8210	3	0	0.0003654080389768575	0.0	8210.0	0.0	0.0	0.0	0.0	G
1331	8210	2	0	0.000243605359317905	0.0	8210.0	0.0	0.0	0.0	0.0	G
1332	8210	0	0	0.0	0.0	8210.0	0.0	0.0	0.0	0.0	C
1333	8210	1	0	0.0001218026796589525	0.0	8210.0	0.0	0.0	0.0	0.0	T
1334	8210	0	0	0.0	0.0	8210.0	0.0	0.0	0.0	0.0	T
1335	8210	0	0	0.0	0.0	8210.0	0.0	0.0	0.0	0.0	G
1336	8210	4894	0	0.5961023142509135	0.0	8210.0	0.0	0.0	0.0	0.0	A
1337	8210	0	0	0.0	0.0	8210.0	0.0	0.0	0.0	0.0	C
1338	8210	0	0	0.0	0.0	8210.0	1123.0	0.0	0.13678440925700366	0.0	T
1339	8210	0	0	0.0	0.0	8210.0	1.0	0.0	0.0001218026796589525	0.0	A
1340	8210	0	0	0.0	0.0	8210.0	0.0	0.0	0.0	0.0	C
1341	8210	0	0	0.0	0.0	8210.0	0.0	0.0	0.0	0.0	G
1342	8210	0	0	0.0	0.0	8210.0	0.0	0.0	0.0	0.0	T
1343	8210	0	0	0.0	0.0	8210.0	0.0	0.0	0.0	0.0	G
1344	8210	1	0	0.0001218026796589525	0.0	8210.0	0.0	0.0	0.0	0.0	C
1345	8210	0	0	0.0	0.0	8210.0	0.0	0.0	0.0	0.0	T
1346	8210	0	0	0.0	0.0	8210.0	0.0	0.0	0.0	0.0	T
1347	8210	0	0	0.0	0.0	8210.0	0.0	0.0	0.0	0.0	G
1348	8210	0	0	0.0	0.0	8210.0	0.0	0.0	0.0	0.0	A
1349	8210	3	0	0.0003654080389768575	0.0	8210.0	0.0	0.0	0.0	0.0	A
1350	8210	1	0	0.0001218026796589525	0.0	8210.0	0.0	0.0	0.0	0.0	T
1351	8210	0	0	0.0	0.0	8210.0	0.0	0.0	0.0	0.0	A
1352	8210	0	0	0.0	0.0	8210.0	36.0	0.0	0.00438489646772229	0.0	G
1353	8210	20	0	0.00243605359317905	0.0	8210.0	0.0	0.0	0.0	0.0	G
1354	8210	0	0	0.0	0.0	8210.0	1.0	0.0	0.0001218026796589525	0.0	A
1355	8210	0	0	0.0	0.0	8210.0	0.0	0.0	0.0	0.0	C
1356	8210	0	0	0.0	0.0	8210.0	0.0	0.0	0.0	0.0	T
1357	8210	0	0	0.0	0.0	8210.0	0.0	0.0	0.0	0.0	T
1358	8210	0	0	0.0	0.0	8210.0	2.0	0.0	0.000243605359317905	0.0	T
1359	8210	0	0	0.0	0.0	8210.0	0.0	0.0	0.0	0.0	G
1360	8210	0	0	0.0	0.0	8210.0	0.0	0.0	0.0	0.0	A
1361	8210	0	0	0.0	0.0	8210.0	0.0	0.0	0.0	0.0	T
1362	8210	0	0	0.0	0.0	8210.0	0.0	0.0	0.0	0.0	T
1363	8210	2163	0	0.2634591961023143	0.0	8210.0	2.0	0.0	0.000243605359317905	0.0	T
1364	8210	0	0	0.0	0.0	8210.0	0.0	0.0	0.0	0.0	T
1365	8210	0	0	0.0	0.0	8210.0	0.0	0.0	0.0	0.0	C
1366	8210	0	0	0.0	0.0	8210.0	0.0	0.0	0.0	0.0	A
1367	8210	0	0	0.0	0.0	8210.0	0.0	0.0	0.0	0.0	A
1368	8210	97	0	0.011814859926918391	0.0	8210.0	0.0	0.0	0.0	0.0	T
1369	8210	0	0	0.0	0.0	8210.0	0.0	0.0	0.0	0.0	A
1370	8210	0	0	0.0	0.0	8210.0	457.0	0.0	0.05566382460414129	0.0	A
1371	8210	0	0	0.0	0.0	8210.0	0.0	0.0	0.0	0.0	A
1372	8210	0	0	0.0	0.0	8210.0	1.0	0.0	0.0001218026796589525	0.0	A
1373	8210	0	0	0.0	0.0	8210.0	1.0	0.0	0.0001218026796589525	0.0	A
1374	8210	0	0	0.0	0.0	8210.0	0.0	0.0	0.0	0.0	A
1375	8210	0	0	0.0	0.0	8210.0	0.0	0.0	0.0	0.0	C
1376	8210	0	0	0.0	0.0	8210.0	1363.0	0.0	0.16601705237515224	0.0	A
1377	8210	1	0	0.0001218026796589525	0.0	8210.0	0.0	0.0	0.0	0.0	A
1378	8210	0	0	0.0	0.0	8210.0	0.0	0.0	0.0	0.0	A
1379	8210	0	0	0.0	0.0	8210.0	0.0	0.0	0.0	0.0	A
1380	8210	0	0	0.0	0.0	8210.0	0.0	0.0	0.0	0.0	G
1381	8210	0	0	0.0	0.0	8210.0	0.0	0.0	0.0	0.0	A
1382	8210	0	0	0.0	0.0	8210.0	0.0	0.0	0.0	0.0	T
1383	8210	0	0	0.0	0.0	8210.0	0.0	0.0	0.0	0.0	G
1384	8210	0	0	0.0	0.0	8210.0	0.0	0.0	0.0	0.0	T
1385	8210	0	0	0.0	0.0	8210.0	0.0	0.0	0.0	0.0	G
1386	8210	0	0	0.0	0.0	8210.0	1.0	0.0	0.0001218026796589525	0.0	T
1387	8210	0	0	0.0	0.0	8210.0	0.0	0.0	0.0	0.0	A
1388	8210	1123	0	0.13678440925700366	0.0	8210.0	0.0	0.0	0.0	0.0	G
1389	8210	1	0	0.0001218026796589525	0.0	8210.0	0.0	0.0	0.0	0.0	T
1390	8210	0	0	0.0	0.0	8210.0	0.0	0.0	0.0	0.0	A
1391	8210	0	0	0.0	0.0	8210.0	11.0	0.0	0.0013398294762484776	0.0	T
1392	8210	0	0	0.0	0.0	8210.0	1.0	0.0	0.0001218026796589525	0.0	C
1393	8210	0	0	0.0	0.0	8210.0	0.0	0.0	0.0	0.0	C
1394	8210	0	0	0.0	0.0	8210.0	0.0	0.0	0.0	0.0	G
1395	8210	0	0	0.0	0.0	8210.0	0.0	0.0	0.0	0.0	C
1396	8210	0	0	0.0	0.0	8210.0	0.0	0.0	0.0	0.0	T
1397	8210	0	0	0.0	0.0	8210.0	1.0	0.0	0.0001218026796589525	0.0	T
1398	8210	0	0	0.0	0.0	8210.0	0.0	0.0	0.0	0.0	C
1399	8210	0	0	0.0	0.0	8210.0	0.0	0.0	0.0	0.0	A
1400	8210	0	0	0.0	0.0	8210.0	0.0	0.0	0.0	0.0	A
1401	8210	0	0	0.0	0.0	8210.0	0.0	0.0	0.0	0.0	G
1402	8210	36	0	0.00438489646772229	0.0	8210.0	0.0	0.0	0.0	0.0	A
1403	8210	0	0	0.0	0.0	8210.0	0.0	0.0	0.0	0.0	T
1404	8210	1	0	0.0001218026796589525	0.0	8210.0	0.0	0.0	0.0	0.0	A
1405	8210	0	0	0.0	0.0	8210.0	0.0	0.0	0.0	0.0	A
1406	8210	0	0	0.0	0.0	8210.0	0.0	0.0	0.0	0.0	G
1407	8210	0	0	0.0	0.0	8210.0	0.0	0.0	0.0	0.0	G
1408	8210	2	0	0.000243605359317905	0.0	8210.0	0.0	0.0	0.0	0.0	C
1409	8210	0	0	0.0	0.0	8210.0	0.0	0.0	0.0	0.0	C
1410	8210	0	0	0.0	0.0	8210.0	0.0	0.0	0.0	0.0	C
1411	8210	0	0	0.0	0.0	8210.0	2.0	0.0	0.000243605359317905	0.0	A
1412	8210	0	0	0.0	0.0	8210.0	0.0	0.0	0.0	0.0	T
1413	8210	2	0	0.000243605359317905	0.0	8210.0	2.0	0.0	0.000243605359317905	0.0	G
1414	8210	0	0	0.0	0.0	8210.0	0.0	0.0	0.0	0.0	C
1415	8210	0	0	0.0	0.0	8210.0	0.0	0.0	0.0	0.0	A
1416	8210	0	0	0.0	0.0	8210.0	0.0	0.0	0.0	0.0	T
1417	8210	0	0	0.0	0.0	8210.0	0.0	0.0	0.0	0.0	A
1418	8210	0	0	0.0	0.0	8210.0	0.0	0.0	0.0	0.0	T
1419	8210	0	0	0.0	0.0	8210.0	0.0	0.0	0.0	0.0	A
1420	8210	457	0	0.05566382460414129	0.0	8210.0	0.0	0.0	0.0	0.0	G
1421	8210	0	0	0.0	0.0	8210.0	1.0	0.0	0.0001218026796589525	0.0	G
1422	8210	1	0	0.0001218026796589525	0.0	8210.0	32.0	0.0	0.00389768574908648	0.0	C
1423	8210	1	0	0.0001218026796589525	0.0	8210.0	0.0	0.0	0.0	0.0	T
1424	8210	0	0	0.0	0.0	8210.0	272.0	0.0	0.033130328867235076	0.0	T
1425	8210	0	0	0.0	0.0	8210.0	0.0	0.0	0.0	0.0	C
1426	8210	1363	0	0.16601705237515224	0.0	8210.0	0.0	0.0	0.0	0.0	G
1427	8210	0	0	0.0	0.0	8210.0	6.0	0.0	0.000730816077953715	0.0	A
1428	8210	0	0	0.0	0.0	8210.0	0.0	0.0	0.0	0.0	C
1429	8210	0	0	0.0	0.0	8210.0	0.0	0.0	0.0	0.0	T
1430	8210	0	0	0.0	0.0	8210.0	0.0	0.0	0.0	0.0	T
1431	8210	0	0	0.0	0.0	8210.0	0.0	0.0	0.0	0.0	C
1432	8210	0	0	0.0	0.0	8210.0	0.0	0.0	0.0	0.0	A
1433	8210	0	0	0.0	0.0	8210.0	1.0	0.0	0.0001218026796589525	0.0	A
1434	8210	0	0	0.0	0.0	8210.0	0.0	0.0	0.0	0.0	A
1435	8210	0	0	0.0	0.0	8210.0	0.0	0.0	0.0	0.0	T
1436	8210	1	0	0.0001218026796589525	0.0	8210.0	4481.0	0.0	0.5457978075517661	0.0	C
1437	8210	0	0	0.0	0.0	8210.0	1.0	0.0	0.0001218026796589525	0.0	C
1438	8210	0	0	0.0	0.0	8210.0	3.0	0.0	0.0003654080389768575	0.0	T
1439	8210	0	0	0.0	0.0	8210.0	0.0	0.0	0.0	0.0	T
1440	8210	0	0	0.0	0.0	8210.0	0.0	0.0	0.0	0.0	G
1441	8210	11	0	0.0013398294762484776	0.0	8210.0	0.0	0.0	0.0	0.0	G
1442	8210	1	0	0.0001218026796589525	0.0	8210.0	0.0	0.0	0.0	0.0	G
1443	8210	0	0	0.0	0.0	8210.0	0.0	0.0	0.0	0.0	A
1444	8210	0	0	0.0	0.0	8210.0	0.0	0.0	0.0	0.0	A
1445	8210	0	0	0.0	0.0	8210.0	195.0	0.0	0.023751522533495738	0.0	G
1446	8210	0	0	0.0	0.0	8210.0	0.0	0.0	0.0	0.0	G
1447	8210	1	0	0.0001218026796589525	0.0	8210.0	0.0	0.0	0.0	0.0	T
1448	8210	0	0	0.0	0.0	8210.0	0.0	0.0	0.0	0.0	A
1449	8210	0	0	0.0	0.0	8210.0	0.0	0.0	0.0	0.0	A
1450	8210	0	0	0.0	0.0	8210.0	0.0	0.0	0.0	0.0	G
1451	8210	0	0	0.0	0.0	8210.0	1269.0	0.0	0.15456760048721072	0.0	C
1452	8210	0	0	0.0	0.0	8210.0	0.0	0.0	0.0	0.0	G
1453	8210	0	0	0.0	0.0	8210.0	4.0	0.0	0.00048721071863581	0.0	A
1454	8210	0	0	0.0	0.0	8210.0	1114.0	0.0	0.13568818514007308	0.0	A
1455	8210	0	0	0.0	0.0	8210.0	0.0	0.0	0.0	0.0	C
1456	8210	0	0	0.0	0.0	8210.0	0.0	0.0	0.0	0.0	T
1457	8210	0	0	0.0	0.0	8210.0	0.0	0.0	0.0	0.0	G
1458	8210	0	0	0.0	0.0	8210.0	0.0	0.0	0.0	0.0	T
1459	8210	0	0	0.0	0.0	8210.0	0.0	0.0	0.0	0.0	T
1460	8210	0	0	0.0	0.0	8210.0	4.0	0.0	0.00048721071863581	0.0	T
1461	8210	2	0	0.000243605359317905	0.0	8210.0	0.0	0.0	0.0	0.0	C
1462	8210	0	0	0.0	0.0	8210.0	0.0	0.0	0.0	0.0	T
1463	8210	2	0	0.000243605359317905	0.0	8210.0	0.0	0.0	0.0	0.0	G
1464	8210	0	0	0.0	0.0	8210.0	0.0	0.0	0.0	0.0	T
1465	8210	0	0	0.0	0.0	8210.0	0.0	0.0	0.0	0.0	A
1466	8210	0	0	0.0	0.0	8210.0	0.0	0.0	0.0	0.0	A
1467	8210	0	0	0.0	0.0	8210.0	0.0	0.0	0.0	0.0	A
1468	8210	0	0	0.0	0.0	8210.0	0.0	0.0	0.0	0.0	C
1469	8210	0	0	0.0	0.0	8210.0	102.0	0.0	0.012423873325213155	0.0	T
1470	8210	0	0	0.0	0.0	8210.0	0.0	0.0	0.0	0.0	T
1471	8210	1	0	0.0001218026796589525	0.0	8210.0	0.0	0.0	0.0	0.0	C
1472	8210	32	0	0.00389768574908648	0.0	8210.0	0.0	0.0	0.0	0.0	G
1473	8210	0	0	0.0	0.0	8210.0	0.0	0.0	0.0	0.0	T
1474	8210	272	0	0.033130328867235076	0.0	8210.0	0.0	0.0	0.0	0.0	C
1475	8210	0	0	0.0	0.0	8210.0	0.0	0.0	0.0	0.0	T
1476	8210	0	0	0.0	0.0	8210.0	3.0	0.0	0.0003654080389768575	0.0	C
1477	8210	6	0	0.000730816077953715	0.0	8210.0	85.0	0.0	0.010353227771010963	0.0	A
1478	8210	0	0	0.0	0.0	8210.0	109.0	0.0	0.013276492082825822	0.0	A
1479	8210	0	0	0.0	0.0	8210.0	0.0	0.0	0.0	0.0	A
1480	8210	0	0	0.0	0.0	8210.0	0.0	0.0	0.0	0.0	C
1481	8210	0	0	0.0	0.0	8210.0	57.0	0.0	0.006942752740560293	0.0	T
1482	8210	0	0	0.0	0.0	8210.0	0.0	0.0	0.0	0.0	C
1483	8210	1	0	0.0001218026796589525	0.0	8210.0	2.0	0.0	0.000243605359317905	0.0	T
1484	8210	0	0	0.0	0.0	8210.0	99.0	0.0	0.012058465286236298	0.0	T
1485	8210	0	0	0.0	0.0	8210.0	0.0	0.0	0.0	0.0	T
1486	8210	4481	0	0.5457978075517661	0.0	8210.0	0.0	0.0	0.0	0.0	T
1487	8210	1	0	0.0001218026796589525	0.0	8210.0	1.0	0.0	0.0001218026796589525	0.0	G
1488	8210	3	0	0.0003654080389768575	0.0	8210.0	1025.0	0.0	0.1248477466504263	0.0	C
1489	8210	0	0	0.0	0.0	8210.0	0.0	0.0	0.0	0.0	C
1490	8210	0	0	0.0	0.0	8210.0	0.0	0.0	0.0	0.0	G
1491	8210	0	0	0.0	0.0	8210.0	0.0	0.0	0.0	0.0	T
1492	8210	0	0	0.0	0.0	8210.0	0.0	0.0	0.0	0.0	A
1493	8210	0	0	0.0	0.0	8210.0	0.0	0.0	0.0	0.0	C
1494	8210	0	0	0.0	0.0	8210.0	0.0	0.0	0.0	0.0	C
1495	8210	195	0	0.023751522533495738	0.0	8210.0	0.0	0.0	0.0	0.0	A
1496	8210	0	0	0.0	0.0	8210.0	1.0	0.0	0.0001218026796589525	0.0	A
1497	8210	0	0	0.0	0.0	8210.0	0.0	0.0	0.0	0.0	T
1498	8210	0	0	0.0	0.0	8210.0	0.0	0.0	0.0	0.0	A
1499	8210	0	0	0.0	0.0	8210.0	0.0	0.0	0.0	0.0	T
1500	8210	0	0	0.0	0.0	8210.0	0.0	0.0	0.0	0.0	T
1501	8210	1269	0	0.15456760048721072	0.0	8210.0	0.0	0.0	0.0	0.0	G
1502	8210	0	0	0.0	0.0	8210.0	0.0	0.0	0.0	0.0	G
1503	8210	4	0	0.00048721071863581	0.0	8210.0	0.0	0.0	0.0	0.0	G
1504	8210	1114	0	0.13568818514007308	0.0	8210.0	0.0	0.0	0.0	0.0	C
1505	8210	0	0	0.0	0.0	8210.0	0.0	0.0	0.0	0.0	C
1506	8210	0	0	0.0	0.0	8210.0	0.0	0.0	0.0	0.0	C
1507	8210	0	0	0.0	0.0	8210.0	0.0	0.0	0.0	0.0	A
1508	8210	0	0	0.0	0.0	8210.0	0.0	0.0	0.0	0.0	T
1509	8210	0	0	0.0	0.0	8210.0	0.0	0.0	0.0	0.0	A
1510	8210	4	0	0.00048721071863581	0.0	8210.0	55.0	0.0	0.006699147381242387	0.0	A
1511	8210	0	0	0.0	0.0	8210.0	3.0	0.0	0.0003654080389768575	0.0	C
1512	8210	0	0	0.0	0.0	8210.0	0.0	0.0	0.0	0.0	C
1513	8210	0	0	0.0	0.0	8210.0	0.0	0.0	0.0	0.0	A
1514	8210	0	0	0.0	0.0	8210.0	0.0	0.0	0.0	0.0	A
1515	8210	0	0	0.0	0.0	8210.0	0.0	0.0	0.0	0.0	T
1516	8210	0	0	0.0	0.0	8210.0	0.0	0.0	0.0	0.0	T
1517	8210	0	0	0.0	0.0	8210.0	8.0	0.0	0.00097442143727162	0.0	G
1518	8210	0	0	0.0	0.0	8210.0	0.0	0.0	0.0	0.0	C
1519	8210	102	0	0.012423873325213155	0.0	8210.0	0.0	0.0	0.0	0.0	G
1520	8210	0	0	0.0	0.0	8210.0	0.0	0.0	0.0	0.0	A
1521	8210	0	0	0.0	0.0	8210.0	0.0	0.0	0.0	0.0	T
1522	8210	0	0	0.0	0.0	8210.0	122.0	0.0	0.014859926918392205	0.0	A
1523	8210	0	0	0.0	0.0	8210.0	0.0	0.0	0.0	0.0	A
1524	8210	0	0	0.0	0.0	8210.0	0.0	0.0	0.0	0.0	A
1525	8210	0	0	0.0	0.0	8210.0	0.0	0.0	0.0	0.0	T
1526	8210	3	0	0.0003654080389768575	0.0	8210.0	0.0	0.0	0.0	0.0	C
1527	8210	85	0	0.010353227771010963	0.0	8210.0	0.0	0.0	0.0	0.0	G
1528	8210	109	0	0.013276492082825822	0.0	8210.0	0.0	0.0	0.0	0.0	T
1529	8210	0	0	0.0	0.0	8210.0	0.0	0.0	0.0	0.0	G
1530	8210	0	0	0.0	0.0	8210.0	0.0	0.0	0.0	0.0	T
1531	8210	57	0	0.006942752740560293	0.0	8210.0	0.0	0.0	0.0	0.0	C
1532	8210	0	0	0.0	0.0	8210.0	0.0	0.0	0.0	0.0	C
1533	8210	2	0	0.000243605359317905	0.0	8210.0	0.0	0.0	0.0	0.0	C
1534	8210	99	0	0.012058465286236298	0.0	8210.0	0.0	0.0	0.0	0.0	C
1535	8210	0	0	0.0	0.0	8210.0	100.0	0.0	0.012180267965895249	0.0	T
1536	8210	0	0	0.0	0.0	8210.0	0.0	0.0	0.0	0.0	C
1537	8210	1	0	0.0001218026796589525	0.0	8210.0	0.0	0.0	0.0	0.0	T
1538	8210	1025	0	0.1248477466504263	0.0	8210.0	0.0	0.0	0.0	0.0	G
1539	8210	0	0	0.0	0.0	8210.0	0.0	0.0	0.0	0.0	T
1540	8210	0	0	0.0	0.0	8210.0	0.0	0.0	0.0	0.0	T
1541	8210	0	0	0.0	0.0	8210.0	0.0	0.0	0.0	0.0	A
1542	8210	0	0	0.0	0.0	8210.0	0.0	0.0	0.0	0.0	A
1543	8210	0	0	0.0	0.0	8210.0	0.0	0.0	0.0	0.0	T
1544	8210	0	0	0.0	0.0	8210.0	0.0	0.0	0.0	0.0	T
1545	8210	0	0	0.0	0.0	8210.0	0.0	0.0	0.0	0.0	C
1546	8210	1	0	0.0001218026796589525	0.0	8210.0	0.0	0.0	0.0	0.0	T
1547	8210	0	0	0.0	0.0	8210.0	0.0	0.0	0.0	0.0	T
1548	8210	0	0	0.0	0.0	8210.0	1.0	0.0	0.0001218026796589525	0.0	T
1549	8210	0	0	0.0	0.0	8210.0	0.0	0.0	0.0	0.0	T
1550	8210	0	0	0.0	0.0	8210.0	0.0	0.0	0.0	0.0	T
1551	8210	0	0	0.0	0.0	8210.0	0.0	0.0	0.0	0.0	T
1552	8210	0	0	0.0	0.0	8210.0	1.0	0.0	0.0001218026796589525	0.0	C
1553	8210	0	0	0.0	0.0	8210.0	0.0	0.0	0.0	0.0	G
1554	8210	0	0	0.0	0.0	8210.0	0.0	0.0	0.0	0.0	T
1555	8210	0	0	0.0	0.0	8210.0	0.0	0.0	0.0	0.0	T
1556	8210	0	0	0.0	0.0	8210.0	0.0	0.0	0.0	0.0	T
1557	8210	0	0	0.0	0.0	8210.0	5.0	0.0	0.0006090133982947625	0.0	T
1558	8210	0	0	0.0	0.0	8210.0	0.0	0.0	0.0	0.0	T
1559	8210	0	0	0.0	0.0	8210.0	0.0	0.0	0.0	0.0	T
1560	8210	55	0	0.006699147381242387	0.0	8210.0	0.0	0.0	0.0	0.0	G
1561	8210	3	0	0.0003654080389768575	0.0	8210.0	1.0	0.0	0.0001218026796589525	0.0	C
1562	8210	0	0	0.0	0.0	8210.0	8.0	0.0	0.00097442143727162	0.0	C
1563	8210	0	0	0.0	0.0	8210.0	0.0	0.0	0.0	0.0	A
1564	8210	0	0	0.0	0.0	8210.0	1255.0	0.0	0.15286236297198538	0.0	A
1565	8210	0	0	0.0	0.0	8210.0	0.0	0.0	0.0	0.0	A
1566	8210	0	0	0.0	0.0	8210.0	0.0	0.0	0.0	0.0	A
1567	8210	8	0	0.00097442143727162	0.0	8210.0	0.0	0.0	0.0	0.0	T
1568	8210	0	0	0.0	0.0	8210.0	13.0	0.0	0.0015834348355663825	0.0	T
1569	8210	0	0	0.0	0.0	8210.0	0.0	0.0	0.0	0.0	G
1570	8210	0	0	0.0	0.0	8210.0	0.0	0.0	0.0	0.0	T
1571	8210	0	0	0.0	0.0	8210.0	0.0	0.0	0.0	0.0	T
1572	8210	122	0	0.014859926918392205	0.0	8210.0	0.0	0.0	0.0	0.0	C
1573	8210	0	0	0.0	0.0	8210.0	6.0	0.0	0.000730816077953715	0.0	G
1574	8210	0	0	0.0	0.0	8210.0	0.0	0.0	0.0	0.0	G
1575	8210	0	0	0.0	0.0	8210.0	0.0	0.0	0.0	0.0	T
1576	8210	0	0	0.0	0.0	8210.0	0.0	0.0	0.0	0.0	T
1577	8210	0	0	0.0	0.0	8210.0	0.0	0.0	0.0	0.0	T
1578	8210	0	0	0.0	0.0	8210.0	0.0	0.0	0.0	0.0	T
1579	8210	0	0	0.0	0.0	8210.0	2.0	0.0	0.000243605359317905	0.0	A
1580	8210	0	0	0.0	0.0	8210.0	0.0	0.0	0.0	0.0	T
1581	8210	0	0	0.0	0.0	8210.0	0.0	0.0	0.0	0.0	A
1582	8210	0	0	0.0	0.0	8210.0	0.0	0.0	0.0	0.0	A
1583	8210	0	0	0.0	0.0	8210.0	0.0	0.0	0.0	0.0	A
1584	8210	0	0	0.0	0.0	8210.0	1279.0	0.0	0.15578562728380024	0.0	T
1585	8210	100	0	0.012180267965895249	0.0	8210.0	0.0	0.0	0.0	0.0	C
1586	8210	0	0	0.0	0.0	8210.0	0.0	0.0	0.0	0.0	A
1587	8210	0	0	0.0	0.0	8210.0	1.0	0.0	0.0001218026796589525	0.0	C
1588	8210	0	0	0.0	0.0	8210.0	0.0	0.0	0.0	0.0	C
1589	8210	0	0	0.0	0.0	8210.0	0.0	0.0	0.0	0.0	G
1590	8210	0	0	0.0	0.0	8210.0	0.0	0.0	0.0	0.0	A
1591	8210	0	0	0.0	0.0	8210.0	0.0	0.0	0.0	0.0	A
1592	8210	0	0	0.0	0.0	8210.0	0.0	0.0	0.0	0.0	T
1593	8210	0	0	0.0	0.0	8210.0	304.0	0.0	0.03702801461632156	0.0	C
1594	8210	0	0	0.0	0.0	8210.0	0.0	0.0	0.0	0.0	G
1595	8210	0	0	0.0	0.0	8210.0	0.0	0.0	0.0	0.0	A
1596	8210	0	0	0.0	0.0	8210.0	0.0	0.0	0.0	0.0	T
1597	8210	0	0	0.0	0.0	8210.0	0.0	0.0	0.0	0.0	T
1598	8210	1	0	0.0001218026796589525	0.0	8210.0	0.0	0.0	0.0	0.0	T
1599	8210	0	0	0.0	0.0	8210.0	0.0	0.0	0.0	0.0	C
1600	8210	0	0	0.0	0.0	8210.0	0.0	0.0	0.0	0.0	C
1601	8210	0	0	0.0	0.0	8210.0	0.0	0.0	0.0	0.0	T
1602	8210	1	0	0.0001218026796589525	0.0	8210.0	0.0	0.0	0.0	0.0	G
1603	8210	0	0	0.0	0.0	8210.0	0.0	0.0	0.0	0.0	A
1604	8210	0	0	0.0	0.0	8210.0	1.0	0.0	0.0001218026796589525	0.0	A
1605	8210	0	0	0.0	0.0	8210.0	0.0	0.0	0.0	0.0	T
1606	8210	0	0	0.0	0.0	8210.0	0.0	0.0	0.0	0.0	T
1607	8210	5	0	0.0006090133982947625	0.0	8210.0	0.0	0.0	0.0	0.0	G
1608	8210	0	0	0.0	0.0	8210.0	4.0	0.0	0.00048721071863581	0.0	C
1609	8210	0	0	0.0	0.0	8210.0	7.0	0.0	0.0008526187576126675	0.0	T
1610	8210	0	0	0.0	0.0	8210.0	12.0	0.0	0.00146163215590743	0.0	T
1611	8210	1	0	0.0001218026796589525	0.0	8210.0	0.0	0.0	0.0	0.0	T
1612	8210	8	0	0.00097442143727162	0.0	8210.0	0.0	0.0	0.0	0.0	G
1613	8210	0	0	0.0	0.0	8210.0	1.0	0.0	0.0001218026796589525	0.0	G
1614	8210	1255	0	0.15286236297198538	0.0	8210.0	0.0	0.0	0.0	0.0	C
1615	8210	0	0	0.0	0.0	8210.0	0.0	0.0	0.0	0.0	A
1616	8210	0	0	0.0	0.0	8210.0	0.0	0.0	0.0	0.0	A
1617	8210	0	0	0.0	0.0	8210.0	0.0	0.0	0.0	0.0	G
1618	8210	13	0	0.0015834348355663825	0.0	8210.0	0.0	0.0	0.0	0.0	T
1619	8210	0	0	0.0	0.0	8210.0	1.0	0.0	0.0001218026796589525	0.0	T
1620	8210	0	0	0.0	0.0	8210.0	0.0	0.0	0.0	0.0	T
1621	8210	0	0	0.0	0.0	8210.0	2.0	0.0	0.000243605359317905	0.0	T
1622	8210	0	0	0.0	0.0	8210.0	19.0	0.0	0.0023142509135200976	0.0	G
1623	8210	6	0	0.000730816077953715	0.0	8210.0	0.0	0.0	0.0	0.0	C
1624	8210	0	0	0.0	0.0	8210.0	7.0	0.0	0.0008526187576126675	0.0	T
1625	8210	0	0	0.0	0.0	8210.0	0.0	0.0	0.0	0.0	A
1626	8210	0	0	0.0	0.0	8210.0	0.0	0.0	0.0	0.0	A
1627	8210	0	0	0.0	0.0	8210.0	0.0	0.0	0.0	0.0	T
1628	8210	0	0	0.0	0.0	8210.0	0.0	0.0	0.0	0.0	T
1629	8210	2	0	0.000243605359317905	0.0	8210.0	0.0	0.0	0.0	0.0	C
1630	8210	0	0	0.0	0.0	8210.0	0.0	0.0	0.0	0.0	T
1631	8210	0	0	0.0	0.0	8210.0	313.0	0.0	0.03812423873325213	0.0	T
1632	8210	0	0	0.0	0.0	8210.0	0.0	0.0	0.0	0.0	C
1633	8210	0	0	0.0	0.0	8210.0	1.0	0.0	0.0001218026796589525	0.0	T
1634	8210	1279	0	0.15578562728380024	0.0	8210.0	0.0	0.0	0.0	0.0	T
1635	8210	0	0	0.0	0.0	8210.0	0.0	0.0	0.0	0.0	C
1636	8210	0	0	0.0	0.0	8210.0	0.0	0.0	0.0	0.0	A
1637	8210	1	0	0.0001218026796589525	0.0	8210.0	0.0	0.0	0.0	0.0	A
1638	8210	0	0	0.0	0.0	8210.0	0.0	0.0	0.0	0.0	C
1639	8210	0	0	0.0	0.0	8210.0	9.0	0.0	0.0010962241169305725	0.0	C
1640	8210	0	0	0.0	0.0	8210.0	0.0	0.0	0.0	0.0	T
1641	8210	0	0	0.0	0.0	8210.0	1.0	0.0	0.0001218026796589525	0.0	C
1642	8210	0	0	0.0	0.0	8210.0	0.0	0.0	0.0	0.0	T
1643	8210	304	0	0.03702801461632156	0.0	8210.0	0.0	0.0	0.0	0.0	A
1644	8210	0	0	0.0	0.0	8210.0	0.0	0.0	0.0	0.0	C
1645	8210	0	0	0.0	0.0	8210.0	3.0	0.0	0.0003654080389768575	0.0	T
1646	8210	0	0	0.0	0.0	8210.0	0.0	0.0	0.0	0.0	T
1647	8210	0	0	0.0	0.0	8210.0	0.0	0.0	0.0	0.0	T
1648	8210	0	0	0.0	0.0	8210.0	0.0	0.0	0.0	0.0	T
1649	8210	0	0	0.0	0.0	8210.0	1.0	0.0	0.0001218026796589525	0.0	G
1650	8210	0	0	0.0	0.0	8210.0	0.0	0.0	0.0	0.0	T
1651	8210	0	0	0.0	0.0	8210.0	0.0	0.0	0.0	0.0	T
1652	8210	0	0	0.0	0.0	8210.0	0.0	0.0	0.0	0.0	A
1653	8210	0	0	0.0	0.0	8210.0	1.0	0.0	0.0001218026796589525	0.0	A
1654	8210	1	0	0.0001218026796589525	0.0	8210.0	0.0	0.0	0.0	0.0	T
1655	8210	0	0	0.0	0.0	8210.0	0.0	0.0	0.0	0.0	T
1656	8210	0	0	0.0	0.0	8210.0	0.0	0.0	0.0	0.0	G
1657	8210	0	0	0.0	0.0	8210.0	0.0	0.0	0.0	0.0	A
1658	8210	4	0	0.00048721071863581	0.0	8210.0	0.0	0.0	0.0	0.0	T
1659	8210	7	0	0.0008526187576126675	0.0	8210.0	1.0	0.0	0.0001218026796589525	0.0	G
1660	8210	12	0	0.00146163215590743	0.0	8210.0	775.0	0.0	0.09439707673568819	0.0	C
1661	8210	0	0	0.0	0.0	8210.0	0.0	0.0	0.0	0.0	T
1662	8210	0	0	0.0	0.0	8210.0	0.0	0.0	0.0	0.0	T
1663	8210	1	0	0.0001218026796589525	0.0	8210.0	0.0	0.0	0.0	0.0	T
1664	8210	0	0	0.0	0.0	8210.0	0.0	0.0	0.0	0.0	T
1665	8210	0	0	0.0	0.0	8210.0	0.0	0.0	0.0	0.0	G
1666	8210	0	0	0.0	0.0	8210.0	0.0	0.0	0.0	0.0	A
1667	8210	0	0	0.0	0.0	8210.0	1257.0	0.0	0.1531059683313033	0.0	T
1668	8210	0	0	0.0	0.0	8210.0	0.0	0.0	0.0	0.0	A
1669	8210	1	0	0.0001218026796589525	0.0	8210.0	0.0	0.0	0.0	0.0	G
1670	8210	0	0	0.0	0.0	8210.0	0.0	0.0	0.0	0.0	C
1671	8210	2	0	0.000243605359317905	0.0	8210.0	0.0	0.0	0.0	0.0	C
1672	8210	19	0	0.0023142509135200976	0.0	8210.0	0.0	0.0	0.0	0.0	C
1673	8210	0	0	0.0	0.0	8210.0	0.0	0.0	0.0	0.0	A
1674	8210	7	0	0.0008526187576126675	0.0	8210.0	0.0	0.0	0.0	0.0	G
1675	8210	0	0	0.0	0.0	8210.0	0.0	0.0	0.0	0.0	T
1676	8210	0	0	0.0	0.0	8210.0	1041.0	0.0	0.12679658952496956	0.0	T
1677	8210	0	0	0.0	0.0	8210.0	0.0	0.0	0.0	0.0	T
1678	8210	0	0	0.0	0.0	8210.0	0.0	0.0	0.0	0.0	C
1679	8210	0	0	0.0	0.0	8210.0	0.0	0.0	0.0	0.0	A
1680	8210	0	0	0.0	0.0	8210.0	0.0	0.0	0.0	0.0	A
1681	8210	313	0	0.03812423873325213	0.0	8210.0	0.0	0.0	0.0	0.0	A
1682	8210	0	0	0.0	0.0	8210.0	0.0	0.0	0.0	0.0	C
1683	8210	1	0	0.0001218026796589525	0.0	8210.0	0.0	0.0	0.0	0.0	C
1684	8210	0	0	0.0	0.0	8210.0	0.0	0.0	0.0	0.0	A
1685	8210	0	0	0.0	0.0	8210.0	0.0	0.0	0.0	0.0	A
1686	8210	0	0	0.0	0.0	8210.0	0.0	0.0	0.0	0.0	A
1687	8210	0	0	0.0	0.0	8210.0	0.0	0.0	0.0	0.0	T
1688	8210	0	0	0.0	0.0	8210.0	0.0	0.0	0.0	0.0	A
1689	8210	9	0	0.0010962241169305725	0.0	8210.0	0.0	0.0	0.0	0.0	G
1690	8210	0	0	0.0	0.0	8210.0	0.0	0.0	0.0	0.0	A
1691	8210	1	0	0.0001218026796589525	0.0	8210.0	0.0	0.0	0.0	0.0	A
1692	8210	0	0	0.0	0.0	8210.0	0.0	0.0	0.0	0.0	A
1693	8210	0	0	0.0	0.0	8210.0	0.0	0.0	0.0	0.0	T
1694	8210	0	0	0.0	0.0	8210.0	0.0	0.0	0.0	0.0	A
1695	8210	3	0	0.0003654080389768575	0.0	8210.0	0.0	0.0	0.0	0.0	A
1696	8210	0	0	0.0	0.0	8210.0	1.0	0.0	0.0001218026796589525	0.0	A
1697	8210	0	0	0.0	0.0	8210.0	7.0	0.0	0.0008526187576126675	0.0	T
1698	8210	0	0	0.0	0.0	8210.0	1.0	0.0	0.0001218026796589525	0.0	T
1699	8210	1	0	0.0001218026796589525	0.0	8210.0	2.0	0.0	0.000243605359317905	0.0	T
1700	8210	0	0	0.0	0.0	8210.0	1268.0	0.0	0.15444579780755177	0.0	A
1701	8210	0	0	0.0	0.0	8210.0	0.0	0.0	0.0	0.0	A
1702	8210	0	0	0.0	0.0	8210.0	1.0	0.0	0.0001218026796589525	0.0	A
1703	8210	1	0	0.0001218026796589525	0.0	8210.0	0.0	0.0	0.0	0.0	A
1704	8210	0	0	0.0	0.0	8210.0	0.0	0.0	0.0	0.0	G
1705	8210	0	0	0.0	0.0	8210.0	0.0	0.0	0.0	0.0	T
1706	8210	0	0	0.0	0.0	8210.0	0.0	0.0	0.0	0.0	G
1707	8210	0	0	0.0	0.0	8210.0	0.0	0.0	0.0	0.0	T
1708	8210	0	0	0.0	0.0	8210.0	0.0	0.0	0.0	0.0	T
1709	8210	1	0	0.0001218026796589525	0.0	8210.0	0.0	0.0	0.0	0.0	G
1710	8210	775	0	0.09439707673568819	0.0	8210.0	1.0	0.0	0.0001218026796589525	0.0	C
1711	8210	0	0	0.0	0.0	8210.0	5.0	0.0	0.0006090133982947625	0.0	C
1712	8210	0	0	0.0	0.0	8210.0	300.0	0.0	0.03654080389768575	0.0	G
1713	8210	0	0	0.0	0.0	8210.0	1.0	0.0	0.0001218026796589525	0.0	T
1714	8210	0	0	0.0	0.0	8210.0	1009.0	0.0	0.12289890377588307	0.0	A
1715	8210	0	0	0.0	0.0	8210.0	5.0	0.0	0.0006090133982947625	0.0	T
1716	8210	0	0	0.0	0.0	8210.0	0.0	0.0	0.0	0.0	A
1717	8210	1257	0	0.1531059683313033	0.0	8210.0	0.0	0.0	0.0	0.0	G
1718	8210	0	0	0.0	0.0	8210.0	0.0	0.0	0.0	0.0	C
1719	8210	0	0	0.0	0.0	8210.0	0.0	0.0	0.0	0.0	C
1720	8210	0	0	0.0	0.0	8210.0	0.0	0.0	0.0	0.0	T
1721	8210	0	0	0.0	0.0	8210.0	0.0	0.0	0.0	0.0	T
1722	8210	0	0	0.0	0.0	8210.0	0.0	0.0	0.0	0.0	T
1723	8210	0	0	0.0	0.0	8210.0	7.0	0.0	0.0008526187576126675	0.0	T
1724	8210	0	0	0.0	0.0	8210.0	0.0	0.0	0.0	0.0	G
1725	8210	0	0	0.0	0.0	8210.0	17.0	0.0	0.0020706455542021922	0.0	T
1726	8210	1041	0	0.12679658952496956	0.0	8210.0	0.0	0.0	0.0	0.0	G
1727	8210	0	0	0.0	0.0	8210.0	15.0	0.0	0.0018270401948842874	0.0	A
1728	8210	0	0	0.0	0.0	8210.0	1.0	0.0	0.0001218026796589525	0.0	C
1729	8210	0	0	0.0	0.0	8210.0	0.0	0.0	0.0	0.0	A
1730	8210	0	0	0.0	0.0	8210.0	0.0	0.0	0.0	0.0	A
1731	8210	0	0	0.0	0.0	8210.0	0.0	0.0	0.0	0.0	A
1732	8210	0	0	0.0	0.0	8210.0	0.0	0.0	0.0	0.0	A
1733	8210	0	0	0.0	0.0	8210.0	60.0	0.0	0.007308160779537149	0.0	C
1734	8210	0	0	0.0	0.0	8210.0	1.0	0.0	0.0001218026796589525	0.0	C
1735	8210	0	0	0.0	0.0	8210.0	0.0	0.0	0.0	0.0	A
1736	8210	0	0	0.0	0.0	8210.0	0.0	0.0	0.0	0.0	A
1737	8210	0	0	0.0	0.0	8210.0	0.0	0.0	0.0	0.0	C
1738	8210	0	0	0.0	0.0	8210.0	0.0	0.0	0.0	0.0	T
1739	8210	0	0	0.0	0.0	8210.0	130.0	0.0	0.015834348355663823	0.0	G
1740	8210	0	0	0.0	0.0	8210.0	0.0	0.0	0.0	0.0	T
1741	8210	0	0	0.0	0.0	8210.0	0.0	0.0	0.0	0.0	T
1742	8210	0	0	0.0	0.0	8210.0	0.0	0.0	0.0	0.0	T
1743	8210	0	0	0.0	0.0	8210.0	0.0	0.0	0.0	0.0	C
1744	8210	0	0	0.0	0.0	8210.0	0.0	0.0	0.0	0.0	A
1745	8210	0	0	0.0	0.0	8210.0	27.0	0.0	0.0032886723507917176	0.0	A
1746	8210	1	0	0.0001218026796589525	0.0	8210.0	0.0	0.0	0.0	0.0	G
1747	8210	7	0	0.0008526187576126675	0.0	8210.0	0.0	0.0	0.0	0.0	C
1748	8210	1	0	0.0001218026796589525	0.0	8210.0	0.0	0.0	0.0	0.0	C
1749	8210	2	0	0.000243605359317905	0.0	8210.0	0.0	0.0	0.0	0.0	C
1750	8210	1268	0	0.15444579780755177	0.0	8210.0	9.0	0.0	0.0010962241169305725	0.0	C
1751	8210	0	0	0.0	0.0	8210.0	7.0	0.0	0.0008526187576126675	0.0	A
1752	8210	1	0	0.0001218026796589525	0.0	8210.0	0.0	0.0	0.0	0.0	T
1753	8210	0	0	0.0	0.0	8210.0	1.0	0.0	0.0001218026796589525	0.0	T
1754	8210	0	0	0.0	0.0	8210.0	0.0	0.0	0.0	0.0	T
1755	8210	0	0	0.0	0.0	8210.0	0.0	0.0	0.0	0.0	T
1756	8210	0	0	0.0	0.0	8210.0	0.0	0.0	0.0	0.0	T
1757	8210	0	0	0.0	0.0	8210.0	0.0	0.0	0.0	0.0	A
1758	8210	0	0	0.0	0.0	8210.0	3.0	0.0	0.0003654080389768575	0.0	A
1759	8210	0	0	0.0	0.0	8210.0	0.0	0.0	0.0	0.0	A
1760	8210	1	0	0.0001218026796589525	0.0	8210.0	0.0	0.0	0.0	0.0	T
1761	8210	5	0	0.0006090133982947625	0.0	8210.0	0.0	0.0	0.0	0.0	C
1762	8210	300	0	0.03654080389768575	0.0	8210.0	0.0	0.0	0.0	0.0	C
1763	8210	1	0	0.0001218026796589525	0.0	8210.0	179.0	0.0	0.0218026796589525	0.0	A
1764	8210	1009	0	0.12289890377588307	0.0	8210.0	0.0	0.0	0.0	0.0	G
1765	8210	5	0	0.0006090133982947625	0.0	8210.0	0.0	0.0	0.0	0.0	G
1766	8210	0	0	0.0	0.0	8210.0	1065.0	0.0	0.12971985383678442	0.0	A
1767	8210	0	0	0.0	0.0	8210.0	0.0	0.0	0.0	0.0	C
1768	8210	0	0	0.0	0.0	8210.0	22.0	0.0	0.002679658952496955	0.0	T
1769	8210	0	0	0.0	0.0	8210.0	2.0	0.0	0.000243605359317905	0.0	T
1770	8210	0	0	0.0	0.0	8210.0	0.0	0.0	0.0	0.0	C
1771	8210	0	0	0.0	0.0	8210.0	0.0	0.0	0.0	0.0	A
1772	8210	0	0	0.0	0.0	8210.0	228.0	0.0	0.02777101096224117	0.0	T
1773	8210	7	0	0.0008526187576126675	0.0	8210.0	0.0	0.0	0.0	0.0	C
1774	8210	0	0	0.0	0.0	8210.0	0.0	0.0	0.0	0.0	C
1775	8210	17	0	0.0020706455542021922	0.0	8210.0	0.0	0.0	0.0	0.0	A
1776	8210	0	0	0.0	0.0	8210.0	0.0	0.0	0.0	0.0	C
1777	8210	15	0	0.0018270401948842874	0.0	8210.0	25.0	0.0	0.0030450669914738123	0.0	A
1778	8210	1	0	0.0001218026796589525	0.0	8210.0	6.0	0.0	0.000730816077953715	0.0	A
1779	8210	0	0	0.0	0.0	8210.0	1.0	0.0	0.0001218026796589525	0.0	C
1780	8210	0	0	0.0	0.0	8210.0	0.0	0.0	0.0	0.0	C
1781	8210	0	0	0.0	0.0	8210.0	7.0	0.0	0.0008526187576126675	0.0	T
1782	8210	0	0	0.0	0.0	8210.0	0.0	0.0	0.0	0.0	C
1783	8210	60	0	0.007308160779537149	0.0	8210.0	0.0	0.0	0.0	0.0	C
1784	8210	1	0	0.0001218026796589525	0.0	8210.0	0.0	0.0	0.0	0.0	G
1785	8210	0	0	0.0	0.0	8210.0	0.0	0.0	0.0	0.0	T
1786	8210	0	0	0.0	0.0	8210.0	0.0	0.0	0.0	0.0	A
1787	8210	0	0	0.0	0.0	8210.0	0.0	0.0	0.0	0.0	A
1788	8210	0	0	0.0	0.0	8210.0	0.0	0.0	0.0	0.0	T
1789	8210	130	0	0.015834348355663823	0.0	8210.0	0.0	0.0	0.0	0.0	C
1790	8210	0	0	0.0	0.0	8210.0	0.0	0.0	0.0	0.0	G
1791	8210	0	0	0.0	0.0	8210.0	0.0	0.0	0.0	0.0	G
1792	8210	0	0	0.0	0.0	8210.0	0.0	0.0	0.0	0.0	G
1793	8210	0	0	0.0	0.0	8210.0	0.0	0.0	0.0	0.0	C
1794	8210	0	0	0.0	0.0	8210.0	0.0	0.0	0.0	0.0	T
1795	8210	27	0	0.0032886723507917176	0.0	8210.0	0.0	0.0	0.0	0.0	G
1796	8210	0	0	0.0	0.0	8210.0	0.0	0.0	0.0	0.0	G
1797	8210	0	0	0.0	0.0	8210.0	1.0	0.0	0.0001218026796589525	0.0	T
1798	8210	0	0	0.0	0.0	8210.0	0.0	0.0	0.0	0.0	G
1799	8210	0	0	0.0	0.0	8210.0	0.0	0.0	0.0	0.0	A
1800	8210	9	0	0.0010962241169305725	0.0	8210.0	0.0	0.0	0.0	0.0	C
1801	8210	7	0	0.0008526187576126675	0.0	8210.0	1.0	0.0	0.0001218026796589525	0.0	A
1802	8210	0	0	0.0	0.0	8210.0	0.0	0.0	0.0	0.0	T
1803	8210	1	0	0.0001218026796589525	0.0	8210.0	0.0	0.0	0.0	0.0	C
1804	8210	0	0	0.0	0.0	8210.0	0.0	0.0	0.0	0.0	A
1805	8210	0	0	0.0	0.0	8210.0	1.0	0.0	0.0001218026796589525	0.0	C
1806	8210	0	0	0.0	0.0	8210.0	0.0	1.0	0.0	0.0001218026796589525	T
1807	8210	0	0	0.0	0.0	8210.0	3.0	0.0	0.0003654080389768575	0.0	T
1808	8210	3	0	0.0003654080389768575	0.0	8210.0	0.0	0.0	0.0	0.0	G
1809	8210	0	0	0.0	0.0	8210.0	7.0	0.0	0.0008526187576126675	0.0	T
1810	8210	0	0	0.0	0.0	8210.0	0.0	0.0	0.0	0.0	C
1811	8210	0	0	0.0	0.0	8210.0	0.0	0.0	0.0	0.0	A
1812	8210	0	0	0.0	0.0	8210.0	0.0	0.0	0.0	0.0	A
1813	8210	179	0	0.0218026796589525	0.0	8210.0	0.0	0.0	0.0	0.0	G
1814	8210	0	0	0.0	0.0	8210.0	0.0	0.0	0.0	0.0	G
1815	8210	0	0	0.0	0.0	8210.0	0.0	0.0	0.0	0.0	C
1816	8210	1065	0	0.12971985383678442	0.0	8210.0	0.0	0.0	0.0	0.0	C
1817	8210	0	0	0.0	0.0	8210.0	203.0	0.0	0.024725943970767356	0.0	A
1818	8210	22	0	0.002679658952496955	0.0	8210.0	0.0	0.0	0.0	0.0	C
1819	8210	2	0	0.000243605359317905	0.0	8210.0	0.0	0.0	0.0	0.0	T
1820	8210	0	0	0.0	0.0	8210.0	0.0	0.0	0.0	0.0	G
1821	8210	0	0	0.0	0.0	8210.0	0.0	0.0	0.0	0.0	T
1822	8210	228	0	0.02777101096224117	0.0	8210.0	1811.0	0.0	0.22058465286236298	0.0	T
1823	8210	0	0	0.0	0.0	8210.0	0.0	0.0	0.0	0.0	T
1824	8210	0	0	0.0	0.0	8210.0	0.0	0.0	0.0	0.0	T
1825	8210	0	0	0.0	0.0	8210.0	0.0	0.0	0.0	0.0	T
1826	8210	0	0	0.0	0.0	8210.0	1.0	0.0	0.0001218026796589525	0.0	A
1827	8210	25	0	0.0030450669914738123	0.0	8210.0	0.0	0.0	0.0	0.0	C
1828	8210	6	0	0.000730816077953715	0.0	8210.0	0.0	0.0	0.0	0.0	A
1829	8210	1	0	0.0001218026796589525	0.0	8210.0	0.0	0.0	0.0	0.0	G
1830	8210	0	0	0.0	0.0	8210.0	0.0	0.0	0.0	0.0	A
1831	8210	7	0	0.0008526187576126675	0.0	8210.0	0.0	0.0	0.0	0.0	C
1832	8210	0	0	0.0	0.0	8210.0	0.0	0.0	0.0	0.0	G
1833	8210	0	0	0.0	0.0	8210.0	0.0	0.0	0.0	0.0	T
1834	8210	0	0	0.0	0.0	8210.0	0.0	0.0	0.0	0.0	T
1835	8210	0	0	0.0	0.0	8210.0	0.0	0.0	0.0	0.0	T
1836	8210	0	0	0.0	0.0	8210.0	0.0	0.0	0.0	0.0	G
1837	8210	0	0	0.0	0.0	8210.0	1.0	0.0	0.0001218026796589525	0.0	G
1838	8210	0	0	0.0	0.0	8210.0	2627.0	0.0	0.3199756394640682	0.0	T
1839	8210	0	0	0.0	0.0	8210.0	0.0	0.0	0.0	0.0	T
1840	8210	0	0	0.0	0.0	8210.0	0.0	0.0	0.0	0.0	T
1841	8210	0	0	0.0	0.0	8210.0	0.0	0.0	0.0	0.0	T
1842	8210	0	0	0.0	0.0	8210.0	0.0	0.0	0.0	0.0	T
1843	8210	0	0	0.0	0.0	8210.0	1.0	0.0	0.0001218026796589525	0.0	A
1844	8210	0	0	0.0	0.0	8210.0	70.0	0.0	0.008526187576126675	0.0	A
1845	8210	0	0	0.0	0.0	8210.0	0.0	0.0	0.0	0.0	T
1846	8210	0	0	0.0	0.0	8210.0	0.0	0.0	0.0	0.0	T
1847	8210	1	0	0.0001218026796589525	0.0	8210.0	0.0	0.0	0.0	0.0	T
1848	8210	0	0	0.0	0.0	8210.0	0.0	0.0	0.0	0.0	T
1849	8210	0	0	0.0	0.0	8210.0	574.0	0.0	0.06991473812423873	0.0	T
1850	8210	0	0	0.0	0.0	8210.0	23.0	0.0	0.0028014616321559074	0.0	G
1851	8210	1	0	0.0001218026796589525	0.0	8210.0	0.0	0.0	0.0	0.0	C
1852	8210	0	0	0.0	0.0	8210.0	1.0	0.0	0.0001218026796589525	0.0	A
1853	8210	0	0	0.0	0.0	8210.0	0.0	0.0	0.0	0.0	A
1854	8210	0	0	0.0	0.0	8210.0	0.0	0.0	0.0	0.0	T
1855	8210	1	0	0.0001218026796589525	0.0	8210.0	0.0	0.0	0.0	0.0	G
1856	8210	0	1	0.0	0.0001218026796589525	8210.0	0.0	0.0	0.0	0.0	G
1857	8210	3	0	0.0003654080389768575	0.0	8210.0	0.0	0.0	0.0	0.0	C
1858	8210	0	0	0.0	0.0	8210.0	0.0	0.0	0.0	0.0	A
1859	8210	7	0	0.0008526187576126675	0.0	8210.0	0.0	0.0	0.0	0.0	T
1860	8210	0	0	0.0	0.0	8210.0	0.0	0.0	0.0	0.0	C
1861	8210	0	0	0.0	0.0	8210.0	0.0	0.0	0.0	0.0	A
1862	8210	0	0	0.0	0.0	8210.0	0.0	0.0	0.0	0.0	A
1863	8210	0	0	0.0	0.0	8210.0	0.0	0.0	0.0	0.0	T
1864	8210	0	0	0.0	0.0	8210.0	0.0	0.0	0.0	0.0	T
1865	8210	0	0	0.0	0.0	8210.0	0.0	0.0	0.0	0.0	G
1866	8210	0	0	0.0	0.0	8210.0	0.0	0.0	0.0	0.0	T
1867	8210	203	0	0.024725943970767356	0.0	8210.0	0.0	0.0	0.0	0.0	T
1868	8210	0	0	0.0	0.0	8210.0	0.0	0.0	0.0	0.0	G
1869	8210	0	0	0.0	0.0	8210.0	0.0	0.0	0.0	0.0	A
1870	8210	0	0	0.0	0.0	8210.0	0.0	0.0	0.0	0.0	A
1871	8210	0	0	0.0	0.0	8210.0	5.0	0.0	0.0006090133982947625	0.0	G
1872	8210	1811	0	0.22058465286236298	0.0	8210.0	1.0	0.0	0.0001218026796589525	0.0	C
1873	8210	0	0	0.0	0.0	8210.0	0.0	0.0	0.0	0.0	A
1874	8210	0	0	0.0	0.0	8210.0	0.0	0.0	0.0	0.0	C
1875	8210	0	0	0.0	0.0	8210.0	0.0	0.0	0.0	0.0	T
1876	8210	1	0	0.0001218026796589525	0.0	8210.0	0.0	0.0	0.0	0.0	T
1877	8210	0	0	0.0	0.0	8210.0	8.0	0.0	0.00097442143727162	0.0	T
1878	8210	0	0	0.0	0.0	8210.0	8.0	0.0	0.00097442143727162	0.0	T
1879	8210	0	0	0.0	0.0	8210.0	0.0	0.0	0.0	0.0	A
1880	8210	0	0	0.0	0.0	8210.0	0.0	0.0	0.0	0.0	C
1881	8210	0	0	0.0	0.0	8210.0	0.0	0.0	0.0	0.0	C
1882	8210	0	0	0.0	0.0	8210.0	0.0	0.0	0.0	0.0	A
1883	8210	0	0	0.0	0.0	8210.0	0.0	0.0	0.0	0.0	C
1884	8210	0	0	0.0	0.0	8210.0	0.0	0.0	0.0	0.0	T
1885	8210	0	0	0.0	0.0	8210.0	27.0	0.0	0.0032886723507917176	0.0	T
1886	8210	0	0	0.0	0.0	8210.0	0.0	0.0	0.0	0.0	T
1887	8210	1	0	0.0001218026796589525	0.0	8210.0	293.0	0.0	0.03568818514007308	0.0	G
1888	8210	2627	0	0.3199756394640682	0.0	8210.0	180.0	0.0	0.02192448233861145	0.0	C
1889	8210	0	0	0.0	0.0	8210.0	0.0	0.0	0.0	0.0	G
1890	8210	0	0	0.0	0.0	8210.0	0.0	0.0	0.0	0.0	A
1891	8210	0	0	0.0	0.0	8210.0	0.0	0.0	0.0	0.0	A
1892	8210	0	0	0.0	0.0	8210.0	0.0	0.0	0.0	0.0	A
1893	8210	1	0	0.0001218026796589525	0.0	8210.0	0.0	0.0	0.0	0.0	C
1894	8210	70	0	0.008526187576126675	0.0	8210.0	1.0	0.0	0.0001218026796589525	0.0	C
1895	8210	0	0	0.0	0.0	8210.0	0.0	0.0	0.0	0.0	G
1896	8210	0	0	0.0	0.0	8210.0	0.0	0.0	0.0	0.0	C
1897	8210	0	0	0.0	0.0	8210.0	0.0	0.0	0.0	0.0	T
1898	8210	0	0	0.0	0.0	8210.0	4.0	0.0	0.00048721071863581	0.0	A
1899	8210	574	0	0.06991473812423873	0.0	8210.0	0.0	0.0	0.0	0.0	C
1900	8210	23	0	0.0028014616321559074	0.0	8210.0	0.0	0.0	0.0	0.0	G
1901	8210	0	0	0.0	0.0	8210.0	0.0	0.0	0.0	0.0	A
1902	8210	1	0	0.0001218026796589525	0.0	8210.0	0.0	0.0	0.0	0.0	C
1903	8210	0	0	0.0	0.0	8210.0	0.0	0.0	0.0	0.0	C
1904	8210	0	0	0.0	0.0	8210.0	0.0	0.0	0.0	0.0	A
1905	8210	0	0	0.0	0.0	8210.0	0.0	0.0	0.0	0.0	G
1906	8210	0	0	0.0	0.0	8210.0	83.0	0.0	0.010109622411693057	0.0	A
1907	8210	0	0	0.0	0.0	8210.0	0.0	0.0	0.0	0.0	T
1908	8210	0	0	0.0	0.0	8210.0	0.0	0.0	0.0	0.0	C
1909	8210	0	0	0.0	0.0	8210.0	0.0	0.0	0.0	0.0	A
1910	8210	0	0	0.0	0.0	8210.0	0.0	0.0	0.0	0.0	A
1911	8210	0	0	0.0	0.0	8210.0	0.0	0.0	0.0	0.0	A
1912	8210	0	0	0.0	0.0	8210.0	0.0	0.0	0.0	0.0	C
1913	8210	0	0	0.0	0.0	8210.0	413.0	0.0	0.050304506699147385	0.0	C
1914	8210	0	0	0.0	0.0	8210.0	0.0	0.0	0.0	0.0	G
1915	8210	0	0	0.0	0.0	8210.0	0.0	0.0	0.0	0.0	A
1916	8210	0	0	0.0	0.0	8210.0	0.0	0.0	0.0	0.0	T
1917	8210	0	0	0.0	0.0	8210.0	0.0	0.0	0.0	0.0	C
1918	8210	0	0	0.0	0.0	8210.0	0.0	0.0	0.0	0.0	A
1919	8210	0	0	0.0	0.0	8210.0	0.0	0.0	0.0	0.0	T
1920	8210	0	0	0.0	0.0	8210.0	0.0	0.0	0.0	0.0	C
1921	8210	5	0	0.0006090133982947625	0.0	8210.0	0.0	0.0	0.0	0.0	C
1922	8210	1	0	0.0001218026796589525	0.0	8210.0	0.0	0.0	0.0	0.0	A
1923	8210	0	0	0.0	0.0	8210.0	0.0	0.0	0.0	0.0	C
1924	8210	0	0	0.0	0.0	8210.0	0.0	0.0	0.0	0.0	T
1925	8210	0	0	0.0	0.0	8210.0	21.0	0.0	0.0025578562728380025	0.0	T
1926	8210	0	0	0.0	0.0	8210.0	0.0	0.0	0.0	0.0	T
1927	8210	8	0	0.00097442143727162	0.0	8210.0	3.0	0.0	0.0003654080389768575	0.0	G
1928	8210	8	0	0.00097442143727162	0.0	8210.0	10.0	0.0	0.001218026796589525	0.0	C
1929	8210	0	0	0.0	0.0	8210.0	4.0	0.0	0.00048721071863581	0.0	C
1930	8210	0	0	0.0	0.0	8210.0	1.0	0.0	0.0001218026796589525	0.0	A
1931	8210	0	0	0.0	0.0	8210.0	1.0	0.0	0.0001218026796589525	0.0	T
1932	8210	0	0	0.0	0.0	8210.0	0.0	0.0	0.0	0.0	A
1933	8210	0	0	0.0	0.0	8210.0	0.0	0.0	0.0	0.0	A
1934	8210	0	0	0.0	0.0	8210.0	0.0	0.0	0.0	0.0	T
1935	8210	27	0	0.0032886723507917176	0.0	8210.0	0.0	0.0	0.0	0.0	G
1936	8210	0	0	0.0	0.0	8210.0	0.0	0.0	0.0	0.0	A
1937	8210	293	0	0.03568818514007308	0.0	8210.0	0.0	0.0	0.0	0.0	G
1938	8210	180	0	0.02192448233861145	0.0	8210.0	0.0	0.0	0.0	0.0	C
1939	8210	0	0	0.0	0.0	8210.0	1.0	0.0	0.0001218026796589525	0.0	A
1940	8210	0	0	0.0	0.0	8210.0	0.0	0.0	0.0	0.0	A
1941	8210	0	0	0.0	0.0	8210.0	0.0	0.0	0.0	0.0	A
1942	8210	0	0	0.0	0.0	8210.0	0.0	0.0	0.0	0.0	A
1943	8210	0	0	0.0	0.0	8210.0	0.0	0.0	0.0	0.0	T
1944	8210	1	0	0.0001218026796589525	0.0	8210.0	0.0	0.0	0.0	0.0	T
1945	8210	0	0	0.0	0.0	8210.0	0.0	0.0	0.0	0.0	G
1946	8210	0	0	0.0	0.0	8210.0	0.0	0.0	0.0	0.0	A
1947	8210	0	0	0.0	0.0	8210.0	0.0	0.0	0.0	0.0	A
1948	8210	4	0	0.00048721071863581	0.0	8210.0	0.0	0.0	0.0	0.0	C
1949	8210	0	0	0.0	0.0	8210.0	0.0	0.0	0.0	0.0	G
1950	8210	0	0	0.0	0.0	8210.0	0.0	0.0	0.0	0.0	G
1951	8210	0	0	0.0	0.0	8210.0	0.0	0.0	0.0	0.0	C
1952	8210	0	0	0.0	0.0	8210.0	0.0	0.0	0.0	0.0	T
1953	8210	0	0	0.0	0.0	8210.0	4.0	0.0	0.00048721071863581	0.0	C
1954	8210	0	0	0.0	0.0	8210.0	1.0	0.0	0.0001218026796589525	0.0	T
1955	8210	0	0	0.0	0.0	8210.0	0.0	0.0	0.0	0.0	T
1956	8210	83	0	0.010109622411693057	0.0	8210.0	0.0	0.0	0.0	0.0	G
1957	8210	0	0	0.0	0.0	8210.0	0.0	0.0	0.0	0.0	G
1958	8210	0	0	0.0	0.0	8210.0	0.0	0.0	0.0	0.0	A
1959	8210	0	0	0.0	0.0	8210.0	0.0	0.0	0.0	0.0	T
1960	8210	0	0	0.0	0.0	8210.0	0.0	0.0	0.0	0.0	T
1961	8210	0	0	0.0	0.0	8210.0	0.0	0.0	0.0	0.0	T
1962	8210	0	0	0.0	0.0	8210.0	0.0	0.0	0.0	0.0	C
1963	8210	413	0	0.050304506699147385	0.0	8210.0	0.0	0.0	0.0	0.0	C
1964	8210	0	0	0.0	0.0	8210.0	802.0	0.0	0.09768574908647991	0.0	A
1965	8210	0	0	0.0	0.0	8210.0	0.0	0.0	0.0	0.0	C
1966	8210	0	0	0.0	0.0	8210.0	0.0	0.0	0.0	0.0	A
1967	8210	0	0	0.0	0.0	8210.0	0.0	0.0	0.0	0.0	T
1968	8210	0	0	0.0	0.0	8210.0	0.0	0.0	0.0	0.0	A
1969	8210	0	0	0.0	0.0	8210.0	0.0	0.0	0.0	0.0	A
1970	8210	0	0	0.0	0.0	8210.0	4.0	0.0	0.00048721071863581	0.0	A
1971	8210	0	0	0.0	0.0	8210.0	0.0	0.0	0.0	0.0	T
1972	8210	0	0	0.0	0.0	8210.0	0.0	0.0	0.0	0.0	A
1973	8210	0	0	0.0	0.0	8210.0	1.0	0.0	0.0001218026796589525	0.0	G
1974	8210	0	0	0.0	0.0	8210.0	0.0	0.0	0.0	0.0	G
1975	8210	21	0	0.0025578562728380025	0.0	8210.0	0.0	0.0	0.0	0.0	C
1976	8210	0	0	0.0	0.0	8210.0	0.0	0.0	0.0	0.0	G
1977	8210	3	0	0.0003654080389768575	0.0	8210.0	0.0	0.0	0.0	0.0	C
1978	8210	10	0	0.001218026796589525	0.0	8210.0	0.0	0.0	0.0	0.0	C
1979	8210	4	0	0.00048721071863581	0.0	8210.0	7.0	0.0	0.0008526187576126675	0.0	A
1980	8210	1	0	0.0001218026796589525	0.0	8210.0	0.0	0.0	0.0	0.0	C
1981	8210	1	0	0.0001218026796589525	0.0	8210.0	0.0	0.0	0.0	0.0	T
1982	8210	0	0	0.0	0.0	8210.0	0.0	0.0	0.0	0.0	T
1983	8210	0	0	0.0	0.0	8210.0	1.0	0.0	0.0001218026796589525	0.0	C
1984	8210	0	0	0.0	0.0	8210.0	1.0	0.0	0.0001218026796589525	0.0	T
1985	8210	0	0	0.0	0.0	8210.0	0.0	0.0	0.0	0.0	T
1986	8210	0	0	0.0	0.0	8210.0	0.0	0.0	0.0	0.0	C
1987	8210	0	0	0.0	0.0	8210.0	0.0	0.0	0.0	0.0	A
1988	8210	0	0	0.0	0.0	8210.0	0.0	0.0	0.0	0.0	A
1989	8210	1	0	0.0001218026796589525	0.0	8210.0	0.0	0.0	0.0	0.0	G
1990	8210	0	0	0.0	0.0	8210.0	209.0	0.0	0.02545676004872107	0.0	G
1991	8210	0	0	0.0	0.0	8210.0	1.0	0.0	0.0001218026796589525	0.0	T
1992	8210	0	0	0.0	0.0	8210.0	0.0	0.0	0.0	0.0	A
1993	8210	0	0	0.0	0.0	8210.0	0.0	0.0	0.0	0.0	A
1994	8210	0	0	0.0	0.0	8210.0	0.0	0.0	0.0	0.0	A
1995	8210	0	0	0.0	0.0	8210.0	4.0	0.0	0.00048721071863581	0.0	C
1996	8210	0	0	0.0	0.0	8210.0	0.0	0.0	0.0	0.0	T
1997	8210	0	0	0.0	0.0	8210.0	0.0	0.0	0.0	0.0	T
1998	8210	0	0	0.0	0.0	8210.0	0.0	0.0	0.0	0.0	T
1999	8210	0	0	0.0	0.0	8210.0	1.0	0.0	0.0001218026796589525	0.0	A
2000	8210	0	0	0.0	0.0	8210.0	1.0	0.0	0.0001218026796589525	0.0	G
2001	8210	0	0	0.0	0.0	8210.0	0.0	0.0	0.0	0.0	C
2002	8210	0	0	0.0	0.0	8210.0	0.0	0.0	0.0	0.0	C
2003	8210	4	0	0.00048721071863581	0.0	8210.0	7.0	0.0	0.0008526187576126675	0.0	G
2004	8210	1	0	0.0001218026796589525	0.0	8210.0	0.0	0.0	0.0	0.0	C
2005	8210	0	0	0.0	0.0	8210.0	0.0	0.0	0.0	0.0	C
2006	8210	0	0	0.0	0.0	8210.0	1756.0	0.0	0.2138855054811206	0.0	T
2007	8210	0	0	0.0	0.0	8210.0	0.0	0.0	0.0	0.0	G
2008	8210	0	0	0.0	0.0	8210.0	0.0	0.0	0.0	0.0	A
2009	8210	0	0	0.0	0.0	8210.0	0.0	0.0	0.0	0.0	C
2010	8210	0	0	0.0	0.0	8210.0	0.0	0.0	0.0	0.0	A
2011	8210	0	0	0.0	0.0	8210.0	0.0	0.0	0.0	0.0	A
2012	8210	0	0	0.0	0.0	8210.0	0.0	0.0	0.0	0.0	G
2013	8210	0	0	0.0	0.0	8210.0	0.0	0.0	0.0	0.0	C
2014	8210	802	0	0.09768574908647991	0.0	8210.0	1.0	0.0	0.0001218026796589525	0.0	G
2015	8210	0	0	0.0	0.0	8210.0	3.0	0.0	0.0003654080389768575	0.0	T
2016	8210	0	0	0.0	0.0	8210.0	1.0	0.0	0.0001218026796589525	0.0	T
2017	8210	0	0	0.0	0.0	8210.0	0.0	0.0	0.0	0.0	A
2018	8210	0	0	0.0	0.0	8210.0	0.0	0.0	0.0	0.0	T
2019	8210	0	0	0.0	0.0	8210.0	0.0	0.0	0.0	0.0	G
2020	8210	4	0	0.00048721071863581	0.0	8210.0	15.0	0.0	0.0018270401948842874	0.0	T
2021	8210	0	0	0.0	0.0	8210.0	0.0	0.0	0.0	0.0	G
2022	8210	0	0	0.0	0.0	8210.0	0.0	0.0	0.0	0.0	A
2023	8210	1	0	0.0001218026796589525	0.0	8210.0	47.0	0.0	0.005724725943970767	0.0	C
2024	8210	0	0	0.0	0.0	8210.0	0.0	0.0	0.0	0.0	G
2025	8210	0	0	0.0	0.0	8210.0	336.0	0.0	0.04092570036540804	0.0	A
2026	8210	0	0	0.0	0.0	8210.0	28.0	0.0	0.00341047503045067	0.0	G
2027	8210	0	0	0.0	0.0	8210.0	0.0	0.0	0.0	0.0	C
2028	8210	0	0	0.0	0.0	8210.0	0.0	0.0	0.0	0.0	C
2029	8210	7	0	0.0008526187576126675	0.0	8210.0	0.0	0.0	0.0	0.0	A
2030	8210	0	0	0.0	0.0	8210.0	0.0	0.0	0.0	0.0	G
2031	8210	0	0	0.0	0.0	8210.0	0.0	0.0	0.0	0.0	T
2032	8210	0	0	0.0	0.0	8210.0	0.0	0.0	0.0	0.0	T
2033	8210	1	0	0.0001218026796589525	0.0	8210.0	0.0	0.0	0.0	0.0	G
2034	8210	1	0	0.0001218026796589525	0.0	8210.0	0.0	0.0	0.0	0.0	C
2035	8210	0	0	0.0	0.0	8210.0	0.0	0.0	0.0	0.0	T
2036	8210	0	0	0.0	0.0	8210.0	0.0	0.0	0.0	0.0	A
2037	8210	0	0	0.0	0.0	8210.0	0.0	0.0	0.0	0.0	A
2038	8210	0	0	0.0	0.0	8210.0	0.0	0.0	0.0	0.0	A
2039	8210	0	0	0.0	0.0	8210.0	0.0	0.0	0.0	0.0	A
2040	8210	209	0	0.02545676004872107	0.0	8210.0	0.0	0.0	0.0	0.0	T
2041	8210	1	0	0.0001218026796589525	0.0	8210.0	0.0	0.0	0.0	0.0	T
2042	8210	0	0	0.0	0.0	8210.0	0.0	0.0	0.0	0.0	A
2043	8210	0	0	0.0	0.0	8210.0	0.0	0.0	0.0	0.0	G
2044	8210	0	0	0.0	0.0	8210.0	0.0	0.0	0.0	0.0	A
2045	8210	4	0	0.00048721071863581	0.0	8210.0	0.0	0.0	0.0	0.0	C
2046	8210	0	0	0.0	0.0	8210.0	0.0	0.0	0.0	0.0	A
2047	8210	0	0	0.0	0.0	8210.0	0.0	0.0	0.0	0.0	G
2048	8210	0	0	0.0	0.0	8210.0	0.0	0.0	0.0	0.0	T
2049	8210	1	0	0.0001218026796589525	0.0	8210.0	0.0	0.0	0.0	0.0	G
2050	8210	1	0	0.0001218026796589525	0.0	8210.0	0.0	0.0	0.0	0.0	C
2051	8210	0	0	0.0	0.0	8210.0	0.0	0.0	0.0	0.0	G
2052	8210	0	0	0.0	0.0	8210.0	666.0	0.0	0.08112058465286236	0.0	T
2053	8210	7	0	0.0008526187576126675	0.0	8210.0	0.0	0.0	0.0	0.0	G
2054	8210	0	0	0.0	0.0	8210.0	0.0	0.0	0.0	0.0	A
2055	8210	0	0	0.0	0.0	8210.0	0.0	0.0	0.0	0.0	C
2056	8210	1756	0	0.2138855054811206	0.0	8210.0	0.0	0.0	0.0	0.0	C
2057	8210	0	0	0.0	0.0	8210.0	1893.0	0.0	0.2305724725943971	0.0	T
2058	8210	0	0	0.0	0.0	8210.0	0.0	0.0	0.0	0.0	T
2059	8210	0	0	0.0	0.0	8210.0	0.0	0.0	0.0	0.0	T
2060	8210	0	0	0.0	0.0	8210.0	0.0	0.0	0.0	0.0	G
2061	8210	0	0	0.0	0.0	8210.0	83.0	0.0	0.010109622411693057	0.0	A
2062	8210	0	0	0.0	0.0	8210.0	0.0	0.0	0.0	0.0	A
2063	8210	0	0	0.0	0.0	8210.0	0.0	0.0	0.0	0.0	A
2064	8210	1	0	0.0001218026796589525	0.0	8210.0	0.0	0.0	0.0	0.0	C
2065	8210	3	0	0.0003654080389768575	0.0	8210.0	0.0	0.0	0.0	0.0	G
2066	8210	1	0	0.0001218026796589525	0.0	8210.0	1.0	0.0	0.0001218026796589525	0.0	T
2067	8210	0	0	0.0	0.0	8210.0	0.0	0.0	0.0	0.0	C
2068	8210	0	0	0.0	0.0	8210.0	0.0	0.0	0.0	0.0	T
2069	8210	0	0	0.0	0.0	8210.0	0.0	0.0	0.0	0.0	G
2070	8210	15	0	0.0018270401948842874	0.0	8210.0	1.0	0.0	0.0001218026796589525	0.0	T
2071	8210	0	0	0.0	0.0	8210.0	0.0	0.0	0.0	0.0	A
2072	8210	0	0	0.0	0.0	8210.0	0.0	0.0	0.0	0.0	T
2073	8210	47	0	0.005724725943970767	0.0	8210.0	0.0	0.0	0.0	0.0	C
2074	8210	0	0	0.0	0.0	8210.0	0.0	0.0	0.0	0.0	A
2075	8210	336	0	0.04092570036540804	0.0	8210.0	0.0	0.0	0.0	0.0	G
2076	8210	28	0	0.00341047503045067	0.0	8210.0	0.0	0.0	0.0	0.0	T
2077	8210	0	0	0.0	0.0	8210.0	0.0	0.0	0.0	0.0	T
2078	8210	0	0	0.0	0.0	8210.0	0.0	0.0	0.0	0.0	A
2079	8210	0	0	0.0	0.0	8210.0	0.0	1.0	0.0	0.0001218026796589525	A
2080	8210	0	0	0.0	0.0	8210.0	0.0	1.0	0.0	0.0001218026796589525	T
2081	8210	0	0	0.0	0.0	8210.0	1.0	1.0	0.0001218026796589525	0.0001218026796589525	T
2082	8210	0	0	0.0	0.0	8210.0	0.0	1.0	0.0	0.0001218026796589525	G
2083	8210	0	0	0.0	0.0	8210.0	0.0	1.0	0.0	0.0001218026796589525	A
2084	8210	0	0	0.0	0.0	8210.0	0.0	0.0	0.0	0.0	A
2085	8210	0	0	0.0	0.0	8210.0	0.0	0.0	0.0	0.0	A
2086	8210	0	0	0.0	0.0	8210.0	0.0	0.0	0.0	0.0	T
2087	8210	0	0	0.0	0.0	8210.0	0.0	0.0	0.0	0.0	T
2088	8210	0	0	0.0	0.0	8210.0	0.0	0.0	0.0	0.0	G
2089	8210	0	0	0.0	0.0	8210.0	0.0	0.0	0.0	0.0	G
2090	8210	0	0	0.0	0.0	8210.0	8168.0	0.0	0.994884287454324	0.0	T
2091	8210	0	0	0.0	0.0	8210.0	0.0	0.0	0.0	0.0	T
2092	8210	0	0	0.0	0.0	8210.0	0.0	0.0	0.0	0.0	A
2093	8210	0	0	0.0	0.0	8210.0	0.0	0.0	0.0	0.0	A
2094	8210	0	0	0.0	0.0	8210.0	0.0	0.0	0.0	0.0	G
2095	8210	0	0	0.0	0.0	8210.0	0.0	0.0	0.0	0.0	A
2096	8210	0	0	0.0	0.0	8210.0	0.0	0.0	0.0	0.0	A
2097	8210	0	0	0.0	0.0	8210.0	0.0	0.0	0.0	0.0	T
2098	8210	0	0	0.0	0.0	8210.0	0.0	0.0	0.0	0.0	C
2099	8210	0	0	0.0	0.0	8210.0	0.0	0.0	0.0	0.0	T
2100	8210	0	0	0.0	0.0	8210.0	0.0	0.0	0.0	0.0	G
2101	8210	0	0	0.0	0.0	8210.0	0.0	0.0	0.0	0.0	A
2102	8210	666	0	0.08112058465286236	0.0	8210.0	0.0	0.0	0.0	0.0	G
2103	8210	0	0	0.0	0.0	8210.0	0.0	0.0	0.0	0.0	T
2104	8210	0	0	0.0	0.0	8210.0	1.0	0.0	0.0001218026796589525	0.0	T
2105	8210	0	0	0.0	0.0	8210.0	1.0	0.0	0.0001218026796589525	0.0	A
2106	8210	0	0	0.0	0.0	8210.0	0.0	0.0	0.0	0.0	G
2107	8210	1893	0	0.2305724725943971	0.0	8210.0	0.0	0.0	0.0	0.0	A
2108	8210	0	0	0.0	0.0	8210.0	0.0	0.0	0.0	0.0	G
2109	8210	0	0	0.0	0.0	8210.0	1.0	0.0	0.0001218026796589525	0.0	C
2110	8210	0	0	0.0	0.0	8210.0	0.0	0.0	0.0	0.0	T
2111	8210	83	0	0.010109622411693057	0.0	8210.0	0.0	0.0	0.0	0.0	G
2112	8210	0	0	0.0	0.0	8210.0	0.0	0.0	0.0	0.0	C
2113	8210	0	0	0.0	0.0	8210.0	0.0	0.0	0.0	0.0	T
2114	8210	0	0	0.0	0.0	8210.0	0.0	0.0	0.0	0.0	T
2115	8210	0	0	0.0	0.0	8210.0	0.0	0.0	0.0	0.0	G
2116	8210	1	0	0.0001218026796589525	0.0	8210.0	0.0	0.0	0.0	0.0	C
2117	8210	0	0	0.0	0.0	8210.0	809.0	0.0	0.09853836784409258	0.0	T
2118	8210	0	0	0.0	0.0	8210.0	0.0	0.0	0.0	0.0	C
2119	8210	0	0	0.0	0.0	8210.0	1.0	0.0	0.0001218026796589525	0.0	C
2120	8210	1	0	0.0001218026796589525	0.0	8210.0	2.0	0.0	0.000243605359317905	0.0	T
2121	8210	0	0	0.0	0.0	8210.0	0.0	0.0	0.0	0.0	C
2122	8210	0	0	0.0	0.0	8210.0	0.0	0.0	0.0	0.0	A
2123	8210	0	0	0.0	0.0	8210.0	0.0	0.0	0.0	0.0	T
2124	8210	0	0	0.0	0.0	8210.0	0.0	0.0	0.0	0.0	T
2125	8210	0	0	0.0	0.0	8210.0	0.0	0.0	0.0	0.0	T
2126	8210	0	0	0.0	0.0	8210.0	0.0	0.0	0.0	0.0	A
2127	8210	0	0	0.0	0.0	8210.0	0.0	0.0	0.0	0.0	T
2128	8210	0	0	0.0	0.0	8210.0	0.0	0.0	0.0	0.0	A
2129	8210	0	1	0.0	0.0001218026796589525	8210.0	0.0	0.0	0.0	0.0	T
2130	8210	0	1	0.0	0.0001218026796589525	8210.0	0.0	0.0	0.0	0.0	A
2131	8210	1	1	0.0001218026796589525	0.0001218026796589525	8210.0	0.0	0.0	0.0	0.0	A
2132	8210	0	1	0.0	0.0001218026796589525	8210.0	0.0	0.0	0.0	0.0	T
2133	8210	0	1	0.0	0.0001218026796589525	8210.0	180.0	0.0	0.02192448233861145	0.0	C
2134	8210	0	0	0.0	0.0	8210.0	0.0	0.0	0.0	0.0	C
2135	8210	0	0	0.0	0.0	8210.0	0.0	0.0	0.0	0.0	A
2136	8210	0	0	0.0	0.0	8210.0	1.0	0.0	0.0001218026796589525	0.0	G
2137	8210	0	0	0.0	0.0	8210.0	0.0	0.0	0.0	0.0	C
2138	8210	0	0	0.0	0.0	8210.0	0.0	0.0	0.0	0.0	A
2139	8210	0	0	0.0	0.0	8210.0	0.0	0.0	0.0	0.0	T
2140	8210	8168	0	0.994884287454324	0.0	8210.0	0.0	0.0	0.0	0.0	T
2141	8210	0	0	0.0	0.0	8210.0	0.0	0.0	0.0	0.0	G
2142	8210	0	0	0.0	0.0	8210.0	4.0	0.0	0.00048721071863581	0.0	T
2143	8210	0	0	0.0	0.0	8210.0	0.0	0.0	0.0	0.0	T
2144	8210	0	0	0.0	0.0	8210.0	7.0	0.0	0.0008526187576126675	0.0	T
2145	8210	0	0	0.0	0.0	8210.0	0.0	0.0	0.0	0.0	T
2146	8210	0	0	0.0	0.0	8210.0	0.0	0.0	0.0	0.0	C
2147	8210	0	0	0.0	0.0	8210.0	0.0	0.0	0.0	0.0	A
2148	8210	0	0	0.0	0.0	8210.0	0.0	0.0	0.0	0.0	T
2149	8210	0	0	0.0	0.0	8210.0	0.0	0.0	0.0	0.0	A
2150	8210	0	0	0.0	0.0	8210.0	1.0	0.0	0.0001218026796589525	0.0	T
2151	8210	0	0	0.0	0.0	8210.0	0.0	0.0	0.0	0.0	T
2152	8210	0	0	0.0	0.0	8210.0	0.0	0.0	0.0	0.0	T
2153	8210	0	0	0.0	0.0	8210.0	0.0	0.0	0.0	0.0	T
2154	8210	1	0	0.0001218026796589525	0.0	8210.0	1.0	0.0	0.0001218026796589525	0.0	G
2155	8210	1	0	0.0001218026796589525	0.0	8210.0	0.0	0.0	0.0	0.0	C
2156	8210	0	0	0.0	0.0	8210.0	0.0	0.0	0.0	0.0	C
2157	8210	0	0	0.0	0.0	8210.0	0.0	0.0	0.0	0.0	T
2158	8210	0	0	0.0	0.0	8210.0	1.0	0.0	0.0001218026796589525	0.0	C
2159	8210	1	0	0.0001218026796589525	0.0	8210.0	0.0	0.0	0.0	0.0	C
2160	8210	0	0	0.0	0.0	8210.0	0.0	0.0	0.0	0.0	T
2161	8210	0	0	0.0	0.0	8210.0	0.0	0.0	0.0	0.0	A
2162	8210	0	0	0.0	0.0	8210.0	2.0	0.0	0.000243605359317905	0.0	A
2163	8210	0	0	0.0	0.0	8210.0	0.0	0.0	0.0	0.0	A
2164	8210	0	0	0.0	0.0	8210.0	0.0	0.0	0.0	0.0	A
2165	8210	0	0	0.0	0.0	8210.0	0.0	0.0	0.0	0.0	T
2166	8210	0	0	0.0	0.0	8210.0	3.0	0.0	0.0003654080389768575	0.0	A
2167	8210	809	0	0.09853836784409258	0.0	8210.0	0.0	0.0	0.0	0.0	G
2168	8210	0	0	0.0	0.0	8210.0	287.0	0.0	0.03495736906211937	0.0	A
2169	8210	1	0	0.0001218026796589525	0.0	8210.0	0.0	0.0	0.0	0.0	C
2170	8210	2	0	0.000243605359317905	0.0	8210.0	0.0	0.0	0.0	0.0	C
2171	8210	0	0	0.0	0.0	8210.0	0.0	0.0	0.0	0.0	A
2172	8210	0	0	0.0	0.0	8210.0	1.0	0.0	0.0001218026796589525	0.0	A
2173	8210	0	0	0.0	0.0	8210.0	0.0	0.0	0.0	0.0	T
2174	8210	0	0	0.0	0.0	8210.0	1.0	0.0	0.0001218026796589525	0.0	T
2175	8210	0	0	0.0	0.0	8210.0	0.0	0.0	0.0	0.0	A
2176	8210	0	0	0.0	0.0	8210.0	0.0	0.0	0.0	0.0	A
2177	8210	0	0	0.0	0.0	8210.0	0.0	0.0	0.0	0.0	T
2178	8210	0	0	0.0	0.0	8210.0	0.0	0.0	0.0	0.0	G
2179	8210	0	0	0.0	0.0	8210.0	1.0	0.0	0.0001218026796589525	0.0	A
2180	8210	0	0	0.0	0.0	8210.0	0.0	0.0	0.0	0.0	G
2181	8210	0	0	0.0	0.0	8210.0	0.0	0.0	0.0	0.0	C
2182	8210	0	0	0.0	0.0	8210.0	0.0	0.0	0.0	0.0	C
2183	8210	180	0	0.02192448233861145	0.0	8210.0	0.0	0.0	0.0	0.0	A
2184	8210	0	0	0.0	0.0	8210.0	0.0	0.0	0.0	0.0	A
2185	8210	0	0	0.0	0.0	8210.0	0.0	0.0	0.0	0.0	G
2186	8210	1	0	0.0001218026796589525	0.0	8210.0	0.0	0.0	0.0	0.0	A
2187	8210	0	0	0.0	0.0	8210.0	0.0	0.0	0.0	0.0	A
2188	8210	0	0	0.0	0.0	8210.0	0.0	0.0	0.0	0.0	T
2189	8210	0	0	0.0	0.0	8210.0	0.0	0.0	0.0	0.0	T
2190	8210	0	0	0.0	0.0	8210.0	27.0	0.0	0.0032886723507917176	0.0	C
2191	8210	0	0	0.0	0.0	8210.0	0.0	0.0	0.0	0.0	C
2192	8210	4	0	0.00048721071863581	0.0	8210.0	0.0	0.0	0.0	0.0	G
2193	8210	0	0	0.0	0.0	8210.0	0.0	0.0	0.0	0.0	A
2194	8210	7	0	0.0008526187576126675	0.0	8210.0	0.0	0.0	0.0	0.0	C
2195	8210	0	0	0.0	0.0	8210.0	0.0	0.0	0.0	0.0	A
2196	8210	0	0	0.0	0.0	8210.0	0.0	0.0	0.0	0.0	A
2197	8210	0	0	0.0	0.0	8210.0	0.0	0.0	0.0	0.0	T
2198	8210	0	0	0.0	0.0	8210.0	3.0	0.0	0.0003654080389768575	0.0	T
2199	8210	0	0	0.0	0.0	8210.0	0.0	0.0	0.0	0.0	G
2200	8210	1	0	0.0001218026796589525	0.0	8210.0	0.0	0.0	0.0	0.0	C
2201	8210	0	0	0.0	0.0	8210.0	0.0	0.0	0.0	0.0	C
2202	8210	0	0	0.0	0.0	8210.0	0.0	0.0	0.0	0.0	A
2203	8210	0	0	0.0	0.0	8210.0	0.0	0.0	0.0	0.0	T
2204	8210	1	0	0.0001218026796589525	0.0	8210.0	1.0	0.0	0.0001218026796589525	0.0	G
2205	8210	0	0	0.0	0.0	8210.0	0.0	0.0	0.0	0.0	C
2206	8210	0	0	0.0	0.0	8210.0	0.0	0.0	0.0	0.0	C
2207	8210	0	0	0.0	0.0	8210.0	0.0	0.0	0.0	0.0	A
2208	8210	1	0	0.0001218026796589525	0.0	8210.0	1.0	0.0	0.0001218026796589525	0.0	C
2209	8210	0	0	0.0	0.0	8210.0	1.0	0.0	0.0001218026796589525	0.0	C
2210	8210	0	0	0.0	0.0	8210.0	0.0	0.0	0.0	0.0	T
2211	8210	0	0	0.0	0.0	8210.0	0.0	0.0	0.0	0.0	A
2212	8210	2	0	0.000243605359317905	0.0	8210.0	0.0	0.0	0.0	0.0	A
2213	8210	0	0	0.0	0.0	8210.0	0.0	0.0	0.0	0.0	A
2214	8210	0	0	0.0	0.0	8210.0	753.0	0.0	0.09171741778319123	0.0	A
2215	8210	0	0	0.0	0.0	8210.0	10.0	0.0	0.001218026796589525	0.0	T
2216	8210	3	0	0.0003654080389768575	0.0	8210.0	0.0	0.0	0.0	0.0	C
2217	8210	0	0	0.0	0.0	8210.0	0.0	0.0	0.0	0.0	G
2218	8210	287	0	0.03495736906211937	0.0	8210.0	179.0	0.0	0.0218026796589525	0.0	C
2219	8210	0	0	0.0	0.0	8210.0	0.0	0.0	0.0	0.0	T
2220	8210	0	0	0.0	0.0	8210.0	173.0	0.0	0.021071863580998784	0.0	A
2221	8210	0	0	0.0	0.0	8210.0	0.0	0.0	0.0	0.0	A
2222	8210	1	0	0.0001218026796589525	0.0	8210.0	0.0	0.0	0.0	0.0	A
2223	8210	0	0	0.0	0.0	8210.0	3.0	0.0	0.0003654080389768575	0.0	G
2224	8210	1	0	0.0001218026796589525	0.0	8210.0	0.0	0.0	0.0	0.0	G
2225	8210	0	0	0.0	0.0	8210.0	0.0	0.0	0.0	0.0	T
2226	8210	0	0	0.0	0.0	8210.0	0.0	0.0	0.0	0.0	T
2227	8210	0	0	0.0	0.0	8210.0	0.0	0.0	0.0	0.0	T
2228	8210	0	0	0.0	0.0	8210.0	0.0	0.0	0.0	0.0	T
2229	8210	1	0	0.0001218026796589525	0.0	8210.0	0.0	0.0	0.0	0.0	A
2230	8210	0	0	0.0	0.0	8210.0	0.0	0.0	0.0	0.0	C
2231	8210	0	0	0.0	0.0	8210.0	0.0	0.0	0.0	0.0	T
2232	8210	0	0	0.0	0.0	8210.0	0.0	0.0	0.0	0.0	T
2233	8210	0	0	0.0	0.0	8210.0	0.0	0.0	0.0	0.0	C
2234	8210	0	0	0.0	0.0	8210.0	0.0	0.0	0.0	0.0	T
2235	8210	0	0	0.0	0.0	8210.0	0.0	0.0	0.0	0.0	T
2236	8210	0	0	0.0	0.0	8210.0	0.0	0.0	0.0	0.0	T
2237	8210	0	0	0.0	0.0	8210.0	0.0	0.0	0.0	0.0	T
2238	8210	0	0	0.0	0.0	8210.0	0.0	0.0	0.0	0.0	T
2239	8210	0	0	0.0	0.0	8210.0	2.0	0.0	0.000243605359317905	0.0	T
2240	8210	27	0	0.0032886723507917176	0.0	8210.0	0.0	0.0	0.0	0.0	C
2241	8210	0	0	0.0	0.0	8210.0	1.0	0.0	0.0001218026796589525	0.0	A
2242	8210	0	0	0.0	0.0	8210.0	0.0	0.0	0.0	0.0	A
2243	8210	0	0	0.0	0.0	8210.0	0.0	0.0	0.0	0.0	T
2244	8210	0	0	0.0	0.0	8210.0	0.0	0.0	0.0	0.0	A
2245	8210	0	0	0.0	0.0	8210.0	0.0	0.0	0.0	0.0	A
2246	8210	0	0	0.0	0.0	8210.0	0.0	0.0	0.0	0.0	A
2247	8210	0	0	0.0	0.0	8210.0	1.0	0.0	0.0001218026796589525	0.0	T
2248	8210	3	0	0.0003654080389768575	0.0	8210.0	0.0	0.0	0.0	0.0	A
2249	8210	0	0	0.0	0.0	8210.0	0.0	0.0	0.0	0.0	A
2250	8210	0	0	0.0	0.0	8210.0	0.0	0.0	0.0	0.0	A
2251	8210	0	0	0.0	0.0	8210.0	0.0	0.0	0.0	0.0	A
2252	8210	0	0	0.0	0.0	8210.0	0.0	0.0	0.0	0.0	A
2253	8210	0	0	0.0	0.0	8210.0	0.0	0.0	0.0	0.0	A
2254	8210	1	0	0.0001218026796589525	0.0	8210.0	3.0	0.0	0.0003654080389768575	0.0	C
2255	8210	0	0	0.0	0.0	8210.0	0.0	0.0	0.0	0.0	A
2256	8210	0	0	0.0	0.0	8210.0	0.0	0.0	0.0	0.0	A
2257	8210	0	0	0.0	0.0	8210.0	1461.0	0.0	0.1779537149817296	0.0	A
2258	8210	1	0	0.0001218026796589525	0.0	8210.0	0.0	0.0	0.0	0.0	A
2259	8210	1	0	0.0001218026796589525	0.0	8210.0	0.0	0.0	0.0	0.0	C
2260	8210	0	0	0.0	0.0	8210.0	0.0	0.0	0.0	0.0	C
2261	8210	0	0	0.0	0.0	8210.0	0.0	0.0	0.0	0.0	A
2262	8210	0	0	0.0	0.0	8210.0	0.0	0.0	0.0	0.0	A
2263	8210	0	0	0.0	0.0	8210.0	0.0	0.0	0.0	0.0	A
2264	8210	753	0	0.09171741778319123	0.0	8210.0	0.0	0.0	0.0	0.0	A
2265	8210	10	0	0.001218026796589525	0.0	8210.0	2238.0	0.0	0.27259439707673566	0.0	G
2266	8210	0	0	0.0	0.0	8210.0	0.0	0.0	0.0	0.0	A
2267	8210	0	0	0.0	0.0	8210.0	2.0	0.0	0.000243605359317905	0.0	T
2268	8210	179	0	0.0218026796589525	0.0	8210.0	1.0	0.0	0.0001218026796589525	0.0	G
2269	8210	0	0	0.0	0.0	8210.0	0.0	0.0	0.0	0.0	C
2270	8210	173	0	0.021071863580998784	0.0	8210.0	0.0	0.0	0.0	0.0	A
2271	8210	0	0	0.0	0.0	8210.0	0.0	0.0	0.0	0.0	A
2272	8210	0	0	0.0	0.0	8210.0	2.0	0.0	0.000243605359317905	0.0	G
2273	8210	3	0	0.0003654080389768575	0.0	8210.0	0.0	0.0	0.0	0.0	C
2274	8210	0	0	0.0	0.0	8210.0	0.0	0.0	0.0	0.0	G
2275	8210	0	0	0.0	0.0	8210.0	0.0	0.0	0.0	0.0	G
2276	8210	0	0	0.0	0.0	8210.0	0.0	0.0	0.0	0.0	T
2277	8210	0	0	0.0	0.0	8210.0	0.0	0.0	0.0	0.0	A
2278	8210	0	0	0.0	0.0	8210.0	0.0	0.0	0.0	0.0	A
2279	8210	0	0	0.0	0.0	8210.0	0.0	0.0	0.0	0.0	T
2280	8210	0	0	0.0	0.0	8210.0	1936.0	0.0	0.23580998781973203	0.0	A
2281	8210	0	0	0.0	0.0	8210.0	1.0	0.0	0.0001218026796589525	0.0	A
2282	8210	0	0	0.0	0.0	8210.0	0.0	0.0	0.0	0.0	T
2283	8210	0	0	0.0	0.0	8210.0	0.0	0.0	0.0	0.0	T
2284	8210	0	0	0.0	0.0	8210.0	1.0	0.0	0.0001218026796589525	0.0	T
2285	8210	0	0	0.0	0.0	8210.0	0.0	0.0	0.0	0.0	A
2286	8210	0	0	0.0	0.0	8210.0	0.0	0.0	0.0	0.0	G
2287	8210	0	0	0.0	0.0	8210.0	23.0	0.0	0.0028014616321559074	0.0	G
2288	8210	0	0	0.0	0.0	8210.0	0.0	0.0	0.0	0.0	C
2289	8210	2	0	0.000243605359317905	0.0	8210.0	32.0	0.0	0.00389768574908648	0.0	A
2290	8210	0	0	0.0	0.0	8210.0	0.0	0.0	0.0	0.0	T
2291	8210	1	0	0.0001218026796589525	0.0	8210.0	0.0	0.0	0.0	0.0	G
2292	8210	0	0	0.0	0.0	8210.0	0.0	0.0	0.0	0.0	A
2293	8210	0	0	0.0	0.0	8210.0	0.0	0.0	0.0	0.0	T
2294	8210	0	0	0.0	0.0	8210.0	0.0	0.0	0.0	0.0	A
2295	8210	0	0	0.0	0.0	8210.0	0.0	0.0	0.0	0.0	T
2296	8210	0	0	0.0	0.0	8210.0	0.0	0.0	0.0	0.0	C
2297	8210	1	0	0.0001218026796589525	0.0	8210.0	0.0	0.0	0.0	0.0	G
2298	8210	0	0	0.0	0.0	8210.0	0.0	0.0	0.0	0.0	T
2299	8210	0	0	0.0	0.0	8210.0	0.0	0.0	0.0	0.0	C
2300	8210	0	0	0.0	0.0	8210.0	0.0	0.0	0.0	0.0	A
2301	8210	0	0	0.0	0.0	8210.0	1.0	0.0	0.0001218026796589525	0.0	A
2302	8210	0	0	0.0	0.0	8210.0	0.0	0.0	0.0	0.0	A
2303	8210	0	0	0.0	0.0	8210.0	0.0	0.0	0.0	0.0	G
2304	8210	3	0	0.0003654080389768575	0.0	8210.0	0.0	0.0	0.0	0.0	A
2305	8210	0	0	0.0	0.0	8210.0	0.0	0.0	0.0	0.0	T
2306	8210	0	0	0.0	0.0	8210.0	0.0	0.0	0.0	0.0	A
2307	8210	1461	0	0.1779537149817296	0.0	8210.0	0.0	0.0	0.0	0.0	C
2308	8210	0	0	0.0	0.0	8210.0	0.0	0.0	0.0	0.0	T
2309	8210	0	0	0.0	0.0	8210.0	0.0	0.0	0.0	0.0	T
2310	8210	0	0	0.0	0.0	8210.0	0.0	0.0	0.0	0.0	T
2311	8210	0	0	0.0	0.0	8210.0	0.0	0.0	0.0	0.0	G
2312	8210	0	0	0.0	0.0	8210.0	0.0	0.0	0.0	0.0	A
2313	8210	0	0	0.0	0.0	8210.0	0.0	0.0	0.0	0.0	A
2314	8210	0	0	0.0	0.0	8210.0	1.0	0.0	0.0001218026796589525	0.0	C
2315	8210	2238	0	0.27259439707673566	0.0	8210.0	0.0	0.0	0.0	0.0	C
2316	8210	0	0	0.0	0.0	8210.0	0.0	0.0	0.0	0.0	G
2317	8210	2	0	0.000243605359317905	0.0	8210.0	0.0	0.0	0.0	0.0	T
2318	8210	1	0	0.0001218026796589525	0.0	8210.0	0.0	0.0	0.0	0.0	G
2319	8210	0	0	0.0	0.0	8210.0	0.0	0.0	0.0	0.0	A
2320	8210	0	0	0.0	0.0	8210.0	0.0	0.0	0.0	0.0	C
2321	8210	0	0	0.0	0.0	8210.0	0.0	0.0	0.0	0.0	T
2322	8210	2	0	0.000243605359317905	0.0	8210.0	0.0	0.0	0.0	0.0	G
2323	8210	0	0	0.0	0.0	8210.0	0.0	0.0	0.0	0.0	C
2324	8210	0	0	0.0	0.0	8210.0	0.0	0.0	0.0	0.0	A
2325	8210	0	0	0.0	0.0	8210.0	0.0	0.0	0.0	0.0	T
2326	8210	0	0	0.0	0.0	8210.0	0.0	0.0	0.0	0.0	T
2327	8210	0	0	0.0	0.0	8210.0	112.0	0.0	0.01364190012180268	0.0	T
2328	8210	0	0	0.0	0.0	8210.0	47.0	0.0	0.005724725943970767	0.0	T
2329	8210	0	0	0.0	0.0	8210.0	0.0	0.0	0.0	0.0	T
2330	8210	1936	0	0.23580998781973203	0.0	8210.0	0.0	0.0	0.0	0.0	G
2331	8210	1	0	0.0001218026796589525	0.0	8210.0	0.0	0.0	0.0	0.0	C
2332	8210	0	0	0.0	0.0	8210.0	0.0	0.0	0.0	0.0	C
2333	8210	0	0	0.0	0.0	8210.0	0.0	0.0	0.0	0.0	A
2334	8210	1	0	0.0001218026796589525	0.0	8210.0	0.0	0.0	0.0	0.0	C
2335	8210	0	0	0.0	0.0	8210.0	0.0	0.0	0.0	0.0	T
2336	8210	0	0	0.0	0.0	8210.0	0.0	0.0	0.0	0.0	T
2337	8210	23	0	0.0028014616321559074	0.0	8210.0	0.0	0.0	0.0	0.0	C
2338	8210	0	0	0.0	0.0	8210.0	0.0	0.0	0.0	0.0	C
2339	8210	32	0	0.00389768574908648	0.0	8210.0	0.0	0.0	0.0	0.0	G
2340	8210	0	0	0.0	0.0	8210.0	0.0	0.0	0.0	0.0	C
2341	8210	0	0	0.0	0.0	8210.0	0.0	0.0	0.0	0.0	T
2342	8210	0	0	0.0	0.0	8210.0	0.0	0.0	0.0	0.0	G
2343	8210	0	0	0.0	0.0	8210.0	209.0	0.0	0.02545676004872107	0.0	A
2344	8210	0	0	0.0	0.0	8210.0	0.0	0.0	0.0	0.0	T
2345	8210	0	0	0.0	0.0	8210.0	0.0	0.0	0.0	0.0	T
2346	8210	0	0	0.0	0.0	8210.0	0.0	0.0	0.0	0.0	G
2347	8210	0	0	0.0	0.0	8210.0	0.0	0.0	0.0	0.0	T
2348	8210	0	0	0.0	0.0	8210.0	0.0	0.0	0.0	0.0	A
2349	8210	0	0	0.0	0.0	8210.0	0.0	0.0	0.0	0.0	A
2350	8210	0	0	0.0	0.0	8210.0	0.0	0.0	0.0	0.0	T
2351	8210	1	0	0.0001218026796589525	0.0	8210.0	0.0	0.0	0.0	0.0	C
2352	8210	0	0	0.0	0.0	8210.0	53.0	0.0	0.006455542021924482	0.0	G
2353	8210	0	0	0.0	0.0	8210.0	0.0	0.0	0.0	0.0	G
2354	8210	0	0	0.0	0.0	8210.0	0.0	0.0	0.0	0.0	G
2355	8210	0	0	0.0	0.0	8210.0	0.0	0.0	0.0	0.0	A
2356	8210	0	0	0.0	0.0	8210.0	0.0	0.0	0.0	0.0	T
2357	8210	0	0	0.0	0.0	8210.0	0.0	0.0	0.0	0.0	A
2358	8210	0	0	0.0	0.0	8210.0	0.0	0.0	0.0	0.0	G
2359	8210	0	0	0.0	0.0	8210.0	0.0	0.0	0.0	0.0	T
2360	8210	0	0	0.0	0.0	8210.0	0.0	0.0	0.0	0.0	T
2361	8210	0	0	0.0	0.0	8210.0	0.0	0.0	0.0	0.0	A
2362	8210	0	0	0.0	0.0	8210.0	0.0	0.0	0.0	0.0	A
2363	8210	0	0	0.0	0.0	8210.0	0.0	0.0	0.0	0.0	A
2364	8210	1	0	0.0001218026796589525	0.0	8210.0	0.0	0.0	0.0	0.0	T
2365	8210	0	0	0.0	0.0	8210.0	1.0	0.0	0.0001218026796589525	0.0	C
2366	8210	0	0	0.0	0.0	8210.0	0.0	0.0	0.0	0.0	A
2367	8210	0	0	0.0	0.0	8210.0	133.0	0.0	0.01619975639464068	0.0	A
2368	8210	0	0	0.0	0.0	8210.0	0.0	0.0	0.0	0.0	T
2369	8210	0	0	0.0	0.0	8210.0	1.0	0.0	0.0001218026796589525	0.0	C
2370	8210	0	0	0.0	0.0	8210.0	1.0	0.0	0.0001218026796589525	0.0	A
2371	8210	0	0	0.0	0.0	8210.0	0.0	0.0	0.0	0.0	T
2372	8210	0	0	0.0	0.0	8210.0	0.0	0.0	0.0	0.0	G
2373	8210	0	0	0.0	0.0	8210.0	0.0	0.0	0.0	0.0	G
2374	8210	0	0	0.0	0.0	8210.0	7.0	0.0	0.0008526187576126675	0.0	A
2375	8210	0	0	0.0	0.0	8210.0	0.0	0.0	0.0	0.0	G
2376	8210	0	0	0.0	0.0	8210.0	0.0	0.0	0.0	0.0	G
2377	8210	112	0	0.01364190012180268	0.0	8210.0	0.0	0.0	0.0	0.0	C
2378	8210	47	0	0.005724725943970767	0.0	8210.0	0.0	0.0	0.0	0.0	G
2379	8210	0	0	0.0	0.0	8210.0	1.0	0.0	0.0001218026796589525	0.0	G
2380	8210	0	0	0.0	0.0	8210.0	0.0	0.0	0.0	0.0	T
2381	8210	0	0	0.0	0.0	8210.0	0.0	0.0	0.0	0.0	C
2382	8210	0	0	0.0	0.0	8210.0	0.0	0.0	0.0	0.0	A
2383	8210	0	0	0.0	0.0	8210.0	0.0	0.0	0.0	0.0	T
2384	8210	0	0	0.0	0.0	8210.0	0.0	0.0	0.0	0.0	A
2385	8210	0	0	0.0	0.0	8210.0	0.0	0.0	0.0	0.0	G
2386	8210	0	0	0.0	0.0	8210.0	0.0	0.0	0.0	0.0	C
2387	8210	0	0	0.0	0.0	8210.0	1.0	0.0	0.0001218026796589525	0.0	A
2388	8210	0	0	0.0	0.0	8210.0	0.0	0.0	0.0	0.0	C
2389	8210	0	0	0.0	0.0	8210.0	0.0	0.0	0.0	0.0	C
2390	8210	0	0	0.0	0.0	8210.0	2.0	0.0	0.000243605359317905	0.0	T
2391	8210	0	0	0.0	0.0	8210.0	3.0	0.0	0.0003654080389768575	0.0	A
2392	8210	0	0	0.0	0.0	8210.0	0.0	0.0	0.0	0.0	C
2393	8210	209	0	0.02545676004872107	0.0	8210.0	1.0	0.0	0.0001218026796589525	0.0	C
2394	8210	0	0	0.0	0.0	8210.0	0.0	0.0	0.0	0.0	A
2395	8210	0	0	0.0	0.0	8210.0	0.0	0.0	0.0	0.0	C
2396	8210	0	0	0.0	0.0	8210.0	0.0	0.0	0.0	0.0	C
2397	8210	0	0	0.0	0.0	8210.0	0.0	0.0	0.0	0.0	A
2398	8210	0	0	0.0	0.0	8210.0	1.0	0.0	0.0001218026796589525	0.0	T
2399	8210	0	0	0.0	0.0	8210.0	0.0	0.0	0.0	0.0	C
2400	8210	0	0	0.0	0.0	8210.0	0.0	0.0	0.0	0.0	A
2401	8210	0	0	0.0	0.0	8210.0	0.0	0.0	0.0	0.0	A
2402	8210	53	0	0.006455542021924482	0.0	8210.0	0.0	0.0	0.0	0.0	G
2403	8210	0	0	0.0	0.0	8210.0	0.0	0.0	0.0	0.0	C
2404	8210	0	0	0.0	0.0	8210.0	0.0	0.0	0.0	0.0	C
2405	8210	0	0	0.0	0.0	8210.0	1.0	0.0	0.0001218026796589525	0.0	A
2406	8210	0	0	0.0	0.0	8210.0	5352.0	0.0	0.6518879415347137	0.0	A
2407	8210	0	0	0.0	0.0	8210.0	0.0	0.0	0.0	0.0	T
2408	8210	0	0	0.0	0.0	8210.0	0.0	0.0	0.0	0.0	T
2409	8210	0	0	0.0	0.0	8210.0	0.0	0.0	0.0	0.0	A
2410	8210	0	0	0.0	0.0	8210.0	0.0	0.0	0.0	0.0	T
2411	8210	0	0	0.0	0.0	8210.0	0.0	0.0	0.0	0.0	T
2412	8210	0	0	0.0	0.0	8210.0	0.0	0.0	0.0	0.0	G
2413	8210	0	0	0.0	0.0	8210.0	0.0	0.0	0.0	0.0	A
2414	8210	0	0	0.0	0.0	8210.0	2.0	0.0	0.000243605359317905	0.0	A
2415	8210	1	0	0.0001218026796589525	0.0	8210.0	0.0	0.0	0.0	0.0	G
2416	8210	0	0	0.0	0.0	8210.0	0.0	0.0	0.0	0.0	C
2417	8210	133	0	0.01619975639464068	0.0	8210.0	0.0	0.0	0.0	0.0	G
2418	8210	0	0	0.0	0.0	8210.0	7.0	0.0	0.0008526187576126675	0.0	C
2419	8210	1	0	0.0001218026796589525	0.0	8210.0	0.0	0.0	0.0	0.0	C
2420	8210	1	0	0.0001218026796589525	0.0	8210.0	0.0	0.0	0.0	0.0	T
2421	8210	0	0	0.0	0.0	8210.0	0.0	0.0	0.0	0.0	A
2422	8210	0	0	0.0	0.0	8210.0	12.0	0.0	0.00146163215590743	0.0	A
2423	8210	0	0	0.0	0.0	8210.0	0.0	0.0	0.0	0.0	T
2424	8210	7	0	0.0008526187576126675	0.0	8210.0	0.0	0.0	0.0	0.0	G
2425	8210	0	0	0.0	0.0	8210.0	0.0	0.0	0.0	0.0	T
2426	8210	0	0	0.0	0.0	8210.0	0.0	0.0	0.0	0.0	G
2427	8210	0	0	0.0	0.0	8210.0	0.0	0.0	0.0	0.0	A
2428	8210	0	0	0.0	0.0	8210.0	0.0	0.0	0.0	0.0	G
2429	8210	1	0	0.0001218026796589525	0.0	8210.0	0.0	0.0	0.0	0.0	A
2430	8210	0	0	0.0	0.0	8210.0	0.0	0.0	0.0	0.0	C
2431	8210	0	0	0.0	0.0	8210.0	1.0	0.0	0.0001218026796589525	0.0	T
2432	8210	0	0	0.0	0.0	8210.0	0.0	0.0	0.0	0.0	T
2433	8210	0	0	0.0	0.0	8210.0	6207.0	0.0	0.7560292326431182	0.0	T
2434	8210	0	0	0.0	0.0	8210.0	0.0	0.0	0.0	0.0	C
2435	8210	0	0	0.0	0.0	8210.0	0.0	0.0	0.0	0.0	C
2436	8210	0	0	0.0	0.0	8210.0	122.0	0.0	0.014859926918392205	0.0	A
2437	8210	1	0	0.0001218026796589525	0.0	8210.0	1.0	0.0	0.0001218026796589525	0.0	T
2438	8210	0	0	0.0	0.0	8210.0	1.0	0.0	0.0001218026796589525	0.0	C
2439	8210	0	0	0.0	0.0	8210.0	0.0	0.0	0.0	0.0	A
2440	8210	2	0	0.000243605359317905	0.0	8210.0	2.0	0.0	0.000243605359317905	0.0	T
2441	8210	3	0	0.0003654080389768575	0.0	8210.0	0.0	0.0	0.0	0.0	G
2442	8210	0	0	0.0	0.0	8210.0	0.0	0.0	0.0	0.0	C
2443	8210	1	0	0.0001218026796589525	0.0	8210.0	0.0	0.0	0.0	0.0	C
2444	8210	0	0	0.0	0.0	8210.0	15.0	0.0	0.0018270401948842874	0.0	A
2445	8210	0	0	0.0	0.0	8210.0	0.0	0.0	0.0	0.0	T
2446	8210	0	0	0.0	0.0	8210.0	0.0	0.0	0.0	0.0	T
2447	8210	0	0	0.0	0.0	8210.0	0.0	0.0	0.0	0.0	T
2448	8210	1	0	0.0001218026796589525	0.0	8210.0	126.0	0.0	0.015347137637028014	0.0	G
2449	8210	0	0	0.0	0.0	8210.0	0.0	0.0	0.0	0.0	C
2450	8210	0	0	0.0	0.0	8210.0	0.0	0.0	0.0	0.0	T
2451	8210	0	0	0.0	0.0	8210.0	1.0	0.0	0.0001218026796589525	0.0	T
2452	8210	0	0	0.0	0.0	8210.0	1.0	0.0	0.0001218026796589525	0.0	G
2453	8210	0	0	0.0	0.0	8210.0	0.0	0.0	0.0	0.0	A
2454	8210	0	0	0.0	0.0	8210.0	0.0	0.0	0.0	0.0	A
2455	8210	1	0	0.0001218026796589525	0.0	8210.0	0.0	0.0	0.0	0.0	T
2456	8210	5352	0	0.6518879415347137	0.0	8210.0	0.0	0.0	0.0	0.0	T
2457	8210	0	0	0.0	0.0	8210.0	12.0	0.0	0.00146163215590743	0.0	T
2458	8210	0	0	0.0	0.0	8210.0	1.0	0.0	0.0001218026796589525	0.0	T
2459	8210	0	0	0.0	0.0	8210.0	0.0	0.0	0.0	0.0	T
2460	8210	0	0	0.0	0.0	8210.0	1.0	0.0	0.0001218026796589525	0.0	T
2461	8210	0	0	0.0	0.0	8210.0	0.0	0.0	0.0	0.0	T
2462	8210	0	0	0.0	0.0	8210.0	0.0	0.0	0.0	0.0	G
2463	8210	0	0	0.0	0.0	8210.0	0.0	0.0	0.0	0.0	A
2464	8210	2	0	0.000243605359317905	0.0	8210.0	0.0	0.0	0.0	0.0	G
2465	8210	0	0	0.0	0.0	8210.0	0.0	0.0	0.0	0.0	A
2466	8210	0	0	0.0	0.0	8210.0	0.0	0.0	0.0	0.0	A
2467	8210	0	0	0.0	0.0	8210.0	0.0	0.0	0.0	0.0	A
2468	8210	7	0	0.0008526187576126675	0.0	8210.0	1.0	0.0	0.0001218026796589525	0.0	A
2469	8210	0	0	0.0	0.0	8210.0	0.0	0.0	0.0	0.0	C
2470	8210	0	0	0.0	0.0	8210.0	0.0	0.0	0.0	0.0	C
2471	8210	0	0	0.0	0.0	8210.0	0.0	0.0	0.0	0.0	A
2472	8210	12	0	0.00146163215590743	0.0	8210.0	6868.0	0.0	0.8365408038976857	0.0	G
2473	8210	0	0	0.0	0.0	8210.0	0.0	0.0	0.0	0.0	T
2474	8210	0	0	0.0	0.0	8210.0	0.0	0.0	0.0	0.0	T
2475	8210	0	0	0.0	0.0	8210.0	6905.0	1.0	0.841047503045067	0.0001218026796589525	C
2476	8210	0	0	0.0	0.0	8210.0	0.0	0.0	0.0	0.0	C
2477	8210	0	0	0.0	0.0	8210.0	0.0	0.0	0.0	0.0	T
2478	8210	0	0	0.0	0.0	8210.0	3.0	0.0	0.0003654080389768575	0.0	A
2479	8210	0	0	0.0	0.0	8210.0	0.0	0.0	0.0	0.0	A
2480	8210	0	0	0.0	0.0	8210.0	0.0	0.0	0.0	0.0	T
2481	8210	1	0	0.0001218026796589525	0.0	8210.0	0.0	0.0	0.0	0.0	T
2482	8210	0	0	0.0	0.0	8210.0	0.0	0.0	0.0	0.0	T
2483	8210	6207	0	0.7560292326431182	0.0	8210.0	0.0	0.0	0.0	0.0	G
2484	8210	0	0	0.0	0.0	8210.0	0.0	0.0	0.0	0.0	T
2485	8210	0	0	0.0	0.0	8210.0	0.0	0.0	0.0	0.0	A
2486	8210	122	0	0.014859926918392205	0.0	8210.0	0.0	0.0	0.0	0.0	G
2487	8210	1	0	0.0001218026796589525	0.0	8210.0	0.0	0.0	0.0	0.0	C
2488	8210	1	0	0.0001218026796589525	0.0	8210.0	0.0	0.0	0.0	0.0	C
2489	8210	0	0	0.0	0.0	8210.0	0.0	0.0	0.0	0.0	C
2490	8210	2	0	0.000243605359317905	0.0	8210.0	0.0	0.0	0.0	0.0	C
2491	8210	0	0	0.0	0.0	8210.0	0.0	0.0	0.0	0.0	A
2492	8210	0	0	0.0	0.0	8210.0	0.0	0.0	0.0	0.0	A
2493	8210	0	0	0.0	0.0	8210.0	0.0	0.0	0.0	0.0	C
2494	8210	15	0	0.0018270401948842874	0.0	8210.0	0.0	0.0	0.0	0.0	G
2495	8210	0	0	0.0	0.0	8210.0	0.0	0.0	0.0	0.0	A
2496	8210	0	0	0.0	0.0	8210.0	0.0	0.0	0.0	0.0	T
2497	8210	0	0	0.0	0.0	8210.0	2.0	0.0	0.000243605359317905	0.0	T
2498	8210	126	0	0.015347137637028014	0.0	8210.0	0.0	0.0	0.0	0.0	C
2499	8210	0	0	0.0	0.0	8210.0	0.0	0.0	0.0	0.0	A
2500	8210	0	0	0.0	0.0	8210.0	0.0	0.0	0.0	0.0	G
2501	8210	1	0	0.0001218026796589525	0.0	8210.0	0.0	0.0	0.0	0.0	T
2502	8210	1	0	0.0001218026796589525	0.0	8210.0	3.0	0.0	0.0003654080389768575	0.0	A
2503	8210	0	0	0.0	0.0	8210.0	0.0	0.0	0.0	0.0	A
2504	8210	0	0	0.0	0.0	8210.0	17.0	0.0	0.0020706455542021922	0.0	A
2505	8210	0	0	0.0	0.0	8210.0	65.0	0.0	0.007917174177831911	0.0	T
2506	8210	0	0	0.0	0.0	8210.0	0.0	0.0	0.0	0.0	A
2507	8210	12	0	0.00146163215590743	0.0	8210.0	0.0	0.0	0.0	0.0	A
2508	8210	1	0	0.0001218026796589525	0.0	8210.0	0.0	0.0	0.0	0.0	C
2509	8210	0	0	0.0	0.0	8210.0	0.0	0.0	0.0	0.0	G
2510	8210	1	0	0.0001218026796589525	0.0	8210.0	0.0	0.0	0.0	0.0	A
2511	8210	0	0	0.0	0.0	8210.0	26.0	0.0	0.003166869671132765	0.0	A
2512	8210	0	0	0.0	0.0	8210.0	0.0	0.0	0.0	0.0	C
2513	8210	0	0	0.0	0.0	8210.0	125.0	0.0	0.015225334957369063	0.0	A
2514	8210	0	0	0.0	0.0	8210.0	0.0	0.0	0.0	0.0	A
2515	8210	0	0	0.0	0.0	8210.0	0.0	0.0	0.0	0.0	T
2516	8210	0	0	0.0	0.0	8210.0	0.0	0.0	0.0	0.0	C
2517	8210	0	0	0.0	0.0	8210.0	1.0	0.0	0.0001218026796589525	0.0	A
2518	8210	1	0	0.0001218026796589525	0.0	8210.0	0.0	0.0	0.0	0.0	C
2519	8210	0	0	0.0	0.0	8210.0	4.0	0.0	0.00048721071863581	0.0	A
2520	8210	0	0	0.0	0.0	8210.0	0.0	0.0	0.0	0.0	T
2521	8210	0	0	0.0	0.0	8210.0	0.0	0.0	0.0	0.0	G
2522	8210	6868	0	0.8365408038976857	0.0	8210.0	0.0	0.0	0.0	0.0	A
2523	8210	0	0	0.0	0.0	8210.0	0.0	0.0	0.0	0.0	G
2524	8210	0	0	0.0	0.0	8210.0	0.0	0.0	0.0	0.0	G
2525	8210	6905	1	0.841047503045067	0.0001218026796589525	8210.0	0.0	0.0	0.0	0.0	A
2526	8210	0	0	0.0	0.0	8210.0	0.0	0.0	0.0	0.0	A
2527	8210	0	0	0.0	0.0	8210.0	0.0	0.0	0.0	0.0	C
2528	8210	3	0	0.0003654080389768575	0.0	8210.0	0.0	0.0	0.0	0.0	G
2529	8210	0	0	0.0	0.0	8210.0	0.0	0.0	0.0	0.0	T
2530	8210	0	0	0.0	0.0	8210.0	0.0	0.0	0.0	0.0	T
2531	8210	0	0	0.0	0.0	8210.0	0.0	0.0	0.0	0.0	A
2532	8210	0	0	0.0	0.0	8210.0	0.0	0.0	0.0	0.0	A
2533	8210	0	0	0.0	0.0	8210.0	0.0	0.0	0.0	0.0	A
2534	8210	0	0	0.0	0.0	8210.0	0.0	0.0	0.0	0.0	A
2535	8210	0	0	0.0	0.0	8210.0	0.0	0.0	0.0	0.0	A
2536	8210	0	0	0.0	0.0	8210.0	0.0	0.0	0.0	0.0	T
2537	8210	0	0	0.0	0.0	8210.0	0.0	0.0	0.0	0.0	G
2538	8210	0	0	0.0	0.0	8210.0	14.0	0.0	0.001705237515225335	0.0	A
2539	8210	0	0	0.0	0.0	8210.0	1.0	0.0	0.0001218026796589525	0.0	G
2540	8210	0	0	0.0	0.0	8210.0	0.0	0.0	0.0	0.0	T
2541	8210	0	0	0.0	0.0	8210.0	0.0	0.0	0.0	0.0	A
2542	8210	0	0	0.0	0.0	8210.0	0.0	0.0	0.0	0.0	A
2543	8210	0	0	0.0	0.0	8210.0	3.0	0.0	0.0003654080389768575	0.0	A
2544	8210	0	0	0.0	0.0	8210.0	4.0	0.0	0.00048721071863581	0.0	A
2545	8210	0	0	0.0	0.0	8210.0	0.0	0.0	0.0	0.0	A
2546	8210	0	0	0.0	0.0	8210.0	1.0	0.0	0.0001218026796589525	0.0	T
2547	8210	2	0	0.000243605359317905	0.0	8210.0	15.0	0.0	0.0018270401948842874	0.0	A
2548	8210	0	0	0.0	0.0	8210.0	0.0	0.0	0.0	0.0	G
2549	8210	0	0	0.0	0.0	8210.0	0.0	0.0	0.0	0.0	A
2550	8210	0	0	0.0	0.0	8210.0	0.0	0.0	0.0	0.0	A
2551	8210	0	0	0.0	0.0	8210.0	0.0	0.0	0.0	0.0	T
2552	8210	3	0	0.0003654080389768575	0.0	8210.0	1.0	0.0	0.0001218026796589525	0.0	T
2553	8210	0	0	0.0	0.0	8210.0	0.0	0.0	0.0	0.0	G
2554	8210	17	0	0.0020706455542021922	0.0	8210.0	0.0	0.0	0.0	0.0	G
2555	8210	65	0	0.007917174177831911	0.0	8210.0	0.0	0.0	0.0	0.0	C
2556	8210	0	0	0.0	0.0	8210.0	1.0	0.0	0.0001218026796589525	0.0	C
2557	8210	0	0	0.0	0.0	8210.0	0.0	0.0	0.0	0.0	C
2558	8210	0	0	0.0	0.0	8210.0	0.0	0.0	0.0	0.0	T
2559	8210	0	0	0.0	0.0	8210.0	0.0	0.0	0.0	0.0	A
2560	8210	0	0	0.0	0.0	8210.0	0.0	0.0	0.0	0.0	A
2561	8210	26	0	0.003166869671132765	0.0	8210.0	0.0	0.0	0.0	0.0	C
2562	8210	0	0	0.0	0.0	8210.0	0.0	0.0	0.0	0.0	A
2563	8210	125	0	0.015225334957369063	0.0	8210.0	0.0	0.0	0.0	0.0	C
2564	8210	0	0	0.0	0.0	8210.0	0.0	0.0	0.0	0.0	A
2565	8210	0	0	0.0	0.0	8210.0	2.0	0.0	0.000243605359317905	0.0	T
2566	8210	0	0	0.0	0.0	8210.0	0.0	0.0	0.0	0.0	T
2567	8210	1	0	0.0001218026796589525	0.0	8210.0	0.0	0.0	0.0	0.0	C
2568	8210	0	0	0.0	0.0	8210.0	0.0	0.0	0.0	0.0	C
2569	8210	4	0	0.00048721071863581	0.0	8210.0	0.0	0.0	0.0	0.0	C
2570	8210	0	0	0.0	0.0	8210.0	0.0	0.0	0.0	0.0	T
2571	8210	0	0	0.0	0.0	8210.0	0.0	0.0	0.0	0.0	T
2572	8210	0	0	0.0	0.0	8210.0	0.0	0.0	0.0	0.0	G
2573	8210	0	0	0.0	0.0	8210.0	0.0	0.0	0.0	0.0	T
2574	8210	0	0	0.0	0.0	8210.0	1.0	0.0	0.0001218026796589525	0.0	A
2575	8210	0	0	0.0	0.0	8210.0	0.0	0.0	0.0	0.0	A
2576	8210	0	0	0.0	0.0	8210.0	0.0	0.0	0.0	0.0	A
2577	8210	0	0	0.0	0.0	8210.0	0.0	0.0	0.0	0.0	G
2578	8210	0	0	0.0	0.0	8210.0	0.0	0.0	0.0	0.0	C
2579	8210	0	0	0.0	0.0	8210.0	0.0	0.0	0.0	0.0	T
2580	8210	0	0	0.0	0.0	8210.0	3.0	0.0	0.0003654080389768575	0.0	A
2581	8210	0	0	0.0	0.0	8210.0	1.0	0.0	0.0001218026796589525	0.0	A
2582	8210	0	0	0.0	0.0	8210.0	0.0	0.0	0.0	0.0	C
2583	8210	0	0	0.0	0.0	8210.0	0.0	0.0	0.0	0.0	G
2584	8210	0	0	0.0	0.0	8210.0	0.0	0.0	0.0	0.0	A
2585	8210	0	0	0.0	0.0	8210.0	0.0	0.0	0.0	0.0	A
2586	8210	0	0	0.0	0.0	8210.0	0.0	0.0	0.0	0.0	G
2587	8210	0	0	0.0	0.0	8210.0	0.0	0.0	0.0	0.0	T
2588	8210	14	0	0.001705237515225335	0.0	8210.0	0.0	0.0	0.0	0.0	T
2589	8210	1	0	0.0001218026796589525	0.0	8210.0	10.0	0.0	0.001218026796589525	0.0	C
2590	8210	0	0	0.0	0.0	8210.0	0.0	0.0	0.0	0.0	C
2591	8210	0	0	0.0	0.0	8210.0	0.0	0.0	0.0	0.0	A
2592	8210	0	0	0.0	0.0	8210.0	0.0	0.0	0.0	0.0	A
2593	8210	3	0	0.0003654080389768575	0.0	8210.0	0.0	0.0	0.0	0.0	C
2594	8210	4	0	0.00048721071863581	0.0	8210.0	2.0	0.0	0.000243605359317905	0.0	A
2595	8210	0	0	0.0	0.0	8210.0	0.0	0.0	0.0	0.0	C
2596	8210	1	0	0.0001218026796589525	0.0	8210.0	0.0	0.0	0.0	0.0	C
2597	8210	15	0	0.0018270401948842874	0.0	8210.0	0.0	0.0	0.0	0.0	T
2598	8210	0	0	0.0	0.0	8210.0	0.0	0.0	0.0	0.0	G
2599	8210	0	0	0.0	0.0	8210.0	0.0	0.0	0.0	0.0	T
2600	8210	0	0	0.0	0.0	8210.0	0.0	0.0	0.0	0.0	T
2601	8210	0	0	0.0	0.0	8210.0	0.0	0.0	0.0	0.0	G
2602	8210	1	0	0.0001218026796589525	0.0	8210.0	2.0	0.0	0.000243605359317905	0.0	C
2603	8210	0	0	0.0	0.0	8210.0	0.0	0.0	0.0	0.0	A
2604	8210	0	0	0.0	0.0	8210.0	1.0	0.0	0.0001218026796589525	0.0	A
2605	8210	0	0	0.0	0.0	8210.0	0.0	0.0	0.0	0.0	T
2606	8210	1	0	0.0001218026796589525	0.0	8210.0	0.0	0.0	0.0	0.0	C
2607	8210	0	0	0.0	0.0	8210.0	0.0	0.0	0.0	0.0	A
2608	8210	0	0	0.0	0.0	8210.0	0.0	0.0	0.0	0.0	A
2609	8210	0	0	0.0	0.0	8210.0	0.0	0.0	0.0	0.0	G
2610	8210	0	0	0.0	0.0	8210.0	0.0	0.0	0.0	0.0	C
2611	8210	0	0	0.0	0.0	8210.0	0.0	0.0	0.0	0.0	G
2612	8210	0	0	0.0	0.0	8210.0	0.0	0.0	0.0	0.0	T
2613	8210	0	0	0.0	0.0	8210.0	0.0	0.0	0.0	0.0	A
2614	8210	0	0	0.0	0.0	8210.0	1.0	0.0	0.0001218026796589525	0.0	A
2615	8210	2	0	0.000243605359317905	0.0	8210.0	0.0	0.0	0.0	0.0	G
2616	8210	0	0	0.0	0.0	8210.0	741.0	0.0	0.0902557856272838	0.0	G
2617	8210	0	0	0.0	0.0	8210.0	0.0	0.0	0.0	0.0	T
2618	8210	0	0	0.0	0.0	8210.0	0.0	0.0	0.0	0.0	T
2619	8210	0	0	0.0	0.0	8210.0	0.0	0.0	0.0	0.0	C
2620	8210	0	0	0.0	0.0	8210.0	0.0	0.0	0.0	0.0	C
2621	8210	0	0	0.0	0.0	8210.0	0.0	0.0	0.0	0.0	C
2622	8210	0	0	0.0	0.0	8210.0	0.0	0.0	0.0	0.0	C
2623	8210	0	0	0.0	0.0	8210.0	0.0	0.0	0.0	0.0	A
2624	8210	1	0	0.0001218026796589525	0.0	8210.0	0.0	0.0	0.0	0.0	G
2625	8210	0	0	0.0	0.0	8210.0	0.0	0.0	0.0	0.0	A
2626	8210	0	0	0.0	0.0	8210.0	5.0	0.0	0.0006090133982947625	0.0	A
2627	8210	0	0	0.0	0.0	8210.0	0.0	0.0	0.0	0.0	A
2628	8210	0	0	0.0	0.0	8210.0	0.0	0.0	0.0	0.0	A
2629	8210	0	0	0.0	0.0	8210.0	0.0	0.0	0.0	0.0	A
2630	8210	3	0	0.0003654080389768575	0.0	8210.0	0.0	0.0	0.0	0.0	G
2631	8210	1	0	0.0001218026796589525	0.0	8210.0	2.0	0.0	0.000243605359317905	0.0	G
2632	8210	0	0	0.0	0.0	8210.0	0.0	0.0	0.0	0.0	A
2633	8210	0	0	0.0	0.0	8210.0	6.0	0.0	0.000730816077953715	0.0	A
2634	8210	0	0	0.0	0.0	8210.0	0.0	0.0	0.0	0.0	T
2635	8210	0	0	0.0	0.0	8210.0	1.0	0.0	0.0001218026796589525	0.0	C
2636	8210	0	0	0.0	0.0	8210.0	0.0	0.0	0.0	0.0	A
2637	8210	0	0	0.0	0.0	8210.0	0.0	0.0	0.0	0.0	C
2638	8210	0	0	0.0	0.0	8210.0	0.0	0.0	0.0	0.0	C
2639	8210	10	0	0.001218026796589525	0.0	8210.0	4.0	0.0	0.00048721071863581	0.0	T
2640	8210	0	0	0.0	0.0	8210.0	1.0	0.0	0.0001218026796589525	0.0	A
2641	8210	0	0	0.0	0.0	8210.0	0.0	0.0	0.0	0.0	A
2642	8210	0	0	0.0	0.0	8210.0	0.0	0.0	0.0	0.0	A
2643	8210	0	0	0.0	0.0	8210.0	0.0	0.0	0.0	0.0	C
2644	8210	2	0	0.000243605359317905	0.0	8210.0	0.0	0.0	0.0	0.0	C
2645	8210	0	0	0.0	0.0	8210.0	13.0	0.0	0.0015834348355663825	0.0	A
2646	8210	0	0	0.0	0.0	8210.0	2.0	0.0	0.000243605359317905	0.0	G
2647	8210	0	0	0.0	0.0	8210.0	4.0	0.0	0.00048721071863581	0.0	C
2648	8210	0	0	0.0	0.0	8210.0	0.0	0.0	0.0	0.0	T
2649	8210	0	0	0.0	0.0	8210.0	0.0	0.0	0.0	0.0	A
2650	8210	0	0	0.0	0.0	8210.0	0.0	0.0	0.0	0.0	A
2651	8210	0	0	0.0	0.0	8210.0	1.0	0.0	0.0001218026796589525	0.0	A
2652	8210	2	0	0.000243605359317905	0.0	8210.0	0.0	0.0	0.0	0.0	G
2653	8210	0	0	0.0	0.0	8210.0	0.0	0.0	0.0	0.0	G
2654	8210	1	0	0.0001218026796589525	0.0	8210.0	2.0	0.0	0.000243605359317905	0.0	T
2655	8210	0	0	0.0	0.0	8210.0	1422.0	0.0	0.17320341047503046	0.0	C
2656	8210	0	0	0.0	0.0	8210.0	0.0	0.0	0.0	0.0	C
2657	8210	0	0	0.0	0.0	8210.0	1.0	0.0	0.0001218026796589525	0.0	C
2658	8210	0	0	0.0	0.0	8210.0	0.0	0.0	0.0	0.0	A
2659	8210	0	0	0.0	0.0	8210.0	0.0	0.0	0.0	0.0	T
2660	8210	0	0	0.0	0.0	8210.0	1.0	0.0	0.0001218026796589525	0.0	T
2661	8210	0	0	0.0	0.0	8210.0	0.0	0.0	0.0	0.0	A
2662	8210	0	0	0.0	0.0	8210.0	0.0	0.0	0.0	0.0	A
2663	8210	0	0	0.0	0.0	8210.0	7.0	0.0	0.0008526187576126675	0.0	C
2664	8210	1	0	0.0001218026796589525	0.0	8210.0	0.0	0.0	0.0	0.0	G
2665	8210	0	0	0.0	0.0	8210.0	0.0	0.0	0.0	0.0	A
2666	8210	741	0	0.0902557856272838	0.0	8210.0	0.0	0.0	0.0	0.0	G
2667	8210	0	0	0.0	0.0	8210.0	0.0	0.0	0.0	0.0	G
2668	8210	0	0	0.0	0.0	8210.0	0.0	0.0	0.0	0.0	T
2669	8210	0	0	0.0	0.0	8210.0	0.0	0.0	0.0	0.0	T
2670	8210	0	0	0.0	0.0	8210.0	0.0	0.0	0.0	0.0	T
2671	8210	0	0	0.0	0.0	8210.0	0.0	0.0	0.0	0.0	T
2672	8210	0	0	0.0	0.0	8210.0	0.0	0.0	0.0	0.0	A
2673	8210	0	0	0.0	0.0	8210.0	0.0	0.0	0.0	0.0	A
2674	8210	0	0	0.0	0.0	8210.0	0.0	0.0	0.0	0.0	T
2675	8210	0	0	0.0	0.0	8210.0	0.0	0.0	0.0	0.0	A
2676	8210	5	0	0.0006090133982947625	0.0	8210.0	1.0	0.0	0.0001218026796589525	0.0	C
2677	8210	0	0	0.0	0.0	8210.0	0.0	0.0	0.0	0.0	T
2678	8210	0	0	0.0	0.0	8210.0	0.0	0.0	0.0	0.0	A
2679	8210	0	0	0.0	0.0	8210.0	0.0	0.0	0.0	0.0	T
2680	8210	0	0	0.0	0.0	8210.0	0.0	0.0	0.0	0.0	C
2681	8210	2	0	0.000243605359317905	0.0	8210.0	0.0	0.0	0.0	0.0	G
2682	8210	0	0	0.0	0.0	8210.0	0.0	0.0	0.0	0.0	A
2683	8210	6	0	0.000730816077953715	0.0	8210.0	0.0	0.0	0.0	0.0	T
2684	8210	0	0	0.0	0.0	8210.0	0.0	0.0	0.0	0.0	T
2685	8210	1	0	0.0001218026796589525	0.0	8210.0	0.0	0.0	0.0	0.0	G
2686	8210	0	0	0.0	0.0	8210.0	0.0	0.0	0.0	0.0	T
2687	8210	0	0	0.0	0.0	8210.0	0.0	0.0	0.0	0.0	T
2688	8210	0	0	0.0	0.0	8210.0	0.0	0.0	0.0	0.0	C
2689	8210	4	0	0.00048721071863581	0.0	8210.0	0.0	0.0	0.0	0.0	C
2690	8210	1	0	0.0001218026796589525	0.0	8210.0	0.0	0.0	0.0	0.0	A
2691	8210	0	0	0.0	0.0	8210.0	0.0	0.0	0.0	0.0	A
2692	8210	0	0	0.0	0.0	8210.0	0.0	0.0	0.0	0.0	C
2693	8210	0	0	0.0	0.0	8210.0	0.0	0.0	0.0	0.0	T
2694	8210	0	0	0.0	0.0	8210.0	0.0	0.0	0.0	0.0	T
2695	8210	13	0	0.0015834348355663825	0.0	8210.0	0.0	0.0	0.0	0.0	C
2696	8210	2	0	0.000243605359317905	0.0	8210.0	0.0	0.0	0.0	0.0	A
2697	8210	4	0	0.00048721071863581	0.0	8210.0	0.0	0.0	0.0	0.0	A
2698	8210	0	0	0.0	0.0	8210.0	0.0	0.0	0.0	0.0	A
2699	8210	0	0	0.0	0.0	8210.0	0.0	0.0	0.0	0.0	A
2700	8210	0	0	0.0	0.0	8210.0	0.0	0.0	0.0	0.0	T
2701	8210	1	0	0.0001218026796589525	0.0	8210.0	0.0	0.0	0.0	0.0	T
2702	8210	0	0	0.0	0.0	8210.0	0.0	0.0	0.0	0.0	T
2703	8210	0	0	0.0	0.0	8210.0	0.0	0.0	0.0	0.0	T
2704	8210	2	0	0.000243605359317905	0.0	8210.0	0.0	0.0	0.0	0.0	C
2705	8210	1422	0	0.17320341047503046	0.0	8210.0	0.0	0.0	0.0	0.0	G
2706	8210	0	0	0.0	0.0	8210.0	47.0	0.0	0.005724725943970767	0.0	T
2707	8210	1	0	0.0001218026796589525	0.0	8210.0	1.0	0.0	0.0001218026796589525	0.0	C
2708	8210	0	0	0.0	0.0	8210.0	0.0	0.0	0.0	0.0	C
2709	8210	0	0	0.0	0.0	8210.0	888.0	0.0	0.10816077953714982	0.0	A
2710	8210	1	0	0.0001218026796589525	0.0	8210.0	0.0	0.0	0.0	0.0	G
2711	8210	0	0	0.0	0.0	8210.0	0.0	0.0	0.0	0.0	A
2712	8210	0	0	0.0	0.0	8210.0	0.0	0.0	0.0	0.0	A
2713	8210	7	0	0.0008526187576126675	0.0	8210.0	0.0	0.0	0.0	0.0	C
2714	8210	0	0	0.0	0.0	8210.0	0.0	0.0	0.0	0.0	A
2715	8210	0	0	0.0	0.0	8210.0	10.0	0.0	0.001218026796589525	0.0	T
2716	8210	0	0	0.0	0.0	8210.0	0.0	0.0	0.0	0.0	T
2717	8210	0	0	0.0	0.0	8210.0	0.0	0.0	0.0	0.0	T
2718	8210	0	0	0.0	0.0	8210.0	1.0	0.0	0.0001218026796589525	0.0	T
2719	8210	0	0	0.0	0.0	8210.0	0.0	0.0	0.0	0.0	C
2720	8210	0	0	0.0	0.0	8210.0	0.0	0.0	0.0	0.0	T
2721	8210	0	0	0.0	0.0	8210.0	2653.0	0.0	0.323142509135201	0.0	T
2722	8210	0	0	0.0	0.0	8210.0	0.0	0.0	0.0	0.0	C
2723	8210	0	0	0.0	0.0	8210.0	0.0	0.0	0.0	0.0	T
2724	8210	0	0	0.0	0.0	8210.0	0.0	0.0	0.0	0.0	T
2725	8210	0	0	0.0	0.0	8210.0	0.0	0.0	0.0	0.0	C
2726	8210	1	0	0.0001218026796589525	0.0	8210.0	0.0	0.0	0.0	0.0	C
2727	8210	0	0	0.0	0.0	8210.0	0.0	0.0	0.0	0.0	A
2728	8210	0	0	0.0	0.0	8210.0	0.0	0.0	0.0	0.0	T
2729	8210	0	0	0.0	0.0	8210.0	0.0	0.0	0.0	0.0	T
2730	8210	0	0	0.0	0.0	8210.0	0.0	0.0	0.0	0.0	G
2731	8210	0	0	0.0	0.0	8210.0	0.0	0.0	0.0	0.0	C
2732	8210	0	0	0.0	0.0	8210.0	0.0	0.0	0.0	0.0	A
2733	8210	0	0	0.0	0.0	8210.0	0.0	0.0	0.0	0.0	G
2734	8210	0	0	0.0	0.0	8210.0	1.0	0.0	0.0001218026796589525	0.0	C
2735	8210	0	0	0.0	0.0	8210.0	0.0	0.0	0.0	0.0	A
2736	8210	0	0	0.0	0.0	8210.0	0.0	0.0	0.0	0.0	T
2737	8210	0	0	0.0	0.0	8210.0	0.0	0.0	0.0	0.0	T
2738	8210	0	0	0.0	0.0	8210.0	0.0	0.0	0.0	0.0	A
2739	8210	0	0	0.0	0.0	8210.0	0.0	0.0	0.0	0.0	A
2740	8210	0	0	0.0	0.0	8210.0	0.0	0.0	0.0	0.0	T
2741	8210	0	0	0.0	0.0	8210.0	2.0	0.0	0.000243605359317905	0.0	T
2742	8210	0	0	0.0	0.0	8210.0	1.0	1.0	0.0001218026796589525	0.0001218026796589525	C
2743	8210	0	0	0.0	0.0	8210.0	0.0	0.0	0.0	0.0	C
2744	8210	0	0	0.0	0.0	8210.0	0.0	0.0	0.0	0.0	T
2745	8210	0	0	0.0	0.0	8210.0	0.0	0.0	0.0	0.0	A
2746	8210	0	0	0.0	0.0	8210.0	0.0	0.0	0.0	0.0	A
2747	8210	0	0	0.0	0.0	8210.0	0.0	0.0	0.0	0.0	A
2748	8210	0	0	0.0	0.0	8210.0	0.0	0.0	0.0	0.0	A
2749	8210	0	0	0.0	0.0	8210.0	0.0	0.0	0.0	0.0	T
2750	8210	0	0	0.0	0.0	8210.0	0.0	0.0	0.0	0.0	A
2751	8210	0	0	0.0	0.0	8210.0	0.0	0.0	0.0	0.0	A
2752	8210	0	0	0.0	0.0	8210.0	1.0	0.0	0.0001218026796589525	0.0	A
2753	8210	0	0	0.0	0.0	8210.0	0.0	0.0	0.0	0.0	C
2754	8210	0	0	0.0	0.0	8210.0	29.0	0.0	0.0035322777101096225	0.0	G
2755	8210	0	0	0.0	0.0	8210.0	3.0	0.0	0.0003654080389768575	0.0	T
2756	8210	47	0	0.005724725943970767	0.0	8210.0	1.0	0.0	0.0001218026796589525	0.0	C
2757	8210	1	0	0.0001218026796589525	0.0	8210.0	0.0	0.0	0.0	0.0	A
2758	8210	0	0	0.0	0.0	8210.0	2.0	0.0	0.000243605359317905	0.0	C
2759	8210	888	0	0.10816077953714982	0.0	8210.0	0.0	0.0	0.0	0.0	G
2760	8210	0	0	0.0	0.0	8210.0	0.0	0.0	0.0	0.0	A
2761	8210	0	0	0.0	0.0	8210.0	0.0	0.0	0.0	0.0	T
2762	8210	0	0	0.0	0.0	8210.0	12.0	0.0	0.00146163215590743	0.0	A
2763	8210	0	0	0.0	0.0	8210.0	206.0	0.0	0.025091352009744213	0.0	T
2764	8210	0	0	0.0	0.0	8210.0	0.0	0.0	0.0	0.0	G
2765	8210	10	0	0.001218026796589525	0.0	8210.0	0.0	0.0	0.0	0.0	C
2766	8210	0	0	0.0	0.0	8210.0	0.0	0.0	0.0	0.0	G
2767	8210	0	0	0.0	0.0	8210.0	0.0	0.0	0.0	0.0	G
2768	8210	1	0	0.0001218026796589525	0.0	8210.0	0.0	0.0	0.0	0.0	C
2769	8210	0	0	0.0	0.0	8210.0	0.0	0.0	0.0	0.0	G
2770	8210	0	0	0.0	0.0	8210.0	0.0	0.0	0.0	0.0	T
2771	8210	2653	0	0.323142509135201	0.0	8210.0	0.0	0.0	0.0	0.0	A
2772	8210	0	0	0.0	0.0	8210.0	0.0	0.0	0.0	0.0	G
2773	8210	0	0	0.0	0.0	8210.0	0.0	0.0	0.0	0.0	T
2774	8210	0	0	0.0	0.0	8210.0	0.0	0.0	0.0	0.0	A
2775	8210	0	0	0.0	0.0	8210.0	0.0	0.0	0.0	0.0	T
2776	8210	0	0	0.0	0.0	8210.0	0.0	0.0	0.0	0.0	T
2777	8210	0	0	0.0	0.0	8210.0	1.0	0.0	0.0001218026796589525	0.0	A
2778	8210	0	0	0.0	0.0	8210.0	0.0	0.0	0.0	0.0	A
2779	8210	0	0	0.0	0.0	8210.0	0.0	0.0	0.0	0.0	A
2780	8210	0	0	0.0	0.0	8210.0	0.0	0.0	0.0	0.0	G
2781	8210	0	0	0.0	0.0	8210.0	0.0	0.0	0.0	0.0	A
2782	8210	0	0	0.0	0.0	8210.0	0.0	0.0	0.0	0.0	A
2783	8210	0	0	0.0	0.0	8210.0	0.0	0.0	0.0	0.0	A
2784	8210	1	0	0.0001218026796589525	0.0	8210.0	0.0	0.0	0.0	0.0	G
2785	8210	0	0	0.0	0.0	8210.0	0.0	0.0	0.0	0.0	C
2786	8210	0	0	0.0	0.0	8210.0	0.0	0.0	0.0	0.0	A
2787	8210	0	0	0.0	0.0	8210.0	0.0	0.0	0.0	0.0	A
2788	8210	0	0	0.0	0.0	8210.0	0.0	0.0	0.0	0.0	G
2789	8210	0	0	0.0	0.0	8210.0	0.0	0.0	0.0	0.0	A
2790	8210	0	0	0.0	0.0	8210.0	1.0	0.0	0.0001218026796589525	0.0	T
2791	8210	2	0	0.000243605359317905	0.0	8210.0	0.0	0.0	0.0	0.0	G
2792	8210	1	1	0.0001218026796589525	0.0001218026796589525	8210.0	0.0	0.0	0.0	0.0	C
2793	8210	0	0	0.0	0.0	8210.0	0.0	0.0	0.0	0.0	C
2794	8210	0	0	0.0	0.0	8210.0	0.0	0.0	0.0	0.0	G
2795	8210	0	0	0.0	0.0	8210.0	0.0	0.0	0.0	0.0	T
2796	8210	0	0	0.0	0.0	8210.0	0.0	0.0	0.0	0.0	T
2797	8210	0	0	0.0	0.0	8210.0	1.0	0.0	0.0001218026796589525	0.0	T
2798	8210	0	0	0.0	0.0	8210.0	1.0	0.0	0.0001218026796589525	0.0	T
2799	8210	0	0	0.0	0.0	8210.0	1.0	0.0	0.0001218026796589525	0.0	A
2800	8210	0	0	0.0	0.0	8210.0	0.0	0.0	0.0	0.0	A
2801	8210	0	0	0.0	0.0	8210.0	0.0	0.0	0.0	0.0	A
2802	8210	1	0	0.0001218026796589525	0.0	8210.0	0.0	0.0	0.0	0.0	G
2803	8210	0	0	0.0	0.0	8210.0	0.0	0.0	0.0	0.0	C
2804	8210	29	0	0.0035322777101096225	0.0	8210.0	0.0	0.0	0.0	0.0	T
2805	8210	3	0	0.0003654080389768575	0.0	8210.0	25.0	0.0	0.0030450669914738123	0.0	G
2806	8210	1	0	0.0001218026796589525	0.0	8210.0	0.0	0.0	0.0	0.0	C
2807	8210	0	0	0.0	0.0	8210.0	0.0	0.0	0.0	0.0	C
2808	8210	2	0	0.000243605359317905	0.0	8210.0	0.0	0.0	0.0	0.0	G
2809	8210	0	0	0.0	0.0	8210.0	0.0	0.0	0.0	0.0	C
2810	8210	0	0	0.0	0.0	8210.0	0.0	0.0	0.0	0.0	C
2811	8210	0	0	0.0	0.0	8210.0	0.0	0.0	0.0	0.0	A
2812	8210	12	0	0.00146163215590743	0.0	8210.0	1.0	0.0	0.0001218026796589525	0.0	T
2813	8210	206	0	0.025091352009744213	0.0	8210.0	0.0	0.0	0.0	0.0	C
2814	8210	0	0	0.0	0.0	8210.0	0.0	0.0	0.0	0.0	T
2815	8210	0	0	0.0	0.0	8210.0	0.0	0.0	0.0	0.0	C
2816	8210	0	0	0.0	0.0	8210.0	0.0	0.0	0.0	0.0	T
2817	8210	0	0	0.0	0.0	8210.0	0.0	0.0	0.0	0.0	T
2818	8210	0	0	0.0	0.0	8210.0	0.0	0.0	0.0	0.0	C
2819	8210	0	0	0.0	0.0	8210.0	0.0	0.0	0.0	0.0	T
2820	8210	0	0	0.0	0.0	8210.0	0.0	0.0	0.0	0.0	T
2821	8210	0	0	0.0	0.0	8210.0	0.0	0.0	0.0	0.0	T
2822	8210	0	0	0.0	0.0	8210.0	0.0	0.0	0.0	0.0	T
2823	8210	0	0	0.0	0.0	8210.0	0.0	0.0	0.0	0.0	T
2824	8210	0	0	0.0	0.0	8210.0	0.0	0.0	0.0	0.0	G
2825	8210	0	0	0.0	0.0	8210.0	0.0	0.0	0.0	0.0	A
2826	8210	0	0	0.0	0.0	8210.0	0.0	0.0	0.0	0.0	G
2827	8210	1	0	0.0001218026796589525	0.0	8210.0	0.0	0.0	0.0	0.0	G
2828	8210	0	0	0.0	0.0	8210.0	0.0	0.0	0.0	0.0	A
2829	8210	0	0	0.0	0.0	8210.0	0.0	0.0	0.0	0.0	T
2830	8210	0	0	0.0	0.0	8210.0	0.0	0.0	0.0	0.0	A
2831	8210	0	0	0.0	0.0	8210.0	0.0	0.0	0.0	0.0	T
2832	8210	0	0	0.0	0.0	8210.0	0.0	0.0	0.0	0.0	A
2833	8210	0	0	0.0	0.0	8210.0	0.0	0.0	0.0	0.0	A
2834	8210	0	0	0.0	0.0	8210.0	3.0	0.0	0.0003654080389768575	0.0	T
2835	8210	0	0	0.0	0.0	8210.0	0.0	0.0	0.0	0.0	T
2836	8210	0	0	0.0	0.0	8210.0	0.0	0.0	0.0	0.0	T
2837	8210	0	0	0.0	0.0	8210.0	2.0	0.0	0.000243605359317905	0.0	C
2838	8210	0	0	0.0	0.0	8210.0	2.0	0.0	0.000243605359317905	0.0	T
2839	8210	0	0	0.0	0.0	8210.0	0.0	0.0	0.0	0.0	T
2840	8210	1	0	0.0001218026796589525	0.0	8210.0	0.0	1.0	0.0	0.0001218026796589525	T
2841	8210	0	0	0.0	0.0	8210.0	0.0	1.0	0.0	0.0001218026796589525	A
2842	8210	0	0	0.0	0.0	8210.0	0.0	1.0	0.0	0.0001218026796589525	A
2843	8210	0	0	0.0	0.0	8210.0	0.0	1.0	0.0	0.0001218026796589525	A
2844	8210	0	0	0.0	0.0	8210.0	0.0	1.0	0.0	0.0001218026796589525	A
2845	8210	0	0	0.0	0.0	8210.0	0.0	1.0	0.0	0.0001218026796589525	T
2846	8210	0	0	0.0	0.0	8210.0	0.0	1.0	0.0	0.0001218026796589525	A
2847	8210	1	0	0.0001218026796589525	0.0	8210.0	0.0	1.0	0.0	0.0001218026796589525	G
2848	8210	1	0	0.0001218026796589525	0.0	8210.0	0.0	1.0	0.0	0.0001218026796589525	G
2849	8210	1	0	0.0001218026796589525	0.0	8210.0	0.0	1.0	0.0	0.0001218026796589525	G
2850	8210	0	0	0.0	0.0	8210.0	0.0	1.0	0.0	0.0001218026796589525	A
2851	8210	0	0	0.0	0.0	8210.0	0.0	0.0	0.0	0.0	T
2852	8210	0	0	0.0	0.0	8210.0	0.0	0.0	0.0	0.0	C
2853	8210	0	0	0.0	0.0	8210.0	0.0	0.0	0.0	0.0	A
2854	8210	0	0	0.0	0.0	8210.0	0.0	0.0	0.0	0.0	T
2855	8210	25	0	0.0030450669914738123	0.0	8210.0	0.0	0.0	0.0	0.0	G
2856	8210	0	0	0.0	0.0	8210.0	0.0	0.0	0.0	0.0	G
2857	8210	0	0	0.0	0.0	8210.0	0.0	0.0	0.0	0.0	C
2858	8210	0	0	0.0	0.0	8210.0	0.0	0.0	0.0	0.0	A
2859	8210	0	0	0.0	0.0	8210.0	0.0	0.0	0.0	0.0	T
2860	8210	0	0	0.0	0.0	8210.0	0.0	0.0	0.0	0.0	A
2861	8210	0	0	0.0	0.0	8210.0	0.0	0.0	0.0	0.0	G
2862	8210	1	0	0.0001218026796589525	0.0	8210.0	674.0	0.0	0.08209500609013398	0.0	A
2863	8210	0	0	0.0	0.0	8210.0	0.0	0.0	0.0	0.0	C
2864	8210	0	0	0.0	0.0	8210.0	0.0	0.0	0.0	0.0	A
2865	8210	0	0	0.0	0.0	8210.0	0.0	0.0	0.0	0.0	T
2866	8210	0	0	0.0	0.0	8210.0	0.0	0.0	0.0	0.0	A
2867	8210	0	0	0.0	0.0	8210.0	0.0	0.0	0.0	0.0	A
2868	8210	0	0	0.0	0.0	8210.0	0.0	0.0	0.0	0.0	G
2869	8210	0	0	0.0	0.0	8210.0	0.0	0.0	0.0	0.0	C
2870	8210	0	0	0.0	0.0	8210.0	0.0	0.0	0.0	0.0	C
2871	8210	0	0	0.0	0.0	8210.0	0.0	0.0	0.0	0.0	A
2872	8210	0	0	0.0	0.0	8210.0	125.0	0.0	0.015225334957369063	0.0	T
2873	8210	0	0	0.0	0.0	8210.0	0.0	0.0	0.0	0.0	A
2874	8210	0	0	0.0	0.0	8210.0	0.0	0.0	0.0	0.0	T
2875	8210	0	0	0.0	0.0	8210.0	0.0	0.0	0.0	0.0	T
2876	8210	0	0	0.0	0.0	8210.0	0.0	0.0	0.0	0.0	C
2877	8210	0	0	0.0	0.0	8210.0	1.0	0.0	0.0001218026796589525	0.0	A
2878	8210	0	0	0.0	0.0	8210.0	0.0	0.0	0.0	0.0	T
2879	8210	0	0	0.0	0.0	8210.0	0.0	0.0	0.0	0.0	C
2880	8210	0	0	0.0	0.0	8210.0	0.0	0.0	0.0	0.0	T
2881	8210	0	0	0.0	0.0	8210.0	3.0	0.0	0.0003654080389768575	0.0	G
2882	8210	0	0	0.0	0.0	8210.0	0.0	0.0	0.0	0.0	A
2883	8210	0	0	0.0	0.0	8210.0	2.0	0.0	0.000243605359317905	0.0	C
2884	8210	3	0	0.0003654080389768575	0.0	8210.0	0.0	0.0	0.0	0.0	G
2885	8210	0	0	0.0	0.0	8210.0	0.0	0.0	0.0	0.0	T
2886	8210	0	0	0.0	0.0	8210.0	0.0	0.0	0.0	0.0	T
2887	8210	2	0	0.000243605359317905	0.0	8210.0	0.0	0.0	0.0	0.0	C
2888	8210	2	0	0.000243605359317905	0.0	8210.0	0.0	0.0	0.0	0.0	A
2889	8210	0	0	0.0	0.0	8210.0	1126.0	0.0	0.13714981729598053	0.0	T
2890	8210	0	1	0.0	0.0001218026796589525	8210.0	0.0	0.0	0.0	0.0	A
2891	8210	0	1	0.0	0.0001218026796589525	8210.0	0.0	0.0	0.0	0.0	A
2892	8210	0	1	0.0	0.0001218026796589525	8210.0	0.0	0.0	0.0	0.0	T
2893	8210	0	1	0.0	0.0001218026796589525	8210.0	0.0	0.0	0.0	0.0	T
2894	8210	0	1	0.0	0.0001218026796589525	8210.0	0.0	0.0	0.0	0.0	C
2895	8210	0	1	0.0	0.0001218026796589525	8210.0	0.0	0.0	0.0	0.0	C
2896	8210	0	1	0.0	0.0001218026796589525	8210.0	0.0	0.0	0.0	0.0	A
2897	8210	0	1	0.0	0.0001218026796589525	8210.0	0.0	0.0	0.0	0.0	T
2898	8210	0	1	0.0	0.0001218026796589525	8210.0	0.0	0.0	0.0	0.0	G
2899	8210	0	1	0.0	0.0001218026796589525	8210.0	0.0	0.0	0.0	0.0	A
2900	8210	0	1	0.0	0.0001218026796589525	8210.0	0.0	0.0	0.0	0.0	A
2901	8210	0	0	0.0	0.0	8210.0	0.0	0.0	0.0	0.0	A
2902	8210	0	0	0.0	0.0	8210.0	0.0	0.0	0.0	0.0	A
2903	8210	0	0	0.0	0.0	8210.0	0.0	0.0	0.0	0.0	T
2904	8210	0	0	0.0	0.0	8210.0	0.0	0.0	0.0	0.0	T
2905	8210	0	0	0.0	0.0	8210.0	0.0	0.0	0.0	0.0	C
2906	8210	0	0	0.0	0.0	8210.0	0.0	0.0	0.0	0.0	C
2907	8210	0	0	0.0	0.0	8210.0	0.0	0.0	0.0	0.0	A
2908	8210	0	0	0.0	0.0	8210.0	0.0	0.0	0.0	0.0	T
2909	8210	0	0	0.0	0.0	8210.0	0.0	0.0	0.0	0.0	T
2910	8210	0	0	0.0	0.0	8210.0	0.0	0.0	0.0	0.0	T
2911	8210	0	0	0.0	0.0	8210.0	2.0	0.0	0.000243605359317905	0.0	G
2912	8210	674	0	0.08209500609013398	0.0	8210.0	0.0	0.0	0.0	0.0	A
2913	8210	0	0	0.0	0.0	8210.0	0.0	0.0	0.0	0.0	A
2914	8210	0	0	0.0	0.0	8210.0	0.0	0.0	0.0	0.0	A
2915	8210	0	0	0.0	0.0	8210.0	0.0	0.0	0.0	0.0	T
2916	8210	0	0	0.0	0.0	8210.0	1.0	0.0	0.0001218026796589525	0.0	G
2917	8210	0	0	0.0	0.0	8210.0	0.0	0.0	0.0	0.0	A
2918	8210	0	0	0.0	0.0	8210.0	0.0	0.0	0.0	0.0	A
2919	8210	0	0	0.0	0.0	8210.0	0.0	0.0	0.0	0.0	C
2920	8210	0	0	0.0	0.0	8210.0	0.0	0.0	0.0	0.0	G
2921	8210	0	0	0.0	0.0	8210.0	2.0	0.0	0.000243605359317905	0.0	C
2922	8210	125	0	0.015225334957369063	0.0	8210.0	0.0	0.0	0.0	0.0	C
2923	8210	0	0	0.0	0.0	8210.0	0.0	0.0	0.0	0.0	A
2924	8210	0	0	0.0	0.0	8210.0	0.0	0.0	0.0	0.0	A
2925	8210	0	0	0.0	0.0	8210.0	0.0	0.0	0.0	0.0	A
2926	8210	0	0	0.0	0.0	8210.0	0.0	0.0	0.0	0.0	A
2927	8210	1	0	0.0001218026796589525	0.0	8210.0	0.0	0.0	0.0	0.0	G
2928	8210	0	0	0.0	0.0	8210.0	0.0	0.0	0.0	0.0	A
2929	8210	0	0	0.0	0.0	8210.0	7.0	0.0	0.0008526187576126675	0.0	C
2930	8210	0	0	0.0	0.0	8210.0	0.0	0.0	0.0	0.0	T
2931	8210	3	0	0.0003654080389768575	0.0	8210.0	0.0	0.0	0.0	0.0	T
2932	8210	0	0	0.0	0.0	8210.0	0.0	0.0	0.0	0.0	G
2933	8210	2	0	0.000243605359317905	0.0	8210.0	4.0	0.0	0.00048721071863581	0.0	A
2934	8210	0	0	0.0	0.0	8210.0	0.0	0.0	0.0	0.0	T
2935	8210	0	0	0.0	0.0	8210.0	0.0	0.0	0.0	0.0	T
2936	8210	0	0	0.0	0.0	8210.0	0.0	0.0	0.0	0.0	A
2937	8210	0	0	0.0	0.0	8210.0	0.0	0.0	0.0	0.0	A
2938	8210	0	0	0.0	0.0	8210.0	0.0	0.0	0.0	0.0	G
2939	8210	1126	0	0.13714981729598053	0.0	8210.0	0.0	0.0	0.0	0.0	T
2940	8210	0	0	0.0	0.0	8210.0	0.0	0.0	0.0	0.0	T
2941	8210	0	0	0.0	0.0	8210.0	0.0	0.0	0.0	0.0	C
2942	8210	0	0	0.0	0.0	8210.0	0.0	0.0	0.0	0.0	T
2943	8210	0	0	0.0	0.0	8210.0	0.0	0.0	0.0	0.0	T
2944	8210	0	0	0.0	0.0	8210.0	0.0	0.0	0.0	0.0	T
2945	8210	0	0	0.0	0.0	8210.0	0.0	0.0	0.0	0.0	T
2946	8210	0	0	0.0	0.0	8210.0	0.0	0.0	0.0	0.0	T
2947	8210	0	0	0.0	0.0	8210.0	0.0	0.0	0.0	0.0	T
2948	8210	0	0	0.0	0.0	8210.0	209.0	0.0	0.02545676004872107	0.0	T
2949	8210	0	0	0.0	0.0	8210.0	1.0	0.0	0.0001218026796589525	0.0	G
2950	8210	0	0	0.0	0.0	8210.0	1.0	0.0	0.0001218026796589525	0.0	T
2951	8210	0	0	0.0	0.0	8210.0	0.0	0.0	0.0	0.0	A
2952	8210	0	0	0.0	0.0	8210.0	1.0	0.0	0.0001218026796589525	0.0	A
2953	8210	0	0	0.0	0.0	8210.0	0.0	0.0	0.0	0.0	T
2954	8210	0	0	0.0	0.0	8210.0	0.0	0.0	0.0	0.0	T
2955	8210	0	0	0.0	0.0	8210.0	0.0	0.0	0.0	0.0	A
2956	8210	0	0	0.0	0.0	8210.0	0.0	0.0	0.0	0.0	A
2957	8210	0	0	0.0	0.0	8210.0	0.0	0.0	0.0	0.0	G
2958	8210	0	0	0.0	0.0	8210.0	0.0	0.0	0.0	0.0	T
2959	8210	0	0	0.0	0.0	8210.0	1286.0	0.0	0.1566382460414129	0.0	T
2960	8210	0	0	0.0	0.0	8210.0	1.0	0.0	0.0001218026796589525	0.0	T
2961	8210	2	0	0.000243605359317905	0.0	8210.0	0.0	0.0	0.0	0.0	T
2962	8210	0	0	0.0	0.0	8210.0	0.0	0.0	0.0	0.0	C
2963	8210	0	0	0.0	0.0	8210.0	2.0	0.0	0.000243605359317905	0.0	T
2964	8210	0	0	0.0	0.0	8210.0	0.0	0.0	0.0	0.0	G
2965	8210	0	0	0.0	0.0	8210.0	0.0	0.0	0.0	0.0	T
2966	8210	1	0	0.0001218026796589525	0.0	8210.0	0.0	0.0	0.0	0.0	C
2967	8210	0	0	0.0	0.0	8210.0	0.0	0.0	0.0	0.0	T
2968	8210	0	0	0.0	0.0	8210.0	0.0	0.0	0.0	0.0	T
2969	8210	0	0	0.0	0.0	8210.0	0.0	0.0	0.0	0.0	A
2970	8210	0	0	0.0	0.0	8210.0	0.0	0.0	0.0	0.0	G
2971	8210	2	0	0.000243605359317905	0.0	8210.0	0.0	0.0	0.0	0.0	T
2972	8210	0	0	0.0	0.0	8210.0	0.0	0.0	0.0	0.0	T
2973	8210	0	0	0.0	0.0	8210.0	0.0	0.0	0.0	0.0	T
2974	8210	0	0	0.0	0.0	8210.0	29.0	0.0	0.0035322777101096225	0.0	T
2975	8210	0	0	0.0	0.0	8210.0	0.0	0.0	0.0	0.0	A
2976	8210	0	0	0.0	0.0	8210.0	0.0	0.0	0.0	0.0	G
2977	8210	0	0	0.0	0.0	8210.0	0.0	0.0	0.0	0.0	A
2978	8210	0	0	0.0	0.0	8210.0	0.0	0.0	0.0	0.0	A
2979	8210	7	0	0.0008526187576126675	0.0	8210.0	0.0	0.0	0.0	0.0	G
2980	8210	0	0	0.0	0.0	8210.0	0.0	0.0	0.0	0.0	T
2981	8210	0	0	0.0	0.0	8210.0	0.0	0.0	0.0	0.0	C
2982	8210	0	0	0.0	0.0	8210.0	0.0	0.0	0.0	0.0	T
2983	8210	4	0	0.00048721071863581	0.0	8210.0	0.0	0.0	0.0	0.0	T
2984	8210	0	0	0.0	0.0	8210.0	0.0	0.0	0.0	0.0	C
2985	8210	0	0	0.0	0.0	8210.0	1.0	0.0	0.0001218026796589525	0.0	G
2986	8210	0	0	0.0	0.0	8210.0	0.0	0.0	0.0	0.0	T
2987	8210	0	0	0.0	0.0	8210.0	0.0	0.0	0.0	0.0	C
2988	8210	0	0	0.0	0.0	8210.0	0.0	0.0	0.0	0.0	A
2989	8210	0	0	0.0	0.0	8210.0	1.0	1.0	0.0001218026796589525	0.0001218026796589525	T
2990	8210	0	0	0.0	0.0	8210.0	1.0	0.0	0.0001218026796589525	0.0	C
2991	8210	0	0	0.0	0.0	8210.0	0.0	0.0	0.0	0.0	A
2992	8210	0	0	0.0	0.0	8210.0	0.0	0.0	0.0	0.0	T
2993	8210	0	0	0.0	0.0	8210.0	0.0	0.0	0.0	0.0	C
2994	8210	0	0	0.0	0.0	8210.0	0.0	0.0	0.0	0.0	A
2995	8210	0	0	0.0	0.0	8210.0	0.0	0.0	0.0	0.0	A
2996	8210	0	0	0.0	0.0	8210.0	0.0	0.0	0.0	0.0	T
2997	8210	0	0	0.0	0.0	8210.0	0.0	0.0	0.0	0.0	T
2998	8210	209	0	0.02545676004872107	0.0	8210.0	0.0	0.0	0.0	0.0	A
2999	8210	1	0	0.0001218026796589525	0.0	8210.0	0.0	0.0	0.0	0.0	C
3000	8210	1	0	0.0001218026796589525	0.0	8210.0	0.0	0.0	0.0	0.0	C
3001	8210	0	0	0.0	0.0	8210.0	1.0	0.0	0.0001218026796589525	0.0	T
3002	8210	1	0	0.0001218026796589525	0.0	8210.0	0.0	0.0	0.0	0.0	C
3003	8210	0	0	0.0	0.0	8210.0	0.0	0.0	0.0	0.0	C
3004	8210	0	0	0.0	0.0	8210.0	0.0	0.0	0.0	0.0	C
3005	8210	0	0	0.0	0.0	8210.0	0.0	0.0	0.0	0.0	C
3006	8210	0	0	0.0	0.0	8210.0	0.0	0.0	0.0	0.0	A
3007	8210	0	0	0.0	0.0	8210.0	1.0	0.0	0.0001218026796589525	0.0	C
3008	8210	0	0	0.0	0.0	8210.0	0.0	0.0	0.0	0.0	T
3009	8210	1286	0	0.1566382460414129	0.0	8210.0	0.0	0.0	0.0	0.0	T
3010	8210	1	0	0.0001218026796589525	0.0	8210.0	0.0	0.0	0.0	0.0	G
3011	8210	0	0	0.0	0.0	8210.0	0.0	0.0	0.0	0.0	T
3012	8210	0	0	0.0	0.0	8210.0	0.0	0.0	0.0	0.0	T
3013	8210	2	0	0.000243605359317905	0.0	8210.0	0.0	0.0	0.0	0.0	G
3014	8210	0	0	0.0	0.0	8210.0	0.0	0.0	0.0	0.0	T
3015	8210	0	0	0.0	0.0	8210.0	0.0	0.0	0.0	0.0	T
3016	8210	0	0	0.0	0.0	8210.0	0.0	0.0	0.0	0.0	T
3017	8210	0	0	0.0	0.0	8210.0	0.0	0.0	0.0	0.0	G
3018	8210	0	0	0.0	0.0	8210.0	1.0	0.0	0.0001218026796589525	0.0	T
3019	8210	0	0	0.0	0.0	8210.0	183.0	0.0	0.022289890377588308	0.0	A
3020	8210	0	0	0.0	0.0	8210.0	0.0	0.0	0.0	0.0	T
3021	8210	0	0	0.0	0.0	8210.0	3.0	0.0	0.0003654080389768575	0.0	T
3022	8210	0	0	0.0	0.0	8210.0	0.0	0.0	0.0	0.0	G
3023	8210	0	0	0.0	0.0	8210.0	0.0	0.0	0.0	0.0	T
3024	8210	29	0	0.0035322777101096225	0.0	8210.0	0.0	0.0	0.0	0.0	T
3025	8210	0	0	0.0	0.0	8210.0	0.0	0.0	0.0	0.0	T
3026	8210	0	0	0.0	0.0	8210.0	0.0	0.0	0.0	0.0	C
3027	8210	0	0	0.0	0.0	8210.0	2.0	0.0	0.000243605359317905	0.0	A
3028	8210	0	0	0.0	0.0	8210.0	0.0	0.0	0.0	0.0	T
3029	8210	0	0	0.0	0.0	8210.0	0.0	0.0	0.0	0.0	T
3030	8210	0	0	0.0	0.0	8210.0	0.0	0.0	0.0	0.0	C
3031	8210	0	0	0.0	0.0	8210.0	0.0	0.0	0.0	0.0	T
3032	8210	0	0	0.0	0.0	8210.0	1.0	0.0	0.0001218026796589525	0.0	T
3033	8210	0	0	0.0	0.0	8210.0	0.0	0.0	0.0	0.0	T
3034	8210	0	0	0.0	0.0	8210.0	1.0	0.0	0.0001218026796589525	0.0	C
3035	8210	1	0	0.0001218026796589525	0.0	8210.0	0.0	0.0	0.0	0.0	C
3036	8210	0	0	0.0	0.0	8210.0	0.0	0.0	0.0	0.0	T
3037	8210	0	0	0.0	0.0	8210.0	0.0	0.0	0.0	0.0	T
3038	8210	0	0	0.0	0.0	8210.0	0.0	0.0	0.0	0.0	T
3039	8210	1	1	0.0001218026796589525	0.0001218026796589525	8210.0	0.0	0.0	0.0	0.0	G
3040	8210	1	0	0.0001218026796589525	0.0	8210.0	0.0	0.0	0.0	0.0	G
3041	8210	0	0	0.0	0.0	8210.0	1.0	0.0	0.0001218026796589525	0.0	C
3042	8210	0	0	0.0	0.0	8210.0	0.0	0.0	0.0	0.0	A
3043	8210	0	0	0.0	0.0	8210.0	0.0	0.0	0.0	0.0	T
3044	8210	0	0	0.0	0.0	8210.0	0.0	0.0	0.0	0.0	A
3045	8210	0	0	0.0	0.0	8210.0	0.0	0.0	0.0	0.0	A
3046	8210	0	0	0.0	0.0	8210.0	0.0	0.0	0.0	0.0	T
3047	8210	0	0	0.0	0.0	8210.0	0.0	0.0	0.0	0.0	T
3048	8210	0	0	0.0	0.0	8210.0	0.0	0.0	0.0	0.0	C
3049	8210	0	0	0.0	0.0	8210.0	0.0	0.0	0.0	0.0	A
3050	8210	0	0	0.0	0.0	8210.0	0.0	0.0	0.0	0.0	T
3051	8210	1	0	0.0001218026796589525	0.0	8210.0	0.0	0.0	0.0	0.0	G
3052	8210	0	0	0.0	0.0	8210.0	0.0	0.0	0.0	0.0	A
3053	8210	0	0	0.0	0.0	8210.0	0.0	0.0	0.0	0.0	T
3054	8210	0	0	0.0	0.0	8210.0	2.0	0.0	0.000243605359317905	0.0	A
3055	8210	0	0	0.0	0.0	8210.0	17.0	0.0	0.0020706455542021922	0.0	T
3056	8210	0	0	0.0	0.0	8210.0	0.0	0.0	0.0	0.0	T
3057	8210	1	0	0.0001218026796589525	0.0	8210.0	0.0	0.0	0.0	0.0	C
3058	8210	0	0	0.0	0.0	8210.0	0.0	0.0	0.0	0.0	A
3059	8210	0	0	0.0	0.0	8210.0	0.0	0.0	0.0	0.0	C
3060	8210	0	0	0.0	0.0	8210.0	0.0	0.0	0.0	0.0	A
3061	8210	0	0	0.0	0.0	8210.0	0.0	0.0	0.0	0.0	A
3062	8210	0	0	0.0	0.0	8210.0	0.0	0.0	0.0	0.0	C
3063	8210	0	0	0.0	0.0	8210.0	1.0	0.0	0.0001218026796589525	0.0	A
3064	8210	0	0	0.0	0.0	8210.0	0.0	0.0	0.0	0.0	A
3065	8210	0	0	0.0	0.0	8210.0	0.0	0.0	0.0	0.0	T
3066	8210	0	0	0.0	0.0	8210.0	0.0	0.0	0.0	0.0	T
3067	8210	0	0	0.0	0.0	8210.0	1.0	0.0	0.0001218026796589525	0.0	A
3068	8210	1	0	0.0001218026796589525	0.0	8210.0	0.0	0.0	0.0	0.0	C
3069	8210	183	0	0.022289890377588308	0.0	8210.0	0.0	0.0	0.0	0.0	T
3070	8210	0	0	0.0	0.0	8210.0	4075.0	0.0	0.49634591961023145	0.0	G
3071	8210	3	0	0.0003654080389768575	0.0	8210.0	0.0	0.0	0.0	0.0	C
3072	8210	0	0	0.0	0.0	8210.0	0.0	0.0	0.0	0.0	T
3073	8210	0	0	0.0	0.0	8210.0	0.0	0.0	0.0	0.0	G
3074	8210	0	0	0.0	0.0	8210.0	1.0	0.0	0.0001218026796589525	0.0	T
3075	8210	0	0	0.0	0.0	8210.0	0.0	0.0	0.0	0.0	A
3076	8210	0	0	0.0	0.0	8210.0	0.0	0.0	0.0	0.0	A
3077	8210	2	0	0.000243605359317905	0.0	8210.0	0.0	0.0	0.0	0.0	T
3078	8210	0	0	0.0	0.0	8210.0	0.0	0.0	0.0	0.0	G
3079	8210	0	0	0.0	0.0	8210.0	0.0	0.0	0.0	0.0	G
3080	8210	0	0	0.0	0.0	8210.0	0.0	0.0	0.0	0.0	C
3081	8210	0	0	0.0	0.0	8210.0	1.0	0.0	0.0001218026796589525	0.0	A
3082	8210	1	0	0.0001218026796589525	0.0	8210.0	1914.0	0.0	0.2331303288672351	0.0	C
3083	8210	0	0	0.0	0.0	8210.0	0.0	0.0	0.0	0.0	C
3084	8210	1	0	0.0001218026796589525	0.0	8210.0	0.0	0.0	0.0	0.0	C
3085	8210	0	0	0.0	0.0	8210.0	1447.0	0.0	0.17624847746650427	0.0	A
3086	8210	0	0	0.0	0.0	8210.0	0.0	0.0	0.0	0.0	A
3087	8210	0	0	0.0	0.0	8210.0	0.0	0.0	0.0	0.0	A
3088	8210	0	0	0.0	0.0	8210.0	0.0	0.0	0.0	0.0	A
3089	8210	0	0	0.0	0.0	8210.0	0.0	0.0	0.0	0.0	T
3090	8210	0	0	0.0	0.0	8210.0	0.0	0.0	0.0	0.0	T
3091	8210	1	0	0.0001218026796589525	0.0	8210.0	0.0	0.0	0.0	0.0	G
3092	8210	0	0	0.0	0.0	8210.0	0.0	0.0	0.0	0.0	C
3093	8210	0	0	0.0	0.0	8210.0	0.0	0.0	0.0	0.0	T
3094	8210	0	0	0.0	0.0	8210.0	0.0	0.0	0.0	0.0	A
3095	8210	0	0	0.0	0.0	8210.0	0.0	0.0	0.0	0.0	C
3096	8210	0	0	0.0	0.0	8210.0	0.0	0.0	0.0	0.0	T
3097	8210	0	0	0.0	0.0	8210.0	0.0	0.0	0.0	0.0	C
3098	8210	0	0	0.0	0.0	8210.0	0.0	0.0	0.0	0.0	C
3099	8210	0	0	0.0	0.0	8210.0	0.0	0.0	0.0	0.0	T
3100	8210	0	0	0.0	0.0	8210.0	0.0	0.0	0.0	0.0	G
3101	8210	0	0	0.0	0.0	8210.0	0.0	0.0	0.0	0.0	T
3102	8210	0	0	0.0	0.0	8210.0	0.0	0.0	0.0	0.0	T
3103	8210	0	0	0.0	0.0	8210.0	2.0	0.0	0.000243605359317905	0.0	A
3104	8210	2	0	0.000243605359317905	0.0	8210.0	1.0	0.0	0.0001218026796589525	0.0	C
3105	8210	17	0	0.0020706455542021922	0.0	8210.0	1.0	0.0	0.0001218026796589525	0.0	A
3106	8210	0	0	0.0	0.0	8210.0	6695.0	0.0	0.8154689403166869	0.0	G
3107	8210	0	0	0.0	0.0	8210.0	0.0	0.0	0.0	0.0	G
3108	8210	0	0	0.0	0.0	8210.0	0.0	0.0	0.0	0.0	T
3109	8210	0	0	0.0	0.0	8210.0	0.0	0.0	0.0	0.0	A
3110	8210	0	0	0.0	0.0	8210.0	9.0	0.0	0.0010962241169305725	0.0	A
3111	8210	0	0	0.0	0.0	8210.0	1.0	0.0	0.0001218026796589525	0.0	C
3112	8210	0	0	0.0	0.0	8210.0	0.0	0.0	0.0	0.0	T
3113	8210	1	0	0.0001218026796589525	0.0	8210.0	0.0	0.0	0.0	0.0	T
3114	8210	0	0	0.0	0.0	8210.0	0.0	0.0	0.0	0.0	A
3115	8210	0	0	0.0	0.0	8210.0	33.0	0.0	0.004019488428745432	0.0	A
3116	8210	0	0	0.0	0.0	8210.0	0.0	0.0	0.0	0.0	A
3117	8210	1	0	0.0001218026796589525	0.0	8210.0	0.0	0.0	0.0	0.0	G
3118	8210	0	0	0.0	0.0	8210.0	0.0	0.0	0.0	0.0	T
3119	8210	0	0	0.0	0.0	8210.0	0.0	0.0	0.0	0.0	A
3120	8210	4075	0	0.49634591961023145	0.0	8210.0	0.0	0.0	0.0	0.0	G
3121	8210	0	0	0.0	0.0	8210.0	0.0	0.0	0.0	0.0	G
3122	8210	0	0	0.0	0.0	8210.0	0.0	0.0	0.0	0.0	C
3123	8210	0	0	0.0	0.0	8210.0	0.0	0.0	0.0	0.0	C
3124	8210	1	0	0.0001218026796589525	0.0	8210.0	0.0	0.0	0.0	0.0	A
3125	8210	0	0	0.0	0.0	8210.0	0.0	0.0	0.0	0.0	T
3126	8210	0	0	0.0	0.0	8210.0	2.0	0.0	0.000243605359317905	0.0	T
3127	8210	0	0	0.0	0.0	8210.0	0.0	0.0	0.0	0.0	A
3128	8210	0	0	0.0	0.0	8210.0	7.0	0.0	0.0008526187576126675	0.0	A
3129	8210	0	0	0.0	0.0	8210.0	0.0	0.0	0.0	0.0	G
3130	8210	0	0	0.0	0.0	8210.0	0.0	0.0	0.0	0.0	A
3131	8210	1	0	0.0001218026796589525	0.0	8210.0	0.0	0.0	0.0	0.0	C
3132	8210	1914	0	0.2331303288672351	0.0	8210.0	1.0	0.0	0.0001218026796589525	0.0	A
3133	8210	0	0	0.0	0.0	8210.0	0.0	0.0	0.0	0.0	A
3134	8210	0	0	0.0	0.0	8210.0	0.0	0.0	0.0	0.0	A
3135	8210	1447	0	0.17624847746650427	0.0	8210.0	0.0	0.0	0.0	0.0	G
3136	8210	0	0	0.0	0.0	8210.0	1.0	0.0	0.0001218026796589525	0.0	C
3137	8210	0	0	0.0	0.0	8210.0	0.0	0.0	0.0	0.0	C
3138	8210	0	0	0.0	0.0	8210.0	0.0	0.0	0.0	0.0	T
3139	8210	0	0	0.0	0.0	8210.0	0.0	0.0	0.0	0.0	A
3140	8210	0	0	0.0	0.0	8210.0	0.0	0.0	0.0	0.0	A
3141	8210	0	0	0.0	0.0	8210.0	4.0	0.0	0.00048721071863581	0.0	A
3142	8210	0	0	0.0	0.0	8210.0	0.0	0.0	0.0	0.0	A
3143	8210	0	0	0.0	0.0	8210.0	0.0	0.0	0.0	0.0	A
3144	8210	0	0	0.0	0.0	8210.0	0.0	0.0	0.0	0.0	G
3145	8210	0	0	0.0	0.0	8210.0	0.0	0.0	0.0	0.0	A
3146	8210	0	0	0.0	0.0	8210.0	0.0	0.0	0.0	0.0	A
3147	8210	0	0	0.0	0.0	8210.0	0.0	0.0	0.0	0.0	A
3148	8210	0	0	0.0	0.0	8210.0	0.0	0.0	0.0	0.0	T
3149	8210	0	0	0.0	0.0	8210.0	0.0	0.0	0.0	0.0	A
3150	8210	0	0	0.0	0.0	8210.0	159.0	0.0	0.019366626065773447	0.0	T
3151	8210	0	0	0.0	0.0	8210.0	133.0	0.0	0.01619975639464068	0.0	G
3152	8210	0	0	0.0	0.0	8210.0	0.0	0.0	0.0	0.0	G
3153	8210	2	0	0.000243605359317905	0.0	8210.0	0.0	0.0	0.0	0.0	C
3154	8210	1	0	0.0001218026796589525	0.0	8210.0	0.0	0.0	0.0	0.0	G
3155	8210	1	0	0.0001218026796589525	0.0	8210.0	2.0	0.0	0.000243605359317905	0.0	C
3156	8210	6695	0	0.8154689403166869	0.0	8210.0	2.0	0.0	0.000243605359317905	0.0	T
3157	8210	0	0	0.0	0.0	8210.0	0.0	0.0	0.0	0.0	A
3158	8210	0	0	0.0	0.0	8210.0	0.0	0.0	0.0	0.0	C
3159	8210	0	0	0.0	0.0	8210.0	0.0	0.0	0.0	0.0	T
3160	8210	9	0	0.0010962241169305725	0.0	8210.0	0.0	0.0	0.0	0.0	T
3161	8210	1	0	0.0001218026796589525	0.0	8210.0	0.0	0.0	0.0	0.0	G
3162	8210	0	0	0.0	0.0	8210.0	0.0	0.0	0.0	0.0	T
3163	8210	0	0	0.0	0.0	8210.0	6359.0	0.0	0.7745432399512789	0.0	T
3164	8210	0	0	0.0	0.0	8210.0	0.0	0.0	0.0	0.0	T
3165	8210	33	0	0.004019488428745432	0.0	8210.0	0.0	0.0	0.0	0.0	G
3166	8210	0	0	0.0	0.0	8210.0	696.0	0.0	0.08477466504263094	0.0	T
3167	8210	0	0	0.0	0.0	8210.0	0.0	0.0	0.0	0.0	T
3168	8210	0	0	0.0	0.0	8210.0	0.0	0.0	0.0	0.0	A
3169	8210	0	0	0.0	0.0	8210.0	0.0	0.0	0.0	0.0	A
3170	8210	0	0	0.0	0.0	8210.0	2.0	0.0	0.000243605359317905	0.0	T
3171	8210	0	0	0.0	0.0	8210.0	2.0	0.0	0.000243605359317905	0.0	C
3172	8210	0	0	0.0	0.0	8210.0	0.0	0.0	0.0	0.0	A
3173	8210	0	0	0.0	0.0	8210.0	0.0	0.0	0.0	0.0	G
3174	8210	0	0	0.0	0.0	8210.0	2.0	0.0	0.000243605359317905	0.0	T
3175	8210	0	0	0.0	0.0	8210.0	0.0	0.0	0.0	0.0	A
3176	8210	2	0	0.000243605359317905	0.0	8210.0	1.0	0.0	0.0001218026796589525	0.0	A
3177	8210	0	0	0.0	0.0	8210.0	0.0	0.0	0.0	0.0	G
3178	8210	7	0	0.0008526187576126675	0.0	8210.0	8.0	0.0	0.00097442143727162	0.0	C
3179	8210	0	0	0.0	0.0	8210.0	0.0	0.0	0.0	0.0	G
3180	8210	0	0	0.0	0.0	8210.0	0.0	0.0	0.0	0.0	T
3181	8210	0	0	0.0	0.0	8210.0	1126.0	0.0	0.13714981729598053	0.0	G
3182	8210	1	0	0.0001218026796589525	0.0	8210.0	0.0	0.0	0.0	0.0	C
3183	8210	0	0	0.0	0.0	8210.0	0.0	0.0	0.0	0.0	A
3184	8210	0	0	0.0	0.0	8210.0	0.0	0.0	0.0	0.0	A
3185	8210	0	0	0.0	0.0	8210.0	0.0	0.0	0.0	0.0	G
3186	8210	1	0	0.0001218026796589525	0.0	8210.0	0.0	0.0	0.0	0.0	C
3187	8210	0	0	0.0	0.0	8210.0	1.0	0.0	0.0001218026796589525	0.0	A
3188	8210	0	0	0.0	0.0	8210.0	0.0	0.0	0.0	0.0	T
3189	8210	0	0	0.0	0.0	8210.0	1.0	0.0	0.0001218026796589525	0.0	C
3190	8210	0	0	0.0	0.0	8210.0	0.0	0.0	0.0	0.0	G
3191	8210	4	0	0.00048721071863581	0.0	8210.0	0.0	0.0	0.0	0.0	C
3192	8210	0	0	0.0	0.0	8210.0	0.0	0.0	0.0	0.0	A
3193	8210	0	0	0.0	0.0	8210.0	0.0	0.0	0.0	0.0	A
3194	8210	0	0	0.0	0.0	8210.0	0.0	0.0	0.0	0.0	A
3195	8210	0	0	0.0	0.0	8210.0	0.0	0.0	0.0	0.0	T
3196	8210	0	0	0.0	0.0	8210.0	0.0	0.0	0.0	0.0	C
3197	8210	0	0	0.0	0.0	8210.0	0.0	0.0	0.0	0.0	C
3198	8210	0	0	0.0	0.0	8210.0	0.0	0.0	0.0	0.0	T
3199	8210	0	0	0.0	0.0	8210.0	1.0	0.0	0.0001218026796589525	0.0	A
3200	8210	159	0	0.019366626065773447	0.0	8210.0	0.0	0.0	0.0	0.0	G
3201	8210	133	0	0.01619975639464068	0.0	8210.0	1.0	0.0	0.0001218026796589525	0.0	C
3202	8210	0	0	0.0	0.0	8210.0	0.0	0.0	0.0	0.0	G
3203	8210	0	0	0.0	0.0	8210.0	2.0	0.0	0.000243605359317905	0.0	C
3204	8210	0	0	0.0	0.0	8210.0	0.0	0.0	0.0	0.0	T
3205	8210	2	0	0.000243605359317905	0.0	8210.0	1.0	0.0	0.0001218026796589525	0.0	G
3206	8210	2	0	0.000243605359317905	0.0	8210.0	0.0	0.0	0.0	0.0	G
3207	8210	0	0	0.0	0.0	8210.0	1.0	0.0	0.0001218026796589525	0.0	A
3208	8210	0	0	0.0	0.0	8210.0	3.0	0.0	0.0003654080389768575	0.0	A
3209	8210	0	0	0.0	0.0	8210.0	0.0	0.0	0.0	0.0	T
3210	8210	0	0	0.0	0.0	8210.0	0.0	0.0	0.0	0.0	A
3211	8210	0	0	0.0	0.0	8210.0	0.0	0.0	0.0	0.0	A
3212	8210	0	0	0.0	0.0	8210.0	0.0	0.0	0.0	0.0	T
3213	8210	6359	0	0.7745432399512789	0.0	8210.0	0.0	0.0	0.0	0.0	T
3214	8210	0	0	0.0	0.0	8210.0	0.0	0.0	0.0	0.0	C
3215	8210	0	0	0.0	0.0	8210.0	0.0	0.0	0.0	0.0	C
3216	8210	696	0	0.08477466504263094	0.0	8210.0	0.0	0.0	0.0	0.0	C
3217	8210	0	0	0.0	0.0	8210.0	30.0	0.0	0.0036540803897685747	0.0	G
3218	8210	0	0	0.0	0.0	8210.0	0.0	0.0	0.0	0.0	T
3219	8210	0	0	0.0	0.0	8210.0	203.0	0.0	0.024725943970767356	0.0	T
3220	8210	2	0	0.000243605359317905	0.0	8210.0	0.0	0.0	0.0	0.0	G
3221	8210	2	0	0.000243605359317905	0.0	8210.0	0.0	0.0	0.0	0.0	C
3222	8210	0	0	0.0	0.0	8210.0	0.0	0.0	0.0	0.0	A
3223	8210	0	0	0.0	0.0	8210.0	0.0	0.0	0.0	0.0	A
3224	8210	2	0	0.000243605359317905	0.0	8210.0	0.0	0.0	0.0	0.0	C
3225	8210	0	0	0.0	0.0	8210.0	0.0	0.0	0.0	0.0	A
3226	8210	1	0	0.0001218026796589525	0.0	8210.0	0.0	0.0	0.0	0.0	G
3227	8210	0	0	0.0	0.0	8210.0	2.0	0.0	0.000243605359317905	0.0	A
3228	8210	8	0	0.00097442143727162	0.0	8210.0	1.0	0.0	0.0001218026796589525	0.0	C
3229	8210	0	0	0.0	0.0	8210.0	399.0	0.0	0.048599269183922045	0.0	A
3230	8210	0	0	0.0	0.0	8210.0	0.0	0.0	0.0	0.0	A
3231	8210	1126	0	0.13714981729598053	0.0	8210.0	0.0	0.0	0.0	0.0	C
3232	8210	0	0	0.0	0.0	8210.0	204.0	0.0	0.02484774665042631	0.0	C
3233	8210	0	0	0.0	0.0	8210.0	1.0	0.0	0.0001218026796589525	0.0	C
3234	8210	0	0	0.0	0.0	8210.0	1.0	0.0	0.0001218026796589525	0.0	A
3235	8210	0	0	0.0	0.0	8210.0	6357.0	0.0	0.774299634591961	0.0	T
3236	8210	0	0	0.0	0.0	8210.0	0.0	0.0	0.0	0.0	G
3237	8210	1	0	0.0001218026796589525	0.0	8210.0	0.0	0.0	0.0	0.0	T
3238	8210	0	0	0.0	0.0	8210.0	1.0	0.0	0.0001218026796589525	0.0	T
3239	8210	1	0	0.0001218026796589525	0.0	8210.0	0.0	0.0	0.0	0.0	G
3240	8210	0	0	0.0	0.0	8210.0	4.0	0.0	0.00048721071863581	0.0	A
3241	8210	0	0	0.0	0.0	8210.0	1.0	0.0	0.0001218026796589525	0.0	A
3242	8210	0	0	0.0	0.0	8210.0	1.0	0.0	0.0001218026796589525	0.0	T
3243	8210	0	0	0.0	0.0	8210.0	129.0	0.0	0.01571254567600487	0.0	A
3244	8210	0	0	0.0	0.0	8210.0	0.0	0.0	0.0	0.0	A
3245	8210	0	0	0.0	0.0	8210.0	0.0	0.0	0.0	0.0	A
3246	8210	0	0	0.0	0.0	8210.0	0.0	0.0	0.0	0.0	T
3247	8210	0	0	0.0	0.0	8210.0	0.0	0.0	0.0	0.0	T
3248	8210	0	0	0.0	0.0	8210.0	0.0	0.0	0.0	0.0	C
3249	8210	1	0	0.0001218026796589525	0.0	8210.0	0.0	1.0	0.0	0.0001218026796589525	A
3250	8210	0	0	0.0	0.0	8210.0	0.0	0.0	0.0	0.0	G
3251	8210	1	0	0.0001218026796589525	0.0	8210.0	0.0	0.0	0.0	0.0	G
3252	8210	0	0	0.0	0.0	8210.0	0.0	0.0	0.0	0.0	G
3253	8210	2	0	0.000243605359317905	0.0	8210.0	0.0	0.0	0.0	0.0	A
3254	8210	0	0	0.0	0.0	8210.0	0.0	0.0	0.0	0.0	T
3255	8210	1	0	0.0001218026796589525	0.0	8210.0	0.0	0.0	0.0	0.0	C
3256	8210	0	0	0.0	0.0	8210.0	0.0	0.0	0.0	0.0	A
3257	8210	1	0	0.0001218026796589525	0.0	8210.0	0.0	0.0	0.0	0.0	G
3258	8210	3	0	0.0003654080389768575	0.0	8210.0	0.0	0.0	0.0	0.0	A
3259	8210	0	0	0.0	0.0	8210.0	0.0	0.0	0.0	0.0	T
3260	8210	0	0	0.0	0.0	8210.0	0.0	0.0	0.0	0.0	C
3261	8210	0	0	0.0	0.0	8210.0	0.0	0.0	0.0	0.0	A
3262	8210	0	0	0.0	0.0	8210.0	1.0	0.0	0.0001218026796589525	0.0	A
3263	8210	0	0	0.0	0.0	8210.0	0.0	0.0	0.0	0.0	G
3264	8210	0	0	0.0	0.0	8210.0	0.0	0.0	0.0	0.0	T
3265	8210	0	0	0.0	0.0	8210.0	0.0	0.0	0.0	0.0	A
3266	8210	0	0	0.0	0.0	8210.0	0.0	0.0	0.0	0.0	A
3267	8210	30	0	0.0036540803897685747	0.0	8210.0	0.0	0.0	0.0	0.0	G
3268	8210	0	0	0.0	0.0	8210.0	0.0	0.0	0.0	0.0	C
3269	8210	203	0	0.024725943970767356	0.0	8210.0	0.0	0.0	0.0	0.0	C
3270	8210	0	0	0.0	0.0	8210.0	0.0	0.0	0.0	0.0	T
3271	8210	0	0	0.0	0.0	8210.0	0.0	0.0	0.0	0.0	T
3272	8210	0	0	0.0	0.0	8210.0	0.0	0.0	0.0	0.0	T
3273	8210	0	0	0.0	0.0	8210.0	0.0	0.0	0.0	0.0	A
3274	8210	0	0	0.0	0.0	8210.0	3.0	0.0	0.0003654080389768575	0.0	A
3275	8210	0	0	0.0	0.0	8210.0	0.0	0.0	0.0	0.0	T
3276	8210	0	0	0.0	0.0	8210.0	1.0	0.0	0.0001218026796589525	0.0	G
3277	8210	2	0	0.000243605359317905	0.0	8210.0	1.0	0.0	0.0001218026796589525	0.0	G
3278	8210	1	0	0.0001218026796589525	0.0	8210.0	0.0	0.0	0.0	0.0	T
3279	8210	399	0	0.048599269183922045	0.0	8210.0	0.0	0.0	0.0	0.0	G
3280	8210	0	0	0.0	0.0	8210.0	0.0	0.0	0.0	0.0	T
3281	8210	0	0	0.0	0.0	8210.0	0.0	0.0	0.0	0.0	T
3282	8210	204	0	0.02484774665042631	0.0	8210.0	0.0	0.0	0.0	0.0	G
3283	8210	1	0	0.0001218026796589525	0.0	8210.0	0.0	0.0	0.0	0.0	C
3284	8210	1	0	0.0001218026796589525	0.0	8210.0	0.0	0.0	0.0	0.0	T
3285	8210	6357	0	0.774299634591961	0.0	8210.0	0.0	0.0	0.0	0.0	A
3286	8210	0	0	0.0	0.0	8210.0	5.0	0.0	0.0006090133982947625	0.0	C
3287	8210	0	0	0.0	0.0	8210.0	1.0	0.0	0.0001218026796589525	0.0	C
3288	8210	1	0	0.0001218026796589525	0.0	8210.0	0.0	0.0	0.0	0.0	C
3289	8210	0	0	0.0	0.0	8210.0	0.0	0.0	0.0	0.0	A
3290	8210	4	0	0.00048721071863581	0.0	8210.0	1.0	0.0	0.0001218026796589525	0.0	C
3291	8210	1	0	0.0001218026796589525	0.0	8210.0	0.0	0.0	0.0	0.0	G
3292	8210	1	0	0.0001218026796589525	0.0	8210.0	0.0	0.0	0.0	0.0	G
3293	8210	129	0	0.01571254567600487	0.0	8210.0	0.0	0.0	0.0	0.0	C
3294	8210	0	0	0.0	0.0	8210.0	0.0	0.0	0.0	0.0	A
3295	8210	0	0	0.0	0.0	8210.0	271.0	0.0	0.033008526187576125	0.0	A
3296	8210	0	0	0.0	0.0	8210.0	0.0	0.0	0.0	0.0	A
3297	8210	0	0	0.0	0.0	8210.0	0.0	0.0	0.0	0.0	T
3298	8210	0	0	0.0	0.0	8210.0	0.0	0.0	0.0	0.0	G
3299	8210	0	1	0.0	0.0001218026796589525	8210.0	0.0	0.0	0.0	0.0	A
3300	8210	0	0	0.0	0.0	8210.0	0.0	0.0	0.0	0.0	A
3301	8210	0	0	0.0	0.0	8210.0	2.0	0.0	0.000243605359317905	0.0	A
3302	8210	0	0	0.0	0.0	8210.0	0.0	0.0	0.0	0.0	T
3303	8210	0	0	0.0	0.0	8210.0	0.0	0.0	0.0	0.0	A
3304	8210	0	0	0.0	0.0	8210.0	0.0	0.0	0.0	0.0	G
3305	8210	0	0	0.0	0.0	8210.0	0.0	0.0	0.0	0.0	T
3306	8210	0	0	0.0	0.0	8210.0	0.0	0.0	0.0	0.0	T
3307	8210	0	0	0.0	0.0	8210.0	2.0	0.0	0.000243605359317905	0.0	A
3308	8210	0	0	0.0	0.0	8210.0	18.0	0.0	0.002192448233861145	0.0	C
3309	8210	0	0	0.0	0.0	8210.0	1.0	0.0	0.0001218026796589525	0.0	A
3310	8210	0	0	0.0	0.0	8210.0	6.0	0.0	0.000730816077953715	0.0	A
3311	8210	0	0	0.0	0.0	8210.0	0.0	0.0	0.0	0.0	T
3312	8210	1	0	0.0001218026796589525	0.0	8210.0	0.0	0.0	0.0	0.0	G
3313	8210	0	0	0.0	0.0	8210.0	50.0	0.0	0.0060901339829476245	0.0	A
3314	8210	0	0	0.0	0.0	8210.0	0.0	0.0	0.0	0.0	G
3315	8210	0	0	0.0	0.0	8210.0	0.0	0.0	0.0	0.0	C
3316	8210	0	0	0.0	0.0	8210.0	15.0	0.0	0.0018270401948842874	0.0	G
3317	8210	0	0	0.0	0.0	8210.0	0.0	0.0	0.0	0.0	C
3318	8210	0	0	0.0	0.0	8210.0	0.0	0.0	0.0	0.0	T
3319	8210	0	0	0.0	0.0	8210.0	0.0	0.0	0.0	0.0	A
3320	8210	0	0	0.0	0.0	8210.0	0.0	0.0	0.0	0.0	G
3321	8210	0	0	0.0	0.0	8210.0	0.0	0.0	0.0	0.0	C
3322	8210	0	0	0.0	0.0	8210.0	1.0	0.0	0.0001218026796589525	0.0	A
3323	8210	0	0	0.0	0.0	8210.0	0.0	0.0	0.0	0.0	T
3324	8210	3	0	0.0003654080389768575	0.0	8210.0	0.0	0.0	0.0	0.0	G
3325	8210	0	0	0.0	0.0	8210.0	0.0	0.0	0.0	0.0	A
3326	8210	1	0	0.0001218026796589525	0.0	8210.0	0.0	0.0	0.0	0.0	A
3327	8210	1	0	0.0001218026796589525	0.0	8210.0	2.0	0.0	0.000243605359317905	0.0	C
3328	8210	0	0	0.0	0.0	8210.0	0.0	0.0	0.0	0.0	G
3329	8210	0	0	0.0	0.0	8210.0	0.0	0.0	0.0	0.0	A
3330	8210	0	0	0.0	0.0	8210.0	0.0	0.0	0.0	0.0	T
3331	8210	0	0	0.0	0.0	8210.0	0.0	0.0	0.0	0.0	A
3332	8210	0	0	0.0	0.0	8210.0	0.0	0.0	0.0	0.0	A
3333	8210	0	0	0.0	0.0	8210.0	0.0	0.0	0.0	0.0	G
3334	8210	0	0	0.0	0.0	8210.0	0.0	0.0	0.0	0.0	C
3335	8210	0	0	0.0	0.0	8210.0	0.0	0.0	0.0	0.0	C
3336	8210	5	0	0.0006090133982947625	0.0	8210.0	0.0	0.0	0.0	0.0	A
3337	8210	1	0	0.0001218026796589525	0.0	8210.0	0.0	0.0	0.0	0.0	A
3338	8210	0	0	0.0	0.0	8210.0	0.0	0.0	0.0	0.0	A
3339	8210	0	0	0.0	0.0	8210.0	0.0	0.0	0.0	0.0	G
3340	8210	1	0	0.0001218026796589525	0.0	8210.0	0.0	0.0	0.0	0.0	C
3341	8210	0	0	0.0	0.0	8210.0	0.0	0.0	0.0	0.0	C
3342	8210	0	0	0.0	0.0	8210.0	0.0	0.0	0.0	0.0	T
3343	8210	0	0	0.0	0.0	8210.0	0.0	0.0	0.0	0.0	G
3344	8210	0	0	0.0	0.0	8210.0	0.0	0.0	0.0	0.0	C
3345	8210	271	0	0.033008526187576125	0.0	8210.0	0.0	0.0	0.0	0.0	A
3346	8210	0	0	0.0	0.0	8210.0	0.0	0.0	0.0	0.0	A
3347	8210	0	0	0.0	0.0	8210.0	0.0	0.0	0.0	0.0	G
3348	8210	0	0	0.0	0.0	8210.0	2.0	0.0	0.000243605359317905	0.0	T
3349	8210	0	0	0.0	0.0	8210.0	2.0	0.0	0.000243605359317905	0.0	A
3350	8210	0	0	0.0	0.0	8210.0	0.0	0.0	0.0	0.0	A
3351	8210	2	0	0.000243605359317905	0.0	8210.0	2.0	0.0	0.000243605359317905	0.0	A
3352	8210	0	0	0.0	0.0	8210.0	0.0	0.0	0.0	0.0	T
3353	8210	0	0	0.0	0.0	8210.0	0.0	0.0	0.0	0.0	G
3354	8210	0	0	0.0	0.0	8210.0	0.0	0.0	0.0	0.0	C
3355	8210	0	0	0.0	0.0	8210.0	0.0	0.0	0.0	0.0	A
3356	8210	0	0	0.0	0.0	8210.0	0.0	0.0	0.0	0.0	T
3357	8210	2	0	0.000243605359317905	0.0	8210.0	0.0	0.0	0.0	0.0	G
3358	8210	18	0	0.002192448233861145	0.0	8210.0	0.0	0.0	0.0	0.0	C
3359	8210	1	0	0.0001218026796589525	0.0	8210.0	1.0	0.0	0.0001218026796589525	0.0	G
3360	8210	6	0	0.000730816077953715	0.0	8210.0	0.0	0.0	0.0	0.0	C
3361	8210	0	0	0.0	0.0	8210.0	1.0	0.0	0.0001218026796589525	0.0	T
3362	8210	0	0	0.0	0.0	8210.0	0.0	0.0	0.0	0.0	C
3363	8210	50	0	0.0060901339829476245	0.0	8210.0	0.0	0.0	0.0	0.0	C
3364	8210	0	0	0.0	0.0	8210.0	28.0	0.0	0.00341047503045067	0.0	A
3365	8210	0	0	0.0	0.0	8210.0	1.0	0.0	0.0001218026796589525	0.0	C
3366	8210	15	0	0.0018270401948842874	0.0	8210.0	0.0	0.0	0.0	0.0	C
3367	8210	0	0	0.0	0.0	8210.0	1.0	0.0	0.0001218026796589525	0.0	C
3368	8210	0	0	0.0	0.0	8210.0	0.0	0.0	0.0	0.0	C
3369	8210	0	0	0.0	0.0	8210.0	2.0	0.0	0.000243605359317905	0.0	T
3370	8210	0	0	0.0	0.0	8210.0	1.0	0.0	0.0001218026796589525	0.0	T
3371	8210	0	0	0.0	0.0	8210.0	0.0	0.0	0.0	0.0	T
3372	8210	1	0	0.0001218026796589525	0.0	8210.0	0.0	0.0	0.0	0.0	A
3373	8210	0	0	0.0	0.0	8210.0	9.0	0.0	0.0010962241169305725	0.0	T
3374	8210	0	0	0.0	0.0	8210.0	0.0	0.0	0.0	0.0	A
3375	8210	0	0	0.0	0.0	8210.0	0.0	0.0	0.0	0.0	T
3376	8210	0	0	0.0	0.0	8210.0	3.0	0.0	0.0003654080389768575	0.0	G
3377	8210	2	0	0.000243605359317905	0.0	8210.0	0.0	0.0	0.0	0.0	C
3378	8210	0	0	0.0	0.0	8210.0	0.0	0.0	0.0	0.0	T
3379	8210	0	0	0.0	0.0	8210.0	0.0	0.0	0.0	0.0	C
3380	8210	0	0	0.0	0.0	8210.0	0.0	0.0	0.0	0.0	C
3381	8210	0	0	0.0	0.0	8210.0	1.0	0.0	0.0001218026796589525	0.0	T
3382	8210	0	0	0.0	0.0	8210.0	4.0	0.0	0.00048721071863581	0.0	T
3383	8210	0	0	0.0	0.0	8210.0	0.0	0.0	0.0	0.0	C
3384	8210	0	0	0.0	0.0	8210.0	0.0	0.0	0.0	0.0	T
3385	8210	0	0	0.0	0.0	8210.0	0.0	0.0	0.0	0.0	T
3386	8210	0	0	0.0	0.0	8210.0	0.0	0.0	0.0	0.0	C
3387	8210	0	0	0.0	0.0	8210.0	0.0	0.0	0.0	0.0	A
3388	8210	0	0	0.0	0.0	8210.0	1.0	0.0	0.0001218026796589525	0.0	G
3389	8210	0	0	0.0	0.0	8210.0	0.0	0.0	0.0	0.0	C
3390	8210	0	0	0.0	0.0	8210.0	0.0	0.0	0.0	0.0	A
3391	8210	0	0	0.0	0.0	8210.0	18.0	0.0	0.002192448233861145	0.0	T
3392	8210	0	0	0.0	0.0	8210.0	0.0	0.0	0.0	0.0	A
3393	8210	0	0	0.0	0.0	8210.0	0.0	0.0	0.0	0.0	C
3394	8210	0	0	0.0	0.0	8210.0	0.0	0.0	0.0	0.0	T
3395	8210	0	0	0.0	0.0	8210.0	0.0	0.0	0.0	0.0	G
3396	8210	0	0	0.0	0.0	8210.0	0.0	0.0	0.0	0.0	A
3397	8210	0	0	0.0	0.0	8210.0	0.0	0.0	0.0	0.0	T
3398	8210	2	0	0.000243605359317905	0.0	8210.0	0.0	0.0	0.0	0.0	C
3399	8210	2	0	0.000243605359317905	0.0	8210.0	0.0	0.0	0.0	0.0	A
3400	8210	0	0	0.0	0.0	8210.0	0.0	0.0	0.0	0.0	G
3401	8210	2	0	0.000243605359317905	0.0	8210.0	0.0	0.0	0.0	0.0	C
3402	8210	0	0	0.0	0.0	8210.0	0.0	0.0	0.0	0.0	T
3403	8210	0	0	0.0	0.0	8210.0	0.0	0.0	0.0	0.0	T
3404	8210	0	0	0.0	0.0	8210.0	0.0	0.0	0.0	0.0	T
3405	8210	0	0	0.0	0.0	8210.0	1.0	0.0	0.0001218026796589525	0.0	T
3406	8210	0	0	0.0	0.0	8210.0	40.0	0.0	0.0048721071863581	0.0	T
3407	8210	0	0	0.0	0.0	8210.0	1.0	0.0	0.0001218026796589525	0.0	G
3408	8210	0	0	0.0	0.0	8210.0	0.0	0.0	0.0	0.0	A
3409	8210	1	0	0.0001218026796589525	0.0	8210.0	5.0	0.0	0.0006090133982947625	0.0	C
3410	8210	0	0	0.0	0.0	8210.0	0.0	0.0	0.0	0.0	T
3411	8210	1	0	0.0001218026796589525	0.0	8210.0	0.0	0.0	0.0	0.0	C
3412	8210	0	0	0.0	0.0	8210.0	0.0	0.0	0.0	0.0	A
3413	8210	0	0	0.0	0.0	8210.0	1.0	0.0	0.0001218026796589525	0.0	T
3414	8210	28	0	0.00341047503045067	0.0	8210.0	0.0	0.0	0.0	0.0	G
3415	8210	1	0	0.0001218026796589525	0.0	8210.0	0.0	0.0	0.0	0.0	A
3416	8210	0	0	0.0	0.0	8210.0	0.0	0.0	0.0	0.0	T
3417	8210	1	0	0.0001218026796589525	0.0	8210.0	0.0	0.0	0.0	0.0	T
3418	8210	0	0	0.0	0.0	8210.0	0.0	0.0	0.0	0.0	G
3419	8210	2	0	0.000243605359317905	0.0	8210.0	0.0	0.0	0.0	0.0	G
3420	8210	1	0	0.0001218026796589525	0.0	8210.0	0.0	0.0	0.0	0.0	G
3421	8210	0	0	0.0	0.0	8210.0	0.0	0.0	0.0	0.0	A
3422	8210	0	0	0.0	0.0	8210.0	0.0	0.0	0.0	0.0	T
3423	8210	9	0	0.0010962241169305725	0.0	8210.0	0.0	0.0	0.0	0.0	G
3424	8210	0	0	0.0	0.0	8210.0	0.0	0.0	0.0	0.0	A
3425	8210	0	0	0.0	0.0	8210.0	0.0	0.0	0.0	0.0	G
3426	8210	3	0	0.0003654080389768575	0.0	8210.0	1.0	0.0	0.0001218026796589525	0.0	C
3427	8210	0	0	0.0	0.0	8210.0	1.0	0.0	0.0001218026796589525	0.0	A
3428	8210	0	0	0.0	0.0	8210.0	0.0	0.0	0.0	0.0	A
3429	8210	0	0	0.0	0.0	8210.0	2.0	0.0	0.000243605359317905	0.0	A
3430	8210	0	0	0.0	0.0	8210.0	0.0	0.0	0.0	0.0	C
3431	8210	1	0	0.0001218026796589525	0.0	8210.0	0.0	0.0	0.0	0.0	C
3432	8210	4	0	0.00048721071863581	0.0	8210.0	0.0	0.0	0.0	0.0	C
3433	8210	0	0	0.0	0.0	8210.0	1162.0	0.0	0.1415347137637028	0.0	A
3434	8210	0	0	0.0	0.0	8210.0	0.0	0.0	0.0	0.0	A
3435	8210	0	0	0.0	0.0	8210.0	3.0	0.0	0.0003654080389768575	0.0	A
3436	8210	0	0	0.0	0.0	8210.0	0.0	0.0	0.0	0.0	T
3437	8210	0	0	0.0	0.0	8210.0	0.0	0.0	0.0	0.0	A
3438	8210	1	0	0.0001218026796589525	0.0	8210.0	0.0	0.0	0.0	0.0	A
3439	8210	0	0	0.0	0.0	8210.0	0.0	0.0	0.0	0.0	A
3440	8210	0	0	0.0	0.0	8210.0	0.0	0.0	0.0	0.0	T
3441	8210	18	0	0.002192448233861145	0.0	8210.0	1.0	0.0	0.0001218026796589525	0.0	A
3442	8210	0	0	0.0	0.0	8210.0	0.0	0.0	0.0	0.0	T
3443	8210	0	0	0.0	0.0	8210.0	5.0	0.0	0.0006090133982947625	0.0	T
3444	8210	0	0	0.0	0.0	8210.0	0.0	0.0	0.0	0.0	T
3445	8210	0	0	0.0	0.0	8210.0	0.0	0.0	0.0	0.0	T
3446	8210	0	0	0.0	0.0	8210.0	0.0	0.0	0.0	0.0	T
3447	8210	0	0	0.0	0.0	8210.0	0.0	0.0	0.0	0.0	A
3448	8210	0	0	0.0	0.0	8210.0	0.0	0.0	0.0	0.0	A
3449	8210	0	0	0.0	0.0	8210.0	2.0	0.0	0.000243605359317905	0.0	G
3450	8210	0	0	0.0	0.0	8210.0	1.0	0.0	0.0001218026796589525	0.0	A
3451	8210	0	0	0.0	0.0	8210.0	0.0	0.0	0.0	0.0	A
3452	8210	0	0	0.0	0.0	8210.0	0.0	0.0	0.0	0.0	T
3453	8210	0	0	0.0	0.0	8210.0	0.0	0.0	0.0	0.0	C
3454	8210	0	0	0.0	0.0	8210.0	0.0	0.0	0.0	0.0	A
3455	8210	1	0	0.0001218026796589525	0.0	8210.0	1.0	0.0	0.0001218026796589525	0.0	A
3456	8210	40	0	0.0048721071863581	0.0	8210.0	0.0	0.0	0.0	0.0	C
3457	8210	1	0	0.0001218026796589525	0.0	8210.0	1.0	0.0	0.0001218026796589525	0.0	G
3458	8210	0	0	0.0	0.0	8210.0	0.0	0.0	0.0	0.0	T
3459	8210	5	0	0.0006090133982947625	0.0	8210.0	0.0	0.0	0.0	0.0	T
3460	8210	0	0	0.0	0.0	8210.0	0.0	0.0	0.0	0.0	A
3461	8210	0	0	0.0	0.0	8210.0	1.0	0.0	0.0001218026796589525	0.0	A
3462	8210	0	0	0.0	0.0	8210.0	0.0	0.0	0.0	0.0	C
3463	8210	1	0	0.0001218026796589525	0.0	8210.0	0.0	0.0	0.0	0.0	G
3464	8210	0	0	0.0	0.0	8210.0	0.0	0.0	0.0	0.0	T
3465	8210	0	0	0.0	0.0	8210.0	0.0	0.0	0.0	0.0	T
3466	8210	0	0	0.0	0.0	8210.0	0.0	0.0	0.0	0.0	G
3467	8210	0	0	0.0	0.0	8210.0	0.0	0.0	0.0	0.0	C
3468	8210	0	0	0.0	0.0	8210.0	0.0	0.0	0.0	0.0	G
3469	8210	0	0	0.0	0.0	8210.0	0.0	0.0	0.0	0.0	A
3470	8210	0	0	0.0	0.0	8210.0	0.0	0.0	0.0	0.0	T
3471	8210	0	0	0.0	0.0	8210.0	0.0	0.0	0.0	0.0	T
3472	8210	0	0	0.0	0.0	8210.0	0.0	0.0	0.0	0.0	G
3473	8210	0	0	0.0	0.0	8210.0	0.0	0.0	0.0	0.0	G
3474	8210	0	0	0.0	0.0	8210.0	0.0	0.0	0.0	0.0	C
3475	8210	0	0	0.0	0.0	8210.0	0.0	0.0	0.0	0.0	A
3476	8210	1	0	0.0001218026796589525	0.0	8210.0	0.0	0.0	0.0	0.0	A
3477	8210	1	0	0.0001218026796589525	0.0	8210.0	0.0	0.0	0.0	0.0	G
3478	8210	0	0	0.0	0.0	8210.0	0.0	0.0	0.0	0.0	C
3479	8210	2	0	0.000243605359317905	0.0	8210.0	0.0	0.0	0.0	0.0	C
3480	8210	0	0	0.0	0.0	8210.0	0.0	0.0	0.0	0.0	T
3481	8210	0	0	0.0	0.0	8210.0	2.0	0.0	0.000243605359317905	0.0	A
3482	8210	0	0	0.0	0.0	8210.0	0.0	0.0	0.0	0.0	A
3483	8210	1162	0	0.1415347137637028	0.0	8210.0	0.0	0.0	0.0	0.0	G
3484	8210	0	0	0.0	0.0	8210.0	0.0	0.0	0.0	0.0	A
3485	8210	3	0	0.0003654080389768575	0.0	8210.0	0.0	0.0	0.0	0.0	C
3486	8210	0	0	0.0	0.0	8210.0	0.0	0.0	0.0	0.0	T
3487	8210	0	0	0.0	0.0	8210.0	0.0	0.0	0.0	0.0	A
3488	8210	0	0	0.0	0.0	8210.0	0.0	0.0	0.0	0.0	A
3489	8210	0	0	0.0	0.0	8210.0	0.0	0.0	0.0	0.0	G
3490	8210	0	0	0.0	0.0	8210.0	1.0	0.0	0.0001218026796589525	0.0	G
3491	8210	1	0	0.0001218026796589525	0.0	8210.0	0.0	0.0	0.0	0.0	C
3492	8210	0	0	0.0	0.0	8210.0	0.0	0.0	0.0	0.0	T
3493	8210	5	0	0.0006090133982947625	0.0	8210.0	0.0	0.0	0.0	0.0	G
3494	8210	0	0	0.0	0.0	8210.0	0.0	0.0	0.0	0.0	T
3495	8210	0	0	0.0	0.0	8210.0	0.0	0.0	0.0	0.0	T
3496	8210	0	0	0.0	0.0	8210.0	0.0	0.0	0.0	0.0	T
3497	8210	0	0	0.0	0.0	8210.0	0.0	0.0	0.0	0.0	C
3498	8210	0	0	0.0	0.0	8210.0	2.0	0.0	0.000243605359317905	0.0	T
3499	8210	2	0	0.000243605359317905	0.0	8210.0	0.0	0.0	0.0	0.0	G
3500	8210	1	0	0.0001218026796589525	0.0	8210.0	0.0	0.0	0.0	0.0	T
3501	8210	0	0	0.0	0.0	8210.0	0.0	0.0	0.0	0.0	T
3502	8210	0	0	0.0	0.0	8210.0	0.0	0.0	0.0	0.0	C
3503	8210	0	0	0.0	0.0	8210.0	0.0	0.0	0.0	0.0	C
3504	8210	0	0	0.0	0.0	8210.0	0.0	0.0	0.0	0.0	T
3505	8210	1	0	0.0001218026796589525	0.0	8210.0	0.0	0.0	0.0	0.0	G
3506	8210	0	0	0.0	0.0	8210.0	0.0	0.0	0.0	0.0	C
3507	8210	1	0	0.0001218026796589525	0.0	8210.0	0.0	0.0	0.0	0.0	G
3508	8210	0	0	0.0	0.0	8210.0	0.0	0.0	0.0	0.0	C
3509	8210	0	0	0.0	0.0	8210.0	0.0	0.0	0.0	0.0	C
3510	8210	0	0	0.0	0.0	8210.0	0.0	0.0	0.0	0.0	A
3511	8210	1	0	0.0001218026796589525	0.0	8210.0	4.0	0.0	0.00048721071863581	0.0	G
3512	8210	0	0	0.0	0.0	8210.0	0.0	0.0	0.0	0.0	C
3513	8210	0	0	0.0	0.0	8210.0	0.0	0.0	0.0	0.0	A
3514	8210	0	0	0.0	0.0	8210.0	8.0	0.0	0.00097442143727162	0.0	G
3515	8210	0	0	0.0	0.0	8210.0	0.0	0.0	0.0	0.0	T
3516	8210	0	0	0.0	0.0	8210.0	0.0	0.0	0.0	0.0	A
3517	8210	0	0	0.0	0.0	8210.0	0.0	0.0	0.0	0.0	A
3518	8210	0	0	0.0	0.0	8210.0	0.0	0.0	0.0	0.0	T
3519	8210	0	0	0.0	0.0	8210.0	0.0	0.0	0.0	0.0	A
3520	8210	0	0	0.0	0.0	8210.0	130.0	0.0	0.015834348355663823	0.0	G
3521	8210	0	0	0.0	0.0	8210.0	0.0	0.0	0.0	0.0	C
3522	8210	0	0	0.0	0.0	8210.0	0.0	0.0	0.0	0.0	A
3523	8210	0	0	0.0	0.0	8210.0	0.0	0.0	0.0	0.0	A
3524	8210	0	0	0.0	0.0	8210.0	0.0	0.0	0.0	0.0	A
3525	8210	0	0	0.0	0.0	8210.0	0.0	0.0	0.0	0.0	C
3526	8210	0	0	0.0	0.0	8210.0	1.0	0.0	0.0001218026796589525	0.0	G
3527	8210	0	0	0.0	0.0	8210.0	0.0	0.0	0.0	0.0	C
3528	8210	0	0	0.0	0.0	8210.0	0.0	0.0	0.0	0.0	T
3529	8210	0	0	0.0	0.0	8210.0	0.0	0.0	0.0	0.0	G
3530	8210	0	0	0.0	0.0	8210.0	1.0	0.0	0.0001218026796589525	0.0	T
3531	8210	2	0	0.000243605359317905	0.0	8210.0	0.0	0.0	0.0	0.0	A
3532	8210	0	0	0.0	0.0	8210.0	0.0	0.0	0.0	0.0	C
3533	8210	0	0	0.0	0.0	8210.0	0.0	0.0	0.0	0.0	C
3534	8210	0	0	0.0	0.0	8210.0	0.0	0.0	0.0	0.0	A
3535	8210	0	0	0.0	0.0	8210.0	0.0	0.0	0.0	0.0	A
3536	8210	0	0	0.0	0.0	8210.0	0.0	0.0	0.0	0.0	G
3537	8210	0	0	0.0	0.0	8210.0	0.0	0.0	0.0	0.0	A
3538	8210	0	0	0.0	0.0	8210.0	0.0	0.0	0.0	0.0	A
3539	8210	0	0	0.0	0.0	8210.0	0.0	0.0	0.0	0.0	T
3540	8210	1	0	0.0001218026796589525	0.0	8210.0	0.0	0.0	0.0	0.0	C
3541	8210	0	0	0.0	0.0	8210.0	0.0	0.0	0.0	0.0	C
3542	8210	0	0	0.0	0.0	8210.0	0.0	0.0	0.0	0.0	C
3543	8210	0	0	0.0	0.0	8210.0	0.0	0.0	0.0	0.0	A
3544	8210	0	0	0.0	0.0	8210.0	1.0	0.0	0.0001218026796589525	0.0	C
3545	8210	0	0	0.0	0.0	8210.0	0.0	0.0	0.0	0.0	C
3546	8210	0	0	0.0	0.0	8210.0	0.0	0.0	0.0	0.0	A
3547	8210	0	0	0.0	0.0	8210.0	0.0	0.0	0.0	0.0	G
3548	8210	2	0	0.000243605359317905	0.0	8210.0	0.0	0.0	0.0	0.0	T
3549	8210	0	0	0.0	0.0	8210.0	0.0	0.0	0.0	0.0	C
3550	8210	0	0	0.0	0.0	8210.0	0.0	0.0	0.0	0.0	A
3551	8210	0	0	0.0	0.0	8210.0	0.0	0.0	0.0	0.0	C
3552	8210	0	0	0.0	0.0	8210.0	0.0	0.0	0.0	0.0	T
3553	8210	0	0	0.0	0.0	8210.0	0.0	0.0	0.0	0.0	A
3554	8210	0	0	0.0	0.0	8210.0	0.0	0.0	0.0	0.0	C
3555	8210	0	0	0.0	0.0	8210.0	0.0	0.0	0.0	0.0	A
3556	8210	0	0	0.0	0.0	8210.0	0.0	0.0	0.0	0.0	T
3557	8210	0	0	0.0	0.0	8210.0	0.0	0.0	0.0	0.0	C
3558	8210	0	0	0.0	0.0	8210.0	1.0	0.0	0.0001218026796589525	0.0	A
3559	8210	0	0	0.0	0.0	8210.0	0.0	0.0	0.0	0.0	G
3560	8210	0	0	0.0	0.0	8210.0	0.0	0.0	0.0	0.0	G
3561	8210	4	0	0.00048721071863581	0.0	8210.0	0.0	0.0	0.0	0.0	T
3562	8210	0	0	0.0	0.0	8210.0	404.0	0.0	0.04920828258221681	0.0	G
3563	8210	0	0	0.0	0.0	8210.0	0.0	0.0	0.0	0.0	G
3564	8210	8	0	0.00097442143727162	0.0	8210.0	5.0	0.0	0.0006090133982947625	0.0	G
3565	8210	0	0	0.0	0.0	8210.0	1270.0	0.0	0.15468940316686966	0.0	A
3566	8210	0	0	0.0	0.0	8210.0	0.0	0.0	0.0	0.0	T
3567	8210	0	0	0.0	0.0	8210.0	0.0	0.0	0.0	0.0	T
3568	8210	0	0	0.0	0.0	8210.0	0.0	0.0	0.0	0.0	G
3569	8210	0	0	0.0	0.0	8210.0	0.0	0.0	0.0	0.0	A
3570	8210	130	0	0.015834348355663823	0.0	8210.0	0.0	0.0	0.0	0.0	T
3571	8210	0	0	0.0	0.0	8210.0	0.0	0.0	0.0	0.0	G
3572	8210	0	0	0.0	0.0	8210.0	1.0	0.0	0.0001218026796589525	0.0	C
3573	8210	0	0	0.0	0.0	8210.0	0.0	0.0	0.0	0.0	G
3574	8210	0	0	0.0	0.0	8210.0	0.0	0.0	0.0	0.0	C
3575	8210	0	0	0.0	0.0	8210.0	0.0	0.0	0.0	0.0	C
3576	8210	1	0	0.0001218026796589525	0.0	8210.0	2.0	0.0	0.000243605359317905	0.0	C
3577	8210	0	0	0.0	0.0	8210.0	0.0	0.0	0.0	0.0	A
3578	8210	0	0	0.0	0.0	8210.0	0.0	0.0	0.0	0.0	C
3579	8210	0	0	0.0	0.0	8210.0	0.0	0.0	0.0	0.0	T
3580	8210	1	0	0.0001218026796589525	0.0	8210.0	0.0	0.0	0.0	0.0	G
3581	8210	0	0	0.0	0.0	8210.0	0.0	0.0	0.0	0.0	A
3582	8210	0	0	0.0	0.0	8210.0	0.0	0.0	0.0	0.0	A
3583	8210	0	0	0.0	0.0	8210.0	0.0	0.0	0.0	0.0	A
3584	8210	0	0	0.0	0.0	8210.0	0.0	0.0	0.0	0.0	A
3585	8210	0	0	0.0	0.0	8210.0	8.0	0.0	0.00097442143727162	0.0	A
3586	8210	0	0	0.0	0.0	8210.0	5610.0	0.0	0.6833130328867235	0.0	G
3587	8210	0	0	0.0	0.0	8210.0	1.0	0.0	0.0001218026796589525	0.0	A
3588	8210	0	0	0.0	0.0	8210.0	0.0	0.0	0.0	0.0	A
3589	8210	0	0	0.0	0.0	8210.0	0.0	0.0	0.0	0.0	C
3590	8210	0	0	0.0	0.0	8210.0	0.0	0.0	0.0	0.0	C
3591	8210	0	0	0.0	0.0	8210.0	0.0	0.0	0.0	0.0	G
3592	8210	0	0	0.0	0.0	8210.0	8.0	0.0	0.00097442143727162	0.0	A
3593	8210	0	0	0.0	0.0	8210.0	2.0	0.0	0.000243605359317905	0.0	T
3594	8210	1	0	0.0001218026796589525	0.0	8210.0	0.0	0.0	0.0	0.0	G
3595	8210	0	0	0.0	0.0	8210.0	0.0	0.0	0.0	0.0	A
3596	8210	0	0	0.0	0.0	8210.0	0.0	0.0	0.0	0.0	A
3597	8210	0	0	0.0	0.0	8210.0	0.0	0.0	0.0	0.0	A
3598	8210	0	0	0.0	0.0	8210.0	0.0	0.0	0.0	0.0	G
3599	8210	0	0	0.0	0.0	8210.0	0.0	0.0	0.0	0.0	C
3600	8210	0	0	0.0	0.0	8210.0	1.0	0.0	0.0001218026796589525	0.0	T
3601	8210	0	0	0.0	0.0	8210.0	0.0	0.0	0.0	0.0	A
3602	8210	0	0	0.0	0.0	8210.0	0.0	0.0	0.0	0.0	A
3603	8210	0	0	0.0	0.0	8210.0	0.0	0.0	0.0	0.0	C
3604	8210	0	0	0.0	0.0	8210.0	183.0	0.0	0.022289890377588308	0.0	T
3605	8210	0	0	0.0	0.0	8210.0	0.0	0.0	0.0	0.0	C
3606	8210	0	0	0.0	0.0	8210.0	0.0	0.0	0.0	0.0	T
3607	8210	0	0	0.0	0.0	8210.0	5.0	0.0	0.0006090133982947625	0.0	A
3608	8210	1	0	0.0001218026796589525	0.0	8210.0	0.0	0.0	0.0	0.0	A
3609	8210	0	0	0.0	0.0	8210.0	1.0	0.0	0.0001218026796589525	0.0	G
3610	8210	0	0	0.0	0.0	8210.0	0.0	0.0	0.0	0.0	G
3611	8210	0	0	0.0	0.0	8210.0	0.0	0.0	0.0	0.0	T
3612	8210	404	0	0.04920828258221681	0.0	8210.0	0.0	0.0	0.0	0.0	C
3613	8210	0	0	0.0	0.0	8210.0	0.0	0.0	0.0	0.0	G
3614	8210	5	0	0.0006090133982947625	0.0	8210.0	0.0	0.0	0.0	0.0	C
3615	8210	1270	0	0.15468940316686966	0.0	8210.0	0.0	0.0	0.0	0.0	G
3616	8210	0	0	0.0	0.0	8210.0	0.0	0.0	0.0	0.0	C
3617	8210	0	0	0.0	0.0	8210.0	0.0	0.0	0.0	0.0	C
3618	8210	0	0	0.0	0.0	8210.0	0.0	0.0	0.0	0.0	C
3619	8210	0	0	0.0	0.0	8210.0	0.0	0.0	0.0	0.0	A
3620	8210	0	0	0.0	0.0	8210.0	0.0	0.0	0.0	0.0	T
3621	8210	0	0	0.0	0.0	8210.0	0.0	0.0	0.0	0.0	G
3622	8210	1	0	0.0001218026796589525	0.0	8210.0	0.0	0.0	0.0	0.0	A
3623	8210	0	0	0.0	0.0	8210.0	0.0	0.0	0.0	0.0	T
3624	8210	0	0	0.0	0.0	8210.0	0.0	0.0	0.0	0.0	T
3625	8210	0	0	0.0	0.0	8210.0	0.0	0.0	0.0	0.0	A
3626	8210	2	0	0.000243605359317905	0.0	8210.0	0.0	0.0	0.0	0.0	C
3627	8210	0	0	0.0	0.0	8210.0	0.0	0.0	0.0	0.0	G
3628	8210	0	0	0.0	0.0	8210.0	0.0	0.0	0.0	0.0	C
3629	8210	0	0	0.0	0.0	8210.0	1.0	0.0	0.0001218026796589525	0.0	C
3630	8210	0	0	0.0	0.0	8210.0	1.0	0.0	0.0001218026796589525	0.0	C
3631	8210	0	0	0.0	0.0	8210.0	0.0	0.0	0.0	0.0	G
3632	8210	0	0	0.0	0.0	8210.0	0.0	0.0	0.0	0.0	T
3633	8210	0	0	0.0	0.0	8210.0	0.0	0.0	0.0	0.0	T
3634	8210	0	0	0.0	0.0	8210.0	0.0	0.0	0.0	0.0	T
3635	8210	8	0	0.00097442143727162	0.0	8210.0	0.0	0.0	0.0	0.0	T
3636	8210	5610	0	0.6833130328867235	0.0	8210.0	0.0	0.0	0.0	0.0	A
3637	8210	1	0	0.0001218026796589525	0.0	8210.0	0.0	0.0	0.0	0.0	A
3638	8210	0	0	0.0	0.0	8210.0	0.0	0.0	0.0	0.0	C
3639	8210	0	0	0.0	0.0	8210.0	0.0	0.0	0.0	0.0	A
3640	8210	0	0	0.0	0.0	8210.0	1.0	0.0	0.0001218026796589525	0.0	T
3641	8210	0	0	0.0	0.0	8210.0	0.0	0.0	0.0	0.0	C
3642	8210	8	0	0.00097442143727162	0.0	8210.0	0.0	0.0	0.0	0.0	A
3643	8210	2	0	0.000243605359317905	0.0	8210.0	0.0	0.0	0.0	0.0	C
3644	8210	0	0	0.0	0.0	8210.0	0.0	0.0	0.0	0.0	C
3645	8210	0	0	0.0	0.0	8210.0	0.0	0.0	0.0	0.0	T
3646	8210	0	0	0.0	0.0	8210.0	3.0	0.0	0.0003654080389768575	0.0	A
3647	8210	0	0	0.0	0.0	8210.0	11.0	0.0	0.0013398294762484776	0.0	A
3648	8210	0	0	0.0	0.0	8210.0	0.0	0.0	0.0	0.0	T
3649	8210	0	0	0.0	0.0	8210.0	6579.0	0.0	0.8013398294762485	0.0	A
3650	8210	1	0	0.0001218026796589525	0.0	8210.0	1.0	0.0	0.0001218026796589525	0.0	C
3651	8210	0	0	0.0	0.0	8210.0	0.0	0.0	0.0	0.0	A
3652	8210	0	0	0.0	0.0	8210.0	0.0	0.0	0.0	0.0	A
3653	8210	0	0	0.0	0.0	8210.0	0.0	0.0	0.0	0.0	T
3654	8210	183	0	0.022289890377588308	0.0	8210.0	0.0	0.0	0.0	0.0	T
3655	8210	0	0	0.0	0.0	8210.0	0.0	0.0	0.0	0.0	C
3656	8210	0	0	0.0	0.0	8210.0	0.0	0.0	0.0	0.0	C
3657	8210	5	0	0.0006090133982947625	0.0	8210.0	0.0	0.0	0.0	0.0	G
3658	8210	0	0	0.0	0.0	8210.0	0.0	0.0	0.0	0.0	A
3659	8210	1	0	0.0001218026796589525	0.0	8210.0	0.0	0.0	0.0	0.0	C
3660	8210	0	0	0.0	0.0	8210.0	0.0	0.0	0.0	0.0	A
3661	8210	0	0	0.0	0.0	8210.0	0.0	0.0	0.0	0.0	A
3662	8210	0	0	0.0	0.0	8210.0	0.0	0.0	0.0	0.0	A
3663	8210	0	0	0.0	0.0	8210.0	0.0	0.0	0.0	0.0	T
3664	8210	0	0	0.0	0.0	8210.0	0.0	0.0	0.0	0.0	A
3665	8210	0	0	0.0	0.0	8210.0	1.0	0.0	0.0001218026796589525	0.0	A
3666	8210	0	0	0.0	0.0	8210.0	0.0	0.0	0.0	0.0	A
3667	8210	0	0	0.0	0.0	8210.0	0.0	0.0	0.0	0.0	C
3668	8210	0	0	0.0	0.0	8210.0	1.0	0.0	0.0001218026796589525	0.0	C
3669	8210	0	0	0.0	0.0	8210.0	0.0	0.0	0.0	0.0	G
3670	8210	0	0	0.0	0.0	8210.0	133.0	0.0	0.01619975639464068	0.0	G
3671	8210	0	0	0.0	0.0	8210.0	0.0	0.0	0.0	0.0	T
3672	8210	0	0	0.0	0.0	8210.0	1.0	0.0	0.0001218026796589525	0.0	T
3673	8210	0	0	0.0	0.0	8210.0	0.0	0.0	0.0	0.0	A
3674	8210	0	0	0.0	0.0	8210.0	0.0	0.0	0.0	0.0	C
3675	8210	0	0	0.0	0.0	8210.0	0.0	0.0	0.0	0.0	A
3676	8210	0	0	0.0	0.0	8210.0	0.0	0.0	0.0	0.0	A
3677	8210	0	0	0.0	0.0	8210.0	0.0	0.0	0.0	0.0	T
3678	8210	0	0	0.0	0.0	8210.0	0.0	0.0	0.0	0.0	T
3679	8210	1	0	0.0001218026796589525	0.0	8210.0	0.0	0.0	0.0	0.0	G
3680	8210	1	0	0.0001218026796589525	0.0	8210.0	0.0	0.0	0.0	0.0	G
3681	8210	0	0	0.0	0.0	8210.0	3.0	0.0	0.0003654080389768575	0.0	T
3682	8210	0	0	0.0	0.0	8210.0	1.0	0.0	0.0001218026796589525	0.0	C
3683	8210	0	0	0.0	0.0	8210.0	0.0	0.0	0.0	0.0	T
3684	8210	0	0	0.0	0.0	8210.0	0.0	0.0	0.0	0.0	T
3685	8210	0	0	0.0	0.0	8210.0	0.0	0.0	0.0	0.0	G
3686	8210	0	0	0.0	0.0	8210.0	21.0	0.0	0.0025578562728380025	0.0	A
3687	8210	0	0	0.0	0.0	8210.0	0.0	0.0	0.0	0.0	A
3688	8210	0	0	0.0	0.0	8210.0	4.0	0.0	0.00048721071863581	0.0	A
3689	8210	0	0	0.0	0.0	8210.0	0.0	0.0	0.0	0.0	G
3690	8210	1	0	0.0001218026796589525	0.0	8210.0	0.0	0.0	0.0	0.0	C
3691	8210	0	0	0.0	0.0	8210.0	0.0	0.0	0.0	0.0	A
3692	8210	0	0	0.0	0.0	8210.0	0.0	0.0	0.0	0.0	A
3693	8210	0	0	0.0	0.0	8210.0	0.0	0.0	0.0	0.0	C
3694	8210	0	0	0.0	0.0	8210.0	0.0	0.0	0.0	0.0	G
3695	8210	0	0	0.0	0.0	8210.0	0.0	0.0	0.0	0.0	A
3696	8210	3	0	0.0003654080389768575	0.0	8210.0	0.0	0.0	0.0	0.0	G
3697	8210	11	0	0.0013398294762484776	0.0	8210.0	0.0	0.0	0.0	0.0	G
3698	8210	0	0	0.0	0.0	8210.0	0.0	0.0	0.0	0.0	T
3699	8210	6579	0	0.8013398294762485	0.0	8210.0	0.0	0.0	0.0	0.0	A
3700	8210	1	0	0.0001218026796589525	0.0	8210.0	1.0	0.0	0.0001218026796589525	0.0	C
3701	8210	0	0	0.0	0.0	8210.0	0.0	0.0	0.0	0.0	C
3702	8210	0	0	0.0	0.0	8210.0	0.0	0.0	0.0	0.0	T
3703	8210	0	0	0.0	0.0	8210.0	0.0	0.0	0.0	0.0	A
3704	8210	0	0	0.0	0.0	8210.0	0.0	0.0	0.0	0.0	A
3705	8210	0	0	0.0	0.0	8210.0	0.0	0.0	0.0	0.0	A
3706	8210	0	0	0.0	0.0	8210.0	0.0	0.0	0.0	0.0	G
3707	8210	0	0	0.0	0.0	8210.0	0.0	0.0	0.0	0.0	C
3708	8210	0	0	0.0	0.0	8210.0	0.0	0.0	0.0	0.0	A
3709	8210	0	0	0.0	0.0	8210.0	0.0	0.0	0.0	0.0	T
3710	8210	0	0	0.0	0.0	8210.0	0.0	0.0	0.0	0.0	A
3711	8210	0	0	0.0	0.0	8210.0	0.0	0.0	0.0	0.0	T
3712	8210	0	0	0.0	0.0	8210.0	0.0	0.0	0.0	0.0	T
3713	8210	0	0	0.0	0.0	8210.0	0.0	0.0	0.0	0.0	C
3714	8210	0	0	0.0	0.0	8210.0	0.0	0.0	0.0	0.0	C
3715	8210	1	0	0.0001218026796589525	0.0	8210.0	0.0	0.0	0.0	0.0	G
3716	8210	0	0	0.0	0.0	8210.0	0.0	0.0	0.0	0.0	A
3717	8210	0	0	0.0	0.0	8210.0	2279.0	0.0	0.2775883069427527	0.0	C
3718	8210	1	0	0.0001218026796589525	0.0	8210.0	2.0	0.0	0.000243605359317905	0.0	T
3719	8210	0	0	0.0	0.0	8210.0	0.0	0.0	0.0	0.0	G
3720	8210	133	0	0.01619975639464068	0.0	8210.0	0.0	0.0	0.0	0.0	C
3721	8210	0	0	0.0	0.0	8210.0	1.0	0.0	0.0001218026796589525	0.0	G
3722	8210	1	0	0.0001218026796589525	0.0	8210.0	0.0	0.0	0.0	0.0	C
3723	8210	0	0	0.0	0.0	8210.0	0.0	0.0	0.0	0.0	A
3724	8210	0	0	0.0	0.0	8210.0	0.0	0.0	0.0	0.0	A
3725	8210	0	0	0.0	0.0	8210.0	0.0	0.0	0.0	0.0	T
3726	8210	0	0	0.0	0.0	8210.0	0.0	0.0	0.0	0.0	A
3727	8210	0	0	0.0	0.0	8210.0	0.0	0.0	0.0	0.0	A
3728	8210	0	0	0.0	0.0	8210.0	0.0	0.0	0.0	0.0	A
3729	8210	0	0	0.0	0.0	8210.0	2.0	0.0	0.000243605359317905	0.0	A
3730	8210	0	0	0.0	0.0	8210.0	0.0	0.0	0.0	0.0	G
3731	8210	3	0	0.0003654080389768575	0.0	8210.0	0.0	0.0	0.0	0.0	C
3732	8210	1	0	0.0001218026796589525	0.0	8210.0	0.0	0.0	0.0	0.0	G
3733	8210	0	0	0.0	0.0	8210.0	142.0	0.0	0.017295980511571253	0.0	A
3734	8210	0	0	0.0	0.0	8210.0	0.0	0.0	0.0	0.0	T
3735	8210	0	0	0.0	0.0	8210.0	0.0	0.0	0.0	0.0	G
3736	8210	21	0	0.0025578562728380025	0.0	8210.0	142.0	0.0	0.017295980511571253	0.0	C
3737	8210	0	0	0.0	0.0	8210.0	0.0	0.0	0.0	0.0	A
3738	8210	4	0	0.00048721071863581	0.0	8210.0	1.0	0.0	0.0001218026796589525	0.0	A
3739	8210	0	0	0.0	0.0	8210.0	0.0	0.0	0.0	0.0	C
3740	8210	0	0	0.0	0.0	8210.0	0.0	0.0	0.0	0.0	C
3741	8210	0	0	0.0	0.0	8210.0	0.0	0.0	0.0	0.0	T
3742	8210	0	0	0.0	0.0	8210.0	0.0	0.0	0.0	0.0	A
3743	8210	0	0	0.0	0.0	8210.0	0.0	0.0	0.0	0.0	A
3744	8210	0	0	0.0	0.0	8210.0	0.0	0.0	0.0	0.0	A
3745	8210	0	0	0.0	0.0	8210.0	0.0	0.0	0.0	0.0	A
3746	8210	0	0	0.0	0.0	8210.0	312.0	0.0	0.03800243605359318	0.0	G
3747	8210	0	0	0.0	0.0	8210.0	0.0	0.0	0.0	0.0	A
3748	8210	0	0	0.0	0.0	8210.0	0.0	0.0	0.0	0.0	A
3749	8210	0	0	0.0	0.0	8210.0	0.0	0.0	0.0	0.0	T
3750	8210	1	0	0.0001218026796589525	0.0	8210.0	0.0	0.0	0.0	0.0	C
3751	8210	0	0	0.0	0.0	8210.0	0.0	0.0	0.0	0.0	G
3752	8210	0	0	0.0	0.0	8210.0	1.0	0.0	0.0001218026796589525	0.0	C
3753	8210	0	0	0.0	0.0	8210.0	0.0	0.0	0.0	0.0	T
3754	8210	0	0	0.0	0.0	8210.0	1.0	0.0	0.0001218026796589525	0.0	T
3755	8210	0	0	0.0	0.0	8210.0	0.0	0.0	0.0	0.0	G
3756	8210	0	0	0.0	0.0	8210.0	0.0	0.0	0.0	0.0	T
3757	8210	0	0	0.0	0.0	8210.0	0.0	0.0	0.0	0.0	C
3758	8210	0	0	0.0	0.0	8210.0	0.0	0.0	0.0	0.0	C
3759	8210	0	0	0.0	0.0	8210.0	0.0	0.0	0.0	0.0	T
3760	8210	0	0	0.0	0.0	8210.0	9.0	0.0	0.0010962241169305725	0.0	A
3761	8210	0	0	0.0	0.0	8210.0	0.0	0.0	0.0	0.0	T
3762	8210	0	0	0.0	0.0	8210.0	0.0	0.0	0.0	0.0	C
3763	8210	0	0	0.0	0.0	8210.0	1.0	0.0	0.0001218026796589525	0.0	A
3764	8210	0	0	0.0	0.0	8210.0	0.0	0.0	0.0	0.0	T
3765	8210	0	0	0.0	0.0	8210.0	0.0	0.0	0.0	0.0	T
3766	8210	0	0	0.0	0.0	8210.0	0.0	0.0	0.0	0.0	T
3767	8210	2279	0	0.2775883069427527	0.0	8210.0	0.0	0.0	0.0	0.0	G
3768	8210	2	0	0.000243605359317905	0.0	8210.0	0.0	0.0	0.0	0.0	T
3769	8210	0	0	0.0	0.0	8210.0	13.0	0.0	0.0015834348355663825	0.0	A
3770	8210	0	0	0.0	0.0	8210.0	0.0	0.0	0.0	0.0	T
3771	8210	1	0	0.0001218026796589525	0.0	8210.0	0.0	0.0	0.0	0.0	T
3772	8210	0	0	0.0	0.0	8210.0	0.0	0.0	0.0	0.0	T
3773	8210	0	0	0.0	0.0	8210.0	0.0	0.0	0.0	0.0	C
3774	8210	0	0	0.0	0.0	8210.0	0.0	0.0	0.0	0.0	T
3775	8210	0	0	0.0	0.0	8210.0	0.0	0.0	0.0	0.0	C
3776	8210	0	0	0.0	0.0	8210.0	0.0	0.0	0.0	0.0	C
3777	8210	0	0	0.0	0.0	8210.0	0.0	0.0	0.0	0.0	T
3778	8210	0	0	0.0	0.0	8210.0	46.0	0.0	0.005602923264311815	0.0	T
3779	8210	2	0	0.000243605359317905	0.0	8210.0	202.0	0.0	0.024604141291108404	0.0	T
3780	8210	0	0	0.0	0.0	8210.0	0.0	0.0	0.0	0.0	C
3781	8210	0	0	0.0	0.0	8210.0	0.0	0.0	0.0	0.0	T
3782	8210	0	0	0.0	0.0	8210.0	0.0	0.0	0.0	0.0	A
3783	8210	142	0	0.017295980511571253	0.0	8210.0	0.0	0.0	0.0	0.0	C
3784	8210	0	0	0.0	0.0	8210.0	0.0	0.0	0.0	0.0	A
3785	8210	0	0	0.0	0.0	8210.0	0.0	0.0	0.0	0.0	A
3786	8210	142	0	0.017295980511571253	0.0	8210.0	0.0	0.0	0.0	0.0	G
3787	8210	0	0	0.0	0.0	8210.0	0.0	0.0	0.0	0.0	A
3788	8210	1	0	0.0001218026796589525	0.0	8210.0	0.0	0.0	0.0	0.0	C
3789	8210	0	0	0.0	0.0	8210.0	0.0	0.0	0.0	0.0	A
3790	8210	0	0	0.0	0.0	8210.0	0.0	0.0	0.0	0.0	T
3791	8210	0	0	0.0	0.0	8210.0	0.0	0.0	0.0	0.0	T
3792	8210	0	0	0.0	0.0	8210.0	0.0	0.0	0.0	0.0	T
3793	8210	0	0	0.0	0.0	8210.0	0.0	0.0	0.0	0.0	A
3794	8210	0	0	0.0	0.0	8210.0	0.0	0.0	0.0	0.0	A
3795	8210	0	0	0.0	0.0	8210.0	0.0	0.0	0.0	0.0	T
3796	8210	312	0	0.03800243605359318	0.0	8210.0	0.0	0.0	0.0	0.0	G
3797	8210	0	0	0.0	0.0	8210.0	0.0	0.0	0.0	0.0	C
3798	8210	0	0	0.0	0.0	8210.0	0.0	0.0	0.0	0.0	T
3799	8210	0	0	0.0	0.0	8210.0	0.0	0.0	0.0	0.0	G
3800	8210	0	0	0.0	0.0	8210.0	49.0	0.0	0.005968331303288672	0.0	C
3801	8210	0	0	0.0	0.0	8210.0	0.0	0.0	0.0	0.0	T
3802	8210	1	0	0.0001218026796589525	0.0	8210.0	17.0	0.0	0.0020706455542021922	0.0	A
3803	8210	0	0	0.0	0.0	8210.0	0.0	0.0	0.0	0.0	C
3804	8210	1	0	0.0001218026796589525	0.0	8210.0	1.0	0.0	0.0001218026796589525	0.0	T
3805	8210	0	0	0.0	0.0	8210.0	0.0	0.0	0.0	0.0	T
3806	8210	0	0	0.0	0.0	8210.0	0.0	0.0	0.0	0.0	T
3807	8210	0	0	0.0	0.0	8210.0	0.0	0.0	0.0	0.0	T
3808	8210	0	0	0.0	0.0	8210.0	0.0	0.0	0.0	0.0	T
3809	8210	0	0	0.0	0.0	8210.0	0.0	0.0	0.0	0.0	T
3810	8210	9	0	0.0010962241169305725	0.0	8210.0	6.0	0.0	0.000730816077953715	0.0	G
3811	8210	0	0	0.0	0.0	8210.0	0.0	0.0	0.0	0.0	T
3812	8210	0	0	0.0	0.0	8210.0	0.0	0.0	0.0	0.0	C
3813	8210	1	0	0.0001218026796589525	0.0	8210.0	0.0	0.0	0.0	0.0	A
3814	8210	0	0	0.0	0.0	8210.0	0.0	0.0	0.0	0.0	T
3815	8210	0	0	0.0	0.0	8210.0	0.0	0.0	0.0	0.0	T
3816	8210	0	0	0.0	0.0	8210.0	0.0	0.0	0.0	0.0	T
3817	8210	0	0	0.0	0.0	8210.0	1.0	0.0	0.0001218026796589525	0.0	G
3818	8210	0	0	0.0	0.0	8210.0	0.0	0.0	0.0	0.0	G
3819	8210	13	0	0.0015834348355663825	0.0	8210.0	0.0	0.0	0.0	0.0	G
3820	8210	0	0	0.0	0.0	8210.0	0.0	0.0	0.0	0.0	A
3821	8210	0	0	0.0	0.0	8210.0	0.0	0.0	0.0	0.0	C
3822	8210	0	0	0.0	0.0	8210.0	0.0	0.0	0.0	0.0	T
3823	8210	0	0	0.0	0.0	8210.0	0.0	0.0	0.0	0.0	T
3824	8210	0	0	0.0	0.0	8210.0	0.0	0.0	0.0	0.0	G
3825	8210	0	0	0.0	0.0	8210.0	0.0	0.0	0.0	0.0	T
3826	8210	0	0	0.0	0.0	8210.0	21.0	0.0	0.0025578562728380025	0.0	C
3827	8210	0	0	0.0	0.0	8210.0	0.0	0.0	0.0	0.0	G
3828	8210	46	0	0.005602923264311815	0.0	8210.0	0.0	0.0	0.0	0.0	A
3829	8210	202	0	0.024604141291108404	0.0	8210.0	0.0	0.0	0.0	0.0	A
3830	8210	0	0	0.0	0.0	8210.0	1.0	0.0	0.0001218026796589525	0.0	T
3831	8210	0	0	0.0	0.0	8210.0	17.0	0.0	0.0020706455542021922	0.0	T
3832	8210	0	0	0.0	0.0	8210.0	0.0	0.0	0.0	0.0	T
3833	8210	0	0	0.0	0.0	8210.0	10.0	0.0	0.001218026796589525	0.0	C
3834	8210	0	0	0.0	0.0	8210.0	2.0	0.0	0.000243605359317905	0.0	A
3835	8210	0	0	0.0	0.0	8210.0	4808.0	0.0	0.5856272838002436	0.0	A
3836	8210	0	0	0.0	0.0	8210.0	1.0	0.0	0.0001218026796589525	0.0	C
3837	8210	0	0	0.0	0.0	8210.0	0.0	0.0	0.0	0.0	T
3838	8210	0	0	0.0	0.0	8210.0	4802.0	0.0	0.5848964677222899	0.0	T
3839	8210	0	0	0.0	0.0	8210.0	1.0	0.0	0.0001218026796589525	0.0	C
3840	8210	0	0	0.0	0.0	8210.0	0.0	0.0	0.0	0.0	A
3841	8210	0	0	0.0	0.0	8210.0	0.0	0.0	0.0	0.0	C
3842	8210	0	0	0.0	0.0	8210.0	0.0	0.0	0.0	0.0	A
3843	8210	0	0	0.0	0.0	8210.0	0.0	0.0	0.0	0.0	A
3844	8210	0	0	0.0	0.0	8210.0	0.0	0.0	0.0	0.0	C
3845	8210	0	0	0.0	0.0	8210.0	0.0	0.0	0.0	0.0	C
3846	8210	0	0	0.0	0.0	8210.0	0.0	0.0	0.0	0.0	A
3847	8210	0	0	0.0	0.0	8210.0	0.0	0.0	0.0	0.0	T
3848	8210	0	0	0.0	0.0	8210.0	0.0	0.0	0.0	0.0	T
3849	8210	0	0	0.0	0.0	8210.0	7.0	0.0	0.0008526187576126675	0.0	T
3850	8210	49	0	0.005968331303288672	0.0	8210.0	0.0	0.0	0.0	0.0	G
3851	8210	0	0	0.0	0.0	8210.0	0.0	0.0	0.0	0.0	C
3852	8210	17	0	0.0020706455542021922	0.0	8210.0	1.0	0.0	0.0001218026796589525	0.0	G
3853	8210	0	0	0.0	0.0	8210.0	0.0	0.0	0.0	0.0	A
3854	8210	1	0	0.0001218026796589525	0.0	8210.0	0.0	0.0	0.0	0.0	C
3855	8210	0	0	0.0	0.0	8210.0	0.0	0.0	0.0	0.0	C
3856	8210	0	0	0.0	0.0	8210.0	0.0	0.0	0.0	0.0	A
3857	8210	0	0	0.0	0.0	8210.0	0.0	0.0	0.0	0.0	A
3858	8210	0	0	0.0	0.0	8210.0	0.0	0.0	0.0	0.0	T
3859	8210	0	0	0.0	0.0	8210.0	9.0	0.0	0.0010962241169305725	0.0	T
3860	8210	6	0	0.000730816077953715	0.0	8210.0	0.0	0.0	0.0	0.0	C
3861	8210	0	0	0.0	0.0	8210.0	0.0	0.0	0.0	0.0	T
3862	8210	0	0	0.0	0.0	8210.0	0.0	0.0	0.0	0.0	T
3863	8210	0	0	0.0	0.0	8210.0	0.0	0.0	0.0	0.0	T
3864	8210	0	0	0.0	0.0	8210.0	0.0	0.0	0.0	0.0	A
3865	8210	0	0	0.0	0.0	8210.0	0.0	0.0	0.0	0.0	A
3866	8210	0	0	0.0	0.0	8210.0	0.0	0.0	0.0	0.0	C
3867	8210	1	0	0.0001218026796589525	0.0	8210.0	0.0	0.0	0.0	0.0	C
3868	8210	0	0	0.0	0.0	8210.0	0.0	0.0	0.0	0.0	A
3869	8210	0	0	0.0	0.0	8210.0	0.0	0.0	0.0	0.0	T
3870	8210	0	0	0.0	0.0	8210.0	0.0	0.0	0.0	0.0	T
3871	8210	0	0	0.0	0.0	8210.0	1.0	0.0	0.0001218026796589525	0.0	T
3872	8210	0	0	0.0	0.0	8210.0	0.0	0.0	0.0	0.0	T
3873	8210	0	0	0.0	0.0	8210.0	0.0	0.0	0.0	0.0	T
3874	8210	0	0	0.0	0.0	8210.0	16.0	0.0	0.00194884287454324	0.0	T
3875	8210	0	0	0.0	0.0	8210.0	1.0	0.0	0.0001218026796589525	0.0	C
3876	8210	21	0	0.0025578562728380025	0.0	8210.0	0.0	0.0	0.0	0.0	T
3877	8210	0	0	0.0	0.0	8210.0	0.0	0.0	0.0	0.0	T
3878	8210	0	0	0.0	0.0	8210.0	0.0	0.0	0.0	0.0	C
3879	8210	0	0	0.0	0.0	8210.0	0.0	0.0	0.0	0.0	A
3880	8210	1	0	0.0001218026796589525	0.0	8210.0	0.0	0.0	0.0	0.0	T
3881	8210	17	0	0.0020706455542021922	0.0	8210.0	0.0	0.0	0.0	0.0	C
3882	8210	0	0	0.0	0.0	8210.0	0.0	0.0	0.0	0.0	C
3883	8210	10	0	0.001218026796589525	0.0	8210.0	0.0	0.0	0.0	0.0	G
3884	8210	2	0	0.000243605359317905	0.0	8210.0	0.0	0.0	0.0	0.0	G
3885	8210	4808	0	0.5856272838002436	0.0	8210.0	0.0	0.0	0.0	0.0	C
3886	8210	1	0	0.0001218026796589525	0.0	8210.0	1318.0	0.0	0.16053593179049938	0.0	G
3887	8210	0	0	0.0	0.0	8210.0	0.0	0.0	0.0	0.0	T
3888	8210	4802	0	0.5848964677222899	0.0	8210.0	0.0	0.0	0.0	0.0	A
3889	8210	1	0	0.0001218026796589525	0.0	8210.0	133.0	0.0	0.01619975639464068	0.0	A
3890	8210	0	0	0.0	0.0	8210.0	1.0	0.0	0.0001218026796589525	0.0	T
3891	8210	0	0	0.0	0.0	8210.0	0.0	0.0	0.0	0.0	A
3892	8210	0	0	0.0	0.0	8210.0	0.0	0.0	0.0	0.0	T
3893	8210	0	0	0.0	0.0	8210.0	0.0	0.0	0.0	0.0	T
3894	8210	0	0	0.0	0.0	8210.0	0.0	0.0	0.0	0.0	A
3895	8210	0	0	0.0	0.0	8210.0	0.0	0.0	0.0	0.0	A
3896	8210	0	0	0.0	0.0	8210.0	0.0	0.0	0.0	0.0	T
3897	8210	0	0	0.0	0.0	8210.0	0.0	0.0	0.0	0.0	T
3898	8210	0	0	0.0	0.0	8210.0	0.0	0.0	0.0	0.0	G
3899	8210	7	0	0.0008526187576126675	0.0	8210.0	0.0	0.0	0.0	0.0	C
3900	8210	0	0	0.0	0.0	8210.0	0.0	0.0	0.0	0.0	T
3901	8210	0	0	0.0	0.0	8210.0	0.0	0.0	0.0	0.0	T
3902	8210	1	0	0.0001218026796589525	0.0	8210.0	0.0	0.0	0.0	0.0	T
3903	8210	0	0	0.0	0.0	8210.0	0.0	0.0	0.0	0.0	A
3904	8210	0	0	0.0	0.0	8210.0	0.0	0.0	0.0	0.0	G
3905	8210	0	0	0.0	0.0	8210.0	0.0	0.0	0.0	0.0	A
3906	8210	0	0	0.0	0.0	8210.0	0.0	0.0	0.0	0.0	A
3907	8210	0	0	0.0	0.0	8210.0	1.0	0.0	0.0001218026796589525	0.0	A
3908	8210	0	0	0.0	0.0	8210.0	0.0	0.0	0.0	0.0	T
3909	8210	9	0	0.0010962241169305725	0.0	8210.0	0.0	0.0	0.0	0.0	G
3910	8210	0	0	0.0	0.0	8210.0	0.0	0.0	0.0	0.0	T
3911	8210	0	0	0.0	0.0	8210.0	0.0	0.0	0.0	0.0	T
3912	8210	0	0	0.0	0.0	8210.0	0.0	0.0	0.0	0.0	T
3913	8210	0	0	0.0	0.0	8210.0	0.0	0.0	0.0	0.0	C
3914	8210	0	0	0.0	0.0	8210.0	0.0	0.0	0.0	0.0	G
3915	8210	0	0	0.0	0.0	8210.0	0.0	0.0	0.0	0.0	A
3916	8210	0	0	0.0	0.0	8210.0	0.0	0.0	0.0	0.0	G
3917	8210	0	0	0.0	0.0	8210.0	231.0	0.0	0.02813641900121803	0.0	T
3918	8210	0	0	0.0	0.0	8210.0	0.0	0.0	0.0	0.0	A
3919	8210	0	0	0.0	0.0	8210.0	16.0	0.0	0.00194884287454324	0.0	T
3920	8210	0	0	0.0	0.0	8210.0	0.0	0.0	0.0	0.0	T
3921	8210	1	0	0.0001218026796589525	0.0	8210.0	1.0	0.0	0.0001218026796589525	0.0	T
3922	8210	0	0	0.0	0.0	8210.0	0.0	0.0	0.0	0.0	T
3923	8210	0	0	0.0	0.0	8210.0	0.0	0.0	0.0	0.0	C
3924	8210	16	0	0.00194884287454324	0.0	8210.0	0.0	0.0	0.0	0.0	C
3925	8210	1	0	0.0001218026796589525	0.0	8210.0	0.0	0.0	0.0	0.0	C
3926	8210	0	0	0.0	0.0	8210.0	3.0	0.0	0.0003654080389768575	0.0	T
3927	8210	0	0	0.0	0.0	8210.0	0.0	0.0	0.0	0.0	T
3928	8210	0	0	0.0	0.0	8210.0	7.0	0.0	0.0008526187576126675	0.0	A
3929	8210	0	0	0.0	0.0	8210.0	0.0	0.0	0.0	0.0	C
3930	8210	0	0	0.0	0.0	8210.0	0.0	0.0	0.0	0.0	T
3931	8210	0	0	0.0	0.0	8210.0	1.0	0.0	0.0001218026796589525	0.0	T
3932	8210	0	0	0.0	0.0	8210.0	8.0	0.0	0.00097442143727162	0.0	T
3933	8210	0	0	0.0	0.0	8210.0	1.0	0.0	0.0001218026796589525	0.0	C
3934	8210	0	0	0.0	0.0	8210.0	0.0	0.0	0.0	0.0	A
3935	8210	0	0	0.0	0.0	8210.0	0.0	0.0	0.0	0.0	T
3936	8210	1318	0	0.16053593179049938	0.0	8210.0	2.0	0.0	0.000243605359317905	0.0	C
3937	8210	0	0	0.0	0.0	8210.0	1.0	0.0	0.0001218026796589525	0.0	C
3938	8210	0	0	0.0	0.0	8210.0	0.0	0.0	0.0	0.0	C
3939	8210	133	0	0.01619975639464068	0.0	8210.0	1.0	0.0	0.0001218026796589525	0.0	T
3940	8210	1	0	0.0001218026796589525	0.0	8210.0	0.0	0.0	0.0	0.0	C
3941	8210	0	0	0.0	0.0	8210.0	0.0	0.0	0.0	0.0	C
3942	8210	0	0	0.0	0.0	8210.0	0.0	0.0	0.0	0.0	T
3943	8210	0	0	0.0	0.0	8210.0	231.0	0.0	0.02813641900121803	0.0	A
3944	8210	0	0	0.0	0.0	8210.0	0.0	0.0	0.0	0.0	A
3945	8210	0	0	0.0	0.0	8210.0	0.0	0.0	0.0	0.0	G
3946	8210	0	0	0.0	0.0	8210.0	626.0	0.0	0.07624847746650426	0.0	T
3947	8210	0	0	0.0	0.0	8210.0	0.0	0.0	0.0	0.0	T
3948	8210	0	0	0.0	0.0	8210.0	0.0	0.0	0.0	0.0	A
3949	8210	0	0	0.0	0.0	8210.0	0.0	0.0	0.0	0.0	A
3950	8210	0	0	0.0	0.0	8210.0	0.0	0.0	0.0	0.0	T
3951	8210	0	0	0.0	0.0	8210.0	0.0	0.0	0.0	0.0	T
3952	8210	0	0	0.0	0.0	8210.0	2905.0	0.0	0.353836784409257	0.0	T
3953	8210	0	0	0.0	0.0	8210.0	0.0	0.0	0.0	0.0	C
3954	8210	0	0	0.0	0.0	8210.0	0.0	0.0	0.0	0.0	T
3955	8210	0	0	0.0	0.0	8210.0	0.0	0.0	0.0	0.0	T
3956	8210	0	0	0.0	0.0	8210.0	0.0	0.0	0.0	0.0	T
3957	8210	1	0	0.0001218026796589525	0.0	8210.0	25.0	0.0	0.0030450669914738123	0.0	T
3958	8210	0	0	0.0	0.0	8210.0	0.0	0.0	0.0	0.0	A
3959	8210	0	0	0.0	0.0	8210.0	0.0	0.0	0.0	0.0	T
3960	8210	0	0	0.0	0.0	8210.0	0.0	0.0	0.0	0.0	T
3961	8210	0	0	0.0	0.0	8210.0	0.0	0.0	0.0	0.0	T
3962	8210	0	0	0.0	0.0	8210.0	0.0	0.0	0.0	0.0	C
3963	8210	0	0	0.0	0.0	8210.0	1.0	0.0	0.0001218026796589525	0.0	T
3964	8210	0	0	0.0	0.0	8210.0	0.0	0.0	0.0	0.0	G
3965	8210	0	0	0.0	0.0	8210.0	0.0	0.0	0.0	0.0	G
3966	8210	0	0	0.0	0.0	8210.0	0.0	0.0	0.0	0.0	A
3967	8210	231	0	0.02813641900121803	0.0	8210.0	0.0	0.0	0.0	0.0	T
3968	8210	0	0	0.0	0.0	8210.0	0.0	0.0	0.0	0.0	A
3969	8210	16	0	0.00194884287454324	0.0	8210.0	0.0	0.0	0.0	0.0	A
3970	8210	0	0	0.0	0.0	8210.0	0.0	0.0	0.0	0.0	G
3971	8210	1	0	0.0001218026796589525	0.0	8210.0	0.0	0.0	0.0	0.0	C
3972	8210	0	0	0.0	0.0	8210.0	0.0	0.0	0.0	0.0	A
3973	8210	0	0	0.0	0.0	8210.0	0.0	0.0	0.0	0.0	G
3974	8210	0	0	0.0	0.0	8210.0	0.0	0.0	0.0	0.0	T
3975	8210	0	0	0.0	0.0	8210.0	1.0	0.0	0.0001218026796589525	0.0	A
3976	8210	3	0	0.0003654080389768575	0.0	8210.0	0.0	0.0	0.0	0.0	G
3977	8210	0	0	0.0	0.0	8210.0	0.0	0.0	0.0	0.0	C
3978	8210	7	0	0.0008526187576126675	0.0	8210.0	0.0	0.0	0.0	0.0	C
3979	8210	0	0	0.0	0.0	8210.0	0.0	0.0	0.0	0.0	A
3980	8210	0	0	0.0	0.0	8210.0	1.0	0.0	0.0001218026796589525	0.0	A
3981	8210	1	0	0.0001218026796589525	0.0	8210.0	0.0	0.0	0.0	0.0	T
3982	8210	8	0	0.00097442143727162	0.0	8210.0	0.0	0.0	0.0	0.0	C
3983	8210	1	0	0.0001218026796589525	0.0	8210.0	0.0	0.0	0.0	0.0	G
3984	8210	0	0	0.0	0.0	8210.0	0.0	0.0	0.0	0.0	A
3985	8210	0	0	0.0	0.0	8210.0	9.0	0.0	0.0010962241169305725	0.0	T
3986	8210	2	0	0.000243605359317905	0.0	8210.0	0.0	0.0	0.0	0.0	A
3987	8210	1	0	0.0001218026796589525	0.0	8210.0	2.0	0.0	0.000243605359317905	0.0	A
3988	8210	0	0	0.0	0.0	8210.0	0.0	0.0	0.0	0.0	G
3989	8210	1	0	0.0001218026796589525	0.0	8210.0	0.0	0.0	0.0	0.0	C
3990	8210	0	0	0.0	0.0	8210.0	0.0	0.0	0.0	0.0	A
3991	8210	0	0	0.0	0.0	8210.0	0.0	0.0	0.0	0.0	T
3992	8210	0	0	0.0	0.0	8210.0	0.0	0.0	0.0	0.0	C
3993	8210	231	0	0.02813641900121803	0.0	8210.0	0.0	0.0	0.0	0.0	T
3994	8210	0	0	0.0	0.0	8210.0	0.0	0.0	0.0	0.0	T
3995	8210	0	0	0.0	0.0	8210.0	0.0	0.0	0.0	0.0	C
3996	8210	626	0	0.07624847746650426	0.0	8210.0	0.0	0.0	0.0	0.0	C
3997	8210	0	0	0.0	0.0	8210.0	0.0	0.0	0.0	0.0	A
3998	8210	0	0	0.0	0.0	8210.0	0.0	0.0	0.0	0.0	C
3999	8210	0	0	0.0	0.0	8210.0	0.0	0.0	0.0	0.0	A
4000	8210	0	0	0.0	0.0	8210.0	1.0	0.0	0.0001218026796589525	0.0	C
4001	8210	0	0	0.0	0.0	8210.0	0.0	0.0	0.0	0.0	T
4002	8210	2905	0	0.353836784409257	0.0	8210.0	0.0	0.0	0.0	0.0	C
4003	8210	0	0	0.0	0.0	8210.0	134.0	0.0	0.016321559074299635	0.0	T
4004	8210	0	0	0.0	0.0	8210.0	4.0	0.0	0.00048721071863581	0.0	C
4005	8210	0	0	0.0	0.0	8210.0	10.0	0.0	0.001218026796589525	0.0	A
4006	8210	0	0	0.0	0.0	8210.0	0.0	0.0	0.0	0.0	A
4007	8210	25	0	0.0030450669914738123	0.0	8210.0	0.0	0.0	0.0	0.0	C
4008	8210	0	0	0.0	0.0	8210.0	0.0	0.0	0.0	0.0	T
4009	8210	0	0	0.0	0.0	8210.0	2.0	0.0	0.000243605359317905	0.0	A
4010	8210	0	0	0.0	0.0	8210.0	5.0	0.0	0.0006090133982947625	0.0	C
4011	8210	0	0	0.0	0.0	8210.0	0.0	0.0	0.0	0.0	A
4012	8210	0	0	0.0	0.0	8210.0	0.0	0.0	0.0	0.0	A
4013	8210	1	0	0.0001218026796589525	0.0	8210.0	0.0	0.0	0.0	0.0	T
4014	8210	0	0	0.0	0.0	8210.0	4.0	0.0	0.00048721071863581	0.0	A
4015	8210	0	0	0.0	0.0	8210.0	0.0	0.0	0.0	0.0	A
4016	8210	0	0	0.0	0.0	8210.0	0.0	0.0	0.0	0.0	A
4017	8210	0	0	0.0	0.0	8210.0	0.0	0.0	0.0	0.0	A
4018	8210	0	0	0.0	0.0	8210.0	0.0	0.0	0.0	0.0	A
4019	8210	0	0	0.0	0.0	8210.0	0.0	0.0	0.0	0.0	G
4020	8210	0	0	0.0	0.0	8210.0	0.0	0.0	0.0	0.0	T
4021	8210	0	0	0.0	0.0	8210.0	1.0	0.0	0.0001218026796589525	0.0	T
4022	8210	0	0	0.0	0.0	8210.0	0.0	0.0	0.0	0.0	T
4023	8210	0	0	0.0	0.0	8210.0	0.0	0.0	0.0	0.0	G
4024	8210	0	0	0.0	0.0	8210.0	0.0	0.0	0.0	0.0	T
4025	8210	1	0	0.0001218026796589525	0.0	8210.0	0.0	0.0	0.0	0.0	A
4026	8210	0	0	0.0	0.0	8210.0	0.0	0.0	0.0	0.0	T
4027	8210	0	0	0.0	0.0	8210.0	2.0	0.0	0.000243605359317905	0.0	T
4028	8210	0	0	0.0	0.0	8210.0	0.0	0.0	0.0	0.0	T
4029	8210	0	0	0.0	0.0	8210.0	0.0	0.0	0.0	0.0	T
4030	8210	1	0	0.0001218026796589525	0.0	8210.0	3.0	0.0	0.0003654080389768575	0.0	T
4031	8210	0	0	0.0	0.0	8210.0	0.0	0.0	0.0	0.0	C
4032	8210	0	0	0.0	0.0	8210.0	0.0	0.0	0.0	0.0	T
4033	8210	0	0	0.0	0.0	8210.0	62.0	0.0	0.007551766138855055	0.0	G
4034	8210	0	0	0.0	0.0	8210.0	0.0	0.0	0.0	0.0	T
4035	8210	9	0	0.0010962241169305725	0.0	8210.0	0.0	0.0	0.0	0.0	A
4036	8210	0	0	0.0	0.0	8210.0	0.0	0.0	0.0	0.0	A
4037	8210	2	0	0.000243605359317905	0.0	8210.0	0.0	0.0	0.0	0.0	C
4038	8210	0	0	0.0	0.0	8210.0	0.0	0.0	0.0	0.0	A
4039	8210	0	0	0.0	0.0	8210.0	0.0	0.0	0.0	0.0	C
4040	8210	0	0	0.0	0.0	8210.0	1.0	0.0	0.0001218026796589525	0.0	C
4041	8210	0	0	0.0	0.0	8210.0	0.0	0.0	0.0	0.0	A
4042	8210	0	0	0.0	0.0	8210.0	0.0	0.0	0.0	0.0	C
4043	8210	0	0	0.0	0.0	8210.0	1.0	0.0	0.0001218026796589525	0.0	T
4044	8210	0	0	0.0	0.0	8210.0	0.0	0.0	0.0	0.0	T
4045	8210	0	0	0.0	0.0	8210.0	0.0	0.0	0.0	0.0	T
4046	8210	0	0	0.0	0.0	8210.0	1.0	0.0	0.0001218026796589525	0.0	T
4047	8210	0	0	0.0	0.0	8210.0	0.0	0.0	0.0	0.0	T
4048	8210	0	0	0.0	0.0	8210.0	0.0	0.0	0.0	0.0	A
4049	8210	0	0	0.0	0.0	8210.0	0.0	0.0	0.0	0.0	G
4050	8210	1	0	0.0001218026796589525	0.0	8210.0	0.0	0.0	0.0	0.0	T
4051	8210	0	0	0.0	0.0	8210.0	4540.0	0.0	0.5529841656516443	0.0	G
4052	8210	0	0	0.0	0.0	8210.0	0.0	0.0	0.0	0.0	C
4053	8210	134	0	0.016321559074299635	0.0	8210.0	0.0	0.0	0.0	0.0	G
4054	8210	4	0	0.00048721071863581	0.0	8210.0	0.0	0.0	0.0	0.0	G
4055	8210	10	0	0.001218026796589525	0.0	8210.0	0.0	0.0	0.0	0.0	C
4056	8210	0	0	0.0	0.0	8210.0	0.0	0.0	0.0	0.0	A
4057	8210	0	0	0.0	0.0	8210.0	0.0	0.0	0.0	0.0	A
4058	8210	0	0	0.0	0.0	8210.0	0.0	0.0	0.0	0.0	T
4059	8210	2	0	0.000243605359317905	0.0	8210.0	0.0	0.0	0.0	0.0	C
4060	8210	5	0	0.0006090133982947625	0.0	8210.0	0.0	0.0	0.0	0.0	G
4061	8210	0	0	0.0	0.0	8210.0	0.0	0.0	0.0	0.0	C
4062	8210	0	0	0.0	0.0	8210.0	0.0	0.0	0.0	0.0	A
4063	8210	0	0	0.0	0.0	8210.0	0.0	0.0	0.0	0.0	T
4064	8210	4	0	0.00048721071863581	0.0	8210.0	0.0	0.0	0.0	0.0	C
4065	8210	0	0	0.0	0.0	8210.0	0.0	0.0	0.0	0.0	T
4066	8210	0	0	0.0	0.0	8210.0	186.0	0.0	0.022655298416565165	0.0	T
4067	8210	0	0	0.0	0.0	8210.0	0.0	0.0	0.0	0.0	C
4068	8210	0	0	0.0	0.0	8210.0	0.0	0.0	0.0	0.0	A
4069	8210	0	0	0.0	0.0	8210.0	0.0	0.0	0.0	0.0	A
4070	8210	0	0	0.0	0.0	8210.0	1.0	0.0	0.0001218026796589525	0.0	T
4071	8210	1	0	0.0001218026796589525	0.0	8210.0	0.0	0.0	0.0	0.0	C
4072	8210	0	0	0.0	0.0	8210.0	0.0	0.0	0.0	0.0	G
4073	8210	0	0	0.0	0.0	8210.0	0.0	0.0	0.0	0.0	T
4074	8210	0	0	0.0	0.0	8210.0	0.0	0.0	0.0	0.0	T
4075	8210	0	0	0.0	0.0	8210.0	0.0	0.0	0.0	0.0	T
4076	8210	0	0	0.0	0.0	8210.0	2.0	0.0	0.000243605359317905	0.0	T
4077	8210	2	0	0.000243605359317905	0.0	8210.0	253.0	0.0	0.030816077953714983	0.0	A
4078	8210	0	0	0.0	0.0	8210.0	0.0	0.0	0.0	0.0	A
4079	8210	0	0	0.0	0.0	8210.0	0.0	0.0	0.0	0.0	T
4080	8210	3	0	0.0003654080389768575	0.0	8210.0	0.0	0.0	0.0	0.0	G
4081	8210	0	0	0.0	0.0	8210.0	0.0	0.0	0.0	0.0	A
4082	8210	0	0	0.0	0.0	8210.0	0.0	0.0	0.0	0.0	C
4083	8210	62	0	0.007551766138855055	0.0	8210.0	16.0	0.0	0.00194884287454324	0.0	C
4084	8210	0	0	0.0	0.0	8210.0	0.0	0.0	0.0	0.0	A
4085	8210	0	0	0.0	0.0	8210.0	0.0	0.0	0.0	0.0	G
4086	8210	0	0	0.0	0.0	8210.0	0.0	0.0	0.0	0.0	T
4087	8210	0	0	0.0	0.0	8210.0	0.0	0.0	0.0	0.0	T
4088	8210	0	0	0.0	0.0	8210.0	0.0	0.0	0.0	0.0	T
4089	8210	0	0	0.0	0.0	8210.0	0.0	0.0	0.0	0.0	T
4090	8210	1	0	0.0001218026796589525	0.0	8210.0	0.0	0.0	0.0	0.0	A
4091	8210	0	0	0.0	0.0	8210.0	0.0	0.0	0.0	0.0	C
4092	8210	0	0	0.0	0.0	8210.0	0.0	0.0	0.0	0.0	T
4093	8210	1	0	0.0001218026796589525	0.0	8210.0	0.0	0.0	0.0	0.0	C
4094	8210	0	0	0.0	0.0	8210.0	0.0	0.0	0.0	0.0	C
4095	8210	0	0	0.0	0.0	8210.0	0.0	0.0	0.0	0.0	T
4096	8210	1	0	0.0001218026796589525	0.0	8210.0	5.0	0.0	0.0006090133982947625	0.0	G
4097	8210	0	0	0.0	0.0	8210.0	1.0	0.0	0.0001218026796589525	0.0	C
4098	8210	0	0	0.0	0.0	8210.0	0.0	0.0	0.0	0.0	T
4099	8210	0	0	0.0	0.0	8210.0	0.0	0.0	0.0	0.0	G
4100	8210	0	0	0.0	0.0	8210.0	0.0	0.0	0.0	0.0	G
4101	8210	4540	0	0.5529841656516443	0.0	8210.0	0.0	0.0	0.0	0.0	T
4102	8210	0	0	0.0	0.0	8210.0	0.0	0.0	0.0	0.0	T
4103	8210	0	0	0.0	0.0	8210.0	0.0	0.0	0.0	0.0	T
4104	8210	0	0	0.0	0.0	8210.0	0.0	0.0	0.0	0.0	A
4105	8210	0	0	0.0	0.0	8210.0	0.0	0.0	0.0	0.0	G
4106	8210	0	0	0.0	0.0	8210.0	0.0	0.0	0.0	0.0	C
4107	8210	0	0	0.0	0.0	8210.0	0.0	0.0	0.0	0.0	T
4108	8210	0	0	0.0	0.0	8210.0	0.0	0.0	0.0	0.0	A
4109	8210	0	0	0.0	0.0	8210.0	0.0	0.0	0.0	0.0	G
4110	8210	0	0	0.0	0.0	8210.0	0.0	0.0	0.0	0.0	C
4111	8210	0	0	0.0	0.0	8210.0	0.0	0.0	0.0	0.0	T
4112	8210	0	0	0.0	0.0	8210.0	0.0	0.0	0.0	0.0	T
4113	8210	0	0	0.0	0.0	8210.0	0.0	0.0	0.0	0.0	A
4114	8210	0	0	0.0	0.0	8210.0	0.0	0.0	0.0	0.0	A
4115	8210	0	0	0.0	0.0	8210.0	0.0	0.0	0.0	0.0	T
4116	8210	186	0	0.022655298416565165	0.0	8210.0	0.0	0.0	0.0	0.0	G
4117	8210	0	0	0.0	0.0	8210.0	0.0	0.0	0.0	0.0	G
4118	8210	0	0	0.0	0.0	8210.0	0.0	0.0	0.0	0.0	T
4119	8210	0	0	0.0	0.0	8210.0	0.0	0.0	0.0	0.0	T
4120	8210	1	0	0.0001218026796589525	0.0	8210.0	0.0	0.0	0.0	0.0	G
4121	8210	0	0	0.0	0.0	8210.0	0.0	0.0	0.0	0.0	T
4122	8210	0	0	0.0	0.0	8210.0	10.0	0.0	0.001218026796589525	0.0	T
4123	8210	0	0	0.0	0.0	8210.0	0.0	0.0	0.0	0.0	T
4124	8210	0	0	0.0	0.0	8210.0	1.0	0.0	0.0001218026796589525	0.0	T
4125	8210	0	0	0.0	0.0	8210.0	2.0	0.0	0.000243605359317905	0.0	T
4126	8210	2	0	0.000243605359317905	0.0	8210.0	1432.0	0.0	0.17442143727162	0.0	C
4127	8210	253	0	0.030816077953714983	0.0	8210.0	1.0	0.0	0.0001218026796589525	0.0	G
4128	8210	0	0	0.0	0.0	8210.0	0.0	0.0	0.0	0.0	A
4129	8210	0	0	0.0	0.0	8210.0	1.0	0.0	0.0001218026796589525	0.0	A
4130	8210	0	0	0.0	0.0	8210.0	0.0	0.0	0.0	0.0	T
4131	8210	0	0	0.0	0.0	8210.0	0.0	0.0	0.0	0.0	A
4132	8210	0	0	0.0	0.0	8210.0	0.0	0.0	0.0	0.0	T
4133	8210	16	0	0.00194884287454324	0.0	8210.0	2.0	0.0	0.000243605359317905	0.0	C
4134	8210	0	0	0.0	0.0	8210.0	0.0	0.0	0.0	0.0	A
4135	8210	0	0	0.0	0.0	8210.0	0.0	0.0	0.0	0.0	T
4136	8210	0	0	0.0	0.0	8210.0	0.0	0.0	0.0	0.0	T
4137	8210	0	0	0.0	0.0	8210.0	0.0	0.0	0.0	0.0	T
4138	8210	0	0	0.0	0.0	8210.0	1.0	0.0	0.0001218026796589525	0.0	T
4139	8210	0	0	0.0	0.0	8210.0	2.0	0.0	0.000243605359317905	0.0	T
4140	8210	0	0	0.0	0.0	8210.0	0.0	0.0	0.0	0.0	A
4141	8210	0	0	0.0	0.0	8210.0	0.0	0.0	0.0	0.0	G
4142	8210	0	0	0.0	0.0	8210.0	0.0	0.0	0.0	0.0	G
4143	8210	0	0	0.0	0.0	8210.0	0.0	0.0	0.0	0.0	T
4144	8210	0	0	0.0	0.0	8210.0	0.0	0.0	0.0	0.0	A
4145	8210	0	0	0.0	0.0	8210.0	0.0	0.0	0.0	0.0	C
4146	8210	5	0	0.0006090133982947625	0.0	8210.0	0.0	0.0	0.0	0.0	G
4147	8210	1	0	0.0001218026796589525	0.0	8210.0	0.0	0.0	0.0	0.0	T
4148	8210	0	0	0.0	0.0	8210.0	0.0	0.0	0.0	0.0	C
4149	8210	0	0	0.0	0.0	8210.0	0.0	0.0	0.0	0.0	A
4150	8210	0	0	0.0	0.0	8210.0	0.0	0.0	0.0	0.0	T
4151	8210	0	0	0.0	0.0	8210.0	0.0	0.0	0.0	0.0	C
4152	8210	0	0	0.0	0.0	8210.0	0.0	0.0	0.0	0.0	A
4153	8210	0	0	0.0	0.0	8210.0	0.0	0.0	0.0	0.0	T
4154	8210	0	0	0.0	0.0	8210.0	0.0	0.0	0.0	0.0	T
4155	8210	0	0	0.0	0.0	8210.0	1.0	0.0	0.0001218026796589525	0.0	T
4156	8210	0	0	0.0	0.0	8210.0	0.0	0.0	0.0	0.0	G
4157	8210	0	0	0.0	0.0	8210.0	0.0	0.0	0.0	0.0	C
4158	8210	0	0	0.0	0.0	8210.0	0.0	0.0	0.0	0.0	G
4159	8210	0	0	0.0	0.0	8210.0	0.0	0.0	0.0	0.0	A
4160	8210	0	0	0.0	0.0	8210.0	2.0	0.0	0.000243605359317905	0.0	T
4161	8210	0	0	0.0	0.0	8210.0	0.0	0.0	0.0	0.0	T
4162	8210	0	0	0.0	0.0	8210.0	60.0	0.0	0.007308160779537149	0.0	A
4163	8210	0	0	0.0	0.0	8210.0	0.0	0.0	0.0	0.0	A
4164	8210	0	0	0.0	0.0	8210.0	0.0	0.0	0.0	0.0	A
4165	8210	0	0	0.0	0.0	8210.0	1.0	0.0	0.0001218026796589525	0.0	A
4166	8210	0	0	0.0	0.0	8210.0	0.0	0.0	0.0	0.0	T
4167	8210	0	0	0.0	0.0	8210.0	0.0	0.0	0.0	0.0	A
4168	8210	0	0	0.0	0.0	8210.0	0.0	0.0	0.0	0.0	C
4169	8210	0	0	0.0	0.0	8210.0	0.0	0.0	0.0	0.0	A
4170	8210	0	0	0.0	0.0	8210.0	0.0	0.0	0.0	0.0	A
4171	8210	0	0	0.0	0.0	8210.0	227.0	0.0	0.027649208282582216	0.0	T
4172	8210	10	0	0.001218026796589525	0.0	8210.0	0.0	0.0	0.0	0.0	C
4173	8210	0	0	0.0	0.0	8210.0	0.0	0.0	0.0	0.0	G
4174	8210	1	0	0.0001218026796589525	0.0	8210.0	0.0	0.0	0.0	0.0	G
4175	8210	2	0	0.000243605359317905	0.0	8210.0	0.0	0.0	0.0	0.0	C
4176	8210	1432	0	0.17442143727162	0.0	8210.0	0.0	0.0	0.0	0.0	G
4177	8210	1	0	0.0001218026796589525	0.0	8210.0	0.0	0.0	0.0	0.0	C
4178	8210	0	0	0.0	0.0	8210.0	0.0	0.0	0.0	0.0	C
4179	8210	1	0	0.0001218026796589525	0.0	8210.0	0.0	0.0	0.0	0.0	T
4180	8210	0	0	0.0	0.0	8210.0	315.0	0.0	0.03836784409257003	0.0	A
4181	8210	0	0	0.0	0.0	8210.0	0.0	0.0	0.0	0.0	A
4182	8210	0	0	0.0	0.0	8210.0	0.0	0.0	0.0	0.0	G
4183	8210	2	0	0.000243605359317905	0.0	8210.0	0.0	0.0	0.0	0.0	C
4184	8210	0	0	0.0	0.0	8210.0	0.0	0.0	0.0	0.0	C
4185	8210	0	0	0.0	0.0	8210.0	0.0	0.0	0.0	0.0	T
4186	8210	0	0	0.0	0.0	8210.0	0.0	0.0	0.0	0.0	T
4187	8210	0	0	0.0	0.0	8210.0	0.0	0.0	0.0	0.0	G
4188	8210	1	0	0.0001218026796589525	0.0	8210.0	0.0	0.0	0.0	0.0	G
4189	8210	2	0	0.000243605359317905	0.0	8210.0	24.0	0.0	0.00292326431181486	0.0	G
4190	8210	0	0	0.0	0.0	8210.0	0.0	0.0	0.0	0.0	T
4191	8210	0	0	0.0	0.0	8210.0	2.0	0.0	0.000243605359317905	0.0	C
4192	8210	0	0	0.0	0.0	8210.0	1.0	0.0	0.0001218026796589525	0.0	C
4193	8210	0	0	0.0	0.0	8210.0	0.0	0.0	0.0	0.0	A
4194	8210	0	0	0.0	0.0	8210.0	0.0	0.0	0.0	0.0	T
4195	8210	0	0	0.0	0.0	8210.0	0.0	0.0	0.0	0.0	G
4196	8210	0	0	0.0	0.0	8210.0	0.0	0.0	0.0	0.0	A
4197	8210	0	0	0.0	0.0	8210.0	0.0	0.0	0.0	0.0	A
4198	8210	0	0	0.0	0.0	8210.0	0.0	0.0	0.0	0.0	A
4199	8210	0	0	0.0	0.0	8210.0	0.0	0.0	0.0	0.0	A
4200	8210	0	0	0.0	0.0	8210.0	0.0	0.0	0.0	0.0	A
4201	8210	0	0	0.0	0.0	8210.0	0.0	0.0	0.0	0.0	G
4202	8210	0	0	0.0	0.0	8210.0	0.0	0.0	0.0	0.0	C
4203	8210	0	0	0.0	0.0	8210.0	0.0	0.0	0.0	0.0	C
4204	8210	0	0	0.0	0.0	8210.0	0.0	2.0	0.0	0.000243605359317905	A
4205	8210	1	0	0.0001218026796589525	0.0	8210.0	17.0	2.0	0.0020706455542021922	0.000243605359317905	C
4206	8210	0	0	0.0	0.0	8210.0	0.0	2.0	0.0	0.000243605359317905	T
4207	8210	0	0	0.0	0.0	8210.0	2.0	2.0	0.000243605359317905	0.000243605359317905	T
4208	8210	0	0	0.0	0.0	8210.0	0.0	2.0	0.0	0.000243605359317905	G
4209	8210	0	0	0.0	0.0	8210.0	0.0	0.0	0.0	0.0	A
4210	8210	2	0	0.000243605359317905	0.0	8210.0	0.0	0.0	0.0	0.0	C
4211	8210	0	0	0.0	0.0	8210.0	0.0	0.0	0.0	0.0	C
4212	8210	60	0	0.007308160779537149	0.0	8210.0	0.0	0.0	0.0	0.0	A
4213	8210	0	0	0.0	0.0	8210.0	0.0	0.0	0.0	0.0	T
4214	8210	0	0	0.0	0.0	8210.0	0.0	0.0	0.0	0.0	G
4215	8210	1	0	0.0001218026796589525	0.0	8210.0	5.0	0.0	0.0006090133982947625	0.0	T
4216	8210	0	0	0.0	0.0	8210.0	0.0	0.0	0.0	0.0	A
4217	8210	0	0	0.0	0.0	8210.0	0.0	0.0	0.0	0.0	A
4218	8210	0	0	0.0	0.0	8210.0	0.0	6.0	0.0	0.000730816077953715	C
4219	8210	0	0	0.0	0.0	8210.0	0.0	6.0	0.0	0.000730816077953715	A
4220	8210	0	0	0.0	0.0	8210.0	1.0	6.0	0.0001218026796589525	0.000730816077953715	A
4221	8210	227	0	0.027649208282582216	0.0	8210.0	0.0	0.0	0.0	0.0	G
4222	8210	0	0	0.0	0.0	8210.0	1.0	0.0	0.0001218026796589525	0.0	C
4223	8210	0	0	0.0	0.0	8210.0	0.0	0.0	0.0	0.0	G
4224	8210	0	0	0.0	0.0	8210.0	0.0	0.0	0.0	0.0	A
4225	8210	0	0	0.0	0.0	8210.0	0.0	15.0	0.0	0.0018270401948842874	T
4226	8210	0	0	0.0	0.0	8210.0	0.0	15.0	0.0	0.0018270401948842874	G
4227	8210	0	0	0.0	0.0	8210.0	0.0	15.0	0.0	0.0018270401948842874	A
4228	8210	0	0	0.0	0.0	8210.0	0.0	0.0	0.0	0.0	T
4229	8210	0	0	0.0	0.0	8210.0	0.0	0.0	0.0	0.0	C
4230	8210	315	0	0.03836784409257003	0.0	8210.0	1.0	0.0	0.0001218026796589525	0.0	G
4231	8210	0	0	0.0	0.0	8210.0	0.0	0.0	0.0	0.0	A
4232	8210	0	0	0.0	0.0	8210.0	0.0	0.0	0.0	0.0	C
4233	8210	0	0	0.0	0.0	8210.0	0.0	0.0	0.0	0.0	T
4234	8210	0	0	0.0	0.0	8210.0	0.0	0.0	0.0	0.0	C
4235	8210	0	0	0.0	0.0	8210.0	1.0	0.0	0.0001218026796589525	0.0	T
4236	8210	0	0	0.0	0.0	8210.0	0.0	0.0	0.0	0.0	T
4237	8210	0	0	0.0	0.0	8210.0	0.0	0.0	0.0	0.0	A
4238	8210	0	0	0.0	0.0	8210.0	0.0	0.0	0.0	0.0	A
4239	8210	24	0	0.00292326431181486	0.0	8210.0	0.0	0.0	0.0	0.0	C
4240	8210	0	0	0.0	0.0	8210.0	0.0	0.0	0.0	0.0	A
4241	8210	2	0	0.000243605359317905	0.0	8210.0	0.0	0.0	0.0	0.0	A
4242	8210	1	0	0.0001218026796589525	0.0	8210.0	2.0	0.0	0.000243605359317905	0.0	T
4243	8210	0	0	0.0	0.0	8210.0	7.0	0.0	0.0008526187576126675	0.0	T
4244	8210	0	0	0.0	0.0	8210.0	4.0	0.0	0.00048721071863581	0.0	T
4245	8210	0	0	0.0	0.0	8210.0	0.0	0.0	0.0	0.0	A
4246	8210	0	0	0.0	0.0	8210.0	0.0	0.0	0.0	0.0	A
4247	8210	0	0	0.0	0.0	8210.0	0.0	0.0	0.0	0.0	T
4248	8210	0	0	0.0	0.0	8210.0	1.0	0.0	0.0001218026796589525	0.0	C
4249	8210	0	0	0.0	0.0	8210.0	2.0	0.0	0.000243605359317905	0.0	A
4250	8210	0	0	0.0	0.0	8210.0	0.0	0.0	0.0	0.0	T
4251	8210	0	0	0.0	0.0	8210.0	3997.0	0.0	0.4868453105968331	0.0	T
4252	8210	0	0	0.0	0.0	8210.0	0.0	0.0	0.0	0.0	T
4253	8210	0	0	0.0	0.0	8210.0	0.0	0.0	0.0	0.0	C
4254	8210	0	2	0.0	0.000243605359317905	8210.0	0.0	0.0	0.0	0.0	A
4255	8210	17	2	0.0020706455542021922	0.000243605359317905	8210.0	0.0	0.0	0.0	0.0	T
4256	8210	0	2	0.0	0.000243605359317905	8210.0	0.0	0.0	0.0	0.0	T
4257	8210	2	2	0.000243605359317905	0.000243605359317905	8210.0	0.0	0.0	0.0	0.0	T
4258	8210	0	2	0.0	0.000243605359317905	8210.0	0.0	0.0	0.0	0.0	C
4259	8210	0	0	0.0	0.0	8210.0	0.0	0.0	0.0	0.0	C
4260	8210	0	0	0.0	0.0	8210.0	0.0	0.0	0.0	0.0	T
4261	8210	0	0	0.0	0.0	8210.0	0.0	0.0	0.0	0.0	C
4262	8210	0	0	0.0	0.0	8210.0	0.0	0.0	0.0	0.0	C
4263	8210	0	0	0.0	0.0	8210.0	0.0	0.0	0.0	0.0	T
4264	8210	0	0	0.0	0.0	8210.0	0.0	0.0	0.0	0.0	A
4265	8210	5	0	0.0006090133982947625	0.0	8210.0	0.0	0.0	0.0	0.0	A
4266	8210	0	0	0.0	0.0	8210.0	0.0	0.0	0.0	0.0	A
4267	8210	0	0	0.0	0.0	8210.0	4.0	0.0	0.00048721071863581	0.0	A
4268	8210	0	6	0.0	0.000730816077953715	8210.0	0.0	0.0	0.0	0.0	T
4269	8210	0	6	0.0	0.000730816077953715	8210.0	0.0	0.0	0.0	0.0	T
4270	8210	1	6	0.0001218026796589525	0.000730816077953715	8210.0	0.0	0.0	0.0	0.0	C
4271	8210	0	0	0.0	0.0	8210.0	0.0	0.0	0.0	0.0	T
4272	8210	1	0	0.0001218026796589525	0.0	8210.0	0.0	0.0	0.0	0.0	T
4273	8210	0	0	0.0	0.0	8210.0	0.0	0.0	0.0	0.0	C
4274	8210	0	0	0.0	0.0	8210.0	0.0	0.0	0.0	0.0	T
4275	8210	0	15	0.0	0.0018270401948842874	8210.0	0.0	0.0	0.0	0.0	T
4276	8210	0	15	0.0	0.0018270401948842874	8210.0	0.0	0.0	0.0	0.0	C
4277	8210	0	15	0.0	0.0018270401948842874	8210.0	0.0	0.0	0.0	0.0	T
4278	8210	0	0	0.0	0.0	8210.0	0.0	0.0	0.0	0.0	A
4279	8210	0	0	0.0	0.0	8210.0	2.0	0.0	0.000243605359317905	0.0	A
4280	8210	1	0	0.0001218026796589525	0.0	8210.0	0.0	0.0	0.0	0.0	A
4281	8210	0	0	0.0	0.0	8210.0	3.0	0.0	0.0003654080389768575	0.0	A
4282	8210	0	0	0.0	0.0	8210.0	0.0	0.0	0.0	0.0	T
4283	8210	0	0	0.0	0.0	8210.0	0.0	0.0	0.0	0.0	T
4284	8210	0	0	0.0	0.0	8210.0	0.0	0.0	0.0	0.0	T
4285	8210	1	0	0.0001218026796589525	0.0	8210.0	0.0	0.0	0.0	0.0	C
4286	8210	0	0	0.0	0.0	8210.0	1.0	0.0	0.0001218026796589525	0.0	T
4287	8210	0	0	0.0	0.0	8210.0	29.0	0.0	0.0035322777101096225	0.0	T
4288	8210	0	0	0.0	0.0	8210.0	0.0	0.0	0.0	0.0	T
4289	8210	0	0	0.0	0.0	8210.0	21.0	0.0	0.0025578562728380025	0.0	A
4290	8210	0	0	0.0	0.0	8210.0	1447.0	0.0	0.17624847746650427	0.0	C
4291	8210	0	0	0.0	0.0	8210.0	0.0	0.0	0.0	0.0	T
4292	8210	2	0	0.000243605359317905	0.0	8210.0	0.0	0.0	0.0	0.0	A
4293	8210	7	0	0.0008526187576126675	0.0	8210.0	0.0	0.0	0.0	0.0	G
4294	8210	4	0	0.00048721071863581	0.0	8210.0	0.0	0.0	0.0	0.0	A
4295	8210	0	0	0.0	0.0	8210.0	0.0	0.0	0.0	0.0	T
4296	8210	0	0	0.0	0.0	8210.0	0.0	0.0	0.0	0.0	A
4297	8210	0	0	0.0	0.0	8210.0	0.0	0.0	0.0	0.0	A
4298	8210	1	0	0.0001218026796589525	0.0	8210.0	0.0	0.0	0.0	0.0	C
4299	8210	2	0	0.000243605359317905	0.0	8210.0	0.0	0.0	0.0	0.0	T
4300	8210	0	0	0.0	0.0	8210.0	0.0	0.0	0.0	0.0	C
4301	8210	3997	0	0.4868453105968331	0.0	8210.0	0.0	0.0	0.0	0.0	A
4302	8210	0	0	0.0	0.0	8210.0	0.0	0.0	0.0	0.0	T
4303	8210	0	0	0.0	0.0	8210.0	0.0	0.0	0.0	0.0	T
4304	8210	0	0	0.0	0.0	8210.0	1.0	0.0	0.0001218026796589525	0.0	A
4305	8210	0	0	0.0	0.0	8210.0	0.0	0.0	0.0	0.0	C
4306	8210	0	0	0.0	0.0	8210.0	0.0	0.0	0.0	0.0	A
4307	8210	0	0	0.0	0.0	8210.0	0.0	0.0	0.0	0.0	A
4308	8210	0	0	0.0	0.0	8210.0	0.0	0.0	0.0	0.0	T
4309	8210	0	0	0.0	0.0	8210.0	1.0	0.0	0.0001218026796589525	0.0	A
4310	8210	0	0	0.0	0.0	8210.0	0.0	0.0	0.0	0.0	A
4311	8210	0	0	0.0	0.0	8210.0	0.0	0.0	0.0	0.0	C
4312	8210	0	0	0.0	0.0	8210.0	0.0	0.0	0.0	0.0	A
4313	8210	0	0	0.0	0.0	8210.0	0.0	0.0	0.0	0.0	A
4314	8210	0	0	0.0	0.0	8210.0	0.0	0.0	0.0	0.0	A
4315	8210	0	0	0.0	0.0	8210.0	0.0	0.0	0.0	0.0	G
4316	8210	0	0	0.0	0.0	8210.0	0.0	0.0	0.0	0.0	A
4317	8210	4	0	0.00048721071863581	0.0	8210.0	0.0	0.0	0.0	0.0	C
4318	8210	0	0	0.0	0.0	8210.0	0.0	0.0	0.0	0.0	T
4319	8210	0	0	0.0	0.0	8210.0	0.0	0.0	0.0	0.0	T
4320	8210	0	0	0.0	0.0	8210.0	0.0	0.0	0.0	0.0	T
4321	8210	0	0	0.0	0.0	8210.0	0.0	0.0	0.0	0.0	C
4322	8210	0	0	0.0	0.0	8210.0	0.0	0.0	0.0	0.0	T
4323	8210	0	0	0.0	0.0	8210.0	0.0	0.0	0.0	0.0	T
4324	8210	0	0	0.0	0.0	8210.0	0.0	0.0	0.0	0.0	G
4325	8210	0	0	0.0	0.0	8210.0	0.0	0.0	0.0	0.0	T
4326	8210	0	0	0.0	0.0	8210.0	0.0	0.0	0.0	0.0	C
4327	8210	0	0	0.0	0.0	8210.0	0.0	0.0	0.0	0.0	C
4328	8210	0	0	0.0	0.0	8210.0	0.0	0.0	0.0	0.0	G
4329	8210	2	0	0.000243605359317905	0.0	8210.0	0.0	0.0	0.0	0.0	T
4330	8210	0	0	0.0	0.0	8210.0	0.0	0.0	0.0	0.0	T
4331	8210	3	0	0.0003654080389768575	0.0	8210.0	0.0	0.0	0.0	0.0	T
4332	8210	0	0	0.0	0.0	8210.0	0.0	0.0	0.0	0.0	T
4333	8210	0	0	0.0	0.0	8210.0	1.0	0.0	0.0001218026796589525	0.0	C
4334	8210	0	0	0.0	0.0	8210.0	0.0	0.0	0.0	0.0	A
4335	8210	0	0	0.0	0.0	8210.0	0.0	0.0	0.0	0.0	A
4336	8210	1	0	0.0001218026796589525	0.0	8210.0	0.0	0.0	0.0	0.0	C
4337	8210	29	0	0.0035322777101096225	0.0	8210.0	0.0	0.0	0.0	0.0	G
4338	8210	0	0	0.0	0.0	8210.0	0.0	0.0	0.0	0.0	G
4339	8210	21	0	0.0025578562728380025	0.0	8210.0	0.0	0.0	0.0	0.0	C
4340	8210	1447	0	0.17624847746650427	0.0	8210.0	1.0	0.0	0.0001218026796589525	0.0	A
4341	8210	0	0	0.0	0.0	8210.0	0.0	0.0	0.0	0.0	C
4342	8210	0	0	0.0	0.0	8210.0	0.0	0.0	0.0	0.0	G
4343	8210	0	0	0.0	0.0	8210.0	0.0	0.0	0.0	0.0	T
4344	8210	0	0	0.0	0.0	8210.0	0.0	0.0	0.0	0.0	T
4345	8210	0	0	0.0	0.0	8210.0	0.0	0.0	0.0	0.0	T
4346	8210	0	0	0.0	0.0	8210.0	0.0	0.0	0.0	0.0	T
4347	8210	0	0	0.0	0.0	8210.0	0.0	0.0	0.0	0.0	A
4348	8210	0	0	0.0	0.0	8210.0	0.0	0.0	0.0	0.0	C
4349	8210	0	0	0.0	0.0	8210.0	0.0	0.0	0.0	0.0	T
4350	8210	0	0	0.0	0.0	8210.0	2423.0	0.0	0.2951278928136419	0.0	A
4351	8210	0	0	0.0	0.0	8210.0	0.0	0.0	0.0	0.0	A
4352	8210	0	0	0.0	0.0	8210.0	0.0	0.0	0.0	0.0	A
4353	8210	0	0	0.0	0.0	8210.0	0.0	0.0	0.0	0.0	T
4354	8210	1	0	0.0001218026796589525	0.0	8210.0	0.0	0.0	0.0	0.0	C
4355	8210	0	0	0.0	0.0	8210.0	1.0	0.0	0.0001218026796589525	0.0	A
4356	8210	0	0	0.0	0.0	8210.0	1.0	0.0	0.0001218026796589525	0.0	A
4357	8210	0	0	0.0	0.0	8210.0	0.0	0.0	0.0	0.0	C
4358	8210	0	0	0.0	0.0	8210.0	0.0	0.0	0.0	0.0	T
4359	8210	1	0	0.0001218026796589525	0.0	8210.0	0.0	0.0	0.0	0.0	A
4360	8210	0	0	0.0	0.0	8210.0	0.0	0.0	0.0	0.0	A
4361	8210	0	0	0.0	0.0	8210.0	0.0	0.0	0.0	0.0	T
4362	8210	0	0	0.0	0.0	8210.0	0.0	0.0	0.0	0.0	G
4363	8210	0	0	0.0	0.0	8210.0	0.0	0.0	0.0	0.0	A
4364	8210	0	0	0.0	0.0	8210.0	8091.0	0.0	0.9855054811205847	0.0	A
4365	8210	0	0	0.0	0.0	8210.0	7.0	0.0	0.0008526187576126675	0.0	T
4366	8210	0	0	0.0	0.0	8210.0	0.0	0.0	0.0	0.0	C
4367	8210	0	0	0.0	0.0	8210.0	0.0	0.0	0.0	0.0	A
4368	8210	0	0	0.0	0.0	8210.0	0.0	0.0	0.0	0.0	A
4369	8210	0	0	0.0	0.0	8210.0	0.0	0.0	0.0	0.0	C
4370	8210	0	0	0.0	0.0	8210.0	0.0	0.0	0.0	0.0	A
4371	8210	0	0	0.0	0.0	8210.0	0.0	0.0	0.0	0.0	G
4372	8210	0	0	0.0	0.0	8210.0	0.0	0.0	0.0	0.0	T
4373	8210	0	0	0.0	0.0	8210.0	0.0	0.0	0.0	0.0	A
4374	8210	0	0	0.0	0.0	8210.0	1.0	0.0	0.0001218026796589525	0.0	T
4375	8210	0	0	0.0	0.0	8210.0	0.0	0.0	0.0	0.0	T
4376	8210	0	0	0.0	0.0	8210.0	0.0	0.0	0.0	0.0	T
4377	8210	0	0	0.0	0.0	8210.0	0.0	0.0	0.0	0.0	A
4378	8210	0	0	0.0	0.0	8210.0	0.0	0.0	0.0	0.0	T
4379	8210	0	0	0.0	0.0	8210.0	0.0	0.0	0.0	0.0	T
4380	8210	0	0	0.0	0.0	8210.0	1.0	0.0	0.0001218026796589525	0.0	T
4381	8210	0	0	0.0	0.0	8210.0	0.0	0.0	0.0	0.0	G
4382	8210	0	0	0.0	0.0	8210.0	0.0	0.0	0.0	0.0	G
4383	8210	1	0	0.0001218026796589525	0.0	8210.0	0.0	0.0	0.0	0.0	G
4384	8210	0	0	0.0	0.0	8210.0	0.0	0.0	0.0	0.0	T
4385	8210	0	0	0.0	0.0	8210.0	15.0	0.0	0.0018270401948842874	0.0	A
4386	8210	0	0	0.0	0.0	8210.0	0.0	0.0	0.0	0.0	T
4387	8210	0	0	0.0	0.0	8210.0	0.0	0.0	0.0	0.0	A
4388	8210	0	0	0.0	0.0	8210.0	0.0	0.0	0.0	0.0	T
4389	8210	0	0	0.0	0.0	8210.0	0.0	0.0	0.0	0.0	A
4390	8210	1	0	0.0001218026796589525	0.0	8210.0	0.0	0.0	0.0	0.0	T
4391	8210	0	0	0.0	0.0	8210.0	0.0	0.0	0.0	0.0	T
4392	8210	0	0	0.0	0.0	8210.0	8.0	0.0	0.00097442143727162	0.0	T
4393	8210	0	0	0.0	0.0	8210.0	0.0	0.0	0.0	0.0	C
4394	8210	0	0	0.0	0.0	8210.0	0.0	0.0	0.0	0.0	A
4395	8210	0	0	0.0	0.0	8210.0	0.0	0.0	0.0	0.0	A
4396	8210	0	0	0.0	0.0	8210.0	0.0	0.0	0.0	0.0	T
4397	8210	0	0	0.0	0.0	8210.0	0.0	0.0	0.0	0.0	T
4398	8210	0	0	0.0	0.0	8210.0	0.0	0.0	0.0	0.0	A
4399	8210	0	0	0.0	0.0	8210.0	0.0	0.0	0.0	0.0	A
4400	8210	2423	0	0.2951278928136419	0.0	8210.0	0.0	0.0	0.0	0.0	C
4401	8210	0	0	0.0	0.0	8210.0	0.0	0.0	0.0	0.0	G
4402	8210	0	0	0.0	0.0	8210.0	0.0	0.0	0.0	0.0	T
4403	8210	0	0	0.0	0.0	8210.0	0.0	0.0	0.0	0.0	T
4404	8210	0	0	0.0	0.0	8210.0	0.0	0.0	0.0	0.0	G
4405	8210	1	0	0.0001218026796589525	0.0	8210.0	51.0	0.0	0.006211936662606578	0.0	C
4406	8210	1	0	0.0001218026796589525	0.0	8210.0	0.0	0.0	0.0	0.0	T
4407	8210	0	0	0.0	0.0	8210.0	21.0	0.0	0.0025578562728380025	0.0	A
4408	8210	0	0	0.0	0.0	8210.0	0.0	0.0	0.0	0.0	A
4409	8210	0	0	0.0	0.0	8210.0	0.0	0.0	0.0	0.0	A
4410	8210	0	0	0.0	0.0	8210.0	0.0	0.0	0.0	0.0	T
4411	8210	0	0	0.0	0.0	8210.0	0.0	0.0	0.0	0.0	T
4412	8210	0	0	0.0	0.0	8210.0	0.0	0.0	0.0	0.0	T
4413	8210	0	0	0.0	0.0	8210.0	0.0	0.0	0.0	0.0	A
4414	8210	8091	0	0.9855054811205847	0.0	8210.0	0.0	0.0	0.0	0.0	G
4415	8210	7	0	0.0008526187576126675	0.0	8210.0	0.0	0.0	0.0	0.0	T
4416	8210	0	0	0.0	0.0	8210.0	0.0	0.0	0.0	0.0	C
4417	8210	0	0	0.0	0.0	8210.0	0.0	0.0	0.0	0.0	C
4418	8210	0	0	0.0	0.0	8210.0	0.0	0.0	0.0	0.0	T
4419	8210	0	0	0.0	0.0	8210.0	0.0	0.0	0.0	0.0	G
4420	8210	0	0	0.0	0.0	8210.0	0.0	0.0	0.0	0.0	A
4421	8210	0	0	0.0	0.0	8210.0	1.0	0.0	0.0001218026796589525	0.0	A
4422	8210	0	0	0.0	0.0	8210.0	12.0	0.0	0.00146163215590743	0.0	A
4423	8210	0	0	0.0	0.0	8210.0	0.0	0.0	0.0	0.0	T
4424	8210	1	0	0.0001218026796589525	0.0	8210.0	0.0	0.0	0.0	0.0	T
4425	8210	0	0	0.0	0.0	8210.0	0.0	0.0	0.0	0.0	A
4426	8210	0	0	0.0	0.0	8210.0	0.0	0.0	0.0	0.0	A
4427	8210	0	0	0.0	0.0	8210.0	0.0	0.0	0.0	0.0	A
4428	8210	0	0	0.0	0.0	8210.0	5.0	0.0	0.0006090133982947625	0.0	T
4429	8210	0	0	0.0	0.0	8210.0	0.0	0.0	0.0	0.0	G
4430	8210	1	0	0.0001218026796589525	0.0	8210.0	0.0	0.0	0.0	0.0	C
4431	8210	0	0	0.0	0.0	8210.0	0.0	0.0	0.0	0.0	A
4432	8210	0	0	0.0	0.0	8210.0	0.0	0.0	0.0	0.0	T
4433	8210	0	0	0.0	0.0	8210.0	0.0	0.0	0.0	0.0	T
4434	8210	0	0	0.0	0.0	8210.0	0.0	0.0	0.0	0.0	G
4435	8210	15	0	0.0018270401948842874	0.0	8210.0	0.0	0.0	0.0	0.0	C
4436	8210	0	0	0.0	0.0	8210.0	0.0	0.0	0.0	0.0	T
4437	8210	0	0	0.0	0.0	8210.0	0.0	0.0	0.0	0.0	T
4438	8210	0	0	0.0	0.0	8210.0	0.0	0.0	0.0	0.0	G
4439	8210	0	0	0.0	0.0	8210.0	0.0	0.0	0.0	0.0	T
4440	8210	0	0	0.0	0.0	8210.0	241.0	0.0	0.029354445797807553	0.0	T
4441	8210	0	0	0.0	0.0	8210.0	0.0	0.0	0.0	0.0	T
4442	8210	8	0	0.00097442143727162	0.0	8210.0	0.0	0.0	0.0	0.0	C
4443	8210	0	0	0.0	0.0	8210.0	7.0	0.0	0.0008526187576126675	0.0	C
4444	8210	0	0	0.0	0.0	8210.0	0.0	0.0	0.0	0.0	C
4445	8210	0	0	0.0	0.0	8210.0	0.0	0.0	0.0	0.0	C
4446	8210	0	0	0.0	0.0	8210.0	0.0	0.0	0.0	0.0	A
4447	8210	0	0	0.0	0.0	8210.0	0.0	0.0	0.0	0.0	C
4448	8210	0	0	0.0	0.0	8210.0	0.0	0.0	0.0	0.0	A
4449	8210	0	0	0.0	0.0	8210.0	0.0	0.0	0.0	0.0	T
4450	8210	0	0	0.0	0.0	8210.0	0.0	0.0	0.0	0.0	A
4451	8210	0	0	0.0	0.0	8210.0	0.0	0.0	0.0	0.0	A
4452	8210	0	0	0.0	0.0	8210.0	0.0	0.0	0.0	0.0	T
4453	8210	0	0	0.0	0.0	8210.0	0.0	0.0	0.0	0.0	T
4454	8210	0	0	0.0	0.0	8210.0	8.0	0.0	0.00097442143727162	0.0	A
4455	8210	51	0	0.006211936662606578	0.0	8210.0	0.0	0.0	0.0	0.0	A
4456	8210	0	0	0.0	0.0	8210.0	0.0	0.0	0.0	0.0	A
4457	8210	21	0	0.0025578562728380025	0.0	8210.0	0.0	0.0	0.0	0.0	G
4458	8210	0	0	0.0	0.0	8210.0	0.0	0.0	0.0	0.0	A
4459	8210	0	0	0.0	0.0	8210.0	0.0	0.0	0.0	0.0	A
4460	8210	0	0	0.0	0.0	8210.0	0.0	0.0	0.0	0.0	T
4461	8210	0	0	0.0	0.0	8210.0	0.0	0.0	0.0	0.0	T
4462	8210	0	0	0.0	0.0	8210.0	0.0	0.0	0.0	0.0	C
4463	8210	0	0	0.0	0.0	8210.0	0.0	0.0	0.0	0.0	G
4464	8210	0	0	0.0	0.0	8210.0	0.0	0.0	0.0	0.0	T
4465	8210	0	0	0.0	0.0	8210.0	0.0	0.0	0.0	0.0	T
4466	8210	0	0	0.0	0.0	8210.0	0.0	0.0	0.0	0.0	A
4467	8210	0	0	0.0	0.0	8210.0	0.0	0.0	0.0	0.0	T
4468	8210	0	0	0.0	0.0	8210.0	0.0	0.0	0.0	0.0	T
4469	8210	0	0	0.0	0.0	8210.0	0.0	0.0	0.0	0.0	C
4470	8210	0	0	0.0	0.0	8210.0	0.0	0.0	0.0	0.0	A
4471	8210	1	0	0.0001218026796589525	0.0	8210.0	0.0	0.0	0.0	0.0	C
4472	8210	12	0	0.00146163215590743	0.0	8210.0	0.0	0.0	0.0	0.0	G
4473	8210	0	0	0.0	0.0	8210.0	3.0	0.0	0.0003654080389768575	0.0	C
4474	8210	0	0	0.0	0.0	8210.0	0.0	0.0	0.0	0.0	T
4475	8210	0	0	0.0	0.0	8210.0	0.0	0.0	0.0	0.0	T
4476	8210	0	0	0.0	0.0	8210.0	0.0	0.0	0.0	0.0	C
4477	8210	0	0	0.0	0.0	8210.0	0.0	0.0	0.0	0.0	C
4478	8210	5	0	0.0006090133982947625	0.0	8210.0	0.0	0.0	0.0	0.0	G
4479	8210	0	0	0.0	0.0	8210.0	0.0	0.0	0.0	0.0	C
4480	8210	0	0	0.0	0.0	8210.0	0.0	0.0	0.0	0.0	C
4481	8210	0	0	0.0	0.0	8210.0	0.0	0.0	0.0	0.0	A
4482	8210	0	0	0.0	0.0	8210.0	1.0	0.0	0.0001218026796589525	0.0	A
4483	8210	0	0	0.0	0.0	8210.0	0.0	0.0	0.0	0.0	A
4484	8210	0	0	0.0	0.0	8210.0	1.0	0.0	0.0001218026796589525	0.0	T
4485	8210	0	0	0.0	0.0	8210.0	0.0	0.0	0.0	0.0	A
4486	8210	0	0	0.0	0.0	8210.0	0.0	0.0	0.0	0.0	G
4487	8210	0	0	0.0	0.0	8210.0	0.0	0.0	0.0	0.0	G
4488	8210	0	0	0.0	0.0	8210.0	0.0	0.0	0.0	0.0	T
4489	8210	0	0	0.0	0.0	8210.0	0.0	0.0	0.0	0.0	C
4490	8210	241	0	0.029354445797807553	0.0	8210.0	0.0	0.0	0.0	0.0	T
4491	8210	0	0	0.0	0.0	8210.0	186.0	0.0	0.022655298416565165	0.0	G
4492	8210	0	0	0.0	0.0	8210.0	2.0	0.0	0.000243605359317905	0.0	T
4493	8210	7	0	0.0008526187576126675	0.0	8210.0	0.0	0.0	0.0	0.0	A
4494	8210	0	0	0.0	0.0	8210.0	0.0	0.0	0.0	0.0	A
4495	8210	0	0	0.0	0.0	8210.0	0.0	0.0	0.0	0.0	T
4496	8210	0	0	0.0	0.0	8210.0	0.0	0.0	0.0	0.0	C
4497	8210	0	0	0.0	0.0	8210.0	1530.0	0.0	0.18635809987819732	0.0	A
4498	8210	0	0	0.0	0.0	8210.0	0.0	0.0	0.0	0.0	C
4499	8210	0	0	0.0	0.0	8210.0	125.0	0.0	0.015225334957369063	0.0	A
4500	8210	0	0	0.0	0.0	8210.0	0.0	0.0	0.0	0.0	A
4501	8210	0	0	0.0	0.0	8210.0	0.0	0.0	0.0	0.0	T
4502	8210	0	0	0.0	0.0	8210.0	1.0	0.0	0.0001218026796589525	0.0	T
4503	8210	0	0	0.0	0.0	8210.0	0.0	0.0	0.0	0.0	A
4504	8210	8	0	0.00097442143727162	0.0	8210.0	0.0	0.0	0.0	0.0	A
4505	8210	0	0	0.0	0.0	8210.0	0.0	0.0	0.0	0.0	T
4506	8210	0	0	0.0	0.0	8210.0	0.0	0.0	0.0	0.0	T
4507	8210	0	0	0.0	0.0	8210.0	0.0	0.0	0.0	0.0	C
4508	8210	0	0	0.0	0.0	8210.0	0.0	0.0	0.0	0.0	A
4509	8210	0	0	0.0	0.0	8210.0	0.0	0.0	0.0	0.0	T
4510	8210	0	0	0.0	0.0	8210.0	1.0	0.0	0.0001218026796589525	0.0	T
4511	8210	0	0	0.0	0.0	8210.0	0.0	0.0	0.0	0.0	T
4512	8210	0	0	0.0	0.0	8210.0	3.0	0.0	0.0003654080389768575	0.0	T
4513	8210	0	0	0.0	0.0	8210.0	0.0	0.0	0.0	0.0	G
4514	8210	0	0	0.0	0.0	8210.0	0.0	0.0	0.0	0.0	T
4515	8210	0	0	0.0	0.0	8210.0	0.0	0.0	0.0	0.0	T
4516	8210	0	0	0.0	0.0	8210.0	0.0	0.0	0.0	0.0	G
4517	8210	0	0	0.0	0.0	8210.0	0.0	0.0	0.0	0.0	A
4518	8210	0	0	0.0	0.0	8210.0	3.0	0.0	0.0003654080389768575	0.0	T
4519	8210	0	0	0.0	0.0	8210.0	1.0	0.0	0.0001218026796589525	0.0	T
4520	8210	0	0	0.0	0.0	8210.0	0.0	0.0	0.0	0.0	G
4521	8210	0	0	0.0	0.0	8210.0	0.0	0.0	0.0	0.0	T
4522	8210	0	0	0.0	0.0	8210.0	0.0	0.0	0.0	0.0	T
4523	8210	3	0	0.0003654080389768575	0.0	8210.0	0.0	0.0	0.0	0.0	C
4524	8210	0	0	0.0	0.0	8210.0	0.0	0.0	0.0	0.0	T
4525	8210	0	0	0.0	0.0	8210.0	0.0	0.0	0.0	0.0	T
4526	8210	0	0	0.0	0.0	8210.0	0.0	0.0	0.0	0.0	T
4527	8210	0	0	0.0	0.0	8210.0	15.0	0.0	0.0018270401948842874	0.0	A
4528	8210	0	0	0.0	0.0	8210.0	0.0	0.0	0.0	0.0	A
4529	8210	0	0	0.0	0.0	8210.0	0.0	0.0	0.0	0.0	A
4530	8210	0	0	0.0	0.0	8210.0	0.0	0.0	0.0	0.0	A
4531	8210	0	0	0.0	0.0	8210.0	0.0	0.0	0.0	0.0	T
4532	8210	1	0	0.0001218026796589525	0.0	8210.0	0.0	0.0	0.0	0.0	G
4533	8210	0	0	0.0	0.0	8210.0	0.0	0.0	0.0	0.0	T
4534	8210	1	0	0.0001218026796589525	0.0	8210.0	0.0	0.0	0.0	0.0	C
4535	8210	0	0	0.0	0.0	8210.0	0.0	0.0	0.0	0.0	T
4536	8210	0	0	0.0	0.0	8210.0	0.0	0.0	0.0	0.0	T
4537	8210	0	0	0.0	0.0	8210.0	0.0	0.0	0.0	0.0	T
4538	8210	0	0	0.0	0.0	8210.0	12.0	0.0	0.00146163215590743	0.0	G
4539	8210	0	0	0.0	0.0	8210.0	0.0	0.0	0.0	0.0	A
4540	8210	0	0	0.0	0.0	8210.0	0.0	0.0	0.0	0.0	C
4541	8210	186	0	0.022655298416565165	0.0	8210.0	0.0	0.0	0.0	0.0	C
4542	8210	2	0	0.000243605359317905	0.0	8210.0	0.0	0.0	0.0	0.0	G
4543	8210	0	0	0.0	0.0	8210.0	0.0	0.0	0.0	0.0	T
4544	8210	0	0	0.0	0.0	8210.0	0.0	0.0	0.0	0.0	C
4545	8210	0	0	0.0	0.0	8210.0	0.0	0.0	0.0	0.0	T
4546	8210	0	0	0.0	0.0	8210.0	0.0	0.0	0.0	0.0	T
4547	8210	1530	0	0.18635809987819732	0.0	8210.0	0.0	0.0	0.0	0.0	G
4548	8210	0	0	0.0	0.0	8210.0	0.0	0.0	0.0	0.0	G
4549	8210	125	0	0.015225334957369063	0.0	8210.0	0.0	0.0	0.0	0.0	C
4550	8210	0	0	0.0	0.0	8210.0	0.0	0.0	0.0	0.0	T
4551	8210	0	0	0.0	0.0	8210.0	0.0	0.0	0.0	0.0	A
4552	8210	1	0	0.0001218026796589525	0.0	8210.0	0.0	0.0	0.0	0.0	A
4553	8210	0	0	0.0	0.0	8210.0	0.0	0.0	0.0	0.0	A
4554	8210	0	0	0.0	0.0	8210.0	0.0	0.0	0.0	0.0	T
4555	8210	0	0	0.0	0.0	8210.0	0.0	0.0	0.0	0.0	C
4556	8210	0	0	0.0	0.0	8210.0	0.0	0.0	0.0	0.0	A
4557	8210	0	0	0.0	0.0	8210.0	0.0	0.0	0.0	0.0	T
4558	8210	0	0	0.0	0.0	8210.0	0.0	0.0	0.0	0.0	A
4559	8210	0	0	0.0	0.0	8210.0	0.0	0.0	0.0	0.0	A
4560	8210	1	0	0.0001218026796589525	0.0	8210.0	0.0	0.0	0.0	0.0	G
4561	8210	0	0	0.0	0.0	8210.0	0.0	0.0	0.0	0.0	G
4562	8210	3	0	0.0003654080389768575	0.0	8210.0	0.0	0.0	0.0	0.0	T
4563	8210	0	0	0.0	0.0	8210.0	7.0	0.0	0.0008526187576126675	0.0	T
4564	8210	0	0	0.0	0.0	8210.0	0.0	0.0	0.0	0.0	G
4565	8210	0	0	0.0	0.0	8210.0	0.0	0.0	0.0	0.0	T
4566	8210	0	0	0.0	0.0	8210.0	7.0	0.0	0.0008526187576126675	0.0	T
4567	8210	0	0	0.0	0.0	8210.0	0.0	0.0	0.0	0.0	C
4568	8210	3	0	0.0003654080389768575	0.0	8210.0	0.0	0.0	0.0	0.0	C
4569	8210	1	0	0.0001218026796589525	0.0	8210.0	7.0	0.0	0.0008526187576126675	0.0	A
4570	8210	0	0	0.0	0.0	8210.0	0.0	0.0	0.0	0.0	T
4571	8210	0	0	0.0	0.0	8210.0	0.0	0.0	0.0	0.0	A
4572	8210	0	0	0.0	0.0	8210.0	0.0	0.0	0.0	0.0	T
4573	8210	0	0	0.0	0.0	8210.0	0.0	0.0	0.0	0.0	A
4574	8210	0	0	0.0	0.0	8210.0	0.0	0.0	0.0	0.0	A
4575	8210	0	0	0.0	0.0	8210.0	0.0	0.0	0.0	0.0	G
4576	8210	0	0	0.0	0.0	8210.0	0.0	0.0	0.0	0.0	C
4577	8210	15	0	0.0018270401948842874	0.0	8210.0	0.0	0.0	0.0	0.0	G
4578	8210	0	0	0.0	0.0	8210.0	3.0	0.0	0.0003654080389768575	0.0	C
4579	8210	0	0	0.0	0.0	8210.0	0.0	0.0	0.0	0.0	A
4580	8210	0	0	0.0	0.0	8210.0	0.0	0.0	0.0	0.0	A
4581	8210	0	0	0.0	0.0	8210.0	51.0	0.0	0.006211936662606578	0.0	A
4582	8210	0	0	0.0	0.0	8210.0	0.0	0.0	0.0	0.0	G
4583	8210	0	0	0.0	0.0	8210.0	0.0	0.0	0.0	0.0	A
4584	8210	0	0	0.0	0.0	8210.0	5.0	0.0	0.0006090133982947625	0.0	C
4585	8210	0	0	0.0	0.0	8210.0	0.0	0.0	0.0	0.0	A
4586	8210	0	0	0.0	0.0	8210.0	0.0	0.0	0.0	0.0	T
4587	8210	0	0	0.0	0.0	8210.0	0.0	0.0	0.0	0.0	T
4588	8210	12	0	0.00146163215590743	0.0	8210.0	0.0	0.0	0.0	0.0	C
4589	8210	0	0	0.0	0.0	8210.0	0.0	0.0	0.0	0.0	C
4590	8210	0	0	0.0	0.0	8210.0	0.0	0.0	0.0	0.0	A
4591	8210	0	0	0.0	0.0	8210.0	0.0	0.0	0.0	0.0	C
4592	8210	0	0	0.0	0.0	8210.0	0.0	0.0	0.0	0.0	A
4593	8210	0	0	0.0	0.0	8210.0	1.0	0.0	0.0001218026796589525	0.0	T
4594	8210	0	0	0.0	0.0	8210.0	1.0	0.0	0.0001218026796589525	0.0	T
4595	8210	0	0	0.0	0.0	8210.0	0.0	0.0	0.0	0.0	C
4596	8210	0	0	0.0	0.0	8210.0	0.0	0.0	0.0	0.0	T
4597	8210	0	0	0.0	0.0	8210.0	0.0	0.0	0.0	0.0	T
4598	8210	0	0	0.0	0.0	8210.0	0.0	0.0	0.0	0.0	T
4599	8210	0	0	0.0	0.0	8210.0	0.0	0.0	0.0	0.0	G
4600	8210	0	0	0.0	0.0	8210.0	0.0	0.0	0.0	0.0	T
4601	8210	0	0	0.0	0.0	8210.0	0.0	0.0	0.0	0.0	T
4602	8210	0	0	0.0	0.0	8210.0	0.0	0.0	0.0	0.0	T
4603	8210	0	0	0.0	0.0	8210.0	0.0	0.0	0.0	0.0	C
4604	8210	0	0	0.0	0.0	8210.0	0.0	0.0	0.0	0.0	A
4605	8210	0	0	0.0	0.0	8210.0	0.0	0.0	0.0	0.0	C
4606	8210	0	0	0.0	0.0	8210.0	0.0	0.0	0.0	0.0	C
4607	8210	0	0	0.0	0.0	8210.0	0.0	0.0	0.0	0.0	A
4608	8210	0	0	0.0	0.0	8210.0	43.0	0.0	0.005237515225334957	0.0	C
4609	8210	0	0	0.0	0.0	8210.0	0.0	0.0	0.0	0.0	A
4610	8210	0	0	0.0	0.0	8210.0	0.0	0.0	0.0	0.0	A
4611	8210	0	0	0.0	0.0	8210.0	0.0	0.0	0.0	0.0	A
4612	8210	0	0	0.0	0.0	8210.0	0.0	0.0	0.0	0.0	T
4613	8210	7	0	0.0008526187576126675	0.0	8210.0	0.0	0.0	0.0	0.0	T
4614	8210	0	0	0.0	0.0	8210.0	0.0	0.0	0.0	0.0	A
4615	8210	0	0	0.0	0.0	8210.0	0.0	0.0	0.0	0.0	A
4616	8210	7	0	0.0008526187576126675	0.0	8210.0	0.0	0.0	0.0	0.0	A
4617	8210	0	0	0.0	0.0	8210.0	0.0	0.0	0.0	0.0	G
4618	8210	0	0	0.0	0.0	8210.0	0.0	0.0	0.0	0.0	C
4619	8210	7	0	0.0008526187576126675	0.0	8210.0	0.0	0.0	0.0	0.0	T
4620	8210	0	0	0.0	0.0	8210.0	0.0	0.0	0.0	0.0	A
4621	8210	0	0	0.0	0.0	8210.0	0.0	0.0	0.0	0.0	A
4622	8210	0	0	0.0	0.0	8210.0	0.0	0.0	0.0	0.0	T
4623	8210	0	0	0.0	0.0	8210.0	1.0	0.0	0.0001218026796589525	0.0	G
4624	8210	0	0	0.0	0.0	8210.0	3.0	0.0	0.0003654080389768575	0.0	A
4625	8210	0	0	0.0	0.0	8210.0	0.0	0.0	0.0	0.0	T
4626	8210	0	0	0.0	0.0	8210.0	0.0	0.0	0.0	0.0	G
4627	8210	0	0	0.0	0.0	8210.0	1.0	0.0	0.0001218026796589525	0.0	T
4628	8210	3	0	0.0003654080389768575	0.0	8210.0	0.0	0.0	0.0	0.0	C
4629	8210	0	0	0.0	0.0	8210.0	0.0	0.0	0.0	0.0	T
4630	8210	0	0	0.0	0.0	8210.0	1.0	0.0	0.0001218026796589525	0.0	G
4631	8210	51	0	0.006211936662606578	0.0	8210.0	0.0	0.0	0.0	0.0	A
4632	8210	0	0	0.0	0.0	8210.0	0.0	0.0	0.0	0.0	A
4633	8210	0	0	0.0	0.0	8210.0	0.0	0.0	0.0	0.0	T
4634	8210	5	0	0.0006090133982947625	0.0	8210.0	0.0	0.0	0.0	0.0	C
4635	8210	0	0	0.0	0.0	8210.0	0.0	0.0	0.0	0.0	C
4636	8210	0	0	0.0	0.0	8210.0	0.0	0.0	0.0	0.0	C
4637	8210	0	0	0.0	0.0	8210.0	0.0	0.0	0.0	0.0	T
4638	8210	0	0	0.0	0.0	8210.0	0.0	0.0	0.0	0.0	G
4639	8210	0	0	0.0	0.0	8210.0	0.0	0.0	0.0	0.0	C
4640	8210	0	0	0.0	0.0	8210.0	0.0	0.0	0.0	0.0	A
4641	8210	0	0	0.0	0.0	8210.0	0.0	0.0	0.0	0.0	G
4642	8210	0	0	0.0	0.0	8210.0	0.0	0.0	0.0	0.0	C
4643	8210	1	0	0.0001218026796589525	0.0	8210.0	0.0	0.0	0.0	0.0	G
4644	8210	1	0	0.0001218026796589525	0.0	8210.0	1.0	0.0	0.0001218026796589525	0.0	A
4645	8210	0	0	0.0	0.0	8210.0	0.0	0.0	0.0	0.0	A
4646	8210	0	0	0.0	0.0	8210.0	0.0	0.0	0.0	0.0	A
4647	8210	0	0	0.0	0.0	8210.0	0.0	0.0	0.0	0.0	T
4648	8210	0	0	0.0	0.0	8210.0	0.0	0.0	0.0	0.0	T
4649	8210	0	0	0.0	0.0	8210.0	0.0	0.0	0.0	0.0	A
4650	8210	0	0	0.0	0.0	8210.0	0.0	0.0	0.0	0.0	C
4651	8210	0	0	0.0	0.0	8210.0	0.0	0.0	0.0	0.0	C
4652	8210	0	0	0.0	0.0	8210.0	0.0	0.0	0.0	0.0	A
4653	8210	0	0	0.0	0.0	8210.0	0.0	0.0	0.0	0.0	T
4654	8210	0	0	0.0	0.0	8210.0	0.0	0.0	0.0	0.0	G
4655	8210	0	0	0.0	0.0	8210.0	0.0	0.0	0.0	0.0	T
4656	8210	0	0	0.0	0.0	8210.0	1.0	0.0	0.0001218026796589525	0.0	G
4657	8210	0	0	0.0	0.0	8210.0	962.0	0.0	0.11717417783191231	0.0	T
4658	8210	43	0	0.005237515225334957	0.0	8210.0	1.0	0.0	0.0001218026796589525	0.0	T
4659	8210	0	0	0.0	0.0	8210.0	1.0	0.0	0.0001218026796589525	0.0	G
4660	8210	0	0	0.0	0.0	8210.0	0.0	0.0	0.0	0.0	C
4661	8210	0	0	0.0	0.0	8210.0	0.0	0.0	0.0	0.0	C
4662	8210	0	0	0.0	0.0	8210.0	0.0	0.0	0.0	0.0	A
4663	8210	0	0	0.0	0.0	8210.0	0.0	0.0	0.0	0.0	G
4664	8210	0	0	0.0	0.0	8210.0	0.0	0.0	0.0	0.0	A
4665	8210	0	0	0.0	0.0	8210.0	0.0	0.0	0.0	0.0	A
4666	8210	0	0	0.0	0.0	8210.0	0.0	0.0	0.0	0.0	T
4667	8210	0	0	0.0	0.0	8210.0	0.0	0.0	0.0	0.0	A
4668	8210	0	0	0.0	0.0	8210.0	0.0	0.0	0.0	0.0	A
4669	8210	0	0	0.0	0.0	8210.0	0.0	0.0	0.0	0.0	T
4670	8210	0	0	0.0	0.0	8210.0	0.0	0.0	0.0	0.0	T
4671	8210	0	0	0.0	0.0	8210.0	0.0	0.0	0.0	0.0	T
4672	8210	0	0	0.0	0.0	8210.0	0.0	0.0	0.0	0.0	T
4673	8210	1	0	0.0001218026796589525	0.0	8210.0	0.0	0.0	0.0	0.0	A
4674	8210	3	0	0.0003654080389768575	0.0	8210.0	0.0	0.0	0.0	0.0	C
4675	8210	0	0	0.0	0.0	8210.0	1.0	0.0	0.0001218026796589525	0.0	G
4676	8210	0	0	0.0	0.0	8210.0	0.0	0.0	0.0	0.0	T
4677	8210	1	0	0.0001218026796589525	0.0	8210.0	0.0	0.0	0.0	0.0	T
4678	8210	0	0	0.0	0.0	8210.0	0.0	0.0	0.0	0.0	C
4679	8210	0	0	0.0	0.0	8210.0	0.0	0.0	0.0	0.0	C
4680	8210	1	0	0.0001218026796589525	0.0	8210.0	0.0	0.0	0.0	0.0	A
4681	8210	0	0	0.0	0.0	8210.0	2.0	0.0	0.000243605359317905	0.0	T
4682	8210	0	0	0.0	0.0	8210.0	0.0	0.0	0.0	0.0	T
4683	8210	0	0	0.0	0.0	8210.0	0.0	0.0	0.0	0.0	T
4684	8210	0	0	0.0	0.0	8210.0	0.0	0.0	0.0	0.0	T
4685	8210	0	0	0.0	0.0	8210.0	1.0	0.0	0.0001218026796589525	0.0	C
4686	8210	0	0	0.0	0.0	8210.0	0.0	0.0	0.0	0.0	T
4687	8210	0	0	0.0	0.0	8210.0	0.0	0.0	0.0	0.0	T
4688	8210	0	0	0.0	0.0	8210.0	1.0	0.0	0.0001218026796589525	0.0	C
4689	8210	0	0	0.0	0.0	8210.0	0.0	0.0	0.0	0.0	A
4690	8210	0	0	0.0	0.0	8210.0	67.0	0.0	0.008160779537149818	0.0	C
4691	8210	0	0	0.0	0.0	8210.0	0.0	0.0	0.0	0.0	C
4692	8210	0	0	0.0	0.0	8210.0	0.0	0.0	0.0	0.0	T
4693	8210	0	0	0.0	0.0	8210.0	0.0	0.0	0.0	0.0	C
4694	8210	1	0	0.0001218026796589525	0.0	8210.0	0.0	0.0	0.0	0.0	A
4695	8210	0	0	0.0	0.0	8210.0	0.0	0.0	0.0	0.0	C
4696	8210	0	0	0.0	0.0	8210.0	1.0	0.0	0.0001218026796589525	0.0	T
4697	8210	0	0	0.0	0.0	8210.0	0.0	0.0	0.0	0.0	T
4698	8210	0	0	0.0	0.0	8210.0	0.0	0.0	0.0	0.0	A
4699	8210	0	0	0.0	0.0	8210.0	0.0	0.0	0.0	0.0	C
4700	8210	0	0	0.0	0.0	8210.0	0.0	0.0	0.0	0.0	T
4701	8210	0	0	0.0	0.0	8210.0	0.0	0.0	0.0	0.0	T
4702	8210	0	0	0.0	0.0	8210.0	0.0	0.0	0.0	0.0	C
4703	8210	0	0	0.0	0.0	8210.0	0.0	0.0	0.0	0.0	T
4704	8210	0	0	0.0	0.0	8210.0	0.0	0.0	0.0	0.0	T
4705	8210	0	0	0.0	0.0	8210.0	1.0	0.0	0.0001218026796589525	0.0	T
4706	8210	1	0	0.0001218026796589525	0.0	8210.0	0.0	0.0	0.0	0.0	A
4707	8210	962	0	0.11717417783191231	0.0	8210.0	0.0	0.0	0.0	0.0	T
4708	8210	1	0	0.0001218026796589525	0.0	8210.0	0.0	0.0	0.0	0.0	A
4709	8210	1	0	0.0001218026796589525	0.0	8210.0	0.0	0.0	0.0	0.0	T
4710	8210	0	0	0.0	0.0	8210.0	0.0	0.0	0.0	0.0	A
4711	8210	0	0	0.0	0.0	8210.0	0.0	0.0	0.0	0.0	G
4712	8210	0	0	0.0	0.0	8210.0	1.0	0.0	0.0001218026796589525	0.0	C
4713	8210	0	0	0.0	0.0	8210.0	133.0	0.0	0.01619975639464068	0.0	A
4714	8210	0	0	0.0	0.0	8210.0	0.0	0.0	0.0	0.0	A
4715	8210	0	0	0.0	0.0	8210.0	0.0	0.0	0.0	0.0	A
4716	8210	0	0	0.0	0.0	8210.0	0.0	0.0	0.0	0.0	A
4717	8210	0	0	0.0	0.0	8210.0	0.0	0.0	0.0	0.0	A
4718	8210	0	0	0.0	0.0	8210.0	0.0	0.0	0.0	0.0	G
4719	8210	0	0	0.0	0.0	8210.0	0.0	0.0	0.0	0.0	A
4720	8210	0	0	0.0	0.0	8210.0	9.0	0.0	0.0010962241169305725	0.0	G
4721	8210	0	0	0.0	0.0	8210.0	1.0	0.0	0.0001218026796589525	0.0	T
4722	8210	0	0	0.0	0.0	8210.0	0.0	0.0	0.0	0.0	G
4723	8210	0	0	0.0	0.0	8210.0	0.0	0.0	0.0	0.0	C
4724	8210	0	0	0.0	0.0	8210.0	0.0	0.0	0.0	0.0	C
4725	8210	1	0	0.0001218026796589525	0.0	8210.0	0.0	0.0	0.0	0.0	A
4726	8210	0	0	0.0	0.0	8210.0	0.0	0.0	0.0	0.0	A
4727	8210	0	0	0.0	0.0	8210.0	3.0	0.0	0.0003654080389768575	0.0	A
4728	8210	0	0	0.0	0.0	8210.0	24.0	0.0	0.00292326431181486	0.0	A
4729	8210	0	0	0.0	0.0	8210.0	0.0	0.0	0.0	0.0	A
4730	8210	0	0	0.0	0.0	8210.0	1.0	0.0	0.0001218026796589525	0.0	A
4731	8210	2	0	0.000243605359317905	0.0	8210.0	0.0	0.0	0.0	0.0	G
4732	8210	0	0	0.0	0.0	8210.0	2.0	0.0	0.000243605359317905	0.0	T
4733	8210	0	0	0.0	0.0	8210.0	0.0	0.0	0.0	0.0	G
4734	8210	0	0	0.0	0.0	8210.0	0.0	0.0	0.0	0.0	G
4735	8210	1	0	0.0001218026796589525	0.0	8210.0	0.0	0.0	0.0	0.0	C
4736	8210	0	0	0.0	0.0	8210.0	0.0	0.0	0.0	0.0	A
4737	8210	0	0	0.0	0.0	8210.0	0.0	0.0	0.0	0.0	C
4738	8210	1	0	0.0001218026796589525	0.0	8210.0	0.0	0.0	0.0	0.0	T
4739	8210	0	0	0.0	0.0	8210.0	4.0	0.0	0.00048721071863581	0.0	C
4740	8210	67	0	0.008160779537149818	0.0	8210.0	1.0	0.0	0.0001218026796589525	0.0	C
4741	8210	0	0	0.0	0.0	8210.0	1.0	0.0	0.0001218026796589525	0.0	C
4742	8210	0	0	0.0	0.0	8210.0	0.0	0.0	0.0	0.0	T
4743	8210	0	0	0.0	0.0	8210.0	0.0	0.0	0.0	0.0	C
4744	8210	0	0	0.0	0.0	8210.0	0.0	0.0	0.0	0.0	C
4745	8210	0	0	0.0	0.0	8210.0	0.0	0.0	0.0	0.0	T
4746	8210	1	0	0.0001218026796589525	0.0	8210.0	0.0	0.0	0.0	0.0	T
4747	8210	0	0	0.0	0.0	8210.0	0.0	0.0	0.0	0.0	T
4748	8210	0	0	0.0	0.0	8210.0	0.0	0.0	0.0	0.0	T
4749	8210	0	0	0.0	0.0	8210.0	0.0	0.0	0.0	0.0	T
4750	8210	0	0	0.0	0.0	8210.0	0.0	0.0	0.0	0.0	A
4751	8210	0	0	0.0	0.0	8210.0	0.0	0.0	0.0	0.0	T
4752	8210	0	0	0.0	0.0	8210.0	0.0	0.0	0.0	0.0	T
4753	8210	0	0	0.0	0.0	8210.0	0.0	0.0	0.0	0.0	T
4754	8210	0	0	0.0	0.0	8210.0	1.0	0.0	0.0001218026796589525	0.0	T
4755	8210	1	0	0.0001218026796589525	0.0	8210.0	0.0	0.0	0.0	0.0	A
4756	8210	0	0	0.0	0.0	8210.0	0.0	0.0	0.0	0.0	A
4757	8210	0	0	0.0	0.0	8210.0	552.0	0.0	0.06723507917174178	0.0	A
4758	8210	0	0	0.0	0.0	8210.0	0.0	0.0	0.0	0.0	A
4759	8210	0	0	0.0	0.0	8210.0	1.0	0.0	0.0001218026796589525	0.0	A
4760	8210	0	0	0.0	0.0	8210.0	0.0	0.0	0.0	0.0	T
4761	8210	0	0	0.0	0.0	8210.0	0.0	0.0	0.0	0.0	C
4762	8210	1	0	0.0001218026796589525	0.0	8210.0	1.0	0.0	0.0001218026796589525	0.0	G
4763	8210	133	0	0.01619975639464068	0.0	8210.0	0.0	0.0	0.0	0.0	C
4764	8210	0	0	0.0	0.0	8210.0	0.0	0.0	0.0	0.0	T
4765	8210	0	0	0.0	0.0	8210.0	0.0	0.0	0.0	0.0	T
4766	8210	0	0	0.0	0.0	8210.0	0.0	0.0	0.0	0.0	T
4767	8210	0	0	0.0	0.0	8210.0	0.0	0.0	0.0	0.0	C
4768	8210	0	0	0.0	0.0	8210.0	0.0	0.0	0.0	0.0	T
4769	8210	0	0	0.0	0.0	8210.0	42.0	0.0	0.005115712545676005	0.0	G
4770	8210	9	0	0.0010962241169305725	0.0	8210.0	0.0	0.0	0.0	0.0	C
4771	8210	1	0	0.0001218026796589525	0.0	8210.0	0.0	0.0	0.0	0.0	G
4772	8210	0	0	0.0	0.0	8210.0	0.0	0.0	0.0	0.0	T
4773	8210	0	0	0.0	0.0	8210.0	0.0	0.0	0.0	0.0	T
4774	8210	0	0	0.0	0.0	8210.0	0.0	0.0	0.0	0.0	G
4775	8210	0	0	0.0	0.0	8210.0	0.0	0.0	0.0	0.0	T
4776	8210	0	0	0.0	0.0	8210.0	0.0	0.0	0.0	0.0	T
4777	8210	3	0	0.0003654080389768575	0.0	8210.0	0.0	0.0	0.0	0.0	A
4778	8210	24	0	0.00292326431181486	0.0	8210.0	0.0	0.0	0.0	0.0	A
4779	8210	0	0	0.0	0.0	8210.0	2.0	0.0	0.000243605359317905	0.0	A
4780	8210	1	0	0.0001218026796589525	0.0	8210.0	0.0	0.0	0.0	0.0	C
4781	8210	0	0	0.0	0.0	8210.0	0.0	0.0	0.0	0.0	T
4782	8210	2	0	0.000243605359317905	0.0	8210.0	0.0	0.0	0.0	0.0	C
4783	8210	0	0	0.0	0.0	8210.0	6.0	0.0	0.000730816077953715	0.0	C
4784	8210	0	0	0.0	0.0	8210.0	0.0	0.0	0.0	0.0	G
4785	8210	0	0	0.0	0.0	8210.0	1.0	0.0	0.0001218026796589525	0.0	T
4786	8210	0	0	0.0	0.0	8210.0	0.0	0.0	0.0	0.0	T
4787	8210	0	0	0.0	0.0	8210.0	0.0	0.0	0.0	0.0	T
4788	8210	0	0	0.0	0.0	8210.0	0.0	0.0	0.0	0.0	T
4789	8210	4	0	0.00048721071863581	0.0	8210.0	0.0	0.0	0.0	0.0	T
4790	8210	1	0	0.0001218026796589525	0.0	8210.0	0.0	0.0	0.0	0.0	C
4791	8210	1	0	0.0001218026796589525	0.0	8210.0	1.0	0.0	0.0001218026796589525	0.0	C
4792	8210	0	0	0.0	0.0	8210.0	0.0	0.0	0.0	0.0	A
4793	8210	0	0	0.0	0.0	8210.0	2.0	0.0	0.000243605359317905	0.0	A
4794	8210	0	0	0.0	0.0	8210.0	0.0	0.0	0.0	0.0	A
4795	8210	0	0	0.0	0.0	8210.0	0.0	0.0	0.0	0.0	C
4796	8210	0	0	0.0	0.0	8210.0	0.0	0.0	0.0	0.0	A
4797	8210	0	0	0.0	0.0	8210.0	0.0	0.0	0.0	0.0	A
4798	8210	0	0	0.0	0.0	8210.0	1.0	0.0	0.0001218026796589525	0.0	C
4799	8210	0	0	0.0	0.0	8210.0	0.0	0.0	0.0	0.0	A
4800	8210	0	0	0.0	0.0	8210.0	0.0	0.0	0.0	0.0	C
4801	8210	0	0	0.0	0.0	8210.0	0.0	0.0	0.0	0.0	A
4802	8210	0	0	0.0	0.0	8210.0	0.0	0.0	0.0	0.0	T
4803	8210	0	0	0.0	0.0	8210.0	0.0	0.0	0.0	0.0	C
4804	8210	1	0	0.0001218026796589525	0.0	8210.0	0.0	0.0	0.0	0.0	A
4805	8210	0	0	0.0	0.0	8210.0	0.0	0.0	0.0	0.0	T
4806	8210	0	0	0.0	0.0	8210.0	0.0	0.0	0.0	0.0	A
4807	8210	552	0	0.06723507917174178	0.0	8210.0	0.0	0.0	0.0	0.0	G
4808	8210	0	0	0.0	0.0	8210.0	3.0	0.0	0.0003654080389768575	0.0	A
4809	8210	1	0	0.0001218026796589525	0.0	8210.0	0.0	0.0	0.0	0.0	C
4810	8210	0	0	0.0	0.0	8210.0	0.0	0.0	0.0	0.0	A
4811	8210	0	0	0.0	0.0	8210.0	0.0	0.0	0.0	0.0	T
4812	8210	1	0	0.0001218026796589525	0.0	8210.0	0.0	0.0	0.0	0.0	A
4813	8210	0	0	0.0	0.0	8210.0	0.0	0.0	0.0	0.0	A
4814	8210	0	0	0.0	0.0	8210.0	0.0	0.0	0.0	0.0	A
4815	8210	0	0	0.0	0.0	8210.0	0.0	0.0	0.0	0.0	A
4816	8210	0	0	0.0	0.0	8210.0	0.0	0.0	0.0	0.0	A
4817	8210	0	0	0.0	0.0	8210.0	1.0	0.0	0.0001218026796589525	0.0	A
4818	8210	0	0	0.0	0.0	8210.0	1.0	0.0	0.0001218026796589525	0.0	G
4819	8210	42	0	0.005115712545676005	0.0	8210.0	0.0	0.0	0.0	0.0	C
4820	8210	0	0	0.0	0.0	8210.0	0.0	0.0	0.0	0.0	T
4821	8210	0	0	0.0	0.0	8210.0	0.0	0.0	0.0	0.0	C
4822	8210	0	0	0.0	0.0	8210.0	0.0	0.0	0.0	0.0	C
4823	8210	0	0	0.0	0.0	8210.0	0.0	0.0	0.0	0.0	G
4824	8210	0	0	0.0	0.0	8210.0	0.0	0.0	0.0	0.0	A
4825	8210	0	0	0.0	0.0	8210.0	0.0	0.0	0.0	0.0	T
4826	8210	0	0	0.0	0.0	8210.0	511.0	0.0	0.06224116930572473	0.0	T
4827	8210	0	0	0.0	0.0	8210.0	0.0	0.0	0.0	0.0	C
4828	8210	0	0	0.0	0.0	8210.0	0.0	0.0	0.0	0.0	A
4829	8210	2	0	0.000243605359317905	0.0	8210.0	37.0	0.0	0.004506699147381242	0.0	G
4830	8210	0	0	0.0	0.0	8210.0	1.0	0.0	0.0001218026796589525	0.0	G
4831	8210	0	0	0.0	0.0	8210.0	0.0	0.0	0.0	0.0	T
4832	8210	0	0	0.0	0.0	8210.0	0.0	0.0	0.0	0.0	A
4833	8210	6	0	0.000730816077953715	0.0	8210.0	2.0	0.0	0.000243605359317905	0.0	T
4834	8210	0	0	0.0	0.0	8210.0	1.0	0.0	0.0001218026796589525	0.0	A
4835	8210	1	0	0.0001218026796589525	0.0	8210.0	10.0	0.0	0.001218026796589525	0.0	T
4836	8210	0	0	0.0	0.0	8210.0	0.0	0.0	0.0	0.0	T
4837	8210	0	0	0.0	0.0	8210.0	0.0	0.0	0.0	0.0	G
4838	8210	0	0	0.0	0.0	8210.0	0.0	0.0	0.0	0.0	A
4839	8210	0	0	0.0	0.0	8210.0	0.0	0.0	0.0	0.0	C
4840	8210	0	0	0.0	0.0	8210.0	2.0	0.0	0.000243605359317905	0.0	A
4841	8210	1	0	0.0001218026796589525	0.0	8210.0	6.0	0.0	0.000730816077953715	0.0	C
4842	8210	0	0	0.0	0.0	8210.0	32.0	0.0	0.00389768574908648	0.0	T
4843	8210	2	0	0.000243605359317905	0.0	8210.0	0.0	0.0	0.0	0.0	A
4844	8210	0	0	0.0	0.0	8210.0	0.0	0.0	0.0	0.0	T
4845	8210	0	0	0.0	0.0	8210.0	15.0	0.0	0.0018270401948842874	0.0	A
4846	8210	0	0	0.0	0.0	8210.0	0.0	0.0	0.0	0.0	A
4847	8210	0	0	0.0	0.0	8210.0	0.0	0.0	0.0	0.0	A
4848	8210	1	0	0.0001218026796589525	0.0	8210.0	0.0	0.0	0.0	0.0	C
4849	8210	0	0	0.0	0.0	8210.0	0.0	0.0	0.0	0.0	T
4850	8210	0	0	0.0	0.0	8210.0	0.0	0.0	0.0	0.0	T
4851	8210	0	0	0.0	0.0	8210.0	0.0	0.0	0.0	0.0	T
4852	8210	0	0	0.0	0.0	8210.0	0.0	0.0	0.0	0.0	T
4853	8210	0	0	0.0	0.0	8210.0	1.0	0.0	0.0001218026796589525	0.0	T
4854	8210	0	0	0.0	0.0	8210.0	0.0	0.0	0.0	0.0	C
4855	8210	0	0	0.0	0.0	8210.0	0.0	0.0	0.0	0.0	A
4856	8210	0	0	0.0	0.0	8210.0	0.0	0.0	0.0	0.0	A
4857	8210	0	0	0.0	0.0	8210.0	0.0	0.0	0.0	0.0	T
4858	8210	3	0	0.0003654080389768575	0.0	8210.0	0.0	0.0	0.0	0.0	G
4859	8210	0	0	0.0	0.0	8210.0	0.0	0.0	0.0	0.0	A
4860	8210	0	0	0.0	0.0	8210.0	0.0	0.0	0.0	0.0	C
4861	8210	0	0	0.0	0.0	8210.0	5268.0	0.0	0.6416565164433617	0.0	A
4862	8210	0	0	0.0	0.0	8210.0	0.0	0.0	0.0	0.0	C
4863	8210	0	0	0.0	0.0	8210.0	0.0	0.0	0.0	0.0	T
4864	8210	0	0	0.0	0.0	8210.0	0.0	0.0	0.0	0.0	A
4865	8210	0	0	0.0	0.0	8210.0	1.0	0.0	0.0001218026796589525	0.0	A
4866	8210	0	0	0.0	0.0	8210.0	0.0	0.0	0.0	0.0	A
4867	8210	1	0	0.0001218026796589525	0.0	8210.0	1.0	0.0	0.0001218026796589525	0.0	C
4868	8210	1	0	0.0001218026796589525	0.0	8210.0	1679.0	0.0	0.20450669914738123	0.0	G
4869	8210	0	0	0.0	0.0	8210.0	0.0	0.0	0.0	0.0	C
4870	8210	0	0	0.0	0.0	8210.0	1.0	0.0	0.0001218026796589525	0.0	C
4871	8210	0	0	0.0	0.0	8210.0	0.0	0.0	0.0	0.0	T
4872	8210	0	0	0.0	0.0	8210.0	1.0	0.0	0.0001218026796589525	0.0	C
4873	8210	0	0	0.0	0.0	8210.0	0.0	0.0	0.0	0.0	T
4874	8210	0	0	0.0	0.0	8210.0	0.0	0.0	0.0	0.0	T
4875	8210	0	0	0.0	0.0	8210.0	0.0	0.0	0.0	0.0	T
4876	8210	511	0	0.06224116930572473	0.0	8210.0	0.0	0.0	0.0	0.0	T
4877	8210	0	0	0.0	0.0	8210.0	0.0	0.0	0.0	0.0	A
4878	8210	0	0	0.0	0.0	8210.0	0.0	0.0	0.0	0.0	A
4879	8210	37	0	0.004506699147381242	0.0	8210.0	0.0	0.0	0.0	0.0	C
4880	8210	1	0	0.0001218026796589525	0.0	8210.0	0.0	0.0	0.0	0.0	T
4881	8210	0	0	0.0	0.0	8210.0	0.0	0.0	0.0	0.0	C
4882	8210	0	0	0.0	0.0	8210.0	0.0	0.0	0.0	0.0	T
4883	8210	2	0	0.000243605359317905	0.0	8210.0	0.0	0.0	0.0	0.0	T
4884	8210	1	0	0.0001218026796589525	0.0	8210.0	0.0	0.0	0.0	0.0	G
4885	8210	10	0	0.001218026796589525	0.0	8210.0	0.0	0.0	0.0	0.0	C
4886	8210	0	0	0.0	0.0	8210.0	0.0	0.0	0.0	0.0	A
4887	8210	0	0	0.0	0.0	8210.0	0.0	0.0	0.0	0.0	A
4888	8210	0	0	0.0	0.0	8210.0	0.0	0.0	0.0	0.0	G
4889	8210	0	0	0.0	0.0	8210.0	0.0	0.0	0.0	0.0	A
4890	8210	2	0	0.000243605359317905	0.0	8210.0	0.0	0.0	0.0	0.0	C
4891	8210	6	0	0.000730816077953715	0.0	8210.0	1.0	0.0	0.0001218026796589525	0.0	C
4892	8210	32	0	0.00389768574908648	0.0	8210.0	0.0	0.0	0.0	0.0	G
4893	8210	0	0	0.0	0.0	8210.0	0.0	0.0	0.0	0.0	T
4894	8210	0	0	0.0	0.0	8210.0	0.0	0.0	0.0	0.0	T
4895	8210	15	0	0.0018270401948842874	0.0	8210.0	0.0	0.0	0.0	0.0	C
4896	8210	0	0	0.0	0.0	8210.0	0.0	0.0	0.0	0.0	T
4897	8210	0	0	0.0	0.0	8210.0	0.0	0.0	0.0	0.0	T
4898	8210	0	0	0.0	0.0	8210.0	4.0	0.0	0.00048721071863581	0.0	T
4899	8210	0	0	0.0	0.0	8210.0	0.0	0.0	0.0	0.0	G
4900	8210	0	0	0.0	0.0	8210.0	1.0	0.0	0.0001218026796589525	0.0	A
4901	8210	0	0	0.0	0.0	8210.0	0.0	0.0	0.0	0.0	C
4902	8210	0	0	0.0	0.0	8210.0	0.0	0.0	0.0	0.0	A
4903	8210	1	0	0.0001218026796589525	0.0	8210.0	0.0	0.0	0.0	0.0	C
4904	8210	0	0	0.0	0.0	8210.0	237.0	0.0	0.02886723507917174	0.0	T
4905	8210	0	0	0.0	0.0	8210.0	0.0	0.0	0.0	0.0	G
4906	8210	0	0	0.0	0.0	8210.0	0.0	0.0	0.0	0.0	C
4907	8210	0	0	0.0	0.0	8210.0	0.0	0.0	0.0	0.0	T
4908	8210	0	0	0.0	0.0	8210.0	0.0	0.0	0.0	0.0	T
4909	8210	0	0	0.0	0.0	8210.0	0.0	0.0	0.0	0.0	T
4910	8210	0	0	0.0	0.0	8210.0	8.0	0.0	0.00097442143727162	0.0	A
4911	8210	5268	0	0.6416565164433617	0.0	8210.0	0.0	0.0	0.0	0.0	G
4912	8210	0	0	0.0	0.0	8210.0	0.0	0.0	0.0	0.0	T
4913	8210	0	0	0.0	0.0	8210.0	0.0	0.0	0.0	0.0	T
4914	8210	0	0	0.0	0.0	8210.0	0.0	0.0	0.0	0.0	G
4915	8210	1	0	0.0001218026796589525	0.0	8210.0	2.0	0.0	0.000243605359317905	0.0	T
4916	8210	0	0	0.0	0.0	8210.0	0.0	0.0	0.0	0.0	T
4917	8210	1	0	0.0001218026796589525	0.0	8210.0	0.0	0.0	0.0	0.0	C
4918	8210	1679	0	0.20450669914738123	0.0	8210.0	0.0	0.0	0.0	0.0	G
4919	8210	0	0	0.0	0.0	8210.0	0.0	0.0	0.0	0.0	G
4920	8210	1	0	0.0001218026796589525	0.0	8210.0	0.0	0.0	0.0	0.0	C
4921	8210	0	0	0.0	0.0	8210.0	7.0	0.0	0.0008526187576126675	0.0	G
4922	8210	1	0	0.0001218026796589525	0.0	8210.0	0.0	0.0	0.0	0.0	C
4923	8210	0	0	0.0	0.0	8210.0	0.0	0.0	0.0	0.0	C
4924	8210	0	0	0.0	0.0	8210.0	0.0	0.0	0.0	0.0	A
4925	8210	0	0	0.0	0.0	8210.0	19.0	0.0	0.0023142509135200976	0.0	T
4926	8210	0	0	0.0	0.0	8210.0	0.0	0.0	0.0	0.0	T
4927	8210	0	0	0.0	0.0	8210.0	0.0	0.0	0.0	0.0	A
4928	8210	0	0	0.0	0.0	8210.0	0.0	0.0	0.0	0.0	T
4929	8210	0	0	0.0	0.0	8210.0	0.0	0.0	0.0	0.0	A
4930	8210	0	0	0.0	0.0	8210.0	0.0	0.0	0.0	0.0	A
4931	8210	0	0	0.0	0.0	8210.0	0.0	0.0	0.0	0.0	T
4932	8210	0	0	0.0	0.0	8210.0	0.0	1.0	0.0	0.0001218026796589525	T
4933	8210	0	0	0.0	0.0	8210.0	0.0	0.0	0.0	0.0	T
4934	8210	0	0	0.0	0.0	8210.0	8077.0	0.0	0.9838002436053593	0.0	T
4935	8210	0	0	0.0	0.0	8210.0	129.0	0.0	0.01571254567600487	0.0	C
4936	8210	0	0	0.0	0.0	8210.0	0.0	0.0	0.0	0.0	A
4937	8210	0	0	0.0	0.0	8210.0	0.0	0.0	0.0	0.0	A
4938	8210	0	0	0.0	0.0	8210.0	1.0	0.0	0.0001218026796589525	0.0	T
4939	8210	0	0	0.0	0.0	8210.0	0.0	0.0	0.0	0.0	A
4940	8210	0	0	0.0	0.0	8210.0	0.0	0.0	0.0	0.0	G
4941	8210	1	0	0.0001218026796589525	0.0	8210.0	0.0	0.0	0.0	0.0	G
4942	8210	0	0	0.0	0.0	8210.0	0.0	0.0	0.0	0.0	T
4943	8210	0	0	0.0	0.0	8210.0	5341.0	0.0	0.6505481120584653	0.0	T
4944	8210	0	0	0.0	0.0	8210.0	9.0	0.0	0.0010962241169305725	0.0	C
4945	8210	0	0	0.0	0.0	8210.0	0.0	0.0	0.0	0.0	A
4946	8210	0	0	0.0	0.0	8210.0	0.0	0.0	0.0	0.0	T
4947	8210	0	0	0.0	0.0	8210.0	0.0	0.0	0.0	0.0	T
4948	8210	4	0	0.00048721071863581	0.0	8210.0	0.0	0.0	0.0	0.0	C
4949	8210	0	0	0.0	0.0	8210.0	0.0	0.0	0.0	0.0	C
4950	8210	1	0	0.0001218026796589525	0.0	8210.0	1.0	0.0	0.0001218026796589525	0.0	G
4951	8210	0	0	0.0	0.0	8210.0	1.0	0.0	0.0001218026796589525	0.0	G
4952	8210	0	0	0.0	0.0	8210.0	1.0	0.0	0.0001218026796589525	0.0	A
4953	8210	0	0	0.0	0.0	8210.0	0.0	0.0	0.0	0.0	T
4954	8210	237	0	0.02886723507917174	0.0	8210.0	0.0	0.0	0.0	0.0	T
4955	8210	0	0	0.0	0.0	8210.0	0.0	0.0	0.0	0.0	A
4956	8210	0	0	0.0	0.0	8210.0	0.0	0.0	0.0	0.0	A
4957	8210	0	0	0.0	0.0	8210.0	0.0	0.0	0.0	0.0	T
4958	8210	0	0	0.0	0.0	8210.0	0.0	0.0	0.0	0.0	C
4959	8210	0	0	0.0	0.0	8210.0	0.0	0.0	0.0	0.0	G
4960	8210	8	0	0.00097442143727162	0.0	8210.0	0.0	0.0	0.0	0.0	T
4961	8210	0	0	0.0	0.0	8210.0	0.0	0.0	0.0	0.0	T
4962	8210	0	0	0.0	0.0	8210.0	0.0	0.0	0.0	0.0	C
4963	8210	0	0	0.0	0.0	8210.0	0.0	0.0	0.0	0.0	A
4964	8210	0	0	0.0	0.0	8210.0	5351.0	0.0	0.6517661388550549	0.0	A
4965	8210	2	0	0.000243605359317905	0.0	8210.0	0.0	0.0	0.0	0.0	T
4966	8210	0	0	0.0	0.0	8210.0	0.0	0.0	0.0	0.0	T
4967	8210	0	0	0.0	0.0	8210.0	0.0	0.0	0.0	0.0	A
4968	8210	0	0	0.0	0.0	8210.0	0.0	0.0	0.0	0.0	A
4969	8210	0	0	0.0	0.0	8210.0	41.0	0.0	0.004993909866017053	0.0	A
4970	8210	0	0	0.0	0.0	8210.0	0.0	0.0	0.0	0.0	C
4971	8210	7	0	0.0008526187576126675	0.0	8210.0	0.0	0.0	0.0	0.0	A
4972	8210	0	0	0.0	0.0	8210.0	3.0	0.0	0.0003654080389768575	0.0	A
4973	8210	0	0	0.0	0.0	8210.0	0.0	0.0	0.0	0.0	C
4974	8210	0	0	0.0	0.0	8210.0	0.0	0.0	0.0	0.0	T
4975	8210	19	0	0.0023142509135200976	0.0	8210.0	0.0	0.0	0.0	0.0	G
4976	8210	0	0	0.0	0.0	8210.0	0.0	0.0	0.0	0.0	A
4977	8210	0	0	0.0	0.0	8210.0	0.0	0.0	0.0	0.0	C
4978	8210	0	0	0.0	0.0	8210.0	0.0	0.0	0.0	0.0	A
4979	8210	0	0	0.0	0.0	8210.0	0.0	0.0	0.0	0.0	T
4980	8210	0	0	0.0	0.0	8210.0	0.0	0.0	0.0	0.0	G
4981	8210	0	0	0.0	0.0	8210.0	0.0	0.0	0.0	0.0	G
4982	8210	0	1	0.0	0.0001218026796589525	8210.0	0.0	0.0	0.0	0.0	A
4983	8210	0	0	0.0	0.0	8210.0	0.0	0.0	0.0	0.0	C
4984	8210	8077	0	0.9838002436053593	0.0	8210.0	0.0	0.0	0.0	0.0	G
4985	8210	129	0	0.01571254567600487	0.0	8210.0	0.0	0.0	0.0	0.0	T
4986	8210	0	0	0.0	0.0	8210.0	0.0	0.0	0.0	0.0	A
4987	8210	0	0	0.0	0.0	8210.0	0.0	0.0	0.0	0.0	T
4988	8210	1	0	0.0001218026796589525	0.0	8210.0	0.0	0.0	0.0	0.0	A
4989	8210	0	0	0.0	0.0	8210.0	0.0	0.0	0.0	0.0	C
4990	8210	0	0	0.0	0.0	8210.0	0.0	0.0	0.0	0.0	C
4991	8210	0	0	0.0	0.0	8210.0	0.0	0.0	0.0	0.0	G
4992	8210	0	0	0.0	0.0	8210.0	0.0	0.0	0.0	0.0	C
4993	8210	5341	0	0.6505481120584653	0.0	8210.0	0.0	0.0	0.0	0.0	T
4994	8210	9	0	0.0010962241169305725	0.0	8210.0	0.0	0.0	0.0	0.0	A
4995	8210	0	0	0.0	0.0	8210.0	0.0	0.0	0.0	0.0	A
4996	8210	0	0	0.0	0.0	8210.0	0.0	0.0	0.0	0.0	T
4997	8210	0	0	0.0	0.0	8210.0	0.0	0.0	0.0	0.0	T
4998	8210	0	0	0.0	0.0	8210.0	0.0	0.0	0.0	0.0	T
4999	8210	0	0	0.0	0.0	8210.0	0.0	0.0	0.0	0.0	A
5000	8210	1	0	0.0001218026796589525	0.0	8210.0	0.0	0.0	0.0	0.0	C
5001	8210	1	0	0.0001218026796589525	0.0	8210.0	0.0	0.0	0.0	0.0	G
5002	8210	1	0	0.0001218026796589525	0.0	8210.0	0.0	0.0	0.0	0.0	A
5003	8210	0	0	0.0	0.0	8210.0	991.0	0.0	0.12070645554202192	0.0	T
5004	8210	0	0	0.0	0.0	8210.0	1.0	0.0	0.0001218026796589525	0.0	C
5005	8210	0	0	0.0	0.0	8210.0	1.0	0.0	0.0001218026796589525	0.0	A
5006	8210	0	0	0.0	0.0	8210.0	0.0	0.0	0.0	0.0	T
5007	8210	0	0	0.0	0.0	8210.0	0.0	0.0	0.0	0.0	T
5008	8210	0	0	0.0	0.0	8210.0	0.0	0.0	0.0	0.0	T
5009	8210	0	0	0.0	0.0	8210.0	0.0	0.0	0.0	0.0	T
5010	8210	0	0	0.0	0.0	8210.0	0.0	0.0	0.0	0.0	G
5011	8210	0	0	0.0	0.0	8210.0	1.0	0.0	0.0001218026796589525	0.0	A
5012	8210	0	0	0.0	0.0	8210.0	0.0	0.0	0.0	0.0	A
5013	8210	0	0	0.0	0.0	8210.0	24.0	0.0	0.00292326431181486	0.0	T
5014	8210	5351	0	0.6517661388550549	0.0	8210.0	0.0	0.0	0.0	0.0	T
5015	8210	0	0	0.0	0.0	8210.0	0.0	0.0	0.0	0.0	G
5016	8210	0	0	0.0	0.0	8210.0	0.0	0.0	0.0	0.0	T
5017	8210	0	0	0.0	0.0	8210.0	0.0	0.0	0.0	0.0	T
5018	8210	0	0	0.0	0.0	8210.0	0.0	0.0	0.0	0.0	T
5019	8210	41	0	0.004993909866017053	0.0	8210.0	0.0	0.0	0.0	0.0	G
5020	8210	0	0	0.0	0.0	8210.0	0.0	0.0	0.0	0.0	T
5021	8210	0	0	0.0	0.0	8210.0	0.0	0.0	0.0	0.0	T
5022	8210	3	0	0.0003654080389768575	0.0	8210.0	5.0	0.0	0.0006090133982947625	0.0	G
5023	8210	0	0	0.0	0.0	8210.0	0.0	0.0	0.0	0.0	C
5024	8210	0	0	0.0	0.0	8210.0	0.0	0.0	0.0	0.0	C
5025	8210	0	0	0.0	0.0	8210.0	0.0	0.0	0.0	0.0	A
5026	8210	0	0	0.0	0.0	8210.0	0.0	0.0	0.0	0.0	C
5027	8210	0	0	0.0	0.0	8210.0	1.0	0.0	0.0001218026796589525	0.0	C
5028	8210	0	0	0.0	0.0	8210.0	1.0	0.0	0.0001218026796589525	0.0	G
5029	8210	0	0	0.0	0.0	8210.0	0.0	0.0	0.0	0.0	C
5030	8210	0	0	0.0	0.0	8210.0	0.0	0.0	0.0	0.0	T
5031	8210	0	0	0.0	0.0	8210.0	0.0	0.0	0.0	0.0	C
5032	8210	0	0	0.0	0.0	8210.0	0.0	0.0	0.0	0.0	T
5033	8210	0	0	0.0	0.0	8210.0	1.0	0.0	0.0001218026796589525	0.0	T
5034	8210	0	0	0.0	0.0	8210.0	1.0	0.0	0.0001218026796589525	0.0	C
5035	8210	0	0	0.0	0.0	8210.0	0.0	0.0	0.0	0.0	T
5036	8210	0	0	0.0	0.0	8210.0	0.0	0.0	0.0	0.0	A
5037	8210	0	0	0.0	0.0	8210.0	0.0	0.0	0.0	0.0	A
5038	8210	0	0	0.0	0.0	8210.0	2.0	0.0	0.000243605359317905	0.0	T
5039	8210	0	0	0.0	0.0	8210.0	0.0	0.0	0.0	0.0	T
5040	8210	0	0	0.0	0.0	8210.0	0.0	0.0	0.0	0.0	G
5041	8210	0	0	0.0	0.0	8210.0	0.0	0.0	0.0	0.0	A
5042	8210	0	0	0.0	0.0	8210.0	0.0	0.0	0.0	0.0	A
5043	8210	0	0	0.0	0.0	8210.0	1.0	0.0	0.0001218026796589525	0.0	T
5044	8210	0	0	0.0	0.0	8210.0	3.0	0.0	0.0003654080389768575	0.0	T
5045	8210	0	0	0.0	0.0	8210.0	0.0	0.0	0.0	0.0	A
5046	8210	0	0	0.0	0.0	8210.0	0.0	0.0	0.0	0.0	A
5047	8210	0	0	0.0	0.0	8210.0	2.0	0.0	0.000243605359317905	0.0	A
5048	8210	0	0	0.0	0.0	8210.0	0.0	0.0	0.0	0.0	A
5049	8210	0	0	0.0	0.0	8210.0	1.0	0.0	0.0001218026796589525	0.0	A
5050	8210	0	0	0.0	0.0	8210.0	0.0	0.0	0.0	0.0	G
5051	8210	0	0	0.0	0.0	8210.0	0.0	0.0	0.0	0.0	A
5052	8210	0	0	0.0	0.0	8210.0	0.0	0.0	0.0	0.0	C
5053	8210	991	0	0.12070645554202192	0.0	8210.0	0.0	0.0	0.0	0.0	T
5054	8210	1	0	0.0001218026796589525	0.0	8210.0	3.0	0.0	0.0003654080389768575	0.0	T
5055	8210	1	0	0.0001218026796589525	0.0	8210.0	0.0	0.0	0.0	0.0	C
5056	8210	0	0	0.0	0.0	8210.0	0.0	0.0	0.0	0.0	T
5057	8210	0	0	0.0	0.0	8210.0	0.0	0.0	0.0	0.0	A
5058	8210	0	0	0.0	0.0	8210.0	139.0	0.0	0.016930572472594396	0.0	C
5059	8210	0	0	0.0	0.0	8210.0	9.0	0.0	0.0010962241169305725	0.0	T
5060	8210	0	0	0.0	0.0	8210.0	143.0	0.0	0.017417783191230208	0.0	T
5061	8210	1	0	0.0001218026796589525	0.0	8210.0	0.0	0.0	0.0	0.0	G
5062	8210	0	0	0.0	0.0	8210.0	0.0	0.0	0.0	0.0	T
5063	8210	24	0	0.00292326431181486	0.0	8210.0	0.0	0.0	0.0	0.0	C
5064	8210	0	0	0.0	0.0	8210.0	0.0	0.0	0.0	0.0	G
5065	8210	0	0	0.0	0.0	8210.0	0.0	0.0	0.0	0.0	A
5066	8210	0	0	0.0	0.0	8210.0	0.0	0.0	0.0	0.0	A
5067	8210	0	0	0.0	0.0	8210.0	0.0	0.0	0.0	0.0	T
5068	8210	0	0	0.0	0.0	8210.0	0.0	0.0	0.0	0.0	A
5069	8210	0	0	0.0	0.0	8210.0	0.0	0.0	0.0	0.0	A
5070	8210	0	0	0.0	0.0	8210.0	0.0	0.0	0.0	0.0	T
5071	8210	0	0	0.0	0.0	8210.0	0.0	0.0	0.0	0.0	T
5072	8210	5	0	0.0006090133982947625	0.0	8210.0	0.0	0.0	0.0	0.0	T
5073	8210	0	0	0.0	0.0	8210.0	1.0	0.0	0.0001218026796589525	0.0	T
5074	8210	0	0	0.0	0.0	8210.0	0.0	0.0	0.0	0.0	T
5075	8210	0	0	0.0	0.0	8210.0	506.0	0.0	0.061632155907429965	0.0	T
5076	8210	0	0	0.0	0.0	8210.0	0.0	0.0	0.0	0.0	C
5077	8210	1	0	0.0001218026796589525	0.0	8210.0	6.0	0.0	0.000730816077953715	0.0	T
5078	8210	1	0	0.0001218026796589525	0.0	8210.0	0.0	0.0	0.0	0.0	G
5079	8210	0	0	0.0	0.0	8210.0	1.0	0.0	0.0001218026796589525	0.0	T
5080	8210	0	0	0.0	0.0	8210.0	0.0	0.0	0.0	0.0	A
5081	8210	0	0	0.0	0.0	8210.0	0.0	0.0	0.0	0.0	T
5082	8210	0	0	0.0	0.0	8210.0	0.0	0.0	0.0	0.0	C
5083	8210	1	0	0.0001218026796589525	0.0	8210.0	0.0	0.0	0.0	0.0	T
5084	8210	1	0	0.0001218026796589525	0.0	8210.0	0.0	0.0	0.0	0.0	A
5085	8210	0	0	0.0	0.0	8210.0	0.0	0.0	0.0	0.0	A
5086	8210	0	0	0.0	0.0	8210.0	0.0	0.0	0.0	0.0	A
5087	8210	0	0	0.0	0.0	8210.0	0.0	0.0	0.0	0.0	A
5088	8210	2	0	0.000243605359317905	0.0	8210.0	0.0	0.0	0.0	0.0	T
5089	8210	0	0	0.0	0.0	8210.0	1.0	0.0	0.0001218026796589525	0.0	C
5090	8210	0	0	0.0	0.0	8210.0	0.0	0.0	0.0	0.0	G
5091	8210	0	0	0.0	0.0	8210.0	0.0	0.0	0.0	0.0	T
5092	8210	0	0	0.0	0.0	8210.0	0.0	0.0	0.0	0.0	C
5093	8210	1	0	0.0001218026796589525	0.0	8210.0	0.0	0.0	0.0	0.0	A
5094	8210	3	0	0.0003654080389768575	0.0	8210.0	0.0	0.0	0.0	0.0	C
5095	8210	0	0	0.0	0.0	8210.0	0.0	0.0	0.0	0.0	T
5096	8210	0	0	0.0	0.0	8210.0	0.0	0.0	0.0	0.0	G
5097	8210	2	0	0.000243605359317905	0.0	8210.0	0.0	0.0	0.0	0.0	A
5098	8210	0	0	0.0	0.0	8210.0	0.0	0.0	0.0	0.0	T
5099	8210	1	0	0.0001218026796589525	0.0	8210.0	338.0	0.0	0.04116930572472594	0.0	T
5100	8210	0	0	0.0	0.0	8210.0	0.0	0.0	0.0	0.0	G
5101	8210	0	0	0.0	0.0	8210.0	0.0	0.0	0.0	0.0	A
5102	8210	0	0	0.0	0.0	8210.0	3.0	0.0	0.0003654080389768575	0.0	A
5103	8210	0	0	0.0	0.0	8210.0	0.0	0.0	0.0	0.0	T
5104	8210	3	0	0.0003654080389768575	0.0	8210.0	0.0	0.0	0.0	0.0	G
5105	8210	0	0	0.0	0.0	8210.0	0.0	0.0	0.0	0.0	A
5106	8210	0	0	0.0	0.0	8210.0	0.0	0.0	0.0	0.0	C
5107	8210	0	0	0.0	0.0	8210.0	0.0	0.0	0.0	0.0	C
5108	8210	139	0	0.016930572472594396	0.0	8210.0	0.0	0.0	0.0	0.0	C
5109	8210	9	0	0.0010962241169305725	0.0	8210.0	0.0	0.0	0.0	0.0	G
5110	8210	143	0	0.017417783191230208	0.0	8210.0	3.0	0.0	0.0003654080389768575	0.0	A
5111	8210	0	0	0.0	0.0	8210.0	0.0	0.0	0.0	0.0	T
5112	8210	0	0	0.0	0.0	8210.0	0.0	0.0	0.0	0.0	C
5113	8210	0	0	0.0	0.0	8210.0	0.0	0.0	0.0	0.0	T
5114	8210	0	0	0.0	0.0	8210.0	0.0	0.0	0.0	0.0	A
5115	8210	0	0	0.0	0.0	8210.0	0.0	0.0	0.0	0.0	A
5116	8210	0	0	0.0	0.0	8210.0	0.0	0.0	0.0	0.0	T
5117	8210	0	0	0.0	0.0	8210.0	0.0	0.0	0.0	0.0	G
5118	8210	0	0	0.0	0.0	8210.0	0.0	0.0	0.0	0.0	A
5119	8210	0	0	0.0	0.0	8210.0	0.0	0.0	0.0	0.0	A
5120	8210	0	0	0.0	0.0	8210.0	0.0	0.0	0.0	0.0	A
5121	8210	0	0	0.0	0.0	8210.0	0.0	0.0	0.0	0.0	A
5122	8210	0	0	0.0	0.0	8210.0	0.0	0.0	0.0	0.0	G
5123	8210	1	0	0.0001218026796589525	0.0	8210.0	2.0	0.0	0.000243605359317905	0.0	T
5124	8210	0	0	0.0	0.0	8210.0	0.0	0.0	0.0	0.0	T
5125	8210	506	0	0.061632155907429965	0.0	8210.0	0.0	0.0	0.0	0.0	A
5126	8210	0	0	0.0	0.0	8210.0	1.0	0.0	0.0001218026796589525	0.0	C
5127	8210	6	0	0.000730816077953715	0.0	8210.0	0.0	0.0	0.0	0.0	G
5128	8210	0	0	0.0	0.0	8210.0	0.0	0.0	0.0	0.0	A
5129	8210	1	0	0.0001218026796589525	0.0	8210.0	0.0	0.0	0.0	0.0	A
5130	8210	0	0	0.0	0.0	8210.0	2.0	0.0	0.000243605359317905	0.0	T
5131	8210	0	0	0.0	0.0	8210.0	0.0	0.0	0.0	0.0	C
5132	8210	0	0	0.0	0.0	8210.0	0.0	0.0	0.0	0.0	A
5133	8210	0	0	0.0	0.0	8210.0	1.0	0.0	0.0001218026796589525	0.0	A
5134	8210	0	0	0.0	0.0	8210.0	0.0	0.0	0.0	0.0	C
5135	8210	0	0	0.0	0.0	8210.0	0.0	0.0	0.0	0.0	T
5136	8210	0	0	0.0	0.0	8210.0	0.0	0.0	0.0	0.0	C
5137	8210	0	0	0.0	0.0	8210.0	105.0	0.0	0.012789281364190013	0.0	A
5138	8210	0	0	0.0	0.0	8210.0	0.0	0.0	0.0	0.0	T
5139	8210	1	0	0.0001218026796589525	0.0	8210.0	0.0	0.0	0.0	0.0	G
5140	8210	0	0	0.0	0.0	8210.0	0.0	0.0	0.0	0.0	A
5141	8210	0	0	0.0	0.0	8210.0	0.0	0.0	0.0	0.0	T
5142	8210	0	0	0.0	0.0	8210.0	0.0	0.0	0.0	0.0	T
5143	8210	0	0	0.0	0.0	8210.0	1.0	0.0	0.0001218026796589525	0.0	T
5144	8210	0	0	0.0	0.0	8210.0	0.0	0.0	0.0	0.0	A
5145	8210	0	0	0.0	0.0	8210.0	1.0	0.0	0.0001218026796589525	0.0	C
5146	8210	0	0	0.0	0.0	8210.0	0.0	0.0	0.0	0.0	A
5147	8210	0	0	0.0	0.0	8210.0	1.0	0.0	0.0001218026796589525	0.0	T
5148	8210	0	0	0.0	0.0	8210.0	0.0	0.0	0.0	0.0	A
5149	8210	338	0	0.04116930572472594	0.0	8210.0	1.0	0.0	0.0001218026796589525	0.0	G
5150	8210	0	0	0.0	0.0	8210.0	0.0	0.0	0.0	0.0	G
5151	8210	0	0	0.0	0.0	8210.0	0.0	0.0	0.0	0.0	A
5152	8210	3	0	0.0003654080389768575	0.0	8210.0	0.0	0.0	0.0	0.0	C
5153	8210	0	0	0.0	0.0	8210.0	0.0	0.0	0.0	0.0	A
5154	8210	0	0	0.0	0.0	8210.0	0.0	0.0	0.0	0.0	G
5155	8210	0	0	0.0	0.0	8210.0	0.0	0.0	0.0	0.0	C
5156	8210	0	0	0.0	0.0	8210.0	0.0	0.0	0.0	0.0	A
5157	8210	0	0	0.0	0.0	8210.0	1.0	0.0	0.0001218026796589525	0.0	T
5158	8210	0	0	0.0	0.0	8210.0	0.0	0.0	0.0	0.0	A
5159	8210	0	0	0.0	0.0	8210.0	1.0	0.0	0.0001218026796589525	0.0	T
5160	8210	3	0	0.0003654080389768575	0.0	8210.0	0.0	0.0	0.0	0.0	C
5161	8210	0	0	0.0	0.0	8210.0	0.0	0.0	0.0	0.0	T
5162	8210	0	0	0.0	0.0	8210.0	6.0	0.0	0.000730816077953715	0.0	T
5163	8210	0	0	0.0	0.0	8210.0	1.0	0.0	0.0001218026796589525	0.0	T
5164	8210	0	0	0.0	0.0	8210.0	1.0	0.0	0.0001218026796589525	0.0	A
5165	8210	0	0	0.0	0.0	8210.0	0.0	0.0	0.0	0.0	G
5166	8210	0	0	0.0	0.0	8210.0	0.0	0.0	0.0	0.0	T
5167	8210	0	0	0.0	0.0	8210.0	0.0	0.0	0.0	0.0	T
5168	8210	0	0	0.0	0.0	8210.0	0.0	0.0	0.0	0.0	A
5169	8210	0	0	0.0	0.0	8210.0	0.0	0.0	0.0	0.0	A
5170	8210	0	0	0.0	0.0	8210.0	0.0	0.0	0.0	0.0	T
5171	8210	0	0	0.0	0.0	8210.0	0.0	0.0	0.0	0.0	T
5172	8210	0	0	0.0	0.0	8210.0	0.0	0.0	0.0	0.0	C
5173	8210	2	0	0.000243605359317905	0.0	8210.0	0.0	0.0	0.0	0.0	T
5174	8210	0	0	0.0	0.0	8210.0	0.0	0.0	0.0	0.0	C
5175	8210	0	0	0.0	0.0	8210.0	0.0	0.0	0.0	0.0	T
5176	8210	1	0	0.0001218026796589525	0.0	8210.0	0.0	0.0	0.0	0.0	C
5177	8210	0	0	0.0	0.0	8210.0	0.0	0.0	0.0	0.0	T
5178	8210	0	0	0.0	0.0	8210.0	0.0	0.0	0.0	0.0	T
5179	8210	0	0	0.0	0.0	8210.0	0.0	0.0	0.0	0.0	T
5180	8210	2	0	0.000243605359317905	0.0	8210.0	0.0	0.0	0.0	0.0	G
5181	8210	0	0	0.0	0.0	8210.0	0.0	0.0	0.0	0.0	T
5182	8210	0	0	0.0	0.0	8210.0	0.0	0.0	0.0	0.0	C
5183	8210	1	0	0.0001218026796589525	0.0	8210.0	1.0	0.0	0.0001218026796589525	0.0	C
5184	8210	0	0	0.0	0.0	8210.0	0.0	0.0	0.0	0.0	A
5185	8210	0	0	0.0	0.0	8210.0	0.0	0.0	0.0	0.0	T
5186	8210	0	0	0.0	0.0	8210.0	740.0	0.0	0.09013398294762484	0.0	T
5187	8210	105	0	0.012789281364190013	0.0	8210.0	0.0	0.0	0.0	0.0	C
5188	8210	0	0	0.0	0.0	8210.0	0.0	0.0	0.0	0.0	T
5189	8210	0	0	0.0	0.0	8210.0	137.0	0.0	0.016686967113276493	0.0	A
5190	8210	0	0	0.0	0.0	8210.0	0.0	0.0	0.0	0.0	A
5191	8210	0	0	0.0	0.0	8210.0	0.0	0.0	0.0	0.0	A
5192	8210	0	0	0.0	0.0	8210.0	1.0	0.0	0.0001218026796589525	0.0	A
5193	8210	1	0	0.0001218026796589525	0.0	8210.0	0.0	0.0	0.0	0.0	G
5194	8210	0	0	0.0	0.0	8210.0	0.0	0.0	0.0	0.0	G
5195	8210	1	0	0.0001218026796589525	0.0	8210.0	1.0	0.0	0.0001218026796589525	0.0	G
5196	8210	0	0	0.0	0.0	8210.0	0.0	0.0	0.0	0.0	T
5197	8210	1	0	0.0001218026796589525	0.0	8210.0	1.0	0.0	0.0001218026796589525	0.0	C
5198	8210	0	0	0.0	0.0	8210.0	0.0	0.0	0.0	0.0	G
5199	8210	1	0	0.0001218026796589525	0.0	8210.0	0.0	0.0	0.0	0.0	T
5200	8210	0	0	0.0	0.0	8210.0	0.0	0.0	0.0	0.0	A
5201	8210	0	0	0.0	0.0	8210.0	0.0	0.0	0.0	0.0	A
5202	8210	0	0	0.0	0.0	8210.0	0.0	0.0	0.0	0.0	T
5203	8210	0	0	0.0	0.0	8210.0	0.0	0.0	0.0	0.0	T
5204	8210	0	0	0.0	0.0	8210.0	0.0	0.0	0.0	0.0	C
5205	8210	0	0	0.0	0.0	8210.0	1.0	0.0	0.0001218026796589525	0.0	C
5206	8210	0	0	0.0	0.0	8210.0	0.0	0.0	0.0	0.0	T
5207	8210	1	0	0.0001218026796589525	0.0	8210.0	133.0	0.0	0.01619975639464068	0.0	T
5208	8210	0	0	0.0	0.0	8210.0	1.0	0.0	0.0001218026796589525	0.0	T
5209	8210	1	0	0.0001218026796589525	0.0	8210.0	7.0	0.0	0.0008526187576126675	0.0	T
5210	8210	0	0	0.0	0.0	8210.0	1.0	0.0	0.0001218026796589525	0.0	C
5211	8210	0	0	0.0	0.0	8210.0	1.0	0.0	0.0001218026796589525	0.0	C
5212	8210	6	0	0.000730816077953715	0.0	8210.0	0.0	0.0	0.0	0.0	T
5213	8210	1	0	0.0001218026796589525	0.0	8210.0	0.0	0.0	0.0	0.0	G
5214	8210	1	0	0.0001218026796589525	0.0	8210.0	0.0	0.0	0.0	0.0	C
5215	8210	0	0	0.0	0.0	8210.0	0.0	0.0	0.0	0.0	A
5216	8210	0	0	0.0	0.0	8210.0	0.0	0.0	0.0	0.0	A
5217	8210	0	0	0.0	0.0	8210.0	0.0	0.0	0.0	0.0	T
5218	8210	0	0	0.0	0.0	8210.0	0.0	0.0	0.0	0.0	C
5219	8210	0	0	0.0	0.0	8210.0	0.0	0.0	0.0	0.0	A
5220	8210	0	0	0.0	0.0	8210.0	0.0	0.0	0.0	0.0	A
5221	8210	0	0	0.0	0.0	8210.0	1.0	0.0	0.0001218026796589525	0.0	C
5222	8210	0	0	0.0	0.0	8210.0	60.0	0.0	0.007308160779537149	0.0	T
5223	8210	0	0	0.0	0.0	8210.0	0.0	0.0	0.0	0.0	C
5224	8210	0	0	0.0	0.0	8210.0	0.0	0.0	0.0	0.0	T
5225	8210	0	0	0.0	0.0	8210.0	2.0	0.0	0.000243605359317905	0.0	T
5226	8210	0	0	0.0	0.0	8210.0	0.0	0.0	0.0	0.0	C
5227	8210	0	0	0.0	0.0	8210.0	0.0	0.0	0.0	0.0	T
5228	8210	0	0	0.0	0.0	8210.0	3.0	0.0	0.0003654080389768575	0.0	A
5229	8210	0	0	0.0	0.0	8210.0	1.0	0.0	0.0001218026796589525	0.0	A
5230	8210	0	0	0.0	0.0	8210.0	0.0	0.0	0.0	0.0	A
5231	8210	0	0	0.0	0.0	8210.0	3.0	0.0	0.0003654080389768575	0.0	G
5232	8210	0	0	0.0	0.0	8210.0	0.0	0.0	0.0	0.0	A
5233	8210	1	0	0.0001218026796589525	0.0	8210.0	0.0	0.0	0.0	0.0	G
5234	8210	0	0	0.0	0.0	8210.0	0.0	0.0	0.0	0.0	A
5235	8210	0	0	0.0	0.0	8210.0	0.0	0.0	0.0	0.0	T
5236	8210	740	0	0.09013398294762484	0.0	8210.0	0.0	0.0	0.0	0.0	A
5237	8210	0	0	0.0	0.0	8210.0	0.0	0.0	0.0	0.0	T
5238	8210	0	0	0.0	0.0	8210.0	0.0	0.0	0.0	0.0	A
5239	8210	137	0	0.016686967113276493	0.0	8210.0	1.0	0.0	0.0001218026796589525	0.0	C
5240	8210	0	0	0.0	0.0	8210.0	0.0	0.0	0.0	0.0	G
5241	8210	0	0	0.0	0.0	8210.0	731.0	0.0	0.08903775883069427	0.0	G
5242	8210	1	0	0.0001218026796589525	0.0	8210.0	0.0	0.0	0.0	0.0	G
5243	8210	0	0	0.0	0.0	8210.0	0.0	0.0	0.0	0.0	A
5244	8210	0	0	0.0	0.0	8210.0	0.0	0.0	0.0	0.0	G
5245	8210	1	0	0.0001218026796589525	0.0	8210.0	0.0	0.0	0.0	0.0	G
5246	8210	0	0	0.0	0.0	8210.0	0.0	0.0	0.0	0.0	T
5247	8210	1	0	0.0001218026796589525	0.0	8210.0	1.0	0.0	0.0001218026796589525	0.0	C
5248	8210	0	0	0.0	0.0	8210.0	165.0	0.0	0.020097442143727162	0.0	A
5249	8210	0	0	0.0	0.0	8210.0	4660.0	0.0	0.5676004872107187	0.0	T
5250	8210	0	0	0.0	0.0	8210.0	0.0	0.0	0.0	0.0	T
5251	8210	0	0	0.0	0.0	8210.0	0.0	0.0	0.0	0.0	T
5252	8210	0	0	0.0	0.0	8210.0	0.0	0.0	0.0	0.0	G
5253	8210	0	0	0.0	0.0	8210.0	0.0	0.0	0.0	0.0	A
5254	8210	0	0	0.0	0.0	8210.0	0.0	0.0	0.0	0.0	A
5255	8210	1	0	0.0001218026796589525	0.0	8210.0	0.0	0.0	0.0	0.0	G
5256	8210	0	0	0.0	0.0	8210.0	0.0	0.0	0.0	0.0	A
5257	8210	133	0	0.01619975639464068	0.0	8210.0	1.0	0.0	0.0001218026796589525	0.0	C
5258	8210	1	0	0.0001218026796589525	0.0	8210.0	0.0	0.0	0.0	0.0	G
5259	8210	7	0	0.0008526187576126675	0.0	8210.0	0.0	0.0	0.0	0.0	G
5260	8210	1	0	0.0001218026796589525	0.0	8210.0	0.0	0.0	0.0	0.0	G
5261	8210	1	0	0.0001218026796589525	0.0	8210.0	266.0	0.0	0.03239951278928136	0.0	T
5262	8210	0	0	0.0	0.0	8210.0	0.0	0.0	0.0	0.0	T
5263	8210	0	0	0.0	0.0	8210.0	0.0	0.0	0.0	0.0	G
5264	8210	0	0	0.0	0.0	8210.0	0.0	0.0	0.0	0.0	T
5265	8210	0	0	0.0	0.0	8210.0	0.0	0.0	0.0	0.0	T
5266	8210	0	0	0.0	0.0	8210.0	0.0	0.0	0.0	0.0	T
5267	8210	0	0	0.0	0.0	8210.0	1741.0	0.0	0.2120584652862363	0.0	G
5268	8210	0	0	0.0	0.0	8210.0	0.0	0.0	0.0	0.0	T
5269	8210	0	0	0.0	0.0	8210.0	0.0	0.0	0.0	0.0	A
5270	8210	0	0	0.0	0.0	8210.0	0.0	0.0	0.0	0.0	C
5271	8210	1	0	0.0001218026796589525	0.0	8210.0	0.0	0.0	0.0	0.0	C
5272	8210	60	0	0.007308160779537149	0.0	8210.0	0.0	0.0	0.0	0.0	G
5273	8210	0	0	0.0	0.0	8210.0	0.0	0.0	0.0	0.0	A
5274	8210	0	0	0.0	0.0	8210.0	0.0	0.0	0.0	0.0	T
5275	8210	2	0	0.000243605359317905	0.0	8210.0	0.0	0.0	0.0	0.0	G
5276	8210	0	0	0.0	0.0	8210.0	0.0	0.0	0.0	0.0	A
5277	8210	0	0	0.0	0.0	8210.0	0.0	0.0	0.0	0.0	T
5278	8210	3	0	0.0003654080389768575	0.0	8210.0	0.0	0.0	0.0	0.0	G
5279	8210	1	0	0.0001218026796589525	0.0	8210.0	0.0	0.0	0.0	0.0	C
5280	8210	0	0	0.0	0.0	8210.0	0.0	0.0	0.0	0.0	C
5281	8210	3	0	0.0003654080389768575	0.0	8210.0	0.0	0.0	0.0	0.0	G
5282	8210	0	0	0.0	0.0	8210.0	0.0	0.0	0.0	0.0	A
5283	8210	0	0	0.0	0.0	8210.0	0.0	0.0	0.0	0.0	C
5284	8210	0	0	0.0	0.0	8210.0	0.0	0.0	0.0	0.0	A
5285	8210	0	0	0.0	0.0	8210.0	0.0	0.0	0.0	0.0	A
5286	8210	0	0	0.0	0.0	8210.0	0.0	0.0	0.0	0.0	T
5287	8210	0	0	0.0	0.0	8210.0	0.0	0.0	0.0	0.0	C
5288	8210	0	0	0.0	0.0	8210.0	0.0	0.0	0.0	0.0	T
5289	8210	1	0	0.0001218026796589525	0.0	8210.0	0.0	0.0	0.0	0.0	C
5290	8210	0	0	0.0	0.0	8210.0	0.0	0.0	0.0	0.0	A
5291	8210	731	0	0.08903775883069427	0.0	8210.0	518.0	0.0	0.06309378806333739	0.0	T
5292	8210	0	0	0.0	0.0	8210.0	1.0	0.0	0.0001218026796589525	0.0	A
5293	8210	0	0	0.0	0.0	8210.0	0.0	0.0	0.0	0.0	T
5294	8210	0	0	0.0	0.0	8210.0	7918.0	0.0	0.9644336175395859	0.0	T
5295	8210	0	0	0.0	0.0	8210.0	0.0	0.0	0.0	0.0	C
5296	8210	0	0	0.0	0.0	8210.0	0.0	0.0	0.0	0.0	T
5297	8210	1	0	0.0001218026796589525	0.0	8210.0	1.0	0.0	0.0001218026796589525	0.0	G
5298	8210	165	0	0.020097442143727162	0.0	8210.0	0.0	0.0	0.0	0.0	G
5299	8210	4660	0	0.5676004872107187	0.0	8210.0	0.0	0.0	0.0	0.0	A
5300	8210	0	0	0.0	0.0	8210.0	0.0	0.0	0.0	0.0	A
5301	8210	0	0	0.0	0.0	8210.0	0.0	0.0	0.0	0.0	A
5302	8210	0	0	0.0	0.0	8210.0	0.0	0.0	0.0	0.0	A
5303	8210	0	0	0.0	0.0	8210.0	0.0	0.0	0.0	0.0	C
5304	8210	0	0	0.0	0.0	8210.0	0.0	0.0	0.0	0.0	T
5305	8210	0	0	0.0	0.0	8210.0	0.0	0.0	0.0	0.0	T
5306	8210	0	0	0.0	0.0	8210.0	1.0	0.0	0.0001218026796589525	0.0	T
5307	8210	1	0	0.0001218026796589525	0.0	8210.0	0.0	0.0	0.0	0.0	C
5308	8210	0	0	0.0	0.0	8210.0	0.0	0.0	0.0	0.0	T
5309	8210	0	0	0.0	0.0	8210.0	0.0	0.0	0.0	0.0	T
5310	8210	0	0	0.0	0.0	8210.0	0.0	0.0	0.0	0.0	T
5311	8210	266	0	0.03239951278928136	0.0	8210.0	0.0	0.0	0.0	0.0	G
5312	8210	0	0	0.0	0.0	8210.0	0.0	0.0	0.0	0.0	A
5313	8210	0	0	0.0	0.0	8210.0	0.0	0.0	0.0	0.0	T
5314	8210	0	0	0.0	0.0	8210.0	1.0	0.0	0.0001218026796589525	0.0	C
5315	8210	0	0	0.0	0.0	8210.0	0.0	0.0	0.0	0.0	G
5316	8210	0	0	0.0	0.0	8210.0	0.0	0.0	0.0	0.0	A
5317	8210	1741	0	0.2120584652862363	0.0	8210.0	1.0	0.0	0.0001218026796589525	0.0	C
5318	8210	0	0	0.0	0.0	8210.0	0.0	0.0	0.0	0.0	T
5319	8210	0	0	0.0	0.0	8210.0	0.0	0.0	0.0	0.0	C
5320	8210	0	0	0.0	0.0	8210.0	0.0	0.0	0.0	0.0	T
5321	8210	0	0	0.0	0.0	8210.0	1944.0	0.0	0.23678440925700364	0.0	G
5322	8210	0	0	0.0	0.0	8210.0	0.0	0.0	0.0	0.0	C
5323	8210	0	0	0.0	0.0	8210.0	0.0	0.0	0.0	0.0	A
5324	8210	0	0	0.0	0.0	8210.0	0.0	0.0	0.0	0.0	T
5325	8210	0	0	0.0	0.0	8210.0	0.0	0.0	0.0	0.0	T
5326	8210	0	0	0.0	0.0	8210.0	0.0	0.0	0.0	0.0	A
5327	8210	0	0	0.0	0.0	8210.0	48.0	0.0	0.00584652862362972	0.0	C
5328	8210	0	0	0.0	0.0	8210.0	0.0	0.0	0.0	0.0	G
5329	8210	0	0	0.0	0.0	8210.0	1.0	0.0	0.0001218026796589525	0.0	T
5330	8210	0	0	0.0	0.0	8210.0	0.0	0.0	0.0	0.0	A
5331	8210	0	0	0.0	0.0	8210.0	0.0	0.0	0.0	0.0	A
5332	8210	0	0	0.0	0.0	8210.0	0.0	0.0	0.0	0.0	T
5333	8210	0	0	0.0	0.0	8210.0	0.0	0.0	0.0	0.0	T
5334	8210	0	0	0.0	0.0	8210.0	0.0	0.0	0.0	0.0	G
5335	8210	0	0	0.0	0.0	8210.0	0.0	0.0	0.0	0.0	A
5336	8210	0	0	0.0	0.0	8210.0	0.0	0.0	0.0	0.0	T
5337	8210	0	0	0.0	0.0	8210.0	390.0	0.0	0.047503045066991476	0.0	T
5338	8210	0	0	0.0	0.0	8210.0	0.0	0.0	0.0	0.0	A
5339	8210	0	0	0.0	0.0	8210.0	0.0	0.0	0.0	0.0	T
5340	8210	0	0	0.0	0.0	8210.0	0.0	0.0	0.0	0.0	A
5341	8210	518	0	0.06309378806333739	0.0	8210.0	0.0	0.0	0.0	0.0	T
5342	8210	1	0	0.0001218026796589525	0.0	8210.0	0.0	0.0	0.0	0.0	T
5343	8210	0	0	0.0	0.0	8210.0	0.0	0.0	0.0	0.0	C
5344	8210	7918	0	0.9644336175395859	0.0	8210.0	1.0	0.0	0.0001218026796589525	0.0	G
5345	8210	0	0	0.0	0.0	8210.0	0.0	0.0	0.0	0.0	C
5346	8210	0	0	0.0	0.0	8210.0	0.0	0.0	0.0	0.0	A
5347	8210	1	0	0.0001218026796589525	0.0	8210.0	15.0	0.0	0.0018270401948842874	0.0	A
5348	8210	0	0	0.0	0.0	8210.0	0.0	0.0	0.0	0.0	G
5349	8210	0	0	0.0	0.0	8210.0	1.0	0.0	0.0001218026796589525	0.0	G
5350	8210	0	0	0.0	0.0	8210.0	0.0	0.0	0.0	0.0	A
5351	8210	0	0	0.0	0.0	8210.0	0.0	0.0	0.0	0.0	A
5352	8210	0	0	0.0	0.0	8210.0	0.0	0.0	0.0	0.0	T
5353	8210	0	0	0.0	0.0	8210.0	0.0	0.0	0.0	0.0	A
5354	8210	0	0	0.0	0.0	8210.0	0.0	0.0	0.0	0.0	A
5355	8210	0	0	0.0	0.0	8210.0	0.0	0.0	0.0	0.0	T
5356	8210	1	0	0.0001218026796589525	0.0	8210.0	0.0	0.0	0.0	0.0	C
5357	8210	0	0	0.0	0.0	8210.0	0.0	0.0	0.0	0.0	T
5358	8210	0	0	0.0	0.0	8210.0	0.0	0.0	0.0	0.0	T
5359	8210	0	0	0.0	0.0	8210.0	0.0	0.0	0.0	0.0	T
5360	8210	0	0	0.0	0.0	8210.0	1.0	0.0	0.0001218026796589525	0.0	A
5361	8210	0	0	0.0	0.0	8210.0	1.0	0.0	0.0001218026796589525	0.0	A
5362	8210	0	0	0.0	0.0	8210.0	0.0	0.0	0.0	0.0	T
5363	8210	0	0	0.0	0.0	8210.0	0.0	0.0	0.0	0.0	T
5364	8210	1	0	0.0001218026796589525	0.0	8210.0	0.0	0.0	0.0	0.0	G
5365	8210	0	0	0.0	0.0	8210.0	0.0	0.0	0.0	0.0	T
5366	8210	0	0	0.0	0.0	8210.0	3321.0	0.0	0.40450669914738124	0.0	G
5367	8210	1	0	0.0001218026796589525	0.0	8210.0	2.0	0.0	0.000243605359317905	0.0	C
5368	8210	0	0	0.0	0.0	8210.0	0.0	0.0	0.0	0.0	T
5369	8210	0	0	0.0	0.0	8210.0	0.0	0.0	0.0	0.0	T
5370	8210	0	0	0.0	0.0	8210.0	0.0	0.0	0.0	0.0	C
5371	8210	1944	0	0.23678440925700364	0.0	8210.0	0.0	0.0	0.0	0.0	C
5372	8210	0	0	0.0	0.0	8210.0	0.0	0.0	0.0	0.0	G
5373	8210	0	0	0.0	0.0	8210.0	5.0	0.0	0.0006090133982947625	0.0	C
5374	8210	0	0	0.0	0.0	8210.0	0.0	0.0	0.0	0.0	A
5375	8210	0	0	0.0	0.0	8210.0	0.0	0.0	0.0	0.0	G
5376	8210	0	0	0.0	0.0	8210.0	0.0	0.0	0.0	0.0	G
5377	8210	48	0	0.00584652862362972	0.0	8210.0	0.0	0.0	0.0	0.0	T
5378	8210	0	0	0.0	0.0	8210.0	0.0	0.0	0.0	0.0	A
5379	8210	1	0	0.0001218026796589525	0.0	8210.0	0.0	0.0	0.0	0.0	A
5380	8210	0	0	0.0	0.0	8210.0	0.0	0.0	0.0	0.0	A
5381	8210	0	0	0.0	0.0	8210.0	0.0	0.0	0.0	0.0	C
5382	8210	0	0	0.0	0.0	8210.0	0.0	0.0	0.0	0.0	T
5383	8210	0	0	0.0	0.0	8210.0	0.0	0.0	0.0	0.0	T
5384	8210	0	0	0.0	0.0	8210.0	3.0	0.0	0.0003654080389768575	0.0	T
5385	8210	0	0	0.0	0.0	8210.0	0.0	0.0	0.0	0.0	T
5386	8210	0	0	0.0	0.0	8210.0	0.0	0.0	0.0	0.0	T
5387	8210	390	0	0.047503045066991476	0.0	8210.0	0.0	0.0	0.0	0.0	T
5388	8210	0	0	0.0	0.0	8210.0	0.0	0.0	0.0	0.0	C
5389	8210	0	0	0.0	0.0	8210.0	0.0	0.0	0.0	0.0	A
5390	8210	0	0	0.0	0.0	8210.0	0.0	0.0	0.0	0.0	A
5391	8210	0	0	0.0	0.0	8210.0	0.0	0.0	0.0	0.0	G
5392	8210	0	0	0.0	0.0	8210.0	0.0	0.0	0.0	0.0	T
5393	8210	0	0	0.0	0.0	8210.0	0.0	0.0	0.0	0.0	A
5394	8210	1	0	0.0001218026796589525	0.0	8210.0	0.0	0.0	0.0	0.0	A
5395	8210	0	0	0.0	0.0	8210.0	0.0	0.0	0.0	0.0	A
5396	8210	0	0	0.0	0.0	8210.0	27.0	0.0	0.0032886723507917176	0.0	T
5397	8210	15	0	0.0018270401948842874	0.0	8210.0	1.0	0.0	0.0001218026796589525	0.0	C
5398	8210	0	0	0.0	0.0	8210.0	0.0	0.0	0.0	0.0	T
5399	8210	1	0	0.0001218026796589525	0.0	8210.0	2.0	0.0	0.000243605359317905	0.0	C
5400	8210	0	0	0.0	0.0	8210.0	0.0	0.0	0.0	0.0	T
5401	8210	0	0	0.0	0.0	8210.0	0.0	0.0	0.0	0.0	A
5402	8210	0	0	0.0	0.0	8210.0	0.0	0.0	0.0	0.0	A
5403	8210	0	0	0.0	0.0	8210.0	0.0	0.0	0.0	0.0	T
5404	8210	0	0	0.0	0.0	8210.0	0.0	0.0	0.0	0.0	T
5405	8210	0	0	0.0	0.0	8210.0	2.0	0.0	0.000243605359317905	0.0	T
5406	8210	0	0	0.0	0.0	8210.0	2.0	0.0	0.000243605359317905	0.0	T
5407	8210	0	0	0.0	0.0	8210.0	0.0	0.0	0.0	0.0	A
5408	8210	0	0	0.0	0.0	8210.0	0.0	0.0	0.0	0.0	A
5409	8210	0	0	0.0	0.0	8210.0	0.0	0.0	0.0	0.0	C
5410	8210	1	0	0.0001218026796589525	0.0	8210.0	0.0	0.0	0.0	0.0	G
5411	8210	1	0	0.0001218026796589525	0.0	8210.0	10.0	0.0	0.001218026796589525	0.0	G
5412	8210	0	0	0.0	0.0	8210.0	0.0	0.0	0.0	0.0	C
5413	8210	0	0	0.0	0.0	8210.0	0.0	0.0	0.0	0.0	T
5414	8210	0	0	0.0	0.0	8210.0	0.0	0.0	0.0	0.0	G
5415	8210	0	0	0.0	0.0	8210.0	0.0	0.0	0.0	0.0	T
5416	8210	3321	0	0.40450669914738124	0.0	8210.0	0.0	0.0	0.0	0.0	G
5417	8210	2	0	0.000243605359317905	0.0	8210.0	0.0	0.0	0.0	0.0	C
5418	8210	0	0	0.0	0.0	8210.0	1.0	0.0	0.0001218026796589525	0.0	C
5419	8210	0	0	0.0	0.0	8210.0	0.0	0.0	0.0	0.0	A
5420	8210	0	0	0.0	0.0	8210.0	1.0	0.0	0.0001218026796589525	0.0	A
5421	8210	0	0	0.0	0.0	8210.0	0.0	0.0	0.0	0.0	T
5422	8210	0	0	0.0	0.0	8210.0	0.0	0.0	0.0	0.0	T
5423	8210	5	0	0.0006090133982947625	0.0	8210.0	0.0	0.0	0.0	0.0	C
5424	8210	0	0	0.0	0.0	8210.0	0.0	0.0	0.0	0.0	C
5425	8210	0	0	0.0	0.0	8210.0	0.0	0.0	0.0	0.0	G
5426	8210	0	0	0.0	0.0	8210.0	28.0	0.0	0.00341047503045067	0.0	G
5427	8210	0	0	0.0	0.0	8210.0	0.0	0.0	0.0	0.0	T
5428	8210	0	0	0.0	0.0	8210.0	0.0	0.0	0.0	0.0	A
5429	8210	0	0	0.0	0.0	8210.0	0.0	0.0	0.0	0.0	C
5430	8210	0	0	0.0	0.0	8210.0	0.0	0.0	0.0	0.0	T
5431	8210	0	0	0.0	0.0	8210.0	23.0	0.0	0.0028014616321559074	0.0	A
5432	8210	0	0	0.0	0.0	8210.0	0.0	0.0	0.0	0.0	C
5433	8210	0	0	0.0	0.0	8210.0	0.0	0.0	0.0	0.0	A
5434	8210	3	0	0.0003654080389768575	0.0	8210.0	0.0	0.0	0.0	0.0	C
5435	8210	0	0	0.0	0.0	8210.0	1.0	0.0	0.0001218026796589525	0.0	G
5436	8210	0	0	0.0	0.0	8210.0	0.0	0.0	0.0	0.0	T
5437	8210	0	0	0.0	0.0	8210.0	0.0	0.0	0.0	0.0	T
5438	8210	0	0	0.0	0.0	8210.0	0.0	0.0	0.0	0.0	G
5439	8210	0	0	0.0	0.0	8210.0	1.0	0.0	0.0001218026796589525	0.0	T
5440	8210	0	0	0.0	0.0	8210.0	0.0	0.0	0.0	0.0	T
5441	8210	0	0	0.0	0.0	8210.0	1.0	0.0	0.0001218026796589525	0.0	A
5442	8210	0	0	0.0	0.0	8210.0	0.0	0.0	0.0	0.0	A
5443	8210	0	0	0.0	0.0	8210.0	0.0	0.0	0.0	0.0	A
5444	8210	0	0	0.0	0.0	8210.0	0.0	0.0	0.0	0.0	A
5445	8210	0	0	0.0	0.0	8210.0	0.0	0.0	0.0	0.0	T
5446	8210	27	0	0.0032886723507917176	0.0	8210.0	0.0	0.0	0.0	0.0	G
5447	8210	1	0	0.0001218026796589525	0.0	8210.0	0.0	0.0	0.0	0.0	A
5448	8210	0	0	0.0	0.0	8210.0	0.0	0.0	0.0	0.0	C
5449	8210	2	0	0.000243605359317905	0.0	8210.0	0.0	0.0	0.0	0.0	A
5450	8210	0	0	0.0	0.0	8210.0	7583.0	0.0	0.9236297198538368	0.0	C
5451	8210	0	0	0.0	0.0	8210.0	236.0	0.0	0.02874543239951279	0.0	G
5452	8210	0	0	0.0	0.0	8210.0	0.0	0.0	0.0	0.0	T
5453	8210	0	0	0.0	0.0	8210.0	0.0	0.0	0.0	0.0	T
5454	8210	0	0	0.0	0.0	8210.0	0.0	0.0	0.0	0.0	C
5455	8210	2	0	0.000243605359317905	0.0	8210.0	0.0	0.0	0.0	0.0	C
5456	8210	2	0	0.000243605359317905	0.0	8210.0	1.0	0.0	0.0001218026796589525	0.0	G
5457	8210	0	0	0.0	0.0	8210.0	5.0	0.0	0.0006090133982947625	0.0	T
5458	8210	0	0	0.0	0.0	8210.0	0.0	0.0	0.0	0.0	T
5459	8210	0	0	0.0	0.0	8210.0	0.0	0.0	0.0	0.0	T
5460	8210	0	0	0.0	0.0	8210.0	0.0	0.0	0.0	0.0	T
5461	8210	10	0	0.001218026796589525	0.0	8210.0	0.0	0.0	0.0	0.0	A
5462	8210	0	0	0.0	0.0	8210.0	0.0	0.0	0.0	0.0	T
5463	8210	0	0	0.0	0.0	8210.0	0.0	0.0	0.0	0.0	T
5464	8210	0	0	0.0	0.0	8210.0	1.0	0.0	0.0001218026796589525	0.0	T
5465	8210	0	0	0.0	0.0	8210.0	0.0	0.0	0.0	0.0	T
5466	8210	0	0	0.0	0.0	8210.0	0.0	0.0	0.0	0.0	C
5467	8210	0	0	0.0	0.0	8210.0	0.0	0.0	0.0	0.0	A
5468	8210	1	0	0.0001218026796589525	0.0	8210.0	1.0	0.0	0.0001218026796589525	0.0	G
5469	8210	0	0	0.0	0.0	8210.0	0.0	0.0	0.0	0.0	G
5470	8210	1	0	0.0001218026796589525	0.0	8210.0	0.0	0.0	0.0	0.0	T
5471	8210	0	0	0.0	0.0	8210.0	0.0	0.0	0.0	0.0	A
5472	8210	0	0	0.0	0.0	8210.0	0.0	0.0	0.0	0.0	A
5473	8210	0	0	0.0	0.0	8210.0	0.0	0.0	0.0	0.0	T
5474	8210	0	0	0.0	0.0	8210.0	0.0	0.0	0.0	0.0	A
5475	8210	0	0	0.0	0.0	8210.0	0.0	0.0	0.0	0.0	T
5476	8210	28	0	0.00341047503045067	0.0	8210.0	0.0	0.0	0.0	0.0	G
5477	8210	0	0	0.0	0.0	8210.0	1.0	0.0	0.0001218026796589525	0.0	A
5478	8210	0	0	0.0	0.0	8210.0	0.0	0.0	0.0	0.0	T
5479	8210	0	0	0.0	0.0	8210.0	0.0	0.0	0.0	0.0	T
5480	8210	0	0	0.0	0.0	8210.0	0.0	0.0	0.0	0.0	T
5481	8210	23	0	0.0028014616321559074	0.0	8210.0	2.0	0.0	0.000243605359317905	0.0	C
5482	8210	0	0	0.0	0.0	8210.0	0.0	0.0	0.0	0.0	C
5483	8210	0	0	0.0	0.0	8210.0	0.0	0.0	0.0	0.0	C
5484	8210	0	0	0.0	0.0	8210.0	0.0	0.0	0.0	0.0	A
5485	8210	1	0	0.0001218026796589525	0.0	8210.0	0.0	0.0	0.0	0.0	T
5486	8210	0	0	0.0	0.0	8210.0	0.0	0.0	0.0	0.0	T
5487	8210	0	0	0.0	0.0	8210.0	0.0	0.0	0.0	0.0	C
5488	8210	0	0	0.0	0.0	8210.0	0.0	0.0	0.0	0.0	A
5489	8210	1	0	0.0001218026796589525	0.0	8210.0	0.0	0.0	0.0	0.0	T
5490	8210	0	0	0.0	0.0	8210.0	0.0	0.0	0.0	0.0	T
5491	8210	1	0	0.0001218026796589525	0.0	8210.0	2.0	0.0	0.000243605359317905	0.0	T
5492	8210	0	0	0.0	0.0	8210.0	0.0	0.0	0.0	0.0	G
5493	8210	0	0	0.0	0.0	8210.0	0.0	0.0	0.0	0.0	G
5494	8210	0	0	0.0	0.0	8210.0	0.0	0.0	0.0	0.0	A
5495	8210	0	0	0.0	0.0	8210.0	0.0	0.0	0.0	0.0	T
5496	8210	0	0	0.0	0.0	8210.0	0.0	0.0	0.0	0.0	G
5497	8210	0	0	0.0	0.0	8210.0	0.0	0.0	0.0	0.0	A
5498	8210	0	0	0.0	0.0	8210.0	0.0	0.0	0.0	0.0	A
5499	8210	0	0	0.0	0.0	8210.0	0.0	0.0	0.0	0.0	C
5500	8210	7583	0	0.9236297198538368	0.0	8210.0	0.0	0.0	0.0	0.0	T
5501	8210	236	0	0.02874543239951279	0.0	8210.0	0.0	0.0	0.0	0.0	G
5502	8210	0	0	0.0	0.0	8210.0	0.0	0.0	0.0	0.0	T
5503	8210	0	0	0.0	0.0	8210.0	1.0	0.0	0.0001218026796589525	0.0	T
5504	8210	0	0	0.0	0.0	8210.0	5.0	0.0	0.0006090133982947625	0.0	A
5505	8210	0	0	0.0	0.0	8210.0	0.0	0.0	0.0	0.0	A
5506	8210	1	0	0.0001218026796589525	0.0	8210.0	0.0	0.0	0.0	0.0	C
5507	8210	5	0	0.0006090133982947625	0.0	8210.0	0.0	0.0	0.0	0.0	G
5508	8210	0	0	0.0	0.0	8210.0	0.0	0.0	0.0	0.0	C
5509	8210	0	0	0.0	0.0	8210.0	0.0	0.0	0.0	0.0	T
5510	8210	0	0	0.0	0.0	8210.0	0.0	0.0	0.0	0.0	T
5511	8210	0	0	0.0	0.0	8210.0	0.0	0.0	0.0	0.0	T
5512	8210	0	0	0.0	0.0	8210.0	0.0	0.0	0.0	0.0	T
5513	8210	0	0	0.0	0.0	8210.0	557.0	0.0	0.06784409257003654	0.0	T
5514	8210	1	0	0.0001218026796589525	0.0	8210.0	0.0	0.0	0.0	0.0	G
5515	8210	0	0	0.0	0.0	8210.0	1.0	0.0	0.0001218026796589525	0.0	G
5516	8210	0	0	0.0	0.0	8210.0	0.0	0.0	0.0	0.0	G
5517	8210	0	0	0.0	0.0	8210.0	0.0	0.0	0.0	0.0	G
5518	8210	1	0	0.0001218026796589525	0.0	8210.0	0.0	0.0	0.0	0.0	C
5519	8210	0	0	0.0	0.0	8210.0	7641.0	1.0	0.930694275274056	0.0001218026796589525	A
5520	8210	0	0	0.0	0.0	8210.0	0.0	0.0	0.0	0.0	A
5521	8210	0	0	0.0	0.0	8210.0	0.0	0.0	0.0	0.0	T
5522	8210	0	0	0.0	0.0	8210.0	33.0	0.0	0.004019488428745432	0.0	T
5523	8210	0	0	0.0	0.0	8210.0	0.0	0.0	0.0	0.0	C
5524	8210	0	0	0.0	0.0	8210.0	0.0	0.0	0.0	0.0	T
5525	8210	0	0	0.0	0.0	8210.0	0.0	0.0	0.0	0.0	T
5526	8210	0	0	0.0	0.0	8210.0	0.0	0.0	0.0	0.0	C
5527	8210	1	0	0.0001218026796589525	0.0	8210.0	0.0	0.0	0.0	0.0	A
5528	8210	0	0	0.0	0.0	8210.0	0.0	0.0	0.0	0.0	A
5529	8210	0	0	0.0	0.0	8210.0	0.0	0.0	0.0	0.0	A
5530	8210	0	0	0.0	0.0	8210.0	0.0	0.0	0.0	0.0	A
5531	8210	2	0	0.000243605359317905	0.0	8210.0	125.0	0.0	0.015225334957369063	0.0	G
5532	8210	0	0	0.0	0.0	8210.0	0.0	0.0	0.0	0.0	A
5533	8210	0	0	0.0	0.0	8210.0	0.0	0.0	0.0	0.0	A
5534	8210	0	0	0.0	0.0	8210.0	0.0	0.0	0.0	0.0	A
5535	8210	0	0	0.0	0.0	8210.0	0.0	0.0	0.0	0.0	C
5536	8210	0	0	0.0	0.0	8210.0	0.0	0.0	0.0	0.0	T
5537	8210	0	0	0.0	0.0	8210.0	0.0	0.0	0.0	0.0	T
5538	8210	0	0	0.0	0.0	8210.0	0.0	0.0	0.0	0.0	C
5539	8210	0	0	0.0	0.0	8210.0	0.0	0.0	0.0	0.0	G
5540	8210	0	0	0.0	0.0	8210.0	0.0	0.0	0.0	0.0	T
5541	8210	2	0	0.000243605359317905	0.0	8210.0	0.0	0.0	0.0	0.0	C
5542	8210	0	0	0.0	0.0	8210.0	0.0	0.0	0.0	0.0	T
5543	8210	0	0	0.0	0.0	8210.0	0.0	0.0	0.0	0.0	T
5544	8210	0	0	0.0	0.0	8210.0	0.0	0.0	0.0	0.0	T
5545	8210	0	0	0.0	0.0	8210.0	0.0	0.0	0.0	0.0	A
5546	8210	0	0	0.0	0.0	8210.0	0.0	1.0	0.0	0.0001218026796589525	A
5547	8210	0	0	0.0	0.0	8210.0	4.0	0.0	0.00048721071863581	0.0	T
5548	8210	0	0	0.0	0.0	8210.0	0.0	0.0	0.0	0.0	G
5549	8210	0	0	0.0	0.0	8210.0	0.0	0.0	0.0	0.0	G
5550	8210	0	0	0.0	0.0	8210.0	0.0	0.0	0.0	0.0	C
5551	8210	0	0	0.0	0.0	8210.0	0.0	0.0	0.0	0.0	T
5552	8210	0	0	0.0	0.0	8210.0	666.0	0.0	0.08112058465286236	0.0	T
5553	8210	1	0	0.0001218026796589525	0.0	8210.0	0.0	0.0	0.0	0.0	C
5554	8210	5	0	0.0006090133982947625	0.0	8210.0	2.0	0.0	0.000243605359317905	0.0	T
5555	8210	0	0	0.0	0.0	8210.0	1.0	0.0	0.0001218026796589525	0.0	C
5556	8210	0	0	0.0	0.0	8210.0	2.0	0.0	0.000243605359317905	0.0	C
5557	8210	0	0	0.0	0.0	8210.0	0.0	212.0	0.0	0.02582216808769793	T
5558	8210	0	0	0.0	0.0	8210.0	0.0	212.0	0.0	0.02582216808769793	A
5559	8210	0	0	0.0	0.0	8210.0	0.0	212.0	0.0	0.02582216808769793	T
5560	8210	0	0	0.0	0.0	8210.0	0.0	0.0	0.0	0.0	A
5561	8210	0	0	0.0	0.0	8210.0	0.0	0.0	0.0	0.0	G
5562	8210	0	0	0.0	0.0	8210.0	0.0	0.0	0.0	0.0	A
5563	8210	557	0	0.06784409257003654	0.0	8210.0	0.0	0.0	0.0	0.0	C
5564	8210	0	0	0.0	0.0	8210.0	0.0	0.0	0.0	0.0	A
5565	8210	1	0	0.0001218026796589525	0.0	8210.0	6.0	229.0	0.000730816077953715	0.027892813641900122	G
5566	8210	0	0	0.0	0.0	8210.0	0.0	234.0	0.0	0.028501827040194883	A
5567	8210	0	0	0.0	0.0	8210.0	0.0	235.0	0.0	0.028623629719853837	G
5568	8210	0	0	0.0	0.0	8210.0	661.0	6.0	0.08051157125456761	0.000730816077953715	C
5569	8210	7641	1	0.930694275274056	0.0001218026796589525	8210.0	8.0	1.0	0.00097442143727162	0.0001218026796589525	T
5570	8210	0	0	0.0	0.0	8210.0	9.0	0.0	0.0010962241169305725	0.0	A
5571	8210	0	0	0.0	0.0	8210.0	0.0	0.0	0.0	0.0	A
5572	8210	33	0	0.004019488428745432	0.0	8210.0	0.0	0.0	0.0	0.0	G
5573	8210	0	0	0.0	0.0	8210.0	81.0	0.0	0.009866017052375152	0.0	C
5574	8210	0	0	0.0	0.0	8210.0	0.0	0.0	0.0	0.0	T
5575	8210	0	0	0.0	0.0	8210.0	0.0	0.0	0.0	0.0	T
5576	8210	0	0	0.0	0.0	8210.0	0.0	0.0	0.0	0.0	G
5577	8210	0	0	0.0	0.0	8210.0	1.0	0.0	0.0001218026796589525	0.0	T
5578	8210	0	0	0.0	0.0	8210.0	0.0	0.0	0.0	0.0	T
5579	8210	0	0	0.0	0.0	8210.0	17.0	0.0	0.0020706455542021922	0.0	G
5580	8210	0	0	0.0	0.0	8210.0	1.0	0.0	0.0001218026796589525	0.0	T
5581	8210	125	0	0.015225334957369063	0.0	8210.0	0.0	0.0	0.0	0.0	C
5582	8210	0	0	0.0	0.0	8210.0	0.0	0.0	0.0	0.0	A
5583	8210	0	0	0.0	0.0	8210.0	0.0	0.0	0.0	0.0	C
5584	8210	0	0	0.0	0.0	8210.0	0.0	0.0	0.0	0.0	A
5585	8210	0	0	0.0	0.0	8210.0	0.0	0.0	0.0	0.0	T
5586	8210	0	0	0.0	0.0	8210.0	0.0	0.0	0.0	0.0	T
5587	8210	0	0	0.0	0.0	8210.0	0.0	0.0	0.0	0.0	A
5588	8210	0	0	0.0	0.0	8210.0	0.0	0.0	0.0	0.0	T
5589	8210	0	0	0.0	0.0	8210.0	1.0	0.0	0.0001218026796589525	0.0	T
5590	8210	0	0	0.0	0.0	8210.0	2.0	0.0	0.000243605359317905	0.0	C
5591	8210	0	0	0.0	0.0	8210.0	0.0	0.0	0.0	0.0	A
5592	8210	0	0	0.0	0.0	8210.0	0.0	0.0	0.0	0.0	T
5593	8210	0	0	0.0	0.0	8210.0	0.0	0.0	0.0	0.0	T
5594	8210	0	0	0.0	0.0	8210.0	0.0	0.0	0.0	0.0	A
5595	8210	0	0	0.0	0.0	8210.0	0.0	0.0	0.0	0.0	A
5596	8210	0	1	0.0	0.0001218026796589525	8210.0	0.0	0.0	0.0	0.0	T
5597	8210	4	0	0.00048721071863581	0.0	8210.0	0.0	0.0	0.0	0.0	A
5598	8210	0	0	0.0	0.0	8210.0	0.0	0.0	0.0	0.0	A
5599	8210	0	0	0.0	0.0	8210.0	0.0	0.0	0.0	0.0	A
5600	8210	0	0	0.0	0.0	8210.0	1.0	0.0	0.0001218026796589525	0.0	A
5601	8210	0	0	0.0	0.0	8210.0	0.0	0.0	0.0	0.0	A
5602	8210	666	0	0.08112058465286236	0.0	8210.0	0.0	0.0	0.0	0.0	A
5603	8210	0	0	0.0	0.0	8210.0	0.0	0.0	0.0	0.0	G
5604	8210	2	0	0.000243605359317905	0.0	8210.0	0.0	0.0	0.0	0.0	G
5605	8210	1	0	0.0001218026796589525	0.0	8210.0	0.0	0.0	0.0	0.0	A
5606	8210	2	0	0.000243605359317905	0.0	8210.0	0.0	0.0	0.0	0.0	C
5607	8210	0	212	0.0	0.02582216808769793	8210.0	0.0	0.0	0.0	0.0	C
5608	8210	0	212	0.0	0.02582216808769793	8210.0	0.0	0.0	0.0	0.0	T
5609	8210	0	212	0.0	0.02582216808769793	8210.0	0.0	0.0	0.0	0.0	T
5610	8210	0	0	0.0	0.0	8210.0	0.0	0.0	0.0	0.0	C
5611	8210	0	0	0.0	0.0	8210.0	0.0	0.0	0.0	0.0	T
5612	8210	0	0	0.0	0.0	8210.0	0.0	0.0	0.0	0.0	T
5613	8210	0	0	0.0	0.0	8210.0	0.0	0.0	0.0	0.0	C
5614	8210	0	0	0.0	0.0	8210.0	0.0	0.0	0.0	0.0	T
5615	8210	6	229	0.000730816077953715	0.027892813641900122	8210.0	0.0	0.0	0.0	0.0	T
5616	8210	0	234	0.0	0.028501827040194883	8210.0	0.0	0.0	0.0	0.0	C
5617	8210	0	235	0.0	0.028623629719853837	8210.0	0.0	0.0	0.0	0.0	T
5618	8210	661	6	0.08051157125456761	0.000730816077953715	8210.0	2.0	0.0	0.000243605359317905	0.0	G
5619	8210	8	1	0.00097442143727162	0.0001218026796589525	8210.0	0.0	0.0	0.0	0.0	C
5620	8210	9	0	0.0010962241169305725	0.0	8210.0	0.0	0.0	0.0	0.0	C
5621	8210	0	0	0.0	0.0	8210.0	0.0	0.0	0.0	0.0	G
5622	8210	0	0	0.0	0.0	8210.0	0.0	0.0	0.0	0.0	G
5623	8210	81	0	0.009866017052375152	0.0	8210.0	0.0	0.0	0.0	0.0	A
5624	8210	0	0	0.0	0.0	8210.0	0.0	0.0	0.0	0.0	A
5625	8210	0	0	0.0	0.0	8210.0	0.0	0.0	0.0	0.0	A
5626	8210	0	0	0.0	0.0	8210.0	0.0	0.0	0.0	0.0	A
5627	8210	1	0	0.0001218026796589525	0.0	8210.0	0.0	0.0	0.0	0.0	T
5628	8210	0	0	0.0	0.0	8210.0	0.0	0.0	0.0	0.0	A
5629	8210	17	0	0.0020706455542021922	0.0	8210.0	3.0	0.0	0.0003654080389768575	0.0	C
5630	8210	1	0	0.0001218026796589525	0.0	8210.0	9.0	0.0	0.0010962241169305725	0.0	T
5631	8210	0	0	0.0	0.0	8210.0	0.0	0.0	0.0	0.0	G
5632	8210	0	0	0.0	0.0	8210.0	0.0	0.0	0.0	0.0	A
5633	8210	0	0	0.0	0.0	8210.0	1.0	0.0	0.0001218026796589525	0.0	T
5634	8210	0	0	0.0	0.0	8210.0	8.0	0.0	0.00097442143727162	0.0	A
5635	8210	0	0	0.0	0.0	8210.0	0.0	0.0	0.0	0.0	A
5636	8210	0	0	0.0	0.0	8210.0	0.0	0.0	0.0	0.0	A
5637	8210	0	0	0.0	0.0	8210.0	0.0	0.0	0.0	0.0	T
5638	8210	0	0	0.0	0.0	8210.0	1.0	0.0	0.0001218026796589525	0.0	T
5639	8210	1	0	0.0001218026796589525	0.0	8210.0	0.0	0.0	0.0	0.0	T
5640	8210	2	0	0.000243605359317905	0.0	8210.0	0.0	0.0	0.0	0.0	C
5641	8210	0	0	0.0	0.0	8210.0	0.0	0.0	0.0	0.0	T
5642	8210	0	0	0.0	0.0	8210.0	0.0	0.0	0.0	0.0	T
5643	8210	0	0	0.0	0.0	8210.0	0.0	0.0	0.0	0.0	T
5644	8210	0	0	0.0	0.0	8210.0	1.0	0.0	0.0001218026796589525	0.0	C
5645	8210	0	0	0.0	0.0	8210.0	0.0	0.0	0.0	0.0	A
5646	8210	0	0	0.0	0.0	8210.0	0.0	0.0	0.0	0.0	A
5647	8210	0	0	0.0	0.0	8210.0	1.0	0.0	0.0001218026796589525	0.0	T
5648	8210	0	0	0.0	0.0	8210.0	0.0	0.0	0.0	0.0	G
5649	8210	0	0	0.0	0.0	8210.0	0.0	0.0	0.0	0.0	A
5650	8210	1	0	0.0001218026796589525	0.0	8210.0	0.0	0.0	0.0	0.0	A
5651	8210	0	0	0.0	0.0	8210.0	0.0	0.0	0.0	0.0	C
5652	8210	0	0	0.0	0.0	8210.0	2.0	0.0	0.000243605359317905	0.0	C
5653	8210	0	0	0.0	0.0	8210.0	0.0	0.0	0.0	0.0	C
5654	8210	0	0	0.0	0.0	8210.0	3.0	0.0	0.0003654080389768575	0.0	A
5655	8210	0	0	0.0	0.0	8210.0	0.0	0.0	0.0	0.0	T
5656	8210	0	0	0.0	0.0	8210.0	0.0	0.0	0.0	0.0	A
5657	8210	0	0	0.0	0.0	8210.0	0.0	0.0	0.0	0.0	T
5658	8210	0	0	0.0	0.0	8210.0	0.0	0.0	0.0	0.0	C
5659	8210	0	0	0.0	0.0	8210.0	0.0	0.0	0.0	0.0	A
5660	8210	0	0	0.0	0.0	8210.0	0.0	0.0	0.0	0.0	A
5661	8210	0	0	0.0	0.0	8210.0	0.0	0.0	0.0	0.0	A
5662	8210	0	0	0.0	0.0	8210.0	0.0	0.0	0.0	0.0	A
5663	8210	0	0	0.0	0.0	8210.0	155.0	0.0	0.018879415347137638	0.0	A
5664	8210	0	0	0.0	0.0	8210.0	0.0	0.0	0.0	0.0	G
5665	8210	0	0	0.0	0.0	8210.0	1.0	0.0	0.0001218026796589525	0.0	A
5666	8210	0	0	0.0	0.0	8210.0	0.0	0.0	0.0	0.0	A
5667	8210	0	0	0.0	0.0	8210.0	0.0	0.0	0.0	0.0	T
5668	8210	2	0	0.000243605359317905	0.0	8210.0	0.0	0.0	0.0	0.0	T
5669	8210	0	0	0.0	0.0	8210.0	107.0	0.0	0.013032886723507917	0.0	A
5670	8210	0	0	0.0	0.0	8210.0	0.0	0.0	0.0	0.0	C
5671	8210	0	0	0.0	0.0	8210.0	0.0	0.0	0.0	0.0	T
5672	8210	0	0	0.0	0.0	8210.0	0.0	0.0	0.0	0.0	A
5673	8210	0	0	0.0	0.0	8210.0	1.0	0.0	0.0001218026796589525	0.0	A
5674	8210	0	0	0.0	0.0	8210.0	0.0	0.0	0.0	0.0	A
5675	8210	0	0	0.0	0.0	8210.0	0.0	0.0	0.0	0.0	C
5676	8210	0	0	0.0	0.0	8210.0	0.0	0.0	0.0	0.0	C
5677	8210	0	0	0.0	0.0	8210.0	0.0	0.0	0.0	0.0	A
5678	8210	0	0	0.0	0.0	8210.0	0.0	0.0	0.0	0.0	T
5679	8210	3	0	0.0003654080389768575	0.0	8210.0	0.0	0.0	0.0	0.0	T
5680	8210	9	0	0.0010962241169305725	0.0	8210.0	4.0	0.0	0.00048721071863581	0.0	C
5681	8210	0	0	0.0	0.0	8210.0	0.0	0.0	0.0	0.0	C
5682	8210	0	0	0.0	0.0	8210.0	0.0	0.0	0.0	0.0	T
5683	8210	1	0	0.0001218026796589525	0.0	8210.0	0.0	0.0	0.0	0.0	C
5684	8210	8	0	0.00097442143727162	0.0	8210.0	1.0	0.0	0.0001218026796589525	0.0	G
5685	8210	0	0	0.0	0.0	8210.0	2.0	0.0	0.000243605359317905	0.0	T
5686	8210	0	0	0.0	0.0	8210.0	0.0	0.0	0.0	0.0	T
5687	8210	0	0	0.0	0.0	8210.0	0.0	0.0	0.0	0.0	T
5688	8210	1	0	0.0001218026796589525	0.0	8210.0	1.0	0.0	0.0001218026796589525	0.0	C
5689	8210	0	0	0.0	0.0	8210.0	0.0	0.0	0.0	0.0	T
5690	8210	0	0	0.0	0.0	8210.0	0.0	0.0	0.0	0.0	T
5691	8210	0	0	0.0	0.0	8210.0	0.0	0.0	0.0	0.0	G
5692	8210	0	0	0.0	0.0	8210.0	125.0	0.0	0.015225334957369063	0.0	A
5693	8210	0	0	0.0	0.0	8210.0	0.0	0.0	0.0	0.0	C
5694	8210	1	0	0.0001218026796589525	0.0	8210.0	0.0	0.0	0.0	0.0	G
5695	8210	0	0	0.0	0.0	8210.0	6.0	0.0	0.000730816077953715	0.0	T
5696	8210	0	0	0.0	0.0	8210.0	0.0	0.0	0.0	0.0	T
5697	8210	1	0	0.0001218026796589525	0.0	8210.0	0.0	0.0	0.0	0.0	C
5698	8210	0	0	0.0	0.0	8210.0	0.0	0.0	0.0	0.0	C
5699	8210	0	0	0.0	0.0	8210.0	0.0	0.0	0.0	0.0	A
5700	8210	0	0	0.0	0.0	8210.0	0.0	0.0	0.0	0.0	T
5701	8210	0	0	0.0	0.0	8210.0	0.0	0.0	0.0	0.0	A
5702	8210	2	0	0.000243605359317905	0.0	8210.0	0.0	0.0	0.0	0.0	T
5703	8210	0	0	0.0	0.0	8210.0	0.0	0.0	0.0	0.0	A
5704	8210	3	0	0.0003654080389768575	0.0	8210.0	1.0	0.0	0.0001218026796589525	0.0	G
5705	8210	0	0	0.0	0.0	8210.0	0.0	0.0	0.0	0.0	T
5706	8210	0	0	0.0	0.0	8210.0	0.0	0.0	0.0	0.0	G
5707	8210	0	0	0.0	0.0	8210.0	0.0	0.0	0.0	0.0	A
5708	8210	0	0	0.0	0.0	8210.0	1.0	0.0	0.0001218026796589525	0.0	A
5709	8210	0	0	0.0	0.0	8210.0	0.0	0.0	0.0	0.0	T
5710	8210	0	0	0.0	0.0	8210.0	0.0	0.0	0.0	0.0	T
5711	8210	0	0	0.0	0.0	8210.0	0.0	0.0	0.0	0.0	A
5712	8210	0	0	0.0	0.0	8210.0	0.0	0.0	0.0	0.0	A
5713	8210	155	0	0.018879415347137638	0.0	8210.0	0.0	0.0	0.0	0.0	G
5714	8210	0	0	0.0	0.0	8210.0	33.0	0.0	0.004019488428745432	0.0	T
5715	8210	1	0	0.0001218026796589525	0.0	8210.0	0.0	0.0	0.0	0.0	G
5716	8210	0	0	0.0	0.0	8210.0	1.0	0.0	0.0001218026796589525	0.0	T
5717	8210	0	0	0.0	0.0	8210.0	0.0	0.0	0.0	0.0	T
5718	8210	0	0	0.0	0.0	8210.0	0.0	0.0	0.0	0.0	C
5719	8210	107	0	0.013032886723507917	0.0	8210.0	0.0	0.0	0.0	0.0	G
5720	8210	0	0	0.0	0.0	8210.0	3.0	0.0	0.0003654080389768575	0.0	G
5721	8210	0	0	0.0	0.0	8210.0	3.0	0.0	0.0003654080389768575	0.0	A
5722	8210	0	0	0.0	0.0	8210.0	2.0	0.0	0.000243605359317905	0.0	A
5723	8210	1	0	0.0001218026796589525	0.0	8210.0	0.0	0.0	0.0	0.0	A
5724	8210	0	0	0.0	0.0	8210.0	0.0	0.0	0.0	0.0	T
5725	8210	0	0	0.0	0.0	8210.0	1085.0	0.0	0.13215590742996347	0.0	T
5726	8210	0	0	0.0	0.0	8210.0	0.0	0.0	0.0	0.0	T
5727	8210	0	0	0.0	0.0	8210.0	0.0	0.0	0.0	0.0	T
5728	8210	0	0	0.0	0.0	8210.0	655.0	0.0	0.07978075517661389	0.0	T
5729	8210	0	0	0.0	0.0	8210.0	0.0	0.0	0.0	0.0	T
5730	8210	4	0	0.00048721071863581	0.0	8210.0	0.0	0.0	0.0	0.0	T
5731	8210	0	0	0.0	0.0	8210.0	0.0	0.0	0.0	0.0	G
5732	8210	0	0	0.0	0.0	8210.0	0.0	0.0	0.0	0.0	G
5733	8210	0	0	0.0	0.0	8210.0	0.0	0.0	0.0	0.0	G
5734	8210	1	0	0.0001218026796589525	0.0	8210.0	0.0	0.0	0.0	0.0	A
5735	8210	2	0	0.000243605359317905	0.0	8210.0	1.0	0.0	0.0001218026796589525	0.0	G
5736	8210	0	0	0.0	0.0	8210.0	1.0	0.0	0.0001218026796589525	0.0	T
5737	8210	0	0	0.0	0.0	8210.0	3.0	0.0	0.0003654080389768575	0.0	A
5738	8210	1	0	0.0001218026796589525	0.0	8210.0	0.0	0.0	0.0	0.0	A
5739	8210	0	0	0.0	0.0	8210.0	0.0	0.0	0.0	0.0	C
5740	8210	0	0	0.0	0.0	8210.0	0.0	0.0	0.0	0.0	A
5741	8210	0	0	0.0	0.0	8210.0	12.0	0.0	0.00146163215590743	0.0	T
5742	8210	125	0	0.015225334957369063	0.0	8210.0	0.0	0.0	0.0	0.0	C
5743	8210	0	0	0.0	0.0	8210.0	32.0	0.0	0.00389768574908648	0.0	T
5744	8210	0	0	0.0	0.0	8210.0	0.0	0.0	0.0	0.0	A
5745	8210	6	0	0.000730816077953715	0.0	8210.0	0.0	0.0	0.0	0.0	A
5746	8210	0	0	0.0	0.0	8210.0	0.0	0.0	0.0	0.0	C
5747	8210	0	0	0.0	0.0	8210.0	0.0	0.0	0.0	0.0	G
5748	8210	0	0	0.0	0.0	8210.0	0.0	0.0	0.0	0.0	G
5749	8210	0	0	0.0	0.0	8210.0	0.0	0.0	0.0	0.0	C
5750	8210	0	0	0.0	0.0	8210.0	26.0	0.0	0.003166869671132765	0.0	A
5751	8210	0	0	0.0	0.0	8210.0	0.0	0.0	0.0	0.0	T
5752	8210	0	0	0.0	0.0	8210.0	0.0	0.0	0.0	0.0	G
5753	8210	0	0	0.0	0.0	8210.0	0.0	0.0	0.0	0.0	T
5754	8210	1	0	0.0001218026796589525	0.0	8210.0	0.0	0.0	0.0	0.0	C
5755	8210	0	0	0.0	0.0	8210.0	0.0	0.0	0.0	0.0	A
5756	8210	0	0	0.0	0.0	8210.0	0.0	0.0	0.0	0.0	A
5757	8210	0	0	0.0	0.0	8210.0	0.0	0.0	0.0	0.0	A
5758	8210	1	0	0.0001218026796589525	0.0	8210.0	0.0	0.0	0.0	0.0	C
5759	8210	0	0	0.0	0.0	8210.0	0.0	0.0	0.0	0.0	G
5760	8210	0	0	0.0	0.0	8210.0	0.0	0.0	0.0	0.0	A
5761	8210	0	0	0.0	0.0	8210.0	0.0	0.0	0.0	0.0	T
5762	8210	0	0	0.0	0.0	8210.0	0.0	0.0	0.0	0.0	T
5763	8210	0	0	0.0	0.0	8210.0	0.0	0.0	0.0	0.0	G
5764	8210	33	0	0.004019488428745432	0.0	8210.0	3.0	0.0	0.0003654080389768575	0.0	A
5765	8210	0	0	0.0	0.0	8210.0	0.0	0.0	0.0	0.0	A
5766	8210	1	0	0.0001218026796589525	0.0	8210.0	2.0	0.0	0.000243605359317905	0.0	A
5767	8210	0	0	0.0	0.0	8210.0	0.0	0.0	0.0	0.0	A
5768	8210	0	0	0.0	0.0	8210.0	40.0	0.0	0.0048721071863581	0.0	A
5769	8210	0	0	0.0	0.0	8210.0	0.0	0.0	0.0	0.0	T
5770	8210	3	0	0.0003654080389768575	0.0	8210.0	0.0	0.0	0.0	0.0	T
5771	8210	3	0	0.0003654080389768575	0.0	8210.0	0.0	0.0	0.0	0.0	G
5772	8210	2	0	0.000243605359317905	0.0	8210.0	8.0	0.0	0.00097442143727162	0.0	G
5773	8210	0	0	0.0	0.0	8210.0	0.0	0.0	0.0	0.0	C
5774	8210	0	0	0.0	0.0	8210.0	2.0	0.0	0.000243605359317905	0.0	A
5775	8210	1085	0	0.13215590742996347	0.0	8210.0	0.0	0.0	0.0	0.0	C
5776	8210	0	0	0.0	0.0	8210.0	1.0	0.0	0.0001218026796589525	0.0	A
5777	8210	0	0	0.0	0.0	8210.0	8.0	0.0	0.00097442143727162	0.0	T
5778	8210	655	0	0.07978075517661389	0.0	8210.0	0.0	0.0	0.0	0.0	T
5779	8210	0	0	0.0	0.0	8210.0	0.0	0.0	0.0	0.0	T
5780	8210	0	0	0.0	0.0	8210.0	2.0	0.0	0.000243605359317905	0.0	A
5781	8210	0	0	0.0	0.0	8210.0	29.0	0.0	0.0035322777101096225	0.0	A
5782	8210	0	0	0.0	0.0	8210.0	0.0	0.0	0.0	0.0	C
5783	8210	0	0	0.0	0.0	8210.0	0.0	0.0	0.0	0.0	A
5784	8210	0	0	0.0	0.0	8210.0	0.0	0.0	0.0	0.0	G
5785	8210	1	0	0.0001218026796589525	0.0	8210.0	0.0	0.0	0.0	0.0	C
5786	8210	1	0	0.0001218026796589525	0.0	8210.0	0.0	0.0	0.0	0.0	C
5787	8210	3	0	0.0003654080389768575	0.0	8210.0	0.0	0.0	0.0	0.0	G
5788	8210	0	0	0.0	0.0	8210.0	0.0	0.0	0.0	0.0	A
5789	8210	0	0	0.0	0.0	8210.0	1.0	0.0	0.0001218026796589525	0.0	T
5790	8210	0	0	0.0	0.0	8210.0	0.0	0.0	0.0	0.0	T
5791	8210	12	0	0.00146163215590743	0.0	8210.0	0.0	0.0	0.0	0.0	T
5792	8210	0	0	0.0	0.0	8210.0	123.0	0.0	0.014981729598051156	0.0	G
5793	8210	32	0	0.00389768574908648	0.0	8210.0	0.0	0.0	0.0	0.0	C
5794	8210	0	0	0.0	0.0	8210.0	0.0	0.0	0.0	0.0	A
5795	8210	0	0	0.0	0.0	8210.0	0.0	0.0	0.0	0.0	A
5796	8210	0	0	0.0	0.0	8210.0	0.0	0.0	0.0	0.0	C
5797	8210	0	0	0.0	0.0	8210.0	0.0	0.0	0.0	0.0	A
5798	8210	0	0	0.0	0.0	8210.0	1.0	0.0	0.0001218026796589525	0.0	T
5799	8210	0	0	0.0	0.0	8210.0	2.0	0.0	0.000243605359317905	0.0	T
5800	8210	26	0	0.003166869671132765	0.0	8210.0	5.0	0.0	0.0006090133982947625	0.0	C
5801	8210	0	0	0.0	0.0	8210.0	0.0	0.0	0.0	0.0	G
5802	8210	0	0	0.0	0.0	8210.0	0.0	0.0	0.0	0.0	C
5803	8210	0	0	0.0	0.0	8210.0	0.0	0.0	0.0	0.0	A
5804	8210	0	0	0.0	0.0	8210.0	0.0	0.0	0.0	0.0	A
5805	8210	0	0	0.0	0.0	8210.0	0.0	0.0	0.0	0.0	T
5806	8210	0	0	0.0	0.0	8210.0	1.0	0.0	0.0001218026796589525	0.0	A
5807	8210	0	0	0.0	0.0	8210.0	0.0	0.0	0.0	0.0	C
5808	8210	0	0	0.0	0.0	8210.0	0.0	0.0	0.0	0.0	T
5809	8210	0	0	0.0	0.0	8210.0	0.0	0.0	0.0	0.0	A
5810	8210	0	0	0.0	0.0	8210.0	0.0	0.0	0.0	0.0	C
5811	8210	0	0	0.0	0.0	8210.0	0.0	0.0	0.0	0.0	T
5812	8210	0	0	0.0	0.0	8210.0	1240.0	0.0	0.1510353227771011	0.0	T
5813	8210	0	0	0.0	0.0	8210.0	0.0	0.0	0.0	0.0	G
5814	8210	3	0	0.0003654080389768575	0.0	8210.0	0.0	0.0	0.0	0.0	C
5815	8210	0	0	0.0	0.0	8210.0	0.0	0.0	0.0	0.0	T
5816	8210	2	0	0.000243605359317905	0.0	8210.0	0.0	0.0	0.0	0.0	G
5817	8210	0	0	0.0	0.0	8210.0	3.0	0.0	0.0003654080389768575	0.0	T
5818	8210	40	0	0.0048721071863581	0.0	8210.0	1.0	0.0	0.0001218026796589525	0.0	G
5819	8210	0	0	0.0	0.0	8210.0	0.0	0.0	0.0	0.0	G
5820	8210	0	0	0.0	0.0	8210.0	0.0	0.0	0.0	0.0	C
5821	8210	0	0	0.0	0.0	8210.0	1.0	0.0	0.0001218026796589525	0.0	A
5822	8210	8	0	0.00097442143727162	0.0	8210.0	0.0	0.0	0.0	0.0	T
5823	8210	0	0	0.0	0.0	8210.0	9.0	0.0	0.0010962241169305725	0.0	A
5824	8210	2	0	0.000243605359317905	0.0	8210.0	0.0	0.0	0.0	0.0	T
5825	8210	0	0	0.0	0.0	8210.0	14.0	0.0	0.001705237515225335	0.0	C
5826	8210	1	0	0.0001218026796589525	0.0	8210.0	0.0	0.0	0.0	0.0	C
5827	8210	8	0	0.00097442143727162	0.0	8210.0	0.0	0.0	0.0	0.0	G
5828	8210	0	0	0.0	0.0	8210.0	0.0	0.0	0.0	0.0	T
5829	8210	0	0	0.0	0.0	8210.0	1184.0	0.0	0.14421437271619975	0.0	G
5830	8210	2	0	0.000243605359317905	0.0	8210.0	0.0	0.0	0.0	0.0	G
5831	8210	29	0	0.0035322777101096225	0.0	8210.0	3.0	0.0	0.0003654080389768575	0.0	G
5832	8210	0	0	0.0	0.0	8210.0	1.0	0.0	0.0001218026796589525	0.0	C
5833	8210	0	0	0.0	0.0	8210.0	0.0	0.0	0.0	0.0	A
5834	8210	0	0	0.0	0.0	8210.0	4.0	0.0	0.00048721071863581	0.0	A
5835	8210	0	0	0.0	0.0	8210.0	1.0	0.0	0.0001218026796589525	0.0	C
5836	8210	0	0	0.0	0.0	8210.0	0.0	0.0	0.0	0.0	A
5837	8210	0	0	0.0	0.0	8210.0	0.0	0.0	0.0	0.0	A
5838	8210	0	0	0.0	0.0	8210.0	1.0	0.0	0.0001218026796589525	0.0	T
5839	8210	1	0	0.0001218026796589525	0.0	8210.0	0.0	0.0	0.0	0.0	C
5840	8210	0	0	0.0	0.0	8210.0	0.0	0.0	0.0	0.0	A
5841	8210	0	0	0.0	0.0	8210.0	0.0	0.0	0.0	0.0	C
5842	8210	123	0	0.014981729598051156	0.0	8210.0	0.0	0.0	0.0	0.0	C
5843	8210	0	0	0.0	0.0	8210.0	1.0	0.0	0.0001218026796589525	0.0	G
5844	8210	0	0	0.0	0.0	8210.0	0.0	0.0	0.0	0.0	C
5845	8210	0	0	0.0	0.0	8210.0	0.0	0.0	0.0	0.0	T
5846	8210	0	0	0.0	0.0	8210.0	2.0	0.0	0.000243605359317905	0.0	T
5847	8210	0	0	0.0	0.0	8210.0	0.0	0.0	0.0	0.0	T
5848	8210	1	0	0.0001218026796589525	0.0	8210.0	0.0	0.0	0.0	0.0	C
5849	8210	2	0	0.000243605359317905	0.0	8210.0	0.0	0.0	0.0	0.0	G
5850	8210	5	0	0.0006090133982947625	0.0	8210.0	0.0	0.0	0.0	0.0	G
5851	8210	0	0	0.0	0.0	8210.0	0.0	0.0	0.0	0.0	A
5852	8210	0	0	0.0	0.0	8210.0	0.0	0.0	0.0	0.0	T
5853	8210	0	0	0.0	0.0	8210.0	0.0	0.0	0.0	0.0	A
5854	8210	0	0	0.0	0.0	8210.0	0.0	0.0	0.0	0.0	G
5855	8210	0	0	0.0	0.0	8210.0	0.0	0.0	0.0	0.0	T
5856	8210	1	0	0.0001218026796589525	0.0	8210.0	2.0	0.0	0.000243605359317905	0.0	G
5857	8210	0	0	0.0	0.0	8210.0	0.0	0.0	0.0	0.0	A
5858	8210	0	0	0.0	0.0	8210.0	0.0	0.0	0.0	0.0	C
5859	8210	0	0	0.0	0.0	8210.0	0.0	0.0	0.0	0.0	T
5860	8210	0	0	0.0	0.0	8210.0	1.0	0.0	0.0001218026796589525	0.0	T
5861	8210	0	0	0.0	0.0	8210.0	0.0	0.0	0.0	0.0	T
5862	8210	1240	0	0.1510353227771011	0.0	8210.0	0.0	0.0	0.0	0.0	C
5863	8210	0	0	0.0	0.0	8210.0	0.0	0.0	0.0	0.0	C
5864	8210	0	0	0.0	0.0	8210.0	1.0	0.0	0.0001218026796589525	0.0	T
5865	8210	0	0	0.0	0.0	8210.0	0.0	0.0	0.0	0.0	T
5866	8210	0	0	0.0	0.0	8210.0	0.0	0.0	0.0	0.0	T
5867	8210	3	0	0.0003654080389768575	0.0	8210.0	0.0	0.0	0.0	0.0	A
5868	8210	1	0	0.0001218026796589525	0.0	8210.0	47.0	0.0	0.005724725943970767	0.0	C
5869	8210	0	0	0.0	0.0	8210.0	0.0	0.0	0.0	0.0	T
5870	8210	0	0	0.0	0.0	8210.0	0.0	0.0	0.0	0.0	G
5871	8210	1	0	0.0001218026796589525	0.0	8210.0	0.0	0.0	0.0	0.0	A
5872	8210	0	0	0.0	0.0	8210.0	1.0	0.0	0.0001218026796589525	0.0	A
5873	8210	9	0	0.0010962241169305725	0.0	8210.0	661.0	0.0	0.08051157125456761	0.0	C
5874	8210	0	0	0.0	0.0	8210.0	0.0	0.0	0.0	0.0	C
5875	8210	14	0	0.001705237515225335	0.0	8210.0	0.0	0.0	0.0	0.0	C
5876	8210	0	0	0.0	0.0	8210.0	0.0	0.0	0.0	0.0	G
5877	8210	0	0	0.0	0.0	8210.0	0.0	0.0	0.0	0.0	A
5878	8210	0	0	0.0	0.0	8210.0	0.0	0.0	0.0	0.0	A
5879	8210	1184	0	0.14421437271619975	0.0	8210.0	0.0	0.0	0.0	0.0	T
5880	8210	0	0	0.0	0.0	8210.0	0.0	0.0	0.0	0.0	A
5881	8210	3	0	0.0003654080389768575	0.0	8210.0	0.0	0.0	0.0	0.0	G
5882	8210	1	0	0.0001218026796589525	0.0	8210.0	0.0	0.0	0.0	0.0	T
5883	8210	0	0	0.0	0.0	8210.0	0.0	0.0	0.0	0.0	G
5884	8210	4	0	0.00048721071863581	0.0	8210.0	0.0	0.0	0.0	0.0	A
5885	8210	1	0	0.0001218026796589525	0.0	8210.0	0.0	0.0	0.0	0.0	A
5886	8210	0	0	0.0	0.0	8210.0	1.0	0.0	0.0001218026796589525	0.0	G
5887	8210	0	0	0.0	0.0	8210.0	0.0	0.0	0.0	0.0	A
5888	8210	1	0	0.0001218026796589525	0.0	8210.0	0.0	0.0	0.0	0.0	T
5889	8210	0	0	0.0	0.0	8210.0	0.0	0.0	0.0	0.0	A
5890	8210	0	0	0.0	0.0	8210.0	1.0	0.0	0.0001218026796589525	0.0	A
5891	8210	0	0	0.0	0.0	8210.0	0.0	0.0	0.0	0.0	A
5892	8210	0	0	0.0	0.0	8210.0	0.0	0.0	0.0	0.0	T
5893	8210	1	0	0.0001218026796589525	0.0	8210.0	0.0	0.0	0.0	0.0	G
5894	8210	0	0	0.0	0.0	8210.0	0.0	0.0	0.0	0.0	G
5895	8210	0	0	0.0	0.0	8210.0	0.0	0.0	0.0	0.0	T
5896	8210	2	0	0.000243605359317905	0.0	8210.0	0.0	0.0	0.0	0.0	G
5897	8210	0	0	0.0	0.0	8210.0	0.0	0.0	0.0	0.0	A
5898	8210	0	0	0.0	0.0	8210.0	0.0	0.0	0.0	0.0	C
5899	8210	0	0	0.0	0.0	8210.0	0.0	0.0	0.0	0.0	A
5900	8210	0	0	0.0	0.0	8210.0	0.0	0.0	0.0	0.0	A
5901	8210	0	0	0.0	0.0	8210.0	0.0	0.0	0.0	0.0	T
5902	8210	0	0	0.0	0.0	8210.0	8.0	0.0	0.00097442143727162	0.0	A
5903	8210	0	0	0.0	0.0	8210.0	0.0	0.0	0.0	0.0	A
5904	8210	0	0	0.0	0.0	8210.0	0.0	0.0	0.0	0.0	T
5905	8210	0	0	0.0	0.0	8210.0	1.0	0.0	0.0001218026796589525	0.0	T
5906	8210	2	0	0.000243605359317905	0.0	8210.0	1.0	0.0	0.0001218026796589525	0.0	C
5907	8210	0	0	0.0	0.0	8210.0	0.0	0.0	0.0	0.0	G
5908	8210	0	0	0.0	0.0	8210.0	0.0	0.0	0.0	0.0	A
5909	8210	0	0	0.0	0.0	8210.0	0.0	0.0	0.0	0.0	T
5910	8210	1	0	0.0001218026796589525	0.0	8210.0	0.0	0.0	0.0	0.0	C
5911	8210	0	0	0.0	0.0	8210.0	0.0	0.0	0.0	0.0	C
5912	8210	0	0	0.0	0.0	8210.0	41.0	0.0	0.004993909866017053	0.0	A
5913	8210	0	0	0.0	0.0	8210.0	0.0	0.0	0.0	0.0	T
5914	8210	1	0	0.0001218026796589525	0.0	8210.0	0.0	0.0	0.0	0.0	C
5915	8210	0	0	0.0	0.0	8210.0	0.0	0.0	0.0	0.0	T
5916	8210	0	0	0.0	0.0	8210.0	0.0	0.0	0.0	0.0	G
5917	8210	0	0	0.0	0.0	8210.0	0.0	0.0	0.0	0.0	G
5918	8210	47	0	0.005724725943970767	0.0	8210.0	0.0	0.0	0.0	0.0	G
5919	8210	0	0	0.0	0.0	8210.0	0.0	0.0	0.0	0.0	A
5920	8210	0	0	0.0	0.0	8210.0	0.0	0.0	0.0	0.0	T
5921	8210	0	0	0.0	0.0	8210.0	0.0	0.0	0.0	0.0	A
5922	8210	1	0	0.0001218026796589525	0.0	8210.0	0.0	0.0	0.0	0.0	G
5923	8210	661	0	0.08051157125456761	0.0	8210.0	1.0	0.0	0.0001218026796589525	0.0	T
5924	8210	0	0	0.0	0.0	8210.0	0.0	0.0	0.0	0.0	T
5925	8210	0	0	0.0	0.0	8210.0	0.0	0.0	0.0	0.0	C
5926	8210	0	0	0.0	0.0	8210.0	0.0	0.0	0.0	0.0	A
5927	8210	0	0	0.0	0.0	8210.0	0.0	0.0	0.0	0.0	A
5928	8210	0	0	0.0	0.0	8210.0	0.0	0.0	0.0	0.0	T
5929	8210	0	0	0.0	0.0	8210.0	0.0	0.0	0.0	0.0	A
5930	8210	0	0	0.0	0.0	8210.0	0.0	0.0	0.0	0.0	T
5931	8210	0	0	0.0	0.0	8210.0	0.0	0.0	0.0	0.0	C
5932	8210	0	0	0.0	0.0	8210.0	0.0	0.0	0.0	0.0	T
5933	8210	0	0	0.0	0.0	8210.0	0.0	0.0	0.0	0.0	A
5934	8210	0	0	0.0	0.0	8210.0	0.0	0.0	0.0	0.0	A
5935	8210	0	0	0.0	0.0	8210.0	31.0	0.0	0.0037758830694275274	0.0	T
5936	8210	1	0	0.0001218026796589525	0.0	8210.0	0.0	0.0	0.0	0.0	G
5937	8210	0	0	0.0	0.0	8210.0	0.0	0.0	0.0	0.0	A
5938	8210	0	0	0.0	0.0	8210.0	0.0	0.0	0.0	0.0	A
5939	8210	0	0	0.0	0.0	8210.0	0.0	0.0	0.0	0.0	C
5940	8210	1	0	0.0001218026796589525	0.0	8210.0	0.0	0.0	0.0	0.0	G
5941	8210	0	0	0.0	0.0	8210.0	0.0	0.0	0.0	0.0	T
5942	8210	0	0	0.0	0.0	8210.0	2518.0	0.0	0.3066991473812424	0.0	T
5943	8210	0	0	0.0	0.0	8210.0	0.0	0.0	0.0	0.0	T
5944	8210	0	0	0.0	0.0	8210.0	0.0	0.0	0.0	0.0	C
5945	8210	0	0	0.0	0.0	8210.0	0.0	0.0	0.0	0.0	A
5946	8210	0	0	0.0	0.0	8210.0	0.0	0.0	0.0	0.0	C
5947	8210	0	0	0.0	0.0	8210.0	0.0	0.0	0.0	0.0	T
5948	8210	0	0	0.0	0.0	8210.0	0.0	0.0	0.0	0.0	A
5949	8210	0	0	0.0	0.0	8210.0	0.0	0.0	0.0	0.0	A
5950	8210	0	0	0.0	0.0	8210.0	0.0	0.0	0.0	0.0	A
5951	8210	0	0	0.0	0.0	8210.0	0.0	0.0	0.0	0.0	G
5952	8210	8	0	0.00097442143727162	0.0	8210.0	0.0	0.0	0.0	0.0	T
5953	8210	0	0	0.0	0.0	8210.0	0.0	0.0	0.0	0.0	T
5954	8210	0	0	0.0	0.0	8210.0	4.0	0.0	0.00048721071863581	0.0	A
5955	8210	1	0	0.0001218026796589525	0.0	8210.0	1.0	0.0	0.0001218026796589525	0.0	A
5956	8210	1	0	0.0001218026796589525	0.0	8210.0	0.0	0.0	0.0	0.0	C
5957	8210	0	0	0.0	0.0	8210.0	0.0	0.0	0.0	0.0	A
5958	8210	0	0	0.0	0.0	8210.0	0.0	0.0	0.0	0.0	G
5959	8210	0	0	0.0	0.0	8210.0	0.0	0.0	0.0	0.0	T
5960	8210	0	0	0.0	0.0	8210.0	0.0	0.0	0.0	0.0	T
5961	8210	0	0	0.0	0.0	8210.0	0.0	0.0	0.0	0.0	G
5962	8210	41	0	0.004993909866017053	0.0	8210.0	0.0	0.0	0.0	0.0	T
5963	8210	0	0	0.0	0.0	8210.0	0.0	0.0	0.0	0.0	T
5964	8210	0	0	0.0	0.0	8210.0	0.0	0.0	0.0	0.0	C
5965	8210	0	0	0.0	0.0	8210.0	3.0	0.0	0.0003654080389768575	0.0	A
5966	8210	0	0	0.0	0.0	8210.0	2.0	0.0	0.000243605359317905	0.0	G
5967	8210	0	0	0.0	0.0	8210.0	0.0	0.0	0.0	0.0	C
5968	8210	0	0	0.0	0.0	8210.0	0.0	0.0	0.0	0.0	G
5969	8210	0	0	0.0	0.0	8210.0	0.0	0.0	0.0	0.0	T
5970	8210	0	0	0.0	0.0	8210.0	0.0	0.0	0.0	0.0	A
5971	8210	0	0	0.0	0.0	8210.0	0.0	0.0	0.0	0.0	G
5972	8210	0	0	0.0	0.0	8210.0	0.0	0.0	0.0	0.0	C
5973	8210	1	0	0.0001218026796589525	0.0	8210.0	0.0	0.0	0.0	0.0	C
5974	8210	0	0	0.0	0.0	8210.0	0.0	0.0	0.0	0.0	A
5975	8210	0	0	0.0	0.0	8210.0	0.0	0.0	0.0	0.0	T
5976	8210	0	0	0.0	0.0	8210.0	2.0	0.0	0.000243605359317905	0.0	A
5977	8210	0	0	0.0	0.0	8210.0	1.0	0.0	0.0001218026796589525	0.0	A
5978	8210	0	0	0.0	0.0	8210.0	0.0	0.0	0.0	0.0	C
5979	8210	0	0	0.0	0.0	8210.0	1.0	0.0	0.0001218026796589525	0.0	T
5980	8210	0	0	0.0	0.0	8210.0	0.0	0.0	0.0	0.0	A
5981	8210	0	0	0.0	0.0	8210.0	0.0	0.0	0.0	0.0	G
5982	8210	0	0	0.0	0.0	8210.0	1.0	0.0	0.0001218026796589525	0.0	T
5983	8210	0	0	0.0	0.0	8210.0	1.0	0.0	0.0001218026796589525	0.0	T
5984	8210	0	0	0.0	0.0	8210.0	0.0	0.0	0.0	0.0	G
5985	8210	31	0	0.0037758830694275274	0.0	8210.0	32.0	0.0	0.00389768574908648	0.0	C
5986	8210	0	0	0.0	0.0	8210.0	0.0	0.0	0.0	0.0	T
5987	8210	0	0	0.0	0.0	8210.0	0.0	0.0	0.0	0.0	A
5988	8210	0	0	0.0	0.0	8210.0	0.0	0.0	0.0	0.0	A
5989	8210	0	0	0.0	0.0	8210.0	1378.0	0.0	0.16784409257003655	0.0	T
5990	8210	0	0	0.0	0.0	8210.0	0.0	0.0	0.0	0.0	T
5991	8210	0	0	0.0	0.0	8210.0	0.0	0.0	0.0	0.0	T
5992	8210	2518	0	0.3066991473812424	0.0	8210.0	0.0	0.0	0.0	0.0	A
5993	8210	0	0	0.0	0.0	8210.0	0.0	0.0	0.0	0.0	G
5994	8210	0	0	0.0	0.0	8210.0	27.0	0.0	0.0032886723507917176	0.0	T
5995	8210	0	0	0.0	0.0	8210.0	0.0	0.0	0.0	0.0	T
5996	8210	0	0	0.0	0.0	8210.0	0.0	0.0	0.0	0.0	T
5997	8210	0	0	0.0	0.0	8210.0	0.0	0.0	0.0	0.0	G
5998	8210	0	0	0.0	0.0	8210.0	1.0	0.0	0.0001218026796589525	0.0	A
5999	8210	0	0	0.0	0.0	8210.0	0.0	0.0	0.0	0.0	A
6000	8210	0	0	0.0	0.0	8210.0	0.0	0.0	0.0	0.0	C
6001	8210	0	0	0.0	0.0	8210.0	0.0	0.0	0.0	0.0	T
6002	8210	0	0	0.0	0.0	8210.0	0.0	0.0	0.0	0.0	T
6003	8210	0	0	0.0	0.0	8210.0	0.0	0.0	0.0	0.0	C
6004	8210	4	0	0.00048721071863581	0.0	8210.0	2.0	0.0	0.000243605359317905	0.0	T
6005	8210	1	0	0.0001218026796589525	0.0	8210.0	0.0	0.0	0.0	0.0	G
6006	8210	0	0	0.0	0.0	8210.0	0.0	0.0	0.0	0.0	T
6007	8210	0	0	0.0	0.0	8210.0	0.0	0.0	0.0	0.0	T
6008	8210	0	0	0.0	0.0	8210.0	1421.0	0.0	0.1730816077953715	0.0	A
6009	8210	0	0	0.0	0.0	8210.0	0.0	0.0	0.0	0.0	A
6010	8210	0	0	0.0	0.0	8210.0	0.0	0.0	0.0	0.0	A
6011	8210	0	0	0.0	0.0	8210.0	0.0	0.0	0.0	0.0	A
6012	8210	0	0	0.0	0.0	8210.0	0.0	0.0	0.0	0.0	G
6013	8210	0	0	0.0	0.0	8210.0	0.0	0.0	0.0	0.0	T
6014	8210	0	0	0.0	0.0	8210.0	0.0	0.0	0.0	0.0	T
6015	8210	3	0	0.0003654080389768575	0.0	8210.0	0.0	0.0	0.0	0.0	C
6016	8210	2	0	0.000243605359317905	0.0	8210.0	0.0	0.0	0.0	0.0	G
6017	8210	0	0	0.0	0.0	8210.0	0.0	0.0	0.0	0.0	T
6018	8210	0	0	0.0	0.0	8210.0	0.0	0.0	0.0	0.0	C
6019	8210	0	0	0.0	0.0	8210.0	1.0	0.0	0.0001218026796589525	0.0	A
6020	8210	0	0	0.0	0.0	8210.0	0.0	0.0	0.0	0.0	A
6021	8210	0	0	0.0	0.0	8210.0	1.0	0.0	0.0001218026796589525	0.0	T
6022	8210	0	0	0.0	0.0	8210.0	0.0	0.0	0.0	0.0	G
6023	8210	0	0	0.0	0.0	8210.0	0.0	0.0	0.0	0.0	A
6024	8210	0	0	0.0	0.0	8210.0	0.0	0.0	0.0	0.0	C
6025	8210	0	0	0.0	0.0	8210.0	0.0	0.0	0.0	0.0	T
6026	8210	2	0	0.000243605359317905	0.0	8210.0	0.0	0.0	0.0	0.0	G
6027	8210	1	0	0.0001218026796589525	0.0	8210.0	0.0	0.0	0.0	0.0	T
6028	8210	0	0	0.0	0.0	8210.0	0.0	0.0	0.0	0.0	T
6029	8210	1	0	0.0001218026796589525	0.0	8210.0	0.0	0.0	0.0	0.0	G
6030	8210	0	0	0.0	0.0	8210.0	0.0	0.0	0.0	0.0	T
6031	8210	0	0	0.0	0.0	8210.0	0.0	0.0	0.0	0.0	A
6032	8210	1	0	0.0001218026796589525	0.0	8210.0	72.0	0.0	0.00876979293544458	0.0	G
6033	8210	1	0	0.0001218026796589525	0.0	8210.0	0.0	0.0	0.0	0.0	G
6034	8210	0	0	0.0	0.0	8210.0	0.0	0.0	0.0	0.0	T
6035	8210	32	0	0.00389768574908648	0.0	8210.0	0.0	0.0	0.0	0.0	T
6036	8210	0	0	0.0	0.0	8210.0	0.0	0.0	0.0	0.0	C
6037	8210	0	0	0.0	0.0	8210.0	0.0	0.0	0.0	0.0	T
6038	8210	0	0	0.0	0.0	8210.0	0.0	0.0	0.0	0.0	T
6039	8210	1378	0	0.16784409257003655	0.0	8210.0	3.0	0.0	0.0003654080389768575	0.0	T
6040	8210	0	0	0.0	0.0	8210.0	1.0	0.0	0.0001218026796589525	0.0	T
6041	8210	0	0	0.0	0.0	8210.0	0.0	0.0	0.0	0.0	T
6042	8210	0	0	0.0	0.0	8210.0	0.0	0.0	0.0	0.0	C
6043	8210	0	0	0.0	0.0	8210.0	0.0	0.0	0.0	0.0	T
6044	8210	27	0	0.0032886723507917176	0.0	8210.0	0.0	0.0	0.0	0.0	G
6045	8210	0	0	0.0	0.0	8210.0	0.0	0.0	0.0	0.0	G
6046	8210	0	0	0.0	0.0	8210.0	0.0	0.0	0.0	0.0	A
6047	8210	0	0	0.0	0.0	8210.0	9.0	0.0	0.0010962241169305725	0.0	A
6048	8210	1	0	0.0001218026796589525	0.0	8210.0	0.0	0.0	0.0	0.0	A
6049	8210	0	0	0.0	0.0	8210.0	0.0	0.0	0.0	0.0	C
6050	8210	0	0	0.0	0.0	8210.0	0.0	0.0	0.0	0.0	C
6051	8210	0	0	0.0	0.0	8210.0	0.0	0.0	0.0	0.0	A
6052	8210	0	0	0.0	0.0	8210.0	0.0	0.0	0.0	0.0	A
6053	8210	0	0	0.0	0.0	8210.0	0.0	0.0	0.0	0.0	T
6054	8210	2	0	0.000243605359317905	0.0	8210.0	0.0	0.0	0.0	0.0	C
6055	8210	0	0	0.0	0.0	8210.0	3.0	0.0	0.0003654080389768575	0.0	A
6056	8210	0	0	0.0	0.0	8210.0	0.0	0.0	0.0	0.0	A
6057	8210	0	0	0.0	0.0	8210.0	0.0	0.0	0.0	0.0	T
6058	8210	1421	0	0.1730816077953715	0.0	8210.0	0.0	0.0	0.0	0.0	A
6059	8210	0	0	0.0	0.0	8210.0	0.0	0.0	0.0	0.0	C
6060	8210	0	0	0.0	0.0	8210.0	0.0	0.0	0.0	0.0	A
6061	8210	0	0	0.0	0.0	8210.0	0.0	0.0	0.0	0.0	T
6062	8210	0	0	0.0	0.0	8210.0	1.0	0.0	0.0001218026796589525	0.0	C
6063	8210	0	0	0.0	0.0	8210.0	0.0	0.0	0.0	0.0	T
6064	8210	0	0	0.0	0.0	8210.0	0.0	0.0	0.0	0.0	T
6065	8210	0	0	0.0	0.0	8210.0	0.0	0.0	0.0	0.0	C
6066	8210	0	0	0.0	0.0	8210.0	0.0	0.0	0.0	0.0	G
6067	8210	0	0	0.0	0.0	8210.0	0.0	0.0	0.0	0.0	T
6068	8210	0	0	0.0	0.0	8210.0	0.0	0.0	0.0	0.0	T
6069	8210	1	0	0.0001218026796589525	0.0	8210.0	0.0	0.0	0.0	0.0	G
6070	8210	0	0	0.0	0.0	8210.0	0.0	0.0	0.0	0.0	A
6071	8210	1	0	0.0001218026796589525	0.0	8210.0	0.0	0.0	0.0	0.0	A
6072	8210	0	0	0.0	0.0	8210.0	0.0	0.0	0.0	0.0	A
6073	8210	0	0	0.0	0.0	8210.0	0.0	0.0	0.0	0.0	C
6074	8210	0	0	0.0	0.0	8210.0	0.0	0.0	0.0	0.0	A
6075	8210	0	0	0.0	0.0	8210.0	1.0	0.0	0.0001218026796589525	0.0	G
6076	8210	0	0	0.0	0.0	8210.0	0.0	0.0	0.0	0.0	A
6077	8210	0	0	0.0	0.0	8210.0	13.0	0.0	0.0015834348355663825	0.0	T
6078	8210	0	0	0.0	0.0	8210.0	0.0	0.0	0.0	0.0	A
6079	8210	0	0	0.0	0.0	8210.0	0.0	0.0	0.0	0.0	G
6080	8210	0	0	0.0	0.0	8210.0	0.0	0.0	0.0	0.0	G
6081	8210	0	0	0.0	0.0	8210.0	0.0	0.0	0.0	0.0	T
6082	8210	72	0	0.00876979293544458	0.0	8210.0	2.0	0.0	0.000243605359317905	0.0	G
6083	8210	0	0	0.0	0.0	8210.0	0.0	0.0	0.0	0.0	C
6084	8210	0	0	0.0	0.0	8210.0	0.0	0.0	0.0	0.0	T
6085	8210	0	0	0.0	0.0	8210.0	0.0	0.0	0.0	0.0	T
6086	8210	0	0	0.0	0.0	8210.0	1.0	0.0	0.0001218026796589525	0.0	A
6087	8210	0	0	0.0	0.0	8210.0	0.0	0.0	0.0	0.0	A
6088	8210	0	0	0.0	0.0	8210.0	0.0	0.0	0.0	0.0	T
6089	8210	3	0	0.0003654080389768575	0.0	8210.0	0.0	0.0	0.0	0.0	G
6090	8210	1	0	0.0001218026796589525	0.0	8210.0	0.0	0.0	0.0	0.0	C
6091	8210	0	0	0.0	0.0	8210.0	0.0	0.0	0.0	0.0	A
6092	8210	0	0	0.0	0.0	8210.0	0.0	0.0	0.0	0.0	T
6093	8210	0	0	0.0	0.0	8210.0	0.0	0.0	0.0	0.0	A
6094	8210	0	0	0.0	0.0	8210.0	0.0	0.0	0.0	0.0	G
6095	8210	0	0	0.0	0.0	8210.0	0.0	0.0	0.0	0.0	A
6096	8210	0	0	0.0	0.0	8210.0	0.0	0.0	0.0	0.0	C
6097	8210	9	0	0.0010962241169305725	0.0	8210.0	0.0	0.0	0.0	0.0	T
6098	8210	0	0	0.0	0.0	8210.0	0.0	0.0	0.0	0.0	A
6099	8210	0	0	0.0	0.0	8210.0	0.0	0.0	0.0	0.0	A
6100	8210	0	0	0.0	0.0	8210.0	0.0	0.0	0.0	0.0	A
6101	8210	0	0	0.0	0.0	8210.0	0.0	0.0	0.0	0.0	C
6102	8210	0	0	0.0	0.0	8210.0	182.0	0.0	0.022168087697929353	0.0	T
6103	8210	0	0	0.0	0.0	8210.0	0.0	0.0	0.0	0.0	G
6104	8210	0	0	0.0	0.0	8210.0	0.0	0.0	0.0	0.0	C
6105	8210	3	0	0.0003654080389768575	0.0	8210.0	0.0	0.0	0.0	0.0	C
6106	8210	0	0	0.0	0.0	8210.0	0.0	0.0	0.0	0.0	A
6107	8210	0	0	0.0	0.0	8210.0	0.0	0.0	0.0	0.0	T
6108	8210	0	0	0.0	0.0	8210.0	4.0	0.0	0.00048721071863581	0.0	T
6109	8210	0	0	0.0	0.0	8210.0	0.0	0.0	0.0	0.0	A
6110	8210	0	0	0.0	0.0	8210.0	1.0	0.0	0.0001218026796589525	0.0	A
6111	8210	0	0	0.0	0.0	8210.0	1.0	0.0	0.0001218026796589525	0.0	A
6112	8210	1	0	0.0001218026796589525	0.0	8210.0	3.0	0.0	0.0003654080389768575	0.0	C
6113	8210	0	0	0.0	0.0	8210.0	0.0	0.0	0.0	0.0	C
6114	8210	0	0	0.0	0.0	8210.0	0.0	0.0	0.0	0.0	G
6115	8210	0	0	0.0	0.0	8210.0	0.0	0.0	0.0	0.0	A
6116	8210	0	0	0.0	0.0	8210.0	0.0	0.0	0.0	0.0	A
6117	8210	0	0	0.0	0.0	8210.0	0.0	0.0	0.0	0.0	T
6118	8210	0	0	0.0	0.0	8210.0	0.0	0.0	0.0	0.0	T
6119	8210	0	0	0.0	0.0	8210.0	0.0	0.0	0.0	0.0	T
6120	8210	0	0	0.0	0.0	8210.0	0.0	0.0	0.0	0.0	G
6121	8210	0	0	0.0	0.0	8210.0	0.0	0.0	0.0	0.0	A
6122	8210	0	0	0.0	0.0	8210.0	0.0	0.0	0.0	0.0	T
6123	8210	0	0	0.0	0.0	8210.0	0.0	0.0	0.0	0.0	A
6124	8210	0	0	0.0	0.0	8210.0	0.0	0.0	0.0	0.0	A
6125	8210	1	0	0.0001218026796589525	0.0	8210.0	0.0	0.0	0.0	0.0	G
6126	8210	0	0	0.0	0.0	8210.0	0.0	0.0	0.0	0.0	A
6127	8210	13	0	0.0015834348355663825	0.0	8210.0	403.0	0.0	0.04908647990255786	0.0	C
6128	8210	0	0	0.0	0.0	8210.0	5.0	0.0	0.0006090133982947625	0.0	G
6129	8210	0	0	0.0	0.0	8210.0	0.0	0.0	0.0	0.0	A
6130	8210	0	0	0.0	0.0	8210.0	0.0	0.0	0.0	0.0	T
6131	8210	0	0	0.0	0.0	8210.0	0.0	0.0	0.0	0.0	T
6132	8210	2	0	0.000243605359317905	0.0	8210.0	0.0	0.0	0.0	0.0	C
6133	8210	0	0	0.0	0.0	8210.0	0.0	0.0	0.0	0.0	A
6134	8210	0	0	0.0	0.0	8210.0	0.0	0.0	0.0	0.0	A
6135	8210	0	0	0.0	0.0	8210.0	0.0	0.0	0.0	0.0	T
6136	8210	1	0	0.0001218026796589525	0.0	8210.0	0.0	0.0	0.0	0.0	C
6137	8210	0	0	0.0	0.0	8210.0	7933.0	0.0	0.9662606577344701	0.0	G
6138	8210	0	0	0.0	0.0	8210.0	1.0	0.0	0.0001218026796589525	0.0	T
6139	8210	0	0	0.0	0.0	8210.0	0.0	0.0	0.0	0.0	T
6140	8210	0	0	0.0	0.0	8210.0	1.0	0.0	0.0001218026796589525	0.0	T
6141	8210	0	0	0.0	0.0	8210.0	0.0	0.0	0.0	0.0	C
6142	8210	0	0	0.0	0.0	8210.0	0.0	0.0	0.0	0.0	C
6143	8210	0	0	0.0	0.0	8210.0	1.0	0.0	0.0001218026796589525	0.0	A
6144	8210	0	0	0.0	0.0	8210.0	2.0	0.0	0.000243605359317905	0.0	A
6145	8210	0	0	0.0	0.0	8210.0	0.0	0.0	0.0	0.0	T
6146	8210	0	0	0.0	0.0	8210.0	0.0	0.0	0.0	0.0	A
6147	8210	0	0	0.0	0.0	8210.0	0.0	0.0	0.0	0.0	A
6148	8210	0	0	0.0	0.0	8210.0	1.0	0.0	0.0001218026796589525	0.0	T
6149	8210	0	0	0.0	0.0	8210.0	0.0	0.0	0.0	0.0	T
6150	8210	0	0	0.0	0.0	8210.0	0.0	0.0	0.0	0.0	G
6151	8210	0	0	0.0	0.0	8210.0	0.0	0.0	0.0	0.0	A
6152	8210	182	0	0.022168087697929353	0.0	8210.0	0.0	0.0	0.0	0.0	C
6153	8210	0	0	0.0	0.0	8210.0	0.0	0.0	0.0	0.0	G
6154	8210	0	0	0.0	0.0	8210.0	1.0	0.0	0.0001218026796589525	0.0	G
6155	8210	0	0	0.0	0.0	8210.0	1.0	0.0	0.0001218026796589525	0.0	A
6156	8210	0	0	0.0	0.0	8210.0	0.0	0.0	0.0	0.0	T
6157	8210	0	0	0.0	0.0	8210.0	0.0	0.0	0.0	0.0	A
6158	8210	4	0	0.00048721071863581	0.0	8210.0	0.0	0.0	0.0	0.0	T
6159	8210	0	0	0.0	0.0	8210.0	0.0	0.0	0.0	0.0	T
6160	8210	1	0	0.0001218026796589525	0.0	8210.0	0.0	0.0	0.0	0.0	T
6161	8210	1	0	0.0001218026796589525	0.0	8210.0	0.0	0.0	0.0	0.0	T
6162	8210	3	0	0.0003654080389768575	0.0	8210.0	0.0	0.0	0.0	0.0	G
6163	8210	0	0	0.0	0.0	8210.0	0.0	0.0	0.0	0.0	C
6164	8210	0	0	0.0	0.0	8210.0	0.0	0.0	0.0	0.0	G
6165	8210	0	0	0.0	0.0	8210.0	0.0	0.0	0.0	0.0	T
6166	8210	0	0	0.0	0.0	8210.0	0.0	0.0	0.0	0.0	A
6167	8210	0	0	0.0	0.0	8210.0	3.0	0.0	0.0003654080389768575	0.0	A
6168	8210	0	0	0.0	0.0	8210.0	0.0	0.0	0.0	0.0	T
6169	8210	0	0	0.0	0.0	8210.0	1.0	0.0	0.0001218026796589525	0.0	A
6170	8210	0	0	0.0	0.0	8210.0	0.0	0.0	0.0	0.0	A
6171	8210	0	0	0.0	0.0	8210.0	1.0	0.0	0.0001218026796589525	0.0	A
6172	8210	0	0	0.0	0.0	8210.0	11.0	0.0	0.0013398294762484776	0.0	C
6173	8210	0	0	0.0	0.0	8210.0	0.0	0.0	0.0	0.0	A
6174	8210	0	0	0.0	0.0	8210.0	0.0	0.0	0.0	0.0	A
6175	8210	0	0	0.0	0.0	8210.0	0.0	0.0	0.0	0.0	T
6176	8210	0	0	0.0	0.0	8210.0	0.0	0.0	0.0	0.0	A
6177	8210	403	0	0.04908647990255786	0.0	8210.0	0.0	0.0	0.0	0.0	G
6178	8210	5	0	0.0006090133982947625	0.0	8210.0	0.0	0.0	0.0	0.0	C
6179	8210	0	0	0.0	0.0	8210.0	0.0	0.0	0.0	0.0	A
6180	8210	0	0	0.0	0.0	8210.0	0.0	0.0	0.0	0.0	T
6181	8210	0	0	0.0	0.0	8210.0	0.0	0.0	0.0	0.0	T
6182	8210	0	0	0.0	0.0	8210.0	5.0	0.0	0.0006090133982947625	0.0	T
6183	8210	0	0	0.0	0.0	8210.0	0.0	0.0	0.0	0.0	C
6184	8210	0	0	0.0	0.0	8210.0	0.0	0.0	0.0	0.0	G
6185	8210	0	0	0.0	0.0	8210.0	0.0	0.0	0.0	0.0	T
6186	8210	0	0	0.0	0.0	8210.0	0.0	0.0	0.0	0.0	G
6187	8210	7933	0	0.9662606577344701	0.0	8210.0	0.0	0.0	0.0	0.0	C
6188	8210	1	0	0.0001218026796589525	0.0	8210.0	0.0	0.0	0.0	0.0	T
6189	8210	0	0	0.0	0.0	8210.0	0.0	0.0	0.0	0.0	T
6190	8210	1	0	0.0001218026796589525	0.0	8210.0	0.0	0.0	0.0	0.0	T
6191	8210	0	0	0.0	0.0	8210.0	0.0	0.0	0.0	0.0	T
6192	8210	0	0	0.0	0.0	8210.0	0.0	0.0	0.0	0.0	T
6193	8210	1	0	0.0001218026796589525	0.0	8210.0	0.0	0.0	0.0	0.0	C
6194	8210	2	0	0.000243605359317905	0.0	8210.0	1.0	0.0	0.0001218026796589525	0.0	T
6195	8210	0	0	0.0	0.0	8210.0	0.0	0.0	0.0	0.0	C
6196	8210	0	0	0.0	0.0	8210.0	0.0	0.0	0.0	0.0	T
6197	8210	0	0	0.0	0.0	8210.0	0.0	0.0	0.0	0.0	C
6198	8210	1	0	0.0001218026796589525	0.0	8210.0	0.0	0.0	0.0	0.0	G
6199	8210	0	0	0.0	0.0	8210.0	0.0	0.0	0.0	0.0	C
6200	8210	0	0	0.0	0.0	8210.0	1428.0	0.0	0.17393422655298416	0.0	T
6201	8210	0	0	0.0	0.0	8210.0	0.0	0.0	0.0	0.0	T
6202	8210	0	0	0.0	0.0	8210.0	0.0	0.0	0.0	0.0	C
6203	8210	0	0	0.0	0.0	8210.0	0.0	10.0	0.0	0.001218026796589525	T
6204	8210	1	0	0.0001218026796589525	0.0	8210.0	0.0	0.0	0.0	0.0	T
6205	8210	1	0	0.0001218026796589525	0.0	8210.0	0.0	0.0	0.0	0.0	T
6206	8210	0	0	0.0	0.0	8210.0	0.0	0.0	0.0	0.0	T
6207	8210	0	0	0.0	0.0	8210.0	0.0	0.0	0.0	0.0	C
6208	8210	0	0	0.0	0.0	8210.0	0.0	0.0	0.0	0.0	A
6209	8210	0	0	0.0	0.0	8210.0	4369.0	0.0	0.5321559074299634	0.0	A
6210	8210	0	0	0.0	0.0	8210.0	2.0	0.0	0.000243605359317905	0.0	A
6211	8210	0	0	0.0	0.0	8210.0	0.0	0.0	0.0	0.0	T
6212	8210	0	0	0.0	0.0	8210.0	0.0	0.0	0.0	0.0	A
6213	8210	0	0	0.0	0.0	8210.0	1.0	0.0	0.0001218026796589525	0.0	A
6214	8210	0	0	0.0	0.0	8210.0	16.0	0.0	0.00194884287454324	0.0	T
6215	8210	0	0	0.0	0.0	8210.0	23.0	0.0	0.0028014616321559074	0.0	A
6216	8210	0	0	0.0	0.0	8210.0	0.0	0.0	0.0	0.0	A
6217	8210	3	0	0.0003654080389768575	0.0	8210.0	0.0	0.0	0.0	0.0	A
6218	8210	0	0	0.0	0.0	8210.0	0.0	0.0	0.0	0.0	T
6219	8210	1	0	0.0001218026796589525	0.0	8210.0	0.0	0.0	0.0	0.0	C
6220	8210	0	0	0.0	0.0	8210.0	0.0	0.0	0.0	0.0	A
6221	8210	1	0	0.0001218026796589525	0.0	8210.0	0.0	0.0	0.0	0.0	T
6222	8210	11	0	0.0013398294762484776	0.0	8210.0	0.0	0.0	0.0	0.0	C
6223	8210	0	0	0.0	0.0	8210.0	0.0	0.0	0.0	0.0	G
6224	8210	0	0	0.0	0.0	8210.0	0.0	0.0	0.0	0.0	A
6225	8210	0	0	0.0	0.0	8210.0	0.0	0.0	0.0	0.0	A
6226	8210	0	0	0.0	0.0	8210.0	0.0	0.0	0.0	0.0	T
6227	8210	0	0	0.0	0.0	8210.0	0.0	0.0	0.0	0.0	A
6228	8210	0	0	0.0	0.0	8210.0	0.0	0.0	0.0	0.0	A
6229	8210	0	0	0.0	0.0	8210.0	3.0	0.0	0.0003654080389768575	0.0	G
6230	8210	0	0	0.0	0.0	8210.0	31.0	0.0	0.0037758830694275274	0.0	C
6231	8210	0	0	0.0	0.0	8210.0	0.0	0.0	0.0	0.0	G
6232	8210	5	0	0.0006090133982947625	0.0	8210.0	1.0	0.0	0.0001218026796589525	0.0	T
6233	8210	0	0	0.0	0.0	8210.0	0.0	0.0	0.0	0.0	T
6234	8210	0	0	0.0	0.0	8210.0	0.0	0.0	0.0	0.0	C
6235	8210	0	0	0.0	0.0	8210.0	0.0	0.0	0.0	0.0	A
6236	8210	0	0	0.0	0.0	8210.0	0.0	0.0	0.0	0.0	A
6237	8210	0	0	0.0	0.0	8210.0	0.0	0.0	0.0	0.0	T
6238	8210	0	0	0.0	0.0	8210.0	0.0	0.0	0.0	0.0	T
6239	8210	0	0	0.0	0.0	8210.0	0.0	0.0	0.0	0.0	T
6240	8210	0	0	0.0	0.0	8210.0	0.0	0.0	0.0	0.0	C
6241	8210	0	0	0.0	0.0	8210.0	0.0	0.0	0.0	0.0	T
6242	8210	0	0	0.0	0.0	8210.0	0.0	0.0	0.0	0.0	T
6243	8210	0	0	0.0	0.0	8210.0	0.0	0.0	0.0	0.0	T
6244	8210	1	0	0.0001218026796589525	0.0	8210.0	6.0	0.0	0.000730816077953715	0.0	C
6245	8210	0	0	0.0	0.0	8210.0	0.0	0.0	0.0	0.0	G
6246	8210	0	0	0.0	0.0	8210.0	31.0	0.0	0.0037758830694275274	0.0	A
6247	8210	0	0	0.0	0.0	8210.0	0.0	0.0	0.0	0.0	G
6248	8210	0	0	0.0	0.0	8210.0	0.0	0.0	0.0	0.0	A
6249	8210	0	0	0.0	0.0	8210.0	0.0	0.0	0.0	0.0	T
6250	8210	1428	0	0.17393422655298416	0.0	8210.0	1.0	0.0	0.0001218026796589525	0.0	G
6251	8210	0	0	0.0	0.0	8210.0	2.0	0.0	0.000243605359317905	0.0	T
6252	8210	0	0	0.0	0.0	8210.0	2.0	0.0	0.000243605359317905	0.0	C
6253	8210	0	10	0.0	0.001218026796589525	8210.0	0.0	0.0	0.0	0.0	G
6254	8210	0	0	0.0	0.0	8210.0	0.0	0.0	0.0	0.0	T
6255	8210	0	0	0.0	0.0	8210.0	0.0	0.0	0.0	0.0	T
6256	8210	0	0	0.0	0.0	8210.0	0.0	0.0	0.0	0.0	A
6257	8210	0	0	0.0	0.0	8210.0	0.0	0.0	0.0	0.0	T
6258	8210	0	0	0.0	0.0	8210.0	0.0	0.0	0.0	0.0	T
6259	8210	4369	0	0.5321559074299634	0.0	8210.0	1.0	0.0	0.0001218026796589525	0.0	A
6260	8210	2	0	0.000243605359317905	0.0	8210.0	0.0	0.0	0.0	0.0	G
6261	8210	0	0	0.0	0.0	8210.0	0.0	0.0	0.0	0.0	C
6262	8210	0	0	0.0	0.0	8210.0	0.0	0.0	0.0	0.0	A
6263	8210	1	0	0.0001218026796589525	0.0	8210.0	0.0	0.0	0.0	0.0	G
6264	8210	16	0	0.00194884287454324	0.0	8210.0	0.0	0.0	0.0	0.0	T
6265	8210	23	0	0.0028014616321559074	0.0	8210.0	0.0	0.0	0.0	0.0	G
6266	8210	0	0	0.0	0.0	8210.0	0.0	0.0	0.0	0.0	G
6267	8210	0	0	0.0	0.0	8210.0	0.0	0.0	0.0	0.0	A
6268	8210	0	0	0.0	0.0	8210.0	0.0	0.0	0.0	0.0	A
6269	8210	0	0	0.0	0.0	8210.0	0.0	0.0	0.0	0.0	A
6270	8210	0	0	0.0	0.0	8210.0	0.0	0.0	0.0	0.0	G
6271	8210	0	0	0.0	0.0	8210.0	0.0	0.0	0.0	0.0	A
6272	8210	0	0	0.0	0.0	8210.0	0.0	0.0	0.0	0.0	T
6273	8210	0	0	0.0	0.0	8210.0	0.0	0.0	0.0	0.0	G
6274	8210	0	0	0.0	0.0	8210.0	0.0	0.0	0.0	0.0	A
6275	8210	0	0	0.0	0.0	8210.0	0.0	0.0	0.0	0.0	T
6276	8210	0	0	0.0	0.0	8210.0	543.0	0.0	0.06613885505481121	0.0	G
6277	8210	0	0	0.0	0.0	8210.0	0.0	0.0	0.0	0.0	A
6278	8210	0	0	0.0	0.0	8210.0	0.0	0.0	0.0	0.0	T
6279	8210	3	0	0.0003654080389768575	0.0	8210.0	3.0	0.0	0.0003654080389768575	0.0	G
6280	8210	31	0	0.0037758830694275274	0.0	8210.0	0.0	0.0	0.0	0.0	G
6281	8210	0	0	0.0	0.0	8210.0	0.0	0.0	0.0	0.0	T
6282	8210	1	0	0.0001218026796589525	0.0	8210.0	0.0	0.0	0.0	0.0	G
6283	8210	0	0	0.0	0.0	8210.0	0.0	0.0	0.0	0.0	A
6284	8210	0	0	0.0	0.0	8210.0	1.0	0.0	0.0001218026796589525	0.0	G
6285	8210	0	0	0.0	0.0	8210.0	9.0	0.0	0.0010962241169305725	0.0	A
6286	8210	0	0	0.0	0.0	8210.0	0.0	0.0	0.0	0.0	G
6287	8210	0	0	0.0	0.0	8210.0	0.0	0.0	0.0	0.0	A
6288	8210	0	0	0.0	0.0	8210.0	0.0	0.0	0.0	0.0	C
6289	8210	0	0	0.0	0.0	8210.0	5.0	0.0	0.0006090133982947625	0.0	A
6290	8210	0	0	0.0	0.0	8210.0	0.0	0.0	0.0	0.0	T
6291	8210	0	0	0.0	0.0	8210.0	0.0	0.0	0.0	0.0	A
6292	8210	0	0	0.0	0.0	8210.0	0.0	0.0	0.0	0.0	A
6293	8210	0	0	0.0	0.0	8210.0	0.0	0.0	0.0	0.0	A
6294	8210	6	0	0.000730816077953715	0.0	8210.0	3.0	0.0	0.0003654080389768575	0.0	G
6295	8210	0	0	0.0	0.0	8210.0	0.0	0.0	0.0	0.0	A
6296	8210	31	0	0.0037758830694275274	0.0	8210.0	0.0	0.0	0.0	0.0	C
6297	8210	0	0	0.0	0.0	8210.0	8.0	0.0	0.00097442143727162	0.0	G
6298	8210	0	0	0.0	0.0	8210.0	0.0	0.0	0.0	0.0	A
6299	8210	0	0	0.0	0.0	8210.0	1.0	0.0	0.0001218026796589525	0.0	A
6300	8210	1	0	0.0001218026796589525	0.0	8210.0	0.0	0.0	0.0	0.0	G
6301	8210	2	0	0.000243605359317905	0.0	8210.0	0.0	0.0	0.0	0.0	G
6302	8210	2	0	0.000243605359317905	0.0	8210.0	0.0	0.0	0.0	0.0	A
6303	8210	0	0	0.0	0.0	8210.0	0.0	0.0	0.0	0.0	T
6304	8210	0	0	0.0	0.0	8210.0	0.0	0.0	0.0	0.0	T
6305	8210	0	0	0.0	0.0	8210.0	0.0	0.0	0.0	0.0	C
6306	8210	0	0	0.0	0.0	8210.0	0.0	0.0	0.0	0.0	G
6307	8210	0	0	0.0	0.0	8210.0	0.0	0.0	0.0	0.0	T
6308	8210	0	0	0.0	0.0	8210.0	0.0	0.0	0.0	0.0	T
6309	8210	1	0	0.0001218026796589525	0.0	8210.0	0.0	0.0	0.0	0.0	C
6310	8210	0	0	0.0	0.0	8210.0	0.0	0.0	0.0	0.0	A
6311	8210	0	0	0.0	0.0	8210.0	0.0	0.0	0.0	0.0	T
6312	8210	0	0	0.0	0.0	8210.0	0.0	0.0	0.0	0.0	A
6313	8210	0	0	0.0	0.0	8210.0	286.0	0.0	0.034835566382460416	0.0	A
6314	8210	0	0	0.0	0.0	8210.0	1.0	0.0	0.0001218026796589525	0.0	C
6315	8210	0	0	0.0	0.0	8210.0	0.0	0.0	0.0	0.0	T
6316	8210	0	0	0.0	0.0	8210.0	0.0	0.0	0.0	0.0	C
6317	8210	0	0	0.0	0.0	8210.0	0.0	0.0	0.0	0.0	T
6318	8210	0	0	0.0	0.0	8210.0	0.0	0.0	0.0	0.0	G
6319	8210	0	0	0.0	0.0	8210.0	0.0	0.0	0.0	0.0	G
6320	8210	0	0	0.0	0.0	8210.0	922.0	0.0	0.1123020706455542	0.0	A
6321	8210	0	0	0.0	0.0	8210.0	1.0	0.0	0.0001218026796589525	0.0	T
6322	8210	0	0	0.0	0.0	8210.0	0.0	0.0	0.0	0.0	A
6323	8210	0	0	0.0	0.0	8210.0	0.0	0.0	0.0	0.0	A
6324	8210	0	0	0.0	0.0	8210.0	0.0	0.0	0.0	0.0	T
6325	8210	0	0	0.0	0.0	8210.0	2.0	0.0	0.000243605359317905	0.0	T
6326	8210	543	0	0.06613885505481121	0.0	8210.0	2.0	0.0	0.000243605359317905	0.0	C
6327	8210	0	0	0.0	0.0	8210.0	1110.0	0.0	0.13520097442143728	0.0	T
6328	8210	0	0	0.0	0.0	8210.0	0.0	0.0	0.0	0.0	T
6329	8210	3	0	0.0003654080389768575	0.0	8210.0	17.0	0.0	0.0020706455542021922	0.0	C
6330	8210	0	0	0.0	0.0	8210.0	0.0	0.0	0.0	0.0	T
6331	8210	0	0	0.0	0.0	8210.0	0.0	0.0	0.0	0.0	T
6332	8210	0	0	0.0	0.0	8210.0	0.0	0.0	0.0	0.0	T
6333	8210	0	0	0.0	0.0	8210.0	0.0	0.0	0.0	0.0	G
6334	8210	1	0	0.0001218026796589525	0.0	8210.0	0.0	0.0	0.0	0.0	C
6335	8210	9	0	0.0010962241169305725	0.0	8210.0	0.0	0.0	0.0	0.0	G
6336	8210	0	0	0.0	0.0	8210.0	0.0	0.0	0.0	0.0	C
6337	8210	0	0	0.0	0.0	8210.0	16.0	0.0	0.00194884287454324	0.0	A
6338	8210	0	0	0.0	0.0	8210.0	0.0	0.0	0.0	0.0	A
6339	8210	5	0	0.0006090133982947625	0.0	8210.0	0.0	0.0	0.0	0.0	G
6340	8210	0	0	0.0	0.0	8210.0	0.0	0.0	0.0	0.0	C
6341	8210	0	0	0.0	0.0	8210.0	0.0	0.0	0.0	0.0	T
6342	8210	0	0	0.0	0.0	8210.0	0.0	0.0	0.0	0.0	C
6343	8210	0	0	0.0	0.0	8210.0	1.0	0.0	0.0001218026796589525	0.0	T
6344	8210	3	0	0.0003654080389768575	0.0	8210.0	0.0	0.0	0.0	0.0	G
6345	8210	0	0	0.0	0.0	8210.0	0.0	0.0	0.0	0.0	T
6346	8210	0	0	0.0	0.0	8210.0	0.0	0.0	0.0	0.0	T
6347	8210	8	0	0.00097442143727162	0.0	8210.0	0.0	0.0	0.0	0.0	T
6348	8210	0	0	0.0	0.0	8210.0	7196.0	0.0	0.8764920828258221	0.0	C
6349	8210	1	0	0.0001218026796589525	0.0	8210.0	1.0	0.0	0.0001218026796589525	0.0	C
6350	8210	0	0	0.0	0.0	8210.0	0.0	0.0	0.0	0.0	T
6351	8210	0	0	0.0	0.0	8210.0	0.0	0.0	0.0	0.0	C
6352	8210	0	0	0.0	0.0	8210.0	0.0	0.0	0.0	0.0	T
6353	8210	0	0	0.0	0.0	8210.0	0.0	0.0	0.0	0.0	A
6354	8210	0	0	0.0	0.0	8210.0	0.0	0.0	0.0	0.0	A
6355	8210	0	0	0.0	0.0	8210.0	0.0	0.0	0.0	0.0	C
6356	8210	0	0	0.0	0.0	8210.0	0.0	0.0	0.0	0.0	A
6357	8210	0	0	0.0	0.0	8210.0	1.0	0.0	0.0001218026796589525	0.0	A
6358	8210	0	0	0.0	0.0	8210.0	586.0	0.0	0.07137637028014616	0.0	A
6359	8210	0	0	0.0	0.0	8210.0	709.0	0.0	0.08635809987819731	0.0	C
6360	8210	0	0	0.0	0.0	8210.0	0.0	0.0	0.0	0.0	T
6361	8210	0	0	0.0	0.0	8210.0	0.0	0.0	0.0	0.0	A
6362	8210	0	0	0.0	0.0	8210.0	0.0	0.0	0.0	0.0	A
6363	8210	286	0	0.034835566382460416	0.0	8210.0	992.0	0.0	0.12082825822168088	0.0	C
6364	8210	1	0	0.0001218026796589525	0.0	8210.0	165.0	0.0	0.020097442143727162	0.0	C
6365	8210	0	0	0.0	0.0	8210.0	0.0	0.0	0.0	0.0	A
6366	8210	0	0	0.0	0.0	8210.0	1.0	0.0	0.0001218026796589525	0.0	G
6367	8210	0	0	0.0	0.0	8210.0	9.0	0.0	0.0010962241169305725	0.0	A
6368	8210	0	0	0.0	0.0	8210.0	0.0	0.0	0.0	0.0	T
6369	8210	0	0	0.0	0.0	8210.0	3720.0	4.0	0.4531059683313033	0.00048721071863581	T
6370	8210	922	0	0.1123020706455542	0.0	8210.0	0.0	4.0	0.0	0.00048721071863581	T
6371	8210	1	0	0.0001218026796589525	0.0	8210.0	0.0	4.0	0.0	0.00048721071863581	G
6372	8210	0	0	0.0	0.0	8210.0	0.0	4.0	0.0	0.00048721071863581	T
6373	8210	0	0	0.0	0.0	8210.0	0.0	0.0	0.0	0.0	T
6374	8210	0	0	0.0	0.0	8210.0	3704.0	0.0	0.45115712545676007	0.0	T
6375	8210	2	0	0.000243605359317905	0.0	8210.0	0.0	0.0	0.0	0.0	G
6376	8210	2	0	0.000243605359317905	0.0	8210.0	0.0	0.0	0.0	0.0	C
6377	8210	1110	0	0.13520097442143728	0.0	8210.0	1.0	0.0	0.0001218026796589525	0.0	T
6378	8210	0	0	0.0	0.0	8210.0	0.0	3.0	0.0	0.0003654080389768575	C
6379	8210	17	0	0.0020706455542021922	0.0	8210.0	6.0	3.0	0.000730816077953715	0.0003654080389768575	A
6380	8210	0	0	0.0	0.0	8210.0	0.0	3.0	0.0	0.0003654080389768575	T
6381	8210	0	0	0.0	0.0	8210.0	1.0	3.0	0.0001218026796589525	0.0003654080389768575	C
6382	8210	0	0	0.0	0.0	8210.0	0.0	0.0	0.0	0.0	T
6383	8210	0	0	0.0	0.0	8210.0	35.0	0.0	0.004263093788063338	0.0	A
6384	8210	0	0	0.0	0.0	8210.0	0.0	0.0	0.0	0.0	A
6385	8210	0	0	0.0	0.0	8210.0	457.0	0.0	0.05566382460414129	0.0	A
6386	8210	0	0	0.0	0.0	8210.0	0.0	0.0	0.0	0.0	C
6387	8210	16	0	0.00194884287454324	0.0	8210.0	0.0	0.0	0.0	0.0	G
6388	8210	0	0	0.0	0.0	8210.0	0.0	0.0	0.0	0.0	A
6389	8210	0	0	0.0	0.0	8210.0	0.0	0.0	0.0	0.0	A
6390	8210	0	0	0.0	0.0	8210.0	0.0	0.0	0.0	0.0	T
6391	8210	0	0	0.0	0.0	8210.0	0.0	0.0	0.0	0.0	A
6392	8210	0	0	0.0	0.0	8210.0	0.0	0.0	0.0	0.0	G
6393	8210	1	0	0.0001218026796589525	0.0	8210.0	0.0	0.0	0.0	0.0	G
6394	8210	0	0	0.0	0.0	8210.0	0.0	0.0	0.0	0.0	C
6395	8210	0	0	0.0	0.0	8210.0	8.0	0.0	0.00097442143727162	0.0	A
6396	8210	0	0	0.0	0.0	8210.0	0.0	0.0	0.0	0.0	A
6397	8210	0	0	0.0	0.0	8210.0	1.0	0.0	0.0001218026796589525	0.0	T
6398	8210	7196	0	0.8764920828258221	0.0	8210.0	8.0	0.0	0.00097442143727162	0.0	C
6399	8210	1	0	0.0001218026796589525	0.0	8210.0	0.0	0.0	0.0	0.0	C
6400	8210	0	0	0.0	0.0	8210.0	35.0	0.0	0.004263093788063338	0.0	A
6401	8210	0	0	0.0	0.0	8210.0	35.0	0.0	0.004263093788063338	0.0	T
6402	8210	0	0	0.0	0.0	8210.0	15.0	0.0	0.0018270401948842874	0.0	T
6403	8210	0	0	0.0	0.0	8210.0	0.0	0.0	0.0	0.0	T
6404	8210	0	0	0.0	0.0	8210.0	0.0	0.0	0.0	0.0	T
6405	8210	0	0	0.0	0.0	8210.0	0.0	0.0	0.0	0.0	C
6406	8210	0	0	0.0	0.0	8210.0	0.0	0.0	0.0	0.0	A
6407	8210	1	0	0.0001218026796589525	0.0	8210.0	5167.0	0.0	0.6293544457978075	0.0	T
6408	8210	586	0	0.07137637028014616	0.0	8210.0	0.0	0.0	0.0	0.0	C
6409	8210	709	0	0.08635809987819731	0.0	8210.0	0.0	0.0	0.0	0.0	A
6410	8210	0	0	0.0	0.0	8210.0	0.0	0.0	0.0	0.0	G
6411	8210	0	0	0.0	0.0	8210.0	0.0	0.0	0.0	0.0	G
6412	8210	0	0	0.0	0.0	8210.0	0.0	0.0	0.0	0.0	A
6413	8210	992	0	0.12082825822168088	0.0	8210.0	0.0	0.0	0.0	0.0	G
6414	8210	165	0	0.020097442143727162	0.0	8210.0	0.0	0.0	0.0	0.0	C
6415	8210	0	0	0.0	0.0	8210.0	0.0	0.0	0.0	0.0	T
6416	8210	1	0	0.0001218026796589525	0.0	8210.0	8.0	0.0	0.00097442143727162	0.0	A
6417	8210	9	0	0.0010962241169305725	0.0	8210.0	0.0	0.0	0.0	0.0	G
6418	8210	0	0	0.0	0.0	8210.0	1.0	0.0	0.0001218026796589525	0.0	T
6419	8210	3720	4	0.4531059683313033	0.00048721071863581	8210.0	27.0	0.0	0.0032886723507917176	0.0	T
6420	8210	0	4	0.0	0.00048721071863581	8210.0	0.0	0.0	0.0	0.0	T
6421	8210	0	4	0.0	0.00048721071863581	8210.0	1.0	0.0	0.0001218026796589525	0.0	G
6422	8210	0	4	0.0	0.00048721071863581	8210.0	0.0	0.0	0.0	0.0	A
6423	8210	0	0	0.0	0.0	8210.0	0.0	0.0	0.0	0.0	T
6424	8210	3704	0	0.45115712545676007	0.0	8210.0	3.0	0.0	0.0003654080389768575	0.0	T
6425	8210	0	0	0.0	0.0	8210.0	0.0	0.0	0.0	0.0	G
6426	8210	0	0	0.0	0.0	8210.0	1736.0	0.0	0.21144945188794154	0.0	A
6427	8210	1	0	0.0001218026796589525	0.0	8210.0	1394.0	0.0	0.16979293544457977	0.0	T
6428	8210	0	3	0.0	0.0003654080389768575	8210.0	0.0	0.0	0.0	0.0	T
6429	8210	6	3	0.000730816077953715	0.0003654080389768575	8210.0	0.0	0.0	0.0	0.0	G
6430	8210	0	3	0.0	0.0003654080389768575	8210.0	0.0	0.0	0.0	0.0	A
6431	8210	1	3	0.0001218026796589525	0.0003654080389768575	8210.0	1736.0	0.0	0.21144945188794154	0.0	T
6432	8210	0	0	0.0	0.0	8210.0	0.0	0.0	0.0	0.0	C
6433	8210	35	0	0.004263093788063338	0.0	8210.0	0.0	0.0	0.0	0.0	C
6434	8210	0	0	0.0	0.0	8210.0	0.0	0.0	0.0	0.0	A
6435	8210	457	0	0.05566382460414129	0.0	8210.0	0.0	0.0	0.0	0.0	G
6436	8210	0	0	0.0	0.0	8210.0	0.0	0.0	0.0	0.0	A
6437	8210	0	0	0.0	0.0	8210.0	90.0	0.0	0.010962241169305725	0.0	A
6438	8210	0	0	0.0	0.0	8210.0	0.0	0.0	0.0	0.0	A
6439	8210	0	0	0.0	0.0	8210.0	0.0	0.0	0.0	0.0	T
6440	8210	0	0	0.0	0.0	8210.0	123.0	0.0	0.014981729598051156	0.0	T
6441	8210	0	0	0.0	0.0	8210.0	1707.0	0.0	0.20791717417783193	0.0	C
6442	8210	0	0	0.0	0.0	8210.0	33.0	0.0	0.004019488428745432	0.0	T
6443	8210	0	0	0.0	0.0	8210.0	14.0	0.0	0.001705237515225335	0.0	T
6444	8210	0	0	0.0	0.0	8210.0	1.0	0.0	0.0001218026796589525	0.0	T
6445	8210	8	0	0.00097442143727162	0.0	8210.0	0.0	0.0	0.0	0.0	C
6446	8210	0	0	0.0	0.0	8210.0	0.0	0.0	0.0	0.0	G
6447	8210	1	0	0.0001218026796589525	0.0	8210.0	0.0	0.0	0.0	0.0	G
6448	8210	8	0	0.00097442143727162	0.0	8210.0	0.0	0.0	0.0	0.0	T
6449	8210	0	0	0.0	0.0	8210.0	0.0	0.0	0.0	0.0	A
6450	8210	35	0	0.004263093788063338	0.0	8210.0	0.0	0.0	0.0	0.0	G
6451	8210	35	0	0.004263093788063338	0.0	8210.0	0.0	0.0	0.0	0.0	A
6452	8210	15	0	0.0018270401948842874	0.0	8210.0	40.0	0.0	0.0048721071863581	0.0	T
6453	8210	0	0	0.0	0.0	8210.0	0.0	0.0	0.0	0.0	C
6454	8210	0	0	0.0	0.0	8210.0	1.0	0.0	0.0001218026796589525	0.0	G
6455	8210	0	0	0.0	0.0	8210.0	57.0	0.0	0.006942752740560293	0.0	T
6456	8210	0	0	0.0	0.0	8210.0	0.0	0.0	0.0	0.0	G
6457	8210	5167	0	0.6293544457978075	0.0	8210.0	0.0	0.0	0.0	0.0	T
6458	8210	0	0	0.0	0.0	8210.0	0.0	0.0	0.0	0.0	A
6459	8210	0	0	0.0	0.0	8210.0	0.0	0.0	0.0	0.0	A
6460	8210	0	0	0.0	0.0	8210.0	0.0	0.0	0.0	0.0	A
6461	8210	0	0	0.0	0.0	8210.0	0.0	0.0	0.0	0.0	G
6462	8210	0	0	0.0	0.0	8210.0	0.0	0.0	0.0	0.0	T
6463	8210	0	0	0.0	0.0	8210.0	0.0	0.0	0.0	0.0	G
6464	8210	0	0	0.0	0.0	8210.0	0.0	0.0	0.0	0.0	A
6465	8210	0	0	0.0	0.0	8210.0	1.0	0.0	0.0001218026796589525	0.0	T
6466	8210	8	0	0.00097442143727162	0.0	8210.0	1.0	0.0	0.0001218026796589525	0.0	T
6467	8210	0	0	0.0	0.0	8210.0	0.0	0.0	0.0	0.0	G
6468	8210	1	0	0.0001218026796589525	0.0	8210.0	0.0	0.0	0.0	0.0	G
6469	8210	27	0	0.0032886723507917176	0.0	8210.0	0.0	0.0	0.0	0.0	A
6470	8210	0	0	0.0	0.0	8210.0	1.0	0.0	0.0001218026796589525	0.0	A
6471	8210	1	0	0.0001218026796589525	0.0	8210.0	0.0	0.0	0.0	0.0	T
6472	8210	0	0	0.0	0.0	8210.0	0.0	0.0	0.0	0.0	A
6473	8210	0	0	0.0	0.0	8210.0	0.0	0.0	0.0	0.0	A
6474	8210	3	0	0.0003654080389768575	0.0	8210.0	0.0	0.0	0.0	0.0	C
6475	8210	0	0	0.0	0.0	8210.0	0.0	0.0	0.0	0.0	A
6476	8210	1736	0	0.21144945188794154	0.0	8210.0	0.0	0.0	0.0	0.0	C
6477	8210	1394	0	0.16979293544457977	0.0	8210.0	0.0	0.0	0.0	0.0	G
6478	8210	0	0	0.0	0.0	8210.0	0.0	0.0	0.0	0.0	T
6479	8210	0	0	0.0	0.0	8210.0	0.0	0.0	0.0	0.0	T
6480	8210	0	0	0.0	0.0	8210.0	0.0	0.0	0.0	0.0	T
6481	8210	1736	0	0.21144945188794154	0.0	8210.0	0.0	0.0	0.0	0.0	A
6482	8210	0	0	0.0	0.0	8210.0	0.0	0.0	0.0	0.0	T
6483	8210	0	0	0.0	0.0	8210.0	0.0	0.0	0.0	0.0	C
6484	8210	0	0	0.0	0.0	8210.0	26.0	0.0	0.003166869671132765	0.0	A
6485	8210	0	0	0.0	0.0	8210.0	0.0	0.0	0.0	0.0	A
6486	8210	0	0	0.0	0.0	8210.0	0.0	0.0	0.0	0.0	G
6487	8210	90	0	0.010962241169305725	0.0	8210.0	0.0	0.0	0.0	0.0	A
6488	8210	0	0	0.0	0.0	8210.0	0.0	0.0	0.0	0.0	T
6489	8210	0	0	0.0	0.0	8210.0	0.0	0.0	0.0	0.0	T
6490	8210	123	0	0.014981729598051156	0.0	8210.0	0.0	0.0	0.0	0.0	G
6491	8210	1707	0	0.20791717417783193	0.0	8210.0	1434.0	0.0	0.17466504263093788	0.0	G
6492	8210	33	0	0.004019488428745432	0.0	8210.0	0.0	0.0	0.0	0.0	C
6493	8210	14	0	0.001705237515225335	0.0	8210.0	0.0	0.0	0.0	0.0	G
6494	8210	1	0	0.0001218026796589525	0.0	8210.0	1.0	0.0	0.0001218026796589525	0.0	G
6495	8210	0	0	0.0	0.0	8210.0	0.0	0.0	0.0	0.0	C
6496	8210	0	0	0.0	0.0	8210.0	0.0	0.0	0.0	0.0	A
6497	8210	0	0	0.0	0.0	8210.0	8.0	0.0	0.00097442143727162	0.0	A
6498	8210	0	0	0.0	0.0	8210.0	0.0	0.0	0.0	0.0	A
6499	8210	0	0	0.0	0.0	8210.0	0.0	0.0	0.0	0.0	G
6500	8210	0	0	0.0	0.0	8210.0	1.0	0.0	0.0001218026796589525	0.0	C
6501	8210	0	0	0.0	0.0	8210.0	0.0	0.0	0.0	0.0	T
6502	8210	40	0	0.0048721071863581	0.0	8210.0	37.0	0.0	0.004506699147381242	0.0	G
6503	8210	0	0	0.0	0.0	8210.0	0.0	0.0	0.0	0.0	C
6504	8210	1	0	0.0001218026796589525	0.0	8210.0	0.0	0.0	0.0	0.0	G
6505	8210	57	0	0.006942752740560293	0.0	8210.0	0.0	0.0	0.0	0.0	T
6506	8210	0	0	0.0	0.0	8210.0	0.0	0.0	0.0	0.0	G
6507	8210	0	0	0.0	0.0	8210.0	0.0	0.0	0.0	0.0	C
6508	8210	0	0	0.0	0.0	8210.0	0.0	0.0	0.0	0.0	A
6509	8210	0	0	0.0	0.0	8210.0	1.0	0.0	0.0001218026796589525	0.0	G
6510	8210	0	0	0.0	0.0	8210.0	0.0	0.0	0.0	0.0	T
6511	8210	0	0	0.0	0.0	8210.0	0.0	0.0	0.0	0.0	A
6512	8210	0	0	0.0	0.0	8210.0	3670.0	0.0	0.4470158343483557	0.0	A
6513	8210	0	0	0.0	0.0	8210.0	0.0	0.0	0.0	0.0	T
6514	8210	0	0	0.0	0.0	8210.0	0.0	0.0	0.0	0.0	A
6515	8210	1	0	0.0001218026796589525	0.0	8210.0	0.0	0.0	0.0	0.0	A
6516	8210	1	0	0.0001218026796589525	0.0	8210.0	0.0	0.0	0.0	0.0	T
6517	8210	0	0	0.0	0.0	8210.0	0.0	0.0	0.0	0.0	T
6518	8210	0	0	0.0	0.0	8210.0	0.0	0.0	0.0	0.0	T
6519	8210	0	0	0.0	0.0	8210.0	0.0	0.0	0.0	0.0	T
6520	8210	1	0	0.0001218026796589525	0.0	8210.0	0.0	0.0	0.0	0.0	T
6521	8210	0	0	0.0	0.0	8210.0	0.0	0.0	0.0	0.0	A
6522	8210	0	0	0.0	0.0	8210.0	0.0	0.0	0.0	0.0	T
6523	8210	0	0	0.0	0.0	8210.0	1.0	0.0	0.0001218026796589525	0.0	A
6524	8210	0	0	0.0	0.0	8210.0	0.0	0.0	0.0	0.0	T
6525	8210	0	0	0.0	0.0	8210.0	0.0	0.0	0.0	0.0	T
6526	8210	0	0	0.0	0.0	8210.0	1007.0	0.0	0.12265529841656517	0.0	A
6527	8210	0	0	0.0	0.0	8210.0	0.0	0.0	0.0	0.0	T
6528	8210	0	0	0.0	0.0	8210.0	0.0	0.0	0.0	0.0	T
6529	8210	0	0	0.0	0.0	8210.0	0.0	0.0	0.0	0.0	T
6530	8210	0	0	0.0	0.0	8210.0	0.0	0.0	0.0	0.0	C
6531	8210	0	0	0.0	0.0	8210.0	0.0	0.0	0.0	0.0	T
6532	8210	0	0	0.0	0.0	8210.0	0.0	0.0	0.0	0.0	T
6533	8210	0	0	0.0	0.0	8210.0	0.0	0.0	0.0	0.0	A
6534	8210	26	0	0.003166869671132765	0.0	8210.0	0.0	0.0	0.0	0.0	A
6535	8210	0	0	0.0	0.0	8210.0	0.0	0.0	0.0	0.0	T
6536	8210	0	0	0.0	0.0	8210.0	0.0	0.0	0.0	0.0	T
6537	8210	0	0	0.0	0.0	8210.0	0.0	0.0	0.0	0.0	C
6538	8210	0	0	0.0	0.0	8210.0	9.0	0.0	0.0010962241169305725	0.0	A
6539	8210	0	0	0.0	0.0	8210.0	0.0	0.0	0.0	0.0	C
6540	8210	0	0	0.0	0.0	8210.0	0.0	0.0	0.0	0.0	C
6541	8210	1434	0	0.17466504263093788	0.0	8210.0	0.0	0.0	0.0	0.0	T
6542	8210	0	0	0.0	0.0	8210.0	5.0	0.0	0.0006090133982947625	0.0	A
6543	8210	0	0	0.0	0.0	8210.0	0.0	0.0	0.0	0.0	C
6544	8210	1	0	0.0001218026796589525	0.0	8210.0	0.0	0.0	0.0	0.0	A
6545	8210	0	0	0.0	0.0	8210.0	0.0	0.0	0.0	0.0	T
6546	8210	0	0	0.0	0.0	8210.0	1.0	0.0	0.0001218026796589525	0.0	T
6547	8210	8	0	0.00097442143727162	0.0	8210.0	0.0	0.0	0.0	0.0	G
6548	8210	0	0	0.0	0.0	8210.0	0.0	0.0	0.0	0.0	C
6549	8210	0	0	0.0	0.0	8210.0	0.0	0.0	0.0	0.0	C
6550	8210	1	0	0.0001218026796589525	0.0	8210.0	1.0	0.0	0.0001218026796589525	0.0	T
6551	8210	0	0	0.0	0.0	8210.0	0.0	0.0	0.0	0.0	A
6552	8210	37	0	0.004506699147381242	0.0	8210.0	125.0	0.0	0.015225334957369063	0.0	C
6553	8210	0	0	0.0	0.0	8210.0	0.0	0.0	0.0	0.0	A
6554	8210	0	0	0.0	0.0	8210.0	0.0	0.0	0.0	0.0	T
6555	8210	0	0	0.0	0.0	8210.0	0.0	0.0	0.0	0.0	A
6556	8210	0	0	0.0	0.0	8210.0	28.0	0.0	0.00341047503045067	0.0	A
6557	8210	0	0	0.0	0.0	8210.0	0.0	0.0	0.0	0.0	T
6558	8210	0	0	0.0	0.0	8210.0	0.0	0.0	0.0	0.0	G
6559	8210	1	0	0.0001218026796589525	0.0	8210.0	0.0	0.0	0.0	0.0	G
6560	8210	0	0	0.0	0.0	8210.0	0.0	0.0	0.0	0.0	T
6561	8210	0	0	0.0	0.0	8210.0	0.0	0.0	0.0	0.0	G
6562	8210	3670	0	0.4470158343483557	0.0	8210.0	0.0	0.0	0.0	0.0	G
6563	8210	0	0	0.0	0.0	8210.0	0.0	0.0	0.0	0.0	T
6564	8210	0	0	0.0	0.0	8210.0	1.0	0.0	0.0001218026796589525	0.0	T
6565	8210	0	0	0.0	0.0	8210.0	0.0	0.0	0.0	0.0	T
6566	8210	0	0	0.0	0.0	8210.0	0.0	0.0	0.0	0.0	T
6567	8210	0	0	0.0	0.0	8210.0	0.0	0.0	0.0	0.0	C
6568	8210	0	0	0.0	0.0	8210.0	0.0	0.0	0.0	0.0	T
6569	8210	0	0	0.0	0.0	8210.0	3.0	0.0	0.0003654080389768575	0.0	A
6570	8210	0	0	0.0	0.0	8210.0	0.0	0.0	0.0	0.0	A
6571	8210	0	0	0.0	0.0	8210.0	0.0	0.0	0.0	0.0	A
6572	8210	0	0	0.0	0.0	8210.0	0.0	0.0	0.0	0.0	A
6573	8210	1	0	0.0001218026796589525	0.0	8210.0	0.0	0.0	0.0	0.0	G
6574	8210	0	0	0.0	0.0	8210.0	0.0	0.0	0.0	0.0	T
6575	8210	0	0	0.0	0.0	8210.0	0.0	0.0	0.0	0.0	T
6576	8210	1007	0	0.12265529841656517	0.0	8210.0	0.0	0.0	0.0	0.0	G
6577	8210	0	0	0.0	0.0	8210.0	0.0	0.0	0.0	0.0	G
6578	8210	0	0	0.0	0.0	8210.0	0.0	0.0	0.0	0.0	A
6579	8210	0	0	0.0	0.0	8210.0	0.0	0.0	0.0	0.0	T
6580	8210	0	0	0.0	0.0	8210.0	0.0	0.0	0.0	0.0	A
6581	8210	0	0	0.0	0.0	8210.0	0.0	0.0	0.0	0.0	A
6582	8210	0	0	0.0	0.0	8210.0	0.0	0.0	0.0	0.0	C
6583	8210	0	0	0.0	0.0	8210.0	0.0	0.0	0.0	0.0	T
6584	8210	0	0	0.0	0.0	8210.0	0.0	0.0	0.0	0.0	T
6585	8210	0	0	0.0	0.0	8210.0	0.0	0.0	0.0	0.0	G
6586	8210	0	0	0.0	0.0	8210.0	0.0	0.0	0.0	0.0	T
6587	8210	0	0	0.0	0.0	8210.0	0.0	0.0	0.0	0.0	G
6588	8210	9	0	0.0010962241169305725	0.0	8210.0	15.0	0.0	0.0018270401948842874	0.0	G
6589	8210	0	0	0.0	0.0	8210.0	1.0	0.0	0.0001218026796589525	0.0	C
6590	8210	0	0	0.0	0.0	8210.0	0.0	0.0	0.0	0.0	G
6591	8210	0	0	0.0	0.0	8210.0	0.0	0.0	0.0	0.0	T
6592	8210	5	0	0.0006090133982947625	0.0	8210.0	0.0	0.0	0.0	0.0	G
6593	8210	0	0	0.0	0.0	8210.0	0.0	0.0	0.0	0.0	A
6594	8210	0	0	0.0	0.0	8210.0	0.0	0.0	0.0	0.0	T
6595	8210	0	0	0.0	0.0	8210.0	0.0	0.0	0.0	0.0	A
6596	8210	1	0	0.0001218026796589525	0.0	8210.0	0.0	0.0	0.0	0.0	G
6597	8210	0	0	0.0	0.0	8210.0	0.0	0.0	0.0	0.0	T
6598	8210	0	0	0.0	0.0	8210.0	0.0	0.0	0.0	0.0	A
6599	8210	0	0	0.0	0.0	8210.0	0.0	0.0	0.0	0.0	A
6600	8210	1	0	0.0001218026796589525	0.0	8210.0	0.0	0.0	0.0	0.0	C
6601	8210	0	0	0.0	0.0	8210.0	3.0	0.0	0.0003654080389768575	0.0	T
6602	8210	125	0	0.015225334957369063	0.0	8210.0	1.0	0.0	0.0001218026796589525	0.0	G
6603	8210	0	0	0.0	0.0	8210.0	0.0	0.0	0.0	0.0	C
6604	8210	0	0	0.0	0.0	8210.0	0.0	0.0	0.0	0.0	T
6605	8210	0	0	0.0	0.0	8210.0	0.0	0.0	0.0	0.0	T
6606	8210	28	0	0.00341047503045067	0.0	8210.0	8.0	0.0	0.00097442143727162	0.0	T
6607	8210	0	0	0.0	0.0	8210.0	0.0	0.0	0.0	0.0	T
6608	8210	0	0	0.0	0.0	8210.0	10.0	0.0	0.001218026796589525	0.0	T
6609	8210	0	0	0.0	0.0	8210.0	0.0	0.0	0.0	0.0	G
6610	8210	0	0	0.0	0.0	8210.0	0.0	0.0	0.0	0.0	A
6611	8210	0	0	0.0	0.0	8210.0	1.0	0.0	0.0001218026796589525	0.0	A
6612	8210	0	0	0.0	0.0	8210.0	0.0	0.0	0.0	0.0	T
6613	8210	0	0	0.0	0.0	8210.0	0.0	0.0	0.0	0.0	A
6614	8210	1	0	0.0001218026796589525	0.0	8210.0	0.0	0.0	0.0	0.0	G
6615	8210	0	0	0.0	0.0	8210.0	0.0	0.0	0.0	0.0	C
6616	8210	0	0	0.0	0.0	8210.0	0.0	0.0	0.0	0.0	T
6617	8210	0	0	0.0	0.0	8210.0	53.0	0.0	0.006455542021924482	0.0	T
6618	8210	0	0	0.0	0.0	8210.0	0.0	0.0	0.0	0.0	G
6619	8210	3	0	0.0003654080389768575	0.0	8210.0	1.0	0.0	0.0001218026796589525	0.0	C
6620	8210	0	0	0.0	0.0	8210.0	0.0	0.0	0.0	0.0	T
6621	8210	0	0	0.0	0.0	8210.0	1.0	0.0	0.0001218026796589525	0.0	G
6622	8210	0	0	0.0	0.0	8210.0	0.0	0.0	0.0	0.0	T
6623	8210	0	0	0.0	0.0	8210.0	0.0	0.0	0.0	0.0	T
6624	8210	0	0	0.0	0.0	8210.0	0.0	0.0	0.0	0.0	C
6625	8210	0	0	0.0	0.0	8210.0	0.0	0.0	0.0	0.0	C
6626	8210	0	0	0.0	0.0	8210.0	0.0	0.0	0.0	0.0	T
6627	8210	0	0	0.0	0.0	8210.0	0.0	0.0	0.0	0.0	C
6628	8210	0	0	0.0	0.0	8210.0	1.0	0.0	0.0001218026796589525	0.0	A
6629	8210	0	0	0.0	0.0	8210.0	1.0	0.0	0.0001218026796589525	0.0	T
6630	8210	0	0	0.0	0.0	8210.0	0.0	0.0	0.0	0.0	A
6631	8210	0	0	0.0	0.0	8210.0	0.0	0.0	0.0	0.0	A
6632	8210	0	0	0.0	0.0	8210.0	0.0	0.0	0.0	0.0	A
6633	8210	0	0	0.0	0.0	8210.0	0.0	0.0	0.0	0.0	A
6634	8210	0	0	0.0	0.0	8210.0	0.0	0.0	0.0	0.0	T
6635	8210	0	0	0.0	0.0	8210.0	0.0	0.0	0.0	0.0	G
6636	8210	0	0	0.0	0.0	8210.0	0.0	0.0	0.0	0.0	C
6637	8210	0	0	0.0	0.0	8210.0	0.0	0.0	0.0	0.0	T
6638	8210	15	0	0.0018270401948842874	0.0	8210.0	1.0	0.0	0.0001218026796589525	0.0	C
6639	8210	1	0	0.0001218026796589525	0.0	8210.0	1.0	0.0	0.0001218026796589525	0.0	G
6640	8210	0	0	0.0	0.0	8210.0	0.0	0.0	0.0	0.0	C
6641	8210	0	0	0.0	0.0	8210.0	0.0	0.0	0.0	0.0	A
6642	8210	0	0	0.0	0.0	8210.0	0.0	0.0	0.0	0.0	T
6643	8210	0	0	0.0	0.0	8210.0	0.0	0.0	0.0	0.0	A
6644	8210	0	0	0.0	0.0	8210.0	1.0	0.0	0.0001218026796589525	0.0	A
6645	8210	0	0	0.0	0.0	8210.0	0.0	0.0	0.0	0.0	T
6646	8210	0	0	0.0	0.0	8210.0	0.0	1.0	0.0	0.0001218026796589525	T
6647	8210	0	0	0.0	0.0	8210.0	0.0	0.0	0.0	0.0	A
6648	8210	0	0	0.0	0.0	8210.0	0.0	0.0	0.0	0.0	A
6649	8210	0	0	0.0	0.0	8210.0	0.0	0.0	0.0	0.0	T
6650	8210	0	0	0.0	0.0	8210.0	0.0	0.0	0.0	0.0	T
6651	8210	3	0	0.0003654080389768575	0.0	8210.0	0.0	0.0	0.0	0.0	G
6652	8210	1	0	0.0001218026796589525	0.0	8210.0	0.0	0.0	0.0	0.0	T
6653	8210	0	0	0.0	0.0	8210.0	0.0	0.0	0.0	0.0	T
6654	8210	0	0	0.0	0.0	8210.0	0.0	0.0	0.0	0.0	T
6655	8210	0	0	0.0	0.0	8210.0	0.0	0.0	0.0	0.0	T
6656	8210	8	0	0.00097442143727162	0.0	8210.0	3.0	0.0	0.0003654080389768575	0.0	C
6657	8210	0	0	0.0	0.0	8210.0	0.0	0.0	0.0	0.0	T
6658	8210	10	0	0.001218026796589525	0.0	8210.0	0.0	0.0	0.0	0.0	T
6659	8210	0	0	0.0	0.0	8210.0	1296.0	0.0	0.15785627283800244	0.0	T
6660	8210	0	0	0.0	0.0	8210.0	0.0	0.0	0.0	0.0	C
6661	8210	1	0	0.0001218026796589525	0.0	8210.0	7.0	0.0	0.0008526187576126675	0.0	C
6662	8210	0	0	0.0	0.0	8210.0	0.0	0.0	0.0	0.0	G
6663	8210	0	0	0.0	0.0	8210.0	0.0	0.0	0.0	0.0	C
6664	8210	0	0	0.0	0.0	8210.0	0.0	0.0	0.0	0.0	T
6665	8210	0	0	0.0	0.0	8210.0	0.0	0.0	0.0	0.0	T
6666	8210	0	0	0.0	0.0	8210.0	0.0	0.0	0.0	0.0	G
6667	8210	53	0	0.006455542021924482	0.0	8210.0	0.0	0.0	0.0	0.0	A
6668	8210	0	0	0.0	0.0	8210.0	0.0	0.0	0.0	0.0	G
6669	8210	1	0	0.0001218026796589525	0.0	8210.0	0.0	0.0	0.0	0.0	T
6670	8210	0	0	0.0	0.0	8210.0	0.0	0.0	0.0	0.0	G
6671	8210	1	0	0.0001218026796589525	0.0	8210.0	0.0	0.0	0.0	0.0	C
6672	8210	0	0	0.0	0.0	8210.0	0.0	0.0	0.0	0.0	G
6673	8210	0	0	0.0	0.0	8210.0	0.0	0.0	0.0	0.0	T
6674	8210	0	0	0.0	0.0	8210.0	0.0	0.0	0.0	0.0	T
6675	8210	0	0	0.0	0.0	8210.0	0.0	0.0	0.0	0.0	C
6676	8210	0	0	0.0	0.0	8210.0	0.0	0.0	0.0	0.0	A
6677	8210	0	0	0.0	0.0	8210.0	0.0	0.0	0.0	0.0	G
6678	8210	1	0	0.0001218026796589525	0.0	8210.0	0.0	1.0	0.0	0.0001218026796589525	C
6679	8210	1	0	0.0001218026796589525	0.0	8210.0	0.0	0.0	0.0	0.0	A
6680	8210	0	0	0.0	0.0	8210.0	0.0	0.0	0.0	0.0	A
6681	8210	0	0	0.0	0.0	8210.0	0.0	0.0	0.0	0.0	G
6682	8210	0	0	0.0	0.0	8210.0	0.0	0.0	0.0	0.0	A
6683	8210	0	0	0.0	0.0	8210.0	1297.0	0.0	0.15797807551766138	0.0	C
6684	8210	0	0	0.0	0.0	8210.0	0.0	0.0	0.0	0.0	T
6685	8210	0	0	0.0	0.0	8210.0	0.0	0.0	0.0	0.0	T
6686	8210	0	0	0.0	0.0	8210.0	8.0	0.0	0.00097442143727162	0.0	G
6687	8210	0	0	0.0	0.0	8210.0	10.0	0.0	0.001218026796589525	0.0	G
6688	8210	1	0	0.0001218026796589525	0.0	8210.0	0.0	0.0	0.0	0.0	G
6689	8210	1	0	0.0001218026796589525	0.0	8210.0	0.0	0.0	0.0	0.0	A
6690	8210	0	0	0.0	0.0	8210.0	0.0	0.0	0.0	0.0	T
6691	8210	0	0	0.0	0.0	8210.0	2.0	0.0	0.000243605359317905	0.0	T
6692	8210	0	0	0.0	0.0	8210.0	0.0	0.0	0.0	0.0	T
6693	8210	0	0	0.0	0.0	8210.0	0.0	0.0	0.0	0.0	T
6694	8210	1	0	0.0001218026796589525	0.0	8210.0	0.0	0.0	0.0	0.0	A
6695	8210	0	0	0.0	0.0	8210.0	0.0	0.0	0.0	0.0	A
6696	8210	0	1	0.0	0.0001218026796589525	8210.0	2.0	0.0	0.000243605359317905	0.0	T
6697	8210	0	0	0.0	0.0	8210.0	2.0	0.0	0.000243605359317905	0.0	T
6698	8210	0	0	0.0	0.0	8210.0	0.0	0.0	0.0	0.0	T
6699	8210	0	0	0.0	0.0	8210.0	0.0	0.0	0.0	0.0	G
6700	8210	0	0	0.0	0.0	8210.0	0.0	0.0	0.0	0.0	A
6701	8210	0	0	0.0	0.0	8210.0	0.0	0.0	0.0	0.0	A
6702	8210	0	0	0.0	0.0	8210.0	0.0	0.0	0.0	0.0	T
6703	8210	0	0	0.0	0.0	8210.0	0.0	0.0	0.0	0.0	A
6704	8210	0	0	0.0	0.0	8210.0	0.0	0.0	0.0	0.0	G
6705	8210	0	0	0.0	0.0	8210.0	0.0	0.0	0.0	0.0	G
6706	8210	3	0	0.0003654080389768575	0.0	8210.0	0.0	0.0	0.0	0.0	A
6707	8210	0	0	0.0	0.0	8210.0	1.0	0.0	0.0001218026796589525	0.0	A
6708	8210	0	0	0.0	0.0	8210.0	0.0	0.0	0.0	0.0	T
6709	8210	1296	0	0.15785627283800244	0.0	8210.0	0.0	0.0	0.0	0.0	T
6710	8210	0	0	0.0	0.0	8210.0	0.0	0.0	0.0	0.0	C
6711	8210	7	0	0.0008526187576126675	0.0	8210.0	0.0	0.0	0.0	0.0	G
6712	8210	0	0	0.0	0.0	8210.0	0.0	0.0	0.0	0.0	T
6713	8210	0	0	0.0	0.0	8210.0	1.0	0.0	0.0001218026796589525	0.0	C
6714	8210	0	0	0.0	0.0	8210.0	0.0	0.0	0.0	0.0	T
6715	8210	0	0	0.0	0.0	8210.0	0.0	0.0	0.0	0.0	T
6716	8210	0	0	0.0	0.0	8210.0	1.0	0.0	0.0001218026796589525	0.0	A
6717	8210	0	0	0.0	0.0	8210.0	0.0	0.0	0.0	0.0	A
6718	8210	0	0	0.0	0.0	8210.0	0.0	0.0	0.0	0.0	A
6719	8210	0	0	0.0	0.0	8210.0	0.0	0.0	0.0	0.0	A
6720	8210	0	0	0.0	0.0	8210.0	0.0	0.0	0.0	0.0	A
6721	8210	0	0	0.0	0.0	8210.0	7.0	0.0	0.0008526187576126675	0.0	T
6722	8210	0	0	0.0	0.0	8210.0	0.0	0.0	0.0	0.0	G
6723	8210	0	0	0.0	0.0	8210.0	0.0	0.0	0.0	0.0	T
6724	8210	0	0	0.0	0.0	8210.0	0.0	0.0	0.0	0.0	C
6725	8210	0	0	0.0	0.0	8210.0	0.0	0.0	0.0	0.0	G
6726	8210	0	0	0.0	0.0	8210.0	6.0	0.0	0.000730816077953715	0.0	T
6727	8210	0	0	0.0	0.0	8210.0	0.0	0.0	0.0	0.0	T
6728	8210	0	1	0.0	0.0001218026796589525	8210.0	0.0	0.0	0.0	0.0	A
6729	8210	0	0	0.0	0.0	8210.0	0.0	0.0	0.0	0.0	A
6730	8210	0	0	0.0	0.0	8210.0	0.0	0.0	0.0	0.0	A
6731	8210	0	0	0.0	0.0	8210.0	0.0	0.0	0.0	0.0	A
6732	8210	0	0	0.0	0.0	8210.0	1.0	0.0	0.0001218026796589525	0.0	A
6733	8210	1297	0	0.15797807551766138	0.0	8210.0	1.0	0.0	0.0001218026796589525	0.0	G
6734	8210	0	0	0.0	0.0	8210.0	0.0	0.0	0.0	0.0	G
6735	8210	0	0	0.0	0.0	8210.0	0.0	0.0	0.0	0.0	T
6736	8210	8	0	0.00097442143727162	0.0	8210.0	0.0	0.0	0.0	0.0	G
6737	8210	10	0	0.001218026796589525	0.0	8210.0	0.0	0.0	0.0	0.0	C
6738	8210	0	0	0.0	0.0	8210.0	0.0	0.0	0.0	0.0	T
6739	8210	0	0	0.0	0.0	8210.0	0.0	0.0	0.0	0.0	A
6740	8210	0	0	0.0	0.0	8210.0	2.0	0.0	0.000243605359317905	0.0	G
6741	8210	2	0	0.000243605359317905	0.0	8210.0	0.0	0.0	0.0	0.0	A
6742	8210	0	0	0.0	0.0	8210.0	1.0	0.0	0.0001218026796589525	0.0	A
6743	8210	0	0	0.0	0.0	8210.0	0.0	0.0	0.0	0.0	A
6744	8210	0	0	0.0	0.0	8210.0	0.0	0.0	0.0	0.0	T
6745	8210	0	0	0.0	0.0	8210.0	0.0	0.0	0.0	0.0	T
6746	8210	2	0	0.000243605359317905	0.0	8210.0	1.0	0.0	0.0001218026796589525	0.0	T
6747	8210	2	0	0.000243605359317905	0.0	8210.0	0.0	0.0	0.0	0.0	C
6748	8210	0	0	0.0	0.0	8210.0	0.0	0.0	0.0	0.0	T
6749	8210	0	0	0.0	0.0	8210.0	0.0	0.0	0.0	0.0	T
6750	8210	0	0	0.0	0.0	8210.0	0.0	0.0	0.0	0.0	C
6751	8210	0	0	0.0	0.0	8210.0	0.0	0.0	0.0	0.0	A
6752	8210	0	0	0.0	0.0	8210.0	0.0	0.0	0.0	0.0	G
6753	8210	0	0	0.0	0.0	8210.0	0.0	0.0	0.0	0.0	T
6754	8210	0	0	0.0	0.0	8210.0	0.0	0.0	0.0	0.0	T
6755	8210	0	0	0.0	0.0	8210.0	0.0	0.0	0.0	0.0	G
6756	8210	0	0	0.0	0.0	8210.0	0.0	0.0	0.0	0.0	T
6757	8210	1	0	0.0001218026796589525	0.0	8210.0	0.0	0.0	0.0	0.0	G
6758	8210	0	0	0.0	0.0	8210.0	1915.0	0.0	0.23325213154689403	0.0	G
6759	8210	0	0	0.0	0.0	8210.0	0.0	0.0	0.0	0.0	C
6760	8210	0	0	0.0	0.0	8210.0	0.0	0.0	0.0	0.0	A
6761	8210	0	0	0.0	0.0	8210.0	0.0	0.0	0.0	0.0	A
6762	8210	0	0	0.0	0.0	8210.0	0.0	0.0	0.0	0.0	A
6763	8210	1	0	0.0001218026796589525	0.0	8210.0	0.0	0.0	0.0	0.0	G
6764	8210	0	0	0.0	0.0	8210.0	475.0	0.0	0.05785627283800244	0.0	C
6765	8210	0	0	0.0	0.0	8210.0	0.0	0.0	0.0	0.0	A
6766	8210	1	0	0.0001218026796589525	0.0	8210.0	0.0	0.0	0.0	0.0	C
6767	8210	0	0	0.0	0.0	8210.0	2565.0	0.0	0.31242387332521315	0.0	A
6768	8210	0	0	0.0	0.0	8210.0	0.0	0.0	0.0	0.0	A
6769	8210	0	0	0.0	0.0	8210.0	0.0	0.0	0.0	0.0	C
6770	8210	0	0	0.0	0.0	8210.0	249.0	0.0	0.03032886723507917	0.0	C
6771	8210	7	0	0.0008526187576126675	0.0	8210.0	0.0	0.0	0.0	0.0	G
6772	8210	0	0	0.0	0.0	8210.0	0.0	0.0	0.0	0.0	A
6773	8210	0	0	0.0	0.0	8210.0	8092.0	0.0	0.9856272838002436	0.0	C
6774	8210	0	0	0.0	0.0	8210.0	0.0	0.0	0.0	0.0	A
6775	8210	0	0	0.0	0.0	8210.0	0.0	0.0	0.0	0.0	C
6776	8210	6	0	0.000730816077953715	0.0	8210.0	1.0	0.0	0.0001218026796589525	0.0	G
6777	8210	0	0	0.0	0.0	8210.0	0.0	0.0	0.0	0.0	T
6778	8210	0	0	0.0	0.0	8210.0	1.0	0.0	0.0001218026796589525	0.0	A
6779	8210	0	0	0.0	0.0	8210.0	0.0	0.0	0.0	0.0	A
6780	8210	0	0	0.0	0.0	8210.0	0.0	0.0	0.0	0.0	C
6781	8210	0	0	0.0	0.0	8210.0	0.0	0.0	0.0	0.0	A
6782	8210	1	0	0.0001218026796589525	0.0	8210.0	0.0	0.0	0.0	0.0	G
6783	8210	1	0	0.0001218026796589525	0.0	8210.0	0.0	0.0	0.0	0.0	G
6784	8210	0	0	0.0	0.0	8210.0	0.0	0.0	0.0	0.0	A
6785	8210	0	0	0.0	0.0	8210.0	0.0	0.0	0.0	0.0	A
6786	8210	0	0	0.0	0.0	8210.0	0.0	0.0	0.0	0.0	T
6787	8210	0	0	0.0	0.0	8210.0	2.0	0.0	0.000243605359317905	0.0	G
6788	8210	0	0	0.0	0.0	8210.0	0.0	0.0	0.0	0.0	G
6789	8210	0	0	0.0	0.0	8210.0	0.0	0.0	0.0	0.0	G
6790	8210	2	0	0.000243605359317905	0.0	8210.0	1.0	0.0	0.0001218026796589525	0.0	C
6791	8210	0	0	0.0	0.0	8210.0	1.0	0.0	0.0001218026796589525	0.0	C
6792	8210	1	0	0.0001218026796589525	0.0	8210.0	2.0	0.0	0.000243605359317905	0.0	G
6793	8210	0	0	0.0	0.0	8210.0	0.0	0.0	0.0	0.0	A
6794	8210	0	0	0.0	0.0	8210.0	0.0	0.0	0.0	0.0	T
6795	8210	0	0	0.0	0.0	8210.0	1.0	0.0	0.0001218026796589525	0.0	T
6796	8210	1	0	0.0001218026796589525	0.0	8210.0	0.0	0.0	0.0	0.0	G
6797	8210	0	0	0.0	0.0	8210.0	1.0	0.0	0.0001218026796589525	0.0	G
6798	8210	0	0	0.0	0.0	8210.0	0.0	0.0	0.0	0.0	T
6799	8210	0	0	0.0	0.0	8210.0	0.0	0.0	0.0	0.0	T
6800	8210	0	0	0.0	0.0	8210.0	0.0	0.0	0.0	0.0	T
6801	8210	0	0	0.0	0.0	8210.0	2.0	0.0	0.000243605359317905	0.0	C
6802	8210	0	0	0.0	0.0	8210.0	1.0	0.0	0.0001218026796589525	0.0	A
6803	8210	0	0	0.0	0.0	8210.0	0.0	0.0	0.0	0.0	C
6804	8210	0	0	0.0	0.0	8210.0	0.0	0.0	0.0	0.0	C
6805	8210	0	0	0.0	0.0	8210.0	0.0	0.0	0.0	0.0	C
6806	8210	0	0	0.0	0.0	8210.0	1.0	0.0	0.0001218026796589525	0.0	A
6807	8210	0	0	0.0	0.0	8210.0	0.0	0.0	0.0	0.0	T
6808	8210	1915	0	0.23325213154689403	0.0	8210.0	0.0	0.0	0.0	0.0	C
6809	8210	0	0	0.0	0.0	8210.0	0.0	0.0	0.0	0.0	C
6810	8210	0	0	0.0	0.0	8210.0	0.0	0.0	0.0	0.0	G
6811	8210	0	0	0.0	0.0	8210.0	1.0	0.0	0.0001218026796589525	0.0	A
6812	8210	0	0	0.0	0.0	8210.0	0.0	0.0	0.0	0.0	T
6813	8210	0	0	0.0	0.0	8210.0	0.0	0.0	0.0	0.0	A
6814	8210	475	0	0.05785627283800244	0.0	8210.0	0.0	0.0	0.0	0.0	A
6815	8210	0	0	0.0	0.0	8210.0	0.0	0.0	0.0	0.0	A
6816	8210	0	0	0.0	0.0	8210.0	0.0	0.0	0.0	0.0	T
6817	8210	2565	0	0.31242387332521315	0.0	8210.0	0.0	0.0	0.0	0.0	G
6818	8210	0	0	0.0	0.0	8210.0	0.0	0.0	0.0	0.0	A
6819	8210	0	0	0.0	0.0	8210.0	0.0	0.0	0.0	0.0	T
6820	8210	249	0	0.03032886723507917	0.0	8210.0	0.0	0.0	0.0	0.0	A
6821	8210	0	0	0.0	0.0	8210.0	0.0	0.0	0.0	0.0	C
6822	8210	0	0	0.0	0.0	8210.0	0.0	0.0	0.0	0.0	C
6823	8210	8092	0	0.9856272838002436	0.0	8210.0	0.0	0.0	0.0	0.0	T
6824	8210	0	0	0.0	0.0	8210.0	0.0	0.0	0.0	0.0	T
6825	8210	0	0	0.0	0.0	8210.0	0.0	0.0	0.0	0.0	G
6826	8210	1	0	0.0001218026796589525	0.0	8210.0	0.0	0.0	0.0	0.0	A
6827	8210	0	0	0.0	0.0	8210.0	0.0	0.0	0.0	0.0	T
6828	8210	1	0	0.0001218026796589525	0.0	8210.0	0.0	0.0	0.0	0.0	C
6829	8210	0	0	0.0	0.0	8210.0	0.0	0.0	0.0	0.0	T
6830	8210	0	0	0.0	0.0	8210.0	0.0	0.0	0.0	0.0	A
6831	8210	0	0	0.0	0.0	8210.0	7.0	0.0	0.0008526187576126675	0.0	A
6832	8210	0	0	0.0	0.0	8210.0	0.0	0.0	0.0	0.0	T
6833	8210	0	0	0.0	0.0	8210.0	0.0	0.0	0.0	0.0	T
6834	8210	0	0	0.0	0.0	8210.0	0.0	0.0	0.0	0.0	T
6835	8210	0	0	0.0	0.0	8210.0	0.0	0.0	0.0	0.0	T
6836	8210	0	0	0.0	0.0	8210.0	2.0	0.0	0.000243605359317905	0.0	T
6837	8210	2	0	0.000243605359317905	0.0	8210.0	0.0	0.0	0.0	0.0	C
6838	8210	0	0	0.0	0.0	8210.0	0.0	0.0	0.0	0.0	C
6839	8210	0	0	0.0	0.0	8210.0	44.0	0.0	0.00535931790499391	0.0	T
6840	8210	1	0	0.0001218026796589525	0.0	8210.0	0.0	0.0	0.0	0.0	G
6841	8210	1	0	0.0001218026796589525	0.0	8210.0	0.0	0.0	0.0	0.0	C
6842	8210	2	0	0.000243605359317905	0.0	8210.0	0.0	0.0	0.0	0.0	C
6843	8210	0	0	0.0	0.0	8210.0	0.0	0.0	0.0	0.0	C
6844	8210	0	0	0.0	0.0	8210.0	1.0	0.0	0.0001218026796589525	0.0	T
6845	8210	1	0	0.0001218026796589525	0.0	8210.0	0.0	0.0	0.0	0.0	T
6846	8210	0	0	0.0	0.0	8210.0	0.0	0.0	0.0	0.0	C
6847	8210	1	0	0.0001218026796589525	0.0	8210.0	0.0	0.0	0.0	0.0	A
6848	8210	0	0	0.0	0.0	8210.0	0.0	0.0	0.0	0.0	G
6849	8210	0	0	0.0	0.0	8210.0	0.0	0.0	0.0	0.0	G
6850	8210	0	0	0.0	0.0	8210.0	0.0	0.0	0.0	0.0	A
6851	8210	2	0	0.000243605359317905	0.0	8210.0	0.0	0.0	0.0	0.0	C
6852	8210	1	0	0.0001218026796589525	0.0	8210.0	0.0	0.0	0.0	0.0	T
6853	8210	0	0	0.0	0.0	8210.0	0.0	0.0	0.0	0.0	C
6854	8210	0	0	0.0	0.0	8210.0	1.0	0.0	0.0001218026796589525	0.0	A
6855	8210	0	0	0.0	0.0	8210.0	2.0	0.0	0.000243605359317905	0.0	A
6856	8210	1	0	0.0001218026796589525	0.0	8210.0	11.0	0.0	0.0013398294762484776	0.0	A
6857	8210	0	0	0.0	0.0	8210.0	4741.0	0.0	0.5774665042630938	0.0	C
6858	8210	0	0	0.0	0.0	8210.0	2.0	0.0	0.000243605359317905	0.0	G
6859	8210	0	0	0.0	0.0	8210.0	0.0	0.0	0.0	0.0	A
6860	8210	0	0	0.0	0.0	8210.0	0.0	0.0	0.0	0.0	T
6861	8210	1	0	0.0001218026796589525	0.0	8210.0	0.0	0.0	0.0	0.0	G
6862	8210	0	0	0.0	0.0	8210.0	0.0	0.0	0.0	0.0	A
6863	8210	0	0	0.0	0.0	8210.0	0.0	0.0	0.0	0.0	A
6864	8210	0	0	0.0	0.0	8210.0	0.0	0.0	0.0	0.0	C
6865	8210	0	0	0.0	0.0	8210.0	0.0	0.0	0.0	0.0	T
6866	8210	0	0	0.0	0.0	8210.0	0.0	0.0	0.0	0.0	T
6867	8210	0	0	0.0	0.0	8210.0	0.0	0.0	0.0	0.0	C
6868	8210	0	0	0.0	0.0	8210.0	47.0	0.0	0.005724725943970767	0.0	A
6869	8210	0	0	0.0	0.0	8210.0	0.0	0.0	0.0	0.0	T
6870	8210	0	0	0.0	0.0	8210.0	1.0	0.0	0.0001218026796589525	0.0	C
6871	8210	0	0	0.0	0.0	8210.0	0.0	0.0	0.0	0.0	T
6872	8210	0	0	0.0	0.0	8210.0	0.0	0.0	0.0	0.0	A
6873	8210	0	0	0.0	0.0	8210.0	0.0	0.0	0.0	0.0	A
6874	8210	0	0	0.0	0.0	8210.0	0.0	0.0	0.0	0.0	A
6875	8210	0	0	0.0	0.0	8210.0	0.0	0.0	0.0	0.0	A
6876	8210	0	0	0.0	0.0	8210.0	0.0	0.0	0.0	0.0	A
6877	8210	0	0	0.0	0.0	8210.0	0.0	0.0	0.0	0.0	T
6878	8210	0	0	0.0	0.0	8210.0	0.0	0.0	0.0	0.0	A
6879	8210	0	0	0.0	0.0	8210.0	1.0	0.0	0.0001218026796589525	0.0	A
6880	8210	0	0	0.0	0.0	8210.0	0.0	0.0	0.0	0.0	A
6881	8210	7	0	0.0008526187576126675	0.0	8210.0	473.0	0.0	0.05761266747868453	0.0	A
6882	8210	0	0	0.0	0.0	8210.0	0.0	0.0	0.0	0.0	C
6883	8210	0	0	0.0	0.0	8210.0	0.0	0.0	0.0	0.0	G
6884	8210	0	0	0.0	0.0	8210.0	0.0	0.0	0.0	0.0	C
6885	8210	0	0	0.0	0.0	8210.0	0.0	0.0	0.0	0.0	C
6886	8210	2	0	0.000243605359317905	0.0	8210.0	0.0	0.0	0.0	0.0	C
6887	8210	0	0	0.0	0.0	8210.0	0.0	0.0	0.0	0.0	C
6888	8210	0	0	0.0	0.0	8210.0	0.0	0.0	0.0	0.0	C
6889	8210	44	0	0.00535931790499391	0.0	8210.0	1.0	0.0	0.0001218026796589525	0.0	T
6890	8210	0	0	0.0	0.0	8210.0	5.0	0.0	0.0006090133982947625	0.0	T
6891	8210	0	0	0.0	0.0	8210.0	0.0	0.0	0.0	0.0	C
6892	8210	0	0	0.0	0.0	8210.0	0.0	0.0	0.0	0.0	T
6893	8210	0	0	0.0	0.0	8210.0	0.0	0.0	0.0	0.0	G
6894	8210	1	0	0.0001218026796589525	0.0	8210.0	0.0	0.0	0.0	0.0	C
6895	8210	0	0	0.0	0.0	8210.0	0.0	0.0	0.0	0.0	A
6896	8210	0	0	0.0	0.0	8210.0	0.0	0.0	0.0	0.0	C
6897	8210	0	0	0.0	0.0	8210.0	0.0	0.0	0.0	0.0	T
6898	8210	0	0	0.0	0.0	8210.0	0.0	0.0	0.0	0.0	T
6899	8210	0	0	0.0	0.0	8210.0	0.0	0.0	0.0	0.0	T
6900	8210	0	0	0.0	0.0	8210.0	0.0	0.0	0.0	0.0	G
6901	8210	0	0	0.0	0.0	8210.0	0.0	0.0	0.0	0.0	A
6902	8210	0	0	0.0	0.0	8210.0	1593.0	0.0	0.19403166869671132	0.0	A
6903	8210	0	0	0.0	0.0	8210.0	0.0	0.0	0.0	0.0	A
6904	8210	1	0	0.0001218026796589525	0.0	8210.0	0.0	0.0	0.0	0.0	G
6905	8210	2	0	0.000243605359317905	0.0	8210.0	0.0	0.0	0.0	0.0	G
6906	8210	11	0	0.0013398294762484776	0.0	8210.0	0.0	0.0	0.0	0.0	C
6907	8210	4741	0	0.5774665042630938	0.0	8210.0	0.0	0.0	0.0	0.0	T
6908	8210	2	0	0.000243605359317905	0.0	8210.0	0.0	0.0	0.0	0.0	C
6909	8210	0	0	0.0	0.0	8210.0	0.0	0.0	0.0	0.0	C
6910	8210	0	0	0.0	0.0	8210.0	0.0	0.0	0.0	0.0	A
6911	8210	0	0	0.0	0.0	8210.0	0.0	0.0	0.0	0.0	A
6912	8210	0	0	0.0	0.0	8210.0	0.0	0.0	0.0	0.0	T
6913	8210	0	0	0.0	0.0	8210.0	0.0	0.0	0.0	0.0	T
6914	8210	0	0	0.0	0.0	8210.0	0.0	0.0	0.0	0.0	T
6915	8210	0	0	0.0	0.0	8210.0	0.0	0.0	0.0	0.0	T
6916	8210	0	0	0.0	0.0	8210.0	0.0	0.0	0.0	0.0	A
6917	8210	0	0	0.0	0.0	8210.0	0.0	0.0	0.0	0.0	T
6918	8210	47	0	0.005724725943970767	0.0	8210.0	0.0	0.0	0.0	0.0	C
6919	8210	0	0	0.0	0.0	8210.0	0.0	0.0	0.0	0.0	G
6920	8210	1	0	0.0001218026796589525	0.0	8210.0	0.0	0.0	0.0	0.0	G
6921	8210	0	0	0.0	0.0	8210.0	0.0	0.0	0.0	0.0	A
6922	8210	0	0	0.0	0.0	8210.0	0.0	0.0	0.0	0.0	A
6923	8210	0	0	0.0	0.0	8210.0	0.0	0.0	0.0	0.0	T
6924	8210	0	0	0.0	0.0	8210.0	0.0	0.0	0.0	0.0	C
6925	8210	0	0	0.0	0.0	8210.0	0.0	0.0	0.0	0.0	T
6926	8210	0	0	0.0	0.0	8210.0	0.0	0.0	0.0	0.0	G
6927	8210	0	0	0.0	0.0	8210.0	53.0	0.0	0.006455542021924482	0.0	C
6928	8210	0	0	0.0	0.0	8210.0	0.0	0.0	0.0	0.0	T
6929	8210	1	0	0.0001218026796589525	0.0	8210.0	8.0	0.0	0.00097442143727162	0.0	C
6930	8210	0	0	0.0	0.0	8210.0	0.0	0.0	0.0	0.0	C
6931	8210	473	0	0.05761266747868453	0.0	8210.0	1.0	0.0	0.0001218026796589525	0.0	C
6932	8210	0	0	0.0	0.0	8210.0	8.0	0.0	0.00097442143727162	0.0	G
6933	8210	0	0	0.0	0.0	8210.0	0.0	0.0	0.0	0.0	T
6934	8210	0	0	0.0	0.0	8210.0	0.0	0.0	0.0	0.0	A
6935	8210	0	0	0.0	0.0	8210.0	1.0	0.0	0.0001218026796589525	0.0	A
6936	8210	0	0	0.0	0.0	8210.0	0.0	0.0	0.0	0.0	A
6937	8210	0	0	0.0	0.0	8210.0	0.0	0.0	0.0	0.0	A
6938	8210	0	0	0.0	0.0	8210.0	151.0	0.0	0.018392204628501826	0.0	G
6939	8210	1	0	0.0001218026796589525	0.0	8210.0	1.0	0.0	0.0001218026796589525	0.0	C
6940	8210	5	0	0.0006090133982947625	0.0	8210.0	1.0	0.0	0.0001218026796589525	0.0	G
6941	8210	0	0	0.0	0.0	8210.0	0.0	0.0	0.0	0.0	C
6942	8210	0	0	0.0	0.0	8210.0	0.0	0.0	0.0	0.0	C
6943	8210	0	0	0.0	0.0	8210.0	0.0	0.0	0.0	0.0	T
6944	8210	0	0	0.0	0.0	8210.0	0.0	0.0	0.0	0.0	T
6945	8210	0	0	0.0	0.0	8210.0	0.0	0.0	0.0	0.0	T
6946	8210	0	0	0.0	0.0	8210.0	0.0	0.0	0.0	0.0	A
6947	8210	0	0	0.0	0.0	8210.0	0.0	0.0	0.0	0.0	A
6948	8210	0	0	0.0	0.0	8210.0	0.0	0.0	0.0	0.0	G
6949	8210	0	0	0.0	0.0	8210.0	0.0	0.0	0.0	0.0	A
6950	8210	0	0	0.0	0.0	8210.0	0.0	0.0	0.0	0.0	T
6951	8210	0	0	0.0	0.0	8210.0	0.0	0.0	0.0	0.0	G
6952	8210	1593	0	0.19403166869671132	0.0	8210.0	0.0	0.0	0.0	0.0	C
6953	8210	0	0	0.0	0.0	8210.0	0.0	0.0	0.0	0.0	C
6954	8210	0	0	0.0	0.0	8210.0	0.0	0.0	0.0	0.0	C
6955	8210	0	0	0.0	0.0	8210.0	0.0	0.0	0.0	0.0	A
6956	8210	0	0	0.0	0.0	8210.0	0.0	0.0	0.0	0.0	A
6957	8210	0	0	0.0	0.0	8210.0	0.0	0.0	0.0	0.0	A
6958	8210	0	0	0.0	0.0	8210.0	1.0	0.0	0.0001218026796589525	0.0	T
6959	8210	0	0	0.0	0.0	8210.0	0.0	0.0	0.0	0.0	A
6960	8210	0	0	0.0	0.0	8210.0	3.0	0.0	0.0003654080389768575	0.0	A
6961	8210	0	0	0.0	0.0	8210.0	0.0	0.0	0.0	0.0	T
6962	8210	0	0	0.0	0.0	8210.0	1667.0	0.0	0.20304506699147382	0.0	T
6963	8210	0	0	0.0	0.0	8210.0	0.0	0.0	0.0	0.0	G
6964	8210	0	0	0.0	0.0	8210.0	3.0	0.0	0.0003654080389768575	0.0	A
6965	8210	0	0	0.0	0.0	8210.0	0.0	0.0	0.0	0.0	C
6966	8210	0	0	0.0	0.0	8210.0	0.0	0.0	0.0	0.0	T
6967	8210	0	0	0.0	0.0	8210.0	0.0	0.0	0.0	0.0	A
6968	8210	0	0	0.0	0.0	8210.0	0.0	0.0	0.0	0.0	G
6969	8210	0	0	0.0	0.0	8210.0	21.0	0.0	0.0025578562728380025	0.0	T
6970	8210	0	0	0.0	0.0	8209.0	10.0	0.0	0.0012181751735899622	0.0	T
6971	8210	0	0	0.0	0.0	8209.0	0.0	0.0	0.0	0.0	A
6972	8210	0	0	0.0	0.0	8209.0	3.0	0.0	0.00036545255207698867	0.0	A
6973	8210	0	0	0.0	0.0	8209.0	0.0	0.0	0.0	0.0	A
6974	8210	0	0	0.0	0.0	8209.0	0.0	0.0	0.0	0.0	A
6975	8210	0	0	0.0	0.0	8209.0	0.0	0.0	0.0	0.0	G
6976	8210	0	0	0.0	0.0	8209.0	0.0	0.0	0.0	0.0	C
6977	8210	53	0	0.006455542021924482	0.0	8209.0	0.0	0.0	0.0	0.0	T
6978	8210	0	0	0.0	0.0	8209.0	0.0	0.0	0.0	0.0	C
6979	8210	8	0	0.00097442143727162	0.0	8209.0	0.0	0.0	0.0	0.0	T
6980	8210	0	0	0.0	0.0	8209.0	0.0	0.0	0.0	0.0	G
6981	8210	1	0	0.0001218026796589525	0.0	8209.0	0.0	0.0	0.0	0.0	G
6982	8210	8	0	0.00097442143727162	0.0	8209.0	0.0	0.0	0.0	0.0	A
6983	8210	0	0	0.0	0.0	8209.0	0.0	0.0	0.0	0.0	T
6984	8210	0	0	0.0	0.0	8209.0	0.0	0.0	0.0	0.0	T
6985	8210	1	0	0.0001218026796589525	0.0	8209.0	1.0	0.0	0.00012181751735899622	0.0	G
6986	8210	0	0	0.0	0.0	8209.0	220.0	0.0	0.026799853818979168	0.0	T
6987	8210	0	0	0.0	0.0	8209.0	0.0	0.0	0.0	0.0	T
6988	8210	151	0	0.018392204628501826	0.0	8209.0	0.0	0.0	0.0	0.0	G
6989	8210	1	0	0.0001218026796589525	0.0	8209.0	0.0	0.0	0.0	0.0	G
6990	8210	1	0	0.0001218026796589525	0.0	8209.0	0.0	0.0	0.0	0.0	C
6991	8210	0	0	0.0	0.0	8209.0	0.0	0.0	0.0	0.0	A
6992	8210	0	0	0.0	0.0	8209.0	0.0	0.0	0.0	0.0	T
6993	8210	0	0	0.0	0.0	8209.0	0.0	0.0	0.0	0.0	A
6994	8210	0	0	0.0	0.0	8209.0	0.0	0.0	0.0	0.0	T
6995	8210	0	0	0.0	0.0	8209.0	0.0	0.0	0.0	0.0	T
6996	8210	0	0	0.0	0.0	8209.0	0.0	0.0	0.0	0.0	G
6997	8210	0	0	0.0	0.0	8209.0	0.0	0.0	0.0	0.0	C
6998	8210	0	0	0.0	0.0	8209.0	0.0	0.0	0.0	0.0	G
6999	8210	0	0	0.0	0.0	8209.0	0.0	0.0	0.0	0.0	C
7000	8210	0	0	0.0	0.0	8209.0	0.0	0.0	0.0	0.0	A
7001	8210	0	0	0.0	0.0	8209.0	0.0	0.0	0.0	0.0	C
7002	8210	0	0	0.0	0.0	8209.0	0.0	0.0	0.0	0.0	A
7003	8210	0	0	0.0	0.0	8209.0	0.0	0.0	0.0	0.0	A
7004	8210	0	0	0.0	0.0	8209.0	0.0	0.0	0.0	0.0	T
7005	8210	0	0	0.0	0.0	8209.0	0.0	0.0	0.0	0.0	T
7006	8210	0	0	0.0	0.0	8209.0	1.0	0.0	0.00012181751735899622	0.0	A
7007	8210	0	0	0.0	0.0	8209.0	2.0	0.0	0.00024363503471799245	0.0	A
7008	8210	1	0	0.0001218026796589525	0.0	8209.0	0.0	0.0	0.0	0.0	C
7009	8210	0	0	0.0	0.0	8209.0	0.0	0.0	0.0	0.0	T
7010	8210	3	0	0.0003654080389768575	0.0	8209.0	0.0	0.0	0.0	0.0	G
7011	8210	0	0	0.0	0.0	8209.0	0.0	0.0	0.0	0.0	T
7012	8210	1667	0	0.20304506699147382	0.0	8209.0	0.0	0.0	0.0	0.0	C
7013	8210	0	0	0.0	0.0	8209.0	0.0	0.0	0.0	0.0	A
7014	8210	3	0	0.0003654080389768575	0.0	8209.0	0.0	0.0	0.0	0.0	C
7015	8210	0	0	0.0	0.0	8209.0	0.0	0.0	0.0	0.0	A
7016	8210	0	0	0.0	0.0	8209.0	0.0	0.0	0.0	0.0	A
7017	8210	0	0	0.0	0.0	8209.0	0.0	0.0	0.0	0.0	A
7018	8210	0	0	0.0	0.0	8209.0	0.0	0.0	0.0	0.0	A
7019	8210	21	0	0.0025578562728380025	0.0	8209.0	0.0	0.0	0.0	0.0	G
7020	8209	10	0	0.0012181751735899622	0.0	8209.0	0.0	0.0	0.0	0.0	G
7021	8209	0	0	0.0	0.0	8209.0	0.0	0.0	0.0	0.0	T
7022	8209	3	0	0.00036545255207698867	0.0	8209.0	0.0	0.0	0.0	0.0	G
7023	8209	0	0	0.0	0.0	8209.0	0.0	0.0	0.0	0.0	C
7024	8209	0	0	0.0	0.0	8209.0	0.0	0.0	0.0	0.0	T
7025	8209	0	0	0.0	0.0	8209.0	0.0	0.0	0.0	0.0	G
7026	8209	0	0	0.0	0.0	8209.0	1.0	0.0	0.00012181751735899622	0.0	A
7027	8209	0	0	0.0	0.0	8209.0	0.0	0.0	0.0	0.0	A
7028	8209	0	0	0.0	0.0	8209.0	0.0	0.0	0.0	0.0	T
7029	8209	0	0	0.0	0.0	8209.0	0.0	0.0	0.0	0.0	C
7030	8209	0	0	0.0	0.0	8209.0	0.0	0.0	0.0	0.0	G
7031	8209	0	0	0.0	0.0	8209.0	0.0	0.0	0.0	0.0	T
7032	8209	0	0	0.0	0.0	8209.0	0.0	0.0	0.0	0.0	C
7033	8209	0	0	0.0	0.0	8209.0	0.0	0.0	0.0	0.0	A
7034	8209	0	0	0.0	0.0	8209.0	0.0	0.0	0.0	0.0	A
7035	8209	1	0	0.00012181751735899622	0.0	8209.0	0.0	0.0	0.0	0.0	G
7036	8209	220	0	0.026799853818979168	0.0	8209.0	0.0	0.0	0.0	0.0	T
7037	8209	0	0	0.0	0.0	8209.0	0.0	0.0	0.0	0.0	A
7038	8209	0	0	0.0	0.0	8209.0	0.0	0.0	0.0	0.0	G
7039	8209	0	0	0.0	0.0	8209.0	0.0	0.0	0.0	0.0	T
7040	8209	0	0	0.0	0.0	8209.0	11.0	0.0	0.0013399926909489586	0.0	T
7041	8209	0	0	0.0	0.0	8209.0	8.0	0.0	0.0009745401388719698	0.0	C
7042	8209	0	0	0.0	0.0	8209.0	0.0	0.0	0.0	0.0	T
7043	8209	0	0	0.0	0.0	8209.0	0.0	0.0	0.0	0.0	T
7044	8209	0	0	0.0	0.0	8209.0	0.0	0.0	0.0	0.0	T
7045	8209	0	0	0.0	0.0	8209.0	0.0	0.0	0.0	0.0	T
7046	8209	0	0	0.0	0.0	8209.0	1.0	0.0	0.00012181751735899622	0.0	G
7047	8209	0	0	0.0	0.0	8209.0	0.0	0.0	0.0	0.0	A
7048	8209	0	0	0.0	0.0	8209.0	0.0	0.0	0.0	0.0	A
7049	8209	0	0	0.0	0.0	8209.0	0.0	0.0	0.0	0.0	A
7050	8209	0	0	0.0	0.0	8209.0	0.0	0.0	0.0	0.0	G
7051	8209	0	0	0.0	0.0	8209.0	0.0	0.0	0.0	0.0	A
7052	8209	0	0	0.0	0.0	8209.0	0.0	0.0	0.0	0.0	C
7053	8209	0	0	0.0	0.0	8209.0	0.0	0.0	0.0	0.0	A
7054	8209	0	0	0.0	0.0	8209.0	0.0	0.0	0.0	0.0	A
7055	8209	0	0	0.0	0.0	8209.0	0.0	0.0	0.0	0.0	A
7056	8209	1	0	0.00012181751735899622	0.0	8209.0	0.0	0.0	0.0	0.0	A
7057	8209	2	0	0.00024363503471799245	0.0	8209.0	0.0	0.0	0.0	0.0	C
7058	8209	0	0	0.0	0.0	8209.0	1.0	0.0	0.00012181751735899622	0.0	T
7059	8209	0	0	0.0	0.0	8209.0	0.0	0.0	0.0	0.0	G
7060	8209	0	0	0.0	0.0	8209.0	0.0	0.0	0.0	0.0	A
7061	8209	0	0	0.0	0.0	8209.0	0.0	0.0	0.0	0.0	T
7062	8209	0	0	0.0	0.0	8209.0	0.0	0.0	0.0	0.0	A
7063	8209	0	0	0.0	0.0	8209.0	0.0	0.0	0.0	0.0	A
7064	8209	0	0	0.0	0.0	8209.0	2.0	0.0	0.00024363503471799245	0.0	T
7065	8209	0	0	0.0	0.0	8209.0	0.0	0.0	0.0	0.0	A
7066	8209	0	0	0.0	0.0	8209.0	40.0	0.0	0.004872700694359849	0.0	T
7067	8209	0	0	0.0	0.0	8209.0	0.0	0.0	0.0	0.0	A
7068	8209	0	0	0.0	0.0	8209.0	0.0	0.0	0.0	0.0	A
7069	8209	0	0	0.0	0.0	8209.0	1.0	0.0	0.00012181751735899622	0.0	G
7070	8209	0	0	0.0	0.0	8209.0	463.0	0.0	0.05640151053721525	0.0	G
7071	8209	0	0	0.0	0.0	8209.0	0.0	0.0	0.0	0.0	A
7072	8209	0	0	0.0	0.0	8209.0	0.0	0.0	0.0	0.0	T
7073	8209	0	0	0.0	0.0	8209.0	6973.0	0.0	0.8494335485442807	0.0	G
7074	8209	0	0	0.0	0.0	8209.0	0.0	0.0	0.0	0.0	C
7075	8209	0	0	0.0	0.0	8209.0	0.0	0.0	0.0	0.0	T
7076	8209	1	0	0.00012181751735899622	0.0	8209.0	0.0	0.0	0.0	0.0	A
7077	8209	0	0	0.0	0.0	8209.0	1.0	0.0	0.00012181751735899622	0.0	A
7078	8209	0	0	0.0	0.0	8209.0	0.0	0.0	0.0	0.0	A
7079	8209	0	0	0.0	0.0	8209.0	328.0	0.0	0.039956145693750764	0.0	A
7080	8209	0	0	0.0	0.0	8209.0	631.0	0.0	0.07686685345352662	0.0	A
7081	8209	0	0	0.0	0.0	8209.0	5.0	0.0	0.0006090875867949811	0.0	A
7082	8209	0	0	0.0	0.0	8209.0	212.0	0.0	0.0258253136801072	0.0	C
7083	8209	0	0	0.0	0.0	8209.0	1.0	0.0	0.00012181751735899622	0.0	T
7084	8209	0	0	0.0	0.0	8209.0	0.0	0.0	0.0	0.0	T
7085	8209	0	0	0.0	0.0	8209.0	58.0	0.0	0.007065416006821781	0.0	T
7086	8209	0	0	0.0	0.0	8209.0	0.0	0.0	0.0	0.0	T
7087	8209	0	0	0.0	0.0	8209.0	0.0	0.0	0.0	0.0	A
7088	8209	0	0	0.0	0.0	8209.0	0.0	0.0	0.0	0.0	C
7089	8209	0	0	0.0	0.0	8209.0	0.0	0.0	0.0	0.0	C
7090	8209	11	0	0.0013399926909489586	0.0	8209.0	0.0	0.0	0.0	0.0	C
7091	8209	8	0	0.0009745401388719698	0.0	8209.0	0.0	0.0	0.0	0.0	G
7092	8209	0	0	0.0	0.0	8209.0	1.0	0.0	0.00012181751735899622	0.0	T
7093	8209	0	0	0.0	0.0	8209.0	1.0	0.0	0.00012181751735899622	0.0	A
7094	8209	0	0	0.0	0.0	8209.0	7.0	0.0	0.0008527226215129736	0.0	C
7095	8209	0	0	0.0	0.0	8209.0	40.0	0.0	0.004872700694359849	0.0	C
7096	8209	1	0	0.00012181751735899622	0.0	8209.0	2.0	0.0	0.00024363503471799245	0.0	A
7097	8209	0	0	0.0	0.0	8209.0	263.0	0.0	0.032038007065416006	0.0	C
7098	8209	0	0	0.0	0.0	8209.0	0.0	0.0	0.0	0.0	T
7099	8209	0	0	0.0	0.0	8209.0	0.0	0.0	0.0	0.0	T
7100	8209	0	0	0.0	0.0	8209.0	1.0	0.0	0.00012181751735899622	0.0	T
7101	8209	0	0	0.0	0.0	8209.0	0.0	0.0	0.0	0.0	C
7102	8209	0	0	0.0	0.0	8209.0	0.0	0.0	0.0	0.0	A
7103	8209	0	0	0.0	0.0	8209.0	7321.0	0.0	0.8918260445852113	0.0	C
7104	8209	0	0	0.0	0.0	8209.0	0.0	0.0	0.0	0.0	C
7105	8209	0	0	0.0	0.0	8209.0	0.0	0.0	0.0	0.0	T
7106	8209	0	0	0.0	0.0	8209.0	0.0	0.0	0.0	0.0	G
7107	8209	0	0	0.0	0.0	8209.0	5.0	0.0	0.0006090875867949811	0.0	T
7108	8209	1	0	0.00012181751735899622	0.0	8209.0	23.0	0.0	0.0028018028992569132	0.0	A
7109	8209	0	0	0.0	0.0	8209.0	0.0	0.0	0.0	0.0	A
7110	8209	0	0	0.0	0.0	8209.0	0.0	0.0	0.0	0.0	T
7111	8209	0	0	0.0	0.0	8209.0	0.0	0.0	0.0	0.0	T
7112	8209	0	0	0.0	0.0	8209.0	0.0	0.0	0.0	0.0	A
7113	8209	0	0	0.0	0.0	8209.0	0.0	0.0	0.0	0.0	A
7114	8209	2	0	0.00024363503471799245	0.0	8209.0	0.0	0.0	0.0	0.0	G
7115	8209	0	0	0.0	0.0	8209.0	0.0	0.0	0.0	0.0	A
7116	8209	40	0	0.004872700694359849	0.0	8209.0	0.0	0.0	0.0	0.0	C
7117	8209	0	0	0.0	0.0	8209.0	3.0	0.0	0.00036545255207698867	0.0	A
7118	8209	0	0	0.0	0.0	8209.0	2.0	0.0	0.00024363503471799245	0.0	G
7119	8209	1	0	0.00012181751735899622	0.0	8209.0	0.0	0.0	0.0	0.0	G
7120	8209	463	0	0.05640151053721525	0.0	8209.0	2.0	0.0	0.00024363503471799245	0.0	C
7121	8209	0	0	0.0	0.0	8209.0	4173.0	0.0	0.5083444999390913	0.0	A
7122	8209	0	0	0.0	0.0	8209.0	0.0	0.0	0.0	0.0	A
7123	8209	6973	0	0.8494335485442807	0.0	8209.0	0.0	0.0	0.0	0.0	G
7124	8209	0	0	0.0	0.0	8209.0	0.0	0.0	0.0	0.0	C
7125	8209	0	0	0.0	0.0	8209.0	0.0	0.0	0.0	0.0	C
7126	8209	0	0	0.0	0.0	8209.0	0.0	0.0	0.0	0.0	A
7127	8209	1	0	0.00012181751735899622	0.0	8209.0	0.0	0.0	0.0	0.0	C
7128	8209	0	0	0.0	0.0	8209.0	0.0	0.0	0.0	0.0	C
7129	8209	328	0	0.039956145693750764	0.0	8209.0	0.0	0.0	0.0	0.0	G
7130	8209	631	0	0.07686685345352662	0.0	8209.0	0.0	0.0	0.0	0.0	C
7131	8209	5	0	0.0006090875867949811	0.0	8209.0	4.0	0.0	0.0004872700694359849	0.0	C
7132	8209	212	0	0.0258253136801072	0.0	8209.0	1.0	0.0	0.00012181751735899622	0.0	A
7133	8209	1	0	0.00012181751735899622	0.0	8209.0	475.0	0.0	0.05786332074552321	0.0	G
7134	8209	0	0	0.0	0.0	8209.0	0.0	0.0	0.0	0.0	G
7135	8209	58	0	0.007065416006821781	0.0	8209.0	0.0	0.0	0.0	0.0	A
7136	8209	0	0	0.0	0.0	8209.0	0.0	0.0	0.0	0.0	T
7137	8209	0	0	0.0	0.0	8209.0	0.0	0.0	0.0	0.0	A
7138	8209	0	0	0.0	0.0	8209.0	0.0	0.0	0.0	0.0	A
7139	8209	0	0	0.0	0.0	8209.0	48.0	0.0	0.005847240833231819	0.0	A
7140	8209	0	0	0.0	0.0	8209.0	0.0	0.0	0.0	0.0	G
7141	8209	0	0	0.0	0.0	8209.0	0.0	0.0	0.0	0.0	C
7142	8209	1	0	0.00012181751735899622	0.0	8209.0	0.0	0.0	0.0	0.0	G
7143	8209	1	0	0.00012181751735899622	0.0	8209.0	0.0	0.0	0.0	0.0	C
7144	8209	7	0	0.0008527226215129736	0.0	8209.0	0.0	0.0	0.0	0.0	T
7145	8209	40	0	0.004872700694359849	0.0	8209.0	1.0	0.0	0.00012181751735899622	0.0	G
7146	8209	2	0	0.00024363503471799245	0.0	8209.0	0.0	0.0	0.0	0.0	C
7147	8209	263	0	0.032038007065416006	0.0	8209.0	0.0	0.0	0.0	0.0	C
7148	8209	0	0	0.0	0.0	8209.0	0.0	0.0	0.0	0.0	A
7149	8209	0	0	0.0	0.0	8209.0	0.0	0.0	0.0	0.0	T
7150	8209	1	0	0.00012181751735899622	0.0	8209.0	0.0	0.0	0.0	0.0	T
7151	8209	0	0	0.0	0.0	8209.0	3.0	0.0	0.00036545255207698867	0.0	T
7152	8209	0	0	0.0	0.0	8209.0	0.0	0.0	0.0	0.0	T
7153	8209	7321	0	0.8918260445852113	0.0	8209.0	0.0	0.0	0.0	0.0	C
7154	8209	0	0	0.0	0.0	8209.0	0.0	1.0	0.0	0.00012181751735899622	A
7155	8209	0	0	0.0	0.0	8209.0	0.0	0.0	0.0	0.0	A
7156	8209	0	0	0.0	0.0	8209.0	0.0	0.0	0.0	0.0	T
7157	8209	5	0	0.0006090875867949811	0.0	8209.0	0.0	0.0	0.0	0.0	T
7158	8209	23	0	0.0028018028992569132	0.0	8209.0	0.0	0.0	0.0	0.0	G
7159	8209	0	0	0.0	0.0	8209.0	0.0	0.0	0.0	0.0	T
7160	8209	0	0	0.0	0.0	8209.0	0.0	1.0	0.0	0.00012181751735899622	T
7161	8209	0	0	0.0	0.0	8209.0	2.0	0.0	0.00024363503471799245	0.0	C
7162	8209	0	0	0.0	0.0	8209.0	0.0	0.0	0.0	0.0	G
7163	8209	0	0	0.0	0.0	8209.0	0.0	0.0	0.0	0.0	A
7164	8209	0	0	0.0	0.0	8209.0	0.0	0.0	0.0	0.0	T
7165	8209	0	0	0.0	0.0	8209.0	0.0	0.0	0.0	0.0	G
7166	8209	0	0	0.0	0.0	8209.0	0.0	0.0	0.0	0.0	G
7167	8209	3	0	0.00036545255207698867	0.0	8209.0	0.0	0.0	0.0	0.0	T
7168	8209	2	0	0.00024363503471799245	0.0	8209.0	0.0	0.0	0.0	0.0	C
7169	8209	0	0	0.0	0.0	8209.0	1.0	0.0	0.00012181751735899622	0.0	T
7170	8209	2	0	0.00024363503471799245	0.0	8209.0	0.0	0.0	0.0	0.0	G
7171	8209	4173	0	0.5083444999390913	0.0	8209.0	0.0	0.0	0.0	0.0	A
7172	8209	0	0	0.0	0.0	8209.0	0.0	0.0	0.0	0.0	G
7173	8209	0	0	0.0	0.0	8209.0	0.0	0.0	0.0	0.0	C
7174	8209	0	0	0.0	0.0	8209.0	1.0	0.0	0.00012181751735899622	0.0	T
7175	8209	0	0	0.0	0.0	8209.0	114.0	0.0	0.01388719697892557	0.0	A
7176	8209	0	0	0.0	0.0	8209.0	0.0	0.0	0.0	0.0	A
7177	8209	0	0	0.0	0.0	8209.0	0.0	0.0	0.0	0.0	A
7178	8209	0	0	0.0	0.0	8209.0	0.0	0.0	0.0	0.0	C
7179	8209	0	0	0.0	0.0	8209.0	2006.0	0.0	0.24436593982214644	0.0	T
7180	8209	0	0	0.0	0.0	8209.0	0.0	0.0	0.0	0.0	A
7181	8209	4	0	0.0004872700694359849	0.0	8209.0	0.0	0.0	0.0	0.0	C
7182	8209	1	0	0.00012181751735899622	0.0	8209.0	0.0	0.0	0.0	0.0	C
7183	8209	475	0	0.05786332074552321	0.0	8209.0	0.0	0.0	0.0	0.0	G
7184	8209	0	0	0.0	0.0	8209.0	11.0	0.0	0.0013399926909489586	0.0	C
7185	8209	0	0	0.0	0.0	8209.0	12.0	0.0	0.0014618102083079547	0.0	G
7186	8209	0	0	0.0	0.0	8209.0	1.0	0.0	0.00012181751735899622	0.0	A
7187	8209	0	0	0.0	0.0	8209.0	0.0	0.0	0.0	0.0	T
7188	8209	0	0	0.0	0.0	8209.0	0.0	0.0	0.0	0.0	A
7189	8209	48	0	0.005847240833231819	0.0	8209.0	0.0	0.0	0.0	0.0	A
7190	8209	0	0	0.0	0.0	8209.0	1.0	0.0	0.00012181751735899622	0.0	C
7191	8209	0	0	0.0	0.0	8209.0	0.0	0.0	0.0	0.0	C
7192	8209	0	0	0.0	0.0	8209.0	0.0	0.0	0.0	0.0	A
7193	8209	0	0	0.0	0.0	8209.0	1.0	0.0	0.00012181751735899622	0.0	A
7194	8209	0	0	0.0	0.0	8209.0	0.0	0.0	0.0	0.0	T
7195	8209	1	0	0.00012181751735899622	0.0	8209.0	1.0	0.0	0.00012181751735899622	0.0	G
7196	8209	0	0	0.0	0.0	8209.0	0.0	0.0	0.0	0.0	A
7197	8209	0	0	0.0	0.0	8209.0	0.0	0.0	0.0	0.0	C
7198	8209	0	0	0.0	0.0	8209.0	0.0	0.0	0.0	0.0	C
7199	8209	0	0	0.0	0.0	8209.0	0.0	0.0	0.0	0.0	G
7200	8209	0	0	0.0	0.0	8209.0	0.0	0.0	0.0	0.0	A
7201	8209	3	0	0.00036545255207698867	0.0	8209.0	0.0	0.0	0.0	0.0	C
7202	8209	0	0	0.0	0.0	8209.0	0.0	0.0	0.0	0.0	T
7203	8209	0	0	0.0	0.0	8209.0	0.0	0.0	0.0	0.0	G
7204	8209	0	1	0.0	0.00012181751735899622	8209.0	0.0	0.0	0.0	0.0	A
7205	8209	0	0	0.0	0.0	8209.0	0.0	0.0	0.0	0.0	A
7206	8209	0	0	0.0	0.0	8209.0	0.0	0.0	0.0	0.0	A
7207	8209	0	0	0.0	0.0	8209.0	0.0	0.0	0.0	0.0	A
7208	8209	0	0	0.0	0.0	8209.0	0.0	0.0	0.0	0.0	A
7209	8209	0	0	0.0	0.0	8209.0	0.0	0.0	0.0	0.0	A
7210	8209	0	1	0.0	0.00012181751735899622	8209.0	1.0	0.0	0.00012181751735899622	0.0	A
7211	8209	2	0	0.00024363503471799245	0.0	8209.0	0.0	0.0	0.0	0.0	T
7212	8209	0	0	0.0	0.0	8209.0	1.0	0.0	0.00012181751735899622	0.0	C
7213	8209	0	0	0.0	0.0	8209.0	0.0	0.0	0.0	0.0	A
7214	8209	0	0	0.0	0.0	8209.0	0.0	0.0	0.0	0.0	C
7215	8209	0	0	0.0	0.0	8209.0	0.0	0.0	0.0	0.0	T
7216	8209	0	0	0.0	0.0	8209.0	0.0	0.0	0.0	0.0	T
7217	8209	0	0	0.0	0.0	8209.0	0.0	0.0	0.0	0.0	T
7218	8209	0	0	0.0	0.0	8209.0	0.0	0.0	0.0	0.0	T
7219	8209	1	0	0.00012181751735899622	0.0	8209.0	6.0	0.0	0.0007309051041539773	0.0	G
7220	8209	0	0	0.0	0.0	8209.0	0.0	0.0	0.0	0.0	C
7221	8209	0	0	0.0	0.0	8209.0	0.0	0.0	0.0	0.0	G
7222	8209	0	0	0.0	0.0	8209.0	18.0	0.0	0.0021927153124619322	0.0	A
7223	8209	0	0	0.0	0.0	8209.0	0.0	0.0	0.0	0.0	T
7224	8209	1	0	0.00012181751735899622	0.0	8209.0	0.0	0.0	0.0	0.0	C
7225	8209	114	0	0.01388719697892557	0.0	8209.0	0.0	0.0	0.0	0.0	A
7226	8209	0	0	0.0	0.0	8209.0	0.0	0.0	0.0	0.0	A
7227	8209	0	0	0.0	0.0	8209.0	0.0	0.0	0.0	0.0	A
7228	8209	0	0	0.0	0.0	8209.0	0.0	0.0	0.0	0.0	A
7229	8209	2006	0	0.24436593982214644	0.0	8209.0	0.0	0.0	0.0	0.0	A
7230	8209	0	0	0.0	0.0	8209.0	0.0	0.0	0.0	0.0	C
7231	8209	0	0	0.0	0.0	8209.0	0.0	0.0	0.0	0.0	A
7232	8209	0	0	0.0	0.0	8209.0	0.0	0.0	0.0	0.0	G
7233	8209	0	0	0.0	0.0	8209.0	0.0	0.0	0.0	0.0	G
7234	8209	11	0	0.0013399926909489586	0.0	8209.0	2.0	0.0	0.00024363503471799245	0.0	C
7235	8209	12	0	0.0014618102083079547	0.0	8209.0	0.0	0.0	0.0	0.0	T
7236	8209	1	0	0.00012181751735899622	0.0	8209.0	0.0	0.0	0.0	0.0	G
7237	8209	0	0	0.0	0.0	8209.0	0.0	0.0	0.0	0.0	T
7238	8209	0	0	0.0	0.0	8209.0	0.0	0.0	0.0	0.0	T
7239	8209	0	0	0.0	0.0	8209.0	3.0	0.0	0.00036545255207698867	0.0	C
7240	8209	1	0	0.00012181751735899622	0.0	8209.0	0.0	0.0	0.0	0.0	A
7241	8209	0	0	0.0	0.0	8209.0	0.0	0.0	0.0	0.0	T
7242	8209	0	0	0.0	0.0	8209.0	0.0	0.0	0.0	0.0	C
7243	8209	1	0	0.00012181751735899622	0.0	8209.0	1.0	0.0	0.00012181751735899622	0.0	G
7244	8209	0	0	0.0	0.0	8209.0	18.0	0.0	0.0021927153124619322	0.0	A
7245	8209	1	0	0.00012181751735899622	0.0	8209.0	0.0	0.0	0.0	0.0	T
7246	8209	0	0	0.0	0.0	8209.0	0.0	0.0	0.0	0.0	C
7247	8209	0	0	0.0	0.0	8209.0	1786.0	0.0	0.21756608600316726	0.0	A
7248	8209	0	0	0.0	0.0	8209.0	0.0	0.0	0.0	0.0	T
7249	8209	0	0	0.0	0.0	8209.0	0.0	0.0	0.0	0.0	T
7250	8209	0	0	0.0	0.0	8209.0	0.0	0.0	0.0	0.0	T
7251	8209	0	0	0.0	0.0	8209.0	0.0	0.0	0.0	0.0	C
7252	8209	0	0	0.0	0.0	8209.0	0.0	0.0	0.0	0.0	T
7253	8209	0	0	0.0	0.0	8209.0	0.0	0.0	0.0	0.0	T
7254	8209	0	0	0.0	0.0	8209.0	2.0	0.0	0.00024363503471799245	0.0	G
7255	8209	0	0	0.0	0.0	8209.0	0.0	0.0	0.0	0.0	G
7256	8209	0	0	0.0	0.0	8209.0	0.0	0.0	0.0	0.0	A
7257	8209	0	0	0.0	0.0	8209.0	0.0	0.0	0.0	0.0	A
7258	8209	0	0	0.0	0.0	8209.0	0.0	0.0	0.0	0.0	A
7259	8209	0	0	0.0	0.0	8209.0	0.0	0.0	0.0	0.0	C
7260	8209	1	0	0.00012181751735899622	0.0	8209.0	0.0	0.0	0.0	0.0	T
7261	8209	0	0	0.0	0.0	8209.0	0.0	0.0	0.0	0.0	T
7262	8209	1	0	0.00012181751735899622	0.0	8209.0	0.0	0.0	0.0	0.0	T
7263	8209	0	0	0.0	0.0	8209.0	0.0	0.0	0.0	0.0	G
7264	8209	0	0	0.0	0.0	8209.0	0.0	0.0	0.0	0.0	A
7265	8209	0	0	0.0	0.0	8209.0	0.0	0.0	0.0	0.0	T
7266	8209	0	0	0.0	0.0	8209.0	0.0	0.0	0.0	0.0	A
7267	8209	0	0	0.0	0.0	8209.0	0.0	0.0	0.0	0.0	A
7268	8209	0	0	0.0	0.0	8209.0	0.0	0.0	0.0	0.0	A
7269	8209	6	0	0.0007309051041539773	0.0	8209.0	0.0	0.0	0.0	0.0	C
7270	8209	0	0	0.0	0.0	8209.0	0.0	0.0	0.0	0.0	A
7271	8209	0	0	0.0	0.0	8209.0	0.0	0.0	0.0	0.0	G
7272	8209	18	0	0.0021927153124619322	0.0	8209.0	0.0	0.0	0.0	0.0	T
7273	8209	0	0	0.0	0.0	8209.0	0.0	0.0	0.0	0.0	T
7274	8209	0	0	0.0	0.0	8209.0	0.0	0.0	0.0	0.0	C
7275	8209	0	0	0.0	0.0	8209.0	0.0	0.0	0.0	0.0	T
7276	8209	0	0	0.0	0.0	8209.0	1.0	0.0	0.00012181751735899622	0.0	T
7277	8209	0	0	0.0	0.0	8209.0	2682.0	0.0	0.32671458155682787	0.0	T
7278	8209	0	0	0.0	0.0	8209.0	0.0	0.0	0.0	0.0	T
7279	8209	0	0	0.0	0.0	8209.0	0.0	0.0	0.0	0.0	T
7280	8209	0	0	0.0	0.0	8209.0	265.0	0.0	0.032281642100134	0.0	A
7281	8209	0	0	0.0	0.0	8209.0	0.0	0.0	0.0	0.0	A
7282	8209	0	0	0.0	0.0	8209.0	0.0	0.0	0.0	0.0	A
7283	8209	0	0	0.0	0.0	8209.0	3.0	0.0	0.00036545255207698867	0.0	A
7284	8209	2	0	0.00024363503471799245	0.0	8209.0	0.0	0.0	0.0	0.0	G
7285	8209	0	0	0.0	0.0	8209.0	0.0	0.0	0.0	0.0	A
7286	8209	0	0	0.0	0.0	8209.0	0.0	0.0	0.0	0.0	T
7287	8209	0	0	0.0	0.0	8209.0	0.0	0.0	0.0	0.0	A
7288	8209	0	0	0.0	0.0	8209.0	0.0	0.0	0.0	0.0	G
7289	8209	3	0	0.00036545255207698867	0.0	8209.0	0.0	0.0	0.0	0.0	T
7290	8209	0	0	0.0	0.0	8209.0	0.0	0.0	0.0	0.0	T
7291	8209	0	0	0.0	0.0	8209.0	0.0	0.0	0.0	0.0	T
7292	8209	0	0	0.0	0.0	8209.0	1.0	0.0	0.00012181751735899622	0.0	T
7293	8209	1	0	0.00012181751735899622	0.0	8209.0	0.0	0.0	0.0	0.0	G
7294	8209	18	0	0.0021927153124619322	0.0	8209.0	0.0	0.0	0.0	0.0	T
7295	8209	0	0	0.0	0.0	8209.0	0.0	0.0	0.0	0.0	T
7296	8209	0	0	0.0	0.0	8209.0	0.0	0.0	0.0	0.0	G
7297	8209	1786	0	0.21756608600316726	0.0	8209.0	0.0	0.0	0.0	0.0	T
7298	8209	0	0	0.0	0.0	8209.0	0.0	0.0	0.0	0.0	T
7299	8209	0	0	0.0	0.0	8209.0	0.0	0.0	0.0	0.0	G
7300	8209	0	0	0.0	0.0	8209.0	0.0	0.0	0.0	0.0	A
7301	8209	0	0	0.0	0.0	8209.0	0.0	0.0	0.0	0.0	A
7302	8209	0	0	0.0	0.0	8209.0	0.0	0.0	0.0	0.0	A
7303	8209	0	0	0.0	0.0	8209.0	53.0	0.0	0.0064563284200268	0.0	C
7304	8209	2	0	0.00024363503471799245	0.0	8209.0	4114.0	0.0	0.5011572664149104	0.0	G
7305	8209	0	0	0.0	0.0	8209.0	1.0	0.0	0.00012181751735899622	0.0	C
7306	8209	0	0	0.0	0.0	8209.0	0.0	0.0	0.0	0.0	T
7307	8209	0	0	0.0	0.0	8209.0	52.0	0.0	0.006334510902667804	0.0	T
7308	8209	0	0	0.0	0.0	8209.0	0.0	0.0	0.0	0.0	C
7309	8209	0	0	0.0	0.0	8209.0	0.0	0.0	0.0	0.0	T
7310	8209	0	0	0.0	0.0	8209.0	0.0	0.0	0.0	0.0	T
7311	8209	0	0	0.0	0.0	8209.0	0.0	0.0	0.0	0.0	T
7312	8209	0	0	0.0	0.0	8209.0	0.0	0.0	0.0	0.0	A
7313	8209	0	0	0.0	0.0	8209.0	1.0	0.0	0.00012181751735899622	0.0	T
7314	8209	0	0	0.0	0.0	8209.0	0.0	0.0	0.0	0.0	G
7315	8209	0	0	0.0	0.0	8209.0	0.0	0.0	0.0	0.0	A
7316	8209	0	0	0.0	0.0	8209.0	0.0	0.0	0.0	0.0	A
7317	8209	0	0	0.0	0.0	8209.0	0.0	0.0	0.0	0.0	A
7318	8209	0	0	0.0	0.0	8209.0	0.0	0.0	0.0	0.0	A
7319	8209	0	0	0.0	0.0	8209.0	52.0	0.0	0.006334510902667804	0.0	A
7320	8209	0	0	0.0	0.0	8209.0	0.0	0.0	0.0	0.0	A
7321	8209	0	0	0.0	0.0	8209.0	0.0	0.0	0.0	0.0	G
7322	8209	0	0	0.0	0.0	8209.0	0.0	0.0	0.0	0.0	T
7323	8209	0	0	0.0	0.0	8209.0	0.0	0.0	0.0	0.0	A
7324	8209	0	0	0.0	0.0	8209.0	0.0	0.0	0.0	0.0	A
7325	8209	0	0	0.0	0.0	8209.0	0.0	0.0	0.0	0.0	A
7326	8209	1	0	0.00012181751735899622	0.0	8209.0	0.0	0.0	0.0	0.0	C
7327	8209	2682	0	0.32671458155682787	0.0	8209.0	0.0	0.0	0.0	0.0	T
7328	8209	0	0	0.0	0.0	8208.0	0.0	0.0	0.0	0.0	G
7329	8209	0	0	0.0	0.0	8208.0	0.0	0.0	0.0	0.0	G
7330	8209	265	0	0.032281642100134	0.0	8208.0	0.0	0.0	0.0	0.0	T
7331	8209	0	0	0.0	0.0	8208.0	0.0	0.0	0.0	0.0	C
7332	8209	0	0	0.0	0.0	8208.0	0.0	0.0	0.0	0.0	G
7333	8209	3	0	0.00036545255207698867	0.0	8208.0	0.0	0.0	0.0	0.0	T
7334	8209	0	0	0.0	0.0	8208.0	0.0	0.0	0.0	0.0	G
7335	8209	0	0	0.0	0.0	8208.0	93.0	0.0	0.011330409356725146	0.0	T
7336	8209	0	0	0.0	0.0	8208.0	0.0	0.0	0.0	0.0	A
7337	8209	0	0	0.0	0.0	8208.0	0.0	0.0	0.0	0.0	T
7338	8209	0	0	0.0	0.0	8208.0	0.0	0.0	0.0	0.0	T
7339	8209	0	0	0.0	0.0	8208.0	0.0	0.0	0.0	0.0	G
7340	8209	0	0	0.0	0.0	8208.0	0.0	0.0	0.0	0.0	A
7341	8209	0	0	0.0	0.0	8208.0	0.0	0.0	0.0	0.0	T
7342	8209	1	0	0.00012181751735899622	0.0	8208.0	0.0	0.0	0.0	0.0	C
7343	8209	0	0	0.0	0.0	8208.0	0.0	0.0	0.0	0.0	T
7344	8209	0	0	0.0	0.0	8208.0	0.0	0.0	0.0	0.0	T
7345	8209	0	0	0.0	0.0	8208.0	0.0	0.0	0.0	0.0	A
7346	8209	0	0	0.0	0.0	8208.0	0.0	0.0	0.0	0.0	A
7347	8209	0	0	0.0	0.0	8208.0	0.0	0.0	0.0	0.0	C
7348	8209	0	0	0.0	0.0	8208.0	0.0	0.0	0.0	0.0	T
7349	8209	0	0	0.0	0.0	8208.0	0.0	0.0	0.0	0.0	A
7350	8209	0	0	0.0	0.0	8208.0	0.0	0.0	0.0	0.0	G
7351	8209	0	0	0.0	0.0	8208.0	0.0	0.0	0.0	0.0	A
7352	8209	0	0	0.0	0.0	8208.0	0.0	0.0	0.0	0.0	A
7353	8209	53	0	0.0064563284200268	0.0	8208.0	0.0	0.0	0.0	0.0	T
7354	8209	4114	0	0.5011572664149104	0.0	8208.0	0.0	0.0	0.0	0.0	C
7355	8209	1	0	0.00012181751735899622	0.0	8208.0	0.0	0.0	0.0	0.0	C
7356	8209	0	0	0.0	0.0	8208.0	0.0	0.0	0.0	0.0	C
7357	8209	52	0	0.006334510902667804	0.0	8208.0	0.0	0.0	0.0	0.0	T
7358	8209	0	0	0.0	0.0	8208.0	0.0	0.0	0.0	0.0	T
7359	8209	0	0	0.0	0.0	8208.0	0.0	0.0	0.0	0.0	C
7360	8209	0	0	0.0	0.0	8208.0	0.0	0.0	0.0	0.0	T
7361	8209	0	0	0.0	0.0	8208.0	0.0	0.0	0.0	0.0	T
7362	8209	0	0	0.0	0.0	8208.0	0.0	0.0	0.0	0.0	C
7363	8209	1	0	0.00012181751735899622	0.0	8208.0	0.0	0.0	0.0	0.0	G
7364	8209	0	0	0.0	0.0	8208.0	1.0	0.0	0.00012183235867446393	0.0	T
7365	8209	0	0	0.0	0.0	8208.0	1.0	0.0	0.00012183235867446393	0.0	T
7366	8209	0	0	0.0	0.0	8208.0	0.0	0.0	0.0	0.0	T
7367	8209	0	0	0.0	0.0	8208.0	0.0	0.0	0.0	0.0	A
7368	8209	0	0	0.0	0.0	8208.0	1.0	0.0	0.00012183235867446393	0.0	A
7369	8209	52	0	0.006334510902667804	0.0	8208.0	10.0	0.0	0.0012183235867446393	0.0	C
7370	8209	0	0	0.0	0.0	8208.0	0.0	0.0	0.0	0.0	T
7371	8209	0	0	0.0	0.0	8208.0	0.0	0.0	0.0	0.0	G
7372	8209	0	0	0.0	0.0	8208.0	0.0	0.0	0.0	0.0	A
7373	8209	0	0	0.0	0.0	8208.0	0.0	0.0	0.0	0.0	T
7374	8209	0	0	0.0	0.0	8208.0	0.0	0.0	0.0	0.0	T
7375	8209	0	0	0.0	0.0	8208.0	0.0	0.0	0.0	0.0	T
7376	8209	0	0	0.0	0.0	8208.0	0.0	0.0	0.0	0.0	A
7377	8209	0	0	0.0	0.0	8208.0	0.0	0.0	0.0	0.0	A
7378	8208	0	0	0.0	0.0	8208.0	0.0	0.0	0.0	0.0	A
7379	8208	0	0	0.0	0.0	8208.0	0.0	0.0	0.0	0.0	T
7380	8208	0	0	0.0	0.0	8208.0	0.0	0.0	0.0	0.0	A
7381	8208	0	0	0.0	0.0	8208.0	0.0	0.0	0.0	0.0	G
7382	8208	0	0	0.0	0.0	8208.0	0.0	0.0	0.0	0.0	T
7383	8208	0	0	0.0	0.0	8208.0	0.0	0.0	0.0	0.0	G
7384	8208	0	0	0.0	0.0	8208.0	0.0	0.0	0.0	0.0	A
7385	8208	93	0	0.011330409356725146	0.0	8208.0	2.0	0.0	0.00024366471734892786	0.0	C
7386	8208	0	0	0.0	0.0	8208.0	0.0	0.0	0.0	0.0	T
7387	8208	0	0	0.0	0.0	8208.0	0.0	0.0	0.0	0.0	A
7388	8208	0	0	0.0	0.0	8208.0	0.0	0.0	0.0	0.0	G
7389	8208	0	0	0.0	0.0	8208.0	0.0	0.0	0.0	0.0	C
7390	8208	0	0	0.0	0.0	8208.0	0.0	0.0	0.0	0.0	T
7391	8208	0	0	0.0	0.0	8208.0	0.0	0.0	0.0	0.0	G
7392	8208	0	0	0.0	0.0	8208.0	0.0	0.0	0.0	0.0	T
7393	8208	0	0	0.0	0.0	8208.0	5.0	0.0	0.0006091617933723197	0.0	A
7394	8208	0	0	0.0	0.0	8208.0	0.0	0.0	0.0	0.0	T
7395	8208	0	0	0.0	0.0	8208.0	0.0	0.0	0.0	0.0	T
7396	8208	0	0	0.0	0.0	8208.0	0.0	0.0	0.0	0.0	T
7397	8208	0	0	0.0	0.0	8208.0	3.0	0.0	0.0003654970760233918	0.0	C
7398	8208	0	0	0.0	0.0	8208.0	0.0	0.0	0.0	0.0	G
7399	8208	0	0	0.0	0.0	8208.0	0.0	0.0	0.0	0.0	T
7400	8208	0	0	0.0	0.0	8208.0	0.0	0.0	0.0	0.0	T
7401	8208	0	0	0.0	0.0	8208.0	0.0	0.0	0.0	0.0	T
7402	8208	0	0	0.0	0.0	8208.0	0.0	0.0	0.0	0.0	G
7403	8208	0	0	0.0	0.0	8208.0	0.0	0.0	0.0	0.0	A
7404	8208	0	0	0.0	0.0	8208.0	0.0	0.0	0.0	0.0	T
7405	8208	0	0	0.0	0.0	8208.0	0.0	0.0	0.0	0.0	A
7406	8208	0	0	0.0	0.0	8208.0	0.0	0.0	0.0	0.0	G
7407	8208	0	0	0.0	0.0	8208.0	0.0	0.0	0.0	0.0	A
7408	8208	0	0	0.0	0.0	8208.0	0.0	0.0	0.0	0.0	A
7409	8208	0	0	0.0	0.0	8208.0	0.0	0.0	0.0	0.0	A
7410	8208	0	0	0.0	0.0	8208.0	0.0	0.0	0.0	0.0	A
7411	8208	0	0	0.0	0.0	8208.0	0.0	0.0	0.0	0.0	T
7412	8208	0	0	0.0	0.0	8208.0	0.0	0.0	0.0	0.0	G
7413	8208	0	0	0.0	0.0	8208.0	1.0	0.0	0.00012183235867446393	0.0	T
7414	8208	1	0	0.00012183235867446393	0.0	8208.0	0.0	0.0	0.0	0.0	C
7415	8208	1	0	0.00012183235867446393	0.0	8208.0	0.0	0.0	0.0	0.0	G
7416	8208	0	0	0.0	0.0	8208.0	0.0	0.0	0.0	0.0	T
7417	8208	0	0	0.0	0.0	8208.0	0.0	0.0	0.0	0.0	T
7418	8208	1	0	0.00012183235867446393	0.0	8208.0	0.0	0.0	0.0	0.0	G
7419	8208	10	0	0.0012183235867446393	0.0	8208.0	0.0	0.0	0.0	0.0	C
7420	8208	0	0	0.0	0.0	8208.0	0.0	0.0	0.0	0.0	A
7421	8208	0	0	0.0	0.0	8208.0	0.0	0.0	0.0	0.0	A
7422	8208	0	0	0.0	0.0	8208.0	0.0	0.0	0.0	0.0	T
7423	8208	0	0	0.0	0.0	8208.0	0.0	0.0	0.0	0.0	A
7424	8208	0	0	0.0	0.0	8208.0	0.0	0.0	0.0	0.0	T
7425	8208	0	0	0.0	0.0	8208.0	0.0	0.0	0.0	0.0	T
7426	8208	0	0	0.0	0.0	8208.0	0.0	0.0	0.0	0.0	G
7427	8208	0	0	0.0	0.0	8208.0	0.0	0.0	0.0	0.0	C
7428	8208	0	0	0.0	0.0	8208.0	0.0	0.0	0.0	0.0	T
7429	8208	0	0	0.0	0.0	8208.0	0.0	0.0	0.0	0.0	T
7430	8208	0	0	0.0	0.0	8208.0	1.0	0.0	0.00012183235867446393	0.0	G
7431	8208	0	0	0.0	0.0	8208.0	0.0	0.0	0.0	0.0	C
7432	8208	0	0	0.0	0.0	8208.0	0.0	0.0	0.0	0.0	T
7433	8208	0	0	0.0	0.0	8208.0	0.0	0.0	0.0	0.0	G
7434	8208	0	0	0.0	0.0	8208.0	0.0	0.0	0.0	0.0	T
7435	8208	2	0	0.00024366471734892786	0.0	8208.0	0.0	0.0	0.0	0.0	G
7436	8208	0	0	0.0	0.0	8208.0	0.0	0.0	0.0	0.0	A
7437	8208	0	0	0.0	0.0	8208.0	0.0	0.0	0.0	0.0	A
7438	8208	0	0	0.0	0.0	8208.0	0.0	0.0	0.0	0.0	A
7439	8208	0	0	0.0	0.0	8208.0	0.0	0.0	0.0	0.0	A
7440	8208	0	0	0.0	0.0	8208.0	0.0	0.0	0.0	0.0	T
7441	8208	0	0	0.0	0.0	8208.0	0.0	0.0	0.0	0.0	T
7442	8208	0	0	0.0	0.0	8208.0	0.0	0.0	0.0	0.0	T
7443	8208	5	0	0.0006091617933723197	0.0	8208.0	0.0	0.0	0.0	0.0	C
7444	8208	0	0	0.0	0.0	8208.0	0.0	0.0	0.0	0.0	A
7445	8208	0	0	0.0	0.0	8208.0	0.0	0.0	0.0	0.0	C
7446	8208	0	0	0.0	0.0	8208.0	0.0	0.0	0.0	0.0	T
7447	8208	3	0	0.0003654970760233918	0.0	8208.0	0.0	0.0	0.0	0.0	G
7448	8208	0	0	0.0	0.0	8208.0	0.0	0.0	0.0	0.0	A
7449	8208	0	0	0.0	0.0	8208.0	0.0	0.0	0.0	0.0	C
7450	8208	0	0	0.0	0.0	8208.0	3.0	0.0	0.0003654970760233918	0.0	T
7451	8208	0	0	0.0	0.0	8208.0	25.0	0.0	0.0030458089668615983	0.0	A
7452	8208	0	0	0.0	0.0	8208.0	5674.0	0.0	0.6912768031189084	0.0	A
7453	8208	0	0	0.0	0.0	8208.0	0.0	0.0	0.0	0.0	A
7454	8208	0	0	0.0	0.0	8208.0	0.0	0.0	0.0	0.0	G
7455	8208	0	0	0.0	0.0	8208.0	0.0	0.0	0.0	0.0	A
7456	8208	0	0	0.0	0.0	8208.0	0.0	0.0	0.0	0.0	T
7457	8208	0	0	0.0	0.0	8208.0	0.0	0.0	0.0	0.0	G
7458	8208	0	0	0.0	0.0	8208.0	1.0	0.0	0.00012183235867446393	0.0	G
7459	8208	0	0	0.0	0.0	8208.0	1.0	0.0	0.00012183235867446393	0.0	T
7460	8208	0	0	0.0	0.0	8208.0	0.0	1.0	0.0	0.00012183235867446393	T
7461	8208	0	0	0.0	0.0	8208.0	0.0	0.0	0.0	0.0	C
7462	8208	0	0	0.0	0.0	8208.0	0.0	0.0	0.0	0.0	A
7463	8208	1	0	0.00012183235867446393	0.0	8208.0	0.0	0.0	0.0	0.0	A
7464	8208	0	0	0.0	0.0	8208.0	0.0	0.0	0.0	0.0	A
7465	8208	0	0	0.0	0.0	8208.0	0.0	0.0	0.0	0.0	A
7466	8208	0	0	0.0	0.0	8208.0	0.0	0.0	0.0	0.0	A
7467	8208	0	0	0.0	0.0	8208.0	0.0	0.0	0.0	0.0	A
7468	8208	0	0	0.0	0.0	8208.0	0.0	0.0	0.0	0.0	A
7469	8208	0	0	0.0	0.0	8208.0	0.0	0.0	0.0	0.0	G
7470	8208	0	0	0.0	0.0	8208.0	0.0	0.0	0.0	0.0	C
7471	8208	0	0	0.0	0.0	8208.0	0.0	0.0	0.0	0.0	T
7472	8208	0	0	0.0	0.0	8208.0	0.0	0.0	0.0	0.0	G
7473	8208	0	0	0.0	0.0	8208.0	0.0	0.0	0.0	0.0	T
7474	8208	0	0	0.0	0.0	8208.0	0.0	0.0	0.0	0.0	T
7475	8208	0	0	0.0	0.0	8208.0	3.0	0.0	0.0003654970760233918	0.0	T
7476	8208	0	0	0.0	0.0	8208.0	4025.0	0.0	0.49037524366471735	0.0	G
7477	8208	0	0	0.0	0.0	8208.0	994.0	0.0	0.12110136452241715	0.0	A
7478	8208	0	0	0.0	0.0	8208.0	0.0	0.0	0.0	0.0	T
7479	8208	0	0	0.0	0.0	8208.0	0.0	0.0	0.0	0.0	T
7480	8208	1	0	0.00012183235867446393	0.0	8208.0	0.0	0.0	0.0	0.0	G
7481	8208	0	0	0.0	0.0	8208.0	0.0	0.0	0.0	0.0	C
7482	8208	0	0	0.0	0.0	8208.0	0.0	0.0	0.0	0.0	G
7483	8208	0	0	0.0	0.0	8208.0	0.0	0.0	0.0	0.0	T
7484	8208	0	0	0.0	0.0	8208.0	0.0	0.0	0.0	0.0	A
7485	8208	0	0	0.0	0.0	8208.0	0.0	0.0	0.0	0.0	A
7486	8208	0	0	0.0	0.0	8208.0	0.0	0.0	0.0	0.0	A
7487	8208	0	0	0.0	0.0	8208.0	0.0	0.0	0.0	0.0	T
7488	8208	0	0	0.0	0.0	8208.0	0.0	0.0	0.0	0.0	A
7489	8208	0	0	0.0	0.0	8208.0	0.0	0.0	0.0	0.0	A
7490	8208	0	0	0.0	0.0	8208.0	0.0	0.0	0.0	0.0	T
7491	8208	0	0	0.0	0.0	8208.0	4.0	0.0	0.0004873294346978557	0.0	C
7492	8208	0	0	0.0	0.0	8208.0	0.0	0.0	0.0	0.0	A
7493	8208	0	0	0.0	0.0	8208.0	0.0	0.0	0.0	0.0	A
7494	8208	0	0	0.0	0.0	8208.0	0.0	316.0	0.0	0.0384990253411306	C
7495	8208	0	0	0.0	0.0	8208.0	3.0	0.0	0.0003654970760233918	0.0	A
7496	8208	0	0	0.0	0.0	8208.0	0.0	0.0	0.0	0.0	A
7497	8208	0	0	0.0	0.0	8208.0	0.0	0.0	0.0	0.0	T
7498	8208	0	0	0.0	0.0	8208.0	2.0	0.0	0.00024366471734892786	0.0	T
7499	8208	0	0	0.0	0.0	8208.0	1.0	0.0	0.00012183235867446393	0.0	T
7500	8208	3	0	0.0003654970760233918	0.0	8208.0	3.0	0.0	0.0003654970760233918	0.0	G
7501	8208	25	0	0.0030458089668615983	0.0	8208.0	0.0	297.0	0.0	0.03618421052631579	C
7502	8208	5674	0	0.6912768031189084	0.0	8208.0	3.0	0.0	0.0003654970760233918	0.0	A
7503	8208	0	0	0.0	0.0	8208.0	0.0	0.0	0.0	0.0	T
7504	8208	0	0	0.0	0.0	8208.0	0.0	0.0	0.0	0.0	T
7505	8208	0	0	0.0	0.0	8208.0	0.0	0.0	0.0	0.0	T
7506	8208	0	0	0.0	0.0	8208.0	0.0	0.0	0.0	0.0	T
7507	8208	0	0	0.0	0.0	8208.0	0.0	0.0	0.0	0.0	T
7508	8208	1	0	0.00012183235867446393	0.0	8208.0	0.0	0.0	0.0	0.0	A
7509	8208	1	0	0.00012183235867446393	0.0	8208.0	0.0	0.0	0.0	0.0	A
7510	8208	0	1	0.0	0.00012183235867446393	8208.0	0.0	0.0	0.0	0.0	C
7511	8208	0	0	0.0	0.0	8208.0	0.0	0.0	0.0	0.0	A
7512	8208	0	0	0.0	0.0	8208.0	9.0	0.0	0.0010964912280701754	0.0	T
7513	8208	0	0	0.0	0.0	8208.0	0.0	0.0	0.0	0.0	A
7514	8208	0	0	0.0	0.0	8208.0	0.0	0.0	0.0	0.0	A
7515	8208	0	0	0.0	0.0	8208.0	0.0	0.0	0.0	0.0	A
7516	8208	0	0	0.0	0.0	8208.0	0.0	0.0	0.0	0.0	A
7517	8208	0	0	0.0	0.0	8208.0	0.0	0.0	0.0	0.0	T
7518	8208	0	0	0.0	0.0	8208.0	0.0	0.0	0.0	0.0	C
7519	8208	0	0	0.0	0.0	8208.0	0.0	0.0	0.0	0.0	A
7520	8208	0	0	0.0	0.0	8208.0	137.0	0.0	0.01669103313840156	0.0	C
7521	8208	0	0	0.0	0.0	8208.0	0.0	0.0	0.0	0.0	C
7522	8208	0	0	0.0	0.0	8208.0	0.0	0.0	0.0	0.0	T
7523	8208	0	0	0.0	0.0	8208.0	0.0	0.0	0.0	0.0	C
7524	8208	0	0	0.0	0.0	8208.0	0.0	0.0	0.0	0.0	T
7525	8208	3	0	0.0003654970760233918	0.0	8208.0	2.0	0.0	0.00024366471734892786	0.0	C
7526	8208	4025	0	0.49037524366471735	0.0	8208.0	0.0	0.0	0.0	0.0	G
7527	8208	994	0	0.12110136452241715	0.0	8207.0	0.0	0.0	0.0	0.0	T
7528	8208	0	0	0.0	0.0	8207.0	0.0	0.0	0.0	0.0	T
7529	8208	0	0	0.0	0.0	8207.0	0.0	0.0	0.0	0.0	T
7530	8208	0	0	0.0	0.0	8207.0	0.0	0.0	0.0	0.0	A
7531	8208	0	0	0.0	0.0	8207.0	0.0	0.0	0.0	0.0	T
7532	8208	0	0	0.0	0.0	8207.0	0.0	0.0	0.0	0.0	C
7533	8208	0	0	0.0	0.0	8207.0	0.0	0.0	0.0	0.0	A
7534	8208	0	0	0.0	0.0	8207.0	1.0	0.0	0.00012184720360667723	0.0	T
7535	8208	0	0	0.0	0.0	8207.0	0.0	0.0	0.0	0.0	A
7536	8208	0	0	0.0	0.0	8207.0	0.0	0.0	0.0	0.0	A
7537	8208	0	0	0.0	0.0	8207.0	0.0	0.0	0.0	0.0	C
7538	8208	0	0	0.0	0.0	8207.0	0.0	0.0	0.0	0.0	G
7539	8208	0	0	0.0	0.0	8206.0	1.0	0.0	0.00012186205215695832	0.0	T
7540	8208	0	0	0.0	0.0	8206.0	0.0	4.0	0.0	0.0004874482086278333	A
7541	8208	4	0	0.0004873294346978557	0.0	8206.0	0.0	4.0	0.0	0.0004874482086278333	C
7542	8208	0	0	0.0	0.0	8206.0	0.0	4.0	0.0	0.0004874482086278333	C
7543	8208	0	0	0.0	0.0	8206.0	1.0	0.0	0.00012186205215695832	0.0	T
7544	8208	0	316	0.0	0.0384990253411306	8206.0	17.0	0.0	0.0020716548866682913	0.0	A
7545	8208	3	0	0.0003654970760233918	0.0	8206.0	0.0	0.0	0.0	0.0	A
7546	8208	0	0	0.0	0.0	8205.0	347.0	1.0	0.042291285801340645	0.0001218769043266301	A
7547	8208	0	0	0.0	0.0	8205.0	56.0	0.0	0.006825106642291286	0.0	A
7548	8208	2	0	0.00024366471734892786	0.0	8205.0	0.0	0.0	0.0	0.0	A
7549	8208	1	0	0.00012183235867446393	0.0	8205.0	0.0	0.0	0.0	0.0	A
7550	8208	3	0	0.0003654970760233918	0.0	8205.0	0.0	1.0	0.0	0.0001218769043266301	A
7551	8208	0	297	0.0	0.03618421052631579	8205.0	0.0	0.0	0.0	0.0	A
7552	8208	3	0	0.0003654970760233918	0.0	8205.0	1.0	2.0	0.0001218769043266301	0.0002437538086532602	C
7553	8208	0	0	0.0	0.0	8204.0	0.0	0.0	0.0	0.0	G
7554	8208	0	0	0.0	0.0	8204.0	0.0	0.0	0.0	0.0	T
7555	8208	0	0	0.0	0.0	8204.0	0.0	0.0	0.0	0.0	C
7556	8208	0	0	0.0	0.0	8204.0	0.0	0.0	0.0	0.0	A
7557	8208	0	0	0.0	0.0	8204.0	0.0	4.0	0.0	0.00048756704046806434	A
7558	8208	0	0	0.0	0.0	8204.0	0.0	0.0	0.0	0.0	T
7559	8208	0	0	0.0	0.0	8204.0	0.0	0.0	0.0	0.0	A
7560	8208	0	0	0.0	0.0	8204.0	0.0	0.0	0.0	0.0	T
7561	8208	0	0	0.0	0.0	8204.0	0.0	0.0	0.0	0.0	T
7562	8208	9	0	0.0010964912280701754	0.0	8204.0	0.0	0.0	0.0	0.0	C
7563	8208	0	0	0.0	0.0	8162.0	13.0	0.0	0.0015927468757657437	0.0	A
7564	8208	0	0	0.0	0.0	8150.0	0.0	0.0	0.0	0.0	A
7565	8208	0	0	0.0	0.0	8150.0	0.0	0.0	0.0	0.0	A
7566	8208	0	0	0.0	0.0	8150.0	0.0	0.0	0.0	0.0	A
7567	8208	0	0	0.0	0.0	8150.0	0.0	0.0	0.0	0.0	T
7568	8208	0	0	0.0	0.0	8150.0	0.0	0.0	0.0	0.0	T
7569	8208	0	0	0.0	0.0	8150.0	1.0	0.0	0.0001226993865030675	0.0	T
7570	8208	137	0	0.01669103313840156	0.0	8149.0	0.0	0.0	0.0	0.0	C
7571	8208	0	0	0.0	0.0	8149.0	0.0	0.0	0.0	0.0	T
7572	8208	0	0	0.0	0.0	8149.0	0.0	0.0	0.0	0.0	T
7573	8208	0	0	0.0	0.0	8149.0	0.0	0.0	0.0	0.0	T
7574	8208	0	0	0.0	0.0	8149.0	1.0	0.0	0.00012271444348999877	0.0	T
7575	8208	2	0	0.00024366471734892786	0.0	8149.0	0.0	0.0	0.0	0.0	G
7576	8208	0	0	0.0	0.0	8149.0	0.0	0.0	0.0	0.0	T
7577	8207	0	0	0.0	0.0	8149.0	0.0	0.0	0.0	0.0	T
7578	8207	0	0	0.0	0.0	8149.0	0.0	0.0	0.0	0.0	A
7579	8207	0	0	0.0	0.0	8149.0	3.0	0.0	0.00036814333046999634	0.0	T
7580	8207	0	0	0.0	0.0	8149.0	0.0	0.0	0.0	0.0	T
7581	8207	0	0	0.0	0.0	8149.0	4.0	0.0	0.0004908577739599951	0.0	T
7582	8207	0	0	0.0	0.0	8149.0	1.0	0.0	0.00012271444348999877	0.0	T
7583	8207	0	0	0.0	0.0	8149.0	0.0	0.0	0.0	0.0	T
7584	8207	1	0	0.00012184720360667723	0.0	8149.0	0.0	0.0	0.0	0.0	C
7585	8207	0	0	0.0	0.0	8149.0	1.0	0.0	0.00012271444348999877	0.0	T
7586	8207	0	0	0.0	0.0	8149.0	0.0	0.0	0.0	0.0	T
7587	8207	0	0	0.0	0.0	8149.0	0.0	0.0	0.0	0.0	T
7588	8207	0	0	0.0	0.0	8149.0	0.0	0.0	0.0	0.0	A
7589	8206	1	0	0.00012186205215695832	0.0	8149.0	10.0	0.0	0.0012271444348999877	0.0	T
7590	8206	0	4	0.0	0.0004874482086278333	8149.0	0.0	0.0	0.0	0.0	A
7591	8206	0	4	0.0	0.0004874482086278333	8149.0	0.0	0.0	0.0	0.0	T
7592	8206	0	4	0.0	0.0004874482086278333	8149.0	0.0	0.0	0.0	0.0	A
7593	8206	1	0	0.00012186205215695832	0.0	8149.0	3.0	0.0	0.00036814333046999634	0.0	A
7594	8206	17	0	0.0020716548866682913	0.0	8149.0	14.0	0.0	0.0017180022088599829	0.0	G
7595	8206	0	0	0.0	0.0	8149.0	0.0	0.0	0.0	0.0	G
7596	8205	347	1	0.042291285801340645	0.0001218769043266301	8149.0	0.0	0.0	0.0	0.0	A
7597	8205	56	0	0.006825106642291286	0.0	8149.0	0.0	0.0	0.0	0.0	G
7598	8205	0	0	0.0	0.0	8149.0	0.0	0.0	0.0	0.0	C
7599	8205	0	0	0.0	0.0	8149.0	0.0	0.0	0.0	0.0	C
7600	8205	0	1	0.0	0.0001218769043266301	8149.0	0.0	0.0	0.0	0.0	C
7601	8205	0	0	0.0	0.0	8149.0	5.0	0.0	0.0006135722174499938	0.0	A
7602	8205	1	2	0.0001218769043266301	0.0002437538086532602	8149.0	0.0	0.0	0.0	0.0	T
7603	8204	0	0	0.0	0.0	8149.0	179.0	0.0	0.02196588538470978	0.0	T
7604	8204	0	0	0.0	0.0	8149.0	0.0	0.0	0.0	0.0	T
7605	8204	0	0	0.0	0.0	8149.0	0.0	0.0	0.0	0.0	T
7606	8204	0	0	0.0	0.0	8149.0	0.0	0.0	0.0	0.0	T
7607	8204	0	4	0.0	0.00048756704046806434	8149.0	0.0	0.0	0.0	0.0	T
7608	8204	0	0	0.0	0.0	8149.0	0.0	0.0	0.0	0.0	A
7609	8204	0	0	0.0	0.0	8149.0	0.0	0.0	0.0	0.0	T
7610	8204	0	0	0.0	0.0	8149.0	0.0	0.0	0.0	0.0	G
7611	8204	0	0	0.0	0.0	8149.0	0.0	0.0	0.0	0.0	T
7612	8204	0	0	0.0	0.0	8149.0	0.0	0.0	0.0	0.0	T
7613	8162	13	0	0.0015927468757657437	0.0	8149.0	0.0	0.0	0.0	0.0	A
7614	8150	0	0	0.0	0.0	8149.0	0.0	0.0	0.0	0.0	T
7615	8150	0	0	0.0	0.0	8149.0	1.0	0.0	0.00012271444348999877	0.0	T
7616	8150	0	0	0.0	0.0	8149.0	0.0	0.0	0.0	0.0	T
7617	8150	0	0	0.0	0.0	8149.0	3.0	0.0	0.00036814333046999634	0.0	A
7618	8150	0	0	0.0	0.0	8149.0	0.0	0.0	0.0	0.0	A
7619	8150	1	0	0.0001226993865030675	0.0	8149.0	0.0	0.0	0.0	0.0	T
7620	8149	0	0	0.0	0.0	8149.0	0.0	0.0	0.0	0.0	C
7621	8149	0	0	0.0	0.0	8149.0	0.0	0.0	0.0	0.0	A
7622	8149	0	0	0.0	0.0	8149.0	0.0	0.0	0.0	0.0	C
7623	8149	0	0	0.0	0.0	8149.0	0.0	0.0	0.0	0.0	A
7624	8149	1	0	0.00012271444348999877	0.0	8149.0	0.0	0.0	0.0	0.0	G
7625	8149	0	0	0.0	0.0	8149.0	0.0	0.0	0.0	0.0	G
7626	8149	0	0	0.0	0.0	8149.0	0.0	0.0	0.0	0.0	A
7627	8149	0	0	0.0	0.0	8149.0	0.0	0.0	0.0	0.0	A
7628	8149	0	0	0.0	0.0	8149.0	0.0	0.0	0.0	0.0	C
7629	8149	3	0	0.00036814333046999634	0.0	8149.0	1.0	0.0	0.00012271444348999877	0.0	C
7630	8149	0	0	0.0	0.0	8149.0	11.0	0.0	0.0013498588783899864	0.0	T
7631	8149	4	0	0.0004908577739599951	0.0	8149.0	0.0	0.0	0.0	0.0	G
7632	8149	1	0	0.00012271444348999877	0.0	8149.0	0.0	0.0	0.0	0.0	A
7633	8149	0	0	0.0	0.0	8149.0	0.0	0.0	0.0	0.0	T
7634	8149	0	0	0.0	0.0	8149.0	0.0	0.0	0.0	0.0	T
7635	8149	1	0	0.00012271444348999877	0.0	8149.0	0.0	0.0	0.0	0.0	C
7636	8149	0	0	0.0	0.0	8149.0	0.0	0.0	0.0	0.0	T
7637	8149	0	0	0.0	0.0	8149.0	0.0	0.0	0.0	0.0	A
7638	8149	0	0	0.0	0.0	8149.0	0.0	0.0	0.0	0.0	T
7639	8149	10	0	0.0012271444348999877	0.0	8149.0	0.0	0.0	0.0	0.0	C
7640	8149	0	0	0.0	0.0	8149.0	0.0	0.0	0.0	0.0	A
7641	8149	0	0	0.0	0.0	8149.0	0.0	0.0	0.0	0.0	T
7642	8149	0	0	0.0	0.0	8149.0	0.0	0.0	0.0	0.0	T
7643	8149	3	0	0.00036814333046999634	0.0	8149.0	0.0	0.0	0.0	0.0	G
7644	8149	14	0	0.0017180022088599829	0.0	8149.0	0.0	0.0	0.0	0.0	C
7645	8149	0	0	0.0	0.0	8149.0	0.0	0.0	0.0	0.0	A
7646	8149	0	0	0.0	0.0	8149.0	0.0	0.0	0.0	0.0	G
7647	8149	0	0	0.0	0.0	8149.0	0.0	0.0	0.0	0.0	A
7648	8149	0	0	0.0	0.0	8149.0	0.0	0.0	0.0	0.0	A
7649	8149	0	0	0.0	0.0	8149.0	1.0	0.0	0.00012271444348999877	0.0	T
7650	8149	0	0	0.0	0.0	8149.0	0.0	0.0	0.0	0.0	A
7651	8149	5	0	0.0006135722174499938	0.0	8149.0	1.0	0.0	0.00012271444348999877	0.0	G
7652	8149	0	0	0.0	0.0	8149.0	0.0	0.0	0.0	0.0	G
7653	8149	179	0	0.02196588538470978	0.0	8149.0	0.0	0.0	0.0	0.0	C
7654	8149	0	0	0.0	0.0	8149.0	0.0	0.0	0.0	0.0	T
7655	8149	0	0	0.0	0.0	8149.0	0.0	0.0	0.0	0.0	T
7656	8149	0	0	0.0	0.0	8149.0	0.0	0.0	0.0	0.0	T
7657	8149	0	0	0.0	0.0	8149.0	1.0	0.0	0.00012271444348999877	0.0	C
7658	8149	0	0	0.0	0.0	8149.0	0.0	0.0	0.0	0.0	A
7659	8149	0	0	0.0	0.0	8149.0	0.0	0.0	0.0	0.0	T
7660	8149	0	0	0.0	0.0	8149.0	0.0	0.0	0.0	0.0	T
7661	8149	0	0	0.0	0.0	8149.0	0.0	0.0	0.0	0.0	C
7662	8149	0	0	0.0	0.0	8149.0	0.0	0.0	0.0	0.0	A
7663	8149	0	0	0.0	0.0	8149.0	0.0	0.0	0.0	0.0	G
7664	8149	0	0	0.0	0.0	8149.0	0.0	0.0	0.0	0.0	T
7665	8149	1	0	0.00012271444348999877	0.0	8149.0	3.0	0.0	0.00036814333046999634	0.0	A
7666	8149	0	0	0.0	0.0	8149.0	0.0	0.0	0.0	0.0	T
7667	8149	3	0	0.00036814333046999634	0.0	8149.0	0.0	0.0	0.0	0.0	A
7668	8149	0	0	0.0	0.0	8149.0	7.0	0.0	0.0008590011044299914	0.0	C
7669	8149	0	0	0.0	0.0	8149.0	0.0	0.0	0.0	0.0	T
7670	8149	0	0	0.0	0.0	8149.0	1.0	0.0	0.00012271444348999877	0.0	G
7671	8149	0	0	0.0	0.0	8149.0	0.0	1.0	0.0	0.00012271444348999877	T
7672	8149	0	0	0.0	0.0	8149.0	0.0	0.0	0.0	0.0	A
7673	8149	0	0	0.0	0.0	8149.0	0.0	0.0	0.0	0.0	A
7674	8149	0	0	0.0	0.0	8149.0	0.0	0.0	0.0	0.0	A
7675	8149	0	0	0.0	0.0	8149.0	0.0	0.0	0.0	0.0	T
7676	8149	0	0	0.0	0.0	8149.0	0.0	0.0	0.0	0.0	A
7677	8149	0	0	0.0	0.0	8148.0	1.0	0.0	0.00012272950417280314	0.0	G
7678	8149	0	0	0.0	0.0	8148.0	0.0	0.0	0.0	0.0	A
7679	8149	1	0	0.00012271444348999877	0.0	8148.0	0.0	0.0	0.0	0.0	G
7680	8149	11	0	0.0013498588783899864	0.0	8148.0	1.0	0.0	0.00012272950417280314	0.0	G
7681	8149	0	0	0.0	0.0	8148.0	0.0	0.0	0.0	0.0	A
7682	8149	0	0	0.0	0.0	8148.0	0.0	0.0	0.0	0.0	A
7683	8149	0	0	0.0	0.0	8148.0	0.0	0.0	0.0	0.0	C
7684	8149	0	0	0.0	0.0	8148.0	0.0	0.0	0.0	0.0	A
7685	8149	0	0	0.0	0.0	8148.0	0.0	0.0	0.0	0.0	A
7686	8149	0	0	0.0	0.0	8148.0	0.0	0.0	0.0	0.0	G
7687	8149	0	0	0.0	0.0	8148.0	0.0	0.0	0.0	0.0	A
7688	8149	0	0	0.0	0.0	8148.0	28.0	0.0	0.003436426116838488	0.0	A
7689	8149	0	0	0.0	0.0	8148.0	0.0	0.0	0.0	0.0	A
7690	8149	0	0	0.0	0.0	8148.0	0.0	0.0	0.0	0.0	C
7691	8149	0	0	0.0	0.0	8148.0	7.0	0.0	0.000859106529209622	0.0	G
7692	8149	0	0	0.0	0.0	8148.0	0.0	0.0	0.0	0.0	A
7693	8149	0	0	0.0	0.0	8148.0	0.0	0.0	0.0	0.0	A
7694	8149	0	0	0.0	0.0	8148.0	117.0	0.0	0.014359351988217967	0.0	T
7695	8149	0	0	0.0	0.0	8148.0	0.0	0.0	0.0	0.0	T
7696	8149	0	0	0.0	0.0	8148.0	0.0	0.0	0.0	0.0	G
7697	8149	0	0	0.0	0.0	8148.0	0.0	0.0	0.0	0.0	G
7698	8149	0	0	0.0	0.0	8148.0	0.0	0.0	0.0	0.0	A
7699	8149	1	0	0.00012271444348999877	0.0	8148.0	0.0	0.0	0.0	0.0	T
7700	8149	0	0	0.0	0.0	8148.0	0.0	0.0	0.0	0.0	A
7701	8149	1	0	0.00012271444348999877	0.0	8148.0	5.0	0.0	0.0006136475208640157	0.0	A
7702	8149	0	0	0.0	0.0	8148.0	1.0	0.0	0.00012272950417280314	0.0	T
7703	8149	0	0	0.0	0.0	8148.0	0.0	0.0	0.0	0.0	T
7704	8149	0	0	0.0	0.0	8148.0	0.0	0.0	0.0	0.0	A
7705	8149	0	0	0.0	0.0	8148.0	0.0	0.0	0.0	0.0	G
7706	8149	0	0	0.0	0.0	8148.0	1.0	0.0	0.00012272950417280314	0.0	G
7707	8149	1	0	0.00012271444348999877	0.0	8148.0	0.0	0.0	0.0	0.0	C
7708	8149	0	0	0.0	0.0	8148.0	0.0	0.0	0.0	0.0	A
7709	8149	0	0	0.0	0.0	8148.0	0.0	0.0	0.0	0.0	C
7710	8149	0	0	0.0	0.0	8148.0	0.0	0.0	0.0	0.0	T
7711	8149	0	0	0.0	0.0	8148.0	1.0	0.0	0.00012272950417280314	0.0	G
7712	8149	0	0	0.0	0.0	8148.0	0.0	0.0	0.0	0.0	A
7713	8149	0	0	0.0	0.0	8148.0	0.0	0.0	0.0	0.0	A
7714	8149	0	0	0.0	0.0	8148.0	0.0	0.0	0.0	0.0	A
7715	8149	3	0	0.00036814333046999634	0.0	8148.0	0.0	0.0	0.0	0.0	G
7716	8149	0	0	0.0	0.0	8148.0	0.0	0.0	0.0	0.0	A
7717	8149	0	0	0.0	0.0	8148.0	774.0	0.0	0.09499263622974963	0.0	A
7718	8149	7	0	0.0008590011044299914	0.0	8148.0	1.0	0.0	0.00012272950417280314	0.0	C
7719	8149	0	0	0.0	0.0	8148.0	1.0	0.0	0.00012272950417280314	0.0	G
7720	8149	1	0	0.00012271444348999877	0.0	8148.0	790.0	0.0	0.09695630829651448	0.0	C
7721	8149	0	1	0.0	0.00012271444348999877	8148.0	0.0	0.0	0.0	0.0	A
7722	8149	0	0	0.0	0.0	8148.0	0.0	0.0	0.0	0.0	C
7723	8149	0	0	0.0	0.0	8148.0	7.0	0.0	0.000859106529209622	0.0	C
7724	8149	0	0	0.0	0.0	8148.0	0.0	0.0	0.0	0.0	A
7725	8149	0	0	0.0	0.0	8148.0	0.0	0.0	0.0	0.0	C
7726	8149	0	0	0.0	0.0	8148.0	0.0	0.0	0.0	0.0	C
7727	8148	1	0	0.00012272950417280314	0.0	8148.0	0.0	0.0	0.0	0.0	G
7728	8148	0	0	0.0	0.0	8148.0	4.0	0.0	0.0004909180166912126	0.0	T
7729	8148	0	0	0.0	0.0	8148.0	0.0	0.0	0.0	0.0	T
7730	8148	1	0	0.00012272950417280314	0.0	8148.0	0.0	0.0	0.0	0.0	C
7731	8148	0	0	0.0	0.0	8148.0	26.0	0.0	0.0031909671084928816	0.0	T
7732	8148	0	0	0.0	0.0	8148.0	154.0	0.0	0.018900343642611683	0.0	G
7733	8148	0	0	0.0	0.0	8148.0	0.0	0.0	0.0	0.0	A
7734	8148	0	0	0.0	0.0	8148.0	21.0	0.0	0.002577319587628866	0.0	A
7735	8148	0	0	0.0	0.0	8148.0	30.0	0.0	0.003681885125184094	0.0	T
7736	8148	0	0	0.0	0.0	8148.0	0.0	0.0	0.0	0.0	G
7737	8148	0	0	0.0	0.0	8148.0	0.0	0.0	0.0	0.0	T
7738	8148	28	0	0.003436426116838488	0.0	8148.0	0.0	0.0	0.0	0.0	T
7739	8148	0	0	0.0	0.0	8148.0	0.0	0.0	0.0	0.0	T
7740	8148	0	0	0.0	0.0	8148.0	0.0	0.0	0.0	0.0	C
7741	8148	7	0	0.000859106529209622	0.0	8148.0	1.0	0.0	0.00012272950417280314	0.0	G
7742	8148	0	0	0.0	0.0	8148.0	0.0	0.0	0.0	0.0	A
7743	8148	0	0	0.0	0.0	8148.0	0.0	0.0	0.0	0.0	A
7744	8148	117	0	0.014359351988217967	0.0	8148.0	0.0	0.0	0.0	0.0	A
7745	8148	0	0	0.0	0.0	8148.0	6.0	0.0	0.0007363770250368188	0.0	C
7746	8148	0	0	0.0	0.0	8148.0	0.0	0.0	0.0	0.0	A
7747	8148	0	0	0.0	0.0	8148.0	1.0	0.0	0.00012272950417280314	0.0	C
7748	8148	0	0	0.0	0.0	8148.0	0.0	0.0	0.0	0.0	A
7749	8148	0	0	0.0	0.0	8148.0	0.0	0.0	0.0	0.0	C
7750	8148	0	0	0.0	0.0	8148.0	0.0	0.0	0.0	0.0	A
7751	8148	5	0	0.0006136475208640157	0.0	8148.0	0.0	0.0	0.0	0.0	A
7752	8148	1	0	0.00012272950417280314	0.0	8148.0	1.0	0.0	0.00012272950417280314	0.0	C
7753	8148	0	0	0.0	0.0	8148.0	0.0	0.0	0.0	0.0	A
7754	8148	0	0	0.0	0.0	8148.0	0.0	0.0	0.0	0.0	G
7755	8148	0	0	0.0	0.0	8148.0	0.0	0.0	0.0	0.0	G
7756	8148	1	0	0.00012272950417280314	0.0	8148.0	0.0	0.0	0.0	0.0	T
7757	8148	0	0	0.0	0.0	8148.0	0.0	0.0	0.0	0.0	T
7758	8148	0	0	0.0	0.0	8148.0	4.0	0.0	0.0004909180166912126	0.0	A
7759	8148	0	0	0.0	0.0	8148.0	0.0	0.0	0.0	0.0	T
7760	8148	0	0	0.0	0.0	8148.0	590.0	0.0	0.07241040746195386	0.0	C
7761	8148	1	0	0.00012272950417280314	0.0	8148.0	0.0	0.0	0.0	0.0	G
7762	8148	0	0	0.0	0.0	8148.0	1.0	0.0	0.00012272950417280314	0.0	A
7763	8148	0	0	0.0	0.0	8148.0	0.0	0.0	0.0	0.0	A
7764	8148	0	0	0.0	0.0	8148.0	0.0	0.0	0.0	0.0	A
7765	8148	0	0	0.0	0.0	8148.0	0.0	0.0	0.0	0.0	T
7766	8148	0	0	0.0	0.0	8148.0	0.0	0.0	0.0	0.0	G
7767	8148	774	0	0.09499263622974963	0.0	8148.0	0.0	0.0	0.0	0.0	G
7768	8148	1	0	0.00012272950417280314	0.0	8148.0	1.0	0.0	0.00012272950417280314	0.0	C
7769	8148	1	0	0.00012272950417280314	0.0	8148.0	0.0	0.0	0.0	0.0	C
7770	8148	790	0	0.09695630829651448	0.0	8148.0	0.0	0.0	0.0	0.0	A
7771	8148	0	0	0.0	0.0	8148.0	0.0	0.0	0.0	0.0	T
7772	8148	0	0	0.0	0.0	8148.0	0.0	0.0	0.0	0.0	T
7773	8148	7	0	0.000859106529209622	0.0	8148.0	0.0	0.0	0.0	0.0	G
7774	8148	0	0	0.0	0.0	8148.0	0.0	0.0	0.0	0.0	G
7775	8148	0	0	0.0	0.0	8148.0	0.0	0.0	0.0	0.0	A
7776	8148	0	0	0.0	0.0	8148.0	0.0	0.0	0.0	0.0	G
7777	8148	0	0	0.0	0.0	8148.0	0.0	0.0	0.0	0.0	A
7778	8148	4	0	0.0004909180166912126	0.0	8148.0	0.0	0.0	0.0	0.0	A
7779	8148	0	0	0.0	0.0	8148.0	0.0	0.0	0.0	0.0	A
7780	8148	0	0	0.0	0.0	8148.0	0.0	0.0	0.0	0.0	A
7781	8148	26	0	0.0031909671084928816	0.0	8148.0	0.0	0.0	0.0	0.0	A
7782	8148	154	0	0.018900343642611683	0.0	8148.0	0.0	0.0	0.0	0.0	T
7783	8148	0	0	0.0	0.0	8148.0	0.0	0.0	0.0	0.0	T
7784	8148	21	0	0.002577319587628866	0.0	8148.0	0.0	0.0	0.0	0.0	C
7785	8148	30	0	0.003681885125184094	0.0	8148.0	0.0	0.0	0.0	0.0	C
7786	8148	0	0	0.0	0.0	8148.0	0.0	0.0	0.0	0.0	T
7787	8148	0	0	0.0	0.0	8148.0	0.0	0.0	0.0	0.0	T
7788	8148	0	0	0.0	0.0	8148.0	0.0	0.0	0.0	0.0	T
7789	8148	0	0	0.0	0.0	8148.0	0.0	0.0	0.0	0.0	T
7790	8148	0	0	0.0	0.0	8148.0	0.0	0.0	0.0	0.0	T
7791	8148	1	0	0.00012272950417280314	0.0	8148.0	0.0	0.0	0.0	0.0	C
7792	8148	0	0	0.0	0.0	8148.0	0.0	0.0	0.0	0.0	T
7793	8148	0	0	0.0	0.0	8148.0	0.0	0.0	0.0	0.0	C
7794	8148	0	0	0.0	0.0	8148.0	0.0	0.0	0.0	0.0	C
7795	8148	6	0	0.0007363770250368188	0.0	8148.0	0.0	0.0	0.0	0.0	G
7796	8148	0	0	0.0	0.0	8148.0	4.0	0.0	0.0004909180166912126	0.0	A
7797	8148	1	0	0.00012272950417280314	0.0	8148.0	0.0	0.0	0.0	0.0	G
7798	8148	0	0	0.0	0.0	8148.0	0.0	1.0	0.0	0.00012272950417280314	G
7799	8148	0	0	0.0	0.0	8148.0	0.0	1.0	0.0	0.00012272950417280314	T
7800	8148	0	0	0.0	0.0	8148.0	0.0	1.0	0.0	0.00012272950417280314	T
7801	8148	0	0	0.0	0.0	8148.0	0.0	1.0	0.0	0.00012272950417280314	A
7802	8148	1	0	0.00012272950417280314	0.0	8148.0	0.0	1.0	0.0	0.00012272950417280314	G
7803	8148	0	0	0.0	0.0	8148.0	5.0	1.0	0.0006136475208640157	0.00012272950417280314	C
7804	8148	0	0	0.0	0.0	8148.0	0.0	1.0	0.0	0.00012272950417280314	G
7805	8148	0	0	0.0	0.0	8148.0	0.0	1.0	0.0	0.00012272950417280314	A
7806	8148	0	0	0.0	0.0	8148.0	0.0	1.0	0.0	0.00012272950417280314	T
7807	8148	0	0	0.0	0.0	8148.0	0.0	1.0	0.0	0.00012272950417280314	T
7808	8148	4	0	0.0004909180166912126	0.0	8148.0	0.0	1.0	0.0	0.00012272950417280314	G
7809	8148	0	0	0.0	0.0	8148.0	0.0	2.0	0.0	0.0002454590083456063	T
7810	8148	590	0	0.07241040746195386	0.0	8148.0	2.0	0.0	0.0002454590083456063	0.0	G
7811	8148	0	0	0.0	0.0	8148.0	0.0	0.0	0.0	0.0	A
7812	8148	1	0	0.00012272950417280314	0.0	8148.0	0.0	0.0	0.0	0.0	C
7813	8148	0	0	0.0	0.0	8148.0	0.0	0.0	0.0	0.0	A
7814	8148	0	0	0.0	0.0	8148.0	0.0	0.0	0.0	0.0	T
7815	8148	0	0	0.0	0.0	8148.0	0.0	0.0	0.0	0.0	G
7816	8148	0	0	0.0	0.0	8148.0	0.0	0.0	0.0	0.0	T
7817	8148	0	0	0.0	0.0	8148.0	0.0	0.0	0.0	0.0	T
7818	8148	1	0	0.00012272950417280314	0.0	8148.0	598.0	0.0	0.07339224349533628	0.0	G
7819	8148	0	0	0.0	0.0	8148.0	942.0	0.0	0.11561119293078057	0.0	C
7820	8148	0	0	0.0	0.0	8148.0	87.0	0.0	0.010677466863033874	0.0	A
7821	8148	0	0	0.0	0.0	8148.0	0.0	0.0	0.0	0.0	A
7822	8148	0	0	0.0	0.0	8148.0	2.0	0.0	0.0002454590083456063	0.0	T
7823	8148	0	0	0.0	0.0	8148.0	1.0	0.0	0.00012272950417280314	0.0	C
7824	8148	0	0	0.0	0.0	8148.0	1.0	0.0	0.00012272950417280314	0.0	G
7825	8148	0	0	0.0	0.0	8148.0	0.0	0.0	0.0	0.0	T
7826	8148	0	0	0.0	0.0	8148.0	2.0	0.0	0.0002454590083456063	0.0	T
7827	8148	0	0	0.0	0.0	8148.0	0.0	0.0	0.0	0.0	T
7828	8148	0	0	0.0	0.0	8148.0	0.0	0.0	0.0	0.0	T
7829	8148	0	0	0.0	0.0	8148.0	0.0	0.0	0.0	0.0	T
7830	8148	0	0	0.0	0.0	8148.0	171.0	0.0	0.020986745213549336	0.0	T
7831	8148	0	0	0.0	0.0	8148.0	0.0	0.0	0.0	0.0	G
7832	8148	0	0	0.0	0.0	8148.0	0.0	0.0	0.0	0.0	T
7833	8148	0	0	0.0	0.0	8148.0	0.0	0.0	0.0	0.0	C
7834	8148	0	0	0.0	0.0	8148.0	0.0	0.0	0.0	0.0	C
7835	8148	0	0	0.0	0.0	8147.0	0.0	0.0	0.0	0.0	T
7836	8148	0	0	0.0	0.0	8147.0	0.0	0.0	0.0	0.0	T
7837	8148	0	0	0.0	0.0	8147.0	0.0	0.0	0.0	0.0	A
7838	8148	0	0	0.0	0.0	8147.0	0.0	0.0	0.0	0.0	A
7839	8148	0	0	0.0	0.0	8147.0	0.0	0.0	0.0	0.0	A
7840	8148	0	0	0.0	0.0	8147.0	0.0	0.0	0.0	0.0	A
7841	8148	0	0	0.0	0.0	8147.0	0.0	0.0	0.0	0.0	T
7842	8148	0	0	0.0	0.0	8147.0	0.0	0.0	0.0	0.0	G
7843	8148	0	0	0.0	0.0	8147.0	0.0	0.0	0.0	0.0	T
7844	8148	0	0	0.0	0.0	8147.0	1.0	0.0	0.00012274456855284154	0.0	T
7845	8148	0	0	0.0	0.0	8147.0	1.0	0.0	0.00012274456855284154	0.0	G
7846	8148	4	0	0.0004909180166912126	0.0	8147.0	0.0	0.0	0.0	0.0	A
7847	8148	0	0	0.0	0.0	8147.0	2.0	0.0	0.0002454891371056831	0.0	G
7848	8148	0	1	0.0	0.00012272950417280314	8147.0	3.0	0.0	0.0003682337056585246	0.0	A
7849	8148	0	1	0.0	0.00012272950417280314	8147.0	0.0	0.0	0.0	0.0	A
7850	8148	0	1	0.0	0.00012272950417280314	8147.0	0.0	0.0	0.0	0.0	A
7851	8148	0	1	0.0	0.00012272950417280314	8147.0	0.0	0.0	0.0	0.0	A
7852	8148	0	1	0.0	0.00012272950417280314	8147.0	0.0	0.0	0.0	0.0	A
7853	8148	5	1	0.0006136475208640157	0.00012272950417280314	8147.0	0.0	0.0	0.0	0.0	G
7854	8148	0	1	0.0	0.00012272950417280314	8147.0	0.0	0.0	0.0	0.0	A
7855	8148	0	1	0.0	0.00012272950417280314	8147.0	0.0	0.0	0.0	0.0	A
7856	8148	0	1	0.0	0.00012272950417280314	8147.0	0.0	0.0	0.0	0.0	A
7857	8148	0	1	0.0	0.00012272950417280314	8147.0	0.0	0.0	0.0	0.0	A
7858	8148	0	1	0.0	0.00012272950417280314	8147.0	0.0	0.0	0.0	0.0	A
7859	8148	0	2	0.0	0.0002454590083456063	8147.0	0.0	0.0	0.0	0.0	A
7860	8148	2	0	0.0002454590083456063	0.0	8147.0	0.0	0.0	0.0	0.0	G
7861	8148	0	0	0.0	0.0	8147.0	0.0	0.0	0.0	0.0	G
7862	8148	0	0	0.0	0.0	8147.0	0.0	0.0	0.0	0.0	C
7863	8148	0	0	0.0	0.0	8147.0	0.0	0.0	0.0	0.0	A
7864	8148	0	0	0.0	0.0	8147.0	0.0	0.0	0.0	0.0	C
7865	8148	0	0	0.0	0.0	8147.0	0.0	0.0	0.0	0.0	T
7866	8148	0	0	0.0	0.0	8147.0	0.0	0.0	0.0	0.0	T
7867	8148	0	0	0.0	0.0	8147.0	0.0	0.0	0.0	0.0	T
7868	8148	598	0	0.07339224349533628	0.0	8147.0	0.0	0.0	0.0	0.0	G
7869	8148	942	0	0.11561119293078057	0.0	8147.0	0.0	0.0	0.0	0.0	C
7870	8148	87	0	0.010677466863033874	0.0	8147.0	0.0	0.0	0.0	0.0	A
7871	8148	0	0	0.0	0.0	8147.0	0.0	0.0	0.0	0.0	T
7872	8148	2	0	0.0002454590083456063	0.0	8147.0	0.0	0.0	0.0	0.0	G
7873	8148	1	0	0.00012272950417280314	0.0	8147.0	0.0	0.0	0.0	0.0	T
7874	8148	1	0	0.00012272950417280314	0.0	8147.0	0.0	0.0	0.0	0.0	C
7875	8148	0	0	0.0	0.0	8147.0	0.0	0.0	0.0	0.0	A
7876	8148	2	0	0.0002454590083456063	0.0	8147.0	0.0	0.0	0.0	0.0	G
7877	8148	0	0	0.0	0.0	8147.0	8.0	0.0	0.0009819565484227323	0.0	C
7878	8148	0	0	0.0	0.0	8147.0	0.0	0.0	0.0	0.0	A
7879	8148	0	0	0.0	0.0	8147.0	26.0	0.0	0.00319135878237388	0.0	C
7880	8148	171	0	0.020986745213549336	0.0	8147.0	0.0	0.0	0.0	0.0	C
7881	8148	0	0	0.0	0.0	8147.0	0.0	0.0	0.0	0.0	A
7882	8148	0	0	0.0	0.0	8147.0	0.0	0.0	0.0	0.0	C
7883	8148	0	0	0.0	0.0	8147.0	1.0	0.0	0.00012274456855284154	0.0	C
7884	8148	0	0	0.0	0.0	8147.0	0.0	0.0	0.0	0.0	T
7885	8147	0	0	0.0	0.0	8147.0	0.0	0.0	0.0	0.0	G
7886	8147	0	0	0.0	0.0	8147.0	0.0	0.0	0.0	0.0	A
7887	8147	0	0	0.0	0.0	8147.0	0.0	0.0	0.0	0.0	C
7888	8147	0	0	0.0	0.0	8147.0	0.0	0.0	0.0	0.0	A
7889	8147	0	0	0.0	0.0	8147.0	0.0	0.0	0.0	0.0	A
7890	8147	0	0	0.0	0.0	8147.0	1.0	0.0	0.00012274456855284154	0.0	A
7891	8147	0	0	0.0	0.0	8147.0	0.0	0.0	0.0	0.0	C
7892	8147	0	0	0.0	0.0	8147.0	0.0	0.0	0.0	0.0	A
7893	8147	0	0	0.0	0.0	8147.0	0.0	0.0	0.0	0.0	A
7894	8147	1	0	0.00012274456855284154	0.0	8147.0	4.0	0.0	0.0004909782742113662	0.0	A
7895	8147	1	0	0.00012274456855284154	0.0	8147.0	0.0	0.0	0.0	0.0	G
7896	8147	0	0	0.0	0.0	8147.0	0.0	0.0	0.0	0.0	C
7897	8147	2	0	0.0002454891371056831	0.0	8147.0	0.0	0.0	0.0	0.0	C
7898	8147	3	0	0.0003682337056585246	0.0	8147.0	0.0	0.0	0.0	0.0	C
7899	8147	0	0	0.0	0.0	8147.0	1.0	0.0	0.00012274456855284154	0.0	T
7900	8147	0	0	0.0	0.0	8147.0	0.0	0.0	0.0	0.0	T
7901	8147	0	0	0.0	0.0	8147.0	0.0	0.0	0.0	0.0	C
7902	8147	0	0	0.0	0.0	8147.0	0.0	0.0	0.0	0.0	A
7903	8147	0	0	0.0	0.0	8147.0	0.0	0.0	0.0	0.0	T
7904	8147	0	0	0.0	0.0	8147.0	0.0	0.0	0.0	0.0	A
7905	8147	0	0	0.0	0.0	8147.0	0.0	0.0	0.0	0.0	G
7906	8147	0	0	0.0	0.0	8147.0	0.0	0.0	0.0	0.0	A
7907	8147	0	0	0.0	0.0	8147.0	0.0	0.0	0.0	0.0	C
7908	8147	0	0	0.0	0.0	8147.0	7.0	0.0	0.0008592119798698908	0.0	A
7909	8147	0	0	0.0	0.0	8147.0	0.0	0.0	0.0	0.0	G
7910	8147	0	0	0.0	0.0	8147.0	0.0	0.0	0.0	0.0	C
7911	8147	0	0	0.0	0.0	8147.0	0.0	0.0	0.0	0.0	A
7912	8147	0	0	0.0	0.0	8147.0	0.0	0.0	0.0	0.0	C
7913	8147	0	0	0.0	0.0	8147.0	0.0	0.0	0.0	0.0	A
7914	8147	0	0	0.0	0.0	8147.0	28.0	0.0	0.003436847919479563	0.0	A
7915	8147	0	0	0.0	0.0	8147.0	1.0	0.0	0.00012274456855284154	0.0	C
7916	8147	0	0	0.0	0.0	8147.0	0.0	0.0	0.0	0.0	C
7917	8147	0	0	0.0	0.0	8147.0	0.0	0.0	0.0	0.0	T
7918	8147	0	0	0.0	0.0	8147.0	0.0	0.0	0.0	0.0	A
7919	8147	0	0	0.0	0.0	8147.0	0.0	0.0	0.0	0.0	T
7920	8147	0	0	0.0	0.0	8147.0	8104.0	0.0	0.9947219835522279	0.0	C
7921	8147	0	0	0.0	0.0	8147.0	0.0	0.0	0.0	0.0	T
7922	8147	0	0	0.0	0.0	8147.0	0.0	0.0	0.0	0.0	A
7923	8147	0	0	0.0	0.0	8147.0	0.0	0.0	0.0	0.0	T
7924	8147	0	0	0.0	0.0	8147.0	0.0	0.0	0.0	0.0	T
7925	8147	0	0	0.0	0.0	8147.0	0.0	0.0	0.0	0.0	C
7926	8147	0	0	0.0	0.0	8147.0	0.0	0.0	0.0	0.0	C
7927	8147	8	0	0.0009819565484227323	0.0	8147.0	0.0	0.0	0.0	0.0	A
7928	8147	0	0	0.0	0.0	8147.0	0.0	0.0	0.0	0.0	G
7929	8147	26	0	0.00319135878237388	0.0	8147.0	0.0	0.0	0.0	0.0	T
7930	8147	0	0	0.0	0.0	8147.0	0.0	0.0	0.0	0.0	T
7931	8147	0	0	0.0	0.0	8147.0	5.0	0.0	0.0006137228427642077	0.0	G
7932	8147	0	0	0.0	0.0	8147.0	0.0	0.0	0.0	0.0	C
7933	8147	1	0	0.00012274456855284154	0.0	8147.0	0.0	0.0	0.0	0.0	C
7934	8147	0	0	0.0	0.0	8147.0	0.0	0.0	0.0	0.0	T
7935	8147	0	0	0.0	0.0	8147.0	0.0	0.0	0.0	0.0	T
7936	8147	0	0	0.0	0.0	8147.0	0.0	0.0	0.0	0.0	T
7937	8147	0	0	0.0	0.0	8147.0	0.0	0.0	0.0	0.0	T
7938	8147	0	0	0.0	0.0	8147.0	0.0	0.0	0.0	0.0	T
7939	8147	0	0	0.0	0.0	8147.0	0.0	0.0	0.0	0.0	T
7940	8147	1	0	0.00012274456855284154	0.0	8147.0	0.0	0.0	0.0	0.0	G
7941	8147	0	0	0.0	0.0	8147.0	0.0	0.0	0.0	0.0	C
7942	8147	0	0	0.0	0.0	8147.0	0.0	0.0	0.0	0.0	T
7943	8147	0	0	0.0	0.0	8147.0	0.0	0.0	0.0	0.0	A
7944	8147	4	0	0.0004909782742113662	0.0	8147.0	0.0	0.0	0.0	0.0	G
7945	8147	0	0	0.0	0.0	8147.0	0.0	0.0	0.0	0.0	T
7946	8147	0	0	0.0	0.0	8147.0	0.0	0.0	0.0	0.0	T
7947	8147	0	0	0.0	0.0	8147.0	0.0	0.0	0.0	0.0	A
7948	8147	0	0	0.0	0.0	8147.0	0.0	0.0	0.0	0.0	C
7949	8147	1	0	0.00012274456855284154	0.0	8147.0	4.0	0.0	0.0004909782742113662	0.0	A
7950	8147	0	0	0.0	0.0	8147.0	0.0	0.0	0.0	0.0	C
7951	8147	0	0	0.0	0.0	8147.0	0.0	0.0	0.0	0.0	T
7952	8147	0	0	0.0	0.0	8147.0	0.0	0.0	0.0	0.0	A
7953	8147	0	0	0.0	0.0	8147.0	0.0	0.0	0.0	0.0	G
7954	8147	0	0	0.0	0.0	8147.0	0.0	0.0	0.0	0.0	C
7955	8147	0	0	0.0	0.0	8147.0	1.0	0.0	0.00012274456855284154	0.0	T
7956	8147	0	0	0.0	0.0	8147.0	0.0	0.0	0.0	0.0	A
7957	8147	0	0	0.0	0.0	8147.0	0.0	0.0	0.0	0.0	A
7958	8147	7	0	0.0008592119798698908	0.0	8147.0	59.0	0.0	0.007241929544617651	0.0	T
7959	8147	0	0	0.0	0.0	8147.0	1.0	0.0	0.00012274456855284154	0.0	T
7960	8147	0	0	0.0	0.0	8147.0	0.0	0.0	0.0	0.0	T
7961	8147	0	0	0.0	0.0	8147.0	1.0	0.0	0.00012274456855284154	0.0	T
7962	8147	0	0	0.0	0.0	8147.0	0.0	0.0	0.0	0.0	A
7963	8147	0	0	0.0	0.0	8147.0	0.0	0.0	0.0	0.0	G
7964	8147	28	0	0.003436847919479563	0.0	8147.0	0.0	0.0	0.0	0.0	T
7965	8147	1	0	0.00012274456855284154	0.0	8147.0	1.0	0.0	0.00012274456855284154	0.0	G
7966	8147	0	0	0.0	0.0	8147.0	14.0	0.0	0.0017184239597397815	0.0	T
7967	8147	0	0	0.0	0.0	8147.0	0.0	0.0	0.0	0.0	A
7968	8147	0	0	0.0	0.0	8147.0	0.0	0.0	0.0	0.0	C
7969	8147	0	0	0.0	0.0	8147.0	0.0	0.0	0.0	0.0	C
7970	8147	8104	0	0.9947219835522279	0.0	8147.0	0.0	0.0	0.0	0.0	T
7971	8147	0	0	0.0	0.0	8147.0	11.0	1.0	0.001350190254081257	0.00012274456855284154	G
7972	8147	0	0	0.0	0.0	8147.0	2.0	1.0	0.0002454891371056831	0.00012274456855284154	A
7973	8147	0	0	0.0	0.0	8147.0	0.0	1.0	0.0	0.00012274456855284154	T
7974	8147	0	0	0.0	0.0	8147.0	0.0	1.0	0.0	0.00012274456855284154	T
7975	8147	0	0	0.0	0.0	8147.0	0.0	2.0	0.0	0.0002454891371056831	T
7976	8147	0	0	0.0	0.0	8147.0	0.0	2.0	0.0	0.0002454891371056831	T
7977	8147	0	0	0.0	0.0	8147.0	1.0	2.0	0.00012274456855284154	0.0002454891371056831	C
7978	8147	0	0	0.0	0.0	8147.0	0.0	2.0	0.0	0.0002454891371056831	A
7979	8147	0	0	0.0	0.0	8147.0	2.0	2.0	0.0002454891371056831	0.0002454891371056831	G
7980	8147	0	0	0.0	0.0	8147.0	260.0	2.0	0.0319135878237388	0.0002454891371056831	T
7981	8147	5	0	0.0006137228427642077	0.0	8147.0	1.0	1.0	0.00012274456855284154	0.00012274456855284154	G
7982	8147	0	0	0.0	0.0	8147.0	0.0	1.0	0.0	0.00012274456855284154	A
7983	8147	0	0	0.0	0.0	8147.0	0.0	1.0	0.0	0.00012274456855284154	A
7984	8147	0	0	0.0	0.0	8147.0	1.0	1.0	0.00012274456855284154	0.00012274456855284154	A
7985	8147	0	0	0.0	0.0	8147.0	1.0	1.0	0.00012274456855284154	0.00012274456855284154	T
7986	8147	0	0	0.0	0.0	8147.0	0.0	2.0	0.0	0.0002454891371056831	T
7987	8147	0	0	0.0	0.0	8147.0	0.0	1.0	0.0	0.00012274456855284154	A
7988	8147	0	0	0.0	0.0	8147.0	9.0	1.0	0.0011047011169755738	0.00012274456855284154	C
7989	8147	0	0	0.0	0.0	8147.0	0.0	0.0	0.0	0.0	T
7990	8147	0	0	0.0	0.0	8147.0	0.0	0.0	0.0	0.0	A
7991	8147	0	0	0.0	0.0	8147.0	0.0	0.0	0.0	0.0	G
7992	8147	0	0	0.0	0.0	8147.0	0.0	0.0	0.0	0.0	C
7993	8147	0	0	0.0	0.0	8147.0	0.0	1.0	0.0	0.00012274456855284154	A
7994	8147	0	0	0.0	0.0	8147.0	1.0	0.0	0.00012274456855284154	0.0	T
7995	8147	0	0	0.0	0.0	8147.0	0.0	0.0	0.0	0.0	C
7996	8147	0	0	0.0	0.0	8147.0	0.0	8.0	0.0	0.0009819565484227323	T
7997	8147	0	0	0.0	0.0	8147.0	0.0	0.0	0.0	0.0	T
7998	8147	0	0	0.0	0.0	8146.0	0.0	0.0	0.0	0.0	T
7999	8147	4	0	0.0004909782742113662	0.0	8146.0	3.0	0.0	0.0003682789098944267	0.0	A
8000	8147	0	0	0.0	0.0	8146.0	1.0	0.0	0.00012275963663147557	0.0	A
8001	8147	0	0	0.0	0.0	8146.0	0.0	0.0	0.0	0.0	A
8002	8147	0	0	0.0	0.0	8146.0	1.0	0.0	0.00012275963663147557	0.0	A
8003	8147	0	0	0.0	0.0	8146.0	0.0	0.0	0.0	0.0	T
8004	8147	0	0	0.0	0.0	8146.0	34.0	0.0	0.004173827645470169	0.0	T
8005	8147	1	0	0.00012274456855284154	0.0	8146.0	5.0	0.0	0.0006137981831573779	0.0	T
8006	8147	0	0	0.0	0.0	8146.0	0.0	0.0	0.0	0.0	T
8007	8147	0	0	0.0	0.0	8146.0	0.0	0.0	0.0	0.0	T
8008	8147	59	0	0.007241929544617651	0.0	8146.0	1.0	0.0	0.00012275963663147557	0.0	A
8009	8147	1	0	0.00012274456855284154	0.0	8146.0	0.0	0.0	0.0	0.0	C
8010	8147	0	0	0.0	0.0	8146.0	11.0	0.0	0.0013503560029462312	0.0	T
8011	8147	1	0	0.00012274456855284154	0.0	8146.0	9.0	0.0	0.00110483672968328	0.0	G
8012	8147	0	0	0.0	0.0	8146.0	0.0	0.0	0.0	0.0	A
8013	8147	0	0	0.0	0.0	8146.0	1.0	0.0	0.00012275963663147557	0.0	A
8014	8147	0	0	0.0	0.0	8146.0	0.0	0.0	0.0	0.0	A
8015	8147	1	0	0.00012274456855284154	0.0	8146.0	0.0	0.0	0.0	0.0	C
8016	8147	14	0	0.0017184239597397815	0.0	8146.0	0.0	0.0	0.0	0.0	G
8017	8147	0	0	0.0	0.0	8146.0	0.0	0.0	0.0	0.0	A
8018	8147	0	0	0.0	0.0	8146.0	12.0	0.0	0.0014731156395777069	0.0	T
8019	8147	0	0	0.0	0.0	8146.0	0.0	0.0	0.0	0.0	C
8020	8147	0	0	0.0	0.0	8146.0	0.0	0.0	0.0	0.0	A
8021	8147	11	1	0.001350190254081257	0.00012274456855284154	8146.0	0.0	0.0	0.0	0.0	G
8022	8147	2	1	0.0002454891371056831	0.00012274456855284154	8146.0	0.0	0.0	0.0	0.0	C
8023	8147	0	1	0.0	0.00012274456855284154	8146.0	0.0	0.0	0.0	0.0	C
8024	8147	0	1	0.0	0.00012274456855284154	8146.0	0.0	1.0	0.0	0.00012275963663147557	T
8025	8147	0	2	0.0	0.0002454891371056831	8146.0	10.0	0.0	0.0012275963663147557	0.0	G
8026	8147	0	2	0.0	0.0002454891371056831	8146.0	0.0	0.0	0.0	0.0	T
8027	8147	1	2	0.00012274456855284154	0.0002454891371056831	8146.0	0.0	0.0	0.0	0.0	G
8028	8147	0	2	0.0	0.0002454891371056831	8146.0	0.0	0.0	0.0	0.0	C
8029	8147	2	2	0.0002454891371056831	0.0002454891371056831	8146.0	0.0	0.0	0.0	0.0	A
8030	8147	260	2	0.0319135878237388	0.0002454891371056831	8146.0	0.0	0.0	0.0	0.0	A
8031	8147	1	1	0.00012274456855284154	0.00012274456855284154	8146.0	0.0	0.0	0.0	0.0	T
8032	8147	0	1	0.0	0.00012274456855284154						G
8033	8147	0	1	0.0	0.00012274456855284154						A
8034	8147	1	1	0.00012274456855284154	0.00012274456855284154						A
8035	8147	1	1	0.00012274456855284154	0.00012274456855284154						C
8036	8147	0	2	0.0	0.0002454891371056831						T
8037	8147	0	1	0.0	0.00012274456855284154						A
8038	8147	9	1	0.0011047011169755738	0.00012274456855284154						G
8039	8147	0	0	0.0	0.0						T
8040	8147	0	0	0.0	0.0						T
8041	8147	0	0	0.0	0.0						T
8042	8147	0	0	0.0	0.0						T
8043	8147	0	1	0.0	0.00012274456855284154						C
8044	8147	1	0	0.00012274456855284154	0.0						T
8045	8147	0	0	0.0	0.0						T
8046	8147	0	8	0.0	0.0009819565484227323						C
8047	8147	0	0	0.0	0.0						A
8048	8146	0	0	0.0	0.0						G
8049	8146	3	0	0.0003682789098944267	0.0						C
8050	8146	1	0	0.00012275963663147557	0.0						G
8051	8146	0	0	0.0	0.0						G
8052	8146	1	0	0.00012275963663147557	0.0						C
8053	8146	0	0	0.0	0.0						G
8054	8146	34	0	0.004173827645470169	0.0						G
8055	8146	5	0	0.0006137981831573779	0.0						C
8056	8146	0	0	0.0	0.0						A
8057	8146	0	0	0.0	0.0						A
8058	8146	1	0	0.00012275963663147557	0.0						C
8059	8146	0	0	0.0	0.0						C
8060	8146	11	0	0.0013503560029462312	0.0						G
8061	8146	9	0	0.00110483672968328	0.0						C
8062	8146	0	0	0.0	0.0						T
8063	8146	1	0	0.00012275963663147557	0.0						G
8064	8146	0	0	0.0	0.0						A
8065	8146	0	0	0.0	0.0						G
8066	8146	0	0	0.0	0.0						A
8067	8146	0	0	0.0	0.0						A
8068	8146	12	0	0.0014731156395777069	0.0						G
8069	8146	0	0	0.0	0.0						C
8070	8146	0	0	0.0	0.0						T
8071	8146	0	0	0.0	0.0						T
8072	8146	0	0	0.0	0.0						T
8073	8146	0	0	0.0	0.0						T
8074	8146	0	1	0.0	0.00012275963663147557						T
8075	8146	10	0	0.0012275963663147557	0.0						C
8076	8146	0	0	0.0	0.0						T
8077	8146	0	0	0.0	0.0						C
8078	8146	0	0	0.0	0.0						A
8079	8146	0	0	0.0	0.0						A
8080	8146	0	0	0.0	0.0						A
8081	8146	0	0	0.0	0.0						T
8082	8146	0	0	0.0	0.0						T
