position	match	mismatch	gap	coverage
1	8209	0	0	8209
2	8209	0	0	8209
3	8210	0	0	8210
4	8209	1	0	8210
5	8210	0	0	8210
6	8210	0	0	8210
7	8210	0	0	8210
8	8210	0	0	8210
9	8210	0	0	8210
10	8210	0	0	8210
11	8210	0	0	8210
12	8210	0	0	8210
13	8210	0	0	8210
14	8210	0	0	8210
15	8210	0	0	8210
16	8209	1	0	8210
17	8210	0	0	8210
18	8210	0	0	8210
19	8210	0	0	8210
20	8210	0	0	8210
21	8204	6	0	8210
22	8210	0	0	8210
23	8209	1	0	8210
24	8210	0	0	8210
25	7428	782	0	8210
26	8210	0	0	8210
27	8201	9	0	8210
28	8210	0	0	8210
29	8210	0	0	8210
30	8210	0	0	8210
31	8210	0	0	8210
32	8208	2	0	8210
33	8209	1	0	8210
34	8210	0	0	8210
35	8210	0	0	8210
36	8210	0	0	8210
37	8210	0	0	8210
38	8210	0	0	8210
39	8210	0	0	8210
40	8210	0	0	8210
41	8210	0	0	8210
42	8210	0	0	8210
43	8210	0	0	8210
44	8210	0	0	8210
45	8210	0	0	8210
46	8210	0	0	8210
47	8210	0	0	8210
48	8206	4	0	8210
49	8209	1	0	8210
50	8210	0	0	8210
51	8210	0	0	8210
52	8210	0	0	8210
53	8210	0	0	8210
54	8210	0	0	8210
55	8210	0	0	8210
56	8210	0	0	8210
57	8210	0	0	8210
58	8210	0	0	8210
59	8210	0	0	8210
60	8210	0	0	8210
61	8210	0	0	8210
62	8210	0	0	8210
63	8210	0	0	8210
64	8210	0	0	8210
65	8209	1	0	8210
66	8208	2	0	8210
67	8210	0	0	8210
68	8210	0	0	8210
69	8210	0	0	8210
70	8210	0	0	8210
71	8210	0	0	8210
72	8210	0	0	8210
73	8210	0	0	8210
74	8210	0	0	8210
75	4761	3449	0	8210
76	8210	0	0	8210
77	8209	1	0	8210
78	8210	0	0	8210
79	8209	1	0	8210
80	8210	0	0	8210
81	8210	0	0	8210
82	8209	1	0	8210
83	8210	0	0	8210
84	8210	0	0	8210
85	8210	0	0	8210
86	8182	28	0	8210
87	8210	0	0	8210
88	8210	0	0	8210
89	8210	0	0	8210
90	8210	0	0	8210
91	8205	5	0	8210
92	8210	0	0	8210
93	8210	0	0	8210
94	8210	0	0	8210
95	8210	0	0	8210
96	8210	0	0	8210
97	8210	0	0	8210
98	8210	0	0	8210
99	7909	301	0	8210
100	8209	1	0	8210
101	8210	0	0	8210
102	8210	0	0	8210
103	8210	0	0	8210
104	8210	0	0	8210
105	8210	0	0	8210
106	8210	0	0	8210
107	8210	0	0	8210
108	8210	0	0	8210
109	8210	0	0	8210
110	8210	0	0	8210
111	8032	178	0	8210
112	8210	0	0	8210
113	8210	0	0	8210
114	8100	110	0	8210
115	8210	0	0	8210
116	8210	0	0	8210
117	8210	0	0	8210
118	8210	0	0	8210
119	8210	0	0	8210
120	8210	0	0	8210
121	8210	0	0	8210
122	8209	1	0	8210
123	7946	264	0	8210
124	8210	0	0	8210
125	8210	0	0	8210
126	8210	0	0	8210
127	8210	0	0	8210
128	8210	0	0	8210
129	8210	0	0	8210
130	8210	0	0	8210
131	8210	0	0	8210
132	8206	4	0	8210
133	8210	0	0	8210
134	5174	3036	0	8210
135	8210	0	0	8210
136	8210	0	0	8210
137	8203	7	0	8210
138	8210	0	0	8210
139	8210	0	0	8210
140	8210	0	0	8210
141	7717	493	0	8210
142	8200	10	0	8210
143	8210	0	0	8210
144	8142	68	0	8210
145	8210	0	0	8210
146	8210	0	0	8210
147	8210	0	0	8210
148	8210	0	0	8210
149	8210	0	0	8210
150	8210	0	0	8210
151	8210	0	0	8210
152	8210	0	0	8210
153	8210	0	0	8210
154	8210	0	0	8210
155	8210	0	0	8210
156	8210	0	0	8210
157	8209	1	0	8210
158	8210	0	0	8210
159	8210	0	0	8210
160	8210	0	0	8210
161	8210	0	0	8210
162	8210	0	0	8210
163	8208	2	0	8210
164	8210	0	0	8210
165	8210	0	0	8210
166	8209	1	0	8210
167	8210	0	0	8210
168	8210	0	0	8210
169	8210	0	0	8210
170	8210	0	0	8210
171	8210	0	0	8210
172	8210	0	0	8210
173	8210	0	0	8210
174	8210	0	0	8210
175	8210	0	0	8210
176	8210	0	0	8210
177	8208	2	0	8210
178	8210	0	0	8210
179	8209	1	0	8210
180	8210	0	0	8210
181	8210	0	0	8210
182	8210	0	0	8210
183	8210	0	0	8210
184	8210	0	0	8210
185	8210	0	0	8210
186	8210	0	0	8210
187	8210	0	0	8210
188	8210	0	0	8210
189	8210	0	0	8210
190	8210	0	0	8210
191	8209	1	0	8210
192	8210	0	0	8210
193	8176	34	0	8210
194	8210	0	0	8210
195	8210	0	0	8210
196	8209	1	0	8210
197	8210	0	0	8210
198	8210	0	0	8210
199	8210	0	0	8210
200	8210	0	0	8210
201	8210	0	0	8210
202	8210	0	0	8210
203	8210	0	0	8210
204	8210	0	0	8210
205	8208	2	0	8210
206	8210	0	0	8210
207	8210	0	0	8210
208	8210	0	0	8210
209	8210	0	0	8210
210	8207	3	0	8210
211	8210	0	0	8210
212	8210	0	0	8210
213	8210	0	0	8210
214	8210	0	0	8210
215	8210	0	0	8210
216	8051	159	0	8210
217	8209	1	0	8210
218	8210	0	0	8210
219	8210	0	0	8210
220	8210	0	0	8210
221	8210	0	0	8210
222	8210	0	0	8210
223	8210	0	0	8210
224	8210	0	0	8210
225	8210	0	0	8210
226	8210	0	0	8210
227	8210	0	0	8210
228	8210	0	0	8210
229	8205	5	0	8210
230	8210	0	0	8210
231	8210	0	0	8210
232	8210	0	0	8210
233	8210	0	0	8210
234	8210	0	0	8210
235	8210	0	0	8210
236	8210	0	0	8210
237	8210	0	0	8210
238	8210	0	0	8210
239	8210	0	0	8210
240	8210	0	0	8210
241	8210	0	0	8210
242	8210	0	0	8210
243	8210	0	0	8210
244	8210	0	0	8210
245	8210	0	0	8210
246	6760	1450	0	8210
247	8207	3	0	8210
248	8210	0	0	8210
249	7088	1122	0	8210
250	8210	0	0	8210
251	8210	0	0	8210
252	7235	975	0	8210
253	8210	0	0	8210
254	8210	0	0	8210
255	7859	351	0	8210
256	8210	0	0	8210
257	8210	0	0	8210
258	8095	115	0	8210
259	8210	0	0	8210
260	8210	0	0	8210
261	8209	1	0	8210
262	8210	0	0	8210
263	8209	1	0	8210
264	8210	0	0	8210
265	8210	0	0	8210
266	8210	0	0	8210
267	7019	1191	0	8210
268	8210	0	0	8210
269	8210	0	0	8210
270	8210	0	0	8210
271	8210	0	0	8210
272	8210	0	0	8210
273	8024	186	0	8210
274	8210	0	0	8210
275	8210	0	0	8210
276	8174	36	0	8210
277	8210	0	0	8210
278	8210	0	0	8210
279	8210	0	0	8210
280	8210	0	0	8210
281	8210	0	0	8210
282	8210	0	0	8210
283	8210	0	0	8210
284	8210	0	0	8210
285	8016	194	0	8210
286	8210	0	0	8210
287	8210	0	0	8210
288	8210	0	0	8210
289	8209	1	0	8210
290	8210	0	0	8210
291	8209	1	0	8210
292	8210	0	0	8210
293	8210	0	0	8210
294	8024	186	0	8210
295	8210	0	0	8210
296	8210	0	0	8210
297	8210	0	0	8210
298	8210	0	0	8210
299	8210	0	0	8210
300	8210	0	0	8210
301	8210	0	0	8210
302	8210	0	0	8210
303	8210	0	0	8210
304	8209	1	0	8210
305	8210	0	0	8210
306	8210	0	0	8210
307	8210	0	0	8210
308	8210	0	0	8210
309	8210	0	0	8210
310	8210	0	0	8210
311	8210	0	0	8210
312	7191	1019	0	8210
313	8210	0	0	8210
314	8210	0	0	8210
315	8210	0	0	8210
316	8210	0	0	8210
317	8210	0	0	8210
318	8210	0	0	8210
319	8210	0	0	8210
320	8210	0	0	8210
321	8210	0	0	8210
322	8210	0	0	8210
323	8210	0	0	8210
324	8210	0	0	8210
325	8210	0	0	8210
326	8210	0	0	8210
327	8210	0	0	8210
328	8210	0	0	8210
329	8210	0	0	8210
330	8210	0	0	8210
331	8210	0	0	8210
332	8210	0	0	8210
333	8210	0	0	8210
334	8210	0	0	8210
335	8210	0	0	8210
336	8210	0	0	8210
337	8210	0	0	8210
338	8210	0	0	8210
339	8210	0	0	8210
340	8210	0	0	8210
341	8210	0	0	8210
342	8210	0	0	8210
343	8210	0	0	8210
344	8210	0	0	8210
345	8210	0	0	8210
346	8210	0	0	8210
347	8210	0	0	8210
348	6000	2210	0	8210
349	8210	0	0	8210
350	8201	9	0	8210
351	8210	0	0	8210
352	8210	0	0	8210
353	8210	0	0	8210
354	8210	0	0	8210
355	8210	0	0	8210
356	8210	0	0	8210
357	8210	0	0	8210
358	8210	0	0	8210
359	8210	0	0	8210
360	8210	0	0	8210
361	8210	0	0	8210
362	8210	0	0	8210
363	8210	0	0	8210
364	8210	0	0	8210
365	8210	0	0	8210
366	8210	0	0	8210
367	8210	0	0	8210
368	8210	0	0	8210
369	8210	0	0	8210
370	8210	0	0	8210
371	8210	0	0	8210
372	8210	0	0	8210
373	8208	1	1	8210
374	8210	0	0	8210
375	8209	1	0	8210
376	8210	0	0	8210
377	8210	0	0	8210
378	8210	0	0	8210
379	8210	0	0	8210
380	8209	1	0	8210
381	8210	0	0	8210
382	8210	0	0	8210
383	8210	0	0	8210
384	8210	0	0	8210
385	8209	1	0	8210
386	8210	0	0	8210
387	8210	0	0	8210
388	8210	0	0	8210
389	8210	0	0	8210
390	8210	0	0	8210
391	8210	0	0	8210
392	8210	0	0	8210
393	6929	1281	0	8210
394	8210	0	0	8210
395	8210	0	0	8210
396	8210	0	0	8210
397	8210	0	0	8210
398	8210	0	0	8210
399	8210	0	0	8210
400	8210	0	0	8210
401	8210	0	0	8210
402	8210	0	0	8210
403	8210	0	0	8210
404	8210	0	0	8210
405	8210	0	0	8210
406	8210	0	0	8210
407	8210	0	0	8210
408	8210	0	0	8210
409	8208	2	0	8210
410	8210	0	0	8210
411	7318	892	0	8210
412	8210	0	0	8210
413	8209	1	0	8210
414	8210	0	0	8210
415	8210	0	0	8210
416	8210	0	0	8210
417	8210	0	0	8210
418	8210	0	0	8210
419	8210	0	0	8210
420	8210	0	0	8210
421	8210	0	0	8210
422	8210	0	0	8210
423	8210	0	0	8210
424	8210	0	0	8210
425	8210	0	0	8210
426	8210	0	0	8210
427	8210	0	0	8210
428	8210	0	0	8210
429	8210	0	0	8210
430	8210	0	0	8210
431	8210	0	0	8210
432	8210	0	0	8210
433	8210	0	0	8210
434	8208	2	0	8210
435	8210	0	0	8210
436	8207	3	0	8210
437	8210	0	0	8210
438	8210	0	0	8210
439	8210	0	0	8210
440	8209	1	0	8210
441	8210	0	0	8210
442	8210	0	0	8210
443	8210	0	0	8210
444	8209	1	0	8210
445	8207	3	0	8210
446	8210	0	0	8210
447	8210	0	0	8210
448	8210	0	0	8210
449	8210	0	0	8210
450	8210	0	0	8210
451	8210	0	0	8210
452	8210	0	0	8210
453	8210	0	0	8210
454	8210	0	0	8210
455	8210	0	0	8210
456	8209	1	0	8210
457	8208	2	0	8210
458	8210	0	0	8210
459	8024	186	0	8210
460	8210	0	0	8210
461	8210	0	0	8210
462	8210	0	0	8210
463	8027	183	0	8210
464	8210	0	0	8210
465	8210	0	0	8210
466	8210	0	0	8210
467	8210	0	0	8210
468	8209	1	0	8210
469	8210	0	0	8210
470	8210	0	0	8210
471	8209	1	0	8210
472	8210	0	0	8210
473	8210	0	0	8210
474	8210	0	0	8210
475	8028	182	0	8210
476	8204	6	0	8210
477	8210	0	0	8210
478	8210	0	0	8210
479	8210	0	0	8210
480	8208	2	0	8210
481	8210	0	0	8210
482	8187	23	0	8210
483	8210	0	0	8210
484	8210	0	0	8210
485	8210	0	0	8210
486	8210	0	0	8210
487	8210	0	0	8210
488	8210	0	0	8210
489	8210	0	0	8210
490	8210	0	0	8210
491	8210	0	0	8210
492	8007	203	0	8210
493	8210	0	0	8210
494	8209	1	0	8210
495	8210	0	0	8210
496	8210	0	0	8210
497	8210	0	0	8210
498	8210	0	0	8210
499	8207	3	0	8210
500	8210	0	0	8210
501	8210	0	0	8210
502	8210	0	0	8210
503	8210	0	0	8210
504	8068	142	0	8210
505	8210	0	0	8210
506	8210	0	0	8210
507	8209	1	0	8210
508	8210	0	0	8210
509	8210	0	0	8210
510	8210	0	0	8210
511	8210	0	0	8210
512	8210	0	0	8210
513	8207	3	0	8210
514	8210	0	0	8210
515	8210	0	0	8210
516	8210	0	0	8210
517	8210	0	0	8210
518	8209	1	0	8210
519	8210	0	0	8210
520	8209	1	0	8210
521	8210	0	0	8210
522	8210	0	0	8210
523	8210	0	0	8210
524	8208	2	0	8210
525	8210	0	0	8210
526	8210	0	0	8210
527	8210	0	0	8210
528	8210	0	0	8210
529	8210	0	0	8210
530	8209	1	0	8210
531	8210	0	0	8210
532	8210	0	0	8210
533	8210	0	0	8210
534	8210	0	0	8210
535	8210	0	0	8210
536	8210	0	0	8210
537	8210	0	0	8210
538	8210	0	0	8210
539	8210	0	0	8210
540	8210	0	0	8210
541	8210	0	0	8210
542	8210	0	0	8210
543	8210	0	0	8210
544	8210	0	0	8210
545	8210	0	0	8210
546	8210	0	0	8210
547	8210	0	0	8210
548	8210	0	0	8210
549	8210	0	0	8210
550	8210	0	0	8210
551	8210	0	0	8210
552	8210	0	0	8210
553	8171	39	0	8210
554	8210	0	0	8210
555	8210	0	0	8210
556	8210	0	0	8210
557	8210	0	0	8210
558	8210	0	0	8210
559	8210	0	0	8210
560	8210	0	0	8210
561	8210	0	0	8210
562	8210	0	0	8210
563	8210	0	0	8210
564	8022	188	0	8210
565	8209	0	1	8210
566	8210	0	0	8210
567	8209	1	0	8210
568	8210	0	0	8210
569	8210	0	0	8210
570	8210	0	0	8210
571	8210	0	0	8210
572	8209	1	0	8210
573	8165	45	0	8210
574	8209	1	0	8210
575	8210	0	0	8210
576	8210	0	0	8210
577	8210	0	0	8210
578	8209	1	0	8210
579	8210	0	0	8210
580	8210	0	0	8210
581	8210	0	0	8210
582	8210	0	0	8210
583	8210	0	0	8210
584	8210	0	0	8210
585	8207	3	0	8210
586	8210	0	0	8210
587	8209	1	0	8210
588	8209	1	0	8210
589	8209	1	0	8210
590	8210	0	0	8210
591	8210	0	0	8210
592	8210	0	0	8210
593	8210	0	0	8210
594	8210	0	0	8210
595	8210	0	0	8210
596	8210	0	0	8210
597	8210	0	0	8210
598	8210	0	0	8210
599	8210	0	0	8210
600	8210	0	0	8210
601	8210	0	0	8210
602	8210	0	0	8210
603	8209	1	0	8210
604	8210	0	0	8210
605	8210	0	0	8210
606	8210	0	0	8210
607	8210	0	0	8210
608	8210	0	0	8210
609	8210	0	0	8210
610	8210	0	0	8210
611	8210	0	0	8210
612	8210	0	0	8210
613	8210	0	0	8210
614	8210	0	0	8210
615	8210	0	0	8210
616	8210	0	0	8210
617	8210	0	0	8210
618	8210	0	0	8210
619	8207	3	0	8210
620	8210	0	0	8210
621	7034	1176	0	8210
622	8210	0	0	8210
623	8210	0	0	8210
624	8210	0	0	8210
625	8210	0	0	8210
626	8210	0	0	8210
627	8210	0	0	8210
628	8210	0	0	8210
629	8210	0	0	8210
630	8210	0	0	8210
631	8208	2	0	8210
632	8210	0	0	8210
633	8210	0	0	8210
634	8210	0	0	8210
635	8210	0	0	8210
636	8208	2	0	8210
637	8210	0	0	8210
638	8209	1	0	8210
639	8210	0	0	8210
640	8210	0	0	8210
641	8210	0	0	8210
642	8210	0	0	8210
643	8210	0	0	8210
644	8209	1	0	8210
645	8210	0	0	8210
646	8210	0	0	8210
647	8210	0	0	8210
648	8210	0	0	8210
649	8210	0	0	8210
650	8210	0	0	8210
651	8210	0	0	8210
652	8210	0	0	8210
653	8210	0	0	8210
654	8210	0	0	8210
655	8210	0	0	8210
656	8207	3	0	8210
657	8210	0	0	8210
658	8210	0	0	8210
659	8210	0	0	8210
660	8210	0	0	8210
661	8210	0	0	8210
662	8209	1	0	8210
663	8210	0	0	8210
664	8210	0	0	8210
665	8210	0	0	8210
666	5665	2545	0	8210
667	8210	0	0	8210
668	8210	0	0	8210
669	8210	0	0	8210
670	8210	0	0	8210
671	8210	0	0	8210
672	8210	0	0	8210
673	8208	2	0	8210
674	8210	0	0	8210
675	8210	0	0	8210
676	8210	0	0	8210
677	8210	0	0	8210
678	5569	2641	0	8210
679	8210	0	0	8210
680	8210	0	0	8210
681	8210	0	0	8210
682	8210	0	0	8210
683	8210	0	0	8210
684	8210	0	0	8210
685	8210	0	0	8210
686	8208	2	0	8210
687	8210	0	0	8210
688	8210	0	0	8210
689	8210	0	0	8210
690	8210	0	0	8210
691	8210	0	0	8210
692	5612	2598	0	8210
693	8209	1	0	8210
694	8210	0	0	8210
695	8210	0	0	8210
696	7954	256	0	8210
697	8210	0	0	8210
698	8210	0	0	8210
699	7993	217	0	8210
700	8210	0	0	8210
701	8210	0	0	8210
702	8198	12	0	8210
703	8210	0	0	8210
704	8208	2	0	8210
705	8209	1	0	8210
706	8210	0	0	8210
707	8210	0	0	8210
708	8210	0	0	8210
709	8210	0	0	8210
710	8210	0	0	8210
711	8192	18	0	8210
712	8210	0	0	8210
713	8210	0	0	8210
714	8210	0	0	8210
715	8210	0	0	8210
716	8210	0	0	8210
717	8210	0	0	8210
718	8210	0	0	8210
719	8208	2	0	8210
720	8210	0	0	8210
721	8210	0	0	8210
722	8205	5	0	8210
723	8209	1	0	8210
724	8210	0	0	8210
725	8210	0	0	8210
726	8210	0	0	8210
727	8210	0	0	8210
728	8209	1	0	8210
729	8210	0	0	8210
730	8210	0	0	8210
731	8208	2	0	8210
732	8209	1	0	8210
733	8210	0	0	8210
734	8210	0	0	8210
735	8077	133	0	8210
736	8210	0	0	8210
737	8210	0	0	8210
738	8210	0	0	8210
739	8210	0	0	8210
740	8209	1	0	8210
741	8209	1	0	8210
742	8210	0	0	8210
743	8210	0	0	8210
744	8210	0	0	8210
745	8210	0	0	8210
746	8210	0	0	8210
747	8210	0	0	8210
748	8210	0	0	8210
749	8210	0	0	8210
750	8210	0	0	8210
751	8210	0	0	8210
752	8206	4	0	8210
753	8210	0	0	8210
754	8210	0	0	8210
755	8210	0	0	8210
756	8200	10	0	8210
757	8210	0	0	8210
758	8210	0	0	8210
759	8210	0	0	8210
760	8210	0	0	8210
761	8210	0	0	8210
762	8210	0	0	8210
763	8210	0	0	8210
764	8210	0	0	8210
765	8210	0	0	8210
766	8206	4	0	8210
767	8210	0	0	8210
768	8210	0	0	8210
769	8210	0	0	8210
770	8210	0	0	8210
771	8210	0	0	8210
772	8210	0	0	8210
773	8210	0	0	8210
774	8210	0	0	8210
775	8209	1	0	8210
776	8210	0	0	8210
777	8210	0	0	8210
778	8210	0	0	8210
779	8210	0	0	8210
780	8210	0	0	8210
781	8210	0	0	8210
782	8210	0	0	8210
783	8210	0	0	8210
784	8210	0	0	8210
785	8210	0	0	8210
786	8210	0	0	8210
787	8210	0	0	8210
788	8210	0	0	8210
789	8210	0	0	8210
790	8210	0	0	8210
791	8210	0	0	8210
792	8210	0	0	8210
793	8210	0	0	8210
794	8210	0	0	8210
795	8210	0	0	8210
796	8209	1	0	8210
797	8210	0	0	8210
798	8208	2	0	8210
799	8210	0	0	8210
800	8210	0	0	8210
801	8210	0	0	8210
802	8210	0	0	8210
803	8210	0	0	8210
804	8210	0	0	8210
805	8210	0	0	8210
806	8210	0	0	8210
807	8210	0	0	8210
808	8210	0	0	8210
809	8210	0	0	8210
810	8210	0	0	8210
811	8210	0	0	8210
812	8194	16	0	8210
813	8210	0	0	8210
814	8210	0	0	8210
815	8210	0	0	8210
816	8210	0	0	8210
817	8210	0	0	8210
818	8208	2	0	8210
819	8210	0	0	8210
820	8180	30	0	8210
821	8210	0	0	8210
822	8210	0	0	8210
823	8210	0	0	8210
824	8209	1	0	8210
825	8210	0	0	8210
826	8210	0	0	8210
827	8210	0	0	8210
828	8210	0	0	8210
829	8210	0	0	8210
830	8210	0	0	8210
831	8210	0	0	8210
832	8210	0	0	8210
833	8210	0	0	8210
834	8210	0	0	8210
835	8210	0	0	8210
836	8208	2	0	8210
837	8210	0	0	8210
838	8210	0	0	8210
839	8210	0	0	8210
840	8210	0	0	8210
841	8209	1	0	8210
842	8210	0	0	8210
843	8210	0	0	8210
844	8210	0	0	8210
845	8210	0	0	8210
846	8210	0	0	8210
847	8210	0	0	8210
848	8210	0	0	8210
849	8210	0	0	8210
850	8210	0	0	8210
851	8210	0	0	8210
852	8210	0	0	8210
853	8210	0	0	8210
854	8209	1	0	8210
855	8210	0	0	8210
856	8210	0	0	8210
857	8210	0	0	8210
858	8208	0	2	8210
859	8207	3	0	8210
860	8210	0	0	8210
861	8210	0	0	8210
862	8209	1	0	8210
863	8210	0	0	8210
864	8210	0	0	8210
865	8210	0	0	8210
866	8210	0	0	8210
867	8210	0	0	8210
868	8210	0	0	8210
869	8210	0	0	8210
870	8210	0	0	8210
871	8209	1	0	8210
872	8209	1	0	8210
873	8210	0	0	8210
874	8210	0	0	8210
875	8210	0	0	8210
876	8210	0	0	8210
877	8210	0	0	8210
878	8210	0	0	8210
879	8210	0	0	8210
880	8210	0	0	8210
881	8210	0	0	8210
882	8210	0	0	8210
883	8210	0	0	8210
884	8210	0	0	8210
885	8210	0	0	8210
886	8210	0	0	8210
887	8209	1	0	8210
888	8201	9	0	8210
889	8210	0	0	8210
890	8209	1	0	8210
891	8202	8	0	8210
892	8210	0	0	8210
893	8210	0	0	8210
894	8210	0	0	8210
895	8210	0	0	8210
896	8210	0	0	8210
897	8209	1	0	8210
898	8210	0	0	8210
899	8210	0	0	8210
900	8210	0	0	8210
901	8210	0	0	8210
902	8180	30	0	8210
903	8210	0	0	8210
904	8210	0	0	8210
905	8210	0	0	8210
906	8210	0	0	8210
907	8210	0	0	8210
908	8184	26	0	8210
909	8210	0	0	8210
910	8210	0	0	8210
911	8210	0	0	8210
912	8210	0	0	8210
913	8210	0	0	8210
914	8210	0	0	8210
915	5538	2672	0	8210
916	8210	0	0	8210
917	8209	1	0	8210
918	8210	0	0	8210
919	8210	0	0	8210
920	8202	8	0	8210
921	8210	0	0	8210
922	8210	0	0	8210
923	8210	0	0	8210
924	8210	0	0	8210
925	8210	0	0	8210
926	8210	0	0	8210
927	8210	0	0	8210
928	8210	0	0	8210
929	8210	0	0	8210
930	8210	0	0	8210
931	8210	0	0	8210
932	8210	0	0	8210
933	8204	6	0	8210
934	8202	8	0	8210
935	8198	12	0	8210
936	8210	0	0	8210
937	8210	0	0	8210
938	8210	0	0	8210
939	8210	0	0	8210
940	8210	0	0	8210
941	8209	1	0	8210
942	8210	0	0	8210
943	8210	0	0	8210
944	8210	0	0	8210
945	8210	0	0	8210
946	8210	0	0	8210
947	8210	0	0	8210
948	8210	0	0	8210
949	8210	0	0	8210
950	8210	0	0	8210
951	8210	0	0	8210
952	8210	0	0	8210
953	8210	0	0	8210
954	8210	0	0	8210
955	8210	0	0	8210
956	8210	0	0	8210
957	8210	0	0	8210
958	8210	0	0	8210
959	8210	0	0	8210
960	8209	1	0	8210
961	8210	0	0	8210
962	8209	1	0	8210
963	8210	0	0	8210
964	8210	0	0	8210
965	8210	0	0	8210
966	8210	0	0	8210
967	8210	0	0	8210
968	8209	1	0	8210
969	8210	0	0	8210
970	8210	0	0	8210
971	8210	0	0	8210
972	8209	1	0	8210
973	8210	0	0	8210
974	8210	0	0	8210
975	8209	1	0	8210
976	8210	0	0	8210
977	8174	36	0	8210
978	8210	0	0	8210
979	8210	0	0	8210
980	8210	0	0	8210
981	8210	0	0	8210
982	8210	0	0	8210
983	8208	2	0	8210
984	8210	0	0	8210
985	8210	0	0	8210
986	8210	0	0	8210
987	8210	0	0	8210
988	8210	0	0	8210
989	8209	1	0	8210
990	8210	0	0	8210
991	8210	0	0	8210
992	8210	0	0	8210
993	8199	11	0	8210
994	8210	0	0	8210
995	8210	0	0	8210
996	8210	0	0	8210
997	8210	0	0	8210
998	8210	0	0	8210
999	8210	0	0	8210
1000	8210	0	0	8210
1001	8210	0	0	8210
1002	8209	1	0	8210
1003	8210	0	0	8210
1004	8210	0	0	8210
1005	8210	0	0	8210
1006	8210	0	0	8210
1007	8210	0	0	8210
1008	8210	0	0	8210
1009	8210	0	0	8210
1010	8210	0	0	8210
1011	8210	0	0	8210
1012	8210	0	0	8210
1013	8210	0	0	8210
1014	8186	24	0	8210
1015	8210	0	0	8210
1016	8210	0	0	8210
1017	8210	0	0	8210
1018	8210	0	0	8210
1019	8210	0	0	8210
1020	8210	0	0	8210
1021	8210	0	0	8210
1022	8209	1	0	8210
1023	8210	0	0	8210
1024	8210	0	0	8210
1025	8210	0	0	8210
1026	8210	0	0	8210
1027	8210	0	0	8210
1028	8210	0	0	8210
1029	8208	2	0	8210
1030	7515	695	0	8210
1031	8210	0	0	8210
1032	8209	1	0	8210
1033	8210	0	0	8210
1034	8210	0	0	8210
1035	8210	0	0	8210
1036	8087	123	0	8210
1037	8210	0	0	8210
1038	8209	0	1	8210
1039	8209	1	0	8210
1040	8210	0	0	8210
1041	8210	0	0	8210
1042	8210	0	0	8210
1043	8210	0	0	8210
1044	8210	0	0	8210
1045	8210	0	0	8210
1046	8210	0	0	8210
1047	8210	0	0	8210
1048	8210	0	0	8210
1049	8209	1	0	8210
1050	8174	36	0	8210
1051	8202	8	0	8210
1052	8210	0	0	8210
1053	8210	0	0	8210
1054	8210	0	0	8210
1055	8210	0	0	8210
1056	8210	0	0	8210
1057	8210	0	0	8210
1058	8210	0	0	8210
1059	8210	0	0	8210
1060	8209	1	0	8210
1061	8210	0	0	8210
1062	8210	0	0	8210
1063	8210	0	0	8210
1064	8210	0	0	8210
1065	8210	0	0	8210
1066	8210	0	0	8210
1067	8210	0	0	8210
1068	8210	0	0	8210
1069	8210	0	0	8210
1070	8210	0	0	8210
1071	8210	0	0	8210
1072	7953	257	0	8210
1073	8210	0	0	8210
1074	8210	0	0	8210
1075	8209	1	0	8210
1076	8210	0	0	8210
1077	8210	0	0	8210
1078	8210	0	0	8210
1079	8210	0	0	8210
1080	8210	0	0	8210
1081	8210	0	0	8210
1082	8210	0	0	8210
1083	8210	0	0	8210
1084	8202	8	0	8210
1085	8184	26	0	8210
1086	8209	1	0	8210
1087	8210	0	0	8210
1088	8210	0	0	8210
1089	8210	0	0	8210
1090	8210	0	0	8210
1091	8210	0	0	8210
1092	8209	1	0	8210
1093	8210	0	0	8210
1094	8210	0	0	8210
1095	8210	0	0	8210
1096	8208	2	0	8210
1097	8209	1	0	8210
1098	8210	0	0	8210
1099	8210	0	0	8210
1100	8210	0	0	8210
1101	8209	1	0	8210
1102	8210	0	0	8210
1103	8210	0	0	8210
1104	8210	0	0	8210
1105	8210	0	0	8210
1106	8210	0	0	8210
1107	8210	0	0	8210
1108	8210	0	0	8210
1109	8210	0	0	8210
1110	8192	18	0	8210
1111	8209	1	0	8210
1112	8210	0	0	8210
1113	8210	0	0	8210
1114	8210	0	0	8210
1115	8210	0	0	8210
1116	8210	0	0	8210
1117	8210	0	0	8210
1118	8209	0	1	8210
1119	8210	0	0	8210
1120	8209	1	0	8210
1121	8210	0	0	8210
1122	8209	1	0	8210
1123	8210	0	0	8210
1124	8210	0	0	8210
1125	8210	0	0	8210
1126	8201	9	0	8210
1127	8210	0	0	8210
1128	8210	0	0	8210
1129	8210	0	0	8210
1130	8210	0	0	8210
1131	8210	0	0	8210
1132	7218	992	0	8210
1133	8143	67	0	8210
1134	8209	1	0	8210
1135	8210	0	0	8210
1136	8204	6	0	8210
1137	8209	1	0	8210
1138	8210	0	0	8210
1139	4681	3529	0	8210
1140	8210	0	0	8210
1141	8210	0	0	8210
1142	8210	0	0	8210
1143	8210	0	0	8210
1144	8210	0	0	8210
1145	8210	0	0	8210
1146	8210	0	0	8210
1147	8210	0	0	8210
1148	8210	0	0	8210
1149	8210	0	0	8210
1150	8210	0	0	8210
1151	8210	0	0	8210
1152	8210	0	0	8210
1153	8210	0	0	8210
1154	8209	1	0	8210
1155	8210	0	0	8210
1156	8210	0	0	8210
1157	8210	0	0	8210
1158	8210	0	0	8210
1159	8210	0	0	8210
1160	3158	5052	0	8210
1161	8210	0	0	8210
1162	8210	0	0	8210
1163	8210	0	0	8210
1164	8209	0	1	8210
1165	8210	0	0	8210
1166	8109	99	2	8210
1167	8210	0	0	8210
1168	8210	0	0	8210
1169	8210	0	0	8210
1170	8210	0	0	8210
1171	8210	0	0	8210
1172	8210	0	0	8210
1173	8210	0	0	8210
1174	8210	0	0	8210
1175	8210	0	0	8210
1176	8210	0	0	8210
1177	8210	0	0	8210
1178	8210	0	0	8210
1179	8210	0	0	8210
1180	8210	0	0	8210
1181	8210	0	0	8210
1182	8210	0	0	8210
1183	8210	0	0	8210
1184	8210	0	0	8210
1185	8210	0	0	8210
1186	8197	13	0	8210
1187	8209	1	0	8210
1188	8210	0	0	8210
1189	8210	0	0	8210
1190	8210	0	0	8210
1191	8204	6	0	8210
1192	8210	0	0	8210
1193	8210	0	0	8210
1194	8210	0	0	8210
1195	8210	0	0	8210
1196	8210	0	0	8210
1197	8210	0	0	8210
1198	8210	0	0	8210
1199	4218	3992	0	8210
1200	2199	6011	0	8210
1201	8210	0	0	8210
1202	8210	0	0	8210
1203	8210	0	0	8210
1204	8210	0	0	8210
1205	8209	1	0	8210
1206	8210	0	0	8210
1207	8210	0	0	8210
1208	8210	0	0	8210
1209	8210	0	0	8210
1210	8210	0	0	8210
1211	8210	0	0	8210
1212	8096	114	0	8210
1213	8210	0	0	8210
1214	8209	1	0	8210
1215	8210	0	0	8210
1216	8209	1	0	8210
1217	5987	2223	0	8210
1218	8210	0	0	8210
1219	7704	506	0	8210
1220	8210	0	0	8210
1221	8206	4	0	8210
1222	8210	0	0	8210
1223	8210	0	0	8210
1224	8210	0	0	8210
1225	8210	0	0	8210
1226	8210	0	0	8210
1227	8203	7	0	8210
1228	1032	7178	0	8210
1229	8210	0	0	8210
1230	8206	4	0	8210
1231	8210	0	0	8210
1232	8210	0	0	8210
1233	8210	0	0	8210
1234	8210	0	0	8210
1235	8210	0	0	8210
1236	8210	0	0	8210
1237	8210	0	0	8210
1238	8210	0	0	8210
1239	8210	0	0	8210
1240	8210	0	0	8210
1241	8210	0	0	8210
1242	8210	0	0	8210
1243	8210	0	0	8210
1244	8210	0	0	8210
1245	8208	2	0	8210
1246	8210	0	0	8210
1247	8210	0	0	8210
1248	8210	0	0	8210
1249	8209	1	0	8210
1250	6665	1545	0	8210
1251	8210	0	0	8210
1252	8210	0	0	8210
1253	8210	0	0	8210
1254	8210	0	0	8210
1255	8210	0	0	8210
1256	8210	0	0	8210
1257	8210	0	0	8210
1258	8210	0	0	8210
1259	8210	0	0	8210
1260	6602	1608	0	8210
1261	8178	32	0	8210
1262	8198	12	0	8210
1263	8210	0	0	8210
1264	8210	0	0	8210
1265	8210	0	0	8210
1266	8210	0	0	8210
1267	8182	28	0	8210
1268	8210	0	0	8210
1269	8210	0	0	8210
1270	8210	0	0	8210
1271	5430	2780	0	8210
1272	8210	0	0	8210
1273	8210	0	0	8210
1274	8210	0	0	8210
1275	3367	4843	0	8210
1276	8210	0	0	8210
1277	8210	0	0	8210
1278	8210	0	0	8210
1279	8209	1	0	8210
1280	8207	3	0	8210
1281	8208	2	0	8210
1282	8210	0	0	8210
1283	8209	1	0	8210
1284	8210	0	0	8210
1285	8210	0	0	8210
1286	3316	4894	0	8210
1287	8210	0	0	8210
1288	8210	0	0	8210
1289	8210	0	0	8210
1290	8210	0	0	8210
1291	8210	0	0	8210
1292	8210	0	0	8210
1293	8210	0	0	8210
1294	8209	1	0	8210
1295	8210	0	0	8210
1296	8210	0	0	8210
1297	8210	0	0	8210
1298	8210	0	0	8210
1299	8207	3	0	8210
1300	8209	1	0	8210
1301	8210	0	0	8210
1302	8210	0	0	8210
1303	8190	20	0	8210
1304	8210	0	0	8210
1305	8210	0	0	8210
1306	8210	0	0	8210
1307	8210	0	0	8210
1308	8210	0	0	8210
1309	8210	0	0	8210
1310	8210	0	0	8210
1311	8210	0	0	8210
1312	8210	0	0	8210
1313	6047	2163	0	8210
1314	8210	0	0	8210
1315	8210	0	0	8210
1316	8210	0	0	8210
1317	8210	0	0	8210
1318	8113	97	0	8210
1319	8210	0	0	8210
1320	8210	0	0	8210
1321	8210	0	0	8210
1322	8210	0	0	8210
1323	8210	0	0	8210
1324	8210	0	0	8210
1325	8210	0	0	8210
1326	8210	0	0	8210
1327	8209	1	0	8210
1328	8210	0	0	8210
1329	8210	0	0	8210
1330	8210	0	0	8210
1331	8210	0	0	8210
1332	8210	0	0	8210
1333	8210	0	0	8210
1334	8210	0	0	8210
1335	8210	0	0	8210
1336	8210	0	0	8210
1337	8210	0	0	8210
1338	7087	1123	0	8210
1339	8209	1	0	8210
1340	8210	0	0	8210
1341	8210	0	0	8210
1342	8210	0	0	8210
1343	8210	0	0	8210
1344	8210	0	0	8210
1345	8210	0	0	8210
1346	8210	0	0	8210
1347	8210	0	0	8210
1348	8210	0	0	8210
1349	8210	0	0	8210
1350	8210	0	0	8210
1351	8210	0	0	8210
1352	8174	36	0	8210
1353	8210	0	0	8210
1354	8209	1	0	8210
1355	8210	0	0	8210
1356	8210	0	0	8210
1357	8210	0	0	8210
1358	8208	2	0	8210
1359	8210	0	0	8210
1360	8210	0	0	8210
1361	8210	0	0	8210
1362	8210	0	0	8210
1363	8208	2	0	8210
1364	8210	0	0	8210
1365	8210	0	0	8210
1366	8210	0	0	8210
1367	8210	0	0	8210
1368	8210	0	0	8210
1369	8210	0	0	8210
1370	7753	457	0	8210
1371	8210	0	0	8210
1372	8209	1	0	8210
1373	8209	1	0	8210
1374	8210	0	0	8210
1375	8210	0	0	8210
1376	6847	1363	0	8210
1377	8210	0	0	8210
1378	8210	0	0	8210
1379	8210	0	0	8210
1380	8210	0	0	8210
1381	8210	0	0	8210
1382	8210	0	0	8210
1383	8210	0	0	8210
1384	8210	0	0	8210
1385	8210	0	0	8210
1386	8209	1	0	8210
1387	8210	0	0	8210
1388	8210	0	0	8210
1389	8210	0	0	8210
1390	8210	0	0	8210
1391	8199	11	0	8210
1392	8209	1	0	8210
1393	8210	0	0	8210
1394	8210	0	0	8210
1395	8210	0	0	8210
1396	8210	0	0	8210
1397	8209	1	0	8210
1398	8210	0	0	8210
1399	8210	0	0	8210
1400	8210	0	0	8210
1401	8210	0	0	8210
1402	8210	0	0	8210
1403	8210	0	0	8210
1404	8210	0	0	8210
1405	8210	0	0	8210
1406	8210	0	0	8210
1407	8210	0	0	8210
1408	8210	0	0	8210
1409	8210	0	0	8210
1410	8210	0	0	8210
1411	8208	2	0	8210
1412	8210	0	0	8210
1413	8208	2	0	8210
1414	8210	0	0	8210
1415	8210	0	0	8210
1416	8210	0	0	8210
1417	8210	0	0	8210
1418	8210	0	0	8210
1419	8210	0	0	8210
1420	8210	0	0	8210
1421	8209	1	0	8210
1422	8178	32	0	8210
1423	8210	0	0	8210
1424	7938	272	0	8210
1425	8210	0	0	8210
1426	8210	0	0	8210
1427	8204	6	0	8210
1428	8210	0	0	8210
1429	8210	0	0	8210
1430	8210	0	0	8210
1431	8210	0	0	8210
1432	8210	0	0	8210
1433	8209	1	0	8210
1434	8210	0	0	8210
1435	8210	0	0	8210
1436	3729	4481	0	8210
1437	8209	1	0	8210
1438	8207	3	0	8210
1439	8210	0	0	8210
1440	8210	0	0	8210
1441	8210	0	0	8210
1442	8210	0	0	8210
1443	8210	0	0	8210
1444	8210	0	0	8210
1445	8015	195	0	8210
1446	8210	0	0	8210
1447	8210	0	0	8210
1448	8210	0	0	8210
1449	8210	0	0	8210
1450	8210	0	0	8210
1451	6941	1269	0	8210
1452	8210	0	0	8210
1453	8206	4	0	8210
1454	7096	1114	0	8210
1455	8210	0	0	8210
1456	8210	0	0	8210
1457	8210	0	0	8210
1458	8210	0	0	8210
1459	8210	0	0	8210
1460	8206	4	0	8210
1461	8210	0	0	8210
1462	8210	0	0	8210
1463	8210	0	0	8210
1464	8210	0	0	8210
1465	8210	0	0	8210
1466	8210	0	0	8210
1467	8210	0	0	8210
1468	8210	0	0	8210
1469	8108	102	0	8210
1470	8210	0	0	8210
1471	8210	0	0	8210
1472	8210	0	0	8210
1473	8210	0	0	8210
1474	8210	0	0	8210
1475	8210	0	0	8210
1476	8207	3	0	8210
1477	8125	85	0	8210
1478	8101	109	0	8210
1479	8210	0	0	8210
1480	8210	0	0	8210
1481	8153	57	0	8210
1482	8210	0	0	8210
1483	8208	2	0	8210
1484	8111	99	0	8210
1485	8210	0	0	8210
1486	8210	0	0	8210
1487	8209	1	0	8210
1488	7185	1025	0	8210
1489	8210	0	0	8210
1490	8210	0	0	8210
1491	8210	0	0	8210
1492	8210	0	0	8210
1493	8210	0	0	8210
1494	8210	0	0	8210
1495	8210	0	0	8210
1496	8209	1	0	8210
1497	8210	0	0	8210
1498	8210	0	0	8210
1499	8210	0	0	8210
1500	8210	0	0	8210
1501	8210	0	0	8210
1502	8210	0	0	8210
1503	8210	0	0	8210
1504	8210	0	0	8210
1505	8210	0	0	8210
1506	8210	0	0	8210
1507	8210	0	0	8210
1508	8210	0	0	8210
1509	8210	0	0	8210
1510	8155	55	0	8210
1511	8207	3	0	8210
1512	8210	0	0	8210
1513	8210	0	0	8210
1514	8210	0	0	8210
1515	8210	0	0	8210
1516	8210	0	0	8210
1517	8202	8	0	8210
1518	8210	0	0	8210
1519	8210	0	0	8210
1520	8210	0	0	8210
1521	8210	0	0	8210
1522	8088	122	0	8210
1523	8210	0	0	8210
1524	8210	0	0	8210
1525	8210	0	0	8210
1526	8210	0	0	8210
1527	8210	0	0	8210
1528	8210	0	0	8210
1529	8210	0	0	8210
1530	8210	0	0	8210
1531	8210	0	0	8210
1532	8210	0	0	8210
1533	8210	0	0	8210
1534	8210	0	0	8210
1535	8110	100	0	8210
1536	8210	0	0	8210
1537	8210	0	0	8210
1538	8210	0	0	8210
1539	8210	0	0	8210
1540	8210	0	0	8210
1541	8210	0	0	8210
1542	8210	0	0	8210
1543	8210	0	0	8210
1544	8210	0	0	8210
1545	8210	0	0	8210
1546	8210	0	0	8210
1547	8210	0	0	8210
1548	8209	1	0	8210
1549	8210	0	0	8210
1550	8210	0	0	8210
1551	8210	0	0	8210
1552	8209	1	0	8210
1553	8210	0	0	8210
1554	8210	0	0	8210
1555	8210	0	0	8210
1556	8210	0	0	8210
1557	8205	5	0	8210
1558	8210	0	0	8210
1559	8210	0	0	8210
1560	8210	0	0	8210
1561	8209	1	0	8210
1562	8202	8	0	8210
1563	8210	0	0	8210
1564	6955	1255	0	8210
1565	8210	0	0	8210
1566	8210	0	0	8210
1567	8210	0	0	8210
1568	8197	13	0	8210
1569	8210	0	0	8210
1570	8210	0	0	8210
1571	8210	0	0	8210
1572	8210	0	0	8210
1573	8204	6	0	8210
1574	8210	0	0	8210
1575	8210	0	0	8210
1576	8210	0	0	8210
1577	8210	0	0	8210
1578	8210	0	0	8210
1579	8208	2	0	8210
1580	8210	0	0	8210
1581	8210	0	0	8210
1582	8210	0	0	8210
1583	8210	0	0	8210
1584	6931	1279	0	8210
1585	8210	0	0	8210
1586	8210	0	0	8210
1587	8209	1	0	8210
1588	8210	0	0	8210
1589	8210	0	0	8210
1590	8210	0	0	8210
1591	8210	0	0	8210
1592	8210	0	0	8210
1593	7906	304	0	8210
1594	8210	0	0	8210
1595	8210	0	0	8210
1596	8210	0	0	8210
1597	8210	0	0	8210
1598	8210	0	0	8210
1599	8210	0	0	8210
1600	8210	0	0	8210
1601	8210	0	0	8210
1602	8210	0	0	8210
1603	8210	0	0	8210
1604	8209	1	0	8210
1605	8210	0	0	8210
1606	8210	0	0	8210
1607	8210	0	0	8210
1608	8206	4	0	8210
1609	8203	7	0	8210
1610	8198	12	0	8210
1611	8210	0	0	8210
1612	8210	0	0	8210
1613	8209	1	0	8210
1614	8210	0	0	8210
1615	8210	0	0	8210
1616	8210	0	0	8210
1617	8210	0	0	8210
1618	8210	0	0	8210
1619	8209	1	0	8210
1620	8210	0	0	8210
1621	8208	2	0	8210
1622	8191	19	0	8210
1623	8210	0	0	8210
1624	8203	7	0	8210
1625	8210	0	0	8210
1626	8210	0	0	8210
1627	8210	0	0	8210
1628	8210	0	0	8210
1629	8210	0	0	8210
1630	8210	0	0	8210
1631	7897	313	0	8210
1632	8210	0	0	8210
1633	8209	1	0	8210
1634	8210	0	0	8210
1635	8210	0	0	8210
1636	8210	0	0	8210
1637	8210	0	0	8210
1638	8210	0	0	8210
1639	8201	9	0	8210
1640	8210	0	0	8210
1641	8209	1	0	8210
1642	8210	0	0	8210
1643	8210	0	0	8210
1644	8210	0	0	8210
1645	8207	3	0	8210
1646	8210	0	0	8210
1647	8210	0	0	8210
1648	8210	0	0	8210
1649	8209	1	0	8210
1650	8210	0	0	8210
1651	8210	0	0	8210
1652	8210	0	0	8210
1653	8209	1	0	8210
1654	8210	0	0	8210
1655	8210	0	0	8210
1656	8210	0	0	8210
1657	8210	0	0	8210
1658	8210	0	0	8210
1659	8209	1	0	8210
1660	7435	775	0	8210
1661	8210	0	0	8210
1662	8210	0	0	8210
1663	8210	0	0	8210
1664	8210	0	0	8210
1665	8210	0	0	8210
1666	8210	0	0	8210
1667	6953	1257	0	8210
1668	8210	0	0	8210
1669	8210	0	0	8210
1670	8210	0	0	8210
1671	8210	0	0	8210
1672	8210	0	0	8210
1673	8210	0	0	8210
1674	8210	0	0	8210
1675	8210	0	0	8210
1676	7169	1041	0	8210
1677	8210	0	0	8210
1678	8210	0	0	8210
1679	8210	0	0	8210
1680	8210	0	0	8210
1681	8210	0	0	8210
1682	8210	0	0	8210
1683	8210	0	0	8210
1684	8210	0	0	8210
1685	8210	0	0	8210
1686	8210	0	0	8210
1687	8210	0	0	8210
1688	8210	0	0	8210
1689	8210	0	0	8210
1690	8210	0	0	8210
1691	8210	0	0	8210
1692	8210	0	0	8210
1693	8210	0	0	8210
1694	8210	0	0	8210
1695	8210	0	0	8210
1696	8209	1	0	8210
1697	8203	7	0	8210
1698	8209	1	0	8210
1699	8208	2	0	8210
1700	6942	1268	0	8210
1701	8210	0	0	8210
1702	8209	1	0	8210
1703	8210	0	0	8210
1704	8210	0	0	8210
1705	8210	0	0	8210
1706	8210	0	0	8210
1707	8210	0	0	8210
1708	8210	0	0	8210
1709	8210	0	0	8210
1710	8209	1	0	8210
1711	8205	5	0	8210
1712	7910	300	0	8210
1713	8209	1	0	8210
1714	7201	1009	0	8210
1715	8205	5	0	8210
1716	8210	0	0	8210
1717	8210	0	0	8210
1718	8210	0	0	8210
1719	8210	0	0	8210
1720	8210	0	0	8210
1721	8210	0	0	8210
1722	8210	0	0	8210
1723	8203	7	0	8210
1724	8210	0	0	8210
1725	8193	17	0	8210
1726	8210	0	0	8210
1727	8195	15	0	8210
1728	8209	1	0	8210
1729	8210	0	0	8210
1730	8210	0	0	8210
1731	8210	0	0	8210
1732	8210	0	0	8210
1733	8150	60	0	8210
1734	8209	1	0	8210
1735	8210	0	0	8210
1736	8210	0	0	8210
1737	8210	0	0	8210
1738	8210	0	0	8210
1739	8080	130	0	8210
1740	8210	0	0	8210
1741	8210	0	0	8210
1742	8210	0	0	8210
1743	8210	0	0	8210
1744	8210	0	0	8210
1745	8183	27	0	8210
1746	8210	0	0	8210
1747	8210	0	0	8210
1748	8210	0	0	8210
1749	8210	0	0	8210
1750	8201	9	0	8210
1751	8203	7	0	8210
1752	8210	0	0	8210
1753	8209	1	0	8210
1754	8210	0	0	8210
1755	8210	0	0	8210
1756	8210	0	0	8210
1757	8210	0	0	8210
1758	8207	3	0	8210
1759	8210	0	0	8210
1760	8210	0	0	8210
1761	8210	0	0	8210
1762	8210	0	0	8210
1763	8031	179	0	8210
1764	8210	0	0	8210
1765	8210	0	0	8210
1766	7145	1065	0	8210
1767	8210	0	0	8210
1768	8188	22	0	8210
1769	8208	2	0	8210
1770	8210	0	0	8210
1771	8210	0	0	8210
1772	7982	228	0	8210
1773	8210	0	0	8210
1774	8210	0	0	8210
1775	8210	0	0	8210
1776	8210	0	0	8210
1777	8185	25	0	8210
1778	8204	6	0	8210
1779	8209	1	0	8210
1780	8210	0	0	8210
1781	8203	7	0	8210
1782	8210	0	0	8210
1783	8210	0	0	8210
1784	8210	0	0	8210
1785	8210	0	0	8210
1786	8210	0	0	8210
1787	8210	0	0	8210
1788	8210	0	0	8210
1789	8210	0	0	8210
1790	8210	0	0	8210
1791	8210	0	0	8210
1792	8210	0	0	8210
1793	8210	0	0	8210
1794	8210	0	0	8210
1795	8210	0	0	8210
1796	8210	0	0	8210
1797	8209	1	0	8210
1798	8210	0	0	8210
1799	8210	0	0	8210
1800	8210	0	0	8210
1801	8209	1	0	8210
1802	8210	0	0	8210
1803	8210	0	0	8210
1804	8210	0	0	8210
1805	8209	1	0	8210
1806	8209	0	1	8210
1807	8207	3	0	8210
1808	8210	0	0	8210
1809	8203	7	0	8210
1810	8210	0	0	8210
1811	8210	0	0	8210
1812	8210	0	0	8210
1813	8210	0	0	8210
1814	8210	0	0	8210
1815	8210	0	0	8210
1816	8210	0	0	8210
1817	8007	203	0	8210
1818	8210	0	0	8210
1819	8210	0	0	8210
1820	8210	0	0	8210
1821	8210	0	0	8210
1822	6399	1811	0	8210
1823	8210	0	0	8210
1824	8210	0	0	8210
1825	8210	0	0	8210
1826	8209	1	0	8210
1827	8210	0	0	8210
1828	8210	0	0	8210
1829	8210	0	0	8210
1830	8210	0	0	8210
1831	8210	0	0	8210
1832	8210	0	0	8210
1833	8210	0	0	8210
1834	8210	0	0	8210
1835	8210	0	0	8210
1836	8210	0	0	8210
1837	8209	1	0	8210
1838	5583	2627	0	8210
1839	8210	0	0	8210
1840	8210	0	0	8210
1841	8210	0	0	8210
1842	8210	0	0	8210
1843	8209	1	0	8210
1844	8140	70	0	8210
1845	8210	0	0	8210
1846	8210	0	0	8210
1847	8210	0	0	8210
1848	8210	0	0	8210
1849	7636	574	0	8210
1850	8187	23	0	8210
1851	8210	0	0	8210
1852	8209	1	0	8210
1853	8210	0	0	8210
1854	8210	0	0	8210
1855	8210	0	0	8210
1856	8210	0	0	8210
1857	8210	0	0	8210
1858	8210	0	0	8210
1859	8210	0	0	8210
1860	8210	0	0	8210
1861	8210	0	0	8210
1862	8210	0	0	8210
1863	8210	0	0	8210
1864	8210	0	0	8210
1865	8210	0	0	8210
1866	8210	0	0	8210
1867	8210	0	0	8210
1868	8210	0	0	8210
1869	8210	0	0	8210
1870	8210	0	0	8210
1871	8205	5	0	8210
1872	8209	1	0	8210
1873	8210	0	0	8210
1874	8210	0	0	8210
1875	8210	0	0	8210
1876	8210	0	0	8210
1877	8202	8	0	8210
1878	8202	8	0	8210
1879	8210	0	0	8210
1880	8210	0	0	8210
1881	8210	0	0	8210
1882	8210	0	0	8210
1883	8210	0	0	8210
1884	8210	0	0	8210
1885	8183	27	0	8210
1886	8210	0	0	8210
1887	7917	293	0	8210
1888	8030	180	0	8210
1889	8210	0	0	8210
1890	8210	0	0	8210
1891	8210	0	0	8210
1892	8210	0	0	8210
1893	8210	0	0	8210
1894	8209	1	0	8210
1895	8210	0	0	8210
1896	8210	0	0	8210
1897	8210	0	0	8210
1898	8206	4	0	8210
1899	8210	0	0	8210
1900	8210	0	0	8210
1901	8210	0	0	8210
1902	8210	0	0	8210
1903	8210	0	0	8210
1904	8210	0	0	8210
1905	8210	0	0	8210
1906	8127	83	0	8210
1907	8210	0	0	8210
1908	8210	0	0	8210
1909	8210	0	0	8210
1910	8210	0	0	8210
1911	8210	0	0	8210
1912	8210	0	0	8210
1913	7797	413	0	8210
1914	8210	0	0	8210
1915	8210	0	0	8210
1916	8210	0	0	8210
1917	8210	0	0	8210
1918	8210	0	0	8210
1919	8210	0	0	8210
1920	8210	0	0	8210
1921	8210	0	0	8210
1922	8210	0	0	8210
1923	8210	0	0	8210
1924	8210	0	0	8210
1925	8189	21	0	8210
1926	8210	0	0	8210
1927	8207	3	0	8210
1928	8200	10	0	8210
1929	8206	4	0	8210
1930	8209	1	0	8210
1931	8209	1	0	8210
1932	8210	0	0	8210
1933	8210	0	0	8210
1934	8210	0	0	8210
1935	8210	0	0	8210
1936	8210	0	0	8210
1937	8210	0	0	8210
1938	8210	0	0	8210
1939	8209	1	0	8210
1940	8210	0	0	8210
1941	8210	0	0	8210
1942	8210	0	0	8210
1943	8210	0	0	8210
1944	8210	0	0	8210
1945	8210	0	0	8210
1946	8210	0	0	8210
1947	8210	0	0	8210
1948	8210	0	0	8210
1949	8210	0	0	8210
1950	8210	0	0	8210
1951	8210	0	0	8210
1952	8210	0	0	8210
1953	8206	4	0	8210
1954	8209	1	0	8210
1955	8210	0	0	8210
1956	8210	0	0	8210
1957	8210	0	0	8210
1958	8210	0	0	8210
1959	8210	0	0	8210
1960	8210	0	0	8210
1961	8210	0	0	8210
1962	8210	0	0	8210
1963	8210	0	0	8210
1964	7408	802	0	8210
1965	8210	0	0	8210
1966	8210	0	0	8210
1967	8210	0	0	8210
1968	8210	0	0	8210
1969	8210	0	0	8210
1970	8206	4	0	8210
1971	8210	0	0	8210
1972	8210	0	0	8210
1973	8209	1	0	8210
1974	8210	0	0	8210
1975	8210	0	0	8210
1976	8210	0	0	8210
1977	8210	0	0	8210
1978	8210	0	0	8210
1979	8203	7	0	8210
1980	8210	0	0	8210
1981	8210	0	0	8210
1982	8210	0	0	8210
1983	8209	1	0	8210
1984	8209	1	0	8210
1985	8210	0	0	8210
1986	8210	0	0	8210
1987	8210	0	0	8210
1988	8210	0	0	8210
1989	8210	0	0	8210
1990	8001	209	0	8210
1991	8209	1	0	8210
1992	8210	0	0	8210
1993	8210	0	0	8210
1994	8210	0	0	8210
1995	8206	4	0	8210
1996	8210	0	0	8210
1997	8210	0	0	8210
1998	8210	0	0	8210
1999	8209	1	0	8210
2000	8209	1	0	8210
2001	8210	0	0	8210
2002	8210	0	0	8210
2003	8203	7	0	8210
2004	8210	0	0	8210
2005	8210	0	0	8210
2006	6454	1756	0	8210
2007	8210	0	0	8210
2008	8210	0	0	8210
2009	8210	0	0	8210
2010	8210	0	0	8210
2011	8210	0	0	8210
2012	8210	0	0	8210
2013	8210	0	0	8210
2014	8209	1	0	8210
2015	8207	3	0	8210
2016	8209	1	0	8210
2017	8210	0	0	8210
2018	8210	0	0	8210
2019	8210	0	0	8210
2020	8195	15	0	8210
2021	8210	0	0	8210
2022	8210	0	0	8210
2023	8163	47	0	8210
2024	8210	0	0	8210
2025	7874	336	0	8210
2026	8182	28	0	8210
2027	8210	0	0	8210
2028	8210	0	0	8210
2029	8210	0	0	8210
2030	8210	0	0	8210
2031	8210	0	0	8210
2032	8210	0	0	8210
2033	8210	0	0	8210
2034	8210	0	0	8210
2035	8210	0	0	8210
2036	8210	0	0	8210
2037	8210	0	0	8210
2038	8210	0	0	8210
2039	8210	0	0	8210
2040	8210	0	0	8210
2041	8210	0	0	8210
2042	8210	0	0	8210
2043	8210	0	0	8210
2044	8210	0	0	8210
2045	8210	0	0	8210
2046	8210	0	0	8210
2047	8210	0	0	8210
2048	8210	0	0	8210
2049	8210	0	0	8210
2050	8210	0	0	8210
2051	8210	0	0	8210
2052	7544	666	0	8210
2053	8210	0	0	8210
2054	8210	0	0	8210
2055	8210	0	0	8210
2056	8210	0	0	8210
2057	6317	1893	0	8210
2058	8210	0	0	8210
2059	8210	0	0	8210
2060	8210	0	0	8210
2061	8127	83	0	8210
2062	8210	0	0	8210
2063	8210	0	0	8210
2064	8210	0	0	8210
2065	8210	0	0	8210
2066	8209	1	0	8210
2067	8210	0	0	8210
2068	8210	0	0	8210
2069	8210	0	0	8210
2070	8209	1	0	8210
2071	8210	0	0	8210
2072	8210	0	0	8210
2073	8210	0	0	8210
2074	8210	0	0	8210
2075	8210	0	0	8210
2076	8210	0	0	8210
2077	8210	0	0	8210
2078	8210	0	0	8210
2079	8209	0	1	8210
2080	8209	0	1	8210
2081	8208	1	1	8210
2082	8209	0	1	8210
2083	8209	0	1	8210
2084	8210	0	0	8210
2085	8210	0	0	8210
2086	8210	0	0	8210
2087	8210	0	0	8210
2088	8210	0	0	8210
2089	8210	0	0	8210
2090	42	8168	0	8210
2091	8210	0	0	8210
2092	8210	0	0	8210
2093	8210	0	0	8210
2094	8210	0	0	8210
2095	8210	0	0	8210
2096	8210	0	0	8210
2097	8210	0	0	8210
2098	8210	0	0	8210
2099	8210	0	0	8210
2100	8210	0	0	8210
2101	8210	0	0	8210
2102	8210	0	0	8210
2103	8210	0	0	8210
2104	8209	1	0	8210
2105	8209	1	0	8210
2106	8210	0	0	8210
2107	8210	0	0	8210
2108	8210	0	0	8210
2109	8209	1	0	8210
2110	8210	0	0	8210
2111	8210	0	0	8210
2112	8210	0	0	8210
2113	8210	0	0	8210
2114	8210	0	0	8210
2115	8210	0	0	8210
2116	8210	0	0	8210
2117	7401	809	0	8210
2118	8210	0	0	8210
2119	8209	1	0	8210
2120	8208	2	0	8210
2121	8210	0	0	8210
2122	8210	0	0	8210
2123	8210	0	0	8210
2124	8210	0	0	8210
2125	8210	0	0	8210
2126	8210	0	0	8210
2127	8210	0	0	8210
2128	8210	0	0	8210
2129	8210	0	0	8210
2130	8210	0	0	8210
2131	8210	0	0	8210
2132	8210	0	0	8210
2133	8030	180	0	8210
2134	8210	0	0	8210
2135	8210	0	0	8210
2136	8209	1	0	8210
2137	8210	0	0	8210
2138	8210	0	0	8210
2139	8210	0	0	8210
2140	8210	0	0	8210
2141	8210	0	0	8210
2142	8206	4	0	8210
2143	8210	0	0	8210
2144	8203	7	0	8210
2145	8210	0	0	8210
2146	8210	0	0	8210
2147	8210	0	0	8210
2148	8210	0	0	8210
2149	8210	0	0	8210
2150	8209	1	0	8210
2151	8210	0	0	8210
2152	8210	0	0	8210
2153	8210	0	0	8210
2154	8209	1	0	8210
2155	8210	0	0	8210
2156	8210	0	0	8210
2157	8210	0	0	8210
2158	8209	1	0	8210
2159	8210	0	0	8210
2160	8210	0	0	8210
2161	8210	0	0	8210
2162	8208	2	0	8210
2163	8210	0	0	8210
2164	8210	0	0	8210
2165	8210	0	0	8210
2166	8207	3	0	8210
2167	8210	0	0	8210
2168	7923	287	0	8210
2169	8210	0	0	8210
2170	8210	0	0	8210
2171	8210	0	0	8210
2172	8209	1	0	8210
2173	8210	0	0	8210
2174	8209	1	0	8210
2175	8210	0	0	8210
2176	8210	0	0	8210
2177	8210	0	0	8210
2178	8210	0	0	8210
2179	8209	1	0	8210
2180	8210	0	0	8210
2181	8210	0	0	8210
2182	8210	0	0	8210
2183	8210	0	0	8210
2184	8210	0	0	8210
2185	8210	0	0	8210
2186	8210	0	0	8210
2187	8210	0	0	8210
2188	8210	0	0	8210
2189	8210	0	0	8210
2190	8183	27	0	8210
2191	8210	0	0	8210
2192	8210	0	0	8210
2193	8210	0	0	8210
2194	8210	0	0	8210
2195	8210	0	0	8210
2196	8210	0	0	8210
2197	8210	0	0	8210
2198	8207	3	0	8210
2199	8210	0	0	8210
2200	8210	0	0	8210
2201	8210	0	0	8210
2202	8210	0	0	8210
2203	8210	0	0	8210
2204	8209	1	0	8210
2205	8210	0	0	8210
2206	8210	0	0	8210
2207	8210	0	0	8210
2208	8209	1	0	8210
2209	8209	1	0	8210
2210	8210	0	0	8210
2211	8210	0	0	8210
2212	8210	0	0	8210
2213	8210	0	0	8210
2214	7457	753	0	8210
2215	8200	10	0	8210
2216	8210	0	0	8210
2217	8210	0	0	8210
2218	8031	179	0	8210
2219	8210	0	0	8210
2220	8037	173	0	8210
2221	8210	0	0	8210
2222	8210	0	0	8210
2223	8207	3	0	8210
2224	8210	0	0	8210
2225	8210	0	0	8210
2226	8210	0	0	8210
2227	8210	0	0	8210
2228	8210	0	0	8210
2229	8210	0	0	8210
2230	8210	0	0	8210
2231	8210	0	0	8210
2232	8210	0	0	8210
2233	8210	0	0	8210
2234	8210	0	0	8210
2235	8210	0	0	8210
2236	8210	0	0	8210
2237	8210	0	0	8210
2238	8210	0	0	8210
2239	8208	2	0	8210
2240	8210	0	0	8210
2241	8209	1	0	8210
2242	8210	0	0	8210
2243	8210	0	0	8210
2244	8210	0	0	8210
2245	8210	0	0	8210
2246	8210	0	0	8210
2247	8209	1	0	8210
2248	8210	0	0	8210
2249	8210	0	0	8210
2250	8210	0	0	8210
2251	8210	0	0	8210
2252	8210	0	0	8210
2253	8210	0	0	8210
2254	8207	3	0	8210
2255	8210	0	0	8210
2256	8210	0	0	8210
2257	6749	1461	0	8210
2258	8210	0	0	8210
2259	8210	0	0	8210
2260	8210	0	0	8210
2261	8210	0	0	8210
2262	8210	0	0	8210
2263	8210	0	0	8210
2264	8210	0	0	8210
2265	5972	2238	0	8210
2266	8210	0	0	8210
2267	8208	2	0	8210
2268	8209	1	0	8210
2269	8210	0	0	8210
2270	8210	0	0	8210
2271	8210	0	0	8210
2272	8208	2	0	8210
2273	8210	0	0	8210
2274	8210	0	0	8210
2275	8210	0	0	8210
2276	8210	0	0	8210
2277	8210	0	0	8210
2278	8210	0	0	8210
2279	8210	0	0	8210
2280	6274	1936	0	8210
2281	8209	1	0	8210
2282	8210	0	0	8210
2283	8210	0	0	8210
2284	8209	1	0	8210
2285	8210	0	0	8210
2286	8210	0	0	8210
2287	8187	23	0	8210
2288	8210	0	0	8210
2289	8178	32	0	8210
2290	8210	0	0	8210
2291	8210	0	0	8210
2292	8210	0	0	8210
2293	8210	0	0	8210
2294	8210	0	0	8210
2295	8210	0	0	8210
2296	8210	0	0	8210
2297	8210	0	0	8210
2298	8210	0	0	8210
2299	8210	0	0	8210
2300	8210	0	0	8210
2301	8209	1	0	8210
2302	8210	0	0	8210
2303	8210	0	0	8210
2304	8210	0	0	8210
2305	8210	0	0	8210
2306	8210	0	0	8210
2307	8210	0	0	8210
2308	8210	0	0	8210
2309	8210	0	0	8210
2310	8210	0	0	8210
2311	8210	0	0	8210
2312	8210	0	0	8210
2313	8210	0	0	8210
2314	8209	1	0	8210
2315	8210	0	0	8210
2316	8210	0	0	8210
2317	8210	0	0	8210
2318	8210	0	0	8210
2319	8210	0	0	8210
2320	8210	0	0	8210
2321	8210	0	0	8210
2322	8210	0	0	8210
2323	8210	0	0	8210
2324	8210	0	0	8210
2325	8210	0	0	8210
2326	8210	0	0	8210
2327	8098	112	0	8210
2328	8163	47	0	8210
2329	8210	0	0	8210
2330	8210	0	0	8210
2331	8210	0	0	8210
2332	8210	0	0	8210
2333	8210	0	0	8210
2334	8210	0	0	8210
2335	8210	0	0	8210
2336	8210	0	0	8210
2337	8210	0	0	8210
2338	8210	0	0	8210
2339	8210	0	0	8210
2340	8210	0	0	8210
2341	8210	0	0	8210
2342	8210	0	0	8210
2343	8001	209	0	8210
2344	8210	0	0	8210
2345	8210	0	0	8210
2346	8210	0	0	8210
2347	8210	0	0	8210
2348	8210	0	0	8210
2349	8210	0	0	8210
2350	8210	0	0	8210
2351	8210	0	0	8210
2352	8157	53	0	8210
2353	8210	0	0	8210
2354	8210	0	0	8210
2355	8210	0	0	8210
2356	8210	0	0	8210
2357	8210	0	0	8210
2358	8210	0	0	8210
2359	8210	0	0	8210
2360	8210	0	0	8210
2361	8210	0	0	8210
2362	8210	0	0	8210
2363	8210	0	0	8210
2364	8210	0	0	8210
2365	8209	1	0	8210
2366	8210	0	0	8210
2367	8077	133	0	8210
2368	8210	0	0	8210
2369	8209	1	0	8210
2370	8209	1	0	8210
2371	8210	0	0	8210
2372	8210	0	0	8210
2373	8210	0	0	8210
2374	8203	7	0	8210
2375	8210	0	0	8210
2376	8210	0	0	8210
2377	8210	0	0	8210
2378	8210	0	0	8210
2379	8209	1	0	8210
2380	8210	0	0	8210
2381	8210	0	0	8210
2382	8210	0	0	8210
2383	8210	0	0	8210
2384	8210	0	0	8210
2385	8210	0	0	8210
2386	8210	0	0	8210
2387	8209	1	0	8210
2388	8210	0	0	8210
2389	8210	0	0	8210
2390	8208	2	0	8210
2391	8207	3	0	8210
2392	8210	0	0	8210
2393	8209	1	0	8210
2394	8210	0	0	8210
2395	8210	0	0	8210
2396	8210	0	0	8210
2397	8210	0	0	8210
2398	8209	1	0	8210
2399	8210	0	0	8210
2400	8210	0	0	8210
2401	8210	0	0	8210
2402	8210	0	0	8210
2403	8210	0	0	8210
2404	8210	0	0	8210
2405	8209	1	0	8210
2406	2858	5352	0	8210
2407	8210	0	0	8210
2408	8210	0	0	8210
2409	8210	0	0	8210
2410	8210	0	0	8210
2411	8210	0	0	8210
2412	8210	0	0	8210
2413	8210	0	0	8210
2414	8208	2	0	8210
2415	8210	0	0	8210
2416	8210	0	0	8210
2417	8210	0	0	8210
2418	8203	7	0	8210
2419	8210	0	0	8210
2420	8210	0	0	8210
2421	8210	0	0	8210
2422	8198	12	0	8210
2423	8210	0	0	8210
2424	8210	0	0	8210
2425	8210	0	0	8210
2426	8210	0	0	8210
2427	8210	0	0	8210
2428	8210	0	0	8210
2429	8210	0	0	8210
2430	8210	0	0	8210
2431	8209	1	0	8210
2432	8210	0	0	8210
2433	2003	6207	0	8210
2434	8210	0	0	8210
2435	8210	0	0	8210
2436	8088	122	0	8210
2437	8209	1	0	8210
2438	8209	1	0	8210
2439	8210	0	0	8210
2440	8208	2	0	8210
2441	8210	0	0	8210
2442	8210	0	0	8210
2443	8210	0	0	8210
2444	8195	15	0	8210
2445	8210	0	0	8210
2446	8210	0	0	8210
2447	8210	0	0	8210
2448	8084	126	0	8210
2449	8210	0	0	8210
2450	8210	0	0	8210
2451	8209	1	0	8210
2452	8209	1	0	8210
2453	8210	0	0	8210
2454	8210	0	0	8210
2455	8210	0	0	8210
2456	8210	0	0	8210
2457	8198	12	0	8210
2458	8209	1	0	8210
2459	8210	0	0	8210
2460	8209	1	0	8210
2461	8210	0	0	8210
2462	8210	0	0	8210
2463	8210	0	0	8210
2464	8210	0	0	8210
2465	8210	0	0	8210
2466	8210	0	0	8210
2467	8210	0	0	8210
2468	8209	1	0	8210
2469	8210	0	0	8210
2470	8210	0	0	8210
2471	8210	0	0	8210
2472	1342	6868	0	8210
2473	8210	0	0	8210
2474	8210	0	0	8210
2475	1304	6905	1	8210
2476	8210	0	0	8210
2477	8210	0	0	8210
2478	8207	3	0	8210
2479	8210	0	0	8210
2480	8210	0	0	8210
2481	8210	0	0	8210
2482	8210	0	0	8210
2483	8210	0	0	8210
2484	8210	0	0	8210
2485	8210	0	0	8210
2486	8210	0	0	8210
2487	8210	0	0	8210
2488	8210	0	0	8210
2489	8210	0	0	8210
2490	8210	0	0	8210
2491	8210	0	0	8210
2492	8210	0	0	8210
2493	8210	0	0	8210
2494	8210	0	0	8210
2495	8210	0	0	8210
2496	8210	0	0	8210
2497	8208	2	0	8210
2498	8210	0	0	8210
2499	8210	0	0	8210
2500	8210	0	0	8210
2501	8210	0	0	8210
2502	8207	3	0	8210
2503	8210	0	0	8210
2504	8193	17	0	8210
2505	8145	65	0	8210
2506	8210	0	0	8210
2507	8210	0	0	8210
2508	8210	0	0	8210
2509	8210	0	0	8210
2510	8210	0	0	8210
2511	8184	26	0	8210
2512	8210	0	0	8210
2513	8085	125	0	8210
2514	8210	0	0	8210
2515	8210	0	0	8210
2516	8210	0	0	8210
2517	8209	1	0	8210
2518	8210	0	0	8210
2519	8206	4	0	8210
2520	8210	0	0	8210
2521	8210	0	0	8210
2522	8210	0	0	8210
2523	8210	0	0	8210
2524	8210	0	0	8210
2525	8210	0	0	8210
2526	8210	0	0	8210
2527	8210	0	0	8210
2528	8210	0	0	8210
2529	8210	0	0	8210
2530	8210	0	0	8210
2531	8210	0	0	8210
2532	8210	0	0	8210
2533	8210	0	0	8210
2534	8210	0	0	8210
2535	8210	0	0	8210
2536	8210	0	0	8210
2537	8210	0	0	8210
2538	8196	14	0	8210
2539	8209	1	0	8210
2540	8210	0	0	8210
2541	8210	0	0	8210
2542	8210	0	0	8210
2543	8207	3	0	8210
2544	8206	4	0	8210
2545	8210	0	0	8210
2546	8209	1	0	8210
2547	8195	15	0	8210
2548	8210	0	0	8210
2549	8210	0	0	8210
2550	8210	0	0	8210
2551	8210	0	0	8210
2552	8209	1	0	8210
2553	8210	0	0	8210
2554	8210	0	0	8210
2555	8210	0	0	8210
2556	8209	1	0	8210
2557	8210	0	0	8210
2558	8210	0	0	8210
2559	8210	0	0	8210
2560	8210	0	0	8210
2561	8210	0	0	8210
2562	8210	0	0	8210
2563	8210	0	0	8210
2564	8210	0	0	8210
2565	8208	2	0	8210
2566	8210	0	0	8210
2567	8210	0	0	8210
2568	8210	0	0	8210
2569	8210	0	0	8210
2570	8210	0	0	8210
2571	8210	0	0	8210
2572	8210	0	0	8210
2573	8210	0	0	8210
2574	8209	1	0	8210
2575	8210	0	0	8210
2576	8210	0	0	8210
2577	8210	0	0	8210
2578	8210	0	0	8210
2579	8210	0	0	8210
2580	8207	3	0	8210
2581	8209	1	0	8210
2582	8210	0	0	8210
2583	8210	0	0	8210
2584	8210	0	0	8210
2585	8210	0	0	8210
2586	8210	0	0	8210
2587	8210	0	0	8210
2588	8210	0	0	8210
2589	8200	10	0	8210
2590	8210	0	0	8210
2591	8210	0	0	8210
2592	8210	0	0	8210
2593	8210	0	0	8210
2594	8208	2	0	8210
2595	8210	0	0	8210
2596	8210	0	0	8210
2597	8210	0	0	8210
2598	8210	0	0	8210
2599	8210	0	0	8210
2600	8210	0	0	8210
2601	8210	0	0	8210
2602	8208	2	0	8210
2603	8210	0	0	8210
2604	8209	1	0	8210
2605	8210	0	0	8210
2606	8210	0	0	8210
2607	8210	0	0	8210
2608	8210	0	0	8210
2609	8210	0	0	8210
2610	8210	0	0	8210
2611	8210	0	0	8210
2612	8210	0	0	8210
2613	8210	0	0	8210
2614	8209	1	0	8210
2615	8210	0	0	8210
2616	7469	741	0	8210
2617	8210	0	0	8210
2618	8210	0	0	8210
2619	8210	0	0	8210
2620	8210	0	0	8210
2621	8210	0	0	8210
2622	8210	0	0	8210
2623	8210	0	0	8210
2624	8210	0	0	8210
2625	8210	0	0	8210
2626	8205	5	0	8210
2627	8210	0	0	8210
2628	8210	0	0	8210
2629	8210	0	0	8210
2630	8210	0	0	8210
2631	8208	2	0	8210
2632	8210	0	0	8210
2633	8204	6	0	8210
2634	8210	0	0	8210
2635	8209	1	0	8210
2636	8210	0	0	8210
2637	8210	0	0	8210
2638	8210	0	0	8210
2639	8206	4	0	8210
2640	8209	1	0	8210
2641	8210	0	0	8210
2642	8210	0	0	8210
2643	8210	0	0	8210
2644	8210	0	0	8210
2645	8197	13	0	8210
2646	8208	2	0	8210
2647	8206	4	0	8210
2648	8210	0	0	8210
2649	8210	0	0	8210
2650	8210	0	0	8210
2651	8209	1	0	8210
2652	8210	0	0	8210
2653	8210	0	0	8210
2654	8208	2	0	8210
2655	6788	1422	0	8210
2656	8210	0	0	8210
2657	8209	1	0	8210
2658	8210	0	0	8210
2659	8210	0	0	8210
2660	8209	1	0	8210
2661	8210	0	0	8210
2662	8210	0	0	8210
2663	8203	7	0	8210
2664	8210	0	0	8210
2665	8210	0	0	8210
2666	8210	0	0	8210
2667	8210	0	0	8210
2668	8210	0	0	8210
2669	8210	0	0	8210
2670	8210	0	0	8210
2671	8210	0	0	8210
2672	8210	0	0	8210
2673	8210	0	0	8210
2674	8210	0	0	8210
2675	8210	0	0	8210
2676	8209	1	0	8210
2677	8210	0	0	8210
2678	8210	0	0	8210
2679	8210	0	0	8210
2680	8210	0	0	8210
2681	8210	0	0	8210
2682	8210	0	0	8210
2683	8210	0	0	8210
2684	8210	0	0	8210
2685	8210	0	0	8210
2686	8210	0	0	8210
2687	8210	0	0	8210
2688	8210	0	0	8210
2689	8210	0	0	8210
2690	8210	0	0	8210
2691	8210	0	0	8210
2692	8210	0	0	8210
2693	8210	0	0	8210
2694	8210	0	0	8210
2695	8210	0	0	8210
2696	8210	0	0	8210
2697	8210	0	0	8210
2698	8210	0	0	8210
2699	8210	0	0	8210
2700	8210	0	0	8210
2701	8210	0	0	8210
2702	8210	0	0	8210
2703	8210	0	0	8210
2704	8210	0	0	8210
2705	8210	0	0	8210
2706	8163	47	0	8210
2707	8209	1	0	8210
2708	8210	0	0	8210
2709	7322	888	0	8210
2710	8210	0	0	8210
2711	8210	0	0	8210
2712	8210	0	0	8210
2713	8210	0	0	8210
2714	8210	0	0	8210
2715	8200	10	0	8210
2716	8210	0	0	8210
2717	8210	0	0	8210
2718	8209	1	0	8210
2719	8210	0	0	8210
2720	8210	0	0	8210
2721	5557	2653	0	8210
2722	8210	0	0	8210
2723	8210	0	0	8210
2724	8210	0	0	8210
2725	8210	0	0	8210
2726	8210	0	0	8210
2727	8210	0	0	8210
2728	8210	0	0	8210
2729	8210	0	0	8210
2730	8210	0	0	8210
2731	8210	0	0	8210
2732	8210	0	0	8210
2733	8210	0	0	8210
2734	8209	1	0	8210
2735	8210	0	0	8210
2736	8210	0	0	8210
2737	8210	0	0	8210
2738	8210	0	0	8210
2739	8210	0	0	8210
2740	8210	0	0	8210
2741	8208	2	0	8210
2742	8208	1	1	8210
2743	8210	0	0	8210
2744	8210	0	0	8210
2745	8210	0	0	8210
2746	8210	0	0	8210
2747	8210	0	0	8210
2748	8210	0	0	8210
2749	8210	0	0	8210
2750	8210	0	0	8210
2751	8210	0	0	8210
2752	8209	1	0	8210
2753	8210	0	0	8210
2754	8181	29	0	8210
2755	8207	3	0	8210
2756	8209	1	0	8210
2757	8210	0	0	8210
2758	8208	2	0	8210
2759	8210	0	0	8210
2760	8210	0	0	8210
2761	8210	0	0	8210
2762	8198	12	0	8210
2763	8004	206	0	8210
2764	8210	0	0	8210
2765	8210	0	0	8210
2766	8210	0	0	8210
2767	8210	0	0	8210
2768	8210	0	0	8210
2769	8210	0	0	8210
2770	8210	0	0	8210
2771	8210	0	0	8210
2772	8210	0	0	8210
2773	8210	0	0	8210
2774	8210	0	0	8210
2775	8210	0	0	8210
2776	8210	0	0	8210
2777	8209	1	0	8210
2778	8210	0	0	8210
2779	8210	0	0	8210
2780	8210	0	0	8210
2781	8210	0	0	8210
2782	8210	0	0	8210
2783	8210	0	0	8210
2784	8210	0	0	8210
2785	8210	0	0	8210
2786	8210	0	0	8210
2787	8210	0	0	8210
2788	8210	0	0	8210
2789	8210	0	0	8210
2790	8209	1	0	8210
2791	8210	0	0	8210
2792	8210	0	0	8210
2793	8210	0	0	8210
2794	8210	0	0	8210
2795	8210	0	0	8210
2796	8210	0	0	8210
2797	8209	1	0	8210
2798	8209	1	0	8210
2799	8209	1	0	8210
2800	8210	0	0	8210
2801	8210	0	0	8210
2802	8210	0	0	8210
2803	8210	0	0	8210
2804	8210	0	0	8210
2805	8185	25	0	8210
2806	8210	0	0	8210
2807	8210	0	0	8210
2808	8210	0	0	8210
2809	8210	0	0	8210
2810	8210	0	0	8210
2811	8210	0	0	8210
2812	8209	1	0	8210
2813	8210	0	0	8210
2814	8210	0	0	8210
2815	8210	0	0	8210
2816	8210	0	0	8210
2817	8210	0	0	8210
2818	8210	0	0	8210
2819	8210	0	0	8210
2820	8210	0	0	8210
2821	8210	0	0	8210
2822	8210	0	0	8210
2823	8210	0	0	8210
2824	8210	0	0	8210
2825	8210	0	0	8210
2826	8210	0	0	8210
2827	8210	0	0	8210
2828	8210	0	0	8210
2829	8210	0	0	8210
2830	8210	0	0	8210
2831	8210	0	0	8210
2832	8210	0	0	8210
2833	8210	0	0	8210
2834	8207	3	0	8210
2835	8210	0	0	8210
2836	8210	0	0	8210
2837	8208	2	0	8210
2838	8208	2	0	8210
2839	8210	0	0	8210
2840	8209	0	1	8210
2841	8209	0	1	8210
2842	8209	0	1	8210
2843	8209	0	1	8210
2844	8209	0	1	8210
2845	8209	0	1	8210
2846	8209	0	1	8210
2847	8209	0	1	8210
2848	8209	0	1	8210
2849	8209	0	1	8210
2850	8209	0	1	8210
2851	8210	0	0	8210
2852	8210	0	0	8210
2853	8210	0	0	8210
2854	8210	0	0	8210
2855	8210	0	0	8210
2856	8210	0	0	8210
2857	8210	0	0	8210
2858	8210	0	0	8210
2859	8210	0	0	8210
2860	8210	0	0	8210
2861	8210	0	0	8210
2862	7536	674	0	8210
2863	8210	0	0	8210
2864	8210	0	0	8210
2865	8210	0	0	8210
2866	8210	0	0	8210
2867	8210	0	0	8210
2868	8210	0	0	8210
2869	8210	0	0	8210
2870	8210	0	0	8210
2871	8210	0	0	8210
2872	8085	125	0	8210
2873	8210	0	0	8210
2874	8210	0	0	8210
2875	8210	0	0	8210
2876	8210	0	0	8210
2877	8209	1	0	8210
2878	8210	0	0	8210
2879	8210	0	0	8210
2880	8210	0	0	8210
2881	8207	3	0	8210
2882	8210	0	0	8210
2883	8208	2	0	8210
2884	8210	0	0	8210
2885	8210	0	0	8210
2886	8210	0	0	8210
2887	8210	0	0	8210
2888	8210	0	0	8210
2889	7084	1126	0	8210
2890	8210	0	0	8210
2891	8210	0	0	8210
2892	8210	0	0	8210
2893	8210	0	0	8210
2894	8210	0	0	8210
2895	8210	0	0	8210
2896	8210	0	0	8210
2897	8210	0	0	8210
2898	8210	0	0	8210
2899	8210	0	0	8210
2900	8210	0	0	8210
2901	8210	0	0	8210
2902	8210	0	0	8210
2903	8210	0	0	8210
2904	8210	0	0	8210
2905	8210	0	0	8210
2906	8210	0	0	8210
2907	8210	0	0	8210
2908	8210	0	0	8210
2909	8210	0	0	8210
2910	8210	0	0	8210
2911	8208	2	0	8210
2912	8210	0	0	8210
2913	8210	0	0	8210
2914	8210	0	0	8210
2915	8210	0	0	8210
2916	8209	1	0	8210
2917	8210	0	0	8210
2918	8210	0	0	8210
2919	8210	0	0	8210
2920	8210	0	0	8210
2921	8208	2	0	8210
2922	8210	0	0	8210
2923	8210	0	0	8210
2924	8210	0	0	8210
2925	8210	0	0	8210
2926	8210	0	0	8210
2927	8210	0	0	8210
2928	8210	0	0	8210
2929	8203	7	0	8210
2930	8210	0	0	8210
2931	8210	0	0	8210
2932	8210	0	0	8210
2933	8206	4	0	8210
2934	8210	0	0	8210
2935	8210	0	0	8210
2936	8210	0	0	8210
2937	8210	0	0	8210
2938	8210	0	0	8210
2939	8210	0	0	8210
2940	8210	0	0	8210
2941	8210	0	0	8210
2942	8210	0	0	8210
2943	8210	0	0	8210
2944	8210	0	0	8210
2945	8210	0	0	8210
2946	8210	0	0	8210
2947	8210	0	0	8210
2948	8001	209	0	8210
2949	8209	1	0	8210
2950	8209	1	0	8210
2951	8210	0	0	8210
2952	8209	1	0	8210
2953	8210	0	0	8210
2954	8210	0	0	8210
2955	8210	0	0	8210
2956	8210	0	0	8210
2957	8210	0	0	8210
2958	8210	0	0	8210
2959	6924	1286	0	8210
2960	8209	1	0	8210
2961	8210	0	0	8210
2962	8210	0	0	8210
2963	8208	2	0	8210
2964	8210	0	0	8210
2965	8210	0	0	8210
2966	8210	0	0	8210
2967	8210	0	0	8210
2968	8210	0	0	8210
2969	8210	0	0	8210
2970	8210	0	0	8210
2971	8210	0	0	8210
2972	8210	0	0	8210
2973	8210	0	0	8210
2974	8181	29	0	8210
2975	8210	0	0	8210
2976	8210	0	0	8210
2977	8210	0	0	8210
2978	8210	0	0	8210
2979	8210	0	0	8210
2980	8210	0	0	8210
2981	8210	0	0	8210
2982	8210	0	0	8210
2983	8210	0	0	8210
2984	8210	0	0	8210
2985	8209	1	0	8210
2986	8210	0	0	8210
2987	8210	0	0	8210
2988	8210	0	0	8210
2989	8208	1	1	8210
2990	8209	1	0	8210
2991	8210	0	0	8210
2992	8210	0	0	8210
2993	8210	0	0	8210
2994	8210	0	0	8210
2995	8210	0	0	8210
2996	8210	0	0	8210
2997	8210	0	0	8210
2998	8210	0	0	8210
2999	8210	0	0	8210
3000	8210	0	0	8210
3001	8209	1	0	8210
3002	8210	0	0	8210
3003	8210	0	0	8210
3004	8210	0	0	8210
3005	8210	0	0	8210
3006	8210	0	0	8210
3007	8209	1	0	8210
3008	8210	0	0	8210
3009	8210	0	0	8210
3010	8210	0	0	8210
3011	8210	0	0	8210
3012	8210	0	0	8210
3013	8210	0	0	8210
3014	8210	0	0	8210
3015	8210	0	0	8210
3016	8210	0	0	8210
3017	8210	0	0	8210
3018	8209	1	0	8210
3019	8027	183	0	8210
3020	8210	0	0	8210
3021	8207	3	0	8210
3022	8210	0	0	8210
3023	8210	0	0	8210
3024	8210	0	0	8210
3025	8210	0	0	8210
3026	8210	0	0	8210
3027	8208	2	0	8210
3028	8210	0	0	8210
3029	8210	0	0	8210
3030	8210	0	0	8210
3031	8210	0	0	8210
3032	8209	1	0	8210
3033	8210	0	0	8210
3034	8209	1	0	8210
3035	8210	0	0	8210
3036	8210	0	0	8210
3037	8210	0	0	8210
3038	8210	0	0	8210
3039	8210	0	0	8210
3040	8210	0	0	8210
3041	8209	1	0	8210
3042	8210	0	0	8210
3043	8210	0	0	8210
3044	8210	0	0	8210
3045	8210	0	0	8210
3046	8210	0	0	8210
3047	8210	0	0	8210
3048	8210	0	0	8210
3049	8210	0	0	8210
3050	8210	0	0	8210
3051	8210	0	0	8210
3052	8210	0	0	8210
3053	8210	0	0	8210
3054	8208	2	0	8210
3055	8193	17	0	8210
3056	8210	0	0	8210
3057	8210	0	0	8210
3058	8210	0	0	8210
3059	8210	0	0	8210
3060	8210	0	0	8210
3061	8210	0	0	8210
3062	8210	0	0	8210
3063	8209	1	0	8210
3064	8210	0	0	8210
3065	8210	0	0	8210
3066	8210	0	0	8210
3067	8209	1	0	8210
3068	8210	0	0	8210
3069	8210	0	0	8210
3070	4135	4075	0	8210
3071	8210	0	0	8210
3072	8210	0	0	8210
3073	8210	0	0	8210
3074	8209	1	0	8210
3075	8210	0	0	8210
3076	8210	0	0	8210
3077	8210	0	0	8210
3078	8210	0	0	8210
3079	8210	0	0	8210
3080	8210	0	0	8210
3081	8209	1	0	8210
3082	6296	1914	0	8210
3083	8210	0	0	8210
3084	8210	0	0	8210
3085	6763	1447	0	8210
3086	8210	0	0	8210
3087	8210	0	0	8210
3088	8210	0	0	8210
3089	8210	0	0	8210
3090	8210	0	0	8210
3091	8210	0	0	8210
3092	8210	0	0	8210
3093	8210	0	0	8210
3094	8210	0	0	8210
3095	8210	0	0	8210
3096	8210	0	0	8210
3097	8210	0	0	8210
3098	8210	0	0	8210
3099	8210	0	0	8210
3100	8210	0	0	8210
3101	8210	0	0	8210
3102	8210	0	0	8210
3103	8208	2	0	8210
3104	8209	1	0	8210
3105	8209	1	0	8210
3106	1515	6695	0	8210
3107	8210	0	0	8210
3108	8210	0	0	8210
3109	8210	0	0	8210
3110	8201	9	0	8210
3111	8209	1	0	8210
3112	8210	0	0	8210
3113	8210	0	0	8210
3114	8210	0	0	8210
3115	8177	33	0	8210
3116	8210	0	0	8210
3117	8210	0	0	8210
3118	8210	0	0	8210
3119	8210	0	0	8210
3120	8210	0	0	8210
3121	8210	0	0	8210
3122	8210	0	0	8210
3123	8210	0	0	8210
3124	8210	0	0	8210
3125	8210	0	0	8210
3126	8208	2	0	8210
3127	8210	0	0	8210
3128	8203	7	0	8210
3129	8210	0	0	8210
3130	8210	0	0	8210
3131	8210	0	0	8210
3132	8209	1	0	8210
3133	8210	0	0	8210
3134	8210	0	0	8210
3135	8210	0	0	8210
3136	8209	1	0	8210
3137	8210	0	0	8210
3138	8210	0	0	8210
3139	8210	0	0	8210
3140	8210	0	0	8210
3141	8206	4	0	8210
3142	8210	0	0	8210
3143	8210	0	0	8210
3144	8210	0	0	8210
3145	8210	0	0	8210
3146	8210	0	0	8210
3147	8210	0	0	8210
3148	8210	0	0	8210
3149	8210	0	0	8210
3150	8051	159	0	8210
3151	8077	133	0	8210
3152	8210	0	0	8210
3153	8210	0	0	8210
3154	8210	0	0	8210
3155	8208	2	0	8210
3156	8208	2	0	8210
3157	8210	0	0	8210
3158	8210	0	0	8210
3159	8210	0	0	8210
3160	8210	0	0	8210
3161	8210	0	0	8210
3162	8210	0	0	8210
3163	1851	6359	0	8210
3164	8210	0	0	8210
3165	8210	0	0	8210
3166	7514	696	0	8210
3167	8210	0	0	8210
3168	8210	0	0	8210
3169	8210	0	0	8210
3170	8208	2	0	8210
3171	8208	2	0	8210
3172	8210	0	0	8210
3173	8210	0	0	8210
3174	8208	2	0	8210
3175	8210	0	0	8210
3176	8209	1	0	8210
3177	8210	0	0	8210
3178	8202	8	0	8210
3179	8210	0	0	8210
3180	8210	0	0	8210
3181	7084	1126	0	8210
3182	8210	0	0	8210
3183	8210	0	0	8210
3184	8210	0	0	8210
3185	8210	0	0	8210
3186	8210	0	0	8210
3187	8209	1	0	8210
3188	8210	0	0	8210
3189	8209	1	0	8210
3190	8210	0	0	8210
3191	8210	0	0	8210
3192	8210	0	0	8210
3193	8210	0	0	8210
3194	8210	0	0	8210
3195	8210	0	0	8210
3196	8210	0	0	8210
3197	8210	0	0	8210
3198	8210	0	0	8210
3199	8209	1	0	8210
3200	8210	0	0	8210
3201	8209	1	0	8210
3202	8210	0	0	8210
3203	8208	2	0	8210
3204	8210	0	0	8210
3205	8209	1	0	8210
3206	8210	0	0	8210
3207	8209	1	0	8210
3208	8207	3	0	8210
3209	8210	0	0	8210
3210	8210	0	0	8210
3211	8210	0	0	8210
3212	8210	0	0	8210
3213	8210	0	0	8210
3214	8210	0	0	8210
3215	8210	0	0	8210
3216	8210	0	0	8210
3217	8180	30	0	8210
3218	8210	0	0	8210
3219	8007	203	0	8210
3220	8210	0	0	8210
3221	8210	0	0	8210
3222	8210	0	0	8210
3223	8210	0	0	8210
3224	8210	0	0	8210
3225	8210	0	0	8210
3226	8210	0	0	8210
3227	8208	2	0	8210
3228	8209	1	0	8210
3229	7811	399	0	8210
3230	8210	0	0	8210
3231	8210	0	0	8210
3232	8006	204	0	8210
3233	8209	1	0	8210
3234	8209	1	0	8210
3235	1853	6357	0	8210
3236	8210	0	0	8210
3237	8210	0	0	8210
3238	8209	1	0	8210
3239	8210	0	0	8210
3240	8206	4	0	8210
3241	8209	1	0	8210
3242	8209	1	0	8210
3243	8081	129	0	8210
3244	8210	0	0	8210
3245	8210	0	0	8210
3246	8210	0	0	8210
3247	8210	0	0	8210
3248	8210	0	0	8210
3249	8209	0	1	8210
3250	8210	0	0	8210
3251	8210	0	0	8210
3252	8210	0	0	8210
3253	8210	0	0	8210
3254	8210	0	0	8210
3255	8210	0	0	8210
3256	8210	0	0	8210
3257	8210	0	0	8210
3258	8210	0	0	8210
3259	8210	0	0	8210
3260	8210	0	0	8210
3261	8210	0	0	8210
3262	8209	1	0	8210
3263	8210	0	0	8210
3264	8210	0	0	8210
3265	8210	0	0	8210
3266	8210	0	0	8210
3267	8210	0	0	8210
3268	8210	0	0	8210
3269	8210	0	0	8210
3270	8210	0	0	8210
3271	8210	0	0	8210
3272	8210	0	0	8210
3273	8210	0	0	8210
3274	8207	3	0	8210
3275	8210	0	0	8210
3276	8209	1	0	8210
3277	8209	1	0	8210
3278	8210	0	0	8210
3279	8210	0	0	8210
3280	8210	0	0	8210
3281	8210	0	0	8210
3282	8210	0	0	8210
3283	8210	0	0	8210
3284	8210	0	0	8210
3285	8210	0	0	8210
3286	8205	5	0	8210
3287	8209	1	0	8210
3288	8210	0	0	8210
3289	8210	0	0	8210
3290	8209	1	0	8210
3291	8210	0	0	8210
3292	8210	0	0	8210
3293	8210	0	0	8210
3294	8210	0	0	8210
3295	7939	271	0	8210
3296	8210	0	0	8210
3297	8210	0	0	8210
3298	8210	0	0	8210
3299	8210	0	0	8210
3300	8210	0	0	8210
3301	8208	2	0	8210
3302	8210	0	0	8210
3303	8210	0	0	8210
3304	8210	0	0	8210
3305	8210	0	0	8210
3306	8210	0	0	8210
3307	8208	2	0	8210
3308	8192	18	0	8210
3309	8209	1	0	8210
3310	8204	6	0	8210
3311	8210	0	0	8210
3312	8210	0	0	8210
3313	8160	50	0	8210
3314	8210	0	0	8210
3315	8210	0	0	8210
3316	8195	15	0	8210
3317	8210	0	0	8210
3318	8210	0	0	8210
3319	8210	0	0	8210
3320	8210	0	0	8210
3321	8210	0	0	8210
3322	8209	1	0	8210
3323	8210	0	0	8210
3324	8210	0	0	8210
3325	8210	0	0	8210
3326	8210	0	0	8210
3327	8208	2	0	8210
3328	8210	0	0	8210
3329	8210	0	0	8210
3330	8210	0	0	8210
3331	8210	0	0	8210
3332	8210	0	0	8210
3333	8210	0	0	8210
3334	8210	0	0	8210
3335	8210	0	0	8210
3336	8210	0	0	8210
3337	8210	0	0	8210
3338	8210	0	0	8210
3339	8210	0	0	8210
3340	8210	0	0	8210
3341	8210	0	0	8210
3342	8210	0	0	8210
3343	8210	0	0	8210
3344	8210	0	0	8210
3345	8210	0	0	8210
3346	8210	0	0	8210
3347	8210	0	0	8210
3348	8208	2	0	8210
3349	8208	2	0	8210
3350	8210	0	0	8210
3351	8208	2	0	8210
3352	8210	0	0	8210
3353	8210	0	0	8210
3354	8210	0	0	8210
3355	8210	0	0	8210
3356	8210	0	0	8210
3357	8210	0	0	8210
3358	8210	0	0	8210
3359	8209	1	0	8210
3360	8210	0	0	8210
3361	8209	1	0	8210
3362	8210	0	0	8210
3363	8210	0	0	8210
3364	8182	28	0	8210
3365	8209	1	0	8210
3366	8210	0	0	8210
3367	8209	1	0	8210
3368	8210	0	0	8210
3369	8208	2	0	8210
3370	8209	1	0	8210
3371	8210	0	0	8210
3372	8210	0	0	8210
3373	8201	9	0	8210
3374	8210	0	0	8210
3375	8210	0	0	8210
3376	8207	3	0	8210
3377	8210	0	0	8210
3378	8210	0	0	8210
3379	8210	0	0	8210
3380	8210	0	0	8210
3381	8209	1	0	8210
3382	8206	4	0	8210
3383	8210	0	0	8210
3384	8210	0	0	8210
3385	8210	0	0	8210
3386	8210	0	0	8210
3387	8210	0	0	8210
3388	8209	1	0	8210
3389	8210	0	0	8210
3390	8210	0	0	8210
3391	8192	18	0	8210
3392	8210	0	0	8210
3393	8210	0	0	8210
3394	8210	0	0	8210
3395	8210	0	0	8210
3396	8210	0	0	8210
3397	8210	0	0	8210
3398	8210	0	0	8210
3399	8210	0	0	8210
3400	8210	0	0	8210
3401	8210	0	0	8210
3402	8210	0	0	8210
3403	8210	0	0	8210
3404	8210	0	0	8210
3405	8209	1	0	8210
3406	8170	40	0	8210
3407	8209	1	0	8210
3408	8210	0	0	8210
3409	8205	5	0	8210
3410	8210	0	0	8210
3411	8210	0	0	8210
3412	8210	0	0	8210
3413	8209	1	0	8210
3414	8210	0	0	8210
3415	8210	0	0	8210
3416	8210	0	0	8210
3417	8210	0	0	8210
3418	8210	0	0	8210
3419	8210	0	0	8210
3420	8210	0	0	8210
3421	8210	0	0	8210
3422	8210	0	0	8210
3423	8210	0	0	8210
3424	8210	0	0	8210
3425	8210	0	0	8210
3426	8209	1	0	8210
3427	8209	1	0	8210
3428	8210	0	0	8210
3429	8208	2	0	8210
3430	8210	0	0	8210
3431	8210	0	0	8210
3432	8210	0	0	8210
3433	7048	1162	0	8210
3434	8210	0	0	8210
3435	8207	3	0	8210
3436	8210	0	0	8210
3437	8210	0	0	8210
3438	8210	0	0	8210
3439	8210	0	0	8210
3440	8210	0	0	8210
3441	8209	1	0	8210
3442	8210	0	0	8210
3443	8205	5	0	8210
3444	8210	0	0	8210
3445	8210	0	0	8210
3446	8210	0	0	8210
3447	8210	0	0	8210
3448	8210	0	0	8210
3449	8208	2	0	8210
3450	8209	1	0	8210
3451	8210	0	0	8210
3452	8210	0	0	8210
3453	8210	0	0	8210
3454	8210	0	0	8210
3455	8209	1	0	8210
3456	8210	0	0	8210
3457	8209	1	0	8210
3458	8210	0	0	8210
3459	8210	0	0	8210
3460	8210	0	0	8210
3461	8209	1	0	8210
3462	8210	0	0	8210
3463	8210	0	0	8210
3464	8210	0	0	8210
3465	8210	0	0	8210
3466	8210	0	0	8210
3467	8210	0	0	8210
3468	8210	0	0	8210
3469	8210	0	0	8210
3470	8210	0	0	8210
3471	8210	0	0	8210
3472	8210	0	0	8210
3473	8210	0	0	8210
3474	8210	0	0	8210
3475	8210	0	0	8210
3476	8210	0	0	8210
3477	8210	0	0	8210
3478	8210	0	0	8210
3479	8210	0	0	8210
3480	8210	0	0	8210
3481	8208	2	0	8210
3482	8210	0	0	8210
3483	8210	0	0	8210
3484	8210	0	0	8210
3485	8210	0	0	8210
3486	8210	0	0	8210
3487	8210	0	0	8210
3488	8210	0	0	8210
3489	8210	0	0	8210
3490	8209	1	0	8210
3491	8210	0	0	8210
3492	8210	0	0	8210
3493	8210	0	0	8210
3494	8210	0	0	8210
3495	8210	0	0	8210
3496	8210	0	0	8210
3497	8210	0	0	8210
3498	8208	2	0	8210
3499	8210	0	0	8210
3500	8210	0	0	8210
3501	8210	0	0	8210
3502	8210	0	0	8210
3503	8210	0	0	8210
3504	8210	0	0	8210
3505	8210	0	0	8210
3506	8210	0	0	8210
3507	8210	0	0	8210
3508	8210	0	0	8210
3509	8210	0	0	8210
3510	8210	0	0	8210
3511	8206	4	0	8210
3512	8210	0	0	8210
3513	8210	0	0	8210
3514	8202	8	0	8210
3515	8210	0	0	8210
3516	8210	0	0	8210
3517	8210	0	0	8210
3518	8210	0	0	8210
3519	8210	0	0	8210
3520	8080	130	0	8210
3521	8210	0	0	8210
3522	8210	0	0	8210
3523	8210	0	0	8210
3524	8210	0	0	8210
3525	8210	0	0	8210
3526	8209	1	0	8210
3527	8210	0	0	8210
3528	8210	0	0	8210
3529	8210	0	0	8210
3530	8209	1	0	8210
3531	8210	0	0	8210
3532	8210	0	0	8210
3533	8210	0	0	8210
3534	8210	0	0	8210
3535	8210	0	0	8210
3536	8210	0	0	8210
3537	8210	0	0	8210
3538	8210	0	0	8210
3539	8210	0	0	8210
3540	8210	0	0	8210
3541	8210	0	0	8210
3542	8210	0	0	8210
3543	8210	0	0	8210
3544	8209	1	0	8210
3545	8210	0	0	8210
3546	8210	0	0	8210
3547	8210	0	0	8210
3548	8210	0	0	8210
3549	8210	0	0	8210
3550	8210	0	0	8210
3551	8210	0	0	8210
3552	8210	0	0	8210
3553	8210	0	0	8210
3554	8210	0	0	8210
3555	8210	0	0	8210
3556	8210	0	0	8210
3557	8210	0	0	8210
3558	8209	1	0	8210
3559	8210	0	0	8210
3560	8210	0	0	8210
3561	8210	0	0	8210
3562	7806	404	0	8210
3563	8210	0	0	8210
3564	8205	5	0	8210
3565	6940	1270	0	8210
3566	8210	0	0	8210
3567	8210	0	0	8210
3568	8210	0	0	8210
3569	8210	0	0	8210
3570	8210	0	0	8210
3571	8210	0	0	8210
3572	8209	1	0	8210
3573	8210	0	0	8210
3574	8210	0	0	8210
3575	8210	0	0	8210
3576	8208	2	0	8210
3577	8210	0	0	8210
3578	8210	0	0	8210
3579	8210	0	0	8210
3580	8210	0	0	8210
3581	8210	0	0	8210
3582	8210	0	0	8210
3583	8210	0	0	8210
3584	8210	0	0	8210
3585	8202	8	0	8210
3586	2600	5610	0	8210
3587	8209	1	0	8210
3588	8210	0	0	8210
3589	8210	0	0	8210
3590	8210	0	0	8210
3591	8210	0	0	8210
3592	8202	8	0	8210
3593	8208	2	0	8210
3594	8210	0	0	8210
3595	8210	0	0	8210
3596	8210	0	0	8210
3597	8210	0	0	8210
3598	8210	0	0	8210
3599	8210	0	0	8210
3600	8209	1	0	8210
3601	8210	0	0	8210
3602	8210	0	0	8210
3603	8210	0	0	8210
3604	8027	183	0	8210
3605	8210	0	0	8210
3606	8210	0	0	8210
3607	8205	5	0	8210
3608	8210	0	0	8210
3609	8209	1	0	8210
3610	8210	0	0	8210
3611	8210	0	0	8210
3612	8210	0	0	8210
3613	8210	0	0	8210
3614	8210	0	0	8210
3615	8210	0	0	8210
3616	8210	0	0	8210
3617	8210	0	0	8210
3618	8210	0	0	8210
3619	8210	0	0	8210
3620	8210	0	0	8210
3621	8210	0	0	8210
3622	8210	0	0	8210
3623	8210	0	0	8210
3624	8210	0	0	8210
3625	8210	0	0	8210
3626	8210	0	0	8210
3627	8210	0	0	8210
3628	8210	0	0	8210
3629	8209	1	0	8210
3630	8209	1	0	8210
3631	8210	0	0	8210
3632	8210	0	0	8210
3633	8210	0	0	8210
3634	8210	0	0	8210
3635	8210	0	0	8210
3636	8210	0	0	8210
3637	8210	0	0	8210
3638	8210	0	0	8210
3639	8210	0	0	8210
3640	8209	1	0	8210
3641	8210	0	0	8210
3642	8210	0	0	8210
3643	8210	0	0	8210
3644	8210	0	0	8210
3645	8210	0	0	8210
3646	8207	3	0	8210
3647	8199	11	0	8210
3648	8210	0	0	8210
3649	1631	6579	0	8210
3650	8209	1	0	8210
3651	8210	0	0	8210
3652	8210	0	0	8210
3653	8210	0	0	8210
3654	8210	0	0	8210
3655	8210	0	0	8210
3656	8210	0	0	8210
3657	8210	0	0	8210
3658	8210	0	0	8210
3659	8210	0	0	8210
3660	8210	0	0	8210
3661	8210	0	0	8210
3662	8210	0	0	8210
3663	8210	0	0	8210
3664	8210	0	0	8210
3665	8209	1	0	8210
3666	8210	0	0	8210
3667	8210	0	0	8210
3668	8209	1	0	8210
3669	8210	0	0	8210
3670	8077	133	0	8210
3671	8210	0	0	8210
3672	8209	1	0	8210
3673	8210	0	0	8210
3674	8210	0	0	8210
3675	8210	0	0	8210
3676	8210	0	0	8210
3677	8210	0	0	8210
3678	8210	0	0	8210
3679	8210	0	0	8210
3680	8210	0	0	8210
3681	8207	3	0	8210
3682	8209	1	0	8210
3683	8210	0	0	8210
3684	8210	0	0	8210
3685	8210	0	0	8210
3686	8189	21	0	8210
3687	8210	0	0	8210
3688	8206	4	0	8210
3689	8210	0	0	8210
3690	8210	0	0	8210
3691	8210	0	0	8210
3692	8210	0	0	8210
3693	8210	0	0	8210
3694	8210	0	0	8210
3695	8210	0	0	8210
3696	8210	0	0	8210
3697	8210	0	0	8210
3698	8210	0	0	8210
3699	8210	0	0	8210
3700	8209	1	0	8210
3701	8210	0	0	8210
3702	8210	0	0	8210
3703	8210	0	0	8210
3704	8210	0	0	8210
3705	8210	0	0	8210
3706	8210	0	0	8210
3707	8210	0	0	8210
3708	8210	0	0	8210
3709	8210	0	0	8210
3710	8210	0	0	8210
3711	8210	0	0	8210
3712	8210	0	0	8210
3713	8210	0	0	8210
3714	8210	0	0	8210
3715	8210	0	0	8210
3716	8210	0	0	8210
3717	5931	2279	0	8210
3718	8208	2	0	8210
3719	8210	0	0	8210
3720	8210	0	0	8210
3721	8209	1	0	8210
3722	8210	0	0	8210
3723	8210	0	0	8210
3724	8210	0	0	8210
3725	8210	0	0	8210
3726	8210	0	0	8210
3727	8210	0	0	8210
3728	8210	0	0	8210
3729	8208	2	0	8210
3730	8210	0	0	8210
3731	8210	0	0	8210
3732	8210	0	0	8210
3733	8068	142	0	8210
3734	8210	0	0	8210
3735	8210	0	0	8210
3736	8068	142	0	8210
3737	8210	0	0	8210
3738	8209	1	0	8210
3739	8210	0	0	8210
3740	8210	0	0	8210
3741	8210	0	0	8210
3742	8210	0	0	8210
3743	8210	0	0	8210
3744	8210	0	0	8210
3745	8210	0	0	8210
3746	7898	312	0	8210
3747	8210	0	0	8210
3748	8210	0	0	8210
3749	8210	0	0	8210
3750	8210	0	0	8210
3751	8210	0	0	8210
3752	8209	1	0	8210
3753	8210	0	0	8210
3754	8209	1	0	8210
3755	8210	0	0	8210
3756	8210	0	0	8210
3757	8210	0	0	8210
3758	8210	0	0	8210
3759	8210	0	0	8210
3760	8201	9	0	8210
3761	8210	0	0	8210
3762	8210	0	0	8210
3763	8209	1	0	8210
3764	8210	0	0	8210
3765	8210	0	0	8210
3766	8210	0	0	8210
3767	8210	0	0	8210
3768	8210	0	0	8210
3769	8197	13	0	8210
3770	8210	0	0	8210
3771	8210	0	0	8210
3772	8210	0	0	8210
3773	8210	0	0	8210
3774	8210	0	0	8210
3775	8210	0	0	8210
3776	8210	0	0	8210
3777	8210	0	0	8210
3778	8164	46	0	8210
3779	8008	202	0	8210
3780	8210	0	0	8210
3781	8210	0	0	8210
3782	8210	0	0	8210
3783	8210	0	0	8210
3784	8210	0	0	8210
3785	8210	0	0	8210
3786	8210	0	0	8210
3787	8210	0	0	8210
3788	8210	0	0	8210
3789	8210	0	0	8210
3790	8210	0	0	8210
3791	8210	0	0	8210
3792	8210	0	0	8210
3793	8210	0	0	8210
3794	8210	0	0	8210
3795	8210	0	0	8210
3796	8210	0	0	8210
3797	8210	0	0	8210
3798	8210	0	0	8210
3799	8210	0	0	8210
3800	8161	49	0	8210
3801	8210	0	0	8210
3802	8193	17	0	8210
3803	8210	0	0	8210
3804	8209	1	0	8210
3805	8210	0	0	8210
3806	8210	0	0	8210
3807	8210	0	0	8210
3808	8210	0	0	8210
3809	8210	0	0	8210
3810	8204	6	0	8210
3811	8210	0	0	8210
3812	8210	0	0	8210
3813	8210	0	0	8210
3814	8210	0	0	8210
3815	8210	0	0	8210
3816	8210	0	0	8210
3817	8209	1	0	8210
3818	8210	0	0	8210
3819	8210	0	0	8210
3820	8210	0	0	8210
3821	8210	0	0	8210
3822	8210	0	0	8210
3823	8210	0	0	8210
3824	8210	0	0	8210
3825	8210	0	0	8210
3826	8189	21	0	8210
3827	8210	0	0	8210
3828	8210	0	0	8210
3829	8210	0	0	8210
3830	8209	1	0	8210
3831	8193	17	0	8210
3832	8210	0	0	8210
3833	8200	10	0	8210
3834	8208	2	0	8210
3835	3402	4808	0	8210
3836	8209	1	0	8210
3837	8210	0	0	8210
3838	3408	4802	0	8210
3839	8209	1	0	8210
3840	8210	0	0	8210
3841	8210	0	0	8210
3842	8210	0	0	8210
3843	8210	0	0	8210
3844	8210	0	0	8210
3845	8210	0	0	8210
3846	8210	0	0	8210
3847	8210	0	0	8210
3848	8210	0	0	8210
3849	8203	7	0	8210
3850	8210	0	0	8210
3851	8210	0	0	8210
3852	8209	1	0	8210
3853	8210	0	0	8210
3854	8210	0	0	8210
3855	8210	0	0	8210
3856	8210	0	0	8210
3857	8210	0	0	8210
3858	8210	0	0	8210
3859	8201	9	0	8210
3860	8210	0	0	8210
3861	8210	0	0	8210
3862	8210	0	0	8210
3863	8210	0	0	8210
3864	8210	0	0	8210
3865	8210	0	0	8210
3866	8210	0	0	8210
3867	8210	0	0	8210
3868	8210	0	0	8210
3869	8210	0	0	8210
3870	8210	0	0	8210
3871	8209	1	0	8210
3872	8210	0	0	8210
3873	8210	0	0	8210
3874	8194	16	0	8210
3875	8209	1	0	8210
3876	8210	0	0	8210
3877	8210	0	0	8210
3878	8210	0	0	8210
3879	8210	0	0	8210
3880	8210	0	0	8210
3881	8210	0	0	8210
3882	8210	0	0	8210
3883	8210	0	0	8210
3884	8210	0	0	8210
3885	8210	0	0	8210
3886	6892	1318	0	8210
3887	8210	0	0	8210
3888	8210	0	0	8210
3889	8077	133	0	8210
3890	8209	1	0	8210
3891	8210	0	0	8210
3892	8210	0	0	8210
3893	8210	0	0	8210
3894	8210	0	0	8210
3895	8210	0	0	8210
3896	8210	0	0	8210
3897	8210	0	0	8210
3898	8210	0	0	8210
3899	8210	0	0	8210
3900	8210	0	0	8210
3901	8210	0	0	8210
3902	8210	0	0	8210
3903	8210	0	0	8210
3904	8210	0	0	8210
3905	8210	0	0	8210
3906	8210	0	0	8210
3907	8209	1	0	8210
3908	8210	0	0	8210
3909	8210	0	0	8210
3910	8210	0	0	8210
3911	8210	0	0	8210
3912	8210	0	0	8210
3913	8210	0	0	8210
3914	8210	0	0	8210
3915	8210	0	0	8210
3916	8210	0	0	8210
3917	7979	231	0	8210
3918	8210	0	0	8210
3919	8194	16	0	8210
3920	8210	0	0	8210
3921	8209	1	0	8210
3922	8210	0	0	8210
3923	8210	0	0	8210
3924	8210	0	0	8210
3925	8210	0	0	8210
3926	8207	3	0	8210
3927	8210	0	0	8210
3928	8203	7	0	8210
3929	8210	0	0	8210
3930	8210	0	0	8210
3931	8209	1	0	8210
3932	8202	8	0	8210
3933	8209	1	0	8210
3934	8210	0	0	8210
3935	8210	0	0	8210
3936	8208	2	0	8210
3937	8209	1	0	8210
3938	8210	0	0	8210
3939	8209	1	0	8210
3940	8210	0	0	8210
3941	8210	0	0	8210
3942	8210	0	0	8210
3943	7979	231	0	8210
3944	8210	0	0	8210
3945	8210	0	0	8210
3946	7584	626	0	8210
3947	8210	0	0	8210
3948	8210	0	0	8210
3949	8210	0	0	8210
3950	8210	0	0	8210
3951	8210	0	0	8210
3952	5305	2905	0	8210
3953	8210	0	0	8210
3954	8210	0	0	8210
3955	8210	0	0	8210
3956	8210	0	0	8210
3957	8185	25	0	8210
3958	8210	0	0	8210
3959	8210	0	0	8210
3960	8210	0	0	8210
3961	8210	0	0	8210
3962	8210	0	0	8210
3963	8209	1	0	8210
3964	8210	0	0	8210
3965	8210	0	0	8210
3966	8210	0	0	8210
3967	8210	0	0	8210
3968	8210	0	0	8210
3969	8210	0	0	8210
3970	8210	0	0	8210
3971	8210	0	0	8210
3972	8210	0	0	8210
3973	8210	0	0	8210
3974	8210	0	0	8210
3975	8209	1	0	8210
3976	8210	0	0	8210
3977	8210	0	0	8210
3978	8210	0	0	8210
3979	8210	0	0	8210
3980	8209	1	0	8210
3981	8210	0	0	8210
3982	8210	0	0	8210
3983	8210	0	0	8210
3984	8210	0	0	8210
3985	8201	9	0	8210
3986	8210	0	0	8210
3987	8208	2	0	8210
3988	8210	0	0	8210
3989	8210	0	0	8210
3990	8210	0	0	8210
3991	8210	0	0	8210
3992	8210	0	0	8210
3993	8210	0	0	8210
3994	8210	0	0	8210
3995	8210	0	0	8210
3996	8210	0	0	8210
3997	8210	0	0	8210
3998	8210	0	0	8210
3999	8210	0	0	8210
4000	8209	1	0	8210
4001	8210	0	0	8210
4002	8210	0	0	8210
4003	8076	134	0	8210
4004	8206	4	0	8210
4005	8200	10	0	8210
4006	8210	0	0	8210
4007	8210	0	0	8210
4008	8210	0	0	8210
4009	8208	2	0	8210
4010	8205	5	0	8210
4011	8210	0	0	8210
4012	8210	0	0	8210
4013	8210	0	0	8210
4014	8206	4	0	8210
4015	8210	0	0	8210
4016	8210	0	0	8210
4017	8210	0	0	8210
4018	8210	0	0	8210
4019	8210	0	0	8210
4020	8210	0	0	8210
4021	8209	1	0	8210
4022	8210	0	0	8210
4023	8210	0	0	8210
4024	8210	0	0	8210
4025	8210	0	0	8210
4026	8210	0	0	8210
4027	8208	2	0	8210
4028	8210	0	0	8210
4029	8210	0	0	8210
4030	8207	3	0	8210
4031	8210	0	0	8210
4032	8210	0	0	8210
4033	8148	62	0	8210
4034	8210	0	0	8210
4035	8210	0	0	8210
4036	8210	0	0	8210
4037	8210	0	0	8210
4038	8210	0	0	8210
4039	8210	0	0	8210
4040	8209	1	0	8210
4041	8210	0	0	8210
4042	8210	0	0	8210
4043	8209	1	0	8210
4044	8210	0	0	8210
4045	8210	0	0	8210
4046	8209	1	0	8210
4047	8210	0	0	8210
4048	8210	0	0	8210
4049	8210	0	0	8210
4050	8210	0	0	8210
4051	3670	4540	0	8210
4052	8210	0	0	8210
4053	8210	0	0	8210
4054	8210	0	0	8210
4055	8210	0	0	8210
4056	8210	0	0	8210
4057	8210	0	0	8210
4058	8210	0	0	8210
4059	8210	0	0	8210
4060	8210	0	0	8210
4061	8210	0	0	8210
4062	8210	0	0	8210
4063	8210	0	0	8210
4064	8210	0	0	8210
4065	8210	0	0	8210
4066	8024	186	0	8210
4067	8210	0	0	8210
4068	8210	0	0	8210
4069	8210	0	0	8210
4070	8209	1	0	8210
4071	8210	0	0	8210
4072	8210	0	0	8210
4073	8210	0	0	8210
4074	8210	0	0	8210
4075	8210	0	0	8210
4076	8208	2	0	8210
4077	7957	253	0	8210
4078	8210	0	0	8210
4079	8210	0	0	8210
4080	8210	0	0	8210
4081	8210	0	0	8210
4082	8210	0	0	8210
4083	8194	16	0	8210
4084	8210	0	0	8210
4085	8210	0	0	8210
4086	8210	0	0	8210
4087	8210	0	0	8210
4088	8210	0	0	8210
4089	8210	0	0	8210
4090	8210	0	0	8210
4091	8210	0	0	8210
4092	8210	0	0	8210
4093	8210	0	0	8210
4094	8210	0	0	8210
4095	8210	0	0	8210
4096	8205	5	0	8210
4097	8209	1	0	8210
4098	8210	0	0	8210
4099	8210	0	0	8210
4100	8210	0	0	8210
4101	8210	0	0	8210
4102	8210	0	0	8210
4103	8210	0	0	8210
4104	8210	0	0	8210
4105	8210	0	0	8210
4106	8210	0	0	8210
4107	8210	0	0	8210
4108	8210	0	0	8210
4109	8210	0	0	8210
4110	8210	0	0	8210
4111	8210	0	0	8210
4112	8210	0	0	8210
4113	8210	0	0	8210
4114	8210	0	0	8210
4115	8210	0	0	8210
4116	8210	0	0	8210
4117	8210	0	0	8210
4118	8210	0	0	8210
4119	8210	0	0	8210
4120	8210	0	0	8210
4121	8210	0	0	8210
4122	8200	10	0	8210
4123	8210	0	0	8210
4124	8209	1	0	8210
4125	8208	2	0	8210
4126	6778	1432	0	8210
4127	8209	1	0	8210
4128	8210	0	0	8210
4129	8209	1	0	8210
4130	8210	0	0	8210
4131	8210	0	0	8210
4132	8210	0	0	8210
4133	8208	2	0	8210
4134	8210	0	0	8210
4135	8210	0	0	8210
4136	8210	0	0	8210
4137	8210	0	0	8210
4138	8209	1	0	8210
4139	8208	2	0	8210
4140	8210	0	0	8210
4141	8210	0	0	8210
4142	8210	0	0	8210
4143	8210	0	0	8210
4144	8210	0	0	8210
4145	8210	0	0	8210
4146	8210	0	0	8210
4147	8210	0	0	8210
4148	8210	0	0	8210
4149	8210	0	0	8210
4150	8210	0	0	8210
4151	8210	0	0	8210
4152	8210	0	0	8210
4153	8210	0	0	8210
4154	8210	0	0	8210
4155	8209	1	0	8210
4156	8210	0	0	8210
4157	8210	0	0	8210
4158	8210	0	0	8210
4159	8210	0	0	8210
4160	8208	2	0	8210
4161	8210	0	0	8210
4162	8150	60	0	8210
4163	8210	0	0	8210
4164	8210	0	0	8210
4165	8209	1	0	8210
4166	8210	0	0	8210
4167	8210	0	0	8210
4168	8210	0	0	8210
4169	8210	0	0	8210
4170	8210	0	0	8210
4171	7983	227	0	8210
4172	8210	0	0	8210
4173	8210	0	0	8210
4174	8210	0	0	8210
4175	8210	0	0	8210
4176	8210	0	0	8210
4177	8210	0	0	8210
4178	8210	0	0	8210
4179	8210	0	0	8210
4180	7895	315	0	8210
4181	8210	0	0	8210
4182	8210	0	0	8210
4183	8210	0	0	8210
4184	8210	0	0	8210
4185	8210	0	0	8210
4186	8210	0	0	8210
4187	8210	0	0	8210
4188	8210	0	0	8210
4189	8186	24	0	8210
4190	8210	0	0	8210
4191	8208	2	0	8210
4192	8209	1	0	8210
4193	8210	0	0	8210
4194	8210	0	0	8210
4195	8210	0	0	8210
4196	8210	0	0	8210
4197	8210	0	0	8210
4198	8210	0	0	8210
4199	8210	0	0	8210
4200	8210	0	0	8210
4201	8210	0	0	8210
4202	8210	0	0	8210
4203	8210	0	0	8210
4204	8208	0	2	8210
4205	8191	17	2	8210
4206	8208	0	2	8210
4207	8206	2	2	8210
4208	8208	0	2	8210
4209	8210	0	0	8210
4210	8210	0	0	8210
4211	8210	0	0	8210
4212	8210	0	0	8210
4213	8210	0	0	8210
4214	8210	0	0	8210
4215	8205	5	0	8210
4216	8210	0	0	8210
4217	8210	0	0	8210
4218	8204	0	6	8210
4219	8204	0	6	8210
4220	8203	1	6	8210
4221	8210	0	0	8210
4222	8209	1	0	8210
4223	8210	0	0	8210
4224	8210	0	0	8210
4225	8195	0	15	8210
4226	8195	0	15	8210
4227	8195	0	15	8210
4228	8210	0	0	8210
4229	8210	0	0	8210
4230	8209	1	0	8210
4231	8210	0	0	8210
4232	8210	0	0	8210
4233	8210	0	0	8210
4234	8210	0	0	8210
4235	8209	1	0	8210
4236	8210	0	0	8210
4237	8210	0	0	8210
4238	8210	0	0	8210
4239	8210	0	0	8210
4240	8210	0	0	8210
4241	8210	0	0	8210
4242	8208	2	0	8210
4243	8203	7	0	8210
4244	8206	4	0	8210
4245	8210	0	0	8210
4246	8210	0	0	8210
4247	8210	0	0	8210
4248	8209	1	0	8210
4249	8208	2	0	8210
4250	8210	0	0	8210
4251	4213	3997	0	8210
4252	8210	0	0	8210
4253	8210	0	0	8210
4254	8210	0	0	8210
4255	8210	0	0	8210
4256	8210	0	0	8210
4257	8210	0	0	8210
4258	8210	0	0	8210
4259	8210	0	0	8210
4260	8210	0	0	8210
4261	8210	0	0	8210
4262	8210	0	0	8210
4263	8210	0	0	8210
4264	8210	0	0	8210
4265	8210	0	0	8210
4266	8210	0	0	8210
4267	8206	4	0	8210
4268	8210	0	0	8210
4269	8210	0	0	8210
4270	8210	0	0	8210
4271	8210	0	0	8210
4272	8210	0	0	8210
4273	8210	0	0	8210
4274	8210	0	0	8210
4275	8210	0	0	8210
4276	8210	0	0	8210
4277	8210	0	0	8210
4278	8210	0	0	8210
4279	8208	2	0	8210
4280	8210	0	0	8210
4281	8207	3	0	8210
4282	8210	0	0	8210
4283	8210	0	0	8210
4284	8210	0	0	8210
4285	8210	0	0	8210
4286	8209	1	0	8210
4287	8181	29	0	8210
4288	8210	0	0	8210
4289	8189	21	0	8210
4290	6763	1447	0	8210
4291	8210	0	0	8210
4292	8210	0	0	8210
4293	8210	0	0	8210
4294	8210	0	0	8210
4295	8210	0	0	8210
4296	8210	0	0	8210
4297	8210	0	0	8210
4298	8210	0	0	8210
4299	8210	0	0	8210
4300	8210	0	0	8210
4301	8210	0	0	8210
4302	8210	0	0	8210
4303	8210	0	0	8210
4304	8209	1	0	8210
4305	8210	0	0	8210
4306	8210	0	0	8210
4307	8210	0	0	8210
4308	8210	0	0	8210
4309	8209	1	0	8210
4310	8210	0	0	8210
4311	8210	0	0	8210
4312	8210	0	0	8210
4313	8210	0	0	8210
4314	8210	0	0	8210
4315	8210	0	0	8210
4316	8210	0	0	8210
4317	8210	0	0	8210
4318	8210	0	0	8210
4319	8210	0	0	8210
4320	8210	0	0	8210
4321	8210	0	0	8210
4322	8210	0	0	8210
4323	8210	0	0	8210
4324	8210	0	0	8210
4325	8210	0	0	8210
4326	8210	0	0	8210
4327	8210	0	0	8210
4328	8210	0	0	8210
4329	8210	0	0	8210
4330	8210	0	0	8210
4331	8210	0	0	8210
4332	8210	0	0	8210
4333	8209	1	0	8210
4334	8210	0	0	8210
4335	8210	0	0	8210
4336	8210	0	0	8210
4337	8210	0	0	8210
4338	8210	0	0	8210
4339	8210	0	0	8210
4340	8209	1	0	8210
4341	8210	0	0	8210
4342	8210	0	0	8210
4343	8210	0	0	8210
4344	8210	0	0	8210
4345	8210	0	0	8210
4346	8210	0	0	8210
4347	8210	0	0	8210
4348	8210	0	0	8210
4349	8210	0	0	8210
4350	5787	2423	0	8210
4351	8210	0	0	8210
4352	8210	0	0	8210
4353	8210	0	0	8210
4354	8210	0	0	8210
4355	8209	1	0	8210
4356	8209	1	0	8210
4357	8210	0	0	8210
4358	8210	0	0	8210
4359	8210	0	0	8210
4360	8210	0	0	8210
4361	8210	0	0	8210
4362	8210	0	0	8210
4363	8210	0	0	8210
4364	119	8091	0	8210
4365	8203	7	0	8210
4366	8210	0	0	8210
4367	8210	0	0	8210
4368	8210	0	0	8210
4369	8210	0	0	8210
4370	8210	0	0	8210
4371	8210	0	0	8210
4372	8210	0	0	8210
4373	8210	0	0	8210
4374	8209	1	0	8210
4375	8210	0	0	8210
4376	8210	0	0	8210
4377	8210	0	0	8210
4378	8210	0	0	8210
4379	8210	0	0	8210
4380	8209	1	0	8210
4381	8210	0	0	8210
4382	8210	0	0	8210
4383	8210	0	0	8210
4384	8210	0	0	8210
4385	8195	15	0	8210
4386	8210	0	0	8210
4387	8210	0	0	8210
4388	8210	0	0	8210
4389	8210	0	0	8210
4390	8210	0	0	8210
4391	8210	0	0	8210
4392	8202	8	0	8210
4393	8210	0	0	8210
4394	8210	0	0	8210
4395	8210	0	0	8210
4396	8210	0	0	8210
4397	8210	0	0	8210
4398	8210	0	0	8210
4399	8210	0	0	8210
4400	8210	0	0	8210
4401	8210	0	0	8210
4402	8210	0	0	8210
4403	8210	0	0	8210
4404	8210	0	0	8210
4405	8159	51	0	8210
4406	8210	0	0	8210
4407	8189	21	0	8210
4408	8210	0	0	8210
4409	8210	0	0	8210
4410	8210	0	0	8210
4411	8210	0	0	8210
4412	8210	0	0	8210
4413	8210	0	0	8210
4414	8210	0	0	8210
4415	8210	0	0	8210
4416	8210	0	0	8210
4417	8210	0	0	8210
4418	8210	0	0	8210
4419	8210	0	0	8210
4420	8210	0	0	8210
4421	8209	1	0	8210
4422	8198	12	0	8210
4423	8210	0	0	8210
4424	8210	0	0	8210
4425	8210	0	0	8210
4426	8210	0	0	8210
4427	8210	0	0	8210
4428	8205	5	0	8210
4429	8210	0	0	8210
4430	8210	0	0	8210
4431	8210	0	0	8210
4432	8210	0	0	8210
4433	8210	0	0	8210
4434	8210	0	0	8210
4435	8210	0	0	8210
4436	8210	0	0	8210
4437	8210	0	0	8210
4438	8210	0	0	8210
4439	8210	0	0	8210
4440	7969	241	0	8210
4441	8210	0	0	8210
4442	8210	0	0	8210
4443	8203	7	0	8210
4444	8210	0	0	8210
4445	8210	0	0	8210
4446	8210	0	0	8210
4447	8210	0	0	8210
4448	8210	0	0	8210
4449	8210	0	0	8210
4450	8210	0	0	8210
4451	8210	0	0	8210
4452	8210	0	0	8210
4453	8210	0	0	8210
4454	8202	8	0	8210
4455	8210	0	0	8210
4456	8210	0	0	8210
4457	8210	0	0	8210
4458	8210	0	0	8210
4459	8210	0	0	8210
4460	8210	0	0	8210
4461	8210	0	0	8210
4462	8210	0	0	8210
4463	8210	0	0	8210
4464	8210	0	0	8210
4465	8210	0	0	8210
4466	8210	0	0	8210
4467	8210	0	0	8210
4468	8210	0	0	8210
4469	8210	0	0	8210
4470	8210	0	0	8210
4471	8210	0	0	8210
4472	8210	0	0	8210
4473	8207	3	0	8210
4474	8210	0	0	8210
4475	8210	0	0	8210
4476	8210	0	0	8210
4477	8210	0	0	8210
4478	8210	0	0	8210
4479	8210	0	0	8210
4480	8210	0	0	8210
4481	8210	0	0	8210
4482	8209	1	0	8210
4483	8210	0	0	8210
4484	8209	1	0	8210
4485	8210	0	0	8210
4486	8210	0	0	8210
4487	8210	0	0	8210
4488	8210	0	0	8210
4489	8210	0	0	8210
4490	8210	0	0	8210
4491	8024	186	0	8210
4492	8208	2	0	8210
4493	8210	0	0	8210
4494	8210	0	0	8210
4495	8210	0	0	8210
4496	8210	0	0	8210
4497	6680	1530	0	8210
4498	8210	0	0	8210
4499	8085	125	0	8210
4500	8210	0	0	8210
4501	8210	0	0	8210
4502	8209	1	0	8210
4503	8210	0	0	8210
4504	8210	0	0	8210
4505	8210	0	0	8210
4506	8210	0	0	8210
4507	8210	0	0	8210
4508	8210	0	0	8210
4509	8210	0	0	8210
4510	8209	1	0	8210
4511	8210	0	0	8210
4512	8207	3	0	8210
4513	8210	0	0	8210
4514	8210	0	0	8210
4515	8210	0	0	8210
4516	8210	0	0	8210
4517	8210	0	0	8210
4518	8207	3	0	8210
4519	8209	1	0	8210
4520	8210	0	0	8210
4521	8210	0	0	8210
4522	8210	0	0	8210
4523	8210	0	0	8210
4524	8210	0	0	8210
4525	8210	0	0	8210
4526	8210	0	0	8210
4527	8195	15	0	8210
4528	8210	0	0	8210
4529	8210	0	0	8210
4530	8210	0	0	8210
4531	8210	0	0	8210
4532	8210	0	0	8210
4533	8210	0	0	8210
4534	8210	0	0	8210
4535	8210	0	0	8210
4536	8210	0	0	8210
4537	8210	0	0	8210
4538	8198	12	0	8210
4539	8210	0	0	8210
4540	8210	0	0	8210
4541	8210	0	0	8210
4542	8210	0	0	8210
4543	8210	0	0	8210
4544	8210	0	0	8210
4545	8210	0	0	8210
4546	8210	0	0	8210
4547	8210	0	0	8210
4548	8210	0	0	8210
4549	8210	0	0	8210
4550	8210	0	0	8210
4551	8210	0	0	8210
4552	8210	0	0	8210
4553	8210	0	0	8210
4554	8210	0	0	8210
4555	8210	0	0	8210
4556	8210	0	0	8210
4557	8210	0	0	8210
4558	8210	0	0	8210
4559	8210	0	0	8210
4560	8210	0	0	8210
4561	8210	0	0	8210
4562	8210	0	0	8210
4563	8203	7	0	8210
4564	8210	0	0	8210
4565	8210	0	0	8210
4566	8203	7	0	8210
4567	8210	0	0	8210
4568	8210	0	0	8210
4569	8203	7	0	8210
4570	8210	0	0	8210
4571	8210	0	0	8210
4572	8210	0	0	8210
4573	8210	0	0	8210
4574	8210	0	0	8210
4575	8210	0	0	8210
4576	8210	0	0	8210
4577	8210	0	0	8210
4578	8207	3	0	8210
4579	8210	0	0	8210
4580	8210	0	0	8210
4581	8159	51	0	8210
4582	8210	0	0	8210
4583	8210	0	0	8210
4584	8205	5	0	8210
4585	8210	0	0	8210
4586	8210	0	0	8210
4587	8210	0	0	8210
4588	8210	0	0	8210
4589	8210	0	0	8210
4590	8210	0	0	8210
4591	8210	0	0	8210
4592	8210	0	0	8210
4593	8209	1	0	8210
4594	8209	1	0	8210
4595	8210	0	0	8210
4596	8210	0	0	8210
4597	8210	0	0	8210
4598	8210	0	0	8210
4599	8210	0	0	8210
4600	8210	0	0	8210
4601	8210	0	0	8210
4602	8210	0	0	8210
4603	8210	0	0	8210
4604	8210	0	0	8210
4605	8210	0	0	8210
4606	8210	0	0	8210
4607	8210	0	0	8210
4608	8167	43	0	8210
4609	8210	0	0	8210
4610	8210	0	0	8210
4611	8210	0	0	8210
4612	8210	0	0	8210
4613	8210	0	0	8210
4614	8210	0	0	8210
4615	8210	0	0	8210
4616	8210	0	0	8210
4617	8210	0	0	8210
4618	8210	0	0	8210
4619	8210	0	0	8210
4620	8210	0	0	8210
4621	8210	0	0	8210
4622	8210	0	0	8210
4623	8209	1	0	8210
4624	8207	3	0	8210
4625	8210	0	0	8210
4626	8210	0	0	8210
4627	8209	1	0	8210
4628	8210	0	0	8210
4629	8210	0	0	8210
4630	8209	1	0	8210
4631	8210	0	0	8210
4632	8210	0	0	8210
4633	8210	0	0	8210
4634	8210	0	0	8210
4635	8210	0	0	8210
4636	8210	0	0	8210
4637	8210	0	0	8210
4638	8210	0	0	8210
4639	8210	0	0	8210
4640	8210	0	0	8210
4641	8210	0	0	8210
4642	8210	0	0	8210
4643	8210	0	0	8210
4644	8209	1	0	8210
4645	8210	0	0	8210
4646	8210	0	0	8210
4647	8210	0	0	8210
4648	8210	0	0	8210
4649	8210	0	0	8210
4650	8210	0	0	8210
4651	8210	0	0	8210
4652	8210	0	0	8210
4653	8210	0	0	8210
4654	8210	0	0	8210
4655	8210	0	0	8210
4656	8209	1	0	8210
4657	7248	962	0	8210
4658	8209	1	0	8210
4659	8209	1	0	8210
4660	8210	0	0	8210
4661	8210	0	0	8210
4662	8210	0	0	8210
4663	8210	0	0	8210
4664	8210	0	0	8210
4665	8210	0	0	8210
4666	8210	0	0	8210
4667	8210	0	0	8210
4668	8210	0	0	8210
4669	8210	0	0	8210
4670	8210	0	0	8210
4671	8210	0	0	8210
4672	8210	0	0	8210
4673	8210	0	0	8210
4674	8210	0	0	8210
4675	8209	1	0	8210
4676	8210	0	0	8210
4677	8210	0	0	8210
4678	8210	0	0	8210
4679	8210	0	0	8210
4680	8210	0	0	8210
4681	8208	2	0	8210
4682	8210	0	0	8210
4683	8210	0	0	8210
4684	8210	0	0	8210
4685	8209	1	0	8210
4686	8210	0	0	8210
4687	8210	0	0	8210
4688	8209	1	0	8210
4689	8210	0	0	8210
4690	8143	67	0	8210
4691	8210	0	0	8210
4692	8210	0	0	8210
4693	8210	0	0	8210
4694	8210	0	0	8210
4695	8210	0	0	8210
4696	8209	1	0	8210
4697	8210	0	0	8210
4698	8210	0	0	8210
4699	8210	0	0	8210
4700	8210	0	0	8210
4701	8210	0	0	8210
4702	8210	0	0	8210
4703	8210	0	0	8210
4704	8210	0	0	8210
4705	8209	1	0	8210
4706	8210	0	0	8210
4707	8210	0	0	8210
4708	8210	0	0	8210
4709	8210	0	0	8210
4710	8210	0	0	8210
4711	8210	0	0	8210
4712	8209	1	0	8210
4713	8077	133	0	8210
4714	8210	0	0	8210
4715	8210	0	0	8210
4716	8210	0	0	8210
4717	8210	0	0	8210
4718	8210	0	0	8210
4719	8210	0	0	8210
4720	8201	9	0	8210
4721	8209	1	0	8210
4722	8210	0	0	8210
4723	8210	0	0	8210
4724	8210	0	0	8210
4725	8210	0	0	8210
4726	8210	0	0	8210
4727	8207	3	0	8210
4728	8186	24	0	8210
4729	8210	0	0	8210
4730	8209	1	0	8210
4731	8210	0	0	8210
4732	8208	2	0	8210
4733	8210	0	0	8210
4734	8210	0	0	8210
4735	8210	0	0	8210
4736	8210	0	0	8210
4737	8210	0	0	8210
4738	8210	0	0	8210
4739	8206	4	0	8210
4740	8209	1	0	8210
4741	8209	1	0	8210
4742	8210	0	0	8210
4743	8210	0	0	8210
4744	8210	0	0	8210
4745	8210	0	0	8210
4746	8210	0	0	8210
4747	8210	0	0	8210
4748	8210	0	0	8210
4749	8210	0	0	8210
4750	8210	0	0	8210
4751	8210	0	0	8210
4752	8210	0	0	8210
4753	8210	0	0	8210
4754	8209	1	0	8210
4755	8210	0	0	8210
4756	8210	0	0	8210
4757	7658	552	0	8210
4758	8210	0	0	8210
4759	8209	1	0	8210
4760	8210	0	0	8210
4761	8210	0	0	8210
4762	8209	1	0	8210
4763	8210	0	0	8210
4764	8210	0	0	8210
4765	8210	0	0	8210
4766	8210	0	0	8210
4767	8210	0	0	8210
4768	8210	0	0	8210
4769	8168	42	0	8210
4770	8210	0	0	8210
4771	8210	0	0	8210
4772	8210	0	0	8210
4773	8210	0	0	8210
4774	8210	0	0	8210
4775	8210	0	0	8210
4776	8210	0	0	8210
4777	8210	0	0	8210
4778	8210	0	0	8210
4779	8208	2	0	8210
4780	8210	0	0	8210
4781	8210	0	0	8210
4782	8210	0	0	8210
4783	8204	6	0	8210
4784	8210	0	0	8210
4785	8209	1	0	8210
4786	8210	0	0	8210
4787	8210	0	0	8210
4788	8210	0	0	8210
4789	8210	0	0	8210
4790	8210	0	0	8210
4791	8209	1	0	8210
4792	8210	0	0	8210
4793	8208	2	0	8210
4794	8210	0	0	8210
4795	8210	0	0	8210
4796	8210	0	0	8210
4797	8210	0	0	8210
4798	8209	1	0	8210
4799	8210	0	0	8210
4800	8210	0	0	8210
4801	8210	0	0	8210
4802	8210	0	0	8210
4803	8210	0	0	8210
4804	8210	0	0	8210
4805	8210	0	0	8210
4806	8210	0	0	8210
4807	8210	0	0	8210
4808	8207	3	0	8210
4809	8210	0	0	8210
4810	8210	0	0	8210
4811	8210	0	0	8210
4812	8210	0	0	8210
4813	8210	0	0	8210
4814	8210	0	0	8210
4815	8210	0	0	8210
4816	8210	0	0	8210
4817	8209	1	0	8210
4818	8209	1	0	8210
4819	8210	0	0	8210
4820	8210	0	0	8210
4821	8210	0	0	8210
4822	8210	0	0	8210
4823	8210	0	0	8210
4824	8210	0	0	8210
4825	8210	0	0	8210
4826	7699	511	0	8210
4827	8210	0	0	8210
4828	8210	0	0	8210
4829	8173	37	0	8210
4830	8209	1	0	8210
4831	8210	0	0	8210
4832	8210	0	0	8210
4833	8208	2	0	8210
4834	8209	1	0	8210
4835	8200	10	0	8210
4836	8210	0	0	8210
4837	8210	0	0	8210
4838	8210	0	0	8210
4839	8210	0	0	8210
4840	8208	2	0	8210
4841	8204	6	0	8210
4842	8178	32	0	8210
4843	8210	0	0	8210
4844	8210	0	0	8210
4845	8195	15	0	8210
4846	8210	0	0	8210
4847	8210	0	0	8210
4848	8210	0	0	8210
4849	8210	0	0	8210
4850	8210	0	0	8210
4851	8210	0	0	8210
4852	8210	0	0	8210
4853	8209	1	0	8210
4854	8210	0	0	8210
4855	8210	0	0	8210
4856	8210	0	0	8210
4857	8210	0	0	8210
4858	8210	0	0	8210
4859	8210	0	0	8210
4860	8210	0	0	8210
4861	2942	5268	0	8210
4862	8210	0	0	8210
4863	8210	0	0	8210
4864	8210	0	0	8210
4865	8209	1	0	8210
4866	8210	0	0	8210
4867	8209	1	0	8210
4868	6531	1679	0	8210
4869	8210	0	0	8210
4870	8209	1	0	8210
4871	8210	0	0	8210
4872	8209	1	0	8210
4873	8210	0	0	8210
4874	8210	0	0	8210
4875	8210	0	0	8210
4876	8210	0	0	8210
4877	8210	0	0	8210
4878	8210	0	0	8210
4879	8210	0	0	8210
4880	8210	0	0	8210
4881	8210	0	0	8210
4882	8210	0	0	8210
4883	8210	0	0	8210
4884	8210	0	0	8210
4885	8210	0	0	8210
4886	8210	0	0	8210
4887	8210	0	0	8210
4888	8210	0	0	8210
4889	8210	0	0	8210
4890	8210	0	0	8210
4891	8209	1	0	8210
4892	8210	0	0	8210
4893	8210	0	0	8210
4894	8210	0	0	8210
4895	8210	0	0	8210
4896	8210	0	0	8210
4897	8210	0	0	8210
4898	8206	4	0	8210
4899	8210	0	0	8210
4900	8209	1	0	8210
4901	8210	0	0	8210
4902	8210	0	0	8210
4903	8210	0	0	8210
4904	7973	237	0	8210
4905	8210	0	0	8210
4906	8210	0	0	8210
4907	8210	0	0	8210
4908	8210	0	0	8210
4909	8210	0	0	8210
4910	8202	8	0	8210
4911	8210	0	0	8210
4912	8210	0	0	8210
4913	8210	0	0	8210
4914	8210	0	0	8210
4915	8208	2	0	8210
4916	8210	0	0	8210
4917	8210	0	0	8210
4918	8210	0	0	8210
4919	8210	0	0	8210
4920	8210	0	0	8210
4921	8203	7	0	8210
4922	8210	0	0	8210
4923	8210	0	0	8210
4924	8210	0	0	8210
4925	8191	19	0	8210
4926	8210	0	0	8210
4927	8210	0	0	8210
4928	8210	0	0	8210
4929	8210	0	0	8210
4930	8210	0	0	8210
4931	8210	0	0	8210
4932	8209	0	1	8210
4933	8210	0	0	8210
4934	133	8077	0	8210
4935	8081	129	0	8210
4936	8210	0	0	8210
4937	8210	0	0	8210
4938	8209	1	0	8210
4939	8210	0	0	8210
4940	8210	0	0	8210
4941	8210	0	0	8210
4942	8210	0	0	8210
4943	2869	5341	0	8210
4944	8201	9	0	8210
4945	8210	0	0	8210
4946	8210	0	0	8210
4947	8210	0	0	8210
4948	8210	0	0	8210
4949	8210	0	0	8210
4950	8209	1	0	8210
4951	8209	1	0	8210
4952	8209	1	0	8210
4953	8210	0	0	8210
4954	8210	0	0	8210
4955	8210	0	0	8210
4956	8210	0	0	8210
4957	8210	0	0	8210
4958	8210	0	0	8210
4959	8210	0	0	8210
4960	8210	0	0	8210
4961	8210	0	0	8210
4962	8210	0	0	8210
4963	8210	0	0	8210
4964	2859	5351	0	8210
4965	8210	0	0	8210
4966	8210	0	0	8210
4967	8210	0	0	8210
4968	8210	0	0	8210
4969	8169	41	0	8210
4970	8210	0	0	8210
4971	8210	0	0	8210
4972	8207	3	0	8210
4973	8210	0	0	8210
4974	8210	0	0	8210
4975	8210	0	0	8210
4976	8210	0	0	8210
4977	8210	0	0	8210
4978	8210	0	0	8210
4979	8210	0	0	8210
4980	8210	0	0	8210
4981	8210	0	0	8210
4982	8210	0	0	8210
4983	8210	0	0	8210
4984	8210	0	0	8210
4985	8210	0	0	8210
4986	8210	0	0	8210
4987	8210	0	0	8210
4988	8210	0	0	8210
4989	8210	0	0	8210
4990	8210	0	0	8210
4991	8210	0	0	8210
4992	8210	0	0	8210
4993	8210	0	0	8210
4994	8210	0	0	8210
4995	8210	0	0	8210
4996	8210	0	0	8210
4997	8210	0	0	8210
4998	8210	0	0	8210
4999	8210	0	0	8210
5000	8210	0	0	8210
5001	8210	0	0	8210
5002	8210	0	0	8210
5003	7219	991	0	8210
5004	8209	1	0	8210
5005	8209	1	0	8210
5006	8210	0	0	8210
5007	8210	0	0	8210
5008	8210	0	0	8210
5009	8210	0	0	8210
5010	8210	0	0	8210
5011	8209	1	0	8210
5012	8210	0	0	8210
5013	8186	24	0	8210
5014	8210	0	0	8210
5015	8210	0	0	8210
5016	8210	0	0	8210
5017	8210	0	0	8210
5018	8210	0	0	8210
5019	8210	0	0	8210
5020	8210	0	0	8210
5021	8210	0	0	8210
5022	8205	5	0	8210
5023	8210	0	0	8210
5024	8210	0	0	8210
5025	8210	0	0	8210
5026	8210	0	0	8210
5027	8209	1	0	8210
5028	8209	1	0	8210
5029	8210	0	0	8210
5030	8210	0	0	8210
5031	8210	0	0	8210
5032	8210	0	0	8210
5033	8209	1	0	8210
5034	8209	1	0	8210
5035	8210	0	0	8210
5036	8210	0	0	8210
5037	8210	0	0	8210
5038	8208	2	0	8210
5039	8210	0	0	8210
5040	8210	0	0	8210
5041	8210	0	0	8210
5042	8210	0	0	8210
5043	8209	1	0	8210
5044	8207	3	0	8210
5045	8210	0	0	8210
5046	8210	0	0	8210
5047	8208	2	0	8210
5048	8210	0	0	8210
5049	8209	1	0	8210
5050	8210	0	0	8210
5051	8210	0	0	8210
5052	8210	0	0	8210
5053	8210	0	0	8210
5054	8207	3	0	8210
5055	8210	0	0	8210
5056	8210	0	0	8210
5057	8210	0	0	8210
5058	8071	139	0	8210
5059	8201	9	0	8210
5060	8067	143	0	8210
5061	8210	0	0	8210
5062	8210	0	0	8210
5063	8210	0	0	8210
5064	8210	0	0	8210
5065	8210	0	0	8210
5066	8210	0	0	8210
5067	8210	0	0	8210
5068	8210	0	0	8210
5069	8210	0	0	8210
5070	8210	0	0	8210
5071	8210	0	0	8210
5072	8210	0	0	8210
5073	8209	1	0	8210
5074	8210	0	0	8210
5075	7704	506	0	8210
5076	8210	0	0	8210
5077	8204	6	0	8210
5078	8210	0	0	8210
5079	8209	1	0	8210
5080	8210	0	0	8210
5081	8210	0	0	8210
5082	8210	0	0	8210
5083	8210	0	0	8210
5084	8210	0	0	8210
5085	8210	0	0	8210
5086	8210	0	0	8210
5087	8210	0	0	8210
5088	8210	0	0	8210
5089	8209	1	0	8210
5090	8210	0	0	8210
5091	8210	0	0	8210
5092	8210	0	0	8210
5093	8210	0	0	8210
5094	8210	0	0	8210
5095	8210	0	0	8210
5096	8210	0	0	8210
5097	8210	0	0	8210
5098	8210	0	0	8210
5099	7872	338	0	8210
5100	8210	0	0	8210
5101	8210	0	0	8210
5102	8207	3	0	8210
5103	8210	0	0	8210
5104	8210	0	0	8210
5105	8210	0	0	8210
5106	8210	0	0	8210
5107	8210	0	0	8210
5108	8210	0	0	8210
5109	8210	0	0	8210
5110	8207	3	0	8210
5111	8210	0	0	8210
5112	8210	0	0	8210
5113	8210	0	0	8210
5114	8210	0	0	8210
5115	8210	0	0	8210
5116	8210	0	0	8210
5117	8210	0	0	8210
5118	8210	0	0	8210
5119	8210	0	0	8210
5120	8210	0	0	8210
5121	8210	0	0	8210
5122	8210	0	0	8210
5123	8208	2	0	8210
5124	8210	0	0	8210
5125	8210	0	0	8210
5126	8209	1	0	8210
5127	8210	0	0	8210
5128	8210	0	0	8210
5129	8210	0	0	8210
5130	8208	2	0	8210
5131	8210	0	0	8210
5132	8210	0	0	8210
5133	8209	1	0	8210
5134	8210	0	0	8210
5135	8210	0	0	8210
5136	8210	0	0	8210
5137	8105	105	0	8210
5138	8210	0	0	8210
5139	8210	0	0	8210
5140	8210	0	0	8210
5141	8210	0	0	8210
5142	8210	0	0	8210
5143	8209	1	0	8210
5144	8210	0	0	8210
5145	8209	1	0	8210
5146	8210	0	0	8210
5147	8209	1	0	8210
5148	8210	0	0	8210
5149	8209	1	0	8210
5150	8210	0	0	8210
5151	8210	0	0	8210
5152	8210	0	0	8210
5153	8210	0	0	8210
5154	8210	0	0	8210
5155	8210	0	0	8210
5156	8210	0	0	8210
5157	8209	1	0	8210
5158	8210	0	0	8210
5159	8209	1	0	8210
5160	8210	0	0	8210
5161	8210	0	0	8210
5162	8204	6	0	8210
5163	8209	1	0	8210
5164	8209	1	0	8210
5165	8210	0	0	8210
5166	8210	0	0	8210
5167	8210	0	0	8210
5168	8210	0	0	8210
5169	8210	0	0	8210
5170	8210	0	0	8210
5171	8210	0	0	8210
5172	8210	0	0	8210
5173	8210	0	0	8210
5174	8210	0	0	8210
5175	8210	0	0	8210
5176	8210	0	0	8210
5177	8210	0	0	8210
5178	8210	0	0	8210
5179	8210	0	0	8210
5180	8210	0	0	8210
5181	8210	0	0	8210
5182	8210	0	0	8210
5183	8209	1	0	8210
5184	8210	0	0	8210
5185	8210	0	0	8210
5186	7470	740	0	8210
5187	8210	0	0	8210
5188	8210	0	0	8210
5189	8073	137	0	8210
5190	8210	0	0	8210
5191	8210	0	0	8210
5192	8209	1	0	8210
5193	8210	0	0	8210
5194	8210	0	0	8210
5195	8209	1	0	8210
5196	8210	0	0	8210
5197	8209	1	0	8210
5198	8210	0	0	8210
5199	8210	0	0	8210
5200	8210	0	0	8210
5201	8210	0	0	8210
5202	8210	0	0	8210
5203	8210	0	0	8210
5204	8210	0	0	8210
5205	8209	1	0	8210
5206	8210	0	0	8210
5207	8077	133	0	8210
5208	8209	1	0	8210
5209	8203	7	0	8210
5210	8209	1	0	8210
5211	8209	1	0	8210
5212	8210	0	0	8210
5213	8210	0	0	8210
5214	8210	0	0	8210
5215	8210	0	0	8210
5216	8210	0	0	8210
5217	8210	0	0	8210
5218	8210	0	0	8210
5219	8210	0	0	8210
5220	8210	0	0	8210
5221	8209	1	0	8210
5222	8150	60	0	8210
5223	8210	0	0	8210
5224	8210	0	0	8210
5225	8208	2	0	8210
5226	8210	0	0	8210
5227	8210	0	0	8210
5228	8207	3	0	8210
5229	8209	1	0	8210
5230	8210	0	0	8210
5231	8207	3	0	8210
5232	8210	0	0	8210
5233	8210	0	0	8210
5234	8210	0	0	8210
5235	8210	0	0	8210
5236	8210	0	0	8210
5237	8210	0	0	8210
5238	8210	0	0	8210
5239	8209	1	0	8210
5240	8210	0	0	8210
5241	7479	731	0	8210
5242	8210	0	0	8210
5243	8210	0	0	8210
5244	8210	0	0	8210
5245	8210	0	0	8210
5246	8210	0	0	8210
5247	8209	1	0	8210
5248	8045	165	0	8210
5249	3550	4660	0	8210
5250	8210	0	0	8210
5251	8210	0	0	8210
5252	8210	0	0	8210
5253	8210	0	0	8210
5254	8210	0	0	8210
5255	8210	0	0	8210
5256	8210	0	0	8210
5257	8209	1	0	8210
5258	8210	0	0	8210
5259	8210	0	0	8210
5260	8210	0	0	8210
5261	7944	266	0	8210
5262	8210	0	0	8210
5263	8210	0	0	8210
5264	8210	0	0	8210
5265	8210	0	0	8210
5266	8210	0	0	8210
5267	6469	1741	0	8210
5268	8210	0	0	8210
5269	8210	0	0	8210
5270	8210	0	0	8210
5271	8210	0	0	8210
5272	8210	0	0	8210
5273	8210	0	0	8210
5274	8210	0	0	8210
5275	8210	0	0	8210
5276	8210	0	0	8210
5277	8210	0	0	8210
5278	8210	0	0	8210
5279	8210	0	0	8210
5280	8210	0	0	8210
5281	8210	0	0	8210
5282	8210	0	0	8210
5283	8210	0	0	8210
5284	8210	0	0	8210
5285	8210	0	0	8210
5286	8210	0	0	8210
5287	8210	0	0	8210
5288	8210	0	0	8210
5289	8210	0	0	8210
5290	8210	0	0	8210
5291	7692	518	0	8210
5292	8209	1	0	8210
5293	8210	0	0	8210
5294	292	7918	0	8210
5295	8210	0	0	8210
5296	8210	0	0	8210
5297	8209	1	0	8210
5298	8210	0	0	8210
5299	8210	0	0	8210
5300	8210	0	0	8210
5301	8210	0	0	8210
5302	8210	0	0	8210
5303	8210	0	0	8210
5304	8210	0	0	8210
5305	8210	0	0	8210
5306	8209	1	0	8210
5307	8210	0	0	8210
5308	8210	0	0	8210
5309	8210	0	0	8210
5310	8210	0	0	8210
5311	8210	0	0	8210
5312	8210	0	0	8210
5313	8210	0	0	8210
5314	8209	1	0	8210
5315	8210	0	0	8210
5316	8210	0	0	8210
5317	8209	1	0	8210
5318	8210	0	0	8210
5319	8210	0	0	8210
5320	8210	0	0	8210
5321	6266	1944	0	8210
5322	8210	0	0	8210
5323	8210	0	0	8210
5324	8210	0	0	8210
5325	8210	0	0	8210
5326	8210	0	0	8210
5327	8162	48	0	8210
5328	8210	0	0	8210
5329	8209	1	0	8210
5330	8210	0	0	8210
5331	8210	0	0	8210
5332	8210	0	0	8210
5333	8210	0	0	8210
5334	8210	0	0	8210
5335	8210	0	0	8210
5336	8210	0	0	8210
5337	7820	390	0	8210
5338	8210	0	0	8210
5339	8210	0	0	8210
5340	8210	0	0	8210
5341	8210	0	0	8210
5342	8210	0	0	8210
5343	8210	0	0	8210
5344	8209	1	0	8210
5345	8210	0	0	8210
5346	8210	0	0	8210
5347	8195	15	0	8210
5348	8210	0	0	8210
5349	8209	1	0	8210
5350	8210	0	0	8210
5351	8210	0	0	8210
5352	8210	0	0	8210
5353	8210	0	0	8210
5354	8210	0	0	8210
5355	8210	0	0	8210
5356	8210	0	0	8210
5357	8210	0	0	8210
5358	8210	0	0	8210
5359	8210	0	0	8210
5360	8209	1	0	8210
5361	8209	1	0	8210
5362	8210	0	0	8210
5363	8210	0	0	8210
5364	8210	0	0	8210
5365	8210	0	0	8210
5366	4889	3321	0	8210
5367	8208	2	0	8210
5368	8210	0	0	8210
5369	8210	0	0	8210
5370	8210	0	0	8210
5371	8210	0	0	8210
5372	8210	0	0	8210
5373	8205	5	0	8210
5374	8210	0	0	8210
5375	8210	0	0	8210
5376	8210	0	0	8210
5377	8210	0	0	8210
5378	8210	0	0	8210
5379	8210	0	0	8210
5380	8210	0	0	8210
5381	8210	0	0	8210
5382	8210	0	0	8210
5383	8210	0	0	8210
5384	8207	3	0	8210
5385	8210	0	0	8210
5386	8210	0	0	8210
5387	8210	0	0	8210
5388	8210	0	0	8210
5389	8210	0	0	8210
5390	8210	0	0	8210
5391	8210	0	0	8210
5392	8210	0	0	8210
5393	8210	0	0	8210
5394	8210	0	0	8210
5395	8210	0	0	8210
5396	8183	27	0	8210
5397	8209	1	0	8210
5398	8210	0	0	8210
5399	8208	2	0	8210
5400	8210	0	0	8210
5401	8210	0	0	8210
5402	8210	0	0	8210
5403	8210	0	0	8210
5404	8210	0	0	8210
5405	8208	2	0	8210
5406	8208	2	0	8210
5407	8210	0	0	8210
5408	8210	0	0	8210
5409	8210	0	0	8210
5410	8210	0	0	8210
5411	8200	10	0	8210
5412	8210	0	0	8210
5413	8210	0	0	8210
5414	8210	0	0	8210
5415	8210	0	0	8210
5416	8210	0	0	8210
5417	8210	0	0	8210
5418	8209	1	0	8210
5419	8210	0	0	8210
5420	8209	1	0	8210
5421	8210	0	0	8210
5422	8210	0	0	8210
5423	8210	0	0	8210
5424	8210	0	0	8210
5425	8210	0	0	8210
5426	8182	28	0	8210
5427	8210	0	0	8210
5428	8210	0	0	8210
5429	8210	0	0	8210
5430	8210	0	0	8210
5431	8187	23	0	8210
5432	8210	0	0	8210
5433	8210	0	0	8210
5434	8210	0	0	8210
5435	8209	1	0	8210
5436	8210	0	0	8210
5437	8210	0	0	8210
5438	8210	0	0	8210
5439	8209	1	0	8210
5440	8210	0	0	8210
5441	8209	1	0	8210
5442	8210	0	0	8210
5443	8210	0	0	8210
5444	8210	0	0	8210
5445	8210	0	0	8210
5446	8210	0	0	8210
5447	8210	0	0	8210
5448	8210	0	0	8210
5449	8210	0	0	8210
5450	627	7583	0	8210
5451	7974	236	0	8210
5452	8210	0	0	8210
5453	8210	0	0	8210
5454	8210	0	0	8210
5455	8210	0	0	8210
5456	8209	1	0	8210
5457	8205	5	0	8210
5458	8210	0	0	8210
5459	8210	0	0	8210
5460	8210	0	0	8210
5461	8210	0	0	8210
5462	8210	0	0	8210
5463	8210	0	0	8210
5464	8209	1	0	8210
5465	8210	0	0	8210
5466	8210	0	0	8210
5467	8210	0	0	8210
5468	8209	1	0	8210
5469	8210	0	0	8210
5470	8210	0	0	8210
5471	8210	0	0	8210
5472	8210	0	0	8210
5473	8210	0	0	8210
5474	8210	0	0	8210
5475	8210	0	0	8210
5476	8210	0	0	8210
5477	8209	1	0	8210
5478	8210	0	0	8210
5479	8210	0	0	8210
5480	8210	0	0	8210
5481	8208	2	0	8210
5482	8210	0	0	8210
5483	8210	0	0	8210
5484	8210	0	0	8210
5485	8210	0	0	8210
5486	8210	0	0	8210
5487	8210	0	0	8210
5488	8210	0	0	8210
5489	8210	0	0	8210
5490	8210	0	0	8210
5491	8208	2	0	8210
5492	8210	0	0	8210
5493	8210	0	0	8210
5494	8210	0	0	8210
5495	8210	0	0	8210
5496	8210	0	0	8210
5497	8210	0	0	8210
5498	8210	0	0	8210
5499	8210	0	0	8210
5500	8210	0	0	8210
5501	8210	0	0	8210
5502	8210	0	0	8210
5503	8209	1	0	8210
5504	8205	5	0	8210
5505	8210	0	0	8210
5506	8210	0	0	8210
5507	8210	0	0	8210
5508	8210	0	0	8210
5509	8210	0	0	8210
5510	8210	0	0	8210
5511	8210	0	0	8210
5512	8210	0	0	8210
5513	7653	557	0	8210
5514	8210	0	0	8210
5515	8209	1	0	8210
5516	8210	0	0	8210
5517	8210	0	0	8210
5518	8210	0	0	8210
5519	568	7641	1	8210
5520	8210	0	0	8210
5521	8210	0	0	8210
5522	8177	33	0	8210
5523	8210	0	0	8210
5524	8210	0	0	8210
5525	8210	0	0	8210
5526	8210	0	0	8210
5527	8210	0	0	8210
5528	8210	0	0	8210
5529	8210	0	0	8210
5530	8210	0	0	8210
5531	8085	125	0	8210
5532	8210	0	0	8210
5533	8210	0	0	8210
5534	8210	0	0	8210
5535	8210	0	0	8210
5536	8210	0	0	8210
5537	8210	0	0	8210
5538	8210	0	0	8210
5539	8210	0	0	8210
5540	8210	0	0	8210
5541	8210	0	0	8210
5542	8210	0	0	8210
5543	8210	0	0	8210
5544	8210	0	0	8210
5545	8210	0	0	8210
5546	8209	0	1	8210
5547	8206	4	0	8210
5548	8210	0	0	8210
5549	8210	0	0	8210
5550	8210	0	0	8210
5551	8210	0	0	8210
5552	7544	666	0	8210
5553	8210	0	0	8210
5554	8208	2	0	8210
5555	8209	1	0	8210
5556	8208	2	0	8210
5557	7998	0	212	8210
5558	7998	0	212	8210
5559	7998	0	212	8210
5560	8210	0	0	8210
5561	8210	0	0	8210
5562	8210	0	0	8210
5563	8210	0	0	8210
5564	8210	0	0	8210
5565	7975	6	229	8210
5566	7976	0	234	8210
5567	7975	0	235	8210
5568	7543	661	6	8210
5569	8201	8	1	8210
5570	8201	9	0	8210
5571	8210	0	0	8210
5572	8210	0	0	8210
5573	8129	81	0	8210
5574	8210	0	0	8210
5575	8210	0	0	8210
5576	8210	0	0	8210
5577	8209	1	0	8210
5578	8210	0	0	8210
5579	8193	17	0	8210
5580	8209	1	0	8210
5581	8210	0	0	8210
5582	8210	0	0	8210
5583	8210	0	0	8210
5584	8210	0	0	8210
5585	8210	0	0	8210
5586	8210	0	0	8210
5587	8210	0	0	8210
5588	8210	0	0	8210
5589	8209	1	0	8210
5590	8208	2	0	8210
5591	8210	0	0	8210
5592	8210	0	0	8210
5593	8210	0	0	8210
5594	8210	0	0	8210
5595	8210	0	0	8210
5596	8210	0	0	8210
5597	8210	0	0	8210
5598	8210	0	0	8210
5599	8210	0	0	8210
5600	8209	1	0	8210
5601	8210	0	0	8210
5602	8210	0	0	8210
5603	8210	0	0	8210
5604	8210	0	0	8210
5605	8210	0	0	8210
5606	8210	0	0	8210
5607	8210	0	0	8210
5608	8210	0	0	8210
5609	8210	0	0	8210
5610	8210	0	0	8210
5611	8210	0	0	8210
5612	8210	0	0	8210
5613	8210	0	0	8210
5614	8210	0	0	8210
5615	8210	0	0	8210
5616	8210	0	0	8210
5617	8210	0	0	8210
5618	8208	2	0	8210
5619	8210	0	0	8210
5620	8210	0	0	8210
5621	8210	0	0	8210
5622	8210	0	0	8210
5623	8210	0	0	8210
5624	8210	0	0	8210
5625	8210	0	0	8210
5626	8210	0	0	8210
5627	8210	0	0	8210
5628	8210	0	0	8210
5629	8207	3	0	8210
5630	8201	9	0	8210
5631	8210	0	0	8210
5632	8210	0	0	8210
5633	8209	1	0	8210
5634	8202	8	0	8210
5635	8210	0	0	8210
5636	8210	0	0	8210
5637	8210	0	0	8210
5638	8209	1	0	8210
5639	8210	0	0	8210
5640	8210	0	0	8210
5641	8210	0	0	8210
5642	8210	0	0	8210
5643	8210	0	0	8210
5644	8209	1	0	8210
5645	8210	0	0	8210
5646	8210	0	0	8210
5647	8209	1	0	8210
5648	8210	0	0	8210
5649	8210	0	0	8210
5650	8210	0	0	8210
5651	8210	0	0	8210
5652	8208	2	0	8210
5653	8210	0	0	8210
5654	8207	3	0	8210
5655	8210	0	0	8210
5656	8210	0	0	8210
5657	8210	0	0	8210
5658	8210	0	0	8210
5659	8210	0	0	8210
5660	8210	0	0	8210
5661	8210	0	0	8210
5662	8210	0	0	8210
5663	8055	155	0	8210
5664	8210	0	0	8210
5665	8209	1	0	8210
5666	8210	0	0	8210
5667	8210	0	0	8210
5668	8210	0	0	8210
5669	8103	107	0	8210
5670	8210	0	0	8210
5671	8210	0	0	8210
5672	8210	0	0	8210
5673	8209	1	0	8210
5674	8210	0	0	8210
5675	8210	0	0	8210
5676	8210	0	0	8210
5677	8210	0	0	8210
5678	8210	0	0	8210
5679	8210	0	0	8210
5680	8206	4	0	8210
5681	8210	0	0	8210
5682	8210	0	0	8210
5683	8210	0	0	8210
5684	8209	1	0	8210
5685	8208	2	0	8210
5686	8210	0	0	8210
5687	8210	0	0	8210
5688	8209	1	0	8210
5689	8210	0	0	8210
5690	8210	0	0	8210
5691	8210	0	0	8210
5692	8085	125	0	8210
5693	8210	0	0	8210
5694	8210	0	0	8210
5695	8204	6	0	8210
5696	8210	0	0	8210
5697	8210	0	0	8210
5698	8210	0	0	8210
5699	8210	0	0	8210
5700	8210	0	0	8210
5701	8210	0	0	8210
5702	8210	0	0	8210
5703	8210	0	0	8210
5704	8209	1	0	8210
5705	8210	0	0	8210
5706	8210	0	0	8210
5707	8210	0	0	8210
5708	8209	1	0	8210
5709	8210	0	0	8210
5710	8210	0	0	8210
5711	8210	0	0	8210
5712	8210	0	0	8210
5713	8210	0	0	8210
5714	8177	33	0	8210
5715	8210	0	0	8210
5716	8209	1	0	8210
5717	8210	0	0	8210
5718	8210	0	0	8210
5719	8210	0	0	8210
5720	8207	3	0	8210
5721	8207	3	0	8210
5722	8208	2	0	8210
5723	8210	0	0	8210
5724	8210	0	0	8210
5725	7125	1085	0	8210
5726	8210	0	0	8210
5727	8210	0	0	8210
5728	7555	655	0	8210
5729	8210	0	0	8210
5730	8210	0	0	8210
5731	8210	0	0	8210
5732	8210	0	0	8210
5733	8210	0	0	8210
5734	8210	0	0	8210
5735	8209	1	0	8210
5736	8209	1	0	8210
5737	8207	3	0	8210
5738	8210	0	0	8210
5739	8210	0	0	8210
5740	8210	0	0	8210
5741	8198	12	0	8210
5742	8210	0	0	8210
5743	8178	32	0	8210
5744	8210	0	0	8210
5745	8210	0	0	8210
5746	8210	0	0	8210
5747	8210	0	0	8210
5748	8210	0	0	8210
5749	8210	0	0	8210
5750	8184	26	0	8210
5751	8210	0	0	8210
5752	8210	0	0	8210
5753	8210	0	0	8210
5754	8210	0	0	8210
5755	8210	0	0	8210
5756	8210	0	0	8210
5757	8210	0	0	8210
5758	8210	0	0	8210
5759	8210	0	0	8210
5760	8210	0	0	8210
5761	8210	0	0	8210
5762	8210	0	0	8210
5763	8210	0	0	8210
5764	8207	3	0	8210
5765	8210	0	0	8210
5766	8208	2	0	8210
5767	8210	0	0	8210
5768	8170	40	0	8210
5769	8210	0	0	8210
5770	8210	0	0	8210
5771	8210	0	0	8210
5772	8202	8	0	8210
5773	8210	0	0	8210
5774	8208	2	0	8210
5775	8210	0	0	8210
5776	8209	1	0	8210
5777	8202	8	0	8210
5778	8210	0	0	8210
5779	8210	0	0	8210
5780	8208	2	0	8210
5781	8181	29	0	8210
5782	8210	0	0	8210
5783	8210	0	0	8210
5784	8210	0	0	8210
5785	8210	0	0	8210
5786	8210	0	0	8210
5787	8210	0	0	8210
5788	8210	0	0	8210
5789	8209	1	0	8210
5790	8210	0	0	8210
5791	8210	0	0	8210
5792	8087	123	0	8210
5793	8210	0	0	8210
5794	8210	0	0	8210
5795	8210	0	0	8210
5796	8210	0	0	8210
5797	8210	0	0	8210
5798	8209	1	0	8210
5799	8208	2	0	8210
5800	8205	5	0	8210
5801	8210	0	0	8210
5802	8210	0	0	8210
5803	8210	0	0	8210
5804	8210	0	0	8210
5805	8210	0	0	8210
5806	8209	1	0	8210
5807	8210	0	0	8210
5808	8210	0	0	8210
5809	8210	0	0	8210
5810	8210	0	0	8210
5811	8210	0	0	8210
5812	6970	1240	0	8210
5813	8210	0	0	8210
5814	8210	0	0	8210
5815	8210	0	0	8210
5816	8210	0	0	8210
5817	8207	3	0	8210
5818	8209	1	0	8210
5819	8210	0	0	8210
5820	8210	0	0	8210
5821	8209	1	0	8210
5822	8210	0	0	8210
5823	8201	9	0	8210
5824	8210	0	0	8210
5825	8196	14	0	8210
5826	8210	0	0	8210
5827	8210	0	0	8210
5828	8210	0	0	8210
5829	7026	1184	0	8210
5830	8210	0	0	8210
5831	8207	3	0	8210
5832	8209	1	0	8210
5833	8210	0	0	8210
5834	8206	4	0	8210
5835	8209	1	0	8210
5836	8210	0	0	8210
5837	8210	0	0	8210
5838	8209	1	0	8210
5839	8210	0	0	8210
5840	8210	0	0	8210
5841	8210	0	0	8210
5842	8210	0	0	8210
5843	8209	1	0	8210
5844	8210	0	0	8210
5845	8210	0	0	8210
5846	8208	2	0	8210
5847	8210	0	0	8210
5848	8210	0	0	8210
5849	8210	0	0	8210
5850	8210	0	0	8210
5851	8210	0	0	8210
5852	8210	0	0	8210
5853	8210	0	0	8210
5854	8210	0	0	8210
5855	8210	0	0	8210
5856	8208	2	0	8210
5857	8210	0	0	8210
5858	8210	0	0	8210
5859	8210	0	0	8210
5860	8209	1	0	8210
5861	8210	0	0	8210
5862	8210	0	0	8210
5863	8210	0	0	8210
5864	8209	1	0	8210
5865	8210	0	0	8210
5866	8210	0	0	8210
5867	8210	0	0	8210
5868	8163	47	0	8210
5869	8210	0	0	8210
5870	8210	0	0	8210
5871	8210	0	0	8210
5872	8209	1	0	8210
5873	7549	661	0	8210
5874	8210	0	0	8210
5875	8210	0	0	8210
5876	8210	0	0	8210
5877	8210	0	0	8210
5878	8210	0	0	8210
5879	8210	0	0	8210
5880	8210	0	0	8210
5881	8210	0	0	8210
5882	8210	0	0	8210
5883	8210	0	0	8210
5884	8210	0	0	8210
5885	8210	0	0	8210
5886	8209	1	0	8210
5887	8210	0	0	8210
5888	8210	0	0	8210
5889	8210	0	0	8210
5890	8209	1	0	8210
5891	8210	0	0	8210
5892	8210	0	0	8210
5893	8210	0	0	8210
5894	8210	0	0	8210
5895	8210	0	0	8210
5896	8210	0	0	8210
5897	8210	0	0	8210
5898	8210	0	0	8210
5899	8210	0	0	8210
5900	8210	0	0	8210
5901	8210	0	0	8210
5902	8202	8	0	8210
5903	8210	0	0	8210
5904	8210	0	0	8210
5905	8209	1	0	8210
5906	8209	1	0	8210
5907	8210	0	0	8210
5908	8210	0	0	8210
5909	8210	0	0	8210
5910	8210	0	0	8210
5911	8210	0	0	8210
5912	8169	41	0	8210
5913	8210	0	0	8210
5914	8210	0	0	8210
5915	8210	0	0	8210
5916	8210	0	0	8210
5917	8210	0	0	8210
5918	8210	0	0	8210
5919	8210	0	0	8210
5920	8210	0	0	8210
5921	8210	0	0	8210
5922	8210	0	0	8210
5923	8209	1	0	8210
5924	8210	0	0	8210
5925	8210	0	0	8210
5926	8210	0	0	8210
5927	8210	0	0	8210
5928	8210	0	0	8210
5929	8210	0	0	8210
5930	8210	0	0	8210
5931	8210	0	0	8210
5932	8210	0	0	8210
5933	8210	0	0	8210
5934	8210	0	0	8210
5935	8179	31	0	8210
5936	8210	0	0	8210
5937	8210	0	0	8210
5938	8210	0	0	8210
5939	8210	0	0	8210
5940	8210	0	0	8210
5941	8210	0	0	8210
5942	5692	2518	0	8210
5943	8210	0	0	8210
5944	8210	0	0	8210
5945	8210	0	0	8210
5946	8210	0	0	8210
5947	8210	0	0	8210
5948	8210	0	0	8210
5949	8210	0	0	8210
5950	8210	0	0	8210
5951	8210	0	0	8210
5952	8210	0	0	8210
5953	8210	0	0	8210
5954	8206	4	0	8210
5955	8209	1	0	8210
5956	8210	0	0	8210
5957	8210	0	0	8210
5958	8210	0	0	8210
5959	8210	0	0	8210
5960	8210	0	0	8210
5961	8210	0	0	8210
5962	8210	0	0	8210
5963	8210	0	0	8210
5964	8210	0	0	8210
5965	8207	3	0	8210
5966	8208	2	0	8210
5967	8210	0	0	8210
5968	8210	0	0	8210
5969	8210	0	0	8210
5970	8210	0	0	8210
5971	8210	0	0	8210
5972	8210	0	0	8210
5973	8210	0	0	8210
5974	8210	0	0	8210
5975	8210	0	0	8210
5976	8208	2	0	8210
5977	8209	1	0	8210
5978	8210	0	0	8210
5979	8209	1	0	8210
5980	8210	0	0	8210
5981	8210	0	0	8210
5982	8209	1	0	8210
5983	8209	1	0	8210
5984	8210	0	0	8210
5985	8178	32	0	8210
5986	8210	0	0	8210
5987	8210	0	0	8210
5988	8210	0	0	8210
5989	6832	1378	0	8210
5990	8210	0	0	8210
5991	8210	0	0	8210
5992	8210	0	0	8210
5993	8210	0	0	8210
5994	8183	27	0	8210
5995	8210	0	0	8210
5996	8210	0	0	8210
5997	8210	0	0	8210
5998	8209	1	0	8210
5999	8210	0	0	8210
6000	8210	0	0	8210
6001	8210	0	0	8210
6002	8210	0	0	8210
6003	8210	0	0	8210
6004	8208	2	0	8210
6005	8210	0	0	8210
6006	8210	0	0	8210
6007	8210	0	0	8210
6008	6789	1421	0	8210
6009	8210	0	0	8210
6010	8210	0	0	8210
6011	8210	0	0	8210
6012	8210	0	0	8210
6013	8210	0	0	8210
6014	8210	0	0	8210
6015	8210	0	0	8210
6016	8210	0	0	8210
6017	8210	0	0	8210
6018	8210	0	0	8210
6019	8209	1	0	8210
6020	8210	0	0	8210
6021	8209	1	0	8210
6022	8210	0	0	8210
6023	8210	0	0	8210
6024	8210	0	0	8210
6025	8210	0	0	8210
6026	8210	0	0	8210
6027	8210	0	0	8210
6028	8210	0	0	8210
6029	8210	0	0	8210
6030	8210	0	0	8210
6031	8210	0	0	8210
6032	8138	72	0	8210
6033	8210	0	0	8210
6034	8210	0	0	8210
6035	8210	0	0	8210
6036	8210	0	0	8210
6037	8210	0	0	8210
6038	8210	0	0	8210
6039	8207	3	0	8210
6040	8209	1	0	8210
6041	8210	0	0	8210
6042	8210	0	0	8210
6043	8210	0	0	8210
6044	8210	0	0	8210
6045	8210	0	0	8210
6046	8210	0	0	8210
6047	8201	9	0	8210
6048	8210	0	0	8210
6049	8210	0	0	8210
6050	8210	0	0	8210
6051	8210	0	0	8210
6052	8210	0	0	8210
6053	8210	0	0	8210
6054	8210	0	0	8210
6055	8207	3	0	8210
6056	8210	0	0	8210
6057	8210	0	0	8210
6058	8210	0	0	8210
6059	8210	0	0	8210
6060	8210	0	0	8210
6061	8210	0	0	8210
6062	8209	1	0	8210
6063	8210	0	0	8210
6064	8210	0	0	8210
6065	8210	0	0	8210
6066	8210	0	0	8210
6067	8210	0	0	8210
6068	8210	0	0	8210
6069	8210	0	0	8210
6070	8210	0	0	8210
6071	8210	0	0	8210
6072	8210	0	0	8210
6073	8210	0	0	8210
6074	8210	0	0	8210
6075	8209	1	0	8210
6076	8210	0	0	8210
6077	8197	13	0	8210
6078	8210	0	0	8210
6079	8210	0	0	8210
6080	8210	0	0	8210
6081	8210	0	0	8210
6082	8208	2	0	8210
6083	8210	0	0	8210
6084	8210	0	0	8210
6085	8210	0	0	8210
6086	8209	1	0	8210
6087	8210	0	0	8210
6088	8210	0	0	8210
6089	8210	0	0	8210
6090	8210	0	0	8210
6091	8210	0	0	8210
6092	8210	0	0	8210
6093	8210	0	0	8210
6094	8210	0	0	8210
6095	8210	0	0	8210
6096	8210	0	0	8210
6097	8210	0	0	8210
6098	8210	0	0	8210
6099	8210	0	0	8210
6100	8210	0	0	8210
6101	8210	0	0	8210
6102	8028	182	0	8210
6103	8210	0	0	8210
6104	8210	0	0	8210
6105	8210	0	0	8210
6106	8210	0	0	8210
6107	8210	0	0	8210
6108	8206	4	0	8210
6109	8210	0	0	8210
6110	8209	1	0	8210
6111	8209	1	0	8210
6112	8207	3	0	8210
6113	8210	0	0	8210
6114	8210	0	0	8210
6115	8210	0	0	8210
6116	8210	0	0	8210
6117	8210	0	0	8210
6118	8210	0	0	8210
6119	8210	0	0	8210
6120	8210	0	0	8210
6121	8210	0	0	8210
6122	8210	0	0	8210
6123	8210	0	0	8210
6124	8210	0	0	8210
6125	8210	0	0	8210
6126	8210	0	0	8210
6127	7807	403	0	8210
6128	8205	5	0	8210
6129	8210	0	0	8210
6130	8210	0	0	8210
6131	8210	0	0	8210
6132	8210	0	0	8210
6133	8210	0	0	8210
6134	8210	0	0	8210
6135	8210	0	0	8210
6136	8210	0	0	8210
6137	277	7933	0	8210
6138	8209	1	0	8210
6139	8210	0	0	8210
6140	8209	1	0	8210
6141	8210	0	0	8210
6142	8210	0	0	8210
6143	8209	1	0	8210
6144	8208	2	0	8210
6145	8210	0	0	8210
6146	8210	0	0	8210
6147	8210	0	0	8210
6148	8209	1	0	8210
6149	8210	0	0	8210
6150	8210	0	0	8210
6151	8210	0	0	8210
6152	8210	0	0	8210
6153	8210	0	0	8210
6154	8209	1	0	8210
6155	8209	1	0	8210
6156	8210	0	0	8210
6157	8210	0	0	8210
6158	8210	0	0	8210
6159	8210	0	0	8210
6160	8210	0	0	8210
6161	8210	0	0	8210
6162	8210	0	0	8210
6163	8210	0	0	8210
6164	8210	0	0	8210
6165	8210	0	0	8210
6166	8210	0	0	8210
6167	8207	3	0	8210
6168	8210	0	0	8210
6169	8209	1	0	8210
6170	8210	0	0	8210
6171	8209	1	0	8210
6172	8199	11	0	8210
6173	8210	0	0	8210
6174	8210	0	0	8210
6175	8210	0	0	8210
6176	8210	0	0	8210
6177	8210	0	0	8210
6178	8210	0	0	8210
6179	8210	0	0	8210
6180	8210	0	0	8210
6181	8210	0	0	8210
6182	8205	5	0	8210
6183	8210	0	0	8210
6184	8210	0	0	8210
6185	8210	0	0	8210
6186	8210	0	0	8210
6187	8210	0	0	8210
6188	8210	0	0	8210
6189	8210	0	0	8210
6190	8210	0	0	8210
6191	8210	0	0	8210
6192	8210	0	0	8210
6193	8210	0	0	8210
6194	8209	1	0	8210
6195	8210	0	0	8210
6196	8210	0	0	8210
6197	8210	0	0	8210
6198	8210	0	0	8210
6199	8210	0	0	8210
6200	6782	1428	0	8210
6201	8210	0	0	8210
6202	8210	0	0	8210
6203	8200	0	10	8210
6204	8210	0	0	8210
6205	8210	0	0	8210
6206	8210	0	0	8210
6207	8210	0	0	8210
6208	8210	0	0	8210
6209	3841	4369	0	8210
6210	8208	2	0	8210
6211	8210	0	0	8210
6212	8210	0	0	8210
6213	8209	1	0	8210
6214	8194	16	0	8210
6215	8187	23	0	8210
6216	8210	0	0	8210
6217	8210	0	0	8210
6218	8210	0	0	8210
6219	8210	0	0	8210
6220	8210	0	0	8210
6221	8210	0	0	8210
6222	8210	0	0	8210
6223	8210	0	0	8210
6224	8210	0	0	8210
6225	8210	0	0	8210
6226	8210	0	0	8210
6227	8210	0	0	8210
6228	8210	0	0	8210
6229	8207	3	0	8210
6230	8179	31	0	8210
6231	8210	0	0	8210
6232	8209	1	0	8210
6233	8210	0	0	8210
6234	8210	0	0	8210
6235	8210	0	0	8210
6236	8210	0	0	8210
6237	8210	0	0	8210
6238	8210	0	0	8210
6239	8210	0	0	8210
6240	8210	0	0	8210
6241	8210	0	0	8210
6242	8210	0	0	8210
6243	8210	0	0	8210
6244	8204	6	0	8210
6245	8210	0	0	8210
6246	8179	31	0	8210
6247	8210	0	0	8210
6248	8210	0	0	8210
6249	8210	0	0	8210
6250	8209	1	0	8210
6251	8208	2	0	8210
6252	8208	2	0	8210
6253	8210	0	0	8210
6254	8210	0	0	8210
6255	8210	0	0	8210
6256	8210	0	0	8210
6257	8210	0	0	8210
6258	8210	0	0	8210
6259	8209	1	0	8210
6260	8210	0	0	8210
6261	8210	0	0	8210
6262	8210	0	0	8210
6263	8210	0	0	8210
6264	8210	0	0	8210
6265	8210	0	0	8210
6266	8210	0	0	8210
6267	8210	0	0	8210
6268	8210	0	0	8210
6269	8210	0	0	8210
6270	8210	0	0	8210
6271	8210	0	0	8210
6272	8210	0	0	8210
6273	8210	0	0	8210
6274	8210	0	0	8210
6275	8210	0	0	8210
6276	7667	543	0	8210
6277	8210	0	0	8210
6278	8210	0	0	8210
6279	8207	3	0	8210
6280	8210	0	0	8210
6281	8210	0	0	8210
6282	8210	0	0	8210
6283	8210	0	0	8210
6284	8209	1	0	8210
6285	8201	9	0	8210
6286	8210	0	0	8210
6287	8210	0	0	8210
6288	8210	0	0	8210
6289	8205	5	0	8210
6290	8210	0	0	8210
6291	8210	0	0	8210
6292	8210	0	0	8210
6293	8210	0	0	8210
6294	8207	3	0	8210
6295	8210	0	0	8210
6296	8210	0	0	8210
6297	8202	8	0	8210
6298	8210	0	0	8210
6299	8209	1	0	8210
6300	8210	0	0	8210
6301	8210	0	0	8210
6302	8210	0	0	8210
6303	8210	0	0	8210
6304	8210	0	0	8210
6305	8210	0	0	8210
6306	8210	0	0	8210
6307	8210	0	0	8210
6308	8210	0	0	8210
6309	8210	0	0	8210
6310	8210	0	0	8210
6311	8210	0	0	8210
6312	8210	0	0	8210
6313	7924	286	0	8210
6314	8209	1	0	8210
6315	8210	0	0	8210
6316	8210	0	0	8210
6317	8210	0	0	8210
6318	8210	0	0	8210
6319	8210	0	0	8210
6320	7288	922	0	8210
6321	8209	1	0	8210
6322	8210	0	0	8210
6323	8210	0	0	8210
6324	8210	0	0	8210
6325	8208	2	0	8210
6326	8208	2	0	8210
6327	7100	1110	0	8210
6328	8210	0	0	8210
6329	8193	17	0	8210
6330	8210	0	0	8210
6331	8210	0	0	8210
6332	8210	0	0	8210
6333	8210	0	0	8210
6334	8210	0	0	8210
6335	8210	0	0	8210
6336	8210	0	0	8210
6337	8194	16	0	8210
6338	8210	0	0	8210
6339	8210	0	0	8210
6340	8210	0	0	8210
6341	8210	0	0	8210
6342	8210	0	0	8210
6343	8209	1	0	8210
6344	8210	0	0	8210
6345	8210	0	0	8210
6346	8210	0	0	8210
6347	8210	0	0	8210
6348	1014	7196	0	8210
6349	8209	1	0	8210
6350	8210	0	0	8210
6351	8210	0	0	8210
6352	8210	0	0	8210
6353	8210	0	0	8210
6354	8210	0	0	8210
6355	8210	0	0	8210
6356	8210	0	0	8210
6357	8209	1	0	8210
6358	7624	586	0	8210
6359	7501	709	0	8210
6360	8210	0	0	8210
6361	8210	0	0	8210
6362	8210	0	0	8210
6363	7218	992	0	8210
6364	8045	165	0	8210
6365	8210	0	0	8210
6366	8209	1	0	8210
6367	8201	9	0	8210
6368	8210	0	0	8210
6369	4486	3720	4	8210
6370	8206	0	4	8210
6371	8206	0	4	8210
6372	8206	0	4	8210
6373	8210	0	0	8210
6374	4506	3704	0	8210
6375	8210	0	0	8210
6376	8210	0	0	8210
6377	8209	1	0	8210
6378	8207	0	3	8210
6379	8201	6	3	8210
6380	8207	0	3	8210
6381	8206	1	3	8210
6382	8210	0	0	8210
6383	8175	35	0	8210
6384	8210	0	0	8210
6385	7753	457	0	8210
6386	8210	0	0	8210
6387	8210	0	0	8210
6388	8210	0	0	8210
6389	8210	0	0	8210
6390	8210	0	0	8210
6391	8210	0	0	8210
6392	8210	0	0	8210
6393	8210	0	0	8210
6394	8210	0	0	8210
6395	8202	8	0	8210
6396	8210	0	0	8210
6397	8209	1	0	8210
6398	8202	8	0	8210
6399	8210	0	0	8210
6400	8175	35	0	8210
6401	8175	35	0	8210
6402	8195	15	0	8210
6403	8210	0	0	8210
6404	8210	0	0	8210
6405	8210	0	0	8210
6406	8210	0	0	8210
6407	3043	5167	0	8210
6408	8210	0	0	8210
6409	8210	0	0	8210
6410	8210	0	0	8210
6411	8210	0	0	8210
6412	8210	0	0	8210
6413	8210	0	0	8210
6414	8210	0	0	8210
6415	8210	0	0	8210
6416	8202	8	0	8210
6417	8210	0	0	8210
6418	8209	1	0	8210
6419	8183	27	0	8210
6420	8210	0	0	8210
6421	8209	1	0	8210
6422	8210	0	0	8210
6423	8210	0	0	8210
6424	8207	3	0	8210
6425	8210	0	0	8210
6426	6474	1736	0	8210
6427	6816	1394	0	8210
6428	8210	0	0	8210
6429	8210	0	0	8210
6430	8210	0	0	8210
6431	6474	1736	0	8210
6432	8210	0	0	8210
6433	8210	0	0	8210
6434	8210	0	0	8210
6435	8210	0	0	8210
6436	8210	0	0	8210
6437	8120	90	0	8210
6438	8210	0	0	8210
6439	8210	0	0	8210
6440	8087	123	0	8210
6441	6503	1707	0	8210
6442	8177	33	0	8210
6443	8196	14	0	8210
6444	8209	1	0	8210
6445	8210	0	0	8210
6446	8210	0	0	8210
6447	8210	0	0	8210
6448	8210	0	0	8210
6449	8210	0	0	8210
6450	8210	0	0	8210
6451	8210	0	0	8210
6452	8170	40	0	8210
6453	8210	0	0	8210
6454	8209	1	0	8210
6455	8153	57	0	8210
6456	8210	0	0	8210
6457	8210	0	0	8210
6458	8210	0	0	8210
6459	8210	0	0	8210
6460	8210	0	0	8210
6461	8210	0	0	8210
6462	8210	0	0	8210
6463	8210	0	0	8210
6464	8210	0	0	8210
6465	8209	1	0	8210
6466	8209	1	0	8210
6467	8210	0	0	8210
6468	8210	0	0	8210
6469	8210	0	0	8210
6470	8209	1	0	8210
6471	8210	0	0	8210
6472	8210	0	0	8210
6473	8210	0	0	8210
6474	8210	0	0	8210
6475	8210	0	0	8210
6476	8210	0	0	8210
6477	8210	0	0	8210
6478	8210	0	0	8210
6479	8210	0	0	8210
6480	8210	0	0	8210
6481	8210	0	0	8210
6482	8210	0	0	8210
6483	8210	0	0	8210
6484	8184	26	0	8210
6485	8210	0	0	8210
6486	8210	0	0	8210
6487	8210	0	0	8210
6488	8210	0	0	8210
6489	8210	0	0	8210
6490	8210	0	0	8210
6491	6776	1434	0	8210
6492	8210	0	0	8210
6493	8210	0	0	8210
6494	8209	1	0	8210
6495	8210	0	0	8210
6496	8210	0	0	8210
6497	8202	8	0	8210
6498	8210	0	0	8210
6499	8210	0	0	8210
6500	8209	1	0	8210
6501	8210	0	0	8210
6502	8173	37	0	8210
6503	8210	0	0	8210
6504	8210	0	0	8210
6505	8210	0	0	8210
6506	8210	0	0	8210
6507	8210	0	0	8210
6508	8210	0	0	8210
6509	8209	1	0	8210
6510	8210	0	0	8210
6511	8210	0	0	8210
6512	4540	3670	0	8210
6513	8210	0	0	8210
6514	8210	0	0	8210
6515	8210	0	0	8210
6516	8210	0	0	8210
6517	8210	0	0	8210
6518	8210	0	0	8210
6519	8210	0	0	8210
6520	8210	0	0	8210
6521	8210	0	0	8210
6522	8210	0	0	8210
6523	8209	1	0	8210
6524	8210	0	0	8210
6525	8210	0	0	8210
6526	7203	1007	0	8210
6527	8210	0	0	8210
6528	8210	0	0	8210
6529	8210	0	0	8210
6530	8210	0	0	8210
6531	8210	0	0	8210
6532	8210	0	0	8210
6533	8210	0	0	8210
6534	8210	0	0	8210
6535	8210	0	0	8210
6536	8210	0	0	8210
6537	8210	0	0	8210
6538	8201	9	0	8210
6539	8210	0	0	8210
6540	8210	0	0	8210
6541	8210	0	0	8210
6542	8205	5	0	8210
6543	8210	0	0	8210
6544	8210	0	0	8210
6545	8210	0	0	8210
6546	8209	1	0	8210
6547	8210	0	0	8210
6548	8210	0	0	8210
6549	8210	0	0	8210
6550	8209	1	0	8210
6551	8210	0	0	8210
6552	8085	125	0	8210
6553	8210	0	0	8210
6554	8210	0	0	8210
6555	8210	0	0	8210
6556	8182	28	0	8210
6557	8210	0	0	8210
6558	8210	0	0	8210
6559	8210	0	0	8210
6560	8210	0	0	8210
6561	8210	0	0	8210
6562	8210	0	0	8210
6563	8210	0	0	8210
6564	8209	1	0	8210
6565	8210	0	0	8210
6566	8210	0	0	8210
6567	8210	0	0	8210
6568	8210	0	0	8210
6569	8207	3	0	8210
6570	8210	0	0	8210
6571	8210	0	0	8210
6572	8210	0	0	8210
6573	8210	0	0	8210
6574	8210	0	0	8210
6575	8210	0	0	8210
6576	8210	0	0	8210
6577	8210	0	0	8210
6578	8210	0	0	8210
6579	8210	0	0	8210
6580	8210	0	0	8210
6581	8210	0	0	8210
6582	8210	0	0	8210
6583	8210	0	0	8210
6584	8210	0	0	8210
6585	8210	0	0	8210
6586	8210	0	0	8210
6587	8210	0	0	8210
6588	8195	15	0	8210
6589	8209	1	0	8210
6590	8210	0	0	8210
6591	8210	0	0	8210
6592	8210	0	0	8210
6593	8210	0	0	8210
6594	8210	0	0	8210
6595	8210	0	0	8210
6596	8210	0	0	8210
6597	8210	0	0	8210
6598	8210	0	0	8210
6599	8210	0	0	8210
6600	8210	0	0	8210
6601	8207	3	0	8210
6602	8209	1	0	8210
6603	8210	0	0	8210
6604	8210	0	0	8210
6605	8210	0	0	8210
6606	8202	8	0	8210
6607	8210	0	0	8210
6608	8200	10	0	8210
6609	8210	0	0	8210
6610	8210	0	0	8210
6611	8209	1	0	8210
6612	8210	0	0	8210
6613	8210	0	0	8210
6614	8210	0	0	8210
6615	8210	0	0	8210
6616	8210	0	0	8210
6617	8157	53	0	8210
6618	8210	0	0	8210
6619	8209	1	0	8210
6620	8210	0	0	8210
6621	8209	1	0	8210
6622	8210	0	0	8210
6623	8210	0	0	8210
6624	8210	0	0	8210
6625	8210	0	0	8210
6626	8210	0	0	8210
6627	8210	0	0	8210
6628	8209	1	0	8210
6629	8209	1	0	8210
6630	8210	0	0	8210
6631	8210	0	0	8210
6632	8210	0	0	8210
6633	8210	0	0	8210
6634	8210	0	0	8210
6635	8210	0	0	8210
6636	8210	0	0	8210
6637	8210	0	0	8210
6638	8209	1	0	8210
6639	8209	1	0	8210
6640	8210	0	0	8210
6641	8210	0	0	8210
6642	8210	0	0	8210
6643	8210	0	0	8210
6644	8209	1	0	8210
6645	8210	0	0	8210
6646	8209	0	1	8210
6647	8210	0	0	8210
6648	8210	0	0	8210
6649	8210	0	0	8210
6650	8210	0	0	8210
6651	8210	0	0	8210
6652	8210	0	0	8210
6653	8210	0	0	8210
6654	8210	0	0	8210
6655	8210	0	0	8210
6656	8207	3	0	8210
6657	8210	0	0	8210
6658	8210	0	0	8210
6659	6914	1296	0	8210
6660	8210	0	0	8210
6661	8203	7	0	8210
6662	8210	0	0	8210
6663	8210	0	0	8210
6664	8210	0	0	8210
6665	8210	0	0	8210
6666	8210	0	0	8210
6667	8210	0	0	8210
6668	8210	0	0	8210
6669	8210	0	0	8210
6670	8210	0	0	8210
6671	8210	0	0	8210
6672	8210	0	0	8210
6673	8210	0	0	8210
6674	8210	0	0	8210
6675	8210	0	0	8210
6676	8210	0	0	8210
6677	8210	0	0	8210
6678	8209	0	1	8210
6679	8210	0	0	8210
6680	8210	0	0	8210
6681	8210	0	0	8210
6682	8210	0	0	8210
6683	6913	1297	0	8210
6684	8210	0	0	8210
6685	8210	0	0	8210
6686	8202	8	0	8210
6687	8200	10	0	8210
6688	8210	0	0	8210
6689	8210	0	0	8210
6690	8210	0	0	8210
6691	8208	2	0	8210
6692	8210	0	0	8210
6693	8210	0	0	8210
6694	8210	0	0	8210
6695	8210	0	0	8210
6696	8208	2	0	8210
6697	8208	2	0	8210
6698	8210	0	0	8210
6699	8210	0	0	8210
6700	8210	0	0	8210
6701	8210	0	0	8210
6702	8210	0	0	8210
6703	8210	0	0	8210
6704	8210	0	0	8210
6705	8210	0	0	8210
6706	8210	0	0	8210
6707	8209	1	0	8210
6708	8210	0	0	8210
6709	8210	0	0	8210
6710	8210	0	0	8210
6711	8210	0	0	8210
6712	8210	0	0	8210
6713	8209	1	0	8210
6714	8210	0	0	8210
6715	8210	0	0	8210
6716	8209	1	0	8210
6717	8210	0	0	8210
6718	8210	0	0	8210
6719	8210	0	0	8210
6720	8210	0	0	8210
6721	8203	7	0	8210
6722	8210	0	0	8210
6723	8210	0	0	8210
6724	8210	0	0	8210
6725	8210	0	0	8210
6726	8204	6	0	8210
6727	8210	0	0	8210
6728	8210	0	0	8210
6729	8210	0	0	8210
6730	8210	0	0	8210
6731	8210	0	0	8210
6732	8209	1	0	8210
6733	8209	1	0	8210
6734	8210	0	0	8210
6735	8210	0	0	8210
6736	8210	0	0	8210
6737	8210	0	0	8210
6738	8210	0	0	8210
6739	8210	0	0	8210
6740	8208	2	0	8210
6741	8210	0	0	8210
6742	8209	1	0	8210
6743	8210	0	0	8210
6744	8210	0	0	8210
6745	8210	0	0	8210
6746	8209	1	0	8210
6747	8210	0	0	8210
6748	8210	0	0	8210
6749	8210	0	0	8210
6750	8210	0	0	8210
6751	8210	0	0	8210
6752	8210	0	0	8210
6753	8210	0	0	8210
6754	8210	0	0	8210
6755	8210	0	0	8210
6756	8210	0	0	8210
6757	8210	0	0	8210
6758	6295	1915	0	8210
6759	8210	0	0	8210
6760	8210	0	0	8210
6761	8210	0	0	8210
6762	8210	0	0	8210
6763	8210	0	0	8210
6764	7735	475	0	8210
6765	8210	0	0	8210
6766	8210	0	0	8210
6767	5645	2565	0	8210
6768	8210	0	0	8210
6769	8210	0	0	8210
6770	7961	249	0	8210
6771	8210	0	0	8210
6772	8210	0	0	8210
6773	118	8092	0	8210
6774	8210	0	0	8210
6775	8210	0	0	8210
6776	8209	1	0	8210
6777	8210	0	0	8210
6778	8209	1	0	8210
6779	8210	0	0	8210
6780	8210	0	0	8210
6781	8210	0	0	8210
6782	8210	0	0	8210
6783	8210	0	0	8210
6784	8210	0	0	8210
6785	8210	0	0	8210
6786	8210	0	0	8210
6787	8208	2	0	8210
6788	8210	0	0	8210
6789	8210	0	0	8210
6790	8209	1	0	8210
6791	8209	1	0	8210
6792	8208	2	0	8210
6793	8210	0	0	8210
6794	8210	0	0	8210
6795	8209	1	0	8210
6796	8210	0	0	8210
6797	8209	1	0	8210
6798	8210	0	0	8210
6799	8210	0	0	8210
6800	8210	0	0	8210
6801	8208	2	0	8210
6802	8209	1	0	8210
6803	8210	0	0	8210
6804	8210	0	0	8210
6805	8210	0	0	8210
6806	8209	1	0	8210
6807	8210	0	0	8210
6808	8210	0	0	8210
6809	8210	0	0	8210
6810	8210	0	0	8210
6811	8209	1	0	8210
6812	8210	0	0	8210
6813	8210	0	0	8210
6814	8210	0	0	8210
6815	8210	0	0	8210
6816	8210	0	0	8210
6817	8210	0	0	8210
6818	8210	0	0	8210
6819	8210	0	0	8210
6820	8210	0	0	8210
6821	8210	0	0	8210
6822	8210	0	0	8210
6823	8210	0	0	8210
6824	8210	0	0	8210
6825	8210	0	0	8210
6826	8210	0	0	8210
6827	8210	0	0	8210
6828	8210	0	0	8210
6829	8210	0	0	8210
6830	8210	0	0	8210
6831	8203	7	0	8210
6832	8210	0	0	8210
6833	8210	0	0	8210
6834	8210	0	0	8210
6835	8210	0	0	8210
6836	8208	2	0	8210
6837	8210	0	0	8210
6838	8210	0	0	8210
6839	8166	44	0	8210
6840	8210	0	0	8210
6841	8210	0	0	8210
6842	8210	0	0	8210
6843	8210	0	0	8210
6844	8209	1	0	8210
6845	8210	0	0	8210
6846	8210	0	0	8210
6847	8210	0	0	8210
6848	8210	0	0	8210
6849	8210	0	0	8210
6850	8210	0	0	8210
6851	8210	0	0	8210
6852	8210	0	0	8210
6853	8210	0	0	8210
6854	8209	1	0	8210
6855	8208	2	0	8210
6856	8199	11	0	8210
6857	3469	4741	0	8210
6858	8208	2	0	8210
6859	8210	0	0	8210
6860	8210	0	0	8210
6861	8210	0	0	8210
6862	8210	0	0	8210
6863	8210	0	0	8210
6864	8210	0	0	8210
6865	8210	0	0	8210
6866	8210	0	0	8210
6867	8210	0	0	8210
6868	8163	47	0	8210
6869	8210	0	0	8210
6870	8209	1	0	8210
6871	8210	0	0	8210
6872	8210	0	0	8210
6873	8210	0	0	8210
6874	8210	0	0	8210
6875	8210	0	0	8210
6876	8210	0	0	8210
6877	8210	0	0	8210
6878	8210	0	0	8210
6879	8209	1	0	8210
6880	8210	0	0	8210
6881	7737	473	0	8210
6882	8210	0	0	8210
6883	8210	0	0	8210
6884	8210	0	0	8210
6885	8210	0	0	8210
6886	8210	0	0	8210
6887	8210	0	0	8210
6888	8210	0	0	8210
6889	8209	1	0	8210
6890	8205	5	0	8210
6891	8210	0	0	8210
6892	8210	0	0	8210
6893	8210	0	0	8210
6894	8210	0	0	8210
6895	8210	0	0	8210
6896	8210	0	0	8210
6897	8210	0	0	8210
6898	8210	0	0	8210
6899	8210	0	0	8210
6900	8210	0	0	8210
6901	8210	0	0	8210
6902	6617	1593	0	8210
6903	8210	0	0	8210
6904	8210	0	0	8210
6905	8210	0	0	8210
6906	8210	0	0	8210
6907	8210	0	0	8210
6908	8210	0	0	8210
6909	8210	0	0	8210
6910	8210	0	0	8210
6911	8210	0	0	8210
6912	8210	0	0	8210
6913	8210	0	0	8210
6914	8210	0	0	8210
6915	8210	0	0	8210
6916	8210	0	0	8210
6917	8210	0	0	8210
6918	8210	0	0	8210
6919	8210	0	0	8210
6920	8210	0	0	8210
6921	8210	0	0	8210
6922	8210	0	0	8210
6923	8210	0	0	8210
6924	8210	0	0	8210
6925	8210	0	0	8210
6926	8210	0	0	8210
6927	8157	53	0	8210
6928	8210	0	0	8210
6929	8202	8	0	8210
6930	8210	0	0	8210
6931	8209	1	0	8210
6932	8202	8	0	8210
6933	8210	0	0	8210
6934	8210	0	0	8210
6935	8209	1	0	8210
6936	8210	0	0	8210
6937	8210	0	0	8210
6938	8059	151	0	8210
6939	8209	1	0	8210
6940	8209	1	0	8210
6941	8210	0	0	8210
6942	8210	0	0	8210
6943	8210	0	0	8210
6944	8210	0	0	8210
6945	8210	0	0	8210
6946	8210	0	0	8210
6947	8210	0	0	8210
6948	8210	0	0	8210
6949	8210	0	0	8210
6950	8210	0	0	8210
6951	8210	0	0	8210
6952	8210	0	0	8210
6953	8210	0	0	8210
6954	8210	0	0	8210
6955	8210	0	0	8210
6956	8210	0	0	8210
6957	8210	0	0	8210
6958	8209	1	0	8210
6959	8210	0	0	8210
6960	8207	3	0	8210
6961	8210	0	0	8210
6962	6543	1667	0	8210
6963	8210	0	0	8210
6964	8207	3	0	8210
6965	8210	0	0	8210
6966	8210	0	0	8210
6967	8210	0	0	8210
6968	8210	0	0	8210
6969	8189	21	0	8210
6970	8199	10	0	8209
6971	8209	0	0	8209
6972	8206	3	0	8209
6973	8209	0	0	8209
6974	8209	0	0	8209
6975	8209	0	0	8209
6976	8209	0	0	8209
6977	8209	0	0	8209
6978	8209	0	0	8209
6979	8209	0	0	8209
6980	8209	0	0	8209
6981	8209	0	0	8209
6982	8209	0	0	8209
6983	8209	0	0	8209
6984	8209	0	0	8209
6985	8208	1	0	8209
6986	7989	220	0	8209
6987	8209	0	0	8209
6988	8209	0	0	8209
6989	8209	0	0	8209
6990	8209	0	0	8209
6991	8209	0	0	8209
6992	8209	0	0	8209
6993	8209	0	0	8209
6994	8209	0	0	8209
6995	8209	0	0	8209
6996	8209	0	0	8209
6997	8209	0	0	8209
6998	8209	0	0	8209
6999	8209	0	0	8209
7000	8209	0	0	8209
7001	8209	0	0	8209
7002	8209	0	0	8209
7003	8209	0	0	8209
7004	8209	0	0	8209
7005	8209	0	0	8209
7006	8208	1	0	8209
7007	8207	2	0	8209
7008	8209	0	0	8209
7009	8209	0	0	8209
7010	8209	0	0	8209
7011	8209	0	0	8209
7012	8209	0	0	8209
7013	8209	0	0	8209
7014	8209	0	0	8209
7015	8209	0	0	8209
7016	8209	0	0	8209
7017	8209	0	0	8209
7018	8209	0	0	8209
7019	8209	0	0	8209
7020	8209	0	0	8209
7021	8209	0	0	8209
7022	8209	0	0	8209
7023	8209	0	0	8209
7024	8209	0	0	8209
7025	8209	0	0	8209
7026	8208	1	0	8209
7027	8209	0	0	8209
7028	8209	0	0	8209
7029	8209	0	0	8209
7030	8209	0	0	8209
7031	8209	0	0	8209
7032	8209	0	0	8209
7033	8209	0	0	8209
7034	8209	0	0	8209
7035	8209	0	0	8209
7036	8209	0	0	8209
7037	8209	0	0	8209
7038	8209	0	0	8209
7039	8209	0	0	8209
7040	8198	11	0	8209
7041	8201	8	0	8209
7042	8209	0	0	8209
7043	8209	0	0	8209
7044	8209	0	0	8209
7045	8209	0	0	8209
7046	8208	1	0	8209
7047	8209	0	0	8209
7048	8209	0	0	8209
7049	8209	0	0	8209
7050	8209	0	0	8209
7051	8209	0	0	8209
7052	8209	0	0	8209
7053	8209	0	0	8209
7054	8209	0	0	8209
7055	8209	0	0	8209
7056	8209	0	0	8209
7057	8209	0	0	8209
7058	8208	1	0	8209
7059	8209	0	0	8209
7060	8209	0	0	8209
7061	8209	0	0	8209
7062	8209	0	0	8209
7063	8209	0	0	8209
7064	8207	2	0	8209
7065	8209	0	0	8209
7066	8169	40	0	8209
7067	8209	0	0	8209
7068	8209	0	0	8209
7069	8208	1	0	8209
7070	7746	463	0	8209
7071	8209	0	0	8209
7072	8209	0	0	8209
7073	1236	6973	0	8209
7074	8209	0	0	8209
7075	8209	0	0	8209
7076	8209	0	0	8209
7077	8208	1	0	8209
7078	8209	0	0	8209
7079	7881	328	0	8209
7080	7578	631	0	8209
7081	8204	5	0	8209
7082	7997	212	0	8209
7083	8208	1	0	8209
7084	8209	0	0	8209
7085	8151	58	0	8209
7086	8209	0	0	8209
7087	8209	0	0	8209
7088	8209	0	0	8209
7089	8209	0	0	8209
7090	8209	0	0	8209
7091	8209	0	0	8209
7092	8208	1	0	8209
7093	8208	1	0	8209
7094	8202	7	0	8209
7095	8169	40	0	8209
7096	8207	2	0	8209
7097	7946	263	0	8209
7098	8209	0	0	8209
7099	8209	0	0	8209
7100	8208	1	0	8209
7101	8209	0	0	8209
7102	8209	0	0	8209
7103	888	7321	0	8209
7104	8209	0	0	8209
7105	8209	0	0	8209
7106	8209	0	0	8209
7107	8204	5	0	8209
7108	8186	23	0	8209
7109	8209	0	0	8209
7110	8209	0	0	8209
7111	8209	0	0	8209
7112	8209	0	0	8209
7113	8209	0	0	8209
7114	8209	0	0	8209
7115	8209	0	0	8209
7116	8209	0	0	8209
7117	8206	3	0	8209
7118	8207	2	0	8209
7119	8209	0	0	8209
7120	8207	2	0	8209
7121	4036	4173	0	8209
7122	8209	0	0	8209
7123	8209	0	0	8209
7124	8209	0	0	8209
7125	8209	0	0	8209
7126	8209	0	0	8209
7127	8209	0	0	8209
7128	8209	0	0	8209
7129	8209	0	0	8209
7130	8209	0	0	8209
7131	8205	4	0	8209
7132	8208	1	0	8209
7133	7734	475	0	8209
7134	8209	0	0	8209
7135	8209	0	0	8209
7136	8209	0	0	8209
7137	8209	0	0	8209
7138	8209	0	0	8209
7139	8161	48	0	8209
7140	8209	0	0	8209
7141	8209	0	0	8209
7142	8209	0	0	8209
7143	8209	0	0	8209
7144	8209	0	0	8209
7145	8208	1	0	8209
7146	8209	0	0	8209
7147	8209	0	0	8209
7148	8209	0	0	8209
7149	8209	0	0	8209
7150	8209	0	0	8209
7151	8206	3	0	8209
7152	8209	0	0	8209
7153	8209	0	0	8209
7154	8208	0	1	8209
7155	8209	0	0	8209
7156	8209	0	0	8209
7157	8209	0	0	8209
7158	8209	0	0	8209
7159	8209	0	0	8209
7160	8208	0	1	8209
7161	8207	2	0	8209
7162	8209	0	0	8209
7163	8209	0	0	8209
7164	8209	0	0	8209
7165	8209	0	0	8209
7166	8209	0	0	8209
7167	8209	0	0	8209
7168	8209	0	0	8209
7169	8208	1	0	8209
7170	8209	0	0	8209
7171	8209	0	0	8209
7172	8209	0	0	8209
7173	8209	0	0	8209
7174	8208	1	0	8209
7175	8095	114	0	8209
7176	8209	0	0	8209
7177	8209	0	0	8209
7178	8209	0	0	8209
7179	6203	2006	0	8209
7180	8209	0	0	8209
7181	8209	0	0	8209
7182	8209	0	0	8209
7183	8209	0	0	8209
7184	8198	11	0	8209
7185	8197	12	0	8209
7186	8208	1	0	8209
7187	8209	0	0	8209
7188	8209	0	0	8209
7189	8209	0	0	8209
7190	8208	1	0	8209
7191	8209	0	0	8209
7192	8209	0	0	8209
7193	8208	1	0	8209
7194	8209	0	0	8209
7195	8208	1	0	8209
7196	8209	0	0	8209
7197	8209	0	0	8209
7198	8209	0	0	8209
7199	8209	0	0	8209
7200	8209	0	0	8209
7201	8209	0	0	8209
7202	8209	0	0	8209
7203	8209	0	0	8209
7204	8209	0	0	8209
7205	8209	0	0	8209
7206	8209	0	0	8209
7207	8209	0	0	8209
7208	8209	0	0	8209
7209	8209	0	0	8209
7210	8208	1	0	8209
7211	8209	0	0	8209
7212	8208	1	0	8209
7213	8209	0	0	8209
7214	8209	0	0	8209
7215	8209	0	0	8209
7216	8209	0	0	8209
7217	8209	0	0	8209
7218	8209	0	0	8209
7219	8203	6	0	8209
7220	8209	0	0	8209
7221	8209	0	0	8209
7222	8191	18	0	8209
7223	8209	0	0	8209
7224	8209	0	0	8209
7225	8209	0	0	8209
7226	8209	0	0	8209
7227	8209	0	0	8209
7228	8209	0	0	8209
7229	8209	0	0	8209
7230	8209	0	0	8209
7231	8209	0	0	8209
7232	8209	0	0	8209
7233	8209	0	0	8209
7234	8207	2	0	8209
7235	8209	0	0	8209
7236	8209	0	0	8209
7237	8209	0	0	8209
7238	8209	0	0	8209
7239	8206	3	0	8209
7240	8209	0	0	8209
7241	8209	0	0	8209
7242	8209	0	0	8209
7243	8208	1	0	8209
7244	8191	18	0	8209
7245	8209	0	0	8209
7246	8209	0	0	8209
7247	6423	1786	0	8209
7248	8209	0	0	8209
7249	8209	0	0	8209
7250	8209	0	0	8209
7251	8209	0	0	8209
7252	8209	0	0	8209
7253	8209	0	0	8209
7254	8207	2	0	8209
7255	8209	0	0	8209
7256	8209	0	0	8209
7257	8209	0	0	8209
7258	8209	0	0	8209
7259	8209	0	0	8209
7260	8209	0	0	8209
7261	8209	0	0	8209
7262	8209	0	0	8209
7263	8209	0	0	8209
7264	8209	0	0	8209
7265	8209	0	0	8209
7266	8209	0	0	8209
7267	8209	0	0	8209
7268	8209	0	0	8209
7269	8209	0	0	8209
7270	8209	0	0	8209
7271	8209	0	0	8209
7272	8209	0	0	8209
7273	8209	0	0	8209
7274	8209	0	0	8209
7275	8209	0	0	8209
7276	8208	1	0	8209
7277	5527	2682	0	8209
7278	8209	0	0	8209
7279	8209	0	0	8209
7280	7944	265	0	8209
7281	8209	0	0	8209
7282	8209	0	0	8209
7283	8206	3	0	8209
7284	8209	0	0	8209
7285	8209	0	0	8209
7286	8209	0	0	8209
7287	8209	0	0	8209
7288	8209	0	0	8209
7289	8209	0	0	8209
7290	8209	0	0	8209
7291	8209	0	0	8209
7292	8208	1	0	8209
7293	8209	0	0	8209
7294	8209	0	0	8209
7295	8209	0	0	8209
7296	8209	0	0	8209
7297	8209	0	0	8209
7298	8209	0	0	8209
7299	8209	0	0	8209
7300	8209	0	0	8209
7301	8209	0	0	8209
7302	8209	0	0	8209
7303	8156	53	0	8209
7304	4095	4114	0	8209
7305	8208	1	0	8209
7306	8209	0	0	8209
7307	8157	52	0	8209
7308	8209	0	0	8209
7309	8209	0	0	8209
7310	8209	0	0	8209
7311	8209	0	0	8209
7312	8209	0	0	8209
7313	8208	1	0	8209
7314	8209	0	0	8209
7315	8209	0	0	8209
7316	8209	0	0	8209
7317	8209	0	0	8209
7318	8209	0	0	8209
7319	8157	52	0	8209
7320	8209	0	0	8209
7321	8209	0	0	8209
7322	8209	0	0	8209
7323	8209	0	0	8209
7324	8209	0	0	8209
7325	8209	0	0	8209
7326	8209	0	0	8209
7327	8209	0	0	8209
7328	8208	0	0	8208
7329	8208	0	0	8208
7330	8208	0	0	8208
7331	8208	0	0	8208
7332	8208	0	0	8208
7333	8208	0	0	8208
7334	8208	0	0	8208
7335	8115	93	0	8208
7336	8208	0	0	8208
7337	8208	0	0	8208
7338	8208	0	0	8208
7339	8208	0	0	8208
7340	8208	0	0	8208
7341	8208	0	0	8208
7342	8208	0	0	8208
7343	8208	0	0	8208
7344	8208	0	0	8208
7345	8208	0	0	8208
7346	8208	0	0	8208
7347	8208	0	0	8208
7348	8208	0	0	8208
7349	8208	0	0	8208
7350	8208	0	0	8208
7351	8208	0	0	8208
7352	8208	0	0	8208
7353	8208	0	0	8208
7354	8208	0	0	8208
7355	8208	0	0	8208
7356	8208	0	0	8208
7357	8208	0	0	8208
7358	8208	0	0	8208
7359	8208	0	0	8208
7360	8208	0	0	8208
7361	8208	0	0	8208
7362	8208	0	0	8208
7363	8208	0	0	8208
7364	8207	1	0	8208
7365	8207	1	0	8208
7366	8208	0	0	8208
7367	8208	0	0	8208
7368	8207	1	0	8208
7369	8198	10	0	8208
7370	8208	0	0	8208
7371	8208	0	0	8208
7372	8208	0	0	8208
7373	8208	0	0	8208
7374	8208	0	0	8208
7375	8208	0	0	8208
7376	8208	0	0	8208
7377	8208	0	0	8208
7378	8208	0	0	8208
7379	8208	0	0	8208
7380	8208	0	0	8208
7381	8208	0	0	8208
7382	8208	0	0	8208
7383	8208	0	0	8208
7384	8208	0	0	8208
7385	8206	2	0	8208
7386	8208	0	0	8208
7387	8208	0	0	8208
7388	8208	0	0	8208
7389	8208	0	0	8208
7390	8208	0	0	8208
7391	8208	0	0	8208
7392	8208	0	0	8208
7393	8203	5	0	8208
7394	8208	0	0	8208
7395	8208	0	0	8208
7396	8208	0	0	8208
7397	8205	3	0	8208
7398	8208	0	0	8208
7399	8208	0	0	8208
7400	8208	0	0	8208
7401	8208	0	0	8208
7402	8208	0	0	8208
7403	8208	0	0	8208
7404	8208	0	0	8208
7405	8208	0	0	8208
7406	8208	0	0	8208
7407	8208	0	0	8208
7408	8208	0	0	8208
7409	8208	0	0	8208
7410	8208	0	0	8208
7411	8208	0	0	8208
7412	8208	0	0	8208
7413	8207	1	0	8208
7414	8208	0	0	8208
7415	8208	0	0	8208
7416	8208	0	0	8208
7417	8208	0	0	8208
7418	8208	0	0	8208
7419	8208	0	0	8208
7420	8208	0	0	8208
7421	8208	0	0	8208
7422	8208	0	0	8208
7423	8208	0	0	8208
7424	8208	0	0	8208
7425	8208	0	0	8208
7426	8208	0	0	8208
7427	8208	0	0	8208
7428	8208	0	0	8208
7429	8208	0	0	8208
7430	8207	1	0	8208
7431	8208	0	0	8208
7432	8208	0	0	8208
7433	8208	0	0	8208
7434	8208	0	0	8208
7435	8208	0	0	8208
7436	8208	0	0	8208
7437	8208	0	0	8208
7438	8208	0	0	8208
7439	8208	0	0	8208
7440	8208	0	0	8208
7441	8208	0	0	8208
7442	8208	0	0	8208
7443	8208	0	0	8208
7444	8208	0	0	8208
7445	8208	0	0	8208
7446	8208	0	0	8208
7447	8208	0	0	8208
7448	8208	0	0	8208
7449	8208	0	0	8208
7450	8205	3	0	8208
7451	8183	25	0	8208
7452	2534	5674	0	8208
7453	8208	0	0	8208
7454	8208	0	0	8208
7455	8208	0	0	8208
7456	8208	0	0	8208
7457	8208	0	0	8208
7458	8207	1	0	8208
7459	8207	1	0	8208
7460	8207	0	1	8208
7461	8208	0	0	8208
7462	8208	0	0	8208
7463	8208	0	0	8208
7464	8208	0	0	8208
7465	8208	0	0	8208
7466	8208	0	0	8208
7467	8208	0	0	8208
7468	8208	0	0	8208
7469	8208	0	0	8208
7470	8208	0	0	8208
7471	8208	0	0	8208
7472	8208	0	0	8208
7473	8208	0	0	8208
7474	8208	0	0	8208
7475	8205	3	0	8208
7476	4183	4025	0	8208
7477	7214	994	0	8208
7478	8208	0	0	8208
7479	8208	0	0	8208
7480	8208	0	0	8208
7481	8208	0	0	8208
7482	8208	0	0	8208
7483	8208	0	0	8208
7484	8208	0	0	8208
7485	8208	0	0	8208
7486	8208	0	0	8208
7487	8208	0	0	8208
7488	8208	0	0	8208
7489	8208	0	0	8208
7490	8208	0	0	8208
7491	8204	4	0	8208
7492	8208	0	0	8208
7493	8208	0	0	8208
7494	7892	0	316	8208
7495	8205	3	0	8208
7496	8208	0	0	8208
7497	8208	0	0	8208
7498	8206	2	0	8208
7499	8207	1	0	8208
7500	8205	3	0	8208
7501	7911	0	297	8208
7502	8205	3	0	8208
7503	8208	0	0	8208
7504	8208	0	0	8208
7505	8208	0	0	8208
7506	8208	0	0	8208
7507	8208	0	0	8208
7508	8208	0	0	8208
7509	8208	0	0	8208
7510	8208	0	0	8208
7511	8208	0	0	8208
7512	8199	9	0	8208
7513	8208	0	0	8208
7514	8208	0	0	8208
7515	8208	0	0	8208
7516	8208	0	0	8208
7517	8208	0	0	8208
7518	8208	0	0	8208
7519	8208	0	0	8208
7520	8071	137	0	8208
7521	8208	0	0	8208
7522	8208	0	0	8208
7523	8208	0	0	8208
7524	8208	0	0	8208
7525	8206	2	0	8208
7526	8208	0	0	8208
7527	8207	0	0	8207
7528	8207	0	0	8207
7529	8207	0	0	8207
7530	8207	0	0	8207
7531	8207	0	0	8207
7532	8207	0	0	8207
7533	8207	0	0	8207
7534	8206	1	0	8207
7535	8207	0	0	8207
7536	8207	0	0	8207
7537	8207	0	0	8207
7538	8207	0	0	8207
7539	8205	1	0	8206
7540	8202	0	4	8206
7541	8202	0	4	8206
7542	8202	0	4	8206
7543	8205	1	0	8206
7544	8189	17	0	8206
7545	8206	0	0	8206
7546	7857	347	1	8205
7547	8149	56	0	8205
7548	8205	0	0	8205
7549	8205	0	0	8205
7550	8204	0	1	8205
7551	8205	0	0	8205
7552	8202	1	2	8205
7553	8204	0	0	8204
7554	8204	0	0	8204
7555	8204	0	0	8204
7556	8204	0	0	8204
7557	8200	0	4	8204
7558	8204	0	0	8204
7559	8204	0	0	8204
7560	8204	0	0	8204
7561	8204	0	0	8204
7562	8204	0	0	8204
7563	8149	13	0	8162
7564	8150	0	0	8150
7565	8150	0	0	8150
7566	8150	0	0	8150
7567	8150	0	0	8150
7568	8150	0	0	8150
7569	8149	1	0	8150
7570	8149	0	0	8149
7571	8149	0	0	8149
7572	8149	0	0	8149
7573	8149	0	0	8149
7574	8148	1	0	8149
7575	8149	0	0	8149
7576	8149	0	0	8149
7577	8149	0	0	8149
7578	8149	0	0	8149
7579	8146	3	0	8149
7580	8149	0	0	8149
7581	8145	4	0	8149
7582	8148	1	0	8149
7583	8149	0	0	8149
7584	8149	0	0	8149
7585	8148	1	0	8149
7586	8149	0	0	8149
7587	8149	0	0	8149
7588	8149	0	0	8149
7589	8139	10	0	8149
7590	8149	0	0	8149
7591	8149	0	0	8149
7592	8149	0	0	8149
7593	8146	3	0	8149
7594	8135	14	0	8149
7595	8149	0	0	8149
7596	8149	0	0	8149
7597	8149	0	0	8149
7598	8149	0	0	8149
7599	8149	0	0	8149
7600	8149	0	0	8149
7601	8144	5	0	8149
7602	8149	0	0	8149
7603	7970	179	0	8149
7604	8149	0	0	8149
7605	8149	0	0	8149
7606	8149	0	0	8149
7607	8149	0	0	8149
7608	8149	0	0	8149
7609	8149	0	0	8149
7610	8149	0	0	8149
7611	8149	0	0	8149
7612	8149	0	0	8149
7613	8149	0	0	8149
7614	8149	0	0	8149
7615	8148	1	0	8149
7616	8149	0	0	8149
7617	8146	3	0	8149
7618	8149	0	0	8149
7619	8149	0	0	8149
7620	8149	0	0	8149
7621	8149	0	0	8149
7622	8149	0	0	8149
7623	8149	0	0	8149
7624	8149	0	0	8149
7625	8149	0	0	8149
7626	8149	0	0	8149
7627	8149	0	0	8149
7628	8149	0	0	8149
7629	8148	1	0	8149
7630	8138	11	0	8149
7631	8149	0	0	8149
7632	8149	0	0	8149
7633	8149	0	0	8149
7634	8149	0	0	8149
7635	8149	0	0	8149
7636	8149	0	0	8149
7637	8149	0	0	8149
7638	8149	0	0	8149
7639	8149	0	0	8149
7640	8149	0	0	8149
7641	8149	0	0	8149
7642	8149	0	0	8149
7643	8149	0	0	8149
7644	8149	0	0	8149
7645	8149	0	0	8149
7646	8149	0	0	8149
7647	8149	0	0	8149
7648	8149	0	0	8149
7649	8148	1	0	8149
7650	8149	0	0	8149
7651	8148	1	0	8149
7652	8149	0	0	8149
7653	8149	0	0	8149
7654	8149	0	0	8149
7655	8149	0	0	8149
7656	8149	0	0	8149
7657	8148	1	0	8149
7658	8149	0	0	8149
7659	8149	0	0	8149
7660	8149	0	0	8149
7661	8149	0	0	8149
7662	8149	0	0	8149
7663	8149	0	0	8149
7664	8149	0	0	8149
7665	8146	3	0	8149
7666	8149	0	0	8149
7667	8149	0	0	8149
7668	8142	7	0	8149
7669	8149	0	0	8149
7670	8148	1	0	8149
7671	8148	0	1	8149
7672	8149	0	0	8149
7673	8149	0	0	8149
7674	8149	0	0	8149
7675	8149	0	0	8149
7676	8149	0	0	8149
7677	8147	1	0	8148
7678	8148	0	0	8148
7679	8148	0	0	8148
7680	8147	1	0	8148
7681	8148	0	0	8148
7682	8148	0	0	8148
7683	8148	0	0	8148
7684	8148	0	0	8148
7685	8148	0	0	8148
7686	8148	0	0	8148
7687	8148	0	0	8148
7688	8120	28	0	8148
7689	8148	0	0	8148
7690	8148	0	0	8148
7691	8141	7	0	8148
7692	8148	0	0	8148
7693	8148	0	0	8148
7694	8031	117	0	8148
7695	8148	0	0	8148
7696	8148	0	0	8148
7697	8148	0	0	8148
7698	8148	0	0	8148
7699	8148	0	0	8148
7700	8148	0	0	8148
7701	8143	5	0	8148
7702	8147	1	0	8148
7703	8148	0	0	8148
7704	8148	0	0	8148
7705	8148	0	0	8148
7706	8147	1	0	8148
7707	8148	0	0	8148
7708	8148	0	0	8148
7709	8148	0	0	8148
7710	8148	0	0	8148
7711	8147	1	0	8148
7712	8148	0	0	8148
7713	8148	0	0	8148
7714	8148	0	0	8148
7715	8148	0	0	8148
7716	8148	0	0	8148
7717	7374	774	0	8148
7718	8147	1	0	8148
7719	8147	1	0	8148
7720	7358	790	0	8148
7721	8148	0	0	8148
7722	8148	0	0	8148
7723	8141	7	0	8148
7724	8148	0	0	8148
7725	8148	0	0	8148
7726	8148	0	0	8148
7727	8148	0	0	8148
7728	8144	4	0	8148
7729	8148	0	0	8148
7730	8148	0	0	8148
7731	8122	26	0	8148
7732	7994	154	0	8148
7733	8148	0	0	8148
7734	8127	21	0	8148
7735	8118	30	0	8148
7736	8148	0	0	8148
7737	8148	0	0	8148
7738	8148	0	0	8148
7739	8148	0	0	8148
7740	8148	0	0	8148
7741	8147	1	0	8148
7742	8148	0	0	8148
7743	8148	0	0	8148
7744	8148	0	0	8148
7745	8142	6	0	8148
7746	8148	0	0	8148
7747	8147	1	0	8148
7748	8148	0	0	8148
7749	8148	0	0	8148
7750	8148	0	0	8148
7751	8148	0	0	8148
7752	8147	1	0	8148
7753	8148	0	0	8148
7754	8148	0	0	8148
7755	8148	0	0	8148
7756	8148	0	0	8148
7757	8148	0	0	8148
7758	8144	4	0	8148
7759	8148	0	0	8148
7760	7558	590	0	8148
7761	8148	0	0	8148
7762	8147	1	0	8148
7763	8148	0	0	8148
7764	8148	0	0	8148
7765	8148	0	0	8148
7766	8148	0	0	8148
7767	8148	0	0	8148
7768	8147	1	0	8148
7769	8148	0	0	8148
7770	8148	0	0	8148
7771	8148	0	0	8148
7772	8148	0	0	8148
7773	8148	0	0	8148
7774	8148	0	0	8148
7775	8148	0	0	8148
7776	8148	0	0	8148
7777	8148	0	0	8148
7778	8148	0	0	8148
7779	8148	0	0	8148
7780	8148	0	0	8148
7781	8148	0	0	8148
7782	8148	0	0	8148
7783	8148	0	0	8148
7784	8148	0	0	8148
7785	8148	0	0	8148
7786	8148	0	0	8148
7787	8148	0	0	8148
7788	8148	0	0	8148
7789	8148	0	0	8148
7790	8148	0	0	8148
7791	8148	0	0	8148
7792	8148	0	0	8148
7793	8148	0	0	8148
7794	8148	0	0	8148
7795	8148	0	0	8148
7796	8144	4	0	8148
7797	8148	0	0	8148
7798	8147	0	1	8148
7799	8147	0	1	8148
7800	8147	0	1	8148
7801	8147	0	1	8148
7802	8147	0	1	8148
7803	8142	5	1	8148
7804	8147	0	1	8148
7805	8147	0	1	8148
7806	8147	0	1	8148
7807	8147	0	1	8148
7808	8147	0	1	8148
7809	8146	0	2	8148
7810	8146	2	0	8148
7811	8148	0	0	8148
7812	8148	0	0	8148
7813	8148	0	0	8148
7814	8148	0	0	8148
7815	8148	0	0	8148
7816	8148	0	0	8148
7817	8148	0	0	8148
7818	7550	598	0	8148
7819	7206	942	0	8148
7820	8061	87	0	8148
7821	8148	0	0	8148
7822	8146	2	0	8148
7823	8147	1	0	8148
7824	8147	1	0	8148
7825	8148	0	0	8148
7826	8146	2	0	8148
7827	8148	0	0	8148
7828	8148	0	0	8148
7829	8148	0	0	8148
7830	7977	171	0	8148
7831	8148	0	0	8148
7832	8148	0	0	8148
7833	8148	0	0	8148
7834	8148	0	0	8148
7835	8147	0	0	8147
7836	8147	0	0	8147
7837	8147	0	0	8147
7838	8147	0	0	8147
7839	8147	0	0	8147
7840	8147	0	0	8147
7841	8147	0	0	8147
7842	8147	0	0	8147
7843	8147	0	0	8147
7844	8146	1	0	8147
7845	8146	1	0	8147
7846	8147	0	0	8147
7847	8145	2	0	8147
7848	8144	3	0	8147
7849	8147	0	0	8147
7850	8147	0	0	8147
7851	8147	0	0	8147
7852	8147	0	0	8147
7853	8147	0	0	8147
7854	8147	0	0	8147
7855	8147	0	0	8147
7856	8147	0	0	8147
7857	8147	0	0	8147
7858	8147	0	0	8147
7859	8147	0	0	8147
7860	8147	0	0	8147
7861	8147	0	0	8147
7862	8147	0	0	8147
7863	8147	0	0	8147
7864	8147	0	0	8147
7865	8147	0	0	8147
7866	8147	0	0	8147
7867	8147	0	0	8147
7868	8147	0	0	8147
7869	8147	0	0	8147
7870	8147	0	0	8147
7871	8147	0	0	8147
7872	8147	0	0	8147
7873	8147	0	0	8147
7874	8147	0	0	8147
7875	8147	0	0	8147
7876	8147	0	0	8147
7877	8139	8	0	8147
7878	8147	0	0	8147
7879	8121	26	0	8147
7880	8147	0	0	8147
7881	8147	0	0	8147
7882	8147	0	0	8147
7883	8146	1	0	8147
7884	8147	0	0	8147
7885	8147	0	0	8147
7886	8147	0	0	8147
7887	8147	0	0	8147
7888	8147	0	0	8147
7889	8147	0	0	8147
7890	8146	1	0	8147
7891	8147	0	0	8147
7892	8147	0	0	8147
7893	8147	0	0	8147
7894	8143	4	0	8147
7895	8147	0	0	8147
7896	8147	0	0	8147
7897	8147	0	0	8147
7898	8147	0	0	8147
7899	8146	1	0	8147
7900	8147	0	0	8147
7901	8147	0	0	8147
7902	8147	0	0	8147
7903	8147	0	0	8147
7904	8147	0	0	8147
7905	8147	0	0	8147
7906	8147	0	0	8147
7907	8147	0	0	8147
7908	8140	7	0	8147
7909	8147	0	0	8147
7910	8147	0	0	8147
7911	8147	0	0	8147
7912	8147	0	0	8147
7913	8147	0	0	8147
7914	8119	28	0	8147
7915	8146	1	0	8147
7916	8147	0	0	8147
7917	8147	0	0	8147
7918	8147	0	0	8147
7919	8147	0	0	8147
7920	43	8104	0	8147
7921	8147	0	0	8147
7922	8147	0	0	8147
7923	8147	0	0	8147
7924	8147	0	0	8147
7925	8147	0	0	8147
7926	8147	0	0	8147
7927	8147	0	0	8147
7928	8147	0	0	8147
7929	8147	0	0	8147
7930	8147	0	0	8147
7931	8142	5	0	8147
7932	8147	0	0	8147
7933	8147	0	0	8147
7934	8147	0	0	8147
7935	8147	0	0	8147
7936	8147	0	0	8147
7937	8147	0	0	8147
7938	8147	0	0	8147
7939	8147	0	0	8147
7940	8147	0	0	8147
7941	8147	0	0	8147
7942	8147	0	0	8147
7943	8147	0	0	8147
7944	8147	0	0	8147
7945	8147	0	0	8147
7946	8147	0	0	8147
7947	8147	0	0	8147
7948	8147	0	0	8147
7949	8143	4	0	8147
7950	8147	0	0	8147
7951	8147	0	0	8147
7952	8147	0	0	8147
7953	8147	0	0	8147
7954	8147	0	0	8147
7955	8146	1	0	8147
7956	8147	0	0	8147
7957	8147	0	0	8147
7958	8088	59	0	8147
7959	8146	1	0	8147
7960	8147	0	0	8147
7961	8146	1	0	8147
7962	8147	0	0	8147
7963	8147	0	0	8147
7964	8147	0	0	8147
7965	8146	1	0	8147
7966	8133	14	0	8147
7967	8147	0	0	8147
7968	8147	0	0	8147
7969	8147	0	0	8147
7970	8147	0	0	8147
7971	8135	11	1	8147
7972	8144	2	1	8147
7973	8146	0	1	8147
7974	8146	0	1	8147
7975	8145	0	2	8147
7976	8145	0	2	8147
7977	8144	1	2	8147
7978	8145	0	2	8147
7979	8143	2	2	8147
7980	7885	260	2	8147
7981	8145	1	1	8147
7982	8146	0	1	8147
7983	8146	0	1	8147
7984	8145	1	1	8147
7985	8145	1	1	8147
7986	8145	0	2	8147
7987	8146	0	1	8147
7988	8137	9	1	8147
7989	8147	0	0	8147
7990	8147	0	0	8147
7991	8147	0	0	8147
7992	8147	0	0	8147
7993	8146	0	1	8147
7994	8146	1	0	8147
7995	8147	0	0	8147
7996	8139	0	8	8147
7997	8147	0	0	8147
7998	8146	0	0	8146
7999	8143	3	0	8146
8000	8145	1	0	8146
8001	8146	0	0	8146
8002	8145	1	0	8146
8003	8146	0	0	8146
8004	8112	34	0	8146
8005	8141	5	0	8146
8006	8146	0	0	8146
8007	8146	0	0	8146
8008	8145	1	0	8146
8009	8146	0	0	8146
8010	8135	11	0	8146
8011	8137	9	0	8146
8012	8146	0	0	8146
8013	8145	1	0	8146
8014	8146	0	0	8146
8015	8146	0	0	8146
8016	8146	0	0	8146
8017	8146	0	0	8146
8018	8134	12	0	8146
8019	8146	0	0	8146
8020	8146	0	0	8146
8021	8146	0	0	8146
8022	8146	0	0	8146
8023	8146	0	0	8146
8024	8145	0	1	8146
8025	8136	10	0	8146
8026	8146	0	0	8146
8027	8146	0	0	8146
8028	8146	0	0	8146
8029	8146	0	0	8146
8030	8146	0	0	8146
8031	8146	0	0	8146
8032	0	0	0	0
8033	0	0	0	0
8034	0	0	0	0
8035	0	0	0	0
8036	0	0	0	0
8037	0	0	0	0
8038	0	0	0	0
8039	0	0	0	0
8040	0	0	0	0
8041	0	0	0	0
8042	0	0	0	0
8043	0	0	0	0
8044	0	0	0	0
8045	0	0	0	0
8046	0	0	0	0
8047	0	0	0	0
8048	0	0	0	0
8049	0	0	0	0
8050	0	0	0	0
8051	0	0	0	0
8052	0	0	0	0
8053	0	0	0	0
8054	0	0	0	0
8055	0	0	0	0
8056	0	0	0	0
8057	0	0	0	0
8058	0	0	0	0
8059	0	0	0	0
8060	0	0	0	0
8061	0	0	0	0
8062	0	0	0	0
8063	0	0	0	0
8064	0	0	0	0
8065	0	0	0	0
8066	0	0	0	0
8067	0	0	0	0
8068	0	0	0	0
8069	0	0	0	0
8070	0	0	0	0
8071	0	0	0	0
8072	0	0	0	0
8073	0	0	0	0
8074	0	0	0	0
8075	0	0	0	0
8076	0	0	0	0
8077	0	0	0	0
8078	0	0	0	0
8079	0	0	0	0
8080	0	0	0	0
8081	0	0	0	0
8082	0	0	0	0
