position	reference_base	coverage	mismatch_count	deletion_count	insertion_count	mismatch_rate	deletion_rate	insertion_rate
1	T	8209	0	0	0	0.0	0.0	0.0
2	G	8209	0	0	0	0.0	0.0	0.0
3	G	8210	0	0	0	0.0	0.0	0.0
4	T	8210	0	0	0	0.0	0.0	0.0
5	T	8210	0	0	0	0.0	0.0	0.0
6	T	8210	0	0	0	0.0	0.0	0.0
7	T	8210	0	0	0	0.0	0.0	0.0
8	C	8210	0	0	0	0.0	0.0	0.0
9	C	8210	0	0	0	0.0	0.0	0.0
10	T	8210	0	0	0	0.0	0.0	0.0
11	A	8210	0	0	0	0.0	0.0	0.0
12	C	8210	0	0	0	0.0	0.0	0.0
13	T	8210	0	0	0	0.0	0.0	0.0
14	T	8210	0	0	0	0.0	0.0	0.0
15	T	8210	0	0	0	0.0	0.0	0.0
16	C	8210	0	0	0	0.0	0.0	0.0
17	T	8210	0	0	0	0.0	0.0	0.0
18	G	8210	0	0	0	0.0	0.0	0.0
19	A	8210	1	0	0	0.0001218026796589525	0.0	0.0
20	A	8210	0	0	0	0.0	0.0	0.0
21	G	8210	0	0	0	0.0	0.0	0.0
22	T	8210	3	0	0	0.0003654080389768575	0.0	0.0
23	A	8210	0	0	0	0.0	0.0	0.0
24	T	8210	0	0	0	0.0	0.0	0.0
25	T	8210	0	0	0	0.0	0.0	0.0
26	C	8210	3	0	0	0.0003654080389768575	0.0	0.0
27	T	8210	31	0	0	0.0037758830694275274	0.0	0.0
28	C	8210	0	0	0	0.0	0.0	0.0
29	T	8210	0	0	0	0.0	0.0	0.0
30	C	8210	0	0	0	0.0	0.0	0.0
31	T	8210	0	0	0	0.0	0.0	0.0
32	T	8210	0	0	0	0.0	0.0	0.0
33	C	8210	0	0	0	0.0	0.0	0.0
34	A	8210	0	0	0	0.0	0.0	0.0
35	G	8210	2	0	0	0.000243605359317905	0.0	0.0
36	T	8210	0	0	0	0.0	0.0	0.0
37	C	8210	0	0	0	0.0	0.0	0.0
38	T	8210	4	0	0	0.00048721071863581	0.0	0.0
39	A	8210	0	0	0	0.0	0.0	0.0
40	C	8210	9	0	0	0.0010962241169305725	0.0	0.0
41	C	8210	1	0	0	0.0001218026796589525	0.0	0.0
42	A	8210	0	0	0	0.0	0.0	0.0
43	C	8210	52	0	0	0.00633373934226553	0.0	0.0
44	A	8210	0	0	0	0.0	0.0	0.0
45	G	8210	16	0	0	0.00194884287454324	0.0	0.0
46	G	8210	1	0	0	0.0001218026796589525	0.0	0.0
47	C	8210	782	0	0	0.09524969549330085	0.0	0.0
48	T	8210	0	0	0	0.0	0.0	0.0
49	T	8210	0	0	0	0.0	0.0	0.0
50	G	8210	677	0	0	0.08246041412911084	0.0	0.0
51	C	8210	0	0	0	0.0	0.0	0.0
52	T	8210	1	0	0	0.0001218026796589525	0.0	0.0
53	G	8210	0	0	0	0.0	0.0	0.0
54	G	8210	1	0	0	0.0001218026796589525	0.0	0.0
55	A	8210	0	0	0	0.0	0.0	0.0
56	A	8210	0	0	0	0.0	0.0	0.0
57	A	8210	0	0	0	0.0	0.0	0.0
58	A	8210	0	0	0	0.0	0.0	0.0
59	A	8210	0	0	0	0.0	0.0	0.0
60	G	8210	0	0	0	0.0	0.0	0.0
61	A	8210	0	0	0	0.0	0.0	0.0
62	G	8210	0	0	0	0.0	0.0	0.0
63	G	8210	0	0	0	0.0	0.0	0.0
64	C	8210	0	0	0	0.0	0.0	0.0
65	T	8210	0	0	0	0.0	0.0	0.0
66	A	8210	1	0	1	0.0001218026796589525	0.0	0.0001218026796589525
67	T	8210	0	0	0	0.0	0.0	0.0
68	T	8210	0	0	0	0.0	0.0	0.0
69	T	8210	0	0	0	0.0	0.0	0.0
70	T	8210	0	0	1	0.0	0.0	0.0001218026796589525
71	G	8210	6	0	0	0.000730816077953715	0.0	0.0
72	T	8210	0	0	0	0.0	0.0	0.0
73	C	8210	1	0	0	0.0001218026796589525	0.0	0.0
74	T	8210	0	0	0	0.0	0.0	0.0
75	T	8210	782	0	0	0.09524969549330085	0.0	0.0
76	A	8210	0	0	0	0.0	0.0	0.0
77	G	8210	9	0	0	0.0010962241169305725	0.0	0.0
78	T	8210	0	0	0	0.0	0.0	0.0
79	A	8210	0	0	0	0.0	0.0	0.0
80	A	8210	0	0	0	0.0	0.0	0.0
81	T	8210	0	0	0	0.0	0.0	0.0
82	C	8210	2	0	0	0.000243605359317905	0.0	0.0
83	A	8210	1	0	0	0.0001218026796589525	0.0	0.0
84	A	8210	0	0	0	0.0	0.0	0.0
85	A	8210	0	0	0	0.0	0.0	0.0
86	T	8210	0	0	0	0.0	0.0	0.0
87	T	8210	0	0	0	0.0	0.0	0.0
88	G	8210	0	0	0	0.0	0.0	0.0
89	A	8210	0	0	0	0.0	0.0	0.0
90	C	8210	0	0	0	0.0	0.0	0.0
91	G	8210	0	0	0	0.0	0.0	0.0
92	A	8210	0	0	0	0.0	0.0	0.0
93	T	8210	0	0	0	0.0	0.0	0.0
94	A	8210	0	0	0	0.0	0.0	0.0
95	A	8210	0	0	0	0.0	0.0	0.0
96	T	8210	0	0	0	0.0	0.0	0.0
97	A	8210	0	0	0	0.0	0.0	0.0
98	A	8210	4	0	0	0.00048721071863581	0.0	0.0
99	C	8210	1	0	0	0.0001218026796589525	0.0	0.0
100	G	8210	0	0	0	0.0	0.0	0.0
101	A	8210	0	0	0	0.0	0.0	0.0
102	C	8210	0	0	0	0.0	0.0	0.0
103	G	8210	0	0	0	0.0	0.0	0.0
104	A	8210	0	0	0	0.0	0.0	0.0
105	A	8210	0	0	0	0.0	0.0	0.0
106	T	8210	0	0	0	0.0	0.0	0.0
107	C	8210	0	0	0	0.0	0.0	0.0
108	T	8210	0	0	0	0.0	0.0	0.0
109	C	8210	0	0	0	0.0	0.0	0.0
110	T	8210	0	0	0	0.0	0.0	0.0
111	A	8210	0	0	0	0.0	0.0	0.0
112	A	8210	0	0	0	0.0	0.0	0.0
113	T	8210	0	0	0	0.0	0.0	0.0
114	G	8210	0	0	0	0.0	0.0	0.0
115	G	8210	1	0	0	0.0001218026796589525	0.0	0.0
116	G	8210	2	0	0	0.000243605359317905	0.0	0.0
117	T	8210	0	0	0	0.0	0.0	0.0
118	G	8210	0	0	0	0.0	0.0	0.0
119	A	8210	0	0	0	0.0	0.0	0.0
120	C	8210	0	0	0	0.0	0.0	0.0
121	A	8210	0	0	0	0.0	0.0	0.0
122	A	8210	0	0	0	0.0	0.0	0.0
123	T	8210	0	0	0	0.0	0.0	0.0
124	T	8210	0	0	0	0.0	0.0	0.0
125	C	8210	3449	0	0	0.4200974421437272	0.0	0.0
126	A	8210	0	0	0	0.0	0.0	0.0
127	A	8210	1	0	0	0.0001218026796589525	0.0	0.0
128	T	8210	0	0	0	0.0	0.0	0.0
129	T	8210	1	0	0	0.0001218026796589525	0.0	0.0
130	T	8210	0	0	0	0.0	0.0	0.0
131	T	8210	0	0	0	0.0	0.0	0.0
132	T	8210	1	0	0	0.0001218026796589525	0.0	0.0
133	C	8210	0	0	0	0.0	0.0	0.0
134	T	8210	0	0	0	0.0	0.0	0.0
135	A	8210	0	0	0	0.0	0.0	0.0
136	C	8210	28	0	0	0.00341047503045067	0.0	0.0
137	A	8210	0	0	0	0.0	0.0	0.0
138	T	8210	0	0	0	0.0	0.0	0.0
139	G	8210	0	0	0	0.0	0.0	0.0
140	C	8210	0	0	0	0.0	0.0	0.0
141	G	8210	5	0	0	0.0006090133982947625	0.0	0.0
142	C	8210	0	0	0	0.0	0.0	0.0
143	A	8210	0	0	0	0.0	0.0	0.0
144	T	8210	0	0	0	0.0	0.0	0.0
145	C	8210	0	0	0	0.0	0.0	0.0
146	A	8210	0	0	0	0.0	0.0	0.0
147	A	8210	0	0	0	0.0	0.0	0.0
148	T	8210	0	0	0	0.0	0.0	0.0
149	G	8210	301	0	0	0.0366626065773447	0.0	0.0
150	C	8210	1	0	0	0.0001218026796589525	0.0	0.0
151	G	8210	0	0	0	0.0	0.0	0.0
152	T	8210	0	0	0	0.0	0.0	0.0
153	T	8210	0	0	0	0.0	0.0	0.0
154	G	8210	0	0	0	0.0	0.0	0.0
155	C	8210	0	0	0	0.0	0.0	0.0
156	G	8210	0	0	0	0.0	0.0	0.0
157	T	8210	0	0	0	0.0	0.0	0.0
158	T	8210	0	0	0	0.0	0.0	0.0
159	A	8210	0	0	0	0.0	0.0	0.0
160	C	8210	0	0	0	0.0	0.0	0.0
161	C	8210	178	0	0	0.021680876979293544	0.0	0.0
162	G	8210	0	0	0	0.0	0.0	0.0
163	C	8210	0	0	0	0.0	0.0	0.0
164	A	8210	110	0	0	0.013398294762484775	0.0	0.0
165	T	8210	0	0	0	0.0	0.0	0.0
166	G	8210	0	0	0	0.0	0.0	0.0
167	C	8210	0	0	0	0.0	0.0	0.0
168	A	8210	0	0	0	0.0	0.0	0.0
169	T	8210	0	0	0	0.0	0.0	0.0
170	T	8210	0	0	0	0.0	0.0	0.0
171	A	8210	0	0	0	0.0	0.0	0.0
172	G	8210	1	0	0	0.0001218026796589525	0.0	0.0
173	G	8210	264	0	0	0.03215590742996346	0.0	0.0
174	A	8210	0	0	0	0.0	0.0	0.0
175	G	8210	0	0	0	0.0	0.0	0.0
176	A	8210	0	0	0	0.0	0.0	0.0
177	A	8210	0	0	0	0.0	0.0	0.0
178	A	8210	0	0	0	0.0	0.0	0.0
179	T	8210	0	0	0	0.0	0.0	0.0
180	G	8210	0	0	0	0.0	0.0	0.0
181	A	8210	0	0	0	0.0	0.0	0.0
182	A	8210	4	0	0	0.00048721071863581	0.0	0.0
183	A	8210	0	0	0	0.0	0.0	0.0
184	T	8210	3036	0	0	0.3697929354445798	0.0	0.0
185	A	8210	0	0	0	0.0	0.0	0.0
186	A	8210	0	0	0	0.0	0.0	0.0
187	C	8210	7	0	0	0.0008526187576126675	0.0	0.0
188	T	8210	0	0	0	0.0	0.0	0.0
189	C	8210	0	0	0	0.0	0.0	0.0
190	G	8210	0	0	0	0.0	0.0	0.0
191	G	8210	493	0	0	0.060048721071863584	0.0	0.0
192	C	8210	10	0	0	0.001218026796589525	0.0	0.0
193	C	8210	0	0	0	0.0	0.0	0.0
194	A	8210	68	0	0	0.008282582216808769	0.0	0.0
195	C	8210	0	0	0	0.0	0.0	0.0
196	G	8210	0	0	0	0.0	0.0	0.0
197	A	8210	0	0	0	0.0	0.0	0.0
198	T	8210	0	0	0	0.0	0.0	0.0
199	A	8210	0	0	0	0.0	0.0	0.0
200	T	8210	0	0	0	0.0	0.0	0.0
201	T	8210	0	0	0	0.0	0.0	0.0
202	T	8210	0	0	0	0.0	0.0	0.0
203	T	8210	0	0	0	0.0	0.0	0.0
204	T	8210	0	0	0	0.0	0.0	0.0
205	C	8210	0	0	0	0.0	0.0	0.0
206	A	8210	0	0	0	0.0	0.0	0.0
207	C	8210	1	0	0	0.0001218026796589525	0.0	0.0
208	T	8210	0	0	0	0.0	0.0	0.0
209	A	8210	0	0	0	0.0	0.0	0.0
210	A	8210	0	0	0	0.0	0.0	0.0
211	T	8210	0	0	0	0.0	0.0	0.0
212	T	8210	0	0	0	0.0	0.0	0.0
213	C	8210	2	0	0	0.000243605359317905	0.0	0.0
214	C	8210	0	0	0	0.0	0.0	0.0
215	T	8210	0	0	0	0.0	0.0	0.0
216	G	8210	1	0	0	0.0001218026796589525	0.0	0.0
217	G	8210	0	0	0	0.0	0.0	0.0
218	A	8210	0	0	0	0.0	0.0	0.0
219	A	8210	0	0	0	0.0	0.0	0.0
220	G	8210	0	0	0	0.0	0.0	0.0
221	T	8210	0	0	0	0.0	0.0	0.0
222	T	8210	0	0	0	0.0	0.0	0.0
223	C	8210	0	0	0	0.0	0.0	0.0
224	A	8210	0	0	0	0.0	0.0	0.0
225	T	8210	0	0	0	0.0	0.0	0.0
226	A	8210	0	0	0	0.0	0.0	0.0
227	C	8210	2	0	0	0.000243605359317905	0.0	0.0
228	G	8210	0	0	0	0.0	0.0	0.0
229	C	8210	1	0	0	0.0001218026796589525	0.0	0.0
230	T	8210	0	0	0	0.0	0.0	0.0
231	T	8210	0	0	0	0.0	0.0	0.0
232	T	8210	0	0	0	0.0	0.0	0.0
233	C	8210	0	0	0	0.0	0.0	0.0
234	G	8210	0	0	0	0.0	0.0	0.0
235	A	8210	0	0	0	0.0	0.0	0.0
236	A	8210	0	0	0	0.0	0.0	0.0
237	T	8210	0	0	0	0.0	0.0	0.0
238	C	8210	0	0	0	0.0	0.0	0.0
239	A	8210	0	0	0	0.0	0.0	0.0
240	A	8210	0	0	0	0.0	0.0	0.0
241	T	8210	1	0	0	0.0001218026796589525	0.0	0.0
242	A	8210	0	0	0	0.0	0.0	0.0
243	A	8210	34	0	0	0.0041412911084043845	0.0	0.0
244	T	8210	0	0	0	0.0	0.0	0.0
245	T	8210	0	0	0	0.0	0.0	0.0
246	G	8210	1	0	0	0.0001218026796589525	0.0	0.0
247	T	8210	0	0	0	0.0	0.0	0.0
248	A	8210	0	0	0	0.0	0.0	0.0
249	T	8210	0	0	0	0.0	0.0	0.0
250	A	8210	0	0	0	0.0	0.0	0.0
251	A	8210	0	0	0	0.0	0.0	0.0
252	T	8210	0	0	0	0.0	0.0	0.0
253	T	8210	0	0	0	0.0	0.0	0.0
254	G	8210	0	0	0	0.0	0.0	0.0
255	G	8210	2	0	0	0.000243605359317905	0.0	0.0
256	C	8210	0	0	0	0.0	0.0	0.0
257	A	8210	0	0	0	0.0	0.0	0.0
258	C	8210	0	0	0	0.0	0.0	0.0
259	A	8210	0	0	0	0.0	0.0	0.0
260	G	8210	3	0	0	0.0003654080389768575	0.0	0.0
261	A	8210	0	0	0	0.0	0.0	0.0
262	T	8210	0	0	0	0.0	0.0	0.0
263	T	8210	0	0	0	0.0	0.0	0.0
264	T	8210	0	0	0	0.0	0.0	0.0
265	T	8210	0	0	0	0.0	0.0	0.0
266	C	8210	159	0	0	0.019366626065773447	0.0	0.0
267	G	8210	1	0	0	0.0001218026796589525	0.0	0.0
268	G	8210	0	0	0	0.0	0.0	0.0
269	C	8210	0	0	0	0.0	0.0	0.0
270	A	8210	0	0	0	0.0	0.0	0.0
271	A	8210	0	0	0	0.0	0.0	0.0
272	T	8210	0	0	0	0.0	0.0	0.0
273	A	8210	0	0	0	0.0	0.0	0.0
274	A	8210	0	0	0	0.0	0.0	0.0
275	T	8210	0	0	0	0.0	0.0	0.0
276	T	8210	0	0	0	0.0	0.0	0.0
277	T	8210	0	0	0	0.0	0.0	0.0
278	T	8210	0	0	0	0.0	0.0	0.0
279	G	8210	5	0	0	0.0006090133982947625	0.0	0.0
280	C	8210	0	0	0	0.0	0.0	0.0
281	T	8210	0	0	0	0.0	0.0	0.0
282	A	8210	0	0	0	0.0	0.0	0.0
283	C	8210	0	0	0	0.0	0.0	0.0
284	T	8210	0	0	0	0.0	0.0	0.0
285	C	8210	0	0	0	0.0	0.0	0.0
286	G	8210	0	0	0	0.0	0.0	0.0
287	T	8210	0	0	0	0.0	0.0	0.0
288	T	8210	0	0	0	0.0	0.0	0.0
289	C	8210	0	0	0	0.0	0.0	0.0
290	T	8210	0	0	0	0.0	0.0	0.0
291	G	8210	0	0	0	0.0	0.0	0.0
292	C	8210	0	0	0	0.0	0.0	0.0
293	C	8210	0	0	0	0.0	0.0	0.0
294	A	8210	0	0	0	0.0	0.0	0.0
295	A	8210	0	0	0	0.0	0.0	0.0
296	C	8210	1450	0	0	0.17661388550548113	0.0	0.0
297	G	8210	3	0	0	0.0003654080389768575	0.0	0.0
298	G	8210	0	0	0	0.0	0.0	0.0
299	T	8210	1122	0	0	0.1366626065773447	0.0	0.0
300	C	8210	0	0	0	0.0	0.0	0.0
301	G	8210	0	0	0	0.0	0.0	0.0
302	C	8210	975	0	0	0.11875761266747868	0.0	0.0
303	T	8210	0	0	0	0.0	0.0	0.0
304	G	8210	0	0	0	0.0	0.0	0.0
305	C	8210	351	0	0	0.042752740560292324	0.0	0.0
306	T	8210	0	0	0	0.0	0.0	0.0
307	C	8210	0	0	0	0.0	0.0	0.0
308	G	8210	115	0	0	0.014007308160779537	0.0	0.0
309	T	8210	0	0	0	0.0	0.0	0.0
310	C	8210	0	0	0	0.0	0.0	0.0
311	T	8210	1	0	0	0.0001218026796589525	0.0	0.0
312	T	8210	0	0	0	0.0	0.0	0.0
313	C	8210	1	0	0	0.0001218026796589525	0.0	0.0
314	T	8210	0	0	0	0.0	0.0	0.0
315	C	8210	0	0	0	0.0	0.0	0.0
316	C	8210	0	0	0	0.0	0.0	0.0
317	A	8210	1191	0	0	0.1450669914738124	0.0	0.0
318	A	8210	0	0	0	0.0	0.0	0.0
319	T	8210	0	0	0	0.0	0.0	0.0
320	A	8210	0	0	0	0.0	0.0	0.0
321	A	8210	0	0	0	0.0	0.0	0.0
322	A	8210	0	0	0	0.0	0.0	0.0
323	C	8210	186	0	0	0.022655298416565165	0.0	0.0
324	A	8210	0	0	0	0.0	0.0	0.0
325	A	8210	0	0	0	0.0	0.0	0.0
326	C	8210	36	0	0	0.00438489646772229	0.0	0.0
327	G	8210	0	0	0	0.0	0.0	0.0
328	T	8210	0	0	0	0.0	0.0	0.0
329	T	8210	0	0	0	0.0	0.0	0.0
330	A	8210	0	0	0	0.0	0.0	0.0
331	C	8210	0	0	0	0.0	0.0	0.0
332	T	8210	0	0	0	0.0	0.0	0.0
333	G	8210	0	0	0	0.0	0.0	0.0
334	G	8210	0	0	0	0.0	0.0	0.0
335	C	8210	194	0	0	0.023629719853836783	0.0	0.0
336	G	8210	0	0	0	0.0	0.0	0.0
337	T	8210	0	0	0	0.0	0.0	0.0
338	A	8210	0	0	0	0.0	0.0	0.0
339	G	8210	1	0	0	0.0001218026796589525	0.0	0.0
340	T	8210	0	0	0	0.0	0.0	0.0
341	T	8210	1	0	0	0.0001218026796589525	0.0	0.0
342	T	8210	0	0	0	0.0	0.0	0.0
343	C	8210	0	0	0	0.0	0.0	0.0
344	A	8210	186	0	0	0.022655298416565165	0.0	0.0
345	T	8210	0	0	0	0.0	0.0	0.0
346	C	8210	0	0	0	0.0	0.0	0.0
347	T	8210	0	0	0	0.0	0.0	0.0
348	A	8210	0	0	0	0.0	0.0	0.0
349	C	8210	0	0	0	0.0	0.0	0.0
350	A	8210	0	0	0	0.0	0.0	0.0
351	A	8210	0	0	0	0.0	0.0	0.0
352	T	8210	0	0	0	0.0	0.0	0.0
353	T	8210	0	0	0	0.0	0.0	0.0
354	T	8210	1	0	0	0.0001218026796589525	0.0	0.0
355	C	8210	0	0	0	0.0	0.0	0.0
356	T	8210	0	0	0	0.0	0.0	0.0
357	A	8210	0	0	0	0.0	0.0	0.0
358	G	8210	0	0	0	0.0	0.0	0.0
359	C	8210	0	0	0	0.0	0.0	0.0
360	G	8210	0	0	0	0.0	0.0	0.0
361	T	8210	0	0	0	0.0	0.0	0.0
362	T	8210	1019	0	0	0.1241169305724726	0.0	0.0
363	C	8210	0	0	0	0.0	0.0	0.0
364	C	8210	0	0	0	0.0	0.0	0.0
365	A	8210	0	0	0	0.0	0.0	0.0
366	T	8210	0	0	0	0.0	0.0	0.0
367	G	8210	0	0	0	0.0	0.0	0.0
368	T	8210	0	0	0	0.0	0.0	0.0
369	A	8210	0	0	0	0.0	0.0	0.0
370	A	8210	0	0	0	0.0	0.0	0.0
371	G	8210	0	0	0	0.0	0.0	0.0
372	A	8210	0	0	0	0.0	0.0	0.0
373	A	8210	0	0	0	0.0	0.0	0.0
374	C	8210	0	0	0	0.0	0.0	0.0
375	T	8210	0	0	0	0.0	0.0	0.0
376	C	8210	0	0	0	0.0	0.0	0.0
377	T	8210	0	0	0	0.0	0.0	0.0
378	G	8210	0	0	0	0.0	0.0	0.0
379	C	8210	0	0	0	0.0	0.0	0.0
380	T	8210	0	0	0	0.0	0.0	0.0
381	G	8210	0	0	0	0.0	0.0	0.0
382	C	8210	0	0	0	0.0	0.0	0.0
383	A	8210	0	0	0	0.0	0.0	0.0
384	T	8210	0	0	0	0.0	0.0	0.0
385	G	8210	0	0	0	0.0	0.0	0.0
386	A	8210	0	0	0	0.0	0.0	0.0
387	A	8210	0	0	0	0.0	0.0	0.0
388	T	8210	0	0	0	0.0	0.0	0.0
389	T	8210	0	0	0	0.0	0.0	0.0
390	G	8210	0	0	0	0.0	0.0	0.0
391	A	8210	0	0	0	0.0	0.0	0.0
392	T	8210	0	0	0	0.0	0.0	0.0
393	T	8210	0	0	0	0.0	0.0	0.0
394	T	8210	0	0	0	0.0	0.0	0.0
395	T	8210	0	0	0	0.0	0.0	0.0
396	G	8210	0	0	0	0.0	0.0	0.0
397	A	8210	0	0	0	0.0	0.0	0.0
398	G	8210	2210	0	0	0.269183922046285	0.0	0.0
399	C	8210	0	0	0	0.0	0.0	0.0
400	G	8210	9	0	0	0.0010962241169305725	0.0	0.0
401	A	8210	0	0	0	0.0	0.0	0.0
402	A	8210	0	0	0	0.0	0.0	0.0
403	G	8210	0	0	0	0.0	0.0	0.0
404	C	8210	0	0	0	0.0	0.0	0.0
405	C	8210	0	0	0	0.0	0.0	0.0
406	A	8210	0	0	0	0.0	0.0	0.0
407	A	8210	0	0	0	0.0	0.0	0.0
408	C	8210	0	0	0	0.0	0.0	0.0
409	T	8210	0	0	0	0.0	0.0	0.0
410	T	8210	0	0	0	0.0	0.0	0.0
411	T	8210	0	0	0	0.0	0.0	0.0
412	G	8210	0	0	0	0.0	0.0	0.0
413	C	8210	0	0	0	0.0	0.0	0.0
414	T	8210	0	0	0	0.0	0.0	0.0
415	C	8210	0	0	0	0.0	0.0	0.0
416	T	8210	0	0	0	0.0	0.0	0.0
417	T	8210	0	0	0	0.0	0.0	0.0
418	C	8210	0	0	0	0.0	0.0	0.0
419	C	8210	0	0	0	0.0	0.0	0.0
420	C	8210	0	0	0	0.0	0.0	0.0
421	A	8210	0	0	0	0.0	0.0	0.0
422	A	8210	0	0	0	0.0	0.0	0.0
423	T	8210	1	1	0	0.0001218026796589525	0.0001218026796589525	0.0
424	A	8210	0	0	0	0.0	0.0	0.0
425	G	8210	1	0	0	0.0001218026796589525	0.0	0.0
426	C	8210	0	0	0	0.0	0.0	0.0
427	A	8210	0	0	0	0.0	0.0	0.0
428	C	8210	0	0	0	0.0	0.0	0.0
429	A	8210	0	0	0	0.0	0.0	0.0
430	T	8210	1	0	0	0.0001218026796589525	0.0	0.0
431	T	8210	0	0	0	0.0	0.0	0.0
432	G	8210	0	0	0	0.0	0.0	0.0
433	C	8210	0	0	0	0.0	0.0	0.0
434	A	8210	0	0	0	0.0	0.0	0.0
435	T	8210	1	0	0	0.0001218026796589525	0.0	0.0
436	A	8210	0	0	0	0.0	0.0	0.0
437	A	8210	0	0	0	0.0	0.0	0.0
438	G	8210	0	0	0	0.0	0.0	0.0
439	A	8210	0	0	0	0.0	0.0	0.0
440	A	8210	0	0	0	0.0	0.0	0.0
441	T	8210	0	0	0	0.0	0.0	0.0
442	A	8210	0	0	4	0.0	0.0	0.00048721071863581
443	G	8210	1281	0	6	0.15602923264311816	0.0	0.000730816077953715
444	A	8210	0	0	8	0.0	0.0	0.00097442143727162
445	C	8210	0	0	2	0.0	0.0	0.000243605359317905
446	C	8210	0	0	0	0.0	0.0	0.0
447	G	8210	0	0	1	0.0	0.0	0.0001218026796589525
448	C	8210	0	0	2	0.0	0.0	0.000243605359317905
449	T	8210	0	0	0	0.0	0.0	0.0
450	C	8210	0	0	0	0.0	0.0	0.0
451	C	8210	0	0	0	0.0	0.0	0.0
452	C	8210	0	0	0	0.0	0.0	0.0
453	C	8210	0	0	0	0.0	0.0	0.0
454	A	8210	0	0	0	0.0	0.0	0.0
455	T	8210	0	0	0	0.0	0.0	0.0
456	T	8210	0	0	0	0.0	0.0	0.0
457	G	8210	0	0	0	0.0	0.0	0.0
458	G	8210	0	0	0	0.0	0.0	0.0
459	T	8210	2	0	0	0.000243605359317905	0.0	0.0
460	T	8210	0	0	0	0.0	0.0	0.0
461	C	8210	892	0	0	0.10864799025578563	0.0	0.0
462	C	8210	0	0	0	0.0	0.0	0.0
463	C	8210	1	0	0	0.0001218026796589525	0.0	0.0
464	T	8210	0	0	0	0.0	0.0	0.0
465	G	8210	0	0	0	0.0	0.0	0.0
466	C	8210	0	0	0	0.0	0.0	0.0
467	G	8210	0	0	0	0.0	0.0	0.0
468	C	8210	0	0	0	0.0	0.0	0.0
469	C	8210	0	0	0	0.0	0.0	0.0
470	A	8210	0	0	0	0.0	0.0	0.0
471	A	8210	0	0	0	0.0	0.0	0.0
472	T	8210	0	0	0	0.0	0.0	0.0
473	A	8210	0	0	0	0.0	0.0	0.0
474	A	8210	0	0	0	0.0	0.0	0.0
475	A	8210	0	0	0	0.0	0.0	0.0
476	A	8210	0	0	0	0.0	0.0	0.0
477	T	8210	0	0	0	0.0	0.0	0.0
478	A	8210	0	0	0	0.0	0.0	0.0
479	G	8210	0	0	0	0.0	0.0	0.0
480	T	8210	0	0	0	0.0	0.0	0.0
481	G	8210	0	0	0	0.0	0.0	0.0
482	A	8210	0	0	0	0.0	0.0	0.0
483	A	8210	0	0	0	0.0	0.0	0.0
484	T	8210	2	0	0	0.000243605359317905	0.0	0.0
485	G	8210	0	0	0	0.0	0.0	0.0
486	C	8210	3	0	0	0.0003654080389768575	0.0	0.0
487	T	8210	0	0	0	0.0	0.0	0.0
488	A	8210	0	0	0	0.0	0.0	0.0
489	T	8210	0	0	0	0.0	0.0	0.0
490	C	8210	1	0	0	0.0001218026796589525	0.0	0.0
491	A	8210	0	0	0	0.0	0.0	0.0
492	T	8210	0	0	0	0.0	0.0	0.0
493	G	8210	0	0	0	0.0	0.0	0.0
494	A	8210	1	0	0	0.0001218026796589525	0.0	0.0
495	C	8210	3	0	0	0.0003654080389768575	0.0	0.0
496	G	8210	0	0	0	0.0	0.0	0.0
497	A	8210	0	0	0	0.0	0.0	0.0
498	T	8210	0	0	0	0.0	0.0	0.0
499	G	8210	0	0	0	0.0	0.0	0.0
500	T	8210	0	0	0	0.0	0.0	0.0
501	T	8210	0	0	0	0.0	0.0	0.0
502	T	8210	0	0	0	0.0	0.0	0.0
503	T	8210	0	0	0	0.0	0.0	0.0
504	T	8210	0	0	0	0.0	0.0	0.0
505	C	8210	0	0	0	0.0	0.0	0.0
506	C	8210	1	0	0	0.0001218026796589525	0.0	0.0
507	G	8210	2	0	0	0.000243605359317905	0.0	0.0
508	C	8210	0	0	0	0.0	0.0	0.0
509	A	8210	186	0	0	0.022655298416565165	0.0	0.0
510	A	8210	0	0	0	0.0	0.0	0.0
511	A	8210	0	0	0	0.0	0.0	0.0
512	A	8210	0	0	0	0.0	0.0	0.0
513	G	8210	183	0	0	0.022289890377588308	0.0	0.0
514	C	8210	0	0	0	0.0	0.0	0.0
515	T	8210	0	0	0	0.0	0.0	0.0
516	A	8210	0	0	0	0.0	0.0	0.0
517	A	8210	0	0	0	0.0	0.0	0.0
518	G	8210	1	0	0	0.0001218026796589525	0.0	0.0
519	C	8210	0	0	0	0.0	0.0	0.0
520	C	8210	0	0	0	0.0	0.0	0.0
521	A	8210	1	0	0	0.0001218026796589525	0.0	0.0
522	A	8210	0	0	0	0.0	0.0	0.0
523	A	8210	0	0	0	0.0	0.0	0.0
524	C	8210	0	0	0	0.0	0.0	0.0
525	G	8210	182	0	0	0.022168087697929353	0.0	0.0
526	C	8210	6	0	0	0.000730816077953715	0.0	0.0
527	A	8210	0	0	0	0.0	0.0	0.0
528	T	8210	0	0	0	0.0	0.0	0.0
529	C	8210	0	0	0	0.0	0.0	0.0
530	G	8210	2	0	0	0.000243605359317905	0.0	0.0
531	G	8210	0	0	0	0.0	0.0	0.0
532	C	8210	23	0	0	0.0028014616321559074	0.0	0.0
533	A	8210	0	0	0	0.0	0.0	0.0
534	C	8210	0	0	0	0.0	0.0	0.0
535	T	8210	0	0	0	0.0	0.0	0.0
536	T	8210	0	0	0	0.0	0.0	0.0
537	T	8210	0	0	0	0.0	0.0	0.0
538	T	8210	0	0	0	0.0	0.0	0.0
539	T	8210	0	0	0	0.0	0.0	0.0
540	T	8210	0	0	0	0.0	0.0	0.0
541	C	8210	0	0	0	0.0	0.0	0.0
542	G	8210	203	0	0	0.024725943970767356	0.0	0.0
543	G	8210	0	0	0	0.0	0.0	0.0
544	C	8210	1	0	0	0.0001218026796589525	0.0	0.0
545	T	8210	0	0	0	0.0	0.0	0.0
546	T	8210	0	0	0	0.0	0.0	0.0
547	C	8210	0	0	0	0.0	0.0	0.0
548	A	8210	0	0	0	0.0	0.0	0.0
549	G	8210	3	0	0	0.0003654080389768575	0.0	0.0
550	C	8210	0	0	0	0.0	0.0	0.0
551	T	8210	0	0	0	0.0	0.0	0.0
552	A	8210	0	0	0	0.0	0.0	0.0
553	A	8210	0	0	0	0.0	0.0	0.0
554	A	8210	142	0	0	0.017295980511571253	0.0	0.0
555	C	8210	0	0	0	0.0	0.0	0.0
556	C	8210	0	0	0	0.0	0.0	0.0
557	T	8210	1	0	0	0.0001218026796589525	0.0	0.0
558	G	8210	0	0	0	0.0	0.0	0.0
559	T	8210	0	0	0	0.0	0.0	0.0
560	A	8210	0	0	0	0.0	0.0	0.0
561	G	8210	0	0	0	0.0	0.0	0.0
562	G	8210	0	0	0	0.0	0.0	0.0
563	C	8210	3	0	0	0.0003654080389768575	0.0	0.0
564	A	8210	0	0	0	0.0	0.0	0.0
565	A	8210	0	0	0	0.0	0.0	0.0
566	A	8210	0	0	0	0.0	0.0	0.0
567	T	8210	0	0	0	0.0	0.0	0.0
568	A	8210	1	0	0	0.0001218026796589525	0.0	0.0
569	T	8210	0	0	0	0.0	0.0	0.0
570	T	8210	1	0	0	0.0001218026796589525	0.0	0.0
571	C	8210	0	0	0	0.0	0.0	0.0
572	T	8210	0	0	0	0.0	0.0	0.0
573	T	8210	0	0	0	0.0	0.0	0.0
574	C	8210	2	0	0	0.000243605359317905	0.0	0.0
575	C	8210	0	0	0	0.0	0.0	0.0
576	A	8210	0	0	0	0.0	0.0	0.0
577	A	8210	0	0	0	0.0	0.0	0.0
578	T	8210	0	0	0	0.0	0.0	0.0
579	T	8210	0	0	0	0.0	0.0	0.0
580	C	8210	1	0	0	0.0001218026796589525	0.0	0.0
581	T	8210	0	0	0	0.0	0.0	0.0
582	T	8210	0	0	0	0.0	0.0	0.0
583	G	8210	0	0	0	0.0	0.0	0.0
584	G	8210	0	0	0	0.0	0.0	0.0
585	T	8210	0	0	0	0.0	0.0	0.0
586	A	8210	0	0	0	0.0	0.0	0.0
587	A	8210	0	0	0	0.0	0.0	0.0
588	T	8210	0	0	0	0.0	0.0	0.0
589	A	8210	0	0	0	0.0	0.0	0.0
590	A	8210	0	0	0	0.0	0.0	0.0
591	T	8210	0	0	0	0.0	0.0	0.0
592	T	8210	0	0	0	0.0	0.0	0.0
593	T	8210	0	0	0	0.0	0.0	0.0
594	T	8210	0	0	0	0.0	0.0	0.0
595	C	8210	0	0	0	0.0	0.0	0.0
596	G	8210	0	0	0	0.0	0.0	0.0
597	T	8210	0	0	0	0.0	0.0	0.0
598	A	8210	0	0	0	0.0	0.0	0.0
599	A	8210	0	0	0	0.0	0.0	0.0
600	T	8210	0	0	0	0.0	0.0	0.0
601	C	8210	0	0	0	0.0	0.0	0.0
602	T	8210	0	0	0	0.0	0.0	0.0
603	G	8210	39	0	0	0.004750304506699147	0.0	0.0
604	T	8210	0	0	0	0.0	0.0	0.0
605	A	8210	0	0	0	0.0	0.0	0.0
606	A	8210	0	0	0	0.0	0.0	0.0
607	A	8210	0	0	0	0.0	0.0	0.0
608	T	8210	0	0	0	0.0	0.0	0.0
609	T	8210	0	0	0	0.0	0.0	0.0
610	C	8210	0	0	0	0.0	0.0	0.0
611	G	8210	0	0	0	0.0	0.0	0.0
612	T	8210	0	0	0	0.0	0.0	0.0
613	T	8210	0	0	0	0.0	0.0	0.0
614	G	8210	188	0	1	0.022898903775883068	0.0	0.0001218026796589525
615	T	8210	0	1	0	0.0	0.0001218026796589525	0.0
616	T	8210	0	0	0	0.0	0.0	0.0
617	T	8210	1	0	0	0.0001218026796589525	0.0	0.0
618	T	8210	0	0	0	0.0	0.0	0.0
619	T	8210	0	0	0	0.0	0.0	0.0
620	T	8210	0	0	0	0.0	0.0	0.0
621	T	8210	0	0	0	0.0	0.0	0.0
622	G	8210	1	0	0	0.0001218026796589525	0.0	0.0
623	C	8210	45	0	0	0.0054811205846528625	0.0	0.0
624	A	8210	1	0	0	0.0001218026796589525	0.0	0.0
625	T	8210	0	0	0	0.0	0.0	0.0
626	T	8210	0	0	0	0.0	0.0	0.0
627	A	8210	0	0	0	0.0	0.0	0.0
628	A	8210	1	0	0	0.0001218026796589525	0.0	0.0
629	A	8210	0	0	0	0.0	0.0	0.0
630	C	8210	0	0	0	0.0	0.0	0.0
631	G	8210	0	0	0	0.0	0.0	0.0
632	A	8210	0	0	0	0.0	0.0	0.0
633	T	8210	0	0	0	0.0	0.0	0.0
634	C	8210	0	0	0	0.0	0.0	0.0
635	A	8210	3	0	0	0.0003654080389768575	0.0	0.0
636	G	8210	0	0	0	0.0	0.0	0.0
637	C	8210	1	0	0	0.0001218026796589525	0.0	0.0
638	T	8210	1	0	0	0.0001218026796589525	0.0	0.0
639	A	8210	1	0	0	0.0001218026796589525	0.0	0.0
640	C	8210	0	0	0	0.0	0.0	0.0
641	C	8210	0	0	0	0.0	0.0	0.0
642	A	8210	0	0	0	0.0	0.0	0.0
643	T	8210	0	0	0	0.0	0.0	0.0
644	A	8210	0	0	0	0.0	0.0	0.0
645	A	8210	0	0	0	0.0	0.0	0.0
646	A	8210	0	0	0	0.0	0.0	0.0
647	G	8210	0	0	0	0.0	0.0	0.0
648	A	8210	0	0	0	0.0	0.0	0.0
649	A	8210	0	0	0	0.0	0.0	0.0
650	C	8210	0	0	0	0.0	0.0	0.0
651	T	8210	0	0	0	0.0	0.0	0.0
652	T	8210	0	0	0	0.0	0.0	0.0
653	G	8210	1	0	0	0.0001218026796589525	0.0	0.0
654	A	8210	0	0	0	0.0	0.0	0.0
655	T	8210	0	0	0	0.0	0.0	0.0
656	T	8210	0	0	0	0.0	0.0	0.0
657	T	8210	0	0	0	0.0	0.0	0.0
658	G	8210	0	0	0	0.0	0.0	0.0
659	C	8210	0	0	0	0.0	0.0	0.0
660	T	8210	0	0	0	0.0	0.0	0.0
661	C	8210	0	0	0	0.0	0.0	0.0
662	A	8210	0	0	0	0.0	0.0	0.0
663	G	8210	0	0	0	0.0	0.0	0.0
664	T	8210	0	0	0	0.0	0.0	0.0
665	T	8210	0	0	0	0.0	0.0	0.0
666	C	8210	0	0	0	0.0	0.0	0.0
667	C	8210	0	0	0	0.0	0.0	0.0
668	T	8210	0	0	0	0.0	0.0	0.0
669	G	8210	3	0	0	0.0003654080389768575	0.0	0.0
670	G	8210	0	0	0	0.0	0.0	0.0
671	A	8210	1176	0	0	0.14323995127892813	0.0	0.0
672	G	8210	0	0	0	0.0	0.0	0.0
673	C	8210	0	0	0	0.0	0.0	0.0
674	T	8210	0	0	0	0.0	0.0	0.0
675	G	8210	0	0	0	0.0	0.0	0.0
676	G	8210	0	0	0	0.0	0.0	0.0
677	A	8210	0	0	0	0.0	0.0	0.0
678	T	8210	0	0	0	0.0	0.0	0.0
679	A	8210	0	0	0	0.0	0.0	0.0
680	A	8210	0	0	0	0.0	0.0	0.0
681	G	8210	2	0	0	0.000243605359317905	0.0	0.0
682	T	8210	0	0	0	0.0	0.0	0.0
683	C	8210	0	0	0	0.0	0.0	0.0
684	A	8210	0	0	0	0.0	0.0	0.0
685	C	8210	0	0	0	0.0	0.0	0.0
686	C	8210	2	0	0	0.000243605359317905	0.0	0.0
687	A	8210	0	0	0	0.0	0.0	0.0
688	C	8210	1	0	0	0.0001218026796589525	0.0	0.0
689	A	8210	0	0	0	0.0	0.0	0.0
690	T	8210	0	0	0	0.0	0.0	0.0
691	A	8210	0	0	0	0.0	0.0	0.0
692	A	8210	0	0	0	0.0	0.0	0.0
693	T	8210	0	0	0	0.0	0.0	0.0
694	C	8210	1	0	0	0.0001218026796589525	0.0	0.0
695	A	8210	0	0	0	0.0	0.0	0.0
696	C	8210	0	0	0	0.0	0.0	0.0
697	A	8210	0	0	0	0.0	0.0	0.0
698	T	8210	0	0	0	0.0	0.0	0.0
699	A	8210	0	0	0	0.0	0.0	0.0
700	A	8210	0	0	0	0.0	0.0	0.0
701	A	8210	0	0	0	0.0	0.0	0.0
702	T	8210	0	0	0	0.0	0.0	0.0
703	C	8210	0	0	0	0.0	0.0	0.0
704	T	8210	0	0	0	0.0	0.0	0.0
705	G	8210	0	0	0	0.0	0.0	0.0
706	C	8210	3	0	0	0.0003654080389768575	0.0	0.0
707	T	8210	0	0	0	0.0	0.0	0.0
708	A	8210	0	0	0	0.0	0.0	0.0
709	A	8210	0	0	0	0.0	0.0	0.0
710	A	8210	0	0	0	0.0	0.0	0.0
711	A	8210	0	0	0	0.0	0.0	0.0
712	G	8210	1	0	0	0.0001218026796589525	0.0	0.0
713	A	8210	0	0	0	0.0	0.0	0.0
714	C	8210	0	0	0	0.0	0.0	0.0
715	T	8210	0	0	0	0.0	0.0	0.0
716	G	8210	2545	0	0	0.3099878197320341	0.0	0.0
717	T	8210	0	0	0	0.0	0.0	0.0
718	C	8210	0	0	0	0.0	0.0	0.0
719	T	8210	0	0	0	0.0	0.0	0.0
720	T	8210	0	0	0	0.0	0.0	0.0
721	T	8210	0	0	0	0.0	0.0	0.0
722	T	8210	0	0	0	0.0	0.0	0.0
723	G	8210	2	0	0	0.000243605359317905	0.0	0.0
724	C	8210	0	0	0	0.0	0.0	0.0
725	A	8210	0	0	0	0.0	0.0	0.0
726	T	8210	0	0	0	0.0	0.0	0.0
727	C	8210	0	0	0	0.0	0.0	0.0
728	G	8210	2641	0	0	0.32168087697929354	0.0	0.0
729	A	8210	0	0	0	0.0	0.0	0.0
730	T	8210	0	0	0	0.0	0.0	0.0
731	A	8210	0	0	0	0.0	0.0	0.0
732	A	8210	0	0	0	0.0	0.0	0.0
733	A	8210	0	0	0	0.0	0.0	0.0
734	A	8210	0	0	0	0.0	0.0	0.0
735	C	8210	0	0	0	0.0	0.0	0.0
736	C	8210	2	0	0	0.000243605359317905	0.0	0.0
737	A	8210	0	0	0	0.0	0.0	0.0
738	A	8210	0	0	0	0.0	0.0	0.0
739	A	8210	0	0	0	0.0	0.0	0.0
740	T	8210	0	0	0	0.0	0.0	0.0
741	A	8210	0	0	0	0.0	0.0	0.0
742	A	8210	2598	0	0	0.3164433617539586	0.0	0.0
743	C	8210	1	0	0	0.0001218026796589525	0.0	0.0
744	G	8210	0	0	0	0.0	0.0	0.0
745	T	8210	0	0	0	0.0	0.0	0.0
746	T	8210	256	0	0	0.03118148599269184	0.0	0.0
747	G	8210	0	0	0	0.0	0.0	0.0
748	C	8210	0	0	0	0.0	0.0	0.0
749	G	8210	217	0	0	0.026431181485992692	0.0	0.0
750	C	8210	0	0	0	0.0	0.0	0.0
751	C	8210	0	0	0	0.0	0.0	0.0
752	G	8210	12	0	0	0.00146163215590743	0.0	0.0
753	A	8210	0	0	0	0.0	0.0	0.0
754	C	8210	2	0	0	0.000243605359317905	0.0	0.0
755	C	8210	1	0	0	0.0001218026796589525	0.0	0.0
756	T	8210	0	0	0	0.0	0.0	0.0
757	T	8210	0	0	0	0.0	0.0	0.0
758	T	8210	0	0	0	0.0	0.0	0.0
759	T	8210	0	0	0	0.0	0.0	0.0
760	T	8210	0	0	0	0.0	0.0	0.0
761	G	8210	18	0	0	0.002192448233861145	0.0	0.0
762	A	8210	0	0	0	0.0	0.0	0.0
763	T	8210	0	0	0	0.0	0.0	0.0
764	T	8210	0	0	0	0.0	0.0	0.0
765	T	8210	0	0	0	0.0	0.0	0.0
766	C	8210	0	0	0	0.0	0.0	0.0
767	T	8210	0	0	0	0.0	0.0	0.0
768	T	8210	0	0	0	0.0	0.0	0.0
769	G	8210	2	0	0	0.000243605359317905	0.0	0.0
770	A	8210	0	0	0	0.0	0.0	0.0
771	A	8210	0	0	0	0.0	0.0	0.0
772	C	8210	5	0	0	0.0006090133982947625	0.0	0.0
773	G	8210	1	0	0	0.0001218026796589525	0.0	0.0
774	G	8210	0	0	0	0.0	0.0	0.0
775	C	8210	0	0	0	0.0	0.0	0.0
776	T	8210	0	0	0	0.0	0.0	0.0
777	T	8210	0	0	0	0.0	0.0	0.0
778	G	8210	1	0	0	0.0001218026796589525	0.0	0.0
779	C	8210	0	0	0	0.0	0.0	0.0
780	A	8210	0	0	0	0.0	0.0	0.0
781	C	8210	2	0	0	0.000243605359317905	0.0	0.0
782	C	8210	1	0	0	0.0001218026796589525	0.0	0.0
783	A	8210	0	0	0	0.0	0.0	0.0
784	C	8210	0	0	0	0.0	0.0	0.0
785	T	8210	133	0	0	0.01619975639464068	0.0	0.0
786	T	8210	0	0	0	0.0	0.0	0.0
787	C	8210	0	0	0	0.0	0.0	0.0
788	T	8210	0	0	0	0.0	0.0	0.0
789	T	8210	0	0	0	0.0	0.0	0.0
790	G	8210	1	0	0	0.0001218026796589525	0.0	0.0
791	T	8210	1	0	0	0.0001218026796589525	0.0	0.0
792	G	8210	0	0	0	0.0	0.0	0.0
793	T	8210	0	0	0	0.0	0.0	0.0
794	T	8210	0	0	0	0.0	0.0	0.0
795	G	8210	0	0	0	0.0	0.0	0.0
796	T	8210	0	0	0	0.0	0.0	0.0
797	C	8210	0	0	0	0.0	0.0	0.0
798	C	8210	0	0	0	0.0	0.0	0.0
799	C	8210	0	0	0	0.0	0.0	0.0
800	A	8210	0	0	0	0.0	0.0	0.0
801	G	8210	0	0	0	0.0	0.0	0.0
802	T	8210	4	0	0	0.00048721071863581	0.0	0.0
803	A	8210	0	0	0	0.0	0.0	0.0
804	A	8210	0	0	0	0.0	0.0	0.0
805	C	8210	0	0	0	0.0	0.0	0.0
806	G	8210	10	0	0	0.001218026796589525	0.0	0.0
807	G	8210	0	0	0	0.0	0.0	0.0
808	A	8210	0	0	0	0.0	0.0	0.0
809	A	8210	0	0	0	0.0	0.0	0.0
810	G	8210	0	0	0	0.0	0.0	0.0
811	A	8210	0	0	0	0.0	0.0	0.0
812	C	8210	0	0	0	0.0	0.0	0.0
813	A	8210	0	0	0	0.0	0.0	0.0
814	A	8210	0	0	0	0.0	0.0	0.0
815	G	8210	0	0	0	0.0	0.0	0.0
816	A	8210	4	0	0	0.00048721071863581	0.0	0.0
817	T	8210	0	0	0	0.0	0.0	0.0
818	G	8210	0	0	0	0.0	0.0	0.0
819	A	8210	0	0	0	0.0	0.0	0.0
820	C	8210	0	0	0	0.0	0.0	0.0
821	G	8210	0	0	0	0.0	0.0	0.0
822	A	8210	0	0	0	0.0	0.0	0.0
823	A	8210	0	0	0	0.0	0.0	0.0
824	T	8210	0	0	0	0.0	0.0	0.0
825	G	8210	1	0	0	0.0001218026796589525	0.0	0.0
826	A	8210	0	0	0	0.0	0.0	0.0
827	T	8210	0	0	0	0.0	0.0	0.0
828	T	8210	0	0	0	0.0	0.0	0.0
829	T	8210	0	0	0	0.0	0.0	0.0
830	T	8210	0	0	0	0.0	0.0	0.0
831	T	8210	0	0	0	0.0	0.0	0.0
832	C	8210	0	0	0	0.0	0.0	0.0
833	T	8210	0	0	0	0.0	0.0	0.0
834	G	8210	0	0	0	0.0	0.0	0.0
835	T	8210	0	0	0	0.0	0.0	0.0
836	T	8210	0	0	0	0.0	0.0	0.0
837	A	8210	0	0	0	0.0	0.0	0.0
838	A	8210	0	0	0	0.0	0.0	0.0
839	A	8210	0	0	0	0.0	0.0	0.0
840	C	8210	0	0	0	0.0	0.0	0.0
841	G	8210	0	0	0	0.0	0.0	0.0
842	T	8210	0	0	0	0.0	0.0	0.0
843	T	8210	0	0	0	0.0	0.0	0.0
844	T	8210	0	0	0	0.0	0.0	0.0
845	A	8210	0	0	0	0.0	0.0	0.0
846	T	8210	1	0	0	0.0001218026796589525	0.0	0.0
847	T	8210	0	0	0	0.0	0.0	0.0
848	G	8210	2	0	0	0.000243605359317905	0.0	0.0
849	C	8210	0	0	0	0.0	0.0	0.0
850	C	8210	0	0	0	0.0	0.0	0.0
851	T	8210	0	0	0	0.0	0.0	0.0
852	G	8210	0	0	0	0.0	0.0	0.0
853	T	8210	0	0	0	0.0	0.0	0.0
854	T	8210	0	0	0	0.0	0.0	0.0
855	G	8210	0	0	0	0.0	0.0	0.0
856	T	8210	0	0	0	0.0	0.0	0.0
857	G	8210	0	0	0	0.0	0.0	0.0
858	T	8210	0	0	0	0.0	0.0	0.0
859	A	8210	0	0	0	0.0	0.0	0.0
860	A	8210	0	0	0	0.0	0.0	0.0
861	T	8210	0	0	0	0.0	0.0	0.0
862	A	8210	16	0	0	0.00194884287454324	0.0	0.0
863	C	8210	0	0	0	0.0	0.0	0.0
864	T	8210	0	0	0	0.0	0.0	0.0
865	C	8210	0	0	0	0.0	0.0	0.0
866	A	8210	0	0	0	0.0	0.0	0.0
867	G	8210	0	0	0	0.0	0.0	0.0
868	C	8210	2	0	0	0.000243605359317905	0.0	0.0
869	A	8210	0	0	0	0.0	0.0	0.0
870	G	8210	30	0	0	0.0036540803897685747	0.0	0.0
871	C	8210	0	0	0	0.0	0.0	0.0
872	A	8210	0	0	0	0.0	0.0	0.0
873	T	8210	0	0	0	0.0	0.0	0.0
874	G	8210	1	0	0	0.0001218026796589525	0.0	0.0
875	T	8210	0	0	0	0.0	0.0	0.0
876	T	8210	0	0	0	0.0	0.0	0.0
877	G	8210	0	0	0	0.0	0.0	0.0
878	A	8210	0	0	0	0.0	0.0	0.0
879	A	8210	0	0	0	0.0	0.0	0.0
880	C	8210	0	0	0	0.0	0.0	0.0
881	A	8210	0	0	0	0.0	0.0	0.0
882	T	8210	0	0	0	0.0	0.0	0.0
883	A	8210	0	0	0	0.0	0.0	0.0
884	G	8210	0	0	0	0.0	0.0	0.0
885	A	8210	0	0	0	0.0	0.0	0.0
886	T	8210	2	0	0	0.000243605359317905	0.0	0.0
887	T	8210	0	0	0	0.0	0.0	0.0
888	G	8210	0	0	0	0.0	0.0	0.0
889	G	8210	0	0	0	0.0	0.0	0.0
890	T	8210	0	0	0	0.0	0.0	0.0
891	A	8210	1	0	0	0.0001218026796589525	0.0	0.0
892	A	8210	0	0	0	0.0	0.0	0.0
893	A	8210	0	0	0	0.0	0.0	0.0
894	T	8210	0	0	0	0.0	0.0	0.0
895	T	8210	0	0	0	0.0	0.0	0.0
896	A	8210	0	0	0	0.0	0.0	0.0
897	C	8210	0	0	0	0.0	0.0	0.0
898	T	8210	0	0	0	0.0	0.0	0.0
899	T	8210	0	0	0	0.0	0.0	0.0
900	T	8210	0	0	0	0.0	0.0	0.0
901	T	8210	0	0	0	0.0	0.0	0.0
902	T	8210	0	0	0	0.0	0.0	0.0
903	C	8210	0	0	0	0.0	0.0	0.0
904	C	8210	1	0	0	0.0001218026796589525	0.0	0.0
905	A	8210	0	0	0	0.0	0.0	0.0
906	T	8210	0	0	0	0.0	0.0	0.0
907	T	8210	0	0	0	0.0	0.0	0.0
908	C	8210	0	2	0	0.0	0.000243605359317905	0.0
909	G	8210	3	0	0	0.0003654080389768575	0.0	0.0
910	C	8210	0	0	0	0.0	0.0	0.0
911	A	8210	0	0	0	0.0	0.0	0.0
912	T	8210	1	0	0	0.0001218026796589525	0.0	0.0
913	A	8210	0	0	0	0.0	0.0	0.0
914	A	8210	0	0	0	0.0	0.0	0.0
915	G	8210	0	0	0	0.0	0.0	0.0
916	T	8210	0	0	0	0.0	0.0	0.0
917	A	8210	0	0	0	0.0	0.0	0.0
918	A	8210	0	0	0	0.0	0.0	0.0
919	C	8210	0	0	0	0.0	0.0	0.0
920	T	8210	0	0	0	0.0	0.0	0.0
921	G	8210	1	0	0	0.0001218026796589525	0.0	0.0
922	C	8210	1	0	0	0.0001218026796589525	0.0	0.0
923	T	8210	0	0	0	0.0	0.0	0.0
924	T	8210	0	0	0	0.0	0.0	0.0
925	G	8210	0	0	0	0.0	0.0	0.0
926	C	8210	0	0	0	0.0	0.0	0.0
927	A	8210	0	0	0	0.0	0.0	0.0
928	T	8210	0	0	0	0.0	0.0	0.0
929	G	8210	0	0	0	0.0	0.0	0.0
930	G	8210	0	0	0	0.0	0.0	0.0
931	C	8210	0	0	0	0.0	0.0	0.0
932	T	8210	0	0	0	0.0	0.0	0.0
933	G	8210	0	0	0	0.0	0.0	0.0
934	A	8210	0	0	0	0.0	0.0	0.0
935	A	8210	0	0	0	0.0	0.0	0.0
936	G	8210	0	0	0	0.0	0.0	0.0
937	C	8210	1	0	0	0.0001218026796589525	0.0	0.0
938	A	8210	9	0	0	0.0010962241169305725	0.0	0.0
939	T	8210	0	0	0	0.0	0.0	0.0
940	A	8210	1	0	0	0.0001218026796589525	0.0	0.0
941	A	8210	8	0	0	0.00097442143727162	0.0	0.0
942	G	8210	0	0	0	0.0	0.0	0.0
943	T	8210	0	0	0	0.0	0.0	0.0
944	A	8210	0	0	0	0.0	0.0	0.0
945	C	8210	0	0	0	0.0	0.0	0.0
946	C	8210	0	0	0	0.0	0.0	0.0
947	G	8210	1	0	0	0.0001218026796589525	0.0	0.0
948	C	8210	0	0	0	0.0	0.0	0.0
949	C	8210	0	0	0	0.0	0.0	0.0
950	G	8210	0	0	0	0.0	0.0	0.0
951	A	8210	0	0	0	0.0	0.0	0.0
952	T	8210	30	0	0	0.0036540803897685747	0.0	0.0
953	T	8210	0	0	0	0.0	0.0	0.0
954	C	8210	0	0	0	0.0	0.0	0.0
955	C	8210	0	0	0	0.0	0.0	0.0
956	T	8210	0	0	0	0.0	0.0	0.0
957	A	8210	0	0	0	0.0	0.0	0.0
958	A	8210	26	0	0	0.003166869671132765	0.0	0.0
959	A	8210	0	0	0	0.0	0.0	0.0
960	T	8210	0	0	0	0.0	0.0	0.0
961	A	8210	0	0	0	0.0	0.0	0.0
962	A	8210	0	0	0	0.0	0.0	0.0
963	T	8210	0	0	0	0.0	0.0	0.0
964	A	8210	0	0	0	0.0	0.0	0.0
965	A	8210	2672	0	0	0.3254567600487211	0.0	0.0
966	A	8210	0	0	0	0.0	0.0	0.0
967	C	8210	1	0	0	0.0001218026796589525	0.0	0.0
968	C	8210	0	0	0	0.0	0.0	0.0
969	G	8210	0	0	0	0.0	0.0	0.0
970	C	8210	8	0	0	0.00097442143727162	0.0	0.0
971	A	8210	0	0	0	0.0	0.0	0.0
972	T	8210	0	0	0	0.0	0.0	0.0
973	C	8210	0	0	0	0.0	0.0	0.0
974	A	8210	0	0	0	0.0	0.0	0.0
975	A	8210	0	0	0	0.0	0.0	0.0
976	A	8210	0	0	0	0.0	0.0	0.0
977	T	8210	0	0	0	0.0	0.0	0.0
978	C	8210	0	0	0	0.0	0.0	0.0
979	C	8210	0	0	0	0.0	0.0	0.0
980	T	8210	0	0	0	0.0	0.0	0.0
981	T	8210	0	0	0	0.0	0.0	0.0
982	T	8210	0	0	0	0.0	0.0	0.0
983	C	8210	6	0	0	0.000730816077953715	0.0	0.0
984	G	8210	8	0	0	0.00097442143727162	0.0	0.0
985	T	8210	12	0	0	0.00146163215590743	0.0	0.0
986	C	8210	0	0	0	0.0	0.0	0.0
987	C	8210	0	0	0	0.0	0.0	0.0
988	A	8210	0	0	0	0.0	0.0	0.0
989	A	8210	0	0	0	0.0	0.0	0.0
990	A	8210	0	0	0	0.0	0.0	0.0
991	C	8210	1	0	0	0.0001218026796589525	0.0	0.0
992	T	8210	0	0	0	0.0	0.0	0.0
993	T	8210	0	0	0	0.0	0.0	0.0
994	G	8210	0	0	0	0.0	0.0	0.0
995	A	8210	0	0	0	0.0	0.0	0.0
996	T	8210	0	0	0	0.0	0.0	0.0
997	C	8210	0	0	0	0.0	0.0	0.0
998	A	8210	0	0	0	0.0	0.0	0.0
999	A	8210	0	0	0	0.0	0.0	0.0
1000	C	8210	0	0	0	0.0	0.0	0.0
1001	A	8210	0	0	0	0.0	0.0	0.0
1002	A	8210	0	0	0	0.0	0.0	0.0
1003	C	8210	0	0	0	0.0	0.0	0.0
1004	T	8210	0	0	0	0.0	0.0	0.0
1005	T	8210	0	0	0	0.0	0.0	0.0
1006	T	8210	0	0	0	0.0	0.0	0.0
1007	T	8210	0	0	0	0.0	0.0	0.0
1008	T	8210	0	0	0	0.0	0.0	0.0
1009	C	8210	0	0	0	0.0	0.0	0.0
1010	A	8210	1	0	0	0.0001218026796589525	0.0	0.0
1011	A	8210	0	0	0	0.0	0.0	0.0
1012	C	8210	1	0	0	0.0001218026796589525	0.0	0.0
1013	A	8210	0	0	0	0.0	0.0	0.0
1014	T	8210	0	0	0	0.0	0.0	0.0
1015	C	8210	0	0	0	0.0	0.0	0.0
1016	T	8210	0	0	0	0.0	0.0	0.0
1017	G	8210	0	0	0	0.0	0.0	0.0
1018	A	8210	1	0	0	0.0001218026796589525	0.0	0.0
1019	A	8210	0	0	0	0.0	0.0	0.0
1020	C	8210	0	0	0	0.0	0.0	0.0
1021	G	8210	0	0	0	0.0	0.0	0.0
1022	C	8210	1	0	0	0.0001218026796589525	0.0	0.0
1023	A	8210	0	0	0	0.0	0.0	0.0
1024	A	8210	0	0	0	0.0	0.0	0.0
1025	G	8210	1	0	0	0.0001218026796589525	0.0	0.0
1026	G	8210	0	0	0	0.0	0.0	0.0
1027	C	8210	36	0	0	0.00438489646772229	0.0	0.0
1028	T	8210	0	0	0	0.0	0.0	0.0
1029	A	8210	0	0	0	0.0	0.0	0.0
1030	A	8210	0	0	0	0.0	0.0	0.0
1031	G	8210	0	0	0	0.0	0.0	0.0
1032	G	8210	0	0	0	0.0	0.0	0.0
1033	C	8210	2	0	0	0.000243605359317905	0.0	0.0
1034	A	8210	0	0	0	0.0	0.0	0.0
1035	C	8210	0	0	0	0.0	0.0	0.0
1036	C	8210	0	0	0	0.0	0.0	0.0
1037	T	8210	0	0	0	0.0	0.0	0.0
1038	C	8210	0	0	0	0.0	0.0	0.0
1039	G	8210	1	0	0	0.0001218026796589525	0.0	0.0
1040	T	8210	0	0	0	0.0	0.0	0.0
1041	A	8210	0	0	0	0.0	0.0	0.0
1042	T	8210	0	0	0	0.0	0.0	0.0
1043	G	8210	11	0	0	0.0013398294762484776	0.0	0.0
1044	T	8210	0	0	0	0.0	0.0	0.0
1045	C	8210	0	0	0	0.0	0.0	0.0
1046	T	8210	0	0	0	0.0	0.0	0.0
1047	T	8210	0	0	0	0.0	0.0	0.0
1048	T	8210	0	0	0	0.0	0.0	0.0
1049	G	8210	0	0	0	0.0	0.0	0.0
1050	A	8210	0	0	0	0.0	0.0	0.0
1051	T	8210	0	0	0	0.0	0.0	0.0
1052	T	8210	1	0	0	0.0001218026796589525	0.0	0.0
1053	T	8210	0	0	0	0.0	0.0	0.0
1054	G	8210	0	0	0	0.0	0.0	0.0
1055	T	8210	0	0	0	0.0	0.0	0.0
1056	T	8210	0	0	0	0.0	0.0	0.0
1057	G	8210	0	0	0	0.0	0.0	0.0
1058	T	8210	0	0	0	0.0	0.0	0.0
1059	T	8210	0	0	0	0.0	0.0	0.0
1060	C	8210	0	0	0	0.0	0.0	0.0
1061	T	8210	0	0	0	0.0	0.0	0.0
1062	T	8210	0	0	0	0.0	0.0	0.0
1063	C	8210	0	0	0	0.0	0.0	0.0
1064	A	8210	24	0	0	0.00292326431181486	0.0	0.0
1065	T	8210	0	0	0	0.0	0.0	0.0
1066	T	8210	0	0	0	0.0	0.0	0.0
1067	A	8210	0	0	0	0.0	0.0	0.0
1068	A	8210	0	0	0	0.0	0.0	0.0
1069	A	8210	0	0	0	0.0	0.0	0.0
1070	T	8210	0	0	0	0.0	0.0	0.0
1071	T	8210	0	0	0	0.0	0.0	0.0
1072	T	8210	1	0	0	0.0001218026796589525	0.0	0.0
1073	T	8210	0	0	0	0.0	0.0	0.0
1074	A	8210	0	0	0	0.0	0.0	0.0
1075	A	8210	0	0	0	0.0	0.0	0.0
1076	C	8210	0	0	0	0.0	0.0	0.0
1077	A	8210	0	0	0	0.0	0.0	0.0
1078	T	8210	0	0	0	0.0	0.0	0.0
1079	G	8210	2	0	0	0.000243605359317905	0.0	0.0
1080	G	8210	695	0	0	0.08465286236297198	0.0	0.0
1081	C	8210	0	0	0	0.0	0.0	0.0
1082	T	8210	1	0	0	0.0001218026796589525	0.0	0.0
1083	G	8210	0	0	0	0.0	0.0	0.0
1084	A	8210	0	0	0	0.0	0.0	0.0
1085	T	8210	0	0	0	0.0	0.0	0.0
1086	T	8210	123	0	0	0.014981729598051156	0.0	0.0
1087	T	8210	0	0	0	0.0	0.0	0.0
1088	C	8210	0	1	0	0.0	0.0001218026796589525	0.0
1089	C	8210	1	0	0	0.0001218026796589525	0.0	0.0
1090	C	8210	0	0	0	0.0	0.0	0.0
1091	T	8210	0	0	0	0.0	0.0	0.0
1092	C	8210	0	0	0	0.0	0.0	0.0
1093	T	8210	0	0	0	0.0	0.0	0.0
1094	T	8210	0	0	0	0.0	0.0	0.0
1095	T	8210	0	0	0	0.0	0.0	0.0
1096	C	8210	0	0	0	0.0	0.0	0.0
1097	T	8210	0	0	0	0.0	0.0	0.0
1098	T	8210	0	0	0	0.0	0.0	0.0
1099	T	8210	1	0	0	0.0001218026796589525	0.0	0.0
1100	G	8210	36	0	0	0.00438489646772229	0.0	0.0
1101	C	8210	8	0	0	0.00097442143727162	0.0	0.0
1102	T	8210	0	0	0	0.0	0.0	0.0
1103	A	8210	0	0	0	0.0	0.0	0.0
1104	T	8210	0	0	0	0.0	0.0	0.0
1105	T	8210	0	0	0	0.0	0.0	0.0
1106	T	8210	0	0	0	0.0	0.0	0.0
1107	T	8210	0	0	0	0.0	0.0	0.0
1108	A	8210	0	0	0	0.0	0.0	0.0
1109	C	8210	0	0	0	0.0	0.0	0.0
1110	T	8210	1	0	0	0.0001218026796589525	0.0	0.0
1111	T	8210	0	0	0	0.0	0.0	0.0
1112	T	8210	0	0	0	0.0	0.0	0.0
1113	T	8210	0	0	0	0.0	0.0	0.0
1114	T	8210	0	0	0	0.0	0.0	0.0
1115	A	8210	0	0	0	0.0	0.0	0.0
1116	G	8210	0	0	0	0.0	0.0	0.0
1117	G	8210	0	0	0	0.0	0.0	0.0
1118	A	8210	0	0	0	0.0	0.0	0.0
1119	C	8210	0	0	0	0.0	0.0	0.0
1120	A	8210	0	0	0	0.0	0.0	0.0
1121	C	8210	0	0	0	0.0	0.0	0.0
1122	A	8210	257	0	0	0.03130328867235079	0.0	0.0
1123	A	8210	0	0	0	0.0	0.0	0.0
1124	T	8210	0	0	0	0.0	0.0	0.0
1125	C	8210	1	0	0	0.0001218026796589525	0.0	0.0
1126	A	8210	0	0	0	0.0	0.0	0.0
1127	A	8210	0	0	0	0.0	0.0	0.0
1128	A	8210	0	0	0	0.0	0.0	0.0
1129	A	8210	0	0	0	0.0	0.0	0.0
1130	T	8210	0	0	0	0.0	0.0	0.0
1131	C	8210	0	0	0	0.0	0.0	0.0
1132	A	8210	0	0	0	0.0	0.0	0.0
1133	T	8210	0	0	0	0.0	0.0	0.0
1134	C	8210	8	0	0	0.00097442143727162	0.0	0.0
1135	A	8210	26	0	0	0.003166869671132765	0.0	0.0
1136	A	8210	1	0	0	0.0001218026796589525	0.0	0.0
1137	A	8210	0	0	0	0.0	0.0	0.0
1138	A	8210	0	0	0	0.0	0.0	0.0
1139	A	8210	0	0	0	0.0	0.0	0.0
1140	T	8210	0	0	0	0.0	0.0	0.0
1141	C	8210	0	0	0	0.0	0.0	0.0
1142	C	8210	1	0	0	0.0001218026796589525	0.0	0.0
1143	G	8210	0	0	0	0.0	0.0	0.0
1144	T	8210	0	0	0	0.0	0.0	0.0
1145	T	8210	0	0	0	0.0	0.0	0.0
1146	G	8210	2	0	0	0.000243605359317905	0.0	0.0
1147	A	8210	1	0	0	0.0001218026796589525	0.0	0.0
1148	G	8210	0	0	0	0.0	0.0	0.0
1149	A	8210	0	0	0	0.0	0.0	0.0
1150	T	8210	0	0	0	0.0	0.0	0.0
1151	A	8210	1	0	0	0.0001218026796589525	0.0	0.0
1152	A	8210	0	0	0	0.0	0.0	0.0
1153	A	8210	0	0	0	0.0	0.0	0.0
1154	T	8210	0	0	0	0.0	0.0	0.0
1155	C	8210	0	0	0	0.0	0.0	0.0
1156	A	8210	0	0	0	0.0	0.0	0.0
1157	A	8210	0	0	0	0.0	0.0	0.0
1158	T	8210	0	0	0	0.0	0.0	0.0
1159	T	8210	0	0	0	0.0	0.0	0.0
1160	C	8210	18	0	0	0.002192448233861145	0.0	0.0
1161	C	8210	1	0	0	0.0001218026796589525	0.0	0.0
1162	T	8210	0	0	0	0.0	0.0	0.0
1163	T	8210	0	0	0	0.0	0.0	0.0
1164	T	8210	0	0	0	0.0	0.0	0.0
1165	A	8210	0	0	0	0.0	0.0	0.0
1166	C	8210	0	0	0	0.0	0.0	0.0
1167	T	8210	0	0	0	0.0	0.0	0.0
1168	T	8210	0	1	0	0.0	0.0001218026796589525	0.0
1169	G	8210	0	0	0	0.0	0.0	0.0
1170	T	8210	1	0	0	0.0001218026796589525	0.0	0.0
1171	A	8210	0	0	0	0.0	0.0	0.0
1172	G	8210	1	0	0	0.0001218026796589525	0.0	0.0
1173	C	8210	0	0	0	0.0	0.0	0.0
1174	T	8210	0	0	0	0.0	0.0	0.0
1175	A	8210	0	0	0	0.0	0.0	0.0
1176	C	8210	9	0	0	0.0010962241169305725	0.0	0.0
1177	T	8210	0	0	0	0.0	0.0	0.0
1178	T	8210	0	0	0	0.0	0.0	0.0
1179	G	8210	0	0	0	0.0	0.0	0.0
1180	A	8210	0	0	0	0.0	0.0	0.0
1181	T	8210	0	0	0	0.0	0.0	0.0
1182	A	8210	992	0	0	0.12082825822168088	0.0	0.0
1183	C	8210	67	0	0	0.008160779537149818	0.0	0.0
1184	G	8210	1	0	0	0.0001218026796589525	0.0	0.0
1185	C	8210	0	0	1	0.0	0.0	0.0001218026796589525
1186	C	8210	6	0	0	0.000730816077953715	0.0	0.0
1187	A	8210	1	0	0	0.0001218026796589525	0.0	0.0
1188	A	8210	0	0	0	0.0	0.0	0.0
1189	A	8210	3529	0	1	0.42984165651644335	0.0	0.0001218026796589525
1190	T	8210	0	0	0	0.0	0.0	0.0
1191	A	8210	0	0	0	0.0	0.0	0.0
1192	T	8210	0	0	0	0.0	0.0	0.0
1193	T	8210	0	0	0	0.0	0.0	0.0
1194	G	8210	0	0	0	0.0	0.0	0.0
1195	A	8210	0	0	0	0.0	0.0	0.0
1196	A	8210	0	0	0	0.0	0.0	0.0
1197	A	8210	0	0	0	0.0	0.0	0.0
1198	T	8210	0	0	0	0.0	0.0	0.0
1199	G	8210	0	0	0	0.0	0.0	0.0
1200	G	8210	0	0	0	0.0	0.0	0.0
1201	A	8210	0	0	0	0.0	0.0	0.0
1202	A	8210	0	0	0	0.0	0.0	0.0
1203	T	8210	0	0	0	0.0	0.0	0.0
1204	A	8210	1	0	0	0.0001218026796589525	0.0	0.0
1205	A	8210	0	0	0	0.0	0.0	0.0
1206	C	8210	0	0	0	0.0	0.0	0.0
1207	T	8210	0	0	0	0.0	0.0	0.0
1208	A	8210	0	0	0	0.0	0.0	0.0
1209	A	8210	0	0	0	0.0	0.0	0.0
1210	T	8210	5052	0	0	0.615347137637028	0.0	0.0
1211	A	8210	0	0	0	0.0	0.0	0.0
1212	A	8210	0	0	0	0.0	0.0	0.0
1213	T	8210	0	0	0	0.0	0.0	0.0
1214	A	8210	0	1	0	0.0	0.0001218026796589525	0.0
1215	A	8210	0	0	0	0.0	0.0	0.0
1216	A	8210	99	2	0	0.012058465286236298	0.000243605359317905	0.0
1217	G	8210	0	0	0	0.0	0.0	0.0
1218	G	8210	0	0	0	0.0	0.0	0.0
1219	A	8210	0	0	0	0.0	0.0	0.0
1220	C	8210	0	0	0	0.0	0.0	0.0
1221	T	8210	0	0	0	0.0	0.0	0.0
1222	A	8210	0	0	0	0.0	0.0	0.0
1223	A	8210	0	0	0	0.0	0.0	0.0
1224	T	8210	0	0	0	0.0	0.0	0.0
1225	T	8210	0	0	0	0.0	0.0	0.0
1226	T	8210	0	0	0	0.0	0.0	0.0
1227	T	8210	0	0	0	0.0	0.0	0.0
1228	T	8210	0	0	0	0.0	0.0	0.0
1229	T	8210	0	0	0	0.0	0.0	0.0
1230	C	8210	0	0	0	0.0	0.0	0.0
1231	T	8210	0	0	0	0.0	0.0	0.0
1232	T	8210	0	0	0	0.0	0.0	0.0
1233	C	8210	0	0	0	0.0	0.0	0.0
1234	G	8210	0	0	0	0.0	0.0	0.0
1235	A	8210	0	0	0	0.0	0.0	0.0
1236	C	8210	13	0	0	0.0015834348355663825	0.0	0.0
1237	A	8210	1	0	0	0.0001218026796589525	0.0	0.0
1238	T	8210	0	0	0	0.0	0.0	0.0
1239	C	8210	0	0	0	0.0	0.0	0.0
1240	A	8210	0	0	0	0.0	0.0	0.0
1241	C	8210	6	0	0	0.000730816077953715	0.0	0.0
1242	T	8210	0	0	0	0.0	0.0	0.0
1243	T	8210	0	0	0	0.0	0.0	0.0
1244	G	8210	0	0	0	0.0	0.0	0.0
1245	C	8210	0	0	0	0.0	0.0	0.0
1246	T	8210	0	0	0	0.0	0.0	0.0
1247	A	8210	0	0	0	0.0	0.0	0.0
1248	A	8210	0	0	0	0.0	0.0	0.0
1249	A	8210	3992	0	0	0.4862362971985384	0.0	0.0
1250	C	8210	6011	0	0	0.7321559074299635	0.0	0.0
1251	C	8210	0	0	0	0.0	0.0	0.0
1252	T	8210	0	0	0	0.0	0.0	0.0
1253	A	8210	0	0	0	0.0	0.0	0.0
1254	A	8210	0	0	0	0.0	0.0	0.0
1255	C	8210	1	0	0	0.0001218026796589525	0.0	0.0
1256	G	8210	0	0	0	0.0	0.0	0.0
1257	T	8210	0	0	0	0.0	0.0	0.0
1258	A	8210	0	0	0	0.0	0.0	0.0
1259	T	8210	0	0	0	0.0	0.0	0.0
1260	T	8210	0	0	0	0.0	0.0	0.0
1261	T	8210	0	0	0	0.0	0.0	0.0
1262	G	8210	114	0	0	0.013885505481120585	0.0	0.0
1263	A	8210	0	0	0	0.0	0.0	0.0
1264	T	8210	1	0	0	0.0001218026796589525	0.0	0.0
1265	G	8210	0	0	0	0.0	0.0	0.0
1266	C	8210	1	0	0	0.0001218026796589525	0.0	0.0
1267	T	8210	2223	0	0	0.2707673568818514	0.0	0.0
1268	C	8210	0	0	0	0.0	0.0	0.0
1269	T	8210	506	0	0	0.061632155907429965	0.0	0.0
1270	C	8210	0	0	0	0.0	0.0	0.0
1271	G	8210	4	0	0	0.00048721071863581	0.0	0.0
1272	T	8210	0	0	0	0.0	0.0	0.0
1273	T	8210	0	0	0	0.0	0.0	0.0
1274	G	8210	0	0	0	0.0	0.0	0.0
1275	A	8210	0	0	0	0.0	0.0	0.0
1276	A	8210	0	0	0	0.0	0.0	0.0
1277	C	8210	7	0	0	0.0008526187576126675	0.0	0.0
1278	A	8210	7178	0	0	0.874299634591961	0.0	0.0
1279	C	8210	0	0	0	0.0	0.0	0.0
1280	G	8210	4	0	0	0.00048721071863581	0.0	0.0
1281	T	8210	0	0	0	0.0	0.0	0.0
1282	T	8210	0	0	0	0.0	0.0	0.0
1283	G	8210	0	0	0	0.0	0.0	0.0
1284	T	8210	0	0	0	0.0	0.0	0.0
1285	A	8210	0	0	0	0.0	0.0	0.0
1286	A	8210	0	0	0	0.0	0.0	0.0
1287	T	8210	0	0	0	0.0	0.0	0.0
1288	T	8210	0	0	0	0.0	0.0	0.0
1289	G	8210	0	0	0	0.0	0.0	0.0
1290	T	8210	0	0	0	0.0	0.0	0.0
1291	G	8210	0	0	0	0.0	0.0	0.0
1292	T	8210	0	0	0	0.0	0.0	0.0
1293	A	8210	0	0	0	0.0	0.0	0.0
1294	A	8210	0	0	0	0.0	0.0	0.0
1295	C	8210	2	0	0	0.000243605359317905	0.0	0.0
1296	A	8210	0	0	0	0.0	0.0	0.0
1297	T	8210	0	0	0	0.0	0.0	0.0
1298	T	8210	0	0	0	0.0	0.0	0.0
1299	G	8210	1	0	0	0.0001218026796589525	0.0	0.0
1300	G	8210	1545	0	0	0.1881851400730816	0.0	0.0
1301	C	8210	0	0	0	0.0	0.0	0.0
1302	C	8210	0	0	0	0.0	0.0	0.0
1303	A	8210	0	0	0	0.0	0.0	0.0
1304	A	8210	0	0	0	0.0	0.0	0.0
1305	C	8210	0	0	0	0.0	0.0	0.0
1306	A	8210	0	0	0	0.0	0.0	0.0
1307	T	8210	0	0	0	0.0	0.0	0.0
1308	A	8210	0	0	0	0.0	0.0	0.0
1309	A	8210	0	0	0	0.0	0.0	0.0
1310	C	8210	1608	0	0	0.19585870889159562	0.0	0.0
1311	T	8210	32	0	0	0.00389768574908648	0.0	0.0
1312	G	8210	12	0	0	0.00146163215590743	0.0	0.0
1313	G	8210	0	0	0	0.0	0.0	0.0
1314	C	8210	0	0	0	0.0	0.0	0.0
1315	T	8210	0	0	0	0.0	0.0	0.0
1316	A	8210	0	0	0	0.0	0.0	0.0
1317	G	8210	28	0	0	0.00341047503045067	0.0	0.0
1318	A	8210	0	0	0	0.0	0.0	0.0
1319	T	8210	0	0	0	0.0	0.0	0.0
1320	A	8210	0	0	0	0.0	0.0	0.0
1321	G	8210	2780	0	0	0.3386114494518879	0.0	0.0
1322	T	8210	0	0	0	0.0	0.0	0.0
1323	T	8210	0	0	0	0.0	0.0	0.0
1324	T	8210	0	0	0	0.0	0.0	0.0
1325	C	8210	4843	0	0	0.589890377588307	0.0	0.0
1326	T	8210	0	0	0	0.0	0.0	0.0
1327	C	8210	0	0	0	0.0	0.0	0.0
1328	A	8210	0	0	0	0.0	0.0	0.0
1329	A	8210	1	0	0	0.0001218026796589525	0.0	0.0
1330	G	8210	3	0	0	0.0003654080389768575	0.0	0.0
1331	G	8210	2	0	0	0.000243605359317905	0.0	0.0
1332	C	8210	0	0	0	0.0	0.0	0.0
1333	T	8210	1	0	0	0.0001218026796589525	0.0	0.0
1334	T	8210	0	0	0	0.0	0.0	0.0
1335	G	8210	0	0	0	0.0	0.0	0.0
1336	A	8210	4894	0	0	0.5961023142509135	0.0	0.0
1337	C	8210	0	0	0	0.0	0.0	0.0
1338	T	8210	0	0	0	0.0	0.0	0.0
1339	A	8210	0	0	0	0.0	0.0	0.0
1340	C	8210	0	0	0	0.0	0.0	0.0
1341	G	8210	0	0	0	0.0	0.0	0.0
1342	T	8210	0	0	0	0.0	0.0	0.0
1343	G	8210	0	0	0	0.0	0.0	0.0
1344	C	8210	1	0	7	0.0001218026796589525	0.0	0.0008526187576126675
1345	T	8210	0	0	0	0.0	0.0	0.0
1346	T	8210	0	0	0	0.0	0.0	0.0
1347	G	8210	0	0	0	0.0	0.0	0.0
1348	A	8210	0	0	0	0.0	0.0	0.0
1349	A	8210	3	0	0	0.0003654080389768575	0.0	0.0
1350	T	8210	1	0	0	0.0001218026796589525	0.0	0.0
1351	A	8210	0	0	0	0.0	0.0	0.0
1352	G	8210	0	0	0	0.0	0.0	0.0
1353	G	8210	20	0	0	0.00243605359317905	0.0	0.0
1354	A	8210	0	0	0	0.0	0.0	0.0
1355	C	8210	0	0	0	0.0	0.0	0.0
1356	T	8210	0	0	0	0.0	0.0	0.0
1357	T	8210	0	0	0	0.0	0.0	0.0
1358	T	8210	0	0	0	0.0	0.0	0.0
1359	G	8210	0	0	0	0.0	0.0	0.0
1360	A	8210	0	0	0	0.0	0.0	0.0
1361	T	8210	0	0	0	0.0	0.0	0.0
1362	T	8210	0	0	0	0.0	0.0	0.0
1363	T	8210	2163	0	0	0.2634591961023143	0.0	0.0
1364	T	8210	0	0	0	0.0	0.0	0.0
1365	C	8210	0	0	0	0.0	0.0	0.0
1366	A	8210	0	0	0	0.0	0.0	0.0
1367	A	8210	0	0	0	0.0	0.0	0.0
1368	T	8210	97	0	1	0.011814859926918391	0.0	0.0001218026796589525
1369	A	8210	0	0	0	0.0	0.0	0.0
1370	A	8210	0	0	0	0.0	0.0	0.0
1371	A	8210	0	0	0	0.0	0.0	0.0
1372	A	8210	0	0	0	0.0	0.0	0.0
1373	A	8210	0	0	0	0.0	0.0	0.0
1374	A	8210	0	0	0	0.0	0.0	0.0
1375	C	8210	0	0	0	0.0	0.0	0.0
1376	A	8210	0	0	0	0.0	0.0	0.0
1377	A	8210	1	0	0	0.0001218026796589525	0.0	0.0
1378	A	8210	0	0	0	0.0	0.0	0.0
1379	A	8210	0	0	0	0.0	0.0	0.0
1380	G	8210	0	0	0	0.0	0.0	0.0
1381	A	8210	0	0	0	0.0	0.0	0.0
1382	T	8210	0	0	0	0.0	0.0	0.0
1383	G	8210	0	0	0	0.0	0.0	0.0
1384	T	8210	0	0	0	0.0	0.0	0.0
1385	G	8210	0	0	0	0.0	0.0	0.0
1386	T	8210	0	0	0	0.0	0.0	0.0
1387	A	8210	0	0	0	0.0	0.0	0.0
1388	G	8210	1123	0	0	0.13678440925700366	0.0	0.0
1389	T	8210	1	0	0	0.0001218026796589525	0.0	0.0
1390	A	8210	0	0	0	0.0	0.0	0.0
1391	T	8210	0	0	0	0.0	0.0	0.0
1392	C	8210	0	0	0	0.0	0.0	0.0
1393	C	8210	0	0	0	0.0	0.0	0.0
1394	G	8210	0	0	0	0.0	0.0	0.0
1395	C	8210	0	0	0	0.0	0.0	0.0
1396	T	8210	0	0	0	0.0	0.0	0.0
1397	T	8210	0	0	0	0.0	0.0	0.0
1398	C	8210	0	0	0	0.0	0.0	0.0
1399	A	8210	0	0	0	0.0	0.0	0.0
1400	A	8210	0	0	0	0.0	0.0	0.0
1401	G	8210	0	0	0	0.0	0.0	0.0
1402	A	8210	36	0	0	0.00438489646772229	0.0	0.0
1403	T	8210	0	0	0	0.0	0.0	0.0
1404	A	8210	1	0	0	0.0001218026796589525	0.0	0.0
1405	A	8210	0	0	0	0.0	0.0	0.0
1406	G	8210	0	0	0	0.0	0.0	0.0
1407	G	8210	0	0	0	0.0	0.0	0.0
1408	C	8210	2	0	0	0.000243605359317905	0.0	0.0
1409	C	8210	0	0	0	0.0	0.0	0.0
1410	C	8210	0	0	0	0.0	0.0	0.0
1411	A	8210	0	0	0	0.0	0.0	0.0
1412	T	8210	0	0	0	0.0	0.0	0.0
1413	G	8210	2	0	0	0.000243605359317905	0.0	0.0
1414	C	8210	0	0	0	0.0	0.0	0.0
1415	A	8210	0	0	0	0.0	0.0	0.0
1416	T	8210	0	0	0	0.0	0.0	0.0
1417	A	8210	0	0	0	0.0	0.0	0.0
1418	T	8210	0	0	0	0.0	0.0	0.0
1419	A	8210	0	0	0	0.0	0.0	0.0
1420	G	8210	457	0	0	0.05566382460414129	0.0	0.0
1421	G	8210	0	0	0	0.0	0.0	0.0
1422	C	8210	1	0	0	0.0001218026796589525	0.0	0.0
1423	T	8210	1	0	0	0.0001218026796589525	0.0	0.0
1424	T	8210	0	0	0	0.0	0.0	0.0
1425	C	8210	0	0	0	0.0	0.0	0.0
1426	G	8210	1363	0	0	0.16601705237515224	0.0	0.0
1427	A	8210	0	0	0	0.0	0.0	0.0
1428	C	8210	0	0	0	0.0	0.0	0.0
1429	T	8210	0	0	0	0.0	0.0	0.0
1430	T	8210	0	0	0	0.0	0.0	0.0
1431	C	8210	0	0	0	0.0	0.0	0.0
1432	A	8210	0	0	0	0.0	0.0	0.0
1433	A	8210	0	0	0	0.0	0.0	0.0
1434	A	8210	0	0	0	0.0	0.0	0.0
1435	T	8210	0	0	0	0.0	0.0	0.0
1436	C	8210	1	0	0	0.0001218026796589525	0.0	0.0
1437	C	8210	0	0	0	0.0	0.0	0.0
1438	T	8210	0	0	0	0.0	0.0	0.0
1439	T	8210	0	0	0	0.0	0.0	0.0
1440	G	8210	0	0	0	0.0	0.0	0.0
1441	G	8210	11	0	0	0.0013398294762484776	0.0	0.0
1442	G	8210	1	0	0	0.0001218026796589525	0.0	0.0
1443	A	8210	0	0	0	0.0	0.0	0.0
1444	A	8210	0	0	0	0.0	0.0	0.0
1445	G	8210	0	0	0	0.0	0.0	0.0
1446	G	8210	0	0	0	0.0	0.0	0.0
1447	T	8210	1	0	0	0.0001218026796589525	0.0	0.0
1448	A	8210	0	0	0	0.0	0.0	0.0
1449	A	8210	0	0	0	0.0	0.0	0.0
1450	G	8210	0	0	0	0.0	0.0	0.0
1451	C	8210	0	0	0	0.0	0.0	0.0
1452	G	8210	0	0	0	0.0	0.0	0.0
1453	A	8210	0	0	0	0.0	0.0	0.0
1454	A	8210	0	0	0	0.0	0.0	0.0
1455	C	8210	0	0	0	0.0	0.0	0.0
1456	T	8210	0	0	0	0.0	0.0	0.0
1457	G	8210	0	0	0	0.0	0.0	0.0
1458	T	8210	0	0	0	0.0	0.0	0.0
1459	T	8210	0	0	0	0.0	0.0	0.0
1460	T	8210	0	0	0	0.0	0.0	0.0
1461	C	8210	2	0	0	0.000243605359317905	0.0	0.0
1462	T	8210	0	0	0	0.0	0.0	0.0
1463	G	8210	2	0	0	0.000243605359317905	0.0	0.0
1464	T	8210	0	0	0	0.0	0.0	0.0
1465	A	8210	0	0	0	0.0	0.0	0.0
1466	A	8210	0	0	0	0.0	0.0	0.0
1467	A	8210	0	0	0	0.0	0.0	0.0
1468	C	8210	0	0	0	0.0	0.0	0.0
1469	T	8210	0	0	0	0.0	0.0	0.0
1470	T	8210	0	0	0	0.0	0.0	0.0
1471	C	8210	1	0	0	0.0001218026796589525	0.0	0.0
1472	G	8210	32	0	0	0.00389768574908648	0.0	0.0
1473	T	8210	0	0	0	0.0	0.0	0.0
1474	C	8210	272	0	0	0.033130328867235076	0.0	0.0
1475	T	8210	0	0	0	0.0	0.0	0.0
1476	C	8210	0	0	0	0.0	0.0	0.0
1477	A	8210	6	0	0	0.000730816077953715	0.0	0.0
1478	A	8210	0	0	0	0.0	0.0	0.0
1479	A	8210	0	0	0	0.0	0.0	0.0
1480	C	8210	0	0	0	0.0	0.0	0.0
1481	T	8210	0	0	0	0.0	0.0	0.0
1482	C	8210	0	0	0	0.0	0.0	0.0
1483	T	8210	1	0	0	0.0001218026796589525	0.0	0.0
1484	T	8210	0	0	0	0.0	0.0	0.0
1485	T	8210	0	0	0	0.0	0.0	0.0
1486	T	8210	4481	0	0	0.5457978075517661	0.0	0.0
1487	G	8210	1	0	0	0.0001218026796589525	0.0	0.0
1488	C	8210	3	0	0	0.0003654080389768575	0.0	0.0
1489	C	8210	0	0	0	0.0	0.0	0.0
1490	G	8210	0	0	0	0.0	0.0	0.0
1491	T	8210	0	0	0	0.0	0.0	0.0
1492	A	8210	0	0	0	0.0	0.0	0.0
1493	C	8210	0	0	0	0.0	0.0	0.0
1494	C	8210	0	0	0	0.0	0.0	0.0
1495	A	8210	195	0	0	0.023751522533495738	0.0	0.0
1496	A	8210	0	0	0	0.0	0.0	0.0
1497	T	8210	0	0	0	0.0	0.0	0.0
1498	A	8210	0	0	0	0.0	0.0	0.0
1499	T	8210	0	0	0	0.0	0.0	0.0
1500	T	8210	0	0	0	0.0	0.0	0.0
1501	G	8210	1269	0	0	0.15456760048721072	0.0	0.0
1502	G	8210	0	0	0	0.0	0.0	0.0
1503	G	8210	4	0	0	0.00048721071863581	0.0	0.0
1504	C	8210	1114	0	0	0.13568818514007308	0.0	0.0
1505	C	8210	0	0	0	0.0	0.0	0.0
1506	C	8210	0	0	0	0.0	0.0	0.0
1507	A	8210	0	0	0	0.0	0.0	0.0
1508	T	8210	0	0	0	0.0	0.0	0.0
1509	A	8210	0	0	0	0.0	0.0	0.0
1510	A	8210	4	0	0	0.00048721071863581	0.0	0.0
1511	C	8210	0	0	0	0.0	0.0	0.0
1512	C	8210	0	0	0	0.0	0.0	0.0
1513	A	8210	0	0	0	0.0	0.0	0.0
1514	A	8210	0	0	0	0.0	0.0	0.0
1515	T	8210	0	0	0	0.0	0.0	0.0
1516	T	8210	0	0	0	0.0	0.0	0.0
1517	G	8210	0	0	0	0.0	0.0	0.0
1518	C	8210	0	0	0	0.0	0.0	0.0
1519	G	8210	102	0	0	0.012423873325213155	0.0	0.0
1520	A	8210	0	0	0	0.0	0.0	0.0
1521	T	8210	0	0	0	0.0	0.0	0.0
1522	A	8210	0	0	0	0.0	0.0	0.0
1523	A	8210	0	0	0	0.0	0.0	0.0
1524	A	8210	0	0	0	0.0	0.0	0.0
1525	T	8210	0	0	0	0.0	0.0	0.0
1526	C	8210	3	0	0	0.0003654080389768575	0.0	0.0
1527	G	8210	85	0	0	0.010353227771010963	0.0	0.0
1528	T	8210	109	0	0	0.013276492082825822	0.0	0.0
1529	G	8210	0	0	0	0.0	0.0	0.0
1530	T	8210	0	0	0	0.0	0.0	0.0
1531	C	8210	57	0	0	0.006942752740560293	0.0	0.0
1532	C	8210	0	0	0	0.0	0.0	0.0
1533	C	8210	2	0	0	0.000243605359317905	0.0	0.0
1534	C	8210	99	0	0	0.012058465286236298	0.0	0.0
1535	T	8210	0	0	0	0.0	0.0	0.0
1536	C	8210	0	0	0	0.0	0.0	0.0
1537	T	8210	1	0	0	0.0001218026796589525	0.0	0.0
1538	G	8210	1025	0	0	0.1248477466504263	0.0	0.0
1539	T	8210	0	0	0	0.0	0.0	0.0
1540	T	8210	0	0	0	0.0	0.0	0.0
1541	A	8210	0	0	0	0.0	0.0	0.0
1542	A	8210	0	0	0	0.0	0.0	0.0
1543	T	8210	0	0	0	0.0	0.0	0.0
1544	T	8210	0	0	0	0.0	0.0	0.0
1545	C	8210	0	0	0	0.0	0.0	0.0
1546	T	8210	1	0	0	0.0001218026796589525	0.0	0.0
1547	T	8210	0	0	0	0.0	0.0	0.0
1548	T	8210	0	0	0	0.0	0.0	0.0
1549	T	8210	0	0	0	0.0	0.0	0.0
1550	T	8210	0	0	0	0.0	0.0	0.0
1551	T	8210	0	0	0	0.0	0.0	0.0
1552	C	8210	0	0	0	0.0	0.0	0.0
1553	G	8210	0	0	0	0.0	0.0	0.0
1554	T	8210	0	0	0	0.0	0.0	0.0
1555	T	8210	0	0	0	0.0	0.0	0.0
1556	T	8210	0	0	0	0.0	0.0	0.0
1557	T	8210	0	0	0	0.0	0.0	0.0
1558	T	8210	0	0	0	0.0	0.0	0.0
1559	T	8210	0	0	0	0.0	0.0	0.0
1560	G	8210	55	0	0	0.006699147381242387	0.0	0.0
1561	C	8210	3	0	0	0.0003654080389768575	0.0	0.0
1562	C	8210	0	0	0	0.0	0.0	0.0
1563	A	8210	0	0	0	0.0	0.0	0.0
1564	A	8210	0	0	0	0.0	0.0	0.0
1565	A	8210	0	0	0	0.0	0.0	0.0
1566	A	8210	0	0	0	0.0	0.0	0.0
1567	T	8210	8	0	0	0.00097442143727162	0.0	0.0
1568	T	8210	0	0	0	0.0	0.0	0.0
1569	G	8210	0	0	0	0.0	0.0	0.0
1570	T	8210	0	0	0	0.0	0.0	0.0
1571	T	8210	0	0	0	0.0	0.0	0.0
1572	C	8210	122	0	0	0.014859926918392205	0.0	0.0
1573	G	8210	0	0	0	0.0	0.0	0.0
1574	G	8210	0	0	0	0.0	0.0	0.0
1575	T	8210	0	0	0	0.0	0.0	0.0
1576	T	8210	0	0	0	0.0	0.0	0.0
1577	T	8210	0	0	0	0.0	0.0	0.0
1578	T	8210	0	0	0	0.0	0.0	0.0
1579	A	8210	0	0	0	0.0	0.0	0.0
1580	T	8210	0	0	0	0.0	0.0	0.0
1581	A	8210	0	0	0	0.0	0.0	0.0
1582	A	8210	0	0	0	0.0	0.0	0.0
1583	A	8210	0	0	0	0.0	0.0	0.0
1584	T	8210	0	0	0	0.0	0.0	0.0
1585	C	8210	100	0	0	0.012180267965895249	0.0	0.0
1586	A	8210	0	0	0	0.0	0.0	0.0
1587	C	8210	0	0	0	0.0	0.0	0.0
1588	C	8210	0	0	0	0.0	0.0	0.0
1589	G	8210	0	0	0	0.0	0.0	0.0
1590	A	8210	0	0	0	0.0	0.0	0.0
1591	A	8210	0	0	0	0.0	0.0	0.0
1592	T	8210	0	0	0	0.0	0.0	0.0
1593	C	8210	0	0	0	0.0	0.0	0.0
1594	G	8210	0	0	0	0.0	0.0	0.0
1595	A	8210	0	0	0	0.0	0.0	0.0
1596	T	8210	0	0	0	0.0	0.0	0.0
1597	T	8210	0	0	0	0.0	0.0	0.0
1598	T	8210	1	0	0	0.0001218026796589525	0.0	0.0
1599	C	8210	0	0	0	0.0	0.0	0.0
1600	C	8210	0	0	0	0.0	0.0	0.0
1601	T	8210	0	0	0	0.0	0.0	0.0
1602	G	8210	1	0	0	0.0001218026796589525	0.0	0.0
1603	A	8210	0	0	0	0.0	0.0	0.0
1604	A	8210	0	0	0	0.0	0.0	0.0
1605	T	8210	0	0	0	0.0	0.0	0.0
1606	T	8210	0	0	0	0.0	0.0	0.0
1607	G	8210	5	0	0	0.0006090133982947625	0.0	0.0
1608	C	8210	0	0	0	0.0	0.0	0.0
1609	T	8210	0	0	0	0.0	0.0	0.0
1610	T	8210	0	0	0	0.0	0.0	0.0
1611	T	8210	1	0	0	0.0001218026796589525	0.0	0.0
1612	G	8210	8	0	0	0.00097442143727162	0.0	0.0
1613	G	8210	0	0	0	0.0	0.0	0.0
1614	C	8210	1255	0	0	0.15286236297198538	0.0	0.0
1615	A	8210	0	0	0	0.0	0.0	0.0
1616	A	8210	0	0	0	0.0	0.0	0.0
1617	G	8210	0	0	0	0.0	0.0	0.0
1618	T	8210	13	0	0	0.0015834348355663825	0.0	0.0
1619	T	8210	0	0	0	0.0	0.0	0.0
1620	T	8210	0	0	0	0.0	0.0	0.0
1621	T	8210	0	0	0	0.0	0.0	0.0
1622	G	8210	0	0	0	0.0	0.0	0.0
1623	C	8210	6	0	0	0.000730816077953715	0.0	0.0
1624	T	8210	0	0	0	0.0	0.0	0.0
1625	A	8210	0	0	0	0.0	0.0	0.0
1626	A	8210	0	0	0	0.0	0.0	0.0
1627	T	8210	0	0	0	0.0	0.0	0.0
1628	T	8210	0	0	0	0.0	0.0	0.0
1629	C	8210	2	0	0	0.000243605359317905	0.0	0.0
1630	T	8210	0	0	0	0.0	0.0	0.0
1631	T	8210	0	0	0	0.0	0.0	0.0
1632	C	8210	0	0	0	0.0	0.0	0.0
1633	T	8210	0	0	0	0.0	0.0	0.0
1634	T	8210	1279	0	0	0.15578562728380024	0.0	0.0
1635	C	8210	0	0	0	0.0	0.0	0.0
1636	A	8210	0	0	0	0.0	0.0	0.0
1637	A	8210	1	0	0	0.0001218026796589525	0.0	0.0
1638	C	8210	0	0	0	0.0	0.0	0.0
1639	C	8210	0	0	0	0.0	0.0	0.0
1640	T	8210	0	0	0	0.0	0.0	0.0
1641	C	8210	0	0	0	0.0	0.0	0.0
1642	T	8210	0	0	0	0.0	0.0	0.0
1643	A	8210	304	0	0	0.03702801461632156	0.0	0.0
1644	C	8210	0	0	0	0.0	0.0	0.0
1645	T	8210	0	0	0	0.0	0.0	0.0
1646	T	8210	0	0	56	0.0	0.0	0.00682095006090134
1647	T	8210	0	0	0	0.0	0.0	0.0
1648	T	8210	0	0	0	0.0	0.0	0.0
1649	G	8210	0	0	0	0.0	0.0	0.0
1650	T	8210	0	0	0	0.0	0.0	0.0
1651	T	8210	0	0	0	0.0	0.0	0.0
1652	A	8210	0	0	0	0.0	0.0	0.0
1653	A	8210	0	0	0	0.0	0.0	0.0
1654	T	8210	1	0	0	0.0001218026796589525	0.0	0.0
1655	T	8210	0	0	0	0.0	0.0	0.0
1656	G	8210	0	0	0	0.0	0.0	0.0
1657	A	8210	0	0	0	0.0	0.0	0.0
1658	T	8210	4	0	0	0.00048721071863581	0.0	0.0
1659	G	8210	7	0	0	0.0008526187576126675	0.0	0.0
1660	C	8210	12	0	0	0.00146163215590743	0.0	0.0
1661	T	8210	0	0	0	0.0	0.0	0.0
1662	T	8210	0	0	84	0.0	0.0	0.01023142509135201
1663	T	8210	1	0	0	0.0001218026796589525	0.0	0.0
1664	T	8210	0	0	0	0.0	0.0	0.0
1665	G	8210	0	0	0	0.0	0.0	0.0
1666	A	8210	0	0	0	0.0	0.0	0.0
1667	T	8210	0	0	0	0.0	0.0	0.0
1668	A	8210	0	0	0	0.0	0.0	0.0
1669	G	8210	1	0	0	0.0001218026796589525	0.0	0.0
1670	C	8210	0	0	0	0.0	0.0	0.0
1671	C	8210	2	0	0	0.000243605359317905	0.0	0.0
1672	C	8210	19	0	0	0.0023142509135200976	0.0	0.0
1673	A	8210	0	0	0	0.0	0.0	0.0
1674	G	8210	7	0	0	0.0008526187576126675	0.0	0.0
1675	T	8210	0	0	0	0.0	0.0	0.0
1676	T	8210	0	0	0	0.0	0.0	0.0
1677	T	8210	0	0	0	0.0	0.0	0.0
1678	C	8210	0	0	0	0.0	0.0	0.0
1679	A	8210	0	0	0	0.0	0.0	0.0
1680	A	8210	0	0	0	0.0	0.0	0.0
1681	A	8210	313	0	0	0.03812423873325213	0.0	0.0
1682	C	8210	0	0	0	0.0	0.0	0.0
1683	C	8210	1	0	0	0.0001218026796589525	0.0	0.0
1684	A	8210	0	0	0	0.0	0.0	0.0
1685	A	8210	0	0	0	0.0	0.0	0.0
1686	A	8210	0	0	0	0.0	0.0	0.0
1687	T	8210	0	0	0	0.0	0.0	0.0
1688	A	8210	0	0	0	0.0	0.0	0.0
1689	G	8210	9	0	0	0.0010962241169305725	0.0	0.0
1690	A	8210	0	0	0	0.0	0.0	0.0
1691	A	8210	1	0	0	0.0001218026796589525	0.0	0.0
1692	A	8210	0	0	0	0.0	0.0	0.0
1693	T	8210	0	0	0	0.0	0.0	0.0
1694	A	8210	0	0	0	0.0	0.0	0.0
1695	A	8210	3	0	0	0.0003654080389768575	0.0	0.0
1696	A	8210	0	0	0	0.0	0.0	0.0
1697	T	8210	0	0	0	0.0	0.0	0.0
1698	T	8210	0	0	0	0.0	0.0	0.0
1699	T	8210	1	0	0	0.0001218026796589525	0.0	0.0
1700	A	8210	0	0	0	0.0	0.0	0.0
1701	A	8210	0	0	0	0.0	0.0	0.0
1702	A	8210	0	0	0	0.0	0.0	0.0
1703	A	8210	1	0	0	0.0001218026796589525	0.0	0.0
1704	G	8210	0	0	0	0.0	0.0	0.0
1705	T	8210	0	0	0	0.0	0.0	0.0
1706	G	8210	0	0	0	0.0	0.0	0.0
1707	T	8210	0	0	0	0.0	0.0	0.0
1708	T	8210	0	0	0	0.0	0.0	0.0
1709	G	8210	1	0	0	0.0001218026796589525	0.0	0.0
1710	C	8210	775	0	0	0.09439707673568819	0.0	0.0
1711	C	8210	0	0	0	0.0	0.0	0.0
1712	G	8210	0	0	0	0.0	0.0	0.0
1713	T	8210	0	0	0	0.0	0.0	0.0
1714	A	8210	0	0	0	0.0	0.0	0.0
1715	T	8210	0	0	0	0.0	0.0	0.0
1716	A	8210	0	0	0	0.0	0.0	0.0
1717	G	8210	1257	0	0	0.1531059683313033	0.0	0.0
1718	C	8210	0	0	0	0.0	0.0	0.0
1719	C	8210	0	0	0	0.0	0.0	0.0
1720	T	8210	0	0	0	0.0	0.0	0.0
1721	T	8210	0	0	0	0.0	0.0	0.0
1722	T	8210	0	0	0	0.0	0.0	0.0
1723	T	8210	0	0	0	0.0	0.0	0.0
1724	G	8210	0	0	0	0.0	0.0	0.0
1725	T	8210	0	0	0	0.0	0.0	0.0
1726	G	8210	1041	0	0	0.12679658952496956	0.0	0.0
1727	A	8210	0	0	0	0.0	0.0	0.0
1728	C	8210	0	0	0	0.0	0.0	0.0
1729	A	8210	0	0	0	0.0	0.0	0.0
1730	A	8210	0	0	0	0.0	0.0	0.0
1731	A	8210	0	0	0	0.0	0.0	0.0
1732	A	8210	0	0	0	0.0	0.0	0.0
1733	C	8210	0	0	0	0.0	0.0	0.0
1734	C	8210	0	0	0	0.0	0.0	0.0
1735	A	8210	0	0	0	0.0	0.0	0.0
1736	A	8210	0	0	0	0.0	0.0	0.0
1737	C	8210	0	0	0	0.0	0.0	0.0
1738	T	8210	0	0	0	0.0	0.0	0.0
1739	G	8210	0	0	0	0.0	0.0	0.0
1740	T	8210	0	0	0	0.0	0.0	0.0
1741	T	8210	0	0	0	0.0	0.0	0.0
1742	T	8210	0	0	0	0.0	0.0	0.0
1743	C	8210	0	0	0	0.0	0.0	0.0
1744	A	8210	0	0	0	0.0	0.0	0.0
1745	A	8210	0	0	0	0.0	0.0	0.0
1746	G	8210	1	0	0	0.0001218026796589525	0.0	0.0
1747	C	8210	7	0	0	0.0008526187576126675	0.0	0.0
1748	C	8210	1	0	0	0.0001218026796589525	0.0	0.0
1749	C	8210	2	0	0	0.000243605359317905	0.0	0.0
1750	C	8210	1268	0	0	0.15444579780755177	0.0	0.0
1751	A	8210	0	0	0	0.0	0.0	0.0
1752	T	8210	1	0	0	0.0001218026796589525	0.0	0.0
1753	T	8210	0	0	0	0.0	0.0	0.0
1754	T	8210	0	0	0	0.0	0.0	0.0
1755	T	8210	0	0	0	0.0	0.0	0.0
1756	T	8210	0	0	0	0.0	0.0	0.0
1757	A	8210	0	0	0	0.0	0.0	0.0
1758	A	8210	0	0	0	0.0	0.0	0.0
1759	A	8210	0	0	0	0.0	0.0	0.0
1760	T	8210	1	0	0	0.0001218026796589525	0.0	0.0
1761	C	8210	5	0	0	0.0006090133982947625	0.0	0.0
1762	C	8210	300	0	0	0.03654080389768575	0.0	0.0
1763	A	8210	1	0	0	0.0001218026796589525	0.0	0.0
1764	G	8210	1009	0	0	0.12289890377588307	0.0	0.0
1765	G	8210	5	0	0	0.0006090133982947625	0.0	0.0
1766	A	8210	0	0	0	0.0	0.0	0.0
1767	C	8210	0	0	0	0.0	0.0	0.0
1768	T	8210	0	0	0	0.0	0.0	0.0
1769	T	8210	0	0	0	0.0	0.0	0.0
1770	C	8210	0	0	0	0.0	0.0	0.0
1771	A	8210	0	0	0	0.0	0.0	0.0
1772	T	8210	0	0	0	0.0	0.0	0.0
1773	C	8210	7	0	0	0.0008526187576126675	0.0	0.0
1774	C	8210	0	0	0	0.0	0.0	0.0
1775	A	8210	17	0	0	0.0020706455542021922	0.0	0.0
1776	C	8210	0	0	0	0.0	0.0	0.0
1777	A	8210	15	0	0	0.0018270401948842874	0.0	0.0
1778	A	8210	1	0	0	0.0001218026796589525	0.0	0.0
1779	C	8210	0	0	0	0.0	0.0	0.0
1780	C	8210	0	0	0	0.0	0.0	0.0
1781	T	8210	0	0	0	0.0	0.0	0.0
1782	C	8210	0	0	0	0.0	0.0	0.0
1783	C	8210	60	0	0	0.007308160779537149	0.0	0.0
1784	G	8210	1	0	0	0.0001218026796589525	0.0	0.0
1785	T	8210	0	0	0	0.0	0.0	0.0
1786	A	8210	0	0	0	0.0	0.0	0.0
1787	A	8210	0	0	0	0.0	0.0	0.0
1788	T	8210	0	0	0	0.0	0.0	0.0
1789	C	8210	130	0	0	0.015834348355663823	0.0	0.0
1790	G	8210	0	0	0	0.0	0.0	0.0
1791	G	8210	0	0	0	0.0	0.0	0.0
1792	G	8210	0	0	0	0.0	0.0	0.0
1793	C	8210	0	0	0	0.0	0.0	0.0
1794	T	8210	0	0	0	0.0	0.0	0.0
1795	G	8210	27	0	0	0.0032886723507917176	0.0	0.0
1796	G	8210	0	0	0	0.0	0.0	0.0
1797	T	8210	0	0	0	0.0	0.0	0.0
1798	G	8210	0	0	0	0.0	0.0	0.0
1799	A	8210	0	0	0	0.0	0.0	0.0
1800	C	8210	9	0	0	0.0010962241169305725	0.0	0.0
1801	A	8210	7	0	0	0.0008526187576126675	0.0	0.0
1802	T	8210	0	0	0	0.0	0.0	0.0
1803	C	8210	1	0	0	0.0001218026796589525	0.0	0.0
1804	A	8210	0	0	0	0.0	0.0	0.0
1805	C	8210	0	0	0	0.0	0.0	0.0
1806	T	8210	0	0	0	0.0	0.0	0.0
1807	T	8210	0	0	0	0.0	0.0	0.0
1808	G	8210	3	0	0	0.0003654080389768575	0.0	0.0
1809	T	8210	0	0	0	0.0	0.0	0.0
1810	C	8210	0	0	0	0.0	0.0	0.0
1811	A	8210	0	0	0	0.0	0.0	0.0
1812	A	8210	0	0	0	0.0	0.0	0.0
1813	G	8210	179	0	0	0.0218026796589525	0.0	0.0
1814	G	8210	0	0	0	0.0	0.0	0.0
1815	C	8210	0	0	0	0.0	0.0	0.0
1816	C	8210	1065	0	0	0.12971985383678442	0.0	0.0
1817	A	8210	0	0	0	0.0	0.0	0.0
1818	C	8210	22	0	0	0.002679658952496955	0.0	0.0
1819	T	8210	2	0	0	0.000243605359317905	0.0	0.0
1820	G	8210	0	0	0	0.0	0.0	0.0
1821	T	8210	0	0	0	0.0	0.0	0.0
1822	T	8210	228	0	0	0.02777101096224117	0.0	0.0
1823	T	8210	0	0	0	0.0	0.0	0.0
1824	T	8210	0	0	0	0.0	0.0	0.0
1825	T	8210	0	0	0	0.0	0.0	0.0
1826	A	8210	0	0	0	0.0	0.0	0.0
1827	C	8210	25	0	0	0.0030450669914738123	0.0	0.0
1828	A	8210	6	0	0	0.000730816077953715	0.0	0.0
1829	G	8210	1	0	0	0.0001218026796589525	0.0	0.0
1830	A	8210	0	0	0	0.0	0.0	0.0
1831	C	8210	7	0	0	0.0008526187576126675	0.0	0.0
1832	G	8210	0	0	0	0.0	0.0	0.0
1833	T	8210	0	0	0	0.0	0.0	0.0
1834	T	8210	0	0	0	0.0	0.0	0.0
1835	T	8210	0	0	0	0.0	0.0	0.0
1836	G	8210	0	0	0	0.0	0.0	0.0
1837	G	8210	0	0	0	0.0	0.0	0.0
1838	T	8210	0	0	0	0.0	0.0	0.0
1839	T	8210	0	0	0	0.0	0.0	0.0
1840	T	8210	0	0	0	0.0	0.0	0.0
1841	T	8210	0	0	0	0.0	0.0	0.0
1842	T	8210	0	0	0	0.0	0.0	0.0
1843	A	8210	0	0	0	0.0	0.0	0.0
1844	A	8210	0	0	0	0.0	0.0	0.0
1845	T	8210	0	0	0	0.0	0.0	0.0
1846	T	8210	0	0	0	0.0	0.0	0.0
1847	T	8210	1	0	0	0.0001218026796589525	0.0	0.0
1848	T	8210	0	0	0	0.0	0.0	0.0
1849	T	8210	0	0	0	0.0	0.0	0.0
1850	G	8210	0	0	0	0.0	0.0	0.0
1851	C	8210	1	0	0	0.0001218026796589525	0.0	0.0
1852	A	8210	0	0	0	0.0	0.0	0.0
1853	A	8210	0	0	0	0.0	0.0	0.0
1854	T	8210	0	0	0	0.0	0.0	0.0
1855	G	8210	1	0	0	0.0001218026796589525	0.0	0.0
1856	G	8210	0	1	0	0.0	0.0001218026796589525	0.0
1857	C	8210	3	0	0	0.0003654080389768575	0.0	0.0
1858	A	8210	0	0	0	0.0	0.0	0.0
1859	T	8210	7	0	0	0.0008526187576126675	0.0	0.0
1860	C	8210	0	0	0	0.0	0.0	0.0
1861	A	8210	0	0	0	0.0	0.0	0.0
1862	A	8210	0	0	0	0.0	0.0	0.0
1863	T	8210	0	0	0	0.0	0.0	0.0
1864	T	8210	0	0	0	0.0	0.0	0.0
1865	G	8210	0	0	0	0.0	0.0	0.0
1866	T	8210	0	0	0	0.0	0.0	0.0
1867	T	8210	203	0	0	0.024725943970767356	0.0	0.0
1868	G	8210	0	0	0	0.0	0.0	0.0
1869	A	8210	0	0	0	0.0	0.0	0.0
1870	A	8210	0	0	0	0.0	0.0	0.0
1871	G	8210	0	0	0	0.0	0.0	0.0
1872	C	8210	1811	0	0	0.22058465286236298	0.0	0.0
1873	A	8210	0	0	0	0.0	0.0	0.0
1874	C	8210	0	0	0	0.0	0.0	0.0
1875	T	8210	0	0	0	0.0	0.0	0.0
1876	T	8210	1	0	0	0.0001218026796589525	0.0	0.0
1877	T	8210	0	0	0	0.0	0.0	0.0
1878	T	8210	0	0	0	0.0	0.0	0.0
1879	A	8210	0	0	0	0.0	0.0	0.0
1880	C	8210	0	0	0	0.0	0.0	0.0
1881	C	8210	0	0	0	0.0	0.0	0.0
1882	A	8210	0	0	0	0.0	0.0	0.0
1883	C	8210	0	0	0	0.0	0.0	0.0
1884	T	8210	0	0	0	0.0	0.0	0.0
1885	T	8210	0	0	0	0.0	0.0	0.0
1886	T	8210	0	0	0	0.0	0.0	0.0
1887	G	8210	1	0	0	0.0001218026796589525	0.0	0.0
1888	C	8210	2627	0	0	0.3199756394640682	0.0	0.0
1889	G	8210	0	0	0	0.0	0.0	0.0
1890	A	8210	0	0	0	0.0	0.0	0.0
1891	A	8210	0	0	0	0.0	0.0	0.0
1892	A	8210	0	0	0	0.0	0.0	0.0
1893	C	8210	1	0	0	0.0001218026796589525	0.0	0.0
1894	C	8210	70	0	0	0.008526187576126675	0.0	0.0
1895	G	8210	0	0	0	0.0	0.0	0.0
1896	C	8210	0	0	0	0.0	0.0	0.0
1897	T	8210	0	0	0	0.0	0.0	0.0
1898	A	8210	0	0	0	0.0	0.0	0.0
1899	C	8210	574	0	0	0.06991473812423873	0.0	0.0
1900	G	8210	23	0	0	0.0028014616321559074	0.0	0.0
1901	A	8210	0	0	0	0.0	0.0	0.0
1902	C	8210	1	0	0	0.0001218026796589525	0.0	0.0
1903	C	8210	0	0	0	0.0	0.0	0.0
1904	A	8210	0	0	0	0.0	0.0	0.0
1905	G	8210	0	0	0	0.0	0.0	0.0
1906	A	8210	0	0	0	0.0	0.0	0.0
1907	T	8210	0	0	0	0.0	0.0	0.0
1908	C	8210	0	0	0	0.0	0.0	0.0
1909	A	8210	0	0	0	0.0	0.0	0.0
1910	A	8210	0	0	0	0.0	0.0	0.0
1911	A	8210	0	0	0	0.0	0.0	0.0
1912	C	8210	0	0	0	0.0	0.0	0.0
1913	C	8210	0	0	0	0.0	0.0	0.0
1914	G	8210	0	0	0	0.0	0.0	0.0
1915	A	8210	0	0	0	0.0	0.0	0.0
1916	T	8210	0	0	0	0.0	0.0	0.0
1917	C	8210	0	0	0	0.0	0.0	0.0
1918	A	8210	0	0	0	0.0	0.0	0.0
1919	T	8210	0	0	0	0.0	0.0	0.0
1920	C	8210	0	0	0	0.0	0.0	0.0
1921	C	8210	5	0	0	0.0006090133982947625	0.0	0.0
1922	A	8210	1	0	0	0.0001218026796589525	0.0	0.0
1923	C	8210	0	0	0	0.0	0.0	0.0
1924	T	8210	0	0	0	0.0	0.0	0.0
1925	T	8210	0	0	0	0.0	0.0	0.0
1926	T	8210	0	0	0	0.0	0.0	0.0
1927	G	8210	8	0	0	0.00097442143727162	0.0	0.0
1928	C	8210	8	0	0	0.00097442143727162	0.0	0.0
1929	C	8210	0	0	0	0.0	0.0	0.0
1930	A	8210	0	0	0	0.0	0.0	0.0
1931	T	8210	0	0	0	0.0	0.0	0.0
1932	A	8210	0	0	0	0.0	0.0	0.0
1933	A	8210	0	0	0	0.0	0.0	0.0
1934	T	8210	0	0	0	0.0	0.0	0.0
1935	G	8210	27	0	0	0.0032886723507917176	0.0	0.0
1936	A	8210	0	0	0	0.0	0.0	0.0
1937	G	8210	293	0	0	0.03568818514007308	0.0	0.0
1938	C	8210	180	0	0	0.02192448233861145	0.0	0.0
1939	A	8210	0	0	0	0.0	0.0	0.0
1940	A	8210	0	0	0	0.0	0.0	0.0
1941	A	8210	0	0	0	0.0	0.0	0.0
1942	A	8210	0	0	0	0.0	0.0	0.0
1943	T	8210	0	0	0	0.0	0.0	0.0
1944	T	8210	1	0	0	0.0001218026796589525	0.0	0.0
1945	G	8210	0	0	0	0.0	0.0	0.0
1946	A	8210	0	0	0	0.0	0.0	0.0
1947	A	8210	0	0	0	0.0	0.0	0.0
1948	C	8210	4	0	0	0.00048721071863581	0.0	0.0
1949	G	8210	0	0	0	0.0	0.0	0.0
1950	G	8210	0	0	0	0.0	0.0	0.0
1951	C	8210	0	0	0	0.0	0.0	0.0
1952	T	8210	0	0	0	0.0	0.0	0.0
1953	C	8210	0	0	0	0.0	0.0	0.0
1954	T	8210	0	0	0	0.0	0.0	0.0
1955	T	8210	0	0	0	0.0	0.0	0.0
1956	G	8210	83	0	0	0.010109622411693057	0.0	0.0
1957	G	8210	0	0	0	0.0	0.0	0.0
1958	A	8210	0	0	0	0.0	0.0	0.0
1959	T	8210	0	0	0	0.0	0.0	0.0
1960	T	8210	0	0	0	0.0	0.0	0.0
1961	T	8210	0	0	0	0.0	0.0	0.0
1962	C	8210	0	0	0	0.0	0.0	0.0
1963	C	8210	413	0	0	0.050304506699147385	0.0	0.0
1964	A	8210	0	0	0	0.0	0.0	0.0
1965	C	8210	0	0	0	0.0	0.0	0.0
1966	A	8210	0	0	0	0.0	0.0	0.0
1967	T	8210	0	0	0	0.0	0.0	0.0
1968	A	8210	0	0	0	0.0	0.0	0.0
1969	A	8210	0	0	0	0.0	0.0	0.0
1970	A	8210	0	0	0	0.0	0.0	0.0
1971	T	8210	0	0	0	0.0	0.0	0.0
1972	A	8210	0	0	0	0.0	0.0	0.0
1973	G	8210	0	0	0	0.0	0.0	0.0
1974	G	8210	0	0	0	0.0	0.0	0.0
1975	C	8210	21	0	0	0.0025578562728380025	0.0	0.0
1976	G	8210	0	0	0	0.0	0.0	0.0
1977	C	8210	3	0	0	0.0003654080389768575	0.0	0.0
1978	C	8210	10	0	0	0.001218026796589525	0.0	0.0
1979	A	8210	4	0	0	0.00048721071863581	0.0	0.0
1980	C	8210	1	0	0	0.0001218026796589525	0.0	0.0
1981	T	8210	1	0	0	0.0001218026796589525	0.0	0.0
1982	T	8210	0	0	0	0.0	0.0	0.0
1983	C	8210	0	0	0	0.0	0.0	0.0
1984	T	8210	0	0	0	0.0	0.0	0.0
1985	T	8210	0	0	0	0.0	0.0	0.0
1986	C	8210	0	0	0	0.0	0.0	0.0
1987	A	8210	0	0	0	0.0	0.0	0.0
1988	A	8210	0	0	0	0.0	0.0	0.0
1989	G	8210	1	0	0	0.0001218026796589525	0.0	0.0
1990	G	8210	0	0	0	0.0	0.0	0.0
1991	T	8210	0	0	0	0.0	0.0	0.0
1992	A	8210	0	0	0	0.0	0.0	0.0
1993	A	8210	0	0	0	0.0	0.0	0.0
1994	A	8210	0	0	0	0.0	0.0	0.0
1995	C	8210	0	0	0	0.0	0.0	0.0
1996	T	8210	0	0	0	0.0	0.0	0.0
1997	T	8210	0	0	0	0.0	0.0	0.0
1998	T	8210	0	0	0	0.0	0.0	0.0
1999	A	8210	0	0	0	0.0	0.0	0.0
2000	G	8210	0	0	0	0.0	0.0	0.0
2001	C	8210	0	0	0	0.0	0.0	0.0
2002	C	8210	0	0	0	0.0	0.0	0.0
2003	G	8210	4	0	0	0.00048721071863581	0.0	0.0
2004	C	8210	1	0	0	0.0001218026796589525	0.0	0.0
2005	C	8210	0	0	0	0.0	0.0	0.0
2006	T	8210	0	0	0	0.0	0.0	0.0
2007	G	8210	0	0	0	0.0	0.0	0.0
2008	A	8210	0	0	0	0.0	0.0	0.0
2009	C	8210	0	0	0	0.0	0.0	0.0
2010	A	8210	0	0	0	0.0	0.0	0.0
2011	A	8210	0	0	0	0.0	0.0	0.0
2012	G	8210	0	0	0	0.0	0.0	0.0
2013	C	8210	0	0	0	0.0	0.0	0.0
2014	G	8210	802	0	0	0.09768574908647991	0.0	0.0
2015	T	8210	0	0	0	0.0	0.0	0.0
2016	T	8210	0	0	0	0.0	0.0	0.0
2017	A	8210	0	0	0	0.0	0.0	0.0
2018	T	8210	0	0	0	0.0	0.0	0.0
2019	G	8210	0	0	0	0.0	0.0	0.0
2020	T	8210	4	0	0	0.00048721071863581	0.0	0.0
2021	G	8210	0	0	0	0.0	0.0	0.0
2022	A	8210	0	0	0	0.0	0.0	0.0
2023	C	8210	1	0	0	0.0001218026796589525	0.0	0.0
2024	G	8210	0	0	0	0.0	0.0	0.0
2025	A	8210	0	0	0	0.0	0.0	0.0
2026	G	8210	0	0	0	0.0	0.0	0.0
2027	C	8210	0	0	0	0.0	0.0	0.0
2028	C	8210	0	0	0	0.0	0.0	0.0
2029	A	8210	7	0	0	0.0008526187576126675	0.0	0.0
2030	G	8210	0	0	0	0.0	0.0	0.0
2031	T	8210	0	0	0	0.0	0.0	0.0
2032	T	8210	0	0	0	0.0	0.0	0.0
2033	G	8210	1	0	0	0.0001218026796589525	0.0	0.0
2034	C	8210	1	0	0	0.0001218026796589525	0.0	0.0
2035	T	8210	0	0	0	0.0	0.0	0.0
2036	A	8210	0	0	0	0.0	0.0	0.0
2037	A	8210	0	0	0	0.0	0.0	0.0
2038	A	8210	0	0	0	0.0	0.0	0.0
2039	A	8210	0	0	0	0.0	0.0	0.0
2040	T	8210	209	0	0	0.02545676004872107	0.0	0.0
2041	T	8210	1	0	0	0.0001218026796589525	0.0	0.0
2042	A	8210	0	0	0	0.0	0.0	0.0
2043	G	8210	0	0	0	0.0	0.0	0.0
2044	A	8210	0	0	0	0.0	0.0	0.0
2045	C	8210	4	0	0	0.00048721071863581	0.0	0.0
2046	A	8210	0	0	0	0.0	0.0	0.0
2047	G	8210	0	0	0	0.0	0.0	0.0
2048	T	8210	0	0	0	0.0	0.0	0.0
2049	G	8210	1	0	0	0.0001218026796589525	0.0	0.0
2050	C	8210	1	0	0	0.0001218026796589525	0.0	0.0
2051	G	8210	0	0	0	0.0	0.0	0.0
2052	T	8210	0	0	0	0.0	0.0	0.0
2053	G	8210	7	0	0	0.0008526187576126675	0.0	0.0
2054	A	8210	0	0	0	0.0	0.0	0.0
2055	C	8210	0	0	0	0.0	0.0	0.0
2056	C	8210	1756	0	0	0.2138855054811206	0.0	0.0
2057	T	8210	0	0	0	0.0	0.0	0.0
2058	T	8210	0	0	0	0.0	0.0	0.0
2059	T	8210	0	0	0	0.0	0.0	0.0
2060	G	8210	0	0	0	0.0	0.0	0.0
2061	A	8210	0	0	0	0.0	0.0	0.0
2062	A	8210	0	0	0	0.0	0.0	0.0
2063	A	8210	0	0	0	0.0	0.0	0.0
2064	C	8210	1	0	0	0.0001218026796589525	0.0	0.0
2065	G	8210	3	0	0	0.0003654080389768575	0.0	0.0
2066	T	8210	1	0	0	0.0001218026796589525	0.0	0.0
2067	C	8210	0	0	0	0.0	0.0	0.0
2068	T	8210	0	0	0	0.0	0.0	0.0
2069	G	8210	0	0	0	0.0	0.0	0.0
2070	T	8210	15	0	0	0.0018270401948842874	0.0	0.0
2071	A	8210	0	0	0	0.0	0.0	0.0
2072	T	8210	0	0	0	0.0	0.0	0.0
2073	C	8210	47	0	0	0.005724725943970767	0.0	0.0
2074	A	8210	0	0	0	0.0	0.0	0.0
2075	G	8210	336	0	0	0.04092570036540804	0.0	0.0
2076	T	8210	28	0	0	0.00341047503045067	0.0	0.0
2077	T	8210	0	0	0	0.0	0.0	0.0
2078	A	8210	0	0	0	0.0	0.0	0.0
2079	A	8210	0	0	0	0.0	0.0	0.0
2080	T	8210	0	0	0	0.0	0.0	0.0
2081	T	8210	0	0	0	0.0	0.0	0.0
2082	G	8210	0	0	0	0.0	0.0	0.0
2083	A	8210	0	0	0	0.0	0.0	0.0
2084	A	8210	0	0	0	0.0	0.0	0.0
2085	A	8210	0	0	0	0.0	0.0	0.0
2086	T	8210	0	0	0	0.0	0.0	0.0
2087	T	8210	0	0	0	0.0	0.0	0.0
2088	G	8210	0	0	0	0.0	0.0	0.0
2089	G	8210	0	0	0	0.0	0.0	0.0
2090	T	8210	0	0	0	0.0	0.0	0.0
2091	T	8210	0	0	0	0.0	0.0	0.0
2092	A	8210	0	0	0	0.0	0.0	0.0
2093	A	8210	0	0	0	0.0	0.0	0.0
2094	G	8210	0	0	0	0.0	0.0	0.0
2095	A	8210	0	0	0	0.0	0.0	0.0
2096	A	8210	0	0	0	0.0	0.0	0.0
2097	T	8210	0	0	0	0.0	0.0	0.0
2098	C	8210	0	0	0	0.0	0.0	0.0
2099	T	8210	0	0	0	0.0	0.0	0.0
2100	G	8210	0	0	0	0.0	0.0	0.0
2101	A	8210	0	0	0	0.0	0.0	0.0
2102	G	8210	666	0	0	0.08112058465286236	0.0	0.0
2103	T	8210	0	0	0	0.0	0.0	0.0
2104	T	8210	0	0	0	0.0	0.0	0.0
2105	A	8210	0	0	0	0.0	0.0	0.0
2106	G	8210	0	0	0	0.0	0.0	0.0
2107	A	8210	1893	0	0	0.2305724725943971	0.0	0.0
2108	G	8210	0	0	0	0.0	0.0	0.0
2109	C	8210	0	0	0	0.0	0.0	0.0
2110	T	8210	0	0	0	0.0	0.0	0.0
2111	G	8210	83	0	0	0.010109622411693057	0.0	0.0
2112	C	8210	0	0	0	0.0	0.0	0.0
2113	T	8210	0	0	0	0.0	0.0	0.0
2114	T	8210	0	0	0	0.0	0.0	0.0
2115	G	8210	0	0	0	0.0	0.0	0.0
2116	C	8210	1	0	0	0.0001218026796589525	0.0	0.0
2117	T	8210	0	0	0	0.0	0.0	0.0
2118	C	8210	0	0	0	0.0	0.0	0.0
2119	C	8210	0	0	0	0.0	0.0	0.0
2120	T	8210	1	0	0	0.0001218026796589525	0.0	0.0
2121	C	8210	0	0	0	0.0	0.0	0.0
2122	A	8210	0	0	0	0.0	0.0	0.0
2123	T	8210	0	0	0	0.0	0.0	0.0
2124	T	8210	0	0	0	0.0	0.0	0.0
2125	T	8210	0	0	0	0.0	0.0	0.0
2126	A	8210	0	0	0	0.0	0.0	0.0
2127	T	8210	0	0	0	0.0	0.0	0.0
2128	A	8210	0	0	0	0.0	0.0	0.0
2129	T	8210	0	1	0	0.0	0.0001218026796589525	0.0
2130	A	8210	0	1	0	0.0	0.0001218026796589525	0.0
2131	A	8210	1	1	0	0.0001218026796589525	0.0001218026796589525	0.0
2132	T	8210	0	1	0	0.0	0.0001218026796589525	0.0
2133	C	8210	0	1	0	0.0	0.0001218026796589525	0.0
2134	C	8210	0	0	0	0.0	0.0	0.0
2135	A	8210	0	0	0	0.0	0.0	0.0
2136	G	8210	0	0	0	0.0	0.0	0.0
2137	C	8210	0	0	0	0.0	0.0	0.0
2138	A	8210	0	0	0	0.0	0.0	0.0
2139	T	8210	0	0	0	0.0	0.0	0.0
2140	T	8210	8168	0	0	0.994884287454324	0.0	0.0
2141	G	8210	0	0	0	0.0	0.0	0.0
2142	T	8210	0	0	0	0.0	0.0	0.0
2143	T	8210	0	0	0	0.0	0.0	0.0
2144	T	8210	0	0	0	0.0	0.0	0.0
2145	T	8210	0	0	0	0.0	0.0	0.0
2146	C	8210	0	0	0	0.0	0.0	0.0
2147	A	8210	0	0	0	0.0	0.0	0.0
2148	T	8210	0	0	0	0.0	0.0	0.0
2149	A	8210	0	0	0	0.0	0.0	0.0
2150	T	8210	0	0	0	0.0	0.0	0.0
2151	T	8210	0	0	0	0.0	0.0	0.0
2152	T	8210	0	0	0	0.0	0.0	0.0
2153	T	8210	0	0	0	0.0	0.0	0.0
2154	G	8210	1	0	0	0.0001218026796589525	0.0	0.0
2155	C	8210	1	0	0	0.0001218026796589525	0.0	0.0
2156	C	8210	0	0	0	0.0	0.0	0.0
2157	T	8210	0	0	0	0.0	0.0	0.0
2158	C	8210	0	0	0	0.0	0.0	0.0
2159	C	8210	1	0	0	0.0001218026796589525	0.0	0.0
2160	T	8210	0	0	0	0.0	0.0	0.0
2161	A	8210	0	0	0	0.0	0.0	0.0
2162	A	8210	0	0	0	0.0	0.0	0.0
2163	A	8210	0	0	0	0.0	0.0	0.0
2164	A	8210	0	0	0	0.0	0.0	0.0
2165	T	8210	0	0	0	0.0	0.0	0.0
2166	A	8210	0	0	0	0.0	0.0	0.0
2167	G	8210	809	0	0	0.09853836784409258	0.0	0.0
2168	A	8210	0	0	0	0.0	0.0	0.0
2169	C	8210	1	0	0	0.0001218026796589525	0.0	0.0
2170	C	8210	2	0	0	0.000243605359317905	0.0	0.0
2171	A	8210	0	0	0	0.0	0.0	0.0
2172	A	8210	0	0	0	0.0	0.0	0.0
2173	T	8210	0	0	0	0.0	0.0	0.0
2174	T	8210	0	0	0	0.0	0.0	0.0
2175	A	8210	0	0	0	0.0	0.0	0.0
2176	A	8210	0	0	0	0.0	0.0	0.0
2177	T	8210	0	0	0	0.0	0.0	0.0
2178	G	8210	0	0	0	0.0	0.0	0.0
2179	A	8210	0	0	0	0.0	0.0	0.0
2180	G	8210	0	0	0	0.0	0.0	0.0
2181	C	8210	0	0	0	0.0	0.0	0.0
2182	C	8210	0	0	0	0.0	0.0	0.0
2183	A	8210	180	0	0	0.02192448233861145	0.0	0.0
2184	A	8210	0	0	0	0.0	0.0	0.0
2185	G	8210	0	0	0	0.0	0.0	0.0
2186	A	8210	1	0	0	0.0001218026796589525	0.0	0.0
2187	A	8210	0	0	0	0.0	0.0	0.0
2188	T	8210	0	0	0	0.0	0.0	0.0
2189	T	8210	0	0	0	0.0	0.0	0.0
2190	C	8210	0	0	0	0.0	0.0	0.0
2191	C	8210	0	0	0	0.0	0.0	0.0
2192	G	8210	4	0	0	0.00048721071863581	0.0	0.0
2193	A	8210	0	0	0	0.0	0.0	0.0
2194	C	8210	7	0	0	0.0008526187576126675	0.0	0.0
2195	A	8210	0	0	0	0.0	0.0	0.0
2196	A	8210	0	0	0	0.0	0.0	0.0
2197	T	8210	0	0	0	0.0	0.0	0.0
2198	T	8210	0	0	0	0.0	0.0	0.0
2199	G	8210	0	0	0	0.0	0.0	0.0
2200	C	8210	1	0	0	0.0001218026796589525	0.0	0.0
2201	C	8210	0	0	0	0.0	0.0	0.0
2202	A	8210	0	0	0	0.0	0.0	0.0
2203	T	8210	0	0	0	0.0	0.0	0.0
2204	G	8210	1	0	0	0.0001218026796589525	0.0	0.0
2205	C	8210	0	0	0	0.0	0.0	0.0
2206	C	8210	0	0	0	0.0	0.0	0.0
2207	A	8210	0	0	0	0.0	0.0	0.0
2208	C	8210	1	0	0	0.0001218026796589525	0.0	0.0
2209	C	8210	0	0	0	0.0	0.0	0.0
2210	T	8210	0	0	0	0.0	0.0	0.0
2211	A	8210	0	0	0	0.0	0.0	0.0
2212	A	8210	2	0	0	0.000243605359317905	0.0	0.0
2213	A	8210	0	0	0	0.0	0.0	0.0
2214	A	8210	0	0	0	0.0	0.0	0.0
2215	T	8210	0	0	0	0.0	0.0	0.0
2216	C	8210	3	0	0	0.0003654080389768575	0.0	0.0
2217	G	8210	0	0	0	0.0	0.0	0.0
2218	C	8210	287	0	0	0.03495736906211937	0.0	0.0
2219	T	8210	0	0	0	0.0	0.0	0.0
2220	A	8210	0	0	0	0.0	0.0	0.0
2221	A	8210	0	0	0	0.0	0.0	0.0
2222	A	8210	1	0	0	0.0001218026796589525	0.0	0.0
2223	G	8210	0	0	0	0.0	0.0	0.0
2224	G	8210	1	0	0	0.0001218026796589525	0.0	0.0
2225	T	8210	0	0	0	0.0	0.0	0.0
2226	T	8210	0	0	0	0.0	0.0	0.0
2227	T	8210	0	0	0	0.0	0.0	0.0
2228	T	8210	0	0	0	0.0	0.0	0.0
2229	A	8210	1	0	0	0.0001218026796589525	0.0	0.0
2230	C	8210	0	0	0	0.0	0.0	0.0
2231	T	8210	0	0	0	0.0	0.0	0.0
2232	T	8210	0	0	0	0.0	0.0	0.0
2233	C	8210	0	0	0	0.0	0.0	0.0
2234	T	8210	0	0	0	0.0	0.0	0.0
2235	T	8210	0	0	0	0.0	0.0	0.0
2236	T	8210	0	0	0	0.0	0.0	0.0
2237	T	8210	0	0	0	0.0	0.0	0.0
2238	T	8210	0	0	0	0.0	0.0	0.0
2239	T	8210	0	0	0	0.0	0.0	0.0
2240	C	8210	27	0	0	0.0032886723507917176	0.0	0.0
2241	A	8210	0	0	0	0.0	0.0	0.0
2242	A	8210	0	0	0	0.0	0.0	0.0
2243	T	8210	0	0	0	0.0	0.0	0.0
2244	A	8210	0	0	0	0.0	0.0	0.0
2245	A	8210	0	0	0	0.0	0.0	0.0
2246	A	8210	0	0	0	0.0	0.0	0.0
2247	T	8210	0	0	0	0.0	0.0	0.0
2248	A	8210	3	0	0	0.0003654080389768575	0.0	0.0
2249	A	8210	0	0	0	0.0	0.0	0.0
2250	A	8210	0	0	0	0.0	0.0	0.0
2251	A	8210	0	0	0	0.0	0.0	0.0
2252	A	8210	0	0	0	0.0	0.0	0.0
2253	A	8210	0	0	0	0.0	0.0	0.0
2254	C	8210	1	0	0	0.0001218026796589525	0.0	0.0
2255	A	8210	0	0	0	0.0	0.0	0.0
2256	A	8210	0	0	0	0.0	0.0	0.0
2257	A	8210	0	0	0	0.0	0.0	0.0
2258	A	8210	1	0	0	0.0001218026796589525	0.0	0.0
2259	C	8210	1	0	0	0.0001218026796589525	0.0	0.0
2260	C	8210	0	0	0	0.0	0.0	0.0
2261	A	8210	0	0	0	0.0	0.0	0.0
2262	A	8210	0	0	0	0.0	0.0	0.0
2263	A	8210	0	0	0	0.0	0.0	0.0
2264	A	8210	753	0	0	0.09171741778319123	0.0	0.0
2265	G	8210	10	0	0	0.001218026796589525	0.0	0.0
2266	A	8210	0	0	0	0.0	0.0	0.0
2267	T	8210	0	0	0	0.0	0.0	0.0
2268	G	8210	179	0	0	0.0218026796589525	0.0	0.0
2269	C	8210	0	0	0	0.0	0.0	0.0
2270	A	8210	173	0	0	0.021071863580998784	0.0	0.0
2271	A	8210	0	0	0	0.0	0.0	0.0
2272	G	8210	0	0	0	0.0	0.0	0.0
2273	C	8210	3	0	0	0.0003654080389768575	0.0	0.0
2274	G	8210	0	0	0	0.0	0.0	0.0
2275	G	8210	0	0	0	0.0	0.0	0.0
2276	T	8210	0	0	0	0.0	0.0	0.0
2277	A	8210	0	0	0	0.0	0.0	0.0
2278	A	8210	0	0	0	0.0	0.0	0.0
2279	T	8210	0	0	0	0.0	0.0	0.0
2280	A	8210	0	0	0	0.0	0.0	0.0
2281	A	8210	0	0	0	0.0	0.0	0.0
2282	T	8210	0	0	0	0.0	0.0	0.0
2283	T	8210	0	0	0	0.0	0.0	0.0
2284	T	8210	0	0	0	0.0	0.0	0.0
2285	A	8210	0	0	0	0.0	0.0	0.0
2286	G	8210	0	0	0	0.0	0.0	0.0
2287	G	8210	0	0	0	0.0	0.0	0.0
2288	C	8210	0	0	0	0.0	0.0	0.0
2289	A	8210	2	0	0	0.000243605359317905	0.0	0.0
2290	T	8210	0	0	0	0.0	0.0	0.0
2291	G	8210	1	0	0	0.0001218026796589525	0.0	0.0
2292	A	8210	0	0	0	0.0	0.0	0.0
2293	T	8210	0	0	0	0.0	0.0	0.0
2294	A	8210	0	0	0	0.0	0.0	0.0
2295	T	8210	0	0	0	0.0	0.0	0.0
2296	C	8210	0	0	0	0.0	0.0	0.0
2297	G	8210	1	0	0	0.0001218026796589525	0.0	0.0
2298	T	8210	0	0	0	0.0	0.0	0.0
2299	C	8210	0	0	0	0.0	0.0	0.0
2300	A	8210	0	0	0	0.0	0.0	0.0
2301	A	8210	0	0	0	0.0	0.0	0.0
2302	A	8210	0	0	0	0.0	0.0	0.0
2303	G	8210	0	0	0	0.0	0.0	0.0
2304	A	8210	3	0	0	0.0003654080389768575	0.0	0.0
2305	T	8210	0	0	0	0.0	0.0	0.0
2306	A	8210	0	0	0	0.0	0.0	0.0
2307	C	8210	1461	0	0	0.1779537149817296	0.0	0.0
2308	T	8210	0	0	0	0.0	0.0	0.0
2309	T	8210	0	0	0	0.0	0.0	0.0
2310	T	8210	0	0	0	0.0	0.0	0.0
2311	G	8210	0	0	0	0.0	0.0	0.0
2312	A	8210	0	0	0	0.0	0.0	0.0
2313	A	8210	0	0	0	0.0	0.0	0.0
2314	C	8210	0	0	0	0.0	0.0	0.0
2315	C	8210	2238	0	0	0.27259439707673566	0.0	0.0
2316	G	8210	0	0	0	0.0	0.0	0.0
2317	T	8210	2	0	0	0.000243605359317905	0.0	0.0
2318	G	8210	1	0	0	0.0001218026796589525	0.0	0.0
2319	A	8210	0	0	0	0.0	0.0	0.0
2320	C	8210	0	0	0	0.0	0.0	0.0
2321	T	8210	0	0	0	0.0	0.0	0.0
2322	G	8210	2	0	0	0.000243605359317905	0.0	0.0
2323	C	8210	0	0	0	0.0	0.0	0.0
2324	A	8210	0	0	0	0.0	0.0	0.0
2325	T	8210	0	0	0	0.0	0.0	0.0
2326	T	8210	0	0	0	0.0	0.0	0.0
2327	T	8210	0	0	0	0.0	0.0	0.0
2328	T	8210	0	0	0	0.0	0.0	0.0
2329	T	8210	0	0	0	0.0	0.0	0.0
2330	G	8210	1936	0	0	0.23580998781973203	0.0	0.0
2331	C	8210	1	0	0	0.0001218026796589525	0.0	0.0
2332	C	8210	0	0	0	0.0	0.0	0.0
2333	A	8210	0	0	0	0.0	0.0	0.0
2334	C	8210	1	0	0	0.0001218026796589525	0.0	0.0
2335	T	8210	0	0	0	0.0	0.0	0.0
2336	T	8210	0	0	0	0.0	0.0	0.0
2337	C	8210	23	0	0	0.0028014616321559074	0.0	0.0
2338	C	8210	0	0	0	0.0	0.0	0.0
2339	G	8210	32	0	0	0.00389768574908648	0.0	0.0
2340	C	8210	0	0	0	0.0	0.0	0.0
2341	T	8210	0	0	0	0.0	0.0	0.0
2342	G	8210	0	0	0	0.0	0.0	0.0
2343	A	8210	0	0	0	0.0	0.0	0.0
2344	T	8210	0	0	0	0.0	0.0	0.0
2345	T	8210	0	0	0	0.0	0.0	0.0
2346	G	8210	0	0	0	0.0	0.0	0.0
2347	T	8210	0	0	0	0.0	0.0	0.0
2348	A	8210	0	0	0	0.0	0.0	0.0
2349	A	8210	0	0	0	0.0	0.0	0.0
2350	T	8210	0	0	0	0.0	0.0	0.0
2351	C	8210	1	0	0	0.0001218026796589525	0.0	0.0
2352	G	8210	0	0	0	0.0	0.0	0.0
2353	G	8210	0	0	0	0.0	0.0	0.0
2354	G	8210	0	0	0	0.0	0.0	0.0
2355	A	8210	0	0	0	0.0	0.0	0.0
2356	T	8210	0	0	0	0.0	0.0	0.0
2357	A	8210	0	0	0	0.0	0.0	0.0
2358	G	8210	0	0	0	0.0	0.0	0.0
2359	T	8210	0	0	0	0.0	0.0	0.0
2360	T	8210	0	0	0	0.0	0.0	0.0
2361	A	8210	0	0	0	0.0	0.0	0.0
2362	A	8210	0	0	0	0.0	0.0	0.0
2363	A	8210	0	0	0	0.0	0.0	0.0
2364	T	8210	1	0	0	0.0001218026796589525	0.0	0.0
2365	C	8210	0	0	0	0.0	0.0	0.0
2366	A	8210	0	0	0	0.0	0.0	0.0
2367	A	8210	0	0	0	0.0	0.0	0.0
2368	T	8210	0	0	0	0.0	0.0	0.0
2369	C	8210	0	0	0	0.0	0.0	0.0
2370	A	8210	0	0	0	0.0	0.0	0.0
2371	T	8210	0	0	0	0.0	0.0	0.0
2372	G	8210	0	0	0	0.0	0.0	0.0
2373	G	8210	0	0	0	0.0	0.0	0.0
2374	A	8210	0	0	0	0.0	0.0	0.0
2375	G	8210	0	0	0	0.0	0.0	0.0
2376	G	8210	0	0	0	0.0	0.0	0.0
2377	C	8210	112	0	0	0.01364190012180268	0.0	0.0
2378	G	8210	47	0	0	0.005724725943970767	0.0	0.0
2379	G	8210	0	0	0	0.0	0.0	0.0
2380	T	8210	0	0	0	0.0	0.0	0.0
2381	C	8210	0	0	0	0.0	0.0	0.0
2382	A	8210	0	0	0	0.0	0.0	0.0
2383	T	8210	0	0	0	0.0	0.0	0.0
2384	A	8210	0	0	0	0.0	0.0	0.0
2385	G	8210	0	0	0	0.0	0.0	0.0
2386	C	8210	0	0	0	0.0	0.0	0.0
2387	A	8210	0	0	0	0.0	0.0	0.0
2388	C	8210	0	0	0	0.0	0.0	0.0
2389	C	8210	0	0	0	0.0	0.0	0.0
2390	T	8210	0	0	0	0.0	0.0	0.0
2391	A	8210	0	0	0	0.0	0.0	0.0
2392	C	8210	0	0	0	0.0	0.0	0.0
2393	C	8210	209	0	0	0.02545676004872107	0.0	0.0
2394	A	8210	0	0	0	0.0	0.0	0.0
2395	C	8210	0	0	0	0.0	0.0	0.0
2396	C	8210	0	0	0	0.0	0.0	0.0
2397	A	8210	0	0	0	0.0	0.0	0.0
2398	T	8210	0	0	0	0.0	0.0	0.0
2399	C	8210	0	0	0	0.0	0.0	0.0
2400	A	8210	0	0	0	0.0	0.0	0.0
2401	A	8210	0	0	0	0.0	0.0	0.0
2402	G	8210	53	0	0	0.006455542021924482	0.0	0.0
2403	C	8210	0	0	0	0.0	0.0	0.0
2404	C	8210	0	0	0	0.0	0.0	0.0
2405	A	8210	0	0	0	0.0	0.0	0.0
2406	A	8210	0	0	0	0.0	0.0	0.0
2407	T	8210	0	0	0	0.0	0.0	0.0
2408	T	8210	0	0	0	0.0	0.0	0.0
2409	A	8210	0	0	0	0.0	0.0	0.0
2410	T	8210	0	0	0	0.0	0.0	0.0
2411	T	8210	0	0	0	0.0	0.0	0.0
2412	G	8210	0	0	0	0.0	0.0	0.0
2413	A	8210	0	0	0	0.0	0.0	0.0
2414	A	8210	0	0	0	0.0	0.0	0.0
2415	G	8210	1	0	0	0.0001218026796589525	0.0	0.0
2416	C	8210	0	0	0	0.0	0.0	0.0
2417	G	8210	133	0	0	0.01619975639464068	0.0	0.0
2418	C	8210	0	0	0	0.0	0.0	0.0
2419	C	8210	1	0	0	0.0001218026796589525	0.0	0.0
2420	T	8210	1	0	0	0.0001218026796589525	0.0	0.0
2421	A	8210	0	0	0	0.0	0.0	0.0
2422	A	8210	0	0	0	0.0	0.0	0.0
2423	T	8210	0	0	0	0.0	0.0	0.0
2424	G	8210	7	0	0	0.0008526187576126675	0.0	0.0
2425	T	8210	0	0	0	0.0	0.0	0.0
2426	G	8210	0	0	0	0.0	0.0	0.0
2427	A	8210	0	0	0	0.0	0.0	0.0
2428	G	8210	0	0	0	0.0	0.0	0.0
2429	A	8210	1	0	0	0.0001218026796589525	0.0	0.0
2430	C	8210	0	0	0	0.0	0.0	0.0
2431	T	8210	0	0	0	0.0	0.0	0.0
2432	T	8210	0	0	0	0.0	0.0	0.0
2433	T	8210	0	0	0	0.0	0.0	0.0
2434	C	8210	0	0	0	0.0	0.0	0.0
2435	C	8210	0	0	0	0.0	0.0	0.0
2436	A	8210	0	0	0	0.0	0.0	0.0
2437	T	8210	1	0	0	0.0001218026796589525	0.0	0.0
2438	C	8210	0	0	0	0.0	0.0	0.0
2439	A	8210	0	0	0	0.0	0.0	0.0
2440	T	8210	2	0	0	0.000243605359317905	0.0	0.0
2441	G	8210	3	0	0	0.0003654080389768575	0.0	0.0
2442	C	8210	0	0	0	0.0	0.0	0.0
2443	C	8210	1	0	0	0.0001218026796589525	0.0	0.0
2444	A	8210	0	0	0	0.0	0.0	0.0
2445	T	8210	0	0	0	0.0	0.0	0.0
2446	T	8210	0	0	0	0.0	0.0	0.0
2447	T	8210	0	0	0	0.0	0.0	0.0
2448	G	8210	1	0	0	0.0001218026796589525	0.0	0.0
2449	C	8210	0	0	0	0.0	0.0	0.0
2450	T	8210	0	0	0	0.0	0.0	0.0
2451	T	8210	0	0	0	0.0	0.0	0.0
2452	G	8210	0	0	0	0.0	0.0	0.0
2453	A	8210	0	0	0	0.0	0.0	0.0
2454	A	8210	0	0	0	0.0	0.0	0.0
2455	T	8210	1	0	0	0.0001218026796589525	0.0	0.0
2456	T	8210	5352	0	0	0.6518879415347137	0.0	0.0
2457	T	8210	0	0	0	0.0	0.0	0.0
2458	T	8210	0	0	0	0.0	0.0	0.0
2459	T	8210	0	0	0	0.0	0.0	0.0
2460	T	8210	0	0	0	0.0	0.0	0.0
2461	T	8210	0	0	0	0.0	0.0	0.0
2462	G	8210	0	0	0	0.0	0.0	0.0
2463	A	8210	0	0	0	0.0	0.0	0.0
2464	G	8210	2	0	0	0.000243605359317905	0.0	0.0
2465	A	8210	0	0	0	0.0	0.0	0.0
2466	A	8210	0	0	0	0.0	0.0	0.0
2467	A	8210	0	0	0	0.0	0.0	0.0
2468	A	8210	7	0	0	0.0008526187576126675	0.0	0.0
2469	C	8210	0	0	0	0.0	0.0	0.0
2470	C	8210	0	0	0	0.0	0.0	0.0
2471	A	8210	0	0	0	0.0	0.0	0.0
2472	G	8210	12	0	0	0.00146163215590743	0.0	0.0
2473	T	8210	0	0	0	0.0	0.0	0.0
2474	T	8210	0	0	0	0.0	0.0	0.0
2475	C	8210	0	0	0	0.0	0.0	0.0
2476	C	8210	0	0	0	0.0	0.0	0.0
2477	T	8210	0	0	0	0.0	0.0	0.0
2478	A	8210	0	0	0	0.0	0.0	0.0
2479	A	8210	0	0	0	0.0	0.0	0.0
2480	T	8210	0	0	0	0.0	0.0	0.0
2481	T	8210	1	0	0	0.0001218026796589525	0.0	0.0
2482	T	8210	0	0	0	0.0	0.0	0.0
2483	G	8210	6207	0	0	0.7560292326431182	0.0	0.0
2484	T	8210	0	0	0	0.0	0.0	0.0
2485	A	8210	0	0	0	0.0	0.0	0.0
2486	G	8210	122	0	0	0.014859926918392205	0.0	0.0
2487	C	8210	1	0	0	0.0001218026796589525	0.0	0.0
2488	C	8210	1	0	0	0.0001218026796589525	0.0	0.0
2489	C	8210	0	0	0	0.0	0.0	0.0
2490	C	8210	2	0	0	0.000243605359317905	0.0	0.0
2491	A	8210	0	0	0	0.0	0.0	0.0
2492	A	8210	0	0	0	0.0	0.0	0.0
2493	C	8210	0	0	0	0.0	0.0	0.0
2494	G	8210	15	0	0	0.0018270401948842874	0.0	0.0
2495	A	8210	0	0	0	0.0	0.0	0.0
2496	T	8210	0	0	0	0.0	0.0	0.0
2497	T	8210	0	0	0	0.0	0.0	0.0
2498	C	8210	126	0	0	0.015347137637028014	0.0	0.0
2499	A	8210	0	0	0	0.0	0.0	0.0
2500	G	8210	0	0	0	0.0	0.0	0.0
2501	T	8210	1	0	0	0.0001218026796589525	0.0	0.0
2502	A	8210	1	0	0	0.0001218026796589525	0.0	0.0
2503	A	8210	0	0	0	0.0	0.0	0.0
2504	A	8210	0	0	0	0.0	0.0	0.0
2505	T	8210	0	0	0	0.0	0.0	0.0
2506	A	8210	0	0	0	0.0	0.0	0.0
2507	A	8210	12	0	0	0.00146163215590743	0.0	0.0
2508	C	8210	1	0	0	0.0001218026796589525	0.0	0.0
2509	G	8210	0	0	0	0.0	0.0	0.0
2510	A	8210	1	0	0	0.0001218026796589525	0.0	0.0
2511	A	8210	0	0	0	0.0	0.0	0.0
2512	C	8210	0	0	0	0.0	0.0	0.0
2513	A	8210	0	0	0	0.0	0.0	0.0
2514	A	8210	0	0	0	0.0	0.0	0.0
2515	T	8210	0	0	0	0.0	0.0	0.0
2516	C	8210	0	0	0	0.0	0.0	0.0
2517	A	8210	0	0	0	0.0	0.0	0.0
2518	C	8210	1	0	0	0.0001218026796589525	0.0	0.0
2519	A	8210	0	0	0	0.0	0.0	0.0
2520	T	8210	0	0	0	0.0	0.0	0.0
2521	G	8210	0	0	1	0.0	0.0	0.0001218026796589525
2522	A	8210	6868	0	0	0.8365408038976857	0.0	0.0
2523	G	8210	0	0	0	0.0	0.0	0.0
2524	G	8210	0	0	0	0.0	0.0	0.0
2525	A	8210	6905	1	0	0.841047503045067	0.0001218026796589525	0.0
2526	A	8210	0	0	0	0.0	0.0	0.0
2527	C	8210	0	0	0	0.0	0.0	0.0
2528	G	8210	3	0	0	0.0003654080389768575	0.0	0.0
2529	T	8210	0	0	0	0.0	0.0	0.0
2530	T	8210	0	0	0	0.0	0.0	0.0
2531	A	8210	0	0	0	0.0	0.0	0.0
2532	A	8210	0	0	0	0.0	0.0	0.0
2533	A	8210	0	0	0	0.0	0.0	0.0
2534	A	8210	0	0	0	0.0	0.0	0.0
2535	A	8210	0	0	0	0.0	0.0	0.0
2536	T	8210	0	0	0	0.0	0.0	0.0
2537	G	8210	0	0	0	0.0	0.0	0.0
2538	A	8210	0	0	0	0.0	0.0	0.0
2539	G	8210	0	0	0	0.0	0.0	0.0
2540	T	8210	0	0	0	0.0	0.0	0.0
2541	A	8210	0	0	0	0.0	0.0	0.0
2542	A	8210	0	0	0	0.0	0.0	0.0
2543	A	8210	0	0	0	0.0	0.0	0.0
2544	A	8210	0	0	0	0.0	0.0	0.0
2545	A	8210	0	0	0	0.0	0.0	0.0
2546	T	8210	0	0	0	0.0	0.0	0.0
2547	A	8210	2	0	0	0.000243605359317905	0.0	0.0
2548	G	8210	0	0	0	0.0	0.0	0.0
2549	A	8210	0	0	0	0.0	0.0	0.0
2550	A	8210	0	0	0	0.0	0.0	0.0
2551	T	8210	0	0	0	0.0	0.0	0.0
2552	T	8210	3	0	0	0.0003654080389768575	0.0	0.0
2553	G	8210	0	0	0	0.0	0.0	0.0
2554	G	8210	17	0	0	0.0020706455542021922	0.0	0.0
2555	C	8210	65	0	0	0.007917174177831911	0.0	0.0
2556	C	8210	0	0	0	0.0	0.0	0.0
2557	C	8210	0	0	0	0.0	0.0	0.0
2558	T	8210	0	0	0	0.0	0.0	0.0
2559	A	8210	0	0	0	0.0	0.0	0.0
2560	A	8210	0	0	0	0.0	0.0	0.0
2561	C	8210	26	0	0	0.003166869671132765	0.0	0.0
2562	A	8210	0	0	0	0.0	0.0	0.0
2563	C	8210	125	0	0	0.015225334957369063	0.0	0.0
2564	A	8210	0	0	0	0.0	0.0	0.0
2565	T	8210	0	0	0	0.0	0.0	0.0
2566	T	8210	0	0	0	0.0	0.0	0.0
2567	C	8210	1	0	0	0.0001218026796589525	0.0	0.0
2568	C	8210	0	0	0	0.0	0.0	0.0
2569	C	8210	4	0	0	0.00048721071863581	0.0	0.0
2570	T	8210	0	0	0	0.0	0.0	0.0
2571	T	8210	0	0	0	0.0	0.0	0.0
2572	G	8210	0	0	0	0.0	0.0	0.0
2573	T	8210	0	0	0	0.0	0.0	0.0
2574	A	8210	0	0	0	0.0	0.0	0.0
2575	A	8210	0	0	0	0.0	0.0	0.0
2576	A	8210	0	0	0	0.0	0.0	0.0
2577	G	8210	0	0	0	0.0	0.0	0.0
2578	C	8210	0	0	0	0.0	0.0	0.0
2579	T	8210	0	0	0	0.0	0.0	0.0
2580	A	8210	0	0	0	0.0	0.0	0.0
2581	A	8210	0	0	0	0.0	0.0	0.0
2582	C	8210	0	0	0	0.0	0.0	0.0
2583	G	8210	0	0	0	0.0	0.0	0.0
2584	A	8210	0	0	0	0.0	0.0	0.0
2585	A	8210	0	0	0	0.0	0.0	0.0
2586	G	8210	0	0	0	0.0	0.0	0.0
2587	T	8210	0	0	0	0.0	0.0	0.0
2588	T	8210	14	0	0	0.001705237515225335	0.0	0.0
2589	C	8210	1	0	0	0.0001218026796589525	0.0	0.0
2590	C	8210	0	0	0	0.0	0.0	0.0
2591	A	8210	0	0	0	0.0	0.0	0.0
2592	A	8210	0	0	0	0.0	0.0	0.0
2593	C	8210	3	0	0	0.0003654080389768575	0.0	0.0
2594	A	8210	4	0	0	0.00048721071863581	0.0	0.0
2595	C	8210	0	0	0	0.0	0.0	0.0
2596	C	8210	1	0	0	0.0001218026796589525	0.0	0.0
2597	T	8210	15	0	0	0.0018270401948842874	0.0	0.0
2598	G	8210	0	0	0	0.0	0.0	0.0
2599	T	8210	0	0	0	0.0	0.0	0.0
2600	T	8210	0	0	0	0.0	0.0	0.0
2601	G	8210	0	0	0	0.0	0.0	0.0
2602	C	8210	1	0	0	0.0001218026796589525	0.0	0.0
2603	A	8210	0	0	0	0.0	0.0	0.0
2604	A	8210	0	0	0	0.0	0.0	0.0
2605	T	8210	0	0	0	0.0	0.0	0.0
2606	C	8210	1	0	0	0.0001218026796589525	0.0	0.0
2607	A	8210	0	0	0	0.0	0.0	0.0
2608	A	8210	0	0	0	0.0	0.0	0.0
2609	G	8210	0	0	0	0.0	0.0	0.0
2610	C	8210	0	0	0	0.0	0.0	0.0
2611	G	8210	0	0	0	0.0	0.0	0.0
2612	T	8210	0	0	0	0.0	0.0	0.0
2613	A	8210	0	0	0	0.0	0.0	0.0
2614	A	8210	0	0	0	0.0	0.0	0.0
2615	G	8210	2	0	0	0.000243605359317905	0.0	0.0
2616	G	8210	0	0	0	0.0	0.0	0.0
2617	T	8210	0	0	0	0.0	0.0	0.0
2618	T	8210	0	0	0	0.0	0.0	0.0
2619	C	8210	0	0	0	0.0	0.0	0.0
2620	C	8210	0	0	0	0.0	0.0	0.0
2621	C	8210	0	0	0	0.0	0.0	0.0
2622	C	8210	0	0	0	0.0	0.0	0.0
2623	A	8210	0	0	0	0.0	0.0	0.0
2624	G	8210	1	0	0	0.0001218026796589525	0.0	0.0
2625	A	8210	0	0	0	0.0	0.0	0.0
2626	A	8210	0	0	0	0.0	0.0	0.0
2627	A	8210	0	0	0	0.0	0.0	0.0
2628	A	8210	0	0	0	0.0	0.0	0.0
2629	A	8210	0	0	0	0.0	0.0	0.0
2630	G	8210	3	0	0	0.0003654080389768575	0.0	0.0
2631	G	8210	1	0	0	0.0001218026796589525	0.0	0.0
2632	A	8210	0	0	0	0.0	0.0	0.0
2633	A	8210	0	0	0	0.0	0.0	0.0
2634	T	8210	0	0	0	0.0	0.0	0.0
2635	C	8210	0	0	0	0.0	0.0	0.0
2636	A	8210	0	0	0	0.0	0.0	0.0
2637	C	8210	0	0	0	0.0	0.0	0.0
2638	C	8210	0	0	0	0.0	0.0	0.0
2639	T	8210	10	0	0	0.001218026796589525	0.0	0.0
2640	A	8210	0	0	0	0.0	0.0	0.0
2641	A	8210	0	0	0	0.0	0.0	0.0
2642	A	8210	0	0	0	0.0	0.0	0.0
2643	C	8210	0	0	0	0.0	0.0	0.0
2644	C	8210	2	0	0	0.000243605359317905	0.0	0.0
2645	A	8210	0	0	0	0.0	0.0	0.0
2646	G	8210	0	0	0	0.0	0.0	0.0
2647	C	8210	0	0	0	0.0	0.0	0.0
2648	T	8210	0	0	0	0.0	0.0	0.0
2649	A	8210	0	0	0	0.0	0.0	0.0
2650	A	8210	0	0	0	0.0	0.0	0.0
2651	A	8210	0	0	0	0.0	0.0	0.0
2652	G	8210	2	0	0	0.000243605359317905	0.0	0.0
2653	G	8210	0	0	0	0.0	0.0	0.0
2654	T	8210	1	0	0	0.0001218026796589525	0.0	0.0
2655	C	8210	0	0	0	0.0	0.0	0.0
2656	C	8210	0	0	0	0.0	0.0	0.0
2657	C	8210	0	0	0	0.0	0.0	0.0
2658	A	8210	0	0	0	0.0	0.0	0.0
2659	T	8210	0	0	0	0.0	0.0	0.0
2660	T	8210	0	0	0	0.0	0.0	0.0
2661	A	8210	0	0	0	0.0	0.0	0.0
2662	A	8210	0	0	0	0.0	0.0	0.0
2663	C	8210	0	0	0	0.0	0.0	0.0
2664	G	8210	1	0	0	0.0001218026796589525	0.0	0.0
2665	A	8210	0	0	0	0.0	0.0	0.0
2666	G	8210	741	0	0	0.0902557856272838	0.0	0.0
2667	G	8210	0	0	0	0.0	0.0	0.0
2668	T	8210	0	0	0	0.0	0.0	0.0
2669	T	8210	0	0	0	0.0	0.0	0.0
2670	T	8210	0	0	0	0.0	0.0	0.0
2671	T	8210	0	0	0	0.0	0.0	0.0
2672	A	8210	0	0	0	0.0	0.0	0.0
2673	A	8210	0	0	0	0.0	0.0	0.0
2674	T	8210	0	0	0	0.0	0.0	0.0
2675	A	8210	0	0	0	0.0	0.0	0.0
2676	C	8210	5	0	0	0.0006090133982947625	0.0	0.0
2677	T	8210	0	0	0	0.0	0.0	0.0
2678	A	8210	0	0	0	0.0	0.0	0.0
2679	T	8210	0	0	0	0.0	0.0	0.0
2680	C	8210	0	0	0	0.0	0.0	0.0
2681	G	8210	2	0	0	0.000243605359317905	0.0	0.0
2682	A	8210	0	0	0	0.0	0.0	0.0
2683	T	8210	6	0	0	0.000730816077953715	0.0	0.0
2684	T	8210	0	0	0	0.0	0.0	0.0
2685	G	8210	1	0	0	0.0001218026796589525	0.0	0.0
2686	T	8210	0	0	0	0.0	0.0	0.0
2687	T	8210	0	0	0	0.0	0.0	0.0
2688	C	8210	0	0	0	0.0	0.0	0.0
2689	C	8210	4	0	0	0.00048721071863581	0.0	0.0
2690	A	8210	1	0	0	0.0001218026796589525	0.0	0.0
2691	A	8210	0	0	0	0.0	0.0	0.0
2692	C	8210	0	0	0	0.0	0.0	0.0
2693	T	8210	0	0	0	0.0	0.0	0.0
2694	T	8210	0	0	0	0.0	0.0	0.0
2695	C	8210	13	0	0	0.0015834348355663825	0.0	0.0
2696	A	8210	2	0	0	0.000243605359317905	0.0	0.0
2697	A	8210	4	0	0	0.00048721071863581	0.0	0.0
2698	A	8210	0	0	0	0.0	0.0	0.0
2699	A	8210	0	0	0	0.0	0.0	0.0
2700	T	8210	0	0	0	0.0	0.0	0.0
2701	T	8210	1	0	0	0.0001218026796589525	0.0	0.0
2702	T	8210	0	0	0	0.0	0.0	0.0
2703	T	8210	0	0	0	0.0	0.0	0.0
2704	C	8210	2	0	0	0.000243605359317905	0.0	0.0
2705	G	8210	1422	0	0	0.17320341047503046	0.0	0.0
2706	T	8210	0	0	0	0.0	0.0	0.0
2707	C	8210	1	0	0	0.0001218026796589525	0.0	0.0
2708	C	8210	0	0	0	0.0	0.0	0.0
2709	A	8210	0	0	0	0.0	0.0	0.0
2710	G	8210	1	0	0	0.0001218026796589525	0.0	0.0
2711	A	8210	0	0	0	0.0	0.0	0.0
2712	A	8210	0	0	0	0.0	0.0	0.0
2713	C	8210	7	0	0	0.0008526187576126675	0.0	0.0
2714	A	8210	0	0	0	0.0	0.0	0.0
2715	T	8210	0	0	0	0.0	0.0	0.0
2716	T	8210	0	0	0	0.0	0.0	0.0
2717	T	8210	0	0	0	0.0	0.0	0.0
2718	T	8210	0	0	0	0.0	0.0	0.0
2719	C	8210	0	0	0	0.0	0.0	0.0
2720	T	8210	0	0	0	0.0	0.0	0.0
2721	T	8210	0	0	0	0.0	0.0	0.0
2722	C	8210	0	0	0	0.0	0.0	0.0
2723	T	8210	0	0	0	0.0	0.0	0.0
2724	T	8210	0	0	0	0.0	0.0	0.0
2725	C	8210	0	0	0	0.0	0.0	0.0
2726	C	8210	1	0	0	0.0001218026796589525	0.0	0.0
2727	A	8210	0	0	0	0.0	0.0	0.0
2728	T	8210	0	0	0	0.0	0.0	0.0
2729	T	8210	0	0	0	0.0	0.0	0.0
2730	G	8210	0	0	0	0.0	0.0	0.0
2731	C	8210	0	0	0	0.0	0.0	0.0
2732	A	8210	0	0	0	0.0	0.0	0.0
2733	G	8210	0	0	0	0.0	0.0	0.0
2734	C	8210	0	0	0	0.0	0.0	0.0
2735	A	8210	0	0	0	0.0	0.0	0.0
2736	T	8210	0	0	0	0.0	0.0	0.0
2737	T	8210	0	0	0	0.0	0.0	0.0
2738	A	8210	0	0	0	0.0	0.0	0.0
2739	A	8210	0	0	0	0.0	0.0	0.0
2740	T	8210	0	0	0	0.0	0.0	0.0
2741	T	8210	0	0	0	0.0	0.0	0.0
2742	C	8210	0	0	0	0.0	0.0	0.0
2743	C	8210	0	0	0	0.0	0.0	0.0
2744	T	8210	0	0	0	0.0	0.0	0.0
2745	A	8210	0	0	0	0.0	0.0	0.0
2746	A	8210	0	0	0	0.0	0.0	0.0
2747	A	8210	0	0	0	0.0	0.0	0.0
2748	A	8210	0	0	0	0.0	0.0	0.0
2749	T	8210	0	0	0	0.0	0.0	0.0
2750	A	8210	0	0	0	0.0	0.0	0.0
2751	A	8210	0	0	0	0.0	0.0	0.0
2752	A	8210	0	0	0	0.0	0.0	0.0
2753	C	8210	0	0	0	0.0	0.0	0.0
2754	G	8210	0	0	0	0.0	0.0	0.0
2755	T	8210	0	0	0	0.0	0.0	0.0
2756	C	8210	47	0	0	0.005724725943970767	0.0	0.0
2757	A	8210	1	0	0	0.0001218026796589525	0.0	0.0
2758	C	8210	0	0	0	0.0	0.0	0.0
2759	G	8210	888	0	0	0.10816077953714982	0.0	0.0
2760	A	8210	0	0	0	0.0	0.0	0.0
2761	T	8210	0	0	0	0.0	0.0	0.0
2762	A	8210	0	0	0	0.0	0.0	0.0
2763	T	8210	0	0	0	0.0	0.0	0.0
2764	G	8210	0	0	0	0.0	0.0	0.0
2765	C	8210	10	0	0	0.001218026796589525	0.0	0.0
2766	G	8210	0	0	0	0.0	0.0	0.0
2767	G	8210	0	0	0	0.0	0.0	0.0
2768	C	8210	1	0	0	0.0001218026796589525	0.0	0.0
2769	G	8210	0	0	0	0.0	0.0	0.0
2770	T	8210	0	0	0	0.0	0.0	0.0
2771	A	8210	2653	0	0	0.323142509135201	0.0	0.0
2772	G	8210	0	0	0	0.0	0.0	0.0
2773	T	8210	0	0	0	0.0	0.0	0.0
2774	A	8210	0	0	0	0.0	0.0	0.0
2775	T	8210	0	0	0	0.0	0.0	0.0
2776	T	8210	0	0	0	0.0	0.0	0.0
2777	A	8210	0	0	0	0.0	0.0	0.0
2778	A	8210	0	0	0	0.0	0.0	0.0
2779	A	8210	0	0	0	0.0	0.0	0.0
2780	G	8210	0	0	0	0.0	0.0	0.0
2781	A	8210	0	0	0	0.0	0.0	0.0
2782	A	8210	0	0	0	0.0	0.0	0.0
2783	A	8210	0	0	0	0.0	0.0	0.0
2784	G	8210	1	0	0	0.0001218026796589525	0.0	0.0
2785	C	8210	0	0	0	0.0	0.0	0.0
2786	A	8210	0	0	0	0.0	0.0	0.0
2787	A	8210	0	0	0	0.0	0.0	0.0
2788	G	8210	0	0	0	0.0	0.0	0.0
2789	A	8210	0	0	0	0.0	0.0	0.0
2790	T	8210	0	0	0	0.0	0.0	0.0
2791	G	8210	2	0	0	0.000243605359317905	0.0	0.0
2792	C	8210	1	1	0	0.0001218026796589525	0.0001218026796589525	0.0
2793	C	8210	0	0	0	0.0	0.0	0.0
2794	G	8210	0	0	0	0.0	0.0	0.0
2795	T	8210	0	0	0	0.0	0.0	0.0
2796	T	8210	0	0	0	0.0	0.0	0.0
2797	T	8210	0	0	0	0.0	0.0	0.0
2798	T	8210	0	0	0	0.0	0.0	0.0
2799	A	8210	0	0	0	0.0	0.0	0.0
2800	A	8210	0	0	0	0.0	0.0	0.0
2801	A	8210	0	0	0	0.0	0.0	0.0
2802	G	8210	1	0	0	0.0001218026796589525	0.0	0.0
2803	C	8210	0	0	0	0.0	0.0	0.0
2804	T	8210	29	0	0	0.0035322777101096225	0.0	0.0
2805	G	8210	3	0	0	0.0003654080389768575	0.0	0.0
2806	C	8210	1	0	0	0.0001218026796589525	0.0	0.0
2807	C	8210	0	0	0	0.0	0.0	0.0
2808	G	8210	2	0	0	0.000243605359317905	0.0	0.0
2809	C	8210	0	0	0	0.0	0.0	0.0
2810	C	8210	0	0	0	0.0	0.0	0.0
2811	A	8210	0	0	0	0.0	0.0	0.0
2812	T	8210	12	0	0	0.00146163215590743	0.0	0.0
2813	C	8210	206	0	0	0.025091352009744213	0.0	0.0
2814	T	8210	0	0	0	0.0	0.0	0.0
2815	C	8210	0	0	0	0.0	0.0	0.0
2816	T	8210	0	0	0	0.0	0.0	0.0
2817	T	8210	0	0	0	0.0	0.0	0.0
2818	C	8210	0	0	0	0.0	0.0	0.0
2819	T	8210	0	0	0	0.0	0.0	0.0
2820	T	8210	0	0	0	0.0	0.0	0.0
2821	T	8210	0	0	0	0.0	0.0	0.0
2822	T	8210	0	0	0	0.0	0.0	0.0
2823	T	8210	0	0	0	0.0	0.0	0.0
2824	G	8210	0	0	0	0.0	0.0	0.0
2825	A	8210	0	0	0	0.0	0.0	0.0
2826	G	8210	0	0	0	0.0	0.0	0.0
2827	G	8210	1	0	0	0.0001218026796589525	0.0	0.0
2828	A	8210	0	0	0	0.0	0.0	0.0
2829	T	8210	0	0	0	0.0	0.0	0.0
2830	A	8210	0	0	0	0.0	0.0	0.0
2831	T	8210	0	0	0	0.0	0.0	0.0
2832	A	8210	0	0	0	0.0	0.0	0.0
2833	A	8210	0	0	0	0.0	0.0	0.0
2834	T	8210	0	0	0	0.0	0.0	0.0
2835	T	8210	0	0	0	0.0	0.0	0.0
2836	T	8210	0	0	0	0.0	0.0	0.0
2837	C	8210	0	0	0	0.0	0.0	0.0
2838	T	8210	0	0	0	0.0	0.0	0.0
2839	T	8210	0	0	0	0.0	0.0	0.0
2840	T	8210	1	0	0	0.0001218026796589525	0.0	0.0
2841	A	8210	0	0	0	0.0	0.0	0.0
2842	A	8210	0	0	0	0.0	0.0	0.0
2843	A	8210	0	0	0	0.0	0.0	0.0
2844	A	8210	0	0	0	0.0	0.0	0.0
2845	T	8210	0	0	0	0.0	0.0	0.0
2846	A	8210	0	0	0	0.0	0.0	0.0
2847	G	8210	1	0	0	0.0001218026796589525	0.0	0.0
2848	G	8210	1	0	0	0.0001218026796589525	0.0	0.0
2849	G	8210	1	0	0	0.0001218026796589525	0.0	0.0
2850	A	8210	0	0	0	0.0	0.0	0.0
2851	T	8210	0	0	0	0.0	0.0	0.0
2852	C	8210	0	0	0	0.0	0.0	0.0
2853	A	8210	0	0	0	0.0	0.0	0.0
2854	T	8210	0	0	0	0.0	0.0	0.0
2855	G	8210	25	0	0	0.0030450669914738123	0.0	0.0
2856	G	8210	0	0	0	0.0	0.0	0.0
2857	C	8210	0	0	0	0.0	0.0	0.0
2858	A	8210	0	0	0	0.0	0.0	0.0
2859	T	8210	0	0	0	0.0	0.0	0.0
2860	A	8210	0	0	0	0.0	0.0	0.0
2861	G	8210	0	0	0	0.0	0.0	0.0
2862	A	8210	1	0	0	0.0001218026796589525	0.0	0.0
2863	C	8210	0	0	0	0.0	0.0	0.0
2864	A	8210	0	0	0	0.0	0.0	0.0
2865	T	8210	0	0	0	0.0	0.0	0.0
2866	A	8210	0	0	0	0.0	0.0	0.0
2867	A	8210	0	0	0	0.0	0.0	0.0
2868	G	8210	0	0	0	0.0	0.0	0.0
2869	C	8210	0	0	0	0.0	0.0	0.0
2870	C	8210	0	0	0	0.0	0.0	0.0
2871	A	8210	0	0	0	0.0	0.0	0.0
2872	T	8210	0	0	0	0.0	0.0	0.0
2873	A	8210	0	0	0	0.0	0.0	0.0
2874	T	8210	0	0	0	0.0	0.0	0.0
2875	T	8210	0	0	0	0.0	0.0	0.0
2876	C	8210	0	0	0	0.0	0.0	0.0
2877	A	8210	0	0	0	0.0	0.0	0.0
2878	T	8210	0	0	0	0.0	0.0	0.0
2879	C	8210	0	0	0	0.0	0.0	0.0
2880	T	8210	0	0	0	0.0	0.0	0.0
2881	G	8210	0	0	0	0.0	0.0	0.0
2882	A	8210	0	0	0	0.0	0.0	0.0
2883	C	8210	0	0	0	0.0	0.0	0.0
2884	G	8210	3	0	0	0.0003654080389768575	0.0	0.0
2885	T	8210	0	0	0	0.0	0.0	0.0
2886	T	8210	0	0	0	0.0	0.0	0.0
2887	C	8210	2	0	0	0.000243605359317905	0.0	0.0
2888	A	8210	2	0	0	0.000243605359317905	0.0	0.0
2889	T	8210	0	0	0	0.0	0.0	0.0
2890	A	8210	0	1	0	0.0	0.0001218026796589525	0.0
2891	A	8210	0	1	0	0.0	0.0001218026796589525	0.0
2892	T	8210	0	1	0	0.0	0.0001218026796589525	0.0
2893	T	8210	0	1	0	0.0	0.0001218026796589525	0.0
2894	C	8210	0	1	0	0.0	0.0001218026796589525	0.0
2895	C	8210	0	1	0	0.0	0.0001218026796589525	0.0
2896	A	8210	0	1	0	0.0	0.0001218026796589525	0.0
2897	T	8210	0	1	0	0.0	0.0001218026796589525	0.0
2898	G	8210	0	1	0	0.0	0.0001218026796589525	0.0
2899	A	8210	0	1	0	0.0	0.0001218026796589525	0.0
2900	A	8210	0	1	0	0.0	0.0001218026796589525	0.0
2901	A	8210	0	0	0	0.0	0.0	0.0
2902	A	8210	0	0	0	0.0	0.0	0.0
2903	T	8210	0	0	0	0.0	0.0	0.0
2904	T	8210	0	0	0	0.0	0.0	0.0
2905	C	8210	0	0	0	0.0	0.0	0.0
2906	C	8210	0	0	0	0.0	0.0	0.0
2907	A	8210	0	0	0	0.0	0.0	0.0
2908	T	8210	0	0	0	0.0	0.0	0.0
2909	T	8210	0	0	0	0.0	0.0	0.0
2910	T	8210	0	0	0	0.0	0.0	0.0
2911	G	8210	0	0	0	0.0	0.0	0.0
2912	A	8210	674	0	0	0.08209500609013398	0.0	0.0
2913	A	8210	0	0	0	0.0	0.0	0.0
2914	A	8210	0	0	0	0.0	0.0	0.0
2915	T	8210	0	0	0	0.0	0.0	0.0
2916	G	8210	0	0	0	0.0	0.0	0.0
2917	A	8210	0	0	0	0.0	0.0	0.0
2918	A	8210	0	0	0	0.0	0.0	0.0
2919	C	8210	0	0	0	0.0	0.0	0.0
2920	G	8210	0	0	0	0.0	0.0	0.0
2921	C	8210	0	0	0	0.0	0.0	0.0
2922	C	8210	125	0	0	0.015225334957369063	0.0	0.0
2923	A	8210	0	0	0	0.0	0.0	0.0
2924	A	8210	0	0	0	0.0	0.0	0.0
2925	A	8210	0	0	0	0.0	0.0	0.0
2926	A	8210	0	0	0	0.0	0.0	0.0
2927	G	8210	1	0	0	0.0001218026796589525	0.0	0.0
2928	A	8210	0	0	0	0.0	0.0	0.0
2929	C	8210	0	0	0	0.0	0.0	0.0
2930	T	8210	0	0	0	0.0	0.0	0.0
2931	T	8210	3	0	0	0.0003654080389768575	0.0	0.0
2932	G	8210	0	0	0	0.0	0.0	0.0
2933	A	8210	2	0	0	0.000243605359317905	0.0	0.0
2934	T	8210	0	0	0	0.0	0.0	0.0
2935	T	8210	0	0	0	0.0	0.0	0.0
2936	A	8210	0	0	0	0.0	0.0	0.0
2937	A	8210	0	0	0	0.0	0.0	0.0
2938	G	8210	0	0	0	0.0	0.0	0.0
2939	T	8210	1126	0	0	0.13714981729598053	0.0	0.0
2940	T	8210	0	0	0	0.0	0.0	0.0
2941	C	8210	0	0	1	0.0	0.0	0.0001218026796589525
2942	T	8210	0	0	0	0.0	0.0	0.0
2943	T	8210	0	0	0	0.0	0.0	0.0
2944	T	8210	0	0	0	0.0	0.0	0.0
2945	T	8210	0	0	0	0.0	0.0	0.0
2946	T	8210	0	0	0	0.0	0.0	0.0
2947	T	8210	0	0	0	0.0	0.0	0.0
2948	T	8210	0	0	0	0.0	0.0	0.0
2949	G	8210	0	0	0	0.0	0.0	0.0
2950	T	8210	0	0	0	0.0	0.0	0.0
2951	A	8210	0	0	0	0.0	0.0	0.0
2952	A	8210	0	0	0	0.0	0.0	0.0
2953	T	8210	0	0	0	0.0	0.0	0.0
2954	T	8210	0	0	0	0.0	0.0	0.0
2955	A	8210	0	0	0	0.0	0.0	0.0
2956	A	8210	0	0	0	0.0	0.0	0.0
2957	G	8210	0	0	0	0.0	0.0	0.0
2958	T	8210	0	0	0	0.0	0.0	0.0
2959	T	8210	0	0	0	0.0	0.0	0.0
2960	T	8210	0	0	0	0.0	0.0	0.0
2961	T	8210	2	0	0	0.000243605359317905	0.0	0.0
2962	C	8210	0	0	0	0.0	0.0	0.0
2963	T	8210	0	0	0	0.0	0.0	0.0
2964	G	8210	0	0	0	0.0	0.0	0.0
2965	T	8210	0	0	0	0.0	0.0	0.0
2966	C	8210	1	0	0	0.0001218026796589525	0.0	0.0
2967	T	8210	0	0	0	0.0	0.0	0.0
2968	T	8210	0	0	0	0.0	0.0	0.0
2969	A	8210	0	0	0	0.0	0.0	0.0
2970	G	8210	0	0	0	0.0	0.0	0.0
2971	T	8210	2	0	0	0.000243605359317905	0.0	0.0
2972	T	8210	0	0	0	0.0	0.0	0.0
2973	T	8210	0	0	0	0.0	0.0	0.0
2974	T	8210	0	0	0	0.0	0.0	0.0
2975	A	8210	0	0	0	0.0	0.0	0.0
2976	G	8210	0	0	0	0.0	0.0	0.0
2977	A	8210	0	0	0	0.0	0.0	0.0
2978	A	8210	0	0	0	0.0	0.0	0.0
2979	G	8210	7	0	0	0.0008526187576126675	0.0	0.0
2980	T	8210	0	0	0	0.0	0.0	0.0
2981	C	8210	0	0	0	0.0	0.0	0.0
2982	T	8210	0	0	0	0.0	0.0	0.0
2983	T	8210	4	0	0	0.00048721071863581	0.0	0.0
2984	C	8210	0	0	0	0.0	0.0	0.0
2985	G	8210	0	0	0	0.0	0.0	0.0
2986	T	8210	0	0	0	0.0	0.0	0.0
2987	C	8210	0	0	0	0.0	0.0	0.0
2988	A	8210	0	0	0	0.0	0.0	0.0
2989	T	8210	0	0	0	0.0	0.0	0.0
2990	C	8210	0	0	0	0.0	0.0	0.0
2991	A	8210	0	0	0	0.0	0.0	0.0
2992	T	8210	0	0	0	0.0	0.0	0.0
2993	C	8210	0	0	0	0.0	0.0	0.0
2994	A	8210	0	0	0	0.0	0.0	0.0
2995	A	8210	0	0	0	0.0	0.0	0.0
2996	T	8210	0	0	0	0.0	0.0	0.0
2997	T	8210	0	0	0	0.0	0.0	0.0
2998	A	8210	209	0	0	0.02545676004872107	0.0	0.0
2999	C	8210	1	0	0	0.0001218026796589525	0.0	0.0
3000	C	8210	1	0	0	0.0001218026796589525	0.0	0.0
3001	T	8210	0	0	0	0.0	0.0	0.0
3002	C	8210	1	0	0	0.0001218026796589525	0.0	0.0
3003	C	8210	0	0	0	0.0	0.0	0.0
3004	C	8210	0	0	0	0.0	0.0	0.0
3005	C	8210	0	0	0	0.0	0.0	0.0
3006	A	8210	0	0	0	0.0	0.0	0.0
3007	C	8210	0	0	0	0.0	0.0	0.0
3008	T	8210	0	0	0	0.0	0.0	0.0
3009	T	8210	1286	0	0	0.1566382460414129	0.0	0.0
3010	G	8210	1	0	0	0.0001218026796589525	0.0	0.0
3011	T	8210	0	0	0	0.0	0.0	0.0
3012	T	8210	0	0	0	0.0	0.0	0.0
3013	G	8210	2	0	0	0.000243605359317905	0.0	0.0
3014	T	8210	0	0	0	0.0	0.0	0.0
3015	T	8210	0	0	0	0.0	0.0	0.0
3016	T	8210	0	0	0	0.0	0.0	0.0
3017	G	8210	0	0	0	0.0	0.0	0.0
3018	T	8210	0	0	0	0.0	0.0	0.0
3019	A	8210	0	0	0	0.0	0.0	0.0
3020	T	8210	0	0	0	0.0	0.0	0.0
3021	T	8210	0	0	0	0.0	0.0	0.0
3022	G	8210	0	0	0	0.0	0.0	0.0
3023	T	8210	0	0	0	0.0	0.0	0.0
3024	T	8210	29	0	0	0.0035322777101096225	0.0	0.0
3025	T	8210	0	0	0	0.0	0.0	0.0
3026	C	8210	0	0	0	0.0	0.0	0.0
3027	A	8210	0	0	0	0.0	0.0	0.0
3028	T	8210	0	0	0	0.0	0.0	0.0
3029	T	8210	0	0	0	0.0	0.0	0.0
3030	C	8210	0	0	0	0.0	0.0	0.0
3031	T	8210	0	0	0	0.0	0.0	0.0
3032	T	8210	0	0	0	0.0	0.0	0.0
3033	T	8210	0	0	0	0.0	0.0	0.0
3034	C	8210	0	0	0	0.0	0.0	0.0
3035	C	8210	1	0	0	0.0001218026796589525	0.0	0.0
3036	T	8210	0	0	0	0.0	0.0	0.0
3037	T	8210	0	0	0	0.0	0.0	0.0
3038	T	8210	0	0	0	0.0	0.0	0.0
3039	G	8210	1	1	0	0.0001218026796589525	0.0001218026796589525	0.0
3040	G	8210	1	0	0	0.0001218026796589525	0.0	0.0
3041	C	8210	0	0	0	0.0	0.0	0.0
3042	A	8210	0	0	0	0.0	0.0	0.0
3043	T	8210	0	0	0	0.0	0.0	0.0
3044	A	8210	0	0	0	0.0	0.0	0.0
3045	A	8210	0	0	0	0.0	0.0	0.0
3046	T	8210	0	0	0	0.0	0.0	0.0
3047	T	8210	0	0	0	0.0	0.0	0.0
3048	C	8210	0	0	0	0.0	0.0	0.0
3049	A	8210	0	0	0	0.0	0.0	0.0
3050	T	8210	0	0	0	0.0	0.0	0.0
3051	G	8210	1	0	0	0.0001218026796589525	0.0	0.0
3052	A	8210	0	0	0	0.0	0.0	0.0
3053	T	8210	0	0	0	0.0	0.0	0.0
3054	A	8210	0	0	0	0.0	0.0	0.0
3055	T	8210	0	0	0	0.0	0.0	0.0
3056	T	8210	0	0	0	0.0	0.0	0.0
3057	C	8210	1	0	0	0.0001218026796589525	0.0	0.0
3058	A	8210	0	0	0	0.0	0.0	0.0
3059	C	8210	0	0	0	0.0	0.0	0.0
3060	A	8210	0	0	0	0.0	0.0	0.0
3061	A	8210	0	0	0	0.0	0.0	0.0
3062	C	8210	0	0	0	0.0	0.0	0.0
3063	A	8210	0	0	0	0.0	0.0	0.0
3064	A	8210	0	0	0	0.0	0.0	0.0
3065	T	8210	0	0	0	0.0	0.0	0.0
3066	T	8210	0	0	0	0.0	0.0	0.0
3067	A	8210	0	0	0	0.0	0.0	0.0
3068	C	8210	1	0	0	0.0001218026796589525	0.0	0.0
3069	T	8210	183	0	0	0.022289890377588308	0.0	0.0
3070	G	8210	0	0	0	0.0	0.0	0.0
3071	C	8210	3	0	0	0.0003654080389768575	0.0	0.0
3072	T	8210	0	0	0	0.0	0.0	0.0
3073	G	8210	0	0	0	0.0	0.0	0.0
3074	T	8210	0	0	0	0.0	0.0	0.0
3075	A	8210	0	0	0	0.0	0.0	0.0
3076	A	8210	0	0	0	0.0	0.0	0.0
3077	T	8210	2	0	0	0.000243605359317905	0.0	0.0
3078	G	8210	0	0	0	0.0	0.0	0.0
3079	G	8210	0	0	0	0.0	0.0	0.0
3080	C	8210	0	0	0	0.0	0.0	0.0
3081	A	8210	0	0	0	0.0	0.0	0.0
3082	C	8210	1	0	0	0.0001218026796589525	0.0	0.0
3083	C	8210	0	0	0	0.0	0.0	0.0
3084	C	8210	1	0	0	0.0001218026796589525	0.0	0.0
3085	A	8210	0	0	0	0.0	0.0	0.0
3086	A	8210	0	0	0	0.0	0.0	0.0
3087	A	8210	0	0	0	0.0	0.0	0.0
3088	A	8210	0	0	0	0.0	0.0	0.0
3089	T	8210	0	0	0	0.0	0.0	0.0
3090	T	8210	0	0	0	0.0	0.0	0.0
3091	G	8210	1	0	0	0.0001218026796589525	0.0	0.0
3092	C	8210	0	0	0	0.0	0.0	0.0
3093	T	8210	0	0	0	0.0	0.0	0.0
3094	A	8210	0	0	0	0.0	0.0	0.0
3095	C	8210	0	0	0	0.0	0.0	0.0
3096	T	8210	0	0	0	0.0	0.0	0.0
3097	C	8210	0	0	0	0.0	0.0	0.0
3098	C	8210	0	0	0	0.0	0.0	0.0
3099	T	8210	0	0	0	0.0	0.0	0.0
3100	G	8210	0	0	0	0.0	0.0	0.0
3101	T	8210	0	0	0	0.0	0.0	0.0
3102	T	8210	0	0	0	0.0	0.0	0.0
3103	A	8210	0	0	0	0.0	0.0	0.0
3104	C	8210	2	0	0	0.000243605359317905	0.0	0.0
3105	A	8210	17	0	0	0.0020706455542021922	0.0	0.0
3106	G	8210	0	0	0	0.0	0.0	0.0
3107	G	8210	0	0	0	0.0	0.0	0.0
3108	T	8210	0	0	0	0.0	0.0	0.0
3109	A	8210	0	0	0	0.0	0.0	0.0
3110	A	8210	0	0	0	0.0	0.0	0.0
3111	C	8210	0	0	0	0.0	0.0	0.0
3112	T	8210	0	0	0	0.0	0.0	0.0
3113	T	8210	1	0	0	0.0001218026796589525	0.0	0.0
3114	A	8210	0	0	0	0.0	0.0	0.0
3115	A	8210	0	0	0	0.0	0.0	0.0
3116	A	8210	0	0	0	0.0	0.0	0.0
3117	G	8210	1	0	0	0.0001218026796589525	0.0	0.0
3118	T	8210	0	0	0	0.0	0.0	0.0
3119	A	8210	0	0	0	0.0	0.0	0.0
3120	G	8210	4075	0	0	0.49634591961023145	0.0	0.0
3121	G	8210	0	0	0	0.0	0.0	0.0
3122	C	8210	0	0	0	0.0	0.0	0.0
3123	C	8210	0	0	0	0.0	0.0	0.0
3124	A	8210	1	0	0	0.0001218026796589525	0.0	0.0
3125	T	8210	0	0	0	0.0	0.0	0.0
3126	T	8210	0	0	0	0.0	0.0	0.0
3127	A	8210	0	0	0	0.0	0.0	0.0
3128	A	8210	0	0	0	0.0	0.0	0.0
3129	G	8210	0	0	0	0.0	0.0	0.0
3130	A	8210	0	0	0	0.0	0.0	0.0
3131	C	8210	1	0	0	0.0001218026796589525	0.0	0.0
3132	A	8210	1914	0	0	0.2331303288672351	0.0	0.0
3133	A	8210	0	0	0	0.0	0.0	0.0
3134	A	8210	0	0	0	0.0	0.0	0.0
3135	G	8210	1447	0	0	0.17624847746650427	0.0	0.0
3136	C	8210	0	0	0	0.0	0.0	0.0
3137	C	8210	0	0	0	0.0	0.0	0.0
3138	T	8210	0	0	0	0.0	0.0	0.0
3139	A	8210	0	0	0	0.0	0.0	0.0
3140	A	8210	0	0	0	0.0	0.0	0.0
3141	A	8210	0	0	0	0.0	0.0	0.0
3142	A	8210	0	0	0	0.0	0.0	0.0
3143	A	8210	0	0	0	0.0	0.0	0.0
3144	G	8210	0	0	0	0.0	0.0	0.0
3145	A	8210	0	0	0	0.0	0.0	0.0
3146	A	8210	0	0	0	0.0	0.0	0.0
3147	A	8210	0	0	0	0.0	0.0	0.0
3148	T	8210	0	0	0	0.0	0.0	0.0
3149	A	8210	0	0	0	0.0	0.0	0.0
3150	T	8210	0	0	0	0.0	0.0	0.0
3151	G	8210	0	0	0	0.0	0.0	0.0
3152	G	8210	0	0	0	0.0	0.0	0.0
3153	C	8210	2	0	0	0.000243605359317905	0.0	0.0
3154	G	8210	1	0	0	0.0001218026796589525	0.0	0.0
3155	C	8210	1	0	0	0.0001218026796589525	0.0	0.0
3156	T	8210	6695	0	0	0.8154689403166869	0.0	0.0
3157	A	8210	0	0	0	0.0	0.0	0.0
3158	C	8210	0	0	0	0.0	0.0	0.0
3159	T	8210	0	0	0	0.0	0.0	0.0
3160	T	8210	9	0	0	0.0010962241169305725	0.0	0.0
3161	G	8210	1	0	0	0.0001218026796589525	0.0	0.0
3162	T	8210	0	0	0	0.0	0.0	0.0
3163	T	8210	0	0	0	0.0	0.0	0.0
3164	T	8210	0	0	0	0.0	0.0	0.0
3165	G	8210	33	0	0	0.004019488428745432	0.0	0.0
3166	T	8210	0	0	0	0.0	0.0	0.0
3167	T	8210	0	0	0	0.0	0.0	0.0
3168	A	8210	0	0	0	0.0	0.0	0.0
3169	A	8210	0	0	0	0.0	0.0	0.0
3170	T	8210	0	0	0	0.0	0.0	0.0
3171	C	8210	0	0	0	0.0	0.0	0.0
3172	A	8210	0	0	0	0.0	0.0	0.0
3173	G	8210	0	0	0	0.0	0.0	0.0
3174	T	8210	0	0	0	0.0	0.0	0.0
3175	A	8210	0	0	0	0.0	0.0	0.0
3176	A	8210	2	0	0	0.000243605359317905	0.0	0.0
3177	G	8210	0	0	0	0.0	0.0	0.0
3178	C	8210	7	0	0	0.0008526187576126675	0.0	0.0
3179	G	8210	0	0	0	0.0	0.0	0.0
3180	T	8210	0	0	0	0.0	0.0	0.0
3181	G	8210	0	0	0	0.0	0.0	0.0
3182	C	8210	1	0	0	0.0001218026796589525	0.0	0.0
3183	A	8210	0	0	0	0.0	0.0	0.0
3184	A	8210	0	0	0	0.0	0.0	0.0
3185	G	8210	0	0	0	0.0	0.0	0.0
3186	C	8210	1	0	0	0.0001218026796589525	0.0	0.0
3187	A	8210	0	0	0	0.0	0.0	0.0
3188	T	8210	0	0	0	0.0	0.0	0.0
3189	C	8210	0	0	0	0.0	0.0	0.0
3190	G	8210	0	0	0	0.0	0.0	0.0
3191	C	8210	4	0	0	0.00048721071863581	0.0	0.0
3192	A	8210	0	0	0	0.0	0.0	0.0
3193	A	8210	0	0	0	0.0	0.0	0.0
3194	A	8210	0	0	0	0.0	0.0	0.0
3195	T	8210	0	0	0	0.0	0.0	0.0
3196	C	8210	0	0	0	0.0	0.0	0.0
3197	C	8210	0	0	0	0.0	0.0	0.0
3198	T	8210	0	0	0	0.0	0.0	0.0
3199	A	8210	0	0	0	0.0	0.0	0.0
3200	G	8210	159	0	0	0.019366626065773447	0.0	0.0
3201	C	8210	133	0	0	0.01619975639464068	0.0	0.0
3202	G	8210	0	0	0	0.0	0.0	0.0
3203	C	8210	0	0	0	0.0	0.0	0.0
3204	T	8210	0	0	0	0.0	0.0	0.0
3205	G	8210	2	0	0	0.000243605359317905	0.0	0.0
3206	G	8210	2	0	0	0.000243605359317905	0.0	0.0
3207	A	8210	0	0	0	0.0	0.0	0.0
3208	A	8210	0	0	0	0.0	0.0	0.0
3209	T	8210	0	0	0	0.0	0.0	0.0
3210	A	8210	0	0	0	0.0	0.0	0.0
3211	A	8210	0	0	0	0.0	0.0	0.0
3212	T	8210	0	0	0	0.0	0.0	0.0
3213	T	8210	6359	0	0	0.7745432399512789	0.0	0.0
3214	C	8210	0	0	0	0.0	0.0	0.0
3215	C	8210	0	0	0	0.0	0.0	0.0
3216	C	8210	696	0	0	0.08477466504263094	0.0	0.0
3217	G	8210	0	0	0	0.0	0.0	0.0
3218	T	8210	0	0	0	0.0	0.0	0.0
3219	T	8210	0	0	0	0.0	0.0	0.0
3220	G	8210	2	0	0	0.000243605359317905	0.0	0.0
3221	C	8210	2	0	0	0.000243605359317905	0.0	0.0
3222	A	8210	0	0	0	0.0	0.0	0.0
3223	A	8210	0	0	0	0.0	0.0	0.0
3224	C	8210	2	0	0	0.000243605359317905	0.0	0.0
3225	A	8210	0	0	0	0.0	0.0	0.0
3226	G	8210	1	0	0	0.0001218026796589525	0.0	0.0
3227	A	8210	0	0	0	0.0	0.0	0.0
3228	C	8210	8	0	0	0.00097442143727162	0.0	0.0
3229	A	8210	0	0	0	0.0	0.0	0.0
3230	A	8210	0	0	0	0.0	0.0	0.0
3231	C	8210	1126	0	0	0.13714981729598053	0.0	0.0
3232	C	8210	0	0	0	0.0	0.0	0.0
3233	C	8210	0	0	0	0.0	0.0	0.0
3234	A	8210	0	0	0	0.0	0.0	0.0
3235	T	8210	0	0	0	0.0	0.0	0.0
3236	G	8210	0	0	0	0.0	0.0	0.0
3237	T	8210	1	0	0	0.0001218026796589525	0.0	0.0
3238	T	8210	0	0	0	0.0	0.0	0.0
3239	G	8210	1	0	0	0.0001218026796589525	0.0	0.0
3240	A	8210	0	0	0	0.0	0.0	0.0
3241	A	8210	0	0	0	0.0	0.0	0.0
3242	T	8210	0	0	0	0.0	0.0	0.0
3243	A	8210	0	0	0	0.0	0.0	0.0
3244	A	8210	0	0	0	0.0	0.0	0.0
3245	A	8210	0	0	0	0.0	0.0	0.0
3246	T	8210	0	0	0	0.0	0.0	0.0
3247	T	8210	0	0	0	0.0	0.0	0.0
3248	C	8210	0	0	0	0.0	0.0	0.0
3249	A	8210	1	0	0	0.0001218026796589525	0.0	0.0
3250	G	8210	0	0	0	0.0	0.0	0.0
3251	G	8210	1	0	0	0.0001218026796589525	0.0	0.0
3252	G	8210	0	0	0	0.0	0.0	0.0
3253	A	8210	2	0	0	0.000243605359317905	0.0	0.0
3254	T	8210	0	0	0	0.0	0.0	0.0
3255	C	8210	1	0	0	0.0001218026796589525	0.0	0.0
3256	A	8210	0	0	0	0.0	0.0	0.0
3257	G	8210	1	0	0	0.0001218026796589525	0.0	0.0
3258	A	8210	3	0	0	0.0003654080389768575	0.0	0.0
3259	T	8210	0	0	0	0.0	0.0	0.0
3260	C	8210	0	0	0	0.0	0.0	0.0
3261	A	8210	0	0	0	0.0	0.0	0.0
3262	A	8210	0	0	0	0.0	0.0	0.0
3263	G	8210	0	0	0	0.0	0.0	0.0
3264	T	8210	0	0	0	0.0	0.0	0.0
3265	A	8210	0	0	0	0.0	0.0	0.0
3266	A	8210	0	0	0	0.0	0.0	0.0
3267	G	8210	30	0	0	0.0036540803897685747	0.0	0.0
3268	C	8210	0	0	0	0.0	0.0	0.0
3269	C	8210	203	0	0	0.024725943970767356	0.0	0.0
3270	T	8210	0	0	0	0.0	0.0	0.0
3271	T	8210	0	0	0	0.0	0.0	0.0
3272	T	8210	0	0	0	0.0	0.0	0.0
3273	A	8210	0	0	0	0.0	0.0	0.0
3274	A	8210	0	0	0	0.0	0.0	0.0
3275	T	8210	0	0	0	0.0	0.0	0.0
3276	G	8210	0	0	0	0.0	0.0	0.0
3277	G	8210	2	0	0	0.000243605359317905	0.0	0.0
3278	T	8210	1	0	0	0.0001218026796589525	0.0	0.0
3279	G	8210	399	0	0	0.048599269183922045	0.0	0.0
3280	T	8210	0	0	0	0.0	0.0	0.0
3281	T	8210	0	0	0	0.0	0.0	0.0
3282	G	8210	204	0	0	0.02484774665042631	0.0	0.0
3283	C	8210	1	0	0	0.0001218026796589525	0.0	0.0
3284	T	8210	1	0	0	0.0001218026796589525	0.0	0.0
3285	A	8210	6357	0	0	0.774299634591961	0.0	0.0
3286	C	8210	0	0	0	0.0	0.0	0.0
3287	C	8210	0	0	0	0.0	0.0	0.0
3288	C	8210	1	0	0	0.0001218026796589525	0.0	0.0
3289	A	8210	0	0	0	0.0	0.0	0.0
3290	C	8210	4	0	0	0.00048721071863581	0.0	0.0
3291	G	8210	1	0	0	0.0001218026796589525	0.0	0.0
3292	G	8210	1	0	0	0.0001218026796589525	0.0	0.0
3293	C	8210	129	0	0	0.01571254567600487	0.0	0.0
3294	A	8210	0	0	0	0.0	0.0	0.0
3295	A	8210	0	0	0	0.0	0.0	0.0
3296	A	8210	0	0	0	0.0	0.0	0.0
3297	T	8210	0	0	0	0.0	0.0	0.0
3298	G	8210	0	0	0	0.0	0.0	0.0
3299	A	8210	0	1	0	0.0	0.0001218026796589525	0.0
3300	A	8210	0	0	0	0.0	0.0	0.0
3301	A	8210	0	0	0	0.0	0.0	0.0
3302	T	8210	0	0	0	0.0	0.0	0.0
3303	A	8210	0	0	0	0.0	0.0	0.0
3304	G	8210	0	0	0	0.0	0.0	0.0
3305	T	8210	0	0	0	0.0	0.0	0.0
3306	T	8210	0	0	0	0.0	0.0	0.0
3307	A	8210	0	0	0	0.0	0.0	0.0
3308	C	8210	0	0	0	0.0	0.0	0.0
3309	A	8210	0	0	0	0.0	0.0	0.0
3310	A	8210	0	0	0	0.0	0.0	0.0
3311	T	8210	0	0	0	0.0	0.0	0.0
3312	G	8210	1	0	0	0.0001218026796589525	0.0	0.0
3313	A	8210	0	0	0	0.0	0.0	0.0
3314	G	8210	0	0	0	0.0	0.0	0.0
3315	C	8210	0	0	0	0.0	0.0	0.0
3316	G	8210	0	0	0	0.0	0.0	0.0
3317	C	8210	0	0	0	0.0	0.0	0.0
3318	T	8210	0	0	0	0.0	0.0	0.0
3319	A	8210	0	0	0	0.0	0.0	0.0
3320	G	8210	0	0	0	0.0	0.0	0.0
3321	C	8210	0	0	0	0.0	0.0	0.0
3322	A	8210	0	0	0	0.0	0.0	0.0
3323	T	8210	0	0	0	0.0	0.0	0.0
3324	G	8210	3	0	0	0.0003654080389768575	0.0	0.0
3325	A	8210	0	0	0	0.0	0.0	0.0
3326	A	8210	1	0	0	0.0001218026796589525	0.0	0.0
3327	C	8210	1	0	0	0.0001218026796589525	0.0	0.0
3328	G	8210	0	0	0	0.0	0.0	0.0
3329	A	8210	0	0	0	0.0	0.0	0.0
3330	T	8210	0	0	0	0.0	0.0	0.0
3331	A	8210	0	0	0	0.0	0.0	0.0
3332	A	8210	0	0	0	0.0	0.0	0.0
3333	G	8210	0	0	0	0.0	0.0	0.0
3334	C	8210	0	0	0	0.0	0.0	0.0
3335	C	8210	0	0	0	0.0	0.0	0.0
3336	A	8210	5	0	0	0.0006090133982947625	0.0	0.0
3337	A	8210	1	0	0	0.0001218026796589525	0.0	0.0
3338	A	8210	0	0	0	0.0	0.0	0.0
3339	G	8210	0	0	0	0.0	0.0	0.0
3340	C	8210	1	0	0	0.0001218026796589525	0.0	0.0
3341	C	8210	0	0	0	0.0	0.0	0.0
3342	T	8210	0	0	0	0.0	0.0	0.0
3343	G	8210	0	0	0	0.0	0.0	0.0
3344	C	8210	0	0	0	0.0	0.0	0.0
3345	A	8210	271	0	0	0.033008526187576125	0.0	0.0
3346	A	8210	0	0	0	0.0	0.0	0.0
3347	G	8210	0	0	0	0.0	0.0	0.0
3348	T	8210	0	0	0	0.0	0.0	0.0
3349	A	8210	0	0	0	0.0	0.0	0.0
3350	A	8210	0	0	0	0.0	0.0	0.0
3351	A	8210	2	0	0	0.000243605359317905	0.0	0.0
3352	T	8210	0	0	0	0.0	0.0	0.0
3353	G	8210	0	0	0	0.0	0.0	0.0
3354	C	8210	0	0	0	0.0	0.0	0.0
3355	A	8210	0	0	0	0.0	0.0	0.0
3356	T	8210	0	0	0	0.0	0.0	0.0
3357	G	8210	2	0	0	0.000243605359317905	0.0	0.0
3358	C	8210	18	0	0	0.002192448233861145	0.0	0.0
3359	G	8210	1	0	0	0.0001218026796589525	0.0	0.0
3360	C	8210	6	0	0	0.000730816077953715	0.0	0.0
3361	T	8210	0	0	0	0.0	0.0	0.0
3362	C	8210	0	0	0	0.0	0.0	0.0
3363	C	8210	50	0	0	0.0060901339829476245	0.0	0.0
3364	A	8210	0	0	0	0.0	0.0	0.0
3365	C	8210	0	0	0	0.0	0.0	0.0
3366	C	8210	15	0	0	0.0018270401948842874	0.0	0.0
3367	C	8210	0	0	0	0.0	0.0	0.0
3368	C	8210	0	0	0	0.0	0.0	0.0
3369	T	8210	0	0	0	0.0	0.0	0.0
3370	T	8210	0	0	0	0.0	0.0	0.0
3371	T	8210	0	0	0	0.0	0.0	0.0
3372	A	8210	1	0	0	0.0001218026796589525	0.0	0.0
3373	T	8210	0	0	0	0.0	0.0	0.0
3374	A	8210	0	0	0	0.0	0.0	0.0
3375	T	8210	0	0	0	0.0	0.0	0.0
3376	G	8210	0	0	0	0.0	0.0	0.0
3377	C	8210	2	0	0	0.000243605359317905	0.0	0.0
3378	T	8210	0	0	0	0.0	0.0	0.0
3379	C	8210	0	0	0	0.0	0.0	0.0
3380	C	8210	0	0	0	0.0	0.0	0.0
3381	T	8210	0	0	0	0.0	0.0	0.0
3382	T	8210	0	0	0	0.0	0.0	0.0
3383	C	8210	0	0	0	0.0	0.0	0.0
3384	T	8210	0	0	0	0.0	0.0	0.0
3385	T	8210	0	0	0	0.0	0.0	0.0
3386	C	8210	0	0	0	0.0	0.0	0.0
3387	A	8210	0	0	0	0.0	0.0	0.0
3388	G	8210	0	0	0	0.0	0.0	0.0
3389	C	8210	0	0	0	0.0	0.0	0.0
3390	A	8210	0	0	0	0.0	0.0	0.0
3391	T	8210	0	0	0	0.0	0.0	0.0
3392	A	8210	0	0	0	0.0	0.0	0.0
3393	C	8210	0	0	0	0.0	0.0	0.0
3394	T	8210	0	0	0	0.0	0.0	0.0
3395	G	8210	0	0	0	0.0	0.0	0.0
3396	A	8210	0	0	0	0.0	0.0	0.0
3397	T	8210	0	0	0	0.0	0.0	0.0
3398	C	8210	2	0	0	0.000243605359317905	0.0	0.0
3399	A	8210	2	0	0	0.000243605359317905	0.0	0.0
3400	G	8210	0	0	0	0.0	0.0	0.0
3401	C	8210	2	0	0	0.000243605359317905	0.0	0.0
3402	T	8210	0	0	0	0.0	0.0	0.0
3403	T	8210	0	0	0	0.0	0.0	0.0
3404	T	8210	0	0	0	0.0	0.0	0.0
3405	T	8210	0	0	0	0.0	0.0	0.0
3406	T	8210	0	0	0	0.0	0.0	0.0
3407	G	8210	0	0	0	0.0	0.0	0.0
3408	A	8210	0	0	0	0.0	0.0	0.0
3409	C	8210	1	0	0	0.0001218026796589525	0.0	0.0
3410	T	8210	0	0	0	0.0	0.0	0.0
3411	C	8210	1	0	0	0.0001218026796589525	0.0	0.0
3412	A	8210	0	0	0	0.0	0.0	0.0
3413	T	8210	0	0	0	0.0	0.0	0.0
3414	G	8210	28	0	0	0.00341047503045067	0.0	0.0
3415	A	8210	1	0	0	0.0001218026796589525	0.0	0.0
3416	T	8210	0	0	0	0.0	0.0	0.0
3417	T	8210	1	0	0	0.0001218026796589525	0.0	0.0
3418	G	8210	0	0	0	0.0	0.0	0.0
3419	G	8210	2	0	0	0.000243605359317905	0.0	0.0
3420	G	8210	1	0	0	0.0001218026796589525	0.0	0.0
3421	A	8210	0	0	0	0.0	0.0	0.0
3422	T	8210	0	0	0	0.0	0.0	0.0
3423	G	8210	9	0	0	0.0010962241169305725	0.0	0.0
3424	A	8210	0	0	0	0.0	0.0	0.0
3425	G	8210	0	0	0	0.0	0.0	0.0
3426	C	8210	3	0	0	0.0003654080389768575	0.0	0.0
3427	A	8210	0	0	0	0.0	0.0	0.0
3428	A	8210	0	0	0	0.0	0.0	0.0
3429	A	8210	0	0	0	0.0	0.0	0.0
3430	C	8210	0	0	0	0.0	0.0	0.0
3431	C	8210	1	0	0	0.0001218026796589525	0.0	0.0
3432	C	8210	4	0	0	0.00048721071863581	0.0	0.0
3433	A	8210	0	0	0	0.0	0.0	0.0
3434	A	8210	0	0	0	0.0	0.0	0.0
3435	A	8210	0	0	0	0.0	0.0	0.0
3436	T	8210	0	0	0	0.0	0.0	0.0
3437	A	8210	0	0	0	0.0	0.0	0.0
3438	A	8210	1	0	0	0.0001218026796589525	0.0	0.0
3439	A	8210	0	0	0	0.0	0.0	0.0
3440	T	8210	0	0	0	0.0	0.0	0.0
3441	A	8210	18	0	0	0.002192448233861145	0.0	0.0
3442	T	8210	0	0	0	0.0	0.0	0.0
3443	T	8210	0	0	0	0.0	0.0	0.0
3444	T	8210	0	0	0	0.0	0.0	0.0
3445	T	8210	0	0	0	0.0	0.0	0.0
3446	T	8210	0	0	0	0.0	0.0	0.0
3447	A	8210	0	0	0	0.0	0.0	0.0
3448	A	8210	0	0	0	0.0	0.0	0.0
3449	G	8210	0	0	0	0.0	0.0	0.0
3450	A	8210	0	0	0	0.0	0.0	0.0
3451	A	8210	0	0	0	0.0	0.0	0.0
3452	T	8210	0	0	0	0.0	0.0	0.0
3453	C	8210	0	0	0	0.0	0.0	0.0
3454	A	8210	0	0	0	0.0	0.0	0.0
3455	A	8210	1	0	0	0.0001218026796589525	0.0	0.0
3456	C	8210	40	0	0	0.0048721071863581	0.0	0.0
3457	G	8210	1	0	0	0.0001218026796589525	0.0	0.0
3458	T	8210	0	0	0	0.0	0.0	0.0
3459	T	8210	5	0	0	0.0006090133982947625	0.0	0.0
3460	A	8210	0	0	0	0.0	0.0	0.0
3461	A	8210	0	0	0	0.0	0.0	0.0
3462	C	8210	0	0	0	0.0	0.0	0.0
3463	G	8210	1	0	0	0.0001218026796589525	0.0	0.0
3464	T	8210	0	0	0	0.0	0.0	0.0
3465	T	8210	0	0	0	0.0	0.0	0.0
3466	G	8210	0	0	0	0.0	0.0	0.0
3467	C	8210	0	0	0	0.0	0.0	0.0
3468	G	8210	0	0	0	0.0	0.0	0.0
3469	A	8210	0	0	0	0.0	0.0	0.0
3470	T	8210	0	0	0	0.0	0.0	0.0
3471	T	8210	0	0	0	0.0	0.0	0.0
3472	G	8210	0	0	0	0.0	0.0	0.0
3473	G	8210	0	0	0	0.0	0.0	0.0
3474	C	8210	0	0	0	0.0	0.0	0.0
3475	A	8210	0	0	0	0.0	0.0	0.0
3476	A	8210	1	0	0	0.0001218026796589525	0.0	0.0
3477	G	8210	1	0	0	0.0001218026796589525	0.0	0.0
3478	C	8210	0	0	0	0.0	0.0	0.0
3479	C	8210	2	0	0	0.000243605359317905	0.0	0.0
3480	T	8210	0	0	0	0.0	0.0	0.0
3481	A	8210	0	0	0	0.0	0.0	0.0
3482	A	8210	0	0	0	0.0	0.0	0.0
3483	G	8210	1162	0	0	0.1415347137637028	0.0	0.0
3484	A	8210	0	0	0	0.0	0.0	0.0
3485	C	8210	3	0	0	0.0003654080389768575	0.0	0.0
3486	T	8210	0	0	0	0.0	0.0	0.0
3487	A	8210	0	0	0	0.0	0.0	0.0
3488	A	8210	0	0	0	0.0	0.0	0.0
3489	G	8210	0	0	0	0.0	0.0	0.0
3490	G	8210	0	0	0	0.0	0.0	0.0
3491	C	8210	1	0	0	0.0001218026796589525	0.0	0.0
3492	T	8210	0	0	0	0.0	0.0	0.0
3493	G	8210	5	0	0	0.0006090133982947625	0.0	0.0
3494	T	8210	0	0	0	0.0	0.0	0.0
3495	T	8210	0	0	0	0.0	0.0	0.0
3496	T	8210	0	0	0	0.0	0.0	0.0
3497	C	8210	0	0	0	0.0	0.0	0.0
3498	T	8210	0	0	0	0.0	0.0	0.0
3499	G	8210	2	0	0	0.000243605359317905	0.0	0.0
3500	T	8210	1	0	0	0.0001218026796589525	0.0	0.0
3501	T	8210	0	0	0	0.0	0.0	0.0
3502	C	8210	0	0	0	0.0	0.0	0.0
3503	C	8210	0	0	0	0.0	0.0	0.0
3504	T	8210	0	0	0	0.0	0.0	0.0
3505	G	8210	1	0	0	0.0001218026796589525	0.0	0.0
3506	C	8210	0	0	0	0.0	0.0	0.0
3507	G	8210	1	0	0	0.0001218026796589525	0.0	0.0
3508	C	8210	0	0	0	0.0	0.0	0.0
3509	C	8210	0	0	0	0.0	0.0	0.0
3510	A	8210	0	0	0	0.0	0.0	0.0
3511	G	8210	1	0	0	0.0001218026796589525	0.0	0.0
3512	C	8210	0	0	0	0.0	0.0	0.0
3513	A	8210	0	0	0	0.0	0.0	0.0
3514	G	8210	0	0	0	0.0	0.0	0.0
3515	T	8210	0	0	0	0.0	0.0	0.0
3516	A	8210	0	0	0	0.0	0.0	0.0
3517	A	8210	0	0	0	0.0	0.0	0.0
3518	T	8210	0	0	0	0.0	0.0	0.0
3519	A	8210	0	0	0	0.0	0.0	0.0
3520	G	8210	0	0	0	0.0	0.0	0.0
3521	C	8210	0	0	0	0.0	0.0	0.0
3522	A	8210	0	0	0	0.0	0.0	0.0
3523	A	8210	0	0	0	0.0	0.0	0.0
3524	A	8210	0	0	0	0.0	0.0	0.0
3525	C	8210	0	0	0	0.0	0.0	0.0
3526	G	8210	0	0	0	0.0	0.0	0.0
3527	C	8210	0	0	0	0.0	0.0	0.0
3528	T	8210	0	0	0	0.0	0.0	0.0
3529	G	8210	0	0	0	0.0	0.0	0.0
3530	T	8210	0	0	0	0.0	0.0	0.0
3531	A	8210	2	0	0	0.000243605359317905	0.0	0.0
3532	C	8210	0	0	0	0.0	0.0	0.0
3533	C	8210	0	0	0	0.0	0.0	0.0
3534	A	8210	0	0	0	0.0	0.0	0.0
3535	A	8210	0	0	0	0.0	0.0	0.0
3536	G	8210	0	0	0	0.0	0.0	0.0
3537	A	8210	0	0	0	0.0	0.0	0.0
3538	A	8210	0	0	0	0.0	0.0	0.0
3539	T	8210	0	0	0	0.0	0.0	0.0
3540	C	8210	1	0	0	0.0001218026796589525	0.0	0.0
3541	C	8210	0	0	0	0.0	0.0	0.0
3542	C	8210	0	0	0	0.0	0.0	0.0
3543	A	8210	0	0	0	0.0	0.0	0.0
3544	C	8210	0	0	0	0.0	0.0	0.0
3545	C	8210	0	0	0	0.0	0.0	0.0
3546	A	8210	0	0	0	0.0	0.0	0.0
3547	G	8210	0	0	0	0.0	0.0	0.0
3548	T	8210	2	0	0	0.000243605359317905	0.0	0.0
3549	C	8210	0	0	0	0.0	0.0	0.0
3550	A	8210	0	0	0	0.0	0.0	0.0
3551	C	8210	0	0	0	0.0	0.0	0.0
3552	T	8210	0	0	0	0.0	0.0	0.0
3553	A	8210	0	0	0	0.0	0.0	0.0
3554	C	8210	0	0	0	0.0	0.0	0.0
3555	A	8210	0	0	0	0.0	0.0	0.0
3556	T	8210	0	0	0	0.0	0.0	0.0
3557	C	8210	0	0	0	0.0	0.0	0.0
3558	A	8210	0	0	0	0.0	0.0	0.0
3559	G	8210	0	0	0	0.0	0.0	0.0
3560	G	8210	0	0	0	0.0	0.0	0.0
3561	T	8210	4	0	0	0.00048721071863581	0.0	0.0
3562	G	8210	0	0	0	0.0	0.0	0.0
3563	G	8210	0	0	0	0.0	0.0	0.0
3564	G	8210	8	0	0	0.00097442143727162	0.0	0.0
3565	A	8210	0	0	0	0.0	0.0	0.0
3566	T	8210	0	0	0	0.0	0.0	0.0
3567	T	8210	0	0	0	0.0	0.0	0.0
3568	G	8210	0	0	0	0.0	0.0	0.0
3569	A	8210	0	0	0	0.0	0.0	0.0
3570	T	8210	130	0	0	0.015834348355663823	0.0	0.0
3571	G	8210	0	0	0	0.0	0.0	0.0
3572	C	8210	0	0	0	0.0	0.0	0.0
3573	G	8210	0	0	0	0.0	0.0	0.0
3574	C	8210	0	0	0	0.0	0.0	0.0
3575	C	8210	0	0	0	0.0	0.0	0.0
3576	C	8210	1	0	0	0.0001218026796589525	0.0	0.0
3577	A	8210	0	0	0	0.0	0.0	0.0
3578	C	8210	0	0	0	0.0	0.0	0.0
3579	T	8210	0	0	0	0.0	0.0	0.0
3580	G	8210	1	0	0	0.0001218026796589525	0.0	0.0
3581	A	8210	0	0	0	0.0	0.0	0.0
3582	A	8210	0	0	0	0.0	0.0	0.0
3583	A	8210	0	0	0	0.0	0.0	0.0
3584	A	8210	0	0	0	0.0	0.0	0.0
3585	A	8210	0	0	0	0.0	0.0	0.0
3586	G	8210	0	0	0	0.0	0.0	0.0
3587	A	8210	0	0	0	0.0	0.0	0.0
3588	A	8210	0	0	0	0.0	0.0	0.0
3589	C	8210	0	0	0	0.0	0.0	0.0
3590	C	8210	0	0	0	0.0	0.0	0.0
3591	G	8210	0	0	0	0.0	0.0	0.0
3592	A	8210	0	0	0	0.0	0.0	0.0
3593	T	8210	0	0	0	0.0	0.0	0.0
3594	G	8210	1	0	0	0.0001218026796589525	0.0	0.0
3595	A	8210	0	0	0	0.0	0.0	0.0
3596	A	8210	0	0	0	0.0	0.0	0.0
3597	A	8210	0	0	0	0.0	0.0	0.0
3598	G	8210	0	0	0	0.0	0.0	0.0
3599	C	8210	0	0	0	0.0	0.0	0.0
3600	T	8210	0	0	0	0.0	0.0	0.0
3601	A	8210	0	0	0	0.0	0.0	0.0
3602	A	8210	0	0	0	0.0	0.0	0.0
3603	C	8210	0	0	0	0.0	0.0	0.0
3604	T	8210	0	0	0	0.0	0.0	0.0
3605	C	8210	0	0	0	0.0	0.0	0.0
3606	T	8210	0	0	0	0.0	0.0	0.0
3607	A	8210	0	0	0	0.0	0.0	0.0
3608	A	8210	1	0	0	0.0001218026796589525	0.0	0.0
3609	G	8210	0	0	0	0.0	0.0	0.0
3610	G	8210	0	0	0	0.0	0.0	0.0
3611	T	8210	0	0	0	0.0	0.0	0.0
3612	C	8210	404	0	0	0.04920828258221681	0.0	0.0
3613	G	8210	0	0	0	0.0	0.0	0.0
3614	C	8210	5	0	0	0.0006090133982947625	0.0	0.0
3615	G	8210	1270	0	0	0.15468940316686966	0.0	0.0
3616	C	8210	0	0	0	0.0	0.0	0.0
3617	C	8210	0	0	0	0.0	0.0	0.0
3618	C	8210	0	0	0	0.0	0.0	0.0
3619	A	8210	0	0	0	0.0	0.0	0.0
3620	T	8210	0	0	0	0.0	0.0	0.0
3621	G	8210	0	0	0	0.0	0.0	0.0
3622	A	8210	1	0	0	0.0001218026796589525	0.0	0.0
3623	T	8210	0	0	0	0.0	0.0	0.0
3624	T	8210	0	0	0	0.0	0.0	0.0
3625	A	8210	0	0	0	0.0	0.0	0.0
3626	C	8210	2	0	0	0.000243605359317905	0.0	0.0
3627	G	8210	0	0	0	0.0	0.0	0.0
3628	C	8210	0	0	0	0.0	0.0	0.0
3629	C	8210	0	0	0	0.0	0.0	0.0
3630	C	8210	0	0	0	0.0	0.0	0.0
3631	G	8210	0	0	0	0.0	0.0	0.0
3632	T	8210	0	0	0	0.0	0.0	0.0
3633	T	8210	0	0	0	0.0	0.0	0.0
3634	T	8210	0	0	0	0.0	0.0	0.0
3635	T	8210	8	0	0	0.00097442143727162	0.0	0.0
3636	A	8210	5610	0	0	0.6833130328867235	0.0	0.0
3637	A	8210	1	0	0	0.0001218026796589525	0.0	0.0
3638	C	8210	0	0	0	0.0	0.0	0.0
3639	A	8210	0	0	0	0.0	0.0	0.0
3640	T	8210	0	0	0	0.0	0.0	0.0
3641	C	8210	0	0	0	0.0	0.0	0.0
3642	A	8210	8	0	0	0.00097442143727162	0.0	0.0
3643	C	8210	2	0	0	0.000243605359317905	0.0	0.0
3644	C	8210	0	0	0	0.0	0.0	0.0
3645	T	8210	0	0	0	0.0	0.0	0.0
3646	A	8210	0	0	0	0.0	0.0	0.0
3647	A	8210	0	0	0	0.0	0.0	0.0
3648	T	8210	0	0	0	0.0	0.0	0.0
3649	A	8210	0	0	0	0.0	0.0	0.0
3650	C	8210	1	0	0	0.0001218026796589525	0.0	0.0
3651	A	8210	0	0	0	0.0	0.0	0.0
3652	A	8210	0	0	0	0.0	0.0	0.0
3653	T	8210	0	0	0	0.0	0.0	0.0
3654	T	8210	183	0	0	0.022289890377588308	0.0	0.0
3655	C	8210	0	0	0	0.0	0.0	0.0
3656	C	8210	0	0	0	0.0	0.0	0.0
3657	G	8210	5	0	0	0.0006090133982947625	0.0	0.0
3658	A	8210	0	0	0	0.0	0.0	0.0
3659	C	8210	1	0	0	0.0001218026796589525	0.0	0.0
3660	A	8210	0	0	0	0.0	0.0	0.0
3661	A	8210	0	0	0	0.0	0.0	0.0
3662	A	8210	0	0	0	0.0	0.0	0.0
3663	T	8210	0	0	0	0.0	0.0	0.0
3664	A	8210	0	0	0	0.0	0.0	0.0
3665	A	8210	0	0	0	0.0	0.0	0.0
3666	A	8210	0	0	0	0.0	0.0	0.0
3667	C	8210	0	0	0	0.0	0.0	0.0
3668	C	8210	0	0	0	0.0	0.0	0.0
3669	G	8210	0	0	0	0.0	0.0	0.0
3670	G	8210	0	0	0	0.0	0.0	0.0
3671	T	8210	0	0	0	0.0	0.0	0.0
3672	T	8210	0	0	0	0.0	0.0	0.0
3673	A	8210	0	0	0	0.0	0.0	0.0
3674	C	8210	0	0	0	0.0	0.0	0.0
3675	A	8210	0	0	0	0.0	0.0	0.0
3676	A	8210	0	0	0	0.0	0.0	0.0
3677	T	8210	0	0	0	0.0	0.0	0.0
3678	T	8210	0	0	0	0.0	0.0	0.0
3679	G	8210	1	0	0	0.0001218026796589525	0.0	0.0
3680	G	8210	1	0	0	0.0001218026796589525	0.0	0.0
3681	T	8210	0	0	0	0.0	0.0	0.0
3682	C	8210	0	0	0	0.0	0.0	0.0
3683	T	8210	0	0	0	0.0	0.0	0.0
3684	T	8210	0	0	0	0.0	0.0	0.0
3685	G	8210	0	0	0	0.0	0.0	0.0
3686	A	8210	0	0	0	0.0	0.0	0.0
3687	A	8210	0	0	0	0.0	0.0	0.0
3688	A	8210	0	0	0	0.0	0.0	0.0
3689	G	8210	0	0	0	0.0	0.0	0.0
3690	C	8210	1	0	0	0.0001218026796589525	0.0	0.0
3691	A	8210	0	0	0	0.0	0.0	0.0
3692	A	8210	0	0	0	0.0	0.0	0.0
3693	C	8210	0	0	0	0.0	0.0	0.0
3694	G	8210	0	0	0	0.0	0.0	0.0
3695	A	8210	0	0	0	0.0	0.0	0.0
3696	G	8210	3	0	0	0.0003654080389768575	0.0	0.0
3697	G	8210	11	0	0	0.0013398294762484776	0.0	0.0
3698	T	8210	0	0	0	0.0	0.0	0.0
3699	A	8210	6579	0	0	0.8013398294762485	0.0	0.0
3700	C	8210	1	0	0	0.0001218026796589525	0.0	0.0
3701	C	8210	0	0	0	0.0	0.0	0.0
3702	T	8210	0	0	0	0.0	0.0	0.0
3703	A	8210	0	0	0	0.0	0.0	0.0
3704	A	8210	0	0	0	0.0	0.0	0.0
3705	A	8210	0	0	0	0.0	0.0	0.0
3706	G	8210	0	0	0	0.0	0.0	0.0
3707	C	8210	0	0	0	0.0	0.0	0.0
3708	A	8210	0	0	0	0.0	0.0	0.0
3709	T	8210	0	0	0	0.0	0.0	0.0
3710	A	8210	0	0	0	0.0	0.0	0.0
3711	T	8210	0	0	0	0.0	0.0	0.0
3712	T	8210	0	0	0	0.0	0.0	0.0
3713	C	8210	0	0	0	0.0	0.0	0.0
3714	C	8210	0	0	0	0.0	0.0	0.0
3715	G	8210	1	0	0	0.0001218026796589525	0.0	0.0
3716	A	8210	0	0	0	0.0	0.0	0.0
3717	C	8210	0	0	0	0.0	0.0	0.0
3718	T	8210	1	0	0	0.0001218026796589525	0.0	0.0
3719	G	8210	0	0	0	0.0	0.0	0.0
3720	C	8210	133	0	0	0.01619975639464068	0.0	0.0
3721	G	8210	0	0	0	0.0	0.0	0.0
3722	C	8210	1	0	0	0.0001218026796589525	0.0	0.0
3723	A	8210	0	0	0	0.0	0.0	0.0
3724	A	8210	0	0	0	0.0	0.0	0.0
3725	T	8210	0	0	0	0.0	0.0	0.0
3726	A	8210	0	0	0	0.0	0.0	0.0
3727	A	8210	0	0	0	0.0	0.0	0.0
3728	A	8210	0	0	0	0.0	0.0	0.0
3729	A	8210	0	0	0	0.0	0.0	0.0
3730	G	8210	0	0	0	0.0	0.0	0.0
3731	C	8210	3	0	0	0.0003654080389768575	0.0	0.0
3732	G	8210	1	0	0	0.0001218026796589525	0.0	0.0
3733	A	8210	0	0	0	0.0	0.0	0.0
3734	T	8210	0	0	0	0.0	0.0	0.0
3735	G	8210	0	0	0	0.0	0.0	0.0
3736	C	8210	21	0	0	0.0025578562728380025	0.0	0.0
3737	A	8210	0	0	0	0.0	0.0	0.0
3738	A	8210	4	0	0	0.00048721071863581	0.0	0.0
3739	C	8210	0	0	0	0.0	0.0	0.0
3740	C	8210	0	0	0	0.0	0.0	0.0
3741	T	8210	0	0	0	0.0	0.0	0.0
3742	A	8210	0	0	0	0.0	0.0	0.0
3743	A	8210	0	0	0	0.0	0.0	0.0
3744	A	8210	0	0	0	0.0	0.0	0.0
3745	A	8210	0	0	0	0.0	0.0	0.0
3746	G	8210	0	0	0	0.0	0.0	0.0
3747	A	8210	0	0	0	0.0	0.0	0.0
3748	A	8210	0	0	0	0.0	0.0	0.0
3749	T	8210	0	0	0	0.0	0.0	0.0
3750	C	8210	1	0	0	0.0001218026796589525	0.0	0.0
3751	G	8210	0	0	0	0.0	0.0	0.0
3752	C	8210	0	0	0	0.0	0.0	0.0
3753	T	8210	0	0	0	0.0	0.0	0.0
3754	T	8210	0	0	0	0.0	0.0	0.0
3755	G	8210	0	0	0	0.0	0.0	0.0
3756	T	8210	0	0	0	0.0	0.0	0.0
3757	C	8210	0	0	0	0.0	0.0	0.0
3758	C	8210	0	0	0	0.0	0.0	0.0
3759	T	8210	0	0	0	0.0	0.0	0.0
3760	A	8210	0	0	0	0.0	0.0	0.0
3761	T	8210	0	0	0	0.0	0.0	0.0
3762	C	8210	0	0	0	0.0	0.0	0.0
3763	A	8210	0	0	0	0.0	0.0	0.0
3764	T	8210	0	0	0	0.0	0.0	0.0
3765	T	8210	0	0	0	0.0	0.0	0.0
3766	T	8210	0	0	0	0.0	0.0	0.0
3767	G	8210	2279	0	0	0.2775883069427527	0.0	0.0
3768	T	8210	2	0	0	0.000243605359317905	0.0	0.0
3769	A	8210	0	0	0	0.0	0.0	0.0
3770	T	8210	0	0	0	0.0	0.0	0.0
3771	T	8210	1	0	0	0.0001218026796589525	0.0	0.0
3772	T	8210	0	0	0	0.0	0.0	0.0
3773	C	8210	0	0	0	0.0	0.0	0.0
3774	T	8210	0	0	0	0.0	0.0	0.0
3775	C	8210	0	0	0	0.0	0.0	0.0
3776	C	8210	0	0	0	0.0	0.0	0.0
3777	T	8210	0	0	0	0.0	0.0	0.0
3778	T	8210	0	0	0	0.0	0.0	0.0
3779	T	8210	2	0	0	0.000243605359317905	0.0	0.0
3780	C	8210	0	0	0	0.0	0.0	0.0
3781	T	8210	0	0	0	0.0	0.0	0.0
3782	A	8210	0	0	0	0.0	0.0	0.0
3783	C	8210	142	0	0	0.017295980511571253	0.0	0.0
3784	A	8210	0	0	0	0.0	0.0	0.0
3785	A	8210	0	0	0	0.0	0.0	0.0
3786	G	8210	142	0	0	0.017295980511571253	0.0	0.0
3787	A	8210	0	0	0	0.0	0.0	0.0
3788	C	8210	1	0	0	0.0001218026796589525	0.0	0.0
3789	A	8210	0	0	0	0.0	0.0	0.0
3790	T	8210	0	0	0	0.0	0.0	0.0
3791	T	8210	0	0	0	0.0	0.0	0.0
3792	T	8210	0	0	0	0.0	0.0	0.0
3793	A	8210	0	0	0	0.0	0.0	0.0
3794	A	8210	0	0	0	0.0	0.0	0.0
3795	T	8210	0	0	0	0.0	0.0	0.0
3796	G	8210	312	0	0	0.03800243605359318	0.0	0.0
3797	C	8210	0	0	0	0.0	0.0	0.0
3798	T	8210	0	0	0	0.0	0.0	0.0
3799	G	8210	0	0	0	0.0	0.0	0.0
3800	C	8210	0	0	0	0.0	0.0	0.0
3801	T	8210	0	0	0	0.0	0.0	0.0
3802	A	8210	1	0	0	0.0001218026796589525	0.0	0.0
3803	C	8210	0	0	1	0.0	0.0	0.0001218026796589525
3804	T	8210	1	0	0	0.0001218026796589525	0.0	0.0
3805	T	8210	0	0	0	0.0	0.0	0.0
3806	T	8210	0	0	0	0.0	0.0	0.0
3807	T	8210	0	0	0	0.0	0.0	0.0
3808	T	8210	0	0	0	0.0	0.0	0.0
3809	T	8210	0	0	0	0.0	0.0	0.0
3810	G	8210	9	0	0	0.0010962241169305725	0.0	0.0
3811	T	8210	0	0	0	0.0	0.0	0.0
3812	C	8210	0	0	0	0.0	0.0	0.0
3813	A	8210	1	0	0	0.0001218026796589525	0.0	0.0
3814	T	8210	0	0	0	0.0	0.0	0.0
3815	T	8210	0	0	0	0.0	0.0	0.0
3816	T	8210	0	0	0	0.0	0.0	0.0
3817	G	8210	0	0	0	0.0	0.0	0.0
3818	G	8210	0	0	0	0.0	0.0	0.0
3819	G	8210	13	0	0	0.0015834348355663825	0.0	0.0
3820	A	8210	0	0	0	0.0	0.0	0.0
3821	C	8210	0	0	0	0.0	0.0	0.0
3822	T	8210	0	0	0	0.0	0.0	0.0
3823	T	8210	0	0	0	0.0	0.0	0.0
3824	G	8210	0	0	0	0.0	0.0	0.0
3825	T	8210	0	0	0	0.0	0.0	0.0
3826	C	8210	0	0	0	0.0	0.0	0.0
3827	G	8210	0	0	0	0.0	0.0	0.0
3828	A	8210	46	0	0	0.005602923264311815	0.0	0.0
3829	A	8210	202	0	0	0.024604141291108404	0.0	0.0
3830	T	8210	0	0	0	0.0	0.0	0.0
3831	T	8210	0	0	0	0.0	0.0	0.0
3832	T	8210	0	0	0	0.0	0.0	0.0
3833	C	8210	0	0	0	0.0	0.0	0.0
3834	A	8210	0	0	0	0.0	0.0	0.0
3835	A	8210	0	0	0	0.0	0.0	0.0
3836	C	8210	0	0	0	0.0	0.0	0.0
3837	T	8210	0	0	0	0.0	0.0	0.0
3838	T	8210	0	0	0	0.0	0.0	0.0
3839	C	8210	0	0	0	0.0	0.0	0.0
3840	A	8210	0	0	0	0.0	0.0	0.0
3841	C	8210	0	0	0	0.0	0.0	0.0
3842	A	8210	0	0	0	0.0	0.0	0.0
3843	A	8210	0	0	0	0.0	0.0	0.0
3844	C	8210	0	0	0	0.0	0.0	0.0
3845	C	8210	0	0	0	0.0	0.0	0.0
3846	A	8210	0	0	0	0.0	0.0	0.0
3847	T	8210	0	0	0	0.0	0.0	0.0
3848	T	8210	0	0	0	0.0	0.0	0.0
3849	T	8210	0	0	0	0.0	0.0	0.0
3850	G	8210	49	0	0	0.005968331303288672	0.0	0.0
3851	C	8210	0	0	0	0.0	0.0	0.0
3852	G	8210	17	0	0	0.0020706455542021922	0.0	0.0
3853	A	8210	0	0	0	0.0	0.0	0.0
3854	C	8210	1	0	0	0.0001218026796589525	0.0	0.0
3855	C	8210	0	0	0	0.0	0.0	0.0
3856	A	8210	0	0	0	0.0	0.0	0.0
3857	A	8210	0	0	0	0.0	0.0	0.0
3858	T	8210	0	0	0	0.0	0.0	0.0
3859	T	8210	0	0	0	0.0	0.0	0.0
3860	C	8210	6	0	0	0.000730816077953715	0.0	0.0
3861	T	8210	0	0	0	0.0	0.0	0.0
3862	T	8210	0	0	0	0.0	0.0	0.0
3863	T	8210	0	0	0	0.0	0.0	0.0
3864	A	8210	0	0	0	0.0	0.0	0.0
3865	A	8210	0	0	0	0.0	0.0	0.0
3866	C	8210	0	0	0	0.0	0.0	0.0
3867	C	8210	1	0	0	0.0001218026796589525	0.0	0.0
3868	A	8210	0	0	0	0.0	0.0	0.0
3869	T	8210	0	0	0	0.0	0.0	0.0
3870	T	8210	0	0	0	0.0	0.0	0.0
3871	T	8210	0	0	0	0.0	0.0	0.0
3872	T	8210	0	0	0	0.0	0.0	0.0
3873	T	8210	0	0	0	0.0	0.0	0.0
3874	T	8210	0	0	0	0.0	0.0	0.0
3875	C	8210	0	0	0	0.0	0.0	0.0
3876	T	8210	21	0	0	0.0025578562728380025	0.0	0.0
3877	T	8210	0	0	0	0.0	0.0	0.0
3878	C	8210	0	0	0	0.0	0.0	0.0
3879	A	8210	0	0	0	0.0	0.0	0.0
3880	T	8210	1	0	0	0.0001218026796589525	0.0	0.0
3881	C	8210	17	0	0	0.0020706455542021922	0.0	0.0
3882	C	8210	0	0	0	0.0	0.0	0.0
3883	G	8210	10	0	0	0.001218026796589525	0.0	0.0
3884	G	8210	2	0	0	0.000243605359317905	0.0	0.0
3885	C	8210	4808	0	0	0.5856272838002436	0.0	0.0
3886	G	8210	1	0	0	0.0001218026796589525	0.0	0.0
3887	T	8210	0	0	0	0.0	0.0	0.0
3888	A	8210	4802	0	0	0.5848964677222899	0.0	0.0
3889	A	8210	1	0	0	0.0001218026796589525	0.0	0.0
3890	T	8210	0	0	0	0.0	0.0	0.0
3891	A	8210	0	0	0	0.0	0.0	0.0
3892	T	8210	0	0	0	0.0	0.0	0.0
3893	T	8210	0	0	0	0.0	0.0	0.0
3894	A	8210	0	0	0	0.0	0.0	0.0
3895	A	8210	0	0	0	0.0	0.0	0.0
3896	T	8210	0	0	0	0.0	0.0	0.0
3897	T	8210	0	0	0	0.0	0.0	0.0
3898	G	8210	0	0	0	0.0	0.0	0.0
3899	C	8210	7	0	0	0.0008526187576126675	0.0	0.0
3900	T	8210	0	0	0	0.0	0.0	0.0
3901	T	8210	0	0	0	0.0	0.0	0.0
3902	T	8210	1	0	0	0.0001218026796589525	0.0	0.0
3903	A	8210	0	0	0	0.0	0.0	0.0
3904	G	8210	0	0	0	0.0	0.0	0.0
3905	A	8210	0	0	0	0.0	0.0	0.0
3906	A	8210	0	0	0	0.0	0.0	0.0
3907	A	8210	0	0	0	0.0	0.0	0.0
3908	T	8210	0	0	0	0.0	0.0	0.0
3909	G	8210	9	0	0	0.0010962241169305725	0.0	0.0
3910	T	8210	0	0	0	0.0	0.0	0.0
3911	T	8210	0	0	0	0.0	0.0	0.0
3912	T	8210	0	0	0	0.0	0.0	0.0
3913	C	8210	0	0	0	0.0	0.0	0.0
3914	G	8210	0	0	0	0.0	0.0	0.0
3915	A	8210	0	0	0	0.0	0.0	0.0
3916	G	8210	0	0	0	0.0	0.0	0.0
3917	T	8210	0	0	0	0.0	0.0	0.0
3918	A	8210	0	0	0	0.0	0.0	0.0
3919	T	8210	0	0	0	0.0	0.0	0.0
3920	T	8210	0	0	0	0.0	0.0	0.0
3921	T	8210	1	0	0	0.0001218026796589525	0.0	0.0
3922	T	8210	0	0	0	0.0	0.0	0.0
3923	C	8210	0	0	0	0.0	0.0	0.0
3924	C	8210	16	0	0	0.00194884287454324	0.0	0.0
3925	C	8210	1	0	0	0.0001218026796589525	0.0	0.0
3926	T	8210	0	0	0	0.0	0.0	0.0
3927	T	8210	0	0	0	0.0	0.0	0.0
3928	A	8210	0	0	0	0.0	0.0	0.0
3929	C	8210	0	0	0	0.0	0.0	0.0
3930	T	8210	0	0	0	0.0	0.0	0.0
3931	T	8210	0	0	0	0.0	0.0	0.0
3932	T	8210	0	0	0	0.0	0.0	0.0
3933	C	8210	0	0	0	0.0	0.0	0.0
3934	A	8210	0	0	0	0.0	0.0	0.0
3935	T	8210	0	0	0	0.0	0.0	0.0
3936	C	8210	1318	0	0	0.16053593179049938	0.0	0.0
3937	C	8210	0	0	0	0.0	0.0	0.0
3938	C	8210	0	0	0	0.0	0.0	0.0
3939	T	8210	133	0	0	0.01619975639464068	0.0	0.0
3940	C	8210	1	0	0	0.0001218026796589525	0.0	0.0
3941	C	8210	0	0	0	0.0	0.0	0.0
3942	T	8210	0	0	0	0.0	0.0	0.0
3943	A	8210	0	0	0	0.0	0.0	0.0
3944	A	8210	0	0	0	0.0	0.0	0.0
3945	G	8210	0	0	0	0.0	0.0	0.0
3946	T	8210	0	0	0	0.0	0.0	0.0
3947	T	8210	0	0	0	0.0	0.0	0.0
3948	A	8210	0	0	0	0.0	0.0	0.0
3949	A	8210	0	0	0	0.0	0.0	0.0
3950	T	8210	0	0	0	0.0	0.0	0.0
3951	T	8210	0	0	0	0.0	0.0	0.0
3952	T	8210	0	0	0	0.0	0.0	0.0
3953	C	8210	0	0	0	0.0	0.0	0.0
3954	T	8210	0	0	0	0.0	0.0	0.0
3955	T	8210	0	0	0	0.0	0.0	0.0
3956	T	8210	0	0	0	0.0	0.0	0.0
3957	T	8210	1	0	0	0.0001218026796589525	0.0	0.0
3958	A	8210	0	0	0	0.0	0.0	0.0
3959	T	8210	0	0	0	0.0	0.0	0.0
3960	T	8210	0	0	0	0.0	0.0	0.0
3961	T	8210	0	0	0	0.0	0.0	0.0
3962	C	8210	0	0	0	0.0	0.0	0.0
3963	T	8210	0	0	0	0.0	0.0	0.0
3964	G	8210	0	0	0	0.0	0.0	0.0
3965	G	8210	0	0	0	0.0	0.0	0.0
3966	A	8210	0	0	0	0.0	0.0	0.0
3967	T	8210	231	0	0	0.02813641900121803	0.0	0.0
3968	A	8210	0	0	0	0.0	0.0	0.0
3969	A	8210	16	0	0	0.00194884287454324	0.0	0.0
3970	G	8210	0	0	0	0.0	0.0	0.0
3971	C	8210	1	0	0	0.0001218026796589525	0.0	0.0
3972	A	8210	0	0	0	0.0	0.0	0.0
3973	G	8210	0	0	0	0.0	0.0	0.0
3974	T	8210	0	0	0	0.0	0.0	0.0
3975	A	8210	0	0	0	0.0	0.0	0.0
3976	G	8210	3	0	0	0.0003654080389768575	0.0	0.0
3977	C	8210	0	0	0	0.0	0.0	0.0
3978	C	8210	7	0	0	0.0008526187576126675	0.0	0.0
3979	A	8210	0	0	0	0.0	0.0	0.0
3980	A	8210	0	0	0	0.0	0.0	0.0
3981	T	8210	1	0	0	0.0001218026796589525	0.0	0.0
3982	C	8210	8	0	0	0.00097442143727162	0.0	0.0
3983	G	8210	1	0	0	0.0001218026796589525	0.0	0.0
3984	A	8210	0	0	0	0.0	0.0	0.0
3985	T	8210	0	0	0	0.0	0.0	0.0
3986	A	8210	2	0	0	0.000243605359317905	0.0	0.0
3987	A	8210	1	0	0	0.0001218026796589525	0.0	0.0
3988	G	8210	0	0	0	0.0	0.0	0.0
3989	C	8210	1	0	0	0.0001218026796589525	0.0	0.0
3990	A	8210	0	0	0	0.0	0.0	0.0
3991	T	8210	0	0	0	0.0	0.0	0.0
3992	C	8210	0	0	0	0.0	0.0	0.0
3993	T	8210	231	0	0	0.02813641900121803	0.0	0.0
3994	T	8210	0	0	0	0.0	0.0	0.0
3995	C	8210	0	0	0	0.0	0.0	0.0
3996	C	8210	626	0	0	0.07624847746650426	0.0	0.0
3997	A	8210	0	0	0	0.0	0.0	0.0
3998	C	8210	0	0	0	0.0	0.0	0.0
3999	A	8210	0	0	0	0.0	0.0	0.0
4000	C	8210	0	0	0	0.0	0.0	0.0
4001	T	8210	0	0	0	0.0	0.0	0.0
4002	C	8210	2905	0	0	0.353836784409257	0.0	0.0
4003	T	8210	0	0	0	0.0	0.0	0.0
4004	C	8210	0	0	0	0.0	0.0	0.0
4005	A	8210	0	0	0	0.0	0.0	0.0
4006	A	8210	0	0	0	0.0	0.0	0.0
4007	C	8210	25	0	0	0.0030450669914738123	0.0	0.0
4008	T	8210	0	0	0	0.0	0.0	0.0
4009	A	8210	0	0	0	0.0	0.0	0.0
4010	C	8210	0	0	0	0.0	0.0	0.0
4011	A	8210	0	0	0	0.0	0.0	0.0
4012	A	8210	0	0	0	0.0	0.0	0.0
4013	T	8210	1	0	0	0.0001218026796589525	0.0	0.0
4014	A	8210	0	0	0	0.0	0.0	0.0
4015	A	8210	0	0	0	0.0	0.0	0.0
4016	A	8210	0	0	0	0.0	0.0	0.0
4017	A	8210	0	0	0	0.0	0.0	0.0
4018	A	8210	0	0	0	0.0	0.0	0.0
4019	G	8210	0	0	0	0.0	0.0	0.0
4020	T	8210	0	0	0	0.0	0.0	0.0
4021	T	8210	0	0	0	0.0	0.0	0.0
4022	T	8210	0	0	0	0.0	0.0	0.0
4023	G	8210	0	0	0	0.0	0.0	0.0
4024	T	8210	0	0	0	0.0	0.0	0.0
4025	A	8210	1	0	0	0.0001218026796589525	0.0	0.0
4026	T	8210	0	0	0	0.0	0.0	0.0
4027	T	8210	0	0	0	0.0	0.0	0.0
4028	T	8210	0	0	0	0.0	0.0	0.0
4029	T	8210	0	0	0	0.0	0.0	0.0
4030	T	8210	1	0	0	0.0001218026796589525	0.0	0.0
4031	C	8210	0	0	0	0.0	0.0	0.0
4032	T	8210	0	0	0	0.0	0.0	0.0
4033	G	8210	0	0	0	0.0	0.0	0.0
4034	T	8210	0	0	0	0.0	0.0	0.0
4035	A	8210	9	0	0	0.0010962241169305725	0.0	0.0
4036	A	8210	0	0	0	0.0	0.0	0.0
4037	C	8210	2	0	0	0.000243605359317905	0.0	0.0
4038	A	8210	0	0	0	0.0	0.0	0.0
4039	C	8210	0	0	0	0.0	0.0	0.0
4040	C	8210	0	0	0	0.0	0.0	0.0
4041	A	8210	0	0	0	0.0	0.0	0.0
4042	C	8210	0	0	0	0.0	0.0	0.0
4043	T	8210	0	0	0	0.0	0.0	0.0
4044	T	8210	0	0	0	0.0	0.0	0.0
4045	T	8210	0	0	0	0.0	0.0	0.0
4046	T	8210	0	0	0	0.0	0.0	0.0
4047	T	8210	0	0	0	0.0	0.0	0.0
4048	A	8210	0	0	0	0.0	0.0	0.0
4049	G	8210	0	0	0	0.0	0.0	0.0
4050	T	8210	1	0	0	0.0001218026796589525	0.0	0.0
4051	G	8210	0	0	0	0.0	0.0	0.0
4052	C	8210	0	0	0	0.0	0.0	0.0
4053	G	8210	134	0	0	0.016321559074299635	0.0	0.0
4054	G	8210	4	0	0	0.00048721071863581	0.0	0.0
4055	C	8210	10	0	0	0.001218026796589525	0.0	0.0
4056	A	8210	0	0	0	0.0	0.0	0.0
4057	A	8210	0	0	0	0.0	0.0	0.0
4058	T	8210	0	0	0	0.0	0.0	0.0
4059	C	8210	2	0	0	0.000243605359317905	0.0	0.0
4060	G	8210	5	0	0	0.0006090133982947625	0.0	0.0
4061	C	8210	0	0	0	0.0	0.0	0.0
4062	A	8210	0	0	0	0.0	0.0	0.0
4063	T	8210	0	0	0	0.0	0.0	0.0
4064	C	8210	4	0	0	0.00048721071863581	0.0	0.0
4065	T	8210	0	0	0	0.0	0.0	0.0
4066	T	8210	0	0	0	0.0	0.0	0.0
4067	C	8210	0	0	0	0.0	0.0	0.0
4068	A	8210	0	0	0	0.0	0.0	0.0
4069	A	8210	0	0	0	0.0	0.0	0.0
4070	T	8210	0	0	0	0.0	0.0	0.0
4071	C	8210	1	0	0	0.0001218026796589525	0.0	0.0
4072	G	8210	0	0	0	0.0	0.0	0.0
4073	T	8210	0	0	0	0.0	0.0	0.0
4074	T	8210	0	0	0	0.0	0.0	0.0
4075	T	8210	0	0	0	0.0	0.0	0.0
4076	T	8210	0	0	0	0.0	0.0	0.0
4077	A	8210	2	0	0	0.000243605359317905	0.0	0.0
4078	A	8210	0	0	0	0.0	0.0	0.0
4079	T	8210	0	0	0	0.0	0.0	0.0
4080	G	8210	3	0	0	0.0003654080389768575	0.0	0.0
4081	A	8210	0	0	0	0.0	0.0	0.0
4082	C	8210	0	0	0	0.0	0.0	0.0
4083	C	8210	62	0	0	0.007551766138855055	0.0	0.0
4084	A	8210	0	0	0	0.0	0.0	0.0
4085	G	8210	0	0	0	0.0	0.0	0.0
4086	T	8210	0	0	0	0.0	0.0	0.0
4087	T	8210	0	0	0	0.0	0.0	0.0
4088	T	8210	0	0	0	0.0	0.0	0.0
4089	T	8210	0	0	0	0.0	0.0	0.0
4090	A	8210	1	0	0	0.0001218026796589525	0.0	0.0
4091	C	8210	0	0	0	0.0	0.0	0.0
4092	T	8210	0	0	0	0.0	0.0	0.0
4093	C	8210	1	0	0	0.0001218026796589525	0.0	0.0
4094	C	8210	0	0	0	0.0	0.0	0.0
4095	T	8210	0	0	0	0.0	0.0	0.0
4096	G	8210	1	0	0	0.0001218026796589525	0.0	0.0
4097	C	8210	0	0	0	0.0	0.0	0.0
4098	T	8210	0	0	0	0.0	0.0	0.0
4099	G	8210	0	0	0	0.0	0.0	0.0
4100	G	8210	0	0	0	0.0	0.0	0.0
4101	T	8210	4540	0	0	0.5529841656516443	0.0	0.0
4102	T	8210	0	0	0	0.0	0.0	0.0
4103	T	8210	0	0	0	0.0	0.0	0.0
4104	A	8210	0	0	0	0.0	0.0	0.0
4105	G	8210	0	0	0	0.0	0.0	0.0
4106	C	8210	0	0	0	0.0	0.0	0.0
4107	T	8210	0	0	0	0.0	0.0	0.0
4108	A	8210	0	0	0	0.0	0.0	0.0
4109	G	8210	0	0	0	0.0	0.0	0.0
4110	C	8210	0	0	0	0.0	0.0	0.0
4111	T	8210	0	0	0	0.0	0.0	0.0
4112	T	8210	0	0	0	0.0	0.0	0.0
4113	A	8210	0	0	0	0.0	0.0	0.0
4114	A	8210	0	0	0	0.0	0.0	0.0
4115	T	8210	0	0	0	0.0	0.0	0.0
4116	G	8210	186	0	0	0.022655298416565165	0.0	0.0
4117	G	8210	0	0	0	0.0	0.0	0.0
4118	T	8210	0	0	0	0.0	0.0	0.0
4119	T	8210	0	0	0	0.0	0.0	0.0
4120	G	8210	1	0	0	0.0001218026796589525	0.0	0.0
4121	T	8210	0	0	0	0.0	0.0	0.0
4122	T	8210	0	0	0	0.0	0.0	0.0
4123	T	8210	0	0	0	0.0	0.0	0.0
4124	T	8210	0	0	0	0.0	0.0	0.0
4125	T	8210	0	0	0	0.0	0.0	0.0
4126	C	8210	2	0	0	0.000243605359317905	0.0	0.0
4127	G	8210	253	0	0	0.030816077953714983	0.0	0.0
4128	A	8210	0	0	0	0.0	0.0	0.0
4129	A	8210	0	0	0	0.0	0.0	0.0
4130	T	8210	0	0	0	0.0	0.0	0.0
4131	A	8210	0	0	0	0.0	0.0	0.0
4132	T	8210	0	0	0	0.0	0.0	0.0
4133	C	8210	16	0	0	0.00194884287454324	0.0	0.0
4134	A	8210	0	0	0	0.0	0.0	0.0
4135	T	8210	0	0	0	0.0	0.0	0.0
4136	T	8210	0	0	0	0.0	0.0	0.0
4137	T	8210	0	0	0	0.0	0.0	0.0
4138	T	8210	0	0	0	0.0	0.0	0.0
4139	T	8210	0	0	0	0.0	0.0	0.0
4140	A	8210	0	0	0	0.0	0.0	0.0
4141	G	8210	0	0	0	0.0	0.0	0.0
4142	G	8210	0	0	0	0.0	0.0	0.0
4143	T	8210	0	0	0	0.0	0.0	0.0
4144	A	8210	0	0	0	0.0	0.0	0.0
4145	C	8210	0	0	0	0.0	0.0	0.0
4146	G	8210	5	0	0	0.0006090133982947625	0.0	0.0
4147	T	8210	1	0	0	0.0001218026796589525	0.0	0.0
4148	C	8210	0	0	0	0.0	0.0	0.0
4149	A	8210	0	0	0	0.0	0.0	0.0
4150	T	8210	0	0	0	0.0	0.0	0.0
4151	C	8210	0	0	0	0.0	0.0	0.0
4152	A	8210	0	0	0	0.0	0.0	0.0
4153	T	8210	0	0	0	0.0	0.0	0.0
4154	T	8210	0	0	0	0.0	0.0	0.0
4155	T	8210	0	0	0	0.0	0.0	0.0
4156	G	8210	0	0	0	0.0	0.0	0.0
4157	C	8210	0	0	0	0.0	0.0	0.0
4158	G	8210	0	0	0	0.0	0.0	0.0
4159	A	8210	0	0	0	0.0	0.0	0.0
4160	T	8210	0	0	0	0.0	0.0	0.0
4161	T	8210	0	0	0	0.0	0.0	0.0
4162	A	8210	0	0	0	0.0	0.0	0.0
4163	A	8210	0	0	0	0.0	0.0	0.0
4164	A	8210	0	0	0	0.0	0.0	0.0
4165	A	8210	0	0	0	0.0	0.0	0.0
4166	T	8210	0	0	0	0.0	0.0	0.0
4167	A	8210	0	0	0	0.0	0.0	0.0
4168	C	8210	0	0	0	0.0	0.0	0.0
4169	A	8210	0	0	0	0.0	0.0	0.0
4170	A	8210	0	0	0	0.0	0.0	0.0
4171	T	8210	0	0	0	0.0	0.0	0.0
4172	C	8210	10	0	0	0.001218026796589525	0.0	0.0
4173	G	8210	0	0	0	0.0	0.0	0.0
4174	G	8210	1	0	0	0.0001218026796589525	0.0	0.0
4175	C	8210	2	0	0	0.000243605359317905	0.0	0.0
4176	G	8210	1432	0	0	0.17442143727162	0.0	0.0
4177	C	8210	1	0	0	0.0001218026796589525	0.0	0.0
4178	C	8210	0	0	0	0.0	0.0	0.0
4179	T	8210	1	0	0	0.0001218026796589525	0.0	0.0
4180	A	8210	0	0	0	0.0	0.0	0.0
4181	A	8210	0	0	0	0.0	0.0	0.0
4182	G	8210	0	0	0	0.0	0.0	0.0
4183	C	8210	2	0	0	0.000243605359317905	0.0	0.0
4184	C	8210	0	0	0	0.0	0.0	0.0
4185	T	8210	0	0	0	0.0	0.0	0.0
4186	T	8210	0	0	0	0.0	0.0	0.0
4187	G	8210	0	0	0	0.0	0.0	0.0
4188	G	8210	1	0	0	0.0001218026796589525	0.0	0.0
4189	G	8210	2	0	0	0.000243605359317905	0.0	0.0
4190	T	8210	0	0	0	0.0	0.0	0.0
4191	C	8210	0	0	0	0.0	0.0	0.0
4192	C	8210	0	0	0	0.0	0.0	0.0
4193	A	8210	0	0	0	0.0	0.0	0.0
4194	T	8210	0	0	0	0.0	0.0	0.0
4195	G	8210	0	0	0	0.0	0.0	0.0
4196	A	8210	0	0	0	0.0	0.0	0.0
4197	A	8210	0	0	0	0.0	0.0	0.0
4198	A	8210	0	0	0	0.0	0.0	0.0
4199	A	8210	0	0	0	0.0	0.0	0.0
4200	A	8210	0	0	0	0.0	0.0	0.0
4201	G	8210	0	0	0	0.0	0.0	0.0
4202	C	8210	0	0	0	0.0	0.0	0.0
4203	C	8210	0	0	0	0.0	0.0	0.0
4204	A	8210	0	0	0	0.0	0.0	0.0
4205	C	8210	1	0	0	0.0001218026796589525	0.0	0.0
4206	T	8210	0	0	0	0.0	0.0	0.0
4207	T	8210	0	0	0	0.0	0.0	0.0
4208	G	8210	0	0	0	0.0	0.0	0.0
4209	A	8210	0	0	0	0.0	0.0	0.0
4210	C	8210	2	0	0	0.000243605359317905	0.0	0.0
4211	C	8210	0	0	0	0.0	0.0	0.0
4212	A	8210	60	0	0	0.007308160779537149	0.0	0.0
4213	T	8210	0	0	0	0.0	0.0	0.0
4214	G	8210	0	0	0	0.0	0.0	0.0
4215	T	8210	1	0	0	0.0001218026796589525	0.0	0.0
4216	A	8210	0	0	0	0.0	0.0	0.0
4217	A	8210	0	0	0	0.0	0.0	0.0
4218	C	8210	0	0	0	0.0	0.0	0.0
4219	A	8210	0	0	0	0.0	0.0	0.0
4220	A	8210	0	0	0	0.0	0.0	0.0
4221	G	8210	227	0	0	0.027649208282582216	0.0	0.0
4222	C	8210	0	0	0	0.0	0.0	0.0
4223	G	8210	0	0	0	0.0	0.0	0.0
4224	A	8210	0	0	0	0.0	0.0	0.0
4225	T	8210	0	0	0	0.0	0.0	0.0
4226	G	8210	0	0	0	0.0	0.0	0.0
4227	A	8210	0	0	0	0.0	0.0	0.0
4228	T	8210	0	0	0	0.0	0.0	0.0
4229	C	8210	0	0	0	0.0	0.0	0.0
4230	G	8210	315	0	0	0.03836784409257003	0.0	0.0
4231	A	8210	0	0	0	0.0	0.0	0.0
4232	C	8210	0	0	0	0.0	0.0	0.0
4233	T	8210	0	0	0	0.0	0.0	0.0
4234	C	8210	0	0	0	0.0	0.0	0.0
4235	T	8210	0	0	0	0.0	0.0	0.0
4236	T	8210	0	0	0	0.0	0.0	0.0
4237	A	8210	0	0	0	0.0	0.0	0.0
4238	A	8210	0	0	0	0.0	0.0	0.0
4239	C	8210	24	0	0	0.00292326431181486	0.0	0.0
4240	A	8210	0	0	0	0.0	0.0	0.0
4241	A	8210	2	0	0	0.000243605359317905	0.0	0.0
4242	T	8210	1	0	0	0.0001218026796589525	0.0	0.0
4243	T	8210	0	0	0	0.0	0.0	0.0
4244	T	8210	0	0	0	0.0	0.0	0.0
4245	A	8210	0	0	0	0.0	0.0	0.0
4246	A	8210	0	0	0	0.0	0.0	0.0
4247	T	8210	0	0	0	0.0	0.0	0.0
4248	C	8210	0	0	0	0.0	0.0	0.0
4249	A	8210	0	0	0	0.0	0.0	0.0
4250	T	8210	0	0	0	0.0	0.0	0.0
4251	T	8210	0	0	0	0.0	0.0	0.0
4252	T	8210	0	0	0	0.0	0.0	0.0
4253	C	8210	0	0	0	0.0	0.0	0.0
4254	A	8210	0	2	0	0.0	0.000243605359317905	0.0
4255	T	8210	17	2	0	0.0020706455542021922	0.000243605359317905	0.0
4256	T	8210	0	2	0	0.0	0.000243605359317905	0.0
4257	T	8210	2	2	0	0.000243605359317905	0.000243605359317905	0.0
4258	C	8210	0	2	0	0.0	0.000243605359317905	0.0
4259	C	8210	0	0	0	0.0	0.0	0.0
4260	T	8210	0	0	0	0.0	0.0	0.0
4261	C	8210	0	0	0	0.0	0.0	0.0
4262	C	8210	0	0	0	0.0	0.0	0.0
4263	T	8210	0	0	0	0.0	0.0	0.0
4264	A	8210	0	0	0	0.0	0.0	0.0
4265	A	8210	5	0	0	0.0006090133982947625	0.0	0.0
4266	A	8210	0	0	0	0.0	0.0	0.0
4267	A	8210	0	0	0	0.0	0.0	0.0
4268	T	8210	0	6	0	0.0	0.000730816077953715	0.0
4269	T	8210	0	6	0	0.0	0.000730816077953715	0.0
4270	C	8210	1	6	0	0.0001218026796589525	0.000730816077953715	0.0
4271	T	8210	0	0	0	0.0	0.0	0.0
4272	T	8210	1	0	0	0.0001218026796589525	0.0	0.0
4273	C	8210	0	0	0	0.0	0.0	0.0
4274	T	8210	0	0	0	0.0	0.0	0.0
4275	T	8210	0	15	0	0.0	0.0018270401948842874	0.0
4276	C	8210	0	15	0	0.0	0.0018270401948842874	0.0
4277	T	8210	0	15	0	0.0	0.0018270401948842874	0.0
4278	A	8210	0	0	0	0.0	0.0	0.0
4279	A	8210	0	0	0	0.0	0.0	0.0
4280	A	8210	1	0	0	0.0001218026796589525	0.0	0.0
4281	A	8210	0	0	0	0.0	0.0	0.0
4282	T	8210	0	0	0	0.0	0.0	0.0
4283	T	8210	0	0	0	0.0	0.0	0.0
4284	T	8210	0	0	0	0.0	0.0	0.0
4285	C	8210	1	0	0	0.0001218026796589525	0.0	0.0
4286	T	8210	0	0	0	0.0	0.0	0.0
4287	T	8210	0	0	0	0.0	0.0	0.0
4288	T	8210	0	0	0	0.0	0.0	0.0
4289	A	8210	0	0	0	0.0	0.0	0.0
4290	C	8210	0	0	0	0.0	0.0	0.0
4291	T	8210	0	0	0	0.0	0.0	0.0
4292	A	8210	2	0	0	0.000243605359317905	0.0	0.0
4293	G	8210	7	0	0	0.0008526187576126675	0.0	0.0
4294	A	8210	4	0	0	0.00048721071863581	0.0	0.0
4295	T	8210	0	0	0	0.0	0.0	0.0
4296	A	8210	0	0	0	0.0	0.0	0.0
4297	A	8210	0	0	0	0.0	0.0	0.0
4298	C	8210	1	0	0	0.0001218026796589525	0.0	0.0
4299	T	8210	2	0	0	0.000243605359317905	0.0	0.0
4300	C	8210	0	0	0	0.0	0.0	0.0
4301	A	8210	3997	0	0	0.4868453105968331	0.0	0.0
4302	T	8210	0	0	0	0.0	0.0	0.0
4303	T	8210	0	0	0	0.0	0.0	0.0
4304	A	8210	0	0	0	0.0	0.0	0.0
4305	C	8210	0	0	0	0.0	0.0	0.0
4306	A	8210	0	0	0	0.0	0.0	0.0
4307	A	8210	0	0	0	0.0	0.0	0.0
4308	T	8210	0	0	0	0.0	0.0	0.0
4309	A	8210	0	0	0	0.0	0.0	0.0
4310	A	8210	0	0	0	0.0	0.0	0.0
4311	C	8210	0	0	0	0.0	0.0	0.0
4312	A	8210	0	0	0	0.0	0.0	0.0
4313	A	8210	0	0	0	0.0	0.0	0.0
4314	A	8210	0	0	0	0.0	0.0	0.0
4315	G	8210	0	0	0	0.0	0.0	0.0
4316	A	8210	0	0	0	0.0	0.0	0.0
4317	C	8210	4	0	0	0.00048721071863581	0.0	0.0
4318	T	8210	0	0	0	0.0	0.0	0.0
4319	T	8210	0	0	0	0.0	0.0	0.0
4320	T	8210	0	0	0	0.0	0.0	0.0
4321	C	8210	0	0	0	0.0	0.0	0.0
4322	T	8210	0	0	0	0.0	0.0	0.0
4323	T	8210	0	0	0	0.0	0.0	0.0
4324	G	8210	0	0	0	0.0	0.0	0.0
4325	T	8210	0	0	0	0.0	0.0	0.0
4326	C	8210	0	0	0	0.0	0.0	0.0
4327	C	8210	0	0	0	0.0	0.0	0.0
4328	G	8210	0	0	0	0.0	0.0	0.0
4329	T	8210	2	0	0	0.000243605359317905	0.0	0.0
4330	T	8210	0	0	0	0.0	0.0	0.0
4331	T	8210	3	0	0	0.0003654080389768575	0.0	0.0
4332	T	8210	0	0	0	0.0	0.0	0.0
4333	C	8210	0	0	0	0.0	0.0	0.0
4334	A	8210	0	0	0	0.0	0.0	0.0
4335	A	8210	0	0	0	0.0	0.0	0.0
4336	C	8210	1	0	0	0.0001218026796589525	0.0	0.0
4337	G	8210	29	0	0	0.0035322777101096225	0.0	0.0
4338	G	8210	0	0	0	0.0	0.0	0.0
4339	C	8210	21	0	0	0.0025578562728380025	0.0	0.0
4340	A	8210	1447	0	0	0.17624847746650427	0.0	0.0
4341	C	8210	0	0	0	0.0	0.0	0.0
4342	G	8210	0	0	0	0.0	0.0	0.0
4343	T	8210	0	0	0	0.0	0.0	0.0
4344	T	8210	0	0	0	0.0	0.0	0.0
4345	T	8210	0	0	0	0.0	0.0	0.0
4346	T	8210	0	0	0	0.0	0.0	0.0
4347	A	8210	0	0	0	0.0	0.0	0.0
4348	C	8210	0	0	0	0.0	0.0	0.0
4349	T	8210	0	0	0	0.0	0.0	0.0
4350	A	8210	0	0	0	0.0	0.0	0.0
4351	A	8210	0	0	0	0.0	0.0	0.0
4352	A	8210	0	0	0	0.0	0.0	0.0
4353	T	8210	0	0	0	0.0	0.0	0.0
4354	C	8210	1	0	0	0.0001218026796589525	0.0	0.0
4355	A	8210	0	0	0	0.0	0.0	0.0
4356	A	8210	0	0	0	0.0	0.0	0.0
4357	C	8210	0	0	0	0.0	0.0	0.0
4358	T	8210	0	0	0	0.0	0.0	0.0
4359	A	8210	1	0	0	0.0001218026796589525	0.0	0.0
4360	A	8210	0	0	0	0.0	0.0	0.0
4361	T	8210	0	0	0	0.0	0.0	0.0
4362	G	8210	0	0	0	0.0	0.0	0.0
4363	A	8210	0	0	0	0.0	0.0	0.0
4364	A	8210	0	0	0	0.0	0.0	0.0
4365	T	8210	0	0	0	0.0	0.0	0.0
4366	C	8210	0	0	0	0.0	0.0	0.0
4367	A	8210	0	0	0	0.0	0.0	0.0
4368	A	8210	0	0	0	0.0	0.0	0.0
4369	C	8210	0	0	0	0.0	0.0	0.0
4370	A	8210	0	0	0	0.0	0.0	0.0
4371	G	8210	0	0	0	0.0	0.0	0.0
4372	T	8210	0	0	0	0.0	0.0	0.0
4373	A	8210	0	0	0	0.0	0.0	0.0
4374	T	8210	0	0	0	0.0	0.0	0.0
4375	T	8210	0	0	0	0.0	0.0	0.0
4376	T	8210	0	0	0	0.0	0.0	0.0
4377	A	8210	0	0	0	0.0	0.0	0.0
4378	T	8210	0	0	0	0.0	0.0	0.0
4379	T	8210	0	0	0	0.0	0.0	0.0
4380	T	8210	0	0	0	0.0	0.0	0.0
4381	G	8210	0	0	0	0.0	0.0	0.0
4382	G	8210	0	0	0	0.0	0.0	0.0
4383	G	8210	1	0	0	0.0001218026796589525	0.0	0.0
4384	T	8210	0	0	0	0.0	0.0	0.0
4385	A	8210	0	0	0	0.0	0.0	0.0
4386	T	8210	0	0	0	0.0	0.0	0.0
4387	A	8210	0	0	0	0.0	0.0	0.0
4388	T	8210	0	0	0	0.0	0.0	0.0
4389	A	8210	0	0	0	0.0	0.0	0.0
4390	T	8210	1	0	0	0.0001218026796589525	0.0	0.0
4391	T	8210	0	0	0	0.0	0.0	0.0
4392	T	8210	0	0	0	0.0	0.0	0.0
4393	C	8210	0	0	0	0.0	0.0	0.0
4394	A	8210	0	0	0	0.0	0.0	0.0
4395	A	8210	0	0	0	0.0	0.0	0.0
4396	T	8210	0	0	0	0.0	0.0	0.0
4397	T	8210	0	0	0	0.0	0.0	0.0
4398	A	8210	0	0	0	0.0	0.0	0.0
4399	A	8210	0	0	0	0.0	0.0	0.0
4400	C	8210	2423	0	0	0.2951278928136419	0.0	0.0
4401	G	8210	0	0	0	0.0	0.0	0.0
4402	T	8210	0	0	0	0.0	0.0	0.0
4403	T	8210	0	0	0	0.0	0.0	0.0
4404	G	8210	0	0	0	0.0	0.0	0.0
4405	C	8210	1	0	0	0.0001218026796589525	0.0	0.0
4406	T	8210	1	0	0	0.0001218026796589525	0.0	0.0
4407	A	8210	0	0	0	0.0	0.0	0.0
4408	A	8210	0	0	0	0.0	0.0	0.0
4409	A	8210	0	0	0	0.0	0.0	0.0
4410	T	8210	0	0	0	0.0	0.0	0.0
4411	T	8210	0	0	0	0.0	0.0	0.0
4412	T	8210	0	0	0	0.0	0.0	0.0
4413	A	8210	0	0	0	0.0	0.0	0.0
4414	G	8210	8091	0	0	0.9855054811205847	0.0	0.0
4415	T	8210	7	0	0	0.0008526187576126675	0.0	0.0
4416	C	8210	0	0	0	0.0	0.0	0.0
4417	C	8210	0	0	0	0.0	0.0	0.0
4418	T	8210	0	0	0	0.0	0.0	0.0
4419	G	8210	0	0	0	0.0	0.0	0.0
4420	A	8210	0	0	0	0.0	0.0	0.0
4421	A	8210	0	0	0	0.0	0.0	0.0
4422	A	8210	0	0	0	0.0	0.0	0.0
4423	T	8210	0	0	0	0.0	0.0	0.0
4424	T	8210	1	0	0	0.0001218026796589525	0.0	0.0
4425	A	8210	0	0	0	0.0	0.0	0.0
4426	A	8210	0	0	0	0.0	0.0	0.0
4427	A	8210	0	0	0	0.0	0.0	0.0
4428	T	8210	0	0	0	0.0	0.0	0.0
4429	G	8210	0	0	0	0.0	0.0	0.0
4430	C	8210	1	0	0	0.0001218026796589525	0.0	0.0
4431	A	8210	0	0	0	0.0	0.0	0.0
4432	T	8210	0	0	0	0.0	0.0	0.0
4433	T	8210	0	0	0	0.0	0.0	0.0
4434	G	8210	0	0	0	0.0	0.0	0.0
4435	C	8210	15	0	0	0.0018270401948842874	0.0	0.0
4436	T	8210	0	0	0	0.0	0.0	0.0
4437	T	8210	0	0	0	0.0	0.0	0.0
4438	G	8210	0	0	0	0.0	0.0	0.0
4439	T	8210	0	0	0	0.0	0.0	0.0
4440	T	8210	0	0	0	0.0	0.0	0.0
4441	T	8210	0	0	0	0.0	0.0	0.0
4442	C	8210	8	0	0	0.00097442143727162	0.0	0.0
4443	C	8210	0	0	0	0.0	0.0	0.0
4444	C	8210	0	0	0	0.0	0.0	0.0
4445	C	8210	0	0	0	0.0	0.0	0.0
4446	A	8210	0	0	0	0.0	0.0	0.0
4447	C	8210	0	0	0	0.0	0.0	0.0
4448	A	8210	0	0	0	0.0	0.0	0.0
4449	T	8210	0	0	0	0.0	0.0	0.0
4450	A	8210	0	0	0	0.0	0.0	0.0
4451	A	8210	0	0	0	0.0	0.0	0.0
4452	T	8210	0	0	0	0.0	0.0	0.0
4453	T	8210	0	0	0	0.0	0.0	0.0
4454	A	8210	0	0	0	0.0	0.0	0.0
4455	A	8210	51	0	0	0.006211936662606578	0.0	0.0
4456	A	8210	0	0	0	0.0	0.0	0.0
4457	G	8210	21	0	0	0.0025578562728380025	0.0	0.0
4458	A	8210	0	0	0	0.0	0.0	0.0
4459	A	8210	0	0	0	0.0	0.0	0.0
4460	T	8210	0	0	0	0.0	0.0	0.0
4461	T	8210	0	0	0	0.0	0.0	0.0
4462	C	8210	0	0	0	0.0	0.0	0.0
4463	G	8210	0	0	0	0.0	0.0	0.0
4464	T	8210	0	0	0	0.0	0.0	0.0
4465	T	8210	0	0	0	0.0	0.0	0.0
4466	A	8210	0	0	0	0.0	0.0	0.0
4467	T	8210	0	0	0	0.0	0.0	0.0
4468	T	8210	0	0	0	0.0	0.0	0.0
4469	C	8210	0	0	0	0.0	0.0	0.0
4470	A	8210	0	0	0	0.0	0.0	0.0
4471	C	8210	1	0	0	0.0001218026796589525	0.0	0.0
4472	G	8210	12	0	0	0.00146163215590743	0.0	0.0
4473	C	8210	0	0	0	0.0	0.0	0.0
4474	T	8210	0	0	0	0.0	0.0	0.0
4475	T	8210	0	0	0	0.0	0.0	0.0
4476	C	8210	0	0	0	0.0	0.0	0.0
4477	C	8210	0	0	0	0.0	0.0	0.0
4478	G	8210	5	0	0	0.0006090133982947625	0.0	0.0
4479	C	8210	0	0	0	0.0	0.0	0.0
4480	C	8210	0	0	0	0.0	0.0	0.0
4481	A	8210	0	0	0	0.0	0.0	0.0
4482	A	8210	0	0	0	0.0	0.0	0.0
4483	A	8210	0	0	0	0.0	0.0	0.0
4484	T	8210	0	0	0	0.0	0.0	0.0
4485	A	8210	0	0	0	0.0	0.0	0.0
4486	G	8210	0	0	0	0.0	0.0	0.0
4487	G	8210	0	0	0	0.0	0.0	0.0
4488	T	8210	0	0	0	0.0	0.0	0.0
4489	C	8210	0	0	0	0.0	0.0	0.0
4490	T	8210	241	0	0	0.029354445797807553	0.0	0.0
4491	G	8210	0	0	0	0.0	0.0	0.0
4492	T	8210	0	0	0	0.0	0.0	0.0
4493	A	8210	7	0	0	0.0008526187576126675	0.0	0.0
4494	A	8210	0	0	0	0.0	0.0	0.0
4495	T	8210	0	0	0	0.0	0.0	0.0
4496	C	8210	0	0	0	0.0	0.0	0.0
4497	A	8210	0	0	0	0.0	0.0	0.0
4498	C	8210	0	0	0	0.0	0.0	0.0
4499	A	8210	0	0	0	0.0	0.0	0.0
4500	A	8210	0	0	0	0.0	0.0	0.0
4501	T	8210	0	0	0	0.0	0.0	0.0
4502	T	8210	0	0	0	0.0	0.0	0.0
4503	A	8210	0	0	0	0.0	0.0	0.0
4504	A	8210	8	0	0	0.00097442143727162	0.0	0.0
4505	T	8210	0	0	0	0.0	0.0	0.0
4506	T	8210	0	0	0	0.0	0.0	0.0
4507	C	8210	0	0	0	0.0	0.0	0.0
4508	A	8210	0	0	0	0.0	0.0	0.0
4509	T	8210	0	0	0	0.0	0.0	0.0
4510	T	8210	0	0	0	0.0	0.0	0.0
4511	T	8210	0	0	0	0.0	0.0	0.0
4512	T	8210	0	0	0	0.0	0.0	0.0
4513	G	8210	0	0	0	0.0	0.0	0.0
4514	T	8210	0	0	0	0.0	0.0	0.0
4515	T	8210	0	0	0	0.0	0.0	0.0
4516	G	8210	0	0	0	0.0	0.0	0.0
4517	A	8210	0	0	0	0.0	0.0	0.0
4518	T	8210	0	0	0	0.0	0.0	0.0
4519	T	8210	0	0	0	0.0	0.0	0.0
4520	G	8210	0	0	0	0.0	0.0	0.0
4521	T	8210	0	0	0	0.0	0.0	0.0
4522	T	8210	0	0	0	0.0	0.0	0.0
4523	C	8210	3	0	0	0.0003654080389768575	0.0	0.0
4524	T	8210	0	0	0	0.0	0.0	0.0
4525	T	8210	0	0	0	0.0	0.0	0.0
4526	T	8210	0	0	0	0.0	0.0	0.0
4527	A	8210	0	0	0	0.0	0.0	0.0
4528	A	8210	0	0	0	0.0	0.0	0.0
4529	A	8210	0	0	0	0.0	0.0	0.0
4530	A	8210	0	0	0	0.0	0.0	0.0
4531	T	8210	0	0	0	0.0	0.0	0.0
4532	G	8210	1	0	0	0.0001218026796589525	0.0	0.0
4533	T	8210	0	0	0	0.0	0.0	0.0
4534	C	8210	1	0	0	0.0001218026796589525	0.0	0.0
4535	T	8210	0	0	0	0.0	0.0	0.0
4536	T	8210	0	0	0	0.0	0.0	0.0
4537	T	8210	0	0	0	0.0	0.0	0.0
4538	G	8210	0	0	0	0.0	0.0	0.0
4539	A	8210	0	0	0	0.0	0.0	0.0
4540	C	8210	0	0	0	0.0	0.0	0.0
4541	C	8210	186	0	0	0.022655298416565165	0.0	0.0
4542	G	8210	2	0	0	0.000243605359317905	0.0	0.0
4543	T	8210	0	0	0	0.0	0.0	0.0
4544	C	8210	0	0	0	0.0	0.0	0.0
4545	T	8210	0	0	0	0.0	0.0	0.0
4546	T	8210	0	0	0	0.0	0.0	0.0
4547	G	8210	1530	0	0	0.18635809987819732	0.0	0.0
4548	G	8210	0	0	0	0.0	0.0	0.0
4549	C	8210	125	0	0	0.015225334957369063	0.0	0.0
4550	T	8210	0	0	0	0.0	0.0	0.0
4551	A	8210	0	0	0	0.0	0.0	0.0
4552	A	8210	1	0	0	0.0001218026796589525	0.0	0.0
4553	A	8210	0	0	0	0.0	0.0	0.0
4554	T	8210	0	0	0	0.0	0.0	0.0
4555	C	8210	0	0	0	0.0	0.0	0.0
4556	A	8210	0	0	0	0.0	0.0	0.0
4557	T	8210	0	0	0	0.0	0.0	0.0
4558	A	8210	0	0	0	0.0	0.0	0.0
4559	A	8210	0	0	0	0.0	0.0	0.0
4560	G	8210	1	0	0	0.0001218026796589525	0.0	0.0
4561	G	8210	0	0	0	0.0	0.0	0.0
4562	T	8210	3	0	0	0.0003654080389768575	0.0	0.0
4563	T	8210	0	0	0	0.0	0.0	0.0
4564	G	8210	0	0	0	0.0	0.0	0.0
4565	T	8210	0	0	0	0.0	0.0	0.0
4566	T	8210	0	0	0	0.0	0.0	0.0
4567	C	8210	0	0	0	0.0	0.0	0.0
4568	C	8210	3	0	0	0.0003654080389768575	0.0	0.0
4569	A	8210	1	0	0	0.0001218026796589525	0.0	0.0
4570	T	8210	0	0	0	0.0	0.0	0.0
4571	A	8210	0	0	0	0.0	0.0	0.0
4572	T	8210	0	0	0	0.0	0.0	0.0
4573	A	8210	0	0	0	0.0	0.0	0.0
4574	A	8210	0	0	0	0.0	0.0	0.0
4575	G	8210	0	0	0	0.0	0.0	0.0
4576	C	8210	0	0	0	0.0	0.0	0.0
4577	G	8210	15	0	0	0.0018270401948842874	0.0	0.0
4578	C	8210	0	0	0	0.0	0.0	0.0
4579	A	8210	0	0	0	0.0	0.0	0.0
4580	A	8210	0	0	0	0.0	0.0	0.0
4581	A	8210	0	0	0	0.0	0.0	0.0
4582	G	8210	0	0	0	0.0	0.0	0.0
4583	A	8210	0	0	0	0.0	0.0	0.0
4584	C	8210	0	0	0	0.0	0.0	0.0
4585	A	8210	0	0	0	0.0	0.0	0.0
4586	T	8210	0	0	0	0.0	0.0	0.0
4587	T	8210	0	0	0	0.0	0.0	0.0
4588	C	8210	12	0	0	0.00146163215590743	0.0	0.0
4589	C	8210	0	0	0	0.0	0.0	0.0
4590	A	8210	0	0	0	0.0	0.0	0.0
4591	C	8210	0	0	0	0.0	0.0	0.0
4592	A	8210	0	0	0	0.0	0.0	0.0
4593	T	8210	0	0	0	0.0	0.0	0.0
4594	T	8210	0	0	0	0.0	0.0	0.0
4595	C	8210	0	0	0	0.0	0.0	0.0
4596	T	8210	0	0	0	0.0	0.0	0.0
4597	T	8210	0	0	0	0.0	0.0	0.0
4598	T	8210	0	0	0	0.0	0.0	0.0
4599	G	8210	0	0	0	0.0	0.0	0.0
4600	T	8210	0	0	0	0.0	0.0	0.0
4601	T	8210	0	0	0	0.0	0.0	0.0
4602	T	8210	0	0	0	0.0	0.0	0.0
4603	C	8210	0	0	0	0.0	0.0	0.0
4604	A	8210	0	0	0	0.0	0.0	0.0
4605	C	8210	0	0	0	0.0	0.0	0.0
4606	C	8210	0	0	0	0.0	0.0	0.0
4607	A	8210	0	0	0	0.0	0.0	0.0
4608	C	8210	0	0	0	0.0	0.0	0.0
4609	A	8210	0	0	0	0.0	0.0	0.0
4610	A	8210	0	0	0	0.0	0.0	0.0
4611	A	8210	0	0	0	0.0	0.0	0.0
4612	T	8210	0	0	0	0.0	0.0	0.0
4613	T	8210	7	0	0	0.0008526187576126675	0.0	0.0
4614	A	8210	0	0	0	0.0	0.0	0.0
4615	A	8210	0	0	0	0.0	0.0	0.0
4616	A	8210	7	0	0	0.0008526187576126675	0.0	0.0
4617	G	8210	0	0	0	0.0	0.0	0.0
4618	C	8210	0	0	0	0.0	0.0	0.0
4619	T	8210	7	0	0	0.0008526187576126675	0.0	0.0
4620	A	8210	0	0	0	0.0	0.0	0.0
4621	A	8210	0	0	0	0.0	0.0	0.0
4622	T	8210	0	0	0	0.0	0.0	0.0
4623	G	8210	0	0	0	0.0	0.0	0.0
4624	A	8210	0	0	0	0.0	0.0	0.0
4625	T	8210	0	0	0	0.0	0.0	0.0
4626	G	8210	0	0	0	0.0	0.0	0.0
4627	T	8210	0	0	0	0.0	0.0	0.0
4628	C	8210	3	0	0	0.0003654080389768575	0.0	0.0
4629	T	8210	0	0	0	0.0	0.0	0.0
4630	G	8210	0	0	0	0.0	0.0	0.0
4631	A	8210	51	0	0	0.006211936662606578	0.0	0.0
4632	A	8210	0	0	0	0.0	0.0	0.0
4633	T	8210	0	0	0	0.0	0.0	0.0
4634	C	8210	5	0	0	0.0006090133982947625	0.0	0.0
4635	C	8210	0	0	0	0.0	0.0	0.0
4636	C	8210	0	0	0	0.0	0.0	0.0
4637	T	8210	0	0	0	0.0	0.0	0.0
4638	G	8210	0	0	0	0.0	0.0	0.0
4639	C	8210	0	0	0	0.0	0.0	0.0
4640	A	8210	0	0	0	0.0	0.0	0.0
4641	G	8210	0	0	0	0.0	0.0	0.0
4642	C	8210	0	0	0	0.0	0.0	0.0
4643	G	8210	1	0	0	0.0001218026796589525	0.0	0.0
4644	A	8210	1	0	0	0.0001218026796589525	0.0	0.0
4645	A	8210	0	0	0	0.0	0.0	0.0
4646	A	8210	0	0	0	0.0	0.0	0.0
4647	T	8210	0	0	0	0.0	0.0	0.0
4648	T	8210	0	0	0	0.0	0.0	0.0
4649	A	8210	0	0	0	0.0	0.0	0.0
4650	C	8210	0	0	0	0.0	0.0	0.0
4651	C	8210	0	0	0	0.0	0.0	0.0
4652	A	8210	0	0	0	0.0	0.0	0.0
4653	T	8210	0	0	0	0.0	0.0	0.0
4654	G	8210	0	0	0	0.0	0.0	0.0
4655	T	8210	0	0	0	0.0	0.0	0.0
4656	G	8210	0	0	0	0.0	0.0	0.0
4657	T	8210	0	0	0	0.0	0.0	0.0
4658	T	8210	43	0	0	0.005237515225334957	0.0	0.0
4659	G	8210	0	0	0	0.0	0.0	0.0
4660	C	8210	0	0	0	0.0	0.0	0.0
4661	C	8210	0	0	0	0.0	0.0	0.0
4662	A	8210	0	0	0	0.0	0.0	0.0
4663	G	8210	0	0	0	0.0	0.0	0.0
4664	A	8210	0	0	0	0.0	0.0	0.0
4665	A	8210	0	0	0	0.0	0.0	0.0
4666	T	8210	0	0	0	0.0	0.0	0.0
4667	A	8210	0	0	0	0.0	0.0	0.0
4668	A	8210	0	0	0	0.0	0.0	0.0
4669	T	8210	0	0	0	0.0	0.0	0.0
4670	T	8210	0	0	0	0.0	0.0	0.0
4671	T	8210	0	0	0	0.0	0.0	0.0
4672	T	8210	0	0	0	0.0	0.0	0.0
4673	A	8210	1	0	0	0.0001218026796589525	0.0	0.0
4674	C	8210	3	0	0	0.0003654080389768575	0.0	0.0
4675	G	8210	0	0	0	0.0	0.0	0.0
4676	T	8210	0	0	0	0.0	0.0	0.0
4677	T	8210	1	0	0	0.0001218026796589525	0.0	0.0
4678	C	8210	0	0	0	0.0	0.0	0.0
4679	C	8210	0	0	0	0.0	0.0	0.0
4680	A	8210	1	0	0	0.0001218026796589525	0.0	0.0
4681	T	8210	0	0	0	0.0	0.0	0.0
4682	T	8210	0	0	0	0.0	0.0	0.0
4683	T	8210	0	0	0	0.0	0.0	0.0
4684	T	8210	0	0	1	0.0	0.0	0.0001218026796589525
4685	C	8210	0	0	0	0.0	0.0	0.0
4686	T	8210	0	0	0	0.0	0.0	0.0
4687	T	8210	0	0	0	0.0	0.0	0.0
4688	C	8210	0	0	0	0.0	0.0	0.0
4689	A	8210	0	0	0	0.0	0.0	0.0
4690	C	8210	0	0	0	0.0	0.0	0.0
4691	C	8210	0	0	0	0.0	0.0	0.0
4692	T	8210	0	0	0	0.0	0.0	0.0
4693	C	8210	0	0	0	0.0	0.0	0.0
4694	A	8210	1	0	0	0.0001218026796589525	0.0	0.0
4695	C	8210	0	0	0	0.0	0.0	0.0
4696	T	8210	0	0	0	0.0	0.0	0.0
4697	T	8210	0	0	0	0.0	0.0	0.0
4698	A	8210	0	0	0	0.0	0.0	0.0
4699	C	8210	0	0	0	0.0	0.0	0.0
4700	T	8210	0	0	0	0.0	0.0	0.0
4701	T	8210	0	0	0	0.0	0.0	0.0
4702	C	8210	0	0	0	0.0	0.0	0.0
4703	T	8210	0	0	0	0.0	0.0	0.0
4704	T	8210	0	0	0	0.0	0.0	0.0
4705	T	8210	0	0	0	0.0	0.0	0.0
4706	A	8210	1	0	0	0.0001218026796589525	0.0	0.0
4707	T	8210	962	0	0	0.11717417783191231	0.0	0.0
4708	A	8210	1	0	0	0.0001218026796589525	0.0	0.0
4709	T	8210	1	0	0	0.0001218026796589525	0.0	0.0
4710	A	8210	0	0	0	0.0	0.0	0.0
4711	G	8210	0	0	0	0.0	0.0	0.0
4712	C	8210	0	0	0	0.0	0.0	0.0
4713	A	8210	0	0	0	0.0	0.0	0.0
4714	A	8210	0	0	0	0.0	0.0	0.0
4715	A	8210	0	0	0	0.0	0.0	0.0
4716	A	8210	0	0	0	0.0	0.0	0.0
4717	A	8210	0	0	0	0.0	0.0	0.0
4718	G	8210	0	0	0	0.0	0.0	0.0
4719	A	8210	0	0	0	0.0	0.0	0.0
4720	G	8210	0	0	0	0.0	0.0	0.0
4721	T	8210	0	0	0	0.0	0.0	0.0
4722	G	8210	0	0	0	0.0	0.0	0.0
4723	C	8210	0	0	0	0.0	0.0	0.0
4724	C	8210	0	0	24	0.0	0.0	0.00292326431181486
4725	A	8210	1	0	0	0.0001218026796589525	0.0	0.0
4726	A	8210	0	0	0	0.0	0.0	0.0
4727	A	8210	0	0	0	0.0	0.0	0.0
4728	A	8210	0	0	0	0.0	0.0	0.0
4729	A	8210	0	0	0	0.0	0.0	0.0
4730	A	8210	0	0	20	0.0	0.0	0.00243605359317905
4731	G	8210	2	0	0	0.000243605359317905	0.0	0.0
4732	T	8210	0	0	0	0.0	0.0	0.0
4733	G	8210	0	0	0	0.0	0.0	0.0
4734	G	8210	0	0	0	0.0	0.0	0.0
4735	C	8210	1	0	0	0.0001218026796589525	0.0	0.0
4736	A	8210	0	0	0	0.0	0.0	0.0
4737	C	8210	0	0	0	0.0	0.0	0.0
4738	T	8210	1	0	0	0.0001218026796589525	0.0	0.0
4739	C	8210	0	0	0	0.0	0.0	0.0
4740	C	8210	67	0	0	0.008160779537149818	0.0	0.0
4741	C	8210	0	0	0	0.0	0.0	0.0
4742	T	8210	0	0	0	0.0	0.0	0.0
4743	C	8210	0	0	0	0.0	0.0	0.0
4744	C	8210	0	0	0	0.0	0.0	0.0
4745	T	8210	0	0	0	0.0	0.0	0.0
4746	T	8210	1	0	0	0.0001218026796589525	0.0	0.0
4747	T	8210	0	0	0	0.0	0.0	0.0
4748	T	8210	0	0	0	0.0	0.0	0.0
4749	T	8210	0	0	0	0.0	0.0	0.0
4750	A	8210	0	0	0	0.0	0.0	0.0
4751	T	8210	0	0	0	0.0	0.0	0.0
4752	T	8210	0	0	0	0.0	0.0	0.0
4753	T	8210	0	0	0	0.0	0.0	0.0
4754	T	8210	0	0	0	0.0	0.0	0.0
4755	A	8210	1	0	0	0.0001218026796589525	0.0	0.0
4756	A	8210	0	0	0	0.0	0.0	0.0
4757	A	8210	0	0	0	0.0	0.0	0.0
4758	A	8210	0	0	0	0.0	0.0	0.0
4759	A	8210	0	0	0	0.0	0.0	0.0
4760	T	8210	0	0	0	0.0	0.0	0.0
4761	C	8210	0	0	0	0.0	0.0	0.0
4762	G	8210	1	0	0	0.0001218026796589525	0.0	0.0
4763	C	8210	133	0	0	0.01619975639464068	0.0	0.0
4764	T	8210	0	0	0	0.0	0.0	0.0
4765	T	8210	0	0	0	0.0	0.0	0.0
4766	T	8210	0	0	0	0.0	0.0	0.0
4767	C	8210	0	0	0	0.0	0.0	0.0
4768	T	8210	0	0	0	0.0	0.0	0.0
4769	G	8210	0	0	0	0.0	0.0	0.0
4770	C	8210	9	0	0	0.0010962241169305725	0.0	0.0
4771	G	8210	1	0	0	0.0001218026796589525	0.0	0.0
4772	T	8210	0	0	0	0.0	0.0	0.0
4773	T	8210	0	0	0	0.0	0.0	0.0
4774	G	8210	0	0	0	0.0	0.0	0.0
4775	T	8210	0	0	0	0.0	0.0	0.0
4776	T	8210	0	0	0	0.0	0.0	0.0
4777	A	8210	3	0	0	0.0003654080389768575	0.0	0.0
4778	A	8210	24	0	0	0.00292326431181486	0.0	0.0
4779	A	8210	0	0	0	0.0	0.0	0.0
4780	C	8210	1	0	0	0.0001218026796589525	0.0	0.0
4781	T	8210	0	0	0	0.0	0.0	0.0
4782	C	8210	2	0	0	0.000243605359317905	0.0	0.0
4783	C	8210	0	0	0	0.0	0.0	0.0
4784	G	8210	0	0	0	0.0	0.0	0.0
4785	T	8210	0	0	0	0.0	0.0	0.0
4786	T	8210	0	0	0	0.0	0.0	0.0
4787	T	8210	0	0	0	0.0	0.0	0.0
4788	T	8210	0	0	0	0.0	0.0	0.0
4789	T	8210	4	0	0	0.00048721071863581	0.0	0.0
4790	C	8210	1	0	0	0.0001218026796589525	0.0	0.0
4791	C	8210	1	0	0	0.0001218026796589525	0.0	0.0
4792	A	8210	0	0	0	0.0	0.0	0.0
4793	A	8210	0	0	0	0.0	0.0	0.0
4794	A	8210	0	0	0	0.0	0.0	0.0
4795	C	8210	0	0	0	0.0	0.0	0.0
4796	A	8210	0	0	0	0.0	0.0	0.0
4797	A	8210	0	0	0	0.0	0.0	0.0
4798	C	8210	0	0	0	0.0	0.0	0.0
4799	A	8210	0	0	0	0.0	0.0	0.0
4800	C	8210	0	0	0	0.0	0.0	0.0
4801	A	8210	0	0	0	0.0	0.0	0.0
4802	T	8210	0	0	0	0.0	0.0	0.0
4803	C	8210	0	0	0	0.0	0.0	0.0
4804	A	8210	1	0	0	0.0001218026796589525	0.0	0.0
4805	T	8210	0	0	0	0.0	0.0	0.0
4806	A	8210	0	0	0	0.0	0.0	0.0
4807	G	8210	552	0	0	0.06723507917174178	0.0	0.0
4808	A	8210	0	0	0	0.0	0.0	0.0
4809	C	8210	1	0	0	0.0001218026796589525	0.0	0.0
4810	A	8210	0	0	0	0.0	0.0	0.0
4811	T	8210	0	0	0	0.0	0.0	0.0
4812	A	8210	1	0	0	0.0001218026796589525	0.0	0.0
4813	A	8210	0	0	0	0.0	0.0	0.0
4814	A	8210	0	0	0	0.0	0.0	0.0
4815	A	8210	0	0	0	0.0	0.0	0.0
4816	A	8210	0	0	0	0.0	0.0	0.0
4817	A	8210	0	0	0	0.0	0.0	0.0
4818	G	8210	0	0	0	0.0	0.0	0.0
4819	C	8210	42	0	0	0.005115712545676005	0.0	0.0
4820	T	8210	0	0	0	0.0	0.0	0.0
4821	C	8210	0	0	0	0.0	0.0	0.0
4822	C	8210	0	0	0	0.0	0.0	0.0
4823	G	8210	0	0	0	0.0	0.0	0.0
4824	A	8210	0	0	0	0.0	0.0	0.0
4825	T	8210	0	0	0	0.0	0.0	0.0
4826	T	8210	0	0	0	0.0	0.0	0.0
4827	C	8210	0	0	0	0.0	0.0	0.0
4828	A	8210	0	0	0	0.0	0.0	0.0
4829	G	8210	2	0	0	0.000243605359317905	0.0	0.0
4830	G	8210	0	0	0	0.0	0.0	0.0
4831	T	8210	0	0	0	0.0	0.0	0.0
4832	A	8210	0	0	0	0.0	0.0	0.0
4833	T	8210	6	0	0	0.000730816077953715	0.0	0.0
4834	A	8210	0	0	0	0.0	0.0	0.0
4835	T	8210	1	0	0	0.0001218026796589525	0.0	0.0
4836	T	8210	0	0	0	0.0	0.0	0.0
4837	G	8210	0	0	0	0.0	0.0	0.0
4838	A	8210	0	0	0	0.0	0.0	0.0
4839	C	8210	0	0	0	0.0	0.0	0.0
4840	A	8210	0	0	0	0.0	0.0	0.0
4841	C	8210	1	0	0	0.0001218026796589525	0.0	0.0
4842	T	8210	0	0	0	0.0	0.0	0.0
4843	A	8210	2	0	0	0.000243605359317905	0.0	0.0
4844	T	8210	0	0	0	0.0	0.0	0.0
4845	A	8210	0	0	0	0.0	0.0	0.0
4846	A	8210	0	0	0	0.0	0.0	0.0
4847	A	8210	0	0	0	0.0	0.0	0.0
4848	C	8210	1	0	0	0.0001218026796589525	0.0	0.0
4849	T	8210	0	0	0	0.0	0.0	0.0
4850	T	8210	0	0	0	0.0	0.0	0.0
4851	T	8210	0	0	0	0.0	0.0	0.0
4852	T	8210	0	0	0	0.0	0.0	0.0
4853	T	8210	0	0	0	0.0	0.0	0.0
4854	C	8210	0	0	0	0.0	0.0	0.0
4855	A	8210	0	0	0	0.0	0.0	0.0
4856	A	8210	0	0	0	0.0	0.0	0.0
4857	T	8210	0	0	0	0.0	0.0	0.0
4858	G	8210	3	0	0	0.0003654080389768575	0.0	0.0
4859	A	8210	0	0	0	0.0	0.0	0.0
4860	C	8210	0	0	0	0.0	0.0	0.0
4861	A	8210	0	0	0	0.0	0.0	0.0
4862	C	8210	0	0	0	0.0	0.0	0.0
4863	T	8210	0	0	0	0.0	0.0	0.0
4864	A	8210	0	0	0	0.0	0.0	0.0
4865	A	8210	0	0	0	0.0	0.0	0.0
4866	A	8210	0	0	0	0.0	0.0	0.0
4867	C	8210	1	0	0	0.0001218026796589525	0.0	0.0
4868	G	8210	1	0	0	0.0001218026796589525	0.0	0.0
4869	C	8210	0	0	0	0.0	0.0	0.0
4870	C	8210	0	0	0	0.0	0.0	0.0
4871	T	8210	0	0	0	0.0	0.0	0.0
4872	C	8210	0	0	0	0.0	0.0	0.0
4873	T	8210	0	0	0	0.0	0.0	0.0
4874	T	8210	0	0	0	0.0	0.0	0.0
4875	T	8210	0	0	0	0.0	0.0	0.0
4876	T	8210	511	0	0	0.06224116930572473	0.0	0.0
4877	A	8210	0	0	0	0.0	0.0	0.0
4878	A	8210	0	0	0	0.0	0.0	0.0
4879	C	8210	37	0	0	0.004506699147381242	0.0	0.0
4880	T	8210	1	0	0	0.0001218026796589525	0.0	0.0
4881	C	8210	0	0	0	0.0	0.0	0.0
4882	T	8210	0	0	0	0.0	0.0	0.0
4883	T	8210	2	0	0	0.000243605359317905	0.0	0.0
4884	G	8210	1	0	0	0.0001218026796589525	0.0	0.0
4885	C	8210	10	0	0	0.001218026796589525	0.0	0.0
4886	A	8210	0	0	0	0.0	0.0	0.0
4887	A	8210	0	0	0	0.0	0.0	0.0
4888	G	8210	0	0	0	0.0	0.0	0.0
4889	A	8210	0	0	0	0.0	0.0	0.0
4890	C	8210	2	0	0	0.000243605359317905	0.0	0.0
4891	C	8210	6	0	0	0.000730816077953715	0.0	0.0
4892	G	8210	32	0	0	0.00389768574908648	0.0	0.0
4893	T	8210	0	0	0	0.0	0.0	0.0
4894	T	8210	0	0	0	0.0	0.0	0.0
4895	C	8210	15	0	0	0.0018270401948842874	0.0	0.0
4896	T	8210	0	0	0	0.0	0.0	0.0
4897	T	8210	0	0	0	0.0	0.0	0.0
4898	T	8210	0	0	0	0.0	0.0	0.0
4899	G	8210	0	0	0	0.0	0.0	0.0
4900	A	8210	0	0	0	0.0	0.0	0.0
4901	C	8210	0	0	0	0.0	0.0	0.0
4902	A	8210	0	0	0	0.0	0.0	0.0
4903	C	8210	1	0	0	0.0001218026796589525	0.0	0.0
4904	T	8210	0	0	0	0.0	0.0	0.0
4905	G	8210	0	0	0	0.0	0.0	0.0
4906	C	8210	0	0	0	0.0	0.0	0.0
4907	T	8210	0	0	0	0.0	0.0	0.0
4908	T	8210	0	0	0	0.0	0.0	0.0
4909	T	8210	0	0	0	0.0	0.0	0.0
4910	A	8210	0	0	0	0.0	0.0	0.0
4911	G	8210	5268	0	0	0.6416565164433617	0.0	0.0
4912	T	8210	0	0	0	0.0	0.0	0.0
4913	T	8210	0	0	0	0.0	0.0	0.0
4914	G	8210	0	0	0	0.0	0.0	0.0
4915	T	8210	1	0	0	0.0001218026796589525	0.0	0.0
4916	T	8210	0	0	0	0.0	0.0	0.0
4917	C	8210	1	0	0	0.0001218026796589525	0.0	0.0
4918	G	8210	1679	0	0	0.20450669914738123	0.0	0.0
4919	G	8210	0	0	0	0.0	0.0	0.0
4920	C	8210	1	0	0	0.0001218026796589525	0.0	0.0
4921	G	8210	0	0	0	0.0	0.0	0.0
4922	C	8210	1	0	0	0.0001218026796589525	0.0	0.0
4923	C	8210	0	0	0	0.0	0.0	0.0
4924	A	8210	0	0	0	0.0	0.0	0.0
4925	T	8210	0	0	0	0.0	0.0	0.0
4926	T	8210	0	0	0	0.0	0.0	0.0
4927	A	8210	0	0	0	0.0	0.0	0.0
4928	T	8210	0	0	0	0.0	0.0	0.0
4929	A	8210	0	0	0	0.0	0.0	0.0
4930	A	8210	0	0	0	0.0	0.0	0.0
4931	T	8210	0	0	0	0.0	0.0	0.0
4932	T	8210	0	0	0	0.0	0.0	0.0
4933	T	8210	0	0	0	0.0	0.0	0.0
4934	T	8210	0	0	0	0.0	0.0	0.0
4935	C	8210	0	0	0	0.0	0.0	0.0
4936	A	8210	0	0	0	0.0	0.0	0.0
4937	A	8210	0	0	0	0.0	0.0	0.0
4938	T	8210	0	0	0	0.0	0.0	0.0
4939	A	8210	0	0	0	0.0	0.0	0.0
4940	G	8210	0	0	0	0.0	0.0	0.0
4941	G	8210	1	0	0	0.0001218026796589525	0.0	0.0
4942	T	8210	0	0	0	0.0	0.0	0.0
4943	T	8210	0	0	0	0.0	0.0	0.0
4944	C	8210	0	0	0	0.0	0.0	0.0
4945	A	8210	0	0	0	0.0	0.0	0.0
4946	T	8210	0	0	0	0.0	0.0	0.0
4947	T	8210	0	0	0	0.0	0.0	0.0
4948	C	8210	4	0	0	0.00048721071863581	0.0	0.0
4949	C	8210	0	0	0	0.0	0.0	0.0
4950	G	8210	1	0	0	0.0001218026796589525	0.0	0.0
4951	G	8210	0	0	0	0.0	0.0	0.0
4952	A	8210	0	0	0	0.0	0.0	0.0
4953	T	8210	0	0	0	0.0	0.0	0.0
4954	T	8210	237	0	0	0.02886723507917174	0.0	0.0
4955	A	8210	0	0	0	0.0	0.0	0.0
4956	A	8210	0	0	0	0.0	0.0	0.0
4957	T	8210	0	0	0	0.0	0.0	0.0
4958	C	8210	0	0	0	0.0	0.0	0.0
4959	G	8210	0	0	0	0.0	0.0	0.0
4960	T	8210	8	0	0	0.00097442143727162	0.0	0.0
4961	T	8210	0	0	0	0.0	0.0	0.0
4962	C	8210	0	0	0	0.0	0.0	0.0
4963	A	8210	0	0	0	0.0	0.0	0.0
4964	A	8210	0	0	0	0.0	0.0	0.0
4965	T	8210	2	0	0	0.000243605359317905	0.0	0.0
4966	T	8210	0	0	0	0.0	0.0	0.0
4967	A	8210	0	0	0	0.0	0.0	0.0
4968	A	8210	0	0	0	0.0	0.0	0.0
4969	A	8210	0	0	0	0.0	0.0	0.0
4970	C	8210	0	0	0	0.0	0.0	0.0
4971	A	8210	7	0	0	0.0008526187576126675	0.0	0.0
4972	A	8210	0	0	0	0.0	0.0	0.0
4973	C	8210	0	0	0	0.0	0.0	0.0
4974	T	8210	0	0	0	0.0	0.0	0.0
4975	G	8210	19	0	0	0.0023142509135200976	0.0	0.0
4976	A	8210	0	0	0	0.0	0.0	0.0
4977	C	8210	0	0	0	0.0	0.0	0.0
4978	A	8210	0	0	0	0.0	0.0	0.0
4979	T	8210	0	0	0	0.0	0.0	0.0
4980	G	8210	0	0	0	0.0	0.0	0.0
4981	G	8210	0	0	0	0.0	0.0	0.0
4982	A	8210	0	1	0	0.0	0.0001218026796589525	0.0
4983	C	8210	0	0	0	0.0	0.0	0.0
4984	G	8210	8077	0	0	0.9838002436053593	0.0	0.0
4985	T	8210	129	0	0	0.01571254567600487	0.0	0.0
4986	A	8210	0	0	0	0.0	0.0	0.0
4987	T	8210	0	0	0	0.0	0.0	0.0
4988	A	8210	1	0	0	0.0001218026796589525	0.0	0.0
4989	C	8210	0	0	0	0.0	0.0	0.0
4990	C	8210	0	0	0	0.0	0.0	0.0
4991	G	8210	0	0	0	0.0	0.0	0.0
4992	C	8210	0	0	0	0.0	0.0	0.0
4993	T	8210	5341	0	0	0.6505481120584653	0.0	0.0
4994	A	8210	9	0	0	0.0010962241169305725	0.0	0.0
4995	A	8210	0	0	0	0.0	0.0	0.0
4996	T	8210	0	0	0	0.0	0.0	0.0
4997	T	8210	0	0	0	0.0	0.0	0.0
4998	T	8210	0	0	0	0.0	0.0	0.0
4999	A	8210	0	0	0	0.0	0.0	0.0
5000	C	8210	1	0	0	0.0001218026796589525	0.0	0.0
5001	G	8210	1	0	0	0.0001218026796589525	0.0	0.0
5002	A	8210	1	0	0	0.0001218026796589525	0.0	0.0
5003	T	8210	0	0	0	0.0	0.0	0.0
5004	C	8210	0	0	0	0.0	0.0	0.0
5005	A	8210	0	0	0	0.0	0.0	0.0
5006	T	8210	0	0	0	0.0	0.0	0.0
5007	T	8210	0	0	0	0.0	0.0	0.0
5008	T	8210	0	0	0	0.0	0.0	0.0
5009	T	8210	0	0	0	0.0	0.0	0.0
5010	G	8210	0	0	0	0.0	0.0	0.0
5011	A	8210	0	0	0	0.0	0.0	0.0
5012	A	8210	0	0	0	0.0	0.0	0.0
5013	T	8210	0	0	0	0.0	0.0	0.0
5014	T	8210	5351	0	0	0.6517661388550549	0.0	0.0
5015	G	8210	0	0	0	0.0	0.0	0.0
5016	T	8210	0	0	0	0.0	0.0	0.0
5017	T	8210	0	0	0	0.0	0.0	0.0
5018	T	8210	0	0	0	0.0	0.0	0.0
5019	G	8210	41	0	0	0.004993909866017053	0.0	0.0
5020	T	8210	0	0	0	0.0	0.0	0.0
5021	T	8210	0	0	0	0.0	0.0	0.0
5022	G	8210	3	0	0	0.0003654080389768575	0.0	0.0
5023	C	8210	0	0	0	0.0	0.0	0.0
5024	C	8210	0	0	0	0.0	0.0	0.0
5025	A	8210	0	0	5	0.0	0.0	0.0006090133982947625
5026	C	8210	0	0	0	0.0	0.0	0.0
5027	C	8210	0	0	0	0.0	0.0	0.0
5028	G	8210	0	0	0	0.0	0.0	0.0
5029	C	8210	0	0	0	0.0	0.0	0.0
5030	T	8210	0	0	0	0.0	0.0	0.0
5031	C	8210	0	0	0	0.0	0.0	0.0
5032	T	8210	0	0	0	0.0	0.0	0.0
5033	T	8210	0	0	0	0.0	0.0	0.0
5034	C	8210	0	0	0	0.0	0.0	0.0
5035	T	8210	0	0	0	0.0	0.0	0.0
5036	A	8210	0	0	0	0.0	0.0	0.0
5037	A	8210	0	0	0	0.0	0.0	0.0
5038	T	8210	0	0	0	0.0	0.0	0.0
5039	T	8210	0	0	0	0.0	0.0	0.0
5040	G	8210	0	0	0	0.0	0.0	0.0
5041	A	8210	0	0	0	0.0	0.0	0.0
5042	A	8210	0	0	0	0.0	0.0	0.0
5043	T	8210	0	0	0	0.0	0.0	0.0
5044	T	8210	0	0	0	0.0	0.0	0.0
5045	A	8210	0	0	0	0.0	0.0	0.0
5046	A	8210	0	0	0	0.0	0.0	0.0
5047	A	8210	0	0	0	0.0	0.0	0.0
5048	A	8210	0	0	0	0.0	0.0	0.0
5049	A	8210	0	0	0	0.0	0.0	0.0
5050	G	8210	0	0	0	0.0	0.0	0.0
5051	A	8210	0	0	0	0.0	0.0	0.0
5052	C	8210	0	0	0	0.0	0.0	0.0
5053	T	8210	991	0	0	0.12070645554202192	0.0	0.0
5054	T	8210	1	0	0	0.0001218026796589525	0.0	0.0
5055	C	8210	1	0	0	0.0001218026796589525	0.0	0.0
5056	T	8210	0	0	0	0.0	0.0	0.0
5057	A	8210	0	0	0	0.0	0.0	0.0
5058	C	8210	0	0	0	0.0	0.0	0.0
5059	T	8210	0	0	0	0.0	0.0	0.0
5060	T	8210	0	0	0	0.0	0.0	0.0
5061	G	8210	1	0	0	0.0001218026796589525	0.0	0.0
5062	T	8210	0	0	0	0.0	0.0	0.0
5063	C	8210	24	0	0	0.00292326431181486	0.0	0.0
5064	G	8210	0	0	0	0.0	0.0	0.0
5065	A	8210	0	0	0	0.0	0.0	0.0
5066	A	8210	0	0	0	0.0	0.0	0.0
5067	T	8210	0	0	0	0.0	0.0	0.0
5068	A	8210	0	0	0	0.0	0.0	0.0
5069	A	8210	0	0	0	0.0	0.0	0.0
5070	T	8210	0	0	0	0.0	0.0	0.0
5071	T	8210	0	0	0	0.0	0.0	0.0
5072	T	8210	5	0	0	0.0006090133982947625	0.0	0.0
5073	T	8210	0	0	0	0.0	0.0	0.0
5074	T	8210	0	0	0	0.0	0.0	0.0
5075	T	8210	0	0	0	0.0	0.0	0.0
5076	C	8210	0	0	0	0.0	0.0	0.0
5077	T	8210	1	0	0	0.0001218026796589525	0.0	0.0
5078	G	8210	1	0	0	0.0001218026796589525	0.0	0.0
5079	T	8210	0	0	0	0.0	0.0	0.0
5080	A	8210	0	0	0	0.0	0.0	0.0
5081	T	8210	0	0	0	0.0	0.0	0.0
5082	C	8210	0	0	0	0.0	0.0	0.0
5083	T	8210	1	0	0	0.0001218026796589525	0.0	0.0
5084	A	8210	1	0	0	0.0001218026796589525	0.0	0.0
5085	A	8210	0	0	0	0.0	0.0	0.0
5086	A	8210	0	0	0	0.0	0.0	0.0
5087	A	8210	0	0	0	0.0	0.0	0.0
5088	T	8210	2	0	0	0.000243605359317905	0.0	0.0
5089	C	8210	0	0	0	0.0	0.0	0.0
5090	G	8210	0	0	0	0.0	0.0	0.0
5091	T	8210	0	0	0	0.0	0.0	0.0
5092	C	8210	0	0	0	0.0	0.0	0.0
5093	A	8210	1	0	0	0.0001218026796589525	0.0	0.0
5094	C	8210	3	0	0	0.0003654080389768575	0.0	0.0
5095	T	8210	0	0	0	0.0	0.0	0.0
5096	G	8210	0	0	0	0.0	0.0	0.0
5097	A	8210	2	0	0	0.000243605359317905	0.0	0.0
5098	T	8210	0	0	0	0.0	0.0	0.0
5099	T	8210	1	0	0	0.0001218026796589525	0.0	0.0
5100	G	8210	0	0	0	0.0	0.0	0.0
5101	A	8210	0	0	0	0.0	0.0	0.0
5102	A	8210	0	0	0	0.0	0.0	0.0
5103	T	8210	0	0	0	0.0	0.0	0.0
5104	G	8210	3	0	0	0.0003654080389768575	0.0	0.0
5105	A	8210	0	0	0	0.0	0.0	0.0
5106	C	8210	0	0	0	0.0	0.0	0.0
5107	C	8210	0	0	0	0.0	0.0	0.0
5108	C	8210	139	0	0	0.016930572472594396	0.0	0.0
5109	G	8210	9	0	0	0.0010962241169305725	0.0	0.0
5110	A	8210	143	0	0	0.017417783191230208	0.0	0.0
5111	T	8210	0	0	0	0.0	0.0	0.0
5112	C	8210	0	0	0	0.0	0.0	0.0
5113	T	8210	0	0	0	0.0	0.0	0.0
5114	A	8210	0	0	0	0.0	0.0	0.0
5115	A	8210	0	0	0	0.0	0.0	0.0
5116	T	8210	0	0	0	0.0	0.0	0.0
5117	G	8210	0	0	0	0.0	0.0	0.0
5118	A	8210	0	0	0	0.0	0.0	0.0
5119	A	8210	0	0	0	0.0	0.0	0.0
5120	A	8210	0	0	0	0.0	0.0	0.0
5121	A	8210	0	0	0	0.0	0.0	0.0
5122	G	8210	0	0	0	0.0	0.0	0.0
5123	T	8210	1	0	0	0.0001218026796589525	0.0	0.0
5124	T	8210	0	0	0	0.0	0.0	0.0
5125	A	8210	506	0	0	0.061632155907429965	0.0	0.0
5126	C	8210	0	0	0	0.0	0.0	0.0
5127	G	8210	6	0	0	0.000730816077953715	0.0	0.0
5128	A	8210	0	0	0	0.0	0.0	0.0
5129	A	8210	1	0	0	0.0001218026796589525	0.0	0.0
5130	T	8210	0	0	0	0.0	0.0	0.0
5131	C	8210	0	0	0	0.0	0.0	0.0
5132	A	8210	0	0	0	0.0	0.0	0.0
5133	A	8210	0	0	0	0.0	0.0	0.0
5134	C	8210	0	0	0	0.0	0.0	0.0
5135	T	8210	0	0	0	0.0	0.0	0.0
5136	C	8210	0	0	0	0.0	0.0	0.0
5137	A	8210	0	0	0	0.0	0.0	0.0
5138	T	8210	0	0	0	0.0	0.0	0.0
5139	G	8210	1	0	0	0.0001218026796589525	0.0	0.0
5140	A	8210	0	0	0	0.0	0.0	0.0
5141	T	8210	0	0	0	0.0	0.0	0.0
5142	T	8210	0	0	0	0.0	0.0	0.0
5143	T	8210	0	0	0	0.0	0.0	0.0
5144	A	8210	0	0	0	0.0	0.0	0.0
5145	C	8210	0	0	0	0.0	0.0	0.0
5146	A	8210	0	0	0	0.0	0.0	0.0
5147	T	8210	0	0	0	0.0	0.0	0.0
5148	A	8210	0	0	0	0.0	0.0	0.0
5149	G	8210	338	0	0	0.04116930572472594	0.0	0.0
5150	G	8210	0	0	0	0.0	0.0	0.0
5151	A	8210	0	0	0	0.0	0.0	0.0
5152	C	8210	3	0	0	0.0003654080389768575	0.0	0.0
5153	A	8210	0	0	0	0.0	0.0	0.0
5154	G	8210	0	0	0	0.0	0.0	0.0
5155	C	8210	0	0	0	0.0	0.0	0.0
5156	A	8210	0	0	0	0.0	0.0	0.0
5157	T	8210	0	0	0	0.0	0.0	0.0
5158	A	8210	0	0	0	0.0	0.0	0.0
5159	T	8210	0	0	0	0.0	0.0	0.0
5160	C	8210	3	0	0	0.0003654080389768575	0.0	0.0
5161	T	8210	0	0	0	0.0	0.0	0.0
5162	T	8210	0	0	0	0.0	0.0	0.0
5163	T	8210	0	0	0	0.0	0.0	0.0
5164	A	8210	0	0	0	0.0	0.0	0.0
5165	G	8210	0	0	0	0.0	0.0	0.0
5166	T	8210	0	0	0	0.0	0.0	0.0
5167	T	8210	0	0	0	0.0	0.0	0.0
5168	A	8210	0	0	0	0.0	0.0	0.0
5169	A	8210	0	0	0	0.0	0.0	0.0
5170	T	8210	0	0	0	0.0	0.0	0.0
5171	T	8210	0	0	0	0.0	0.0	0.0
5172	C	8210	0	0	0	0.0	0.0	0.0
5173	T	8210	2	0	0	0.000243605359317905	0.0	0.0
5174	C	8210	0	0	0	0.0	0.0	0.0
5175	T	8210	0	0	0	0.0	0.0	0.0
5176	C	8210	1	0	0	0.0001218026796589525	0.0	0.0
5177	T	8210	0	0	0	0.0	0.0	0.0
5178	T	8210	0	0	0	0.0	0.0	0.0
5179	T	8210	0	0	0	0.0	0.0	0.0
5180	G	8210	2	0	0	0.000243605359317905	0.0	0.0
5181	T	8210	0	0	0	0.0	0.0	0.0
5182	C	8210	0	0	0	0.0	0.0	0.0
5183	C	8210	1	0	0	0.0001218026796589525	0.0	0.0
5184	A	8210	0	0	0	0.0	0.0	0.0
5185	T	8210	0	0	0	0.0	0.0	0.0
5186	T	8210	0	0	0	0.0	0.0	0.0
5187	C	8210	105	0	0	0.012789281364190013	0.0	0.0
5188	T	8210	0	0	0	0.0	0.0	0.0
5189	A	8210	0	0	0	0.0	0.0	0.0
5190	A	8210	0	0	0	0.0	0.0	0.0
5191	A	8210	0	0	0	0.0	0.0	0.0
5192	A	8210	0	0	0	0.0	0.0	0.0
5193	G	8210	1	0	0	0.0001218026796589525	0.0	0.0
5194	G	8210	0	0	0	0.0	0.0	0.0
5195	G	8210	1	0	0	0.0001218026796589525	0.0	0.0
5196	T	8210	0	0	0	0.0	0.0	0.0
5197	C	8210	1	0	0	0.0001218026796589525	0.0	0.0
5198	G	8210	0	0	0	0.0	0.0	0.0
5199	T	8210	1	0	0	0.0001218026796589525	0.0	0.0
5200	A	8210	0	0	0	0.0	0.0	0.0
5201	A	8210	0	0	0	0.0	0.0	0.0
5202	T	8210	0	0	0	0.0	0.0	0.0
5203	T	8210	0	0	0	0.0	0.0	0.0
5204	C	8210	0	0	0	0.0	0.0	0.0
5205	C	8210	0	0	1	0.0	0.0	0.0001218026796589525
5206	T	8210	0	0	0	0.0	0.0	0.0
5207	T	8210	1	0	0	0.0001218026796589525	0.0	0.0
5208	T	8210	0	0	0	0.0	0.0	0.0
5209	T	8210	1	0	0	0.0001218026796589525	0.0	0.0
5210	C	8210	0	0	0	0.0	0.0	0.0
5211	C	8210	0	0	0	0.0	0.0	0.0
5212	T	8210	6	0	0	0.000730816077953715	0.0	0.0
5213	G	8210	1	0	0	0.0001218026796589525	0.0	0.0
5214	C	8210	1	0	0	0.0001218026796589525	0.0	0.0
5215	A	8210	0	0	0	0.0	0.0	0.0
5216	A	8210	0	0	0	0.0	0.0	0.0
5217	T	8210	0	0	0	0.0	0.0	0.0
5218	C	8210	0	0	0	0.0	0.0	0.0
5219	A	8210	0	0	0	0.0	0.0	0.0
5220	A	8210	0	0	0	0.0	0.0	0.0
5221	C	8210	0	0	0	0.0	0.0	0.0
5222	T	8210	0	0	0	0.0	0.0	0.0
5223	C	8210	0	0	0	0.0	0.0	0.0
5224	T	8210	0	0	0	0.0	0.0	0.0
5225	T	8210	0	0	0	0.0	0.0	0.0
5226	C	8210	0	0	0	0.0	0.0	0.0
5227	T	8210	0	0	0	0.0	0.0	0.0
5228	A	8210	0	0	0	0.0	0.0	0.0
5229	A	8210	0	0	0	0.0	0.0	0.0
5230	A	8210	0	0	0	0.0	0.0	0.0
5231	G	8210	0	0	0	0.0	0.0	0.0
5232	A	8210	0	0	0	0.0	0.0	0.0
5233	G	8210	1	0	0	0.0001218026796589525	0.0	0.0
5234	A	8210	0	0	0	0.0	0.0	0.0
5235	T	8210	0	0	0	0.0	0.0	0.0
5236	A	8210	740	0	0	0.09013398294762484	0.0	0.0
5237	T	8210	0	0	0	0.0	0.0	0.0
5238	A	8210	0	0	0	0.0	0.0	0.0
5239	C	8210	137	0	0	0.016686967113276493	0.0	0.0
5240	G	8210	0	0	0	0.0	0.0	0.0
5241	G	8210	0	0	0	0.0	0.0	0.0
5242	G	8210	1	0	0	0.0001218026796589525	0.0	0.0
5243	A	8210	0	0	0	0.0	0.0	0.0
5244	G	8210	0	0	0	0.0	0.0	0.0
5245	G	8210	1	0	0	0.0001218026796589525	0.0	0.0
5246	T	8210	0	0	0	0.0	0.0	0.0
5247	C	8210	1	0	0	0.0001218026796589525	0.0	0.0
5248	A	8210	0	0	0	0.0	0.0	0.0
5249	T	8210	0	0	0	0.0	0.0	0.0
5250	T	8210	0	0	0	0.0	0.0	0.0
5251	T	8210	0	0	0	0.0	0.0	0.0
5252	G	8210	0	0	0	0.0	0.0	0.0
5253	A	8210	0	0	0	0.0	0.0	0.0
5254	A	8210	0	0	0	0.0	0.0	0.0
5255	G	8210	1	0	0	0.0001218026796589525	0.0	0.0
5256	A	8210	0	0	0	0.0	0.0	0.0
5257	C	8210	133	0	0	0.01619975639464068	0.0	0.0
5258	G	8210	1	0	0	0.0001218026796589525	0.0	0.0
5259	G	8210	7	0	0	0.0008526187576126675	0.0	0.0
5260	G	8210	1	0	0	0.0001218026796589525	0.0	0.0
5261	T	8210	1	0	0	0.0001218026796589525	0.0	0.0
5262	T	8210	0	0	0	0.0	0.0	0.0
5263	G	8210	0	0	0	0.0	0.0	0.0
5264	T	8210	0	0	0	0.0	0.0	0.0
5265	T	8210	0	0	0	0.0	0.0	0.0
5266	T	8210	0	0	0	0.0	0.0	0.0
5267	G	8210	0	0	0	0.0	0.0	0.0
5268	T	8210	0	0	0	0.0	0.0	0.0
5269	A	8210	0	0	0	0.0	0.0	0.0
5270	C	8210	0	0	0	0.0	0.0	0.0
5271	C	8210	1	0	0	0.0001218026796589525	0.0	0.0
5272	G	8210	60	0	0	0.007308160779537149	0.0	0.0
5273	A	8210	0	0	0	0.0	0.0	0.0
5274	T	8210	0	0	0	0.0	0.0	0.0
5275	G	8210	2	0	0	0.000243605359317905	0.0	0.0
5276	A	8210	0	0	0	0.0	0.0	0.0
5277	T	8210	0	0	0	0.0	0.0	0.0
5278	G	8210	3	0	0	0.0003654080389768575	0.0	0.0
5279	C	8210	1	0	0	0.0001218026796589525	0.0	0.0
5280	C	8210	0	0	0	0.0	0.0	0.0
5281	G	8210	3	0	0	0.0003654080389768575	0.0	0.0
5282	A	8210	0	0	0	0.0	0.0	0.0
5283	C	8210	0	0	0	0.0	0.0	0.0
5284	A	8210	0	0	0	0.0	0.0	0.0
5285	A	8210	0	0	0	0.0	0.0	0.0
5286	T	8210	0	0	0	0.0	0.0	0.0
5287	C	8210	0	0	0	0.0	0.0	0.0
5288	T	8210	0	0	0	0.0	0.0	0.0
5289	C	8210	1	0	0	0.0001218026796589525	0.0	0.0
5290	A	8210	0	0	0	0.0	0.0	0.0
5291	T	8210	731	0	0	0.08903775883069427	0.0	0.0
5292	A	8210	0	0	0	0.0	0.0	0.0
5293	T	8210	0	0	0	0.0	0.0	0.0
5294	T	8210	0	0	0	0.0	0.0	0.0
5295	C	8210	0	0	0	0.0	0.0	0.0
5296	T	8210	0	0	0	0.0	0.0	0.0
5297	G	8210	1	0	0	0.0001218026796589525	0.0	0.0
5298	G	8210	165	0	0	0.020097442143727162	0.0	0.0
5299	A	8210	4660	0	0	0.5676004872107187	0.0	0.0
5300	A	8210	0	0	0	0.0	0.0	0.0
5301	A	8210	0	0	0	0.0	0.0	0.0
5302	A	8210	0	0	0	0.0	0.0	0.0
5303	C	8210	0	0	0	0.0	0.0	0.0
5304	T	8210	0	0	0	0.0	0.0	0.0
5305	T	8210	0	0	0	0.0	0.0	0.0
5306	T	8210	0	0	0	0.0	0.0	0.0
5307	C	8210	1	0	0	0.0001218026796589525	0.0	0.0
5308	T	8210	0	0	0	0.0	0.0	0.0
5309	T	8210	0	0	0	0.0	0.0	0.0
5310	T	8210	0	0	0	0.0	0.0	0.0
5311	G	8210	266	0	0	0.03239951278928136	0.0	0.0
5312	A	8210	0	0	0	0.0	0.0	0.0
5313	T	8210	0	0	0	0.0	0.0	0.0
5314	C	8210	0	0	0	0.0	0.0	0.0
5315	G	8210	0	0	0	0.0	0.0	0.0
5316	A	8210	0	0	0	0.0	0.0	0.0
5317	C	8210	1741	0	0	0.2120584652862363	0.0	0.0
5318	T	8210	0	0	0	0.0	0.0	0.0
5319	C	8210	0	0	0	0.0	0.0	0.0
5320	T	8210	0	0	0	0.0	0.0	0.0
5321	G	8210	0	0	0	0.0	0.0	0.0
5322	C	8210	0	0	0	0.0	0.0	0.0
5323	A	8210	0	0	0	0.0	0.0	0.0
5324	T	8210	0	0	0	0.0	0.0	0.0
5325	T	8210	0	0	0	0.0	0.0	0.0
5326	A	8210	0	0	0	0.0	0.0	0.0
5327	C	8210	0	0	0	0.0	0.0	0.0
5328	G	8210	0	0	0	0.0	0.0	0.0
5329	T	8210	0	0	0	0.0	0.0	0.0
5330	A	8210	0	0	0	0.0	0.0	0.0
5331	A	8210	0	0	0	0.0	0.0	0.0
5332	T	8210	0	0	0	0.0	0.0	0.0
5333	T	8210	0	0	0	0.0	0.0	0.0
5334	G	8210	0	0	0	0.0	0.0	0.0
5335	A	8210	0	0	0	0.0	0.0	0.0
5336	T	8210	0	0	0	0.0	0.0	0.0
5337	T	8210	0	0	0	0.0	0.0	0.0
5338	A	8210	0	0	0	0.0	0.0	0.0
5339	T	8210	0	0	0	0.0	0.0	0.0
5340	A	8210	0	0	0	0.0	0.0	0.0
5341	T	8210	518	0	0	0.06309378806333739	0.0	0.0
5342	T	8210	1	0	0	0.0001218026796589525	0.0	0.0
5343	C	8210	0	0	0	0.0	0.0	0.0
5344	G	8210	7918	0	0	0.9644336175395859	0.0	0.0
5345	C	8210	0	0	0	0.0	0.0	0.0
5346	A	8210	0	0	0	0.0	0.0	0.0
5347	A	8210	1	0	0	0.0001218026796589525	0.0	0.0
5348	G	8210	0	0	0	0.0	0.0	0.0
5349	G	8210	0	0	0	0.0	0.0	0.0
5350	A	8210	0	0	0	0.0	0.0	0.0
5351	A	8210	0	0	0	0.0	0.0	0.0
5352	T	8210	0	0	0	0.0	0.0	0.0
5353	A	8210	0	0	0	0.0	0.0	0.0
5354	A	8210	0	0	0	0.0	0.0	0.0
5355	T	8210	0	0	0	0.0	0.0	0.0
5356	C	8210	1	0	0	0.0001218026796589525	0.0	0.0
5357	T	8210	0	0	0	0.0	0.0	0.0
5358	T	8210	0	0	0	0.0	0.0	0.0
5359	T	8210	0	0	0	0.0	0.0	0.0
5360	A	8210	0	0	0	0.0	0.0	0.0
5361	A	8210	0	0	0	0.0	0.0	0.0
5362	T	8210	0	0	0	0.0	0.0	0.0
5363	T	8210	0	0	0	0.0	0.0	0.0
5364	G	8210	1	0	0	0.0001218026796589525	0.0	0.0
5365	T	8210	0	0	0	0.0	0.0	0.0
5366	G	8210	0	0	0	0.0	0.0	0.0
5367	C	8210	1	0	0	0.0001218026796589525	0.0	0.0
5368	T	8210	0	0	0	0.0	0.0	0.0
5369	T	8210	0	0	0	0.0	0.0	0.0
5370	C	8210	0	0	0	0.0	0.0	0.0
5371	C	8210	1944	0	0	0.23678440925700364	0.0	0.0
5372	G	8210	0	0	0	0.0	0.0	0.0
5373	C	8210	0	0	0	0.0	0.0	0.0
5374	A	8210	0	0	0	0.0	0.0	0.0
5375	G	8210	0	0	0	0.0	0.0	0.0
5376	G	8210	0	0	0	0.0	0.0	0.0
5377	T	8210	48	0	0	0.00584652862362972	0.0	0.0
5378	A	8210	0	0	0	0.0	0.0	0.0
5379	A	8210	1	0	0	0.0001218026796589525	0.0	0.0
5380	A	8210	0	0	0	0.0	0.0	0.0
5381	C	8210	0	0	0	0.0	0.0	0.0
5382	T	8210	0	0	0	0.0	0.0	0.0
5383	T	8210	0	0	0	0.0	0.0	0.0
5384	T	8210	0	0	0	0.0	0.0	0.0
5385	T	8210	0	0	0	0.0	0.0	0.0
5386	T	8210	0	0	0	0.0	0.0	0.0
5387	T	8210	390	0	0	0.047503045066991476	0.0	0.0
5388	C	8210	0	0	0	0.0	0.0	0.0
5389	A	8210	0	0	0	0.0	0.0	0.0
5390	A	8210	0	0	0	0.0	0.0	0.0
5391	G	8210	0	0	0	0.0	0.0	0.0
5392	T	8210	0	0	0	0.0	0.0	0.0
5393	A	8210	0	0	0	0.0	0.0	0.0
5394	A	8210	1	0	0	0.0001218026796589525	0.0	0.0
5395	A	8210	0	0	0	0.0	0.0	0.0
5396	T	8210	0	0	0	0.0	0.0	0.0
5397	C	8210	15	0	0	0.0018270401948842874	0.0	0.0
5398	T	8210	0	0	0	0.0	0.0	0.0
5399	C	8210	1	0	0	0.0001218026796589525	0.0	0.0
5400	T	8210	0	0	0	0.0	0.0	0.0
5401	A	8210	0	0	0	0.0	0.0	0.0
5402	A	8210	0	0	0	0.0	0.0	0.0
5403	T	8210	0	0	0	0.0	0.0	0.0
5404	T	8210	0	0	0	0.0	0.0	0.0
5405	T	8210	0	0	0	0.0	0.0	0.0
5406	T	8210	0	0	0	0.0	0.0	0.0
5407	A	8210	0	0	0	0.0	0.0	0.0
5408	A	8210	0	0	0	0.0	0.0	0.0
5409	C	8210	0	0	0	0.0	0.0	0.0
5410	G	8210	1	0	0	0.0001218026796589525	0.0	0.0
5411	G	8210	1	0	0	0.0001218026796589525	0.0	0.0
5412	C	8210	0	0	0	0.0	0.0	0.0
5413	T	8210	0	0	0	0.0	0.0	0.0
5414	G	8210	0	0	0	0.0	0.0	0.0
5415	T	8210	0	0	0	0.0	0.0	0.0
5416	G	8210	3321	0	0	0.40450669914738124	0.0	0.0
5417	C	8210	2	0	0	0.000243605359317905	0.0	0.0
5418	C	8210	0	0	0	0.0	0.0	0.0
5419	A	8210	0	0	0	0.0	0.0	0.0
5420	A	8210	0	0	0	0.0	0.0	0.0
5421	T	8210	0	0	0	0.0	0.0	0.0
5422	T	8210	0	0	0	0.0	0.0	0.0
5423	C	8210	5	0	0	0.0006090133982947625	0.0	0.0
5424	C	8210	0	0	0	0.0	0.0	0.0
5425	G	8210	0	0	0	0.0	0.0	0.0
5426	G	8210	0	0	0	0.0	0.0	0.0
5427	T	8210	0	0	0	0.0	0.0	0.0
5428	A	8210	0	0	0	0.0	0.0	0.0
5429	C	8210	0	0	0	0.0	0.0	0.0
5430	T	8210	0	0	0	0.0	0.0	0.0
5431	A	8210	0	0	0	0.0	0.0	0.0
5432	C	8210	0	0	0	0.0	0.0	0.0
5433	A	8210	0	0	0	0.0	0.0	0.0
5434	C	8210	3	0	0	0.0003654080389768575	0.0	0.0
5435	G	8210	0	0	0	0.0	0.0	0.0
5436	T	8210	0	0	0	0.0	0.0	0.0
5437	T	8210	0	0	0	0.0	0.0	0.0
5438	G	8210	0	0	0	0.0	0.0	0.0
5439	T	8210	0	0	0	0.0	0.0	0.0
5440	T	8210	0	0	0	0.0	0.0	0.0
5441	A	8210	0	0	0	0.0	0.0	0.0
5442	A	8210	0	0	0	0.0	0.0	0.0
5443	A	8210	0	0	0	0.0	0.0	0.0
5444	A	8210	0	0	0	0.0	0.0	0.0
5445	T	8210	0	0	0	0.0	0.0	0.0
5446	G	8210	27	0	0	0.0032886723507917176	0.0	0.0
5447	A	8210	1	0	0	0.0001218026796589525	0.0	0.0
5448	C	8210	0	0	0	0.0	0.0	0.0
5449	A	8210	2	0	0	0.000243605359317905	0.0	0.0
5450	C	8210	0	0	0	0.0	0.0	0.0
5451	G	8210	0	0	0	0.0	0.0	0.0
5452	T	8210	0	0	0	0.0	0.0	0.0
5453	T	8210	0	0	0	0.0	0.0	0.0
5454	C	8210	0	0	0	0.0	0.0	0.0
5455	C	8210	2	0	0	0.000243605359317905	0.0	0.0
5456	G	8210	2	0	0	0.000243605359317905	0.0	0.0
5457	T	8210	0	0	0	0.0	0.0	0.0
5458	T	8210	0	0	0	0.0	0.0	0.0
5459	T	8210	0	0	0	0.0	0.0	0.0
5460	T	8210	0	0	0	0.0	0.0	0.0
5461	A	8210	10	0	0	0.001218026796589525	0.0	0.0
5462	T	8210	0	0	0	0.0	0.0	0.0
5463	T	8210	0	0	0	0.0	0.0	0.0
5464	T	8210	0	0	0	0.0	0.0	0.0
5465	T	8210	0	0	0	0.0	0.0	0.0
5466	C	8210	0	0	0	0.0	0.0	0.0
5467	A	8210	0	0	0	0.0	0.0	0.0
5468	G	8210	1	0	0	0.0001218026796589525	0.0	0.0
5469	G	8210	0	0	0	0.0	0.0	0.0
5470	T	8210	1	0	0	0.0001218026796589525	0.0	0.0
5471	A	8210	0	0	0	0.0	0.0	0.0
5472	A	8210	0	0	0	0.0	0.0	0.0
5473	T	8210	0	0	0	0.0	0.0	0.0
5474	A	8210	0	0	0	0.0	0.0	0.0
5475	T	8210	0	0	0	0.0	0.0	0.0
5476	G	8210	28	0	0	0.00341047503045067	0.0	0.0
5477	A	8210	0	0	0	0.0	0.0	0.0
5478	T	8210	0	0	0	0.0	0.0	0.0
5479	T	8210	0	0	0	0.0	0.0	0.0
5480	T	8210	0	0	0	0.0	0.0	0.0
5481	C	8210	23	0	0	0.0028014616321559074	0.0	0.0
5482	C	8210	0	0	0	0.0	0.0	0.0
5483	C	8210	0	0	0	0.0	0.0	0.0
5484	A	8210	0	0	0	0.0	0.0	0.0
5485	T	8210	1	0	0	0.0001218026796589525	0.0	0.0
5486	T	8210	0	0	0	0.0	0.0	0.0
5487	C	8210	0	0	0	0.0	0.0	0.0
5488	A	8210	0	0	0	0.0	0.0	0.0
5489	T	8210	1	0	0	0.0001218026796589525	0.0	0.0
5490	T	8210	0	0	0	0.0	0.0	0.0
5491	T	8210	1	0	0	0.0001218026796589525	0.0	0.0
5492	G	8210	0	0	0	0.0	0.0	0.0
5493	G	8210	0	0	0	0.0	0.0	0.0
5494	A	8210	0	0	0	0.0	0.0	0.0
5495	T	8210	0	0	0	0.0	0.0	0.0
5496	G	8210	0	0	0	0.0	0.0	0.0
5497	A	8210	0	0	0	0.0	0.0	0.0
5498	A	8210	0	0	0	0.0	0.0	0.0
5499	C	8210	0	0	0	0.0	0.0	0.0
5500	T	8210	7583	0	0	0.9236297198538368	0.0	0.0
5501	G	8210	236	0	0	0.02874543239951279	0.0	0.0
5502	T	8210	0	0	0	0.0	0.0	0.0
5503	T	8210	0	0	0	0.0	0.0	0.0
5504	A	8210	0	0	0	0.0	0.0	0.0
5505	A	8210	0	0	0	0.0	0.0	0.0
5506	C	8210	1	0	0	0.0001218026796589525	0.0	0.0
5507	G	8210	5	0	0	0.0006090133982947625	0.0	0.0
5508	C	8210	0	0	0	0.0	0.0	0.0
5509	T	8210	0	0	0	0.0	0.0	0.0
5510	T	8210	0	0	0	0.0	0.0	0.0
5511	T	8210	0	0	0	0.0	0.0	0.0
5512	T	8210	0	0	0	0.0	0.0	0.0
5513	T	8210	0	0	0	0.0	0.0	0.0
5514	G	8210	1	0	0	0.0001218026796589525	0.0	0.0
5515	G	8210	0	0	0	0.0	0.0	0.0
5516	G	8210	0	0	0	0.0	0.0	0.0
5517	G	8210	0	0	0	0.0	0.0	0.0
5518	C	8210	1	0	0	0.0001218026796589525	0.0	0.0
5519	A	8210	0	0	0	0.0	0.0	0.0
5520	A	8210	0	0	0	0.0	0.0	0.0
5521	T	8210	0	0	0	0.0	0.0	0.0
5522	T	8210	0	0	0	0.0	0.0	0.0
5523	C	8210	0	0	0	0.0	0.0	0.0
5524	T	8210	0	0	0	0.0	0.0	0.0
5525	T	8210	0	0	0	0.0	0.0	0.0
5526	C	8210	0	0	0	0.0	0.0	0.0
5527	A	8210	1	0	0	0.0001218026796589525	0.0	0.0
5528	A	8210	0	0	0	0.0	0.0	0.0
5529	A	8210	0	0	0	0.0	0.0	0.0
5530	A	8210	0	0	0	0.0	0.0	0.0
5531	G	8210	2	0	0	0.000243605359317905	0.0	0.0
5532	A	8210	0	0	0	0.0	0.0	0.0
5533	A	8210	0	0	0	0.0	0.0	0.0
5534	A	8210	0	0	0	0.0	0.0	0.0
5535	C	8210	0	0	0	0.0	0.0	0.0
5536	T	8210	0	0	0	0.0	0.0	0.0
5537	T	8210	0	0	0	0.0	0.0	0.0
5538	C	8210	0	0	0	0.0	0.0	0.0
5539	G	8210	0	0	0	0.0	0.0	0.0
5540	T	8210	0	0	0	0.0	0.0	0.0
5541	C	8210	2	0	0	0.000243605359317905	0.0	0.0
5542	T	8210	0	0	0	0.0	0.0	0.0
5543	T	8210	0	0	0	0.0	0.0	0.0
5544	T	8210	0	0	0	0.0	0.0	0.0
5545	A	8210	0	0	0	0.0	0.0	0.0
5546	A	8210	0	0	0	0.0	0.0	0.0
5547	T	8210	0	0	0	0.0	0.0	0.0
5548	G	8210	0	0	0	0.0	0.0	0.0
5549	G	8210	0	0	0	0.0	0.0	0.0
5550	C	8210	0	0	0	0.0	0.0	0.0
5551	T	8210	0	0	0	0.0	0.0	0.0
5552	T	8210	0	0	0	0.0	0.0	0.0
5553	C	8210	1	0	0	0.0001218026796589525	0.0	0.0
5554	T	8210	5	0	0	0.0006090133982947625	0.0	0.0
5555	C	8210	0	0	0	0.0	0.0	0.0
5556	C	8210	0	0	0	0.0	0.0	0.0
5557	T	8210	0	0	0	0.0	0.0	0.0
5558	A	8210	0	0	0	0.0	0.0	0.0
5559	T	8210	0	0	0	0.0	0.0	0.0
5560	A	8210	0	0	0	0.0	0.0	0.0
5561	G	8210	0	0	0	0.0	0.0	0.0
5562	A	8210	0	0	0	0.0	0.0	0.0
5563	C	8210	557	0	0	0.06784409257003654	0.0	0.0
5564	A	8210	0	0	0	0.0	0.0	0.0
5565	G	8210	1	0	0	0.0001218026796589525	0.0	0.0
5566	A	8210	0	0	0	0.0	0.0	0.0
5567	G	8210	0	0	0	0.0	0.0	0.0
5568	C	8210	0	0	0	0.0	0.0	0.0
5569	T	8210	7641	1	0	0.930694275274056	0.0001218026796589525	0.0
5570	A	8210	0	0	0	0.0	0.0	0.0
5571	A	8210	0	0	0	0.0	0.0	0.0
5572	G	8210	33	0	0	0.004019488428745432	0.0	0.0
5573	C	8210	0	0	0	0.0	0.0	0.0
5574	T	8210	0	0	0	0.0	0.0	0.0
5575	T	8210	0	0	0	0.0	0.0	0.0
5576	G	8210	0	0	0	0.0	0.0	0.0
5577	T	8210	0	0	0	0.0	0.0	0.0
5578	T	8210	0	0	0	0.0	0.0	0.0
5579	G	8210	0	0	0	0.0	0.0	0.0
5580	T	8210	0	0	0	0.0	0.0	0.0
5581	C	8210	125	0	0	0.015225334957369063	0.0	0.0
5582	A	8210	0	0	0	0.0	0.0	0.0
5583	C	8210	0	0	0	0.0	0.0	0.0
5584	A	8210	0	0	0	0.0	0.0	0.0
5585	T	8210	0	0	0	0.0	0.0	0.0
5586	T	8210	0	0	0	0.0	0.0	0.0
5587	A	8210	0	0	0	0.0	0.0	0.0
5588	T	8210	0	0	0	0.0	0.0	0.0
5589	T	8210	0	0	0	0.0	0.0	0.0
5590	C	8210	0	0	0	0.0	0.0	0.0
5591	A	8210	0	0	0	0.0	0.0	0.0
5592	T	8210	0	0	0	0.0	0.0	0.0
5593	T	8210	0	0	0	0.0	0.0	0.0
5594	A	8210	0	0	0	0.0	0.0	0.0
5595	A	8210	0	0	0	0.0	0.0	0.0
5596	T	8210	0	1	0	0.0	0.0001218026796589525	0.0
5597	A	8210	4	0	0	0.00048721071863581	0.0	0.0
5598	A	8210	0	0	0	0.0	0.0	0.0
5599	A	8210	0	0	0	0.0	0.0	0.0
5600	A	8210	0	0	0	0.0	0.0	0.0
5601	A	8210	0	0	0	0.0	0.0	0.0
5602	A	8210	666	0	0	0.08112058465286236	0.0	0.0
5603	G	8210	0	0	0	0.0	0.0	0.0
5604	G	8210	2	0	0	0.000243605359317905	0.0	0.0
5605	A	8210	1	0	0	0.0001218026796589525	0.0	0.0
5606	C	8210	2	0	0	0.000243605359317905	0.0	0.0
5607	C	8210	0	212	0	0.0	0.02582216808769793	0.0
5608	T	8210	0	212	0	0.0	0.02582216808769793	0.0
5609	T	8210	0	212	0	0.0	0.02582216808769793	0.0
5610	C	8210	0	0	0	0.0	0.0	0.0
5611	T	8210	0	0	0	0.0	0.0	0.0
5612	T	8210	0	0	0	0.0	0.0	0.0
5613	C	8210	0	0	0	0.0	0.0	0.0
5614	T	8210	0	0	0	0.0	0.0	0.0
5615	T	8210	6	229	0	0.000730816077953715	0.027892813641900122	0.0
5616	C	8210	0	234	0	0.0	0.028501827040194883	0.0
5617	T	8210	0	235	0	0.0	0.028623629719853837	0.0
5618	G	8210	661	6	0	0.08051157125456761	0.000730816077953715	0.0
5619	C	8210	8	1	0	0.00097442143727162	0.0001218026796589525	0.0
5620	C	8210	9	0	0	0.0010962241169305725	0.0	0.0
5621	G	8210	0	0	0	0.0	0.0	0.0
5622	G	8210	0	0	0	0.0	0.0	0.0
5623	A	8210	81	0	0	0.009866017052375152	0.0	0.0
5624	A	8210	0	0	0	0.0	0.0	0.0
5625	A	8210	0	0	0	0.0	0.0	0.0
5626	A	8210	0	0	0	0.0	0.0	0.0
5627	T	8210	1	0	0	0.0001218026796589525	0.0	0.0
5628	A	8210	0	0	0	0.0	0.0	0.0
5629	C	8210	17	0	0	0.0020706455542021922	0.0	0.0
5630	T	8210	1	0	0	0.0001218026796589525	0.0	0.0
5631	G	8210	0	0	0	0.0	0.0	0.0
5632	A	8210	0	0	0	0.0	0.0	0.0
5633	T	8210	0	0	0	0.0	0.0	0.0
5634	A	8210	0	0	0	0.0	0.0	0.0
5635	A	8210	0	0	0	0.0	0.0	0.0
5636	A	8210	0	0	0	0.0	0.0	0.0
5637	T	8210	0	0	0	0.0	0.0	0.0
5638	T	8210	0	0	0	0.0	0.0	0.0
5639	T	8210	1	0	0	0.0001218026796589525	0.0	0.0
5640	C	8210	2	0	0	0.000243605359317905	0.0	0.0
5641	T	8210	0	0	0	0.0	0.0	0.0
5642	T	8210	0	0	0	0.0	0.0	0.0
5643	T	8210	0	0	0	0.0	0.0	0.0
5644	C	8210	0	0	0	0.0	0.0	0.0
5645	A	8210	0	0	0	0.0	0.0	0.0
5646	A	8210	0	0	0	0.0	0.0	0.0
5647	T	8210	0	0	0	0.0	0.0	0.0
5648	G	8210	0	0	0	0.0	0.0	0.0
5649	A	8210	0	0	0	0.0	0.0	0.0
5650	A	8210	1	0	0	0.0001218026796589525	0.0	0.0
5651	C	8210	0	0	0	0.0	0.0	0.0
5652	C	8210	0	0	0	0.0	0.0	0.0
5653	C	8210	0	0	0	0.0	0.0	0.0
5654	A	8210	0	0	0	0.0	0.0	0.0
5655	T	8210	0	0	0	0.0	0.0	0.0
5656	A	8210	0	0	0	0.0	0.0	0.0
5657	T	8210	0	0	0	0.0	0.0	0.0
5658	C	8210	0	0	1	0.0	0.0	0.0001218026796589525
5659	A	8210	0	0	0	0.0	0.0	0.0
5660	A	8210	0	0	0	0.0	0.0	0.0
5661	A	8210	0	0	0	0.0	0.0	0.0
5662	A	8210	0	0	0	0.0	0.0	0.0
5663	A	8210	0	0	0	0.0	0.0	0.0
5664	G	8210	0	0	0	0.0	0.0	0.0
5665	A	8210	0	0	0	0.0	0.0	0.0
5666	A	8210	0	0	0	0.0	0.0	0.0
5667	T	8210	0	0	0	0.0	0.0	0.0
5668	T	8210	2	0	0	0.000243605359317905	0.0	0.0
5669	A	8210	0	0	0	0.0	0.0	0.0
5670	C	8210	0	0	0	0.0	0.0	0.0
5671	T	8210	0	0	0	0.0	0.0	0.0
5672	A	8210	0	0	0	0.0	0.0	0.0
5673	A	8210	0	0	0	0.0	0.0	0.0
5674	A	8210	0	0	0	0.0	0.0	0.0
5675	C	8210	0	0	0	0.0	0.0	0.0
5676	C	8210	0	0	0	0.0	0.0	0.0
5677	A	8210	0	0	0	0.0	0.0	0.0
5678	T	8210	0	0	0	0.0	0.0	0.0
5679	T	8210	3	0	0	0.0003654080389768575	0.0	0.0
5680	C	8210	9	0	0	0.0010962241169305725	0.0	0.0
5681	C	8210	0	0	0	0.0	0.0	0.0
5682	T	8210	0	0	0	0.0	0.0	0.0
5683	C	8210	1	0	0	0.0001218026796589525	0.0	0.0
5684	G	8210	8	0	0	0.00097442143727162	0.0	0.0
5685	T	8210	0	0	0	0.0	0.0	0.0
5686	T	8210	0	0	0	0.0	0.0	0.0
5687	T	8210	0	0	0	0.0	0.0	0.0
5688	C	8210	1	0	0	0.0001218026796589525	0.0	0.0
5689	T	8210	0	0	0	0.0	0.0	0.0
5690	T	8210	0	0	0	0.0	0.0	0.0
5691	G	8210	0	0	0	0.0	0.0	0.0
5692	A	8210	0	0	5	0.0	0.0	0.0006090133982947625
5693	C	8210	0	0	0	0.0	0.0	0.0
5694	G	8210	1	0	0	0.0001218026796589525	0.0	0.0
5695	T	8210	0	0	0	0.0	0.0	0.0
5696	T	8210	0	0	0	0.0	0.0	0.0
5697	C	8210	1	0	0	0.0001218026796589525	0.0	0.0
5698	C	8210	0	0	0	0.0	0.0	0.0
5699	A	8210	0	0	0	0.0	0.0	0.0
5700	T	8210	0	0	0	0.0	0.0	0.0
5701	A	8210	0	0	0	0.0	0.0	0.0
5702	T	8210	2	0	0	0.000243605359317905	0.0	0.0
5703	A	8210	0	0	0	0.0	0.0	0.0
5704	G	8210	3	0	0	0.0003654080389768575	0.0	0.0
5705	T	8210	0	0	0	0.0	0.0	0.0
5706	G	8210	0	0	0	0.0	0.0	0.0
5707	A	8210	0	0	0	0.0	0.0	0.0
5708	A	8210	0	0	0	0.0	0.0	0.0
5709	T	8210	0	0	0	0.0	0.0	0.0
5710	T	8210	0	0	0	0.0	0.0	0.0
5711	A	8210	0	0	0	0.0	0.0	0.0
5712	A	8210	0	0	0	0.0	0.0	0.0
5713	G	8210	155	0	0	0.018879415347137638	0.0	0.0
5714	T	8210	0	0	0	0.0	0.0	0.0
5715	G	8210	1	0	0	0.0001218026796589525	0.0	0.0
5716	T	8210	0	0	0	0.0	0.0	0.0
5717	T	8210	0	0	0	0.0	0.0	0.0
5718	C	8210	0	0	0	0.0	0.0	0.0
5719	G	8210	107	0	0	0.013032886723507917	0.0	0.0
5720	G	8210	0	0	0	0.0	0.0	0.0
5721	A	8210	0	0	0	0.0	0.0	0.0
5722	A	8210	0	0	0	0.0	0.0	0.0
5723	A	8210	1	0	0	0.0001218026796589525	0.0	0.0
5724	T	8210	0	0	0	0.0	0.0	0.0
5725	T	8210	0	0	0	0.0	0.0	0.0
5726	T	8210	0	0	0	0.0	0.0	0.0
5727	T	8210	0	0	0	0.0	0.0	0.0
5728	T	8210	0	0	0	0.0	0.0	0.0
5729	T	8210	0	0	0	0.0	0.0	0.0
5730	T	8210	4	0	0	0.00048721071863581	0.0	0.0
5731	G	8210	0	0	0	0.0	0.0	0.0
5732	G	8210	0	0	0	0.0	0.0	0.0
5733	G	8210	0	0	0	0.0	0.0	0.0
5734	A	8210	1	0	0	0.0001218026796589525	0.0	0.0
5735	G	8210	2	0	0	0.000243605359317905	0.0	0.0
5736	T	8210	0	0	0	0.0	0.0	0.0
5737	A	8210	0	0	0	0.0	0.0	0.0
5738	A	8210	1	0	0	0.0001218026796589525	0.0	0.0
5739	C	8210	0	0	0	0.0	0.0	0.0
5740	A	8210	0	0	0	0.0	0.0	0.0
5741	T	8210	0	0	0	0.0	0.0	0.0
5742	C	8210	125	0	0	0.015225334957369063	0.0	0.0
5743	T	8210	0	0	0	0.0	0.0	0.0
5744	A	8210	0	0	0	0.0	0.0	0.0
5745	A	8210	6	0	0	0.000730816077953715	0.0	0.0
5746	C	8210	0	0	0	0.0	0.0	0.0
5747	G	8210	0	0	0	0.0	0.0	0.0
5748	G	8210	0	0	0	0.0	0.0	0.0
5749	C	8210	0	0	0	0.0	0.0	0.0
5750	A	8210	0	0	0	0.0	0.0	0.0
5751	T	8210	0	0	0	0.0	0.0	0.0
5752	G	8210	0	0	0	0.0	0.0	0.0
5753	T	8210	0	0	0	0.0	0.0	0.0
5754	C	8210	1	0	0	0.0001218026796589525	0.0	0.0
5755	A	8210	0	0	0	0.0	0.0	0.0
5756	A	8210	0	0	0	0.0	0.0	0.0
5757	A	8210	0	0	0	0.0	0.0	0.0
5758	C	8210	1	0	0	0.0001218026796589525	0.0	0.0
5759	G	8210	0	0	0	0.0	0.0	0.0
5760	A	8210	0	0	0	0.0	0.0	0.0
5761	T	8210	0	0	0	0.0	0.0	0.0
5762	T	8210	0	0	0	0.0	0.0	0.0
5763	G	8210	0	0	0	0.0	0.0	0.0
5764	A	8210	33	0	0	0.004019488428745432	0.0	0.0
5765	A	8210	0	0	0	0.0	0.0	0.0
5766	A	8210	1	0	0	0.0001218026796589525	0.0	0.0
5767	A	8210	0	0	0	0.0	0.0	0.0
5768	A	8210	0	0	0	0.0	0.0	0.0
5769	T	8210	0	0	0	0.0	0.0	0.0
5770	T	8210	3	0	0	0.0003654080389768575	0.0	0.0
5771	G	8210	3	0	0	0.0003654080389768575	0.0	0.0
5772	G	8210	2	0	0	0.000243605359317905	0.0	0.0
5773	C	8210	0	0	0	0.0	0.0	0.0
5774	A	8210	0	0	0	0.0	0.0	0.0
5775	C	8210	1085	0	0	0.13215590742996347	0.0	0.0
5776	A	8210	0	0	0	0.0	0.0	0.0
5777	T	8210	0	0	0	0.0	0.0	0.0
5778	T	8210	655	0	0	0.07978075517661389	0.0	0.0
5779	T	8210	0	0	0	0.0	0.0	0.0
5780	A	8210	0	0	0	0.0	0.0	0.0
5781	A	8210	0	0	0	0.0	0.0	0.0
5782	C	8210	0	0	0	0.0	0.0	0.0
5783	A	8210	0	0	0	0.0	0.0	0.0
5784	G	8210	0	0	0	0.0	0.0	0.0
5785	C	8210	1	0	0	0.0001218026796589525	0.0	0.0
5786	C	8210	1	0	0	0.0001218026796589525	0.0	0.0
5787	G	8210	3	0	0	0.0003654080389768575	0.0	0.0
5788	A	8210	0	0	0	0.0	0.0	0.0
5789	T	8210	0	0	0	0.0	0.0	0.0
5790	T	8210	0	0	0	0.0	0.0	0.0
5791	T	8210	12	0	0	0.00146163215590743	0.0	0.0
5792	G	8210	0	0	0	0.0	0.0	0.0
5793	C	8210	32	0	0	0.00389768574908648	0.0	0.0
5794	A	8210	0	0	0	0.0	0.0	0.0
5795	A	8210	0	0	0	0.0	0.0	0.0
5796	C	8210	0	0	0	0.0	0.0	0.0
5797	A	8210	0	0	0	0.0	0.0	0.0
5798	T	8210	0	0	0	0.0	0.0	0.0
5799	T	8210	0	0	0	0.0	0.0	0.0
5800	C	8210	26	0	0	0.003166869671132765	0.0	0.0
5801	G	8210	0	0	0	0.0	0.0	0.0
5802	C	8210	0	0	0	0.0	0.0	0.0
5803	A	8210	0	0	0	0.0	0.0	0.0
5804	A	8210	0	0	0	0.0	0.0	0.0
5805	T	8210	0	0	0	0.0	0.0	0.0
5806	A	8210	0	0	0	0.0	0.0	0.0
5807	C	8210	0	0	0	0.0	0.0	0.0
5808	T	8210	0	0	0	0.0	0.0	0.0
5809	A	8210	0	0	0	0.0	0.0	0.0
5810	C	8210	0	0	0	0.0	0.0	0.0
5811	T	8210	0	0	0	0.0	0.0	0.0
5812	T	8210	0	0	0	0.0	0.0	0.0
5813	G	8210	0	0	0	0.0	0.0	0.0
5814	C	8210	3	0	0	0.0003654080389768575	0.0	0.0
5815	T	8210	0	0	0	0.0	0.0	0.0
5816	G	8210	2	0	0	0.000243605359317905	0.0	0.0
5817	T	8210	0	0	0	0.0	0.0	0.0
5818	G	8210	40	0	0	0.0048721071863581	0.0	0.0
5819	G	8210	0	0	0	0.0	0.0	0.0
5820	C	8210	0	0	0	0.0	0.0	0.0
5821	A	8210	0	0	0	0.0	0.0	0.0
5822	T	8210	8	0	0	0.00097442143727162	0.0	0.0
5823	A	8210	0	0	0	0.0	0.0	0.0
5824	T	8210	2	0	0	0.000243605359317905	0.0	0.0
5825	C	8210	0	0	0	0.0	0.0	0.0
5826	C	8210	1	0	0	0.0001218026796589525	0.0	0.0
5827	G	8210	8	0	0	0.00097442143727162	0.0	0.0
5828	T	8210	0	0	0	0.0	0.0	0.0
5829	G	8210	0	0	0	0.0	0.0	0.0
5830	G	8210	2	0	0	0.000243605359317905	0.0	0.0
5831	G	8210	29	0	0	0.0035322777101096225	0.0	0.0
5832	C	8210	0	0	0	0.0	0.0	0.0
5833	A	8210	0	0	0	0.0	0.0	0.0
5834	A	8210	0	0	0	0.0	0.0	0.0
5835	C	8210	0	0	0	0.0	0.0	0.0
5836	A	8210	0	0	0	0.0	0.0	0.0
5837	A	8210	0	0	0	0.0	0.0	0.0
5838	T	8210	0	0	0	0.0	0.0	0.0
5839	C	8210	1	0	0	0.0001218026796589525	0.0	0.0
5840	A	8210	0	0	0	0.0	0.0	0.0
5841	C	8210	0	0	0	0.0	0.0	0.0
5842	C	8210	123	0	0	0.014981729598051156	0.0	0.0
5843	G	8210	0	0	0	0.0	0.0	0.0
5844	C	8210	0	0	3	0.0	0.0	0.0003654080389768575
5845	T	8210	0	0	0	0.0	0.0	0.0
5846	T	8210	0	0	0	0.0	0.0	0.0
5847	T	8210	0	0	0	0.0	0.0	0.0
5848	C	8210	1	0	0	0.0001218026796589525	0.0	0.0
5849	G	8210	2	0	0	0.000243605359317905	0.0	0.0
5850	G	8210	5	0	0	0.0006090133982947625	0.0	0.0
5851	A	8210	0	0	0	0.0	0.0	0.0
5852	T	8210	0	0	0	0.0	0.0	0.0
5853	A	8210	0	0	0	0.0	0.0	0.0
5854	G	8210	0	0	0	0.0	0.0	0.0
5855	T	8210	0	0	0	0.0	0.0	0.0
5856	G	8210	1	0	0	0.0001218026796589525	0.0	0.0
5857	A	8210	0	0	0	0.0	0.0	0.0
5858	C	8210	0	0	0	0.0	0.0	0.0
5859	T	8210	0	0	0	0.0	0.0	0.0
5860	T	8210	0	0	0	0.0	0.0	0.0
5861	T	8210	0	0	0	0.0	0.0	0.0
5862	C	8210	1240	0	0	0.1510353227771011	0.0	0.0
5863	C	8210	0	0	0	0.0	0.0	0.0
5864	T	8210	0	0	0	0.0	0.0	0.0
5865	T	8210	0	0	0	0.0	0.0	0.0
5866	T	8210	0	0	0	0.0	0.0	0.0
5867	A	8210	3	0	0	0.0003654080389768575	0.0	0.0
5868	C	8210	1	0	0	0.0001218026796589525	0.0	0.0
5869	T	8210	0	0	0	0.0	0.0	0.0
5870	G	8210	0	0	0	0.0	0.0	0.0
5871	A	8210	1	0	0	0.0001218026796589525	0.0	0.0
5872	A	8210	0	0	0	0.0	0.0	0.0
5873	C	8210	9	0	0	0.0010962241169305725	0.0	0.0
5874	C	8210	0	0	0	0.0	0.0	0.0
5875	C	8210	14	0	0	0.001705237515225335	0.0	0.0
5876	G	8210	0	0	0	0.0	0.0	0.0
5877	A	8210	0	0	0	0.0	0.0	0.0
5878	A	8210	0	0	0	0.0	0.0	0.0
5879	T	8210	1184	0	0	0.14421437271619975	0.0	0.0
5880	A	8210	0	0	0	0.0	0.0	0.0
5881	G	8210	3	0	0	0.0003654080389768575	0.0	0.0
5882	T	8210	1	0	0	0.0001218026796589525	0.0	0.0
5883	G	8210	0	0	0	0.0	0.0	0.0
5884	A	8210	4	0	0	0.00048721071863581	0.0	0.0
5885	A	8210	1	0	0	0.0001218026796589525	0.0	0.0
5886	G	8210	0	0	0	0.0	0.0	0.0
5887	A	8210	0	0	0	0.0	0.0	0.0
5888	T	8210	1	0	0	0.0001218026796589525	0.0	0.0
5889	A	8210	0	0	0	0.0	0.0	0.0
5890	A	8210	0	0	0	0.0	0.0	0.0
5891	A	8210	0	0	0	0.0	0.0	0.0
5892	T	8210	0	0	0	0.0	0.0	0.0
5893	G	8210	1	0	0	0.0001218026796589525	0.0	0.0
5894	G	8210	0	0	0	0.0	0.0	0.0
5895	T	8210	0	0	0	0.0	0.0	0.0
5896	G	8210	2	0	0	0.000243605359317905	0.0	0.0
5897	A	8210	0	0	0	0.0	0.0	0.0
5898	C	8210	0	0	0	0.0	0.0	0.0
5899	A	8210	0	0	0	0.0	0.0	0.0
5900	A	8210	0	0	0	0.0	0.0	0.0
5901	T	8210	0	0	0	0.0	0.0	0.0
5902	A	8210	0	0	0	0.0	0.0	0.0
5903	A	8210	0	0	0	0.0	0.0	0.0
5904	T	8210	0	0	0	0.0	0.0	0.0
5905	T	8210	0	0	0	0.0	0.0	0.0
5906	C	8210	2	0	0	0.000243605359317905	0.0	0.0
5907	G	8210	0	0	0	0.0	0.0	0.0
5908	A	8210	0	0	0	0.0	0.0	0.0
5909	T	8210	0	0	0	0.0	0.0	0.0
5910	C	8210	1	0	0	0.0001218026796589525	0.0	0.0
5911	C	8210	0	0	0	0.0	0.0	0.0
5912	A	8210	0	0	0	0.0	0.0	0.0
5913	T	8210	0	0	0	0.0	0.0	0.0
5914	C	8210	1	0	0	0.0001218026796589525	0.0	0.0
5915	T	8210	0	0	0	0.0	0.0	0.0
5916	G	8210	0	0	0	0.0	0.0	0.0
5917	G	8210	0	0	0	0.0	0.0	0.0
5918	G	8210	47	0	0	0.005724725943970767	0.0	0.0
5919	A	8210	0	0	0	0.0	0.0	0.0
5920	T	8210	0	0	0	0.0	0.0	0.0
5921	A	8210	0	0	0	0.0	0.0	0.0
5922	G	8210	1	0	0	0.0001218026796589525	0.0	0.0
5923	T	8210	661	0	0	0.08051157125456761	0.0	0.0
5924	T	8210	0	0	0	0.0	0.0	0.0
5925	C	8210	0	0	0	0.0	0.0	0.0
5926	A	8210	0	0	0	0.0	0.0	0.0
5927	A	8210	0	0	0	0.0	0.0	0.0
5928	T	8210	0	0	0	0.0	0.0	0.0
5929	A	8210	0	0	0	0.0	0.0	0.0
5930	T	8210	0	0	0	0.0	0.0	0.0
5931	C	8210	0	0	0	0.0	0.0	0.0
5932	T	8210	0	0	0	0.0	0.0	0.0
5933	A	8210	0	0	0	0.0	0.0	0.0
5934	A	8210	0	0	0	0.0	0.0	0.0
5935	T	8210	0	0	0	0.0	0.0	0.0
5936	G	8210	1	0	0	0.0001218026796589525	0.0	0.0
5937	A	8210	0	0	0	0.0	0.0	0.0
5938	A	8210	0	0	0	0.0	0.0	0.0
5939	C	8210	0	0	0	0.0	0.0	0.0
5940	G	8210	1	0	0	0.0001218026796589525	0.0	0.0
5941	T	8210	0	0	0	0.0	0.0	0.0
5942	T	8210	0	0	0	0.0	0.0	0.0
5943	T	8210	0	0	0	0.0	0.0	0.0
5944	C	8210	0	0	0	0.0	0.0	0.0
5945	A	8210	0	0	0	0.0	0.0	0.0
5946	C	8210	0	0	0	0.0	0.0	0.0
5947	T	8210	0	0	0	0.0	0.0	0.0
5948	A	8210	0	0	0	0.0	0.0	0.0
5949	A	8210	0	0	0	0.0	0.0	0.0
5950	A	8210	0	0	0	0.0	0.0	0.0
5951	G	8210	0	0	0	0.0	0.0	0.0
5952	T	8210	8	0	0	0.00097442143727162	0.0	0.0
5953	T	8210	0	0	0	0.0	0.0	0.0
5954	A	8210	0	0	0	0.0	0.0	0.0
5955	A	8210	1	0	0	0.0001218026796589525	0.0	0.0
5956	C	8210	1	0	0	0.0001218026796589525	0.0	0.0
5957	A	8210	0	0	0	0.0	0.0	0.0
5958	G	8210	0	0	0	0.0	0.0	0.0
5959	T	8210	0	0	0	0.0	0.0	0.0
5960	T	8210	0	0	0	0.0	0.0	0.0
5961	G	8210	0	0	0	0.0	0.0	0.0
5962	T	8210	41	0	0	0.004993909866017053	0.0	0.0
5963	T	8210	0	0	0	0.0	0.0	0.0
5964	C	8210	0	0	0	0.0	0.0	0.0
5965	A	8210	0	0	0	0.0	0.0	0.0
5966	G	8210	0	0	0	0.0	0.0	0.0
5967	C	8210	0	0	0	0.0	0.0	0.0
5968	G	8210	0	0	0	0.0	0.0	0.0
5969	T	8210	0	0	0	0.0	0.0	0.0
5970	A	8210	0	0	0	0.0	0.0	0.0
5971	G	8210	0	0	0	0.0	0.0	0.0
5972	C	8210	0	0	0	0.0	0.0	0.0
5973	C	8210	1	0	0	0.0001218026796589525	0.0	0.0
5974	A	8210	0	0	0	0.0	0.0	0.0
5975	T	8210	0	0	0	0.0	0.0	0.0
5976	A	8210	0	0	0	0.0	0.0	0.0
5977	A	8210	0	0	0	0.0	0.0	0.0
5978	C	8210	0	0	0	0.0	0.0	0.0
5979	T	8210	0	0	0	0.0	0.0	0.0
5980	A	8210	0	0	0	0.0	0.0	0.0
5981	G	8210	0	0	0	0.0	0.0	0.0
5982	T	8210	0	0	0	0.0	0.0	0.0
5983	T	8210	0	0	0	0.0	0.0	0.0
5984	G	8210	0	0	0	0.0	0.0	0.0
5985	C	8210	31	0	0	0.0037758830694275274	0.0	0.0
5986	T	8210	0	0	0	0.0	0.0	0.0
5987	A	8210	0	0	0	0.0	0.0	0.0
5988	A	8210	0	0	0	0.0	0.0	0.0
5989	T	8210	0	0	0	0.0	0.0	0.0
5990	T	8210	0	0	0	0.0	0.0	0.0
5991	T	8210	0	0	0	0.0	0.0	0.0
5992	A	8210	2518	0	0	0.3066991473812424	0.0	0.0
5993	G	8210	0	0	0	0.0	0.0	0.0
5994	T	8210	0	0	0	0.0	0.0	0.0
5995	T	8210	0	0	0	0.0	0.0	0.0
5996	T	8210	0	0	0	0.0	0.0	0.0
5997	G	8210	0	0	0	0.0	0.0	0.0
5998	A	8210	0	0	0	0.0	0.0	0.0
5999	A	8210	0	0	0	0.0	0.0	0.0
6000	C	8210	0	0	0	0.0	0.0	0.0
6001	T	8210	0	0	0	0.0	0.0	0.0
6002	T	8210	0	0	0	0.0	0.0	0.0
6003	C	8210	0	0	0	0.0	0.0	0.0
6004	T	8210	4	0	0	0.00048721071863581	0.0	0.0
6005	G	8210	1	0	0	0.0001218026796589525	0.0	0.0
6006	T	8210	0	0	0	0.0	0.0	0.0
6007	T	8210	0	0	0	0.0	0.0	0.0
6008	A	8210	0	0	0	0.0	0.0	0.0
6009	A	8210	0	0	0	0.0	0.0	0.0
6010	A	8210	0	0	0	0.0	0.0	0.0
6011	A	8210	0	0	0	0.0	0.0	0.0
6012	G	8210	0	0	0	0.0	0.0	0.0
6013	T	8210	0	0	0	0.0	0.0	0.0
6014	T	8210	0	0	0	0.0	0.0	0.0
6015	C	8210	3	0	0	0.0003654080389768575	0.0	0.0
6016	G	8210	2	0	0	0.000243605359317905	0.0	0.0
6017	T	8210	0	0	0	0.0	0.0	0.0
6018	C	8210	0	0	0	0.0	0.0	0.0
6019	A	8210	0	0	0	0.0	0.0	0.0
6020	A	8210	0	0	0	0.0	0.0	0.0
6021	T	8210	0	0	0	0.0	0.0	0.0
6022	G	8210	0	0	0	0.0	0.0	0.0
6023	A	8210	0	0	0	0.0	0.0	0.0
6024	C	8210	0	0	0	0.0	0.0	0.0
6025	T	8210	0	0	0	0.0	0.0	0.0
6026	G	8210	2	0	0	0.000243605359317905	0.0	0.0
6027	T	8210	1	0	0	0.0001218026796589525	0.0	0.0
6028	T	8210	0	0	0	0.0	0.0	0.0
6029	G	8210	1	0	0	0.0001218026796589525	0.0	0.0
6030	T	8210	0	0	0	0.0	0.0	0.0
6031	A	8210	0	0	0	0.0	0.0	0.0
6032	G	8210	1	0	0	0.0001218026796589525	0.0	0.0
6033	G	8210	1	0	0	0.0001218026796589525	0.0	0.0
6034	T	8210	0	0	0	0.0	0.0	0.0
6035	T	8210	32	0	0	0.00389768574908648	0.0	0.0
6036	C	8210	0	0	0	0.0	0.0	0.0
6037	T	8210	0	0	0	0.0	0.0	0.0
6038	T	8210	0	0	0	0.0	0.0	0.0
6039	T	8210	1378	0	0	0.16784409257003655	0.0	0.0
6040	T	8210	0	0	0	0.0	0.0	0.0
6041	T	8210	0	0	0	0.0	0.0	0.0
6042	C	8210	0	0	0	0.0	0.0	0.0
6043	T	8210	0	0	0	0.0	0.0	0.0
6044	G	8210	27	0	0	0.0032886723507917176	0.0	0.0
6045	G	8210	0	0	0	0.0	0.0	0.0
6046	A	8210	0	0	0	0.0	0.0	0.0
6047	A	8210	0	0	0	0.0	0.0	0.0
6048	A	8210	1	0	0	0.0001218026796589525	0.0	0.0
6049	C	8210	0	0	0	0.0	0.0	0.0
6050	C	8210	0	0	0	0.0	0.0	0.0
6051	A	8210	0	0	0	0.0	0.0	0.0
6052	A	8210	0	0	0	0.0	0.0	0.0
6053	T	8210	0	0	0	0.0	0.0	0.0
6054	C	8210	2	0	0	0.000243605359317905	0.0	0.0
6055	A	8210	0	0	0	0.0	0.0	0.0
6056	A	8210	0	0	0	0.0	0.0	0.0
6057	T	8210	0	0	0	0.0	0.0	0.0
6058	A	8210	1421	0	0	0.1730816077953715	0.0	0.0
6059	C	8210	0	0	0	0.0	0.0	0.0
6060	A	8210	0	0	0	0.0	0.0	0.0
6061	T	8210	0	0	0	0.0	0.0	0.0
6062	C	8210	0	0	0	0.0	0.0	0.0
6063	T	8210	0	0	0	0.0	0.0	0.0
6064	T	8210	0	0	0	0.0	0.0	0.0
6065	C	8210	0	0	0	0.0	0.0	0.0
6066	G	8210	0	0	0	0.0	0.0	0.0
6067	T	8210	0	0	0	0.0	0.0	0.0
6068	T	8210	0	0	0	0.0	0.0	0.0
6069	G	8210	1	0	0	0.0001218026796589525	0.0	0.0
6070	A	8210	0	0	0	0.0	0.0	0.0
6071	A	8210	1	0	0	0.0001218026796589525	0.0	0.0
6072	A	8210	0	0	0	0.0	0.0	0.0
6073	C	8210	0	0	0	0.0	0.0	0.0
6074	A	8210	0	0	0	0.0	0.0	0.0
6075	G	8210	0	0	0	0.0	0.0	0.0
6076	A	8210	0	0	0	0.0	0.0	0.0
6077	T	8210	0	0	0	0.0	0.0	0.0
6078	A	8210	0	0	0	0.0	0.0	0.0
6079	G	8210	0	0	0	0.0	0.0	0.0
6080	G	8210	0	0	0	0.0	0.0	0.0
6081	T	8210	0	0	0	0.0	0.0	0.0
6082	G	8210	72	0	0	0.00876979293544458	0.0	0.0
6083	C	8210	0	0	0	0.0	0.0	0.0
6084	T	8210	0	0	0	0.0	0.0	0.0
6085	T	8210	0	0	0	0.0	0.0	0.0
6086	A	8210	0	0	0	0.0	0.0	0.0
6087	A	8210	0	0	0	0.0	0.0	0.0
6088	T	8210	0	0	0	0.0	0.0	0.0
6089	G	8210	3	0	0	0.0003654080389768575	0.0	0.0
6090	C	8210	1	0	0	0.0001218026796589525	0.0	0.0
6091	A	8210	0	0	0	0.0	0.0	0.0
6092	T	8210	0	0	0	0.0	0.0	0.0
6093	A	8210	0	0	0	0.0	0.0	0.0
6094	G	8210	0	0	0	0.0	0.0	0.0
6095	A	8210	0	0	0	0.0	0.0	0.0
6096	C	8210	0	0	0	0.0	0.0	0.0
6097	T	8210	9	0	0	0.0010962241169305725	0.0	0.0
6098	A	8210	0	0	0	0.0	0.0	0.0
6099	A	8210	0	0	0	0.0	0.0	0.0
6100	A	8210	0	0	0	0.0	0.0	0.0
6101	C	8210	0	0	0	0.0	0.0	0.0
6102	T	8210	0	0	0	0.0	0.0	0.0
6103	G	8210	0	0	0	0.0	0.0	0.0
6104	C	8210	0	0	0	0.0	0.0	0.0
6105	C	8210	3	0	0	0.0003654080389768575	0.0	0.0
6106	A	8210	0	0	0	0.0	0.0	0.0
6107	T	8210	0	0	0	0.0	0.0	0.0
6108	T	8210	0	0	0	0.0	0.0	0.0
6109	A	8210	0	0	0	0.0	0.0	0.0
6110	A	8210	0	0	0	0.0	0.0	0.0
6111	A	8210	0	0	0	0.0	0.0	0.0
6112	C	8210	1	0	0	0.0001218026796589525	0.0	0.0
6113	C	8210	0	0	0	0.0	0.0	0.0
6114	G	8210	0	0	0	0.0	0.0	0.0
6115	A	8210	0	0	0	0.0	0.0	0.0
6116	A	8210	0	0	0	0.0	0.0	0.0
6117	T	8210	0	0	0	0.0	0.0	0.0
6118	T	8210	0	0	0	0.0	0.0	0.0
6119	T	8210	0	0	0	0.0	0.0	0.0
6120	G	8210	0	0	0	0.0	0.0	0.0
6121	A	8210	0	0	0	0.0	0.0	0.0
6122	T	8210	0	0	0	0.0	0.0	0.0
6123	A	8210	0	0	0	0.0	0.0	0.0
6124	A	8210	0	0	0	0.0	0.0	0.0
6125	G	8210	1	0	0	0.0001218026796589525	0.0	0.0
6126	A	8210	0	0	0	0.0	0.0	0.0
6127	C	8210	13	0	0	0.0015834348355663825	0.0	0.0
6128	G	8210	0	0	0	0.0	0.0	0.0
6129	A	8210	0	0	0	0.0	0.0	0.0
6130	T	8210	0	0	0	0.0	0.0	0.0
6131	T	8210	0	0	0	0.0	0.0	0.0
6132	C	8210	2	0	0	0.000243605359317905	0.0	0.0
6133	A	8210	0	0	0	0.0	0.0	0.0
6134	A	8210	0	0	0	0.0	0.0	0.0
6135	T	8210	0	0	0	0.0	0.0	0.0
6136	C	8210	1	0	0	0.0001218026796589525	0.0	0.0
6137	G	8210	0	0	0	0.0	0.0	0.0
6138	T	8210	0	0	0	0.0	0.0	0.0
6139	T	8210	0	0	0	0.0	0.0	0.0
6140	T	8210	0	0	0	0.0	0.0	0.0
6141	C	8210	0	0	0	0.0	0.0	0.0
6142	C	8210	0	0	0	0.0	0.0	0.0
6143	A	8210	0	0	0	0.0	0.0	0.0
6144	A	8210	0	0	0	0.0	0.0	0.0
6145	T	8210	0	0	0	0.0	0.0	0.0
6146	A	8210	0	0	0	0.0	0.0	0.0
6147	A	8210	0	0	0	0.0	0.0	0.0
6148	T	8210	0	0	0	0.0	0.0	0.0
6149	T	8210	0	0	0	0.0	0.0	0.0
6150	G	8210	0	0	0	0.0	0.0	0.0
6151	A	8210	0	0	0	0.0	0.0	0.0
6152	C	8210	182	0	0	0.022168087697929353	0.0	0.0
6153	G	8210	0	0	0	0.0	0.0	0.0
6154	G	8210	0	0	0	0.0	0.0	0.0
6155	A	8210	0	0	0	0.0	0.0	0.0
6156	T	8210	0	0	0	0.0	0.0	0.0
6157	A	8210	0	0	0	0.0	0.0	0.0
6158	T	8210	4	0	0	0.00048721071863581	0.0	0.0
6159	T	8210	0	0	0	0.0	0.0	0.0
6160	T	8210	1	0	0	0.0001218026796589525	0.0	0.0
6161	T	8210	1	0	0	0.0001218026796589525	0.0	0.0
6162	G	8210	3	0	0	0.0003654080389768575	0.0	0.0
6163	C	8210	0	0	0	0.0	0.0	0.0
6164	G	8210	0	0	0	0.0	0.0	0.0
6165	T	8210	0	0	0	0.0	0.0	0.0
6166	A	8210	0	0	0	0.0	0.0	0.0
6167	A	8210	0	0	0	0.0	0.0	0.0
6168	T	8210	0	0	0	0.0	0.0	0.0
6169	A	8210	0	0	0	0.0	0.0	0.0
6170	A	8210	0	0	0	0.0	0.0	0.0
6171	A	8210	0	0	0	0.0	0.0	0.0
6172	C	8210	0	0	0	0.0	0.0	0.0
6173	A	8210	0	0	0	0.0	0.0	0.0
6174	A	8210	0	0	0	0.0	0.0	0.0
6175	T	8210	0	0	0	0.0	0.0	0.0
6176	A	8210	0	0	0	0.0	0.0	0.0
6177	G	8210	403	0	0	0.04908647990255786	0.0	0.0
6178	C	8210	5	0	0	0.0006090133982947625	0.0	0.0
6179	A	8210	0	0	0	0.0	0.0	0.0
6180	T	8210	0	0	0	0.0	0.0	0.0
6181	T	8210	0	0	0	0.0	0.0	0.0
6182	T	8210	0	0	0	0.0	0.0	0.0
6183	C	8210	0	0	0	0.0	0.0	0.0
6184	G	8210	0	0	0	0.0	0.0	0.0
6185	T	8210	0	0	0	0.0	0.0	0.0
6186	G	8210	0	0	0	0.0	0.0	0.0
6187	C	8210	7933	0	0	0.9662606577344701	0.0	0.0
6188	T	8210	1	0	0	0.0001218026796589525	0.0	0.0
6189	T	8210	0	0	0	0.0	0.0	0.0
6190	T	8210	1	0	0	0.0001218026796589525	0.0	0.0
6191	T	8210	0	0	0	0.0	0.0	0.0
6192	T	8210	0	0	0	0.0	0.0	0.0
6193	C	8210	1	0	0	0.0001218026796589525	0.0	0.0
6194	T	8210	2	0	0	0.000243605359317905	0.0	0.0
6195	C	8210	0	0	0	0.0	0.0	0.0
6196	T	8210	0	0	0	0.0	0.0	0.0
6197	C	8210	0	0	0	0.0	0.0	0.0
6198	G	8210	1	0	0	0.0001218026796589525	0.0	0.0
6199	C	8210	0	0	0	0.0	0.0	0.0
6200	T	8210	0	0	0	0.0	0.0	0.0
6201	T	8210	0	0	0	0.0	0.0	0.0
6202	C	8210	0	0	0	0.0	0.0	0.0
6203	T	8210	0	0	0	0.0	0.0	0.0
6204	T	8210	1	0	0	0.0001218026796589525	0.0	0.0
6205	T	8210	1	0	0	0.0001218026796589525	0.0	0.0
6206	T	8210	0	0	0	0.0	0.0	0.0
6207	C	8210	0	0	0	0.0	0.0	0.0
6208	A	8210	0	0	0	0.0	0.0	0.0
6209	A	8210	0	0	0	0.0	0.0	0.0
6210	A	8210	0	0	0	0.0	0.0	0.0
6211	T	8210	0	0	0	0.0	0.0	0.0
6212	A	8210	0	0	0	0.0	0.0	0.0
6213	A	8210	0	0	0	0.0	0.0	0.0
6214	T	8210	0	0	0	0.0	0.0	0.0
6215	A	8210	0	0	0	0.0	0.0	0.0
6216	A	8210	0	0	0	0.0	0.0	0.0
6217	A	8210	3	0	0	0.0003654080389768575	0.0	0.0
6218	T	8210	0	0	0	0.0	0.0	0.0
6219	C	8210	1	0	0	0.0001218026796589525	0.0	0.0
6220	A	8210	0	0	0	0.0	0.0	0.0
6221	T	8210	1	0	0	0.0001218026796589525	0.0	0.0
6222	C	8210	11	0	0	0.0013398294762484776	0.0	0.0
6223	G	8210	0	0	0	0.0	0.0	0.0
6224	A	8210	0	0	0	0.0	0.0	0.0
6225	A	8210	0	0	0	0.0	0.0	0.0
6226	T	8210	0	0	0	0.0	0.0	0.0
6227	A	8210	0	0	0	0.0	0.0	0.0
6228	A	8210	0	0	0	0.0	0.0	0.0
6229	G	8210	0	0	0	0.0	0.0	0.0
6230	C	8210	0	0	0	0.0	0.0	0.0
6231	G	8210	0	0	0	0.0	0.0	0.0
6232	T	8210	5	0	0	0.0006090133982947625	0.0	0.0
6233	T	8210	0	0	0	0.0	0.0	0.0
6234	C	8210	0	0	0	0.0	0.0	0.0
6235	A	8210	0	0	0	0.0	0.0	0.0
6236	A	8210	0	0	0	0.0	0.0	0.0
6237	T	8210	0	0	0	0.0	0.0	0.0
6238	T	8210	0	0	0	0.0	0.0	0.0
6239	T	8210	0	0	0	0.0	0.0	0.0
6240	C	8210	0	0	0	0.0	0.0	0.0
6241	T	8210	0	0	0	0.0	0.0	0.0
6242	T	8210	0	0	0	0.0	0.0	0.0
6243	T	8210	0	0	0	0.0	0.0	0.0
6244	C	8210	1	0	0	0.0001218026796589525	0.0	0.0
6245	G	8210	0	0	0	0.0	0.0	0.0
6246	A	8210	0	0	0	0.0	0.0	0.0
6247	G	8210	0	0	0	0.0	0.0	0.0
6248	A	8210	0	0	0	0.0	0.0	0.0
6249	T	8210	0	0	0	0.0	0.0	0.0
6250	G	8210	1428	0	0	0.17393422655298416	0.0	0.0
6251	T	8210	0	0	0	0.0	0.0	0.0
6252	C	8210	0	0	0	0.0	0.0	0.0
6253	G	8210	0	10	0	0.0	0.001218026796589525	0.0
6254	T	8210	0	0	0	0.0	0.0	0.0
6255	T	8210	0	0	0	0.0	0.0	0.0
6256	A	8210	0	0	0	0.0	0.0	0.0
6257	T	8210	0	0	0	0.0	0.0	0.0
6258	T	8210	0	0	0	0.0	0.0	0.0
6259	A	8210	4369	0	0	0.5321559074299634	0.0	0.0
6260	G	8210	2	0	0	0.000243605359317905	0.0	0.0
6261	C	8210	0	0	0	0.0	0.0	0.0
6262	A	8210	0	0	0	0.0	0.0	0.0
6263	G	8210	1	0	0	0.0001218026796589525	0.0	0.0
6264	T	8210	16	0	0	0.00194884287454324	0.0	0.0
6265	G	8210	23	0	0	0.0028014616321559074	0.0	0.0
6266	G	8210	0	0	0	0.0	0.0	0.0
6267	A	8210	0	0	0	0.0	0.0	0.0
6268	A	8210	0	0	0	0.0	0.0	0.0
6269	A	8210	0	0	0	0.0	0.0	0.0
6270	G	8210	0	0	0	0.0	0.0	0.0
6271	A	8210	0	0	0	0.0	0.0	0.0
6272	T	8210	0	0	0	0.0	0.0	0.0
6273	G	8210	0	0	0	0.0	0.0	0.0
6274	A	8210	0	0	0	0.0	0.0	0.0
6275	T	8210	0	0	0	0.0	0.0	0.0
6276	G	8210	0	0	0	0.0	0.0	0.0
6277	A	8210	0	0	0	0.0	0.0	0.0
6278	T	8210	0	0	0	0.0	0.0	0.0
6279	G	8210	3	0	0	0.0003654080389768575	0.0	0.0
6280	G	8210	31	0	0	0.0037758830694275274	0.0	0.0
6281	T	8210	0	0	0	0.0	0.0	0.0
6282	G	8210	1	0	0	0.0001218026796589525	0.0	0.0
6283	A	8210	0	0	0	0.0	0.0	0.0
6284	G	8210	0	0	0	0.0	0.0	0.0
6285	A	8210	0	0	0	0.0	0.0	0.0
6286	G	8210	0	0	0	0.0	0.0	0.0
6287	A	8210	0	0	0	0.0	0.0	0.0
6288	C	8210	0	0	0	0.0	0.0	0.0
6289	A	8210	0	0	0	0.0	0.0	0.0
6290	T	8210	0	0	0	0.0	0.0	0.0
6291	A	8210	0	0	0	0.0	0.0	0.0
6292	A	8210	0	0	0	0.0	0.0	0.0
6293	A	8210	0	0	0	0.0	0.0	0.0
6294	G	8210	6	0	0	0.000730816077953715	0.0	0.0
6295	A	8210	0	0	0	0.0	0.0	0.0
6296	C	8210	31	0	0	0.0037758830694275274	0.0	0.0
6297	G	8210	0	0	0	0.0	0.0	0.0
6298	A	8210	0	0	0	0.0	0.0	0.0
6299	A	8210	0	0	0	0.0	0.0	0.0
6300	G	8210	1	0	0	0.0001218026796589525	0.0	0.0
6301	G	8210	2	0	0	0.000243605359317905	0.0	0.0
6302	A	8210	2	0	0	0.000243605359317905	0.0	0.0
6303	T	8210	0	0	0	0.0	0.0	0.0
6304	T	8210	0	0	0	0.0	0.0	0.0
6305	C	8210	0	0	0	0.0	0.0	0.0
6306	G	8210	0	0	0	0.0	0.0	0.0
6307	T	8210	0	0	0	0.0	0.0	0.0
6308	T	8210	0	0	0	0.0	0.0	0.0
6309	C	8210	1	0	0	0.0001218026796589525	0.0	0.0
6310	A	8210	0	0	0	0.0	0.0	0.0
6311	T	8210	0	0	0	0.0	0.0	0.0
6312	A	8210	0	0	0	0.0	0.0	0.0
6313	A	8210	0	0	0	0.0	0.0	0.0
6314	C	8210	0	0	0	0.0	0.0	0.0
6315	T	8210	0	0	0	0.0	0.0	0.0
6316	C	8210	0	0	0	0.0	0.0	0.0
6317	T	8210	0	0	0	0.0	0.0	0.0
6318	G	8210	0	0	0	0.0	0.0	0.0
6319	G	8210	0	0	0	0.0	0.0	0.0
6320	A	8210	0	0	0	0.0	0.0	0.0
6321	T	8210	0	0	0	0.0	0.0	0.0
6322	A	8210	0	0	0	0.0	0.0	0.0
6323	A	8210	0	0	0	0.0	0.0	0.0
6324	T	8210	0	0	0	0.0	0.0	0.0
6325	T	8210	0	0	0	0.0	0.0	0.0
6326	C	8210	543	0	0	0.06613885505481121	0.0	0.0
6327	T	8210	0	0	0	0.0	0.0	0.0
6328	T	8210	0	0	0	0.0	0.0	0.0
6329	C	8210	3	0	0	0.0003654080389768575	0.0	0.0
6330	T	8210	0	0	0	0.0	0.0	0.0
6331	T	8210	0	0	0	0.0	0.0	0.0
6332	T	8210	0	0	0	0.0	0.0	0.0
6333	G	8210	0	0	0	0.0	0.0	0.0
6334	C	8210	1	0	0	0.0001218026796589525	0.0	0.0
6335	G	8210	9	0	0	0.0010962241169305725	0.0	0.0
6336	C	8210	0	0	0	0.0	0.0	0.0
6337	A	8210	0	0	0	0.0	0.0	0.0
6338	A	8210	0	0	0	0.0	0.0	0.0
6339	G	8210	5	0	0	0.0006090133982947625	0.0	0.0
6340	C	8210	0	0	0	0.0	0.0	0.0
6341	T	8210	0	0	0	0.0	0.0	0.0
6342	C	8210	0	0	0	0.0	0.0	0.0
6343	T	8210	0	0	0	0.0	0.0	0.0
6344	G	8210	3	0	0	0.0003654080389768575	0.0	0.0
6345	T	8210	0	0	0	0.0	0.0	0.0
6346	T	8210	0	0	0	0.0	0.0	0.0
6347	T	8210	8	0	0	0.00097442143727162	0.0	0.0
6348	C	8210	0	0	0	0.0	0.0	0.0
6349	C	8210	1	0	0	0.0001218026796589525	0.0	0.0
6350	T	8210	0	0	0	0.0	0.0	0.0
6351	C	8210	0	0	0	0.0	0.0	0.0
6352	T	8210	0	0	0	0.0	0.0	0.0
6353	A	8210	0	0	0	0.0	0.0	0.0
6354	A	8210	0	0	0	0.0	0.0	0.0
6355	C	8210	0	0	0	0.0	0.0	0.0
6356	A	8210	0	0	0	0.0	0.0	0.0
6357	A	8210	0	0	0	0.0	0.0	0.0
6358	A	8210	0	0	0	0.0	0.0	0.0
6359	C	8210	0	0	0	0.0	0.0	0.0
6360	T	8210	0	0	0	0.0	0.0	0.0
6361	A	8210	0	0	0	0.0	0.0	0.0
6362	A	8210	0	0	0	0.0	0.0	0.0
6363	C	8210	286	0	0	0.034835566382460416	0.0	0.0
6364	C	8210	1	0	0	0.0001218026796589525	0.0	0.0
6365	A	8210	0	0	0	0.0	0.0	0.0
6366	G	8210	0	0	0	0.0	0.0	0.0
6367	A	8210	0	0	0	0.0	0.0	0.0
6368	T	8210	0	0	0	0.0	0.0	0.0
6369	T	8210	0	0	0	0.0	0.0	0.0
6370	T	8210	922	0	0	0.1123020706455542	0.0	0.0
6371	G	8210	1	0	0	0.0001218026796589525	0.0	0.0
6372	T	8210	0	0	0	0.0	0.0	0.0
6373	T	8210	0	0	0	0.0	0.0	0.0
6374	T	8210	0	0	0	0.0	0.0	0.0
6375	G	8210	2	0	0	0.000243605359317905	0.0	0.0
6376	C	8210	2	0	0	0.000243605359317905	0.0	0.0
6377	T	8210	1110	0	0	0.13520097442143728	0.0	0.0
6378	C	8210	0	0	0	0.0	0.0	0.0
6379	A	8210	17	0	0	0.0020706455542021922	0.0	0.0
6380	T	8210	0	0	0	0.0	0.0	0.0
6381	C	8210	0	0	0	0.0	0.0	0.0
6382	T	8210	0	0	0	0.0	0.0	0.0
6383	A	8210	0	0	0	0.0	0.0	0.0
6384	A	8210	0	0	0	0.0	0.0	0.0
6385	A	8210	0	0	0	0.0	0.0	0.0
6386	C	8210	0	0	0	0.0	0.0	0.0
6387	G	8210	16	0	0	0.00194884287454324	0.0	0.0
6388	A	8210	0	0	0	0.0	0.0	0.0
6389	A	8210	0	0	0	0.0	0.0	0.0
6390	T	8210	0	0	0	0.0	0.0	0.0
6391	A	8210	0	0	0	0.0	0.0	0.0
6392	G	8210	0	0	0	0.0	0.0	0.0
6393	G	8210	1	0	0	0.0001218026796589525	0.0	0.0
6394	C	8210	0	0	0	0.0	0.0	0.0
6395	A	8210	0	0	0	0.0	0.0	0.0
6396	A	8210	0	0	0	0.0	0.0	0.0
6397	T	8210	0	0	0	0.0	0.0	0.0
6398	C	8210	7196	0	0	0.8764920828258221	0.0	0.0
6399	C	8210	1	0	0	0.0001218026796589525	0.0	0.0
6400	A	8210	0	0	0	0.0	0.0	0.0
6401	T	8210	0	0	0	0.0	0.0	0.0
6402	T	8210	0	0	0	0.0	0.0	0.0
6403	T	8210	0	0	0	0.0	0.0	0.0
6404	T	8210	0	0	0	0.0	0.0	0.0
6405	C	8210	0	0	0	0.0	0.0	0.0
6406	A	8210	0	0	0	0.0	0.0	0.0
6407	T	8210	1	0	0	0.0001218026796589525	0.0	0.0
6408	C	8210	586	0	0	0.07137637028014616	0.0	0.0
6409	A	8210	709	0	0	0.08635809987819731	0.0	0.0
6410	G	8210	0	0	0	0.0	0.0	0.0
6411	G	8210	0	0	0	0.0	0.0	0.0
6412	A	8210	0	0	0	0.0	0.0	0.0
6413	G	8210	992	0	0	0.12082825822168088	0.0	0.0
6414	C	8210	165	0	0	0.020097442143727162	0.0	0.0
6415	T	8210	0	0	0	0.0	0.0	0.0
6416	A	8210	1	0	0	0.0001218026796589525	0.0	0.0
6417	G	8210	9	0	0	0.0010962241169305725	0.0	0.0
6418	T	8210	0	0	0	0.0	0.0	0.0
6419	T	8210	3720	4	0	0.4531059683313033	0.00048721071863581	0.0
6420	T	8210	0	4	0	0.0	0.00048721071863581	0.0
6421	G	8210	0	4	0	0.0	0.00048721071863581	0.0
6422	A	8210	0	4	0	0.0	0.00048721071863581	0.0
6423	T	8210	0	0	0	0.0	0.0	0.0
6424	T	8210	3704	0	0	0.45115712545676007	0.0	0.0
6425	G	8210	0	0	0	0.0	0.0	0.0
6426	A	8210	0	0	0	0.0	0.0	0.0
6427	T	8210	1	0	0	0.0001218026796589525	0.0	0.0
6428	T	8210	0	3	0	0.0	0.0003654080389768575	0.0
6429	G	8210	6	3	0	0.000730816077953715	0.0003654080389768575	0.0
6430	A	8210	0	3	0	0.0	0.0003654080389768575	0.0
6431	T	8210	1	3	4	0.0001218026796589525	0.0003654080389768575	0.00048721071863581
6432	C	8210	0	0	0	0.0	0.0	0.0
6433	C	8210	35	0	0	0.004263093788063338	0.0	0.0
6434	A	8210	0	0	0	0.0	0.0	0.0
6435	G	8210	457	0	0	0.05566382460414129	0.0	0.0
6436	A	8210	0	0	0	0.0	0.0	0.0
6437	A	8210	0	0	0	0.0	0.0	0.0
6438	A	8210	0	0	0	0.0	0.0	0.0
6439	T	8210	0	0	0	0.0	0.0	0.0
6440	T	8210	0	0	0	0.0	0.0	0.0
6441	C	8210	0	0	0	0.0	0.0	0.0
6442	T	8210	0	0	0	0.0	0.0	0.0
6443	T	8210	0	0	0	0.0	0.0	0.0
6444	T	8210	0	0	0	0.0	0.0	0.0
6445	C	8210	8	0	0	0.00097442143727162	0.0	0.0
6446	G	8210	0	0	0	0.0	0.0	0.0
6447	G	8210	1	0	0	0.0001218026796589525	0.0	0.0
6448	T	8210	8	0	0	0.00097442143727162	0.0	0.0
6449	A	8210	0	0	0	0.0	0.0	0.0
6450	G	8210	35	0	0	0.004263093788063338	0.0	0.0
6451	A	8210	35	0	0	0.004263093788063338	0.0	0.0
6452	T	8210	15	0	0	0.0018270401948842874	0.0	0.0
6453	C	8210	0	0	0	0.0	0.0	0.0
6454	G	8210	0	0	0	0.0	0.0	0.0
6455	T	8210	0	0	0	0.0	0.0	0.0
6456	G	8210	0	0	0	0.0	0.0	0.0
6457	T	8210	5167	0	0	0.6293544457978075	0.0	0.0
6458	A	8210	0	0	0	0.0	0.0	0.0
6459	A	8210	0	0	0	0.0	0.0	0.0
6460	A	8210	0	0	0	0.0	0.0	0.0
6461	G	8210	0	0	0	0.0	0.0	0.0
6462	T	8210	0	0	0	0.0	0.0	0.0
6463	G	8210	0	0	0	0.0	0.0	0.0
6464	A	8210	0	0	0	0.0	0.0	0.0
6465	T	8210	0	0	0	0.0	0.0	0.0
6466	T	8210	8	0	0	0.00097442143727162	0.0	0.0
6467	G	8210	0	0	0	0.0	0.0	0.0
6468	G	8210	1	0	0	0.0001218026796589525	0.0	0.0
6469	A	8210	27	0	0	0.0032886723507917176	0.0	0.0
6470	A	8210	0	0	0	0.0	0.0	0.0
6471	T	8210	1	0	0	0.0001218026796589525	0.0	0.0
6472	A	8210	0	0	0	0.0	0.0	0.0
6473	A	8210	0	0	0	0.0	0.0	0.0
6474	C	8210	3	0	0	0.0003654080389768575	0.0	0.0
6475	A	8210	0	0	0	0.0	0.0	0.0
6476	C	8210	1736	0	0	0.21144945188794154	0.0	0.0
6477	G	8210	1394	0	0	0.16979293544457977	0.0	0.0
6478	T	8210	0	0	0	0.0	0.0	0.0
6479	T	8210	0	0	0	0.0	0.0	0.0
6480	T	8210	0	0	0	0.0	0.0	0.0
6481	A	8210	1736	0	0	0.21144945188794154	0.0	0.0
6482	T	8210	0	0	0	0.0	0.0	0.0
6483	C	8210	0	0	0	0.0	0.0	0.0
6484	A	8210	0	0	0	0.0	0.0	0.0
6485	A	8210	0	0	0	0.0	0.0	0.0
6486	G	8210	0	0	0	0.0	0.0	0.0
6487	A	8210	90	0	0	0.010962241169305725	0.0	0.0
6488	T	8210	0	0	0	0.0	0.0	0.0
6489	T	8210	0	0	0	0.0	0.0	0.0
6490	G	8210	123	0	0	0.014981729598051156	0.0	0.0
6491	G	8210	1707	0	0	0.20791717417783193	0.0	0.0
6492	C	8210	33	0	0	0.004019488428745432	0.0	0.0
6493	G	8210	14	0	0	0.001705237515225335	0.0	0.0
6494	G	8210	1	0	0	0.0001218026796589525	0.0	0.0
6495	C	8210	0	0	0	0.0	0.0	0.0
6496	A	8210	0	0	0	0.0	0.0	0.0
6497	A	8210	0	0	0	0.0	0.0	0.0
6498	A	8210	0	0	0	0.0	0.0	0.0
6499	G	8210	0	0	0	0.0	0.0	0.0
6500	C	8210	0	0	0	0.0	0.0	0.0
6501	T	8210	0	0	0	0.0	0.0	0.0
6502	G	8210	40	0	0	0.0048721071863581	0.0	0.0
6503	C	8210	0	0	0	0.0	0.0	0.0
6504	G	8210	1	0	0	0.0001218026796589525	0.0	0.0
6505	T	8210	57	0	0	0.006942752740560293	0.0	0.0
6506	G	8210	0	0	0	0.0	0.0	0.0
6507	C	8210	0	0	0	0.0	0.0	0.0
6508	A	8210	0	0	0	0.0	0.0	0.0
6509	G	8210	0	0	0	0.0	0.0	0.0
6510	T	8210	0	0	0	0.0	0.0	0.0
6511	A	8210	0	0	0	0.0	0.0	0.0
6512	A	8210	0	0	0	0.0	0.0	0.0
6513	T	8210	0	0	0	0.0	0.0	0.0
6514	A	8210	0	0	0	0.0	0.0	0.0
6515	A	8210	1	0	0	0.0001218026796589525	0.0	0.0
6516	T	8210	1	0	0	0.0001218026796589525	0.0	0.0
6517	T	8210	0	0	0	0.0	0.0	0.0
6518	T	8210	0	0	0	0.0	0.0	0.0
6519	T	8210	0	0	0	0.0	0.0	0.0
6520	T	8210	1	0	0	0.0001218026796589525	0.0	0.0
6521	A	8210	0	0	0	0.0	0.0	0.0
6522	T	8210	0	0	0	0.0	0.0	0.0
6523	A	8210	0	0	0	0.0	0.0	0.0
6524	T	8210	0	0	0	0.0	0.0	0.0
6525	T	8210	0	0	0	0.0	0.0	0.0
6526	A	8210	0	0	0	0.0	0.0	0.0
6527	T	8210	0	0	0	0.0	0.0	0.0
6528	T	8210	0	0	0	0.0	0.0	0.0
6529	T	8210	0	0	0	0.0	0.0	0.0
6530	C	8210	0	0	0	0.0	0.0	0.0
6531	T	8210	0	0	0	0.0	0.0	0.0
6532	T	8210	0	0	0	0.0	0.0	0.0
6533	A	8210	0	0	0	0.0	0.0	0.0
6534	A	8210	26	0	0	0.003166869671132765	0.0	0.0
6535	T	8210	0	0	0	0.0	0.0	0.0
6536	T	8210	0	0	0	0.0	0.0	0.0
6537	C	8210	0	0	0	0.0	0.0	0.0
6538	A	8210	0	0	0	0.0	0.0	0.0
6539	C	8210	0	0	0	0.0	0.0	0.0
6540	C	8210	0	0	0	0.0	0.0	0.0
6541	T	8210	1434	0	0	0.17466504263093788	0.0	0.0
6542	A	8210	0	0	0	0.0	0.0	0.0
6543	C	8210	0	0	0	0.0	0.0	0.0
6544	A	8210	1	0	0	0.0001218026796589525	0.0	0.0
6545	T	8210	0	0	0	0.0	0.0	0.0
6546	T	8210	0	0	0	0.0	0.0	0.0
6547	G	8210	8	0	0	0.00097442143727162	0.0	0.0
6548	C	8210	0	0	0	0.0	0.0	0.0
6549	C	8210	0	0	0	0.0	0.0	0.0
6550	T	8210	1	0	0	0.0001218026796589525	0.0	0.0
6551	A	8210	0	0	0	0.0	0.0	0.0
6552	C	8210	37	0	0	0.004506699147381242	0.0	0.0
6553	A	8210	0	0	0	0.0	0.0	0.0
6554	T	8210	0	0	0	0.0	0.0	0.0
6555	A	8210	0	0	0	0.0	0.0	0.0
6556	A	8210	0	0	0	0.0	0.0	0.0
6557	T	8210	0	0	0	0.0	0.0	0.0
6558	G	8210	0	0	0	0.0	0.0	0.0
6559	G	8210	1	0	0	0.0001218026796589525	0.0	0.0
6560	T	8210	0	0	0	0.0	0.0	0.0
6561	G	8210	0	0	0	0.0	0.0	0.0
6562	G	8210	3670	0	0	0.4470158343483557	0.0	0.0
6563	T	8210	0	0	0	0.0	0.0	0.0
6564	T	8210	0	0	0	0.0	0.0	0.0
6565	T	8210	0	0	0	0.0	0.0	0.0
6566	T	8210	0	0	0	0.0	0.0	0.0
6567	C	8210	0	0	0	0.0	0.0	0.0
6568	T	8210	0	0	0	0.0	0.0	0.0
6569	A	8210	0	0	0	0.0	0.0	0.0
6570	A	8210	0	0	0	0.0	0.0	0.0
6571	A	8210	0	0	0	0.0	0.0	0.0
6572	A	8210	0	0	0	0.0	0.0	0.0
6573	G	8210	1	0	0	0.0001218026796589525	0.0	0.0
6574	T	8210	0	0	0	0.0	0.0	0.0
6575	T	8210	0	0	0	0.0	0.0	0.0
6576	G	8210	1007	0	0	0.12265529841656517	0.0	0.0
6577	G	8210	0	0	0	0.0	0.0	0.0
6578	A	8210	0	0	0	0.0	0.0	0.0
6579	T	8210	0	0	0	0.0	0.0	0.0
6580	A	8210	0	0	0	0.0	0.0	0.0
6581	A	8210	0	0	0	0.0	0.0	0.0
6582	C	8210	0	0	0	0.0	0.0	0.0
6583	T	8210	0	0	0	0.0	0.0	0.0
6584	T	8210	0	0	0	0.0	0.0	0.0
6585	G	8210	0	0	0	0.0	0.0	0.0
6586	T	8210	0	0	0	0.0	0.0	0.0
6587	G	8210	0	0	0	0.0	0.0	0.0
6588	G	8210	9	0	0	0.0010962241169305725	0.0	0.0
6589	C	8210	0	0	0	0.0	0.0	0.0
6590	G	8210	0	0	0	0.0	0.0	0.0
6591	T	8210	0	0	0	0.0	0.0	0.0
6592	G	8210	5	0	0	0.0006090133982947625	0.0	0.0
6593	A	8210	0	0	0	0.0	0.0	0.0
6594	T	8210	0	0	0	0.0	0.0	0.0
6595	A	8210	0	0	0	0.0	0.0	0.0
6596	G	8210	1	0	0	0.0001218026796589525	0.0	0.0
6597	T	8210	0	0	0	0.0	0.0	0.0
6598	A	8210	0	0	0	0.0	0.0	0.0
6599	A	8210	0	0	0	0.0	0.0	0.0
6600	C	8210	1	0	0	0.0001218026796589525	0.0	0.0
6601	T	8210	0	0	0	0.0	0.0	0.0
6602	G	8210	125	0	0	0.015225334957369063	0.0	0.0
6603	C	8210	0	0	0	0.0	0.0	0.0
6604	T	8210	0	0	0	0.0	0.0	0.0
6605	T	8210	0	0	0	0.0	0.0	0.0
6606	T	8210	28	0	0	0.00341047503045067	0.0	0.0
6607	T	8210	0	0	0	0.0	0.0	0.0
6608	T	8210	0	0	0	0.0	0.0	0.0
6609	G	8210	0	0	0	0.0	0.0	0.0
6610	A	8210	0	0	0	0.0	0.0	0.0
6611	A	8210	0	0	0	0.0	0.0	0.0
6612	T	8210	0	0	0	0.0	0.0	0.0
6613	A	8210	0	0	0	0.0	0.0	0.0
6614	G	8210	1	0	0	0.0001218026796589525	0.0	0.0
6615	C	8210	0	0	0	0.0	0.0	0.0
6616	T	8210	0	0	0	0.0	0.0	0.0
6617	T	8210	0	0	0	0.0	0.0	0.0
6618	G	8210	0	0	0	0.0	0.0	0.0
6619	C	8210	3	0	0	0.0003654080389768575	0.0	0.0
6620	T	8210	0	0	0	0.0	0.0	0.0
6621	G	8210	0	0	0	0.0	0.0	0.0
6622	T	8210	0	0	0	0.0	0.0	0.0
6623	T	8210	0	0	1	0.0	0.0	0.0001218026796589525
6624	C	8210	0	0	0	0.0	0.0	0.0
6625	C	8210	0	0	0	0.0	0.0	0.0
6626	T	8210	0	0	0	0.0	0.0	0.0
6627	C	8210	0	0	0	0.0	0.0	0.0
6628	A	8210	0	0	0	0.0	0.0	0.0
6629	T	8210	0	0	0	0.0	0.0	0.0
6630	A	8210	0	0	0	0.0	0.0	0.0
6631	A	8210	0	0	0	0.0	0.0	0.0
6632	A	8210	0	0	0	0.0	0.0	0.0
6633	A	8210	0	0	0	0.0	0.0	0.0
6634	T	8210	0	0	0	0.0	0.0	0.0
6635	G	8210	0	0	0	0.0	0.0	0.0
6636	C	8210	0	0	0	0.0	0.0	0.0
6637	T	8210	0	0	0	0.0	0.0	0.0
6638	C	8210	15	0	0	0.0018270401948842874	0.0	0.0
6639	G	8210	1	0	0	0.0001218026796589525	0.0	0.0
6640	C	8210	0	0	0	0.0	0.0	0.0
6641	A	8210	0	0	0	0.0	0.0	0.0
6642	T	8210	0	0	0	0.0	0.0	0.0
6643	A	8210	0	0	0	0.0	0.0	0.0
6644	A	8210	0	0	0	0.0	0.0	0.0
6645	T	8210	0	0	0	0.0	0.0	0.0
6646	T	8210	0	0	0	0.0	0.0	0.0
6647	A	8210	0	0	0	0.0	0.0	0.0
6648	A	8210	0	0	0	0.0	0.0	0.0
6649	T	8210	0	0	0	0.0	0.0	0.0
6650	T	8210	0	0	0	0.0	0.0	0.0
6651	G	8210	3	0	0	0.0003654080389768575	0.0	0.0
6652	T	8210	1	0	0	0.0001218026796589525	0.0	0.0
6653	T	8210	0	0	0	0.0	0.0	0.0
6654	T	8210	0	0	0	0.0	0.0	0.0
6655	T	8210	0	0	0	0.0	0.0	0.0
6656	C	8210	8	0	0	0.00097442143727162	0.0	0.0
6657	T	8210	0	0	0	0.0	0.0	0.0
6658	T	8210	10	0	0	0.001218026796589525	0.0	0.0
6659	T	8210	0	0	0	0.0	0.0	0.0
6660	C	8210	0	0	0	0.0	0.0	0.0
6661	C	8210	1	0	0	0.0001218026796589525	0.0	0.0
6662	G	8210	0	0	0	0.0	0.0	0.0
6663	C	8210	0	0	0	0.0	0.0	0.0
6664	T	8210	0	0	0	0.0	0.0	0.0
6665	T	8210	0	0	0	0.0	0.0	0.0
6666	G	8210	0	0	0	0.0	0.0	0.0
6667	A	8210	53	0	0	0.006455542021924482	0.0	0.0
6668	G	8210	0	0	0	0.0	0.0	0.0
6669	T	8210	1	0	0	0.0001218026796589525	0.0	0.0
6670	G	8210	0	0	0	0.0	0.0	0.0
6671	C	8210	1	0	0	0.0001218026796589525	0.0	0.0
6672	G	8210	0	0	0	0.0	0.0	0.0
6673	T	8210	0	0	0	0.0	0.0	0.0
6674	T	8210	0	0	0	0.0	0.0	0.0
6675	C	8210	0	0	0	0.0	0.0	0.0
6676	A	8210	0	0	0	0.0	0.0	0.0
6677	G	8210	0	0	0	0.0	0.0	0.0
6678	C	8210	1	0	0	0.0001218026796589525	0.0	0.0
6679	A	8210	1	0	0	0.0001218026796589525	0.0	0.0
6680	A	8210	0	0	0	0.0	0.0	0.0
6681	G	8210	0	0	0	0.0	0.0	0.0
6682	A	8210	0	0	0	0.0	0.0	0.0
6683	C	8210	0	0	0	0.0	0.0	0.0
6684	T	8210	0	0	0	0.0	0.0	0.0
6685	T	8210	0	0	0	0.0	0.0	0.0
6686	G	8210	0	0	0	0.0	0.0	0.0
6687	G	8210	0	0	0	0.0	0.0	0.0
6688	G	8210	1	0	0	0.0001218026796589525	0.0	0.0
6689	A	8210	1	0	0	0.0001218026796589525	0.0	0.0
6690	T	8210	0	0	0	0.0	0.0	0.0
6691	T	8210	0	0	0	0.0	0.0	0.0
6692	T	8210	0	0	0	0.0	0.0	0.0
6693	T	8210	0	0	0	0.0	0.0	0.0
6694	A	8210	1	0	0	0.0001218026796589525	0.0	0.0
6695	A	8210	0	0	0	0.0	0.0	0.0
6696	T	8210	0	1	0	0.0	0.0001218026796589525	0.0
6697	T	8210	0	0	0	0.0	0.0	0.0
6698	T	8210	0	0	0	0.0	0.0	0.0
6699	G	8210	0	0	0	0.0	0.0	0.0
6700	A	8210	0	0	0	0.0	0.0	0.0
6701	A	8210	0	0	0	0.0	0.0	0.0
6702	T	8210	0	0	0	0.0	0.0	0.0
6703	A	8210	0	0	0	0.0	0.0	0.0
6704	G	8210	0	0	0	0.0	0.0	0.0
6705	G	8210	0	0	0	0.0	0.0	0.0
6706	A	8210	3	0	0	0.0003654080389768575	0.0	0.0
6707	A	8210	0	0	0	0.0	0.0	0.0
6708	T	8210	0	0	0	0.0	0.0	0.0
6709	T	8210	1296	0	0	0.15785627283800244	0.0	0.0
6710	C	8210	0	0	0	0.0	0.0	0.0
6711	G	8210	7	0	0	0.0008526187576126675	0.0	0.0
6712	T	8210	0	0	0	0.0	0.0	0.0
6713	C	8210	0	0	0	0.0	0.0	0.0
6714	T	8210	0	0	0	0.0	0.0	0.0
6715	T	8210	0	0	0	0.0	0.0	0.0
6716	A	8210	0	0	0	0.0	0.0	0.0
6717	A	8210	0	0	0	0.0	0.0	0.0
6718	A	8210	0	0	0	0.0	0.0	0.0
6719	A	8210	0	0	0	0.0	0.0	0.0
6720	A	8210	0	0	0	0.0	0.0	0.0
6721	T	8210	0	0	0	0.0	0.0	0.0
6722	G	8210	0	0	0	0.0	0.0	0.0
6723	T	8210	0	0	0	0.0	0.0	0.0
6724	C	8210	0	0	0	0.0	0.0	0.0
6725	G	8210	0	0	0	0.0	0.0	0.0
6726	T	8210	0	0	0	0.0	0.0	0.0
6727	T	8210	0	0	0	0.0	0.0	0.0
6728	A	8210	0	1	0	0.0	0.0001218026796589525	0.0
6729	A	8210	0	0	0	0.0	0.0	0.0
6730	A	8210	0	0	0	0.0	0.0	0.0
6731	A	8210	0	0	0	0.0	0.0	0.0
6732	A	8210	0	0	0	0.0	0.0	0.0
6733	G	8210	1297	0	0	0.15797807551766138	0.0	0.0
6734	G	8210	0	0	0	0.0	0.0	0.0
6735	T	8210	0	0	0	0.0	0.0	0.0
6736	G	8210	8	0	0	0.00097442143727162	0.0	0.0
6737	C	8210	10	0	0	0.001218026796589525	0.0	0.0
6738	T	8210	0	0	0	0.0	0.0	0.0
6739	A	8210	0	0	0	0.0	0.0	0.0
6740	G	8210	0	0	0	0.0	0.0	0.0
6741	A	8210	2	0	0	0.000243605359317905	0.0	0.0
6742	A	8210	0	0	0	0.0	0.0	0.0
6743	A	8210	0	0	0	0.0	0.0	0.0
6744	T	8210	0	0	0	0.0	0.0	0.0
6745	T	8210	0	0	0	0.0	0.0	0.0
6746	T	8210	2	0	0	0.000243605359317905	0.0	0.0
6747	C	8210	2	0	0	0.000243605359317905	0.0	0.0
6748	T	8210	0	0	0	0.0	0.0	0.0
6749	T	8210	0	0	0	0.0	0.0	0.0
6750	C	8210	0	0	0	0.0	0.0	0.0
6751	A	8210	0	0	0	0.0	0.0	0.0
6752	G	8210	0	0	0	0.0	0.0	0.0
6753	T	8210	0	0	0	0.0	0.0	0.0
6754	T	8210	0	0	0	0.0	0.0	0.0
6755	G	8210	0	0	0	0.0	0.0	0.0
6756	T	8210	0	0	0	0.0	0.0	0.0
6757	G	8210	1	0	0	0.0001218026796589525	0.0	0.0
6758	G	8210	0	0	0	0.0	0.0	0.0
6759	C	8210	0	0	0	0.0	0.0	0.0
6760	A	8210	0	0	0	0.0	0.0	0.0
6761	A	8210	0	0	0	0.0	0.0	0.0
6762	A	8210	0	0	0	0.0	0.0	0.0
6763	G	8210	1	0	0	0.0001218026796589525	0.0	0.0
6764	C	8210	0	0	0	0.0	0.0	0.0
6765	A	8210	0	0	0	0.0	0.0	0.0
6766	C	8210	1	0	0	0.0001218026796589525	0.0	0.0
6767	A	8210	0	0	0	0.0	0.0	0.0
6768	A	8210	0	0	0	0.0	0.0	0.0
6769	C	8210	0	0	0	0.0	0.0	0.0
6770	C	8210	0	0	0	0.0	0.0	0.0
6771	G	8210	7	0	0	0.0008526187576126675	0.0	0.0
6772	A	8210	0	0	0	0.0	0.0	0.0
6773	C	8210	0	0	0	0.0	0.0	0.0
6774	A	8210	0	0	0	0.0	0.0	0.0
6775	C	8210	0	0	0	0.0	0.0	0.0
6776	G	8210	6	0	0	0.000730816077953715	0.0	0.0
6777	T	8210	0	0	0	0.0	0.0	0.0
6778	A	8210	0	0	0	0.0	0.0	0.0
6779	A	8210	0	0	0	0.0	0.0	0.0
6780	C	8210	0	0	0	0.0	0.0	0.0
6781	A	8210	0	0	0	0.0	0.0	0.0
6782	G	8210	1	0	0	0.0001218026796589525	0.0	0.0
6783	G	8210	1	0	0	0.0001218026796589525	0.0	0.0
6784	A	8210	0	0	0	0.0	0.0	0.0
6785	A	8210	0	0	0	0.0	0.0	0.0
6786	T	8210	0	0	0	0.0	0.0	0.0
6787	G	8210	0	0	0	0.0	0.0	0.0
6788	G	8210	0	0	0	0.0	0.0	0.0
6789	G	8210	0	0	0	0.0	0.0	0.0
6790	C	8210	2	0	0	0.000243605359317905	0.0	0.0
6791	C	8210	0	0	0	0.0	0.0	0.0
6792	G	8210	1	0	0	0.0001218026796589525	0.0	0.0
6793	A	8210	0	0	0	0.0	0.0	0.0
6794	T	8210	0	0	0	0.0	0.0	0.0
6795	T	8210	0	0	0	0.0	0.0	0.0
6796	G	8210	1	0	0	0.0001218026796589525	0.0	0.0
6797	G	8210	0	0	0	0.0	0.0	0.0
6798	T	8210	0	0	0	0.0	0.0	0.0
6799	T	8210	0	0	0	0.0	0.0	0.0
6800	T	8210	0	0	0	0.0	0.0	0.0
6801	C	8210	0	0	0	0.0	0.0	0.0
6802	A	8210	0	0	0	0.0	0.0	0.0
6803	C	8210	0	0	0	0.0	0.0	0.0
6804	C	8210	0	0	0	0.0	0.0	0.0
6805	C	8210	0	0	0	0.0	0.0	0.0
6806	A	8210	0	0	0	0.0	0.0	0.0
6807	T	8210	0	0	0	0.0	0.0	0.0
6808	C	8210	1915	0	0	0.23325213154689403	0.0	0.0
6809	C	8210	0	0	0	0.0	0.0	0.0
6810	G	8210	0	0	0	0.0	0.0	0.0
6811	A	8210	0	0	0	0.0	0.0	0.0
6812	T	8210	0	0	0	0.0	0.0	0.0
6813	A	8210	0	0	0	0.0	0.0	0.0
6814	A	8210	475	0	0	0.05785627283800244	0.0	0.0
6815	A	8210	0	0	0	0.0	0.0	0.0
6816	T	8210	0	0	0	0.0	0.0	0.0
6817	G	8210	2565	0	1	0.31242387332521315	0.0	0.0001218026796589525
6818	A	8210	0	0	0	0.0	0.0	0.0
6819	T	8210	0	0	0	0.0	0.0	0.0
6820	A	8210	249	0	0	0.03032886723507917	0.0	0.0
6821	C	8210	0	0	0	0.0	0.0	0.0
6822	C	8210	0	0	0	0.0	0.0	0.0
6823	T	8210	8092	0	0	0.9856272838002436	0.0	0.0
6824	T	8210	0	0	0	0.0	0.0	0.0
6825	G	8210	0	0	0	0.0	0.0	0.0
6826	A	8210	1	0	0	0.0001218026796589525	0.0	0.0
6827	T	8210	0	0	0	0.0	0.0	0.0
6828	C	8210	1	0	0	0.0001218026796589525	0.0	0.0
6829	T	8210	0	0	33084	0.0	0.0	4.029719853836784
6830	A	8210	0	0	0	0.0	0.0	0.0
6831	A	8210	0	0	38550	0.0	0.0	4.695493300852619
6832	T	8210	0	0	26426	0.0	0.0	3.2187576126674786
6833	T	8210	0	0	12	0.0	0.0	0.00146163215590743
6834	T	8210	0	0	0	0.0	0.0	0.0
6835	T	8210	0	0	0	0.0	0.0	0.0
6836	T	8210	0	0	0	0.0	0.0	0.0
6837	C	8210	2	0	4	0.000243605359317905	0.0	0.00048721071863581
6838	C	8210	0	0	0	0.0	0.0	0.0
6839	T	8210	0	0	0	0.0	0.0	0.0
6840	G	8210	1	0	0	0.0001218026796589525	0.0	0.0
6841	C	8210	1	0	0	0.0001218026796589525	0.0	0.0
6842	C	8210	2	0	0	0.000243605359317905	0.0	0.0
6843	C	8210	0	0	0	0.0	0.0	0.0
6844	T	8210	0	0	0	0.0	0.0	0.0
6845	T	8210	1	0	0	0.0001218026796589525	0.0	0.0
6846	C	8210	0	0	0	0.0	0.0	0.0
6847	A	8210	1	0	0	0.0001218026796589525	0.0	0.0
6848	G	8210	0	0	0	0.0	0.0	0.0
6849	G	8210	0	0	0	0.0	0.0	0.0
6850	A	8210	0	0	0	0.0	0.0	0.0
6851	C	8210	2	0	0	0.000243605359317905	0.0	0.0
6852	T	8210	1	0	0	0.0001218026796589525	0.0	0.0
6853	C	8210	0	0	0	0.0	0.0	0.0
6854	A	8210	0	0	0	0.0	0.0	0.0
6855	A	8210	0	0	0	0.0	0.0	0.0
6856	A	8210	1	0	0	0.0001218026796589525	0.0	0.0
6857	C	8210	0	0	0	0.0	0.0	0.0
6858	G	8210	0	0	0	0.0	0.0	0.0
6859	A	8210	0	0	0	0.0	0.0	0.0
6860	T	8210	0	0	0	0.0	0.0	0.0
6861	G	8210	1	0	0	0.0001218026796589525	0.0	0.0
6862	A	8210	0	0	0	0.0	0.0	0.0
6863	A	8210	0	0	0	0.0	0.0	0.0
6864	C	8210	0	0	0	0.0	0.0	0.0
6865	T	8210	0	0	0	0.0	0.0	0.0
6866	T	8210	0	0	0	0.0	0.0	0.0
6867	C	8210	0	0	0	0.0	0.0	0.0
6868	A	8210	0	0	0	0.0	0.0	0.0
6869	T	8210	0	0	0	0.0	0.0	0.0
6870	C	8210	0	0	0	0.0	0.0	0.0
6871	T	8210	0	0	0	0.0	0.0	0.0
6872	A	8210	0	0	0	0.0	0.0	0.0
6873	A	8210	0	0	0	0.0	0.0	0.0
6874	A	8210	0	0	0	0.0	0.0	0.0
6875	A	8210	0	0	0	0.0	0.0	0.0
6876	A	8210	0	0	0	0.0	0.0	0.0
6877	T	8210	0	0	0	0.0	0.0	0.0
6878	A	8210	0	0	0	0.0	0.0	0.0
6879	A	8210	0	0	0	0.0	0.0	0.0
6880	A	8210	0	0	0	0.0	0.0	0.0
6881	A	8210	7	0	0	0.0008526187576126675	0.0	0.0
6882	C	8210	0	0	0	0.0	0.0	0.0
6883	G	8210	0	0	0	0.0	0.0	0.0
6884	C	8210	0	0	0	0.0	0.0	0.0
6885	C	8210	0	0	0	0.0	0.0	0.0
6886	C	8210	2	0	0	0.000243605359317905	0.0	0.0
6887	C	8210	0	0	0	0.0	0.0	0.0
6888	C	8210	0	0	0	0.0	0.0	0.0
6889	T	8210	44	0	0	0.00535931790499391	0.0	0.0
6890	T	8210	0	0	0	0.0	0.0	0.0
6891	C	8210	0	0	0	0.0	0.0	0.0
6892	T	8210	0	0	0	0.0	0.0	0.0
6893	G	8210	0	0	0	0.0	0.0	0.0
6894	C	8210	1	0	0	0.0001218026796589525	0.0	0.0
6895	A	8210	0	0	0	0.0	0.0	0.0
6896	C	8210	0	0	0	0.0	0.0	0.0
6897	T	8210	0	0	0	0.0	0.0	0.0
6898	T	8210	0	0	0	0.0	0.0	0.0
6899	T	8210	0	0	0	0.0	0.0	0.0
6900	G	8210	0	0	0	0.0	0.0	0.0
6901	A	8210	0	0	0	0.0	0.0	0.0
6902	A	8210	0	0	0	0.0	0.0	0.0
6903	A	8210	0	0	0	0.0	0.0	0.0
6904	G	8210	1	0	0	0.0001218026796589525	0.0	0.0
6905	G	8210	2	0	0	0.000243605359317905	0.0	0.0
6906	C	8210	11	0	0	0.0013398294762484776	0.0	0.0
6907	T	8210	4741	0	0	0.5774665042630938	0.0	0.0
6908	C	8210	2	0	0	0.000243605359317905	0.0	0.0
6909	C	8210	0	0	0	0.0	0.0	0.0
6910	A	8210	0	0	0	0.0	0.0	0.0
6911	A	8210	0	0	0	0.0	0.0	0.0
6912	T	8210	0	0	0	0.0	0.0	0.0
6913	T	8210	0	0	0	0.0	0.0	0.0
6914	T	8210	0	0	0	0.0	0.0	0.0
6915	T	8210	0	0	0	0.0	0.0	0.0
6916	A	8210	0	0	0	0.0	0.0	0.0
6917	T	8210	0	0	0	0.0	0.0	0.0
6918	C	8210	47	0	0	0.005724725943970767	0.0	0.0
6919	G	8210	0	0	0	0.0	0.0	0.0
6920	G	8210	1	0	0	0.0001218026796589525	0.0	0.0
6921	A	8210	0	0	0	0.0	0.0	0.0
6922	A	8210	0	0	0	0.0	0.0	0.0
6923	T	8210	0	0	0	0.0	0.0	0.0
6924	C	8210	0	0	0	0.0	0.0	0.0
6925	T	8210	0	0	0	0.0	0.0	0.0
6926	G	8210	0	0	0	0.0	0.0	0.0
6927	C	8210	0	0	0	0.0	0.0	0.0
6928	T	8210	0	0	0	0.0	0.0	0.0
6929	C	8210	1	0	0	0.0001218026796589525	0.0	0.0
6930	C	8210	0	0	0	0.0	0.0	0.0
6931	C	8210	473	0	0	0.05761266747868453	0.0	0.0
6932	G	8210	0	0	0	0.0	0.0	0.0
6933	T	8210	0	0	0	0.0	0.0	0.0
6934	A	8210	0	0	0	0.0	0.0	0.0
6935	A	8210	0	0	0	0.0	0.0	0.0
6936	A	8210	0	0	0	0.0	0.0	0.0
6937	A	8210	0	0	0	0.0	0.0	0.0
6938	G	8210	0	0	0	0.0	0.0	0.0
6939	C	8210	1	0	0	0.0001218026796589525	0.0	0.0
6940	G	8210	5	0	0	0.0006090133982947625	0.0	0.0
6941	C	8210	0	0	6	0.0	0.0	0.000730816077953715
6942	C	8210	0	0	0	0.0	0.0	0.0
6943	T	8210	0	0	2	0.0	0.0	0.000243605359317905
6944	T	8210	0	0	0	0.0	0.0	0.0
6945	T	8210	0	0	0	0.0	0.0	0.0
6946	A	8210	0	0	0	0.0	0.0	0.0
6947	A	8210	0	0	0	0.0	0.0	0.0
6948	G	8210	0	0	0	0.0	0.0	0.0
6949	A	8210	0	0	0	0.0	0.0	0.0
6950	T	8210	0	0	0	0.0	0.0	0.0
6951	G	8210	0	0	0	0.0	0.0	0.0
6952	C	8210	1593	0	0	0.19403166869671132	0.0	0.0
6953	C	8210	0	0	0	0.0	0.0	0.0
6954	C	8210	0	0	0	0.0	0.0	0.0
6955	A	8210	0	0	0	0.0	0.0	0.0
6956	A	8210	0	0	0	0.0	0.0	0.0
6957	A	8210	0	0	0	0.0	0.0	0.0
6958	T	8210	0	0	0	0.0	0.0	0.0
6959	A	8210	0	0	0	0.0	0.0	0.0
6960	A	8210	0	0	0	0.0	0.0	0.0
6961	T	8210	0	0	0	0.0	0.0	0.0
6962	T	8210	0	0	0	0.0	0.0	0.0
6963	G	8210	0	0	0	0.0	0.0	0.0
6964	A	8210	0	0	0	0.0	0.0	0.0
6965	C	8210	0	0	0	0.0	0.0	0.0
6966	T	8210	0	0	0	0.0	0.0	0.0
6967	A	8210	0	0	0	0.0	0.0	0.0
6968	G	8210	0	0	0	0.0	0.0	0.0
6969	T	8210	0	0	0	0.0	0.0	0.0
6970	T	8210	0	0	0	0.0	0.0	0.0
6971	A	8210	0	0	0	0.0	0.0	0.0
6972	A	8210	0	0	0	0.0	0.0	0.0
6973	A	8210	0	0	0	0.0	0.0	0.0
6974	A	8210	0	0	0	0.0	0.0	0.0
6975	G	8210	0	0	0	0.0	0.0	0.0
6976	C	8210	0	0	0	0.0	0.0	0.0
6977	T	8210	53	0	0	0.006455542021924482	0.0	0.0
6978	C	8210	0	0	0	0.0	0.0	0.0
6979	T	8210	8	0	0	0.00097442143727162	0.0	0.0
6980	G	8210	0	0	0	0.0	0.0	0.0
6981	G	8210	1	0	0	0.0001218026796589525	0.0	0.0
6982	A	8210	8	0	0	0.00097442143727162	0.0	0.0
6983	T	8210	0	0	0	0.0	0.0	0.0
6984	T	8210	0	0	0	0.0	0.0	0.0
6985	G	8210	1	0	0	0.0001218026796589525	0.0	0.0
6986	T	8210	0	0	0	0.0	0.0	0.0
6987	T	8210	0	0	0	0.0	0.0	0.0
6988	G	8210	151	0	0	0.018392204628501826	0.0	0.0
6989	G	8210	1	0	0	0.0001218026796589525	0.0	0.0
6990	C	8210	1	0	0	0.0001218026796589525	0.0	0.0
6991	A	8210	0	0	0	0.0	0.0	0.0
6992	T	8210	0	0	0	0.0	0.0	0.0
6993	A	8210	0	0	0	0.0	0.0	0.0
6994	T	8210	0	0	0	0.0	0.0	0.0
6995	T	8210	0	0	0	0.0	0.0	0.0
6996	G	8210	0	0	0	0.0	0.0	0.0
6997	C	8210	0	0	0	0.0	0.0	0.0
6998	G	8210	0	0	0	0.0	0.0	0.0
6999	C	8210	0	0	0	0.0	0.0	0.0
7000	A	8210	0	0	0	0.0	0.0	0.0
7001	C	8210	0	0	0	0.0	0.0	0.0
7002	A	8210	0	0	0	0.0	0.0	0.0
7003	A	8210	0	0	0	0.0	0.0	0.0
7004	T	8210	0	0	0	0.0	0.0	0.0
7005	T	8210	0	0	0	0.0	0.0	0.0
7006	A	8210	0	0	0	0.0	0.0	0.0
7007	A	8210	0	0	0	0.0	0.0	0.0
7008	C	8210	1	0	0	0.0001218026796589525	0.0	0.0
7009	T	8210	0	0	0	0.0	0.0	0.0
7010	G	8210	3	0	0	0.0003654080389768575	0.0	0.0
7011	T	8210	0	0	0	0.0	0.0	0.0
7012	C	8210	1667	0	0	0.20304506699147382	0.0	0.0
7013	A	8210	0	0	0	0.0	0.0	0.0
7014	C	8210	3	0	0	0.0003654080389768575	0.0	0.0
7015	A	8210	0	0	0	0.0	0.0	0.0
7016	A	8210	0	0	0	0.0	0.0	0.0
7017	A	8210	0	0	0	0.0	0.0	0.0
7018	A	8210	0	0	0	0.0	0.0	0.0
7019	G	8210	21	0	0	0.0025578562728380025	0.0	0.0
7020	G	8209	10	0	0	0.0012181751735899622	0.0	0.0
7021	T	8209	0	0	0	0.0	0.0	0.0
7022	G	8209	3	0	0	0.00036545255207698867	0.0	0.0
7023	C	8209	0	0	0	0.0	0.0	0.0
7024	T	8209	0	0	0	0.0	0.0	0.0
7025	G	8209	0	0	0	0.0	0.0	0.0
7026	A	8209	0	0	0	0.0	0.0	0.0
7027	A	8209	0	0	0	0.0	0.0	0.0
7028	T	8209	0	0	0	0.0	0.0	0.0
7029	C	8209	0	0	0	0.0	0.0	0.0
7030	G	8209	0	0	0	0.0	0.0	0.0
7031	T	8209	0	0	0	0.0	0.0	0.0
7032	C	8209	0	0	0	0.0	0.0	0.0
7033	A	8209	0	0	0	0.0	0.0	0.0
7034	A	8209	0	0	0	0.0	0.0	0.0
7035	G	8209	1	0	0	0.00012181751735899622	0.0	0.0
7036	T	8209	220	0	0	0.026799853818979168	0.0	0.0
7037	A	8209	0	0	0	0.0	0.0	0.0
7038	G	8209	0	0	0	0.0	0.0	0.0
7039	T	8209	0	0	0	0.0	0.0	0.0
7040	T	8209	0	0	0	0.0	0.0	0.0
7041	C	8209	0	0	0	0.0	0.0	0.0
7042	T	8209	0	0	0	0.0	0.0	0.0
7043	T	8209	0	0	0	0.0	0.0	0.0
7044	T	8209	0	0	0	0.0	0.0	0.0
7045	T	8209	0	0	0	0.0	0.0	0.0
7046	G	8209	0	0	0	0.0	0.0	0.0
7047	A	8209	0	0	0	0.0	0.0	0.0
7048	A	8209	0	0	0	0.0	0.0	0.0
7049	A	8209	0	0	0	0.0	0.0	0.0
7050	G	8209	0	0	0	0.0	0.0	0.0
7051	A	8209	0	0	0	0.0	0.0	0.0
7052	C	8209	0	0	0	0.0	0.0	0.0
7053	A	8209	0	0	0	0.0	0.0	0.0
7054	A	8209	0	0	0	0.0	0.0	0.0
7055	A	8209	0	0	0	0.0	0.0	0.0
7056	A	8209	1	0	0	0.00012181751735899622	0.0	0.0
7057	C	8209	2	0	0	0.00024363503471799245	0.0	0.0
7058	T	8209	0	0	0	0.0	0.0	0.0
7059	G	8209	0	0	0	0.0	0.0	0.0
7060	A	8209	0	0	0	0.0	0.0	0.0
7061	T	8209	0	0	0	0.0	0.0	0.0
7062	A	8209	0	0	0	0.0	0.0	0.0
7063	A	8209	0	0	0	0.0	0.0	0.0
7064	T	8209	0	0	0	0.0	0.0	0.0
7065	A	8209	0	0	0	0.0	0.0	0.0
7066	T	8209	0	0	0	0.0	0.0	0.0
7067	A	8209	0	0	0	0.0	0.0	0.0
7068	A	8209	0	0	0	0.0	0.0	0.0
7069	G	8209	0	0	0	0.0	0.0	0.0
7070	G	8209	0	0	0	0.0	0.0	0.0
7071	A	8209	0	0	0	0.0	0.0	0.0
7072	T	8209	0	0	0	0.0	0.0	0.0
7073	G	8209	0	0	0	0.0	0.0	0.0
7074	C	8209	0	0	0	0.0	0.0	0.0
7075	T	8209	0	0	0	0.0	0.0	0.0
7076	A	8209	1	0	0	0.00012181751735899622	0.0	0.0
7077	A	8209	0	0	0	0.0	0.0	0.0
7078	A	8209	0	0	0	0.0	0.0	0.0
7079	A	8209	0	0	0	0.0	0.0	0.0
7080	A	8209	0	0	0	0.0	0.0	0.0
7081	A	8209	0	0	1	0.0	0.0	0.00012181751735899622
7082	C	8209	0	0	0	0.0	0.0	0.0
7083	T	8209	0	0	0	0.0	0.0	0.0
7084	T	8209	0	0	0	0.0	0.0	0.0
7085	T	8209	0	0	0	0.0	0.0	0.0
7086	T	8209	0	0	0	0.0	0.0	0.0
7087	A	8209	0	0	0	0.0	0.0	0.0
7088	C	8209	0	0	0	0.0	0.0	0.0
7089	C	8209	0	0	7	0.0	0.0	0.0008527226215129736
7090	C	8209	11	0	0	0.0013399926909489586	0.0	0.0
7091	G	8209	8	0	0	0.0009745401388719698	0.0	0.0
7092	T	8209	0	0	0	0.0	0.0	0.0
7093	A	8209	0	0	0	0.0	0.0	0.0
7094	C	8209	0	0	0	0.0	0.0	0.0
7095	C	8209	0	0	0	0.0	0.0	0.0
7096	A	8209	1	0	0	0.00012181751735899622	0.0	0.0
7097	C	8209	0	0	0	0.0	0.0	0.0
7098	T	8209	0	0	0	0.0	0.0	0.0
7099	T	8209	0	0	0	0.0	0.0	0.0
7100	T	8209	0	0	0	0.0	0.0	0.0
7101	C	8209	0	0	0	0.0	0.0	0.0
7102	A	8209	0	0	0	0.0	0.0	0.0
7103	C	8209	0	0	0	0.0	0.0	0.0
7104	C	8209	0	0	0	0.0	0.0	0.0
7105	T	8209	0	0	0	0.0	0.0	0.0
7106	G	8209	0	0	0	0.0	0.0	0.0
7107	T	8209	0	0	0	0.0	0.0	0.0
7108	A	8209	1	0	0	0.00012181751735899622	0.0	0.0
7109	A	8209	0	0	0	0.0	0.0	0.0
7110	T	8209	0	0	0	0.0	0.0	0.0
7111	T	8209	0	0	0	0.0	0.0	0.0
7112	A	8209	0	0	0	0.0	0.0	0.0
7113	A	8209	0	0	0	0.0	0.0	0.0
7114	G	8209	2	0	0	0.00024363503471799245	0.0	0.0
7115	A	8209	0	0	0	0.0	0.0	0.0
7116	C	8209	40	0	0	0.004872700694359849	0.0	0.0
7117	A	8209	0	0	0	0.0	0.0	0.0
7118	G	8209	0	0	0	0.0	0.0	0.0
7119	G	8209	1	0	0	0.00012181751735899622	0.0	0.0
7120	C	8209	463	0	0	0.05640151053721525	0.0	0.0
7121	A	8209	0	0	0	0.0	0.0	0.0
7122	A	8209	0	0	0	0.0	0.0	0.0
7123	G	8209	6973	0	0	0.8494335485442807	0.0	0.0
7124	C	8209	0	0	0	0.0	0.0	0.0
7125	C	8209	0	0	0	0.0	0.0	0.0
7126	A	8209	0	0	0	0.0	0.0	0.0
7127	C	8209	1	0	0	0.00012181751735899622	0.0	0.0
7128	C	8209	0	0	0	0.0	0.0	0.0
7129	G	8209	328	0	0	0.039956145693750764	0.0	0.0
7130	C	8209	631	0	0	0.07686685345352662	0.0	0.0
7131	C	8209	5	0	0	0.0006090875867949811	0.0	0.0
7132	A	8209	212	0	0	0.0258253136801072	0.0	0.0
7133	G	8209	1	0	0	0.00012181751735899622	0.0	0.0
7134	G	8209	0	0	0	0.0	0.0	0.0
7135	A	8209	58	0	0	0.007065416006821781	0.0	0.0
7136	T	8209	0	0	0	0.0	0.0	0.0
7137	A	8209	0	0	0	0.0	0.0	0.0
7138	A	8209	0	0	0	0.0	0.0	0.0
7139	A	8209	0	0	0	0.0	0.0	0.0
7140	G	8209	0	0	0	0.0	0.0	0.0
7141	C	8209	0	0	0	0.0	0.0	0.0
7142	G	8209	1	0	0	0.00012181751735899622	0.0	0.0
7143	C	8209	1	0	0	0.00012181751735899622	0.0	0.0
7144	T	8209	7	0	0	0.0008527226215129736	0.0	0.0
7145	G	8209	40	0	0	0.004872700694359849	0.0	0.0
7146	C	8209	2	0	0	0.00024363503471799245	0.0	0.0
7147	C	8209	263	0	0	0.032038007065416006	0.0	0.0
7148	A	8209	0	0	0	0.0	0.0	0.0
7149	T	8209	0	0	0	0.0	0.0	0.0
7150	T	8209	1	0	0	0.00012181751735899622	0.0	0.0
7151	T	8209	0	0	0	0.0	0.0	0.0
7152	T	8209	0	0	0	0.0	0.0	0.0
7153	C	8209	7321	0	0	0.8918260445852113	0.0	0.0
7154	A	8209	0	0	0	0.0	0.0	0.0
7155	A	8209	0	0	0	0.0	0.0	0.0
7156	T	8209	0	0	0	0.0	0.0	0.0
7157	T	8209	5	0	0	0.0006090875867949811	0.0	0.0
7158	G	8209	23	0	0	0.0028018028992569132	0.0	0.0
7159	T	8209	0	0	0	0.0	0.0	0.0
7160	T	8209	0	0	0	0.0	0.0	0.0
7161	C	8209	0	0	0	0.0	0.0	0.0
7162	G	8209	0	0	0	0.0	0.0	0.0
7163	A	8209	0	0	0	0.0	0.0	0.0
7164	T	8209	0	0	0	0.0	0.0	0.0
7165	G	8209	0	0	0	0.0	0.0	0.0
7166	G	8209	0	0	0	0.0	0.0	0.0
7167	T	8209	3	0	0	0.00036545255207698867	0.0	0.0
7168	C	8209	2	0	0	0.00024363503471799245	0.0	0.0
7169	T	8209	0	0	0	0.0	0.0	0.0
7170	G	8209	2	0	0	0.00024363503471799245	0.0	0.0
7171	A	8209	4173	0	0	0.5083444999390913	0.0	0.0
7172	G	8209	0	0	0	0.0	0.0	0.0
7173	C	8209	0	0	0	0.0	0.0	0.0
7174	T	8209	0	0	0	0.0	0.0	0.0
7175	A	8209	0	0	0	0.0	0.0	0.0
7176	A	8209	0	0	0	0.0	0.0	0.0
7177	A	8209	0	0	0	0.0	0.0	0.0
7178	C	8209	0	0	0	0.0	0.0	0.0
7179	T	8209	0	0	0	0.0	0.0	0.0
7180	A	8209	0	0	0	0.0	0.0	0.0
7181	C	8209	4	0	0	0.0004872700694359849	0.0	0.0
7182	C	8209	1	0	0	0.00012181751735899622	0.0	0.0
7183	G	8209	475	0	0	0.05786332074552321	0.0	0.0
7184	C	8209	0	0	0	0.0	0.0	0.0
7185	G	8209	0	0	0	0.0	0.0	0.0
7186	A	8209	0	0	0	0.0	0.0	0.0
7187	T	8209	0	0	0	0.0	0.0	0.0
7188	A	8209	0	0	0	0.0	0.0	0.0
7189	A	8209	48	0	0	0.005847240833231819	0.0	0.0
7190	C	8209	0	0	0	0.0	0.0	0.0
7191	C	8209	0	0	0	0.0	0.0	0.0
7192	A	8209	0	0	0	0.0	0.0	0.0
7193	A	8209	0	0	0	0.0	0.0	0.0
7194	T	8209	0	0	0	0.0	0.0	0.0
7195	G	8209	1	0	0	0.00012181751735899622	0.0	0.0
7196	A	8209	0	0	0	0.0	0.0	0.0
7197	C	8209	0	0	0	0.0	0.0	0.0
7198	C	8209	0	0	0	0.0	0.0	0.0
7199	G	8209	0	0	0	0.0	0.0	0.0
7200	A	8209	0	0	0	0.0	0.0	0.0
7201	C	8209	3	0	0	0.00036545255207698867	0.0	0.0
7202	T	8209	0	0	0	0.0	0.0	0.0
7203	G	8209	0	0	0	0.0	0.0	0.0
7204	A	8209	0	1	0	0.0	0.00012181751735899622	0.0
7205	A	8209	0	0	0	0.0	0.0	0.0
7206	A	8209	0	0	0	0.0	0.0	0.0
7207	A	8209	0	0	0	0.0	0.0	0.0
7208	A	8209	0	0	0	0.0	0.0	0.0
7209	A	8209	0	0	0	0.0	0.0	0.0
7210	A	8209	0	1	0	0.0	0.00012181751735899622	0.0
7211	T	8209	2	0	0	0.00024363503471799245	0.0	0.0
7212	C	8209	0	0	0	0.0	0.0	0.0
7213	A	8209	0	0	0	0.0	0.0	0.0
7214	C	8209	0	0	0	0.0	0.0	0.0
7215	T	8209	0	0	0	0.0	0.0	0.0
7216	T	8209	0	0	0	0.0	0.0	0.0
7217	T	8209	0	0	0	0.0	0.0	0.0
7218	T	8209	0	0	0	0.0	0.0	0.0
7219	G	8209	1	0	0	0.00012181751735899622	0.0	0.0
7220	C	8209	0	0	0	0.0	0.0	0.0
7221	G	8209	0	0	0	0.0	0.0	0.0
7222	A	8209	0	0	0	0.0	0.0	0.0
7223	T	8209	0	0	0	0.0	0.0	0.0
7224	C	8209	1	0	0	0.00012181751735899622	0.0	0.0
7225	A	8209	114	0	0	0.01388719697892557	0.0	0.0
7226	A	8209	0	0	0	0.0	0.0	0.0
7227	A	8209	0	0	0	0.0	0.0	0.0
7228	A	8209	0	0	0	0.0	0.0	0.0
7229	A	8209	2006	0	0	0.24436593982214644	0.0	0.0
7230	C	8209	0	0	0	0.0	0.0	0.0
7231	A	8209	0	0	0	0.0	0.0	0.0
7232	G	8209	0	0	0	0.0	0.0	0.0
7233	G	8209	0	0	0	0.0	0.0	0.0
7234	C	8209	11	0	0	0.0013399926909489586	0.0	0.0
7235	T	8209	12	0	0	0.0014618102083079547	0.0	0.0
7236	G	8209	1	0	0	0.00012181751735899622	0.0	0.0
7237	T	8209	0	0	0	0.0	0.0	0.0
7238	T	8209	0	0	0	0.0	0.0	0.0
7239	C	8209	0	0	0	0.0	0.0	0.0
7240	A	8209	1	0	0	0.00012181751735899622	0.0	0.0
7241	T	8209	0	0	0	0.0	0.0	0.0
7242	C	8209	0	0	0	0.0	0.0	0.0
7243	G	8209	1	0	0	0.00012181751735899622	0.0	0.0
7244	A	8209	0	0	0	0.0	0.0	0.0
7245	T	8209	1	0	0	0.00012181751735899622	0.0	0.0
7246	C	8209	0	0	0	0.0	0.0	0.0
7247	A	8209	0	0	0	0.0	0.0	0.0
7248	T	8209	0	0	0	0.0	0.0	0.0
7249	T	8209	0	0	0	0.0	0.0	0.0
7250	T	8209	0	0	0	0.0	0.0	0.0
7251	C	8209	0	0	0	0.0	0.0	0.0
7252	T	8209	0	0	0	0.0	0.0	0.0
7253	T	8209	0	0	0	0.0	0.0	0.0
7254	G	8209	0	0	0	0.0	0.0	0.0
7255	G	8209	0	0	0	0.0	0.0	0.0
7256	A	8209	0	0	0	0.0	0.0	0.0
7257	A	8209	0	0	0	0.0	0.0	0.0
7258	A	8209	0	0	0	0.0	0.0	0.0
7259	C	8209	0	0	0	0.0	0.0	0.0
7260	T	8209	1	0	0	0.00012181751735899622	0.0	0.0
7261	T	8209	0	0	0	0.0	0.0	0.0
7262	T	8209	1	0	0	0.00012181751735899622	0.0	0.0
7263	G	8209	0	0	0	0.0	0.0	0.0
7264	A	8209	0	0	0	0.0	0.0	0.0
7265	T	8209	0	0	0	0.0	0.0	0.0
7266	A	8209	0	0	0	0.0	0.0	0.0
7267	A	8209	0	0	0	0.0	0.0	0.0
7268	A	8209	0	0	0	0.0	0.0	0.0
7269	C	8209	6	0	0	0.0007309051041539773	0.0	0.0
7270	A	8209	0	0	0	0.0	0.0	0.0
7271	G	8209	0	0	0	0.0	0.0	0.0
7272	T	8209	18	0	0	0.0021927153124619322	0.0	0.0
7273	T	8209	0	0	0	0.0	0.0	0.0
7274	C	8209	0	0	0	0.0	0.0	0.0
7275	T	8209	0	0	0	0.0	0.0	0.0
7276	T	8209	0	0	0	0.0	0.0	0.0
7277	T	8209	0	0	0	0.0	0.0	0.0
7278	T	8209	0	0	0	0.0	0.0	0.0
7279	T	8209	0	0	0	0.0	0.0	0.0
7280	A	8209	0	0	0	0.0	0.0	0.0
7281	A	8209	0	0	0	0.0	0.0	0.0
7282	A	8209	0	0	0	0.0	0.0	0.0
7283	A	8209	0	0	0	0.0	0.0	0.0
7284	G	8209	2	0	0	0.00024363503471799245	0.0	0.0
7285	A	8209	0	0	0	0.0	0.0	0.0
7286	T	8209	0	0	0	0.0	0.0	0.0
7287	A	8209	0	0	0	0.0	0.0	0.0
7288	G	8209	0	0	0	0.0	0.0	0.0
7289	T	8209	3	0	0	0.00036545255207698867	0.0	0.0
7290	T	8209	0	0	0	0.0	0.0	0.0
7291	T	8209	0	0	0	0.0	0.0	0.0
7292	T	8209	0	0	0	0.0	0.0	0.0
7293	G	8209	1	0	0	0.00012181751735899622	0.0	0.0
7294	T	8209	18	0	0	0.0021927153124619322	0.0	0.0
7295	T	8209	0	0	0	0.0	0.0	0.0
7296	G	8209	0	0	0	0.0	0.0	0.0
7297	T	8209	1786	0	0	0.21756608600316726	0.0	0.0
7298	T	8209	0	0	0	0.0	0.0	0.0
7299	G	8209	0	0	0	0.0	0.0	0.0
7300	A	8209	0	0	0	0.0	0.0	0.0
7301	A	8209	0	0	0	0.0	0.0	0.0
7302	A	8209	0	0	0	0.0	0.0	0.0
7303	C	8209	0	0	0	0.0	0.0	0.0
7304	G	8209	2	0	0	0.00024363503471799245	0.0	0.0
7305	C	8209	0	0	0	0.0	0.0	0.0
7306	T	8209	0	0	0	0.0	0.0	0.0
7307	T	8209	0	0	0	0.0	0.0	0.0
7308	C	8209	0	0	0	0.0	0.0	0.0
7309	T	8209	0	0	0	0.0	0.0	0.0
7310	T	8209	0	0	0	0.0	0.0	0.0
7311	T	8209	0	0	0	0.0	0.0	0.0
7312	A	8209	0	0	0	0.0	0.0	0.0
7313	T	8209	0	0	0	0.0	0.0	0.0
7314	G	8209	0	0	0	0.0	0.0	0.0
7315	A	8209	0	0	0	0.0	0.0	0.0
7316	A	8209	0	0	0	0.0	0.0	0.0
7317	A	8209	0	0	0	0.0	0.0	0.0
7318	A	8209	0	0	0	0.0	0.0	0.0
7319	A	8209	0	0	0	0.0	0.0	0.0
7320	A	8209	0	0	0	0.0	0.0	0.0
7321	G	8209	0	0	0	0.0	0.0	0.0
7322	T	8209	0	0	0	0.0	0.0	0.0
7323	A	8209	0	0	0	0.0	0.0	0.0
7324	A	8209	0	0	0	0.0	0.0	0.0
7325	A	8209	0	0	0	0.0	0.0	0.0
7326	C	8209	1	0	0	0.00012181751735899622	0.0	0.0
7327	T	8209	2682	0	0	0.32671458155682787	0.0	0.0
7328	G	8209	0	0	0	0.0	0.0	0.0
7329	G	8209	0	0	0	0.0	0.0	0.0
7330	T	8209	265	0	0	0.032281642100134	0.0	0.0
7331	C	8209	0	0	0	0.0	0.0	0.0
7332	G	8209	0	0	0	0.0	0.0	0.0
7333	T	8209	3	0	0	0.00036545255207698867	0.0	0.0
7334	G	8209	0	0	0	0.0	0.0	0.0
7335	T	8209	0	0	0	0.0	0.0	0.0
7336	A	8209	0	0	0	0.0	0.0	0.0
7337	T	8209	0	0	0	0.0	0.0	0.0
7338	T	8209	0	0	0	0.0	0.0	0.0
7339	G	8209	0	0	0	0.0	0.0	0.0
7340	A	8209	0	0	0	0.0	0.0	0.0
7341	T	8209	0	0	0	0.0	0.0	0.0
7342	C	8209	1	0	0	0.00012181751735899622	0.0	0.0
7343	T	8209	0	0	0	0.0	0.0	0.0
7344	T	8209	0	0	0	0.0	0.0	0.0
7345	A	8209	0	0	0	0.0	0.0	0.0
7346	A	8209	0	0	0	0.0	0.0	0.0
7347	C	8209	0	0	0	0.0	0.0	0.0
7348	T	8209	0	0	0	0.0	0.0	0.0
7349	A	8209	0	0	0	0.0	0.0	0.0
7350	G	8209	0	0	0	0.0	0.0	0.0
7351	A	8209	0	0	0	0.0	0.0	0.0
7352	A	8209	0	0	0	0.0	0.0	0.0
7353	T	8209	53	0	0	0.0064563284200268	0.0	0.0
7354	C	8209	4114	0	0	0.5011572664149104	0.0	0.0
7355	C	8209	1	0	0	0.00012181751735899622	0.0	0.0
7356	C	8209	0	0	0	0.0	0.0	0.0
7357	T	8209	52	0	0	0.006334510902667804	0.0	0.0
7358	T	8209	0	0	0	0.0	0.0	0.0
7359	C	8209	0	0	0	0.0	0.0	0.0
7360	T	8209	0	0	0	0.0	0.0	0.0
7361	T	8209	0	0	0	0.0	0.0	0.0
7362	C	8209	0	0	0	0.0	0.0	0.0
7363	G	8209	1	0	0	0.00012181751735899622	0.0	0.0
7364	T	8209	0	0	0	0.0	0.0	0.0
7365	T	8209	0	0	0	0.0	0.0	0.0
7366	T	8209	0	0	0	0.0	0.0	0.0
7367	A	8209	0	0	0	0.0	0.0	0.0
7368	A	8209	0	0	0	0.0	0.0	0.0
7369	C	8209	52	0	0	0.006334510902667804	0.0	0.0
7370	T	8209	0	0	0	0.0	0.0	0.0
7371	G	8209	0	0	0	0.0	0.0	0.0
7372	A	8209	0	0	0	0.0	0.0	0.0
7373	T	8209	0	0	1	0.0	0.0	0.00012181751735899622
7374	T	8209	0	0	0	0.0	0.0	0.0
7375	T	8209	0	0	0	0.0	0.0	0.0
7376	A	8209	0	0	0	0.0	0.0	0.0
7377	A	8209	0	0	0	0.0	0.0	0.0
7378	A	8208	0	0	0	0.0	0.0	0.0
7379	T	8208	0	0	0	0.0	0.0	0.0
7380	A	8208	0	0	0	0.0	0.0	0.0
7381	G	8208	0	0	0	0.0	0.0	0.0
7382	T	8208	0	0	0	0.0	0.0	0.0
7383	G	8208	0	0	0	0.0	0.0	0.0
7384	A	8208	0	0	0	0.0	0.0	0.0
7385	C	8208	93	0	0	0.011330409356725146	0.0	0.0
7386	T	8208	0	0	0	0.0	0.0	0.0
7387	A	8208	0	0	0	0.0	0.0	0.0
7388	G	8208	0	0	0	0.0	0.0	0.0
7389	C	8208	0	0	0	0.0	0.0	0.0
7390	T	8208	0	0	0	0.0	0.0	0.0
7391	G	8208	0	0	0	0.0	0.0	0.0
7392	T	8208	0	0	0	0.0	0.0	0.0
7393	A	8208	0	0	0	0.0	0.0	0.0
7394	T	8208	0	0	0	0.0	0.0	0.0
7395	T	8208	0	0	0	0.0	0.0	0.0
7396	T	8208	0	0	0	0.0	0.0	0.0
7397	C	8208	0	0	0	0.0	0.0	0.0
7398	G	8208	0	0	0	0.0	0.0	0.0
7399	T	8208	0	0	0	0.0	0.0	0.0
7400	T	8208	0	0	0	0.0	0.0	0.0
7401	T	8208	0	0	0	0.0	0.0	0.0
7402	G	8208	0	0	0	0.0	0.0	0.0
7403	A	8208	0	0	0	0.0	0.0	0.0
7404	T	8208	0	0	0	0.0	0.0	0.0
7405	A	8208	0	0	0	0.0	0.0	0.0
7406	G	8208	0	0	0	0.0	0.0	0.0
7407	A	8208	0	0	0	0.0	0.0	0.0
7408	A	8208	0	0	0	0.0	0.0	0.0
7409	A	8208	0	0	0	0.0	0.0	0.0
7410	A	8208	0	0	0	0.0	0.0	0.0
7411	T	8208	0	0	0	0.0	0.0	0.0
7412	G	8208	0	0	0	0.0	0.0	0.0
7413	T	8208	0	0	0	0.0	0.0	0.0
7414	C	8208	1	0	0	0.00012183235867446393	0.0	0.0
7415	G	8208	1	0	0	0.00012183235867446393	0.0	0.0
7416	T	8208	0	0	0	0.0	0.0	0.0
7417	T	8208	0	0	0	0.0	0.0	0.0
7418	G	8208	1	0	0	0.00012183235867446393	0.0	0.0
7419	C	8208	10	0	0	0.0012183235867446393	0.0	0.0
7420	A	8208	0	0	0	0.0	0.0	0.0
7421	A	8208	0	0	0	0.0	0.0	0.0
7422	T	8208	0	0	0	0.0	0.0	0.0
7423	A	8208	0	0	0	0.0	0.0	0.0
7424	T	8208	0	0	0	0.0	0.0	0.0
7425	T	8208	0	0	0	0.0	0.0	0.0
7426	G	8208	0	0	0	0.0	0.0	0.0
7427	C	8208	0	0	0	0.0	0.0	0.0
7428	T	8208	0	0	0	0.0	0.0	0.0
7429	T	8208	0	0	0	0.0	0.0	0.0
7430	G	8208	0	0	0	0.0	0.0	0.0
7431	C	8208	0	0	0	0.0	0.0	0.0
7432	T	8208	0	0	0	0.0	0.0	0.0
7433	G	8208	0	0	0	0.0	0.0	0.0
7434	T	8208	0	0	0	0.0	0.0	0.0
7435	G	8208	2	0	0	0.00024366471734892786	0.0	0.0
7436	A	8208	0	0	0	0.0	0.0	0.0
7437	A	8208	0	0	0	0.0	0.0	0.0
7438	A	8208	0	0	0	0.0	0.0	0.0
7439	A	8208	0	0	0	0.0	0.0	0.0
7440	T	8208	0	0	0	0.0	0.0	0.0
7441	T	8208	0	0	0	0.0	0.0	0.0
7442	T	8208	0	0	0	0.0	0.0	0.0
7443	C	8208	5	0	0	0.0006091617933723197	0.0	0.0
7444	A	8208	0	0	0	0.0	0.0	0.0
7445	C	8208	0	0	0	0.0	0.0	0.0
7446	T	8208	0	0	0	0.0	0.0	0.0
7447	G	8208	3	0	0	0.0003654970760233918	0.0	0.0
7448	A	8208	0	0	0	0.0	0.0	0.0
7449	C	8208	0	0	0	0.0	0.0	0.0
7450	T	8208	0	0	0	0.0	0.0	0.0
7451	A	8208	0	0	0	0.0	0.0	0.0
7452	A	8208	0	0	0	0.0	0.0	0.0
7453	A	8208	0	0	0	0.0	0.0	0.0
7454	G	8208	0	0	0	0.0	0.0	0.0
7455	A	8208	0	0	0	0.0	0.0	0.0
7456	T	8208	0	0	0	0.0	0.0	0.0
7457	G	8208	0	0	0	0.0	0.0	0.0
7458	G	8208	0	0	0	0.0	0.0	0.0
7459	T	8208	0	0	0	0.0	0.0	0.0
7460	T	8208	0	0	0	0.0	0.0	0.0
7461	C	8208	0	0	0	0.0	0.0	0.0
7462	A	8208	0	0	0	0.0	0.0	0.0
7463	A	8208	1	0	0	0.00012183235867446393	0.0	0.0
7464	A	8208	0	0	0	0.0	0.0	0.0
7465	A	8208	0	0	0	0.0	0.0	0.0
7466	A	8208	0	0	0	0.0	0.0	0.0
7467	A	8208	0	0	0	0.0	0.0	0.0
7468	A	8208	0	0	0	0.0	0.0	0.0
7469	G	8208	0	0	0	0.0	0.0	0.0
7470	C	8208	0	0	0	0.0	0.0	0.0
7471	T	8208	0	0	0	0.0	0.0	0.0
7472	G	8208	0	0	0	0.0	0.0	0.0
7473	T	8208	0	0	0	0.0	0.0	0.0
7474	T	8208	0	0	0	0.0	0.0	0.0
7475	T	8208	0	0	0	0.0	0.0	0.0
7476	G	8208	0	0	0	0.0	0.0	0.0
7477	A	8208	0	0	0	0.0	0.0	0.0
7478	T	8208	0	0	0	0.0	0.0	0.0
7479	T	8208	0	0	0	0.0	0.0	0.0
7480	G	8208	1	0	0	0.00012183235867446393	0.0	0.0
7481	C	8208	0	0	0	0.0	0.0	0.0
7482	G	8208	0	0	0	0.0	0.0	0.0
7483	T	8208	0	0	0	0.0	0.0	0.0
7484	A	8208	0	0	0	0.0	0.0	0.0
7485	A	8208	0	0	0	0.0	0.0	0.0
7486	A	8208	0	0	0	0.0	0.0	0.0
7487	T	8208	0	0	0	0.0	0.0	0.0
7488	A	8208	0	0	0	0.0	0.0	0.0
7489	A	8208	0	0	0	0.0	0.0	0.0
7490	T	8208	0	0	0	0.0	0.0	0.0
7491	C	8208	0	0	0	0.0	0.0	0.0
7492	A	8208	0	0	0	0.0	0.0	0.0
7493	A	8208	0	0	0	0.0	0.0	0.0
7494	C	8208	0	0	0	0.0	0.0	0.0
7495	A	8208	0	0	0	0.0	0.0	0.0
7496	A	8208	0	0	0	0.0	0.0	0.0
7497	T	8208	0	0	0	0.0	0.0	0.0
7498	T	8208	0	0	0	0.0	0.0	0.0
7499	T	8208	0	0	0	0.0	0.0	0.0
7500	G	8208	3	0	0	0.0003654970760233918	0.0	0.0
7501	C	8208	25	0	0	0.0030458089668615983	0.0	0.0
7502	A	8208	5674	0	0	0.6912768031189084	0.0	0.0
7503	T	8208	0	0	0	0.0	0.0	0.0
7504	T	8208	0	0	0	0.0	0.0	0.0
7505	T	8208	0	0	0	0.0	0.0	0.0
7506	T	8208	0	0	0	0.0	0.0	0.0
7507	T	8208	0	0	0	0.0	0.0	0.0
7508	A	8208	1	0	0	0.00012183235867446393	0.0	0.0
7509	A	8208	1	0	0	0.00012183235867446393	0.0	0.0
7510	C	8208	0	1	0	0.0	0.00012183235867446393	0.0
7511	A	8208	0	0	0	0.0	0.0	0.0
7512	T	8208	0	0	1	0.0	0.0	0.00012183235867446393
7513	A	8208	0	0	0	0.0	0.0	0.0
7514	A	8208	0	0	0	0.0	0.0	0.0
7515	A	8208	0	0	0	0.0	0.0	0.0
7516	A	8208	0	0	0	0.0	0.0	0.0
7517	T	8208	0	0	0	0.0	0.0	0.0
7518	C	8208	0	0	0	0.0	0.0	0.0
7519	A	8208	0	0	0	0.0	0.0	0.0
7520	C	8208	0	0	0	0.0	0.0	0.0
7521	C	8208	0	0	0	0.0	0.0	0.0
7522	T	8208	0	0	0	0.0	0.0	0.0
7523	C	8208	0	0	0	0.0	0.0	0.0
7524	T	8208	0	0	0	0.0	0.0	0.0
7525	C	8208	3	0	0	0.0003654970760233918	0.0	0.0
7526	G	8208	4025	0	0	0.49037524366471735	0.0	0.0
7527	T	8208	994	0	0	0.12110136452241715	0.0	0.0
7528	T	8208	0	0	0	0.0	0.0	0.0
7529	T	8208	0	0	0	0.0	0.0	0.0
7530	A	8208	0	0	0	0.0	0.0	0.0
7531	T	8208	0	0	0	0.0	0.0	0.0
7532	C	8208	0	0	0	0.0	0.0	0.0
7533	A	8208	0	0	0	0.0	0.0	0.0
7534	T	8208	0	0	0	0.0	0.0	0.0
7535	A	8208	0	0	0	0.0	0.0	0.0
7536	A	8208	0	0	0	0.0	0.0	0.0
7537	C	8208	0	0	0	0.0	0.0	0.0
7538	G	8208	0	0	0	0.0	0.0	0.0
7539	T	8208	0	0	0	0.0	0.0	0.0
7540	A	8208	0	0	0	0.0	0.0	0.0
7541	C	8208	4	0	0	0.0004873294346978557	0.0	0.0
7542	C	8208	0	0	0	0.0	0.0	0.0
7543	T	8208	0	0	31	0.0	0.0	0.003776803118908382
7544	A	8208	0	316	0	0.0	0.0384990253411306	0.0
7545	A	8208	3	0	0	0.0003654970760233918	0.0	0.0
7546	A	8208	0	0	0	0.0	0.0	0.0
7547	A	8208	0	0	0	0.0	0.0	0.0
7548	A	8208	2	0	0	0.00024366471734892786	0.0	0.0
7549	A	8208	1	0	0	0.00012183235867446393	0.0	0.0
7550	A	8208	3	0	0	0.0003654970760233918	0.0	0.0
7551	A	8208	0	297	26	0.0	0.03618421052631579	0.003167641325536062
7552	C	8208	3	0	0	0.0003654970760233918	0.0	0.0
7553	G	8208	0	0	0	0.0	0.0	0.0
7554	T	8208	0	0	0	0.0	0.0	0.0
7555	C	8208	0	0	0	0.0	0.0	0.0
7556	A	8208	0	0	0	0.0	0.0	0.0
7557	A	8208	0	0	0	0.0	0.0	0.0
7558	T	8208	0	0	0	0.0	0.0	0.0
7559	A	8208	0	0	0	0.0	0.0	0.0
7560	T	8208	0	0	0	0.0	0.0	0.0
7561	T	8208	0	0	0	0.0	0.0	0.0
7562	C	8208	9	0	0	0.0010964912280701754	0.0	0.0
7563	A	8208	0	0	0	0.0	0.0	0.0
7564	A	8208	0	0	0	0.0	0.0	0.0
7565	A	8208	0	0	0	0.0	0.0	0.0
7566	A	8208	0	0	0	0.0	0.0	0.0
7567	T	8208	0	0	0	0.0	0.0	0.0
7568	T	8208	0	0	0	0.0	0.0	0.0
7569	T	8208	0	0	0	0.0	0.0	0.0
7570	C	8208	137	0	1	0.01669103313840156	0.0	0.00012183235867446393
7571	T	8208	0	0	0	0.0	0.0	0.0
7572	T	8208	0	0	0	0.0	0.0	0.0
7573	T	8208	0	0	0	0.0	0.0	0.0
7574	T	8208	0	0	0	0.0	0.0	0.0
7575	G	8208	2	0	0	0.00024366471734892786	0.0	0.0
7576	T	8208	0	0	0	0.0	0.0	0.0
7577	T	8207	0	0	0	0.0	0.0	0.0
7578	A	8207	0	0	0	0.0	0.0	0.0
7579	T	8207	0	0	0	0.0	0.0	0.0
7580	T	8207	0	0	0	0.0	0.0	0.0
7581	T	8207	0	0	0	0.0	0.0	0.0
7582	T	8207	0	0	0	0.0	0.0	0.0
7583	T	8207	0	0	0	0.0	0.0	0.0
7584	C	8207	1	0	0	0.00012184720360667723	0.0	0.0
7585	T	8207	0	0	0	0.0	0.0	0.0
7586	T	8207	0	0	0	0.0	0.0	0.0
7587	T	8207	0	0	0	0.0	0.0	0.0
7588	A	8207	0	0	0	0.0	0.0	0.0
7589	T	8206	1	0	9	0.00012186205215695832	0.0	0.0010967584694126249
7590	A	8206	0	4	4	0.0	0.0004874482086278333	0.0004874482086278333
7591	T	8206	0	4	9	0.0	0.0004874482086278333	0.0010967584694126249
7592	A	8206	0	4	0	0.0	0.0004874482086278333	0.0
7593	A	8206	1	0	10	0.00012186205215695832	0.0	0.0012186205215695832
7594	G	8206	17	0	0	0.0020716548866682913	0.0	0.0
7595	G	8206	0	0	0	0.0	0.0	0.0
7596	A	8205	347	1	0	0.042291285801340645	0.0001218769043266301	0.0
7597	G	8205	56	0	0	0.006825106642291286	0.0	0.0
7598	C	8205	0	0	0	0.0	0.0	0.0
7599	C	8205	0	0	0	0.0	0.0	0.0
7600	C	8205	0	1	0	0.0	0.0001218769043266301	0.0
7601	A	8205	0	0	0	0.0	0.0	0.0
7602	T	8205	1	2	0	0.0001218769043266301	0.0002437538086532602	0.0
7603	T	8204	0	0	0	0.0	0.0	0.0
7604	T	8204	0	0	0	0.0	0.0	0.0
7605	T	8204	0	0	0	0.0	0.0	0.0
7606	T	8204	0	0	0	0.0	0.0	0.0
7607	T	8204	0	4	0	0.0	0.00048756704046806434	0.0
7608	A	8204	0	0	0	0.0	0.0	0.0
7609	T	8204	0	0	0	0.0	0.0	0.0
7610	G	8204	0	0	0	0.0	0.0	0.0
7611	T	8204	0	0	0	0.0	0.0	0.0
7612	T	8204	0	0	0	0.0	0.0	0.0
7613	A	8162	13	0	0	0.0015927468757657437	0.0	0.0
7614	T	8150	0	0	1	0.0	0.0	0.0001226993865030675
7615	T	8150	0	0	0	0.0	0.0	0.0
7616	T	8150	0	0	0	0.0	0.0	0.0
7617	A	8150	0	0	0	0.0	0.0	0.0
7618	A	8150	0	0	0	0.0	0.0	0.0
7619	T	8150	1	0	0	0.0001226993865030675	0.0	0.0
7620	C	8149	0	0	0	0.0	0.0	0.0
7621	A	8149	0	0	0	0.0	0.0	0.0
7622	C	8149	0	0	0	0.0	0.0	0.0
7623	A	8149	0	0	0	0.0	0.0	0.0
7624	G	8149	1	0	0	0.00012271444348999877	0.0	0.0
7625	G	8149	0	0	0	0.0	0.0	0.0
7626	A	8149	0	0	0	0.0	0.0	0.0
7627	A	8149	0	0	0	0.0	0.0	0.0
7628	C	8149	0	0	0	0.0	0.0	0.0
7629	C	8149	3	0	0	0.00036814333046999634	0.0	0.0
7630	T	8149	0	0	0	0.0	0.0	0.0
7631	G	8149	4	0	0	0.0004908577739599951	0.0	0.0
7632	A	8149	1	0	0	0.00012271444348999877	0.0	0.0
7633	T	8149	0	0	0	0.0	0.0	0.0
7634	T	8149	0	0	0	0.0	0.0	0.0
7635	C	8149	1	0	0	0.00012271444348999877	0.0	0.0
7636	T	8149	0	0	0	0.0	0.0	0.0
7637	A	8149	0	0	0	0.0	0.0	0.0
7638	T	8149	0	0	0	0.0	0.0	0.0
7639	C	8149	10	0	0	0.0012271444348999877	0.0	0.0
7640	A	8149	0	0	0	0.0	0.0	0.0
7641	T	8149	0	0	0	0.0	0.0	0.0
7642	T	8149	0	0	0	0.0	0.0	0.0
7643	G	8149	3	0	0	0.00036814333046999634	0.0	0.0
7644	C	8149	14	0	0	0.0017180022088599829	0.0	0.0
7645	A	8149	0	0	0	0.0	0.0	0.0
7646	G	8149	0	0	0	0.0	0.0	0.0
7647	A	8149	0	0	0	0.0	0.0	0.0
7648	A	8149	0	0	0	0.0	0.0	0.0
7649	T	8149	0	0	0	0.0	0.0	0.0
7650	A	8149	0	0	0	0.0	0.0	0.0
7651	G	8149	5	0	0	0.0006135722174499938	0.0	0.0
7652	G	8149	0	0	0	0.0	0.0	0.0
7653	C	8149	179	0	0	0.02196588538470978	0.0	0.0
7654	T	8149	0	0	0	0.0	0.0	0.0
7655	T	8149	0	0	0	0.0	0.0	0.0
7656	T	8149	0	0	0	0.0	0.0	0.0
7657	C	8149	0	0	0	0.0	0.0	0.0
7658	A	8149	0	0	0	0.0	0.0	0.0
7659	T	8149	0	0	0	0.0	0.0	0.0
7660	T	8149	0	0	0	0.0	0.0	0.0
7661	C	8149	0	0	0	0.0	0.0	0.0
7662	A	8149	0	0	0	0.0	0.0	0.0
7663	G	8149	0	0	0	0.0	0.0	0.0
7664	T	8149	0	0	0	0.0	0.0	0.0
7665	A	8149	1	0	0	0.00012271444348999877	0.0	0.0
7666	T	8149	0	0	0	0.0	0.0	0.0
7667	A	8149	3	0	0	0.00036814333046999634	0.0	0.0
7668	C	8149	0	0	0	0.0	0.0	0.0
7669	T	8149	0	0	0	0.0	0.0	0.0
7670	G	8149	0	0	0	0.0	0.0	0.0
7671	T	8149	0	0	0	0.0	0.0	0.0
7672	A	8149	0	0	0	0.0	0.0	0.0
7673	A	8149	0	0	0	0.0	0.0	0.0
7674	A	8149	0	0	0	0.0	0.0	0.0
7675	T	8149	0	0	0	0.0	0.0	0.0
7676	A	8149	0	0	0	0.0	0.0	0.0
7677	G	8149	0	0	0	0.0	0.0	0.0
7678	A	8149	0	0	0	0.0	0.0	0.0
7679	G	8149	1	0	0	0.00012271444348999877	0.0	0.0
7680	G	8149	11	0	0	0.0013498588783899864	0.0	0.0
7681	A	8149	0	0	0	0.0	0.0	0.0
7682	A	8149	0	0	0	0.0	0.0	0.0
7683	C	8149	0	0	0	0.0	0.0	0.0
7684	A	8149	0	0	0	0.0	0.0	0.0
7685	A	8149	0	0	0	0.0	0.0	0.0
7686	G	8149	0	0	0	0.0	0.0	0.0
7687	A	8149	0	0	0	0.0	0.0	0.0
7688	A	8149	0	0	0	0.0	0.0	0.0
7689	A	8149	0	0	0	0.0	0.0	0.0
7690	C	8149	0	0	0	0.0	0.0	0.0
7691	G	8149	0	0	0	0.0	0.0	0.0
7692	A	8149	0	0	0	0.0	0.0	0.0
7693	A	8149	0	0	0	0.0	0.0	0.0
7694	T	8149	0	0	0	0.0	0.0	0.0
7695	T	8149	0	0	0	0.0	0.0	0.0
7696	G	8149	0	0	0	0.0	0.0	0.0
7697	G	8149	0	0	0	0.0	0.0	0.0
7698	A	8149	0	0	0	0.0	0.0	0.0
7699	T	8149	1	0	0	0.00012271444348999877	0.0	0.0
7700	A	8149	0	0	0	0.0	0.0	0.0
7701	A	8149	1	0	0	0.00012271444348999877	0.0	0.0
7702	T	8149	0	0	0	0.0	0.0	0.0
7703	T	8149	0	0	0	0.0	0.0	0.0
7704	A	8149	0	0	0	0.0	0.0	0.0
7705	G	8149	0	0	0	0.0	0.0	0.0
7706	G	8149	0	0	0	0.0	0.0	0.0
7707	C	8149	1	0	0	0.00012271444348999877	0.0	0.0
7708	A	8149	0	0	0	0.0	0.0	0.0
7709	C	8149	0	0	0	0.0	0.0	0.0
7710	T	8149	0	0	0	0.0	0.0	0.0
7711	G	8149	0	0	0	0.0	0.0	0.0
7712	A	8149	0	0	0	0.0	0.0	0.0
7713	A	8149	0	0	0	0.0	0.0	0.0
7714	A	8149	0	0	0	0.0	0.0	0.0
7715	G	8149	3	0	0	0.00036814333046999634	0.0	0.0
7716	A	8149	0	0	0	0.0	0.0	0.0
7717	A	8149	0	0	0	0.0	0.0	0.0
7718	C	8149	7	0	0	0.0008590011044299914	0.0	0.0
7719	G	8149	0	0	0	0.0	0.0	0.0
7720	C	8149	1	0	0	0.00012271444348999877	0.0	0.0
7721	A	8149	0	1	0	0.0	0.00012271444348999877	0.0
7722	C	8149	0	0	0	0.0	0.0	0.0
7723	C	8149	0	0	0	0.0	0.0	0.0
7724	A	8149	0	0	0	0.0	0.0	0.0
7725	C	8149	0	0	0	0.0	0.0	0.0
7726	C	8149	0	0	0	0.0	0.0	0.0
7727	G	8148	1	0	0	0.00012272950417280314	0.0	0.0
7728	T	8148	0	0	0	0.0	0.0	0.0
7729	T	8148	0	0	0	0.0	0.0	0.0
7730	C	8148	1	0	0	0.00012272950417280314	0.0	0.0
7731	T	8148	0	0	0	0.0	0.0	0.0
7732	G	8148	0	0	0	0.0	0.0	0.0
7733	A	8148	0	0	0	0.0	0.0	0.0
7734	A	8148	0	0	0	0.0	0.0	0.0
7735	T	8148	0	0	0	0.0	0.0	0.0
7736	G	8148	0	0	0	0.0	0.0	0.0
7737	T	8148	0	0	0	0.0	0.0	0.0
7738	T	8148	28	0	0	0.003436426116838488	0.0	0.0
7739	T	8148	0	0	0	0.0	0.0	0.0
7740	C	8148	0	0	0	0.0	0.0	0.0
7741	G	8148	7	0	0	0.000859106529209622	0.0	0.0
7742	A	8148	0	0	0	0.0	0.0	0.0
7743	A	8148	0	0	0	0.0	0.0	0.0
7744	A	8148	117	0	0	0.014359351988217967	0.0	0.0
7745	C	8148	0	0	0	0.0	0.0	0.0
7746	A	8148	0	0	0	0.0	0.0	0.0
7747	C	8148	0	0	0	0.0	0.0	0.0
7748	A	8148	0	0	0	0.0	0.0	0.0
7749	C	8148	0	0	0	0.0	0.0	0.0
7750	A	8148	0	0	0	0.0	0.0	0.0
7751	A	8148	5	0	0	0.0006136475208640157	0.0	0.0
7752	C	8148	1	0	0	0.00012272950417280314	0.0	0.0
7753	A	8148	0	0	0	0.0	0.0	0.0
7754	G	8148	0	0	0	0.0	0.0	0.0
7755	G	8148	0	0	0	0.0	0.0	0.0
7756	T	8148	1	0	0	0.00012272950417280314	0.0	0.0
7757	T	8148	0	0	0	0.0	0.0	0.0
7758	A	8148	0	0	0	0.0	0.0	0.0
7759	T	8148	0	0	0	0.0	0.0	0.0
7760	C	8148	0	0	0	0.0	0.0	0.0
7761	G	8148	1	0	0	0.00012272950417280314	0.0	0.0
7762	A	8148	0	0	0	0.0	0.0	0.0
7763	A	8148	0	0	0	0.0	0.0	0.0
7764	A	8148	0	0	0	0.0	0.0	0.0
7765	T	8148	0	0	0	0.0	0.0	0.0
7766	G	8148	0	0	0	0.0	0.0	0.0
7767	G	8148	774	0	0	0.09499263622974963	0.0	0.0
7768	C	8148	1	0	0	0.00012272950417280314	0.0	0.0
7769	C	8148	1	0	0	0.00012272950417280314	0.0	0.0
7770	A	8148	790	0	0	0.09695630829651448	0.0	0.0
7771	T	8148	0	0	0	0.0	0.0	0.0
7772	T	8148	0	0	0	0.0	0.0	0.0
7773	G	8148	7	0	0	0.000859106529209622	0.0	0.0
7774	G	8148	0	0	0	0.0	0.0	0.0
7775	A	8148	0	0	0	0.0	0.0	0.0
7776	G	8148	0	0	0	0.0	0.0	0.0
7777	A	8148	0	0	0	0.0	0.0	0.0
7778	A	8148	4	0	0	0.0004909180166912126	0.0	0.0
7779	A	8148	0	0	0	0.0	0.0	0.0
7780	A	8148	0	0	0	0.0	0.0	0.0
7781	A	8148	26	0	0	0.0031909671084928816	0.0	0.0
7782	T	8148	154	0	0	0.018900343642611683	0.0	0.0
7783	T	8148	0	0	0	0.0	0.0	0.0
7784	C	8148	21	0	0	0.002577319587628866	0.0	0.0
7785	C	8148	30	0	0	0.003681885125184094	0.0	0.0
7786	T	8148	0	0	0	0.0	0.0	0.0
7787	T	8148	0	0	0	0.0	0.0	0.0
7788	T	8148	0	0	0	0.0	0.0	0.0
7789	T	8148	0	0	0	0.0	0.0	0.0
7790	T	8148	0	0	0	0.0	0.0	0.0
7791	C	8148	1	0	0	0.00012272950417280314	0.0	0.0
7792	T	8148	0	0	0	0.0	0.0	0.0
7793	C	8148	0	0	0	0.0	0.0	0.0
7794	C	8148	0	0	0	0.0	0.0	0.0
7795	G	8148	6	0	0	0.0007363770250368188	0.0	0.0
7796	A	8148	0	0	0	0.0	0.0	0.0
7797	G	8148	1	0	0	0.00012272950417280314	0.0	0.0
7798	G	8148	0	0	0	0.0	0.0	0.0
7799	T	8148	0	0	0	0.0	0.0	0.0
7800	T	8148	0	0	0	0.0	0.0	0.0
7801	A	8148	0	0	0	0.0	0.0	0.0
7802	G	8148	1	0	0	0.00012272950417280314	0.0	0.0
7803	C	8148	0	0	0	0.0	0.0	0.0
7804	G	8148	0	0	0	0.0	0.0	0.0
7805	A	8148	0	0	0	0.0	0.0	0.0
7806	T	8148	0	0	0	0.0	0.0	0.0
7807	T	8148	0	0	0	0.0	0.0	0.0
7808	G	8148	4	0	0	0.0004909180166912126	0.0	0.0
7809	T	8148	0	0	0	0.0	0.0	0.0
7810	G	8148	590	0	0	0.07241040746195386	0.0	0.0
7811	A	8148	0	0	0	0.0	0.0	0.0
7812	C	8148	1	0	0	0.00012272950417280314	0.0	0.0
7813	A	8148	0	0	0	0.0	0.0	0.0
7814	T	8148	0	0	0	0.0	0.0	0.0
7815	G	8148	0	0	0	0.0	0.0	0.0
7816	T	8148	0	0	0	0.0	0.0	0.0
7817	T	8148	0	0	0	0.0	0.0	0.0
7818	G	8148	1	0	0	0.00012272950417280314	0.0	0.0
7819	C	8148	0	0	0	0.0	0.0	0.0
7820	A	8148	0	0	0	0.0	0.0	0.0
7821	A	8148	0	0	0	0.0	0.0	0.0
7822	T	8148	0	0	0	0.0	0.0	0.0
7823	C	8148	0	0	0	0.0	0.0	0.0
7824	G	8148	0	0	19	0.0	0.0	0.0023318605792832597
7825	T	8148	0	0	0	0.0	0.0	0.0
7826	T	8148	0	0	0	0.0	0.0	0.0
7827	T	8148	0	0	0	0.0	0.0	0.0
7828	T	8148	0	0	0	0.0	0.0	0.0
7829	T	8148	0	0	0	0.0	0.0	0.0
7830	T	8148	0	0	10	0.0	0.0	0.0012272950417280314
7831	G	8148	0	0	0	0.0	0.0	0.0
7832	T	8148	0	0	0	0.0	0.0	0.0
7833	C	8148	0	0	0	0.0	0.0	0.0
7834	C	8148	0	0	0	0.0	0.0	0.0
7835	T	8148	0	0	0	0.0	0.0	0.0
7836	T	8148	0	0	0	0.0	0.0	0.0
7837	A	8148	0	0	0	0.0	0.0	0.0
7838	A	8148	0	0	0	0.0	0.0	0.0
7839	A	8148	0	0	0	0.0	0.0	0.0
7840	A	8148	0	0	0	0.0	0.0	0.0
7841	T	8148	0	0	0	0.0	0.0	0.0
7842	G	8148	0	0	0	0.0	0.0	0.0
7843	T	8148	0	0	0	0.0	0.0	0.0
7844	T	8148	0	0	0	0.0	0.0	0.0
7845	G	8148	0	0	0	0.0	0.0	0.0
7846	A	8148	4	0	0	0.0004909180166912126	0.0	0.0
7847	G	8148	0	0	0	0.0	0.0	0.0
7848	A	8148	0	1	0	0.0	0.00012272950417280314	0.0
7849	A	8148	0	1	0	0.0	0.00012272950417280314	0.0
7850	A	8148	0	1	0	0.0	0.00012272950417280314	0.0
7851	A	8148	0	1	0	0.0	0.00012272950417280314	0.0
7852	A	8148	0	1	0	0.0	0.00012272950417280314	0.0
7853	G	8148	5	1	2	0.0006136475208640157	0.00012272950417280314	0.0002454590083456063
7854	A	8148	0	1	0	0.0	0.00012272950417280314	0.0
7855	A	8148	0	1	0	0.0	0.00012272950417280314	0.0
7856	A	8148	0	1	0	0.0	0.00012272950417280314	0.0
7857	A	8148	0	1	0	0.0	0.00012272950417280314	0.0
7858	A	8148	0	1	0	0.0	0.00012272950417280314	0.0
7859	A	8148	0	2	1	0.0	0.0002454590083456063	0.00012272950417280314
7860	G	8148	2	0	0	0.0002454590083456063	0.0	0.0
7861	G	8148	0	0	0	0.0	0.0	0.0
7862	C	8148	0	0	0	0.0	0.0	0.0
7863	A	8148	0	0	0	0.0	0.0	0.0
7864	C	8148	0	0	0	0.0	0.0	0.0
7865	T	8148	0	0	0	0.0	0.0	0.0
7866	T	8148	0	0	0	0.0	0.0	0.0
7867	T	8148	0	0	0	0.0	0.0	0.0
7868	G	8148	598	0	0	0.07339224349533628	0.0	0.0
7869	C	8148	942	0	0	0.11561119293078057	0.0	0.0
7870	A	8148	87	0	0	0.010677466863033874	0.0	0.0
7871	T	8148	0	0	3	0.0	0.0	0.0003681885125184094
7872	G	8148	2	0	0	0.0002454590083456063	0.0	0.0
7873	T	8148	1	0	0	0.00012272950417280314	0.0	0.0
7874	C	8148	1	0	0	0.00012272950417280314	0.0	0.0
7875	A	8148	0	0	0	0.0	0.0	0.0
7876	G	8148	2	0	0	0.0002454590083456063	0.0	0.0
7877	C	8148	0	0	0	0.0	0.0	0.0
7878	A	8148	0	0	0	0.0	0.0	0.0
7879	C	8148	0	0	0	0.0	0.0	0.0
7880	C	8148	171	0	0	0.020986745213549336	0.0	0.0
7881	A	8148	0	0	0	0.0	0.0	0.0
7882	C	8148	0	0	0	0.0	0.0	0.0
7883	C	8148	0	0	0	0.0	0.0	0.0
7884	T	8148	0	0	0	0.0	0.0	0.0
7885	G	8147	0	0	0	0.0	0.0	0.0
7886	A	8147	0	0	0	0.0	0.0	0.0
7887	C	8147	0	0	0	0.0	0.0	0.0
7888	A	8147	0	0	0	0.0	0.0	0.0
7889	A	8147	0	0	0	0.0	0.0	0.0
7890	A	8147	0	0	0	0.0	0.0	0.0
7891	C	8147	0	0	0	0.0	0.0	0.0
7892	A	8147	0	0	0	0.0	0.0	0.0
7893	A	8147	0	0	0	0.0	0.0	0.0
7894	A	8147	1	0	0	0.00012274456855284154	0.0	0.0
7895	G	8147	1	0	0	0.00012274456855284154	0.0	0.0
7896	C	8147	0	0	0	0.0	0.0	0.0
7897	C	8147	2	0	0	0.0002454891371056831	0.0	0.0
7898	C	8147	3	0	0	0.0003682337056585246	0.0	0.0
7899	T	8147	0	0	0	0.0	0.0	0.0
7900	T	8147	0	0	0	0.0	0.0	0.0
7901	C	8147	0	0	0	0.0	0.0	0.0
7902	A	8147	0	0	0	0.0	0.0	0.0
7903	T	8147	0	0	0	0.0	0.0	0.0
7904	A	8147	0	0	0	0.0	0.0	0.0
7905	G	8147	0	0	0	0.0	0.0	0.0
7906	A	8147	0	0	0	0.0	0.0	0.0
7907	C	8147	0	0	0	0.0	0.0	0.0
7908	A	8147	0	0	0	0.0	0.0	0.0
7909	G	8147	0	0	0	0.0	0.0	0.0
7910	C	8147	0	0	0	0.0	0.0	0.0
7911	A	8147	0	0	0	0.0	0.0	0.0
7912	C	8147	0	0	0	0.0	0.0	0.0
7913	A	8147	0	0	0	0.0	0.0	0.0
7914	A	8147	0	0	0	0.0	0.0	0.0
7915	C	8147	0	0	0	0.0	0.0	0.0
7916	C	8147	0	0	0	0.0	0.0	0.0
7917	T	8147	0	0	0	0.0	0.0	0.0
7918	A	8147	0	0	0	0.0	0.0	0.0
7919	T	8147	0	0	0	0.0	0.0	0.0
7920	C	8147	0	0	0	0.0	0.0	0.0
7921	T	8147	0	0	0	0.0	0.0	0.0
7922	A	8147	0	0	0	0.0	0.0	0.0
7923	T	8147	0	0	0	0.0	0.0	0.0
7924	T	8147	0	0	0	0.0	0.0	0.0
7925	C	8147	0	0	0	0.0	0.0	0.0
7926	C	8147	0	0	0	0.0	0.0	0.0
7927	A	8147	8	0	0	0.0009819565484227323	0.0	0.0
7928	G	8147	0	0	0	0.0	0.0	0.0
7929	T	8147	26	0	0	0.00319135878237388	0.0	0.0
7930	T	8147	0	0	0	0.0	0.0	0.0
7931	G	8147	0	0	0	0.0	0.0	0.0
7932	C	8147	0	0	0	0.0	0.0	0.0
7933	C	8147	1	0	0	0.00012274456855284154	0.0	0.0
7934	T	8147	0	0	0	0.0	0.0	0.0
7935	T	8147	0	0	0	0.0	0.0	0.0
7936	T	8147	0	0	0	0.0	0.0	0.0
7937	T	8147	0	0	0	0.0	0.0	0.0
7938	T	8147	0	0	0	0.0	0.0	0.0
7939	T	8147	0	0	0	0.0	0.0	0.0
7940	G	8147	1	0	0	0.00012274456855284154	0.0	0.0
7941	C	8147	0	0	0	0.0	0.0	0.0
7942	T	8147	0	0	0	0.0	0.0	0.0
7943	A	8147	0	0	0	0.0	0.0	0.0
7944	G	8147	4	0	0	0.0004909782742113662	0.0	0.0
7945	T	8147	0	0	0	0.0	0.0	0.0
7946	T	8147	0	0	0	0.0	0.0	0.0
7947	A	8147	0	0	0	0.0	0.0	0.0
7948	C	8147	0	0	0	0.0	0.0	0.0
7949	A	8147	1	0	0	0.00012274456855284154	0.0	0.0
7950	C	8147	0	0	0	0.0	0.0	0.0
7951	T	8147	0	0	0	0.0	0.0	0.0
7952	A	8147	0	0	0	0.0	0.0	0.0
7953	G	8147	0	0	0	0.0	0.0	0.0
7954	C	8147	0	0	0	0.0	0.0	0.0
7955	T	8147	0	0	0	0.0	0.0	0.0
7956	A	8147	0	0	0	0.0	0.0	0.0
7957	A	8147	0	0	0	0.0	0.0	0.0
7958	T	8147	7	0	0	0.0008592119798698908	0.0	0.0
7959	T	8147	0	0	0	0.0	0.0	0.0
7960	T	8147	0	0	0	0.0	0.0	0.0
7961	T	8147	0	0	0	0.0	0.0	0.0
7962	A	8147	0	0	0	0.0	0.0	0.0
7963	G	8147	0	0	0	0.0	0.0	0.0
7964	T	8147	28	0	0	0.003436847919479563	0.0	0.0
7965	G	8147	1	0	0	0.00012274456855284154	0.0	0.0
7966	T	8147	0	0	0	0.0	0.0	0.0
7967	A	8147	0	0	0	0.0	0.0	0.0
7968	C	8147	0	0	0	0.0	0.0	0.0
7969	C	8147	0	0	0	0.0	0.0	0.0
7970	T	8147	8104	0	0	0.9947219835522279	0.0	0.0
7971	G	8147	0	0	0	0.0	0.0	0.0
7972	A	8147	0	0	0	0.0	0.0	0.0
7973	T	8147	0	0	0	0.0	0.0	0.0
7974	T	8147	0	0	0	0.0	0.0	0.0
7975	T	8147	0	0	0	0.0	0.0	0.0
7976	T	8147	0	0	0	0.0	0.0	0.0
7977	C	8147	0	0	0	0.0	0.0	0.0
7978	A	8147	0	0	0	0.0	0.0	0.0
7979	G	8147	0	0	0	0.0	0.0	0.0
7980	T	8147	0	0	0	0.0	0.0	0.0
7981	G	8147	5	0	0	0.0006137228427642077	0.0	0.0
7982	A	8147	0	0	0	0.0	0.0	0.0
7983	A	8147	0	0	0	0.0	0.0	0.0
7984	A	8147	0	0	0	0.0	0.0	0.0
7985	T	8147	0	0	0	0.0	0.0	0.0
7986	T	8147	0	0	0	0.0	0.0	0.0
7987	A	8147	0	0	0	0.0	0.0	0.0
7988	C	8147	0	0	0	0.0	0.0	0.0
7989	T	8147	0	0	0	0.0	0.0	0.0
7990	A	8147	0	0	0	0.0	0.0	0.0
7991	G	8147	0	0	0	0.0	0.0	0.0
7992	C	8147	0	0	0	0.0	0.0	0.0
7993	A	8147	0	0	0	0.0	0.0	0.0
7994	T	8147	0	0	0	0.0	0.0	0.0
7995	C	8147	0	0	0	0.0	0.0	0.0
7996	T	8147	0	0	0	0.0	0.0	0.0
7997	T	8147	0	0	0	0.0	0.0	0.0
7998	T	8147	0	0	0	0.0	0.0	0.0
7999	A	8147	4	0	0	0.0004909782742113662	0.0	0.0
8000	A	8147	0	0	0	0.0	0.0	0.0
8001	A	8147	0	0	0	0.0	0.0	0.0
8002	A	8147	0	0	0	0.0	0.0	0.0
8003	T	8147	0	0	0	0.0	0.0	0.0
8004	T	8147	0	0	0	0.0	0.0	0.0
8005	T	8147	1	0	0	0.00012274456855284154	0.0	0.0
8006	T	8147	0	0	0	0.0	0.0	0.0
8007	T	8147	0	0	0	0.0	0.0	0.0
8008	A	8147	59	0	0	0.007241929544617651	0.0	0.0
8009	C	8147	1	0	0	0.00012274456855284154	0.0	0.0
8010	T	8147	0	0	0	0.0	0.0	0.0
8011	G	8147	1	0	0	0.00012274456855284154	0.0	0.0
8012	A	8147	0	0	0	0.0	0.0	0.0
8013	A	8147	0	0	0	0.0	0.0	0.0
8014	A	8147	0	0	0	0.0	0.0	0.0
8015	C	8147	1	0	0	0.00012274456855284154	0.0	0.0
8016	G	8147	14	0	0	0.0017184239597397815	0.0	0.0
8017	A	8147	0	0	0	0.0	0.0	0.0
8018	T	8147	0	0	0	0.0	0.0	0.0
8019	C	8147	0	0	0	0.0	0.0	0.0
8020	A	8147	0	0	0	0.0	0.0	0.0
8021	G	8147	11	1	0	0.001350190254081257	0.00012274456855284154	0.0
8022	C	8147	2	1	0	0.0002454891371056831	0.00012274456855284154	0.0
8023	C	8147	0	1	0	0.0	0.00012274456855284154	0.0
8024	T	8147	0	1	0	0.0	0.00012274456855284154	0.0
8025	G	8147	0	2	0	0.0	0.0002454891371056831	0.0
8026	T	8147	0	2	0	0.0	0.0002454891371056831	0.0
8027	G	8147	1	2	0	0.00012274456855284154	0.0002454891371056831	0.0
8028	C	8147	0	2	0	0.0	0.0002454891371056831	0.0
8029	A	8147	2	2	0	0.0002454891371056831	0.0002454891371056831	0.0
8030	A	8147	260	2	0	0.0319135878237388	0.0002454891371056831	0.0
8031	T	8147	1	1	0	0.00012274456855284154	0.00012274456855284154	0.0
8032	G	8147	0	1	0	0.0	0.00012274456855284154	0.0
8033	A	8147	0	1	0	0.0	0.00012274456855284154	0.0
8034	A	8147	1	1	0	0.00012274456855284154	0.00012274456855284154	0.0
8035	C	8147	1	1	0	0.00012274456855284154	0.00012274456855284154	0.0
8036	T	8147	0	2	0	0.0	0.0002454891371056831	0.0
8037	A	8147	0	1	0	0.0	0.00012274456855284154	0.0
8038	G	8147	9	1	0	0.0011047011169755738	0.00012274456855284154	0.0
8039	T	8147	0	0	0	0.0	0.0	0.0
8040	T	8147	0	0	0	0.0	0.0	0.0
8041	T	8147	0	0	0	0.0	0.0	0.0
8042	T	8147	0	0	0	0.0	0.0	0.0
8043	C	8147	0	1	0	0.0	0.00012274456855284154	0.0
8044	T	8147	1	0	0	0.00012274456855284154	0.0	0.0
8045	T	8147	0	0	0	0.0	0.0	0.0
8046	C	8147	0	8	0	0.0	0.0009819565484227323	0.0
8047	A	8147	0	0	0	0.0	0.0	0.0
8048	G	8146	0	0	0	0.0	0.0	0.0
8049	C	8146	3	0	0	0.0003682789098944267	0.0	0.0
8050	G	8146	1	0	0	0.00012275963663147557	0.0	0.0
8051	G	8146	0	0	0	0.0	0.0	0.0
8052	C	8146	1	0	0	0.00012275963663147557	0.0	0.0
8053	G	8146	0	0	0	0.0	0.0	0.0
8054	G	8146	34	0	0	0.004173827645470169	0.0	0.0
8055	C	8146	5	0	0	0.0006137981831573779	0.0	0.0
8056	A	8146	0	0	0	0.0	0.0	0.0
8057	A	8146	0	0	0	0.0	0.0	0.0
8058	C	8146	1	0	0	0.00012275963663147557	0.0	0.0
8059	C	8146	0	0	0	0.0	0.0	0.0
8060	G	8146	11	0	0	0.0013503560029462312	0.0	0.0
8061	C	8146	9	0	0	0.00110483672968328	0.0	0.0
8062	T	8146	0	0	0	0.0	0.0	0.0
8063	G	8146	1	0	0	0.00012275963663147557	0.0	0.0
8064	A	8146	0	0	0	0.0	0.0	0.0
8065	G	8146	0	0	0	0.0	0.0	0.0
8066	A	8146	0	0	0	0.0	0.0	0.0
8067	A	8146	0	0	0	0.0	0.0	0.0
8068	G	8146	12	0	0	0.0014731156395777069	0.0	0.0
8069	C	8146	0	0	0	0.0	0.0	0.0
8070	T	8146	0	0	0	0.0	0.0	0.0
8071	T	8146	0	0	0	0.0	0.0	0.0
8072	T	8146	0	0	0	0.0	0.0	0.0
8073	T	8146	0	0	0	0.0	0.0	0.0
8074	T	8146	0	1	0	0.0	0.00012275963663147557	0.0
8075	C	8146	10	0	0	0.0012275963663147557	0.0	0.0
8076	T	8146	0	0	0	0.0	0.0	0.0
8077	C	8146	0	0	0	0.0	0.0	0.0
8078	A	8146	0	0	0	0.0	0.0	0.0
8079	A	8146	0	0	0	0.0	0.0	0.0
8080	A	8146	0	0	0	0.0	0.0	0.0
8081	T	8146	0	0	0	0.0	0.0	0.0
8082	T	8146	0	0	0	0.0	0.0	0.0
