position	reference_base	coverage	mismatch_count	deletion_count	mismatch_rate	deletion_rate
1	C	8209	0	0	0.0	0.0
2	T	8209	0	0	0.0	0.0
3	G	8210	0	0	0.0	0.0
4	G	8210	1	0	0.0001218026796589525	0.0
5	A	8210	0	0	0.0	0.0
6	A	8210	0	0	0.0	0.0
7	A	8210	0	0	0.0	0.0
8	A	8210	0	0	0.0	0.0
9	A	8210	0	0	0.0	0.0
10	G	8210	0	0	0.0	0.0
11	A	8210	0	0	0.0	0.0
12	G	8210	0	0	0.0	0.0
13	G	8210	0	0	0.0	0.0
14	C	8210	0	0	0.0	0.0
15	T	8210	0	0	0.0	0.0
16	A	8210	1	0	0.0001218026796589525	0.0
17	T	8210	0	0	0.0	0.0
18	T	8210	0	0	0.0	0.0
19	T	8210	0	0	0.0	0.0
20	T	8210	0	0	0.0	0.0
21	G	8210	6	0	0.000730816077953715	0.0
22	T	8210	0	0	0.0	0.0
23	C	8210	1	0	0.0001218026796589525	0.0
24	T	8210	0	0	0.0	0.0
25	T	8210	782	0	0.09524969549330085	0.0
26	A	8210	0	0	0.0	0.0
27	G	8210	9	0	0.0010962241169305725	0.0
28	T	8210	0	0	0.0	0.0
29	A	8210	0	0	0.0	0.0
30	A	8210	0	0	0.0	0.0
31	T	8210	0	0	0.0	0.0
32	C	8210	2	0	0.000243605359317905	0.0
33	A	8210	1	0	0.0001218026796589525	0.0
34	A	8210	0	0	0.0	0.0
35	A	8210	0	0	0.0	0.0
36	T	8210	0	0	0.0	0.0
37	T	8210	0	0	0.0	0.0
38	G	8210	0	0	0.0	0.0
39	A	8210	0	0	0.0	0.0
40	C	8210	0	0	0.0	0.0
41	G	8210	0	0	0.0	0.0
42	A	8210	0	0	0.0	0.0
43	T	8210	0	0	0.0	0.0
44	A	8210	0	0	0.0	0.0
45	A	8210	0	0	0.0	0.0
46	T	8210	0	0	0.0	0.0
47	A	8210	0	0	0.0	0.0
48	A	8210	4	0	0.00048721071863581	0.0
49	C	8210	1	0	0.0001218026796589525	0.0
50	G	8210	0	0	0.0	0.0
51	A	8210	0	0	0.0	0.0
52	C	8210	0	0	0.0	0.0
53	G	8210	0	0	0.0	0.0
54	A	8210	0	0	0.0	0.0
55	A	8210	0	0	0.0	0.0
56	T	8210	0	0	0.0	0.0
57	C	8210	0	0	0.0	0.0
58	T	8210	0	0	0.0	0.0
59	C	8210	0	0	0.0	0.0
60	T	8210	0	0	0.0	0.0
61	A	8210	0	0	0.0	0.0
62	A	8210	0	0	0.0	0.0
63	T	8210	0	0	0.0	0.0
64	G	8210	0	0	0.0	0.0
65	G	8210	1	0	0.0001218026796589525	0.0
66	G	8210	2	0	0.000243605359317905	0.0
67	T	8210	0	0	0.0	0.0
68	G	8210	0	0	0.0	0.0
69	A	8210	0	0	0.0	0.0
70	C	8210	0	0	0.0	0.0
71	A	8210	0	0	0.0	0.0
72	A	8210	0	0	0.0	0.0
73	T	8210	0	0	0.0	0.0
74	T	8210	0	0	0.0	0.0
75	C	8210	3449	0	0.4200974421437272	0.0
76	A	8210	0	0	0.0	0.0
77	A	8210	1	0	0.0001218026796589525	0.0
78	T	8210	0	0	0.0	0.0
79	T	8210	1	0	0.0001218026796589525	0.0
80	T	8210	0	0	0.0	0.0
81	T	8210	0	0	0.0	0.0
82	T	8210	1	0	0.0001218026796589525	0.0
83	C	8210	0	0	0.0	0.0
84	T	8210	0	0	0.0	0.0
85	A	8210	0	0	0.0	0.0
86	C	8210	28	0	0.00341047503045067	0.0
87	A	8210	0	0	0.0	0.0
88	T	8210	0	0	0.0	0.0
89	G	8210	0	0	0.0	0.0
90	C	8210	0	0	0.0	0.0
91	G	8210	5	0	0.0006090133982947625	0.0
92	C	8210	0	0	0.0	0.0
93	A	8210	0	0	0.0	0.0
94	T	8210	0	0	0.0	0.0
95	C	8210	0	0	0.0	0.0
96	A	8210	0	0	0.0	0.0
97	A	8210	0	0	0.0	0.0
98	T	8210	0	0	0.0	0.0
99	G	8210	301	0	0.0366626065773447	0.0
100	C	8210	1	0	0.0001218026796589525	0.0
101	G	8210	0	0	0.0	0.0
102	T	8210	0	0	0.0	0.0
103	T	8210	0	0	0.0	0.0
104	G	8210	0	0	0.0	0.0
105	C	8210	0	0	0.0	0.0
106	G	8210	0	0	0.0	0.0
107	T	8210	0	0	0.0	0.0
108	T	8210	0	0	0.0	0.0
109	A	8210	0	0	0.0	0.0
110	C	8210	0	0	0.0	0.0
111	C	8210	178	0	0.021680876979293544	0.0
112	G	8210	0	0	0.0	0.0
113	C	8210	0	0	0.0	0.0
114	A	8210	110	0	0.013398294762484775	0.0
115	T	8210	0	0	0.0	0.0
116	G	8210	0	0	0.0	0.0
117	C	8210	0	0	0.0	0.0
118	A	8210	0	0	0.0	0.0
119	T	8210	0	0	0.0	0.0
120	T	8210	0	0	0.0	0.0
121	A	8210	0	0	0.0	0.0
122	G	8210	1	0	0.0001218026796589525	0.0
123	G	8210	264	0	0.03215590742996346	0.0
124	A	8210	0	0	0.0	0.0
125	G	8210	0	0	0.0	0.0
126	A	8210	0	0	0.0	0.0
127	A	8210	0	0	0.0	0.0
128	A	8210	0	0	0.0	0.0
129	T	8210	0	0	0.0	0.0
130	G	8210	0	0	0.0	0.0
131	A	8210	0	0	0.0	0.0
132	A	8210	4	0	0.00048721071863581	0.0
133	A	8210	0	0	0.0	0.0
134	T	8210	3036	0	0.3697929354445798	0.0
135	A	8210	0	0	0.0	0.0
136	A	8210	0	0	0.0	0.0
137	C	8210	7	0	0.0008526187576126675	0.0
138	T	8210	0	0	0.0	0.0
139	C	8210	0	0	0.0	0.0
140	G	8210	0	0	0.0	0.0
141	G	8210	493	0	0.060048721071863584	0.0
142	C	8210	10	0	0.001218026796589525	0.0
143	C	8210	0	0	0.0	0.0
144	A	8210	68	0	0.008282582216808769	0.0
145	C	8210	0	0	0.0	0.0
146	G	8210	0	0	0.0	0.0
147	A	8210	0	0	0.0	0.0
148	T	8210	0	0	0.0	0.0
149	A	8210	0	0	0.0	0.0
150	T	8210	0	0	0.0	0.0
151	T	8210	0	0	0.0	0.0
152	T	8210	0	0	0.0	0.0
153	T	8210	0	0	0.0	0.0
154	T	8210	0	0	0.0	0.0
155	C	8210	0	0	0.0	0.0
156	A	8210	0	0	0.0	0.0
157	C	8210	1	0	0.0001218026796589525	0.0
158	T	8210	0	0	0.0	0.0
159	A	8210	0	0	0.0	0.0
160	A	8210	0	0	0.0	0.0
161	T	8210	0	0	0.0	0.0
162	T	8210	0	0	0.0	0.0
163	C	8210	2	0	0.000243605359317905	0.0
164	C	8210	0	0	0.0	0.0
165	T	8210	0	0	0.0	0.0
166	G	8210	1	0	0.0001218026796589525	0.0
167	G	8210	0	0	0.0	0.0
168	A	8210	0	0	0.0	0.0
169	A	8210	0	0	0.0	0.0
170	G	8210	0	0	0.0	0.0
171	T	8210	0	0	0.0	0.0
172	T	8210	0	0	0.0	0.0
173	C	8210	0	0	0.0	0.0
174	A	8210	0	0	0.0	0.0
175	T	8210	0	0	0.0	0.0
176	A	8210	0	0	0.0	0.0
177	C	8210	2	0	0.000243605359317905	0.0
178	G	8210	0	0	0.0	0.0
179	C	8210	1	0	0.0001218026796589525	0.0
180	T	8210	0	0	0.0	0.0
181	T	8210	0	0	0.0	0.0
182	T	8210	0	0	0.0	0.0
183	C	8210	0	0	0.0	0.0
184	G	8210	0	0	0.0	0.0
185	A	8210	0	0	0.0	0.0
186	A	8210	0	0	0.0	0.0
187	T	8210	0	0	0.0	0.0
188	C	8210	0	0	0.0	0.0
189	A	8210	0	0	0.0	0.0
190	A	8210	0	0	0.0	0.0
191	T	8210	1	0	0.0001218026796589525	0.0
192	A	8210	0	0	0.0	0.0
193	A	8210	34	0	0.0041412911084043845	0.0
194	T	8210	0	0	0.0	0.0
195	T	8210	0	0	0.0	0.0
196	G	8210	1	0	0.0001218026796589525	0.0
197	T	8210	0	0	0.0	0.0
198	A	8210	0	0	0.0	0.0
199	T	8210	0	0	0.0	0.0
200	A	8210	0	0	0.0	0.0
201	A	8210	0	0	0.0	0.0
202	T	8210	0	0	0.0	0.0
203	T	8210	0	0	0.0	0.0
204	G	8210	0	0	0.0	0.0
205	G	8210	2	0	0.000243605359317905	0.0
206	C	8210	0	0	0.0	0.0
207	A	8210	0	0	0.0	0.0
208	C	8210	0	0	0.0	0.0
209	A	8210	0	0	0.0	0.0
210	G	8210	3	0	0.0003654080389768575	0.0
211	A	8210	0	0	0.0	0.0
212	T	8210	0	0	0.0	0.0
213	T	8210	0	0	0.0	0.0
214	T	8210	0	0	0.0	0.0
215	T	8210	0	0	0.0	0.0
216	C	8210	159	0	0.019366626065773447	0.0
217	G	8210	1	0	0.0001218026796589525	0.0
218	G	8210	0	0	0.0	0.0
219	C	8210	0	0	0.0	0.0
220	A	8210	0	0	0.0	0.0
221	A	8210	0	0	0.0	0.0
222	T	8210	0	0	0.0	0.0
223	A	8210	0	0	0.0	0.0
224	A	8210	0	0	0.0	0.0
225	T	8210	0	0	0.0	0.0
226	T	8210	0	0	0.0	0.0
227	T	8210	0	0	0.0	0.0
228	T	8210	0	0	0.0	0.0
229	G	8210	5	0	0.0006090133982947625	0.0
230	C	8210	0	0	0.0	0.0
231	T	8210	0	0	0.0	0.0
232	A	8210	0	0	0.0	0.0
233	C	8210	0	0	0.0	0.0
234	T	8210	0	0	0.0	0.0
235	C	8210	0	0	0.0	0.0
236	G	8210	0	0	0.0	0.0
237	T	8210	0	0	0.0	0.0
238	T	8210	0	0	0.0	0.0
239	C	8210	0	0	0.0	0.0
240	T	8210	0	0	0.0	0.0
241	G	8210	0	0	0.0	0.0
242	C	8210	0	0	0.0	0.0
243	C	8210	0	0	0.0	0.0
244	A	8210	0	0	0.0	0.0
245	A	8210	0	0	0.0	0.0
246	C	8210	1450	0	0.17661388550548113	0.0
247	G	8210	3	0	0.0003654080389768575	0.0
248	G	8210	0	0	0.0	0.0
249	T	8210	1122	0	0.1366626065773447	0.0
250	C	8210	0	0	0.0	0.0
251	G	8210	0	0	0.0	0.0
252	C	8210	975	0	0.11875761266747868	0.0
253	T	8210	0	0	0.0	0.0
254	G	8210	0	0	0.0	0.0
255	C	8210	351	0	0.042752740560292324	0.0
256	T	8210	0	0	0.0	0.0
257	C	8210	0	0	0.0	0.0
258	G	8210	115	0	0.014007308160779537	0.0
259	T	8210	0	0	0.0	0.0
260	C	8210	0	0	0.0	0.0
261	T	8210	1	0	0.0001218026796589525	0.0
262	T	8210	0	0	0.0	0.0
263	C	8210	1	0	0.0001218026796589525	0.0
264	T	8210	0	0	0.0	0.0
265	C	8210	0	0	0.0	0.0
266	C	8210	0	0	0.0	0.0
267	A	8210	1191	0	0.1450669914738124	0.0
268	A	8210	0	0	0.0	0.0
269	T	8210	0	0	0.0	0.0
270	A	8210	0	0	0.0	0.0
271	A	8210	0	0	0.0	0.0
272	A	8210	0	0	0.0	0.0
273	C	8210	186	0	0.022655298416565165	0.0
274	A	8210	0	0	0.0	0.0
275	A	8210	0	0	0.0	0.0
276	C	8210	36	0	0.00438489646772229	0.0
277	G	8210	0	0	0.0	0.0
278	T	8210	0	0	0.0	0.0
279	T	8210	0	0	0.0	0.0
280	A	8210	0	0	0.0	0.0
281	C	8210	0	0	0.0	0.0
282	T	8210	0	0	0.0	0.0
283	G	8210	0	0	0.0	0.0
284	G	8210	0	0	0.0	0.0
285	C	8210	194	0	0.023629719853836783	0.0
286	G	8210	0	0	0.0	0.0
287	T	8210	0	0	0.0	0.0
288	A	8210	0	0	0.0	0.0
289	G	8210	1	0	0.0001218026796589525	0.0
290	T	8210	0	0	0.0	0.0
291	T	8210	1	0	0.0001218026796589525	0.0
292	T	8210	0	0	0.0	0.0
293	C	8210	0	0	0.0	0.0
294	A	8210	186	0	0.022655298416565165	0.0
295	T	8210	0	0	0.0	0.0
296	C	8210	0	0	0.0	0.0
297	T	8210	0	0	0.0	0.0
298	A	8210	0	0	0.0	0.0
299	C	8210	0	0	0.0	0.0
300	A	8210	0	0	0.0	0.0
301	A	8210	0	0	0.0	0.0
302	T	8210	0	0	0.0	0.0
303	T	8210	0	0	0.0	0.0
304	T	8210	1	0	0.0001218026796589525	0.0
305	C	8210	0	0	0.0	0.0
306	T	8210	0	0	0.0	0.0
307	A	8210	0	0	0.0	0.0
308	G	8210	0	0	0.0	0.0
309	C	8210	0	0	0.0	0.0
310	G	8210	0	0	0.0	0.0
311	T	8210	0	0	0.0	0.0
312	T	8210	1019	0	0.1241169305724726	0.0
313	C	8210	0	0	0.0	0.0
314	C	8210	0	0	0.0	0.0
315	A	8210	0	0	0.0	0.0
316	T	8210	0	0	0.0	0.0
317	G	8210	0	0	0.0	0.0
318	T	8210	0	0	0.0	0.0
319	A	8210	0	0	0.0	0.0
320	A	8210	0	0	0.0	0.0
321	G	8210	0	0	0.0	0.0
322	A	8210	0	0	0.0	0.0
323	A	8210	0	0	0.0	0.0
324	C	8210	0	0	0.0	0.0
325	T	8210	0	0	0.0	0.0
326	C	8210	0	0	0.0	0.0
327	T	8210	0	0	0.0	0.0
328	G	8210	0	0	0.0	0.0
329	C	8210	0	0	0.0	0.0
330	T	8210	0	0	0.0	0.0
331	G	8210	0	0	0.0	0.0
332	C	8210	0	0	0.0	0.0
333	A	8210	0	0	0.0	0.0
334	T	8210	0	0	0.0	0.0
335	G	8210	0	0	0.0	0.0
336	A	8210	0	0	0.0	0.0
337	A	8210	0	0	0.0	0.0
338	T	8210	0	0	0.0	0.0
339	T	8210	0	0	0.0	0.0
340	G	8210	0	0	0.0	0.0
341	A	8210	0	0	0.0	0.0
342	T	8210	0	0	0.0	0.0
343	T	8210	0	0	0.0	0.0
344	T	8210	0	0	0.0	0.0
345	T	8210	0	0	0.0	0.0
346	G	8210	0	0	0.0	0.0
347	A	8210	0	0	0.0	0.0
348	G	8210	2210	0	0.269183922046285	0.0
349	C	8210	0	0	0.0	0.0
350	G	8210	9	0	0.0010962241169305725	0.0
351	A	8210	0	0	0.0	0.0
352	A	8210	0	0	0.0	0.0
353	G	8210	0	0	0.0	0.0
354	C	8210	0	0	0.0	0.0
355	C	8210	0	0	0.0	0.0
356	A	8210	0	0	0.0	0.0
357	A	8210	0	0	0.0	0.0
358	C	8210	0	0	0.0	0.0
359	T	8210	0	0	0.0	0.0
360	T	8210	0	0	0.0	0.0
361	T	8210	0	0	0.0	0.0
362	G	8210	0	0	0.0	0.0
363	C	8210	0	0	0.0	0.0
364	T	8210	0	0	0.0	0.0
365	C	8210	0	0	0.0	0.0
366	T	8210	0	0	0.0	0.0
367	T	8210	0	0	0.0	0.0
368	C	8210	0	0	0.0	0.0
369	C	8210	0	0	0.0	0.0
370	C	8210	0	0	0.0	0.0
371	A	8210	0	0	0.0	0.0
372	A	8210	0	0	0.0	0.0
373	T	8210	1	1	0.0001218026796589525	0.0001218026796589525
374	A	8210	0	0	0.0	0.0
375	G	8210	1	0	0.0001218026796589525	0.0
376	C	8210	0	0	0.0	0.0
377	A	8210	0	0	0.0	0.0
378	C	8210	0	0	0.0	0.0
379	A	8210	0	0	0.0	0.0
380	T	8210	1	0	0.0001218026796589525	0.0
381	T	8210	0	0	0.0	0.0
382	G	8210	0	0	0.0	0.0
383	C	8210	0	0	0.0	0.0
384	A	8210	0	0	0.0	0.0
385	T	8210	1	0	0.0001218026796589525	0.0
386	A	8210	0	0	0.0	0.0
387	A	8210	0	0	0.0	0.0
388	G	8210	0	0	0.0	0.0
389	A	8210	0	0	0.0	0.0
390	A	8210	0	0	0.0	0.0
391	T	8210	0	0	0.0	0.0
392	A	8210	0	0	0.0	0.0
393	G	8210	1281	0	0.15602923264311816	0.0
394	A	8210	0	0	0.0	0.0
395	C	8210	0	0	0.0	0.0
396	C	8210	0	0	0.0	0.0
397	G	8210	0	0	0.0	0.0
398	C	8210	0	0	0.0	0.0
399	T	8210	0	0	0.0	0.0
400	C	8210	0	0	0.0	0.0
401	C	8210	0	0	0.0	0.0
402	C	8210	0	0	0.0	0.0
403	C	8210	0	0	0.0	0.0
404	A	8210	0	0	0.0	0.0
405	T	8210	0	0	0.0	0.0
406	T	8210	0	0	0.0	0.0
407	G	8210	0	0	0.0	0.0
408	G	8210	0	0	0.0	0.0
409	T	8210	2	0	0.000243605359317905	0.0
410	T	8210	0	0	0.0	0.0
411	C	8210	892	0	0.10864799025578563	0.0
412	C	8210	0	0	0.0	0.0
413	C	8210	1	0	0.0001218026796589525	0.0
414	T	8210	0	0	0.0	0.0
415	G	8210	0	0	0.0	0.0
416	C	8210	0	0	0.0	0.0
417	G	8210	0	0	0.0	0.0
418	C	8210	0	0	0.0	0.0
419	C	8210	0	0	0.0	0.0
420	A	8210	0	0	0.0	0.0
421	A	8210	0	0	0.0	0.0
422	T	8210	0	0	0.0	0.0
423	A	8210	0	0	0.0	0.0
424	A	8210	0	0	0.0	0.0
425	A	8210	0	0	0.0	0.0
426	A	8210	0	0	0.0	0.0
427	T	8210	0	0	0.0	0.0
428	A	8210	0	0	0.0	0.0
429	G	8210	0	0	0.0	0.0
430	T	8210	0	0	0.0	0.0
431	G	8210	0	0	0.0	0.0
432	A	8210	0	0	0.0	0.0
433	A	8210	0	0	0.0	0.0
434	T	8210	2	0	0.000243605359317905	0.0
435	G	8210	0	0	0.0	0.0
436	C	8210	3	0	0.0003654080389768575	0.0
437	T	8210	0	0	0.0	0.0
438	A	8210	0	0	0.0	0.0
439	T	8210	0	0	0.0	0.0
440	C	8210	1	0	0.0001218026796589525	0.0
441	A	8210	0	0	0.0	0.0
442	T	8210	0	0	0.0	0.0
443	G	8210	0	0	0.0	0.0
444	A	8210	1	0	0.0001218026796589525	0.0
445	C	8210	3	0	0.0003654080389768575	0.0
446	G	8210	0	0	0.0	0.0
447	A	8210	0	0	0.0	0.0
448	T	8210	0	0	0.0	0.0
449	G	8210	0	0	0.0	0.0
450	T	8210	0	0	0.0	0.0
451	T	8210	0	0	0.0	0.0
452	T	8210	0	0	0.0	0.0
453	T	8210	0	0	0.0	0.0
454	T	8210	0	0	0.0	0.0
455	C	8210	0	0	0.0	0.0
456	C	8210	1	0	0.0001218026796589525	0.0
457	G	8210	2	0	0.000243605359317905	0.0
458	C	8210	0	0	0.0	0.0
459	A	8210	186	0	0.022655298416565165	0.0
460	A	8210	0	0	0.0	0.0
461	A	8210	0	0	0.0	0.0
462	A	8210	0	0	0.0	0.0
463	G	8210	183	0	0.022289890377588308	0.0
464	C	8210	0	0	0.0	0.0
465	T	8210	0	0	0.0	0.0
466	A	8210	0	0	0.0	0.0
467	A	8210	0	0	0.0	0.0
468	G	8210	1	0	0.0001218026796589525	0.0
469	C	8210	0	0	0.0	0.0
470	C	8210	0	0	0.0	0.0
471	A	8210	1	0	0.0001218026796589525	0.0
472	A	8210	0	0	0.0	0.0
473	A	8210	0	0	0.0	0.0
474	C	8210	0	0	0.0	0.0
475	G	8210	182	0	0.022168087697929353	0.0
476	C	8210	6	0	0.000730816077953715	0.0
477	A	8210	0	0	0.0	0.0
478	T	8210	0	0	0.0	0.0
479	C	8210	0	0	0.0	0.0
480	G	8210	2	0	0.000243605359317905	0.0
481	G	8210	0	0	0.0	0.0
482	C	8210	23	0	0.0028014616321559074	0.0
483	A	8210	0	0	0.0	0.0
484	C	8210	0	0	0.0	0.0
485	T	8210	0	0	0.0	0.0
486	T	8210	0	0	0.0	0.0
487	T	8210	0	0	0.0	0.0
488	T	8210	0	0	0.0	0.0
489	T	8210	0	0	0.0	0.0
490	T	8210	0	0	0.0	0.0
491	C	8210	0	0	0.0	0.0
492	G	8210	203	0	0.024725943970767356	0.0
493	G	8210	0	0	0.0	0.0
494	C	8210	1	0	0.0001218026796589525	0.0
495	T	8210	0	0	0.0	0.0
496	T	8210	0	0	0.0	0.0
497	C	8210	0	0	0.0	0.0
498	A	8210	0	0	0.0	0.0
499	G	8210	3	0	0.0003654080389768575	0.0
500	C	8210	0	0	0.0	0.0
501	T	8210	0	0	0.0	0.0
502	A	8210	0	0	0.0	0.0
503	A	8210	0	0	0.0	0.0
504	A	8210	142	0	0.017295980511571253	0.0
505	C	8210	0	0	0.0	0.0
506	C	8210	0	0	0.0	0.0
507	T	8210	1	0	0.0001218026796589525	0.0
508	G	8210	0	0	0.0	0.0
509	T	8210	0	0	0.0	0.0
510	A	8210	0	0	0.0	0.0
511	G	8210	0	0	0.0	0.0
512	G	8210	0	0	0.0	0.0
513	C	8210	3	0	0.0003654080389768575	0.0
514	A	8210	0	0	0.0	0.0
515	A	8210	0	0	0.0	0.0
516	A	8210	0	0	0.0	0.0
517	T	8210	0	0	0.0	0.0
518	A	8210	1	0	0.0001218026796589525	0.0
519	T	8210	0	0	0.0	0.0
520	T	8210	1	0	0.0001218026796589525	0.0
521	C	8210	0	0	0.0	0.0
522	T	8210	0	0	0.0	0.0
523	T	8210	0	0	0.0	0.0
524	C	8210	2	0	0.000243605359317905	0.0
525	C	8210	0	0	0.0	0.0
526	A	8210	0	0	0.0	0.0
527	A	8210	0	0	0.0	0.0
528	T	8210	0	0	0.0	0.0
529	T	8210	0	0	0.0	0.0
530	C	8210	1	0	0.0001218026796589525	0.0
531	T	8210	0	0	0.0	0.0
532	T	8210	0	0	0.0	0.0
533	G	8210	0	0	0.0	0.0
534	G	8210	0	0	0.0	0.0
535	T	8210	0	0	0.0	0.0
536	A	8210	0	0	0.0	0.0
537	A	8210	0	0	0.0	0.0
538	T	8210	0	0	0.0	0.0
539	A	8210	0	0	0.0	0.0
540	A	8210	0	0	0.0	0.0
541	T	8210	0	0	0.0	0.0
542	T	8210	0	0	0.0	0.0
543	T	8210	0	0	0.0	0.0
544	T	8210	0	0	0.0	0.0
545	C	8210	0	0	0.0	0.0
546	G	8210	0	0	0.0	0.0
547	T	8210	0	0	0.0	0.0
548	A	8210	0	0	0.0	0.0
549	A	8210	0	0	0.0	0.0
550	T	8210	0	0	0.0	0.0
551	C	8210	0	0	0.0	0.0
552	T	8210	0	0	0.0	0.0
553	G	8210	39	0	0.004750304506699147	0.0
554	T	8210	0	0	0.0	0.0
555	A	8210	0	0	0.0	0.0
556	A	8210	0	0	0.0	0.0
557	A	8210	0	0	0.0	0.0
558	T	8210	0	0	0.0	0.0
559	T	8210	0	0	0.0	0.0
560	C	8210	0	0	0.0	0.0
561	G	8210	0	0	0.0	0.0
562	T	8210	0	0	0.0	0.0
563	T	8210	0	0	0.0	0.0
564	G	8210	188	0	0.022898903775883068	0.0
565	T	8210	0	1	0.0	0.0001218026796589525
566	T	8210	0	0	0.0	0.0
567	T	8210	1	0	0.0001218026796589525	0.0
568	T	8210	0	0	0.0	0.0
569	T	8210	0	0	0.0	0.0
570	T	8210	0	0	0.0	0.0
571	T	8210	0	0	0.0	0.0
572	G	8210	1	0	0.0001218026796589525	0.0
573	C	8210	45	0	0.0054811205846528625	0.0
574	A	8210	1	0	0.0001218026796589525	0.0
575	T	8210	0	0	0.0	0.0
576	T	8210	0	0	0.0	0.0
577	A	8210	0	0	0.0	0.0
578	A	8210	1	0	0.0001218026796589525	0.0
579	A	8210	0	0	0.0	0.0
580	C	8210	0	0	0.0	0.0
581	G	8210	0	0	0.0	0.0
582	A	8210	0	0	0.0	0.0
583	T	8210	0	0	0.0	0.0
584	C	8210	0	0	0.0	0.0
585	A	8210	3	0	0.0003654080389768575	0.0
586	G	8210	0	0	0.0	0.0
587	C	8210	1	0	0.0001218026796589525	0.0
588	T	8210	1	0	0.0001218026796589525	0.0
589	A	8210	1	0	0.0001218026796589525	0.0
590	C	8210	0	0	0.0	0.0
591	C	8210	0	0	0.0	0.0
592	A	8210	0	0	0.0	0.0
593	T	8210	0	0	0.0	0.0
594	A	8210	0	0	0.0	0.0
595	A	8210	0	0	0.0	0.0
596	A	8210	0	0	0.0	0.0
597	G	8210	0	0	0.0	0.0
598	A	8210	0	0	0.0	0.0
599	A	8210	0	0	0.0	0.0
600	C	8210	0	0	0.0	0.0
601	T	8210	0	0	0.0	0.0
602	T	8210	0	0	0.0	0.0
603	G	8210	1	0	0.0001218026796589525	0.0
604	A	8210	0	0	0.0	0.0
605	T	8210	0	0	0.0	0.0
606	T	8210	0	0	0.0	0.0
607	T	8210	0	0	0.0	0.0
608	G	8210	0	0	0.0	0.0
609	C	8210	0	0	0.0	0.0
610	T	8210	0	0	0.0	0.0
611	C	8210	0	0	0.0	0.0
612	A	8210	0	0	0.0	0.0
613	G	8210	0	0	0.0	0.0
614	T	8210	0	0	0.0	0.0
615	T	8210	0	0	0.0	0.0
616	C	8210	0	0	0.0	0.0
617	C	8210	0	0	0.0	0.0
618	T	8210	0	0	0.0	0.0
619	G	8210	3	0	0.0003654080389768575	0.0
620	G	8210	0	0	0.0	0.0
621	A	8210	1176	0	0.14323995127892813	0.0
622	G	8210	0	0	0.0	0.0
623	C	8210	0	0	0.0	0.0
624	T	8210	0	0	0.0	0.0
625	G	8210	0	0	0.0	0.0
626	G	8210	0	0	0.0	0.0
627	A	8210	0	0	0.0	0.0
628	T	8210	0	0	0.0	0.0
629	A	8210	0	0	0.0	0.0
630	A	8210	0	0	0.0	0.0
631	G	8210	2	0	0.000243605359317905	0.0
632	T	8210	0	0	0.0	0.0
633	C	8210	0	0	0.0	0.0
634	A	8210	0	0	0.0	0.0
635	C	8210	0	0	0.0	0.0
636	C	8210	2	0	0.000243605359317905	0.0
637	A	8210	0	0	0.0	0.0
638	C	8210	1	0	0.0001218026796589525	0.0
639	A	8210	0	0	0.0	0.0
640	T	8210	0	0	0.0	0.0
641	A	8210	0	0	0.0	0.0
642	A	8210	0	0	0.0	0.0
643	T	8210	0	0	0.0	0.0
644	C	8210	1	0	0.0001218026796589525	0.0
645	A	8210	0	0	0.0	0.0
646	C	8210	0	0	0.0	0.0
647	A	8210	0	0	0.0	0.0
648	T	8210	0	0	0.0	0.0
649	A	8210	0	0	0.0	0.0
650	A	8210	0	0	0.0	0.0
651	A	8210	0	0	0.0	0.0
652	T	8210	0	0	0.0	0.0
653	C	8210	0	0	0.0	0.0
654	T	8210	0	0	0.0	0.0
655	G	8210	0	0	0.0	0.0
656	C	8210	3	0	0.0003654080389768575	0.0
657	T	8210	0	0	0.0	0.0
658	A	8210	0	0	0.0	0.0
659	A	8210	0	0	0.0	0.0
660	A	8210	0	0	0.0	0.0
661	A	8210	0	0	0.0	0.0
662	G	8210	1	0	0.0001218026796589525	0.0
663	A	8210	0	0	0.0	0.0
664	C	8210	0	0	0.0	0.0
665	T	8210	0	0	0.0	0.0
666	G	8210	2545	0	0.3099878197320341	0.0
667	T	8210	0	0	0.0	0.0
668	C	8210	0	0	0.0	0.0
669	T	8210	0	0	0.0	0.0
670	T	8210	0	0	0.0	0.0
671	T	8210	0	0	0.0	0.0
672	T	8210	0	0	0.0	0.0
673	G	8210	2	0	0.000243605359317905	0.0
674	C	8210	0	0	0.0	0.0
675	A	8210	0	0	0.0	0.0
676	T	8210	0	0	0.0	0.0
677	C	8210	0	0	0.0	0.0
678	G	8210	2641	0	0.32168087697929354	0.0
679	A	8210	0	0	0.0	0.0
680	T	8210	0	0	0.0	0.0
681	A	8210	0	0	0.0	0.0
682	A	8210	0	0	0.0	0.0
683	A	8210	0	0	0.0	0.0
684	A	8210	0	0	0.0	0.0
685	C	8210	0	0	0.0	0.0
686	C	8210	2	0	0.000243605359317905	0.0
687	A	8210	0	0	0.0	0.0
688	A	8210	0	0	0.0	0.0
689	A	8210	0	0	0.0	0.0
690	T	8210	0	0	0.0	0.0
691	A	8210	0	0	0.0	0.0
692	A	8210	2598	0	0.3164433617539586	0.0
693	C	8210	1	0	0.0001218026796589525	0.0
694	G	8210	0	0	0.0	0.0
695	T	8210	0	0	0.0	0.0
696	T	8210	256	0	0.03118148599269184	0.0
697	G	8210	0	0	0.0	0.0
698	C	8210	0	0	0.0	0.0
699	G	8210	217	0	0.026431181485992692	0.0
700	C	8210	0	0	0.0	0.0
701	C	8210	0	0	0.0	0.0
702	G	8210	12	0	0.00146163215590743	0.0
703	A	8210	0	0	0.0	0.0
704	C	8210	2	0	0.000243605359317905	0.0
705	C	8210	1	0	0.0001218026796589525	0.0
706	T	8210	0	0	0.0	0.0
707	T	8210	0	0	0.0	0.0
708	T	8210	0	0	0.0	0.0
709	T	8210	0	0	0.0	0.0
710	T	8210	0	0	0.0	0.0
711	G	8210	18	0	0.002192448233861145	0.0
712	A	8210	0	0	0.0	0.0
713	T	8210	0	0	0.0	0.0
714	T	8210	0	0	0.0	0.0
715	T	8210	0	0	0.0	0.0
716	C	8210	0	0	0.0	0.0
717	T	8210	0	0	0.0	0.0
718	T	8210	0	0	0.0	0.0
719	G	8210	2	0	0.000243605359317905	0.0
720	A	8210	0	0	0.0	0.0
721	A	8210	0	0	0.0	0.0
722	C	8210	5	0	0.0006090133982947625	0.0
723	G	8210	1	0	0.0001218026796589525	0.0
724	G	8210	0	0	0.0	0.0
725	C	8210	0	0	0.0	0.0
726	T	8210	0	0	0.0	0.0
727	T	8210	0	0	0.0	0.0
728	G	8210	1	0	0.0001218026796589525	0.0
729	C	8210	0	0	0.0	0.0
730	A	8210	0	0	0.0	0.0
731	C	8210	2	0	0.000243605359317905	0.0
732	C	8210	1	0	0.0001218026796589525	0.0
733	A	8210	0	0	0.0	0.0
734	C	8210	0	0	0.0	0.0
735	T	8210	133	0	0.01619975639464068	0.0
736	T	8210	0	0	0.0	0.0
737	C	8210	0	0	0.0	0.0
738	T	8210	0	0	0.0	0.0
739	T	8210	0	0	0.0	0.0
740	G	8210	1	0	0.0001218026796589525	0.0
741	T	8210	1	0	0.0001218026796589525	0.0
742	G	8210	0	0	0.0	0.0
743	T	8210	0	0	0.0	0.0
744	T	8210	0	0	0.0	0.0
745	G	8210	0	0	0.0	0.0
746	T	8210	0	0	0.0	0.0
747	C	8210	0	0	0.0	0.0
748	C	8210	0	0	0.0	0.0
749	C	8210	0	0	0.0	0.0
750	A	8210	0	0	0.0	0.0
751	G	8210	0	0	0.0	0.0
752	T	8210	4	0	0.00048721071863581	0.0
753	A	8210	0	0	0.0	0.0
754	A	8210	0	0	0.0	0.0
755	C	8210	0	0	0.0	0.0
756	G	8210	10	0	0.001218026796589525	0.0
757	G	8210	0	0	0.0	0.0
758	A	8210	0	0	0.0	0.0
759	A	8210	0	0	0.0	0.0
760	G	8210	0	0	0.0	0.0
761	A	8210	0	0	0.0	0.0
762	C	8210	0	0	0.0	0.0
763	A	8210	0	0	0.0	0.0
764	A	8210	0	0	0.0	0.0
765	G	8210	0	0	0.0	0.0
766	A	8210	4	0	0.00048721071863581	0.0
767	T	8210	0	0	0.0	0.0
768	G	8210	0	0	0.0	0.0
769	A	8210	0	0	0.0	0.0
770	C	8210	0	0	0.0	0.0
771	G	8210	0	0	0.0	0.0
772	A	8210	0	0	0.0	0.0
773	A	8210	0	0	0.0	0.0
774	T	8210	0	0	0.0	0.0
775	G	8210	1	0	0.0001218026796589525	0.0
776	A	8210	0	0	0.0	0.0
777	T	8210	0	0	0.0	0.0
778	T	8210	0	0	0.0	0.0
779	T	8210	0	0	0.0	0.0
780	T	8210	0	0	0.0	0.0
781	T	8210	0	0	0.0	0.0
782	C	8210	0	0	0.0	0.0
783	T	8210	0	0	0.0	0.0
784	G	8210	0	0	0.0	0.0
785	T	8210	0	0	0.0	0.0
786	T	8210	0	0	0.0	0.0
787	A	8210	0	0	0.0	0.0
788	A	8210	0	0	0.0	0.0
789	A	8210	0	0	0.0	0.0
790	C	8210	0	0	0.0	0.0
791	G	8210	0	0	0.0	0.0
792	T	8210	0	0	0.0	0.0
793	T	8210	0	0	0.0	0.0
794	T	8210	0	0	0.0	0.0
795	A	8210	0	0	0.0	0.0
796	T	8210	1	0	0.0001218026796589525	0.0
797	T	8210	0	0	0.0	0.0
798	G	8210	2	0	0.000243605359317905	0.0
799	C	8210	0	0	0.0	0.0
800	C	8210	0	0	0.0	0.0
801	T	8210	0	0	0.0	0.0
802	G	8210	0	0	0.0	0.0
803	T	8210	0	0	0.0	0.0
804	T	8210	0	0	0.0	0.0
805	G	8210	0	0	0.0	0.0
806	T	8210	0	0	0.0	0.0
807	G	8210	0	0	0.0	0.0
808	T	8210	0	0	0.0	0.0
809	A	8210	0	0	0.0	0.0
810	A	8210	0	0	0.0	0.0
811	T	8210	0	0	0.0	0.0
812	A	8210	16	0	0.00194884287454324	0.0
813	C	8210	0	0	0.0	0.0
814	T	8210	0	0	0.0	0.0
815	C	8210	0	0	0.0	0.0
816	A	8210	0	0	0.0	0.0
817	G	8210	0	0	0.0	0.0
818	C	8210	2	0	0.000243605359317905	0.0
819	A	8210	0	0	0.0	0.0
820	G	8210	30	0	0.0036540803897685747	0.0
821	C	8210	0	0	0.0	0.0
822	A	8210	0	0	0.0	0.0
823	T	8210	0	0	0.0	0.0
824	G	8210	1	0	0.0001218026796589525	0.0
825	T	8210	0	0	0.0	0.0
826	T	8210	0	0	0.0	0.0
827	G	8210	0	0	0.0	0.0
828	A	8210	0	0	0.0	0.0
829	A	8210	0	0	0.0	0.0
830	C	8210	0	0	0.0	0.0
831	A	8210	0	0	0.0	0.0
832	T	8210	0	0	0.0	0.0
833	A	8210	0	0	0.0	0.0
834	G	8210	0	0	0.0	0.0
835	A	8210	0	0	0.0	0.0
836	T	8210	2	0	0.000243605359317905	0.0
837	T	8210	0	0	0.0	0.0
838	G	8210	0	0	0.0	0.0
839	G	8210	0	0	0.0	0.0
840	T	8210	0	0	0.0	0.0
841	A	8210	1	0	0.0001218026796589525	0.0
842	A	8210	0	0	0.0	0.0
843	A	8210	0	0	0.0	0.0
844	T	8210	0	0	0.0	0.0
845	T	8210	0	0	0.0	0.0
846	A	8210	0	0	0.0	0.0
847	C	8210	0	0	0.0	0.0
848	T	8210	0	0	0.0	0.0
849	T	8210	0	0	0.0	0.0
850	T	8210	0	0	0.0	0.0
851	T	8210	0	0	0.0	0.0
852	T	8210	0	0	0.0	0.0
853	C	8210	0	0	0.0	0.0
854	C	8210	1	0	0.0001218026796589525	0.0
855	A	8210	0	0	0.0	0.0
856	T	8210	0	0	0.0	0.0
857	T	8210	0	0	0.0	0.0
858	C	8210	0	2	0.0	0.000243605359317905
859	G	8210	3	0	0.0003654080389768575	0.0
860	C	8210	0	0	0.0	0.0
861	A	8210	0	0	0.0	0.0
862	T	8210	1	0	0.0001218026796589525	0.0
863	A	8210	0	0	0.0	0.0
864	A	8210	0	0	0.0	0.0
865	G	8210	0	0	0.0	0.0
866	T	8210	0	0	0.0	0.0
867	A	8210	0	0	0.0	0.0
868	A	8210	0	0	0.0	0.0
869	C	8210	0	0	0.0	0.0
870	T	8210	0	0	0.0	0.0
871	G	8210	1	0	0.0001218026796589525	0.0
872	C	8210	1	0	0.0001218026796589525	0.0
873	T	8210	0	0	0.0	0.0
874	T	8210	0	0	0.0	0.0
875	G	8210	0	0	0.0	0.0
876	C	8210	0	0	0.0	0.0
877	A	8210	0	0	0.0	0.0
878	T	8210	0	0	0.0	0.0
879	G	8210	0	0	0.0	0.0
880	G	8210	0	0	0.0	0.0
881	C	8210	0	0	0.0	0.0
882	T	8210	0	0	0.0	0.0
883	G	8210	0	0	0.0	0.0
884	A	8210	0	0	0.0	0.0
885	A	8210	0	0	0.0	0.0
886	G	8210	0	0	0.0	0.0
887	C	8210	1	0	0.0001218026796589525	0.0
888	A	8210	9	0	0.0010962241169305725	0.0
889	T	8210	0	0	0.0	0.0
890	A	8210	1	0	0.0001218026796589525	0.0
891	A	8210	8	0	0.00097442143727162	0.0
892	G	8210	0	0	0.0	0.0
893	T	8210	0	0	0.0	0.0
894	A	8210	0	0	0.0	0.0
895	C	8210	0	0	0.0	0.0
896	C	8210	0	0	0.0	0.0
897	G	8210	1	0	0.0001218026796589525	0.0
898	C	8210	0	0	0.0	0.0
899	C	8210	0	0	0.0	0.0
900	G	8210	0	0	0.0	0.0
901	A	8210	0	0	0.0	0.0
902	T	8210	30	0	0.0036540803897685747	0.0
903	T	8210	0	0	0.0	0.0
904	C	8210	0	0	0.0	0.0
905	C	8210	0	0	0.0	0.0
906	T	8210	0	0	0.0	0.0
907	A	8210	0	0	0.0	0.0
908	A	8210	26	0	0.003166869671132765	0.0
909	A	8210	0	0	0.0	0.0
910	T	8210	0	0	0.0	0.0
911	A	8210	0	0	0.0	0.0
912	A	8210	0	0	0.0	0.0
913	T	8210	0	0	0.0	0.0
914	A	8210	0	0	0.0	0.0
915	A	8210	2672	0	0.3254567600487211	0.0
916	A	8210	0	0	0.0	0.0
917	C	8210	1	0	0.0001218026796589525	0.0
918	C	8210	0	0	0.0	0.0
919	G	8210	0	0	0.0	0.0
920	C	8210	8	0	0.00097442143727162	0.0
921	A	8210	0	0	0.0	0.0
922	T	8210	0	0	0.0	0.0
923	C	8210	0	0	0.0	0.0
924	A	8210	0	0	0.0	0.0
925	A	8210	0	0	0.0	0.0
926	A	8210	0	0	0.0	0.0
927	T	8210	0	0	0.0	0.0
928	C	8210	0	0	0.0	0.0
929	C	8210	0	0	0.0	0.0
930	T	8210	0	0	0.0	0.0
931	T	8210	0	0	0.0	0.0
932	T	8210	0	0	0.0	0.0
933	C	8210	6	0	0.000730816077953715	0.0
934	G	8210	8	0	0.00097442143727162	0.0
935	T	8210	12	0	0.00146163215590743	0.0
936	C	8210	0	0	0.0	0.0
937	C	8210	0	0	0.0	0.0
938	A	8210	0	0	0.0	0.0
939	A	8210	0	0	0.0	0.0
940	A	8210	0	0	0.0	0.0
941	C	8210	1	0	0.0001218026796589525	0.0
942	T	8210	0	0	0.0	0.0
943	T	8210	0	0	0.0	0.0
944	G	8210	0	0	0.0	0.0
945	A	8210	0	0	0.0	0.0
946	T	8210	0	0	0.0	0.0
947	C	8210	0	0	0.0	0.0
948	A	8210	0	0	0.0	0.0
949	A	8210	0	0	0.0	0.0
950	C	8210	0	0	0.0	0.0
951	A	8210	0	0	0.0	0.0
952	A	8210	0	0	0.0	0.0
953	C	8210	0	0	0.0	0.0
954	T	8210	0	0	0.0	0.0
955	T	8210	0	0	0.0	0.0
956	T	8210	0	0	0.0	0.0
957	T	8210	0	0	0.0	0.0
958	T	8210	0	0	0.0	0.0
959	C	8210	0	0	0.0	0.0
960	A	8210	1	0	0.0001218026796589525	0.0
961	A	8210	0	0	0.0	0.0
962	C	8210	1	0	0.0001218026796589525	0.0
963	A	8210	0	0	0.0	0.0
964	T	8210	0	0	0.0	0.0
965	C	8210	0	0	0.0	0.0
966	T	8210	0	0	0.0	0.0
967	G	8210	0	0	0.0	0.0
968	A	8210	1	0	0.0001218026796589525	0.0
969	A	8210	0	0	0.0	0.0
970	C	8210	0	0	0.0	0.0
971	G	8210	0	0	0.0	0.0
972	C	8210	1	0	0.0001218026796589525	0.0
973	A	8210	0	0	0.0	0.0
974	A	8210	0	0	0.0	0.0
975	G	8210	1	0	0.0001218026796589525	0.0
976	G	8210	0	0	0.0	0.0
977	C	8210	36	0	0.00438489646772229	0.0
978	T	8210	0	0	0.0	0.0
979	A	8210	0	0	0.0	0.0
980	A	8210	0	0	0.0	0.0
981	G	8210	0	0	0.0	0.0
982	G	8210	0	0	0.0	0.0
983	C	8210	2	0	0.000243605359317905	0.0
984	A	8210	0	0	0.0	0.0
985	C	8210	0	0	0.0	0.0
986	C	8210	0	0	0.0	0.0
987	T	8210	0	0	0.0	0.0
988	C	8210	0	0	0.0	0.0
989	G	8210	1	0	0.0001218026796589525	0.0
990	T	8210	0	0	0.0	0.0
991	A	8210	0	0	0.0	0.0
992	T	8210	0	0	0.0	0.0
993	G	8210	11	0	0.0013398294762484776	0.0
994	T	8210	0	0	0.0	0.0
995	C	8210	0	0	0.0	0.0
996	T	8210	0	0	0.0	0.0
997	T	8210	0	0	0.0	0.0
998	T	8210	0	0	0.0	0.0
999	G	8210	0	0	0.0	0.0
1000	A	8210	0	0	0.0	0.0
1001	T	8210	0	0	0.0	0.0
1002	T	8210	1	0	0.0001218026796589525	0.0
1003	T	8210	0	0	0.0	0.0
1004	G	8210	0	0	0.0	0.0
1005	T	8210	0	0	0.0	0.0
1006	T	8210	0	0	0.0	0.0
1007	G	8210	0	0	0.0	0.0
1008	T	8210	0	0	0.0	0.0
1009	T	8210	0	0	0.0	0.0
1010	C	8210	0	0	0.0	0.0
1011	T	8210	0	0	0.0	0.0
1012	T	8210	0	0	0.0	0.0
1013	C	8210	0	0	0.0	0.0
1014	A	8210	24	0	0.00292326431181486	0.0
1015	T	8210	0	0	0.0	0.0
1016	T	8210	0	0	0.0	0.0
1017	A	8210	0	0	0.0	0.0
1018	A	8210	0	0	0.0	0.0
1019	A	8210	0	0	0.0	0.0
1020	T	8210	0	0	0.0	0.0
1021	T	8210	0	0	0.0	0.0
1022	T	8210	1	0	0.0001218026796589525	0.0
1023	T	8210	0	0	0.0	0.0
1024	A	8210	0	0	0.0	0.0
1025	A	8210	0	0	0.0	0.0
1026	C	8210	0	0	0.0	0.0
1027	A	8210	0	0	0.0	0.0
1028	T	8210	0	0	0.0	0.0
1029	G	8210	2	0	0.000243605359317905	0.0
1030	G	8210	695	0	0.08465286236297198	0.0
1031	C	8210	0	0	0.0	0.0
1032	T	8210	1	0	0.0001218026796589525	0.0
1033	G	8210	0	0	0.0	0.0
1034	A	8210	0	0	0.0	0.0
1035	T	8210	0	0	0.0	0.0
1036	T	8210	123	0	0.014981729598051156	0.0
1037	T	8210	0	0	0.0	0.0
1038	C	8210	0	1	0.0	0.0001218026796589525
1039	C	8210	1	0	0.0001218026796589525	0.0
1040	C	8210	0	0	0.0	0.0
1041	T	8210	0	0	0.0	0.0
1042	C	8210	0	0	0.0	0.0
1043	T	8210	0	0	0.0	0.0
1044	T	8210	0	0	0.0	0.0
1045	T	8210	0	0	0.0	0.0
1046	C	8210	0	0	0.0	0.0
1047	T	8210	0	0	0.0	0.0
1048	T	8210	0	0	0.0	0.0
1049	T	8210	1	0	0.0001218026796589525	0.0
1050	G	8210	36	0	0.00438489646772229	0.0
1051	C	8210	8	0	0.00097442143727162	0.0
1052	T	8210	0	0	0.0	0.0
1053	A	8210	0	0	0.0	0.0
1054	T	8210	0	0	0.0	0.0
1055	T	8210	0	0	0.0	0.0
1056	T	8210	0	0	0.0	0.0
1057	T	8210	0	0	0.0	0.0
1058	A	8210	0	0	0.0	0.0
1059	C	8210	0	0	0.0	0.0
1060	T	8210	1	0	0.0001218026796589525	0.0
1061	T	8210	0	0	0.0	0.0
1062	T	8210	0	0	0.0	0.0
1063	T	8210	0	0	0.0	0.0
1064	T	8210	0	0	0.0	0.0
1065	A	8210	0	0	0.0	0.0
1066	G	8210	0	0	0.0	0.0
1067	G	8210	0	0	0.0	0.0
1068	A	8210	0	0	0.0	0.0
1069	C	8210	0	0	0.0	0.0
1070	A	8210	0	0	0.0	0.0
1071	C	8210	0	0	0.0	0.0
1072	A	8210	257	0	0.03130328867235079	0.0
1073	A	8210	0	0	0.0	0.0
1074	T	8210	0	0	0.0	0.0
1075	C	8210	1	0	0.0001218026796589525	0.0
1076	A	8210	0	0	0.0	0.0
1077	A	8210	0	0	0.0	0.0
1078	A	8210	0	0	0.0	0.0
1079	A	8210	0	0	0.0	0.0
1080	T	8210	0	0	0.0	0.0
1081	C	8210	0	0	0.0	0.0
1082	A	8210	0	0	0.0	0.0
1083	T	8210	0	0	0.0	0.0
1084	C	8210	8	0	0.00097442143727162	0.0
1085	A	8210	26	0	0.003166869671132765	0.0
1086	A	8210	1	0	0.0001218026796589525	0.0
1087	A	8210	0	0	0.0	0.0
1088	A	8210	0	0	0.0	0.0
1089	A	8210	0	0	0.0	0.0
1090	T	8210	0	0	0.0	0.0
1091	C	8210	0	0	0.0	0.0
1092	C	8210	1	0	0.0001218026796589525	0.0
1093	G	8210	0	0	0.0	0.0
1094	T	8210	0	0	0.0	0.0
1095	T	8210	0	0	0.0	0.0
1096	G	8210	2	0	0.000243605359317905	0.0
1097	A	8210	1	0	0.0001218026796589525	0.0
1098	G	8210	0	0	0.0	0.0
1099	A	8210	0	0	0.0	0.0
1100	T	8210	0	0	0.0	0.0
1101	A	8210	1	0	0.0001218026796589525	0.0
1102	A	8210	0	0	0.0	0.0
1103	A	8210	0	0	0.0	0.0
1104	T	8210	0	0	0.0	0.0
1105	C	8210	0	0	0.0	0.0
1106	A	8210	0	0	0.0	0.0
1107	A	8210	0	0	0.0	0.0
1108	T	8210	0	0	0.0	0.0
1109	T	8210	0	0	0.0	0.0
1110	C	8210	18	0	0.002192448233861145	0.0
1111	C	8210	1	0	0.0001218026796589525	0.0
1112	T	8210	0	0	0.0	0.0
1113	T	8210	0	0	0.0	0.0
1114	T	8210	0	0	0.0	0.0
1115	A	8210	0	0	0.0	0.0
1116	C	8210	0	0	0.0	0.0
1117	T	8210	0	0	0.0	0.0
1118	T	8210	0	1	0.0	0.0001218026796589525
1119	G	8210	0	0	0.0	0.0
1120	T	8210	1	0	0.0001218026796589525	0.0
1121	A	8210	0	0	0.0	0.0
1122	G	8210	1	0	0.0001218026796589525	0.0
1123	C	8210	0	0	0.0	0.0
1124	T	8210	0	0	0.0	0.0
1125	A	8210	0	0	0.0	0.0
1126	C	8210	9	0	0.0010962241169305725	0.0
1127	T	8210	0	0	0.0	0.0
1128	T	8210	0	0	0.0	0.0
1129	G	8210	0	0	0.0	0.0
1130	A	8210	0	0	0.0	0.0
1131	T	8210	0	0	0.0	0.0
1132	A	8210	992	0	0.12082825822168088	0.0
1133	C	8210	67	0	0.008160779537149818	0.0
1134	G	8210	1	0	0.0001218026796589525	0.0
1135	C	8210	0	0	0.0	0.0
1136	C	8210	6	0	0.000730816077953715	0.0
1137	A	8210	1	0	0.0001218026796589525	0.0
1138	A	8210	0	0	0.0	0.0
1139	A	8210	3529	0	0.42984165651644335	0.0
1140	T	8210	0	0	0.0	0.0
1141	A	8210	0	0	0.0	0.0
1142	T	8210	0	0	0.0	0.0
1143	T	8210	0	0	0.0	0.0
1144	G	8210	0	0	0.0	0.0
1145	A	8210	0	0	0.0	0.0
1146	A	8210	0	0	0.0	0.0
1147	A	8210	0	0	0.0	0.0
1148	T	8210	0	0	0.0	0.0
1149	G	8210	0	0	0.0	0.0
1150	G	8210	0	0	0.0	0.0
1151	A	8210	0	0	0.0	0.0
1152	A	8210	0	0	0.0	0.0
1153	T	8210	0	0	0.0	0.0
1154	A	8210	1	0	0.0001218026796589525	0.0
1155	A	8210	0	0	0.0	0.0
1156	C	8210	0	0	0.0	0.0
1157	T	8210	0	0	0.0	0.0
1158	A	8210	0	0	0.0	0.0
1159	A	8210	0	0	0.0	0.0
1160	T	8210	5052	0	0.615347137637028	0.0
1161	A	8210	0	0	0.0	0.0
1162	A	8210	0	0	0.0	0.0
1163	T	8210	0	0	0.0	0.0
1164	A	8210	0	1	0.0	0.0001218026796589525
1165	A	8210	0	0	0.0	0.0
1166	A	8210	99	2	0.012058465286236298	0.000243605359317905
1167	G	8210	0	0	0.0	0.0
1168	G	8210	0	0	0.0	0.0
1169	A	8210	0	0	0.0	0.0
1170	C	8210	0	0	0.0	0.0
1171	T	8210	0	0	0.0	0.0
1172	A	8210	0	0	0.0	0.0
1173	A	8210	0	0	0.0	0.0
1174	T	8210	0	0	0.0	0.0
1175	T	8210	0	0	0.0	0.0
1176	T	8210	0	0	0.0	0.0
1177	T	8210	0	0	0.0	0.0
1178	T	8210	0	0	0.0	0.0
1179	T	8210	0	0	0.0	0.0
1180	C	8210	0	0	0.0	0.0
1181	T	8210	0	0	0.0	0.0
1182	T	8210	0	0	0.0	0.0
1183	C	8210	0	0	0.0	0.0
1184	G	8210	0	0	0.0	0.0
1185	A	8210	0	0	0.0	0.0
1186	C	8210	13	0	0.0015834348355663825	0.0
1187	A	8210	1	0	0.0001218026796589525	0.0
1188	T	8210	0	0	0.0	0.0
1189	C	8210	0	0	0.0	0.0
1190	A	8210	0	0	0.0	0.0
1191	C	8210	6	0	0.000730816077953715	0.0
1192	T	8210	0	0	0.0	0.0
1193	T	8210	0	0	0.0	0.0
1194	G	8210	0	0	0.0	0.0
1195	C	8210	0	0	0.0	0.0
1196	T	8210	0	0	0.0	0.0
1197	A	8210	0	0	0.0	0.0
1198	A	8210	0	0	0.0	0.0
1199	A	8210	3992	0	0.4862362971985384	0.0
1200	C	8210	6011	0	0.7321559074299635	0.0
1201	C	8210	0	0	0.0	0.0
1202	T	8210	0	0	0.0	0.0
1203	A	8210	0	0	0.0	0.0
1204	A	8210	0	0	0.0	0.0
1205	C	8210	1	0	0.0001218026796589525	0.0
1206	G	8210	0	0	0.0	0.0
1207	T	8210	0	0	0.0	0.0
1208	A	8210	0	0	0.0	0.0
1209	T	8210	0	0	0.0	0.0
1210	T	8210	0	0	0.0	0.0
1211	T	8210	0	0	0.0	0.0
1212	G	8210	114	0	0.013885505481120585	0.0
1213	A	8210	0	0	0.0	0.0
1214	T	8210	1	0	0.0001218026796589525	0.0
1215	G	8210	0	0	0.0	0.0
1216	C	8210	1	0	0.0001218026796589525	0.0
1217	T	8210	2223	0	0.2707673568818514	0.0
1218	C	8210	0	0	0.0	0.0
1219	T	8210	506	0	0.061632155907429965	0.0
1220	C	8210	0	0	0.0	0.0
1221	G	8210	4	0	0.00048721071863581	0.0
1222	T	8210	0	0	0.0	0.0
1223	T	8210	0	0	0.0	0.0
1224	G	8210	0	0	0.0	0.0
1225	A	8210	0	0	0.0	0.0
1226	A	8210	0	0	0.0	0.0
1227	C	8210	7	0	0.0008526187576126675	0.0
1228	A	8210	7178	0	0.874299634591961	0.0
1229	C	8210	0	0	0.0	0.0
1230	G	8210	4	0	0.00048721071863581	0.0
1231	T	8210	0	0	0.0	0.0
1232	T	8210	0	0	0.0	0.0
1233	G	8210	0	0	0.0	0.0
1234	T	8210	0	0	0.0	0.0
1235	A	8210	0	0	0.0	0.0
1236	A	8210	0	0	0.0	0.0
1237	T	8210	0	0	0.0	0.0
1238	T	8210	0	0	0.0	0.0
1239	G	8210	0	0	0.0	0.0
1240	T	8210	0	0	0.0	0.0
1241	G	8210	0	0	0.0	0.0
1242	T	8210	0	0	0.0	0.0
1243	A	8210	0	0	0.0	0.0
1244	A	8210	0	0	0.0	0.0
1245	C	8210	2	0	0.000243605359317905	0.0
1246	A	8210	0	0	0.0	0.0
1247	T	8210	0	0	0.0	0.0
1248	T	8210	0	0	0.0	0.0
1249	G	8210	1	0	0.0001218026796589525	0.0
1250	G	8210	1545	0	0.1881851400730816	0.0
1251	C	8210	0	0	0.0	0.0
1252	C	8210	0	0	0.0	0.0
1253	A	8210	0	0	0.0	0.0
1254	A	8210	0	0	0.0	0.0
1255	C	8210	0	0	0.0	0.0
1256	A	8210	0	0	0.0	0.0
1257	T	8210	0	0	0.0	0.0
1258	A	8210	0	0	0.0	0.0
1259	A	8210	0	0	0.0	0.0
1260	C	8210	1608	0	0.19585870889159562	0.0
1261	T	8210	32	0	0.00389768574908648	0.0
1262	G	8210	12	0	0.00146163215590743	0.0
1263	G	8210	0	0	0.0	0.0
1264	C	8210	0	0	0.0	0.0
1265	T	8210	0	0	0.0	0.0
1266	A	8210	0	0	0.0	0.0
1267	G	8210	28	0	0.00341047503045067	0.0
1268	A	8210	0	0	0.0	0.0
1269	T	8210	0	0	0.0	0.0
1270	A	8210	0	0	0.0	0.0
1271	G	8210	2780	0	0.3386114494518879	0.0
1272	T	8210	0	0	0.0	0.0
1273	T	8210	0	0	0.0	0.0
1274	T	8210	0	0	0.0	0.0
1275	C	8210	4843	0	0.589890377588307	0.0
1276	T	8210	0	0	0.0	0.0
1277	C	8210	0	0	0.0	0.0
1278	A	8210	0	0	0.0	0.0
1279	A	8210	1	0	0.0001218026796589525	0.0
1280	G	8210	3	0	0.0003654080389768575	0.0
1281	G	8210	2	0	0.000243605359317905	0.0
1282	C	8210	0	0	0.0	0.0
1283	T	8210	1	0	0.0001218026796589525	0.0
1284	T	8210	0	0	0.0	0.0
1285	G	8210	0	0	0.0	0.0
1286	A	8210	4894	0	0.5961023142509135	0.0
1287	C	8210	0	0	0.0	0.0
1288	T	8210	0	0	0.0	0.0
1289	A	8210	0	0	0.0	0.0
1290	C	8210	0	0	0.0	0.0
1291	G	8210	0	0	0.0	0.0
1292	T	8210	0	0	0.0	0.0
1293	G	8210	0	0	0.0	0.0
1294	C	8210	1	0	0.0001218026796589525	0.0
1295	T	8210	0	0	0.0	0.0
1296	T	8210	0	0	0.0	0.0
1297	G	8210	0	0	0.0	0.0
1298	A	8210	0	0	0.0	0.0
1299	A	8210	3	0	0.0003654080389768575	0.0
1300	T	8210	1	0	0.0001218026796589525	0.0
1301	A	8210	0	0	0.0	0.0
1302	G	8210	0	0	0.0	0.0
1303	G	8210	20	0	0.00243605359317905	0.0
1304	A	8210	0	0	0.0	0.0
1305	C	8210	0	0	0.0	0.0
1306	T	8210	0	0	0.0	0.0
1307	T	8210	0	0	0.0	0.0
1308	T	8210	0	0	0.0	0.0
1309	G	8210	0	0	0.0	0.0
1310	A	8210	0	0	0.0	0.0
1311	T	8210	0	0	0.0	0.0
1312	T	8210	0	0	0.0	0.0
1313	T	8210	2163	0	0.2634591961023143	0.0
1314	T	8210	0	0	0.0	0.0
1315	C	8210	0	0	0.0	0.0
1316	A	8210	0	0	0.0	0.0
1317	A	8210	0	0	0.0	0.0
1318	T	8210	97	0	0.011814859926918391	0.0
1319	A	8210	0	0	0.0	0.0
1320	A	8210	0	0	0.0	0.0
1321	A	8210	0	0	0.0	0.0
1322	A	8210	0	0	0.0	0.0
1323	A	8210	0	0	0.0	0.0
1324	A	8210	0	0	0.0	0.0
1325	C	8210	0	0	0.0	0.0
1326	A	8210	0	0	0.0	0.0
1327	A	8210	1	0	0.0001218026796589525	0.0
1328	A	8210	0	0	0.0	0.0
1329	A	8210	0	0	0.0	0.0
1330	G	8210	0	0	0.0	0.0
1331	A	8210	0	0	0.0	0.0
1332	T	8210	0	0	0.0	0.0
1333	G	8210	0	0	0.0	0.0
1334	T	8210	0	0	0.0	0.0
1335	G	8210	0	0	0.0	0.0
1336	T	8210	0	0	0.0	0.0
1337	A	8210	0	0	0.0	0.0
1338	G	8210	1123	0	0.13678440925700366	0.0
1339	T	8210	1	0	0.0001218026796589525	0.0
1340	A	8210	0	0	0.0	0.0
1341	T	8210	0	0	0.0	0.0
1342	C	8210	0	0	0.0	0.0
1343	C	8210	0	0	0.0	0.0
1344	G	8210	0	0	0.0	0.0
1345	C	8210	0	0	0.0	0.0
1346	T	8210	0	0	0.0	0.0
1347	T	8210	0	0	0.0	0.0
1348	C	8210	0	0	0.0	0.0
1349	A	8210	0	0	0.0	0.0
1350	A	8210	0	0	0.0	0.0
1351	G	8210	0	0	0.0	0.0
1352	A	8210	36	0	0.00438489646772229	0.0
1353	T	8210	0	0	0.0	0.0
1354	A	8210	1	0	0.0001218026796589525	0.0
1355	A	8210	0	0	0.0	0.0
1356	G	8210	0	0	0.0	0.0
1357	G	8210	0	0	0.0	0.0
1358	C	8210	2	0	0.000243605359317905	0.0
1359	C	8210	0	0	0.0	0.0
1360	C	8210	0	0	0.0	0.0
1361	A	8210	0	0	0.0	0.0
1362	T	8210	0	0	0.0	0.0
1363	G	8210	2	0	0.000243605359317905	0.0
1364	C	8210	0	0	0.0	0.0
1365	A	8210	0	0	0.0	0.0
1366	T	8210	0	0	0.0	0.0
1367	A	8210	0	0	0.0	0.0
1368	T	8210	0	0	0.0	0.0
1369	A	8210	0	0	0.0	0.0
1370	G	8210	457	0	0.05566382460414129	0.0
1371	G	8210	0	0	0.0	0.0
1372	C	8210	1	0	0.0001218026796589525	0.0
1373	T	8210	1	0	0.0001218026796589525	0.0
1374	T	8210	0	0	0.0	0.0
1375	C	8210	0	0	0.0	0.0
1376	G	8210	1363	0	0.16601705237515224	0.0
1377	A	8210	0	0	0.0	0.0
1378	C	8210	0	0	0.0	0.0
1379	T	8210	0	0	0.0	0.0
1380	T	8210	0	0	0.0	0.0
1381	C	8210	0	0	0.0	0.0
1382	A	8210	0	0	0.0	0.0
1383	A	8210	0	0	0.0	0.0
1384	A	8210	0	0	0.0	0.0
1385	T	8210	0	0	0.0	0.0
1386	C	8210	1	0	0.0001218026796589525	0.0
1387	C	8210	0	0	0.0	0.0
1388	T	8210	0	0	0.0	0.0
1389	T	8210	0	0	0.0	0.0
1390	G	8210	0	0	0.0	0.0
1391	G	8210	11	0	0.0013398294762484776	0.0
1392	G	8210	1	0	0.0001218026796589525	0.0
1393	A	8210	0	0	0.0	0.0
1394	A	8210	0	0	0.0	0.0
1395	G	8210	0	0	0.0	0.0
1396	G	8210	0	0	0.0	0.0
1397	T	8210	1	0	0.0001218026796589525	0.0
1398	A	8210	0	0	0.0	0.0
1399	A	8210	0	0	0.0	0.0
1400	G	8210	0	0	0.0	0.0
1401	C	8210	0	0	0.0	0.0
1402	G	8210	0	0	0.0	0.0
1403	A	8210	0	0	0.0	0.0
1404	A	8210	0	0	0.0	0.0
1405	C	8210	0	0	0.0	0.0
1406	T	8210	0	0	0.0	0.0
1407	G	8210	0	0	0.0	0.0
1408	T	8210	0	0	0.0	0.0
1409	T	8210	0	0	0.0	0.0
1410	T	8210	0	0	0.0	0.0
1411	C	8210	2	0	0.000243605359317905	0.0
1412	T	8210	0	0	0.0	0.0
1413	G	8210	2	0	0.000243605359317905	0.0
1414	T	8210	0	0	0.0	0.0
1415	A	8210	0	0	0.0	0.0
1416	A	8210	0	0	0.0	0.0
1417	A	8210	0	0	0.0	0.0
1418	C	8210	0	0	0.0	0.0
1419	T	8210	0	0	0.0	0.0
1420	T	8210	0	0	0.0	0.0
1421	C	8210	1	0	0.0001218026796589525	0.0
1422	G	8210	32	0	0.00389768574908648	0.0
1423	T	8210	0	0	0.0	0.0
1424	C	8210	272	0	0.033130328867235076	0.0
1425	T	8210	0	0	0.0	0.0
1426	C	8210	0	0	0.0	0.0
1427	A	8210	6	0	0.000730816077953715	0.0
1428	A	8210	0	0	0.0	0.0
1429	A	8210	0	0	0.0	0.0
1430	C	8210	0	0	0.0	0.0
1431	T	8210	0	0	0.0	0.0
1432	C	8210	0	0	0.0	0.0
1433	T	8210	1	0	0.0001218026796589525	0.0
1434	T	8210	0	0	0.0	0.0
1435	T	8210	0	0	0.0	0.0
1436	T	8210	4481	0	0.5457978075517661	0.0
1437	G	8210	1	0	0.0001218026796589525	0.0
1438	C	8210	3	0	0.0003654080389768575	0.0
1439	C	8210	0	0	0.0	0.0
1440	G	8210	0	0	0.0	0.0
1441	T	8210	0	0	0.0	0.0
1442	A	8210	0	0	0.0	0.0
1443	C	8210	0	0	0.0	0.0
1444	C	8210	0	0	0.0	0.0
1445	A	8210	195	0	0.023751522533495738	0.0
1446	A	8210	0	0	0.0	0.0
1447	T	8210	0	0	0.0	0.0
1448	A	8210	0	0	0.0	0.0
1449	T	8210	0	0	0.0	0.0
1450	T	8210	0	0	0.0	0.0
1451	G	8210	1269	0	0.15456760048721072	0.0
1452	G	8210	0	0	0.0	0.0
1453	G	8210	4	0	0.00048721071863581	0.0
1454	C	8210	1114	0	0.13568818514007308	0.0
1455	C	8210	0	0	0.0	0.0
1456	C	8210	0	0	0.0	0.0
1457	A	8210	0	0	0.0	0.0
1458	T	8210	0	0	0.0	0.0
1459	A	8210	0	0	0.0	0.0
1460	A	8210	4	0	0.00048721071863581	0.0
1461	C	8210	0	0	0.0	0.0
1462	C	8210	0	0	0.0	0.0
1463	A	8210	0	0	0.0	0.0
1464	A	8210	0	0	0.0	0.0
1465	T	8210	0	0	0.0	0.0
1466	T	8210	0	0	0.0	0.0
1467	G	8210	0	0	0.0	0.0
1468	C	8210	0	0	0.0	0.0
1469	G	8210	102	0	0.012423873325213155	0.0
1470	A	8210	0	0	0.0	0.0
1471	T	8210	0	0	0.0	0.0
1472	A	8210	0	0	0.0	0.0
1473	A	8210	0	0	0.0	0.0
1474	A	8210	0	0	0.0	0.0
1475	T	8210	0	0	0.0	0.0
1476	C	8210	3	0	0.0003654080389768575	0.0
1477	G	8210	85	0	0.010353227771010963	0.0
1478	T	8210	109	0	0.013276492082825822	0.0
1479	G	8210	0	0	0.0	0.0
1480	T	8210	0	0	0.0	0.0
1481	C	8210	57	0	0.006942752740560293	0.0
1482	C	8210	0	0	0.0	0.0
1483	C	8210	2	0	0.000243605359317905	0.0
1484	C	8210	99	0	0.012058465286236298	0.0
1485	T	8210	0	0	0.0	0.0
1486	C	8210	0	0	0.0	0.0
1487	T	8210	1	0	0.0001218026796589525	0.0
1488	G	8210	1025	0	0.1248477466504263	0.0
1489	T	8210	0	0	0.0	0.0
1490	T	8210	0	0	0.0	0.0
1491	A	8210	0	0	0.0	0.0
1492	A	8210	0	0	0.0	0.0
1493	T	8210	0	0	0.0	0.0
1494	T	8210	0	0	0.0	0.0
1495	C	8210	0	0	0.0	0.0
1496	T	8210	1	0	0.0001218026796589525	0.0
1497	T	8210	0	0	0.0	0.0
1498	T	8210	0	0	0.0	0.0
1499	T	8210	0	0	0.0	0.0
1500	T	8210	0	0	0.0	0.0
1501	T	8210	0	0	0.0	0.0
1502	C	8210	0	0	0.0	0.0
1503	G	8210	0	0	0.0	0.0
1504	T	8210	0	0	0.0	0.0
1505	T	8210	0	0	0.0	0.0
1506	T	8210	0	0	0.0	0.0
1507	T	8210	0	0	0.0	0.0
1508	T	8210	0	0	0.0	0.0
1509	T	8210	0	0	0.0	0.0
1510	G	8210	55	0	0.006699147381242387	0.0
1511	C	8210	3	0	0.0003654080389768575	0.0
1512	C	8210	0	0	0.0	0.0
1513	A	8210	0	0	0.0	0.0
1514	A	8210	0	0	0.0	0.0
1515	A	8210	0	0	0.0	0.0
1516	A	8210	0	0	0.0	0.0
1517	T	8210	8	0	0.00097442143727162	0.0
1518	T	8210	0	0	0.0	0.0
1519	G	8210	0	0	0.0	0.0
1520	T	8210	0	0	0.0	0.0
1521	T	8210	0	0	0.0	0.0
1522	C	8210	122	0	0.014859926918392205	0.0
1523	G	8210	0	0	0.0	0.0
1524	G	8210	0	0	0.0	0.0
1525	T	8210	0	0	0.0	0.0
1526	T	8210	0	0	0.0	0.0
1527	T	8210	0	0	0.0	0.0
1528	T	8210	0	0	0.0	0.0
1529	A	8210	0	0	0.0	0.0
1530	T	8210	0	0	0.0	0.0
1531	A	8210	0	0	0.0	0.0
1532	A	8210	0	0	0.0	0.0
1533	A	8210	0	0	0.0	0.0
1534	T	8210	0	0	0.0	0.0
1535	C	8210	100	0	0.012180267965895249	0.0
1536	A	8210	0	0	0.0	0.0
1537	C	8210	0	0	0.0	0.0
1538	C	8210	0	0	0.0	0.0
1539	G	8210	0	0	0.0	0.0
1540	A	8210	0	0	0.0	0.0
1541	A	8210	0	0	0.0	0.0
1542	T	8210	0	0	0.0	0.0
1543	C	8210	0	0	0.0	0.0
1544	G	8210	0	0	0.0	0.0
1545	A	8210	0	0	0.0	0.0
1546	T	8210	0	0	0.0	0.0
1547	T	8210	0	0	0.0	0.0
1548	T	8210	1	0	0.0001218026796589525	0.0
1549	C	8210	0	0	0.0	0.0
1550	C	8210	0	0	0.0	0.0
1551	T	8210	0	0	0.0	0.0
1552	G	8210	1	0	0.0001218026796589525	0.0
1553	A	8210	0	0	0.0	0.0
1554	A	8210	0	0	0.0	0.0
1555	T	8210	0	0	0.0	0.0
1556	T	8210	0	0	0.0	0.0
1557	G	8210	5	0	0.0006090133982947625	0.0
1558	C	8210	0	0	0.0	0.0
1559	T	8210	0	0	0.0	0.0
1560	T	8210	0	0	0.0	0.0
1561	T	8210	1	0	0.0001218026796589525	0.0
1562	G	8210	8	0	0.00097442143727162	0.0
1563	G	8210	0	0	0.0	0.0
1564	C	8210	1255	0	0.15286236297198538	0.0
1565	A	8210	0	0	0.0	0.0
1566	A	8210	0	0	0.0	0.0
1567	G	8210	0	0	0.0	0.0
1568	T	8210	13	0	0.0015834348355663825	0.0
1569	T	8210	0	0	0.0	0.0
1570	T	8210	0	0	0.0	0.0
1571	T	8210	0	0	0.0	0.0
1572	G	8210	0	0	0.0	0.0
1573	C	8210	6	0	0.000730816077953715	0.0
1574	T	8210	0	0	0.0	0.0
1575	A	8210	0	0	0.0	0.0
1576	A	8210	0	0	0.0	0.0
1577	T	8210	0	0	0.0	0.0
1578	T	8210	0	0	0.0	0.0
1579	C	8210	2	0	0.000243605359317905	0.0
1580	T	8210	0	0	0.0	0.0
1581	T	8210	0	0	0.0	0.0
1582	C	8210	0	0	0.0	0.0
1583	T	8210	0	0	0.0	0.0
1584	T	8210	1279	0	0.15578562728380024	0.0
1585	C	8210	0	0	0.0	0.0
1586	A	8210	0	0	0.0	0.0
1587	A	8210	1	0	0.0001218026796589525	0.0
1588	C	8210	0	0	0.0	0.0
1589	C	8210	0	0	0.0	0.0
1590	T	8210	0	0	0.0	0.0
1591	C	8210	0	0	0.0	0.0
1592	T	8210	0	0	0.0	0.0
1593	A	8210	304	0	0.03702801461632156	0.0
1594	C	8210	0	0	0.0	0.0
1595	T	8210	0	0	0.0	0.0
1596	T	8210	0	0	0.0	0.0
1597	T	8210	0	0	0.0	0.0
1598	T	8210	0	0	0.0	0.0
1599	G	8210	0	0	0.0	0.0
1600	T	8210	0	0	0.0	0.0
1601	T	8210	0	0	0.0	0.0
1602	A	8210	0	0	0.0	0.0
1603	A	8210	0	0	0.0	0.0
1604	T	8210	1	0	0.0001218026796589525	0.0
1605	T	8210	0	0	0.0	0.0
1606	G	8210	0	0	0.0	0.0
1607	A	8210	0	0	0.0	0.0
1608	T	8210	4	0	0.00048721071863581	0.0
1609	G	8210	7	0	0.0008526187576126675	0.0
1610	C	8210	12	0	0.00146163215590743	0.0
1611	T	8210	0	0	0.0	0.0
1612	T	8210	0	0	0.0	0.0
1613	T	8210	1	0	0.0001218026796589525	0.0
1614	T	8210	0	0	0.0	0.0
1615	G	8210	0	0	0.0	0.0
1616	A	8210	0	0	0.0	0.0
1617	T	8210	0	0	0.0	0.0
1618	A	8210	0	0	0.0	0.0
1619	G	8210	1	0	0.0001218026796589525	0.0
1620	C	8210	0	0	0.0	0.0
1621	C	8210	2	0	0.000243605359317905	0.0
1622	C	8210	19	0	0.0023142509135200976	0.0
1623	A	8210	0	0	0.0	0.0
1624	G	8210	7	0	0.0008526187576126675	0.0
1625	T	8210	0	0	0.0	0.0
1626	T	8210	0	0	0.0	0.0
1627	T	8210	0	0	0.0	0.0
1628	C	8210	0	0	0.0	0.0
1629	A	8210	0	0	0.0	0.0
1630	A	8210	0	0	0.0	0.0
1631	A	8210	313	0	0.03812423873325213	0.0
1632	C	8210	0	0	0.0	0.0
1633	C	8210	1	0	0.0001218026796589525	0.0
1634	A	8210	0	0	0.0	0.0
1635	A	8210	0	0	0.0	0.0
1636	A	8210	0	0	0.0	0.0
1637	T	8210	0	0	0.0	0.0
1638	A	8210	0	0	0.0	0.0
1639	G	8210	9	0	0.0010962241169305725	0.0
1640	A	8210	0	0	0.0	0.0
1641	A	8210	1	0	0.0001218026796589525	0.0
1642	A	8210	0	0	0.0	0.0
1643	T	8210	0	0	0.0	0.0
1644	A	8210	0	0	0.0	0.0
1645	A	8210	3	0	0.0003654080389768575	0.0
1646	A	8210	0	0	0.0	0.0
1647	T	8210	0	0	0.0	0.0
1648	T	8210	0	0	0.0	0.0
1649	T	8210	1	0	0.0001218026796589525	0.0
1650	A	8210	0	0	0.0	0.0
1651	A	8210	0	0	0.0	0.0
1652	A	8210	0	0	0.0	0.0
1653	A	8210	1	0	0.0001218026796589525	0.0
1654	G	8210	0	0	0.0	0.0
1655	T	8210	0	0	0.0	0.0
1656	G	8210	0	0	0.0	0.0
1657	T	8210	0	0	0.0	0.0
1658	T	8210	0	0	0.0	0.0
1659	G	8210	1	0	0.0001218026796589525	0.0
1660	C	8210	775	0	0.09439707673568819	0.0
1661	C	8210	0	0	0.0	0.0
1662	G	8210	0	0	0.0	0.0
1663	T	8210	0	0	0.0	0.0
1664	A	8210	0	0	0.0	0.0
1665	T	8210	0	0	0.0	0.0
1666	A	8210	0	0	0.0	0.0
1667	G	8210	1257	0	0.1531059683313033	0.0
1668	C	8210	0	0	0.0	0.0
1669	C	8210	0	0	0.0	0.0
1670	T	8210	0	0	0.0	0.0
1671	T	8210	0	0	0.0	0.0
1672	T	8210	0	0	0.0	0.0
1673	T	8210	0	0	0.0	0.0
1674	G	8210	0	0	0.0	0.0
1675	T	8210	0	0	0.0	0.0
1676	G	8210	1041	0	0.12679658952496956	0.0
1677	A	8210	0	0	0.0	0.0
1678	C	8210	0	0	0.0	0.0
1679	A	8210	0	0	0.0	0.0
1680	A	8210	0	0	0.0	0.0
1681	A	8210	0	0	0.0	0.0
1682	A	8210	0	0	0.0	0.0
1683	C	8210	0	0	0.0	0.0
1684	C	8210	0	0	0.0	0.0
1685	A	8210	0	0	0.0	0.0
1686	A	8210	0	0	0.0	0.0
1687	C	8210	0	0	0.0	0.0
1688	T	8210	0	0	0.0	0.0
1689	G	8210	0	0	0.0	0.0
1690	T	8210	0	0	0.0	0.0
1691	T	8210	0	0	0.0	0.0
1692	T	8210	0	0	0.0	0.0
1693	C	8210	0	0	0.0	0.0
1694	A	8210	0	0	0.0	0.0
1695	A	8210	0	0	0.0	0.0
1696	G	8210	1	0	0.0001218026796589525	0.0
1697	C	8210	7	0	0.0008526187576126675	0.0
1698	C	8210	1	0	0.0001218026796589525	0.0
1699	C	8210	2	0	0.000243605359317905	0.0
1700	C	8210	1268	0	0.15444579780755177	0.0
1701	A	8210	0	0	0.0	0.0
1702	T	8210	1	0	0.0001218026796589525	0.0
1703	T	8210	0	0	0.0	0.0
1704	T	8210	0	0	0.0	0.0
1705	T	8210	0	0	0.0	0.0
1706	T	8210	0	0	0.0	0.0
1707	A	8210	0	0	0.0	0.0
1708	A	8210	0	0	0.0	0.0
1709	A	8210	0	0	0.0	0.0
1710	T	8210	1	0	0.0001218026796589525	0.0
1711	C	8210	5	0	0.0006090133982947625	0.0
1712	C	8210	300	0	0.03654080389768575	0.0
1713	A	8210	1	0	0.0001218026796589525	0.0
1714	G	8210	1009	0	0.12289890377588307	0.0
1715	G	8210	5	0	0.0006090133982947625	0.0
1716	A	8210	0	0	0.0	0.0
1717	C	8210	0	0	0.0	0.0
1718	T	8210	0	0	0.0	0.0
1719	T	8210	0	0	0.0	0.0
1720	C	8210	0	0	0.0	0.0
1721	A	8210	0	0	0.0	0.0
1722	T	8210	0	0	0.0	0.0
1723	C	8210	7	0	0.0008526187576126675	0.0
1724	C	8210	0	0	0.0	0.0
1725	A	8210	17	0	0.0020706455542021922	0.0
1726	C	8210	0	0	0.0	0.0
1727	A	8210	15	0	0.0018270401948842874	0.0
1728	A	8210	1	0	0.0001218026796589525	0.0
1729	C	8210	0	0	0.0	0.0
1730	C	8210	0	0	0.0	0.0
1731	T	8210	0	0	0.0	0.0
1732	C	8210	0	0	0.0	0.0
1733	C	8210	60	0	0.007308160779537149	0.0
1734	G	8210	1	0	0.0001218026796589525	0.0
1735	T	8210	0	0	0.0	0.0
1736	A	8210	0	0	0.0	0.0
1737	A	8210	0	0	0.0	0.0
1738	T	8210	0	0	0.0	0.0
1739	C	8210	130	0	0.015834348355663823	0.0
1740	G	8210	0	0	0.0	0.0
1741	G	8210	0	0	0.0	0.0
1742	G	8210	0	0	0.0	0.0
1743	C	8210	0	0	0.0	0.0
1744	T	8210	0	0	0.0	0.0
1745	G	8210	27	0	0.0032886723507917176	0.0
1746	G	8210	0	0	0.0	0.0
1747	T	8210	0	0	0.0	0.0
1748	G	8210	0	0	0.0	0.0
1749	A	8210	0	0	0.0	0.0
1750	C	8210	9	0	0.0010962241169305725	0.0
1751	A	8210	7	0	0.0008526187576126675	0.0
1752	T	8210	0	0	0.0	0.0
1753	C	8210	1	0	0.0001218026796589525	0.0
1754	A	8210	0	0	0.0	0.0
1755	C	8210	0	0	0.0	0.0
1756	T	8210	0	0	0.0	0.0
1757	T	8210	0	0	0.0	0.0
1758	G	8210	3	0	0.0003654080389768575	0.0
1759	T	8210	0	0	0.0	0.0
1760	C	8210	0	0	0.0	0.0
1761	A	8210	0	0	0.0	0.0
1762	A	8210	0	0	0.0	0.0
1763	G	8210	179	0	0.0218026796589525	0.0
1764	G	8210	0	0	0.0	0.0
1765	C	8210	0	0	0.0	0.0
1766	C	8210	1065	0	0.12971985383678442	0.0
1767	A	8210	0	0	0.0	0.0
1768	C	8210	22	0	0.002679658952496955	0.0
1769	T	8210	2	0	0.000243605359317905	0.0
1770	G	8210	0	0	0.0	0.0
1771	T	8210	0	0	0.0	0.0
1772	T	8210	228	0	0.02777101096224117	0.0
1773	T	8210	0	0	0.0	0.0
1774	T	8210	0	0	0.0	0.0
1775	T	8210	0	0	0.0	0.0
1776	A	8210	0	0	0.0	0.0
1777	C	8210	25	0	0.0030450669914738123	0.0
1778	A	8210	6	0	0.000730816077953715	0.0
1779	G	8210	1	0	0.0001218026796589525	0.0
1780	A	8210	0	0	0.0	0.0
1781	C	8210	7	0	0.0008526187576126675	0.0
1782	G	8210	0	0	0.0	0.0
1783	T	8210	0	0	0.0	0.0
1784	T	8210	0	0	0.0	0.0
1785	T	8210	0	0	0.0	0.0
1786	G	8210	0	0	0.0	0.0
1787	G	8210	0	0	0.0	0.0
1788	T	8210	0	0	0.0	0.0
1789	T	8210	0	0	0.0	0.0
1790	T	8210	0	0	0.0	0.0
1791	T	8210	0	0	0.0	0.0
1792	T	8210	0	0	0.0	0.0
1793	A	8210	0	0	0.0	0.0
1794	A	8210	0	0	0.0	0.0
1795	T	8210	0	0	0.0	0.0
1796	T	8210	0	0	0.0	0.0
1797	T	8210	1	0	0.0001218026796589525	0.0
1798	T	8210	0	0	0.0	0.0
1799	T	8210	0	0	0.0	0.0
1800	G	8210	0	0	0.0	0.0
1801	C	8210	1	0	0.0001218026796589525	0.0
1802	A	8210	0	0	0.0	0.0
1803	A	8210	0	0	0.0	0.0
1804	T	8210	0	0	0.0	0.0
1805	G	8210	1	0	0.0001218026796589525	0.0
1806	G	8210	0	1	0.0	0.0001218026796589525
1807	C	8210	3	0	0.0003654080389768575	0.0
1808	A	8210	0	0	0.0	0.0
1809	T	8210	7	0	0.0008526187576126675	0.0
1810	C	8210	0	0	0.0	0.0
1811	A	8210	0	0	0.0	0.0
1812	A	8210	0	0	0.0	0.0
1813	T	8210	0	0	0.0	0.0
1814	T	8210	0	0	0.0	0.0
1815	G	8210	0	0	0.0	0.0
1816	T	8210	0	0	0.0	0.0
1817	T	8210	203	0	0.024725943970767356	0.0
1818	G	8210	0	0	0.0	0.0
1819	A	8210	0	0	0.0	0.0
1820	A	8210	0	0	0.0	0.0
1821	G	8210	0	0	0.0	0.0
1822	C	8210	1811	0	0.22058465286236298	0.0
1823	A	8210	0	0	0.0	0.0
1824	C	8210	0	0	0.0	0.0
1825	T	8210	0	0	0.0	0.0
1826	T	8210	1	0	0.0001218026796589525	0.0
1827	T	8210	0	0	0.0	0.0
1828	T	8210	0	0	0.0	0.0
1829	A	8210	0	0	0.0	0.0
1830	C	8210	0	0	0.0	0.0
1831	C	8210	0	0	0.0	0.0
1832	A	8210	0	0	0.0	0.0
1833	C	8210	0	0	0.0	0.0
1834	T	8210	0	0	0.0	0.0
1835	T	8210	0	0	0.0	0.0
1836	T	8210	0	0	0.0	0.0
1837	G	8210	1	0	0.0001218026796589525	0.0
1838	C	8210	2627	0	0.3199756394640682	0.0
1839	G	8210	0	0	0.0	0.0
1840	A	8210	0	0	0.0	0.0
1841	A	8210	0	0	0.0	0.0
1842	A	8210	0	0	0.0	0.0
1843	C	8210	1	0	0.0001218026796589525	0.0
1844	C	8210	70	0	0.008526187576126675	0.0
1845	G	8210	0	0	0.0	0.0
1846	C	8210	0	0	0.0	0.0
1847	T	8210	0	0	0.0	0.0
1848	A	8210	0	0	0.0	0.0
1849	C	8210	574	0	0.06991473812423873	0.0
1850	G	8210	23	0	0.0028014616321559074	0.0
1851	A	8210	0	0	0.0	0.0
1852	C	8210	1	0	0.0001218026796589525	0.0
1853	C	8210	0	0	0.0	0.0
1854	A	8210	0	0	0.0	0.0
1855	G	8210	0	0	0.0	0.0
1856	A	8210	0	0	0.0	0.0
1857	T	8210	0	0	0.0	0.0
1858	C	8210	0	0	0.0	0.0
1859	A	8210	0	0	0.0	0.0
1860	A	8210	0	0	0.0	0.0
1861	A	8210	0	0	0.0	0.0
1862	C	8210	0	0	0.0	0.0
1863	C	8210	0	0	0.0	0.0
1864	G	8210	0	0	0.0	0.0
1865	A	8210	0	0	0.0	0.0
1866	T	8210	0	0	0.0	0.0
1867	C	8210	0	0	0.0	0.0
1868	A	8210	0	0	0.0	0.0
1869	T	8210	0	0	0.0	0.0
1870	C	8210	0	0	0.0	0.0
1871	C	8210	5	0	0.0006090133982947625	0.0
1872	A	8210	1	0	0.0001218026796589525	0.0
1873	C	8210	0	0	0.0	0.0
1874	T	8210	0	0	0.0	0.0
1875	T	8210	0	0	0.0	0.0
1876	T	8210	0	0	0.0	0.0
1877	G	8210	8	0	0.00097442143727162	0.0
1878	C	8210	8	0	0.00097442143727162	0.0
1879	C	8210	0	0	0.0	0.0
1880	A	8210	0	0	0.0	0.0
1881	T	8210	0	0	0.0	0.0
1882	A	8210	0	0	0.0	0.0
1883	A	8210	0	0	0.0	0.0
1884	T	8210	0	0	0.0	0.0
1885	G	8210	27	0	0.0032886723507917176	0.0
1886	A	8210	0	0	0.0	0.0
1887	G	8210	293	0	0.03568818514007308	0.0
1888	C	8210	180	0	0.02192448233861145	0.0
1889	A	8210	0	0	0.0	0.0
1890	A	8210	0	0	0.0	0.0
1891	A	8210	0	0	0.0	0.0
1892	A	8210	0	0	0.0	0.0
1893	T	8210	0	0	0.0	0.0
1894	T	8210	1	0	0.0001218026796589525	0.0
1895	G	8210	0	0	0.0	0.0
1896	A	8210	0	0	0.0	0.0
1897	A	8210	0	0	0.0	0.0
1898	C	8210	4	0	0.00048721071863581	0.0
1899	G	8210	0	0	0.0	0.0
1900	G	8210	0	0	0.0	0.0
1901	C	8210	0	0	0.0	0.0
1902	T	8210	0	0	0.0	0.0
1903	C	8210	0	0	0.0	0.0
1904	T	8210	0	0	0.0	0.0
1905	T	8210	0	0	0.0	0.0
1906	G	8210	83	0	0.010109622411693057	0.0
1907	G	8210	0	0	0.0	0.0
1908	A	8210	0	0	0.0	0.0
1909	T	8210	0	0	0.0	0.0
1910	T	8210	0	0	0.0	0.0
1911	T	8210	0	0	0.0	0.0
1912	C	8210	0	0	0.0	0.0
1913	C	8210	413	0	0.050304506699147385	0.0
1914	A	8210	0	0	0.0	0.0
1915	C	8210	0	0	0.0	0.0
1916	A	8210	0	0	0.0	0.0
1917	T	8210	0	0	0.0	0.0
1918	A	8210	0	0	0.0	0.0
1919	A	8210	0	0	0.0	0.0
1920	A	8210	0	0	0.0	0.0
1921	T	8210	0	0	0.0	0.0
1922	A	8210	0	0	0.0	0.0
1923	G	8210	0	0	0.0	0.0
1924	G	8210	0	0	0.0	0.0
1925	C	8210	21	0	0.0025578562728380025	0.0
1926	G	8210	0	0	0.0	0.0
1927	C	8210	3	0	0.0003654080389768575	0.0
1928	C	8210	10	0	0.001218026796589525	0.0
1929	A	8210	4	0	0.00048721071863581	0.0
1930	C	8210	1	0	0.0001218026796589525	0.0
1931	T	8210	1	0	0.0001218026796589525	0.0
1932	T	8210	0	0	0.0	0.0
1933	C	8210	0	0	0.0	0.0
1934	T	8210	0	0	0.0	0.0
1935	T	8210	0	0	0.0	0.0
1936	C	8210	0	0	0.0	0.0
1937	A	8210	0	0	0.0	0.0
1938	A	8210	0	0	0.0	0.0
1939	G	8210	1	0	0.0001218026796589525	0.0
1940	G	8210	0	0	0.0	0.0
1941	T	8210	0	0	0.0	0.0
1942	A	8210	0	0	0.0	0.0
1943	A	8210	0	0	0.0	0.0
1944	A	8210	0	0	0.0	0.0
1945	C	8210	0	0	0.0	0.0
1946	T	8210	0	0	0.0	0.0
1947	T	8210	0	0	0.0	0.0
1948	T	8210	0	0	0.0	0.0
1949	A	8210	0	0	0.0	0.0
1950	G	8210	0	0	0.0	0.0
1951	C	8210	0	0	0.0	0.0
1952	C	8210	0	0	0.0	0.0
1953	G	8210	4	0	0.00048721071863581	0.0
1954	C	8210	1	0	0.0001218026796589525	0.0
1955	C	8210	0	0	0.0	0.0
1956	T	8210	0	0	0.0	0.0
1957	G	8210	0	0	0.0	0.0
1958	A	8210	0	0	0.0	0.0
1959	C	8210	0	0	0.0	0.0
1960	A	8210	0	0	0.0	0.0
1961	A	8210	0	0	0.0	0.0
1962	G	8210	0	0	0.0	0.0
1963	C	8210	0	0	0.0	0.0
1964	G	8210	802	0	0.09768574908647991	0.0
1965	T	8210	0	0	0.0	0.0
1966	T	8210	0	0	0.0	0.0
1967	A	8210	0	0	0.0	0.0
1968	T	8210	0	0	0.0	0.0
1969	G	8210	0	0	0.0	0.0
1970	T	8210	4	0	0.00048721071863581	0.0
1971	G	8210	0	0	0.0	0.0
1972	A	8210	0	0	0.0	0.0
1973	C	8210	1	0	0.0001218026796589525	0.0
1974	G	8210	0	0	0.0	0.0
1975	A	8210	0	0	0.0	0.0
1976	G	8210	0	0	0.0	0.0
1977	C	8210	0	0	0.0	0.0
1978	C	8210	0	0	0.0	0.0
1979	A	8210	7	0	0.0008526187576126675	0.0
1980	G	8210	0	0	0.0	0.0
1981	T	8210	0	0	0.0	0.0
1982	T	8210	0	0	0.0	0.0
1983	G	8210	1	0	0.0001218026796589525	0.0
1984	C	8210	1	0	0.0001218026796589525	0.0
1985	T	8210	0	0	0.0	0.0
1986	A	8210	0	0	0.0	0.0
1987	A	8210	0	0	0.0	0.0
1988	A	8210	0	0	0.0	0.0
1989	A	8210	0	0	0.0	0.0
1990	T	8210	209	0	0.02545676004872107	0.0
1991	T	8210	1	0	0.0001218026796589525	0.0
1992	A	8210	0	0	0.0	0.0
1993	G	8210	0	0	0.0	0.0
1994	A	8210	0	0	0.0	0.0
1995	C	8210	4	0	0.00048721071863581	0.0
1996	A	8210	0	0	0.0	0.0
1997	G	8210	0	0	0.0	0.0
1998	T	8210	0	0	0.0	0.0
1999	G	8210	1	0	0.0001218026796589525	0.0
2000	C	8210	1	0	0.0001218026796589525	0.0
2001	G	8210	0	0	0.0	0.0
2002	T	8210	0	0	0.0	0.0
2003	G	8210	7	0	0.0008526187576126675	0.0
2004	A	8210	0	0	0.0	0.0
2005	C	8210	0	0	0.0	0.0
2006	C	8210	1756	0	0.2138855054811206	0.0
2007	T	8210	0	0	0.0	0.0
2008	T	8210	0	0	0.0	0.0
2009	T	8210	0	0	0.0	0.0
2010	G	8210	0	0	0.0	0.0
2011	A	8210	0	0	0.0	0.0
2012	A	8210	0	0	0.0	0.0
2013	A	8210	0	0	0.0	0.0
2014	C	8210	1	0	0.0001218026796589525	0.0
2015	G	8210	3	0	0.0003654080389768575	0.0
2016	T	8210	1	0	0.0001218026796589525	0.0
2017	C	8210	0	0	0.0	0.0
2018	T	8210	0	0	0.0	0.0
2019	G	8210	0	0	0.0	0.0
2020	T	8210	15	0	0.0018270401948842874	0.0
2021	A	8210	0	0	0.0	0.0
2022	T	8210	0	0	0.0	0.0
2023	C	8210	47	0	0.005724725943970767	0.0
2024	A	8210	0	0	0.0	0.0
2025	G	8210	336	0	0.04092570036540804	0.0
2026	T	8210	28	0	0.00341047503045067	0.0
2027	T	8210	0	0	0.0	0.0
2028	A	8210	0	0	0.0	0.0
2029	A	8210	0	0	0.0	0.0
2030	T	8210	0	0	0.0	0.0
2031	T	8210	0	0	0.0	0.0
2032	G	8210	0	0	0.0	0.0
2033	A	8210	0	0	0.0	0.0
2034	A	8210	0	0	0.0	0.0
2035	A	8210	0	0	0.0	0.0
2036	T	8210	0	0	0.0	0.0
2037	T	8210	0	0	0.0	0.0
2038	G	8210	0	0	0.0	0.0
2039	G	8210	0	0	0.0	0.0
2040	T	8210	0	0	0.0	0.0
2041	T	8210	0	0	0.0	0.0
2042	A	8210	0	0	0.0	0.0
2043	A	8210	0	0	0.0	0.0
2044	G	8210	0	0	0.0	0.0
2045	A	8210	0	0	0.0	0.0
2046	A	8210	0	0	0.0	0.0
2047	T	8210	0	0	0.0	0.0
2048	C	8210	0	0	0.0	0.0
2049	T	8210	0	0	0.0	0.0
2050	G	8210	0	0	0.0	0.0
2051	A	8210	0	0	0.0	0.0
2052	G	8210	666	0	0.08112058465286236	0.0
2053	T	8210	0	0	0.0	0.0
2054	T	8210	0	0	0.0	0.0
2055	A	8210	0	0	0.0	0.0
2056	G	8210	0	0	0.0	0.0
2057	A	8210	1893	0	0.2305724725943971	0.0
2058	G	8210	0	0	0.0	0.0
2059	C	8210	0	0	0.0	0.0
2060	T	8210	0	0	0.0	0.0
2061	G	8210	83	0	0.010109622411693057	0.0
2062	C	8210	0	0	0.0	0.0
2063	T	8210	0	0	0.0	0.0
2064	T	8210	0	0	0.0	0.0
2065	G	8210	0	0	0.0	0.0
2066	C	8210	1	0	0.0001218026796589525	0.0
2067	T	8210	0	0	0.0	0.0
2068	C	8210	0	0	0.0	0.0
2069	C	8210	0	0	0.0	0.0
2070	T	8210	1	0	0.0001218026796589525	0.0
2071	C	8210	0	0	0.0	0.0
2072	A	8210	0	0	0.0	0.0
2073	T	8210	0	0	0.0	0.0
2074	T	8210	0	0	0.0	0.0
2075	T	8210	0	0	0.0	0.0
2076	A	8210	0	0	0.0	0.0
2077	T	8210	0	0	0.0	0.0
2078	A	8210	0	0	0.0	0.0
2079	T	8210	0	1	0.0	0.0001218026796589525
2080	A	8210	0	1	0.0	0.0001218026796589525
2081	A	8210	1	1	0.0001218026796589525	0.0001218026796589525
2082	T	8210	0	1	0.0	0.0001218026796589525
2083	C	8210	0	1	0.0	0.0001218026796589525
2084	C	8210	0	0	0.0	0.0
2085	A	8210	0	0	0.0	0.0
2086	G	8210	0	0	0.0	0.0
2087	C	8210	0	0	0.0	0.0
2088	A	8210	0	0	0.0	0.0
2089	T	8210	0	0	0.0	0.0
2090	T	8210	8168	0	0.994884287454324	0.0
2091	G	8210	0	0	0.0	0.0
2092	T	8210	0	0	0.0	0.0
2093	T	8210	0	0	0.0	0.0
2094	T	8210	0	0	0.0	0.0
2095	T	8210	0	0	0.0	0.0
2096	C	8210	0	0	0.0	0.0
2097	A	8210	0	0	0.0	0.0
2098	T	8210	0	0	0.0	0.0
2099	A	8210	0	0	0.0	0.0
2100	T	8210	0	0	0.0	0.0
2101	T	8210	0	0	0.0	0.0
2102	T	8210	0	0	0.0	0.0
2103	T	8210	0	0	0.0	0.0
2104	G	8210	1	0	0.0001218026796589525	0.0
2105	C	8210	1	0	0.0001218026796589525	0.0
2106	C	8210	0	0	0.0	0.0
2107	T	8210	0	0	0.0	0.0
2108	C	8210	0	0	0.0	0.0
2109	C	8210	1	0	0.0001218026796589525	0.0
2110	T	8210	0	0	0.0	0.0
2111	A	8210	0	0	0.0	0.0
2112	A	8210	0	0	0.0	0.0
2113	A	8210	0	0	0.0	0.0
2114	A	8210	0	0	0.0	0.0
2115	T	8210	0	0	0.0	0.0
2116	A	8210	0	0	0.0	0.0
2117	G	8210	809	0	0.09853836784409258	0.0
2118	A	8210	0	0	0.0	0.0
2119	C	8210	1	0	0.0001218026796589525	0.0
2120	C	8210	2	0	0.000243605359317905	0.0
2121	A	8210	0	0	0.0	0.0
2122	A	8210	0	0	0.0	0.0
2123	T	8210	0	0	0.0	0.0
2124	T	8210	0	0	0.0	0.0
2125	A	8210	0	0	0.0	0.0
2126	A	8210	0	0	0.0	0.0
2127	T	8210	0	0	0.0	0.0
2128	G	8210	0	0	0.0	0.0
2129	A	8210	0	0	0.0	0.0
2130	G	8210	0	0	0.0	0.0
2131	C	8210	0	0	0.0	0.0
2132	C	8210	0	0	0.0	0.0
2133	A	8210	180	0	0.02192448233861145	0.0
2134	A	8210	0	0	0.0	0.0
2135	G	8210	0	0	0.0	0.0
2136	A	8210	1	0	0.0001218026796589525	0.0
2137	A	8210	0	0	0.0	0.0
2138	T	8210	0	0	0.0	0.0
2139	T	8210	0	0	0.0	0.0
2140	C	8210	0	0	0.0	0.0
2141	C	8210	0	0	0.0	0.0
2142	G	8210	4	0	0.00048721071863581	0.0
2143	A	8210	0	0	0.0	0.0
2144	C	8210	7	0	0.0008526187576126675	0.0
2145	A	8210	0	0	0.0	0.0
2146	A	8210	0	0	0.0	0.0
2147	T	8210	0	0	0.0	0.0
2148	T	8210	0	0	0.0	0.0
2149	G	8210	0	0	0.0	0.0
2150	C	8210	1	0	0.0001218026796589525	0.0
2151	C	8210	0	0	0.0	0.0
2152	A	8210	0	0	0.0	0.0
2153	T	8210	0	0	0.0	0.0
2154	G	8210	1	0	0.0001218026796589525	0.0
2155	C	8210	0	0	0.0	0.0
2156	C	8210	0	0	0.0	0.0
2157	A	8210	0	0	0.0	0.0
2158	C	8210	1	0	0.0001218026796589525	0.0
2159	C	8210	0	0	0.0	0.0
2160	T	8210	0	0	0.0	0.0
2161	A	8210	0	0	0.0	0.0
2162	A	8210	2	0	0.000243605359317905	0.0
2163	A	8210	0	0	0.0	0.0
2164	A	8210	0	0	0.0	0.0
2165	T	8210	0	0	0.0	0.0
2166	C	8210	3	0	0.0003654080389768575	0.0
2167	G	8210	0	0	0.0	0.0
2168	C	8210	287	0	0.03495736906211937	0.0
2169	T	8210	0	0	0.0	0.0
2170	A	8210	0	0	0.0	0.0
2171	A	8210	0	0	0.0	0.0
2172	A	8210	1	0	0.0001218026796589525	0.0
2173	G	8210	0	0	0.0	0.0
2174	G	8210	1	0	0.0001218026796589525	0.0
2175	T	8210	0	0	0.0	0.0
2176	T	8210	0	0	0.0	0.0
2177	T	8210	0	0	0.0	0.0
2178	T	8210	0	0	0.0	0.0
2179	A	8210	1	0	0.0001218026796589525	0.0
2180	C	8210	0	0	0.0	0.0
2181	T	8210	0	0	0.0	0.0
2182	T	8210	0	0	0.0	0.0
2183	C	8210	0	0	0.0	0.0
2184	T	8210	0	0	0.0	0.0
2185	T	8210	0	0	0.0	0.0
2186	T	8210	0	0	0.0	0.0
2187	T	8210	0	0	0.0	0.0
2188	T	8210	0	0	0.0	0.0
2189	T	8210	0	0	0.0	0.0
2190	C	8210	27	0	0.0032886723507917176	0.0
2191	A	8210	0	0	0.0	0.0
2192	A	8210	0	0	0.0	0.0
2193	T	8210	0	0	0.0	0.0
2194	A	8210	0	0	0.0	0.0
2195	A	8210	0	0	0.0	0.0
2196	A	8210	0	0	0.0	0.0
2197	T	8210	0	0	0.0	0.0
2198	A	8210	3	0	0.0003654080389768575	0.0
2199	A	8210	0	0	0.0	0.0
2200	A	8210	0	0	0.0	0.0
2201	A	8210	0	0	0.0	0.0
2202	A	8210	0	0	0.0	0.0
2203	A	8210	0	0	0.0	0.0
2204	C	8210	1	0	0.0001218026796589525	0.0
2205	A	8210	0	0	0.0	0.0
2206	A	8210	0	0	0.0	0.0
2207	A	8210	0	0	0.0	0.0
2208	A	8210	1	0	0.0001218026796589525	0.0
2209	C	8210	1	0	0.0001218026796589525	0.0
2210	C	8210	0	0	0.0	0.0
2211	A	8210	0	0	0.0	0.0
2212	A	8210	0	0	0.0	0.0
2213	A	8210	0	0	0.0	0.0
2214	A	8210	753	0	0.09171741778319123	0.0
2215	G	8210	10	0	0.001218026796589525	0.0
2216	A	8210	0	0	0.0	0.0
2217	T	8210	0	0	0.0	0.0
2218	G	8210	179	0	0.0218026796589525	0.0
2219	C	8210	0	0	0.0	0.0
2220	A	8210	173	0	0.021071863580998784	0.0
2221	A	8210	0	0	0.0	0.0
2222	G	8210	0	0	0.0	0.0
2223	C	8210	3	0	0.0003654080389768575	0.0
2224	G	8210	0	0	0.0	0.0
2225	G	8210	0	0	0.0	0.0
2226	T	8210	0	0	0.0	0.0
2227	A	8210	0	0	0.0	0.0
2228	A	8210	0	0	0.0	0.0
2229	T	8210	0	0	0.0	0.0
2230	A	8210	0	0	0.0	0.0
2231	A	8210	0	0	0.0	0.0
2232	T	8210	0	0	0.0	0.0
2233	T	8210	0	0	0.0	0.0
2234	T	8210	0	0	0.0	0.0
2235	A	8210	0	0	0.0	0.0
2236	G	8210	0	0	0.0	0.0
2237	G	8210	0	0	0.0	0.0
2238	C	8210	0	0	0.0	0.0
2239	A	8210	2	0	0.000243605359317905	0.0
2240	T	8210	0	0	0.0	0.0
2241	G	8210	1	0	0.0001218026796589525	0.0
2242	A	8210	0	0	0.0	0.0
2243	T	8210	0	0	0.0	0.0
2244	A	8210	0	0	0.0	0.0
2245	T	8210	0	0	0.0	0.0
2246	C	8210	0	0	0.0	0.0
2247	G	8210	1	0	0.0001218026796589525	0.0
2248	T	8210	0	0	0.0	0.0
2249	C	8210	0	0	0.0	0.0
2250	A	8210	0	0	0.0	0.0
2251	A	8210	0	0	0.0	0.0
2252	A	8210	0	0	0.0	0.0
2253	G	8210	0	0	0.0	0.0
2254	A	8210	3	0	0.0003654080389768575	0.0
2255	T	8210	0	0	0.0	0.0
2256	A	8210	0	0	0.0	0.0
2257	C	8210	1461	0	0.1779537149817296	0.0
2258	T	8210	0	0	0.0	0.0
2259	T	8210	0	0	0.0	0.0
2260	T	8210	0	0	0.0	0.0
2261	G	8210	0	0	0.0	0.0
2262	A	8210	0	0	0.0	0.0
2263	A	8210	0	0	0.0	0.0
2264	C	8210	0	0	0.0	0.0
2265	C	8210	2238	0	0.27259439707673566	0.0
2266	G	8210	0	0	0.0	0.0
2267	T	8210	2	0	0.000243605359317905	0.0
2268	G	8210	1	0	0.0001218026796589525	0.0
2269	A	8210	0	0	0.0	0.0
2270	C	8210	0	0	0.0	0.0
2271	T	8210	0	0	0.0	0.0
2272	G	8210	2	0	0.000243605359317905	0.0
2273	C	8210	0	0	0.0	0.0
2274	A	8210	0	0	0.0	0.0
2275	T	8210	0	0	0.0	0.0
2276	T	8210	0	0	0.0	0.0
2277	T	8210	0	0	0.0	0.0
2278	T	8210	0	0	0.0	0.0
2279	T	8210	0	0	0.0	0.0
2280	G	8210	1936	0	0.23580998781973203	0.0
2281	C	8210	1	0	0.0001218026796589525	0.0
2282	C	8210	0	0	0.0	0.0
2283	A	8210	0	0	0.0	0.0
2284	C	8210	1	0	0.0001218026796589525	0.0
2285	T	8210	0	0	0.0	0.0
2286	T	8210	0	0	0.0	0.0
2287	C	8210	23	0	0.0028014616321559074	0.0
2288	C	8210	0	0	0.0	0.0
2289	G	8210	32	0	0.00389768574908648	0.0
2290	C	8210	0	0	0.0	0.0
2291	T	8210	0	0	0.0	0.0
2292	G	8210	0	0	0.0	0.0
2293	A	8210	0	0	0.0	0.0
2294	T	8210	0	0	0.0	0.0
2295	T	8210	0	0	0.0	0.0
2296	G	8210	0	0	0.0	0.0
2297	T	8210	0	0	0.0	0.0
2298	A	8210	0	0	0.0	0.0
2299	A	8210	0	0	0.0	0.0
2300	T	8210	0	0	0.0	0.0
2301	C	8210	1	0	0.0001218026796589525	0.0
2302	G	8210	0	0	0.0	0.0
2303	G	8210	0	0	0.0	0.0
2304	G	8210	0	0	0.0	0.0
2305	A	8210	0	0	0.0	0.0
2306	T	8210	0	0	0.0	0.0
2307	A	8210	0	0	0.0	0.0
2308	G	8210	0	0	0.0	0.0
2309	T	8210	0	0	0.0	0.0
2310	T	8210	0	0	0.0	0.0
2311	A	8210	0	0	0.0	0.0
2312	A	8210	0	0	0.0	0.0
2313	A	8210	0	0	0.0	0.0
2314	T	8210	1	0	0.0001218026796589525	0.0
2315	C	8210	0	0	0.0	0.0
2316	A	8210	0	0	0.0	0.0
2317	A	8210	0	0	0.0	0.0
2318	T	8210	0	0	0.0	0.0
2319	C	8210	0	0	0.0	0.0
2320	A	8210	0	0	0.0	0.0
2321	T	8210	0	0	0.0	0.0
2322	G	8210	0	0	0.0	0.0
2323	G	8210	0	0	0.0	0.0
2324	A	8210	0	0	0.0	0.0
2325	G	8210	0	0	0.0	0.0
2326	G	8210	0	0	0.0	0.0
2327	C	8210	112	0	0.01364190012180268	0.0
2328	G	8210	47	0	0.005724725943970767	0.0
2329	G	8210	0	0	0.0	0.0
2330	T	8210	0	0	0.0	0.0
2331	C	8210	0	0	0.0	0.0
2332	A	8210	0	0	0.0	0.0
2333	T	8210	0	0	0.0	0.0
2334	A	8210	0	0	0.0	0.0
2335	G	8210	0	0	0.0	0.0
2336	C	8210	0	0	0.0	0.0
2337	A	8210	0	0	0.0	0.0
2338	C	8210	0	0	0.0	0.0
2339	C	8210	0	0	0.0	0.0
2340	T	8210	0	0	0.0	0.0
2341	A	8210	0	0	0.0	0.0
2342	C	8210	0	0	0.0	0.0
2343	C	8210	209	0	0.02545676004872107	0.0
2344	A	8210	0	0	0.0	0.0
2345	C	8210	0	0	0.0	0.0
2346	C	8210	0	0	0.0	0.0
2347	A	8210	0	0	0.0	0.0
2348	T	8210	0	0	0.0	0.0
2349	C	8210	0	0	0.0	0.0
2350	A	8210	0	0	0.0	0.0
2351	A	8210	0	0	0.0	0.0
2352	G	8210	53	0	0.006455542021924482	0.0
2353	C	8210	0	0	0.0	0.0
2354	C	8210	0	0	0.0	0.0
2355	A	8210	0	0	0.0	0.0
2356	A	8210	0	0	0.0	0.0
2357	T	8210	0	0	0.0	0.0
2358	T	8210	0	0	0.0	0.0
2359	A	8210	0	0	0.0	0.0
2360	T	8210	0	0	0.0	0.0
2361	T	8210	0	0	0.0	0.0
2362	G	8210	0	0	0.0	0.0
2363	A	8210	0	0	0.0	0.0
2364	A	8210	0	0	0.0	0.0
2365	G	8210	1	0	0.0001218026796589525	0.0
2366	C	8210	0	0	0.0	0.0
2367	G	8210	133	0	0.01619975639464068	0.0
2368	C	8210	0	0	0.0	0.0
2369	C	8210	1	0	0.0001218026796589525	0.0
2370	T	8210	1	0	0.0001218026796589525	0.0
2371	A	8210	0	0	0.0	0.0
2372	A	8210	0	0	0.0	0.0
2373	T	8210	0	0	0.0	0.0
2374	G	8210	7	0	0.0008526187576126675	0.0
2375	T	8210	0	0	0.0	0.0
2376	G	8210	0	0	0.0	0.0
2377	A	8210	0	0	0.0	0.0
2378	G	8210	0	0	0.0	0.0
2379	A	8210	1	0	0.0001218026796589525	0.0
2380	C	8210	0	0	0.0	0.0
2381	T	8210	0	0	0.0	0.0
2382	T	8210	0	0	0.0	0.0
2383	T	8210	0	0	0.0	0.0
2384	C	8210	0	0	0.0	0.0
2385	C	8210	0	0	0.0	0.0
2386	A	8210	0	0	0.0	0.0
2387	T	8210	1	0	0.0001218026796589525	0.0
2388	C	8210	0	0	0.0	0.0
2389	A	8210	0	0	0.0	0.0
2390	T	8210	2	0	0.000243605359317905	0.0
2391	G	8210	3	0	0.0003654080389768575	0.0
2392	C	8210	0	0	0.0	0.0
2393	C	8210	1	0	0.0001218026796589525	0.0
2394	A	8210	0	0	0.0	0.0
2395	T	8210	0	0	0.0	0.0
2396	T	8210	0	0	0.0	0.0
2397	T	8210	0	0	0.0	0.0
2398	G	8210	1	0	0.0001218026796589525	0.0
2399	C	8210	0	0	0.0	0.0
2400	T	8210	0	0	0.0	0.0
2401	T	8210	0	0	0.0	0.0
2402	G	8210	0	0	0.0	0.0
2403	A	8210	0	0	0.0	0.0
2404	A	8210	0	0	0.0	0.0
2405	T	8210	1	0	0.0001218026796589525	0.0
2406	T	8210	5352	0	0.6518879415347137	0.0
2407	T	8210	0	0	0.0	0.0
2408	T	8210	0	0	0.0	0.0
2409	T	8210	0	0	0.0	0.0
2410	T	8210	0	0	0.0	0.0
2411	T	8210	0	0	0.0	0.0
2412	G	8210	0	0	0.0	0.0
2413	A	8210	0	0	0.0	0.0
2414	G	8210	2	0	0.000243605359317905	0.0
2415	A	8210	0	0	0.0	0.0
2416	A	8210	0	0	0.0	0.0
2417	A	8210	0	0	0.0	0.0
2418	A	8210	7	0	0.0008526187576126675	0.0
2419	C	8210	0	0	0.0	0.0
2420	C	8210	0	0	0.0	0.0
2421	A	8210	0	0	0.0	0.0
2422	G	8210	12	0	0.00146163215590743	0.0
2423	T	8210	0	0	0.0	0.0
2424	T	8210	0	0	0.0	0.0
2425	C	8210	0	0	0.0	0.0
2426	C	8210	0	0	0.0	0.0
2427	T	8210	0	0	0.0	0.0
2428	A	8210	0	0	0.0	0.0
2429	A	8210	0	0	0.0	0.0
2430	T	8210	0	0	0.0	0.0
2431	T	8210	1	0	0.0001218026796589525	0.0
2432	T	8210	0	0	0.0	0.0
2433	G	8210	6207	0	0.7560292326431182	0.0
2434	T	8210	0	0	0.0	0.0
2435	A	8210	0	0	0.0	0.0
2436	G	8210	122	0	0.014859926918392205	0.0
2437	C	8210	1	0	0.0001218026796589525	0.0
2438	C	8210	1	0	0.0001218026796589525	0.0
2439	C	8210	0	0	0.0	0.0
2440	C	8210	2	0	0.000243605359317905	0.0
2441	A	8210	0	0	0.0	0.0
2442	A	8210	0	0	0.0	0.0
2443	C	8210	0	0	0.0	0.0
2444	G	8210	15	0	0.0018270401948842874	0.0
2445	A	8210	0	0	0.0	0.0
2446	T	8210	0	0	0.0	0.0
2447	T	8210	0	0	0.0	0.0
2448	C	8210	126	0	0.015347137637028014	0.0
2449	A	8210	0	0	0.0	0.0
2450	G	8210	0	0	0.0	0.0
2451	T	8210	1	0	0.0001218026796589525	0.0
2452	A	8210	1	0	0.0001218026796589525	0.0
2453	A	8210	0	0	0.0	0.0
2454	A	8210	0	0	0.0	0.0
2455	T	8210	0	0	0.0	0.0
2456	A	8210	0	0	0.0	0.0
2457	A	8210	12	0	0.00146163215590743	0.0
2458	C	8210	1	0	0.0001218026796589525	0.0
2459	G	8210	0	0	0.0	0.0
2460	A	8210	1	0	0.0001218026796589525	0.0
2461	A	8210	0	0	0.0	0.0
2462	C	8210	0	0	0.0	0.0
2463	A	8210	0	0	0.0	0.0
2464	A	8210	0	0	0.0	0.0
2465	T	8210	0	0	0.0	0.0
2466	C	8210	0	0	0.0	0.0
2467	A	8210	0	0	0.0	0.0
2468	C	8210	1	0	0.0001218026796589525	0.0
2469	A	8210	0	0	0.0	0.0
2470	T	8210	0	0	0.0	0.0
2471	G	8210	0	0	0.0	0.0
2472	A	8210	6868	0	0.8365408038976857	0.0
2473	G	8210	0	0	0.0	0.0
2474	G	8210	0	0	0.0	0.0
2475	A	8210	6905	1	0.841047503045067	0.0001218026796589525
2476	A	8210	0	0	0.0	0.0
2477	C	8210	0	0	0.0	0.0
2478	G	8210	3	0	0.0003654080389768575	0.0
2479	T	8210	0	0	0.0	0.0
2480	T	8210	0	0	0.0	0.0
2481	A	8210	0	0	0.0	0.0
2482	A	8210	0	0	0.0	0.0
2483	A	8210	0	0	0.0	0.0
2484	A	8210	0	0	0.0	0.0
2485	A	8210	0	0	0.0	0.0
2486	T	8210	0	0	0.0	0.0
2487	G	8210	0	0	0.0	0.0
2488	A	8210	0	0	0.0	0.0
2489	G	8210	0	0	0.0	0.0
2490	T	8210	0	0	0.0	0.0
2491	A	8210	0	0	0.0	0.0
2492	A	8210	0	0	0.0	0.0
2493	A	8210	0	0	0.0	0.0
2494	A	8210	0	0	0.0	0.0
2495	A	8210	0	0	0.0	0.0
2496	T	8210	0	0	0.0	0.0
2497	A	8210	2	0	0.000243605359317905	0.0
2498	G	8210	0	0	0.0	0.0
2499	A	8210	0	0	0.0	0.0
2500	A	8210	0	0	0.0	0.0
2501	T	8210	0	0	0.0	0.0
2502	T	8210	3	0	0.0003654080389768575	0.0
2503	G	8210	0	0	0.0	0.0
2504	G	8210	17	0	0.0020706455542021922	0.0
2505	C	8210	65	0	0.007917174177831911	0.0
2506	C	8210	0	0	0.0	0.0
2507	C	8210	0	0	0.0	0.0
2508	T	8210	0	0	0.0	0.0
2509	A	8210	0	0	0.0	0.0
2510	A	8210	0	0	0.0	0.0
2511	C	8210	26	0	0.003166869671132765	0.0
2512	A	8210	0	0	0.0	0.0
2513	C	8210	125	0	0.015225334957369063	0.0
2514	A	8210	0	0	0.0	0.0
2515	T	8210	0	0	0.0	0.0
2516	T	8210	0	0	0.0	0.0
2517	C	8210	1	0	0.0001218026796589525	0.0
2518	C	8210	0	0	0.0	0.0
2519	C	8210	4	0	0.00048721071863581	0.0
2520	T	8210	0	0	0.0	0.0
2521	T	8210	0	0	0.0	0.0
2522	G	8210	0	0	0.0	0.0
2523	T	8210	0	0	0.0	0.0
2524	A	8210	0	0	0.0	0.0
2525	A	8210	0	0	0.0	0.0
2526	A	8210	0	0	0.0	0.0
2527	G	8210	0	0	0.0	0.0
2528	C	8210	0	0	0.0	0.0
2529	T	8210	0	0	0.0	0.0
2530	A	8210	0	0	0.0	0.0
2531	A	8210	0	0	0.0	0.0
2532	C	8210	0	0	0.0	0.0
2533	G	8210	0	0	0.0	0.0
2534	A	8210	0	0	0.0	0.0
2535	A	8210	0	0	0.0	0.0
2536	G	8210	0	0	0.0	0.0
2537	T	8210	0	0	0.0	0.0
2538	T	8210	14	0	0.001705237515225335	0.0
2539	C	8210	1	0	0.0001218026796589525	0.0
2540	C	8210	0	0	0.0	0.0
2541	A	8210	0	0	0.0	0.0
2542	A	8210	0	0	0.0	0.0
2543	C	8210	3	0	0.0003654080389768575	0.0
2544	A	8210	4	0	0.00048721071863581	0.0
2545	C	8210	0	0	0.0	0.0
2546	C	8210	1	0	0.0001218026796589525	0.0
2547	T	8210	15	0	0.0018270401948842874	0.0
2548	G	8210	0	0	0.0	0.0
2549	T	8210	0	0	0.0	0.0
2550	T	8210	0	0	0.0	0.0
2551	G	8210	0	0	0.0	0.0
2552	C	8210	1	0	0.0001218026796589525	0.0
2553	A	8210	0	0	0.0	0.0
2554	A	8210	0	0	0.0	0.0
2555	T	8210	0	0	0.0	0.0
2556	C	8210	1	0	0.0001218026796589525	0.0
2557	A	8210	0	0	0.0	0.0
2558	A	8210	0	0	0.0	0.0
2559	G	8210	0	0	0.0	0.0
2560	C	8210	0	0	0.0	0.0
2561	G	8210	0	0	0.0	0.0
2562	T	8210	0	0	0.0	0.0
2563	A	8210	0	0	0.0	0.0
2564	A	8210	0	0	0.0	0.0
2565	G	8210	2	0	0.000243605359317905	0.0
2566	G	8210	0	0	0.0	0.0
2567	T	8210	0	0	0.0	0.0
2568	T	8210	0	0	0.0	0.0
2569	C	8210	0	0	0.0	0.0
2570	C	8210	0	0	0.0	0.0
2571	C	8210	0	0	0.0	0.0
2572	C	8210	0	0	0.0	0.0
2573	A	8210	0	0	0.0	0.0
2574	G	8210	1	0	0.0001218026796589525	0.0
2575	A	8210	0	0	0.0	0.0
2576	A	8210	0	0	0.0	0.0
2577	A	8210	0	0	0.0	0.0
2578	A	8210	0	0	0.0	0.0
2579	A	8210	0	0	0.0	0.0
2580	G	8210	3	0	0.0003654080389768575	0.0
2581	G	8210	1	0	0.0001218026796589525	0.0
2582	A	8210	0	0	0.0	0.0
2583	A	8210	0	0	0.0	0.0
2584	T	8210	0	0	0.0	0.0
2585	C	8210	0	0	0.0	0.0
2586	A	8210	0	0	0.0	0.0
2587	C	8210	0	0	0.0	0.0
2588	C	8210	0	0	0.0	0.0
2589	T	8210	10	0	0.001218026796589525	0.0
2590	A	8210	0	0	0.0	0.0
2591	A	8210	0	0	0.0	0.0
2592	A	8210	0	0	0.0	0.0
2593	C	8210	0	0	0.0	0.0
2594	C	8210	2	0	0.000243605359317905	0.0
2595	A	8210	0	0	0.0	0.0
2596	G	8210	0	0	0.0	0.0
2597	C	8210	0	0	0.0	0.0
2598	T	8210	0	0	0.0	0.0
2599	A	8210	0	0	0.0	0.0
2600	A	8210	0	0	0.0	0.0
2601	A	8210	0	0	0.0	0.0
2602	G	8210	2	0	0.000243605359317905	0.0
2603	G	8210	0	0	0.0	0.0
2604	T	8210	1	0	0.0001218026796589525	0.0
2605	C	8210	0	0	0.0	0.0
2606	C	8210	0	0	0.0	0.0
2607	C	8210	0	0	0.0	0.0
2608	A	8210	0	0	0.0	0.0
2609	T	8210	0	0	0.0	0.0
2610	T	8210	0	0	0.0	0.0
2611	A	8210	0	0	0.0	0.0
2612	A	8210	0	0	0.0	0.0
2613	C	8210	0	0	0.0	0.0
2614	G	8210	1	0	0.0001218026796589525	0.0
2615	A	8210	0	0	0.0	0.0
2616	G	8210	741	0	0.0902557856272838	0.0
2617	G	8210	0	0	0.0	0.0
2618	T	8210	0	0	0.0	0.0
2619	T	8210	0	0	0.0	0.0
2620	T	8210	0	0	0.0	0.0
2621	T	8210	0	0	0.0	0.0
2622	A	8210	0	0	0.0	0.0
2623	A	8210	0	0	0.0	0.0
2624	T	8210	0	0	0.0	0.0
2625	A	8210	0	0	0.0	0.0
2626	C	8210	5	0	0.0006090133982947625	0.0
2627	T	8210	0	0	0.0	0.0
2628	A	8210	0	0	0.0	0.0
2629	T	8210	0	0	0.0	0.0
2630	C	8210	0	0	0.0	0.0
2631	G	8210	2	0	0.000243605359317905	0.0
2632	A	8210	0	0	0.0	0.0
2633	T	8210	6	0	0.000730816077953715	0.0
2634	T	8210	0	0	0.0	0.0
2635	G	8210	1	0	0.0001218026796589525	0.0
2636	T	8210	0	0	0.0	0.0
2637	T	8210	0	0	0.0	0.0
2638	C	8210	0	0	0.0	0.0
2639	C	8210	4	0	0.00048721071863581	0.0
2640	A	8210	1	0	0.0001218026796589525	0.0
2641	A	8210	0	0	0.0	0.0
2642	C	8210	0	0	0.0	0.0
2643	T	8210	0	0	0.0	0.0
2644	T	8210	0	0	0.0	0.0
2645	C	8210	13	0	0.0015834348355663825	0.0
2646	A	8210	2	0	0.000243605359317905	0.0
2647	A	8210	4	0	0.00048721071863581	0.0
2648	A	8210	0	0	0.0	0.0
2649	A	8210	0	0	0.0	0.0
2650	T	8210	0	0	0.0	0.0
2651	T	8210	1	0	0.0001218026796589525	0.0
2652	T	8210	0	0	0.0	0.0
2653	T	8210	0	0	0.0	0.0
2654	C	8210	2	0	0.000243605359317905	0.0
2655	G	8210	1422	0	0.17320341047503046	0.0
2656	T	8210	0	0	0.0	0.0
2657	C	8210	1	0	0.0001218026796589525	0.0
2658	C	8210	0	0	0.0	0.0
2659	A	8210	0	0	0.0	0.0
2660	G	8210	1	0	0.0001218026796589525	0.0
2661	A	8210	0	0	0.0	0.0
2662	A	8210	0	0	0.0	0.0
2663	C	8210	7	0	0.0008526187576126675	0.0
2664	A	8210	0	0	0.0	0.0
2665	T	8210	0	0	0.0	0.0
2666	T	8210	0	0	0.0	0.0
2667	T	8210	0	0	0.0	0.0
2668	T	8210	0	0	0.0	0.0
2669	C	8210	0	0	0.0	0.0
2670	T	8210	0	0	0.0	0.0
2671	T	8210	0	0	0.0	0.0
2672	C	8210	0	0	0.0	0.0
2673	T	8210	0	0	0.0	0.0
2674	T	8210	0	0	0.0	0.0
2675	C	8210	0	0	0.0	0.0
2676	C	8210	1	0	0.0001218026796589525	0.0
2677	A	8210	0	0	0.0	0.0
2678	T	8210	0	0	0.0	0.0
2679	T	8210	0	0	0.0	0.0
2680	G	8210	0	0	0.0	0.0
2681	C	8210	0	0	0.0	0.0
2682	A	8210	0	0	0.0	0.0
2683	G	8210	0	0	0.0	0.0
2684	C	8210	0	0	0.0	0.0
2685	A	8210	0	0	0.0	0.0
2686	T	8210	0	0	0.0	0.0
2687	T	8210	0	0	0.0	0.0
2688	A	8210	0	0	0.0	0.0
2689	A	8210	0	0	0.0	0.0
2690	T	8210	0	0	0.0	0.0
2691	T	8210	0	0	0.0	0.0
2692	C	8210	0	0	0.0	0.0
2693	C	8210	0	0	0.0	0.0
2694	T	8210	0	0	0.0	0.0
2695	A	8210	0	0	0.0	0.0
2696	A	8210	0	0	0.0	0.0
2697	A	8210	0	0	0.0	0.0
2698	A	8210	0	0	0.0	0.0
2699	T	8210	0	0	0.0	0.0
2700	A	8210	0	0	0.0	0.0
2701	A	8210	0	0	0.0	0.0
2702	A	8210	0	0	0.0	0.0
2703	C	8210	0	0	0.0	0.0
2704	G	8210	0	0	0.0	0.0
2705	T	8210	0	0	0.0	0.0
2706	C	8210	47	0	0.005724725943970767	0.0
2707	A	8210	1	0	0.0001218026796589525	0.0
2708	C	8210	0	0	0.0	0.0
2709	G	8210	888	0	0.10816077953714982	0.0
2710	A	8210	0	0	0.0	0.0
2711	T	8210	0	0	0.0	0.0
2712	A	8210	0	0	0.0	0.0
2713	T	8210	0	0	0.0	0.0
2714	G	8210	0	0	0.0	0.0
2715	C	8210	10	0	0.001218026796589525	0.0
2716	G	8210	0	0	0.0	0.0
2717	G	8210	0	0	0.0	0.0
2718	C	8210	1	0	0.0001218026796589525	0.0
2719	G	8210	0	0	0.0	0.0
2720	T	8210	0	0	0.0	0.0
2721	A	8210	2653	0	0.323142509135201	0.0
2722	G	8210	0	0	0.0	0.0
2723	T	8210	0	0	0.0	0.0
2724	A	8210	0	0	0.0	0.0
2725	T	8210	0	0	0.0	0.0
2726	T	8210	0	0	0.0	0.0
2727	A	8210	0	0	0.0	0.0
2728	A	8210	0	0	0.0	0.0
2729	A	8210	0	0	0.0	0.0
2730	G	8210	0	0	0.0	0.0
2731	A	8210	0	0	0.0	0.0
2732	A	8210	0	0	0.0	0.0
2733	A	8210	0	0	0.0	0.0
2734	G	8210	1	0	0.0001218026796589525	0.0
2735	C	8210	0	0	0.0	0.0
2736	A	8210	0	0	0.0	0.0
2737	A	8210	0	0	0.0	0.0
2738	G	8210	0	0	0.0	0.0
2739	A	8210	0	0	0.0	0.0
2740	T	8210	0	0	0.0	0.0
2741	G	8210	2	0	0.000243605359317905	0.0
2742	C	8210	1	1	0.0001218026796589525	0.0001218026796589525
2743	C	8210	0	0	0.0	0.0
2744	G	8210	0	0	0.0	0.0
2745	T	8210	0	0	0.0	0.0
2746	T	8210	0	0	0.0	0.0
2747	T	8210	0	0	0.0	0.0
2748	T	8210	0	0	0.0	0.0
2749	A	8210	0	0	0.0	0.0
2750	A	8210	0	0	0.0	0.0
2751	A	8210	0	0	0.0	0.0
2752	G	8210	1	0	0.0001218026796589525	0.0
2753	C	8210	0	0	0.0	0.0
2754	T	8210	29	0	0.0035322777101096225	0.0
2755	G	8210	3	0	0.0003654080389768575	0.0
2756	C	8210	1	0	0.0001218026796589525	0.0
2757	C	8210	0	0	0.0	0.0
2758	G	8210	2	0	0.000243605359317905	0.0
2759	C	8210	0	0	0.0	0.0
2760	C	8210	0	0	0.0	0.0
2761	A	8210	0	0	0.0	0.0
2762	T	8210	12	0	0.00146163215590743	0.0
2763	C	8210	206	0	0.025091352009744213	0.0
2764	T	8210	0	0	0.0	0.0
2765	C	8210	0	0	0.0	0.0
2766	T	8210	0	0	0.0	0.0
2767	T	8210	0	0	0.0	0.0
2768	C	8210	0	0	0.0	0.0
2769	T	8210	0	0	0.0	0.0
2770	T	8210	0	0	0.0	0.0
2771	T	8210	0	0	0.0	0.0
2772	T	8210	0	0	0.0	0.0
2773	T	8210	0	0	0.0	0.0
2774	G	8210	0	0	0.0	0.0
2775	A	8210	0	0	0.0	0.0
2776	G	8210	0	0	0.0	0.0
2777	G	8210	1	0	0.0001218026796589525	0.0
2778	A	8210	0	0	0.0	0.0
2779	T	8210	0	0	0.0	0.0
2780	A	8210	0	0	0.0	0.0
2781	T	8210	0	0	0.0	0.0
2782	A	8210	0	0	0.0	0.0
2783	A	8210	0	0	0.0	0.0
2784	T	8210	0	0	0.0	0.0
2785	T	8210	0	0	0.0	0.0
2786	T	8210	0	0	0.0	0.0
2787	C	8210	0	0	0.0	0.0
2788	T	8210	0	0	0.0	0.0
2789	T	8210	0	0	0.0	0.0
2790	T	8210	1	0	0.0001218026796589525	0.0
2791	A	8210	0	0	0.0	0.0
2792	A	8210	0	0	0.0	0.0
2793	A	8210	0	0	0.0	0.0
2794	A	8210	0	0	0.0	0.0
2795	T	8210	0	0	0.0	0.0
2796	A	8210	0	0	0.0	0.0
2797	G	8210	1	0	0.0001218026796589525	0.0
2798	G	8210	1	0	0.0001218026796589525	0.0
2799	G	8210	1	0	0.0001218026796589525	0.0
2800	A	8210	0	0	0.0	0.0
2801	T	8210	0	0	0.0	0.0
2802	C	8210	0	0	0.0	0.0
2803	A	8210	0	0	0.0	0.0
2804	T	8210	0	0	0.0	0.0
2805	G	8210	25	0	0.0030450669914738123	0.0
2806	G	8210	0	0	0.0	0.0
2807	C	8210	0	0	0.0	0.0
2808	A	8210	0	0	0.0	0.0
2809	T	8210	0	0	0.0	0.0
2810	A	8210	0	0	0.0	0.0
2811	G	8210	0	0	0.0	0.0
2812	A	8210	1	0	0.0001218026796589525	0.0
2813	C	8210	0	0	0.0	0.0
2814	A	8210	0	0	0.0	0.0
2815	T	8210	0	0	0.0	0.0
2816	A	8210	0	0	0.0	0.0
2817	A	8210	0	0	0.0	0.0
2818	G	8210	0	0	0.0	0.0
2819	C	8210	0	0	0.0	0.0
2820	C	8210	0	0	0.0	0.0
2821	A	8210	0	0	0.0	0.0
2822	T	8210	0	0	0.0	0.0
2823	A	8210	0	0	0.0	0.0
2824	T	8210	0	0	0.0	0.0
2825	T	8210	0	0	0.0	0.0
2826	C	8210	0	0	0.0	0.0
2827	A	8210	0	0	0.0	0.0
2828	T	8210	0	0	0.0	0.0
2829	C	8210	0	0	0.0	0.0
2830	T	8210	0	0	0.0	0.0
2831	G	8210	0	0	0.0	0.0
2832	A	8210	0	0	0.0	0.0
2833	C	8210	0	0	0.0	0.0
2834	G	8210	3	0	0.0003654080389768575	0.0
2835	T	8210	0	0	0.0	0.0
2836	T	8210	0	0	0.0	0.0
2837	C	8210	2	0	0.000243605359317905	0.0
2838	A	8210	2	0	0.000243605359317905	0.0
2839	T	8210	0	0	0.0	0.0
2840	A	8210	0	1	0.0	0.0001218026796589525
2841	A	8210	0	1	0.0	0.0001218026796589525
2842	T	8210	0	1	0.0	0.0001218026796589525
2843	T	8210	0	1	0.0	0.0001218026796589525
2844	C	8210	0	1	0.0	0.0001218026796589525
2845	C	8210	0	1	0.0	0.0001218026796589525
2846	A	8210	0	1	0.0	0.0001218026796589525
2847	T	8210	0	1	0.0	0.0001218026796589525
2848	G	8210	0	1	0.0	0.0001218026796589525
2849	A	8210	0	1	0.0	0.0001218026796589525
2850	A	8210	0	1	0.0	0.0001218026796589525
2851	A	8210	0	0	0.0	0.0
2852	A	8210	0	0	0.0	0.0
2853	T	8210	0	0	0.0	0.0
2854	T	8210	0	0	0.0	0.0
2855	C	8210	0	0	0.0	0.0
2856	C	8210	0	0	0.0	0.0
2857	A	8210	0	0	0.0	0.0
2858	T	8210	0	0	0.0	0.0
2859	T	8210	0	0	0.0	0.0
2860	T	8210	0	0	0.0	0.0
2861	G	8210	0	0	0.0	0.0
2862	A	8210	674	0	0.08209500609013398	0.0
2863	A	8210	0	0	0.0	0.0
2864	A	8210	0	0	0.0	0.0
2865	T	8210	0	0	0.0	0.0
2866	G	8210	0	0	0.0	0.0
2867	A	8210	0	0	0.0	0.0
2868	A	8210	0	0	0.0	0.0
2869	C	8210	0	0	0.0	0.0
2870	G	8210	0	0	0.0	0.0
2871	C	8210	0	0	0.0	0.0
2872	C	8210	125	0	0.015225334957369063	0.0
2873	A	8210	0	0	0.0	0.0
2874	A	8210	0	0	0.0	0.0
2875	A	8210	0	0	0.0	0.0
2876	A	8210	0	0	0.0	0.0
2877	G	8210	1	0	0.0001218026796589525	0.0
2878	A	8210	0	0	0.0	0.0
2879	C	8210	0	0	0.0	0.0
2880	T	8210	0	0	0.0	0.0
2881	T	8210	3	0	0.0003654080389768575	0.0
2882	G	8210	0	0	0.0	0.0
2883	A	8210	2	0	0.000243605359317905	0.0
2884	T	8210	0	0	0.0	0.0
2885	T	8210	0	0	0.0	0.0
2886	A	8210	0	0	0.0	0.0
2887	A	8210	0	0	0.0	0.0
2888	G	8210	0	0	0.0	0.0
2889	T	8210	1126	0	0.13714981729598053	0.0
2890	T	8210	0	0	0.0	0.0
2891	C	8210	0	0	0.0	0.0
2892	T	8210	0	0	0.0	0.0
2893	T	8210	0	0	0.0	0.0
2894	T	8210	0	0	0.0	0.0
2895	T	8210	0	0	0.0	0.0
2896	T	8210	0	0	0.0	0.0
2897	T	8210	0	0	0.0	0.0
2898	T	8210	0	0	0.0	0.0
2899	G	8210	0	0	0.0	0.0
2900	T	8210	0	0	0.0	0.0
2901	A	8210	0	0	0.0	0.0
2902	A	8210	0	0	0.0	0.0
2903	T	8210	0	0	0.0	0.0
2904	T	8210	0	0	0.0	0.0
2905	A	8210	0	0	0.0	0.0
2906	A	8210	0	0	0.0	0.0
2907	G	8210	0	0	0.0	0.0
2908	T	8210	0	0	0.0	0.0
2909	T	8210	0	0	0.0	0.0
2910	T	8210	0	0	0.0	0.0
2911	T	8210	2	0	0.000243605359317905	0.0
2912	C	8210	0	0	0.0	0.0
2913	T	8210	0	0	0.0	0.0
2914	G	8210	0	0	0.0	0.0
2915	T	8210	0	0	0.0	0.0
2916	C	8210	1	0	0.0001218026796589525	0.0
2917	T	8210	0	0	0.0	0.0
2918	T	8210	0	0	0.0	0.0
2919	A	8210	0	0	0.0	0.0
2920	G	8210	0	0	0.0	0.0
2921	T	8210	2	0	0.000243605359317905	0.0
2922	T	8210	0	0	0.0	0.0
2923	T	8210	0	0	0.0	0.0
2924	T	8210	0	0	0.0	0.0
2925	A	8210	0	0	0.0	0.0
2926	G	8210	0	0	0.0	0.0
2927	A	8210	0	0	0.0	0.0
2928	A	8210	0	0	0.0	0.0
2929	G	8210	7	0	0.0008526187576126675	0.0
2930	T	8210	0	0	0.0	0.0
2931	C	8210	0	0	0.0	0.0
2932	T	8210	0	0	0.0	0.0
2933	T	8210	4	0	0.00048721071863581	0.0
2934	C	8210	0	0	0.0	0.0
2935	G	8210	0	0	0.0	0.0
2936	T	8210	0	0	0.0	0.0
2937	C	8210	0	0	0.0	0.0
2938	A	8210	0	0	0.0	0.0
2939	T	8210	0	0	0.0	0.0
2940	C	8210	0	0	0.0	0.0
2941	A	8210	0	0	0.0	0.0
2942	T	8210	0	0	0.0	0.0
2943	C	8210	0	0	0.0	0.0
2944	A	8210	0	0	0.0	0.0
2945	A	8210	0	0	0.0	0.0
2946	T	8210	0	0	0.0	0.0
2947	T	8210	0	0	0.0	0.0
2948	A	8210	209	0	0.02545676004872107	0.0
2949	C	8210	1	0	0.0001218026796589525	0.0
2950	C	8210	1	0	0.0001218026796589525	0.0
2951	T	8210	0	0	0.0	0.0
2952	C	8210	1	0	0.0001218026796589525	0.0
2953	C	8210	0	0	0.0	0.0
2954	C	8210	0	0	0.0	0.0
2955	C	8210	0	0	0.0	0.0
2956	A	8210	0	0	0.0	0.0
2957	C	8210	0	0	0.0	0.0
2958	T	8210	0	0	0.0	0.0
2959	T	8210	1286	0	0.1566382460414129	0.0
2960	G	8210	1	0	0.0001218026796589525	0.0
2961	T	8210	0	0	0.0	0.0
2962	T	8210	0	0	0.0	0.0
2963	G	8210	2	0	0.000243605359317905	0.0
2964	T	8210	0	0	0.0	0.0
2965	T	8210	0	0	0.0	0.0
2966	T	8210	0	0	0.0	0.0
2967	G	8210	0	0	0.0	0.0
2968	T	8210	0	0	0.0	0.0
2969	A	8210	0	0	0.0	0.0
2970	T	8210	0	0	0.0	0.0
2971	T	8210	0	0	0.0	0.0
2972	G	8210	0	0	0.0	0.0
2973	T	8210	0	0	0.0	0.0
2974	T	8210	29	0	0.0035322777101096225	0.0
2975	T	8210	0	0	0.0	0.0
2976	C	8210	0	0	0.0	0.0
2977	A	8210	0	0	0.0	0.0
2978	T	8210	0	0	0.0	0.0
2979	T	8210	0	0	0.0	0.0
2980	C	8210	0	0	0.0	0.0
2981	T	8210	0	0	0.0	0.0
2982	T	8210	0	0	0.0	0.0
2983	T	8210	0	0	0.0	0.0
2984	C	8210	0	0	0.0	0.0
2985	C	8210	1	0	0.0001218026796589525	0.0
2986	T	8210	0	0	0.0	0.0
2987	T	8210	0	0	0.0	0.0
2988	T	8210	0	0	0.0	0.0
2989	G	8210	1	1	0.0001218026796589525	0.0001218026796589525
2990	G	8210	1	0	0.0001218026796589525	0.0
2991	C	8210	0	0	0.0	0.0
2992	A	8210	0	0	0.0	0.0
2993	T	8210	0	0	0.0	0.0
2994	A	8210	0	0	0.0	0.0
2995	A	8210	0	0	0.0	0.0
2996	T	8210	0	0	0.0	0.0
2997	T	8210	0	0	0.0	0.0
2998	C	8210	0	0	0.0	0.0
2999	A	8210	0	0	0.0	0.0
3000	T	8210	0	0	0.0	0.0
3001	G	8210	1	0	0.0001218026796589525	0.0
3002	A	8210	0	0	0.0	0.0
3003	T	8210	0	0	0.0	0.0
3004	A	8210	0	0	0.0	0.0
3005	T	8210	0	0	0.0	0.0
3006	T	8210	0	0	0.0	0.0
3007	C	8210	1	0	0.0001218026796589525	0.0
3008	A	8210	0	0	0.0	0.0
3009	C	8210	0	0	0.0	0.0
3010	A	8210	0	0	0.0	0.0
3011	A	8210	0	0	0.0	0.0
3012	C	8210	0	0	0.0	0.0
3013	A	8210	0	0	0.0	0.0
3014	A	8210	0	0	0.0	0.0
3015	T	8210	0	0	0.0	0.0
3016	T	8210	0	0	0.0	0.0
3017	A	8210	0	0	0.0	0.0
3018	C	8210	1	0	0.0001218026796589525	0.0
3019	T	8210	183	0	0.022289890377588308	0.0
3020	G	8210	0	0	0.0	0.0
3021	C	8210	3	0	0.0003654080389768575	0.0
3022	T	8210	0	0	0.0	0.0
3023	G	8210	0	0	0.0	0.0
3024	T	8210	0	0	0.0	0.0
3025	A	8210	0	0	0.0	0.0
3026	A	8210	0	0	0.0	0.0
3027	T	8210	2	0	0.000243605359317905	0.0
3028	G	8210	0	0	0.0	0.0
3029	G	8210	0	0	0.0	0.0
3030	C	8210	0	0	0.0	0.0
3031	A	8210	0	0	0.0	0.0
3032	C	8210	1	0	0.0001218026796589525	0.0
3033	C	8210	0	0	0.0	0.0
3034	C	8210	1	0	0.0001218026796589525	0.0
3035	A	8210	0	0	0.0	0.0
3036	A	8210	0	0	0.0	0.0
3037	A	8210	0	0	0.0	0.0
3038	A	8210	0	0	0.0	0.0
3039	T	8210	0	0	0.0	0.0
3040	T	8210	0	0	0.0	0.0
3041	G	8210	1	0	0.0001218026796589525	0.0
3042	C	8210	0	0	0.0	0.0
3043	T	8210	0	0	0.0	0.0
3044	A	8210	0	0	0.0	0.0
3045	C	8210	0	0	0.0	0.0
3046	T	8210	0	0	0.0	0.0
3047	C	8210	0	0	0.0	0.0
3048	C	8210	0	0	0.0	0.0
3049	T	8210	0	0	0.0	0.0
3050	G	8210	0	0	0.0	0.0
3051	T	8210	0	0	0.0	0.0
3052	T	8210	0	0	0.0	0.0
3053	A	8210	0	0	0.0	0.0
3054	C	8210	2	0	0.000243605359317905	0.0
3055	A	8210	17	0	0.0020706455542021922	0.0
3056	G	8210	0	0	0.0	0.0
3057	G	8210	0	0	0.0	0.0
3058	T	8210	0	0	0.0	0.0
3059	A	8210	0	0	0.0	0.0
3060	A	8210	0	0	0.0	0.0
3061	C	8210	0	0	0.0	0.0
3062	T	8210	0	0	0.0	0.0
3063	T	8210	1	0	0.0001218026796589525	0.0
3064	A	8210	0	0	0.0	0.0
3065	A	8210	0	0	0.0	0.0
3066	A	8210	0	0	0.0	0.0
3067	G	8210	1	0	0.0001218026796589525	0.0
3068	T	8210	0	0	0.0	0.0
3069	A	8210	0	0	0.0	0.0
3070	G	8210	4075	0	0.49634591961023145	0.0
3071	G	8210	0	0	0.0	0.0
3072	C	8210	0	0	0.0	0.0
3073	C	8210	0	0	0.0	0.0
3074	A	8210	1	0	0.0001218026796589525	0.0
3075	T	8210	0	0	0.0	0.0
3076	T	8210	0	0	0.0	0.0
3077	A	8210	0	0	0.0	0.0
3078	A	8210	0	0	0.0	0.0
3079	G	8210	0	0	0.0	0.0
3080	A	8210	0	0	0.0	0.0
3081	C	8210	1	0	0.0001218026796589525	0.0
3082	A	8210	1914	0	0.2331303288672351	0.0
3083	A	8210	0	0	0.0	0.0
3084	A	8210	0	0	0.0	0.0
3085	G	8210	1447	0	0.17624847746650427	0.0
3086	C	8210	0	0	0.0	0.0
3087	C	8210	0	0	0.0	0.0
3088	T	8210	0	0	0.0	0.0
3089	A	8210	0	0	0.0	0.0
3090	A	8210	0	0	0.0	0.0
3091	A	8210	0	0	0.0	0.0
3092	A	8210	0	0	0.0	0.0
3093	A	8210	0	0	0.0	0.0
3094	G	8210	0	0	0.0	0.0
3095	A	8210	0	0	0.0	0.0
3096	A	8210	0	0	0.0	0.0
3097	A	8210	0	0	0.0	0.0
3098	T	8210	0	0	0.0	0.0
3099	A	8210	0	0	0.0	0.0
3100	T	8210	0	0	0.0	0.0
3101	G	8210	0	0	0.0	0.0
3102	G	8210	0	0	0.0	0.0
3103	C	8210	2	0	0.000243605359317905	0.0
3104	G	8210	1	0	0.0001218026796589525	0.0
3105	C	8210	1	0	0.0001218026796589525	0.0
3106	T	8210	6695	0	0.8154689403166869	0.0
3107	A	8210	0	0	0.0	0.0
3108	C	8210	0	0	0.0	0.0
3109	T	8210	0	0	0.0	0.0
3110	T	8210	9	0	0.0010962241169305725	0.0
3111	G	8210	1	0	0.0001218026796589525	0.0
3112	T	8210	0	0	0.0	0.0
3113	T	8210	0	0	0.0	0.0
3114	T	8210	0	0	0.0	0.0
3115	G	8210	33	0	0.004019488428745432	0.0
3116	T	8210	0	0	0.0	0.0
3117	T	8210	0	0	0.0	0.0
3118	A	8210	0	0	0.0	0.0
3119	A	8210	0	0	0.0	0.0
3120	T	8210	0	0	0.0	0.0
3121	C	8210	0	0	0.0	0.0
3122	A	8210	0	0	0.0	0.0
3123	G	8210	0	0	0.0	0.0
3124	T	8210	0	0	0.0	0.0
3125	A	8210	0	0	0.0	0.0
3126	A	8210	2	0	0.000243605359317905	0.0
3127	G	8210	0	0	0.0	0.0
3128	C	8210	7	0	0.0008526187576126675	0.0
3129	G	8210	0	0	0.0	0.0
3130	T	8210	0	0	0.0	0.0
3131	G	8210	0	0	0.0	0.0
3132	C	8210	1	0	0.0001218026796589525	0.0
3133	A	8210	0	0	0.0	0.0
3134	A	8210	0	0	0.0	0.0
3135	G	8210	0	0	0.0	0.0
3136	C	8210	1	0	0.0001218026796589525	0.0
3137	A	8210	0	0	0.0	0.0
3138	T	8210	0	0	0.0	0.0
3139	C	8210	0	0	0.0	0.0
3140	G	8210	0	0	0.0	0.0
3141	C	8210	4	0	0.00048721071863581	0.0
3142	A	8210	0	0	0.0	0.0
3143	A	8210	0	0	0.0	0.0
3144	A	8210	0	0	0.0	0.0
3145	T	8210	0	0	0.0	0.0
3146	C	8210	0	0	0.0	0.0
3147	C	8210	0	0	0.0	0.0
3148	T	8210	0	0	0.0	0.0
3149	A	8210	0	0	0.0	0.0
3150	G	8210	159	0	0.019366626065773447	0.0
3151	C	8210	133	0	0.01619975639464068	0.0
3152	G	8210	0	0	0.0	0.0
3153	C	8210	0	0	0.0	0.0
3154	T	8210	0	0	0.0	0.0
3155	G	8210	2	0	0.000243605359317905	0.0
3156	G	8210	2	0	0.000243605359317905	0.0
3157	A	8210	0	0	0.0	0.0
3158	A	8210	0	0	0.0	0.0
3159	T	8210	0	0	0.0	0.0
3160	A	8210	0	0	0.0	0.0
3161	A	8210	0	0	0.0	0.0
3162	T	8210	0	0	0.0	0.0
3163	T	8210	6359	0	0.7745432399512789	0.0
3164	C	8210	0	0	0.0	0.0
3165	C	8210	0	0	0.0	0.0
3166	C	8210	696	0	0.08477466504263094	0.0
3167	G	8210	0	0	0.0	0.0
3168	T	8210	0	0	0.0	0.0
3169	T	8210	0	0	0.0	0.0
3170	G	8210	2	0	0.000243605359317905	0.0
3171	C	8210	2	0	0.000243605359317905	0.0
3172	A	8210	0	0	0.0	0.0
3173	A	8210	0	0	0.0	0.0
3174	C	8210	2	0	0.000243605359317905	0.0
3175	A	8210	0	0	0.0	0.0
3176	G	8210	1	0	0.0001218026796589525	0.0
3177	A	8210	0	0	0.0	0.0
3178	C	8210	8	0	0.00097442143727162	0.0
3179	A	8210	0	0	0.0	0.0
3180	A	8210	0	0	0.0	0.0
3181	C	8210	1126	0	0.13714981729598053	0.0
3182	C	8210	0	0	0.0	0.0
3183	C	8210	0	0	0.0	0.0
3184	A	8210	0	0	0.0	0.0
3185	T	8210	0	0	0.0	0.0
3186	G	8210	0	0	0.0	0.0
3187	T	8210	1	0	0.0001218026796589525	0.0
3188	T	8210	0	0	0.0	0.0
3189	G	8210	1	0	0.0001218026796589525	0.0
3190	A	8210	0	0	0.0	0.0
3191	A	8210	0	0	0.0	0.0
3192	T	8210	0	0	0.0	0.0
3193	A	8210	0	0	0.0	0.0
3194	A	8210	0	0	0.0	0.0
3195	A	8210	0	0	0.0	0.0
3196	T	8210	0	0	0.0	0.0
3197	T	8210	0	0	0.0	0.0
3198	C	8210	0	0	0.0	0.0
3199	A	8210	1	0	0.0001218026796589525	0.0
3200	G	8210	0	0	0.0	0.0
3201	G	8210	1	0	0.0001218026796589525	0.0
3202	G	8210	0	0	0.0	0.0
3203	A	8210	2	0	0.000243605359317905	0.0
3204	T	8210	0	0	0.0	0.0
3205	C	8210	1	0	0.0001218026796589525	0.0
3206	A	8210	0	0	0.0	0.0
3207	G	8210	1	0	0.0001218026796589525	0.0
3208	A	8210	3	0	0.0003654080389768575	0.0
3209	T	8210	0	0	0.0	0.0
3210	C	8210	0	0	0.0	0.0
3211	A	8210	0	0	0.0	0.0
3212	A	8210	0	0	0.0	0.0
3213	G	8210	0	0	0.0	0.0
3214	T	8210	0	0	0.0	0.0
3215	A	8210	0	0	0.0	0.0
3216	A	8210	0	0	0.0	0.0
3217	G	8210	30	0	0.0036540803897685747	0.0
3218	C	8210	0	0	0.0	0.0
3219	C	8210	203	0	0.024725943970767356	0.0
3220	T	8210	0	0	0.0	0.0
3221	T	8210	0	0	0.0	0.0
3222	T	8210	0	0	0.0	0.0
3223	A	8210	0	0	0.0	0.0
3224	A	8210	0	0	0.0	0.0
3225	T	8210	0	0	0.0	0.0
3226	G	8210	0	0	0.0	0.0
3227	G	8210	2	0	0.000243605359317905	0.0
3228	T	8210	1	0	0.0001218026796589525	0.0
3229	G	8210	399	0	0.048599269183922045	0.0
3230	T	8210	0	0	0.0	0.0
3231	T	8210	0	0	0.0	0.0
3232	G	8210	204	0	0.02484774665042631	0.0
3233	C	8210	1	0	0.0001218026796589525	0.0
3234	T	8210	1	0	0.0001218026796589525	0.0
3235	A	8210	6357	0	0.774299634591961	0.0
3236	C	8210	0	0	0.0	0.0
3237	C	8210	0	0	0.0	0.0
3238	C	8210	1	0	0.0001218026796589525	0.0
3239	A	8210	0	0	0.0	0.0
3240	C	8210	4	0	0.00048721071863581	0.0
3241	G	8210	1	0	0.0001218026796589525	0.0
3242	G	8210	1	0	0.0001218026796589525	0.0
3243	C	8210	129	0	0.01571254567600487	0.0
3244	A	8210	0	0	0.0	0.0
3245	A	8210	0	0	0.0	0.0
3246	A	8210	0	0	0.0	0.0
3247	T	8210	0	0	0.0	0.0
3248	G	8210	0	0	0.0	0.0
3249	A	8210	0	1	0.0	0.0001218026796589525
3250	A	8210	0	0	0.0	0.0
3251	A	8210	0	0	0.0	0.0
3252	T	8210	0	0	0.0	0.0
3253	A	8210	0	0	0.0	0.0
3254	G	8210	0	0	0.0	0.0
3255	T	8210	0	0	0.0	0.0
3256	T	8210	0	0	0.0	0.0
3257	A	8210	0	0	0.0	0.0
3258	C	8210	0	0	0.0	0.0
3259	A	8210	0	0	0.0	0.0
3260	A	8210	0	0	0.0	0.0
3261	T	8210	0	0	0.0	0.0
3262	G	8210	1	0	0.0001218026796589525	0.0
3263	A	8210	0	0	0.0	0.0
3264	G	8210	0	0	0.0	0.0
3265	C	8210	0	0	0.0	0.0
3266	G	8210	0	0	0.0	0.0
3267	C	8210	0	0	0.0	0.0
3268	T	8210	0	0	0.0	0.0
3269	A	8210	0	0	0.0	0.0
3270	G	8210	0	0	0.0	0.0
3271	C	8210	0	0	0.0	0.0
3272	A	8210	0	0	0.0	0.0
3273	T	8210	0	0	0.0	0.0
3274	G	8210	3	0	0.0003654080389768575	0.0
3275	A	8210	0	0	0.0	0.0
3276	A	8210	1	0	0.0001218026796589525	0.0
3277	C	8210	1	0	0.0001218026796589525	0.0
3278	G	8210	0	0	0.0	0.0
3279	A	8210	0	0	0.0	0.0
3280	T	8210	0	0	0.0	0.0
3281	A	8210	0	0	0.0	0.0
3282	A	8210	0	0	0.0	0.0
3283	G	8210	0	0	0.0	0.0
3284	C	8210	0	0	0.0	0.0
3285	C	8210	0	0	0.0	0.0
3286	A	8210	5	0	0.0006090133982947625	0.0
3287	A	8210	1	0	0.0001218026796589525	0.0
3288	A	8210	0	0	0.0	0.0
3289	G	8210	0	0	0.0	0.0
3290	C	8210	1	0	0.0001218026796589525	0.0
3291	C	8210	0	0	0.0	0.0
3292	T	8210	0	0	0.0	0.0
3293	G	8210	0	0	0.0	0.0
3294	C	8210	0	0	0.0	0.0
3295	A	8210	271	0	0.033008526187576125	0.0
3296	A	8210	0	0	0.0	0.0
3297	G	8210	0	0	0.0	0.0
3298	T	8210	0	0	0.0	0.0
3299	A	8210	0	0	0.0	0.0
3300	A	8210	0	0	0.0	0.0
3301	A	8210	2	0	0.000243605359317905	0.0
3302	T	8210	0	0	0.0	0.0
3303	G	8210	0	0	0.0	0.0
3304	C	8210	0	0	0.0	0.0
3305	A	8210	0	0	0.0	0.0
3306	T	8210	0	0	0.0	0.0
3307	G	8210	2	0	0.000243605359317905	0.0
3308	C	8210	18	0	0.002192448233861145	0.0
3309	G	8210	1	0	0.0001218026796589525	0.0
3310	C	8210	6	0	0.000730816077953715	0.0
3311	T	8210	0	0	0.0	0.0
3312	C	8210	0	0	0.0	0.0
3313	C	8210	50	0	0.0060901339829476245	0.0
3314	A	8210	0	0	0.0	0.0
3315	C	8210	0	0	0.0	0.0
3316	C	8210	15	0	0.0018270401948842874	0.0
3317	C	8210	0	0	0.0	0.0
3318	C	8210	0	0	0.0	0.0
3319	T	8210	0	0	0.0	0.0
3320	T	8210	0	0	0.0	0.0
3321	T	8210	0	0	0.0	0.0
3322	A	8210	1	0	0.0001218026796589525	0.0
3323	T	8210	0	0	0.0	0.0
3324	A	8210	0	0	0.0	0.0
3325	T	8210	0	0	0.0	0.0
3326	G	8210	0	0	0.0	0.0
3327	C	8210	2	0	0.000243605359317905	0.0
3328	T	8210	0	0	0.0	0.0
3329	C	8210	0	0	0.0	0.0
3330	C	8210	0	0	0.0	0.0
3331	T	8210	0	0	0.0	0.0
3332	T	8210	0	0	0.0	0.0
3333	C	8210	0	0	0.0	0.0
3334	T	8210	0	0	0.0	0.0
3335	T	8210	0	0	0.0	0.0
3336	C	8210	0	0	0.0	0.0
3337	A	8210	0	0	0.0	0.0
3338	G	8210	0	0	0.0	0.0
3339	C	8210	0	0	0.0	0.0
3340	A	8210	0	0	0.0	0.0
3341	T	8210	0	0	0.0	0.0
3342	A	8210	0	0	0.0	0.0
3343	C	8210	0	0	0.0	0.0
3344	T	8210	0	0	0.0	0.0
3345	G	8210	0	0	0.0	0.0
3346	A	8210	0	0	0.0	0.0
3347	T	8210	0	0	0.0	0.0
3348	C	8210	2	0	0.000243605359317905	0.0
3349	A	8210	2	0	0.000243605359317905	0.0
3350	G	8210	0	0	0.0	0.0
3351	C	8210	2	0	0.000243605359317905	0.0
3352	T	8210	0	0	0.0	0.0
3353	T	8210	0	0	0.0	0.0
3354	T	8210	0	0	0.0	0.0
3355	T	8210	0	0	0.0	0.0
3356	T	8210	0	0	0.0	0.0
3357	G	8210	0	0	0.0	0.0
3358	A	8210	0	0	0.0	0.0
3359	C	8210	1	0	0.0001218026796589525	0.0
3360	T	8210	0	0	0.0	0.0
3361	C	8210	1	0	0.0001218026796589525	0.0
3362	A	8210	0	0	0.0	0.0
3363	T	8210	0	0	0.0	0.0
3364	G	8210	28	0	0.00341047503045067	0.0
3365	A	8210	1	0	0.0001218026796589525	0.0
3366	T	8210	0	0	0.0	0.0
3367	T	8210	1	0	0.0001218026796589525	0.0
3368	G	8210	0	0	0.0	0.0
3369	G	8210	2	0	0.000243605359317905	0.0
3370	G	8210	1	0	0.0001218026796589525	0.0
3371	A	8210	0	0	0.0	0.0
3372	T	8210	0	0	0.0	0.0
3373	G	8210	9	0	0.0010962241169305725	0.0
3374	A	8210	0	0	0.0	0.0
3375	G	8210	0	0	0.0	0.0
3376	C	8210	3	0	0.0003654080389768575	0.0
3377	A	8210	0	0	0.0	0.0
3378	A	8210	0	0	0.0	0.0
3379	A	8210	0	0	0.0	0.0
3380	C	8210	0	0	0.0	0.0
3381	C	8210	1	0	0.0001218026796589525	0.0
3382	C	8210	4	0	0.00048721071863581	0.0
3383	A	8210	0	0	0.0	0.0
3384	A	8210	0	0	0.0	0.0
3385	A	8210	0	0	0.0	0.0
3386	T	8210	0	0	0.0	0.0
3387	A	8210	0	0	0.0	0.0
3388	A	8210	1	0	0.0001218026796589525	0.0
3389	A	8210	0	0	0.0	0.0
3390	T	8210	0	0	0.0	0.0
3391	A	8210	18	0	0.002192448233861145	0.0
3392	T	8210	0	0	0.0	0.0
3393	T	8210	0	0	0.0	0.0
3394	T	8210	0	0	0.0	0.0
3395	T	8210	0	0	0.0	0.0
3396	T	8210	0	0	0.0	0.0
3397	A	8210	0	0	0.0	0.0
3398	A	8210	0	0	0.0	0.0
3399	G	8210	0	0	0.0	0.0
3400	A	8210	0	0	0.0	0.0
3401	A	8210	0	0	0.0	0.0
3402	T	8210	0	0	0.0	0.0
3403	C	8210	0	0	0.0	0.0
3404	A	8210	0	0	0.0	0.0
3405	A	8210	1	0	0.0001218026796589525	0.0
3406	C	8210	40	0	0.0048721071863581	0.0
3407	G	8210	1	0	0.0001218026796589525	0.0
3408	T	8210	0	0	0.0	0.0
3409	T	8210	5	0	0.0006090133982947625	0.0
3410	A	8210	0	0	0.0	0.0
3411	A	8210	0	0	0.0	0.0
3412	C	8210	0	0	0.0	0.0
3413	G	8210	1	0	0.0001218026796589525	0.0
3414	T	8210	0	0	0.0	0.0
3415	T	8210	0	0	0.0	0.0
3416	G	8210	0	0	0.0	0.0
3417	C	8210	0	0	0.0	0.0
3418	G	8210	0	0	0.0	0.0
3419	A	8210	0	0	0.0	0.0
3420	T	8210	0	0	0.0	0.0
3421	T	8210	0	0	0.0	0.0
3422	G	8210	0	0	0.0	0.0
3423	G	8210	0	0	0.0	0.0
3424	C	8210	0	0	0.0	0.0
3425	A	8210	0	0	0.0	0.0
3426	A	8210	1	0	0.0001218026796589525	0.0
3427	G	8210	1	0	0.0001218026796589525	0.0
3428	C	8210	0	0	0.0	0.0
3429	C	8210	2	0	0.000243605359317905	0.0
3430	T	8210	0	0	0.0	0.0
3431	A	8210	0	0	0.0	0.0
3432	A	8210	0	0	0.0	0.0
3433	G	8210	1162	0	0.1415347137637028	0.0
3434	A	8210	0	0	0.0	0.0
3435	C	8210	3	0	0.0003654080389768575	0.0
3436	T	8210	0	0	0.0	0.0
3437	A	8210	0	0	0.0	0.0
3438	A	8210	0	0	0.0	0.0
3439	G	8210	0	0	0.0	0.0
3440	G	8210	0	0	0.0	0.0
3441	C	8210	1	0	0.0001218026796589525	0.0
3442	T	8210	0	0	0.0	0.0
3443	G	8210	5	0	0.0006090133982947625	0.0
3444	T	8210	0	0	0.0	0.0
3445	T	8210	0	0	0.0	0.0
3446	T	8210	0	0	0.0	0.0
3447	C	8210	0	0	0.0	0.0
3448	T	8210	0	0	0.0	0.0
3449	G	8210	2	0	0.000243605359317905	0.0
3450	T	8210	1	0	0.0001218026796589525	0.0
3451	T	8210	0	0	0.0	0.0
3452	C	8210	0	0	0.0	0.0
3453	C	8210	0	0	0.0	0.0
3454	T	8210	0	0	0.0	0.0
3455	G	8210	1	0	0.0001218026796589525	0.0
3456	C	8210	0	0	0.0	0.0
3457	G	8210	1	0	0.0001218026796589525	0.0
3458	C	8210	0	0	0.0	0.0
3459	C	8210	0	0	0.0	0.0
3460	A	8210	0	0	0.0	0.0
3461	G	8210	1	0	0.0001218026796589525	0.0
3462	C	8210	0	0	0.0	0.0
3463	A	8210	0	0	0.0	0.0
3464	G	8210	0	0	0.0	0.0
3465	T	8210	0	0	0.0	0.0
3466	A	8210	0	0	0.0	0.0
3467	A	8210	0	0	0.0	0.0
3468	T	8210	0	0	0.0	0.0
3469	A	8210	0	0	0.0	0.0
3470	G	8210	0	0	0.0	0.0
3471	C	8210	0	0	0.0	0.0
3472	A	8210	0	0	0.0	0.0
3473	A	8210	0	0	0.0	0.0
3474	A	8210	0	0	0.0	0.0
3475	C	8210	0	0	0.0	0.0
3476	G	8210	0	0	0.0	0.0
3477	C	8210	0	0	0.0	0.0
3478	T	8210	0	0	0.0	0.0
3479	G	8210	0	0	0.0	0.0
3480	T	8210	0	0	0.0	0.0
3481	A	8210	2	0	0.000243605359317905	0.0
3482	C	8210	0	0	0.0	0.0
3483	C	8210	0	0	0.0	0.0
3484	A	8210	0	0	0.0	0.0
3485	A	8210	0	0	0.0	0.0
3486	G	8210	0	0	0.0	0.0
3487	A	8210	0	0	0.0	0.0
3488	A	8210	0	0	0.0	0.0
3489	T	8210	0	0	0.0	0.0
3490	C	8210	1	0	0.0001218026796589525	0.0
3491	C	8210	0	0	0.0	0.0
3492	C	8210	0	0	0.0	0.0
3493	A	8210	0	0	0.0	0.0
3494	C	8210	0	0	0.0	0.0
3495	C	8210	0	0	0.0	0.0
3496	A	8210	0	0	0.0	0.0
3497	G	8210	0	0	0.0	0.0
3498	T	8210	2	0	0.000243605359317905	0.0
3499	C	8210	0	0	0.0	0.0
3500	A	8210	0	0	0.0	0.0
3501	C	8210	0	0	0.0	0.0
3502	T	8210	0	0	0.0	0.0
3503	A	8210	0	0	0.0	0.0
3504	C	8210	0	0	0.0	0.0
3505	A	8210	0	0	0.0	0.0
3506	T	8210	0	0	0.0	0.0
3507	C	8210	0	0	0.0	0.0
3508	A	8210	0	0	0.0	0.0
3509	G	8210	0	0	0.0	0.0
3510	G	8210	0	0	0.0	0.0
3511	T	8210	4	0	0.00048721071863581	0.0
3512	G	8210	0	0	0.0	0.0
3513	G	8210	0	0	0.0	0.0
3514	G	8210	8	0	0.00097442143727162	0.0
3515	A	8210	0	0	0.0	0.0
3516	T	8210	0	0	0.0	0.0
3517	T	8210	0	0	0.0	0.0
3518	G	8210	0	0	0.0	0.0
3519	A	8210	0	0	0.0	0.0
3520	T	8210	130	0	0.015834348355663823	0.0
3521	G	8210	0	0	0.0	0.0
3522	C	8210	0	0	0.0	0.0
3523	G	8210	0	0	0.0	0.0
3524	C	8210	0	0	0.0	0.0
3525	C	8210	0	0	0.0	0.0
3526	C	8210	1	0	0.0001218026796589525	0.0
3527	A	8210	0	0	0.0	0.0
3528	C	8210	0	0	0.0	0.0
3529	T	8210	0	0	0.0	0.0
3530	G	8210	1	0	0.0001218026796589525	0.0
3531	A	8210	0	0	0.0	0.0
3532	A	8210	0	0	0.0	0.0
3533	A	8210	0	0	0.0	0.0
3534	A	8210	0	0	0.0	0.0
3535	A	8210	0	0	0.0	0.0
3536	G	8210	0	0	0.0	0.0
3537	A	8210	0	0	0.0	0.0
3538	A	8210	0	0	0.0	0.0
3539	C	8210	0	0	0.0	0.0
3540	C	8210	0	0	0.0	0.0
3541	G	8210	0	0	0.0	0.0
3542	A	8210	0	0	0.0	0.0
3543	T	8210	0	0	0.0	0.0
3544	G	8210	1	0	0.0001218026796589525	0.0
3545	A	8210	0	0	0.0	0.0
3546	A	8210	0	0	0.0	0.0
3547	A	8210	0	0	0.0	0.0
3548	G	8210	0	0	0.0	0.0
3549	C	8210	0	0	0.0	0.0
3550	T	8210	0	0	0.0	0.0
3551	A	8210	0	0	0.0	0.0
3552	A	8210	0	0	0.0	0.0
3553	C	8210	0	0	0.0	0.0
3554	T	8210	0	0	0.0	0.0
3555	C	8210	0	0	0.0	0.0
3556	T	8210	0	0	0.0	0.0
3557	A	8210	0	0	0.0	0.0
3558	A	8210	1	0	0.0001218026796589525	0.0
3559	G	8210	0	0	0.0	0.0
3560	G	8210	0	0	0.0	0.0
3561	T	8210	0	0	0.0	0.0
3562	C	8210	404	0	0.04920828258221681	0.0
3563	G	8210	0	0	0.0	0.0
3564	C	8210	5	0	0.0006090133982947625	0.0
3565	G	8210	1270	0	0.15468940316686966	0.0
3566	C	8210	0	0	0.0	0.0
3567	C	8210	0	0	0.0	0.0
3568	C	8210	0	0	0.0	0.0
3569	A	8210	0	0	0.0	0.0
3570	T	8210	0	0	0.0	0.0
3571	G	8210	0	0	0.0	0.0
3572	A	8210	1	0	0.0001218026796589525	0.0
3573	T	8210	0	0	0.0	0.0
3574	T	8210	0	0	0.0	0.0
3575	A	8210	0	0	0.0	0.0
3576	C	8210	2	0	0.000243605359317905	0.0
3577	G	8210	0	0	0.0	0.0
3578	C	8210	0	0	0.0	0.0
3579	C	8210	0	0	0.0	0.0
3580	C	8210	0	0	0.0	0.0
3581	G	8210	0	0	0.0	0.0
3582	T	8210	0	0	0.0	0.0
3583	T	8210	0	0	0.0	0.0
3584	T	8210	0	0	0.0	0.0
3585	T	8210	8	0	0.00097442143727162	0.0
3586	A	8210	5610	0	0.6833130328867235	0.0
3587	A	8210	1	0	0.0001218026796589525	0.0
3588	C	8210	0	0	0.0	0.0
3589	A	8210	0	0	0.0	0.0
3590	T	8210	0	0	0.0	0.0
3591	C	8210	0	0	0.0	0.0
3592	A	8210	8	0	0.00097442143727162	0.0
3593	C	8210	2	0	0.000243605359317905	0.0
3594	C	8210	0	0	0.0	0.0
3595	T	8210	0	0	0.0	0.0
3596	A	8210	0	0	0.0	0.0
3597	A	8210	0	0	0.0	0.0
3598	T	8210	0	0	0.0	0.0
3599	A	8210	0	0	0.0	0.0
3600	C	8210	1	0	0.0001218026796589525	0.0
3601	A	8210	0	0	0.0	0.0
3602	A	8210	0	0	0.0	0.0
3603	T	8210	0	0	0.0	0.0
3604	T	8210	183	0	0.022289890377588308	0.0
3605	C	8210	0	0	0.0	0.0
3606	C	8210	0	0	0.0	0.0
3607	G	8210	5	0	0.0006090133982947625	0.0
3608	A	8210	0	0	0.0	0.0
3609	C	8210	1	0	0.0001218026796589525	0.0
3610	A	8210	0	0	0.0	0.0
3611	A	8210	0	0	0.0	0.0
3612	A	8210	0	0	0.0	0.0
3613	T	8210	0	0	0.0	0.0
3614	A	8210	0	0	0.0	0.0
3615	A	8210	0	0	0.0	0.0
3616	A	8210	0	0	0.0	0.0
3617	C	8210	0	0	0.0	0.0
3618	C	8210	0	0	0.0	0.0
3619	G	8210	0	0	0.0	0.0
3620	G	8210	0	0	0.0	0.0
3621	T	8210	0	0	0.0	0.0
3622	T	8210	0	0	0.0	0.0
3623	A	8210	0	0	0.0	0.0
3624	C	8210	0	0	0.0	0.0
3625	A	8210	0	0	0.0	0.0
3626	A	8210	0	0	0.0	0.0
3627	T	8210	0	0	0.0	0.0
3628	T	8210	0	0	0.0	0.0
3629	G	8210	1	0	0.0001218026796589525	0.0
3630	G	8210	1	0	0.0001218026796589525	0.0
3631	T	8210	0	0	0.0	0.0
3632	C	8210	0	0	0.0	0.0
3633	T	8210	0	0	0.0	0.0
3634	T	8210	0	0	0.0	0.0
3635	G	8210	0	0	0.0	0.0
3636	A	8210	0	0	0.0	0.0
3637	A	8210	0	0	0.0	0.0
3638	A	8210	0	0	0.0	0.0
3639	G	8210	0	0	0.0	0.0
3640	C	8210	1	0	0.0001218026796589525	0.0
3641	A	8210	0	0	0.0	0.0
3642	A	8210	0	0	0.0	0.0
3643	C	8210	0	0	0.0	0.0
3644	G	8210	0	0	0.0	0.0
3645	A	8210	0	0	0.0	0.0
3646	G	8210	3	0	0.0003654080389768575	0.0
3647	G	8210	11	0	0.0013398294762484776	0.0
3648	T	8210	0	0	0.0	0.0
3649	A	8210	6579	0	0.8013398294762485	0.0
3650	C	8210	1	0	0.0001218026796589525	0.0
3651	C	8210	0	0	0.0	0.0
3652	T	8210	0	0	0.0	0.0
3653	A	8210	0	0	0.0	0.0
3654	A	8210	0	0	0.0	0.0
3655	A	8210	0	0	0.0	0.0
3656	G	8210	0	0	0.0	0.0
3657	C	8210	0	0	0.0	0.0
3658	A	8210	0	0	0.0	0.0
3659	T	8210	0	0	0.0	0.0
3660	A	8210	0	0	0.0	0.0
3661	T	8210	0	0	0.0	0.0
3662	T	8210	0	0	0.0	0.0
3663	C	8210	0	0	0.0	0.0
3664	C	8210	0	0	0.0	0.0
3665	G	8210	1	0	0.0001218026796589525	0.0
3666	A	8210	0	0	0.0	0.0
3667	C	8210	0	0	0.0	0.0
3668	T	8210	1	0	0.0001218026796589525	0.0
3669	G	8210	0	0	0.0	0.0
3670	C	8210	133	0	0.01619975639464068	0.0
3671	G	8210	0	0	0.0	0.0
3672	C	8210	1	0	0.0001218026796589525	0.0
3673	A	8210	0	0	0.0	0.0
3674	A	8210	0	0	0.0	0.0
3675	T	8210	0	0	0.0	0.0
3676	A	8210	0	0	0.0	0.0
3677	A	8210	0	0	0.0	0.0
3678	A	8210	0	0	0.0	0.0
3679	A	8210	0	0	0.0	0.0
3680	G	8210	0	0	0.0	0.0
3681	C	8210	3	0	0.0003654080389768575	0.0
3682	G	8210	1	0	0.0001218026796589525	0.0
3683	A	8210	0	0	0.0	0.0
3684	T	8210	0	0	0.0	0.0
3685	G	8210	0	0	0.0	0.0
3686	C	8210	21	0	0.0025578562728380025	0.0
3687	A	8210	0	0	0.0	0.0
3688	A	8210	4	0	0.00048721071863581	0.0
3689	C	8210	0	0	0.0	0.0
3690	C	8210	0	0	0.0	0.0
3691	T	8210	0	0	0.0	0.0
3692	A	8210	0	0	0.0	0.0
3693	A	8210	0	0	0.0	0.0
3694	A	8210	0	0	0.0	0.0
3695	A	8210	0	0	0.0	0.0
3696	G	8210	0	0	0.0	0.0
3697	A	8210	0	0	0.0	0.0
3698	A	8210	0	0	0.0	0.0
3699	T	8210	0	0	0.0	0.0
3700	C	8210	1	0	0.0001218026796589525	0.0
3701	G	8210	0	0	0.0	0.0
3702	C	8210	0	0	0.0	0.0
3703	T	8210	0	0	0.0	0.0
3704	T	8210	0	0	0.0	0.0
3705	G	8210	0	0	0.0	0.0
3706	T	8210	0	0	0.0	0.0
3707	C	8210	0	0	0.0	0.0
3708	C	8210	0	0	0.0	0.0
3709	T	8210	0	0	0.0	0.0
3710	A	8210	0	0	0.0	0.0
3711	T	8210	0	0	0.0	0.0
3712	C	8210	0	0	0.0	0.0
3713	A	8210	0	0	0.0	0.0
3714	T	8210	0	0	0.0	0.0
3715	T	8210	0	0	0.0	0.0
3716	T	8210	0	0	0.0	0.0
3717	G	8210	2279	0	0.2775883069427527	0.0
3718	T	8210	2	0	0.000243605359317905	0.0
3719	A	8210	0	0	0.0	0.0
3720	T	8210	0	0	0.0	0.0
3721	T	8210	1	0	0.0001218026796589525	0.0
3722	T	8210	0	0	0.0	0.0
3723	C	8210	0	0	0.0	0.0
3724	T	8210	0	0	0.0	0.0
3725	C	8210	0	0	0.0	0.0
3726	C	8210	0	0	0.0	0.0
3727	T	8210	0	0	0.0	0.0
3728	T	8210	0	0	0.0	0.0
3729	T	8210	2	0	0.000243605359317905	0.0
3730	C	8210	0	0	0.0	0.0
3731	T	8210	0	0	0.0	0.0
3732	A	8210	0	0	0.0	0.0
3733	C	8210	142	0	0.017295980511571253	0.0
3734	A	8210	0	0	0.0	0.0
3735	A	8210	0	0	0.0	0.0
3736	G	8210	142	0	0.017295980511571253	0.0
3737	A	8210	0	0	0.0	0.0
3738	C	8210	1	0	0.0001218026796589525	0.0
3739	A	8210	0	0	0.0	0.0
3740	T	8210	0	0	0.0	0.0
3741	T	8210	0	0	0.0	0.0
3742	T	8210	0	0	0.0	0.0
3743	A	8210	0	0	0.0	0.0
3744	A	8210	0	0	0.0	0.0
3745	T	8210	0	0	0.0	0.0
3746	G	8210	312	0	0.03800243605359318	0.0
3747	C	8210	0	0	0.0	0.0
3748	T	8210	0	0	0.0	0.0
3749	G	8210	0	0	0.0	0.0
3750	C	8210	0	0	0.0	0.0
3751	T	8210	0	0	0.0	0.0
3752	A	8210	1	0	0.0001218026796589525	0.0
3753	C	8210	0	0	0.0	0.0
3754	T	8210	1	0	0.0001218026796589525	0.0
3755	T	8210	0	0	0.0	0.0
3756	T	8210	0	0	0.0	0.0
3757	T	8210	0	0	0.0	0.0
3758	T	8210	0	0	0.0	0.0
3759	T	8210	0	0	0.0	0.0
3760	G	8210	9	0	0.0010962241169305725	0.0
3761	T	8210	0	0	0.0	0.0
3762	C	8210	0	0	0.0	0.0
3763	A	8210	1	0	0.0001218026796589525	0.0
3764	T	8210	0	0	0.0	0.0
3765	T	8210	0	0	0.0	0.0
3766	T	8210	0	0	0.0	0.0
3767	G	8210	0	0	0.0	0.0
3768	G	8210	0	0	0.0	0.0
3769	G	8210	13	0	0.0015834348355663825	0.0
3770	A	8210	0	0	0.0	0.0
3771	C	8210	0	0	0.0	0.0
3772	T	8210	0	0	0.0	0.0
3773	T	8210	0	0	0.0	0.0
3774	G	8210	0	0	0.0	0.0
3775	T	8210	0	0	0.0	0.0
3776	C	8210	0	0	0.0	0.0
3777	G	8210	0	0	0.0	0.0
3778	A	8210	46	0	0.005602923264311815	0.0
3779	A	8210	202	0	0.024604141291108404	0.0
3780	T	8210	0	0	0.0	0.0
3781	T	8210	0	0	0.0	0.0
3782	T	8210	0	0	0.0	0.0
3783	C	8210	0	0	0.0	0.0
3784	A	8210	0	0	0.0	0.0
3785	A	8210	0	0	0.0	0.0
3786	C	8210	0	0	0.0	0.0
3787	T	8210	0	0	0.0	0.0
3788	T	8210	0	0	0.0	0.0
3789	C	8210	0	0	0.0	0.0
3790	A	8210	0	0	0.0	0.0
3791	C	8210	0	0	0.0	0.0
3792	A	8210	0	0	0.0	0.0
3793	A	8210	0	0	0.0	0.0
3794	C	8210	0	0	0.0	0.0
3795	C	8210	0	0	0.0	0.0
3796	A	8210	0	0	0.0	0.0
3797	T	8210	0	0	0.0	0.0
3798	T	8210	0	0	0.0	0.0
3799	T	8210	0	0	0.0	0.0
3800	G	8210	49	0	0.005968331303288672	0.0
3801	C	8210	0	0	0.0	0.0
3802	G	8210	17	0	0.0020706455542021922	0.0
3803	A	8210	0	0	0.0	0.0
3804	C	8210	1	0	0.0001218026796589525	0.0
3805	C	8210	0	0	0.0	0.0
3806	A	8210	0	0	0.0	0.0
3807	A	8210	0	0	0.0	0.0
3808	T	8210	0	0	0.0	0.0
3809	T	8210	0	0	0.0	0.0
3810	C	8210	6	0	0.000730816077953715	0.0
3811	T	8210	0	0	0.0	0.0
3812	T	8210	0	0	0.0	0.0
3813	T	8210	0	0	0.0	0.0
3814	A	8210	0	0	0.0	0.0
3815	A	8210	0	0	0.0	0.0
3816	C	8210	0	0	0.0	0.0
3817	C	8210	1	0	0.0001218026796589525	0.0
3818	A	8210	0	0	0.0	0.0
3819	T	8210	0	0	0.0	0.0
3820	T	8210	0	0	0.0	0.0
3821	T	8210	0	0	0.0	0.0
3822	T	8210	0	0	0.0	0.0
3823	T	8210	0	0	0.0	0.0
3824	T	8210	0	0	0.0	0.0
3825	C	8210	0	0	0.0	0.0
3826	T	8210	21	0	0.0025578562728380025	0.0
3827	T	8210	0	0	0.0	0.0
3828	C	8210	0	0	0.0	0.0
3829	A	8210	0	0	0.0	0.0
3830	T	8210	1	0	0.0001218026796589525	0.0
3831	C	8210	17	0	0.0020706455542021922	0.0
3832	C	8210	0	0	0.0	0.0
3833	G	8210	10	0	0.001218026796589525	0.0
3834	G	8210	2	0	0.000243605359317905	0.0
3835	C	8210	4808	0	0.5856272838002436	0.0
3836	G	8210	1	0	0.0001218026796589525	0.0
3837	T	8210	0	0	0.0	0.0
3838	A	8210	4802	0	0.5848964677222899	0.0
3839	A	8210	1	0	0.0001218026796589525	0.0
3840	T	8210	0	0	0.0	0.0
3841	A	8210	0	0	0.0	0.0
3842	T	8210	0	0	0.0	0.0
3843	T	8210	0	0	0.0	0.0
3844	A	8210	0	0	0.0	0.0
3845	A	8210	0	0	0.0	0.0
3846	T	8210	0	0	0.0	0.0
3847	T	8210	0	0	0.0	0.0
3848	G	8210	0	0	0.0	0.0
3849	C	8210	7	0	0.0008526187576126675	0.0
3850	T	8210	0	0	0.0	0.0
3851	T	8210	0	0	0.0	0.0
3852	T	8210	1	0	0.0001218026796589525	0.0
3853	A	8210	0	0	0.0	0.0
3854	G	8210	0	0	0.0	0.0
3855	A	8210	0	0	0.0	0.0
3856	A	8210	0	0	0.0	0.0
3857	A	8210	0	0	0.0	0.0
3858	T	8210	0	0	0.0	0.0
3859	G	8210	9	0	0.0010962241169305725	0.0
3860	T	8210	0	0	0.0	0.0
3861	T	8210	0	0	0.0	0.0
3862	T	8210	0	0	0.0	0.0
3863	C	8210	0	0	0.0	0.0
3864	G	8210	0	0	0.0	0.0
3865	A	8210	0	0	0.0	0.0
3866	G	8210	0	0	0.0	0.0
3867	T	8210	0	0	0.0	0.0
3868	A	8210	0	0	0.0	0.0
3869	T	8210	0	0	0.0	0.0
3870	T	8210	0	0	0.0	0.0
3871	T	8210	1	0	0.0001218026796589525	0.0
3872	T	8210	0	0	0.0	0.0
3873	C	8210	0	0	0.0	0.0
3874	C	8210	16	0	0.00194884287454324	0.0
3875	C	8210	1	0	0.0001218026796589525	0.0
3876	T	8210	0	0	0.0	0.0
3877	T	8210	0	0	0.0	0.0
3878	A	8210	0	0	0.0	0.0
3879	C	8210	0	0	0.0	0.0
3880	T	8210	0	0	0.0	0.0
3881	T	8210	0	0	0.0	0.0
3882	T	8210	0	0	0.0	0.0
3883	C	8210	0	0	0.0	0.0
3884	A	8210	0	0	0.0	0.0
3885	T	8210	0	0	0.0	0.0
3886	C	8210	1318	0	0.16053593179049938	0.0
3887	C	8210	0	0	0.0	0.0
3888	C	8210	0	0	0.0	0.0
3889	T	8210	133	0	0.01619975639464068	0.0
3890	C	8210	1	0	0.0001218026796589525	0.0
3891	C	8210	0	0	0.0	0.0
3892	T	8210	0	0	0.0	0.0
3893	A	8210	0	0	0.0	0.0
3894	A	8210	0	0	0.0	0.0
3895	G	8210	0	0	0.0	0.0
3896	T	8210	0	0	0.0	0.0
3897	T	8210	0	0	0.0	0.0
3898	A	8210	0	0	0.0	0.0
3899	A	8210	0	0	0.0	0.0
3900	T	8210	0	0	0.0	0.0
3901	T	8210	0	0	0.0	0.0
3902	T	8210	0	0	0.0	0.0
3903	C	8210	0	0	0.0	0.0
3904	T	8210	0	0	0.0	0.0
3905	T	8210	0	0	0.0	0.0
3906	T	8210	0	0	0.0	0.0
3907	T	8210	1	0	0.0001218026796589525	0.0
3908	A	8210	0	0	0.0	0.0
3909	T	8210	0	0	0.0	0.0
3910	T	8210	0	0	0.0	0.0
3911	T	8210	0	0	0.0	0.0
3912	C	8210	0	0	0.0	0.0
3913	T	8210	0	0	0.0	0.0
3914	G	8210	0	0	0.0	0.0
3915	G	8210	0	0	0.0	0.0
3916	A	8210	0	0	0.0	0.0
3917	T	8210	231	0	0.02813641900121803	0.0
3918	A	8210	0	0	0.0	0.0
3919	A	8210	16	0	0.00194884287454324	0.0
3920	G	8210	0	0	0.0	0.0
3921	C	8210	1	0	0.0001218026796589525	0.0
3922	A	8210	0	0	0.0	0.0
3923	G	8210	0	0	0.0	0.0
3924	T	8210	0	0	0.0	0.0
3925	A	8210	0	0	0.0	0.0
3926	G	8210	3	0	0.0003654080389768575	0.0
3927	C	8210	0	0	0.0	0.0
3928	C	8210	7	0	0.0008526187576126675	0.0
3929	A	8210	0	0	0.0	0.0
3930	A	8210	0	0	0.0	0.0
3931	T	8210	1	0	0.0001218026796589525	0.0
3932	C	8210	8	0	0.00097442143727162	0.0
3933	G	8210	1	0	0.0001218026796589525	0.0
3934	A	8210	0	0	0.0	0.0
3935	T	8210	0	0	0.0	0.0
3936	A	8210	2	0	0.000243605359317905	0.0
3937	A	8210	1	0	0.0001218026796589525	0.0
3938	G	8210	0	0	0.0	0.0
3939	C	8210	1	0	0.0001218026796589525	0.0
3940	A	8210	0	0	0.0	0.0
3941	T	8210	0	0	0.0	0.0
3942	C	8210	0	0	0.0	0.0
3943	T	8210	231	0	0.02813641900121803	0.0
3944	T	8210	0	0	0.0	0.0
3945	C	8210	0	0	0.0	0.0
3946	C	8210	626	0	0.07624847746650426	0.0
3947	A	8210	0	0	0.0	0.0
3948	C	8210	0	0	0.0	0.0
3949	A	8210	0	0	0.0	0.0
3950	C	8210	0	0	0.0	0.0
3951	T	8210	0	0	0.0	0.0
3952	C	8210	2905	0	0.353836784409257	0.0
3953	T	8210	0	0	0.0	0.0
3954	C	8210	0	0	0.0	0.0
3955	A	8210	0	0	0.0	0.0
3956	A	8210	0	0	0.0	0.0
3957	C	8210	25	0	0.0030450669914738123	0.0
3958	T	8210	0	0	0.0	0.0
3959	A	8210	0	0	0.0	0.0
3960	C	8210	0	0	0.0	0.0
3961	A	8210	0	0	0.0	0.0
3962	A	8210	0	0	0.0	0.0
3963	T	8210	1	0	0.0001218026796589525	0.0
3964	A	8210	0	0	0.0	0.0
3965	A	8210	0	0	0.0	0.0
3966	A	8210	0	0	0.0	0.0
3967	A	8210	0	0	0.0	0.0
3968	A	8210	0	0	0.0	0.0
3969	G	8210	0	0	0.0	0.0
3970	T	8210	0	0	0.0	0.0
3971	T	8210	0	0	0.0	0.0
3972	T	8210	0	0	0.0	0.0
3973	G	8210	0	0	0.0	0.0
3974	T	8210	0	0	0.0	0.0
3975	A	8210	1	0	0.0001218026796589525	0.0
3976	T	8210	0	0	0.0	0.0
3977	T	8210	0	0	0.0	0.0
3978	T	8210	0	0	0.0	0.0
3979	T	8210	0	0	0.0	0.0
3980	T	8210	1	0	0.0001218026796589525	0.0
3981	C	8210	0	0	0.0	0.0
3982	T	8210	0	0	0.0	0.0
3983	G	8210	0	0	0.0	0.0
3984	T	8210	0	0	0.0	0.0
3985	A	8210	9	0	0.0010962241169305725	0.0
3986	A	8210	0	0	0.0	0.0
3987	C	8210	2	0	0.000243605359317905	0.0
3988	A	8210	0	0	0.0	0.0
3989	C	8210	0	0	0.0	0.0
3990	C	8210	0	0	0.0	0.0
3991	A	8210	0	0	0.0	0.0
3992	C	8210	0	0	0.0	0.0
3993	T	8210	0	0	0.0	0.0
3994	T	8210	0	0	0.0	0.0
3995	T	8210	0	0	0.0	0.0
3996	T	8210	0	0	0.0	0.0
3997	T	8210	0	0	0.0	0.0
3998	A	8210	0	0	0.0	0.0
3999	G	8210	0	0	0.0	0.0
4000	T	8210	1	0	0.0001218026796589525	0.0
4001	G	8210	0	0	0.0	0.0
4002	C	8210	0	0	0.0	0.0
4003	G	8210	134	0	0.016321559074299635	0.0
4004	G	8210	4	0	0.00048721071863581	0.0
4005	C	8210	10	0	0.001218026796589525	0.0
4006	A	8210	0	0	0.0	0.0
4007	A	8210	0	0	0.0	0.0
4008	T	8210	0	0	0.0	0.0
4009	C	8210	2	0	0.000243605359317905	0.0
4010	G	8210	5	0	0.0006090133982947625	0.0
4011	C	8210	0	0	0.0	0.0
4012	A	8210	0	0	0.0	0.0
4013	T	8210	0	0	0.0	0.0
4014	C	8210	4	0	0.00048721071863581	0.0
4015	T	8210	0	0	0.0	0.0
4016	T	8210	0	0	0.0	0.0
4017	C	8210	0	0	0.0	0.0
4018	A	8210	0	0	0.0	0.0
4019	A	8210	0	0	0.0	0.0
4020	T	8210	0	0	0.0	0.0
4021	C	8210	1	0	0.0001218026796589525	0.0
4022	G	8210	0	0	0.0	0.0
4023	T	8210	0	0	0.0	0.0
4024	T	8210	0	0	0.0	0.0
4025	T	8210	0	0	0.0	0.0
4026	T	8210	0	0	0.0	0.0
4027	A	8210	2	0	0.000243605359317905	0.0
4028	A	8210	0	0	0.0	0.0
4029	T	8210	0	0	0.0	0.0
4030	G	8210	3	0	0.0003654080389768575	0.0
4031	A	8210	0	0	0.0	0.0
4032	C	8210	0	0	0.0	0.0
4033	C	8210	62	0	0.007551766138855055	0.0
4034	A	8210	0	0	0.0	0.0
4035	G	8210	0	0	0.0	0.0
4036	T	8210	0	0	0.0	0.0
4037	T	8210	0	0	0.0	0.0
4038	T	8210	0	0	0.0	0.0
4039	T	8210	0	0	0.0	0.0
4040	A	8210	1	0	0.0001218026796589525	0.0
4041	C	8210	0	0	0.0	0.0
4042	T	8210	0	0	0.0	0.0
4043	C	8210	1	0	0.0001218026796589525	0.0
4044	C	8210	0	0	0.0	0.0
4045	T	8210	0	0	0.0	0.0
4046	G	8210	1	0	0.0001218026796589525	0.0
4047	C	8210	0	0	0.0	0.0
4048	T	8210	0	0	0.0	0.0
4049	G	8210	0	0	0.0	0.0
4050	G	8210	0	0	0.0	0.0
4051	T	8210	4540	0	0.5529841656516443	0.0
4052	T	8210	0	0	0.0	0.0
4053	T	8210	0	0	0.0	0.0
4054	A	8210	0	0	0.0	0.0
4055	G	8210	0	0	0.0	0.0
4056	C	8210	0	0	0.0	0.0
4057	T	8210	0	0	0.0	0.0
4058	A	8210	0	0	0.0	0.0
4059	G	8210	0	0	0.0	0.0
4060	C	8210	0	0	0.0	0.0
4061	T	8210	0	0	0.0	0.0
4062	T	8210	0	0	0.0	0.0
4063	A	8210	0	0	0.0	0.0
4064	A	8210	0	0	0.0	0.0
4065	T	8210	0	0	0.0	0.0
4066	G	8210	186	0	0.022655298416565165	0.0
4067	G	8210	0	0	0.0	0.0
4068	T	8210	0	0	0.0	0.0
4069	T	8210	0	0	0.0	0.0
4070	G	8210	1	0	0.0001218026796589525	0.0
4071	T	8210	0	0	0.0	0.0
4072	T	8210	0	0	0.0	0.0
4073	T	8210	0	0	0.0	0.0
4074	T	8210	0	0	0.0	0.0
4075	T	8210	0	0	0.0	0.0
4076	C	8210	2	0	0.000243605359317905	0.0
4077	G	8210	253	0	0.030816077953714983	0.0
4078	A	8210	0	0	0.0	0.0
4079	A	8210	0	0	0.0	0.0
4080	T	8210	0	0	0.0	0.0
4081	A	8210	0	0	0.0	0.0
4082	T	8210	0	0	0.0	0.0
4083	C	8210	16	0	0.00194884287454324	0.0
4084	A	8210	0	0	0.0	0.0
4085	T	8210	0	0	0.0	0.0
4086	T	8210	0	0	0.0	0.0
4087	T	8210	0	0	0.0	0.0
4088	T	8210	0	0	0.0	0.0
4089	T	8210	0	0	0.0	0.0
4090	A	8210	0	0	0.0	0.0
4091	G	8210	0	0	0.0	0.0
4092	G	8210	0	0	0.0	0.0
4093	T	8210	0	0	0.0	0.0
4094	A	8210	0	0	0.0	0.0
4095	C	8210	0	0	0.0	0.0
4096	G	8210	5	0	0.0006090133982947625	0.0
4097	T	8210	1	0	0.0001218026796589525	0.0
4098	C	8210	0	0	0.0	0.0
4099	A	8210	0	0	0.0	0.0
4100	T	8210	0	0	0.0	0.0
4101	C	8210	0	0	0.0	0.0
4102	A	8210	0	0	0.0	0.0
4103	T	8210	0	0	0.0	0.0
4104	T	8210	0	0	0.0	0.0
4105	T	8210	0	0	0.0	0.0
4106	G	8210	0	0	0.0	0.0
4107	C	8210	0	0	0.0	0.0
4108	G	8210	0	0	0.0	0.0
4109	A	8210	0	0	0.0	0.0
4110	T	8210	0	0	0.0	0.0
4111	T	8210	0	0	0.0	0.0
4112	A	8210	0	0	0.0	0.0
4113	A	8210	0	0	0.0	0.0
4114	A	8210	0	0	0.0	0.0
4115	A	8210	0	0	0.0	0.0
4116	T	8210	0	0	0.0	0.0
4117	A	8210	0	0	0.0	0.0
4118	C	8210	0	0	0.0	0.0
4119	A	8210	0	0	0.0	0.0
4120	A	8210	0	0	0.0	0.0
4121	T	8210	0	0	0.0	0.0
4122	C	8210	10	0	0.001218026796589525	0.0
4123	G	8210	0	0	0.0	0.0
4124	G	8210	1	0	0.0001218026796589525	0.0
4125	C	8210	2	0	0.000243605359317905	0.0
4126	G	8210	1432	0	0.17442143727162	0.0
4127	C	8210	1	0	0.0001218026796589525	0.0
4128	C	8210	0	0	0.0	0.0
4129	T	8210	1	0	0.0001218026796589525	0.0
4130	A	8210	0	0	0.0	0.0
4131	A	8210	0	0	0.0	0.0
4132	G	8210	0	0	0.0	0.0
4133	C	8210	2	0	0.000243605359317905	0.0
4134	C	8210	0	0	0.0	0.0
4135	T	8210	0	0	0.0	0.0
4136	T	8210	0	0	0.0	0.0
4137	G	8210	0	0	0.0	0.0
4138	G	8210	1	0	0.0001218026796589525	0.0
4139	G	8210	2	0	0.000243605359317905	0.0
4140	T	8210	0	0	0.0	0.0
4141	C	8210	0	0	0.0	0.0
4142	C	8210	0	0	0.0	0.0
4143	A	8210	0	0	0.0	0.0
4144	T	8210	0	0	0.0	0.0
4145	G	8210	0	0	0.0	0.0
4146	A	8210	0	0	0.0	0.0
4147	A	8210	0	0	0.0	0.0
4148	A	8210	0	0	0.0	0.0
4149	A	8210	0	0	0.0	0.0
4150	A	8210	0	0	0.0	0.0
4151	G	8210	0	0	0.0	0.0
4152	C	8210	0	0	0.0	0.0
4153	C	8210	0	0	0.0	0.0
4154	A	8210	0	0	0.0	0.0
4155	C	8210	1	0	0.0001218026796589525	0.0
4156	T	8210	0	0	0.0	0.0
4157	T	8210	0	0	0.0	0.0
4158	G	8210	0	0	0.0	0.0
4159	A	8210	0	0	0.0	0.0
4160	C	8210	2	0	0.000243605359317905	0.0
4161	C	8210	0	0	0.0	0.0
4162	A	8210	60	0	0.007308160779537149	0.0
4163	T	8210	0	0	0.0	0.0
4164	G	8210	0	0	0.0	0.0
4165	T	8210	1	0	0.0001218026796589525	0.0
4166	A	8210	0	0	0.0	0.0
4167	A	8210	0	0	0.0	0.0
4168	C	8210	0	0	0.0	0.0
4169	A	8210	0	0	0.0	0.0
4170	A	8210	0	0	0.0	0.0
4171	G	8210	227	0	0.027649208282582216	0.0
4172	C	8210	0	0	0.0	0.0
4173	G	8210	0	0	0.0	0.0
4174	A	8210	0	0	0.0	0.0
4175	T	8210	0	0	0.0	0.0
4176	G	8210	0	0	0.0	0.0
4177	A	8210	0	0	0.0	0.0
4178	T	8210	0	0	0.0	0.0
4179	C	8210	0	0	0.0	0.0
4180	G	8210	315	0	0.03836784409257003	0.0
4181	A	8210	0	0	0.0	0.0
4182	C	8210	0	0	0.0	0.0
4183	T	8210	0	0	0.0	0.0
4184	C	8210	0	0	0.0	0.0
4185	T	8210	0	0	0.0	0.0
4186	T	8210	0	0	0.0	0.0
4187	A	8210	0	0	0.0	0.0
4188	A	8210	0	0	0.0	0.0
4189	C	8210	24	0	0.00292326431181486	0.0
4190	A	8210	0	0	0.0	0.0
4191	A	8210	2	0	0.000243605359317905	0.0
4192	T	8210	1	0	0.0001218026796589525	0.0
4193	T	8210	0	0	0.0	0.0
4194	T	8210	0	0	0.0	0.0
4195	A	8210	0	0	0.0	0.0
4196	A	8210	0	0	0.0	0.0
4197	T	8210	0	0	0.0	0.0
4198	C	8210	0	0	0.0	0.0
4199	A	8210	0	0	0.0	0.0
4200	T	8210	0	0	0.0	0.0
4201	T	8210	0	0	0.0	0.0
4202	T	8210	0	0	0.0	0.0
4203	C	8210	0	0	0.0	0.0
4204	A	8210	0	2	0.0	0.000243605359317905
4205	T	8210	17	2	0.0020706455542021922	0.000243605359317905
4206	T	8210	0	2	0.0	0.000243605359317905
4207	T	8210	2	2	0.000243605359317905	0.000243605359317905
4208	C	8210	0	2	0.0	0.000243605359317905
4209	C	8210	0	0	0.0	0.0
4210	T	8210	0	0	0.0	0.0
4211	C	8210	0	0	0.0	0.0
4212	C	8210	0	0	0.0	0.0
4213	T	8210	0	0	0.0	0.0
4214	A	8210	0	0	0.0	0.0
4215	A	8210	5	0	0.0006090133982947625	0.0
4216	A	8210	0	0	0.0	0.0
4217	A	8210	0	0	0.0	0.0
4218	T	8210	0	6	0.0	0.000730816077953715
4219	T	8210	0	6	0.0	0.000730816077953715
4220	C	8210	1	6	0.0001218026796589525	0.000730816077953715
4221	T	8210	0	0	0.0	0.0
4222	T	8210	1	0	0.0001218026796589525	0.0
4223	C	8210	0	0	0.0	0.0
4224	T	8210	0	0	0.0	0.0
4225	T	8210	0	15	0.0	0.0018270401948842874
4226	C	8210	0	15	0.0	0.0018270401948842874
4227	T	8210	0	15	0.0	0.0018270401948842874
4228	A	8210	0	0	0.0	0.0
4229	A	8210	0	0	0.0	0.0
4230	A	8210	1	0	0.0001218026796589525	0.0
4231	A	8210	0	0	0.0	0.0
4232	T	8210	0	0	0.0	0.0
4233	T	8210	0	0	0.0	0.0
4234	T	8210	0	0	0.0	0.0
4235	C	8210	1	0	0.0001218026796589525	0.0
4236	T	8210	0	0	0.0	0.0
4237	T	8210	0	0	0.0	0.0
4238	T	8210	0	0	0.0	0.0
4239	A	8210	0	0	0.0	0.0
4240	C	8210	0	0	0.0	0.0
4241	T	8210	0	0	0.0	0.0
4242	A	8210	2	0	0.000243605359317905	0.0
4243	G	8210	7	0	0.0008526187576126675	0.0
4244	A	8210	4	0	0.00048721071863581	0.0
4245	T	8210	0	0	0.0	0.0
4246	A	8210	0	0	0.0	0.0
4247	A	8210	0	0	0.0	0.0
4248	C	8210	1	0	0.0001218026796589525	0.0
4249	T	8210	2	0	0.000243605359317905	0.0
4250	C	8210	0	0	0.0	0.0
4251	A	8210	3997	0	0.4868453105968331	0.0
4252	T	8210	0	0	0.0	0.0
4253	T	8210	0	0	0.0	0.0
4254	A	8210	0	0	0.0	0.0
4255	C	8210	0	0	0.0	0.0
4256	A	8210	0	0	0.0	0.0
4257	A	8210	0	0	0.0	0.0
4258	T	8210	0	0	0.0	0.0
4259	A	8210	0	0	0.0	0.0
4260	A	8210	0	0	0.0	0.0
4261	C	8210	0	0	0.0	0.0
4262	A	8210	0	0	0.0	0.0
4263	A	8210	0	0	0.0	0.0
4264	A	8210	0	0	0.0	0.0
4265	G	8210	0	0	0.0	0.0
4266	A	8210	0	0	0.0	0.0
4267	C	8210	4	0	0.00048721071863581	0.0
4268	T	8210	0	0	0.0	0.0
4269	T	8210	0	0	0.0	0.0
4270	T	8210	0	0	0.0	0.0
4271	C	8210	0	0	0.0	0.0
4272	T	8210	0	0	0.0	0.0
4273	T	8210	0	0	0.0	0.0
4274	G	8210	0	0	0.0	0.0
4275	T	8210	0	0	0.0	0.0
4276	C	8210	0	0	0.0	0.0
4277	C	8210	0	0	0.0	0.0
4278	G	8210	0	0	0.0	0.0
4279	T	8210	2	0	0.000243605359317905	0.0
4280	T	8210	0	0	0.0	0.0
4281	T	8210	3	0	0.0003654080389768575	0.0
4282	T	8210	0	0	0.0	0.0
4283	C	8210	0	0	0.0	0.0
4284	A	8210	0	0	0.0	0.0
4285	A	8210	0	0	0.0	0.0
4286	C	8210	1	0	0.0001218026796589525	0.0
4287	G	8210	29	0	0.0035322777101096225	0.0
4288	G	8210	0	0	0.0	0.0
4289	C	8210	21	0	0.0025578562728380025	0.0
4290	A	8210	1447	0	0.17624847746650427	0.0
4291	C	8210	0	0	0.0	0.0
4292	G	8210	0	0	0.0	0.0
4293	T	8210	0	0	0.0	0.0
4294	T	8210	0	0	0.0	0.0
4295	T	8210	0	0	0.0	0.0
4296	T	8210	0	0	0.0	0.0
4297	A	8210	0	0	0.0	0.0
4298	C	8210	0	0	0.0	0.0
4299	T	8210	0	0	0.0	0.0
4300	A	8210	0	0	0.0	0.0
4301	A	8210	0	0	0.0	0.0
4302	A	8210	0	0	0.0	0.0
4303	T	8210	0	0	0.0	0.0
4304	C	8210	1	0	0.0001218026796589525	0.0
4305	A	8210	0	0	0.0	0.0
4306	A	8210	0	0	0.0	0.0
4307	C	8210	0	0	0.0	0.0
4308	T	8210	0	0	0.0	0.0
4309	A	8210	1	0	0.0001218026796589525	0.0
4310	A	8210	0	0	0.0	0.0
4311	T	8210	0	0	0.0	0.0
4312	G	8210	0	0	0.0	0.0
4313	A	8210	0	0	0.0	0.0
4314	A	8210	0	0	0.0	0.0
4315	T	8210	0	0	0.0	0.0
4316	C	8210	0	0	0.0	0.0
4317	A	8210	0	0	0.0	0.0
4318	A	8210	0	0	0.0	0.0
4319	C	8210	0	0	0.0	0.0
4320	A	8210	0	0	0.0	0.0
4321	G	8210	0	0	0.0	0.0
4322	T	8210	0	0	0.0	0.0
4323	A	8210	0	0	0.0	0.0
4324	T	8210	0	0	0.0	0.0
4325	T	8210	0	0	0.0	0.0
4326	T	8210	0	0	0.0	0.0
4327	A	8210	0	0	0.0	0.0
4328	T	8210	0	0	0.0	0.0
4329	T	8210	0	0	0.0	0.0
4330	T	8210	0	0	0.0	0.0
4331	G	8210	0	0	0.0	0.0
4332	G	8210	0	0	0.0	0.0
4333	G	8210	1	0	0.0001218026796589525	0.0
4334	T	8210	0	0	0.0	0.0
4335	A	8210	0	0	0.0	0.0
4336	T	8210	0	0	0.0	0.0
4337	A	8210	0	0	0.0	0.0
4338	T	8210	0	0	0.0	0.0
4339	A	8210	0	0	0.0	0.0
4340	T	8210	1	0	0.0001218026796589525	0.0
4341	T	8210	0	0	0.0	0.0
4342	T	8210	0	0	0.0	0.0
4343	C	8210	0	0	0.0	0.0
4344	A	8210	0	0	0.0	0.0
4345	A	8210	0	0	0.0	0.0
4346	T	8210	0	0	0.0	0.0
4347	T	8210	0	0	0.0	0.0
4348	A	8210	0	0	0.0	0.0
4349	A	8210	0	0	0.0	0.0
4350	C	8210	2423	0	0.2951278928136419	0.0
4351	G	8210	0	0	0.0	0.0
4352	T	8210	0	0	0.0	0.0
4353	T	8210	0	0	0.0	0.0
4354	G	8210	0	0	0.0	0.0
4355	C	8210	1	0	0.0001218026796589525	0.0
4356	T	8210	1	0	0.0001218026796589525	0.0
4357	A	8210	0	0	0.0	0.0
4358	A	8210	0	0	0.0	0.0
4359	A	8210	0	0	0.0	0.0
4360	T	8210	0	0	0.0	0.0
4361	T	8210	0	0	0.0	0.0
4362	T	8210	0	0	0.0	0.0
4363	A	8210	0	0	0.0	0.0
4364	G	8210	8091	0	0.9855054811205847	0.0
4365	T	8210	7	0	0.0008526187576126675	0.0
4366	C	8210	0	0	0.0	0.0
4367	C	8210	0	0	0.0	0.0
4368	T	8210	0	0	0.0	0.0
4369	G	8210	0	0	0.0	0.0
4370	A	8210	0	0	0.0	0.0
4371	A	8210	0	0	0.0	0.0
4372	A	8210	0	0	0.0	0.0
4373	T	8210	0	0	0.0	0.0
4374	T	8210	1	0	0.0001218026796589525	0.0
4375	A	8210	0	0	0.0	0.0
4376	A	8210	0	0	0.0	0.0
4377	A	8210	0	0	0.0	0.0
4378	T	8210	0	0	0.0	0.0
4379	G	8210	0	0	0.0	0.0
4380	C	8210	1	0	0.0001218026796589525	0.0
4381	A	8210	0	0	0.0	0.0
4382	T	8210	0	0	0.0	0.0
4383	T	8210	0	0	0.0	0.0
4384	G	8210	0	0	0.0	0.0
4385	C	8210	15	0	0.0018270401948842874	0.0
4386	T	8210	0	0	0.0	0.0
4387	T	8210	0	0	0.0	0.0
4388	G	8210	0	0	0.0	0.0
4389	T	8210	0	0	0.0	0.0
4390	T	8210	0	0	0.0	0.0
4391	T	8210	0	0	0.0	0.0
4392	C	8210	8	0	0.00097442143727162	0.0
4393	C	8210	0	0	0.0	0.0
4394	C	8210	0	0	0.0	0.0
4395	C	8210	0	0	0.0	0.0
4396	A	8210	0	0	0.0	0.0
4397	C	8210	0	0	0.0	0.0
4398	A	8210	0	0	0.0	0.0
4399	T	8210	0	0	0.0	0.0
4400	A	8210	0	0	0.0	0.0
4401	A	8210	0	0	0.0	0.0
4402	T	8210	0	0	0.0	0.0
4403	T	8210	0	0	0.0	0.0
4404	A	8210	0	0	0.0	0.0
4405	A	8210	51	0	0.006211936662606578	0.0
4406	A	8210	0	0	0.0	0.0
4407	G	8210	21	0	0.0025578562728380025	0.0
4408	A	8210	0	0	0.0	0.0
4409	A	8210	0	0	0.0	0.0
4410	T	8210	0	0	0.0	0.0
4411	T	8210	0	0	0.0	0.0
4412	C	8210	0	0	0.0	0.0
4413	G	8210	0	0	0.0	0.0
4414	T	8210	0	0	0.0	0.0
4415	T	8210	0	0	0.0	0.0
4416	A	8210	0	0	0.0	0.0
4417	T	8210	0	0	0.0	0.0
4418	T	8210	0	0	0.0	0.0
4419	C	8210	0	0	0.0	0.0
4420	A	8210	0	0	0.0	0.0
4421	C	8210	1	0	0.0001218026796589525	0.0
4422	G	8210	12	0	0.00146163215590743	0.0
4423	C	8210	0	0	0.0	0.0
4424	T	8210	0	0	0.0	0.0
4425	T	8210	0	0	0.0	0.0
4426	C	8210	0	0	0.0	0.0
4427	C	8210	0	0	0.0	0.0
4428	G	8210	5	0	0.0006090133982947625	0.0
4429	C	8210	0	0	0.0	0.0
4430	C	8210	0	0	0.0	0.0
4431	A	8210	0	0	0.0	0.0
4432	A	8210	0	0	0.0	0.0
4433	A	8210	0	0	0.0	0.0
4434	T	8210	0	0	0.0	0.0
4435	A	8210	0	0	0.0	0.0
4436	G	8210	0	0	0.0	0.0
4437	G	8210	0	0	0.0	0.0
4438	T	8210	0	0	0.0	0.0
4439	C	8210	0	0	0.0	0.0
4440	T	8210	241	0	0.029354445797807553	0.0
4441	G	8210	0	0	0.0	0.0
4442	T	8210	0	0	0.0	0.0
4443	A	8210	7	0	0.0008526187576126675	0.0
4444	A	8210	0	0	0.0	0.0
4445	T	8210	0	0	0.0	0.0
4446	C	8210	0	0	0.0	0.0
4447	A	8210	0	0	0.0	0.0
4448	C	8210	0	0	0.0	0.0
4449	A	8210	0	0	0.0	0.0
4450	A	8210	0	0	0.0	0.0
4451	T	8210	0	0	0.0	0.0
4452	T	8210	0	0	0.0	0.0
4453	A	8210	0	0	0.0	0.0
4454	A	8210	8	0	0.00097442143727162	0.0
4455	T	8210	0	0	0.0	0.0
4456	T	8210	0	0	0.0	0.0
4457	C	8210	0	0	0.0	0.0
4458	A	8210	0	0	0.0	0.0
4459	T	8210	0	0	0.0	0.0
4460	T	8210	0	0	0.0	0.0
4461	T	8210	0	0	0.0	0.0
4462	T	8210	0	0	0.0	0.0
4463	G	8210	0	0	0.0	0.0
4464	T	8210	0	0	0.0	0.0
4465	T	8210	0	0	0.0	0.0
4466	G	8210	0	0	0.0	0.0
4467	A	8210	0	0	0.0	0.0
4468	T	8210	0	0	0.0	0.0
4469	T	8210	0	0	0.0	0.0
4470	G	8210	0	0	0.0	0.0
4471	T	8210	0	0	0.0	0.0
4472	T	8210	0	0	0.0	0.0
4473	C	8210	3	0	0.0003654080389768575	0.0
4474	T	8210	0	0	0.0	0.0
4475	T	8210	0	0	0.0	0.0
4476	T	8210	0	0	0.0	0.0
4477	A	8210	0	0	0.0	0.0
4478	A	8210	0	0	0.0	0.0
4479	A	8210	0	0	0.0	0.0
4480	A	8210	0	0	0.0	0.0
4481	T	8210	0	0	0.0	0.0
4482	G	8210	1	0	0.0001218026796589525	0.0
4483	T	8210	0	0	0.0	0.0
4484	C	8210	1	0	0.0001218026796589525	0.0
4485	T	8210	0	0	0.0	0.0
4486	T	8210	0	0	0.0	0.0
4487	T	8210	0	0	0.0	0.0
4488	G	8210	0	0	0.0	0.0
4489	A	8210	0	0	0.0	0.0
4490	C	8210	0	0	0.0	0.0
4491	C	8210	186	0	0.022655298416565165	0.0
4492	G	8210	2	0	0.000243605359317905	0.0
4493	T	8210	0	0	0.0	0.0
4494	C	8210	0	0	0.0	0.0
4495	T	8210	0	0	0.0	0.0
4496	T	8210	0	0	0.0	0.0
4497	G	8210	1530	0	0.18635809987819732	0.0
4498	G	8210	0	0	0.0	0.0
4499	C	8210	125	0	0.015225334957369063	0.0
4500	T	8210	0	0	0.0	0.0
4501	A	8210	0	0	0.0	0.0
4502	A	8210	1	0	0.0001218026796589525	0.0
4503	A	8210	0	0	0.0	0.0
4504	T	8210	0	0	0.0	0.0
4505	C	8210	0	0	0.0	0.0
4506	A	8210	0	0	0.0	0.0
4507	T	8210	0	0	0.0	0.0
4508	A	8210	0	0	0.0	0.0
4509	A	8210	0	0	0.0	0.0
4510	G	8210	1	0	0.0001218026796589525	0.0
4511	G	8210	0	0	0.0	0.0
4512	T	8210	3	0	0.0003654080389768575	0.0
4513	T	8210	0	0	0.0	0.0
4514	G	8210	0	0	0.0	0.0
4515	T	8210	0	0	0.0	0.0
4516	T	8210	0	0	0.0	0.0
4517	C	8210	0	0	0.0	0.0
4518	C	8210	3	0	0.0003654080389768575	0.0
4519	A	8210	1	0	0.0001218026796589525	0.0
4520	T	8210	0	0	0.0	0.0
4521	A	8210	0	0	0.0	0.0
4522	T	8210	0	0	0.0	0.0
4523	A	8210	0	0	0.0	0.0
4524	A	8210	0	0	0.0	0.0
4525	G	8210	0	0	0.0	0.0
4526	C	8210	0	0	0.0	0.0
4527	G	8210	15	0	0.0018270401948842874	0.0
4528	C	8210	0	0	0.0	0.0
4529	A	8210	0	0	0.0	0.0
4530	A	8210	0	0	0.0	0.0
4531	A	8210	0	0	0.0	0.0
4532	G	8210	0	0	0.0	0.0
4533	A	8210	0	0	0.0	0.0
4534	C	8210	0	0	0.0	0.0
4535	A	8210	0	0	0.0	0.0
4536	T	8210	0	0	0.0	0.0
4537	T	8210	0	0	0.0	0.0
4538	C	8210	12	0	0.00146163215590743	0.0
4539	C	8210	0	0	0.0	0.0
4540	A	8210	0	0	0.0	0.0
4541	C	8210	0	0	0.0	0.0
4542	A	8210	0	0	0.0	0.0
4543	T	8210	0	0	0.0	0.0
4544	T	8210	0	0	0.0	0.0
4545	C	8210	0	0	0.0	0.0
4546	T	8210	0	0	0.0	0.0
4547	T	8210	0	0	0.0	0.0
4548	T	8210	0	0	0.0	0.0
4549	G	8210	0	0	0.0	0.0
4550	T	8210	0	0	0.0	0.0
4551	T	8210	0	0	0.0	0.0
4552	T	8210	0	0	0.0	0.0
4553	C	8210	0	0	0.0	0.0
4554	A	8210	0	0	0.0	0.0
4555	C	8210	0	0	0.0	0.0
4556	C	8210	0	0	0.0	0.0
4557	A	8210	0	0	0.0	0.0
4558	C	8210	0	0	0.0	0.0
4559	A	8210	0	0	0.0	0.0
4560	A	8210	0	0	0.0	0.0
4561	A	8210	0	0	0.0	0.0
4562	T	8210	0	0	0.0	0.0
4563	T	8210	7	0	0.0008526187576126675	0.0
4564	A	8210	0	0	0.0	0.0
4565	A	8210	0	0	0.0	0.0
4566	A	8210	7	0	0.0008526187576126675	0.0
4567	G	8210	0	0	0.0	0.0
4568	C	8210	0	0	0.0	0.0
4569	T	8210	7	0	0.0008526187576126675	0.0
4570	A	8210	0	0	0.0	0.0
4571	A	8210	0	0	0.0	0.0
4572	T	8210	0	0	0.0	0.0
4573	G	8210	0	0	0.0	0.0
4574	A	8210	0	0	0.0	0.0
4575	T	8210	0	0	0.0	0.0
4576	G	8210	0	0	0.0	0.0
4577	T	8210	0	0	0.0	0.0
4578	C	8210	3	0	0.0003654080389768575	0.0
4579	T	8210	0	0	0.0	0.0
4580	G	8210	0	0	0.0	0.0
4581	A	8210	51	0	0.006211936662606578	0.0
4582	A	8210	0	0	0.0	0.0
4583	T	8210	0	0	0.0	0.0
4584	C	8210	5	0	0.0006090133982947625	0.0
4585	C	8210	0	0	0.0	0.0
4586	C	8210	0	0	0.0	0.0
4587	T	8210	0	0	0.0	0.0
4588	G	8210	0	0	0.0	0.0
4589	C	8210	0	0	0.0	0.0
4590	A	8210	0	0	0.0	0.0
4591	G	8210	0	0	0.0	0.0
4592	C	8210	0	0	0.0	0.0
4593	G	8210	1	0	0.0001218026796589525	0.0
4594	A	8210	1	0	0.0001218026796589525	0.0
4595	A	8210	0	0	0.0	0.0
4596	A	8210	0	0	0.0	0.0
4597	T	8210	0	0	0.0	0.0
4598	T	8210	0	0	0.0	0.0
4599	A	8210	0	0	0.0	0.0
4600	C	8210	0	0	0.0	0.0
4601	C	8210	0	0	0.0	0.0
4602	A	8210	0	0	0.0	0.0
4603	T	8210	0	0	0.0	0.0
4604	G	8210	0	0	0.0	0.0
4605	T	8210	0	0	0.0	0.0
4606	G	8210	0	0	0.0	0.0
4607	T	8210	0	0	0.0	0.0
4608	T	8210	43	0	0.005237515225334957	0.0
4609	G	8210	0	0	0.0	0.0
4610	C	8210	0	0	0.0	0.0
4611	C	8210	0	0	0.0	0.0
4612	A	8210	0	0	0.0	0.0
4613	G	8210	0	0	0.0	0.0
4614	A	8210	0	0	0.0	0.0
4615	A	8210	0	0	0.0	0.0
4616	T	8210	0	0	0.0	0.0
4617	A	8210	0	0	0.0	0.0
4618	A	8210	0	0	0.0	0.0
4619	T	8210	0	0	0.0	0.0
4620	T	8210	0	0	0.0	0.0
4621	T	8210	0	0	0.0	0.0
4622	T	8210	0	0	0.0	0.0
4623	A	8210	1	0	0.0001218026796589525	0.0
4624	C	8210	3	0	0.0003654080389768575	0.0
4625	G	8210	0	0	0.0	0.0
4626	T	8210	0	0	0.0	0.0
4627	T	8210	1	0	0.0001218026796589525	0.0
4628	C	8210	0	0	0.0	0.0
4629	C	8210	0	0	0.0	0.0
4630	A	8210	1	0	0.0001218026796589525	0.0
4631	T	8210	0	0	0.0	0.0
4632	T	8210	0	0	0.0	0.0
4633	T	8210	0	0	0.0	0.0
4634	T	8210	0	0	0.0	0.0
4635	C	8210	0	0	0.0	0.0
4636	T	8210	0	0	0.0	0.0
4637	T	8210	0	0	0.0	0.0
4638	C	8210	0	0	0.0	0.0
4639	A	8210	0	0	0.0	0.0
4640	C	8210	0	0	0.0	0.0
4641	C	8210	0	0	0.0	0.0
4642	T	8210	0	0	0.0	0.0
4643	C	8210	0	0	0.0	0.0
4644	A	8210	1	0	0.0001218026796589525	0.0
4645	C	8210	0	0	0.0	0.0
4646	T	8210	0	0	0.0	0.0
4647	T	8210	0	0	0.0	0.0
4648	A	8210	0	0	0.0	0.0
4649	C	8210	0	0	0.0	0.0
4650	T	8210	0	0	0.0	0.0
4651	T	8210	0	0	0.0	0.0
4652	C	8210	0	0	0.0	0.0
4653	T	8210	0	0	0.0	0.0
4654	T	8210	0	0	0.0	0.0
4655	T	8210	0	0	0.0	0.0
4656	A	8210	1	0	0.0001218026796589525	0.0
4657	T	8210	962	0	0.11717417783191231	0.0
4658	A	8210	1	0	0.0001218026796589525	0.0
4659	T	8210	1	0	0.0001218026796589525	0.0
4660	A	8210	0	0	0.0	0.0
4661	G	8210	0	0	0.0	0.0
4662	C	8210	0	0	0.0	0.0
4663	A	8210	0	0	0.0	0.0
4664	A	8210	0	0	0.0	0.0
4665	A	8210	0	0	0.0	0.0
4666	A	8210	0	0	0.0	0.0
4667	A	8210	0	0	0.0	0.0
4668	G	8210	0	0	0.0	0.0
4669	A	8210	0	0	0.0	0.0
4670	G	8210	0	0	0.0	0.0
4671	T	8210	0	0	0.0	0.0
4672	G	8210	0	0	0.0	0.0
4673	C	8210	0	0	0.0	0.0
4674	C	8210	0	0	0.0	0.0
4675	A	8210	1	0	0.0001218026796589525	0.0
4676	A	8210	0	0	0.0	0.0
4677	A	8210	0	0	0.0	0.0
4678	A	8210	0	0	0.0	0.0
4679	A	8210	0	0	0.0	0.0
4680	A	8210	0	0	0.0	0.0
4681	G	8210	2	0	0.000243605359317905	0.0
4682	T	8210	0	0	0.0	0.0
4683	G	8210	0	0	0.0	0.0
4684	G	8210	0	0	0.0	0.0
4685	C	8210	1	0	0.0001218026796589525	0.0
4686	A	8210	0	0	0.0	0.0
4687	C	8210	0	0	0.0	0.0
4688	T	8210	1	0	0.0001218026796589525	0.0
4689	C	8210	0	0	0.0	0.0
4690	C	8210	67	0	0.008160779537149818	0.0
4691	C	8210	0	0	0.0	0.0
4692	T	8210	0	0	0.0	0.0
4693	C	8210	0	0	0.0	0.0
4694	C	8210	0	0	0.0	0.0
4695	T	8210	0	0	0.0	0.0
4696	T	8210	1	0	0.0001218026796589525	0.0
4697	T	8210	0	0	0.0	0.0
4698	T	8210	0	0	0.0	0.0
4699	T	8210	0	0	0.0	0.0
4700	A	8210	0	0	0.0	0.0
4701	T	8210	0	0	0.0	0.0
4702	T	8210	0	0	0.0	0.0
4703	T	8210	0	0	0.0	0.0
4704	T	8210	0	0	0.0	0.0
4705	A	8210	1	0	0.0001218026796589525	0.0
4706	A	8210	0	0	0.0	0.0
4707	A	8210	0	0	0.0	0.0
4708	A	8210	0	0	0.0	0.0
4709	A	8210	0	0	0.0	0.0
4710	T	8210	0	0	0.0	0.0
4711	C	8210	0	0	0.0	0.0
4712	G	8210	1	0	0.0001218026796589525	0.0
4713	C	8210	133	0	0.01619975639464068	0.0
4714	T	8210	0	0	0.0	0.0
4715	T	8210	0	0	0.0	0.0
4716	T	8210	0	0	0.0	0.0
4717	C	8210	0	0	0.0	0.0
4718	T	8210	0	0	0.0	0.0
4719	G	8210	0	0	0.0	0.0
4720	C	8210	9	0	0.0010962241169305725	0.0
4721	G	8210	1	0	0.0001218026796589525	0.0
4722	T	8210	0	0	0.0	0.0
4723	T	8210	0	0	0.0	0.0
4724	G	8210	0	0	0.0	0.0
4725	T	8210	0	0	0.0	0.0
4726	T	8210	0	0	0.0	0.0
4727	A	8210	3	0	0.0003654080389768575	0.0
4728	A	8210	24	0	0.00292326431181486	0.0
4729	A	8210	0	0	0.0	0.0
4730	C	8210	1	0	0.0001218026796589525	0.0
4731	T	8210	0	0	0.0	0.0
4732	C	8210	2	0	0.000243605359317905	0.0
4733	C	8210	0	0	0.0	0.0
4734	G	8210	0	0	0.0	0.0
4735	T	8210	0	0	0.0	0.0
4736	T	8210	0	0	0.0	0.0
4737	T	8210	0	0	0.0	0.0
4738	T	8210	0	0	0.0	0.0
4739	T	8210	4	0	0.00048721071863581	0.0
4740	C	8210	1	0	0.0001218026796589525	0.0
4741	C	8210	1	0	0.0001218026796589525	0.0
4742	A	8210	0	0	0.0	0.0
4743	A	8210	0	0	0.0	0.0
4744	A	8210	0	0	0.0	0.0
4745	C	8210	0	0	0.0	0.0
4746	A	8210	0	0	0.0	0.0
4747	A	8210	0	0	0.0	0.0
4748	C	8210	0	0	0.0	0.0
4749	A	8210	0	0	0.0	0.0
4750	C	8210	0	0	0.0	0.0
4751	A	8210	0	0	0.0	0.0
4752	T	8210	0	0	0.0	0.0
4753	C	8210	0	0	0.0	0.0
4754	A	8210	1	0	0.0001218026796589525	0.0
4755	T	8210	0	0	0.0	0.0
4756	A	8210	0	0	0.0	0.0
4757	G	8210	552	0	0.06723507917174178	0.0
4758	A	8210	0	0	0.0	0.0
4759	C	8210	1	0	0.0001218026796589525	0.0
4760	A	8210	0	0	0.0	0.0
4761	T	8210	0	0	0.0	0.0
4762	A	8210	1	0	0.0001218026796589525	0.0
4763	A	8210	0	0	0.0	0.0
4764	A	8210	0	0	0.0	0.0
4765	A	8210	0	0	0.0	0.0
4766	A	8210	0	0	0.0	0.0
4767	A	8210	0	0	0.0	0.0
4768	G	8210	0	0	0.0	0.0
4769	C	8210	42	0	0.005115712545676005	0.0
4770	T	8210	0	0	0.0	0.0
4771	C	8210	0	0	0.0	0.0
4772	C	8210	0	0	0.0	0.0
4773	G	8210	0	0	0.0	0.0
4774	A	8210	0	0	0.0	0.0
4775	T	8210	0	0	0.0	0.0
4776	T	8210	0	0	0.0	0.0
4777	C	8210	0	0	0.0	0.0
4778	A	8210	0	0	0.0	0.0
4779	G	8210	2	0	0.000243605359317905	0.0
4780	G	8210	0	0	0.0	0.0
4781	T	8210	0	0	0.0	0.0
4782	A	8210	0	0	0.0	0.0
4783	T	8210	6	0	0.000730816077953715	0.0
4784	A	8210	0	0	0.0	0.0
4785	T	8210	1	0	0.0001218026796589525	0.0
4786	T	8210	0	0	0.0	0.0
4787	G	8210	0	0	0.0	0.0
4788	A	8210	0	0	0.0	0.0
4789	C	8210	0	0	0.0	0.0
4790	A	8210	0	0	0.0	0.0
4791	C	8210	1	0	0.0001218026796589525	0.0
4792	T	8210	0	0	0.0	0.0
4793	A	8210	2	0	0.000243605359317905	0.0
4794	T	8210	0	0	0.0	0.0
4795	A	8210	0	0	0.0	0.0
4796	A	8210	0	0	0.0	0.0
4797	A	8210	0	0	0.0	0.0
4798	C	8210	1	0	0.0001218026796589525	0.0
4799	T	8210	0	0	0.0	0.0
4800	T	8210	0	0	0.0	0.0
4801	T	8210	0	0	0.0	0.0
4802	T	8210	0	0	0.0	0.0
4803	T	8210	0	0	0.0	0.0
4804	C	8210	0	0	0.0	0.0
4805	A	8210	0	0	0.0	0.0
4806	A	8210	0	0	0.0	0.0
4807	T	8210	0	0	0.0	0.0
4808	G	8210	3	0	0.0003654080389768575	0.0
4809	A	8210	0	0	0.0	0.0
4810	C	8210	0	0	0.0	0.0
4811	A	8210	0	0	0.0	0.0
4812	C	8210	0	0	0.0	0.0
4813	T	8210	0	0	0.0	0.0
4814	A	8210	0	0	0.0	0.0
4815	A	8210	0	0	0.0	0.0
4816	A	8210	0	0	0.0	0.0
4817	C	8210	1	0	0.0001218026796589525	0.0
4818	G	8210	1	0	0.0001218026796589525	0.0
4819	C	8210	0	0	0.0	0.0
4820	C	8210	0	0	0.0	0.0
4821	T	8210	0	0	0.0	0.0
4822	C	8210	0	0	0.0	0.0
4823	T	8210	0	0	0.0	0.0
4824	T	8210	0	0	0.0	0.0
4825	T	8210	0	0	0.0	0.0
4826	T	8210	511	0	0.06224116930572473	0.0
4827	A	8210	0	0	0.0	0.0
4828	A	8210	0	0	0.0	0.0
4829	C	8210	37	0	0.004506699147381242	0.0
4830	T	8210	1	0	0.0001218026796589525	0.0
4831	C	8210	0	0	0.0	0.0
4832	T	8210	0	0	0.0	0.0
4833	T	8210	2	0	0.000243605359317905	0.0
4834	G	8210	1	0	0.0001218026796589525	0.0
4835	C	8210	10	0	0.001218026796589525	0.0
4836	A	8210	0	0	0.0	0.0
4837	A	8210	0	0	0.0	0.0
4838	G	8210	0	0	0.0	0.0
4839	A	8210	0	0	0.0	0.0
4840	C	8210	2	0	0.000243605359317905	0.0
4841	C	8210	6	0	0.000730816077953715	0.0
4842	G	8210	32	0	0.00389768574908648	0.0
4843	T	8210	0	0	0.0	0.0
4844	T	8210	0	0	0.0	0.0
4845	C	8210	15	0	0.0018270401948842874	0.0
4846	T	8210	0	0	0.0	0.0
4847	T	8210	0	0	0.0	0.0
4848	T	8210	0	0	0.0	0.0
4849	G	8210	0	0	0.0	0.0
4850	A	8210	0	0	0.0	0.0
4851	C	8210	0	0	0.0	0.0
4852	A	8210	0	0	0.0	0.0
4853	C	8210	1	0	0.0001218026796589525	0.0
4854	T	8210	0	0	0.0	0.0
4855	G	8210	0	0	0.0	0.0
4856	C	8210	0	0	0.0	0.0
4857	T	8210	0	0	0.0	0.0
4858	T	8210	0	0	0.0	0.0
4859	T	8210	0	0	0.0	0.0
4860	A	8210	0	0	0.0	0.0
4861	G	8210	5268	0	0.6416565164433617	0.0
4862	T	8210	0	0	0.0	0.0
4863	T	8210	0	0	0.0	0.0
4864	G	8210	0	0	0.0	0.0
4865	T	8210	1	0	0.0001218026796589525	0.0
4866	T	8210	0	0	0.0	0.0
4867	C	8210	1	0	0.0001218026796589525	0.0
4868	G	8210	1679	0	0.20450669914738123	0.0
4869	G	8210	0	0	0.0	0.0
4870	C	8210	1	0	0.0001218026796589525	0.0
4871	G	8210	0	0	0.0	0.0
4872	C	8210	1	0	0.0001218026796589525	0.0
4873	C	8210	0	0	0.0	0.0
4874	A	8210	0	0	0.0	0.0
4875	T	8210	0	0	0.0	0.0
4876	T	8210	0	0	0.0	0.0
4877	A	8210	0	0	0.0	0.0
4878	T	8210	0	0	0.0	0.0
4879	A	8210	0	0	0.0	0.0
4880	A	8210	0	0	0.0	0.0
4881	T	8210	0	0	0.0	0.0
4882	T	8210	0	0	0.0	0.0
4883	T	8210	0	0	0.0	0.0
4884	T	8210	0	0	0.0	0.0
4885	C	8210	0	0	0.0	0.0
4886	A	8210	0	0	0.0	0.0
4887	A	8210	0	0	0.0	0.0
4888	T	8210	0	0	0.0	0.0
4889	A	8210	0	0	0.0	0.0
4890	G	8210	0	0	0.0	0.0
4891	G	8210	1	0	0.0001218026796589525	0.0
4892	T	8210	0	0	0.0	0.0
4893	T	8210	0	0	0.0	0.0
4894	C	8210	0	0	0.0	0.0
4895	A	8210	0	0	0.0	0.0
4896	T	8210	0	0	0.0	0.0
4897	T	8210	0	0	0.0	0.0
4898	C	8210	4	0	0.00048721071863581	0.0
4899	C	8210	0	0	0.0	0.0
4900	G	8210	1	0	0.0001218026796589525	0.0
4901	G	8210	0	0	0.0	0.0
4902	A	8210	0	0	0.0	0.0
4903	T	8210	0	0	0.0	0.0
4904	T	8210	237	0	0.02886723507917174	0.0
4905	A	8210	0	0	0.0	0.0
4906	A	8210	0	0	0.0	0.0
4907	T	8210	0	0	0.0	0.0
4908	C	8210	0	0	0.0	0.0
4909	G	8210	0	0	0.0	0.0
4910	T	8210	8	0	0.00097442143727162	0.0
4911	T	8210	0	0	0.0	0.0
4912	C	8210	0	0	0.0	0.0
4913	A	8210	0	0	0.0	0.0
4914	A	8210	0	0	0.0	0.0
4915	T	8210	2	0	0.000243605359317905	0.0
4916	T	8210	0	0	0.0	0.0
4917	A	8210	0	0	0.0	0.0
4918	A	8210	0	0	0.0	0.0
4919	A	8210	0	0	0.0	0.0
4920	C	8210	0	0	0.0	0.0
4921	A	8210	7	0	0.0008526187576126675	0.0
4922	A	8210	0	0	0.0	0.0
4923	C	8210	0	0	0.0	0.0
4924	T	8210	0	0	0.0	0.0
4925	G	8210	19	0	0.0023142509135200976	0.0
4926	A	8210	0	0	0.0	0.0
4927	C	8210	0	0	0.0	0.0
4928	A	8210	0	0	0.0	0.0
4929	T	8210	0	0	0.0	0.0
4930	G	8210	0	0	0.0	0.0
4931	G	8210	0	0	0.0	0.0
4932	A	8210	0	1	0.0	0.0001218026796589525
4933	C	8210	0	0	0.0	0.0
4934	G	8210	8077	0	0.9838002436053593	0.0
4935	T	8210	129	0	0.01571254567600487	0.0
4936	A	8210	0	0	0.0	0.0
4937	T	8210	0	0	0.0	0.0
4938	A	8210	1	0	0.0001218026796589525	0.0
4939	C	8210	0	0	0.0	0.0
4940	C	8210	0	0	0.0	0.0
4941	G	8210	0	0	0.0	0.0
4942	C	8210	0	0	0.0	0.0
4943	T	8210	5341	0	0.6505481120584653	0.0
4944	A	8210	9	0	0.0010962241169305725	0.0
4945	A	8210	0	0	0.0	0.0
4946	T	8210	0	0	0.0	0.0
4947	T	8210	0	0	0.0	0.0
4948	T	8210	0	0	0.0	0.0
4949	A	8210	0	0	0.0	0.0
4950	C	8210	1	0	0.0001218026796589525	0.0
4951	G	8210	1	0	0.0001218026796589525	0.0
4952	A	8210	1	0	0.0001218026796589525	0.0
4953	T	8210	0	0	0.0	0.0
4954	C	8210	0	0	0.0	0.0
4955	A	8210	0	0	0.0	0.0
4956	T	8210	0	0	0.0	0.0
4957	T	8210	0	0	0.0	0.0
4958	T	8210	0	0	0.0	0.0
4959	T	8210	0	0	0.0	0.0
4960	G	8210	0	0	0.0	0.0
4961	A	8210	0	0	0.0	0.0
4962	A	8210	0	0	0.0	0.0
4963	T	8210	0	0	0.0	0.0
4964	T	8210	5351	0	0.6517661388550549	0.0
4965	G	8210	0	0	0.0	0.0
4966	T	8210	0	0	0.0	0.0
4967	T	8210	0	0	0.0	0.0
4968	T	8210	0	0	0.0	0.0
4969	G	8210	41	0	0.004993909866017053	0.0
4970	T	8210	0	0	0.0	0.0
4971	T	8210	0	0	0.0	0.0
4972	G	8210	3	0	0.0003654080389768575	0.0
4973	C	8210	0	0	0.0	0.0
4974	C	8210	0	0	0.0	0.0
4975	A	8210	0	0	0.0	0.0
4976	C	8210	0	0	0.0	0.0
4977	C	8210	0	0	0.0	0.0
4978	G	8210	0	0	0.0	0.0
4979	C	8210	0	0	0.0	0.0
4980	T	8210	0	0	0.0	0.0
4981	C	8210	0	0	0.0	0.0
4982	T	8210	0	0	0.0	0.0
4983	T	8210	0	0	0.0	0.0
4984	C	8210	0	0	0.0	0.0
4985	T	8210	0	0	0.0	0.0
4986	A	8210	0	0	0.0	0.0
4987	A	8210	0	0	0.0	0.0
4988	T	8210	0	0	0.0	0.0
4989	T	8210	0	0	0.0	0.0
4990	G	8210	0	0	0.0	0.0
4991	A	8210	0	0	0.0	0.0
4992	A	8210	0	0	0.0	0.0
4993	T	8210	0	0	0.0	0.0
4994	T	8210	0	0	0.0	0.0
4995	A	8210	0	0	0.0	0.0
4996	A	8210	0	0	0.0	0.0
4997	A	8210	0	0	0.0	0.0
4998	A	8210	0	0	0.0	0.0
4999	A	8210	0	0	0.0	0.0
5000	G	8210	0	0	0.0	0.0
5001	A	8210	0	0	0.0	0.0
5002	C	8210	0	0	0.0	0.0
5003	T	8210	991	0	0.12070645554202192	0.0
5004	T	8210	1	0	0.0001218026796589525	0.0
5005	C	8210	1	0	0.0001218026796589525	0.0
5006	T	8210	0	0	0.0	0.0
5007	A	8210	0	0	0.0	0.0
5008	C	8210	0	0	0.0	0.0
5009	T	8210	0	0	0.0	0.0
5010	T	8210	0	0	0.0	0.0
5011	G	8210	1	0	0.0001218026796589525	0.0
5012	T	8210	0	0	0.0	0.0
5013	C	8210	24	0	0.00292326431181486	0.0
5014	G	8210	0	0	0.0	0.0
5015	A	8210	0	0	0.0	0.0
5016	A	8210	0	0	0.0	0.0
5017	T	8210	0	0	0.0	0.0
5018	A	8210	0	0	0.0	0.0
5019	A	8210	0	0	0.0	0.0
5020	T	8210	0	0	0.0	0.0
5021	T	8210	0	0	0.0	0.0
5022	T	8210	5	0	0.0006090133982947625	0.0
5023	T	8210	0	0	0.0	0.0
5024	T	8210	0	0	0.0	0.0
5025	T	8210	0	0	0.0	0.0
5026	C	8210	0	0	0.0	0.0
5027	T	8210	1	0	0.0001218026796589525	0.0
5028	G	8210	1	0	0.0001218026796589525	0.0
5029	T	8210	0	0	0.0	0.0
5030	A	8210	0	0	0.0	0.0
5031	T	8210	0	0	0.0	0.0
5032	C	8210	0	0	0.0	0.0
5033	T	8210	1	0	0.0001218026796589525	0.0
5034	A	8210	1	0	0.0001218026796589525	0.0
5035	A	8210	0	0	0.0	0.0
5036	A	8210	0	0	0.0	0.0
5037	A	8210	0	0	0.0	0.0
5038	T	8210	2	0	0.000243605359317905	0.0
5039	C	8210	0	0	0.0	0.0
5040	G	8210	0	0	0.0	0.0
5041	T	8210	0	0	0.0	0.0
5042	C	8210	0	0	0.0	0.0
5043	A	8210	1	0	0.0001218026796589525	0.0
5044	C	8210	3	0	0.0003654080389768575	0.0
5045	T	8210	0	0	0.0	0.0
5046	G	8210	0	0	0.0	0.0
5047	A	8210	2	0	0.000243605359317905	0.0
5048	T	8210	0	0	0.0	0.0
5049	T	8210	1	0	0.0001218026796589525	0.0
5050	G	8210	0	0	0.0	0.0
5051	A	8210	0	0	0.0	0.0
5052	A	8210	0	0	0.0	0.0
5053	T	8210	0	0	0.0	0.0
5054	G	8210	3	0	0.0003654080389768575	0.0
5055	A	8210	0	0	0.0	0.0
5056	C	8210	0	0	0.0	0.0
5057	C	8210	0	0	0.0	0.0
5058	C	8210	139	0	0.016930572472594396	0.0
5059	G	8210	9	0	0.0010962241169305725	0.0
5060	A	8210	143	0	0.017417783191230208	0.0
5061	T	8210	0	0	0.0	0.0
5062	C	8210	0	0	0.0	0.0
5063	T	8210	0	0	0.0	0.0
5064	A	8210	0	0	0.0	0.0
5065	A	8210	0	0	0.0	0.0
5066	T	8210	0	0	0.0	0.0
5067	G	8210	0	0	0.0	0.0
5068	A	8210	0	0	0.0	0.0
5069	A	8210	0	0	0.0	0.0
5070	A	8210	0	0	0.0	0.0
5071	A	8210	0	0	0.0	0.0
5072	G	8210	0	0	0.0	0.0
5073	T	8210	1	0	0.0001218026796589525	0.0
5074	T	8210	0	0	0.0	0.0
5075	A	8210	506	0	0.061632155907429965	0.0
5076	C	8210	0	0	0.0	0.0
5077	G	8210	6	0	0.000730816077953715	0.0
5078	A	8210	0	0	0.0	0.0
5079	A	8210	1	0	0.0001218026796589525	0.0
5080	T	8210	0	0	0.0	0.0
5081	C	8210	0	0	0.0	0.0
5082	A	8210	0	0	0.0	0.0
5083	A	8210	0	0	0.0	0.0
5084	C	8210	0	0	0.0	0.0
5085	T	8210	0	0	0.0	0.0
5086	C	8210	0	0	0.0	0.0
5087	A	8210	0	0	0.0	0.0
5088	T	8210	0	0	0.0	0.0
5089	G	8210	1	0	0.0001218026796589525	0.0
5090	A	8210	0	0	0.0	0.0
5091	T	8210	0	0	0.0	0.0
5092	T	8210	0	0	0.0	0.0
5093	T	8210	0	0	0.0	0.0
5094	A	8210	0	0	0.0	0.0
5095	C	8210	0	0	0.0	0.0
5096	A	8210	0	0	0.0	0.0
5097	T	8210	0	0	0.0	0.0
5098	A	8210	0	0	0.0	0.0
5099	G	8210	338	0	0.04116930572472594	0.0
5100	G	8210	0	0	0.0	0.0
5101	A	8210	0	0	0.0	0.0
5102	C	8210	3	0	0.0003654080389768575	0.0
5103	A	8210	0	0	0.0	0.0
5104	G	8210	0	0	0.0	0.0
5105	C	8210	0	0	0.0	0.0
5106	A	8210	0	0	0.0	0.0
5107	T	8210	0	0	0.0	0.0
5108	A	8210	0	0	0.0	0.0
5109	T	8210	0	0	0.0	0.0
5110	C	8210	3	0	0.0003654080389768575	0.0
5111	T	8210	0	0	0.0	0.0
5112	T	8210	0	0	0.0	0.0
5113	T	8210	0	0	0.0	0.0
5114	A	8210	0	0	0.0	0.0
5115	G	8210	0	0	0.0	0.0
5116	T	8210	0	0	0.0	0.0
5117	T	8210	0	0	0.0	0.0
5118	A	8210	0	0	0.0	0.0
5119	A	8210	0	0	0.0	0.0
5120	T	8210	0	0	0.0	0.0
5121	T	8210	0	0	0.0	0.0
5122	C	8210	0	0	0.0	0.0
5123	T	8210	2	0	0.000243605359317905	0.0
5124	C	8210	0	0	0.0	0.0
5125	T	8210	0	0	0.0	0.0
5126	C	8210	1	0	0.0001218026796589525	0.0
5127	T	8210	0	0	0.0	0.0
5128	T	8210	0	0	0.0	0.0
5129	T	8210	0	0	0.0	0.0
5130	G	8210	2	0	0.000243605359317905	0.0
5131	T	8210	0	0	0.0	0.0
5132	C	8210	0	0	0.0	0.0
5133	C	8210	1	0	0.0001218026796589525	0.0
5134	A	8210	0	0	0.0	0.0
5135	T	8210	0	0	0.0	0.0
5136	T	8210	0	0	0.0	0.0
5137	C	8210	105	0	0.012789281364190013	0.0
5138	T	8210	0	0	0.0	0.0
5139	A	8210	0	0	0.0	0.0
5140	A	8210	0	0	0.0	0.0
5141	A	8210	0	0	0.0	0.0
5142	A	8210	0	0	0.0	0.0
5143	G	8210	1	0	0.0001218026796589525	0.0
5144	G	8210	0	0	0.0	0.0
5145	G	8210	1	0	0.0001218026796589525	0.0
5146	T	8210	0	0	0.0	0.0
5147	C	8210	1	0	0.0001218026796589525	0.0
5148	G	8210	0	0	0.0	0.0
5149	T	8210	1	0	0.0001218026796589525	0.0
5150	A	8210	0	0	0.0	0.0
5151	A	8210	0	0	0.0	0.0
5152	T	8210	0	0	0.0	0.0
5153	T	8210	0	0	0.0	0.0
5154	C	8210	0	0	0.0	0.0
5155	C	8210	0	0	0.0	0.0
5156	T	8210	0	0	0.0	0.0
5157	T	8210	1	0	0.0001218026796589525	0.0
5158	T	8210	0	0	0.0	0.0
5159	T	8210	1	0	0.0001218026796589525	0.0
5160	C	8210	0	0	0.0	0.0
5161	C	8210	0	0	0.0	0.0
5162	T	8210	6	0	0.000730816077953715	0.0
5163	G	8210	1	0	0.0001218026796589525	0.0
5164	C	8210	1	0	0.0001218026796589525	0.0
5165	A	8210	0	0	0.0	0.0
5166	A	8210	0	0	0.0	0.0
5167	T	8210	0	0	0.0	0.0
5168	C	8210	0	0	0.0	0.0
5169	A	8210	0	0	0.0	0.0
5170	A	8210	0	0	0.0	0.0
5171	C	8210	0	0	0.0	0.0
5172	T	8210	0	0	0.0	0.0
5173	C	8210	0	0	0.0	0.0
5174	T	8210	0	0	0.0	0.0
5175	T	8210	0	0	0.0	0.0
5176	C	8210	0	0	0.0	0.0
5177	T	8210	0	0	0.0	0.0
5178	A	8210	0	0	0.0	0.0
5179	A	8210	0	0	0.0	0.0
5180	A	8210	0	0	0.0	0.0
5181	G	8210	0	0	0.0	0.0
5182	A	8210	0	0	0.0	0.0
5183	G	8210	1	0	0.0001218026796589525	0.0
5184	A	8210	0	0	0.0	0.0
5185	T	8210	0	0	0.0	0.0
5186	A	8210	740	0	0.09013398294762484	0.0
5187	T	8210	0	0	0.0	0.0
5188	A	8210	0	0	0.0	0.0
5189	C	8210	137	0	0.016686967113276493	0.0
5190	G	8210	0	0	0.0	0.0
5191	G	8210	0	0	0.0	0.0
5192	G	8210	1	0	0.0001218026796589525	0.0
5193	A	8210	0	0	0.0	0.0
5194	G	8210	0	0	0.0	0.0
5195	G	8210	1	0	0.0001218026796589525	0.0
5196	T	8210	0	0	0.0	0.0
5197	C	8210	1	0	0.0001218026796589525	0.0
5198	A	8210	0	0	0.0	0.0
5199	T	8210	0	0	0.0	0.0
5200	T	8210	0	0	0.0	0.0
5201	T	8210	0	0	0.0	0.0
5202	G	8210	0	0	0.0	0.0
5203	A	8210	0	0	0.0	0.0
5204	A	8210	0	0	0.0	0.0
5205	G	8210	1	0	0.0001218026796589525	0.0
5206	A	8210	0	0	0.0	0.0
5207	C	8210	133	0	0.01619975639464068	0.0
5208	G	8210	1	0	0.0001218026796589525	0.0
5209	G	8210	7	0	0.0008526187576126675	0.0
5210	G	8210	1	0	0.0001218026796589525	0.0
5211	T	8210	1	0	0.0001218026796589525	0.0
5212	T	8210	0	0	0.0	0.0
5213	G	8210	0	0	0.0	0.0
5214	T	8210	0	0	0.0	0.0
5215	T	8210	0	0	0.0	0.0
5216	T	8210	0	0	0.0	0.0
5217	G	8210	0	0	0.0	0.0
5218	T	8210	0	0	0.0	0.0
5219	A	8210	0	0	0.0	0.0
5220	C	8210	0	0	0.0	0.0
5221	C	8210	1	0	0.0001218026796589525	0.0
5222	G	8210	60	0	0.007308160779537149	0.0
5223	A	8210	0	0	0.0	0.0
5224	T	8210	0	0	0.0	0.0
5225	G	8210	2	0	0.000243605359317905	0.0
5226	A	8210	0	0	0.0	0.0
5227	T	8210	0	0	0.0	0.0
5228	G	8210	3	0	0.0003654080389768575	0.0
5229	C	8210	1	0	0.0001218026796589525	0.0
5230	C	8210	0	0	0.0	0.0
5231	G	8210	3	0	0.0003654080389768575	0.0
5232	A	8210	0	0	0.0	0.0
5233	C	8210	0	0	0.0	0.0
5234	A	8210	0	0	0.0	0.0
5235	A	8210	0	0	0.0	0.0
5236	T	8210	0	0	0.0	0.0
5237	C	8210	0	0	0.0	0.0
5238	T	8210	0	0	0.0	0.0
5239	C	8210	1	0	0.0001218026796589525	0.0
5240	A	8210	0	0	0.0	0.0
5241	T	8210	731	0	0.08903775883069427	0.0
5242	A	8210	0	0	0.0	0.0
5243	T	8210	0	0	0.0	0.0
5244	T	8210	0	0	0.0	0.0
5245	C	8210	0	0	0.0	0.0
5246	T	8210	0	0	0.0	0.0
5247	G	8210	1	0	0.0001218026796589525	0.0
5248	G	8210	165	0	0.020097442143727162	0.0
5249	A	8210	4660	0	0.5676004872107187	0.0
5250	A	8210	0	0	0.0	0.0
5251	A	8210	0	0	0.0	0.0
5252	A	8210	0	0	0.0	0.0
5253	C	8210	0	0	0.0	0.0
5254	T	8210	0	0	0.0	0.0
5255	T	8210	0	0	0.0	0.0
5256	T	8210	0	0	0.0	0.0
5257	C	8210	1	0	0.0001218026796589525	0.0
5258	T	8210	0	0	0.0	0.0
5259	T	8210	0	0	0.0	0.0
5260	T	8210	0	0	0.0	0.0
5261	G	8210	266	0	0.03239951278928136	0.0
5262	A	8210	0	0	0.0	0.0
5263	T	8210	0	0	0.0	0.0
5264	C	8210	0	0	0.0	0.0
5265	G	8210	0	0	0.0	0.0
5266	A	8210	0	0	0.0	0.0
5267	C	8210	1741	0	0.2120584652862363	0.0
5268	T	8210	0	0	0.0	0.0
5269	C	8210	0	0	0.0	0.0
5270	T	8210	0	0	0.0	0.0
5271	G	8210	0	0	0.0	0.0
5272	C	8210	0	0	0.0	0.0
5273	A	8210	0	0	0.0	0.0
5274	T	8210	0	0	0.0	0.0
5275	T	8210	0	0	0.0	0.0
5276	A	8210	0	0	0.0	0.0
5277	C	8210	0	0	0.0	0.0
5278	G	8210	0	0	0.0	0.0
5279	T	8210	0	0	0.0	0.0
5280	A	8210	0	0	0.0	0.0
5281	A	8210	0	0	0.0	0.0
5282	T	8210	0	0	0.0	0.0
5283	T	8210	0	0	0.0	0.0
5284	G	8210	0	0	0.0	0.0
5285	A	8210	0	0	0.0	0.0
5286	T	8210	0	0	0.0	0.0
5287	T	8210	0	0	0.0	0.0
5288	A	8210	0	0	0.0	0.0
5289	T	8210	0	0	0.0	0.0
5290	A	8210	0	0	0.0	0.0
5291	T	8210	518	0	0.06309378806333739	0.0
5292	T	8210	1	0	0.0001218026796589525	0.0
5293	C	8210	0	0	0.0	0.0
5294	G	8210	7918	0	0.9644336175395859	0.0
5295	C	8210	0	0	0.0	0.0
5296	A	8210	0	0	0.0	0.0
5297	A	8210	1	0	0.0001218026796589525	0.0
5298	G	8210	0	0	0.0	0.0
5299	G	8210	0	0	0.0	0.0
5300	A	8210	0	0	0.0	0.0
5301	A	8210	0	0	0.0	0.0
5302	T	8210	0	0	0.0	0.0
5303	A	8210	0	0	0.0	0.0
5304	A	8210	0	0	0.0	0.0
5305	T	8210	0	0	0.0	0.0
5306	C	8210	1	0	0.0001218026796589525	0.0
5307	T	8210	0	0	0.0	0.0
5308	T	8210	0	0	0.0	0.0
5309	T	8210	0	0	0.0	0.0
5310	A	8210	0	0	0.0	0.0
5311	A	8210	0	0	0.0	0.0
5312	T	8210	0	0	0.0	0.0
5313	T	8210	0	0	0.0	0.0
5314	G	8210	1	0	0.0001218026796589525	0.0
5315	T	8210	0	0	0.0	0.0
5316	G	8210	0	0	0.0	0.0
5317	C	8210	1	0	0.0001218026796589525	0.0
5318	T	8210	0	0	0.0	0.0
5319	T	8210	0	0	0.0	0.0
5320	C	8210	0	0	0.0	0.0
5321	C	8210	1944	0	0.23678440925700364	0.0
5322	G	8210	0	0	0.0	0.0
5323	C	8210	0	0	0.0	0.0
5324	A	8210	0	0	0.0	0.0
5325	G	8210	0	0	0.0	0.0
5326	G	8210	0	0	0.0	0.0
5327	T	8210	48	0	0.00584652862362972	0.0
5328	A	8210	0	0	0.0	0.0
5329	A	8210	1	0	0.0001218026796589525	0.0
5330	A	8210	0	0	0.0	0.0
5331	C	8210	0	0	0.0	0.0
5332	T	8210	0	0	0.0	0.0
5333	T	8210	0	0	0.0	0.0
5334	T	8210	0	0	0.0	0.0
5335	T	8210	0	0	0.0	0.0
5336	T	8210	0	0	0.0	0.0
5337	T	8210	390	0	0.047503045066991476	0.0
5338	C	8210	0	0	0.0	0.0
5339	A	8210	0	0	0.0	0.0
5340	A	8210	0	0	0.0	0.0
5341	G	8210	0	0	0.0	0.0
5342	T	8210	0	0	0.0	0.0
5343	A	8210	0	0	0.0	0.0
5344	A	8210	1	0	0.0001218026796589525	0.0
5345	A	8210	0	0	0.0	0.0
5346	T	8210	0	0	0.0	0.0
5347	C	8210	15	0	0.0018270401948842874	0.0
5348	T	8210	0	0	0.0	0.0
5349	C	8210	1	0	0.0001218026796589525	0.0
5350	T	8210	0	0	0.0	0.0
5351	A	8210	0	0	0.0	0.0
5352	A	8210	0	0	0.0	0.0
5353	T	8210	0	0	0.0	0.0
5354	T	8210	0	0	0.0	0.0
5355	T	8210	0	0	0.0	0.0
5356	T	8210	0	0	0.0	0.0
5357	A	8210	0	0	0.0	0.0
5358	A	8210	0	0	0.0	0.0
5359	C	8210	0	0	0.0	0.0
5360	G	8210	1	0	0.0001218026796589525	0.0
5361	G	8210	1	0	0.0001218026796589525	0.0
5362	C	8210	0	0	0.0	0.0
5363	T	8210	0	0	0.0	0.0
5364	G	8210	0	0	0.0	0.0
5365	T	8210	0	0	0.0	0.0
5366	G	8210	3321	0	0.40450669914738124	0.0
5367	C	8210	2	0	0.000243605359317905	0.0
5368	C	8210	0	0	0.0	0.0
5369	A	8210	0	0	0.0	0.0
5370	A	8210	0	0	0.0	0.0
5371	T	8210	0	0	0.0	0.0
5372	T	8210	0	0	0.0	0.0
5373	C	8210	5	0	0.0006090133982947625	0.0
5374	C	8210	0	0	0.0	0.0
5375	G	8210	0	0	0.0	0.0
5376	G	8210	0	0	0.0	0.0
5377	T	8210	0	0	0.0	0.0
5378	A	8210	0	0	0.0	0.0
5379	C	8210	0	0	0.0	0.0
5380	T	8210	0	0	0.0	0.0
5381	A	8210	0	0	0.0	0.0
5382	C	8210	0	0	0.0	0.0
5383	A	8210	0	0	0.0	0.0
5384	C	8210	3	0	0.0003654080389768575	0.0
5385	G	8210	0	0	0.0	0.0
5386	T	8210	0	0	0.0	0.0
5387	T	8210	0	0	0.0	0.0
5388	G	8210	0	0	0.0	0.0
5389	T	8210	0	0	0.0	0.0
5390	T	8210	0	0	0.0	0.0
5391	A	8210	0	0	0.0	0.0
5392	A	8210	0	0	0.0	0.0
5393	A	8210	0	0	0.0	0.0
5394	A	8210	0	0	0.0	0.0
5395	T	8210	0	0	0.0	0.0
5396	G	8210	27	0	0.0032886723507917176	0.0
5397	A	8210	1	0	0.0001218026796589525	0.0
5398	C	8210	0	0	0.0	0.0
5399	A	8210	2	0	0.000243605359317905	0.0
5400	C	8210	0	0	0.0	0.0
5401	G	8210	0	0	0.0	0.0
5402	T	8210	0	0	0.0	0.0
5403	T	8210	0	0	0.0	0.0
5404	C	8210	0	0	0.0	0.0
5405	C	8210	2	0	0.000243605359317905	0.0
5406	G	8210	2	0	0.000243605359317905	0.0
5407	T	8210	0	0	0.0	0.0
5408	T	8210	0	0	0.0	0.0
5409	T	8210	0	0	0.0	0.0
5410	T	8210	0	0	0.0	0.0
5411	A	8210	10	0	0.001218026796589525	0.0
5412	T	8210	0	0	0.0	0.0
5413	T	8210	0	0	0.0	0.0
5414	T	8210	0	0	0.0	0.0
5415	T	8210	0	0	0.0	0.0
5416	C	8210	0	0	0.0	0.0
5417	A	8210	0	0	0.0	0.0
5418	G	8210	1	0	0.0001218026796589525	0.0
5419	G	8210	0	0	0.0	0.0
5420	T	8210	1	0	0.0001218026796589525	0.0
5421	A	8210	0	0	0.0	0.0
5422	A	8210	0	0	0.0	0.0
5423	T	8210	0	0	0.0	0.0
5424	A	8210	0	0	0.0	0.0
5425	T	8210	0	0	0.0	0.0
5426	G	8210	28	0	0.00341047503045067	0.0
5427	A	8210	0	0	0.0	0.0
5428	T	8210	0	0	0.0	0.0
5429	T	8210	0	0	0.0	0.0
5430	T	8210	0	0	0.0	0.0
5431	C	8210	23	0	0.0028014616321559074	0.0
5432	C	8210	0	0	0.0	0.0
5433	C	8210	0	0	0.0	0.0
5434	A	8210	0	0	0.0	0.0
5435	T	8210	1	0	0.0001218026796589525	0.0
5436	T	8210	0	0	0.0	0.0
5437	C	8210	0	0	0.0	0.0
5438	A	8210	0	0	0.0	0.0
5439	T	8210	1	0	0.0001218026796589525	0.0
5440	T	8210	0	0	0.0	0.0
5441	T	8210	1	0	0.0001218026796589525	0.0
5442	G	8210	0	0	0.0	0.0
5443	G	8210	0	0	0.0	0.0
5444	A	8210	0	0	0.0	0.0
5445	T	8210	0	0	0.0	0.0
5446	G	8210	0	0	0.0	0.0
5447	A	8210	0	0	0.0	0.0
5448	A	8210	0	0	0.0	0.0
5449	C	8210	0	0	0.0	0.0
5450	T	8210	7583	0	0.9236297198538368	0.0
5451	G	8210	236	0	0.02874543239951279	0.0
5452	T	8210	0	0	0.0	0.0
5453	T	8210	0	0	0.0	0.0
5454	A	8210	0	0	0.0	0.0
5455	A	8210	0	0	0.0	0.0
5456	C	8210	1	0	0.0001218026796589525	0.0
5457	G	8210	5	0	0.0006090133982947625	0.0
5458	C	8210	0	0	0.0	0.0
5459	T	8210	0	0	0.0	0.0
5460	T	8210	0	0	0.0	0.0
5461	T	8210	0	0	0.0	0.0
5462	T	8210	0	0	0.0	0.0
5463	T	8210	0	0	0.0	0.0
5464	G	8210	1	0	0.0001218026796589525	0.0
5465	G	8210	0	0	0.0	0.0
5466	G	8210	0	0	0.0	0.0
5467	G	8210	0	0	0.0	0.0
5468	C	8210	1	0	0.0001218026796589525	0.0
5469	A	8210	0	0	0.0	0.0
5470	A	8210	0	0	0.0	0.0
5471	T	8210	0	0	0.0	0.0
5472	T	8210	0	0	0.0	0.0
5473	C	8210	0	0	0.0	0.0
5474	T	8210	0	0	0.0	0.0
5475	T	8210	0	0	0.0	0.0
5476	C	8210	0	0	0.0	0.0
5477	A	8210	1	0	0.0001218026796589525	0.0
5478	A	8210	0	0	0.0	0.0
5479	A	8210	0	0	0.0	0.0
5480	A	8210	0	0	0.0	0.0
5481	G	8210	2	0	0.000243605359317905	0.0
5482	A	8210	0	0	0.0	0.0
5483	A	8210	0	0	0.0	0.0
5484	A	8210	0	0	0.0	0.0
5485	C	8210	0	0	0.0	0.0
5486	T	8210	0	0	0.0	0.0
5487	T	8210	0	0	0.0	0.0
5488	C	8210	0	0	0.0	0.0
5489	G	8210	0	0	0.0	0.0
5490	T	8210	0	0	0.0	0.0
5491	C	8210	2	0	0.000243605359317905	0.0
5492	T	8210	0	0	0.0	0.0
5493	T	8210	0	0	0.0	0.0
5494	T	8210	0	0	0.0	0.0
5495	A	8210	0	0	0.0	0.0
5496	A	8210	0	0	0.0	0.0
5497	T	8210	0	0	0.0	0.0
5498	G	8210	0	0	0.0	0.0
5499	G	8210	0	0	0.0	0.0
5500	C	8210	0	0	0.0	0.0
5501	T	8210	0	0	0.0	0.0
5502	T	8210	0	0	0.0	0.0
5503	C	8210	1	0	0.0001218026796589525	0.0
5504	T	8210	5	0	0.0006090133982947625	0.0
5505	C	8210	0	0	0.0	0.0
5506	C	8210	0	0	0.0	0.0
5507	T	8210	0	0	0.0	0.0
5508	A	8210	0	0	0.0	0.0
5509	T	8210	0	0	0.0	0.0
5510	A	8210	0	0	0.0	0.0
5511	G	8210	0	0	0.0	0.0
5512	A	8210	0	0	0.0	0.0
5513	C	8210	557	0	0.06784409257003654	0.0
5514	A	8210	0	0	0.0	0.0
5515	G	8210	1	0	0.0001218026796589525	0.0
5516	A	8210	0	0	0.0	0.0
5517	G	8210	0	0	0.0	0.0
5518	C	8210	0	0	0.0	0.0
5519	T	8210	7641	1	0.930694275274056	0.0001218026796589525
5520	A	8210	0	0	0.0	0.0
5521	A	8210	0	0	0.0	0.0
5522	G	8210	33	0	0.004019488428745432	0.0
5523	C	8210	0	0	0.0	0.0
5524	T	8210	0	0	0.0	0.0
5525	T	8210	0	0	0.0	0.0
5526	G	8210	0	0	0.0	0.0
5527	T	8210	0	0	0.0	0.0
5528	T	8210	0	0	0.0	0.0
5529	G	8210	0	0	0.0	0.0
5530	T	8210	0	0	0.0	0.0
5531	C	8210	125	0	0.015225334957369063	0.0
5532	A	8210	0	0	0.0	0.0
5533	C	8210	0	0	0.0	0.0
5534	A	8210	0	0	0.0	0.0
5535	T	8210	0	0	0.0	0.0
5536	T	8210	0	0	0.0	0.0
5537	A	8210	0	0	0.0	0.0
5538	T	8210	0	0	0.0	0.0
5539	T	8210	0	0	0.0	0.0
5540	C	8210	0	0	0.0	0.0
5541	A	8210	0	0	0.0	0.0
5542	T	8210	0	0	0.0	0.0
5543	T	8210	0	0	0.0	0.0
5544	A	8210	0	0	0.0	0.0
5545	A	8210	0	0	0.0	0.0
5546	T	8210	0	1	0.0	0.0001218026796589525
5547	A	8210	4	0	0.00048721071863581	0.0
5548	A	8210	0	0	0.0	0.0
5549	A	8210	0	0	0.0	0.0
5550	A	8210	0	0	0.0	0.0
5551	A	8210	0	0	0.0	0.0
5552	A	8210	666	0	0.08112058465286236	0.0
5553	G	8210	0	0	0.0	0.0
5554	G	8210	2	0	0.000243605359317905	0.0
5555	A	8210	1	0	0.0001218026796589525	0.0
5556	C	8210	2	0	0.000243605359317905	0.0
5557	C	8210	0	212	0.0	0.02582216808769793
5558	T	8210	0	212	0.0	0.02582216808769793
5559	T	8210	0	212	0.0	0.02582216808769793
5560	C	8210	0	0	0.0	0.0
5561	T	8210	0	0	0.0	0.0
5562	T	8210	0	0	0.0	0.0
5563	C	8210	0	0	0.0	0.0
5564	T	8210	0	0	0.0	0.0
5565	T	8210	6	229	0.000730816077953715	0.027892813641900122
5566	C	8210	0	234	0.0	0.028501827040194883
5567	T	8210	0	235	0.0	0.028623629719853837
5568	G	8210	661	6	0.08051157125456761	0.000730816077953715
5569	C	8210	8	1	0.00097442143727162	0.0001218026796589525
5570	C	8210	9	0	0.0010962241169305725	0.0
5571	G	8210	0	0	0.0	0.0
5572	G	8210	0	0	0.0	0.0
5573	A	8210	81	0	0.009866017052375152	0.0
5574	A	8210	0	0	0.0	0.0
5575	A	8210	0	0	0.0	0.0
5576	A	8210	0	0	0.0	0.0
5577	T	8210	1	0	0.0001218026796589525	0.0
5578	A	8210	0	0	0.0	0.0
5579	C	8210	17	0	0.0020706455542021922	0.0
5580	T	8210	1	0	0.0001218026796589525	0.0
5581	G	8210	0	0	0.0	0.0
5582	A	8210	0	0	0.0	0.0
5583	T	8210	0	0	0.0	0.0
5584	A	8210	0	0	0.0	0.0
5585	A	8210	0	0	0.0	0.0
5586	A	8210	0	0	0.0	0.0
5587	T	8210	0	0	0.0	0.0
5588	T	8210	0	0	0.0	0.0
5589	T	8210	1	0	0.0001218026796589525	0.0
5590	C	8210	2	0	0.000243605359317905	0.0
5591	T	8210	0	0	0.0	0.0
5592	T	8210	0	0	0.0	0.0
5593	T	8210	0	0	0.0	0.0
5594	C	8210	0	0	0.0	0.0
5595	A	8210	0	0	0.0	0.0
5596	A	8210	0	0	0.0	0.0
5597	T	8210	0	0	0.0	0.0
5598	G	8210	0	0	0.0	0.0
5599	A	8210	0	0	0.0	0.0
5600	A	8210	1	0	0.0001218026796589525	0.0
5601	C	8210	0	0	0.0	0.0
5602	C	8210	0	0	0.0	0.0
5603	C	8210	0	0	0.0	0.0
5604	A	8210	0	0	0.0	0.0
5605	T	8210	0	0	0.0	0.0
5606	A	8210	0	0	0.0	0.0
5607	T	8210	0	0	0.0	0.0
5608	C	8210	0	0	0.0	0.0
5609	A	8210	0	0	0.0	0.0
5610	A	8210	0	0	0.0	0.0
5611	A	8210	0	0	0.0	0.0
5612	A	8210	0	0	0.0	0.0
5613	A	8210	0	0	0.0	0.0
5614	G	8210	0	0	0.0	0.0
5615	A	8210	0	0	0.0	0.0
5616	A	8210	0	0	0.0	0.0
5617	T	8210	0	0	0.0	0.0
5618	T	8210	2	0	0.000243605359317905	0.0
5619	A	8210	0	0	0.0	0.0
5620	C	8210	0	0	0.0	0.0
5621	T	8210	0	0	0.0	0.0
5622	A	8210	0	0	0.0	0.0
5623	A	8210	0	0	0.0	0.0
5624	A	8210	0	0	0.0	0.0
5625	C	8210	0	0	0.0	0.0
5626	C	8210	0	0	0.0	0.0
5627	A	8210	0	0	0.0	0.0
5628	T	8210	0	0	0.0	0.0
5629	T	8210	3	0	0.0003654080389768575	0.0
5630	C	8210	9	0	0.0010962241169305725	0.0
5631	C	8210	0	0	0.0	0.0
5632	T	8210	0	0	0.0	0.0
5633	C	8210	1	0	0.0001218026796589525	0.0
5634	G	8210	8	0	0.00097442143727162	0.0
5635	T	8210	0	0	0.0	0.0
5636	T	8210	0	0	0.0	0.0
5637	T	8210	0	0	0.0	0.0
5638	C	8210	1	0	0.0001218026796589525	0.0
5639	T	8210	0	0	0.0	0.0
5640	T	8210	0	0	0.0	0.0
5641	G	8210	0	0	0.0	0.0
5642	A	8210	0	0	0.0	0.0
5643	C	8210	0	0	0.0	0.0
5644	G	8210	1	0	0.0001218026796589525	0.0
5645	T	8210	0	0	0.0	0.0
5646	T	8210	0	0	0.0	0.0
5647	C	8210	1	0	0.0001218026796589525	0.0
5648	C	8210	0	0	0.0	0.0
5649	A	8210	0	0	0.0	0.0
5650	T	8210	0	0	0.0	0.0
5651	A	8210	0	0	0.0	0.0
5652	T	8210	2	0	0.000243605359317905	0.0
5653	A	8210	0	0	0.0	0.0
5654	G	8210	3	0	0.0003654080389768575	0.0
5655	T	8210	0	0	0.0	0.0
5656	G	8210	0	0	0.0	0.0
5657	A	8210	0	0	0.0	0.0
5658	A	8210	0	0	0.0	0.0
5659	T	8210	0	0	0.0	0.0
5660	T	8210	0	0	0.0	0.0
5661	A	8210	0	0	0.0	0.0
5662	A	8210	0	0	0.0	0.0
5663	G	8210	155	0	0.018879415347137638	0.0
5664	T	8210	0	0	0.0	0.0
5665	G	8210	1	0	0.0001218026796589525	0.0
5666	T	8210	0	0	0.0	0.0
5667	T	8210	0	0	0.0	0.0
5668	C	8210	0	0	0.0	0.0
5669	G	8210	107	0	0.013032886723507917	0.0
5670	G	8210	0	0	0.0	0.0
5671	A	8210	0	0	0.0	0.0
5672	A	8210	0	0	0.0	0.0
5673	A	8210	1	0	0.0001218026796589525	0.0
5674	T	8210	0	0	0.0	0.0
5675	T	8210	0	0	0.0	0.0
5676	T	8210	0	0	0.0	0.0
5677	T	8210	0	0	0.0	0.0
5678	T	8210	0	0	0.0	0.0
5679	T	8210	0	0	0.0	0.0
5680	T	8210	4	0	0.00048721071863581	0.0
5681	G	8210	0	0	0.0	0.0
5682	G	8210	0	0	0.0	0.0
5683	G	8210	0	0	0.0	0.0
5684	A	8210	1	0	0.0001218026796589525	0.0
5685	G	8210	2	0	0.000243605359317905	0.0
5686	T	8210	0	0	0.0	0.0
5687	A	8210	0	0	0.0	0.0
5688	A	8210	1	0	0.0001218026796589525	0.0
5689	C	8210	0	0	0.0	0.0
5690	A	8210	0	0	0.0	0.0
5691	T	8210	0	0	0.0	0.0
5692	C	8210	125	0	0.015225334957369063	0.0
5693	T	8210	0	0	0.0	0.0
5694	A	8210	0	0	0.0	0.0
5695	A	8210	6	0	0.000730816077953715	0.0
5696	C	8210	0	0	0.0	0.0
5697	G	8210	0	0	0.0	0.0
5698	G	8210	0	0	0.0	0.0
5699	C	8210	0	0	0.0	0.0
5700	A	8210	0	0	0.0	0.0
5701	T	8210	0	0	0.0	0.0
5702	G	8210	0	0	0.0	0.0
5703	T	8210	0	0	0.0	0.0
5704	C	8210	1	0	0.0001218026796589525	0.0
5705	A	8210	0	0	0.0	0.0
5706	A	8210	0	0	0.0	0.0
5707	A	8210	0	0	0.0	0.0
5708	C	8210	1	0	0.0001218026796589525	0.0
5709	G	8210	0	0	0.0	0.0
5710	A	8210	0	0	0.0	0.0
5711	T	8210	0	0	0.0	0.0
5712	T	8210	0	0	0.0	0.0
5713	G	8210	0	0	0.0	0.0
5714	A	8210	33	0	0.004019488428745432	0.0
5715	A	8210	0	0	0.0	0.0
5716	A	8210	1	0	0.0001218026796589525	0.0
5717	A	8210	0	0	0.0	0.0
5718	A	8210	0	0	0.0	0.0
5719	T	8210	0	0	0.0	0.0
5720	T	8210	3	0	0.0003654080389768575	0.0
5721	G	8210	3	0	0.0003654080389768575	0.0
5722	G	8210	2	0	0.000243605359317905	0.0
5723	C	8210	0	0	0.0	0.0
5724	A	8210	0	0	0.0	0.0
5725	C	8210	1085	0	0.13215590742996347	0.0
5726	A	8210	0	0	0.0	0.0
5727	T	8210	0	0	0.0	0.0
5728	T	8210	655	0	0.07978075517661389	0.0
5729	T	8210	0	0	0.0	0.0
5730	A	8210	0	0	0.0	0.0
5731	A	8210	0	0	0.0	0.0
5732	C	8210	0	0	0.0	0.0
5733	A	8210	0	0	0.0	0.0
5734	G	8210	0	0	0.0	0.0
5735	C	8210	1	0	0.0001218026796589525	0.0
5736	C	8210	1	0	0.0001218026796589525	0.0
5737	G	8210	3	0	0.0003654080389768575	0.0
5738	A	8210	0	0	0.0	0.0
5739	T	8210	0	0	0.0	0.0
5740	T	8210	0	0	0.0	0.0
5741	T	8210	12	0	0.00146163215590743	0.0
5742	G	8210	0	0	0.0	0.0
5743	C	8210	32	0	0.00389768574908648	0.0
5744	A	8210	0	0	0.0	0.0
5745	A	8210	0	0	0.0	0.0
5746	C	8210	0	0	0.0	0.0
5747	A	8210	0	0	0.0	0.0
5748	T	8210	0	0	0.0	0.0
5749	T	8210	0	0	0.0	0.0
5750	C	8210	26	0	0.003166869671132765	0.0
5751	G	8210	0	0	0.0	0.0
5752	C	8210	0	0	0.0	0.0
5753	A	8210	0	0	0.0	0.0
5754	A	8210	0	0	0.0	0.0
5755	T	8210	0	0	0.0	0.0
5756	A	8210	0	0	0.0	0.0
5757	C	8210	0	0	0.0	0.0
5758	T	8210	0	0	0.0	0.0
5759	A	8210	0	0	0.0	0.0
5760	C	8210	0	0	0.0	0.0
5761	T	8210	0	0	0.0	0.0
5762	T	8210	0	0	0.0	0.0
5763	G	8210	0	0	0.0	0.0
5764	C	8210	3	0	0.0003654080389768575	0.0
5765	T	8210	0	0	0.0	0.0
5766	G	8210	2	0	0.000243605359317905	0.0
5767	T	8210	0	0	0.0	0.0
5768	G	8210	40	0	0.0048721071863581	0.0
5769	G	8210	0	0	0.0	0.0
5770	C	8210	0	0	0.0	0.0
5771	A	8210	0	0	0.0	0.0
5772	T	8210	8	0	0.00097442143727162	0.0
5773	A	8210	0	0	0.0	0.0
5774	T	8210	2	0	0.000243605359317905	0.0
5775	C	8210	0	0	0.0	0.0
5776	C	8210	1	0	0.0001218026796589525	0.0
5777	G	8210	8	0	0.00097442143727162	0.0
5778	T	8210	0	0	0.0	0.0
5779	G	8210	0	0	0.0	0.0
5780	G	8210	2	0	0.000243605359317905	0.0
5781	G	8210	29	0	0.0035322777101096225	0.0
5782	C	8210	0	0	0.0	0.0
5783	A	8210	0	0	0.0	0.0
5784	A	8210	0	0	0.0	0.0
5785	C	8210	0	0	0.0	0.0
5786	A	8210	0	0	0.0	0.0
5787	A	8210	0	0	0.0	0.0
5788	T	8210	0	0	0.0	0.0
5789	C	8210	1	0	0.0001218026796589525	0.0
5790	A	8210	0	0	0.0	0.0
5791	C	8210	0	0	0.0	0.0
5792	C	8210	123	0	0.014981729598051156	0.0
5793	G	8210	0	0	0.0	0.0
5794	C	8210	0	0	0.0	0.0
5795	T	8210	0	0	0.0	0.0
5796	T	8210	0	0	0.0	0.0
5797	T	8210	0	0	0.0	0.0
5798	C	8210	1	0	0.0001218026796589525	0.0
5799	G	8210	2	0	0.000243605359317905	0.0
5800	G	8210	5	0	0.0006090133982947625	0.0
5801	A	8210	0	0	0.0	0.0
5802	T	8210	0	0	0.0	0.0
5803	A	8210	0	0	0.0	0.0
5804	G	8210	0	0	0.0	0.0
5805	T	8210	0	0	0.0	0.0
5806	G	8210	1	0	0.0001218026796589525	0.0
5807	A	8210	0	0	0.0	0.0
5808	C	8210	0	0	0.0	0.0
5809	T	8210	0	0	0.0	0.0
5810	T	8210	0	0	0.0	0.0
5811	T	8210	0	0	0.0	0.0
5812	C	8210	1240	0	0.1510353227771011	0.0
5813	C	8210	0	0	0.0	0.0
5814	T	8210	0	0	0.0	0.0
5815	T	8210	0	0	0.0	0.0
5816	T	8210	0	0	0.0	0.0
5817	A	8210	3	0	0.0003654080389768575	0.0
5818	C	8210	1	0	0.0001218026796589525	0.0
5819	T	8210	0	0	0.0	0.0
5820	G	8210	0	0	0.0	0.0
5821	A	8210	1	0	0.0001218026796589525	0.0
5822	A	8210	0	0	0.0	0.0
5823	C	8210	9	0	0.0010962241169305725	0.0
5824	C	8210	0	0	0.0	0.0
5825	C	8210	14	0	0.001705237515225335	0.0
5826	G	8210	0	0	0.0	0.0
5827	A	8210	0	0	0.0	0.0
5828	A	8210	0	0	0.0	0.0
5829	T	8210	1184	0	0.14421437271619975	0.0
5830	A	8210	0	0	0.0	0.0
5831	G	8210	3	0	0.0003654080389768575	0.0
5832	T	8210	1	0	0.0001218026796589525	0.0
5833	G	8210	0	0	0.0	0.0
5834	A	8210	4	0	0.00048721071863581	0.0
5835	A	8210	1	0	0.0001218026796589525	0.0
5836	G	8210	0	0	0.0	0.0
5837	A	8210	0	0	0.0	0.0
5838	T	8210	1	0	0.0001218026796589525	0.0
5839	A	8210	0	0	0.0	0.0
5840	A	8210	0	0	0.0	0.0
5841	A	8210	0	0	0.0	0.0
5842	T	8210	0	0	0.0	0.0
5843	G	8210	1	0	0.0001218026796589525	0.0
5844	G	8210	0	0	0.0	0.0
5845	T	8210	0	0	0.0	0.0
5846	G	8210	2	0	0.000243605359317905	0.0
5847	A	8210	0	0	0.0	0.0
5848	C	8210	0	0	0.0	0.0
5849	A	8210	0	0	0.0	0.0
5850	A	8210	0	0	0.0	0.0
5851	T	8210	0	0	0.0	0.0
5852	A	8210	0	0	0.0	0.0
5853	A	8210	0	0	0.0	0.0
5854	T	8210	0	0	0.0	0.0
5855	T	8210	0	0	0.0	0.0
5856	C	8210	2	0	0.000243605359317905	0.0
5857	G	8210	0	0	0.0	0.0
5858	A	8210	0	0	0.0	0.0
5859	T	8210	0	0	0.0	0.0
5860	C	8210	1	0	0.0001218026796589525	0.0
5861	C	8210	0	0	0.0	0.0
5862	A	8210	0	0	0.0	0.0
5863	T	8210	0	0	0.0	0.0
5864	C	8210	1	0	0.0001218026796589525	0.0
5865	T	8210	0	0	0.0	0.0
5866	G	8210	0	0	0.0	0.0
5867	G	8210	0	0	0.0	0.0
5868	G	8210	47	0	0.005724725943970767	0.0
5869	A	8210	0	0	0.0	0.0
5870	T	8210	0	0	0.0	0.0
5871	A	8210	0	0	0.0	0.0
5872	G	8210	1	0	0.0001218026796589525	0.0
5873	T	8210	661	0	0.08051157125456761	0.0
5874	T	8210	0	0	0.0	0.0
5875	C	8210	0	0	0.0	0.0
5876	A	8210	0	0	0.0	0.0
5877	A	8210	0	0	0.0	0.0
5878	T	8210	0	0	0.0	0.0
5879	A	8210	0	0	0.0	0.0
5880	T	8210	0	0	0.0	0.0
5881	C	8210	0	0	0.0	0.0
5882	T	8210	0	0	0.0	0.0
5883	A	8210	0	0	0.0	0.0
5884	A	8210	0	0	0.0	0.0
5885	T	8210	0	0	0.0	0.0
5886	G	8210	1	0	0.0001218026796589525	0.0
5887	A	8210	0	0	0.0	0.0
5888	A	8210	0	0	0.0	0.0
5889	C	8210	0	0	0.0	0.0
5890	G	8210	1	0	0.0001218026796589525	0.0
5891	T	8210	0	0	0.0	0.0
5892	T	8210	0	0	0.0	0.0
5893	T	8210	0	0	0.0	0.0
5894	C	8210	0	0	0.0	0.0
5895	A	8210	0	0	0.0	0.0
5896	C	8210	0	0	0.0	0.0
5897	T	8210	0	0	0.0	0.0
5898	A	8210	0	0	0.0	0.0
5899	A	8210	0	0	0.0	0.0
5900	A	8210	0	0	0.0	0.0
5901	G	8210	0	0	0.0	0.0
5902	T	8210	8	0	0.00097442143727162	0.0
5903	T	8210	0	0	0.0	0.0
5904	A	8210	0	0	0.0	0.0
5905	A	8210	1	0	0.0001218026796589525	0.0
5906	C	8210	1	0	0.0001218026796589525	0.0
5907	A	8210	0	0	0.0	0.0
5908	G	8210	0	0	0.0	0.0
5909	T	8210	0	0	0.0	0.0
5910	T	8210	0	0	0.0	0.0
5911	G	8210	0	0	0.0	0.0
5912	T	8210	41	0	0.004993909866017053	0.0
5913	T	8210	0	0	0.0	0.0
5914	C	8210	0	0	0.0	0.0
5915	A	8210	0	0	0.0	0.0
5916	G	8210	0	0	0.0	0.0
5917	C	8210	0	0	0.0	0.0
5918	G	8210	0	0	0.0	0.0
5919	T	8210	0	0	0.0	0.0
5920	A	8210	0	0	0.0	0.0
5921	G	8210	0	0	0.0	0.0
5922	C	8210	0	0	0.0	0.0
5923	C	8210	1	0	0.0001218026796589525	0.0
5924	A	8210	0	0	0.0	0.0
5925	T	8210	0	0	0.0	0.0
5926	A	8210	0	0	0.0	0.0
5927	A	8210	0	0	0.0	0.0
5928	C	8210	0	0	0.0	0.0
5929	T	8210	0	0	0.0	0.0
5930	A	8210	0	0	0.0	0.0
5931	G	8210	0	0	0.0	0.0
5932	T	8210	0	0	0.0	0.0
5933	T	8210	0	0	0.0	0.0
5934	G	8210	0	0	0.0	0.0
5935	C	8210	31	0	0.0037758830694275274	0.0
5936	T	8210	0	0	0.0	0.0
5937	A	8210	0	0	0.0	0.0
5938	A	8210	0	0	0.0	0.0
5939	T	8210	0	0	0.0	0.0
5940	T	8210	0	0	0.0	0.0
5941	T	8210	0	0	0.0	0.0
5942	A	8210	2518	0	0.3066991473812424	0.0
5943	G	8210	0	0	0.0	0.0
5944	T	8210	0	0	0.0	0.0
5945	T	8210	0	0	0.0	0.0
5946	T	8210	0	0	0.0	0.0
5947	G	8210	0	0	0.0	0.0
5948	A	8210	0	0	0.0	0.0
5949	A	8210	0	0	0.0	0.0
5950	C	8210	0	0	0.0	0.0
5951	T	8210	0	0	0.0	0.0
5952	T	8210	0	0	0.0	0.0
5953	C	8210	0	0	0.0	0.0
5954	T	8210	4	0	0.00048721071863581	0.0
5955	G	8210	1	0	0.0001218026796589525	0.0
5956	T	8210	0	0	0.0	0.0
5957	T	8210	0	0	0.0	0.0
5958	A	8210	0	0	0.0	0.0
5959	A	8210	0	0	0.0	0.0
5960	A	8210	0	0	0.0	0.0
5961	A	8210	0	0	0.0	0.0
5962	G	8210	0	0	0.0	0.0
5963	T	8210	0	0	0.0	0.0
5964	T	8210	0	0	0.0	0.0
5965	C	8210	3	0	0.0003654080389768575	0.0
5966	G	8210	2	0	0.000243605359317905	0.0
5967	T	8210	0	0	0.0	0.0
5968	C	8210	0	0	0.0	0.0
5969	A	8210	0	0	0.0	0.0
5970	A	8210	0	0	0.0	0.0
5971	T	8210	0	0	0.0	0.0
5972	G	8210	0	0	0.0	0.0
5973	A	8210	0	0	0.0	0.0
5974	C	8210	0	0	0.0	0.0
5975	T	8210	0	0	0.0	0.0
5976	G	8210	2	0	0.000243605359317905	0.0
5977	T	8210	1	0	0.0001218026796589525	0.0
5978	T	8210	0	0	0.0	0.0
5979	G	8210	1	0	0.0001218026796589525	0.0
5980	T	8210	0	0	0.0	0.0
5981	A	8210	0	0	0.0	0.0
5982	G	8210	1	0	0.0001218026796589525	0.0
5983	G	8210	1	0	0.0001218026796589525	0.0
5984	T	8210	0	0	0.0	0.0
5985	T	8210	32	0	0.00389768574908648	0.0
5986	C	8210	0	0	0.0	0.0
5987	T	8210	0	0	0.0	0.0
5988	T	8210	0	0	0.0	0.0
5989	T	8210	1378	0	0.16784409257003655	0.0
5990	T	8210	0	0	0.0	0.0
5991	T	8210	0	0	0.0	0.0
5992	C	8210	0	0	0.0	0.0
5993	T	8210	0	0	0.0	0.0
5994	G	8210	27	0	0.0032886723507917176	0.0
5995	G	8210	0	0	0.0	0.0
5996	A	8210	0	0	0.0	0.0
5997	A	8210	0	0	0.0	0.0
5998	A	8210	1	0	0.0001218026796589525	0.0
5999	C	8210	0	0	0.0	0.0
6000	C	8210	0	0	0.0	0.0
6001	A	8210	0	0	0.0	0.0
6002	A	8210	0	0	0.0	0.0
6003	T	8210	0	0	0.0	0.0
6004	C	8210	2	0	0.000243605359317905	0.0
6005	A	8210	0	0	0.0	0.0
6006	A	8210	0	0	0.0	0.0
6007	T	8210	0	0	0.0	0.0
6008	A	8210	1421	0	0.1730816077953715	0.0
6009	C	8210	0	0	0.0	0.0
6010	A	8210	0	0	0.0	0.0
6011	T	8210	0	0	0.0	0.0
6012	C	8210	0	0	0.0	0.0
6013	T	8210	0	0	0.0	0.0
6014	T	8210	0	0	0.0	0.0
6015	C	8210	0	0	0.0	0.0
6016	G	8210	0	0	0.0	0.0
6017	T	8210	0	0	0.0	0.0
6018	T	8210	0	0	0.0	0.0
6019	G	8210	1	0	0.0001218026796589525	0.0
6020	A	8210	0	0	0.0	0.0
6021	A	8210	1	0	0.0001218026796589525	0.0
6022	A	8210	0	0	0.0	0.0
6023	C	8210	0	0	0.0	0.0
6024	A	8210	0	0	0.0	0.0
6025	G	8210	0	0	0.0	0.0
6026	A	8210	0	0	0.0	0.0
6027	T	8210	0	0	0.0	0.0
6028	A	8210	0	0	0.0	0.0
6029	G	8210	0	0	0.0	0.0
6030	G	8210	0	0	0.0	0.0
6031	T	8210	0	0	0.0	0.0
6032	G	8210	72	0	0.00876979293544458	0.0
6033	C	8210	0	0	0.0	0.0
6034	T	8210	0	0	0.0	0.0
6035	T	8210	0	0	0.0	0.0
6036	A	8210	0	0	0.0	0.0
6037	A	8210	0	0	0.0	0.0
6038	T	8210	0	0	0.0	0.0
6039	G	8210	3	0	0.0003654080389768575	0.0
6040	C	8210	1	0	0.0001218026796589525	0.0
6041	A	8210	0	0	0.0	0.0
6042	T	8210	0	0	0.0	0.0
6043	A	8210	0	0	0.0	0.0
6044	G	8210	0	0	0.0	0.0
6045	A	8210	0	0	0.0	0.0
6046	C	8210	0	0	0.0	0.0
6047	T	8210	9	0	0.0010962241169305725	0.0
6048	A	8210	0	0	0.0	0.0
6049	A	8210	0	0	0.0	0.0
6050	A	8210	0	0	0.0	0.0
6051	C	8210	0	0	0.0	0.0
6052	T	8210	0	0	0.0	0.0
6053	G	8210	0	0	0.0	0.0
6054	C	8210	0	0	0.0	0.0
6055	C	8210	3	0	0.0003654080389768575	0.0
6056	A	8210	0	0	0.0	0.0
6057	T	8210	0	0	0.0	0.0
6058	T	8210	0	0	0.0	0.0
6059	A	8210	0	0	0.0	0.0
6060	A	8210	0	0	0.0	0.0
6061	A	8210	0	0	0.0	0.0
6062	C	8210	1	0	0.0001218026796589525	0.0
6063	C	8210	0	0	0.0	0.0
6064	G	8210	0	0	0.0	0.0
6065	A	8210	0	0	0.0	0.0
6066	A	8210	0	0	0.0	0.0
6067	T	8210	0	0	0.0	0.0
6068	T	8210	0	0	0.0	0.0
6069	T	8210	0	0	0.0	0.0
6070	G	8210	0	0	0.0	0.0
6071	A	8210	0	0	0.0	0.0
6072	T	8210	0	0	0.0	0.0
6073	A	8210	0	0	0.0	0.0
6074	A	8210	0	0	0.0	0.0
6075	G	8210	1	0	0.0001218026796589525	0.0
6076	A	8210	0	0	0.0	0.0
6077	C	8210	13	0	0.0015834348355663825	0.0
6078	G	8210	0	0	0.0	0.0
6079	A	8210	0	0	0.0	0.0
6080	T	8210	0	0	0.0	0.0
6081	T	8210	0	0	0.0	0.0
6082	C	8210	2	0	0.000243605359317905	0.0
6083	A	8210	0	0	0.0	0.0
6084	A	8210	0	0	0.0	0.0
6085	T	8210	0	0	0.0	0.0
6086	C	8210	1	0	0.0001218026796589525	0.0
6087	G	8210	0	0	0.0	0.0
6088	T	8210	0	0	0.0	0.0
6089	T	8210	0	0	0.0	0.0
6090	T	8210	0	0	0.0	0.0
6091	C	8210	0	0	0.0	0.0
6092	C	8210	0	0	0.0	0.0
6093	A	8210	0	0	0.0	0.0
6094	A	8210	0	0	0.0	0.0
6095	T	8210	0	0	0.0	0.0
6096	A	8210	0	0	0.0	0.0
6097	A	8210	0	0	0.0	0.0
6098	T	8210	0	0	0.0	0.0
6099	T	8210	0	0	0.0	0.0
6100	G	8210	0	0	0.0	0.0
6101	A	8210	0	0	0.0	0.0
6102	C	8210	182	0	0.022168087697929353	0.0
6103	G	8210	0	0	0.0	0.0
6104	G	8210	0	0	0.0	0.0
6105	A	8210	0	0	0.0	0.0
6106	T	8210	0	0	0.0	0.0
6107	A	8210	0	0	0.0	0.0
6108	T	8210	4	0	0.00048721071863581	0.0
6109	T	8210	0	0	0.0	0.0
6110	T	8210	1	0	0.0001218026796589525	0.0
6111	T	8210	1	0	0.0001218026796589525	0.0
6112	G	8210	3	0	0.0003654080389768575	0.0
6113	C	8210	0	0	0.0	0.0
6114	G	8210	0	0	0.0	0.0
6115	T	8210	0	0	0.0	0.0
6116	A	8210	0	0	0.0	0.0
6117	A	8210	0	0	0.0	0.0
6118	T	8210	0	0	0.0	0.0
6119	A	8210	0	0	0.0	0.0
6120	A	8210	0	0	0.0	0.0
6121	A	8210	0	0	0.0	0.0
6122	C	8210	0	0	0.0	0.0
6123	A	8210	0	0	0.0	0.0
6124	A	8210	0	0	0.0	0.0
6125	T	8210	0	0	0.0	0.0
6126	A	8210	0	0	0.0	0.0
6127	G	8210	403	0	0.04908647990255786	0.0
6128	C	8210	5	0	0.0006090133982947625	0.0
6129	A	8210	0	0	0.0	0.0
6130	T	8210	0	0	0.0	0.0
6131	T	8210	0	0	0.0	0.0
6132	T	8210	0	0	0.0	0.0
6133	C	8210	0	0	0.0	0.0
6134	G	8210	0	0	0.0	0.0
6135	T	8210	0	0	0.0	0.0
6136	G	8210	0	0	0.0	0.0
6137	C	8210	7933	0	0.9662606577344701	0.0
6138	T	8210	1	0	0.0001218026796589525	0.0
6139	T	8210	0	0	0.0	0.0
6140	T	8210	1	0	0.0001218026796589525	0.0
6141	T	8210	0	0	0.0	0.0
6142	T	8210	0	0	0.0	0.0
6143	C	8210	1	0	0.0001218026796589525	0.0
6144	T	8210	2	0	0.000243605359317905	0.0
6145	C	8210	0	0	0.0	0.0
6146	T	8210	0	0	0.0	0.0
6147	C	8210	0	0	0.0	0.0
6148	G	8210	1	0	0.0001218026796589525	0.0
6149	C	8210	0	0	0.0	0.0
6150	T	8210	0	0	0.0	0.0
6151	T	8210	0	0	0.0	0.0
6152	C	8210	0	0	0.0	0.0
6153	T	8210	0	0	0.0	0.0
6154	T	8210	1	0	0.0001218026796589525	0.0
6155	T	8210	1	0	0.0001218026796589525	0.0
6156	T	8210	0	0	0.0	0.0
6157	C	8210	0	0	0.0	0.0
6158	A	8210	0	0	0.0	0.0
6159	A	8210	0	0	0.0	0.0
6160	A	8210	0	0	0.0	0.0
6161	T	8210	0	0	0.0	0.0
6162	A	8210	0	0	0.0	0.0
6163	A	8210	0	0	0.0	0.0
6164	T	8210	0	0	0.0	0.0
6165	A	8210	0	0	0.0	0.0
6166	A	8210	0	0	0.0	0.0
6167	A	8210	3	0	0.0003654080389768575	0.0
6168	T	8210	0	0	0.0	0.0
6169	C	8210	1	0	0.0001218026796589525	0.0
6170	A	8210	0	0	0.0	0.0
6171	T	8210	1	0	0.0001218026796589525	0.0
6172	C	8210	11	0	0.0013398294762484776	0.0
6173	G	8210	0	0	0.0	0.0
6174	A	8210	0	0	0.0	0.0
6175	A	8210	0	0	0.0	0.0
6176	T	8210	0	0	0.0	0.0
6177	A	8210	0	0	0.0	0.0
6178	A	8210	0	0	0.0	0.0
6179	G	8210	0	0	0.0	0.0
6180	C	8210	0	0	0.0	0.0
6181	G	8210	0	0	0.0	0.0
6182	T	8210	5	0	0.0006090133982947625	0.0
6183	T	8210	0	0	0.0	0.0
6184	C	8210	0	0	0.0	0.0
6185	A	8210	0	0	0.0	0.0
6186	A	8210	0	0	0.0	0.0
6187	T	8210	0	0	0.0	0.0
6188	T	8210	0	0	0.0	0.0
6189	T	8210	0	0	0.0	0.0
6190	C	8210	0	0	0.0	0.0
6191	T	8210	0	0	0.0	0.0
6192	T	8210	0	0	0.0	0.0
6193	T	8210	0	0	0.0	0.0
6194	C	8210	1	0	0.0001218026796589525	0.0
6195	G	8210	0	0	0.0	0.0
6196	A	8210	0	0	0.0	0.0
6197	G	8210	0	0	0.0	0.0
6198	A	8210	0	0	0.0	0.0
6199	T	8210	0	0	0.0	0.0
6200	G	8210	1428	0	0.17393422655298416	0.0
6201	T	8210	0	0	0.0	0.0
6202	C	8210	0	0	0.0	0.0
6203	G	8210	0	10	0.0	0.001218026796589525
6204	T	8210	0	0	0.0	0.0
6205	T	8210	0	0	0.0	0.0
6206	A	8210	0	0	0.0	0.0
6207	T	8210	0	0	0.0	0.0
6208	T	8210	0	0	0.0	0.0
6209	A	8210	4369	0	0.5321559074299634	0.0
6210	G	8210	2	0	0.000243605359317905	0.0
6211	C	8210	0	0	0.0	0.0
6212	A	8210	0	0	0.0	0.0
6213	G	8210	1	0	0.0001218026796589525	0.0
6214	T	8210	16	0	0.00194884287454324	0.0
6215	G	8210	23	0	0.0028014616321559074	0.0
6216	G	8210	0	0	0.0	0.0
6217	A	8210	0	0	0.0	0.0
6218	A	8210	0	0	0.0	0.0
6219	A	8210	0	0	0.0	0.0
6220	G	8210	0	0	0.0	0.0
6221	A	8210	0	0	0.0	0.0
6222	T	8210	0	0	0.0	0.0
6223	G	8210	0	0	0.0	0.0
6224	A	8210	0	0	0.0	0.0
6225	T	8210	0	0	0.0	0.0
6226	G	8210	0	0	0.0	0.0
6227	A	8210	0	0	0.0	0.0
6228	T	8210	0	0	0.0	0.0
6229	G	8210	3	0	0.0003654080389768575	0.0
6230	G	8210	31	0	0.0037758830694275274	0.0
6231	T	8210	0	0	0.0	0.0
6232	G	8210	1	0	0.0001218026796589525	0.0
6233	A	8210	0	0	0.0	0.0
6234	G	8210	0	0	0.0	0.0
6235	A	8210	0	0	0.0	0.0
6236	G	8210	0	0	0.0	0.0
6237	A	8210	0	0	0.0	0.0
6238	C	8210	0	0	0.0	0.0
6239	A	8210	0	0	0.0	0.0
6240	T	8210	0	0	0.0	0.0
6241	A	8210	0	0	0.0	0.0
6242	A	8210	0	0	0.0	0.0
6243	A	8210	0	0	0.0	0.0
6244	G	8210	6	0	0.000730816077953715	0.0
6245	A	8210	0	0	0.0	0.0
6246	C	8210	31	0	0.0037758830694275274	0.0
6247	G	8210	0	0	0.0	0.0
6248	A	8210	0	0	0.0	0.0
6249	A	8210	0	0	0.0	0.0
6250	G	8210	1	0	0.0001218026796589525	0.0
6251	G	8210	2	0	0.000243605359317905	0.0
6252	A	8210	2	0	0.000243605359317905	0.0
6253	T	8210	0	0	0.0	0.0
6254	T	8210	0	0	0.0	0.0
6255	C	8210	0	0	0.0	0.0
6256	G	8210	0	0	0.0	0.0
6257	T	8210	0	0	0.0	0.0
6258	T	8210	0	0	0.0	0.0
6259	C	8210	1	0	0.0001218026796589525	0.0
6260	A	8210	0	0	0.0	0.0
6261	T	8210	0	0	0.0	0.0
6262	A	8210	0	0	0.0	0.0
6263	A	8210	0	0	0.0	0.0
6264	C	8210	0	0	0.0	0.0
6265	T	8210	0	0	0.0	0.0
6266	C	8210	0	0	0.0	0.0
6267	T	8210	0	0	0.0	0.0
6268	G	8210	0	0	0.0	0.0
6269	G	8210	0	0	0.0	0.0
6270	A	8210	0	0	0.0	0.0
6271	T	8210	0	0	0.0	0.0
6272	A	8210	0	0	0.0	0.0
6273	A	8210	0	0	0.0	0.0
6274	T	8210	0	0	0.0	0.0
6275	T	8210	0	0	0.0	0.0
6276	C	8210	543	0	0.06613885505481121	0.0
6277	T	8210	0	0	0.0	0.0
6278	T	8210	0	0	0.0	0.0
6279	C	8210	3	0	0.0003654080389768575	0.0
6280	T	8210	0	0	0.0	0.0
6281	T	8210	0	0	0.0	0.0
6282	T	8210	0	0	0.0	0.0
6283	G	8210	0	0	0.0	0.0
6284	C	8210	1	0	0.0001218026796589525	0.0
6285	G	8210	9	0	0.0010962241169305725	0.0
6286	C	8210	0	0	0.0	0.0
6287	A	8210	0	0	0.0	0.0
6288	A	8210	0	0	0.0	0.0
6289	G	8210	5	0	0.0006090133982947625	0.0
6290	C	8210	0	0	0.0	0.0
6291	T	8210	0	0	0.0	0.0
6292	C	8210	0	0	0.0	0.0
6293	T	8210	0	0	0.0	0.0
6294	G	8210	3	0	0.0003654080389768575	0.0
6295	T	8210	0	0	0.0	0.0
6296	T	8210	0	0	0.0	0.0
6297	T	8210	8	0	0.00097442143727162	0.0
6298	C	8210	0	0	0.0	0.0
6299	C	8210	1	0	0.0001218026796589525	0.0
6300	T	8210	0	0	0.0	0.0
6301	C	8210	0	0	0.0	0.0
6302	T	8210	0	0	0.0	0.0
6303	A	8210	0	0	0.0	0.0
6304	A	8210	0	0	0.0	0.0
6305	C	8210	0	0	0.0	0.0
6306	A	8210	0	0	0.0	0.0
6307	A	8210	0	0	0.0	0.0
6308	A	8210	0	0	0.0	0.0
6309	C	8210	0	0	0.0	0.0
6310	T	8210	0	0	0.0	0.0
6311	A	8210	0	0	0.0	0.0
6312	A	8210	0	0	0.0	0.0
6313	C	8210	286	0	0.034835566382460416	0.0
6314	C	8210	1	0	0.0001218026796589525	0.0
6315	A	8210	0	0	0.0	0.0
6316	G	8210	0	0	0.0	0.0
6317	A	8210	0	0	0.0	0.0
6318	T	8210	0	0	0.0	0.0
6319	T	8210	0	0	0.0	0.0
6320	T	8210	922	0	0.1123020706455542	0.0
6321	G	8210	1	0	0.0001218026796589525	0.0
6322	T	8210	0	0	0.0	0.0
6323	T	8210	0	0	0.0	0.0
6324	T	8210	0	0	0.0	0.0
6325	G	8210	2	0	0.000243605359317905	0.0
6326	C	8210	2	0	0.000243605359317905	0.0
6327	T	8210	1110	0	0.13520097442143728	0.0
6328	C	8210	0	0	0.0	0.0
6329	A	8210	17	0	0.0020706455542021922	0.0
6330	T	8210	0	0	0.0	0.0
6331	C	8210	0	0	0.0	0.0
6332	T	8210	0	0	0.0	0.0
6333	A	8210	0	0	0.0	0.0
6334	A	8210	0	0	0.0	0.0
6335	A	8210	0	0	0.0	0.0
6336	C	8210	0	0	0.0	0.0
6337	G	8210	16	0	0.00194884287454324	0.0
6338	A	8210	0	0	0.0	0.0
6339	A	8210	0	0	0.0	0.0
6340	T	8210	0	0	0.0	0.0
6341	A	8210	0	0	0.0	0.0
6342	G	8210	0	0	0.0	0.0
6343	G	8210	1	0	0.0001218026796589525	0.0
6344	C	8210	0	0	0.0	0.0
6345	A	8210	0	0	0.0	0.0
6346	A	8210	0	0	0.0	0.0
6347	T	8210	0	0	0.0	0.0
6348	C	8210	7196	0	0.8764920828258221	0.0
6349	C	8210	1	0	0.0001218026796589525	0.0
6350	A	8210	0	0	0.0	0.0
6351	T	8210	0	0	0.0	0.0
6352	T	8210	0	0	0.0	0.0
6353	T	8210	0	0	0.0	0.0
6354	T	8210	0	0	0.0	0.0
6355	C	8210	0	0	0.0	0.0
6356	A	8210	0	0	0.0	0.0
6357	T	8210	1	0	0.0001218026796589525	0.0
6358	C	8210	586	0	0.07137637028014616	0.0
6359	A	8210	709	0	0.08635809987819731	0.0
6360	G	8210	0	0	0.0	0.0
6361	G	8210	0	0	0.0	0.0
6362	A	8210	0	0	0.0	0.0
6363	G	8210	992	0	0.12082825822168088	0.0
6364	C	8210	165	0	0.020097442143727162	0.0
6365	T	8210	0	0	0.0	0.0
6366	A	8210	1	0	0.0001218026796589525	0.0
6367	G	8210	9	0	0.0010962241169305725	0.0
6368	T	8210	0	0	0.0	0.0
6369	T	8210	3720	4	0.4531059683313033	0.00048721071863581
6370	T	8210	0	4	0.0	0.00048721071863581
6371	G	8210	0	4	0.0	0.00048721071863581
6372	A	8210	0	4	0.0	0.00048721071863581
6373	T	8210	0	0	0.0	0.0
6374	T	8210	3704	0	0.45115712545676007	0.0
6375	G	8210	0	0	0.0	0.0
6376	A	8210	0	0	0.0	0.0
6377	T	8210	1	0	0.0001218026796589525	0.0
6378	T	8210	0	3	0.0	0.0003654080389768575
6379	G	8210	6	3	0.000730816077953715	0.0003654080389768575
6380	A	8210	0	3	0.0	0.0003654080389768575
6381	T	8210	1	3	0.0001218026796589525	0.0003654080389768575
6382	C	8210	0	0	0.0	0.0
6383	C	8210	35	0	0.004263093788063338	0.0
6384	A	8210	0	0	0.0	0.0
6385	G	8210	457	0	0.05566382460414129	0.0
6386	A	8210	0	0	0.0	0.0
6387	A	8210	0	0	0.0	0.0
6388	A	8210	0	0	0.0	0.0
6389	T	8210	0	0	0.0	0.0
6390	T	8210	0	0	0.0	0.0
6391	C	8210	0	0	0.0	0.0
6392	T	8210	0	0	0.0	0.0
6393	T	8210	0	0	0.0	0.0
6394	T	8210	0	0	0.0	0.0
6395	C	8210	8	0	0.00097442143727162	0.0
6396	G	8210	0	0	0.0	0.0
6397	G	8210	1	0	0.0001218026796589525	0.0
6398	T	8210	8	0	0.00097442143727162	0.0
6399	A	8210	0	0	0.0	0.0
6400	G	8210	35	0	0.004263093788063338	0.0
6401	A	8210	35	0	0.004263093788063338	0.0
6402	T	8210	15	0	0.0018270401948842874	0.0
6403	C	8210	0	0	0.0	0.0
6404	G	8210	0	0	0.0	0.0
6405	T	8210	0	0	0.0	0.0
6406	G	8210	0	0	0.0	0.0
6407	T	8210	5167	0	0.6293544457978075	0.0
6408	A	8210	0	0	0.0	0.0
6409	A	8210	0	0	0.0	0.0
6410	A	8210	0	0	0.0	0.0
6411	G	8210	0	0	0.0	0.0
6412	T	8210	0	0	0.0	0.0
6413	G	8210	0	0	0.0	0.0
6414	A	8210	0	0	0.0	0.0
6415	T	8210	0	0	0.0	0.0
6416	T	8210	8	0	0.00097442143727162	0.0
6417	G	8210	0	0	0.0	0.0
6418	G	8210	1	0	0.0001218026796589525	0.0
6419	A	8210	27	0	0.0032886723507917176	0.0
6420	A	8210	0	0	0.0	0.0
6421	T	8210	1	0	0.0001218026796589525	0.0
6422	A	8210	0	0	0.0	0.0
6423	A	8210	0	0	0.0	0.0
6424	C	8210	3	0	0.0003654080389768575	0.0
6425	A	8210	0	0	0.0	0.0
6426	C	8210	1736	0	0.21144945188794154	0.0
6427	G	8210	1394	0	0.16979293544457977	0.0
6428	T	8210	0	0	0.0	0.0
6429	T	8210	0	0	0.0	0.0
6430	T	8210	0	0	0.0	0.0
6431	A	8210	1736	0	0.21144945188794154	0.0
6432	T	8210	0	0	0.0	0.0
6433	C	8210	0	0	0.0	0.0
6434	A	8210	0	0	0.0	0.0
6435	A	8210	0	0	0.0	0.0
6436	G	8210	0	0	0.0	0.0
6437	A	8210	90	0	0.010962241169305725	0.0
6438	T	8210	0	0	0.0	0.0
6439	T	8210	0	0	0.0	0.0
6440	G	8210	123	0	0.014981729598051156	0.0
6441	G	8210	1707	0	0.20791717417783193	0.0
6442	C	8210	33	0	0.004019488428745432	0.0
6443	G	8210	14	0	0.001705237515225335	0.0
6444	G	8210	1	0	0.0001218026796589525	0.0
6445	C	8210	0	0	0.0	0.0
6446	A	8210	0	0	0.0	0.0
6447	A	8210	0	0	0.0	0.0
6448	A	8210	0	0	0.0	0.0
6449	G	8210	0	0	0.0	0.0
6450	C	8210	0	0	0.0	0.0
6451	T	8210	0	0	0.0	0.0
6452	G	8210	40	0	0.0048721071863581	0.0
6453	C	8210	0	0	0.0	0.0
6454	G	8210	1	0	0.0001218026796589525	0.0
6455	T	8210	57	0	0.006942752740560293	0.0
6456	G	8210	0	0	0.0	0.0
6457	C	8210	0	0	0.0	0.0
6458	A	8210	0	0	0.0	0.0
6459	G	8210	0	0	0.0	0.0
6460	T	8210	0	0	0.0	0.0
6461	A	8210	0	0	0.0	0.0
6462	A	8210	0	0	0.0	0.0
6463	T	8210	0	0	0.0	0.0
6464	A	8210	0	0	0.0	0.0
6465	A	8210	1	0	0.0001218026796589525	0.0
6466	T	8210	1	0	0.0001218026796589525	0.0
6467	T	8210	0	0	0.0	0.0
6468	T	8210	0	0	0.0	0.0
6469	T	8210	0	0	0.0	0.0
6470	T	8210	1	0	0.0001218026796589525	0.0
6471	A	8210	0	0	0.0	0.0
6472	T	8210	0	0	0.0	0.0
6473	A	8210	0	0	0.0	0.0
6474	T	8210	0	0	0.0	0.0
6475	T	8210	0	0	0.0	0.0
6476	A	8210	0	0	0.0	0.0
6477	T	8210	0	0	0.0	0.0
6478	T	8210	0	0	0.0	0.0
6479	T	8210	0	0	0.0	0.0
6480	C	8210	0	0	0.0	0.0
6481	T	8210	0	0	0.0	0.0
6482	T	8210	0	0	0.0	0.0
6483	A	8210	0	0	0.0	0.0
6484	A	8210	26	0	0.003166869671132765	0.0
6485	T	8210	0	0	0.0	0.0
6486	T	8210	0	0	0.0	0.0
6487	C	8210	0	0	0.0	0.0
6488	A	8210	0	0	0.0	0.0
6489	C	8210	0	0	0.0	0.0
6490	C	8210	0	0	0.0	0.0
6491	T	8210	1434	0	0.17466504263093788	0.0
6492	A	8210	0	0	0.0	0.0
6493	C	8210	0	0	0.0	0.0
6494	A	8210	1	0	0.0001218026796589525	0.0
6495	T	8210	0	0	0.0	0.0
6496	T	8210	0	0	0.0	0.0
6497	G	8210	8	0	0.00097442143727162	0.0
6498	C	8210	0	0	0.0	0.0
6499	C	8210	0	0	0.0	0.0
6500	T	8210	1	0	0.0001218026796589525	0.0
6501	A	8210	0	0	0.0	0.0
6502	C	8210	37	0	0.004506699147381242	0.0
6503	A	8210	0	0	0.0	0.0
6504	T	8210	0	0	0.0	0.0
6505	A	8210	0	0	0.0	0.0
6506	A	8210	0	0	0.0	0.0
6507	T	8210	0	0	0.0	0.0
6508	G	8210	0	0	0.0	0.0
6509	G	8210	1	0	0.0001218026796589525	0.0
6510	T	8210	0	0	0.0	0.0
6511	G	8210	0	0	0.0	0.0
6512	G	8210	3670	0	0.4470158343483557	0.0
6513	T	8210	0	0	0.0	0.0
6514	T	8210	0	0	0.0	0.0
6515	T	8210	0	0	0.0	0.0
6516	T	8210	0	0	0.0	0.0
6517	C	8210	0	0	0.0	0.0
6518	T	8210	0	0	0.0	0.0
6519	A	8210	0	0	0.0	0.0
6520	A	8210	0	0	0.0	0.0
6521	A	8210	0	0	0.0	0.0
6522	A	8210	0	0	0.0	0.0
6523	G	8210	1	0	0.0001218026796589525	0.0
6524	T	8210	0	0	0.0	0.0
6525	T	8210	0	0	0.0	0.0
6526	G	8210	1007	0	0.12265529841656517	0.0
6527	G	8210	0	0	0.0	0.0
6528	A	8210	0	0	0.0	0.0
6529	T	8210	0	0	0.0	0.0
6530	A	8210	0	0	0.0	0.0
6531	A	8210	0	0	0.0	0.0
6532	C	8210	0	0	0.0	0.0
6533	T	8210	0	0	0.0	0.0
6534	T	8210	0	0	0.0	0.0
6535	G	8210	0	0	0.0	0.0
6536	T	8210	0	0	0.0	0.0
6537	G	8210	0	0	0.0	0.0
6538	G	8210	9	0	0.0010962241169305725	0.0
6539	C	8210	0	0	0.0	0.0
6540	G	8210	0	0	0.0	0.0
6541	T	8210	0	0	0.0	0.0
6542	G	8210	5	0	0.0006090133982947625	0.0
6543	A	8210	0	0	0.0	0.0
6544	T	8210	0	0	0.0	0.0
6545	A	8210	0	0	0.0	0.0
6546	G	8210	1	0	0.0001218026796589525	0.0
6547	T	8210	0	0	0.0	0.0
6548	A	8210	0	0	0.0	0.0
6549	A	8210	0	0	0.0	0.0
6550	C	8210	1	0	0.0001218026796589525	0.0
6551	T	8210	0	0	0.0	0.0
6552	G	8210	125	0	0.015225334957369063	0.0
6553	C	8210	0	0	0.0	0.0
6554	T	8210	0	0	0.0	0.0
6555	T	8210	0	0	0.0	0.0
6556	T	8210	28	0	0.00341047503045067	0.0
6557	T	8210	0	0	0.0	0.0
6558	T	8210	0	0	0.0	0.0
6559	G	8210	0	0	0.0	0.0
6560	A	8210	0	0	0.0	0.0
6561	A	8210	0	0	0.0	0.0
6562	T	8210	0	0	0.0	0.0
6563	A	8210	0	0	0.0	0.0
6564	G	8210	1	0	0.0001218026796589525	0.0
6565	C	8210	0	0	0.0	0.0
6566	T	8210	0	0	0.0	0.0
6567	T	8210	0	0	0.0	0.0
6568	G	8210	0	0	0.0	0.0
6569	C	8210	3	0	0.0003654080389768575	0.0
6570	T	8210	0	0	0.0	0.0
6571	G	8210	0	0	0.0	0.0
6572	T	8210	0	0	0.0	0.0
6573	T	8210	0	0	0.0	0.0
6574	C	8210	0	0	0.0	0.0
6575	C	8210	0	0	0.0	0.0
6576	T	8210	0	0	0.0	0.0
6577	C	8210	0	0	0.0	0.0
6578	A	8210	0	0	0.0	0.0
6579	T	8210	0	0	0.0	0.0
6580	A	8210	0	0	0.0	0.0
6581	A	8210	0	0	0.0	0.0
6582	A	8210	0	0	0.0	0.0
6583	A	8210	0	0	0.0	0.0
6584	T	8210	0	0	0.0	0.0
6585	G	8210	0	0	0.0	0.0
6586	C	8210	0	0	0.0	0.0
6587	T	8210	0	0	0.0	0.0
6588	C	8210	15	0	0.0018270401948842874	0.0
6589	G	8210	1	0	0.0001218026796589525	0.0
6590	C	8210	0	0	0.0	0.0
6591	A	8210	0	0	0.0	0.0
6592	T	8210	0	0	0.0	0.0
6593	A	8210	0	0	0.0	0.0
6594	A	8210	0	0	0.0	0.0
6595	T	8210	0	0	0.0	0.0
6596	T	8210	0	0	0.0	0.0
6597	A	8210	0	0	0.0	0.0
6598	A	8210	0	0	0.0	0.0
6599	T	8210	0	0	0.0	0.0
6600	T	8210	0	0	0.0	0.0
6601	G	8210	3	0	0.0003654080389768575	0.0
6602	T	8210	1	0	0.0001218026796589525	0.0
6603	T	8210	0	0	0.0	0.0
6604	T	8210	0	0	0.0	0.0
6605	T	8210	0	0	0.0	0.0
6606	C	8210	8	0	0.00097442143727162	0.0
6607	T	8210	0	0	0.0	0.0
6608	T	8210	10	0	0.001218026796589525	0.0
6609	T	8210	0	0	0.0	0.0
6610	C	8210	0	0	0.0	0.0
6611	C	8210	1	0	0.0001218026796589525	0.0
6612	G	8210	0	0	0.0	0.0
6613	C	8210	0	0	0.0	0.0
6614	T	8210	0	0	0.0	0.0
6615	T	8210	0	0	0.0	0.0
6616	G	8210	0	0	0.0	0.0
6617	A	8210	53	0	0.006455542021924482	0.0
6618	G	8210	0	0	0.0	0.0
6619	T	8210	1	0	0.0001218026796589525	0.0
6620	G	8210	0	0	0.0	0.0
6621	C	8210	1	0	0.0001218026796589525	0.0
6622	G	8210	0	0	0.0	0.0
6623	T	8210	0	0	0.0	0.0
6624	T	8210	0	0	0.0	0.0
6625	C	8210	0	0	0.0	0.0
6626	A	8210	0	0	0.0	0.0
6627	G	8210	0	0	0.0	0.0
6628	C	8210	1	0	0.0001218026796589525	0.0
6629	A	8210	1	0	0.0001218026796589525	0.0
6630	A	8210	0	0	0.0	0.0
6631	G	8210	0	0	0.0	0.0
6632	A	8210	0	0	0.0	0.0
6633	C	8210	0	0	0.0	0.0
6634	T	8210	0	0	0.0	0.0
6635	T	8210	0	0	0.0	0.0
6636	G	8210	0	0	0.0	0.0
6637	G	8210	0	0	0.0	0.0
6638	G	8210	1	0	0.0001218026796589525	0.0
6639	A	8210	1	0	0.0001218026796589525	0.0
6640	T	8210	0	0	0.0	0.0
6641	T	8210	0	0	0.0	0.0
6642	T	8210	0	0	0.0	0.0
6643	T	8210	0	0	0.0	0.0
6644	A	8210	1	0	0.0001218026796589525	0.0
6645	A	8210	0	0	0.0	0.0
6646	T	8210	0	1	0.0	0.0001218026796589525
6647	T	8210	0	0	0.0	0.0
6648	T	8210	0	0	0.0	0.0
6649	G	8210	0	0	0.0	0.0
6650	A	8210	0	0	0.0	0.0
6651	A	8210	0	0	0.0	0.0
6652	T	8210	0	0	0.0	0.0
6653	A	8210	0	0	0.0	0.0
6654	G	8210	0	0	0.0	0.0
6655	G	8210	0	0	0.0	0.0
6656	A	8210	3	0	0.0003654080389768575	0.0
6657	A	8210	0	0	0.0	0.0
6658	T	8210	0	0	0.0	0.0
6659	T	8210	1296	0	0.15785627283800244	0.0
6660	C	8210	0	0	0.0	0.0
6661	G	8210	7	0	0.0008526187576126675	0.0
6662	T	8210	0	0	0.0	0.0
6663	C	8210	0	0	0.0	0.0
6664	T	8210	0	0	0.0	0.0
6665	T	8210	0	0	0.0	0.0
6666	A	8210	0	0	0.0	0.0
6667	A	8210	0	0	0.0	0.0
6668	A	8210	0	0	0.0	0.0
6669	A	8210	0	0	0.0	0.0
6670	A	8210	0	0	0.0	0.0
6671	T	8210	0	0	0.0	0.0
6672	G	8210	0	0	0.0	0.0
6673	T	8210	0	0	0.0	0.0
6674	C	8210	0	0	0.0	0.0
6675	G	8210	0	0	0.0	0.0
6676	T	8210	0	0	0.0	0.0
6677	T	8210	0	0	0.0	0.0
6678	A	8210	0	1	0.0	0.0001218026796589525
6679	A	8210	0	0	0.0	0.0
6680	A	8210	0	0	0.0	0.0
6681	A	8210	0	0	0.0	0.0
6682	A	8210	0	0	0.0	0.0
6683	G	8210	1297	0	0.15797807551766138	0.0
6684	G	8210	0	0	0.0	0.0
6685	T	8210	0	0	0.0	0.0
6686	G	8210	8	0	0.00097442143727162	0.0
6687	C	8210	10	0	0.001218026796589525	0.0
6688	T	8210	0	0	0.0	0.0
6689	A	8210	0	0	0.0	0.0
6690	G	8210	0	0	0.0	0.0
6691	A	8210	2	0	0.000243605359317905	0.0
6692	A	8210	0	0	0.0	0.0
6693	A	8210	0	0	0.0	0.0
6694	T	8210	0	0	0.0	0.0
6695	T	8210	0	0	0.0	0.0
6696	T	8210	2	0	0.000243605359317905	0.0
6697	C	8210	2	0	0.000243605359317905	0.0
6698	T	8210	0	0	0.0	0.0
6699	T	8210	0	0	0.0	0.0
6700	C	8210	0	0	0.0	0.0
6701	A	8210	0	0	0.0	0.0
6702	G	8210	0	0	0.0	0.0
6703	T	8210	0	0	0.0	0.0
6704	T	8210	0	0	0.0	0.0
6705	G	8210	0	0	0.0	0.0
6706	T	8210	0	0	0.0	0.0
6707	G	8210	1	0	0.0001218026796589525	0.0
6708	G	8210	0	0	0.0	0.0
6709	C	8210	0	0	0.0	0.0
6710	A	8210	0	0	0.0	0.0
6711	A	8210	0	0	0.0	0.0
6712	A	8210	0	0	0.0	0.0
6713	G	8210	1	0	0.0001218026796589525	0.0
6714	C	8210	0	0	0.0	0.0
6715	A	8210	0	0	0.0	0.0
6716	C	8210	1	0	0.0001218026796589525	0.0
6717	A	8210	0	0	0.0	0.0
6718	A	8210	0	0	0.0	0.0
6719	C	8210	0	0	0.0	0.0
6720	C	8210	0	0	0.0	0.0
6721	G	8210	7	0	0.0008526187576126675	0.0
6722	A	8210	0	0	0.0	0.0
6723	C	8210	0	0	0.0	0.0
6724	A	8210	0	0	0.0	0.0
6725	C	8210	0	0	0.0	0.0
6726	G	8210	6	0	0.000730816077953715	0.0
6727	T	8210	0	0	0.0	0.0
6728	A	8210	0	0	0.0	0.0
6729	A	8210	0	0	0.0	0.0
6730	C	8210	0	0	0.0	0.0
6731	A	8210	0	0	0.0	0.0
6732	G	8210	1	0	0.0001218026796589525	0.0
6733	G	8210	1	0	0.0001218026796589525	0.0
6734	A	8210	0	0	0.0	0.0
6735	A	8210	0	0	0.0	0.0
6736	T	8210	0	0	0.0	0.0
6737	G	8210	0	0	0.0	0.0
6738	G	8210	0	0	0.0	0.0
6739	G	8210	0	0	0.0	0.0
6740	C	8210	2	0	0.000243605359317905	0.0
6741	C	8210	0	0	0.0	0.0
6742	G	8210	1	0	0.0001218026796589525	0.0
6743	A	8210	0	0	0.0	0.0
6744	T	8210	0	0	0.0	0.0
6745	T	8210	0	0	0.0	0.0
6746	G	8210	1	0	0.0001218026796589525	0.0
6747	G	8210	0	0	0.0	0.0
6748	T	8210	0	0	0.0	0.0
6749	T	8210	0	0	0.0	0.0
6750	T	8210	0	0	0.0	0.0
6751	C	8210	0	0	0.0	0.0
6752	A	8210	0	0	0.0	0.0
6753	C	8210	0	0	0.0	0.0
6754	C	8210	0	0	0.0	0.0
6755	C	8210	0	0	0.0	0.0
6756	A	8210	0	0	0.0	0.0
6757	T	8210	0	0	0.0	0.0
6758	C	8210	1915	0	0.23325213154689403	0.0
6759	C	8210	0	0	0.0	0.0
6760	G	8210	0	0	0.0	0.0
6761	A	8210	0	0	0.0	0.0
6762	T	8210	0	0	0.0	0.0
6763	A	8210	0	0	0.0	0.0
6764	A	8210	475	0	0.05785627283800244	0.0
6765	A	8210	0	0	0.0	0.0
6766	T	8210	0	0	0.0	0.0
6767	G	8210	2565	0	0.31242387332521315	0.0
6768	A	8210	0	0	0.0	0.0
6769	T	8210	0	0	0.0	0.0
6770	A	8210	249	0	0.03032886723507917	0.0
6771	C	8210	0	0	0.0	0.0
6772	C	8210	0	0	0.0	0.0
6773	T	8210	8092	0	0.9856272838002436	0.0
6774	T	8210	0	0	0.0	0.0
6775	G	8210	0	0	0.0	0.0
6776	A	8210	1	0	0.0001218026796589525	0.0
6777	T	8210	0	0	0.0	0.0
6778	C	8210	1	0	0.0001218026796589525	0.0
6779	T	8210	0	0	0.0	0.0
6780	A	8210	0	0	0.0	0.0
6781	A	8210	0	0	0.0	0.0
6782	T	8210	0	0	0.0	0.0
6783	T	8210	0	0	0.0	0.0
6784	T	8210	0	0	0.0	0.0
6785	T	8210	0	0	0.0	0.0
6786	T	8210	0	0	0.0	0.0
6787	C	8210	2	0	0.000243605359317905	0.0
6788	C	8210	0	0	0.0	0.0
6789	T	8210	0	0	0.0	0.0
6790	G	8210	1	0	0.0001218026796589525	0.0
6791	C	8210	1	0	0.0001218026796589525	0.0
6792	C	8210	2	0	0.000243605359317905	0.0
6793	C	8210	0	0	0.0	0.0
6794	T	8210	0	0	0.0	0.0
6795	T	8210	1	0	0.0001218026796589525	0.0
6796	C	8210	0	0	0.0	0.0
6797	A	8210	1	0	0.0001218026796589525	0.0
6798	G	8210	0	0	0.0	0.0
6799	G	8210	0	0	0.0	0.0
6800	A	8210	0	0	0.0	0.0
6801	C	8210	2	0	0.000243605359317905	0.0
6802	T	8210	1	0	0.0001218026796589525	0.0
6803	C	8210	0	0	0.0	0.0
6804	A	8210	0	0	0.0	0.0
6805	A	8210	0	0	0.0	0.0
6806	A	8210	1	0	0.0001218026796589525	0.0
6807	C	8210	0	0	0.0	0.0
6808	G	8210	0	0	0.0	0.0
6809	A	8210	0	0	0.0	0.0
6810	T	8210	0	0	0.0	0.0
6811	G	8210	1	0	0.0001218026796589525	0.0
6812	A	8210	0	0	0.0	0.0
6813	A	8210	0	0	0.0	0.0
6814	C	8210	0	0	0.0	0.0
6815	T	8210	0	0	0.0	0.0
6816	T	8210	0	0	0.0	0.0
6817	C	8210	0	0	0.0	0.0
6818	A	8210	0	0	0.0	0.0
6819	T	8210	0	0	0.0	0.0
6820	C	8210	0	0	0.0	0.0
6821	T	8210	0	0	0.0	0.0
6822	A	8210	0	0	0.0	0.0
6823	A	8210	0	0	0.0	0.0
6824	A	8210	0	0	0.0	0.0
6825	A	8210	0	0	0.0	0.0
6826	A	8210	0	0	0.0	0.0
6827	T	8210	0	0	0.0	0.0
6828	A	8210	0	0	0.0	0.0
6829	A	8210	0	0	0.0	0.0
6830	A	8210	0	0	0.0	0.0
6831	A	8210	7	0	0.0008526187576126675	0.0
6832	C	8210	0	0	0.0	0.0
6833	G	8210	0	0	0.0	0.0
6834	C	8210	0	0	0.0	0.0
6835	C	8210	0	0	0.0	0.0
6836	C	8210	2	0	0.000243605359317905	0.0
6837	C	8210	0	0	0.0	0.0
6838	C	8210	0	0	0.0	0.0
6839	T	8210	44	0	0.00535931790499391	0.0
6840	T	8210	0	0	0.0	0.0
6841	C	8210	0	0	0.0	0.0
6842	T	8210	0	0	0.0	0.0
6843	G	8210	0	0	0.0	0.0
6844	C	8210	1	0	0.0001218026796589525	0.0
6845	A	8210	0	0	0.0	0.0
6846	C	8210	0	0	0.0	0.0
6847	T	8210	0	0	0.0	0.0
6848	T	8210	0	0	0.0	0.0
6849	T	8210	0	0	0.0	0.0
6850	G	8210	0	0	0.0	0.0
6851	A	8210	0	0	0.0	0.0
6852	A	8210	0	0	0.0	0.0
6853	A	8210	0	0	0.0	0.0
6854	G	8210	1	0	0.0001218026796589525	0.0
6855	G	8210	2	0	0.000243605359317905	0.0
6856	C	8210	11	0	0.0013398294762484776	0.0
6857	T	8210	4741	0	0.5774665042630938	0.0
6858	C	8210	2	0	0.000243605359317905	0.0
6859	C	8210	0	0	0.0	0.0
6860	A	8210	0	0	0.0	0.0
6861	A	8210	0	0	0.0	0.0
6862	T	8210	0	0	0.0	0.0
6863	T	8210	0	0	0.0	0.0
6864	T	8210	0	0	0.0	0.0
6865	T	8210	0	0	0.0	0.0
6866	A	8210	0	0	0.0	0.0
6867	T	8210	0	0	0.0	0.0
6868	C	8210	47	0	0.005724725943970767	0.0
6869	G	8210	0	0	0.0	0.0
6870	G	8210	1	0	0.0001218026796589525	0.0
6871	A	8210	0	0	0.0	0.0
6872	A	8210	0	0	0.0	0.0
6873	T	8210	0	0	0.0	0.0
6874	C	8210	0	0	0.0	0.0
6875	T	8210	0	0	0.0	0.0
6876	G	8210	0	0	0.0	0.0
6877	C	8210	0	0	0.0	0.0
6878	T	8210	0	0	0.0	0.0
6879	C	8210	1	0	0.0001218026796589525	0.0
6880	C	8210	0	0	0.0	0.0
6881	C	8210	473	0	0.05761266747868453	0.0
6882	G	8210	0	0	0.0	0.0
6883	T	8210	0	0	0.0	0.0
6884	A	8210	0	0	0.0	0.0
6885	A	8210	0	0	0.0	0.0
6886	A	8210	0	0	0.0	0.0
6887	A	8210	0	0	0.0	0.0
6888	G	8210	0	0	0.0	0.0
6889	C	8210	1	0	0.0001218026796589525	0.0
6890	G	8210	5	0	0.0006090133982947625	0.0
6891	C	8210	0	0	0.0	0.0
6892	C	8210	0	0	0.0	0.0
6893	T	8210	0	0	0.0	0.0
6894	T	8210	0	0	0.0	0.0
6895	T	8210	0	0	0.0	0.0
6896	A	8210	0	0	0.0	0.0
6897	A	8210	0	0	0.0	0.0
6898	G	8210	0	0	0.0	0.0
6899	A	8210	0	0	0.0	0.0
6900	T	8210	0	0	0.0	0.0
6901	G	8210	0	0	0.0	0.0
6902	C	8210	1593	0	0.19403166869671132	0.0
6903	C	8210	0	0	0.0	0.0
6904	C	8210	0	0	0.0	0.0
6905	A	8210	0	0	0.0	0.0
6906	A	8210	0	0	0.0	0.0
6907	A	8210	0	0	0.0	0.0
6908	T	8210	0	0	0.0	0.0
6909	A	8210	0	0	0.0	0.0
6910	A	8210	0	0	0.0	0.0
6911	T	8210	0	0	0.0	0.0
6912	T	8210	0	0	0.0	0.0
6913	G	8210	0	0	0.0	0.0
6914	A	8210	0	0	0.0	0.0
6915	C	8210	0	0	0.0	0.0
6916	T	8210	0	0	0.0	0.0
6917	A	8210	0	0	0.0	0.0
6918	G	8210	0	0	0.0	0.0
6919	T	8210	0	0	0.0	0.0
6920	T	8210	0	0	0.0	0.0
6921	A	8210	0	0	0.0	0.0
6922	A	8210	0	0	0.0	0.0
6923	A	8210	0	0	0.0	0.0
6924	A	8210	0	0	0.0	0.0
6925	G	8210	0	0	0.0	0.0
6926	C	8210	0	0	0.0	0.0
6927	T	8210	53	0	0.006455542021924482	0.0
6928	C	8210	0	0	0.0	0.0
6929	T	8210	8	0	0.00097442143727162	0.0
6930	G	8210	0	0	0.0	0.0
6931	G	8210	1	0	0.0001218026796589525	0.0
6932	A	8210	8	0	0.00097442143727162	0.0
6933	T	8210	0	0	0.0	0.0
6934	T	8210	0	0	0.0	0.0
6935	G	8210	1	0	0.0001218026796589525	0.0
6936	T	8210	0	0	0.0	0.0
6937	T	8210	0	0	0.0	0.0
6938	G	8210	151	0	0.018392204628501826	0.0
6939	G	8210	1	0	0.0001218026796589525	0.0
6940	C	8210	1	0	0.0001218026796589525	0.0
6941	A	8210	0	0	0.0	0.0
6942	T	8210	0	0	0.0	0.0
6943	A	8210	0	0	0.0	0.0
6944	T	8210	0	0	0.0	0.0
6945	T	8210	0	0	0.0	0.0
6946	G	8210	0	0	0.0	0.0
6947	C	8210	0	0	0.0	0.0
6948	G	8210	0	0	0.0	0.0
6949	C	8210	0	0	0.0	0.0
6950	A	8210	0	0	0.0	0.0
6951	C	8210	0	0	0.0	0.0
6952	A	8210	0	0	0.0	0.0
6953	A	8210	0	0	0.0	0.0
6954	T	8210	0	0	0.0	0.0
6955	T	8210	0	0	0.0	0.0
6956	A	8210	0	0	0.0	0.0
6957	A	8210	0	0	0.0	0.0
6958	C	8210	1	0	0.0001218026796589525	0.0
6959	T	8210	0	0	0.0	0.0
6960	G	8210	3	0	0.0003654080389768575	0.0
6961	T	8210	0	0	0.0	0.0
6962	C	8210	1667	0	0.20304506699147382	0.0
6963	A	8210	0	0	0.0	0.0
6964	C	8210	3	0	0.0003654080389768575	0.0
6965	A	8210	0	0	0.0	0.0
6966	A	8210	0	0	0.0	0.0
6967	A	8210	0	0	0.0	0.0
6968	A	8210	0	0	0.0	0.0
6969	G	8210	21	0	0.0025578562728380025	0.0
6970	G	8209	10	0	0.0012181751735899622	0.0
6971	T	8209	0	0	0.0	0.0
6972	G	8209	3	0	0.00036545255207698867	0.0
6973	C	8209	0	0	0.0	0.0
6974	T	8209	0	0	0.0	0.0
6975	G	8209	0	0	0.0	0.0
6976	A	8209	0	0	0.0	0.0
6977	A	8209	0	0	0.0	0.0
6978	T	8209	0	0	0.0	0.0
6979	C	8209	0	0	0.0	0.0
6980	G	8209	0	0	0.0	0.0
6981	T	8209	0	0	0.0	0.0
6982	C	8209	0	0	0.0	0.0
6983	A	8209	0	0	0.0	0.0
6984	A	8209	0	0	0.0	0.0
6985	G	8209	1	0	0.00012181751735899622	0.0
6986	T	8209	220	0	0.026799853818979168	0.0
6987	A	8209	0	0	0.0	0.0
6988	G	8209	0	0	0.0	0.0
6989	T	8209	0	0	0.0	0.0
6990	T	8209	0	0	0.0	0.0
6991	C	8209	0	0	0.0	0.0
6992	T	8209	0	0	0.0	0.0
6993	T	8209	0	0	0.0	0.0
6994	T	8209	0	0	0.0	0.0
6995	T	8209	0	0	0.0	0.0
6996	G	8209	0	0	0.0	0.0
6997	A	8209	0	0	0.0	0.0
6998	A	8209	0	0	0.0	0.0
6999	A	8209	0	0	0.0	0.0
7000	G	8209	0	0	0.0	0.0
7001	A	8209	0	0	0.0	0.0
7002	C	8209	0	0	0.0	0.0
7003	A	8209	0	0	0.0	0.0
7004	A	8209	0	0	0.0	0.0
7005	A	8209	0	0	0.0	0.0
7006	A	8209	1	0	0.00012181751735899622	0.0
7007	C	8209	2	0	0.00024363503471799245	0.0
7008	T	8209	0	0	0.0	0.0
7009	G	8209	0	0	0.0	0.0
7010	A	8209	0	0	0.0	0.0
7011	T	8209	0	0	0.0	0.0
7012	A	8209	0	0	0.0	0.0
7013	A	8209	0	0	0.0	0.0
7014	T	8209	0	0	0.0	0.0
7015	A	8209	0	0	0.0	0.0
7016	T	8209	0	0	0.0	0.0
7017	A	8209	0	0	0.0	0.0
7018	A	8209	0	0	0.0	0.0
7019	G	8209	0	0	0.0	0.0
7020	G	8209	0	0	0.0	0.0
7021	A	8209	0	0	0.0	0.0
7022	T	8209	0	0	0.0	0.0
7023	G	8209	0	0	0.0	0.0
7024	C	8209	0	0	0.0	0.0
7025	T	8209	0	0	0.0	0.0
7026	A	8209	1	0	0.00012181751735899622	0.0
7027	A	8209	0	0	0.0	0.0
7028	A	8209	0	0	0.0	0.0
7029	A	8209	0	0	0.0	0.0
7030	A	8209	0	0	0.0	0.0
7031	A	8209	0	0	0.0	0.0
7032	C	8209	0	0	0.0	0.0
7033	T	8209	0	0	0.0	0.0
7034	T	8209	0	0	0.0	0.0
7035	T	8209	0	0	0.0	0.0
7036	T	8209	0	0	0.0	0.0
7037	A	8209	0	0	0.0	0.0
7038	C	8209	0	0	0.0	0.0
7039	C	8209	0	0	0.0	0.0
7040	C	8209	11	0	0.0013399926909489586	0.0
7041	G	8209	8	0	0.0009745401388719698	0.0
7042	T	8209	0	0	0.0	0.0
7043	A	8209	0	0	0.0	0.0
7044	C	8209	0	0	0.0	0.0
7045	C	8209	0	0	0.0	0.0
7046	A	8209	1	0	0.00012181751735899622	0.0
7047	C	8209	0	0	0.0	0.0
7048	T	8209	0	0	0.0	0.0
7049	T	8209	0	0	0.0	0.0
7050	T	8209	0	0	0.0	0.0
7051	C	8209	0	0	0.0	0.0
7052	A	8209	0	0	0.0	0.0
7053	C	8209	0	0	0.0	0.0
7054	C	8209	0	0	0.0	0.0
7055	T	8209	0	0	0.0	0.0
7056	G	8209	0	0	0.0	0.0
7057	T	8209	0	0	0.0	0.0
7058	A	8209	1	0	0.00012181751735899622	0.0
7059	A	8209	0	0	0.0	0.0
7060	T	8209	0	0	0.0	0.0
7061	T	8209	0	0	0.0	0.0
7062	A	8209	0	0	0.0	0.0
7063	A	8209	0	0	0.0	0.0
7064	G	8209	2	0	0.00024363503471799245	0.0
7065	A	8209	0	0	0.0	0.0
7066	C	8209	40	0	0.004872700694359849	0.0
7067	A	8209	0	0	0.0	0.0
7068	G	8209	0	0	0.0	0.0
7069	G	8209	1	0	0.00012181751735899622	0.0
7070	C	8209	463	0	0.05640151053721525	0.0
7071	A	8209	0	0	0.0	0.0
7072	A	8209	0	0	0.0	0.0
7073	G	8209	6973	0	0.8494335485442807	0.0
7074	C	8209	0	0	0.0	0.0
7075	C	8209	0	0	0.0	0.0
7076	A	8209	0	0	0.0	0.0
7077	C	8209	1	0	0.00012181751735899622	0.0
7078	C	8209	0	0	0.0	0.0
7079	G	8209	328	0	0.039956145693750764	0.0
7080	C	8209	631	0	0.07686685345352662	0.0
7081	C	8209	5	0	0.0006090875867949811	0.0
7082	A	8209	212	0	0.0258253136801072	0.0
7083	G	8209	1	0	0.00012181751735899622	0.0
7084	G	8209	0	0	0.0	0.0
7085	A	8209	58	0	0.007065416006821781	0.0
7086	T	8209	0	0	0.0	0.0
7087	A	8209	0	0	0.0	0.0
7088	A	8209	0	0	0.0	0.0
7089	A	8209	0	0	0.0	0.0
7090	G	8209	0	0	0.0	0.0
7091	C	8209	0	0	0.0	0.0
7092	G	8209	1	0	0.00012181751735899622	0.0
7093	C	8209	1	0	0.00012181751735899622	0.0
7094	T	8209	7	0	0.0008527226215129736	0.0
7095	G	8209	40	0	0.004872700694359849	0.0
7096	C	8209	2	0	0.00024363503471799245	0.0
7097	C	8209	263	0	0.032038007065416006	0.0
7098	A	8209	0	0	0.0	0.0
7099	T	8209	0	0	0.0	0.0
7100	T	8209	1	0	0.00012181751735899622	0.0
7101	T	8209	0	0	0.0	0.0
7102	T	8209	0	0	0.0	0.0
7103	C	8209	7321	0	0.8918260445852113	0.0
7104	A	8209	0	0	0.0	0.0
7105	A	8209	0	0	0.0	0.0
7106	T	8209	0	0	0.0	0.0
7107	T	8209	5	0	0.0006090875867949811	0.0
7108	G	8209	23	0	0.0028018028992569132	0.0
7109	T	8209	0	0	0.0	0.0
7110	T	8209	0	0	0.0	0.0
7111	C	8209	0	0	0.0	0.0
7112	G	8209	0	0	0.0	0.0
7113	A	8209	0	0	0.0	0.0
7114	T	8209	0	0	0.0	0.0
7115	G	8209	0	0	0.0	0.0
7116	G	8209	0	0	0.0	0.0
7117	T	8209	3	0	0.00036545255207698867	0.0
7118	C	8209	2	0	0.00024363503471799245	0.0
7119	T	8209	0	0	0.0	0.0
7120	G	8209	2	0	0.00024363503471799245	0.0
7121	A	8209	4173	0	0.5083444999390913	0.0
7122	G	8209	0	0	0.0	0.0
7123	C	8209	0	0	0.0	0.0
7124	T	8209	0	0	0.0	0.0
7125	A	8209	0	0	0.0	0.0
7126	A	8209	0	0	0.0	0.0
7127	A	8209	0	0	0.0	0.0
7128	C	8209	0	0	0.0	0.0
7129	T	8209	0	0	0.0	0.0
7130	A	8209	0	0	0.0	0.0
7131	C	8209	4	0	0.0004872700694359849	0.0
7132	C	8209	1	0	0.00012181751735899622	0.0
7133	G	8209	475	0	0.05786332074552321	0.0
7134	C	8209	0	0	0.0	0.0
7135	G	8209	0	0	0.0	0.0
7136	A	8209	0	0	0.0	0.0
7137	T	8209	0	0	0.0	0.0
7138	A	8209	0	0	0.0	0.0
7139	A	8209	48	0	0.005847240833231819	0.0
7140	C	8209	0	0	0.0	0.0
7141	C	8209	0	0	0.0	0.0
7142	A	8209	0	0	0.0	0.0
7143	A	8209	0	0	0.0	0.0
7144	T	8209	0	0	0.0	0.0
7145	G	8209	1	0	0.00012181751735899622	0.0
7146	A	8209	0	0	0.0	0.0
7147	C	8209	0	0	0.0	0.0
7148	C	8209	0	0	0.0	0.0
7149	G	8209	0	0	0.0	0.0
7150	A	8209	0	0	0.0	0.0
7151	C	8209	3	0	0.00036545255207698867	0.0
7152	T	8209	0	0	0.0	0.0
7153	G	8209	0	0	0.0	0.0
7154	A	8209	0	1	0.0	0.00012181751735899622
7155	A	8209	0	0	0.0	0.0
7156	A	8209	0	0	0.0	0.0
7157	A	8209	0	0	0.0	0.0
7158	A	8209	0	0	0.0	0.0
7159	A	8209	0	0	0.0	0.0
7160	A	8209	0	1	0.0	0.00012181751735899622
7161	T	8209	2	0	0.00024363503471799245	0.0
7162	C	8209	0	0	0.0	0.0
7163	A	8209	0	0	0.0	0.0
7164	C	8209	0	0	0.0	0.0
7165	T	8209	0	0	0.0	0.0
7166	T	8209	0	0	0.0	0.0
7167	T	8209	0	0	0.0	0.0
7168	T	8209	0	0	0.0	0.0
7169	G	8209	1	0	0.00012181751735899622	0.0
7170	C	8209	0	0	0.0	0.0
7171	G	8209	0	0	0.0	0.0
7172	A	8209	0	0	0.0	0.0
7173	T	8209	0	0	0.0	0.0
7174	C	8209	1	0	0.00012181751735899622	0.0
7175	A	8209	114	0	0.01388719697892557	0.0
7176	A	8209	0	0	0.0	0.0
7177	A	8209	0	0	0.0	0.0
7178	A	8209	0	0	0.0	0.0
7179	A	8209	2006	0	0.24436593982214644	0.0
7180	C	8209	0	0	0.0	0.0
7181	A	8209	0	0	0.0	0.0
7182	G	8209	0	0	0.0	0.0
7183	G	8209	0	0	0.0	0.0
7184	C	8209	11	0	0.0013399926909489586	0.0
7185	T	8209	12	0	0.0014618102083079547	0.0
7186	G	8209	1	0	0.00012181751735899622	0.0
7187	T	8209	0	0	0.0	0.0
7188	T	8209	0	0	0.0	0.0
7189	C	8209	0	0	0.0	0.0
7190	A	8209	1	0	0.00012181751735899622	0.0
7191	T	8209	0	0	0.0	0.0
7192	C	8209	0	0	0.0	0.0
7193	G	8209	1	0	0.00012181751735899622	0.0
7194	A	8209	0	0	0.0	0.0
7195	T	8209	1	0	0.00012181751735899622	0.0
7196	C	8209	0	0	0.0	0.0
7197	A	8209	0	0	0.0	0.0
7198	T	8209	0	0	0.0	0.0
7199	T	8209	0	0	0.0	0.0
7200	T	8209	0	0	0.0	0.0
7201	C	8209	0	0	0.0	0.0
7202	T	8209	0	0	0.0	0.0
7203	T	8209	0	0	0.0	0.0
7204	G	8209	0	0	0.0	0.0
7205	G	8209	0	0	0.0	0.0
7206	A	8209	0	0	0.0	0.0
7207	A	8209	0	0	0.0	0.0
7208	A	8209	0	0	0.0	0.0
7209	C	8209	0	0	0.0	0.0
7210	T	8209	1	0	0.00012181751735899622	0.0
7211	T	8209	0	0	0.0	0.0
7212	T	8209	1	0	0.00012181751735899622	0.0
7213	G	8209	0	0	0.0	0.0
7214	A	8209	0	0	0.0	0.0
7215	T	8209	0	0	0.0	0.0
7216	A	8209	0	0	0.0	0.0
7217	A	8209	0	0	0.0	0.0
7218	A	8209	0	0	0.0	0.0
7219	C	8209	6	0	0.0007309051041539773	0.0
7220	A	8209	0	0	0.0	0.0
7221	G	8209	0	0	0.0	0.0
7222	T	8209	18	0	0.0021927153124619322	0.0
7223	T	8209	0	0	0.0	0.0
7224	C	8209	0	0	0.0	0.0
7225	T	8209	0	0	0.0	0.0
7226	T	8209	0	0	0.0	0.0
7227	T	8209	0	0	0.0	0.0
7228	T	8209	0	0	0.0	0.0
7229	T	8209	0	0	0.0	0.0
7230	A	8209	0	0	0.0	0.0
7231	A	8209	0	0	0.0	0.0
7232	A	8209	0	0	0.0	0.0
7233	A	8209	0	0	0.0	0.0
7234	G	8209	2	0	0.00024363503471799245	0.0
7235	A	8209	0	0	0.0	0.0
7236	T	8209	0	0	0.0	0.0
7237	A	8209	0	0	0.0	0.0
7238	G	8209	0	0	0.0	0.0
7239	T	8209	3	0	0.00036545255207698867	0.0
7240	T	8209	0	0	0.0	0.0
7241	T	8209	0	0	0.0	0.0
7242	T	8209	0	0	0.0	0.0
7243	G	8209	1	0	0.00012181751735899622	0.0
7244	T	8209	18	0	0.0021927153124619322	0.0
7245	T	8209	0	0	0.0	0.0
7246	G	8209	0	0	0.0	0.0
7247	T	8209	1786	0	0.21756608600316726	0.0
7248	T	8209	0	0	0.0	0.0
7249	G	8209	0	0	0.0	0.0
7250	A	8209	0	0	0.0	0.0
7251	A	8209	0	0	0.0	0.0
7252	A	8209	0	0	0.0	0.0
7253	C	8209	0	0	0.0	0.0
7254	G	8209	2	0	0.00024363503471799245	0.0
7255	C	8209	0	0	0.0	0.0
7256	T	8209	0	0	0.0	0.0
7257	T	8209	0	0	0.0	0.0
7258	C	8209	0	0	0.0	0.0
7259	T	8209	0	0	0.0	0.0
7260	T	8209	0	0	0.0	0.0
7261	T	8209	0	0	0.0	0.0
7262	A	8209	0	0	0.0	0.0
7263	T	8209	0	0	0.0	0.0
7264	G	8209	0	0	0.0	0.0
7265	A	8209	0	0	0.0	0.0
7266	A	8209	0	0	0.0	0.0
7267	A	8209	0	0	0.0	0.0
7268	A	8209	0	0	0.0	0.0
7269	A	8209	0	0	0.0	0.0
7270	A	8209	0	0	0.0	0.0
7271	G	8209	0	0	0.0	0.0
7272	T	8209	0	0	0.0	0.0
7273	A	8209	0	0	0.0	0.0
7274	A	8209	0	0	0.0	0.0
7275	A	8209	0	0	0.0	0.0
7276	C	8209	1	0	0.00012181751735899622	0.0
7277	T	8209	2682	0	0.32671458155682787	0.0
7278	G	8209	0	0	0.0	0.0
7279	G	8209	0	0	0.0	0.0
7280	T	8209	265	0	0.032281642100134	0.0
7281	C	8209	0	0	0.0	0.0
7282	G	8209	0	0	0.0	0.0
7283	T	8209	3	0	0.00036545255207698867	0.0
7284	G	8209	0	0	0.0	0.0
7285	T	8209	0	0	0.0	0.0
7286	A	8209	0	0	0.0	0.0
7287	T	8209	0	0	0.0	0.0
7288	T	8209	0	0	0.0	0.0
7289	G	8209	0	0	0.0	0.0
7290	A	8209	0	0	0.0	0.0
7291	T	8209	0	0	0.0	0.0
7292	C	8209	1	0	0.00012181751735899622	0.0
7293	T	8209	0	0	0.0	0.0
7294	T	8209	0	0	0.0	0.0
7295	A	8209	0	0	0.0	0.0
7296	A	8209	0	0	0.0	0.0
7297	C	8209	0	0	0.0	0.0
7298	T	8209	0	0	0.0	0.0
7299	A	8209	0	0	0.0	0.0
7300	G	8209	0	0	0.0	0.0
7301	A	8209	0	0	0.0	0.0
7302	A	8209	0	0	0.0	0.0
7303	T	8209	53	0	0.0064563284200268	0.0
7304	C	8209	4114	0	0.5011572664149104	0.0
7305	C	8209	1	0	0.00012181751735899622	0.0
7306	C	8209	0	0	0.0	0.0
7307	T	8209	52	0	0.006334510902667804	0.0
7308	T	8209	0	0	0.0	0.0
7309	C	8209	0	0	0.0	0.0
7310	T	8209	0	0	0.0	0.0
7311	T	8209	0	0	0.0	0.0
7312	C	8209	0	0	0.0	0.0
7313	G	8209	1	0	0.00012181751735899622	0.0
7314	T	8209	0	0	0.0	0.0
7315	T	8209	0	0	0.0	0.0
7316	T	8209	0	0	0.0	0.0
7317	A	8209	0	0	0.0	0.0
7318	A	8209	0	0	0.0	0.0
7319	C	8209	52	0	0.006334510902667804	0.0
7320	T	8209	0	0	0.0	0.0
7321	G	8209	0	0	0.0	0.0
7322	A	8209	0	0	0.0	0.0
7323	T	8209	0	0	0.0	0.0
7324	T	8209	0	0	0.0	0.0
7325	T	8209	0	0	0.0	0.0
7326	A	8209	0	0	0.0	0.0
7327	A	8209	0	0	0.0	0.0
7328	A	8208	0	0	0.0	0.0
7329	T	8208	0	0	0.0	0.0
7330	A	8208	0	0	0.0	0.0
7331	G	8208	0	0	0.0	0.0
7332	T	8208	0	0	0.0	0.0
7333	G	8208	0	0	0.0	0.0
7334	A	8208	0	0	0.0	0.0
7335	C	8208	93	0	0.011330409356725146	0.0
7336	T	8208	0	0	0.0	0.0
7337	A	8208	0	0	0.0	0.0
7338	G	8208	0	0	0.0	0.0
7339	C	8208	0	0	0.0	0.0
7340	T	8208	0	0	0.0	0.0
7341	G	8208	0	0	0.0	0.0
7342	T	8208	0	0	0.0	0.0
7343	A	8208	0	0	0.0	0.0
7344	T	8208	0	0	0.0	0.0
7345	T	8208	0	0	0.0	0.0
7346	T	8208	0	0	0.0	0.0
7347	C	8208	0	0	0.0	0.0
7348	G	8208	0	0	0.0	0.0
7349	T	8208	0	0	0.0	0.0
7350	T	8208	0	0	0.0	0.0
7351	T	8208	0	0	0.0	0.0
7352	G	8208	0	0	0.0	0.0
7353	A	8208	0	0	0.0	0.0
7354	T	8208	0	0	0.0	0.0
7355	A	8208	0	0	0.0	0.0
7356	G	8208	0	0	0.0	0.0
7357	A	8208	0	0	0.0	0.0
7358	A	8208	0	0	0.0	0.0
7359	A	8208	0	0	0.0	0.0
7360	A	8208	0	0	0.0	0.0
7361	T	8208	0	0	0.0	0.0
7362	G	8208	0	0	0.0	0.0
7363	T	8208	0	0	0.0	0.0
7364	C	8208	1	0	0.00012183235867446393	0.0
7365	G	8208	1	0	0.00012183235867446393	0.0
7366	T	8208	0	0	0.0	0.0
7367	T	8208	0	0	0.0	0.0
7368	G	8208	1	0	0.00012183235867446393	0.0
7369	C	8208	10	0	0.0012183235867446393	0.0
7370	A	8208	0	0	0.0	0.0
7371	A	8208	0	0	0.0	0.0
7372	T	8208	0	0	0.0	0.0
7373	A	8208	0	0	0.0	0.0
7374	T	8208	0	0	0.0	0.0
7375	T	8208	0	0	0.0	0.0
7376	G	8208	0	0	0.0	0.0
7377	C	8208	0	0	0.0	0.0
7378	T	8208	0	0	0.0	0.0
7379	T	8208	0	0	0.0	0.0
7380	G	8208	0	0	0.0	0.0
7381	C	8208	0	0	0.0	0.0
7382	T	8208	0	0	0.0	0.0
7383	G	8208	0	0	0.0	0.0
7384	T	8208	0	0	0.0	0.0
7385	G	8208	2	0	0.00024366471734892786	0.0
7386	A	8208	0	0	0.0	0.0
7387	A	8208	0	0	0.0	0.0
7388	A	8208	0	0	0.0	0.0
7389	A	8208	0	0	0.0	0.0
7390	T	8208	0	0	0.0	0.0
7391	T	8208	0	0	0.0	0.0
7392	T	8208	0	0	0.0	0.0
7393	C	8208	5	0	0.0006091617933723197	0.0
7394	A	8208	0	0	0.0	0.0
7395	C	8208	0	0	0.0	0.0
7396	T	8208	0	0	0.0	0.0
7397	G	8208	3	0	0.0003654970760233918	0.0
7398	A	8208	0	0	0.0	0.0
7399	C	8208	0	0	0.0	0.0
7400	T	8208	0	0	0.0	0.0
7401	A	8208	0	0	0.0	0.0
7402	A	8208	0	0	0.0	0.0
7403	A	8208	0	0	0.0	0.0
7404	G	8208	0	0	0.0	0.0
7405	A	8208	0	0	0.0	0.0
7406	T	8208	0	0	0.0	0.0
7407	G	8208	0	0	0.0	0.0
7408	G	8208	0	0	0.0	0.0
7409	T	8208	0	0	0.0	0.0
7410	T	8208	0	0	0.0	0.0
7411	C	8208	0	0	0.0	0.0
7412	A	8208	0	0	0.0	0.0
7413	A	8208	1	0	0.00012183235867446393	0.0
7414	A	8208	0	0	0.0	0.0
7415	A	8208	0	0	0.0	0.0
7416	A	8208	0	0	0.0	0.0
7417	A	8208	0	0	0.0	0.0
7418	A	8208	0	0	0.0	0.0
7419	G	8208	0	0	0.0	0.0
7420	C	8208	0	0	0.0	0.0
7421	T	8208	0	0	0.0	0.0
7422	G	8208	0	0	0.0	0.0
7423	T	8208	0	0	0.0	0.0
7424	T	8208	0	0	0.0	0.0
7425	T	8208	0	0	0.0	0.0
7426	G	8208	0	0	0.0	0.0
7427	A	8208	0	0	0.0	0.0
7428	T	8208	0	0	0.0	0.0
7429	T	8208	0	0	0.0	0.0
7430	G	8208	1	0	0.00012183235867446393	0.0
7431	C	8208	0	0	0.0	0.0
7432	G	8208	0	0	0.0	0.0
7433	T	8208	0	0	0.0	0.0
7434	A	8208	0	0	0.0	0.0
7435	A	8208	0	0	0.0	0.0
7436	A	8208	0	0	0.0	0.0
7437	T	8208	0	0	0.0	0.0
7438	A	8208	0	0	0.0	0.0
7439	A	8208	0	0	0.0	0.0
7440	T	8208	0	0	0.0	0.0
7441	C	8208	0	0	0.0	0.0
7442	A	8208	0	0	0.0	0.0
7443	A	8208	0	0	0.0	0.0
7444	C	8208	0	0	0.0	0.0
7445	A	8208	0	0	0.0	0.0
7446	A	8208	0	0	0.0	0.0
7447	T	8208	0	0	0.0	0.0
7448	T	8208	0	0	0.0	0.0
7449	T	8208	0	0	0.0	0.0
7450	G	8208	3	0	0.0003654970760233918	0.0
7451	C	8208	25	0	0.0030458089668615983	0.0
7452	A	8208	5674	0	0.6912768031189084	0.0
7453	T	8208	0	0	0.0	0.0
7454	T	8208	0	0	0.0	0.0
7455	T	8208	0	0	0.0	0.0
7456	T	8208	0	0	0.0	0.0
7457	T	8208	0	0	0.0	0.0
7458	A	8208	1	0	0.00012183235867446393	0.0
7459	A	8208	1	0	0.00012183235867446393	0.0
7460	C	8208	0	1	0.0	0.00012183235867446393
7461	A	8208	0	0	0.0	0.0
7462	T	8208	0	0	0.0	0.0
7463	A	8208	0	0	0.0	0.0
7464	A	8208	0	0	0.0	0.0
7465	A	8208	0	0	0.0	0.0
7466	A	8208	0	0	0.0	0.0
7467	T	8208	0	0	0.0	0.0
7468	C	8208	0	0	0.0	0.0
7469	A	8208	0	0	0.0	0.0
7470	C	8208	0	0	0.0	0.0
7471	C	8208	0	0	0.0	0.0
7472	T	8208	0	0	0.0	0.0
7473	C	8208	0	0	0.0	0.0
7474	T	8208	0	0	0.0	0.0
7475	C	8208	3	0	0.0003654970760233918	0.0
7476	G	8208	4025	0	0.49037524366471735	0.0
7477	T	8208	994	0	0.12110136452241715	0.0
7478	T	8208	0	0	0.0	0.0
7479	T	8208	0	0	0.0	0.0
7480	A	8208	0	0	0.0	0.0
7481	T	8208	0	0	0.0	0.0
7482	C	8208	0	0	0.0	0.0
7483	A	8208	0	0	0.0	0.0
7484	T	8208	0	0	0.0	0.0
7485	A	8208	0	0	0.0	0.0
7486	A	8208	0	0	0.0	0.0
7487	C	8208	0	0	0.0	0.0
7488	G	8208	0	0	0.0	0.0
7489	T	8208	0	0	0.0	0.0
7490	A	8208	0	0	0.0	0.0
7491	C	8208	4	0	0.0004873294346978557	0.0
7492	C	8208	0	0	0.0	0.0
7493	T	8208	0	0	0.0	0.0
7494	A	8208	0	316	0.0	0.0384990253411306
7495	A	8208	3	0	0.0003654970760233918	0.0
7496	A	8208	0	0	0.0	0.0
7497	A	8208	0	0	0.0	0.0
7498	A	8208	2	0	0.00024366471734892786	0.0
7499	A	8208	1	0	0.00012183235867446393	0.0
7500	A	8208	3	0	0.0003654970760233918	0.0
7501	A	8208	0	297	0.0	0.03618421052631579
7502	C	8208	3	0	0.0003654970760233918	0.0
7503	G	8208	0	0	0.0	0.0
7504	T	8208	0	0	0.0	0.0
7505	C	8208	0	0	0.0	0.0
7506	A	8208	0	0	0.0	0.0
7507	A	8208	0	0	0.0	0.0
7508	T	8208	0	0	0.0	0.0
7509	A	8208	0	0	0.0	0.0
7510	T	8208	0	0	0.0	0.0
7511	T	8208	0	0	0.0	0.0
7512	C	8208	9	0	0.0010964912280701754	0.0
7513	A	8208	0	0	0.0	0.0
7514	A	8208	0	0	0.0	0.0
7515	A	8208	0	0	0.0	0.0
7516	A	8208	0	0	0.0	0.0
7517	T	8208	0	0	0.0	0.0
7518	T	8208	0	0	0.0	0.0
7519	T	8208	0	0	0.0	0.0
7520	C	8208	137	0	0.01669103313840156	0.0
7521	T	8208	0	0	0.0	0.0
7522	T	8208	0	0	0.0	0.0
7523	T	8208	0	0	0.0	0.0
7524	T	8208	0	0	0.0	0.0
7525	G	8208	2	0	0.00024366471734892786	0.0
7526	T	8208	0	0	0.0	0.0
7527	T	8207	0	0	0.0	0.0
7528	A	8207	0	0	0.0	0.0
7529	T	8207	0	0	0.0	0.0
7530	T	8207	0	0	0.0	0.0
7531	T	8207	0	0	0.0	0.0
7532	T	8207	0	0	0.0	0.0
7533	T	8207	0	0	0.0	0.0
7534	C	8207	1	0	0.00012184720360667723	0.0
7535	T	8207	0	0	0.0	0.0
7536	T	8207	0	0	0.0	0.0
7537	T	8207	0	0	0.0	0.0
7538	A	8207	0	0	0.0	0.0
7539	T	8206	1	0	0.00012186205215695832	0.0
7540	A	8206	0	4	0.0	0.0004874482086278333
7541	T	8206	0	4	0.0	0.0004874482086278333
7542	A	8206	0	4	0.0	0.0004874482086278333
7543	A	8206	1	0	0.00012186205215695832	0.0
7544	G	8206	17	0	0.0020716548866682913	0.0
7545	G	8206	0	0	0.0	0.0
7546	A	8205	347	1	0.042291285801340645	0.0001218769043266301
7547	G	8205	56	0	0.006825106642291286	0.0
7548	C	8205	0	0	0.0	0.0
7549	C	8205	0	0	0.0	0.0
7550	C	8205	0	1	0.0	0.0001218769043266301
7551	A	8205	0	0	0.0	0.0
7552	T	8205	1	2	0.0001218769043266301	0.0002437538086532602
7553	T	8204	0	0	0.0	0.0
7554	T	8204	0	0	0.0	0.0
7555	T	8204	0	0	0.0	0.0
7556	T	8204	0	0	0.0	0.0
7557	T	8204	0	4	0.0	0.00048756704046806434
7558	A	8204	0	0	0.0	0.0
7559	T	8204	0	0	0.0	0.0
7560	G	8204	0	0	0.0	0.0
7561	T	8204	0	0	0.0	0.0
7562	T	8204	0	0	0.0	0.0
7563	A	8162	13	0	0.0015927468757657437	0.0
7564	T	8150	0	0	0.0	0.0
7565	T	8150	0	0	0.0	0.0
7566	T	8150	0	0	0.0	0.0
7567	A	8150	0	0	0.0	0.0
7568	A	8150	0	0	0.0	0.0
7569	T	8150	1	0	0.0001226993865030675	0.0
7570	C	8149	0	0	0.0	0.0
7571	A	8149	0	0	0.0	0.0
7572	C	8149	0	0	0.0	0.0
7573	A	8149	0	0	0.0	0.0
7574	G	8149	1	0	0.00012271444348999877	0.0
7575	G	8149	0	0	0.0	0.0
7576	A	8149	0	0	0.0	0.0
7577	A	8149	0	0	0.0	0.0
7578	C	8149	0	0	0.0	0.0
7579	C	8149	3	0	0.00036814333046999634	0.0
7580	T	8149	0	0	0.0	0.0
7581	G	8149	4	0	0.0004908577739599951	0.0
7582	A	8149	1	0	0.00012271444348999877	0.0
7583	T	8149	0	0	0.0	0.0
7584	T	8149	0	0	0.0	0.0
7585	C	8149	1	0	0.00012271444348999877	0.0
7586	T	8149	0	0	0.0	0.0
7587	A	8149	0	0	0.0	0.0
7588	T	8149	0	0	0.0	0.0
7589	C	8149	10	0	0.0012271444348999877	0.0
7590	A	8149	0	0	0.0	0.0
7591	T	8149	0	0	0.0	0.0
7592	T	8149	0	0	0.0	0.0
7593	G	8149	3	0	0.00036814333046999634	0.0
7594	C	8149	14	0	0.0017180022088599829	0.0
7595	A	8149	0	0	0.0	0.0
7596	G	8149	0	0	0.0	0.0
7597	A	8149	0	0	0.0	0.0
7598	A	8149	0	0	0.0	0.0
7599	T	8149	0	0	0.0	0.0
7600	A	8149	0	0	0.0	0.0
7601	G	8149	5	0	0.0006135722174499938	0.0
7602	G	8149	0	0	0.0	0.0
7603	C	8149	179	0	0.02196588538470978	0.0
7604	T	8149	0	0	0.0	0.0
7605	T	8149	0	0	0.0	0.0
7606	T	8149	0	0	0.0	0.0
7607	C	8149	0	0	0.0	0.0
7608	A	8149	0	0	0.0	0.0
7609	T	8149	0	0	0.0	0.0
7610	T	8149	0	0	0.0	0.0
7611	C	8149	0	0	0.0	0.0
7612	A	8149	0	0	0.0	0.0
7613	G	8149	0	0	0.0	0.0
7614	T	8149	0	0	0.0	0.0
7615	A	8149	1	0	0.00012271444348999877	0.0
7616	T	8149	0	0	0.0	0.0
7617	A	8149	3	0	0.00036814333046999634	0.0
7618	C	8149	0	0	0.0	0.0
7619	T	8149	0	0	0.0	0.0
7620	G	8149	0	0	0.0	0.0
7621	T	8149	0	0	0.0	0.0
7622	A	8149	0	0	0.0	0.0
7623	A	8149	0	0	0.0	0.0
7624	A	8149	0	0	0.0	0.0
7625	T	8149	0	0	0.0	0.0
7626	A	8149	0	0	0.0	0.0
7627	G	8149	0	0	0.0	0.0
7628	A	8149	0	0	0.0	0.0
7629	G	8149	1	0	0.00012271444348999877	0.0
7630	G	8149	11	0	0.0013498588783899864	0.0
7631	A	8149	0	0	0.0	0.0
7632	A	8149	0	0	0.0	0.0
7633	C	8149	0	0	0.0	0.0
7634	A	8149	0	0	0.0	0.0
7635	A	8149	0	0	0.0	0.0
7636	G	8149	0	0	0.0	0.0
7637	A	8149	0	0	0.0	0.0
7638	A	8149	0	0	0.0	0.0
7639	A	8149	0	0	0.0	0.0
7640	C	8149	0	0	0.0	0.0
7641	G	8149	0	0	0.0	0.0
7642	A	8149	0	0	0.0	0.0
7643	A	8149	0	0	0.0	0.0
7644	T	8149	0	0	0.0	0.0
7645	T	8149	0	0	0.0	0.0
7646	G	8149	0	0	0.0	0.0
7647	G	8149	0	0	0.0	0.0
7648	A	8149	0	0	0.0	0.0
7649	T	8149	1	0	0.00012271444348999877	0.0
7650	A	8149	0	0	0.0	0.0
7651	A	8149	1	0	0.00012271444348999877	0.0
7652	T	8149	0	0	0.0	0.0
7653	T	8149	0	0	0.0	0.0
7654	A	8149	0	0	0.0	0.0
7655	G	8149	0	0	0.0	0.0
7656	G	8149	0	0	0.0	0.0
7657	C	8149	1	0	0.00012271444348999877	0.0
7658	A	8149	0	0	0.0	0.0
7659	C	8149	0	0	0.0	0.0
7660	T	8149	0	0	0.0	0.0
7661	G	8149	0	0	0.0	0.0
7662	A	8149	0	0	0.0	0.0
7663	A	8149	0	0	0.0	0.0
7664	A	8149	0	0	0.0	0.0
7665	G	8149	3	0	0.00036814333046999634	0.0
7666	A	8149	0	0	0.0	0.0
7667	A	8149	0	0	0.0	0.0
7668	C	8149	7	0	0.0008590011044299914	0.0
7669	G	8149	0	0	0.0	0.0
7670	C	8149	1	0	0.00012271444348999877	0.0
7671	A	8149	0	1	0.0	0.00012271444348999877
7672	C	8149	0	0	0.0	0.0
7673	C	8149	0	0	0.0	0.0
7674	A	8149	0	0	0.0	0.0
7675	C	8149	0	0	0.0	0.0
7676	C	8149	0	0	0.0	0.0
7677	G	8148	1	0	0.00012272950417280314	0.0
7678	T	8148	0	0	0.0	0.0
7679	T	8148	0	0	0.0	0.0
7680	C	8148	1	0	0.00012272950417280314	0.0
7681	T	8148	0	0	0.0	0.0
7682	G	8148	0	0	0.0	0.0
7683	A	8148	0	0	0.0	0.0
7684	A	8148	0	0	0.0	0.0
7685	T	8148	0	0	0.0	0.0
7686	G	8148	0	0	0.0	0.0
7687	T	8148	0	0	0.0	0.0
7688	T	8148	28	0	0.003436426116838488	0.0
7689	T	8148	0	0	0.0	0.0
7690	C	8148	0	0	0.0	0.0
7691	G	8148	7	0	0.000859106529209622	0.0
7692	A	8148	0	0	0.0	0.0
7693	A	8148	0	0	0.0	0.0
7694	A	8148	117	0	0.014359351988217967	0.0
7695	C	8148	0	0	0.0	0.0
7696	A	8148	0	0	0.0	0.0
7697	C	8148	0	0	0.0	0.0
7698	A	8148	0	0	0.0	0.0
7699	C	8148	0	0	0.0	0.0
7700	A	8148	0	0	0.0	0.0
7701	A	8148	5	0	0.0006136475208640157	0.0
7702	C	8148	1	0	0.00012272950417280314	0.0
7703	A	8148	0	0	0.0	0.0
7704	G	8148	0	0	0.0	0.0
7705	G	8148	0	0	0.0	0.0
7706	T	8148	1	0	0.00012272950417280314	0.0
7707	T	8148	0	0	0.0	0.0
7708	A	8148	0	0	0.0	0.0
7709	T	8148	0	0	0.0	0.0
7710	C	8148	0	0	0.0	0.0
7711	G	8148	1	0	0.00012272950417280314	0.0
7712	A	8148	0	0	0.0	0.0
7713	A	8148	0	0	0.0	0.0
7714	A	8148	0	0	0.0	0.0
7715	T	8148	0	0	0.0	0.0
7716	G	8148	0	0	0.0	0.0
7717	G	8148	774	0	0.09499263622974963	0.0
7718	C	8148	1	0	0.00012272950417280314	0.0
7719	C	8148	1	0	0.00012272950417280314	0.0
7720	A	8148	790	0	0.09695630829651448	0.0
7721	T	8148	0	0	0.0	0.0
7722	T	8148	0	0	0.0	0.0
7723	G	8148	7	0	0.000859106529209622	0.0
7724	G	8148	0	0	0.0	0.0
7725	A	8148	0	0	0.0	0.0
7726	G	8148	0	0	0.0	0.0
7727	A	8148	0	0	0.0	0.0
7728	A	8148	4	0	0.0004909180166912126	0.0
7729	A	8148	0	0	0.0	0.0
7730	A	8148	0	0	0.0	0.0
7731	A	8148	26	0	0.0031909671084928816	0.0
7732	T	8148	154	0	0.018900343642611683	0.0
7733	T	8148	0	0	0.0	0.0
7734	C	8148	21	0	0.002577319587628866	0.0
7735	C	8148	30	0	0.003681885125184094	0.0
7736	T	8148	0	0	0.0	0.0
7737	T	8148	0	0	0.0	0.0
7738	T	8148	0	0	0.0	0.0
7739	T	8148	0	0	0.0	0.0
7740	T	8148	0	0	0.0	0.0
7741	C	8148	1	0	0.00012272950417280314	0.0
7742	T	8148	0	0	0.0	0.0
7743	C	8148	0	0	0.0	0.0
7744	C	8148	0	0	0.0	0.0
7745	G	8148	6	0	0.0007363770250368188	0.0
7746	A	8148	0	0	0.0	0.0
7747	G	8148	1	0	0.00012272950417280314	0.0
7748	G	8148	0	0	0.0	0.0
7749	T	8148	0	0	0.0	0.0
7750	T	8148	0	0	0.0	0.0
7751	A	8148	0	0	0.0	0.0
7752	G	8148	1	0	0.00012272950417280314	0.0
7753	C	8148	0	0	0.0	0.0
7754	G	8148	0	0	0.0	0.0
7755	A	8148	0	0	0.0	0.0
7756	T	8148	0	0	0.0	0.0
7757	T	8148	0	0	0.0	0.0
7758	G	8148	4	0	0.0004909180166912126	0.0
7759	T	8148	0	0	0.0	0.0
7760	G	8148	590	0	0.07241040746195386	0.0
7761	A	8148	0	0	0.0	0.0
7762	C	8148	1	0	0.00012272950417280314	0.0
7763	A	8148	0	0	0.0	0.0
7764	T	8148	0	0	0.0	0.0
7765	G	8148	0	0	0.0	0.0
7766	T	8148	0	0	0.0	0.0
7767	T	8148	0	0	0.0	0.0
7768	G	8148	1	0	0.00012272950417280314	0.0
7769	C	8148	0	0	0.0	0.0
7770	A	8148	0	0	0.0	0.0
7771	A	8148	0	0	0.0	0.0
7772	T	8148	0	0	0.0	0.0
7773	C	8148	0	0	0.0	0.0
7774	G	8148	0	0	0.0	0.0
7775	T	8148	0	0	0.0	0.0
7776	T	8148	0	0	0.0	0.0
7777	T	8148	0	0	0.0	0.0
7778	T	8148	0	0	0.0	0.0
7779	T	8148	0	0	0.0	0.0
7780	T	8148	0	0	0.0	0.0
7781	G	8148	0	0	0.0	0.0
7782	T	8148	0	0	0.0	0.0
7783	C	8148	0	0	0.0	0.0
7784	C	8148	0	0	0.0	0.0
7785	T	8148	0	0	0.0	0.0
7786	T	8148	0	0	0.0	0.0
7787	A	8148	0	0	0.0	0.0
7788	A	8148	0	0	0.0	0.0
7789	A	8148	0	0	0.0	0.0
7790	A	8148	0	0	0.0	0.0
7791	T	8148	0	0	0.0	0.0
7792	G	8148	0	0	0.0	0.0
7793	T	8148	0	0	0.0	0.0
7794	T	8148	0	0	0.0	0.0
7795	G	8148	0	0	0.0	0.0
7796	A	8148	4	0	0.0004909180166912126	0.0
7797	G	8148	0	0	0.0	0.0
7798	A	8148	0	1	0.0	0.00012272950417280314
7799	A	8148	0	1	0.0	0.00012272950417280314
7800	A	8148	0	1	0.0	0.00012272950417280314
7801	A	8148	0	1	0.0	0.00012272950417280314
7802	A	8148	0	1	0.0	0.00012272950417280314
7803	G	8148	5	1	0.0006136475208640157	0.00012272950417280314
7804	A	8148	0	1	0.0	0.00012272950417280314
7805	A	8148	0	1	0.0	0.00012272950417280314
7806	A	8148	0	1	0.0	0.00012272950417280314
7807	A	8148	0	1	0.0	0.00012272950417280314
7808	A	8148	0	1	0.0	0.00012272950417280314
7809	A	8148	0	2	0.0	0.0002454590083456063
7810	G	8148	2	0	0.0002454590083456063	0.0
7811	G	8148	0	0	0.0	0.0
7812	C	8148	0	0	0.0	0.0
7813	A	8148	0	0	0.0	0.0
7814	C	8148	0	0	0.0	0.0
7815	T	8148	0	0	0.0	0.0
7816	T	8148	0	0	0.0	0.0
7817	T	8148	0	0	0.0	0.0
7818	G	8148	598	0	0.07339224349533628	0.0
7819	C	8148	942	0	0.11561119293078057	0.0
7820	A	8148	87	0	0.010677466863033874	0.0
7821	T	8148	0	0	0.0	0.0
7822	G	8148	2	0	0.0002454590083456063	0.0
7823	T	8148	1	0	0.00012272950417280314	0.0
7824	C	8148	1	0	0.00012272950417280314	0.0
7825	A	8148	0	0	0.0	0.0
7826	G	8148	2	0	0.0002454590083456063	0.0
7827	C	8148	0	0	0.0	0.0
7828	A	8148	0	0	0.0	0.0
7829	C	8148	0	0	0.0	0.0
7830	C	8148	171	0	0.020986745213549336	0.0
7831	A	8148	0	0	0.0	0.0
7832	C	8148	0	0	0.0	0.0
7833	C	8148	0	0	0.0	0.0
7834	T	8148	0	0	0.0	0.0
7835	G	8147	0	0	0.0	0.0
7836	A	8147	0	0	0.0	0.0
7837	C	8147	0	0	0.0	0.0
7838	A	8147	0	0	0.0	0.0
7839	A	8147	0	0	0.0	0.0
7840	A	8147	0	0	0.0	0.0
7841	C	8147	0	0	0.0	0.0
7842	A	8147	0	0	0.0	0.0
7843	A	8147	0	0	0.0	0.0
7844	A	8147	1	0	0.00012274456855284154	0.0
7845	G	8147	1	0	0.00012274456855284154	0.0
7846	C	8147	0	0	0.0	0.0
7847	C	8147	2	0	0.0002454891371056831	0.0
7848	C	8147	3	0	0.0003682337056585246	0.0
7849	T	8147	0	0	0.0	0.0
7850	T	8147	0	0	0.0	0.0
7851	C	8147	0	0	0.0	0.0
7852	A	8147	0	0	0.0	0.0
7853	T	8147	0	0	0.0	0.0
7854	A	8147	0	0	0.0	0.0
7855	G	8147	0	0	0.0	0.0
7856	A	8147	0	0	0.0	0.0
7857	C	8147	0	0	0.0	0.0
7858	A	8147	0	0	0.0	0.0
7859	G	8147	0	0	0.0	0.0
7860	C	8147	0	0	0.0	0.0
7861	A	8147	0	0	0.0	0.0
7862	C	8147	0	0	0.0	0.0
7863	A	8147	0	0	0.0	0.0
7864	A	8147	0	0	0.0	0.0
7865	C	8147	0	0	0.0	0.0
7866	C	8147	0	0	0.0	0.0
7867	T	8147	0	0	0.0	0.0
7868	A	8147	0	0	0.0	0.0
7869	T	8147	0	0	0.0	0.0
7870	C	8147	0	0	0.0	0.0
7871	T	8147	0	0	0.0	0.0
7872	A	8147	0	0	0.0	0.0
7873	T	8147	0	0	0.0	0.0
7874	T	8147	0	0	0.0	0.0
7875	C	8147	0	0	0.0	0.0
7876	C	8147	0	0	0.0	0.0
7877	A	8147	8	0	0.0009819565484227323	0.0
7878	G	8147	0	0	0.0	0.0
7879	T	8147	26	0	0.00319135878237388	0.0
7880	T	8147	0	0	0.0	0.0
7881	G	8147	0	0	0.0	0.0
7882	C	8147	0	0	0.0	0.0
7883	C	8147	1	0	0.00012274456855284154	0.0
7884	T	8147	0	0	0.0	0.0
7885	T	8147	0	0	0.0	0.0
7886	T	8147	0	0	0.0	0.0
7887	T	8147	0	0	0.0	0.0
7888	T	8147	0	0	0.0	0.0
7889	T	8147	0	0	0.0	0.0
7890	G	8147	1	0	0.00012274456855284154	0.0
7891	C	8147	0	0	0.0	0.0
7892	T	8147	0	0	0.0	0.0
7893	A	8147	0	0	0.0	0.0
7894	G	8147	4	0	0.0004909782742113662	0.0
7895	T	8147	0	0	0.0	0.0
7896	T	8147	0	0	0.0	0.0
7897	A	8147	0	0	0.0	0.0
7898	C	8147	0	0	0.0	0.0
7899	A	8147	1	0	0.00012274456855284154	0.0
7900	C	8147	0	0	0.0	0.0
7901	T	8147	0	0	0.0	0.0
7902	A	8147	0	0	0.0	0.0
7903	G	8147	0	0	0.0	0.0
7904	C	8147	0	0	0.0	0.0
7905	T	8147	0	0	0.0	0.0
7906	A	8147	0	0	0.0	0.0
7907	A	8147	0	0	0.0	0.0
7908	T	8147	7	0	0.0008592119798698908	0.0
7909	T	8147	0	0	0.0	0.0
7910	T	8147	0	0	0.0	0.0
7911	T	8147	0	0	0.0	0.0
7912	A	8147	0	0	0.0	0.0
7913	G	8147	0	0	0.0	0.0
7914	T	8147	28	0	0.003436847919479563	0.0
7915	G	8147	1	0	0.00012274456855284154	0.0
7916	T	8147	0	0	0.0	0.0
7917	A	8147	0	0	0.0	0.0
7918	C	8147	0	0	0.0	0.0
7919	C	8147	0	0	0.0	0.0
7920	T	8147	8104	0	0.9947219835522279	0.0
7921	G	8147	0	0	0.0	0.0
7922	A	8147	0	0	0.0	0.0
7923	T	8147	0	0	0.0	0.0
7924	T	8147	0	0	0.0	0.0
7925	T	8147	0	0	0.0	0.0
7926	T	8147	0	0	0.0	0.0
7927	C	8147	0	0	0.0	0.0
7928	A	8147	0	0	0.0	0.0
7929	G	8147	0	0	0.0	0.0
7930	T	8147	0	0	0.0	0.0
7931	G	8147	5	0	0.0006137228427642077	0.0
7932	A	8147	0	0	0.0	0.0
7933	A	8147	0	0	0.0	0.0
7934	A	8147	0	0	0.0	0.0
7935	T	8147	0	0	0.0	0.0
7936	T	8147	0	0	0.0	0.0
7937	A	8147	0	0	0.0	0.0
7938	C	8147	0	0	0.0	0.0
7939	T	8147	0	0	0.0	0.0
7940	A	8147	0	0	0.0	0.0
7941	G	8147	0	0	0.0	0.0
7942	C	8147	0	0	0.0	0.0
7943	A	8147	0	0	0.0	0.0
7944	T	8147	0	0	0.0	0.0
7945	C	8147	0	0	0.0	0.0
7946	T	8147	0	0	0.0	0.0
7947	T	8147	0	0	0.0	0.0
7948	T	8147	0	0	0.0	0.0
7949	A	8147	4	0	0.0004909782742113662	0.0
7950	A	8147	0	0	0.0	0.0
7951	A	8147	0	0	0.0	0.0
7952	A	8147	0	0	0.0	0.0
7953	T	8147	0	0	0.0	0.0
7954	T	8147	0	0	0.0	0.0
7955	T	8147	1	0	0.00012274456855284154	0.0
7956	T	8147	0	0	0.0	0.0
7957	T	8147	0	0	0.0	0.0
7958	A	8147	59	0	0.007241929544617651	0.0
7959	C	8147	1	0	0.00012274456855284154	0.0
7960	T	8147	0	0	0.0	0.0
7961	G	8147	1	0	0.00012274456855284154	0.0
7962	A	8147	0	0	0.0	0.0
7963	A	8147	0	0	0.0	0.0
7964	A	8147	0	0	0.0	0.0
7965	C	8147	1	0	0.00012274456855284154	0.0
7966	G	8147	14	0	0.0017184239597397815	0.0
7967	A	8147	0	0	0.0	0.0
7968	T	8147	0	0	0.0	0.0
7969	C	8147	0	0	0.0	0.0
7970	A	8147	0	0	0.0	0.0
7971	G	8147	11	1	0.001350190254081257	0.00012274456855284154
7972	C	8147	2	1	0.0002454891371056831	0.00012274456855284154
7973	C	8147	0	1	0.0	0.00012274456855284154
7974	T	8147	0	1	0.0	0.00012274456855284154
7975	G	8147	0	2	0.0	0.0002454891371056831
7976	T	8147	0	2	0.0	0.0002454891371056831
7977	G	8147	1	2	0.00012274456855284154	0.0002454891371056831
7978	C	8147	0	2	0.0	0.0002454891371056831
7979	A	8147	2	2	0.0002454891371056831	0.0002454891371056831
7980	A	8147	260	2	0.0319135878237388	0.0002454891371056831
7981	T	8147	1	1	0.00012274456855284154	0.00012274456855284154
7982	G	8147	0	1	0.0	0.00012274456855284154
7983	A	8147	0	1	0.0	0.00012274456855284154
7984	A	8147	1	1	0.00012274456855284154	0.00012274456855284154
7985	C	8147	1	1	0.00012274456855284154	0.00012274456855284154
7986	T	8147	0	2	0.0	0.0002454891371056831
7987	A	8147	0	1	0.0	0.00012274456855284154
7988	G	8147	9	1	0.0011047011169755738	0.00012274456855284154
7989	T	8147	0	0	0.0	0.0
7990	T	8147	0	0	0.0	0.0
7991	T	8147	0	0	0.0	0.0
7992	T	8147	0	0	0.0	0.0
7993	C	8147	0	1	0.0	0.00012274456855284154
7994	T	8147	1	0	0.00012274456855284154	0.0
7995	T	8147	0	0	0.0	0.0
7996	C	8147	0	8	0.0	0.0009819565484227323
7997	A	8147	0	0	0.0	0.0
7998	G	8146	0	0	0.0	0.0
7999	C	8146	3	0	0.0003682789098944267	0.0
8000	G	8146	1	0	0.00012275963663147557	0.0
8001	G	8146	0	0	0.0	0.0
8002	C	8146	1	0	0.00012275963663147557	0.0
8003	G	8146	0	0	0.0	0.0
8004	G	8146	34	0	0.004173827645470169	0.0
8005	C	8146	5	0	0.0006137981831573779	0.0
8006	A	8146	0	0	0.0	0.0
8007	A	8146	0	0	0.0	0.0
8008	C	8146	1	0	0.00012275963663147557	0.0
8009	C	8146	0	0	0.0	0.0
8010	G	8146	11	0	0.0013503560029462312	0.0
8011	C	8146	9	0	0.00110483672968328	0.0
8012	T	8146	0	0	0.0	0.0
8013	G	8146	1	0	0.00012275963663147557	0.0
8014	A	8146	0	0	0.0	0.0
8015	G	8146	0	0	0.0	0.0
8016	A	8146	0	0	0.0	0.0
8017	A	8146	0	0	0.0	0.0
8018	G	8146	12	0	0.0014731156395777069	0.0
8019	C	8146	0	0	0.0	0.0
8020	T	8146	0	0	0.0	0.0
8021	T	8146	0	0	0.0	0.0
8022	T	8146	0	0	0.0	0.0
8023	T	8146	0	0	0.0	0.0
8024	T	8146	0	1	0.0	0.00012275963663147557
8025	C	8146	10	0	0.0012275963663147557	0.0
8026	T	8146	0	0	0.0	0.0
8027	C	8146	0	0	0.0	0.0
8028	A	8146	0	0	0.0	0.0
8029	A	8146	0	0	0.0	0.0
8030	A	8146	0	0	0.0	0.0
8031	T	8146	0	0	0.0	0.0
