codon_index,category,syn_changes,nonsyn_changes,n_variants,n_sequences,aa_states,codon_counts
69,nonsynonymous-only,0,1,2,4,"E×1, W×1","GAA×2, TGG×2"
70,nonsynonymous-only,0,1,2,4,"N×1, Q×1","AAT×2, CAG×2"
72,nonsynonymous-only,0,1,3,5,"A×1, E×1, V×1","GCT×2, GTG×2, GAA×1"
73,nonsynonymous-only,0,1,4,6,"A×1, E×1, I×1, W×1","GAG×2, GCA×2, ATT×1, TGG×1"
74,nonsynonymous-only,0,1,4,69,"A×2, E×1, R×1","GCA×63, AGA×3, GCG×2, GAA×1"
75,nonsynonymous-only,0,1,7,2932,"A×2, V×2, F×1, I×1, M×1","GTC×1563, ATG×691, GCT×609, ATT×64, GCA×2, TTC×2, GTA×1"
76,nonsynonymous-only,0,1,5,3667,"G×1, K×1, N×1, R×1, W×1","AGA×2914, TGG×748, AAA×2, AAT×2, GGA×1"
77,nonsynonymous-only,0,1,5,3089,"I×1, K×1, L×1, M×1, T×1","ATA×1647, AAA×749, TTA×691, ACA×1, ATG×1"
78,nonsynonymous-only,0,1,3,1646,"C×1, S×1, T×1","TGC×1563, TCC×82, ACG×1"
80,nonsynonymous-only,0,1,3,16,"H×2, F×1","TTT×13, CAT×2, CAC×1"
81,nonsynonymous-only,0,1,2,16,"D×1, Y×1","TAT×13, GAT×3"
82,nonsynonymous-only,0,1,3,16,"S×2, I×1","TCA×13, TCT×2, ATA×1"
85,nonsynonymous-only,0,1,13,4530,"V×3, S×2, D×1, F×1, G×1, I×1, K×1, N×1, T×1, Y×1","GAT×2254, AGT×1701, AGC×336, ACA×84, TTT×82, TAT×63, AAT×2, ATT×2, GTT×2, AAA×1, GGT×1, GTC×1, GTG×1"
86,nonsynonymous-only,0,1,16,4582,"I×3, D×2, L×2, A×1, C×1, E×1, F×1, H×1, R×1, S×1, V×1, Y×1","ATC×1565, TTG×1188, ATT×692, TGT×513, TTA×336, GTT×114, TCC×82, TTC×63, GCT×18, GAT×3, ATA×2, TAC×2, CAT×1, CGT×1, GAC×1, GAG×1"
87,nonsynonymous-only,0,1,12,4846,"K×2, L×2, R×2, E×1, G×1, H×1, M×1, Q×1, S×1","CAA×2252, CGG×1188, AGA×945, GAA×358, AAA×64, AAG×20, TTG×6, TTA×4, ATG×3, CAT×3, GGA×2, AGT×1"
88,nonsynonymous-only,0,1,21,6286,"V×4, I×3, T×3, K×2, N×2, A×1, F×1, G×1, H×1, L×1, M×1, S×1","CAT×1563, GTG×1165, ATT×931, ATG×899, ACT×747, AAA×722, ACA×82, AAC×58, GGT×30, AAG×28, TTT×20, GTA×14, GTT×12, AGT×4, ATC×4, AAT×2, ACG×1, ATA×1, CTT×1, GCC×1, GTC×1"
89,nonsynonymous-only,0,1,13,6883,"E×2, T×2, A×1, D×1, H×1, I×1, K×1, L×1, N×1, S×1, Y×1","GAA×2624, AAA×2399, ATT×1563, AAT×137, ACA×84, CAT×63, ACT×3, TAT×3, GAG×2, GCA×2, AGT×1, GAT×1, TTA×1"
93,nonsynonymous-only,0,1,6,1375,"Q×2, C×1, I×1, L×1, R×1","CAG×1183, CGC×84, ATC×82, TTA×20, CAA×5, TGC×1"
94,nonsynonymous-only,0,1,16,4094,"C×2, D×2, E×2, G×2, F×1, I×1, K×1, L×1, N×1, R×1, T×1, Y×1","GAC×1458, TAT×900, AAT×580, AGA×536, AAA×349, TTT×82, ATA×68, GAT×42, GAG×30, GAA×24, TGC×18, ACT×2, TTA×2, GGA×1, GGT×1, TGT×1"
95,nonsynonymous-only,0,1,16,4842,"A×2, L×2, S×2, D×1, E×1, I×1, K×1, M×1, P×1, Q×1, R×1, T×1, V×1","CCA×1564, ACA×900, GTA×843, GCG×513, GCA×433, AGA×336, AAA×65, ATG×40, TTA×40, ATA×39, TCA×28, CAG×23, TCG×13, TTG×3, GAA×1, GAC×1"
96,nonsynonymous-only,0,1,12,8420,"K×2, C×1, E×1, I×1, N×1, Q×1, R×1, T×1, V×1, W×1, Y×1","AAA×6955, AAC×756, ACA×513, TGC×82, GAA×41, GTC×30, CAA×28, ATA×4, TAT×4, TGG×3, AAG×2, AGA×2"
97,nonsynonymous-only,0,1,18,8107,"K×2, N×2, V×2, D×1, E×1, G×1, H×1, I×1, M×1, P×1, R×1, S×1, T×1, W×1, Y×1","AAT×4144, CAT×1563, AAA×1336, GTC×691, GAA×102, AGT×85, AAG×83, GTT×41, TAT×26, GAT×20, AAC×4, CCA×4, ATG×3, ACC×1, AGA×1, ATC×1, GGC×1, TGG×1"
98,nonsynonymous-only,0,1,17,8371,"I×3, V×3, L×2, R×2, T×2, A×1, C×1, G×1, M×1, Y×1","ATG×1788, ATC×1701, ACA×1650, ATT×1448, TAT×899, ATA×722, GTA×46, GTG×39, ACC×30, TTA×20, TGT×17, AGG×3, AGA×2, GCT×2, GGA×2, GTT×1, TTG×1"
99,nonsynonymous-only,0,1,21,8375,"I×3, L×3, F×2, K×2, S×2, T×2, D×1, G×1, M×1, P×1, R×1, V×1, Y×1","ACA×1564, GTC×1454, ATC×1193, TTA×902, ACT×748, CTT×692, ATA×617, ATT×554, AGC×356, AGA×82, TCT×82, TTT×50, TTG×28, TAC×19, CCT×13, TTC×9, AAA×5, AAG×2, ATG×2, GGA×2, GAC×1"
100,nonsynonymous-only,0,1,20,4114,"G×4, C×2, R×2, T×2, Y×2, A×1, D×1, I×1, K×1, L×1, N×1, S×1, V×1","TGT×1563, TAC×749, TGC×704, GAT×516, AGG×336, GGC×82, AAA×39, AAT×30, GGG×30, GGT×28, CTT×20, AGC×4, ATT×3, ACC×2, GCA×2, GTT×2, ACT×1, CGC×1, GGA×1, TAT×1"
101,nonsynonymous-only,0,1,14,3299,"S×3, K×2, L×2, C×1, D×1, E×1, I×1, N×1, R×1, W×1","ATA×1563, AAA×1026, AAT×518, TCG×82, GAT×30, CGC×26, AAG×20, TTG×20, TGT×5, GAA×3, AGC×2, TTA×2, TCT×1, TGG×1"
102,nonsynonymous-only,0,1,8,2165,"S×2, D×1, F×1, G×1, I×1, K×1, R×1","AAA×1563, GGG×513, TTT×82, AGT×2, ATC×2, AGA×1, GAT×1, TCG×1"
103,nonsynonymous-only,0,1,6,2161,"S×2, E×1, M×1, N×1, R×1","AGC×1549, ATG×515, GAG×82, AAC×13, AGA×1, AGT×1"
104,nonsynonymous-only,0,1,5,2161,"N×2, F×1, R×1, T×1","CGT×1563, AAT×305, AAC×209, TTT×82, ACT×2"
105,nonsynonymous-only,0,1,2,84,"L×1, N×1","AAT×82, CTT×2"
158,nonsynonymous-only,0,1,2,84,"F×1, T×1","ACT×82, TTT×2"
159,nonsynonymous-only,0,1,3,832,"I×1, K×1, Y×1","AAG×748, ATC×82, TAT×2"
160,nonsynonymous-only,0,1,4,2392,"C×1, N×1, R×1, S×1","CGA×1560, AAT×748, TGC×82, TCA×2"
161,nonsynonymous-only,0,1,6,3086,"S×2, T×2, I×1, W×1","TCG×1563, ACA×744, TCA×691, ACC×82, ATA×4, TGG×2"
162,nonsynonymous-only,0,1,4,3093,"A×1, D×1, F×1, V×1","GTT×3006, GCT×82, TTT×4, GAT×1"
163,nonsynonymous-only,0,1,7,984,"C×1, L×1, Q×1, R×1, S×1, W×1, Y×1","TAT×919, TCA×39, TGG×18, CAA×2, CGA×2, TGT×2, TTA×2"
164,nonsynonymous-only,0,1,5,831,"R×2, A×1, H×1, L×1","CGC×734, TTG×82, CGA×12, CAC×2, GCG×1"
165,nonsynonymous-only,0,1,3,832,"D×1, K×1, L×1","AAA×748, GAT×83, TTA×1"
166,nonsynonymous-only,0,1,11,3383,"G×2, I×2, V×2, E×1, F×1, H×1, S×1, T×1","AGC×1462, GTC×981, CAC×748, GGC×126, GAA×39, GGA×18, GTT×4, ATT×2, ACC×1, ATC×1, TTC×1"
167,nonsynonymous-only,0,1,12,4855,"L×3, A×2, P×2, V×2, F×1, I×1, T×1","GCT×1563, ACT×1456, CCT×940, GTA×748, CCC×82, ATT×34, GTT×21, CTT×4, TTA×3, TTC×2, CTG×1, GCC×1"
168,nonsynonymous-only,0,1,5,835,"L×2, F×1, Q×1, W×1","TTG×748, TGG×82, CTT×2, TTT×2, CAA×1"
169,nonsynonymous-only,0,1,8,2398,"P×2, E×1, F×1, Q×1, S×1, T×1, Y×1","TCC×1562, ACA×748, GAG×82, TAT×2, CAA×1, CCC×1, CCT×1, TTC×1"
176,nonsynonymous-only,0,1,4,25,"F×1, I×1, R×1, W×1","CGA×20, ATA×2, TTC×2, TGG×1"
177,nonsynonymous-only,0,1,20,8325,"L×4, T×3, I×2, K×2, R×2, S×2, A×1, D×1, G×1, N×1, Q×1","AAA×2620, ACC×1272, TCG×1222, TCA×837, TTG×829, AAC×690, TTA×369, ACT×200, ACA×131, ATC×84, GGA×28, AGG×17, CTG×13, AGA×6, ATA×2, AAG×1, CAG×1, CTA×1, GAC×1, GCA×1"
178,nonsynonymous-only,0,1,17,8417,"R×3, K×2, Q×2, A×1, D×1, E×1, G×1, I×1, M×1, N×1, T×1, V×1, Y×1","AAA×3781, AAG×1752, GAA×1456, GCG×592, AAC×326, ATG×315, AGA×107, CAA×55, CAG×16, CGA×4, ATA×3, GTG×3, AGG×2, TAC×2, ACG×1, GAC×1, GGA×1"
179,nonsynonymous-only,0,1,17,8356,"D×2, E×2, K×2, N×2, R×2, T×2, G×1, I×1, Q×1, S×1, Y×1","AAG×2973, AAA×2637, GAA×964, ACA×761, GAC×689, AGG×172, GAG×86, CAG×30, ATA×23, ACG×10, TAT×3, AGA×2, GAT×2, AAC×1, AAT×1, AGC×1, GGA×1"
180,nonsynonymous-only,0,1,22,7161,"L×5, S×3, F×2, H×2, Q×2, R×2, Y×2, C×1, N×1, P×1, V×1","CTT×2202, CAC×1018, TCC×848, TCT×740, CGA×615, TGC×597, TCA×339, TAC×302, CAT×171, TAT×83, TTT×66, CTA×57, CTG×35, TTA×35, TTG×32, CAA×6, GTG×6, TTC×3, AAT×2, CAG×2, AGG×1, CCG×1"
181,nonsynonymous-only,0,1,21,5005,"S×4, G×2, I×2, P×2, Y×2, A×1, C×1, F×1, H×1, K×1, L×1, Q×1, R×1, W×1","TAC×2462, TTT×1262, CCA×596, ATT×336, TGG×89, TGC×84, ATC×50, GGA×39, TCC×29, GGT×20, CTT×14, AAG×8, CCC×4, TAT×3, AGC×2, CGT×2, AGT×1, CAA×1, CAT×1, GCA×1, TCT×1"
182,nonsynonymous-only,0,1,12,4290,"L×3, F×2, S×2, H×1, I×1, K×1, M×1, Q×1","CAC×1564, ATA×1188, AGT×748, CTA×598, AAA×84, CAA×40, ATG×30, TTT×20, TTC×13, TCG×2, TTG×2, TTA×1"
183,nonsynonymous-only,0,1,9,2412,"I×2, A×1, D×1, K×1, L×1, S×1, T×1, V×1","GAT×1563, ATT×385, GTT×363, AGC×82, GCT×13, AAA×2, ACT×2, ATA×1, CTG×1"
186,nonsynonymous-only,0,1,2,830,"K×1, N×1","AAC×748, AAA×82"
187,nonsynonymous-only,0,1,2,830,"K×1, T×1","AAA×748, ACA×82"
188,nonsynonymous-only,0,1,2,830,"I×1, V×1","GTT×748, ATC×82"
189,nonsynonymous-only,0,1,2,830,"L×1, P×1","CCC×748, CTC×82"
190,nonsynonymous-only,0,1,2,830,"P×1, T×1","ACA×748, CCG×82"
191,nonsynonymous-only,0,1,6,2399,"F×2, H×1, I×1, S×1, V×1","TTT×2311, CAT×82, ATT×2, GTT×2, TCC×1, TTC×1"
192,nonsynonymous-only,0,1,4,2396,"Y×2, Q×1, W×1","TAT×1563, TGG×749, CAG×82, TAC×2"
199,nonsynonymous-only,0,1,7,2398,"R×3, C×1, D×1, H×1, L×1","CGT×2269, CGC×83, CTT×26, CAT×16, TGC×2, CGA×1, GAC×1"
200,nonsynonymous-only,0,1,10,2197,"L×3, S×2, E×1, F×1, Q×1, W×1, Y×1","TTG×1461, TTT×596, GAA×82, TCA×33, CTA×13, TCC×6, CAG×2, TGG×2, TAT×1, TTA×1"
201,nonsynonymous-only,0,1,5,1650,"K×2, A×1, M×1, T×1","ACG×1635, ATG×11, AAA×2, AAG×1, GCA×1"
208,nonsynonymous-only,0,1,2,84,"M×1, V×1","GTA×82, ATG×2"
209,nonsynonymous-only,0,1,3,86,"D×1, E×1, H×1","GAT×82, CAT×2, GAA×2"
210,nonsynonymous-only,0,1,13,6103,"V×4, I×3, A×1, E×1, K×1, L×1, M×1, N×1","GTC×1563, ATT×1559, ATG×1274, GTG×748, ATC×516, ATA×315, GTA×83, GTT×22, AAC×13, AAG×4, GCA×3, GAA×2, CTC×1"
211,nonsynonymous-only,0,1,25,6077,"T×4, G×3, L×3, A×2, K×2, S×2, V×2, D×1, E×1, I×1, M×1, N×1, P×1, R×1","ACG×1564, TCA×1188, GTT×895, TTA×748, GCG×597, ATG×513, CCA×336, AAT×84, GAA×82, TCT×20, CGA×13, TTG×6, ACA×5, AAA×4, GCT×4, ACT×3, GGC×3, GGT×3, GGG×2, GTA×2, AAG×1, ACC×1, ATT×1, CTG×1, GAC×1"
212,nonsynonymous-only,0,1,2,3,"M×1, V×1","ATG×2, GTA×1"
213,nonsynonymous-only,0,1,3,516,"G×1, I×1, N×1","AAC×513, ATA×2, GGT×1"
228,nonsynonymous-only,0,1,4,831,"V×2, A×1, I×1","GCC×746, GTC×82, GTA×2, ATC×1"
229,nonsynonymous-only,0,1,4,831,"K×1, L×1, M×1, S×1","TCG×746, AAG×82, TTG×2, ATG×1"
233,nonsynonymous-only,0,1,5,913,"I×2, L×1, M×1, P×1","CCA×899, TTA×8, ATG×3, ATC×2, ATT×1"
234,nonsynonymous-only,0,1,10,1507,"L×3, T×2, H×1, I×1, S×1, V×1, Y×1","CTT×899, CTC×596, ATT×4, TTG×2, ACG×1, ACT×1, CAT×1, GTT×1, TAC×1, TCT×1"
235,nonsynonymous-only,0,1,4,601,"C×1, N×1, S×1, Y×1","TGT×598, AAT×1, AGT×1, TAT×1"
237,nonsynonymous-only,0,1,12,4218,"I×3, E×1, F×1, G×1, L×1, M×1, Q×1, R×1, S×1, V×1","ATT×1702, ATG×1562, GTA×748, TTG×84, GGA×82, ATC×30, ATA×3, CAA×3, AGA×1, GAG×1, TCA×1, TTT×1"
238,nonsynonymous-only,0,1,15,7257,"C×2, S×2, Y×2, F×1, H×1, I×1, L×1, N×1, P×1, Q×1, R×1, T×1","CAA×1563, CAT×1457, TAT×1324, ACT×1189, TTT×920, CTT×626, CGC×84, TGC×82, ATT×4, TCT×2, TGT×2, AAT×1, CCT×1, TAC×1, TCG×1"
239,nonsynonymous-only,0,1,14,7256,"S×3, F×2, I×2, L×2, P×2, A×1, V×1, Y×1","TTT×2741, TCT×1647, ATT×1555, TTC×661, CCT×464, CTT×85, CCC×53, TAC×33, ATA×11, GCT×2, CTG×1, GTT×1, TCA×1, TCC×1"
240,nonsynonymous-only,0,1,5,1000,"D×2, G×1, N×1, V×1","GGT×598, GAT×333, AAT×64, GTT×4, GAC×1"
241,nonsynonymous-only,0,1,4,996,"C×1, F×1, T×1, Y×1","TTT×900, TAC×63, ACC×30, TGT×3"
243,synonymous-only,1,0,2,63,R×2,"AGA×53, AGG×10"
244,nonsynonymous-only,0,1,6,2850,"A×1, G×1, K×1, Q×1, R×1, T×1","AAA×2752, ACC×63, GGA×30, GCA×3, AGA×1, CAA×1"
245,nonsynonymous-only,0,1,8,3894,"R×3, E×1, G×1, K×1, Q×1, T×1","AGG×2050, AGA×1208, ACA×596, CGG×31, GAA×4, AAA×3, CAA×1, GGG×1"
246,nonsynonymous-only,0,1,10,5090,"R×3, G×2, T×2, E×1, N×1, Q×1","CGA×1898, AGA×1392, AAC×1188, GGA×491, ACG×82, GAA×31, CGT×4, ACA×2, CAA×1, GGG×1"
247,nonsynonymous-only,0,1,10,5927,"I×2, N×2, D×1, F×1, K×1, L×1, T×1, V×1","GAT×2739, AAC×1439, ATT×598, AAT×547, CTT×516, ATC×81, TTT×4, AAG×1, ACT×1, GTC×1"
248,nonsynonymous-only,0,1,14,5927,"H×2, N×2, A×1, C×1, D×1, F×1, G×1, L×1, P×1, R×1, S×1, Y×1","GAT×1565, TTA×1524, AAC×775, AAT×746, TGT×659, CAT×514, GCT×82, TTT×30, AGT×20, CCT×4, GGT×3, CGT×2, TAC×2, CAC×1"
249,nonsynonymous-only,0,1,14,6837,"R×3, C×2, Y×2, D×1, E×1, G×1, L×1, N×1, S×1, W×1","TGG×3598, TGT×899, AGG×755, AGC×617, TAC×516, CGG×251, TGC×166, GGG×17, GAT×6, TAT×4, AAC×3, TTG×3, CGC×1, GAA×1"
250,nonsynonymous-only,0,1,14,6830,"A×1, C×1, D×1, F×1, H×1, I×1, L×1, N×1, P×1, R×1, S×1, T×1, V×1, Y×1","CTT×1247, GCT×1186, CGT×899, TAT×748, TTT×720, AAT×693, CAT×681, TGT×596, ATT×30, GTT×20, GAT×6, ACT×2, AGT×1, CCT×1"
251,nonsynonymous-only,0,1,2,83,"C×1, L×1","TGT×82, TTG×1"
253,synonymous-only,1,0,2,82,S×2,"AGT×51, AGC×31"
263,nonsynonymous-only,0,1,6,4651,"L×3, Q×1, S×1, W×1","TTG×2396, TCG×1565, TGG×597, CTG×90, CAG×2, TTA×1"
264,nonsynonymous-only,0,1,15,8292,"A×3, V×3, G×2, I×2, D×1, E×1, M×1, Q×1, R×1","GCG×2529, GTG×2107, GCA×1192, CAG×895, GTT×748, GTC×662, GAC×88, GCC×30, GGC×20, GAG×8, ATT×6, CGG×4, ATA×1, ATG×1, GGA×1"
265,nonsynonymous-only,0,1,17,6112,"S×3, L×2, P×2, R×2, E×1, F×1, G×1, I×1, K×1, Q×1, T×1, Y×1","GAA×1651, AAA×1601, TCT×899, CTT×691, CCA×598, CAA×398, ATA×110, TAC×82, GGA×45, TTT×20, ACT×7, CGA×5, AGA×1, AGT×1, CCC×1, CTA×1, TCA×1"
266,nonsynonymous-only,0,1,8,8343,"L×2, A×1, I×1, M×1, T×1, V×1, W×1","ATG×3857, ACG×1555, TTG×1468, CTG×693, GCG×575, TGG×82, ATA×81, GTG×32"
267,nonsynonymous-only,0,1,14,8320,"V×3, A×2, D×2, E×2, G×2, F×1, S×1, W×1","GTT×2139, GCT×1467, TTT×1467, GGG×1189, GAT×916, GCG×596, GTG×430, GTA×86, GAG×20, GGT×3, TGG×3, GAA×2, AGT×1, GAC×1"
268,nonsynonymous-only,0,1,14,8318,"L×3, P×2, A×1, C×1, H×1, I×1, M×1, Q×1, R×1, T×1, V×1","CTG×3433, CAG×1680, CAT×1467, ATT×899, GTG×693, TGC×82, CCG×31, ACT×17, GCG×9, CTT×3, ATG×1, CCT×1, CGG×1, TTG×1"
269,nonsynonymous-only,0,1,8,7402,"V×2, A×1, E×1, G×1, L×1, T×1, Y×1","GTA×2282, GCA×1960, TAT×1467, GAA×898, GGA×709, ACA×82, TTG×3, GTG×1"
270,nonsynonymous-only,0,1,7,7403,"K×1, L×1, N×1, R×1, S×1, T×1, V×1","AAT×2342, AAA×2297, GTA×1466, AGA×1287, AGT×4, CTA×4, ACA×3"
271,nonsynonymous-only,0,1,9,7402,"V×3, A×1, K×1, L×1, P×1, Q×1, R×1","GTA×2391, CAA×1714, GTG×1467, CCA×731, CGA×649, CTA×363, GCC×82, GTC×3, AAA×2"
272,nonsynonymous-only,0,1,18,7404,"L×3, P×3, R×3, A×2, C×2, H×2, I×1, Q×1, Y×1","CTT×2217, CCA×1512, CGT×1186, TGT×624, CGA×596, CGC×516, CTA×467, CAA×100, ATT×82, TGC×54, GCT×20, TAT×17, CCT×4, CAT×3, CAC×2, GCA×2, CCC×1, CTC×1"
277,nonsynonymous-only,0,1,13,7407,"L×3, F×2, S×2, A×1, C×1, I×1, M×1, Q×1, V×1","TTA×3454, GCA×1428, TTC×869, TCA×748, TTG×680, ATG×145, GTA×39, TTT×31, TGC×7, TCC×3, ATT×1, CAA×1, CTG×1"
278,nonsynonymous-only,0,1,13,7400,"R×4, K×2, N×2, D×1, F×1, I×1, T×1, V×1","AAT×3084, AAA×2318, ATT×1466, CGC×361, GAT×82, AAC×61, ACT×13, CGT×5, CGA×4, AAG×3, CGG×1, GTT×1, TTT×1"
279,nonsynonymous-only,0,1,20,7401,"L×4, I×3, V×3, C×1, D×1, F×1, G×1, H×1, Q×1, R×1, S×1, T×1, Y×1","ATT×2321, TAT×1467, ATC×1240, TGT×694, GTG×550, AGT×513, CAT×336, CAG×84, AGA×82, GTA×46, TTG×34, GAT×13, TTA×12, ATA×2, CTA×2, ACT×1, CTT×1, GGG×1, GTT×1, TTT×1"
280,nonsynonymous-only,0,1,10,8337,"I×3, T×2, V×2, F×1, L×1, M×1","ATT×4403, TTT×1480, ATA×930, GTA×917, TTA×515, ATG×63, ACA×24, ACG×2, GTC×2, ATC×1"
281,nonsynonymous-only,0,1,18,7392,"A×3, G×3, F×2, I×2, S×2, T×2, E×1, L×1, N×1, V×1","ACA×1544, TTT×1468, AAT×1188, TCA×749, GCG×673, GGC×595, GCA×536, TTA×367, ATA×84, GAA×82, AGT×53, ACT×20, ATT×13, GGT×12, GCC×4, TTC×2, GGG×1, GTT×1"
282,nonsynonymous-only,0,1,8,7308,"G×4, N×1, Q×1, R×1, W×1","GGA×2556, CAA×1469, AAT×1218, GGC×1084, GGT×782, GGG×185, CGA×13, TGG×1"
283,nonsynonymous-only,0,1,12,3395,"L×4, I×3, V×3, F×1, M×1","GTA×1544, GTT×691, TTG×597, ATC×337, ATA×84, ATG×82, TTT×34, GTG×19, CTA×2, CTG×2, TTA×2, ATT×1"
284,nonsynonymous-only,0,1,12,3229,"L×4, D×2, E×2, A×1, I×1, V×1, Y×1","TTA×1231, GAG×691, GAC×596, CTA×361, TAC×336, GCT×4, GAT×3, ATT×2, GTT×2, CTG×1, GAA×1, TTG×1"
286,nonsynonymous-only,0,1,2,3,"D×1, N×1","AAC×2, GAC×1"
287,nonsynonymous-only,0,1,3,599,"Y×2, S×1","TAC×596, AGT×2, TAT×1"
288,nonsynonymous-only,0,1,7,2871,"A×2, D×2, P×2, M×1","CCA×1564, GCG×690, GAT×596, CCT×17, ATG×2, GAC×1, GCT×1"
289,nonsynonymous-only,0,1,11,3794,"L×2, A×1, D×1, F×1, G×1, K×1, M×1, N×1, S×1, T×1","ACC×1564, TTT×916, GAT×689, TCT×596, TTA×20, AAT×2, ATG×2, GCT×2, AAA×1, CTA×1, GGT×1"
290,nonsynonymous-only,0,1,14,5265,"S×4, C×1, E×1, G×1, I×1, K×1, L×1, M×1, N×1, T×1, V×1","TCC×1566, AGT×1467, ACA×899, AAA×698, GGT×596, AAT×19, TCA×12, GAA×2, ATC×1, ATG×1, GTA×1, TCG×1, TGT×1, TTA×1"
291,nonsynonymous-only,0,1,12,5291,"G×4, C×1, D×1, H×1, M×1, N×1, Q×1, S×1, Y×1","GGG×1561, TGT×1459, AAT×951, GGT×691, GAC×596, TAT×16, CAT×8, AGT×3, CAA×2, GGC×2, ATG×1, GGA×1"
292,nonsynonymous-only,0,1,12,3890,"L×3, S×3, E×1, F×1, I×1, K×1, Q×1, Y×1","TCC×1414, TTC×899, CAG×697, TTA×690, TCT×136, CTA×19, TCA×14, TAT×13, AAA×3, TTG×3, ATA×1, GAA×1"
293,nonsynonymous-only,0,1,15,5389,"I×3, K×2, T×2, V×2, E×1, F×1, L×1, M×1, R×1, S×1","ATC×2064, ATG×1570, TTC×900, ATT×759, AGA×28, ATA×24, TCA×18, AAG×7, ACC×6, GAG×3, TTG×3, AAA×2, ACA×2, GTC×2, GTT×1"
294,nonsynonymous-only,0,1,18,3866,"S×3, V×3, L×2, T×2, C×1, D×1, E×1, F×1, G×1, I×1, N×1, Q×1","GTG×1550, AGT×900, GTT×690, ATT×605, TGT×28, CTG×20, GGT×18, CAG×17, GTC×14, ACT×10, TCT×4, AAT×2, ACC×2, GAT×2, CTT×1, GAA×1, TCA×1, TTT×1"
295,nonsynonymous-only,0,1,15,3850,"L×3, F×2, I×2, N×2, A×1, E×1, K×1, T×1, V×1, Y×1","ATT×1583, CTC×899, TTA×691, AAC×596, TTT×46, AAT×20, ATC×4, ACG×3, TAT×2, AAA×1, GAG×1, GCT×1, GTC×1, TTC×1, TTG×1"
296,synonymous-only,1,0,3,597,G×3,"GGC×594, GGT×2, GGA×1"
297,nonsynonymous-only,0,1,2,597,"K×1, R×1","AAA×596, AGA×1"
298,nonsynonymous-only,0,1,3,612,"N×1, S×1, T×1","TCA×596, ACA×15, AAT×1"
299,nonsynonymous-only,0,1,4,612,"A×1, K×1, R×1, T×1","ACA×596, AGA×13, AAA×2, GCA×1"
300,nonsynonymous-only,0,1,3,612,"K×1, R×1, T×1","AAA×597, ACA×13, AGA×2"
301,nonsynonymous-only,0,1,4,612,"N×2, D×1, Y×1","AAT×596, AAC×13, TAC×2, GAC×1"
302,nonsynonymous-only,0,1,3,612,"F×1, L×1, R×1","TTT×609, CGT×2, TTA×1"
303,nonsynonymous-only,0,1,5,612,"T×2, K×1, P×1, S×1","AAA×596, ACC×9, CCC×4, ACA×2, AGT×1"
304,nonsynonymous-only,0,1,3,599,"D×1, E×1, K×1","GAA×597, AAA×1, GAT×1"
305,nonsynonymous-only,0,1,3,599,"A×2, S×1","GCC×596, AGC×2, GCA×1"
306,nonsynonymous-only,0,1,4,597,"D×2, E×1, H×1","GAC×536, GAT×44, CAC×16, GAA×1"
309,nonsynonymous-only,0,1,2,597,"A×1, Y×1","GCT×596, TAT×1"
310,nonsynonymous-only,0,1,2,597,"L×1, Y×1","TAT×596, TTG×1"
311,synonymous-only,1,0,3,597,R×3,"CGG×595, AGA×1, CGA×1"
312,nonsynonymous-only,0,1,2,597,"N×1, S×1","AAT×596, AGT×1"
313,nonsynonymous-only,0,1,2,597,"N×1, S×1","AAC×596, AGC×1"
314,nonsynonymous-only,0,1,2,597,"K×1, S×1","TCA×596, AAG×1"
316,nonsynonymous-only,0,1,2,597,"G×1, Q×1","GGT×596, CAA×1"
317,nonsynonymous-only,0,1,2,597,"F×1, I×1","TTT×596, ATC×1"
318,nonsynonymous-only,0,1,2,597,"I×1, V×1","ATT×596, GTT×1"
319,nonsynonymous-only,0,1,9,3465,"F×2, L×2, Y×2, D×1, N×1, P×1","TAT×1473, AAT×899, TTT×684, CCT×338, CTT×29, TTC×19, GAT×17, CTC×5, TAC×1"
320,nonsynonymous-only,0,1,12,3369,"D×2, H×2, Y×2, C×1, F×1, N×1, Q×1, R×1, S×1","CAA×2070, TAT×918, GAT×337, AAC×18, TAC×13, CAT×4, TGC×3, CAC×2, AGC×1, CGA×1, GAC×1, TTT×1"
321,nonsynonymous-only,0,1,12,1968,"L×2, R×2, C×1, E×1, G×1, I×1, K×1, S×1, T×1, W×1","TGT×899, AGT×625, GAA×336, AGA×50, AGG×18, TGG×17, ATC×16, AAG×2, GGA×2, ACT×1, CTA×1, TTA×1"
322,nonsynonymous-only,0,1,11,1607,"I×2, K×2, D×1, F×1, L×1, P×1, R×1, T×1, Y×1","AGG×899, TAC×597, TTT×39, ATT×28, ACT×17, TTA×13, GAC×8, AAG×3, AAA×1, ATA×1, CCT×1"
323,nonsynonymous-only,0,1,12,1611,"R×3, G×2, I×1, K×1, L×1, M×1, N×1, S×1, V×1","AGA×895, AAC×596, ATC×39, AAA×35, AGT×17, GTT×13, ATG×5, CGC×4, GGA×4, AGG×1, CTG×1, GGT×1"
324,nonsynonymous-only,0,1,9,692,"I×2, L×2, C×1, E×1, F×1, K×1, R×1","TTA×597, TTT×41, AAG×28, TGT×13, ATC×6, TTG×4, AGG×1, ATT×1, GAA×1"
325,nonsynonymous-only,0,1,6,692,"I×2, S×2, C×1, Y×1","ATT×600, TGC×40, TAT×28, ATC×15, AGT×8, TCT×1"
326,nonsynonymous-only,0,1,5,672,"I×2, K×1, N×1, S×1","AGT×596, AAT×39, ATT×29, ATA×6, AAA×2"
327,nonsynonymous-only,0,1,2,7,"G×1, V×1","GGA×6, GTT×1"
328,nonsynonymous-only,0,1,3,37,"K×1, N×1, R×1","AGG×34, AAA×2, AAT×1"
329,nonsynonymous-only,0,1,5,37,"N×2, D×1, L×1, S×1","AAT×26, GAT×7, CTT×2, AAC×1, AGC×1"
332,nonsynonymous-only,0,1,5,54,"L×3, P×1, Q×1","CCC×28, CAA×20, CTG×3, CTA×2, TTA×1"
333,nonsynonymous-only,0,1,6,1267,"L×2, E×1, I×1, Q×1, Y×1","GAA×1188, ATA×39, TTG×28, CAA×7, TTA×4, TAT×1"
334,nonsynonymous-only,0,1,16,4979,"T×3, E×2, I×2, L×2, V×2, K×1, M×1, N×1, P×1, R×1","ATG×2254, GTT×1188, ATC×596, CCC×550, CTC×196, CTA×82, AAG×47, GAG×28, ACT×13, ATT×12, GAA×6, AAC×2, CGC×2, ACA×1, ACG×1, GTC×1"
335,nonsynonymous-only,0,1,20,6517,"L×4, I×2, K×2, R×2, S×2, V×2, E×1, G×1, H×1, P×1, Q×1, Y×1","GGA×1550, AAA×1435, TTG×1270, CTC×768, ATC×691, AAG×400, AGG×231, TTA×64, GAG×43, CTA×28, GTA×13, AGA×7, CAT×6, CCG×3, ATA×2, CAA×2, AGC×1, GTG×1, TAT×1, TCG×1"
336,nonsynonymous-only,0,1,19,7440,"E×2, I×2, K×2, L×2, R×2, S×2, V×2, A×1, F×1, G×1, P×1, Q×1","AAA×2355, AGT×1467, CCA×1187, ATA×916, AAG×691, GGA×596, GAG×82, ATT×63, CAA×30, TTC×21, GAA×14, CGG×6, AGC×2, CGA×2, GCA×2, GTA×2, GTT×2, CTA×1, TTA×1"
337,nonsynonymous-only,0,1,14,7466,"F×2, L×2, R×2, C×1, H×1, K×1, N×1, P×1, S×1, T×1, Y×1","TTT×3081, TTC×1569, CTT×1188, TCT×692, CGT×646, CAT×123, AAC×82, TGT×37, CCT×19, CGC×17, TTA×6, TAT×3, AAG×2, ACT×1"
338,nonsynonymous-only,0,1,18,7439,"S×3, F×2, K×2, Q×2, R×2, C×1, D×1, L×1, N×1, P×1, W×1, Y×1","CAG×3502, CAA×1466, AGC×899, TAT×705, TGG×596, CCG×82, AAG×63, TTG×39, TGC×28, TCC×21, TTT×18, TTC×7, AAC×6, AGG×2, CGA×2, AAA×1, GAT×1, TCT×1"
339,nonsynonymous-only,0,1,16,4882,"L×5, I×2, S×2, V×2, E×1, F×1, K×1, N×1, P×1","CTA×1467, GTT×1191, GAG×748, TCG×691, ATA×596, GTA×65, TTT×63, CCT×20, TTA×16, ATT×8, AAC×6, CTG×4, TTG×4, AAA×1, CTT×1, TCA×1"
340,nonsynonymous-only,0,1,21,7443,"L×3, G×2, K×2, N×2, Y×2, A×1, E×1, F×1, H×1, I×1, M×1, P×1, Q×1, S×1, V×1","GGG×1465, TTG×1403, CCG×1181, ATG×973, GAG×899, AAC×765, ATA×316, TTA×158, AAG×147, TAC×43, TTC×39, TAT×20, GTC×13, GCG×7, AAA×4, CTG×3, CAT×2, GGA×2, AAT×1, CAA×1, TCA×1"
341,nonsynonymous-only,0,1,11,7431,"L×5, F×2, S×2, P×1, T×1","TTG×2504, CTT×1563, TTA×1375, TTC×850, CTG×688, TCG×416, TTT×19, TCA×11, ACA×2, CCA×2, CTC×1"
342,nonsynonymous-only,0,1,18,7431,"L×3, F×2, K×2, N×2, S×2, C×1, E×1, G×1, P×1, R×1, V×1, W×1","GAA×1566, TTA×1468, AAA×1250, AAT×1189, TGC×891, AGC×596, AAC×300, TTG×80, GTA×39, CGG×18, TTT×13, TTC×8, AAG×6, TCA×3, CCA×1, CTG×1, GGA×1, TGG×1"
343,nonsynonymous-only,0,1,16,6667,"L×3, S×2, C×1, D×1, F×1, G×1, K×1, N×1, R×1, T×1, V×1, W×1, Y×1","TTA×1563, GTA×1485, TGG×1185, GGT×899, AAA×691, TTG×598, TAT×117, GAC×53, AGA×42, ACC×18, CTC×10, TGT×2, AAT×1, AGT×1, TCG×1, TTT×1"
344,nonsynonymous-only,0,1,15,6484,"G×2, Q×2, R×2, A×1, F×1, I×1, K×1, L×1, M×1, T×1, V×1, W×1","GGT×1563, GCG×1469, CGG×1183, ATG×787, AGA×691, GTA×596, ATT×82, AAG×63, TTC×28, TTA×13, TGG×3, ACA×2, GGG×2, CAA×1, CAG×1"
345,nonsynonymous-only,0,1,8,3481,"A×1, D×1, E×1, K×1, P×1, Q×1, R×1, S×1","TCA×2254, GAG×1188, AAA×28, CAG×6, GAT×2, AGA×1, CCG×1, GCG×1"
346,nonsynonymous-only,0,1,5,2257,"G×3, I×2","GGT×1561, ATT×692, GGG×2, ATC×1, GGC×1"
347,nonsynonymous-only,0,1,4,2256,"F×2, C×1, D×1","TTT×1272, TGT×692, TTC×291, GAC×1"
348,nonsynonymous-only,0,1,2,2,"I×1, Q×1","ATT×1, CAA×1"
351,nonsynonymous-only,0,1,10,2217,"T×4, A×2, I×2, L×1, M×1","ATG×1469, ACT×596, ACG×62, GCA×35, ATT×28, TTA×13, ACA×7, GCG×4, ACC×2, ATC×1"
352,nonsynonymous-only,0,1,8,2187,"D×2, E×2, G×2, K×1, V×1","GAA×1468, GAG×529, AAG×67, GAT×64, GGT×39, GGA×13, GTT×6, GAC×1"
353,nonsynonymous-only,0,1,8,2217,"R×3, K×1, Q×1, S×1, W×1, Y×1","CGA×1268, TGG×660, CAA×202, AAA×39, AGG×28, TCA×13, AGA×6, TAT×1"
355,nonsynonymous-only,0,1,3,35,"E×2, Q×1","GAA×28, CAA×6, GAG×1"
356,nonsynonymous-only,0,1,3,58,"I×2, T×1","ATA×49, ATC×8, ACG×1"
357,nonsynonymous-only,0,1,6,656,"I×3, L×2, F×1","TTT×616, TTA×28, TTG×8, ATC×2, ATA×1, ATT×1"
358,nonsynonymous-only,0,1,4,647,"H×1, I×1, Q×1, R×1","CAA×616, CAC×28, CGC×2, ATC×1"
359,nonsynonymous-only,0,1,4,993,"K×2, G×1, L×1","AAG×636, GGG×336, AAA×20, TTG×1"
360,nonsynonymous-only,0,1,5,939,"Q×2, E×1, K×1, R×1","CAG×596, AAA×335, GAA×4, CAA×3, CGA×1"
361,nonsynonymous-only,0,1,5,624,"G×1, K×1, N×1, W×1, Y×1","AAA×597, TAT×20, TGG×4, AAC×2, GGC×1"
362,nonsynonymous-only,0,1,11,5234,"N×2, S×2, D×1, E×1, H×1, K×1, P×1, R×1, Y×1","AGT×1936, AAC×1567, CGC×691, GAC×596, CAT×330, AGC×83, TAT×20, CCT×6, AAG×3, AAT×1, GAG×1"
363,nonsynonymous-only,0,1,15,5242,"P×3, N×2, S×2, A×1, D×1, E×1, F×1, G×1, M×1, R×1, V×1","CCT×1425, GAC×1188, CGC×711, TTC×627, GCC×600, GGC×336, CCA×134, GTC×122, AAT×82, GAA×6, CCC×4, TCC×3, AGC×2, AAC×1, ATG×1"
364,nonsynonymous-only,0,1,19,7718,"R×3, D×2, K×2, N×2, S×2, C×1, E×1, G×1, H×1, L×1, M×1, Q×1, W×1","AAT×2237, AAC×1590, GAA×1565, CGA×1188, AAA×627, AGG×336, ATG×82, AGA×30, GGG×20, TGG×18, AAG×10, GAC×4, GAT×3, AGT×2, TGT×2, AGC×1, CAA×1, CAT×1, CTT×1"
365,nonsynonymous-only,0,1,16,5817,"C×2, D×2, K×2, Y×2, E×1, F×1, H×1, L×1, N×1, R×1, S×1, W×1","TAT×3801, TGT×982, AAG×596, GAC×336, CAT×28, AAT×22, GAT×21, TTG×13, TAC×7, TGG×3, AAA×2, GAG×2, CGG×1, TCA×1, TGC×1, TTT×1"
366,nonsynonymous-only,0,1,20,5837,"S×3, C×2, E×2, F×2, L×2, P×2, R×2, K×1, Q×1, V×1, W×1, Y×1","TCA×1584, TTT×1468, TGC×895, TTC×761, CCG×597, GTA×338, TCC×82, CTA×29, TGG×22, CGA×20, TGT×17, AAA×9, CGC×4, TTA×4, GAG×2, AGT×1, CAA×1, CCA×1, GAA×1, TAC×1"
367,nonsynonymous-only,0,1,21,5535,"G×4, I×3, R×3, D×2, K×2, N×2, C×1, L×1, M×1, T×1, Y×1","GGA×1557, AAG×932, TTG×899, GAT×748, GAC×607, GGC×580, ACA×82, TGT×29, GGG×27, AAA×18, ATG×17, AAC×13, TAC×10, ATT×4, AGA×3, ATC×3, CGA×2, AAT×1, ATA×1, CGC×1, GGT×1"
368,nonsynonymous-only,0,1,5,864,"N×1, P×1, R×1, S×1, W×1","TGG×748, CCG×82, TCC×20, AAC×13, AGA×1"
369,nonsynonymous-only,0,1,12,2296,"F×2, Y×2, C×1, I×1, K×1, L×1, N×1, Q×1, S×1, T×1","TGC×1343, AAA×691, TTC×82, CAA×57, TAT×29, TAC×27, TTT×23, AAC×20, ATT×13, TCC×7, CTC×3, ACA×1"
370,nonsynonymous-only,0,1,20,6218,"L×3, H×2, P×2, Q×2, R×2, T×2, A×1, C×1, E×1, F×1, K×1, N×1, Y×1","AAA×1646, CCG×1192, CTT×899, AGG×748, AAT×691, ACT×596, CCT×315, TTG×30, GAA×20, TGT×20, CAT×17, TTT×14, CAG×9, CAA×7, CTC×6, TAC×3, CAC×2, ACG×1, CGC×1, GCT×1"
371,nonsynonymous-only,0,1,15,4416,"L×3, H×2, I×2, K×2, C×1, E×1, Q×1, S×1, W×1, Y×1","TAT×1566, CTA×1466, TGG×711, CAT×594, CAA×47, TTG×14, AAG×6, GAA×3, AAA×2, CAC×2, ATA×1, ATT×1, TCG×1, TGT×1, TTA×1"
372,nonsynonymous-only,0,1,20,5743,"L×4, E×2, F×2, P×2, S×2, V×2, A×1, I×1, K×1, M×1, R×1, Y×1","TTT×1563, TTG×1469, GAG×899, TCT×691, CCG×596, TCG×338, TAT×82, TTA×39, TTC×20, CCA×14, ATG×9, GCT×7, GTA×6, AAA×4, ATA×1, CGC×1, CTG×1, CTT×1, GAA×1, GTC×1"
373,nonsynonymous-only,0,1,15,5787,"L×3, S×3, C×2, I×2, V×2, E×1, F×1, K×1","CTT×2806, TCT×1551, TTT×695, TGT×615, AAA×40, CTC×28, TCA×19, GTT×13, TTA×7, AGC×6, ATC×3, ATT×1, GAA×1, GTG×1, TGC×1"
374,nonsynonymous-only,0,1,16,3773,"L×3, F×2, H×2, Y×2, A×1, C×1, D×1, G×1, I×1, R×1, V×1","TAC×1345, TAT×1044, GTT×666, CGG×596, TTC×40, ATT×24, TTT×18, CTT×13, CAC×9, CAT×6, TTG×6, CTG×2, GAT×1, GCT×1, GGA×1, TGT×1"
375,nonsynonymous-only,0,1,9,3173,"C×2, S×2, F×1, H×1, L×1, W×1, Y×1","TGT×1509, TCA×691, TTT×617, TGC×337, TGG×9, TTG×6, CAT×2, TAT×1, TCT×1"
376,nonsynonymous-only,0,1,13,2863,"L×4, A×2, E×1, K×1, P×1, S×1, T×1, V×1, W×1","GAA×2066, ACA×607, GCA×84, TGG×39, GTG×28, CTA×18, AAA×13, CTT×2, GCG×2, CCA×1, CTC×1, TCG×1, TTG×1"
377,nonsynonymous-only,0,1,14,1730,"E×2, G×2, K×2, L×2, C×1, D×1, F×1, R×1, S×1, V×1","GTA×691, GGA×596, AGA×337, GAA×39, TCA×20, TTA×18, AAA×13, CTA×7, GAG×2, GGG×2, TGC×2, AAG×1, GAT×1, TTT×1"
378,nonsynonymous-only,0,1,10,3190,"G×2, C×1, D×1, F×1, I×1, P×1, R×1, S×1, W×1","TGG×1547, TGC×691, CCA×596, GGT×330, CGG×16, AGT×3, GAT×3, GGA×2, ATC×1, TTC×1"
379,nonsynonymous-only,0,1,3,934,"Q×1, R×1, Y×1","TAT×596, CGG×336, CAA×2"
380,nonsynonymous-only,0,1,3,597,"L×1, P×1, W×1","CCA×595, CTA×1, TGG×1"
382,synonymous-only,1,0,2,597,K×2,"AAA×596, AAG×1"
383,nonsynonymous-only,0,1,2,597,"I×1, T×1","ACC×596, ATA×1"
385,nonsynonymous-only,0,1,2,596,"P×1, S×1","CCA×586, TCA×10"
389,nonsynonymous-only,0,1,2,597,"R×1, W×1","CGG×564, TGG×33"
390,nonsynonymous-only,0,1,2,610,"A×1, S×1","TCA×609, GCA×1"
391,nonsynonymous-only,0,1,5,2107,"E×1, H×1, K×1, M×1, N×1","GAA×1469, AAT×630, ATG×6, AAA×1, CAT×1"
392,nonsynonymous-only,0,1,11,2136,"I×2, S×2, T×2, A×1, E×1, M×1, R×1, V×1","ACC×1469, GCA×595, AGT×28, ATA×18, GTA×13, AGA×6, ACA×2, GAA×2, AGC×1, ATC×1, ATG×1"
393,nonsynonymous-only,0,1,10,2157,"I×2, K×2, T×2, E×1, M×1, P×1, R×1","GAA×1324, ACG×597, AAA×145, AGG×35, ATG×21, ATT×18, CCA×13, ATA×2, AAG×1, ACT×1"
394,nonsynonymous-only,0,1,11,2157,"I×3, S×2, V×2, A×1, E×1, F×1, G×1","AGC×1482, GGT×596, GAA×28, GCA×20, AGT×19, ATA×6, GTT×2, ATC×1, ATT×1, GTA×1, TTT×1"
395,nonsynonymous-only,0,1,11,676,"S×3, G×2, C×1, F×1, I×1, N×1, T×1, V×1","TGC×579, AAT×28, GTT×20, GGC×18, GGT×18, ACC×6, AGT×3, AGC×1, ATT×1, TCT×1, TTT×1"
396,nonsynonymous-only,0,1,12,694,"I×3, T×2, V×2, C×1, H×1, K×1, L×1, M×1","CAT×596, ATT×28, ACA×21, ATG×19, GTG×16, ACT×6, AAA×2, ATC×2, ATA×1, CTC×1, GTA×1, TGT×1"
397,nonsynonymous-only,0,1,11,694,"D×2, I×2, C×1, G×1, K×1, L×1, R×1, S×1, T×1","TGC×596, ATC×28, ATT×22, GAT×20, AGT×17, ACG×6, AAA×1, CGC×1, CTA×1, GAC×1, GGT×1"
398,nonsynonymous-only,0,1,9,645,"L×3, Q×2, S×2, I×1, K×1","TCG×597, CAA×19, ATT×17, TTG×6, CAG×2, AAG×1, CTA×1, TCA×1, TTA×1"
399,nonsynonymous-only,0,1,9,1560,"F×2, C×1, I×1, L×1, N×1, R×1, S×1, Y×1","TAT×900, CGC×477, TGC×119, TTC×21, AAT×18, TTT×17, TTG×6, AGC×1, ATT×1"
400,nonsynonymous-only,0,1,5,1554,"L×2, F×1, I×1, P×1","TTT×1530, CTA×20, TTA×2, ATT×1, CCG×1"
401,nonsynonymous-only,0,1,10,3022,"I×2, A×1, E×1, F×1, L×1, M×1, Q×1, S×1, T×1","ACT×1469, TTC×899, AGC×596, ATG×20, ATT×17, CAA×12, GAA×6, ATA×1, CTG×1, GCT×1"
402,nonsynonymous-only,0,1,6,958,"E×1, G×1, L×1, Q×1, R×1, W×1","TGG×900, TTG×21, GGA×18, CAA×17, AGA×1, GAA×1"
403,nonsynonymous-only,0,1,6,2444,"L×2, F×1, R×1, S×1, Y×1","CTA×1486, CTT×899, CGA×37, TAT×20, TCG×1, TTC×1"
404,nonsynonymous-only,0,1,7,3031,"L×2, I×1, M×1, S×1, T×1, Y×1","ATG×1454, ATT×899, TCC×597, TAT×48, CTT×17, ACG×15, TTG×1"
405,nonsynonymous-only,0,1,4,965,"F×2, G×1, I×1","TTC×899, TTT×37, GGC×28, ATT×1"
406,nonsynonymous-only,0,1,10,2989,"T×3, F×2, S×2, A×1, P×1, R×1","GCT×1188, TCA×899, ACT×748, AGA×82, ACA×30, TTT×21, TTC×17, CCT×2, ACC×1, TCT×1"
407,nonsynonymous-only,0,1,12,5241,"L×3, C×2, K×2, P×1, R×1, S×1, W×1, Y×1","TGG×1563, TTG×1186, TAT×916, AAA×749, TGT×690, AAG×82, AGA×30, CTT×20, TTA×2, CCC×1, TCT×1, TGC×1"
408,nonsynonymous-only,0,1,18,6565,"T×3, C×2, F×2, I×2, K×2, N×2, S×2, E×1, P×1, Q×1","ATC×1469, TCT×1343, CCT×899, TTC×615, ACT×599, ATA×596, AAT×589, TCC×281, GAA×82, TTT×35, AAA×28, TGT×20, ACG×3, CAA×2, AAC×1, AAG×1, ACC×1, TGC×1"
409,nonsynonymous-only,0,1,13,6347,"H×2, R×2, S×2, A×1, C×1, E×1, F×1, L×1, W×1, Y×1","TGG×2262, TAT×1470, CAT×1187, CTC×691, TTT×595, TCG×83, CGG×30, GAG×19, TCT×3, TGT×3, AGG×2, CAC×1, GCG×1"
410,nonsynonymous-only,0,1,15,7466,"I×3, V×3, F×2, S×2, Y×2, A×1, C×1, R×1","GTT×2463, ATT×1893, TTC×1468, TTT×835, TAC×596, TAT×82, GTC×48, ATC×40, ATA×29, AGC×6, GTA×2, CGT×1, GCT×1, TCC×1, TGC×1"
411,nonsynonymous-only,0,1,14,7407,"L×2, N×2, S×2, Y×2, C×1, D×1, F×1, G×1, H×1, W×1","TTT×2163, TAT×1616, TAC×1189, TCG×899, AAC×644, TGT×629, GAC×106, TTG×82, GGT×36, CAT×28, AAT×6, TGG×6, CTA×2, AGT×1"
412,nonsynonymous-only,0,1,21,7482,"L×5, R×4, C×2, A×1, E×1, F×1, H×1, K×1, P×1, S×1, V×1, W×1, Y×1","TTG×1548, CCC×1462, TTA×1188, CTT×906, AGG×748, CGG×691, GTG×595, CAC×103, AAA×82, TTT×50, GCG×38, CGC×28, CTC×18, TGG×8, TGC×6, TGT×4, CTA×2, GAG×2, CGA×1, TAT×1, TCA×1"
413,nonsynonymous-only,0,1,17,6807,"I×3, T×3, K×2, N×2, E×1, F×1, G×1, M×1, R×1, S×1, V×1","ATG×1806, GAG×1563, AAG×1473, AGA×908, ACG×821, AAA×127, ACC×39, AAC×30, AAT×15, ATT×13, ATC×4, GTG×2, TCG×2, ACT×1, ATA×1, GGC×1, TTT×1"
414,nonsynonymous-only,0,1,18,6819,"G×2, K×2, N×2, R×2, S×2, D×1, E×1, H×1, I×1, L×1, V×1, W×1, Y×1","AAG×1620, AAA×1486, AGT×1188, GAC×962, AGA×749, AAC×598, ATA×82, GAA×31, TTA×28, TGG×20, CAT×18, CGG×13, TAC×9, AAT×6, GGA×6, AGC×1, GGT×1, GTA×1"
415,nonsynonymous-only,0,1,18,6594,"L×4, G×2, K×2, P×2, Q×2, R×2, E×1, M×1, T×1, W×1","AGA×1563, AAA×1523, TTA×1483, GAA×1192, CAA×628, CTA×63, TGG×37, GGA×27, TTG×20, CAG×18, ACA×17, GGG×12, CCG×4, ATG×2, CCA×2, AAG×1, CGA×1, CTT×1"
416,nonsynonymous-only,0,1,16,3128,"L×3, I×2, Q×2, A×1, C×1, D×1, E×1, F×1, H×1, N×1, P×1, Y×1","TTT×899, ATC×691, CTG×596, TAT×409, CAT×381, CAA×82, GAA×39, CCG×13, TGC×7, CTC×4, GAC×2, AAT×1, ATA×1, CAG×1, GCT×1, TTA×1"
417,nonsynonymous-only,0,1,16,2524,"E×2, G×2, K×2, R×2, S×2, V×2, I×1, L×1, M×1, T×1","GAG×900, TCG×748, GTG×599, GAA×83, TCA×71, GTA×39, GGG×28, GGA×20, CTG×13, AGG×8, AAA×6, AGA×4, AAG×2, ACC×1, ATA×1, ATG×1"
418,nonsynonymous-only,0,1,13,3148,"K×2, N×2, S×2, A×1, D×1, E×1, G×1, H×1, I×1, R×1","AAA×950, AAT×830, CGT×691, CAT×597, AGC×29, GGT×20, GCT×17, AGT×6, AAC×2, ATT×2, GAA×2, AAG×1, GAT×1"
419,nonsynonymous-only,0,1,7,677,"R×2, L×1, S×1, V×1, W×1, Y×1","TGG×597, TAT×39, AGA×30, GTA×6, AGG×3, CTA×1, TCA×1"
420,nonsynonymous-only,0,1,11,707,"R×2, A×1, H×1, I×1, K×1, L×1, M×1, Q×1, S×1, T×1","ATT×597, AAA×48, GCT×39, CAA×7, CGA×6, CGC×4, CAT×2, ACC×1, ATG×1, CTC×1, TCC×1"
421,synonymous-only,1,0,2,2,K×2,"AAA×1, AAG×1"
423,nonsynonymous-only,0,1,2,3,"G×1, R×1","GGA×2, AGA×1"
425,nonsynonymous-only,0,1,8,67,"H×2, A×1, C×1, F×1, I×1, L×1, P×1","GCT×28, TTT×21, CCA×7, TGC×6, ATT×2, CAC×1, CAT×1, CTA×1"
426,nonsynonymous-only,0,1,6,34,"C×1, I×1, K×1, L×1, Q×1, W×1","ATA×28, TGT×2, AAA×1, CAG×1, TGG×1, TTA×1"
427,nonsynonymous-only,0,1,11,1819,"K×2, N×2, Y×2, C×1, G×1, R×1, S×1, T×1","AGG×895, TGT×748, AAC×90, TAT×28, GGG×23, ACT×20, AAG×5, TAC×4, AAA×3, AAT×2, AGC×1"
428,nonsynonymous-only,0,1,15,1830,"L×2, Q×2, R×2, C×1, E×1, F×1, I×1, K×1, N×1, S×1, V×1, Y×1","GAA×916, TTA×749, GTA×82, AGG×28, AGC×20, CAA×20, AAT×6, CAG×2, AAA×1, ATA×1, CGC×1, TAT×1, TGT×1, TTG×1, TTT×1"
429,nonsynonymous-only,0,1,13,1893,"L×3, E×2, F×1, K×1, M×1, N×1, P×1, S×1, V×1, W×1","TTA×924, ATG×748, AAA×83, TTG×73, TCA×30, CTG×18, TTT×8, GAA×3, AAT×2, CCA×1, GAG×1, GTA×1, TGG×1"
430,nonsynonymous-only,0,1,16,2275,"I×3, T×3, L×2, S×2, A×1, F×1, G×1, K×1, R×1, Y×1","GCG×899, TTG×772, TAT×337, CGA×84, ATA×73, ACC×29, TCA×29, AAA×22, TTT×20, ATT×4, ACA×1, ACT×1, ATC×1, CTG×1, GGA×1, TCT×1"
431,nonsynonymous-only,0,1,22,4524,"G×3, L×3, R×3, I×2, N×2, T×2, V×2, A×1, D×1, F×1, K×1, S×1","GTT×2368, CGT×691, GGG×658, CTT×349, AAT×123, TTT×118, GGA×88, ATT×54, GCT×28, CTA×17, ACC×7, ACT×7, CGC×4, ATC×2, GAT×2, GGT×2, AAC×1, AAG×1, AGA×1, AGC×1, CTC×1, GTA×1"
432,nonsynonymous-only,0,1,15,3652,"K×2, A×1, D×1, E×1, G×1, H×1, I×1, L×1, N×1, P×1, Q×1, R×1, S×1, Y×1","GGA×1557, GAA×749, GAC×645, CCA×336, CAA×87, AAA×76, AAG×73, AAC×46, TCA×24, ATA×20, TTA×20, TAT×9, GCA×5, CGA×3, CAT×2"
433,nonsynonymous-only,0,1,13,4673,"E×2, K×2, Q×2, R×2, I×1, N×1, P×1, T×1, W×1","AGA×1564, AAA×884, AAG×745, CAG×625, CAA×380, GAA×338, GAG×73, CGA×32, AAT×20, TGG×7, ATA×2, CCA×2, ACA×1"
434,nonsynonymous-only,0,1,13,6705,"E×2, K×2, N×2, R×2, A×1, G×1, H×1, I×1, Q×1","AAA×2205, GCG×1563, GAG×1016, AAT×754, AGA×692, AAG×305, AGG×84, GAA×74, CAA×4, CAC×4, ATA×2, AAC×1, GGC×1"
435,nonsynonymous-only,0,1,23,4879,"L×3, R×3, S×3, F×2, K×2, Y×2, A×1, C×1, G×1, M×1, N×1, P×1, Q×1, V×1","TGT×1563, CAA×900, AAA×751, TTT×693, CCA×519, GCT×84, TCC×82, CTA×77, GGA×74, TTA×40, AGA×31, CGC×20, AAG×18, AGG×9, TTG×4, TCG×3, ATG×2, TAT×2, TCA×2, TTC×2, AAT×1, GTC×1, TAC×1"
436,nonsynonymous-only,0,1,22,4950,"A×3, L×3, V×3, I×2, P×2, S×2, E×1, F×1, K×1, N×1, Q×1, R×1, T×1","CCA×1563, GTT×904, GAA×834, ACA×691, GTC×429, GCC×240, CTA×85, ATA×57, TTC×39, AAA×25, TCA×20, TTG×20, AAC×18, GCA×9, ATT×7, CAA×2, GCG×2, AGA×1, CCC×1, GTA×1, TCT×1, TTA×1"
437,nonsynonymous-only,0,1,8,1496,"A×1, C×1, F×1, I×1, L×1, R×1, S×1, T×1","ATT×831, TGC×639, TTT×20, CTC×2, ACA×1, CGC×1, GCC×1, TCT×1"
438,nonsynonymous-only,0,1,3,84,"C×1, S×1, V×1","GTT×82, TCA×1, TGC×1"
439,nonsynonymous-only,0,1,2,2,"C×1, R×1","CGC×1, TGC×1"
440,nonsynonymous-only,0,1,10,1548,"L×2, Y×2, F×1, M×1, N×1, R×1, V×1, W×1","TTC×899, AAT×596, TAT×25, ATG×17, GTT×4, CTT×2, TTA×2, AGG×1, TAC×1, TGG×1"
441,nonsynonymous-only,0,1,9,658,"P×2, Y×2, C×1, H×1, S×1, V×1, W×1","TAT×596, TGG×28, CCA×18, CAT×6, TGT×4, TAC×3, CCT×1, GTT×1, TCT×1"
443,nonsynonymous-only,0,1,10,1683,"H×2, S×2, Y×2, F×1, L×1, Q×1, R×1","TTT×910, CAC×596, TCC×83, TAT×65, CAA×20, CTT×4, CGC×2, AGC×1, CAT×1, TAC×1"
444,nonsynonymous-only,0,1,5,1549,"L×2, F×1, I×1, S×1","TTT×928, TTA×616, ATA×2, TCA×2, CTA×1"
445,nonsynonymous-only,0,1,9,1631,"S×3, D×1, K×1, N×1, R×1, W×1, Y×1","GAT×899, TCC×598, AGA×82, AGC×29, AAC×17, AAA×2, TGG×2, TAT×1, TCG×1"
446,nonsynonymous-only,0,1,10,1667,"F×1, G×1, H×1, K×1, L×1, N×1, P×1, R×1, S×1, Y×1","TTA×899, AAG×596, CCA×82, AGT×28, AAT×22, TAC×18, GGA×17, CAT×2, TTT×2, CGT×1"
447,nonsynonymous-only,0,1,8,1665,"N×2, Q×2, E×1, K×1, L×1, Y×1","AAT×946, AAC×596, TAC×83, AAA×20, CTT×17, CAA×1, CAG×1, GAA×1"
448,nonsynonymous-only,0,1,9,1671,"S×2, A×1, F×1, G×1, I×1, N×1, P×1, R×1","TCT×899, TTT×613, GCC×82, CGC×28, GGT×20, TCA×19, CCT×6, AAT×3, ATT×1"
449,nonsynonymous-only,0,1,9,1669,"F×2, I×2, L×2, Q×1, R×1, S×1","TCG×899, CGA×596, CTC×82, CTT×48, ATA×18, CAA×17, TTT×7, ATC×1, TTC×1"
450,nonsynonymous-only,0,1,8,1651,"K×2, E×1, G×1, I×1, Q×1, R×1, S×1","GGA×945, AAG×595, AGT×82, GAA×17, ATT×6, AAA×3, AGA×2, CAA×1"
451,nonsynonymous-only,0,1,7,972,"N×2, F×1, I×1, T×1, V×1, Y×1","TAT×900, AAC×28, TTT×18, AAT×17, ATT×7, ACG×1, GTA×1"
452,nonsynonymous-only,0,1,4,72,"I×2, N×1, S×1","ATT×35, ATC×19, AAT×17, AGT×1"
453,nonsynonymous-only,0,1,6,75,"P×1, Q×1, R×1, S×1, T×1, W×1","TCA×29, CGA×20, TGG×18, CCT×6, ACT×1, CAA×1"
454,nonsynonymous-only,0,1,6,75,"G×1, I×1, N×1, Q×1, S×1, T×1","GGC×28, ATT×20, CAG×18, ACT×6, AAC×2, AGC×1"
455,nonsynonymous-only,0,1,2,48,"G×1, L×1","GGA×28, TTG×20"
456,nonsynonymous-only,0,1,9,3222,"L×4, I×1, M×1, T×1, V×1, W×1","ATG×2311, TGG×691, ATA×82, CTA×65, TTA×48, TTG×22, ACA×1, CTG×1, GTT×1"
458,nonsynonymous-only,0,1,7,2392,"I×2, F×1, M×1, R×1, T×1, V×1","ATT×1647, ACT×691, ATA×31, AGG×20, ATG×1, GTA×1, TTT×1"
459,nonsynonymous-only,0,1,12,5361,"P×2, R×2, D×1, E×1, F×1, I×1, K×1, L×1, N×1, Q×1","GAT×1645, AGA×1476, AAA×1383, CAA×692, ATA×64, TTA×30, CCA×28, TTT×20, CGA×18, CCG×3, AAC×1, GAA×1"
460,nonsynonymous-only,0,1,13,6214,"L×3, F×2, S×2, E×1, P×1, Q×1, V×1, W×1, Y×1","TTT×4304, TTG×727, TTA×612, TGG×420, CCC×82, CAG×28, TTC×20, TAT×14, CTT×2, TCA×2, GAA×1, GTG×1, TCG×1"
461,nonsynonymous-only,0,1,19,6243,"A×3, I×3, L×3, S×3, T×2, V×2, C×1, F×1, P×1","CCT×1632, GCT×1567, GTT×1310, CTT×700, ATT×311, GTC×211, ACT×185, TCT×84, TGT×82, TCC×64, TTA×49, ACC×22, ATA×18, TCG×2, TTT×2, ATC×1, CTA×1, GCA×1, GCC×1"
462,nonsynonymous-only,0,1,4,52,"G×1, I×1, S×1, Y×1","ATT×30, TAT×20, GGG×1, TCC×1"
463,nonsynonymous-only,0,1,3,28,"K×2, R×1","AGA×21, AAA×6, AAG×1"
464,nonsynonymous-only,0,1,2,26,"R×1, S×1","AGA×20, AGT×6"
465,nonsynonymous-only,0,1,3,28,"K×1, R×1, T×1","AGG×20, ACA×6, AAG×2"
466,nonsynonymous-only,0,1,2,8,"H×1, N×1","CAT×6, AAT×2"
467,nonsynonymous-only,0,1,3,9,"I×2, T×1","ATC×7, ACC×1, ATT×1"
468,nonsynonymous-only,0,1,4,29,"E×1, K×1, M×1, R×1","GAG×20, AGA×6, AAA×2, ATG×1"
469,nonsynonymous-only,0,1,4,56,"E×1, M×1, T×1, V×1","GTG×28, GAA×20, ACA×7, ATG×1"
470,nonsynonymous-only,0,1,4,86,"N×2, F×1, Y×1","TAC×36, AAC×28, AAT×21, TTC×1"
471,nonsynonymous-only,0,1,4,66,"F×1, L×1, M×1, Q×1","TTG×34, CAG×30, ATG×1, TTT×1"
472,nonsynonymous-only,0,1,4,84,"K×2, E×1, R×1","AAG×30, AAA×28, AGA×20, GAA×6"
473,nonsynonymous-only,0,1,5,85,"N×2, I×1, P×1, R×1","AAC×30, CCG×28, CGG×20, AAT×6, ATT×1"
474,nonsynonymous-only,0,1,4,57,"F×1, G×1, L×1, Y×1","GGG×30, TTG×20, TTT×6, TAT×1"
475,nonsynonymous-only,0,1,4,79,"V×2, E×1, Y×1","GTT×30, GAG×28, TAC×20, GTA×1"
476,nonsynonymous-only,0,1,2,36,"H×1, Y×1","TAT×30, CAT×6"
477,nonsynonymous-only,0,1,5,1228,"L×2, I×1, R×1, V×1","CTC×1188, ATC×30, AGA×6, GTT×3, TTA×1"
478,nonsynonymous-only,0,1,11,1753,"I×2, L×2, T×2, A×1, D×1, K×1, S×1, V×1","CTC×1188, ATC×323, ATT×84, GCA×82, CTA×30, AGT×20, ACC×13, ACT×6, GAC×3, GTC×3, AAA×1"
479,nonsynonymous-only,0,1,16,3413,"I×2, L×2, N×2, C×1, E×1, F×1, G×1, K×1, M×1, Q×1, R×1, S×1, V×1","AGT×1188, GAA×920, TTA×680, CGA×336, TGC×84, AAT×81, ATA×39, AAA×33, CTC×20, CAG×13, ATG×9, GGA×4, ATC×2, TTC×2, AAC×1, GTT×1"
480,nonsynonymous-only,0,1,16,3744,"E×2, I×2, K×2, V×2, A×1, D×1, L×1, M×1, N×1, R×1, T×1, W×1","AGA×2432, TGG×597, AAA×358, GCA×121, GAG×66, AAG×38, TTA×30, ATA×28, GTG×28, ATT×19, AAT×17, ACA×3, GTT×3, GAA×2, ATG×1, GAT×1"
481,nonsynonymous-only,0,1,11,4267,"K×2, R×2, A×1, E×1, F×1, I×1, Q×1, T×1, W×1","ATA×1490, AAA×1310, CAA×903, GAA×358, AGA×84, ACA×63, CGA×30, AAG×15, TGG×10, GCA×3, TTT×1"
482,nonsynonymous-only,0,1,15,2689,"L×3, G×2, P×2, R×2, S×2, K×1, Q×1, V×1, W×1","TTA×1178, TTG×943, CGG×336, GGG×82, TGG×60, TCG×25, CTA×18, GTG×18, TCA×16, CAG×6, CCA×3, AAG×1, CCG×1, CGA×1, GGA×1"
483,nonsynonymous-only,0,1,14,3701,"E×2, H×2, K×2, L×2, M×1, N×1, Q×1, R×1, T×1, Y×1","AAG×1224, ATG×899, TAT×748, CAC×596, CAT×82, AAA×61, GAG×59, TTA×13, AGG×7, GAA×6, AAC×2, ACG×2, CAA×1, CTA×1"
484,nonsynonymous-only,0,1,12,3238,"D×2, N×2, T×2, F×1, K×1, L×1, P×1, V×1, Y×1","AAC×1493, ACA×899, AAT×764, ACC×30, AAA×17, GTT×17, TAT×7, TTT×5, GAT×3, CCT×1, GAC×1, TTA×1"
485,nonsynonymous-only,0,1,15,3219,"P×3, A×1, C×1, E×1, I×1, L×1, M×1, N×1, R×1, S×1, T×1, W×1, Y×1","TGG×1551, ACG×900, CCT×596, TGC×84, AAC×30, GCA×18, ATT×17, CCA×5, CCC×4, CGG×4, ATG×3, GAA×3, TCT×2, TAT×1, TTA×1"
486,nonsynonymous-only,0,1,14,3192,"E×2, L×2, Q×2, R×2, A×1, H×1, I×1, K×1, N×1, V×1","GAG×1472, CGG×900, GAA×678, AAG×84, ATA×18, CAA×17, TTG×6, AAC×4, CAG×4, AGA×3, GCG×3, CAT×1, CTA×1, GTG×1"
487,nonsynonymous-only,0,1,15,868,"L×4, F×2, R×2, S×2, C×1, M×1, P×1, Q×1, V×1","TTA×596, AGA×84, TTC×82, TTT×40, TTG×18, TCT×17, CGA×13, TCA×7, CTG×3, CCA×2, GTG×2, ATG×1, CAA×1, CTT×1, TGC×1"
488,nonsynonymous-only,0,1,11,845,"A×2, G×2, I×2, C×1, D×1, H×1, R×1, V×1","GCT×595, ATT×133, ATA×84, GAT×17, GGT×6, TGT×4, GGC×2, CAC×1, CGC×1, GCA×1, GTC×1"
489,nonsynonymous-only,0,1,4,632,"H×2, L×1, S×1","CAC×384, CAT×212, TCG×30, CTT×6"
493,nonsynonymous-only,0,1,3,620,"D×1, S×1, Y×1","GAT×596, TCT×18, TAT×6"
494,nonsynonymous-only,0,1,7,645,"K×2, L×2, H×1, Q×1, R×1","CGA×596, TTG×20, AAG×18, TTA×6, CAT×3, AAA×1, CAG×1"
495,nonsynonymous-only,0,1,10,2311,"A×2, I×2, F×1, L×1, P×1, Q×1, R×1, V×1","ATC×1562, ATT×598, GCG×82, GTA×20, TTA×18, TTT×18, CAG×6, CGG×3, CCA×2, GCA×2"
496,nonsynonymous-only,0,1,15,3077,"D×2, G×2, I×2, K×2, L×2, F×1, P×1, S×1, V×1, Y×1","GGC×1527, TTG×830, ATT×596, GGT×38, TAC×20, AAA×18, ATC×18, GAC×13, CTA×6, GTT×4, AAG×2, AGT×2, CCA×1, GAT×1, TTC×1"
497,nonsynonymous-only,0,1,20,5288,"V×3, D×2, E×2, G×2, K×2, L×2, R×2, F×1, H×1, N×1, Q×1, S×1","GAT×1563, GAG×931, AAT×761, GAA×720, CAT×546, GGG×400, CGT×148, GTG×118, TTA×30, AAA×20, CTA×20, GGA×17, TTT×6, AGC×2, AAG×1, AGA×1, CAA×1, GAC×1, GTA×1, GTT×1"
498,nonsynonymous-only,0,1,11,5274,"F×2, H×2, L×2, C×1, P×1, R×1, S×1, Y×1","CTT×2162, CAT×1562, TCT×750, TTT×657, TAT×86, TGT×20, TTA×17, CCT×13, TTC×4, CGT×2, CAC×1"
499,nonsynonymous-only,0,1,18,3692,"L×5, S×3, Q×2, D×1, F×1, I×1, N×1, P×1, R×1, V×1, Y×1","TTG×1583, CAG×747, TTC×691, TCA×601, GTG×28, GAT×17, CTT×7, TCG×4, TAT×3, CTC×2, CTG×2, AAT×1, ATC×1, CAA×1, CCA×1, CGT×1, TCT×1, TTA×1"
500,nonsynonymous-only,0,1,13,5029,"T×3, G×2, N×2, S×2, D×1, K×1, R×1, Y×1","TAT×1563, AAA×920, AAT×752, ACT×691, GAT×680, AGA×336, GGA×50, AGT×22, ACA×6, AAC×4, AGC×3, ACC×1, GGT×1"
501,nonsynonymous-only,0,1,3,2496,"G×1, Q×1, V×1","CAA×1900, GGC×595, GTC×1"
502,nonsynonymous-only,0,1,6,2933,"P×3, L×1, Q×1, S×1","CCA×1552, CTA×691, CAA×596, TCA×82, CCT×11, CCG×1"
503,nonsynonymous-only,0,1,2,678,"I×1, V×1","ATT×596, GTG×82"
504,nonsynonymous-only,0,1,3,678,"R×2, Q×1","CGT×516, CAG×82, CGG×80"
505,nonsynonymous-only,0,1,2,678,"H×1, L×1","CAT×596, CTT×82"
507,nonsynonymous-only,0,1,3,678,"S×2, P×1","TCG×578, CCC×82, TCA×18"
515,nonsynonymous-only,0,1,5,1426,"V×2, A×1, E×1, L×1","GCG×659, GTC×596, GTG×88, CTA×82, GAG×1"
516,nonsynonymous-only,0,1,4,1467,"L×2, F×1, I×1","TTT×787, CTC×596, ATT×82, CTT×2"
517,nonsynonymous-only,0,1,7,1388,"I×2, G×1, L×1, P×1, R×1, S×1","TTA×747, ATA×596, GGA×40, ATT×2, CCA×1, CGA×1, TCA×1"
518,nonsynonymous-only,0,1,11,1554,"L×3, F×2, I×2, A×1, N×1, S×1, V×1","TCG×748, TTG×680, ATC×67, TTC×31, GTG×13, AAC×6, TTT×4, GCA×2, ATT×1, CTG×1, CTT×1"
519,nonsynonymous-only,0,1,14,3944,"I×3, T×3, N×2, V×2, K×1, L×1, M×1, S×1","ACT×1471, ATG×900, ACC×664, AAC×623, ATC×167, AGT×40, AAA×28, ATT×17, ATA×13, AAT×8, ACA×5, GTT×5, TTG×2, GTG×1"
520,nonsynonymous-only,0,1,18,4027,"T×3, A×2, I×2, L×2, R×2, V×2, E×1, K×1, M×1, N×1, S×1","ACA×1469, GCA×896, AGC×748, ATG×608, AAT×87, AGA×78, GAG×64, CTA×28, ATT×17, AAA×14, GTC×6, ACG×3, GCG×3, CTG×2, ACT×1, AGG×1, ATA×1, GTG×1"
521,nonsynonymous-only,0,1,14,3970,"K×2, L×2, N×2, Q×2, R×2, Y×2, C×1, I×1","AAA×2139, ATT×899, CTG×748, CAA×118, AAG×18, TAC×17, TAT×12, AGA×10, TTA×3, AAT×2, AAC×1, AGG×1, CAG×1, TGT×1"
522,nonsynonymous-only,0,1,15,3180,"S×3, I×2, K×2, N×2, A×1, E×1, T×1, V×1, W×1, Y×1","AGT×1451, GCT×899, AAA×616, ATA×82, TAT×60, ACT×20, TCT×20, GAA×17, TCC×6, AAC×2, AAG×2, AAT×2, ATT×1, GTT×1, TGG×1"
523,nonsynonymous-only,0,1,8,2206,"L×2, R×2, E×1, K×1, Q×1, Y×1","AGA×1469, AAG×597, CAG×82, CTA×52, CGG×2, TTA×2, GAA×1, TAT×1"
524,nonsynonymous-only,0,1,8,2206,"E×1, G×1, H×1, N×1, P×1, Q×1, R×1, S×1","AGT×1469, AAC×596, GAA×82, CCC×40, GGT×15, CAC×2, CAG×1, CGC×1"
525,nonsynonymous-only,0,1,9,2206,"E×2, L×2, A×1, C×1, F×1, P×1, W×1","TGG×1468, CTT×596, TTA×82, TTT×42, GCG×14, CCG×1, GAA×1, GAG×1, TGT×1"
526,nonsynonymous-only,0,1,5,696,"L×1, M×1, R×1, S×1, V×1","TCG×596, AGA×82, CTA×14, GTG×3, ATG×1"
527,nonsynonymous-only,0,1,6,696,"A×1, E×1, F×1, I×1, L×1, N×1","AAT×596, TTA×82, ATT×14, GAA×2, GCT×1, TTT×1"
534,nonsynonymous-only,0,1,2,83,"F×1, V×1","TTC×82, GTC×1"
535,nonsynonymous-only,0,1,8,1027,"D×1, F×1, K×1, P×1, R×1, S×1, V×1, Y×1","GAT×899, AAG×100, GTT×17, CGA×6, TAT×2, CCA×1, TCT×1, TTT×1"
536,nonsynonymous-only,0,1,7,1097,"S×3, F×2, C×1, G×1","TCC×916, TCT×84, TTT×84, TTC×6, TGC×5, GGC×1, TCA×1"
537,nonsynonymous-only,0,1,11,5496,"K×2, R×2, A×1, E×1, G×1, L×1, P×1, Q×1, S×1","AAA×1654, GCA×1469, AGA×900, AAG×682, GAA×583, CTA×84, AGG×82, CAA×19, AGC×17, GGC×5, CCA×1"
538,nonsynonymous-only,0,1,16,5206,"T×3, A×2, I×2, K×2, R×2, M×1, N×1, S×1, W×1, Y×1","GCA×1468, ACG×1460, ACT×748, ACA×699, AAG×688, AAT×82, AGG×19, TAT×17, AGA×11, AAA×4, ATG×3, ATA×2, TGG×2, AGT×1, ATT×1, GCG×1"
539,nonsynonymous-only,0,1,10,6185,"S×2, Y×2, A×1, C×1, F×1, H×1, I×1, P×1","TAC×1591, GCT×1469, TGC×986, TAT×749, TCC×693, CAC×588, TCT×82, TTT×19, CCT×7, ATT×1"
540,nonsynonymous-only,0,1,17,6159,"S×4, L×3, G×2, K×2, H×1, I×1, N×1, Q×1, W×1, Y×1","TCT×2270, GGG×1454, TCA×899, AAC×633, CAA×596, CTC×85, CAT×83, AAG×57, TCC×43, GGA×15, TGG×6, TTG×6, CTT×5, TAT×3, AGC×2, AAA×1, ATT×1"
541,nonsynonymous-only,0,1,17,6258,"G×2, N×2, R×2, S×2, T×2, A×1, C×1, D×1, E×1, I×1, K×1, M×1","AGC×1647, AGT×1579, AGA×1463, AAC×779, AAT×597, TGT×82, GGC×28, AAA×23, CGG×22, ATG×18, ACC×6, GCC×6, ATC×3, GAA×2, ACT×1, GAC×1, GGT×1"
542,nonsynonymous-only,0,1,18,6258,"E×2, G×2, H×2, N×2, Y×2, C×1, D×1, F×1, K×1, L×1, P×1, S×1, V×1","GGT×2311, AAT×2161, CAT×904, GAA×595, TAC×85, AGT×82, GAT×29, TGT×20, TAT×19, AAC×18, TTG×14, GAG×6, TTT×6, CAC×3, GTC×2, AAA×1, CCC×1, GGG×1"
543,nonsynonymous-only,0,1,9,5333,"I×3, F×2, A×1, G×1, M×1, V×1","ATG×2416, ATC×2157, ATT×724, TTT×18, ATA×9, TTC×5, GTA×2, GCT×1, GGT×1"
544,nonsynonymous-only,0,1,12,5324,"L×3, F×2, D×1, H×1, K×1, N×1, P×1, R×1, Y×1","CAC×2066, TTT×1564, CGT×748, CTA×693, CTC×84, GAT×82, TAT×42, TTC×21, TTG×17, CCA×4, AAT×2, AAA×1"
545,nonsynonymous-only,0,1,10,1594,"D×2, R×2, F×1, G×1, K×1, Q×1, S×1, Y×1","AGT×900, GAC×596, GAT×28, AAA×21, AGG×18, TAC×17, GGA×7, CAG×5, AGA×1, TTT×1"
546,nonsynonymous-only,0,1,11,1593,"I×2, N×2, S×2, C×1, F×1, G×1, L×1, R×1","AAC×899, TGC×596, TCC×28, CGT×20, AAT×18, GGT×18, CTA×6, TCT×5, ATC×1, ATT×1, TTC×1"
547,nonsynonymous-only,0,1,9,1595,"I×2, S×2, A×1, M×1, N×1, T×1, V×1","ACC×900, GCT×566, GTT×58, AGT×20, ATC×19, TCT×19, ATG×7, AAT×5, ATT×1"
548,nonsynonymous-only,0,1,8,1567,"L×2, A×1, C×1, F×1, S×1, W×1, Y×1","TGT×900, GCG×596, TTT×25, TCT×20, TGG×18, TAT×6, CTA×1, TTA×1"
549,nonsynonymous-only,0,1,7,1603,"F×1, I×1, M×1, R×1, S×1, T×1, Y×1","TTT×1547, TAT×28, ATT×24, ACT×1, ATG×1, CGT×1, TCA×1"
550,nonsynonymous-only,0,1,9,679,"I×2, S×2, K×1, R×1, T×1, V×1, W×1","ATC×537, GTC×65, AGT×49, ATT×14, AGC×6, AAG×5, ACT×1, CGG×1, TGG×1"
551,nonsynonymous-only,0,1,2,597,"F×1, H×1","TTT×596, CAT×1"
554,nonsynonymous-only,0,1,2,597,"C×1, Y×1","TAT×596, TGT×1"
559,nonsynonymous-only,0,1,8,747,"V×2, A×1, G×1, I×1, P×1, R×1, Y×1","AGG×644, TAT×82, GTA×7, ATA×6, CCT×5, GCA×1, GGT×1, GTC×1"
560,nonsynonymous-only,0,1,12,2993,"L×3, A×2, F×2, K×1, P×1, S×1, T×1, Y×1","TTG×1470, GCT×748, GCG×596, CTA×100, TTC×42, TTA×20, ACG×6, TCT×6, AAA×2, CCT×1, TAT×1, TTT×1"
561,nonsynonymous-only,0,1,13,3909,"N×2, S×2, Y×2, D×1, F×1, I×1, K×1, Q×1, R×1, W×1","AAT×1469, AGT×917, TGG×748, AAC×596, CGA×82, TAT×28, AAA×20, TAC×20, ATT×14, AGC×7, CAA×6, GAT×1, TTT×1"
562,nonsynonymous-only,0,1,10,3895,"F×2, I×2, C×1, D×1, K×1, N×1, S×1, Y×1","TTT×2894, TGC×902, AAT×34, AAG×24, AGT×21, TTC×16, ATA×1, ATT×1, GAT×1, TAC×1"
563,nonsynonymous-only,0,1,8,3824,"F×2, L×2, H×1, K×1, S×1, Y×1","TAT×1490, CTT×901, TTC×748, TTT×629, AAG×18, CAT×17, TCT×15, TTA×6"
564,nonsynonymous-only,0,1,13,3899,"G×3, R×3, C×2, N×2, S×1, W×1, Y×1","GGG×1193, AGG×943, AAT×748, AAC×678, GGA×251, GGC×26, TGT×24, TGG×18, TGC×7, TAC×6, CGT×3, AGA×1, AGT×1"
565,nonsynonymous-only,0,1,13,3859,"F×2, L×2, Y×2, C×1, E×1, G×1, I×1, Q×1, R×1, V×1","CGC×2065, CTT×896, TGC×748, GGC×82, CAA×19, ATT×17, TTC×14, TTT×8, GTT×3, TTG×3, TAC×2, GAG×1, TAT×1"
567,nonsynonymous-only,0,1,3,4,"C×1, N×1, Q×1","AAC×2, CAA×1, TGC×1"
568,nonsynonymous-only,0,1,14,6335,"S×3, F×2, I×2, L×2, H×1, N×1, T×1, V×1, Y×1","TTC×1766, TCC×1565, ATT×1545, TTT×710, TCA×691, CAC×18, TTA×14, AAT×13, ACT×3, TAT×3, TCT×3, CTT×2, ATC×1, GTC×1"
569,nonsynonymous-only,0,1,15,7805,"A×2, I×2, L×2, N×2, V×2, F×1, K×1, R×1, S×1, T×1","ATT×2487, GCT×2159, TTT×1188, ATC×813, ACT×701, AAC×336, AAT×82, AGT×17, CTC×7, CGC×6, CTT×3, GTT×3, AAG×1, GCC×1, GTC×1"
570,nonsynonymous-only,0,1,16,4235,"L×5, S×3, F×1, G×1, I×1, K×1, M×1, Q×1, R×1, W×1","AAA×1937, TCG×1469, TCA×589, ATT×104, CGG×31, TGG×30, CTT×28, TTT×13, CTA×11, TCC×8, CTG×6, TTA×3, ATG×2, CAA×2, GGA×1, TTG×1"
571,nonsynonymous-only,0,1,20,4228,"T×3, V×3, I×2, K×2, N×2, R×2, D×1, E×1, G×1, Q×1, S×1, W×1","AGA×1469, ACG×1188, ATC×830, AGT×597, GAT×40, AAT×20, GTA×20, AGG×18, ACA×14, GTT×10, ATT×7, TGG×4, GAA×3, CAA×2, AAA×1, AAC×1, AAG×1, ACT×1, GGG×1, GTG×1"
572,nonsynonymous-only,0,1,16,3365,"V×3, A×2, I×2, L×2, N×2, K×1, P×1, R×1, S×1, T×1","ACT×1189, GCT×956, ATC×596, GTT×512, AGA×43, GTC×20, GCA×18, ATT×17, AAA×3, AAC×3, CTA×2, TTA×2, AAT×1, CCA×1, GTG×1, TCA×1"
573,nonsynonymous-only,0,1,8,1235,"E×2, V×2, D×1, H×1, K×1, R×1","GAA×1169, AAA×40, GAG×19, GTA×3, AGG×1, CAT×1, GAC×1, GTT×1"
577,nonsynonymous-only,0,1,2,3,"K×1, Y×1","TAT×2, AAA×1"
578,nonsynonymous-only,0,1,5,1291,"E×1, G×1, I×1, K×1, L×1","GGA×702, GAA×585, AAG×2, ATA×1, TTA×1"
579,nonsynonymous-only,0,1,18,3721,"F×2, G×2, K×2, L×2, Q×2, S×2, E×1, M×1, P×1, R×1, T×1, Y×1","TTC×1425, ACT×899, GGA×686, TTA×614, TTT×42, AAG×18, TTG×14, AAA×5, GGG×5, TCC×3, CCC×2, TAC×2, AGA×1, ATG×1, CAA×1, CAG×1, GAA×1, TCT×1"
580,nonsynonymous-only,0,1,9,3786,"Q×2, A×1, D×1, I×1, L×1, S×1, V×1, W×1","CAG×1487, TTA×960, CAA×694, TCA×597, TGG×22, GCA×14, GAT×6, ATA×4, GTC×2"
581,nonsynonymous-only,0,1,13,3820,"R×3, T×2, F×1, I×1, K×1, L×1, M×1, S×1, V×1, Y×1","AGA×2162, AAA×920, GTA×602, ATT×63, ATG×28, CGA×19, TAT×14, TTG×3, ACC×2, AGG×2, TCA×2, TTC×2, ACT×1"
582,nonsynonymous-only,0,1,16,3919,"L×4, S×3, Q×2, R×2, V×2, F×1, I×1, W×1","CGT×1450, TTG×1309, CAG×565, TCG×208, CAA×127, CTA×82, TTA×70, ATT×63, CTT×19, GTA×18, AGT×3, CGG×1, GTT×1, TCC×1, TGG×1, TTC×1"
583,nonsynonymous-only,0,1,19,3766,"A×3, C×2, L×2, Q×2, R×2, F×1, G×1, P×1, S×1, T×1, V×1, W×1, Y×1","TAT×1469, CGA×1287, CAG×748, CAA×83, TTC×63, TGC×28, AGT×20, GCG×18, GTA×17, GCT×14, TGT×6, TTG×3, ACC×2, CCA×2, CGG×2, GCA×1, GGC×1, TGG×1, TTA×1"
584,nonsynonymous-only,0,1,16,4672,"L×5, V×3, I×2, A×1, F×1, M×1, N×1, P×1, T×1","TTG×1513, TTA×1471, ATA×848, GTG×753, AAT×28, ATT×26, CTA×15, CTG×4, ATG×3, GTT×3, GCA×2, TTT×2, ACT×1, CCA×1, CTT×1, GTA×1"
585,nonsynonymous-only,0,1,15,5488,"A×3, V×3, L×2, S×2, F×1, G×1, I×1, N×1, T×1","GCT×2203, ATT×1586, GTT×928, TCC×596, GCA×67, CTC×63, GTA×17, TTT×15, ACT×4, TCT×3, AAC×2, CTT×1, GCC×1, GGC×1, GTC×1"
586,nonsynonymous-only,0,1,15,3336,"I×3, F×2, L×2, A×1, G×1, P×1, Q×1, R×1, T×1, V×1, Y×1","TTT×2255, CTA×899, GGT×82, ATC×28, ACT×20, AGA×18, TAT×17, TTG×6, ATA×3, ATT×2, CAA×2, CCA×1, GCA×1, GTT×1, TTC×1"
587,nonsynonymous-only,0,1,18,3353,"A×4, L×3, F×2, I×2, V×2, E×1, M×1, P×1, Q×1, S×1","GCG×2234, ATC×899, GAA×82, GCA×38, TTT×28, TTC×20, TTA×18, ATT×17, TCC×6, GCT×3, ATG×1, CAG×1, CCG×1, CTT×1, GCC×1, GTA×1, GTT×1, TTG×1"
588,nonsynonymous-only,0,1,15,3325,"L×5, G×2, R×2, V×2, A×1, F×1, I×1, S×1","GTA×1564, GCC×910, CGA×690, GGG×82, TTT×23, CTT×20, TTG×18, GGC×5, CTG×3, TCA×3, GTG×2, TTA×2, AGA×1, ATT×1, CTC×1"
589,nonsynonymous-only,0,1,7,2339,"A×3, L×1, M×1, V×1, Y×1","GCC×1139, ATG×691, GCT×424, GTC×82, GCG×1, TAC×1, TTG×1"
590,nonsynonymous-only,0,1,4,2256,"I×1, L×1, S×1, V×1","ATT×1563, CTA×691, GTG×1, TCG×1"
591,nonsynonymous-only,0,1,5,2257,"A×1, H×1, N×1, S×1, Y×1","AAC×1563, GCG×691, AGT×1, CAT×1, TAC×1"
592,nonsynonymous-only,0,1,5,2257,"A×1, I×1, L×1, Q×1, V×1","GTG×1563, GCT×691, ATA×1, CAA×1, CTA×1"
593,nonsynonymous-only,0,1,4,2255,"D×2, N×1, Q×1","GAT×1375, CAG×691, GAC×188, AAT×1"
594,synonymous-only,1,0,4,2255,P×4,"CCC×1355, CCG×691, CCA×201, CCT×8"
596,nonsynonymous-only,0,1,2,2,"F×1, L×1","TTC×1, TTG×1"
597,nonsynonymous-only,0,1,11,966,"L×4, H×1, I×1, M×1, P×1, S×1, T×1, V×1","ATG×899, TTA×26, ATA×17, ACG×14, CTG×3, CTA×2, CAC×1, CCT×1, GTG×1, TCC×1, TTG×1"
598,nonsynonymous-only,0,1,9,986,"L×2, E×1, I×1, K×1, N×1, P×1, S×1, V×1","TTA×899, AAA×20, CCA×20, GTA×17, TTG×15, ATA×7, TCA×4, GAA×3, AAT×1"
599,nonsynonymous-only,0,1,3,3,"A×1, F×1, V×1","GCT×1, GTG×1, TTT×1"
600,nonsynonymous-only,0,1,15,6640,"S×3, F×2, I×2, N×2, V×2, E×1, L×1, T×1, Y×1","ATT×2659, TTT×1278, AAT×900, TAC×708, TTC×613, GTT×423, GTA×20, TCC×19, GAA×7, AAC×4, TTG×4, ACT×2, ATA×1, TCG×1, TCT×1"
601,nonsynonymous-only,0,1,17,7385,"L×5, S×3, F×2, R×2, H×1, P×1, Q×1, W×1, Y×1","TTA×2402, TTT×1491, TAT×1208, TGG×916, CTG×622, TCT×595, CTA×66, CGT×41, AGA×18, TTC×7, TCC×6, CTT×5, TTG×3, CCT×2, CAC×1, CAG×1, TCA×1"
602,nonsynonymous-only,0,1,20,7382,"V×3, F×2, G×2, I×2, L×2, C×1, E×1, H×1, K×1, N×1, P×1, S×1, W×1, Y×1","ATT×1563, CAT×1427, GGA×1178, TGT×896, TTA×711, TTC×596, GTG×522, GTA×227, TAT×84, AAG×82, TTT×27, AAT×18, CTT×18, TCT×13, GAA×7, CCT×5, GGT×5, ATC×1, GTC×1, TGG×1"
603,nonsynonymous-only,0,1,25,7382,"S×4, I×3, L×3, F×2, N×2, A×1, C×1, D×1, G×1, H×1, K×1, Q×1, R×1, T×1, V×1, Y×1","GTC×1562, AGC×1470, TCC×1148, ATT×904, ATC×748, TTA×630, AAC×597, CGC×82, TTG×62, TTT×41, TCA×38, CTG×20, AAT×18, GCT×17, TAC×15, AAA×9, ATA×8, ACA×3, GAC×3, CAA×2, CAT×1, GGT×1, TCT×1, TGC×1, TTC×1"
604,nonsynonymous-only,0,1,18,7379,"L×3, D×2, G×2, N×2, V×2, E×1, F×1, I×1, K×1, R×1, S×1, T×1","GAT×2992, ATT×1460, TTT×1188, CTT×899, AGG×596, GAA×82, CTA×40, GTT×37, GGT×23, AAT×18, AAC×15, GAC×13, AAA×9, TCT×3, ACT×1, GGA×1, GTA×1, TTA×1"
605,nonsynonymous-only,0,1,9,4322,"E×2, R×2, D×1, K×1, N×1, T×1, V×1","GAA×2348, GAC×1188, GAG×691, AAA×83, GTA×6, AGG×3, AAC×1, ACA×1, CGC×1"
606,nonsynonymous-only,0,1,11,4304,"V×3, A×2, L×1, P×1, Q×1, S×1, T×1, W×1","GCG×2276, TGG×1188, CCA×691, GTT×82, GCA×36, CAA×26, ACG×1, GTC×1, GTG×1, TCA×1, TTA×1"
607,nonsynonymous-only,0,1,11,4237,"L×3, I×2, S×2, F×1, M×1, T×1, Y×1","TTG×1560, TCT×1188, TTA×751, TTT×691, ATT×22, AGT×20, ACT×1, ATC×1, ATG×1, CTA×1, TAC×1"
608,nonsynonymous-only,0,1,13,4696,"A×3, S×3, L×2, V×2, I×1, M×1, W×1","GCT×1502, TCT×1084, TTA×913, TCC×691, TTG×412, GCA×67, TGG×20, GCG×2, ATA×1, ATG×1, GTA×1, GTT×1, TCG×1"
609,nonsynonymous-only,0,1,23,7891,"A×4, L×4, V×3, Q×2, S×2, D×1, E×1, F×1, G×1, M×1, N×1, T×1, Y×1","GTC×1612, GAT×1474, GCC×1187, TTA×918, GTA×752, GCA×691, CAG×581, TTG×418, TCA×79, TCT×44, GTT×33, GGG×30, CTG×20, GCG×18, CAA×15, CTT×6, TTT×6, ATG×2, AAC×1, ACA×1, GAG×1, GCT×1, TAT×1"
610,nonsynonymous-only,0,1,14,7910,"G×3, I×2, K×2, A×1, D×1, E×1, L×1, N×1, R×1, T×1","AAA×2149, GGG×1563, GAA×1222, GGA×1172, AAG×896, TTA×691, GCA×84, ATT×83, GAT×30, AGA×13, ATA×3, GGT×2, AAC×1, ACT×1"
611,nonsynonymous-only,0,1,13,7922,"E×2, K×2, N×2, D×1, G×1, I×1, Q×1, R×1, S×1, Y×1","GAT×3003, AAA×2478, CAA×1784, AGC×336, GGT×84, TAT×82, GAG×63, AAG×32, GAA×23, ATA×20, AGA×14, AAC×2, AAT×1"
612,nonsynonymous-only,0,1,21,7196,"I×3, S×3, K×2, L×2, P×2, V×2, A×1, E×1, F×1, M×1, Q×1, R×1, T×1","TTA×3029, ATG×2087, CAA×748, GCA×690, TCC×336, ATA×94, TCA×45, ACA×41, CTA×30, AAA×28, TCG×21, CCA×18, AAG×17, CCT×3, TTC×3, ATC×1, ATT×1, CGG×1, GAA×1, GTA×1, GTG×1"
613,nonsynonymous-only,0,1,20,5807,"T×3, E×2, L×2, P×2, S×2, A×1, D×1, F×1, G×1, K×1, M×1, N×1, V×1, Y×1","GAG×1550, TTA×1195, ACA×919, ACC×749, CCC×691, GTA×336, ACG×84, GAT×82, TCA×49, TAC×40, CTA×36, AAA×33, GGG×17, GAA×13, ATG×3, CCA×3, TTT×3, AAT×2, GCG×1, TCT×1"
614,synonymous-only,1,0,2,15,Y×2,"TAT×9, TAC×6"
615,nonsynonymous-only,0,1,9,2173,"A×2, I×2, T×2, C×1, L×1, M×1","ACC×919, ATT×599, GCC×534, ATG×84, ACT×16, ATC×15, GCG×4, TGC×1, TTA×1"
616,nonsynonymous-only,0,1,5,2169,"A×1, C×1, D×1, K×1, S×1","AGC×1472, GAT×598, GCT×83, AAA×15, TGC×1"
617,nonsynonymous-only,0,1,6,2175,"E×1, G×1, K×1, N×1, Q×1, S×1","AAT×1472, AAA×613, CAA×84, GAA×4, AGC×1, GGG×1"
618,nonsynonymous-only,0,1,7,2175,"S×2, V×2, F×1, N×1, T×1","TCT×1559, ACT×596, AAT×15, TCC×2, GTC×1, GTT×1, TTT×1"
621,nonsynonymous-only,0,1,13,4300,"L×4, A×2, E×1, G×1, I×1, R×1, S×1, V×1, W×1","TTG×1481, CGA×1194, GAA×913, TCG×596, TTA×65, ATT×20, GGC×18, CTG×4, GCA×3, TGG×3, CTT×1, GCT×1, GTA×1"
622,nonsynonymous-only,0,1,15,4284,"E×2, F×2, L×2, N×2, C×1, G×1, I×1, K×1, P×1, V×1, Y×1","GTT×1468, TTT×1195, TAC×899, GAA×597, TTC×79, ATT×25, GAG×9, AAG×3, CCA×2, GGA×2, AAC×1, AAT×1, CTT×1, TGC×1, TTA×1"
623,nonsynonymous-only,0,1,13,3805,"Q×2, T×2, A×1, F×1, G×1, K×1, M×1, R×1, S×1, V×1, W×1","ATG×1472, AAA×908, TGG×717, ACG×597, AGT×63, AGA×21, ACA×16, GCA×3, GGA×3, GTG×2, CAA×1, CAG×1, TTC×1"
624,nonsynonymous-only,0,1,7,619,"S×2, G×1, L×1, Q×1, R×1, Y×1","TTA×596, AGC×15, CAA×3, TAT×2, AGA×1, GGA×1, TCT×1"
625,nonsynonymous-only,0,1,5,2139,"L×2, A×1, H×1, T×1","TTG×1473, GCG×596, TTA×65, ACC×3, CAT×2"
626,nonsynonymous-only,0,1,8,2155,"Q×2, C×1, E×1, R×1, S×1, V×1, Y×1","TAT×1486, CAA×598, CGT×52, TGT×12, GAA×3, CAG×2, GTT×1, TCT×1"
627,nonsynonymous-only,0,1,5,675,"C×1, E×1, F×1, G×1, R×1","TTT×596, AGA×61, TGT×15, GGA×2, GAA×1"
628,nonsynonymous-only,0,1,4,676,"T×2, I×1, P×1","CCG×596, ATC×63, ACA×16, ACT×1"
629,nonsynonymous-only,0,1,4,678,"I×2, N×1, T×1","ATT×598, ACT×64, AAC×15, ATC×1"
630,nonsynonymous-only,0,1,2,19,"I×1, M×1","ATT×17, ATG×2"
631,synonymous-only,1,0,2,2,Y×2,"TAC×1, TAT×1"
633,nonsynonymous-only,0,1,4,602,"D×1, F×1, I×1, T×1","ATT×596, GAT×3, ACG×2, TTT×1"
634,nonsynonymous-only,0,1,4,602,"A×1, N×1, S×1, V×1","TCT×597, GCT×2, GTA×2, AAC×1"
635,nonsynonymous-only,0,1,6,716,"E×2, A×1, K×1, Q×1, Y×1","AAA×598, GAG×84, GAA×30, TAT×2, CAA×1, GCT×1"
636,nonsynonymous-only,0,1,19,2433,"S×4, I×3, A×2, G×2, T×2, D×1, F×1, K×1, L×1, M×1, N×1","TCT×752, ATA×596, ACT×513, AAT×338, TCA×84, GCC×82, ATT×31, AGC×20, GCT×3, AGT×2, ATG×2, GGT×2, TTT×2, AAA×1, ACC×1, ATC×1, CTT×1, GAT×1, GGC×1"
637,nonsynonymous-only,0,1,21,7410,"T×3, A×2, I×2, L×2, R×2, S×2, C×1, D×1, E×1, F×1, K×1, M×1, N×1, V×1","TCA×1564, TTA×1502, ATA×1427, AAA×692, GCG×594, TTG×541, ATG×516, GAA×366, AAT×84, ACG×81, AGG×20, TGT×6, ATT×3, GTA×3, TTT×3, ACA×2, GCA×2, ACT×1, AGA×1, GAT×1, TCT×1"
638,nonsynonymous-only,0,1,23,8354,"T×4, I×3, A×2, E×2, G×2, P×2, S×2, K×1, L×1, M×1, N×1, R×1, V×1","ATT×2463, ACC×1828, GTA×1158, ATA×835, GGA×686, ACA×669, AAA×336, ACT×99, CCA×83, ACG×44, GCA×34, CCT×30, GAA×20, TTA×19, AAT×17, ATC×10, ATG×8, AGA×5, TCA×4, GCC×3, GAG×1, GGT×1, TCT×1"
639,nonsynonymous-only,0,1,16,8379,"T×3, E×2, G×2, K×2, R×2, A×1, D×1, L×1, Q×1, S×1","AAA×4303, CAA×900, AGA×775, AAG×764, GAT×596, CTA×513, GAA×367, CGA×99, GCA×24, GAG×20, ACA×10, TCA×3, GGA×2, ACG×1, ACT×1, GGT×1"
640,nonsynonymous-only,0,1,19,8297,"R×3, T×3, A×2, I×2, K×2, V×2, D×1, E×1, L×1, M×1, Q×1","ATG×1693, AGA×1498, GCT×1403, ATA×1252, AAA×942, CAA×596, ACA×517, ACG×206, GTT×55, ATT×51, AGG×29, CGA×20, CTA×17, GCA×7, GAA×6, AAG×2, ACT×1, GAC×1, GTA×1"
641,nonsynonymous-only,0,1,2,31,"D×1, R×1","GAC×30, CGA×1"
643,nonsynonymous-only,0,1,3,113,"L×1, R×1, W×1","CGA×82, TGG×30, TTA×1"
644,nonsynonymous-only,0,1,23,7578,"I×3, R×3, F×2, K×2, S×2, T×2, V×2, D×1, G×1, L×1, M×1, N×1, Q×1, Y×1","ATG×1593, ATT×1549, ATC×1499, TTT×1486, CAA×691, AAG×307, AGG×207, TAC×117, GAT×63, ACT×20, AAA×19, ATA×11, AAT×3, GGA×3, TTC×2, ACC×1, AGA×1, AGC×1, CGC×1, GTC×1, GTG×1, TCC×1, TTA×1"
645,nonsynonymous-only,0,1,14,6846,"D×2, K×2, Q×2, R×2, Y×2, E×1, G×1, I×1, M×1","GAA×1956, CAA×1192, AAG×1015, AAA×779, ATT×691, CAG×596, GAC×512, ATG×63, AGA×19, TAT×17, AGG×2, GGC×2, GAT×1, TAC×1"
646,nonsynonymous-only,0,1,19,8326,"T×3, E×2, G×2, I×2, K×2, N×2, R×2, C×1, D×1, Q×1, S×1","AAA×6006, AAT×832, GAA×711, ATT×616, AAG×88, CGT×34, AGA×15, AAC×3, ACA×3, ACT×3, GAT×3, GGC×3, ATA×2, CAG×2, ACG×1, AGT×1, GAG×1, GGT×1, TGT×1"
647,nonsynonymous-only,0,1,16,6102,"S×3, C×2, I×2, L×2, P×2, D×1, F×1, H×1, R×1, W×1","TTT×2106, ATT×1189, CGT×896, TGC×753, CTT×694, AGT×336, TGT×104, TGG×9, TCC×6, TCT×3, ATC×1, CAT×1, CCA×1, CCT×1, GAC×1, TTA×1"
648,nonsynonymous-only,0,1,17,1307,"R×4, I×2, K×2, L×2, C×1, M×1, N×1, P×1, Q×1, S×1, T×1","TTG×746, ATC×336, AGG×82, CAA×32, AAA×29, AAG×20, TTA×20, CGG×19, TCA×7, ATA×6, CGA×3, CCA×2, AAT×1, ACG×1, AGA×1, ATG×1, TGC×1"
649,nonsynonymous-only,0,1,16,1313,"L×5, K×2, C×1, E×1, I×1, M×1, N×1, P×1, Q×1, S×1, V×1","ATG×897, CTC×336, AAA×23, AAC×19, TGC×17, TTA×6, CCT×3, CTG×3, ATA×2, AAG×1, AGC×1, CAA×1, CTA×1, CTT×1, GAA×1, GTG×1"
650,nonsynonymous-only,0,1,12,1333,"C×2, I×2, A×1, F×1, H×1, K×1, L×1, R×1, S×1, Y×1","TGT×900, TTT×342, ATC×29, ATT×22, AGT×17, TTA×9, TAT×6, GCT×3, TGC×2, AAG×1, CAT×1, CGT×1"
651,nonsynonymous-only,0,1,9,2500,"F×2, S×2, Y×2, C×1, L×1, W×1","TAC×1519, TTC×598, TGG×336, TAT×19, AGC×15, TTT×8, TCA×3, CTT×1, TGT×1"
652,nonsynonymous-only,0,1,13,2511,"L×3, G×2, N×2, E×1, K×1, M×1, R×1, S×1, T×1","AAA×1471, AAT×560, CTG×260, ATG×76, GGG×63, AAC×38, CTA×20, AGT×15, ACT×3, GGT×2, CGG×1, GAA×1, TTA×1"
654,nonsynonymous-only,0,1,13,3113,"L×3, D×2, E×1, F×1, G×1, K×1, M×1, P×1, S×1, V×1","ATG×1476, CTC×899, TCA×568, AAA×67, GAA×40, CCA×28, GAT×18, GTA×6, GAC×3, TTC×3, CTT×2, TTG×2, GGT×1"
655,nonsynonymous-only,0,1,12,2227,"E×2, G×2, F×1, I×1, K×1, L×1, Q×1, R×1, S×1, Y×1","AAA×1490, GGA×636, GAA×63, AGC×18, GGG×6, AGA×3, GAG×3, TTA×3, CAA×2, ATA×1, TAC×1, TTT×1"
656,nonsynonymous-only,0,1,10,3090,"E×2, K×2, N×2, I×1, L×1, Q×1, S×1","GAA×1476, AAC×899, CAA×597, AGT×63, AAA×43, GAG×6, CTC×3, AAG×1, AAT×1, ATT×1"
657,nonsynonymous-only,0,1,10,3111,"G×3, Q×2, E×1, I×1, K×1, R×1, T×1","AAA×2070, GGT×899, CAA×65, ACA×40, GGA×18, GAA×8, CAG×6, AGA×3, ATA×1, GGG×1"
658,nonsynonymous-only,0,1,13,3166,"I×2, K×2, R×2, T×2, A×1, C×1, M×1, P×1, S×1","ACA×1478, AGA×962, AGG×599, ATG×47, AAA×40, AAG×18, ACG×9, GCG×6, CCT×3, AGT×1, ATA×1, ATT×1, TGC×1"
659,nonsynonymous-only,0,1,15,3166,"H×2, L×2, N×2, Y×2, D×1, F×1, G×1, I×1, K×1, R×1, S×1","CTT×1474, ATA×899, CAC×554, TTT×64, AGT×58, CAT×29, GAC×29, CTG×20, AAC×13, TAC×13, TAT×6, GGT×3, AAT×2, AAG×1, AGG×1"
660,nonsynonymous-only,0,1,13,2265,"I×3, L×3, S×3, F×2, A×1, Q×1","ATT×1474, CTT×603, TTC×69, TCA×43, CTA×28, ATA×21, TTT×15, CAG×3, GCA×3, AGT×2, TTA×2, ATC×1, TCT×1"
661,nonsynonymous-only,0,1,13,2234,"S×3, F×2, L×2, P×2, C×1, H×1, I×1, V×1","TCT×1314, CCC×595, TCC×160, TTT×70, TCA×40, GTA×21, TTC×16, TTA×9, CAC×3, TGC×3, ATC×1, CCT×1, CTA×1"
662,nonsynonymous-only,0,1,12,2253,"E×2, N×2, R×2, I×1, K×1, L×1, M×1, V×1, Y×1","GAA×2071, AGG×63, ATG×47, ATA×38, TAT×15, TTA×6, AAC×4, GAG×3, GTT×3, AAG×1, AAT×1, AGA×1"
663,nonsynonymous-only,0,1,13,2232,"G×2, A×1, D×1, E×1, H×1, I×1, K×1, L×1, N×1, R×1, W×1, Y×1","GAA×1481, AGA×595, TAT×53, GGT×40, ATA×21, TGG×16, CAT×10, GAT×9, AAA×2, GGA×2, AAT×1, GCT×1, TTA×1"
664,nonsynonymous-only,0,1,12,2221,"A×2, V×2, E×1, K×1, M×1, P×1, Q×1, S×1, T×1, W×1","GCA×1472, AAA×597, GAA×63, CCA×40, GTC×18, CAA×15, TGG×7, GCC×3, ACA×2, ATG×2, GTA×1, TCT×1"
665,nonsynonymous-only,0,1,5,2198,"T×2, A×1, M×1, R×1","ATG×1483, AGA×596, GCA×53, ACG×47, ACA×19"
666,nonsynonymous-only,0,1,7,2192,"N×2, S×2, A×1, L×1, T×1","AAT×1475, AGT×596, GCG×63, CTT×40, TCT×15, AAC×2, ACT×1"
667,nonsynonymous-only,0,1,5,2088,"A×1, D×1, H×1, L×1, N×1","GCT×1475, GAC×594, CTT×15, AAC×2, CAC×2"
668,nonsynonymous-only,0,1,4,2088,"C×2, S×1, T×1","ACT×1475, TGC×596, TCC×15, TGT×2"
669,nonsynonymous-only,0,1,2,1490,"L×1, S×1","TTG×1475, TCG×15"
671,nonsynonymous-only,0,1,4,603,"C×1, I×1, N×1, T×1","AAT×598, ATT×2, TGT×2, ACT×1"
672,nonsynonymous-only,0,1,2,4,"S×1, Y×1","TAT×2, TCC×2"
673,nonsynonymous-only,0,1,2,601,"C×1, R×1","CGA×599, TGT×2"
674,nonsynonymous-only,0,1,4,603,"C×2, R×1, S×1","TGC×596, CGT×3, AGC×2, TGT×2"
675,nonsynonymous-only,0,1,4,603,"G×1, N×1, R×1, Y×1","GGA×570, AGA×28, TAT×3, AAT×2"
676,nonsynonymous-only,0,1,2,599,"L×1, P×1","CCG×596, CTG×3"
677,nonsynonymous-only,0,1,2,599,"C×1, V×1","TGC×596, GTG×3"
678,nonsynonymous-only,0,1,2,599,"A×1, V×1","GCA×596, GTG×3"
679,nonsynonymous-only,0,1,2,599,"K×1, T×1","ACA×596, AAA×3"
680,nonsynonymous-only,0,1,2,599,"H×1, N×1","CAC×596, AAC×3"
681,nonsynonymous-only,0,1,2,596,"E×1, K×1","GAA×589, AAA×7"
682,nonsynonymous-only,0,1,2,2073,"F×1, Y×1","TAC×1475, TTT×598"
683,nonsynonymous-only,0,1,3,2073,"E×1, N×1, V×1","GAG×1475, AAT×596, GTA×2"
685,nonsynonymous-only,0,1,2,586,"F×1, S×1","TCA×584, TTC×2"
686,nonsynonymous-only,0,1,4,2086,"K×2, P×1, Q×1","CAG×943, AAA×596, CCG×537, AAG×10"
687,nonsynonymous-only,0,1,5,2440,"I×2, N×1, R×1, V×1","AAC×1477, GTT×578, ATT×375, ATA×7, CGG×3"
688,nonsynonymous-only,0,1,7,985,"S×2, F×1, L×1, R×1, W×1, Y×1","TAT×618, TTT×336, TGG×17, TTG×9, CGT×3, TCG×1, TCT×1"
689,nonsynonymous-only,0,1,9,372,"L×3, A×1, F×1, H×1, K×1, Q×1, S×1","TTA×338, CAA×13, CTG×7, GCA×6, AAA×2, CAT×2, TCA×2, TTG×1, TTT×1"
690,nonsynonymous-only,0,1,12,2518,"L×4, V×2, F×1, I×1, P×1, Q×1, R×1, S×1","CTT×1476, CTA×596, AGA×286, TTT×74, GTT×21, TCA×21, ATA×20, TTG×10, GTG×6, TTA×4, CAG×3, CCA×1"
691,nonsynonymous-only,0,1,14,3489,"S×4, H×2, L×2, Y×2, C×1, F×1, R×1, V×1","TTA×1529, TCC×900, TGT×604, TAC×336, TAT×77, TCT×20, TTG×10, TTC×5, CAC×2, GTT×2, AGA×1, AGT×1, CAT×1, TCA×1"
692,nonsynonymous-only,0,1,17,3542,"S×3, E×2, L×2, Q×2, A×1, C×1, G×1, I×1, K×1, R×1, W×1, Y×1","GAA×1478, GCG×899, CAA×598, AAA×336, GGA×136, AGT×28, CGA×20, TGG×20, TTG×7, GAG×6, CAG×3, TCC×3, TGC×3, ATA×2, TAT×1, TCA×1, TTA×1"
693,nonsynonymous-only,0,1,17,2089,"G×2, I×2, K×2, N×2, R×2, S×2, A×1, D×1, E×1, M×1, T×1","GAA×900, TCA×596, AGA×339, ATG×105, GGC×73, AGT×20, ATA×20, AGG×18, AAA×5, AAG×3, GGA×3, GCG×2, AAC×1, AAT×1, ACA×1, ATT×1, GAC×1"
695,nonsynonymous-only,0,1,18,3275,"L×5, F×2, R×2, G×1, H×1, K×1, M×1, P×1, Q×1, S×1, T×1, W×1","TTA×1595, CAA×899, TTG×598, CTT×73, TCA×40, AAA×28, TTT×15, CTA×10, ATG×3, CCA×3, TTC×3, ACA×2, AGG×1, CAC×1, CGT×1, CTG×1, GGA×1, TGG×1"
696,nonsynonymous-only,0,1,19,3304,"A×2, F×2, P×2, S×2, V×2, C×1, G×1, I×1, K×1, L×1, M×1, N×1, T×1, W×1","ATC×2057, GTT×1034, GCT×64, AAG×30, GGT×28, TTG×18, TTC×16, ATG×15, TTT×13, CCT×7, TCT×6, AGT×4, AAC×3, GCC×2, GTC×2, TGC×2, ACT×1, CCC×1, TGG×1"
697,nonsynonymous-only,0,1,18,3297,"E×2, I×2, K×2, L×2, T×2, A×1, F×1, G×1, N×1, P×1, R×1, S×1, V×1","GAA×1474, ATA×906, CTG×596, AAG×74, GCA×70, TTA×64, ATT×49, GAG×18, TCA×17, ACT×13, TTT×4, ACA×3, CCA×3, GTT×2, AAA×1, AAT×1, AGA×1, GGA×1"
698,nonsynonymous-only,0,1,9,3269,"K×2, N×2, D×1, F×1, H×1, I×1, T×1","AAT×2073, AAG×900, AAA×185, ATT×63, ACA×40, GAT×3, CAC×2, TTC×2, AAC×1"
699,nonsynonymous-only,0,1,10,2589,"I×3, A×1, K×1, L×1, N×1, R×1, S×1, T×1","ATA×2374, CTT×73, AAC×63, ATT×38, CGT×17, AAA×16, AGC×3, ATC×2, GCC×2, ACA×1"
700,nonsynonymous-only,0,1,6,2173,"K×2, G×1, Q×1, V×1, Y×1","AAA×1539, GTA×596, TAT×20, CAA×15, AAG×2, GGG×1"
701,nonsynonymous-only,0,1,9,2159,"R×2, F×1, G×1, I×1, K×1, L×1, M×1, N×1","AAG×1476, ATA×596, AAT×63, AGA×15, CTT×3, ATG×2, TTT×2, AGG×1, GGG×1"
702,nonsynonymous-only,0,1,11,2180,"K×2, L×2, E×1, F×1, I×1, M×1, R×1, S×1, V×1","AGA×1457, ATA×597, GAG×62, AAA×20, TTT×20, AGC×15, TTA×3, ATG×2, CTA×2, AAG×1, GTA×1"
703,nonsynonymous-only,0,1,11,3110,"L×4, S×3, A×1, I×1, P×1, V×1","TTG×1486, GTG×899, TCG×598, CTG×44, TCA×30, TTA×23, ATA×17, CTA×9, CCG×2, GCT×1, TCC×1"
704,nonsynonymous-only,0,1,13,1591,"L×2, V×2, A×1, D×1, F×1, I×1, K×1, M×1, N×1, P×1, S×1","CTA×899, GCT×597, TTA×29, TTC×22, GTG×17, AAA×14, CCG×3, GAT×3, ATG×2, GTC×2, AAC×1, ATC×1, TCT×1"
705,nonsynonymous-only,0,1,10,1590,"I×2, K×2, D×1, E×1, N×1, R×1, S×1, T×1","AAG×899, ATA×596, AGT×28, AAT×23, ATT×17, ACA×15, AAA×3, AGG×3, GAA×3, GAT×3"
706,nonsynonymous-only,0,1,5,638,"L×2, C×1, F×1, P×1","CTC×596, TGT×20, TTT×17, CCT×3, TTA×2"
708,nonsynonymous-only,0,1,3,6,"A×1, G×1, V×1","GGC×4, GCT×1, GTC×1"
709,nonsynonymous-only,0,1,2,4,"I×1, T×1","ACA×3, ATT×1"
711,nonsynonymous-only,0,1,2,24,"E×1, K×1","AAA×23, GAA×1"
712,nonsynonymous-only,0,1,7,1552,"N×2, K×1, L×1, S×1, T×1, V×1","ACA×916, CTA×596, GTT×20, TCA×15, AAA×3, AAC×1, AAT×1"
713,nonsynonymous-only,0,1,9,1556,"V×2, C×1, F×1, G×1, I×1, M×1, R×1, S×1","TCA×901, GTC×368, GTT×229, ATC×20, ATG×18, GGC×17, AGA×1, TGC×1, TTT×1"
714,nonsynonymous-only,0,1,10,1609,"C×2, S×2, Y×2, F×1, I×1, N×1, W×1","TTT×948, AAT×596, TCT×18, ATT×17, TAT×14, TGT×8, TGC×3, TAC×2, TCC×2, TGG×1"
715,nonsynonymous-only,0,1,12,1607,"T×2, D×1, E×1, G×1, I×1, K×1, L×1, M×1, N×1, R×1, S×1","AAA×907, ATG×600, GGA×28, GAA×20, ATA×18, AAT×17, AGT×6, AGA×5, ACG×2, GAT×2, ACA×1, TTA×1"
716,nonsynonymous-only,0,1,10,3100,"R×2, A×1, D×1, E×1, G×1, K×1, N×1, Q×1, T×1","AAA×1533, GCC×899, AAC×596, GAA×33, ACA×18, AGA×14, CAA×3, GAC×2, CGG×1, GGA×1"
717,nonsynonymous-only,0,1,12,3057,"L×3, F×2, V×2, H×1, I×1, K×1, N×1, S×1","TTA×2048, TTG×902, AGT×54, CTA×41, AAA×3, ATT×3, AAT×1, CAC×1, GTA×1, GTG×1, TTC×1, TTT×1"
718,nonsynonymous-only,0,1,14,1011,"I×2, N×2, V×2, D×1, F×1, G×1, H×1, K×1, R×1, S×1, Y×1","AAT×899, GGT×28, AAC×22, GTT×20, ATC×18, TTT×7, ATT×6, TAT×4, AGT×2, AAA×1, AGG×1, CAC×1, GAT×1, GTC×1"
719,nonsynonymous-only,0,1,5,22,"E×1, M×1, N×1, P×1, S×1","ATG×17, GAA×2, AAT×1, CCC×1, TCC×1"
720,nonsynonymous-only,0,1,5,84,"F×1, G×1, L×1, V×1, Y×1","CTT×63, TAT×17, GGA×2, GTA×1, TTT×1"
721,nonsynonymous-only,0,1,2,64,"I×1, N×1","ATT×63, AAT×1"
722,nonsynonymous-only,0,1,14,1088,"F×2, I×2, L×2, R×2, A×1, E×1, K×1, N×1, T×1, V×1","TTG×513, ATC×336, AGG×84, TTA×63, CGG×30, ACA×21, AAC×17, TTT×16, TTC×3, AAA×1, ATA×1, GAA×1, GCA×1, GTG×1"
723,nonsynonymous-only,0,1,16,4955,"R×3, E×2, K×2, N×2, A×1, D×1, F×1, I×1, Q×1, S×1, W×1","AAG×1431, CAG×1169, CGG×1085, GAG×596, GAA×338, AGG×102, GAT×67, AGC×40, AAT×32, ATA×30, AAA×22, AAC×20, TTC×15, TGG×4, AGA×3, GCT×1"
724,nonsynonymous-only,0,1,21,6433,"E×2, K×2, Q×2, R×2, S×2, Y×2, A×1, C×1, D×1, G×1, L×1, M×1, N×1, T×1, W×1","AAA×2492, GCG×1444, CAA×914, CGA×690, GAG×519, CAG×85, GAA×63, AAG×56, TAT×40, GAC×30, TCG×26, CTG×20, ACA×19, ATG×17, GGG×7, TAC×3, TGG×3, AAT×2, AGC×1, CGG×1, TGT×1"
725,nonsynonymous-only,0,1,12,8405,"L×3, F×2, P×2, S×2, Q×1, R×1, T×1","TTA×4998, TCA×2447, TTT×832, CCA×80, CGG×20, ACT×18, CTG×4, CAA×2, CCG×1, TCT×1, TTC×1, TTG×1"
726,nonsynonymous-only,0,1,11,3187,"K×2, T×2, V×2, E×1, L×1, M×1, N×1, S×1","ACT×1273, AAA×748, AGT×691, GTG×336, GAA×84, AAT×30, ATG×20, CTG×2, AAG×1, ACA×1, GTC×1"
727,nonsynonymous-only,0,1,21,7950,"G×3, D×2, E×2, N×2, R×2, A×1, H×1, I×1, K×1, L×1, S×1, T×1, V×1, W×1, Y×1","AAT×2724, GGC×1476, GGT×1188, GAT×921, GAG×748, GGG×582, AAG×105, GAA×63, AAC×40, CTT×30, CGT×22, TAT×18, AGG×14, AGT×8, CAT×3, TGG×3, ACT×1, ATT×1, GAC×1, GCT×1, GTC×1"
728,nonsynonymous-only,0,1,14,7899,"L×3, Q×2, R×2, S×2, C×1, F×1, K×1, W×1, Y×1","TAT×2135, TCT×1563, AGA×1477, CAA×769, TTA×693, AAA×596, TGT×356, CGG×93, AGC×84, CAG×84, TGG×46, CTG×1, TTC×1, TTG×1"
729,nonsynonymous-only,0,1,28,7756,"A×4, G×4, R×4, E×2, K×2, L×2, Q×2, V×2, F×1, I×1, N×1, P×1, T×1, W×1","GGT×1563, GGA×1477, CGG×1187, GCT×896, GGC×747, AAT×690, GCA×596, CAA×366, TTT×63, CAG×41, ACA×28, AAG×21, ATA×20, CTG×20, GAA×17, AGG×6, GCC×3, GAG×2, GGG×2, GTC×2, GTG×2, AAA×1, AGA×1, CCG×1, CGC×1, GCG×1, TGG×1, TTG×1"
730,nonsynonymous-only,0,1,12,7789,"R×3, K×2, S×2, E×1, I×1, M×1, Q×1, V×1","AAA×3793, CAA×1287, AAG×1266, AGT×1189, AGA×165, GAG×41, GTG×20, AGC×18, AGG×6, ATA×2, ATG×1, CGG×1"
731,nonsynonymous-only,0,1,24,6312,"T×4, R×3, A×2, F×2, S×2, V×2, D×1, E×1, G×1, H×1, I×1, K×1, L×1, P×1, Y×1","ACA×1564, ATT×1188, TTT×913, ACT×788, CAT×690, GCT×554, GGA×279, AGA×84, TCC×63, GAA×57, CTT×40, GCA×30, GAC×21, AAA×18, TAT×9, ACC×2, CGG×2, CGT×2, GTA×2, TTC×2, ACG×1, CCA×1, GTT×1, TCT×1"
732,nonsynonymous-only,0,1,11,4690,"A×2, I×2, V×2, F×1, N×1, S×1, T×1, Y×1","ATT×1563, GCT×1188, ATC×1115, GCC×644, GTG×84, ACC×47, GTT×26, AAC×20, AGC×1, TAT×1, TTT×1"
733,nonsynonymous-only,0,1,5,418,"N×2, S×2, C×1","AAC×387, AAT×21, AGT×6, AGC×3, TGC×1"
734,nonsynonymous-only,0,1,7,417,"L×2, S×2, F×1, K×1, N×1","AAA×366, AGC×20, TCT×20, TTT×6, TTG×3, AAC×1, TTA×1"
735,nonsynonymous-only,0,1,6,396,"C×1, K×1, R×1, S×1, V×1, Y×1","AGA×336, AAG×30, GTG×20, TGC×6, TAT×3, TCT×1"
738,nonsynonymous-only,0,1,3,29,"I×2, K×1","ATC×20, ATA×6, AAA×3"
739,nonsynonymous-only,0,1,6,92,"A×1, F×1, I×1, R×1, S×1, T×1","AGA×48, ACA×18, GCA×18, TTT×6, ATT×1, TCC×1"
740,nonsynonymous-only,0,1,7,94,"V×2, D×1, I×1, K×1, P×1, Y×1","GAT×45, ATT×20, AAG×18, GTT×7, GTC×2, CCA×1, TAT×1"
741,nonsynonymous-only,0,1,7,134,"L×2, S×2, F×1, H×1, I×1","TTA×54, CAC×40, CTC×18, TCA×17, AGT×2, TTT×2, ATC×1"
742,nonsynonymous-only,0,1,9,3133,"E×2, H×1, I×1, K×1, M×1, N×1, Q×1, Y×1","AAA×1495, TAT×899, CAA×615, ATG×64, GAG×40, GAA×17, AAT×1, ATA×1, CAC×1"
743,nonsynonymous-only,0,1,15,3200,"A×2, I×2, K×2, N×2, S×2, E×1, F×1, L×1, T×1, V×1","ATA×1496, AAG×916, ATT×598, GCG×61, AAA×56, GTA×40, AGT×16, AAT×8, AAC×2, AGC×2, ACA×1, GAG×1, GCA×1, TTA×1, TTT×1"
744,nonsynonymous-only,0,1,5,1682,"Y×2, C×1, F×1, Q×1","TAT×948, TTC×605, TAC×67, TGC×61, CAA×1"
745,nonsynonymous-only,0,1,9,3135,"K×2, N×2, R×2, P×1, Q×1, S×1","CAA×1493, TCT×899, AAA×603, AAG×67, AAC×40, CGA×17, AGA×9, AAT×6, CCA×1"
746,nonsynonymous-only,0,1,9,2155,"N×2, C×1, H×1, K×1, M×1, Q×1, R×1, Y×1","AAA×1478, CGA×659, TAT×9, AAC×2, CAA×2, TGC×2, AAT×1, ATG×1, CAT×1"
747,nonsynonymous-only,0,1,8,684,"P×3, R×2, C×1, V×1, Y×1","TGC×596, CCA×62, TAC×15, AGA×7, CCC×1, CCG×1, CGA×1, GTA×1"
748,nonsynonymous-only,0,1,10,2159,"F×2, L×2, S×2, A×1, I×1, P×1, T×1","CTA×1476, ACC×588, TTC×63, TTG×16, GCC×8, TCC×3, ATC×2, CCA×1, TCG×1, TTT×1"
749,nonsynonymous-only,0,1,7,692,"R×2, E×1, I×1, Q×1, S×1, W×1","CGA×582, AGA×63, GAG×28, TGG×15, TCA×2, ATA×1, CAG×1"
750,nonsynonymous-only,0,1,7,649,"A×2, R×2, G×1, V×1, W×1","CGG×582, GCT×28, GTG×15, TGG×14, GGC×8, CGT×1, GCG×1"
751,nonsynonymous-only,0,1,6,71,"L×3, K×1, S×1, V×1","TTA×28, TTG×20, GTT×15, TCA×6, AAA×1, CTG×1"
752,nonsynonymous-only,0,1,2,631,"Q×1, Y×1","CAA×616, TAT×15"
753,nonsynonymous-only,0,1,3,55,"L×1, M×1, V×1","ATG×48, GTG×6, TTG×1"
754,nonsynonymous-only,0,1,3,35,"F×1, L×1, S×1","TTG×28, TTT×6, TCG×1"
755,nonsynonymous-only,0,1,4,55,"C×1, D×1, K×1, L×1","AAA×28, TTG×20, TGC×6, GAC×1"
756,nonsynonymous-only,0,1,3,35,"C×1, K×1, S×1","AAA×28, TGT×6, TCA×1"
757,nonsynonymous-only,0,1,3,49,"L×2, F×1","CTG×28, TTG×20, TTT×1"
758,nonsynonymous-only,0,1,4,27,"L×1, Q×1, R×1, W×1","CTG×20, TGG×4, CGG×2, CAG×1"
759,nonsynonymous-only,0,1,2,54,"H×1, Y×1","CAC×48, TAC×6"
760,nonsynonymous-only,0,1,2,48,"L×1, N×1","CTG×28, AAT×20"
761,synonymous-only,1,0,2,49,L×2,"CTG×28, TTA×21"
762,nonsynonymous-only,0,1,2,49,"F×1, L×1","CTT×29, TTC×20"
763,nonsynonymous-only,0,1,2,21,"F×1, R×1","CGT×20, TTT×1"
765,nonsynonymous-only,0,1,4,55,"F×2, L×1, V×1","TTC×28, TTG×20, GTG×6, TTT×1"
766,nonsynonymous-only,0,1,2,7,"R×1, Y×1","TAT×6, CGT×1"
767,nonsynonymous-only,0,1,5,55,"A×1, I×1, L×1, S×1, V×1","TTA×28, GCA×19, ATA×6, GTA×1, TCA×1"
768,nonsynonymous-only,0,1,2,54,"C×1, Y×1","TAT×48, TGT×6"
769,nonsynonymous-only,0,1,3,27,"F×1, I×1, Q×1","ATT×20, TTT×6, CAA×1"
770,nonsynonymous-only,0,1,2,27,"C×1, F×1","TGT×20, TTT×7"
773,nonsynonymous-only,0,1,6,1597,"L×2, E×1, K×1, Q×1, S×1","CTA×921, CAA×387, TTA×267, GAA×20, AAA×1, TCA×1"
774,nonsynonymous-only,0,1,15,3230,"I×3, T×3, V×3, L×2, A×1, F×1, K×1, M×1","ATA×1196, GTG×899, ACG×594, TTT×335, ATT×85, TTG×31, ATG×23, ATC×20, GTA×20, AAG×18, ACA×3, ACT×3, GCA×1, GTC×1, TTA×1"
775,nonsynonymous-only,0,1,9,1797,"G×2, R×2, V×2, I×1, L×1, T×1","GTG×1183, CGA×586, GGT×15, TTG×5, ATT×3, GGC×2, ACA×1, AGG×1, GTA×1"
776,nonsynonymous-only,0,1,6,1793,"A×1, I×1, L×1, M×1, Q×1, W×1","GCG×1188, TGG×585, TTG×15, ATC×3, ATG×1, CAG×1"
777,nonsynonymous-only,0,1,2,16,"G×1, L×1","TTA×15, GGA×1"
778,nonsynonymous-only,0,1,4,612,"I×1, L×1, P×1, S×1","TCT×595, TTA×15, ATA×1, CCT×1"
779,nonsynonymous-only,0,1,6,2091,"T×2, I×1, M×1, R×1, V×1","ATG×2069, ATA×16, AGG×2, GTG×2, ACA×1, ACG×1"
780,nonsynonymous-only,0,1,16,3167,"D×2, G×2, K×2, S×2, E×1, F×1, I×1, M×1, N×1, R×1, T×1, Y×1","AAT×1477, AAA×912, ATG×619, AGC×52, GGA×32, GAA×20, TAC×18, GGT×15, AGT×10, ATA×3, AAG×2, GAT×2, TTC×2, ACA×1, AGA×1, GAC×1"
781,nonsynonymous-only,0,1,17,3167,"L×4, A×3, T×3, V×3, F×1, I×1, K×1, S×1","TTT×1506, ACA×895, GCT×596, ACT×63, ATT×36, GTT×20, GCC×17, GTG×9, GCA×7, CTT×6, ACG×3, TTG×3, TCT×2, AAA×1, CTA×1, GTA×1, TTA×1"
782,nonsynonymous-only,0,1,17,1626,"A×2, L×2, N×2, S×2, V×2, C×1, D×1, F×1, G×1, P×1, T×1, Y×1","CCT×899, GCC×596, GTC×28, TCT×22, GGT×18, CTT×17, TTT×15, ACA×7, GTT×7, TAC×6, AAT×3, CTG×2, GCT×2, AAC×1, GAC×1, TCC×1, TGT×1"
783,nonsynonymous-only,0,1,10,1664,"L×3, P×2, F×1, I×1, M×1, Q×1, S×1","TTT×899, CAA×662, TTA×66, ATA×21, TCA×8, TTG×3, CTA×2, ATG×1, CCA×1, CCC×1"
784,nonsynonymous-only,0,1,9,726,"I×2, T×2, G×1, K×1, M×1, S×1, V×1","ACT×597, AAG×64, GGA×20, ACC×18, ATT×15, ATA×7, AGT×2, ATG×2, GTC×1"
785,nonsynonymous-only,0,1,8,122,"T×2, A×1, F×1, K×1, R×1, S×1, Y×1","AGT×64, GCA×20, ACC×18, CGC×15, AAG×2, ACT×1, TAT×1, TTT×1"
786,nonsynonymous-only,0,1,5,55,"L×2, A×1, G×1, Q×1","TTA×20, GCA×18, CAG×15, GGG×1, TTG×1"
787,nonsynonymous-only,0,1,3,22,"I×1, N×1, S×1","ATT×20, AAT×1, AGC×1"
788,nonsynonymous-only,0,1,2,21,"A×1, T×1","GCA×20, ACA×1"
790,nonsynonymous-only,0,1,4,32,"N×2, S×1, Y×1","AAT×24, AAC×6, AGT×1, TAT×1"
791,nonsynonymous-only,0,1,3,11,"E×1, G×1, Q×1","CAA×7, GGA×3, GAA×1"
792,nonsynonymous-only,0,1,3,9,"A×1, D×1, V×1","GAC×6, GCA×2, GTT×1"
793,nonsynonymous-only,0,1,7,26,"A×1, E×1, L×1, P×1, R×1, S×1, V×1","GAA×15, GTA×6, CCA×1, CGT×1, GCT×1, TCA×1, TTA×1"
794,nonsynonymous-only,0,1,11,2532,"A×2, L×2, T×2, V×2, P×1, R×1, S×1","TTG×1492, TCG×599, GCG×221, GCA×143, CCA×40, CGT×20, ACG×6, GTA×5, ACA×3, TTA×2, GTG×1"
795,nonsynonymous-only,0,1,15,2532,"A×3, L×2, T×2, V×2, D×1, E×1, G×1, I×1, K×1, S×1","GCT×1472, GCG×600, TCG×336, TTA×40, ACA×30, GCC×20, ACT×17, GAA×6, GTT×3, AAG×2, GAT×2, ATT×1, CTA×1, GGG×1, GTA×1"
796,nonsynonymous-only,0,1,12,2575,"I×3, L×2, S×2, V×2, C×1, F×1, P×1","TTT×2128, ATC×336, CTT×31, ATT×22, GTT×20, TTA×18, AGT×13, TGT×3, ATA×1, CCG×1, GTG×1, TCT×1"
797,nonsynonymous-only,0,1,15,6804,"L×3, F×2, I×2, V×2, A×1, C×1, H×1, N×1, R×1, S×1","ATT×1930, TTG×1478, ATC×1205, TTT×748, AAT×691, CTG×596, AGT×82, GTG×41, GTC×21, CTT×3, TGC×3, TTC×3, CAC×1, CGC×1, GCA×1"
798,nonsynonymous-only,0,1,12,6891,"D×2, H×2, C×1, F×1, G×1, L×1, N×1, P×1, R×1, Y×1","TGT×2980, CCT×1450, CGT×1249, CTT×625, CAT×369, AAT×90, GGT×89, CAC×24, TAT×8, GAT×3, GAC×2, TTT×2"
799,nonsynonymous-only,0,1,13,4076,"E×2, L×2, Q×2, Y×2, D×1, F×1, G×1, S×1, W×1","TTC×2159, CTC×748, GAG×691, GGA×336, GAC×82, GAA×30, CAA×20, CAG×3, TAC×3, CTT×1, TAT×1, TCC×1, TGG×1"
800,nonsynonymous-only,0,1,5,649,"L×2, F×1, P×1, Q×1","CTA×596, CCG×48, CAA×3, TTA×1, TTT×1"
801,nonsynonymous-only,0,1,5,618,"N×2, E×1, G×1, T×1","AAC×611, GGC×3, AAT×2, ACG×1, GAG×1"
802,nonsynonymous-only,0,1,5,614,"G×1, K×1, N×1, W×1, Y×1","AAC×591, TAT×15, AAA×5, GGA×2, TGG×1"
803,nonsynonymous-only,0,1,2,3,"D×1, I×1","ATA×2, GAT×1"
804,nonsynonymous-only,0,1,3,599,"K×1, R×1, V×1","AAA×596, AGA×2, GTC×1"
808,nonsynonymous-only,0,1,15,4297,"K×2, T×2, V×2, E×1, G×1, I×1, L×1, M×1, P×1, Q×1, R×1, S×1","ACG×1553, CAA×1224, AAA×741, ATA×703, TCA×28, CCA×20, ATG×10, GAA×7, TTA×3, AGA×2, GTA×2, AAG×1, ACT×1, GGA×1, GTG×1"
809,nonsynonymous-only,0,1,16,4276,"I×3, K×2, V×2, A×1, F×1, G×1, L×1, M×1, P×1, S×1, T×1, W×1","ATG×1573, TGG×900, GTT×696, AAA×619, GCT×336, ATT×79, TTT×22, ACA×21, TCA×17, AAG×6, ATA×2, ATC×1, CCT×1, GGC×1, GTA×1, TTA×1"
810,nonsynonymous-only,0,1,12,1930,"L×3, C×1, G×1, H×1, N×1, P×1, Q×1, R×1, W×1, Y×1","CTA×917, CAA×599, TGT×336, TTA×27, TAT×20, TTG×18, TGG×5, AAT×3, CGA×2, CAC×1, CCA×1, GGA×1"
811,nonsynonymous-only,0,1,4,622,"F×1, L×1, P×1, Q×1","TTT×597, TTG×20, CCT×3, CAG×2"
812,nonsynonymous-only,0,1,3,600,"L×2, P×1","CTT×596, CTC×3, CCC×1"
813,nonsynonymous-only,0,1,3,600,"E×1, K×1, M×1","AAA×596, GAA×3, ATG×1"
814,nonsynonymous-only,0,1,2,599,"N×1, R×1","AGA×596, AAC×3"
815,nonsynonymous-only,0,1,2,594,"N×1, Q×1","CAA×591, AAT×3"
817,nonsynonymous-only,0,1,2,599,"F×1, L×1","CTC×595, TTC×4"
818,nonsynonymous-only,0,1,3,601,"I×1, K×1, V×1","GTT×596, AAA×3, ATT×2"
819,nonsynonymous-only,0,1,11,1603,"L×2, P×2, A×1, F×1, I×1, S×1, T×1, V×1, Y×1","TTT×921, GCT×581, CTA×28, CCA×20, ATT×18, ACT×17, CTT×9, CCT×6, GTT×1, TAT×1, TCT×1"
820,nonsynonymous-only,0,1,12,996,"L×3, F×1, I×1, K×1, M×1, Q×1, R×1, S×1, W×1, Y×1","TTG×901, TTT×28, TTA×20, TAT×19, CGA×14, AAA×7, TGG×2, ATA×1, ATG×1, CAA×1, CTG×1, TCA×1"
821,nonsynonymous-only,0,1,16,2912,"A×3, L×2, R×2, V×2, F×1, G×1, H×1, I×1, Q×1, S×1, T×1","TTG×748, GTA×601, AGG×574, TCG×567, GCA×298, ATA×29, ACA×27, CAA×21, GGG×19, CAC×15, AGA×7, CTA×2, GCG×1, GCT×1, GTG×1, TTC×1"
822,nonsynonymous-only,0,1,10,2174,"D×2, N×2, S×2, H×1, K×1, Q×1, Y×1","CAC×1477, AAA×594, TCT×38, AAT×29, GAT×28, GAC×3, CAA×2, AAC×1, TAT×1, TCC×1"
823,nonsynonymous-only,0,1,8,2674,"L×3, F×2, C×1, S×1, V×1","TTA×1687, TTT×945, TTG×21, CTG×15, TCC×3, GTC×1, TGT×1, TTC×1"
824,nonsynonymous-only,0,1,8,644,"I×2, N×2, F×1, P×1, R×1, S×1","TCC×591, ATT×20, AAC×16, ATC×9, AAT×3, CCC×2, TTT×2, CGT×1"
825,nonsynonymous-only,0,1,8,1538,"I×2, S×2, A×1, F×1, K×1, R×1","ATT×917, AGA×593, AGC×20, AAG×3, ATA×2, GCT×1, TCT×1, TTC×1"
826,nonsynonymous-only,0,1,8,1554,"L×4, E×1, I×1, K×1, Q×1","TTG×896, AAA×594, TTA×37, CTA×18, CAG×3, CTG×3, GAA×2, ATA×1"
827,nonsynonymous-only,0,1,3,20,"K×1, S×1, V×1","AAA×18, GTT×1, TCA×1"
829,nonsynonymous-only,0,1,2,2,"S×1, V×1","GTT×1, TCT×1"
830,nonsynonymous-only,0,1,7,875,"V×2, A×1, F×1, I×1, L×1, Y×1","ATT×748, TTC×82, GTT×41, GCC×1, GTA×1, TAC×1, TTA×1"
831,nonsynonymous-only,0,1,15,6434,"L×2, P×2, T×2, D×1, E×1, G×1, H×1, I×1, K×1, M×1, N×1, Q×1","ACT×1563, AAA×1519, CCT×1188, CTA×750, ATG×694, GAA×608, CAT×63, AAC×20, GGG×18, CAA×6, ACA×1, ATT×1, CCA×1, GAC×1, TTA×1"
832,nonsynonymous-only,0,1,24,7430,"V×4, I×3, T×3, A×2, K×2, L×2, E×1, F×1, G×1, M×1, N×1, P×1, R×1, W×1","CCA×1563, GTA×1477, GTG×1186, GTT×899, TTC×748, AAC×694, ACC×607, ATT×84, ATA×53, GAA×41, ACA×18, GCA×18, ATC×10, GGG×8, CTA×6, AAA×4, GCG×4, ACT×3, AGA×2, AAG×1, ATG×1, CTT×1, GTC×1, TGG×1"
833,nonsynonymous-only,0,1,21,7480,"G×3, S×3, I×2, K×2, N×2, A×1, C×1, D×1, E×1, F×1, P×1, T×1, V×1, W×1","AGT×2455, CCT×900, TCC×869, AAC×754, TTC×694, TGT×691, GAT×597, AGC×228, GAG×110, GGG×53, ACA×47, GCT×21, AAA×20, ATT×18, GGT×10, AAT×5, GGA×3, ATA×2, AAG×1, GTC×1, TGG×1"
834,nonsynonymous-only,0,1,19,7478,"I×3, A×2, K×2, N×2, T×2, D×1, E×1, F×1, G×1, L×1, M×1, Q×1, V×1","ATA×2792, GTC×2011, ATT×1542, AAG×748, GCC×145, AAT×89, AAA×52, GAT×41, TTA×17, ACT×15, CAA×7, AAC×6, ACA×3, TTT×3, ATC×2, ATG×2, GAA×1, GCT×1, GGT×1"
835,nonsynonymous-only,0,1,19,6741,"T×3, V×3, F×2, G×2, I×2, S×2, C×1, E×1, L×1, N×1, Y×1","GTT×2176, GTC×1512, TTT×1220, ACC×896, AGT×689, GGC×82, ATT×57, TTG×28, TGC×20, TAC×18, ACT×15, AAT×10, ATC×6, AGC×3, GGT×3, GTA×3, ACA×1, GAG×1, TTC×1"
836,nonsynonymous-only,0,1,19,6738,"I×3, L×3, P×3, V×3, F×2, S×2, A×1, R×1, Y×1","TTT×3755, GTA×1441, TAT×691, TTA×635, ATT×65, GCA×35, ATC×28, TCT×21, CGA×20, CCT×16, CTT×14, CCA×4, ATA×3, CTA×3, GTG×3, CCC×1, GTC×1, TCA×1, TTC×1"
837,nonsynonymous-only,0,1,22,4718,"I×3, T×3, F×2, K×2, L×2, S×2, V×2, Y×2, A×1, C×1, N×1, R×1","GTG×1563, TTT×900, AGA×748, GTC×691, ATC×592, AAT×82, ACT×28, AGT×22, ATA×19, TGC×19, ATT×15, ACA×9, TTC×8, AAG×7, AAA×3, ACG×3, TTG×3, TAT×2, CTT×1, GCG×1, TAC×1, TCT×1"
838,nonsynonymous-only,0,1,11,5292,"T×3, I×2, R×2, A×1, L×1, M×1, V×1","ATA×1397, ACA×1281, ATG×1145, GCA×748, AGA×691, TTA×19, AGG×4, ACT×3, GTA×2, ACG×1, ATC×1"
839,nonsynonymous-only,0,1,15,4580,"K×2, S×2, T×2, D×1, E×1, G×1, H×1, I×1, L×1, N×1, R×1, V×1","GAA×1564, AGC×1188, ACT×899, AAT×749, AGT×83, AAG×31, ACG×18, ATT×18, AAA×13, CTT×7, AGA×4, CAT×2, GTA×2, GAT×1, GGC×1"
840,nonsynonymous-only,0,1,13,3003,"L×3, E×2, F×2, S×2, I×1, M×1, Q×1, R×1","CAG×1158, TCT×899, TTG×754, GAG×82, CTG×31, CGG×30, TCA×20, ATG×17, ATT×7, TTC×2, GAA×1, TTA×1, TTT×1"
841,nonsynonymous-only,0,1,8,2131,"I×2, L×2, F×1, K×1, S×1, Y×1","TCT×1203, CTT×896, AAG×20, TTT×5, ATT×3, TAT×2, ATC×1, CTA×1"
843,nonsynonymous-only,0,1,5,944,"L×3, P×1, S×1","CCA×896, TTG×28, CTT×17, TCA×2, CTA×1"
844,nonsynonymous-only,0,1,3,936,"L×2, I×1","CTC×899, TTA×35, ATA×2"
845,nonsynonymous-only,0,1,13,2085,"Q×2, R×2, Y×2, C×1, L×1, N×1, P×1, T×1, V×1, W×1","CCA×897, CGT×748, CGA×343, TGT×28, TAT×20, CTA×19, TAC×18, TGG×6, CAA×2, AAC×1, ACT×1, CAG×1, GTT×1"
846,nonsynonymous-only,0,1,14,1744,"L×2, R×2, S×2, V×2, C×1, G×1, K×1, Q×1, W×1, Y×1","AGA×896, GTC×640, GTA×108, CAA×26, CTG×20, TAC×19, GGC×15, AAA×8, AGT×3, CGA×3, CTA×2, TGC×2, AGC×1, TGG×1"
847,nonsynonymous-only,0,1,14,3675,"N×2, S×2, T×2, A×1, C×1, F×1, I×1, M×1, P×1, V×1, Y×1","TTT×1900, TAT×903, GCT×747, GTT×28, AAT×22, TGT×20, ACT×18, TCT×17, ATT×9, AAC×5, CCA×3, ACC×1, ATG×1, TCC×1"
848,nonsynonymous-only,0,1,9,3460,"C×2, L×2, Q×2, R×1, W×1, Y×1","TGG×2648, CAA×612, TGC×81, CAG×66, TTA×28, TAC×20, CGA×3, CTA×1, TGT×1"
849,nonsynonymous-only,0,1,15,5916,"L×4, F×2, A×1, K×1, M×1, P×1, Q×1, S×1, T×1, W×1, Y×1","TTG×1594, TTT×1498, ATG×1108, CTG×914, TAC×593, GCT×82, TCA×63, TTA×32, AAA×17, CTA×6, TGG×3, ACC×2, TTC×2, CAG×1, CCA×1"
850,nonsynonymous-only,0,1,20,5848,"L×5, H×2, I×2, Q×2, S×2, Y×2, C×1, D×1, F×1, N×1, R×1","CAA×1566, TAC×1477, TTG×896, CAT×748, CAC×596, AAC×305, CAG×82, AGC×51, TTT×45, ATT×20, CGT×18, TAT×17, TTA×17, ATA×3, CTA×2, AGT×1, CTG×1, CTT×1, GAT×1, TGT×1"
851,nonsynonymous-only,0,1,20,4219,"F×2, H×2, N×2, P×2, S×2, Y×2, A×1, C×1, D×1, I×1, Q×1, R×1, T×1, W×1","CAC×1553, ACT×899, TCA×691, CAA×595, CAT×344, TTT×30, CCA×20, TTC×20, CCT×18, AAC×17, TAT×13, TGT×6, CGA×3, GCT×3, TCT×2, AAT×1, ATT×1, GAT×1, TAC×1, TGG×1"
852,nonsynonymous-only,0,1,15,6479,"C×2, G×2, Q×2, R×2, Y×2, F×1, H×1, L×1, S×1, W×1","GGG×1562, CGT×1463, TGT×906, TGG×833, CAA×711, TAT×600, TCT×336, TTT×20, AGG×17, CAG×15, TAC×6, CAT×4, TTA×3, GGA×2, TGC×1"
853,nonsynonymous-only,0,1,14,4310,"L×2, R×2, C×1, E×1, F×1, G×1, H×1, K×1, N×1, Q×1, S×1, V×1","AAA×2254, CGT×1232, CTG×336, TGT×245, GGA×86, TTT×83, CAG×20, TTA×18, GTG×17, AAC×15, AGT×1, CAC×1, CGC×1, GAA×1"
854,nonsynonymous-only,0,1,6,838,"L×2, F×1, P×1, Q×1, T×1","CCT×661, CTT×86, TTT×83, TTA×6, ACT×1, CAA×1"
855,nonsynonymous-only,0,1,2,7,"P×1, R×1","CCA×6, AGG×1"
858,synonymous-only,1,0,2,9,L×2,"TTA×6, TTG×3"
861,nonsynonymous-only,0,1,4,363,"F×1, M×1, N×1, T×1","ACC×336, ATG×20, TTT×6, AAC×1"
862,nonsynonymous-only,0,1,10,3536,"R×4, S×2, E×1, H×1, Q×1, Y×1","CGT×1725, CGC×1075, CGA×336, CAT×248, TAT×99, AGT×30, CAG×20, AGC×1, CGG×1, GAA×1"
863,nonsynonymous-only,0,1,10,1285,"G×2, C×1, F×1, K×1, L×1, Q×1, S×1, V×1, Y×1","TGT×899, TTA×336, AAA×20, TTT×17, CAA×7, TAT×2, AGC×1, GGA×1, GGC×1, GTA×1"
865,nonsynonymous-only,0,1,2,2,"F×1, I×1","ATT×1, TTT×1"
876,nonsynonymous-only,0,1,2,4,"E×1, R×1","GAG×3, AGA×1"
877,nonsynonymous-only,0,1,2,4,"F×1, P×1","CCT×3, TTT×1"
878,nonsynonymous-only,0,1,15,7254,"L×4, A×2, S×2, F×1, I×1, M×1, P×1, T×1, V×1, W×1","TTA×4365, ATG×1583, TTG×882, GCG×336, TCA×20, GCA×17, ACA×15, CTA×15, ATA×8, TTT×6, GTT×3, CCA×1, CTG×1, TCG×1, TGG×1"
879,nonsynonymous-only,0,1,15,7246,"G×4, D×2, E×2, S×2, I×1, K×1, N×1, R×1, V×1","GAG×1552, GGT×1477, GAC×1220, AGT×920, GTG×764, AAA×726, AAT×356, GGG×135, GAT×42, ATA×20, AGC×18, GGA×10, GAA×4, AGA×1, GGC×1"
880,nonsynonymous-only,0,1,19,5124,"D×2, E×2, G×2, K×2, N×2, Q×2, A×1, H×1, I×1, L×1, R×1, S×1, W×1","ATA×1563, GGA×1472, AAA×748, AAT×619, CAA×337, GAA×126, CAG×82, GAT×63, GAG×47, TGG×28, CGC×20, GGG×5, GCA×4, AAC×3, GAC×3, AAG×1, AGT×1, CAT×1, TTA×1"
881,nonsynonymous-only,0,1,11,2950,"L×5, R×3, P×2, V×1","CGA×1564, CTA×1188, TTA×85, CCA×42, CTG×30, CCT×29, CTC×6, TTG×3, CGC×1, CGT×1, GTG×1"
883,nonsynonymous-only,0,1,7,2469,"K×2, A×1, G×1, L×1, N×1, R×1","GGA×1646, GCA×748, AGA×38, AAG×28, AAA×6, AAT×2, CTG×1"
885,nonsynonymous-only,0,1,3,52,"A×1, E×1, V×1","GCA×28, GAA×18, GTA×6"
886,nonsynonymous-only,0,1,4,53,"E×1, K×1, N×1, S×1","AAA×28, GAA×18, AAC×6, TCT×1"
887,nonsynonymous-only,0,1,10,2144,"L×2, R×2, C×1, I×1, K×1, P×1, S×1, W×1","TGT×1477, TGG×593, CGT×28, AAA×18, CGC×15, CTG×6, AGT×3, ATT×2, CCC×1, CTT×1"
888,nonsynonymous-only,0,1,8,2116,"Y×2, K×1, L×1, Q×1, R×1, S×1, W×1","AGC×1477, CTT×593, CAA×19, AAA×15, TAT×6, CGT×3, TGG×2, TAC×1"
889,nonsynonymous-only,0,1,9,2468,"A×1, D×1, H×1, K×1, N×1, R×1, S×1, T×1, V×1","GAT×1481, AAT×920, AGG×28, AGT×17, GTT×15, CAC×3, GCT×2, AAA×1, ACC×1"
890,nonsynonymous-only,0,1,11,2161,"C×2, N×2, R×2, S×2, D×1, I×1, V×1","AGT×1477, CGT×350, CGC×237, AAT×65, TGC×17, TGT×6, GTT×3, ATT×2, GAT×2, AAC×1, AGC×1"
891,nonsynonymous-only,0,1,6,2164,"N×2, D×1, E×1, H×1, S×1","GAT×1493, GAA×596, AAT×37, AGC×30, AAC×7, CAT×1"
892,nonsynonymous-only,0,1,8,3035,"V×2, F×1, I×1, K×1, L×1, P×1, R×1","GTA×1478, TTT×942, AGA×593, GTC×15, AAA×3, ATA×2, CCC×1, CTA×1"
893,nonsynonymous-only,0,1,5,42,"I×1, L×1, N×1, S×1, W×1","AAT×15, TTG×15, ATA×7, AGT×3, TGG×2"
894,nonsynonymous-only,0,1,2,25,"R×1, S×1","CGT×18, TCT×7"
895,nonsynonymous-only,0,1,2,25,"L×1, S×1","CTT×19, AGT×6"
896,nonsynonymous-only,0,1,2,24,"I×1, V×1","GTT×18, ATT×6"
897,nonsynonymous-only,0,1,2,24,"A×1, E×1","GAA×18, GCA×6"
898,nonsynonymous-only,0,1,2,24,"E×1, L×1","GAA×18, CTA×6"
899,nonsynonymous-only,0,1,2,24,"F×1, R×1","AGA×18, TTT×6"
900,nonsynonymous-only,0,1,2,24,"A×1, G×1","GGA×18, GCA×6"
902,nonsynonymous-only,0,1,2,24,"E×1, F×1","GAG×18, TTT×6"
903,nonsynonymous-only,0,1,4,854,"F×1, I×1, T×1, V×1","TTT×748, ATT×82, ACA×18, GTT×6"
904,nonsynonymous-only,0,1,5,125,"L×3, I×1, Q×1","TTG×82, ATA×24, CTT×15, TTA×3, CAG×1"
905,nonsynonymous-only,0,1,11,3316,"S×3, R×2, C×1, K×1, L×1, N×1, P×1, W×1","TCG×1436, AGG×643, TCA×593, AGA×418, AAG×124, TTG×50, TGG×31, TCC×15, CCA×3, TGC×2, AAC×1"
906,nonsynonymous-only,0,1,13,3345,"I×2, N×2, S×2, D×1, G×1, H×1, K×1, L×1, T×1, V×1","ATC×1481, AAT×765, AAA×593, AGC×336, GAT×100, CTT×36, ACC×12, CAT×8, AGT×7, AAC×3, GGT×2, ATT×1, GTT×1"
907,nonsynonymous-only,0,1,16,2770,"G×3, I×2, P×2, A×1, D×1, E×1, L×1, N×1, R×1, S×1, T×1, V×1","GTT×900, ATC×748, GAT×577, AAT×347, TCC×82, ATT×39, AGA×28, GCT×18, ACT×12, CCA×7, GGT×5, GAA×2, GGA×2, CCT×1, CTT×1, GGC×1"
909,nonsynonymous-only,0,1,6,17,"Y×2, C×1, F×1, I×1, M×1","TAT×7, TTT×6, ATG×1, ATT×1, TAC×1, TGC×1"
910,nonsynonymous-only,0,1,9,1442,"S×2, A×1, D×1, F×1, I×1, L×1, P×1, Y×1","TTT×755, CTT×593, TAT×82, GCT×6, CCA×2, ATC×1, GAT×1, TCC×1, TCT×1"
911,nonsynonymous-only,0,1,8,3840,"L×3, F×2, A×1, I×1, S×1","TTT×1585, TTC×1498, CTT×748, TTG×5, ATT×1, CTA×1, GCC×1, TCC×1"
912,nonsynonymous-only,0,1,15,3859,"L×3, V×2, A×1, D×1, E×1, I×1, K×1, M×1, P×1, Q×1, R×1, T×1","ATA×1499, ATG×896, GCA×748, AGA×593, TTA×82, TTG×17, CAA×7, CCC×6, AAA×4, GTG×2, ACA×1, CTA×1, GAA×1, GAT×1, GTA×1"
913,nonsynonymous-only,0,1,15,3855,"K×2, N×2, R×2, V×2, A×1, E×1, G×1, H×1, P×1, S×1, W×1","CGC×1478, AGA×899, CCG×748, CAT×600, TGG×82, GCA×17, GTT×17, AAA×4, GAA×3, AAC×2, AAG×1, AAT×1, AGC×1, GGA×1, GTA×1"
914,nonsynonymous-only,0,1,7,2374,"L×3, C×1, I×1, K×1, S×1","ATA×907, TTA×749, TGT×593, CTC×82, AAA×19, CTT×17, TCG×7"
915,nonsynonymous-only,0,1,10,1627,"F×2, R×2, E×1, I×1, K×1, M×1, Q×1, W×1","ATG×899, TGG×308, CGG×285, TTT×82, AGA×25, GAA×18, TTC×6, CAA×2, AAA×1, ATC×1"
916,nonsynonymous-only,0,1,11,2367,"S×3, Y×2, G×1, H×1, L×1, N×1, P×1, Q×1","TAT×916, TCA×746, CAC×588, CAA×84, TCG×19, CCG×6, TAC×4, AAC×1, GGG×1, TCT×1, TTG×1"
917,nonsynonymous-only,0,1,7,1544,"T×2, A×1, E×1, I×1, K×1, V×1","GTA×899, AAA×593, ACA×18, GCA×18, ACG×8, ATT×6, GAA×2"
918,nonsynonymous-only,0,1,11,1559,"G×2, S×2, A×1, D×1, H×1, K×1, N×1, P×1, V×1","AGC×601, AAT×593, AGT×304, GGT×18, AAA×17, CCT×15, GCA×5, CAT×2, GTA×2, GAT×1, GGA×1"
919,nonsynonymous-only,0,1,8,2119,"K×2, S×2, E×1, G×1, L×1, T×1","AGC×1478, GAA×599, GGT×18, AAA×9, ACC×7, CTC×6, AAG×1, TCA×1"
920,nonsynonymous-only,0,1,11,2120,"G×2, N×2, D×1, H×1, I×1, L×1, S×1, V×1, Y×1","CAT×1477, ATT×305, GTT×288, GGT×18, CTT×15, AAT×7, GGA×6, AAC×1, AGC×1, GAT×1, TAT×1"
921,nonsynonymous-only,0,1,6,2096,"S×2, I×1, L×1, M×1, V×1","ATT×1479, AGC×593, CTT×15, AGT×6, GTT×2, ATG×1"
922,nonsynonymous-only,0,1,6,618,"A×1, G×1, H×1, N×1, Q×1, S×1","CAA×593, CAT×15, AAT×6, TCT×2, GCA×1, GGC×1"
923,nonsynonymous-only,0,1,6,1503,"I×2, C×1, G×1, Q×1, S×1","TGT×1478, TCT×15, ATT×6, GGT×2, ATC×1, CAA×1"
924,nonsynonymous-only,0,1,11,2481,"C×2, F×2, L×2, S×2, A×1, I×1, Y×1","TTT×1478, TGC×903, TCT×33, TAC×28, ATC×19, CTC×7, GCC×6, TCA×2, TGT×2, TTC×2, CTA×1"
925,nonsynonymous-only,0,1,15,2482,"I×3, G×2, T×2, V×2, D×1, K×1, M×1, N×1, R×1, Y×1","ATT×1478, ACT×899, AAA×30, ATA×21, GGT×18, GGA×17, ATG×7, ACG×3, ATC×2, GTT×2, AAT×1, AGA×1, GAT×1, GTC×1, TAT×1"
926,nonsynonymous-only,0,1,14,2502,"S×3, I×2, A×1, C×1, D×1, F×1, K×1, L×1, T×1, V×1, Y×1","TGT×2379, ACT×28, ATT×27, TAT×19, TCT×18, GTT×15, TTT×9, AAA×1, AGT×1, ATC×1, GAT×1, GCT×1, TCA×1, TTA×1"
927,nonsynonymous-only,0,1,13,2482,"L×3, C×2, Y×2, A×1, F×1, P×1, S×1, T×1, W×1","TCA×1479, TTG×900, TGG×28, CTA×18, TAC×17, CCC×15, TAT×8, TGT×7, GCG×3, TTA×3, TTT×2, ACA×1, TGC×1"
928,nonsynonymous-only,0,1,13,3157,"I×3, K×2, E×1, F×1, L×1, M×1, Q×1, R×1, T×1, V×1","ATA×1487, AAG×899, ATG×590, ATT×66, AGA×63, AAA×35, CTC×6, TTT×4, ATC×2, GTT×2, ACA×1, CAA×1, GAA×1"
929,nonsynonymous-only,0,1,10,1617,"S×2, E×1, H×1, K×1, L×1, N×1, Q×1, R×1, T×1","CAA×952, CAT×610, GAA×26, ACA×15, AAT×7, TCA×2, TTA×2, AAG×1, AGA×1, TCG×1"
930,nonsynonymous-only,0,1,14,3147,"G×2, A×1, D×1, E×1, F×1, I×1, K×1, L×1, N×1, S×1, T×1, V×1, Y×1","TTT×2072, GAT×917, GTT×81, TTG×30, ATT×15, TCA×7, GAA×6, GGG×6, AAA×5, AAT×3, ACA×2, GCC×1, GGA×1, TAC×1"
931,nonsynonymous-only,0,1,15,3158,"L×3, V×3, F×2, A×1, G×1, I×1, M×1, R×1, S×1, T×1","GGA×1477, ATG×899, ACA×592, GTG×65, CTA×34, TTC×22, TTA×19, GTT×17, ATA×10, GTA×7, CTC×6, AGA×4, TCG×3, TTT×2, GCT×1"
932,nonsynonymous-only,0,1,15,1669,"G×2, K×2, N×2, Q×2, R×2, D×1, F×1, I×1, M×1, P×1","CAG×899, CCA×595, CGA×64, AAC×28, AGA×23, AAA×17, TTT×15, ATG×7, ATA×6, GGC×6, AAG×3, AAT×2, GGG×2, CAA×1, GAT×1"
933,nonsynonymous-only,0,1,16,3176,"L×4, S×4, C×1, I×1, N×1, P×1, Q×1, R×1, T×1, V×1","AGT×1478, TCG×962, AAT×608, TTA×35, ACA×23, CAG×19, TCA×17, TTG×13, ATA×9, AGA×3, CTA×3, TGC×2, CCG×1, CTT×1, GTG×1, TCT×1"
934,nonsynonymous-only,0,1,16,3176,"E×2, K×2, N×2, Q×2, S×2, Y×2, G×1, R×1, T×1, V×1","AGC×1537, AAA×935, TAC×575, GGA×28, AAT×18, GAG×18, TAT×18, ACA×17, AAC×13, GAA×6, AGT×4, AAG×2, CAA×2, AGA×1, CAG×1, GTA×1"
935,nonsynonymous-only,0,1,18,3134,"V×3, I×2, K×2, L×2, R×2, C×1, G×1, H×1, N×1, P×1, S×1, T×1","CTA×1397, CAC×899, CGA×598, TTA×82, GTA×63, ATT×31, ATA×17, GTT×15, AAA×7, ACA×7, AAG×6, AAT×3, CCG×3, TCA×2, CGC×1, GGT×1, GTC×1, TGT×1"
936,nonsynonymous-only,0,1,11,2182,"Q×2, S×2, Y×2, F×1, H×1, L×1, P×1, T×1","TCA×1479, CAG×593, TTG×35, TAC×34, CCG×19, TAT×9, CAT×8, ACA×2, CAA×1, TCT×1, TTT×1"
937,nonsynonymous-only,0,1,13,1591,"I×3, L×2, R×2, T×2, V×2, A×1, Q×1","ACT×899, GCA×588, ATT×41, CAA×28, GTA×13, AGG×7, ACA×5, CTT×3, ATA×2, CGA×2, ATC×1, CTA×1, GTC×1"
938,nonsynonymous-only,0,1,11,1560,"D×2, H×2, N×2, F×1, G×1, P×1, T×1, Y×1","CCC×899, ACT×593, TAT×18, TTC×17, AAT×13, CAC×7, GAT×6, GGT×3, AAC×2, CAT×1, GAC×1"
939,nonsynonymous-only,0,1,2,596,"E×1, S×1","TCA×593, GAA×3"
942,nonsynonymous-only,0,1,5,2160,"T×3, I×1, V×1","ACG×1175, ACC×593, ACT×388, GTA×3, ATC×1"
943,nonsynonymous-only,0,1,5,2160,"G×2, K×2, T×1","ACC×1563, AAG×593, GGC×2, AAA×1, GGG×1"
944,nonsynonymous-only,0,1,12,3752,"A×2, I×2, N×2, D×1, E×1, K×1, L×1, M×1, V×1","GCT×1477, AAC×1153, ATT×597, AAT×410, GTT×84, AAA×17, ATC×8, ATG×2, CTA×1, GAG×1, GAT×1, GCC×1"
945,nonsynonymous-only,0,1,10,3733,"C×2, S×2, Y×2, K×1, N×1, T×1, W×1","TAC×1563, TGG×1477, TGC×594, TGT×82, AAA×9, ACA×3, AGT×2, AAT×1, TAT×1, TCG×1"
946,nonsynonymous-only,0,1,11,3735,"R×3, E×2, A×1, K×1, M×1, T×1, V×1, Y×1","AAG×2068, GAA×1566, GTA×82, AGG×7, ACA×3, GAG×3, TAC×2, ATG×1, CGG×1, CGT×1, GCA×1"
947,nonsynonymous-only,0,1,17,4498,"I×2, N×2, P×2, S×2, T×2, V×2, D×1, H×1, L×1, M×1, Y×1","AAC×1563, ATT×1480, CAC×691, CTG×593, TCT×82, GTT×30, ATC×21, GAT×19, AAT×8, CCG×3, AGT×2, ACA×1, ACT×1, ATG×1, CCT×1, GTA×1, TAT×1"
948,nonsynonymous-only,0,1,14,6558,"D×2, F×2, L×2, Y×2, A×1, C×1, H×1, I×1, N×1, V×1","TTT×4800, TAT×901, TTC×749, AAT×30, ATT×30, GAC×18, CTT×15, GCT×3, TTG×3, CAT×2, GAT×2, GTC×2, TAC×2, TGT×1"
949,nonsynonymous-only,0,1,16,6551,"S×3, T×3, I×2, L×2, A×1, K×1, M×1, P×1, R×1, V×1","TTG×2590, ATA×1479, TTA×919, ACT×748, ACG×598, ATT×82, TCA×37, GCA×30, CCA×22, AAG×17, ATG×17, GTA×4, AGG×3, ACA×2, TCC×2, TCG×1"
950,nonsynonymous-only,0,1,6,89,"G×1, I×1, K×1, N×1, T×1, V×1","GGA×82, ACG×3, AAA×1, AAC×1, ATA×1, GTG×1"
952,nonsynonymous-only,0,1,2,83,"I×1, V×1","ATC×82, GTC×1"
953,nonsynonymous-only,0,1,6,865,"D×1, G×1, H×1, I×1, T×1, Y×1","ACC×748, ATT×82, TAT×30, GAC×3, CAC×1, GGT×1"
954,nonsynonymous-only,0,1,6,835,"A×1, L×1, M×1, Q×1, S×1, T×1","GCA×746, ATG×82, CAA×3, ACA×2, CTA×1, TCA×1"
955,nonsynonymous-only,0,1,15,6618,"E×2, G×2, I×2, K×2, M×1, N×1, Q×1, R×1, S×1, T×1, V×1","AAG×3070, ATG×906, AAA×854, AAC×691, ACC×497, GAA×342, ATC×99, AGT×82, GGC×28, GGA×20, ATA×17, GTT×7, GAG×3, AGA×1, CAG×1"
956,nonsynonymous-only,0,1,13,6530,"E×2, K×2, N×2, T×2, A×1, L×1, M×1, Q×1, R×1","AAG×2377, AAA×2365, AGA×748, CAG×593, AAT×336, GAA×40, ACA×34, ACG×30, GCA×3, AAC×1, ATG×1, GAG×1, TTA×1"
957,nonsynonymous-only,0,1,16,6604,"A×3, I×2, K×2, S×2, T×2, E×1, L×1, M×1, Q×1, R×1","TCA×2255, ATG×1542, CAA×922, ATC×748, AAA×598, AGT×336, GCT×80, GCA×50, ATA×38, AGA×18, TTA×7, ACA×3, GCG×3, ACT×2, AAG×1, GAA×1"
958,nonsynonymous-only,0,1,17,6584,"L×4, I×3, D×2, T×2, V×2, A×1, F×1, M×1, N×1","ATT×2256, ATC×1478, GAC×899, GTA×746, ATA×678, GCT×353, GAT×88, TTA×30, GTT×19, TTG×15, AAT×7, TTT×6, ACT×3, CTA×3, ACC×1, ATG×1, CTG×1"
959,nonsynonymous-only,0,1,18,4959,"L×4, P×3, K×2, T×2, C×1, G×1, Q×1, R×1, S×1, W×1, Y×1","CTG×1962, AAA×1563, TCA×751, ACG×336, CCG×105, GGA×84, CAA×83, TTG×30, AGG×20, CTT×7, TAT×6, CCC×3, TGG×3, ACT×2, AAG×1, CCA×1, CTA×1, TGT×1"
960,nonsynonymous-only,0,1,7,1277,"I×2, E×1, G×1, K×1, L×1, V×1","GAG×748, ATA×191, AAG×166, ATC×145, GGC×20, GTA×6, TTG×1"
961,nonsynonymous-only,0,1,5,942,"A×1, I×1, K×1, R×1, V×1","AGA×748, ATA×91, GCT×82, AAA×20, GTG×1"
962,nonsynonymous-only,0,1,3,167,"L×1, S×1, Y×1","TAC×84, AGT×82, TTG×1"
965,nonsynonymous-only,0,1,2,7,"S×1, V×1","AGT×6, GTT×1"
966,nonsynonymous-only,0,1,4,1218,"Q×2, I×1, L×1","CAA×1188, CAG×23, ATT×6, CTT×1"
967,nonsynonymous-only,0,1,3,1634,"F×1, L×1, S×1","TCA×1188, TTT×439, TTA×7"
968,nonsynonymous-only,0,1,6,1634,"L×3, S×2, V×1","TCG×1188, TCA×332, CTG×83, TTA×24, GTG×6, TTG×1"
969,nonsynonymous-only,0,1,3,8,"A×1, L×1, R×1","AGA×6, CTT×1, GCT×1"
970,synonymous-only,1,0,2,6,I×2,"ATA×4, ATC×2"
973,nonsynonymous-only,0,1,4,1925,"D×1, S×1, V×1, Y×1","GAC×1563, TCT×336, TAT×20, GTC×6"
974,nonsynonymous-only,0,1,6,2007,"H×2, R×2, D×1, L×1","CGC×1562, CAT×335, CAC×82, CGT×21, TTA×6, GAT×1"
975,nonsynonymous-only,0,1,7,2757,"K×2, R×2, E×1, N×1, Q×1","GAA×1569, AAG×748, CAA×336, AAA×82, CGC×20, AAT×1, AGG×1"
976,nonsynonymous-only,0,1,20,6464,"A×3, R×3, G×2, K×2, L×2, Q×2, D×1, M×1, P×1, S×1, V×1, W×1","GCG×1471, CGG×1240, CTA×905, GCC×748, CCA×594, CAA×593, ATG×357, TGG×235, GCA×98, TCA×97, AAG×84, AAA×17, GAC×15, GGC×3, GGA×2, CAG×1, CGA×1, CGT×1, GTA×1, TTG×1"
977,nonsynonymous-only,0,1,18,6474,"F×2, R×2, S×2, T×2, A×1, D×1, E×1, I×1, K×1, L×1, N×1, P×1, Q×1, Y×1","ACC×2253, TTT×1706, AAA×1665, TTC×365, GCA×336, AGT×82, ACT×20, AGC×18, GAT×8, CAA×7, ATC×3, CCG×3, AGG×2, GAA×2, AAT×1, AGA×1, TAT×1, TTA×1"
978,nonsynonymous-only,0,1,18,6479,"N×2, P×2, Q×2, Y×2, F×1, H×1, I×1, K×1, L×1, M×1, R×1, S×1, V×1, W×1","CAG×1891, ATG×1557, TAT×916, CCG×794, TCA×691, AAC×336, CTG×135, TGG×82, TAC×28, CCA×18, AAT×7, CAT×7, ATA×4, CAA×4, CGG×4, GTG×2, TTC×2, AAA×1"
981,nonsynonymous-only,0,1,14,4813,"E×2, K×2, R×2, A×1, G×1, I×1, N×1, Q×1, S×1, T×1, V×1","AAG×1552, CAA×1450, GGA×909, ACG×691, AGG×103, AAA×59, AAT×24, GAA×19, AGA×1, ATT×1, GAG×1, GCG×1, GTT×1, TCA×1"
982,nonsynonymous-only,0,1,9,1610,"I×2, S×2, T×2, A×1, M×1, N×1","AGC×1457, ACA×84, ATC×30, AGT×21, ACT×7, ATG×6, ATT×2, GCT×2, AAC×1"
983,nonsynonymous-only,0,1,6,1511,"F×2, V×2, D×1, S×1","GTT×1478, GTC×15, TTC×7, TCA×6, TTT×3, GAC×2"
984,nonsynonymous-only,0,1,11,2104,"F×2, I×2, P×2, S×2, L×1, R×1, T×1","ACC×1477, TTT×593, CGA×15, CCA×7, TTC×3, ATA×2, TCA×2, TTG×2, ATC×1, CCC×1, TCG×1"
985,nonsynonymous-only,0,1,8,630,"E×2, A×1, K×1, L×1, P×1, S×1, V×1","GCG×569, GAG×25, TTA×15, TCA×7, GTA×6, GAA×5, AAG×2, CCA×1"
986,nonsynonymous-only,0,1,12,6897,"K×2, N×2, D×1, G×1, I×1, Q×1, R×1, S×1, T×1, Y×1","AAT×4434, AAC×1647, AAG×694, GGT×70, ATT×35, AGC×7, AAA×4, ACT×2, AGA×1, CAG×1, GAT×1, TAT×1"
987,nonsynonymous-only,0,1,8,1085,"L×3, C×1, P×1, Q×1, S×1, Y×1","CAG×691, CTG×336, TCT×30, TTG×20, TAT×3, CCA×2, TGT×2, TTA×1"
988,nonsynonymous-only,0,1,8,2291,"L×3, P×2, C×1, F×1, Y×1","CCA×1562, CTA×644, TTA×49, TGT×30, TTT×3, CCG×1, CTC×1, TAC×1"
990,nonsynonymous-only,0,1,3,4,"D×1, H×1, K×1","GAT×2, AAG×1, CAT×1"
994,nonsynonymous-only,0,1,2,4,"D×1, Y×1","TAC×3, GAC×1"
998,nonsynonymous-only,0,1,3,6,"L×1, N×1, S×1","AAC×3, TTG×2, TCG×1"
999,nonsynonymous-only,0,1,12,2132,"N×2, R×2, A×1, E×1, G×1, I×1, K×1, Q×1, S×1, Y×1","AAC×1478, AGA×593, CAA×28, AAT×15, GGA×6, ATA×3, GAA×3, TCC×2, AAA×1, AGG×1, GCA×1, TAT×1"
1000,nonsynonymous-only,0,1,13,3072,"F×2, A×1, E×1, G×1, I×1, K×1, N×1, Q×1, R×1, T×1, V×1, Y×1","AAT×1480, CAG×899, TTC×593, GCT×32, AAA×23, GAA×18, TAT×15, AGA×4, GGG×3, GTG×2, ACA×1, ATA×1, TTT×1"
1001,nonsynonymous-only,0,1,12,3102,"L×3, F×2, C×1, I×1, P×1, S×1, T×1, V×1, Y×1","TTC×2070, ATT×937, TTT×30, TTG×28, CTA×23, GTT×5, TAT×3, CCT×2, ACA×1, AGT×1, CTG×1, TGT×1"
1002,nonsynonymous-only,0,1,11,2204,"I×3, K×1, L×1, M×1, N×1, Q×1, R×1, T×1, V×1","ATT×1480, AAC×594, AAA×68, ATA×32, CAG×15, ATG×7, TTG×3, ATC×2, ACA×1, AGA×1, GTT×1"
1003,nonsynonymous-only,0,1,9,2201,"K×2, D×1, E×1, I×1, N×1, Q×1, R×1, T×1","AAA×1500, AAT×612, AAG×52, CGA×17, GAA×10, ACT×4, CAA×3, GAT×2, ATT×1"
1004,nonsynonymous-only,0,1,11,2198,"E×2, K×2, A×1, D×1, N×1, Q×1, R×1, S×1, T×1","AGA×1477, GAA×596, AAT×38, GAG×28, AAG×18, ACG×17, AAA×16, CAA×4, GCG×2, AGC×1, GAT×1"
1005,nonsynonymous-only,0,1,12,3056,"I×2, N×2, S×2, C×1, G×1, H×1, K×1, P×1, Y×1","TGT×1396, AAA×907, TCT×593, GGT×82, AGT×36, CAT×18, AAC×7, ATT×6, AAT×4, CCT×3, TAT×3, ATC×1"
1006,nonsynonymous-only,0,1,17,3056,"I×2, L×2, R×2, V×2, A×1, D×1, F×1, K×1, M×1, N×1, S×1, T×1, Y×1","GTG×1228, TTG×904, ATT×589, ATG×245, AGG×18, ACA×17, ATA×15, AAG×7, AAT×7, CTA×7, GAT×7, TTT×4, AGA×3, TAT×2, GCG×1, GTT×1, TCA×1"
1007,nonsynonymous-only,0,1,12,663,"L×2, Q×2, S×2, E×1, F×1, G×1, K×1, N×1, R×1","AGC×594, GGA×18, AAA×17, CAA×8, CTG×7, AGT×6, AGA×3, GAA×3, TTA×3, CAG×2, AAC×1, TTT×1"
1008,nonsynonymous-only,0,1,10,1556,"I×2, C×1, D×1, H×1, N×1, P×1, T×1, V×1, Y×1","CAT×899, ACC×593, TGT×18, GAT×17, AAT×7, GTT×7, ATT×6, CCT×4, TAT×4, ATC×1"
1009,nonsynonymous-only,0,1,11,1679,"C×2, E×2, N×2, G×1, K×1, R×1, S×1, W×1","TGC×899, TGG×593, GGA×82, AAA×28, TGT×23, AGT×20, AAC×17, AAT×8, GAG×7, AGG×1, GAA×1"
1010,nonsynonymous-only,0,1,11,2408,"N×2, S×2, C×1, D×1, F×1, I×1, L×1, P×1, Y×1","ATT×899, TCT×776, AAT×597, GAT×82, TGT×22, TAT×18, TTT×6, AAC×3, CTT×3, AGT×1, CCT×1"
1011,nonsynonymous-only,0,1,12,1492,"L×3, K×2, N×2, C×1, D×1, F×1, I×1, R×1","TTG×747, TGC×592, ATC×82, AAA×29, AAG×22, AAT×7, GAT×7, CGC×2, AAC×1, CTA×1, CTG×1, TTC×1"
1012,nonsynonymous-only,0,1,7,2411,"D×2, E×1, G×1, K×1, L×1, Q×1","AAA×945, GAA×830, TTA×593, GGA×28, CAA×7, GAT×7, GAC×1"
1013,nonsynonymous-only,0,1,2,832,"Q×1, R×1","CAA×749, CGT×83"
1014,nonsynonymous-only,0,1,3,831,"C×1, D×1, L×1","CTT×748, GAT×82, TGC×1"
1015,nonsynonymous-only,0,1,18,5419,"A×2, F×2, I×2, L×2, N×2, T×2, D×1, P×1, Q×1, R×1, S×1, V×1","ACA×1263, ATT×1218, CAA×748, AAC×690, GAT×593, GCA×513, ACG×285, TTA×82, GCG×11, ATA×4, CGA×2, TCA×2, TTC×2, TTT×2, AAT×1, CCG×1, CTA×1, GTT×1"
1016,nonsynonymous-only,0,1,16,6659,"L×3, S×3, I×2, A×1, E×1, F×1, K×1, P×1, Q×1, V×1, W×1","CCA×2075, TCA×1592, TTA×1217, GAA×744, GCA×592, AAA×345, TTG×32, TTT×31, TGG×22, ATA×2, CTA×2, ATT×1, CAA×1, GTA×1, TCG×1, TCT×1"
1017,nonsynonymous-only,0,1,25,6758,"L×5, S×4, I×3, F×2, T×2, V×2, A×1, D×1, E×1, H×1, N×1, P×1, Y×1","GAT×1562, TAC×1188, GCT×901, ACA×747, CTG×691, CTT×611, ATC×520, CAT×336, ACT×55, ATT×43, TCC×30, AGT×22, TCA×16, CCT×10, AAT×4, CTC×4, TTT×4, ATA×3, TCT×3, CTA×2, TTA×2, GAA×1, GTA×1, GTT×1, TTC×1"
1018,nonsynonymous-only,0,1,18,8384,"L×4, I×3, S×3, F×2, Y×2, C×1, E×1, T×1, V×1","TTA×2749, ATT×2302, TTT×1417, GTT×691, TCA×612, TTG×359, CTA×82, AGT×50, TTC×48, TCT×28, TGT×24, ATC×13, ACA×3, ATA×2, CTT×1, GAA×1, TAC×1, TAT×1"
1019,nonsynonymous-only,0,1,23,8383,"L×5, A×3, S×3, T×2, D×1, F×1, H×1, I×1, K×1, N×1, P×1, R×1, V×1, Y×1","ATT×1563, GCG×1478, TTT×1198, CAT×955, CTT×762, GTA×706, ACT×616, CTG×514, TAT×359, TCA×82, TTA×63, AGT×40, GAT×28, AAT×4, TCT×4, CGT×3, GCT×2, AAG×1, ACA×1, CCT×1, CTA×1, GCC×1, TTG×1"
1020,nonsynonymous-only,0,1,18,5909,"D×2, E×2, H×2, K×2, Q×2, R×2, S×2, Y×2, N×1, V×1","GAA×2216, AAT×1832, AAA×770, AAG×514, GAT×339, GAG×179, CAA×41, AGA×3, TAT×3, TCT×3, CGC×2, AGT×1, CAC×1, CAG×1, CAT×1, GAC×1, GTA×1, TAC×1"
1021,nonsynonymous-only,0,1,25,7267,"T×3, V×3, D×2, E×2, F×2, I×2, K×2, S×2, A×1, G×1, L×1, M×1, N×1, Q×1, R×1","ATA×2208, AAA×1727, GTG×1574, ATG×689, TCA×513, GAA×299, CAA×82, TTT×73, GAC×28, AAT×18, ACG×16, ACC×11, ACA×8, GTA×4, GCC×3, TCG×3, GAT×2, GGA×2, AAG×1, AGA×1, ATC×1, GAG×1, GTC×1, TTA×1, TTC×1"
1022,nonsynonymous-only,0,1,22,8467,"A×2, D×2, E×2, F×2, H×2, I×2, K×2, N×2, Q×2, V×2, G×1, S×1","GAT×1647, GTC×1478, GAC×1219, GAA×940, GCC×748, TTT×691, ATT×587, AAC×533, AAA×356, TTC×83, GAG×65, AAG×40, AAT×22, CAG×22, CAA×21, GTT×7, AGC×2, GCT×2, ATC×1, CAC×1, CAT×1, GGC×1"
1023,nonsynonymous-only,0,1,17,5101,"K×2, N×2, S×2, V×2, A×1, D×1, E×1, G×1, I×1, P×1, Q×1, R×1, T×1","AAA×1521, ATA×1188, GGG×847, AAT×748, GCC×589, GTG×97, CAA×63, AGG×20, AAG×11, AAC×6, ACC×4, GAG×2, AGC×1, AGT×1, CCA×1, GAT×1, GTA×1"
1024,nonsynonymous-only,0,1,15,4761,"L×3, P×2, R×2, S×2, A×1, E×1, K×1, N×1, Q×1, W×1","CCA×1485, CGA×1479, CAA×832, AAA×613, CTA×215, TTA×103, GAA×16, TCA×7, CTT×3, AAT×2, GCA×2, AGG×1, CCG×1, TCT×1, TGG×1"
1025,nonsynonymous-only,0,1,7,2908,"A×1, G×1, I×1, K×1, N×1, Q×1, R×1","AGA×1188, CAA×830, AAT×541, GGT×336, ATT×11, AAG×1, GCG×1"
1026,nonsynonymous-only,0,1,4,846,"H×1, P×1, T×1, V×1","GTA×748, ACG×82, CAT×15, CCA×1"
1028,nonsynonymous-only,0,1,6,1116,"C×1, F×1, H×1, L×1, Q×1, S×1","CAG×743, TTT×171, TTG×166, TGT×20, TCC×15, CAT×1"
1029,nonsynonymous-only,0,1,13,4815,"S×3, L×2, P×2, V×2, F×1, H×1, M×1, N×1","CAT×1563, TCC×1182, TCG×748, CCT×691, CTA×312, TTA×201, TTC×90, ATG×20, GTT×3, AAC×2, CCA×1, GTA×1, TCA×1"
1030,nonsynonymous-only,0,1,18,5183,"V×4, A×2, K×2, R×2, F×1, I×1, M×1, N×1, P×1, S×1, T×1, Y×1","GCG×2074, CCG×1936, GTC×673, AAG×356, AGG×84, GTT×24, AAT×15, GTG×6, GCT×3, ATT×2, TCG×2, TTT×2, AAA×1, ACG×1, AGA×1, ATG×1, GTA×1, TAT×1"
1031,nonsynonymous-only,0,1,21,7844,"R×3, C×2, E×2, Q×2, S×2, Y×2, D×1, G×1, H×1, I×1, K×1, N×1, P×1, T×1","GAA×1918, TAT×1494, TAC×1188, TGT×896, AAA×794, GAC×739, CGT×516, AAC×119, CGG×84, CAA×39, GAG×21, ACT×17, TCG×7, CAG×4, CAT×2, AGA×1, ATA×1, CCA×1, GGA×1, TCT×1, TGC×1"
1032,nonsynonymous-only,0,1,19,7838,"I×3, V×3, D×2, L×2, R×2, S×2, T×2, A×1, F×1, K×1","GTT×2692, CTT×1564, GTC×1476, GAC×748, CGC×691, ATT×373, ACT×84, AGA×82, TTA×68, ATA×25, AGT×8, ATC×8, ACC×7, GTA×4, TTC×3, GCT×2, AAA×1, AGC×1, GAT×1"
1033,nonsynonymous-only,0,1,17,6721,"C×2, F×2, H×2, I×2, L×2, Q×2, E×1, P×1, R×1, S×1, W×1","TTA×2575, CCA×1477, TGT×1188, ATA×711, TTT×541, CAA×83, TTC×63, TTG×42, CAG×18, CAC×15, TCA×2, ATT×1, CAT×1, CGA×1, GAA×1, TGC×1, TGG×1"
1034,nonsynonymous-only,0,1,14,7902,"D×2, G×2, K×2, N×2, A×1, E×1, Q×1, R×1, S×1, T×1","GAT×1958, ACA×1478, AAT×1214, GAA×916, AGA×744, CAA×513, AAG×507, AAC×405, GGA×86, AAA×58, GAC×18, GGT×3, AGT×1, GCT×1"
1035,nonsynonymous-only,0,1,15,6789,"A×3, K×2, N×2, D×1, F×1, G×1, H×1, Q×1, R×1, S×1, T×1","GCG×2183, AAA×1815, TTC×1188, AGT×748, GAT×513, GCT×84, GGA×83, ACG×80, CAG×53, AAT×20, AGA×15, AAC×3, CAC×2, AAG×1, GCC×1"
1036,nonsynonymous-only,0,1,12,5144,"H×2, S×2, Y×2, D×1, F×1, N×1, P×1, Q×1, R×1","GAT×1563, CAC×1214, CAT×746, TAC×663, CCT×513, TCA×336, AGA×82, TCT×20, AAC×2, CAA×2, TAT×2, TTC×1"
1037,nonsynonymous-only,0,1,4,1820,"K×2, H×1, R×1","AAA×791, AGA×691, AAG×336, CAT×2"
1038,nonsynonymous-only,0,1,2,8,"C×1, I×1","TGC×7, ATT×1"
1039,nonsynonymous-only,0,1,5,12,"C×1, F×1, I×1, S×1, Y×1","TCG×7, TTT×2, ATT×1, TAT×1, TGC×1"
1040,nonsynonymous-only,0,1,5,8,"L×2, A×1, S×1, V×1","TTA×3, CTT×2, GCA×1, GTA×1, TCG×1"
1041,nonsynonymous-only,0,1,7,2564,"L×2, Q×2, F×1, K×1, S×1","TCA×986, TTA×779, CAA×693, CTA×82, AAA×22, CAG×1, TTT×1"
1042,nonsynonymous-only,0,1,13,1791,"A×2, H×2, L×2, V×2, C×1, F×1, I×1, N×1, T×1","CTA×821, GTG×709, TTT×85, AAT×82, ATT×59, TGT×22, CTT×6, GTC×2, ACA×1, CAC×1, CAT×1, GCA×1, GCT×1"
1043,nonsynonymous-only,0,1,5,104,"F×2, C×1, I×1, L×1","TGC×100, ATC×1, TTA×1, TTC×1, TTT×1"
1044,nonsynonymous-only,0,1,4,103,"L×2, K×1, V×1","AAG×82, CTG×19, CTA×1, GTA×1"
1045,nonsynonymous-only,0,1,4,102,"Q×2, R×1, S×1","CAG×82, CAA×18, CGA×1, TCT×1"
1047,nonsynonymous-only,0,1,3,101,"D×1, S×1, Y×1","GAT×82, TAC×18, AGC×1"
1048,nonsynonymous-only,0,1,14,1733,"I×2, T×2, C×1, E×1, F×1, H×1, K×1, L×1, M×1, N×1, Q×1, R×1","ACA×1474, TGC×82, CTC×73, AGA×29, TTC×23, GAA×18, ATC×15, CAC×6, ATT×5, ACC×4, AAA×1, AAT×1, ATG×1, CAG×1"
1049,nonsynonymous-only,0,1,11,2692,"V×3, R×2, S×2, F×1, I×1, N×1, Y×1","ATT×1588, TTT×901, GTA×82, CGC×40, TAT×35, AAT×22, AGT×17, GTC×4, AGA×1, AGC×1, GTT×1"
1050,nonsynonymous-only,0,1,13,1766,"I×2, S×2, A×1, C×1, D×1, F×1, G×1, K×1, Q×1, T×1, Y×1","TTC×1478, ATA×82, GCC×73, ACC×46, TCC×28, TAT×19, GAT×18, ATC×15, TGT×3, AAA×1, CAA×1, GGT×1, TCG×1"
1051,nonsynonymous-only,0,1,15,2593,"K×2, N×2, R×2, D×1, G×1, H×1, L×1, Q×1, S×1, T×1, V×1, Y×1","AAT×1478, AAC×900, TTG×82, AAG×55, AAA×31, AGC×17, CAA×17, GGT×6, ACC×1, AGA×1, CAT×1, CGC×1, GAT×1, GTC×1, TAT×1"
1052,nonsynonymous-only,0,1,9,3442,"K×2, R×2, S×2, E×1, T×1, W×1","AAA×1722, GAA×1575, AGG×57, AGC×40, TGG×35, ACA×6, AGA×3, AGT×3, AAG×1"
1053,nonsynonymous-only,0,1,12,2013,"E×2, K×2, P×2, Q×2, C×1, R×1, W×1, Y×1","AAA×954, CAA×912, CCG×73, AGA×24, AAG×18, TGT×17, CCA×7, GAA×3, CAG×2, GAG×1, TAC×1, TGG×1"
1054,nonsynonymous-only,0,1,17,4036,"R×3, A×2, D×2, I×2, N×2, S×2, E×1, K×1, M×1, Y×1","AAC×2059, GAA×899, AAT×669, GAT×168, AGT×73, AAA×58, GAC×28, ATT×22, ATA×18, TCC×17, TAT×16, AGA×3, AGG×2, ATG×1, CGA×1, GCA×1, GCG×1"
1055,nonsynonymous-only,0,1,13,3132,"L×4, S×2, Y×2, F×1, H×1, I×1, Q×1, R×1","CTA×1435, TTT×899, CTC×593, TTA×59, CAA×43, TAC×31, TTG×22, TAT×18, TCC×18, CAC×6, ATA×4, CGG×3, AGT×1"
1056,nonsynonymous-only,0,1,16,2597,"L×4, C×2, E×1, F×1, H×1, M×1, N×1, Q×1, R×1, S×1, W×1, Y×1","TGG×1478, ATG×899, TGT×74, TTG×40, AGC×28, CAA×25, CTC×18, TTA×17, TGC×8, CAT×2, CGC×2, TTT×2, AAC×1, CTT×1, GAA×1, TAT×1"
1057,nonsynonymous-only,0,1,11,3207,"D×2, I×2, N×2, S×2, H×1, L×1, Y×1","CTT×1469, CAT×1114, TAT×398, AAT×81, GAT×73, TCT×41, ATC×15, ATT×9, AAC×3, GAC×3, AGT×1"
1058,nonsynonymous-only,0,1,3,5,"Y×2, V×1","GTA×3, TAC×1, TAT×1"
1059,nonsynonymous-only,0,1,2,41,"F×1, P×1","CCT×40, TTT×1"
1060,nonsynonymous-only,0,1,2,41,"N×1, P×1","CCC×40, AAC×1"
1062,nonsynonymous-only,0,1,3,3,"C×1, D×1, S×1","GAT×1, TCA×1, TGT×1"
1063,nonsynonymous-only,0,1,2,2,"F×1, Q×1","CAG×1, TTC×1"
1064,nonsynonymous-only,0,1,12,1946,"L×3, R×2, S×2, C×1, F×1, H×1, T×1, Y×1","TTT×1195, TTG×691, TCA×41, ACT×7, CTT×3, CAT×2, CGT×2, CGA×1, CTA×1, TAT×1, TCT×1, TGT×1"
1065,nonsynonymous-only,0,1,16,3712,"R×3, N×2, S×2, Y×2, A×1, C×1, D×1, G×1, I×1, K×1, V×1","GAT×1189, AGT×902, AGA×670, GCT×581, GTT×110, GGA×87, AAA×83, AGC×40, AAC×25, ATT×17, AAT×2, CGA×2, CGT×1, TAC×1, TAT×1, TGT×1"
1066,nonsynonymous-only,0,1,16,4997,"G×3, R×3, C×2, Y×2, K×1, M×1, N×1, Q×1, S×1, W×1","ATG×1563, TGG×1489, AGG×1003, GGC×708, GGA×88, TAC×82, GGG×30, AAC×15, TAT×7, AAG×3, CGG×2, TGC×2, TGT×2, AGA×1, CAA×1, TCG×1"
1067,nonsynonymous-only,0,1,19,7529,"G×3, S×3, C×2, F×2, K×2, N×2, R×2, I×1, W×1, Y×1","AAA×2440, AAC×2254, AGA×1189, AAT×749, AGC×602, AAG×101, TAT×74, TGT×40, TGG×28, GGT×18, TCT×17, TTT×7, ATT×2, GGA×2, TTC×2, CGT×1, GGC×1, TCC×1, TGC×1"
1068,nonsynonymous-only,0,1,6,2111,"D×2, F×1, H×1, N×1, S×1","AAT×1236, GAC×748, CAT×83, TTT×40, AGT×3, GAT×1"
1069,nonsynonymous-only,0,1,4,34,"C×1, L×1, Q×1, R×1","CTG×30, CAG×2, CGC×1, TGT×1"
1070,nonsynonymous-only,0,1,4,5,"F×1, R×1, S×1, W×1","CGA×2, TCA×1, TGG×1, TTT×1"
1071,nonsynonymous-only,0,1,2,2,"D×1, T×1","ACA×1, GAT×1"
1072,nonsynonymous-only,0,1,2,2,"F×1, N×1","AAT×1, TTT×1"
1081,nonsynonymous-only,0,1,2,31,"A×1, I×1","ATT×30, GCA×1"
1082,nonsynonymous-only,0,1,15,6456,"R×4, E×2, S×2, C×1, G×1, H×1, K×1, Q×1, W×1, Y×1","TGG×2938, CGA×1197, AGG×906, CAC×707, AGA×601, GAA×40, CGG×27, TGT×18, CAA×13, AGT×2, GGG×2, TCT×2, AAA×1, GAG×1, TAT×1"
1083,nonsynonymous-only,0,1,25,7760,"S×4, I×3, G×2, K×2, N×2, Y×2, A×1, C×1, D×1, E×1, F×1, L×1, P×1, R×1, T×1, V×1","AAA×1583, GAC×1460, ATT×1188, AAG×1011, TAC×765, AGC×596, GGA×513, AAC×343, CCG×84, CTC×84, ACC×40, TCA×30, TCC×18, AGT×15, ATC×8, GTA×7, AAT×4, ATA×2, GAG×2, GGC×2, AGG×1, GCC×1, TAT×1, TGC×1, TTC×1"
1084,nonsynonymous-only,0,1,18,8372,"R×3, C×2, K×2, L×2, E×1, F×1, G×1, H×1, N×1, Q×1, T×1, W×1, Y×1","TGG×2187, AGG×1481, TAT×1188, CGG×1113, CAG×1106, GAA×746, GGA×338, TTG×126, TGT×34, TGC×22, CGA×18, AAC×3, TTT×3, AAA×2, CAC×2, AAG×1, ACA×1, TTA×1"
1085,nonsynonymous-only,0,1,15,3596,"L×3, S×3, C×1, E×1, H×1, K×1, P×1, Q×1, R×1, T×1, Y×1","CAA×1166, AAA×936, TTA×693, CAC×516, GAA×93, TAT×84, TCA×40, TCC×23, ACG×18, CTT×16, CGA×5, CCG×2, CTA×2, AGC×1, TGC×1"
1086,nonsynonymous-only,0,1,20,7725,"D×2, I×2, K×2, N×2, R×2, Y×2, C×1, E×1, H×1, L×1, Q×1, S×1, V×1, W×1","AAG×2146, ATC×1575, CGC×1545, CAC×1240, CAA×516, GAG×323, AAC×106, TAT×82, TAC×59, GAT×40, AAA×38, ATT×18, CTC×16, AAT×6, AGC×5, GTC×3, TGC×3, GAC×2, CGG×1, TGG×1"
1087,nonsynonymous-only,0,1,11,2890,"E×1, F×1, G×1, K×1, L×1, M×1, N×1, R×1, S×1, T×1, Y×1","AAG×2255, GAA×513, TTC×82, ATG×30, TCC×3, AGG×2, AAT×1, ACT×1, CTG×1, GGC×1, TAT×1"
1088,nonsynonymous-only,0,1,7,38,"T×2, A×1, D×1, N×1, R×1, S×1","GAC×30, GCT×3, AAT×1, ACA×1, ACT×1, CGG×1, TCT×1"
1089,nonsynonymous-only,0,1,3,84,"F×1, H×1, Y×1","TAT×82, CAT×1, TTT×1"
1090,nonsynonymous-only,0,1,2,83,"D×1, G×1","GAC×82, GGT×1"
1091,nonsynonymous-only,0,1,2,167,"F×1, S×1","TCT×166, TTT×1"
1092,nonsynonymous-only,0,1,6,170,"P×2, S×2, A×1, V×1","CCA×84, GCA×82, CCC×1, GTT×1, TCA×1, TCT×1"
1093,nonsynonymous-only,0,1,18,7679,"S×4, T×4, I×3, K×2, D×1, L×1, M×1, N×1, R×1","ATG×1594, ACC×1491, ATT×1189, ACG×904, AAG×692, ACT×660, AAC×593, AAA×343, ATA×87, ACA×67, TTA×22, GAT×18, TCT×7, AGC×3, TCC×3, AGA×2, AGT×2, ATC×2"
1094,nonsynonymous-only,0,1,14,6112,"L×4, V×4, F×2, I×2, M×1, S×1","CTG×1478, ATC×1271, ATA×992, GTG×849, TTC×691, GTT×626, TTA×120, CTT×36, TTT×24, ATG×17, GTA×5, CTA×1, GTC×1, TCA×1"
1095,nonsynonymous-only,0,1,9,2339,"I×2, L×2, C×1, M×1, S×1, V×1, W×1","ATC×1187, ATG×593, ATT×337, GTC×84, TGG×82, TTA×30, AGT×20, TTG×5, TGC×1"
1096,nonsynonymous-only,0,1,8,2336,"D×1, I×1, L×1, P×1, S×1, T×1, V×1, Y×1","ATT×1190, ACT×593, GTT×336, CTT×84, TCT×82, GAT×30, TAC×20, CCT×1"
1097,nonsynonymous-only,0,1,4,1893,"N×2, D×1, G×1","GAT×1188, AAC×587, AAT×88, GGT×30"
1098,nonsynonymous-only,0,1,3,1863,"C×1, E×1, Q×1","CAA×1188, GAA×593, TGT×82"
1099,synonymous-only,1,0,2,675,T×2,"ACA×593, ACT×82"
1104,nonsynonymous-only,0,1,2,82,"I×1, T×1","ATA×77, ACA×5"
1113,nonsynonymous-only,0,1,2,675,"C×1, R×1","AGA×593, TGT×82"
1114,nonsynonymous-only,0,1,2,675,"C×1, Y×1","TGC×673, TAC×2"
1115,nonsynonymous-only,0,1,2,594,"F×1, S×1","TTC×593, TCA×1"
1116,nonsynonymous-only,0,1,3,594,"H×1, P×1, R×1","CGC×592, CAC×1, CCC×1"
1117,nonsynonymous-only,0,1,3,597,"E×2, N×1","GAA×593, AAT×3, GAG×1"
1118,synonymous-only,1,0,2,594,R×2,"AGA×593, CGA×1"
1119,nonsynonymous-only,0,1,3,598,"K×2, Q×1","AAA×596, AAG×1, CAA×1"
1120,nonsynonymous-only,0,1,4,599,"P×3, I×1","CCT×593, ATT×3, CCA×2, CCG×1"
1121,nonsynonymous-only,0,1,5,599,"E×1, F×1, I×1, Q×1, V×1","GTT×554, ATT×39, TTC×3, GAA×2, CAG×1"
1122,nonsynonymous-only,0,1,19,7798,"I×3, D×2, G×2, K×2, N×2, S×2, T×2, V×2, A×1, Y×1","AAT×3212, AAG×1564, AAC×990, AGC×743, GTC×634, GGC×339, ATT×183, GGT×30, GAT×24, GTT×20, ATC×16, GCT×15, AGT×9, TAT×7, AAA×3, ACA×3, ACT×2, ATA×2, GAC×2"
1123,nonsynonymous-only,0,1,18,2261,"L×5, P×2, Y×2, A×1, C×1, F×1, I×1, K×1, M×1, S×1, T×1, V×1","TTA×1109, TTG×796, CTA×85, GCA×82, GTA×73, TCA×31, CTT×22, TAC×21, ATG×15, CCT×7, TAT×7, ACG×3, TGT×3, CCA×2, CTG×2, AAA×1, ATA×1, TTT×1"
1124,nonsynonymous-only,0,1,16,7743,"L×5, F×2, S×2, Y×2, C×1, N×1, P×1, V×1, W×1","TTT×3340, TTG×2206, TTC×1269, TTA×756, CTA×83, TAT×44, AAC×18, CTT×8, TAC×8, CTC×3, TCG×2, TCT×2, CCA×1, GTG×1, TGG×1, TGT×1"
1125,nonsynonymous-only,0,1,9,1376,"F×2, I×2, A×1, L×1, M×1, P×1, T×1","ATT×750, CTT×513, GCT×82, CCT×18, TTC×7, ATC×2, TTT×2, ACT×1, ATG×1"
1126,nonsynonymous-only,0,1,4,849,"L×2, E×1, P×1","TTG×828, CCG×18, CTG×2, GAG×1"
1127,nonsynonymous-only,0,1,5,857,"L×2, E×1, K×1, T×1","CTA×829, ACG×18, AAA×8, CTG×1, GAG×1"
1128,nonsynonymous-only,0,1,6,854,"L×3, F×1, I×1, V×1","CTT×746, CTC×82, TTA×16, GTT×7, TTT×2, ATT×1"
1129,nonsynonymous-only,0,1,5,855,"L×2, C×1, S×1, Y×1","TGT×748, TAT×82, TCG×23, TTA×1, TTG×1"
1130,nonsynonymous-only,0,1,16,5524,"R×3, E×2, G×2, K×2, L×1, M×1, P×1, Q×1, S×1, T×1, W×1","AGG×2452, AAA×1563, ATG×748, GGA×604, ACA×89, TGG×23, CCA×15, GGG×11, AGA×7, AAG×3, CTC×3, GAG×2, CAA×1, CGG×1, GAA×1, TCC×1"
1131,nonsynonymous-only,0,1,13,4821,"I×2, A×1, F×1, H×1, K×1, L×1, M×1, N×1, S×1, T×1, V×1, Y×1","ATT×3145, TTT×917, GCG×593, ATG×82, AAA×34, TAT×22, ATC×8, CAT×7, CTT×6, AAC×2, ACT×2, AGT×2, GTT×1"
1132,nonsynonymous-only,0,1,19,3257,"L×4, I×3, N×2, T×2, V×2, A×1, E×1, F×1, H×1, K×1, S×1","ATT×1577, CTA×921, AAT×417, AAC×177, GAA×73, TTG×28, AGC×19, ACT×17, ATC×10, ATA×7, CTG×2, GTC×2, AAA×1, ACA×1, CAT×1, GCA×1, GTT×1, TTA×1, TTT×1"
1133,nonsynonymous-only,0,1,18,3238,"G×2, I×2, R×2, T×2, A×1, E×1, F×1, H×1, K×1, L×1, N×1, Q×1, S×1, V×1","GAA×2072, CAA×914, GGT×82, AGA×73, GGA×28, TTT×22, ACA×17, ACT×7, AGG×7, CTC×6, AAG×2, GCC×2, AAC×1, ATA×1, ATT×1, CAC×1, GTA×1, TCT×1"
1134,nonsynonymous-only,0,1,16,1778,"I×3, A×2, C×2, K×2, S×2, T×2, L×1, N×1, P×1","TGT×927, ATC×519, CCG×82, ATT×75, TGC×73, AAA×22, ATA×18, ACC×17, GCT×16, AAT×8, TCC×8, TCT×7, ACT×2, TTA×2, AAG×1, GCC×1"
1135,nonsynonymous-only,0,1,14,1083,"L×2, S×2, Y×2, D×1, E×1, F×1, G×1, I×1, M×1, N×1, R×1","GGA×899, AAC×73, TTA×38, AGA×28, GAA×17, GAT×7, TAT×7, TAC×6, TCT×2, TTG×2, ATA×1, ATG×1, TCA×1, TTT×1"
1136,nonsynonymous-only,0,1,8,166,"D×1, F×1, I×1, L×1, Q×1, R×1, V×1, W×1","GTC×73, TTC×51, CAG×18, TTA×9, GAT×7, AGA×6, ATC×1, TGG×1"
1137,nonsynonymous-only,0,1,8,1176,"G×3, D×1, N×1, R×1, S×1, W×1","GGG×899, TGG×141, GGA×82, AGG×26, GGC×18, GAT×7, AGT×2, AAT×1"
1138,nonsynonymous-only,0,1,10,1185,"K×2, R×2, D×1, E×1, L×1, Q×1, S×1, T×1","ACA×900, AAA×99, CAA×83, AGA×56, TTA×18, GAC×15, CGA×8, AAG×4, GAA×1, TCA×1"
1139,nonsynonymous-only,0,1,10,1215,"I×2, S×2, D×1, F×1, G×1, N×1, V×1, Y×1","GAT×902, AAT×102, GTT×82, GGT×73, AGT×39, ATC×7, TTT×7, AGC×1, ATT×1, TAT×1"
1140,nonsynonymous-only,0,1,18,2445,"A×2, D×2, F×2, G×2, R×2, V×2, I×1, K×1, L×1, N×1, T×1, Y×1","GAC×1470, TTC×675, ATT×104, TTT×65, AAC×40, GTA×22, AGA×17, CGC×15, GAT×8, GCT×7, GTT×6, ACC×5, GCC×5, GGA×2, AAA×1, CTT×1, GGC×1, TAT×1"
1141,nonsynonymous-only,0,1,14,5519,"G×3, D×2, R×2, F×1, K×1, L×1, M×1, N×1, Q×1, Y×1","AAT×2560, AGA×1487, TAT×728, AAG×593, AGG×63, GGT×40, GAT×35, GGA×6, CAA×2, ATG×1, GAC×1, GGG×1, TTG×1, TTT×1"
1142,nonsynonymous-only,0,1,7,119,"D×2, A×1, G×1, I×1, K×1, Y×1","GCC×82, ATC×22, TAT×7, GAC×3, GAT×2, GGA×2, AAA×1"
1147,synonymous-only,1,0,2,82,G×2,"GGC×81, GGT×1"
1150,nonsynonymous-only,0,1,19,3878,"G×3, D×2, I×2, K×2, N×2, R×2, A×1, H×1, L×1, S×1, T×1, V×1","GGG×1477, GGT×898, ATT×593, CAT×513, GAT×126, AAA×85, CTC×82, AGC×40, AAT×39, ACT×7, AAG×6, GAC×3, ATA×2, GTT×2, AAC×1, AGG×1, CGG×1, GCG×1, GGC×1"
1151,nonsynonymous-only,0,1,21,3871,"G×3, I×2, L×2, R×2, V×2, A×1, D×1, E×1, F×1, K×1, M×1, N×1, P×1, S×1, T×1","ACA×1415, GGT×981, ATG×593, GAA×577, GTG×84, AAA×63, AAT×40, GAT×29, TTA×22, ATT×18, CCA×18, GCA×8, GTT×6, GGG×5, GGA×3, TTC×3, TTG×2, AGA×1, AGG×1, ATA×1, TCC×1"
1152,nonsynonymous-only,0,1,15,3888,"A×2, I×2, K×2, T×2, V×2, D×1, E×1, G×1, N×1, Y×1","GTT×1363, AAG×919, ATT×738, ACG×513, GAT×84, GCT×82, GTA×53, TAT×40, AAT×35, GGA×17, ACT×15, ATA×10, GCA×10, AAA×8, GAG×1"
1153,nonsynonymous-only,0,1,16,4635,"F×2, N×2, S×2, Y×2, D×1, E×1, H×1, I×1, P×1, Q×1, R×1, V×1","TAT×2076, CCT×983, TTT×834, CGG×513, ATT×75, TCA×63, AAT×32, AAC×29, TCT×17, GAT×5, GAA×3, CAG×1, CAT×1, GTT×1, TAC×1, TTC×1"
1154,nonsynonymous-only,0,1,21,4635,"T×3, V×3, F×2, I×2, L×2, A×1, G×1, K×1, M×1, N×1, P×1, R×1, S×1, W×1","GTG×1479, TTA×899, ATG×788, CCA×594, ACA×513, ATT×84, GCT×82, GTC×63, ATA×37, AAA×26, GGA×18, CTA×17, TTC×15, AAT×8, ACG×3, CGG×2, GTT×2, TTT×2, ACC×1, TCA×1, TGG×1"
1155,nonsynonymous-only,0,1,5,723,"D×1, E×1, K×1, R×1, V×1","AAA×514, AGA×166, GTA×40, GAT×2, GAA×1"
1156,nonsynonymous-only,0,1,4,169,"E×1, I×1, L×1, R×1","CGG×84, ATT×82, GAA×2, TTA×1"
1157,nonsynonymous-only,0,1,3,168,"P×1, Q×1, R×1","CAA×84, CGC×82, CCA×2"
1158,nonsynonymous-only,0,1,2,84,"A×1, E×1","GAA×82, GCA×2"
1159,nonsynonymous-only,0,1,2,84,"L×1, S×1","TTA×82, TCA×2"
1170,nonsynonymous-only,0,1,2,82,"A×1, V×1","GTC×77, GCC×5"
1173,nonsynonymous-only,0,1,5,597,"V×2, A×1, G×1, I×1","GTC×505, GCT×82, ATC×6, GGG×2, GTT×2"
1174,nonsynonymous-only,0,1,10,1904,"C×1, F×1, H×1, I×1, K×1, L×1, N×1, P×1, R×1, Y×1","CGC×1137, CCT×513, TAT×114, ATT×82, CAC×51, TTA×2, TTT×2, AAA×1, AAT×1, TGC×1"
1175,nonsynonymous-only,0,1,14,4297,"D×2, F×2, R×2, S×2, A×1, E×1, K×1, P×1, Q×1, Y×1","CAA×1541, AGA×1190, TAC×748, GAC×362, GAT×233, CCC×82, TCT×73, TCG×40, AAA×17, GAG×5, GCT×3, CGT×1, TTC×1, TTT×1"
1176,nonsynonymous-only,0,1,24,7949,"L×3, S×3, D×2, F×2, H×2, N×2, P×2, Y×2, C×1, G×1, I×1, K×1, T×1, V×1","TAC×1563, TTT×1479, ATC×1188, CAC×899, CTT×751, TCT×694, TTC×594, CAT×510, CCC×100, AAT×94, ACC×40, CCT×15, AGC×4, AGT×3, TAT×3, TGC×3, GTT×2, AAA×1, AAC×1, CTA×1, GAC×1, GAT×1, GGT×1, TTG×1"
1177,nonsynonymous-only,0,1,19,7949,"C×2, H×2, Y×2, A×1, D×1, E×1, F×1, G×1, I×1, K×1, L×1, N×1, P×1, Q×1, R×1, S×1","TGT×3002, TAT×2098, CCT×1478, AAA×593, TAC×516, AGT×82, GAT×74, TTT×42, AAT×18, GAA×18, CAT×16, CGT×3, ATT×2, CAG×2, CAC×1, GCT×1, GGT×1, TGC×1, TTG×1"
1178,nonsynonymous-only,0,1,22,6105,"S×4, I×3, L×3, K×2, P×2, Q×2, R×2, A×1, E×1, G×1, T×1","CAA×1581, TCA×1574, CTA×1485, AAA×763, GGA×513, TCT×73, ATA×41, CGA×31, ATC×17, GAG×7, CCA×3, TTG×3, ACG×2, CAG×2, GCT×2, TCC×2, AAG×1, AGC×1, AGG×1, ATT×1, CCG×1, CTG×1"
1179,nonsynonymous-only,0,1,15,6752,"R×3, E×2, K×2, N×2, G×1, I×1, L×1, Q×1, S×1, T×1","AAA×2566, ACA×1496, AAC×1194, AGA×515, GGG×407, AGG×342, GAA×110, AAT×83, CGA×17, GAG×15, AAG×2, TTA×2, ATA×1, CAG×1, TCA×1"
1180,nonsynonymous-only,0,1,17,4490,"D×2, E×2, K×2, L×2, N×2, G×1, Q×1, R×1, S×1, T×1, W×1, Y×1","CAA×1555, AAT×1188, GAC×901, CGA×588, AAG×88, TTA×82, GAT×35, AAC×22, GGA×18, AAA×4, GAA×2, GAG×2, ACG×1, AGT×1, TAT×1, TGG×1, TTG×1"
1181,nonsynonymous-only,0,1,20,5092,"F×2, I×2, L×2, S×2, T×2, C×1, D×1, G×1, K×1, M×1, N×1, P×1, Q×1, V×1, Y×1","TTT×2198, CCA×1534, TTC×641, ATG×513, ATA×99, TCA×47, AAT×22, TTA×15, ATT×7, GAC×3, GTG×3, GGG×2, AAA×1, ACG×1, ACT×1, CAA×1, CTA×1, TAT×1, TCC×1, TGC×1"
1182,nonsynonymous-only,0,1,14,1814,"E×2, K×2, N×2, R×2, G×1, H×1, Q×1, S×1, T×1, Y×1","AAT×1481, AAA×92, ACT×82, GAA×41, GGT×30, AGG×28, AAC×22, AAG×18, CAT×10, TAT×5, GAG×2, AGA×1, CAA×1, TCC×1"
1183,nonsynonymous-only,0,1,10,1726,"E×2, K×2, L×2, G×1, I×1, S×1, Y×1","TTG×1478, GAA×90, GAG×82, TCT×40, TAT×28, ATT×3, AAA×2, AAG×1, CTG×1, GGA×1"
1184,nonsynonymous-only,0,1,12,1756,"D×2, N×2, A×1, C×1, E×1, H×1, I×1, R×1, S×1, Y×1","GAA×1561, TGT×74, GAT×46, GAC×28, GCT×22, ATA×17, AAT×3, AAC×1, AGA×1, AGC×1, CAT×1, TAT×1"
1185,nonsynonymous-only,0,1,2,57,"E×1, M×1","ATG×40, GAA×17"
1187,nonsynonymous-only,0,1,4,108,"L×3, I×1","CTG×82, CTA×17, TTA×7, ATA×2"
1188,nonsynonymous-only,0,1,2,101,"K×1, Q×1","CAG×82, AAA×19"
1190,nonsynonymous-only,0,1,4,857,"I×1, M×1, N×1, S×1","ATT×829, TCG×17, ATG×9, AAT×2"
1191,nonsynonymous-only,0,1,11,3313,"L×3, E×1, I×1, K×1, Q×1, S×1, T×1, V×1, Y×1","TAT×1478, ATT×899, TCA×767, TTG×82, CTG×28, AAA×25, GTT×17, ACG×7, GAA×6, TTA×3, CAA×1"
1192,nonsynonymous-only,0,1,13,3312,"L×2, A×1, E×1, F×1, I×1, K×1, M×1, N×1, P×1, R×1, V×1, Y×1","TAT×1480, ATT×916, TTA×776, AAA×83, AGA×22, CTT×18, AAT×6, CCA×3, GTT×3, TTT×2, ATG×1, GAA×1, GCA×1"
1193,nonsynonymous-only,0,1,16,3967,"D×2, K×2, N×2, S×2, Y×2, E×1, G×1, H×1, I×1, T×1, V×1","GAA×1519, AAC×775, ACA×748, GAT×634, AAT×127, AAA×101, TCT×28, TAC×17, TAT×6, CAT×3, AGT×2, GGG×2, GTA×2, AAG×1, ATA×1, GAC×1"
1194,nonsynonymous-only,0,1,11,3958,"S×3, G×2, K×2, D×1, I×1, N×1, T×1","AAA×2110, ACA×1648, TCA×83, ATA×40, AAT×29, AGT×22, GAT×19, AAG×3, GGT×2, GGA×1, TCT×1"
1195,nonsynonymous-only,0,1,16,3960,"A×3, I×3, V×3, F×2, K×1, M×1, N×1, S×1, T×1","GTT×1532, ATT×1498, GCT×829, GTA×57, TTC×28, TTT×3, AAG×2, ATC×2, GCC×2, AAT×1, ACT×1, AGC×1, ATA×1, ATG×1, GCA×1, GTC×1"
1196,nonsynonymous-only,0,1,18,4039,"L×3, A×2, F×2, G×2, I×2, S×2, C×1, K×1, R×1, T×1, V×1","TTT×1583, GCT×900, TTC×772, CTT×594, TTG×83, ACT×29, TGT×22, AAA×18, ATC×17, GGC×6, TCT×4, TCA×3, ATT×2, CGC×2, CTA×1, GCG×1, GGT×1, GTT×1"
1197,nonsynonymous-only,0,1,16,4023,"I×3, N×2, V×2, A×1, D×1, F×1, K×1, L×1, M×1, R×1, S×1, Y×1","TAT×1555, TTT×932, ATT×747, GAT×677, AAT×40, ATC×22, GTA×18, CTT×17, ATA×6, AAC×2, GTT×2, AAG×1, ATG×1, CGT×1, GCT×1, TCT×1"
1198,nonsynonymous-only,0,1,15,3256,"V×4, L×3, I×2, D×1, E×1, F×1, K×1, S×1, Y×1","TTA×1458, GTC×900, TAT×593, ATA×155, TTT×42, GTT×30, AAA×24, CTG×20, TCT×17, GTA×6, ATT×3, GAC×3, GAA×2, GTG×2, TTG×1"
1199,nonsynonymous-only,0,1,17,3233,"L×3, S×3, Y×2, D×1, F×1, I×1, M×1, P×1, Q×1, R×1, T×1, V×1","TCT×1150, TTT×929, TTA×633, TCG×329, ATA×82, CCA×73, TAT×17, TCA×7, TAC×3, ACG×2, GAT×2, ATG×1, CAA×1, CGC×1, CTA×1, GTG×1, TTG×1"
1200,nonsynonymous-only,0,1,13,3353,"L×4, Q×2, S×2, A×1, G×1, K×1, P×1, R×1","CAA×2412, CTA×641, AAA×83, TCG×73, TTA×51, GGA×40, TCA×22, TTG×17, CAG×7, GCA×3, CTG×2, AGA×1, CCA×1"
1207,nonsynonymous-only,0,1,2,830,"L×1, Q×1","CAG×748, CTA×82"
1208,nonsynonymous-only,0,1,3,830,"R×2, Q×1","CGG×696, AGG×82, CAG×52"
1210,nonsynonymous-only,0,1,2,830,"K×1, Q×1","CAA×748, AAG×82"
1211,nonsynonymous-only,0,1,2,748,"F×1, Y×1","TTC×746, TAC×2"
1212,nonsynonymous-only,0,1,6,947,"K×2, N×1, P×1, Q×1, R×1","AAC×748, AAA×84, AAG×82, CGA×30, CAG×2, CCA×1"
1213,nonsynonymous-only,0,1,18,6614,"E×2, G×2, I×2, R×2, S×2, T×2, K×1, L×1, M×1, N×1, Q×1, V×1","AGA×1563, ATG×1484, GTA×1285, ATA×1090, CAA×513, ACA×372, GAA×154, AAT×73, ACG×29, GGT×22, GAG×18, AAA×3, AGG×2, TTG×2, AGT×1, ATC×1, GGA×1, TCA×1"
1214,nonsynonymous-only,0,1,24,7202,"R×3, S×3, F×2, I×2, L×2, N×2, Q×2, A×1, C×1, E×1, K×1, T×1, V×1, W×1, Y×1","TGC×2086, AGC×1563, CGA×899, TAT×750, TTC×690, CGC×512, GAG×336, TTT×97, TGG×84, GCA×82, AAA×31, TCT×28, TTA×19, CAA×6, ACT×4, CAG×3, GTC×3, AAC×2, CTT×2, AAT×1, ATC×1, ATT×1, CGT×1, TCA×1"
1215,nonsynonymous-only,0,1,25,7189,"L×5, I×3, A×2, G×2, N×2, Y×2, E×1, F×1, H×1, K×1, Q×1, R×1, S×1, T×1, V×1","CTG×1564, CAA×1494, AAC×916, TTG×748, GGG×690, TTA×626, GCC×515, AAA×336, AGA×84, ATC×74, TAC×63, ATT×52, AGT×6, GCT×5, GTC×3, CTA×2, CTT×2, TAT×2, AAT×1, ACC×1, ATA×1, CAT×1, GAG×1, GGA×1, TTC×1"
1216,nonsynonymous-only,0,1,14,6696,"L×3, F×2, Y×2, G×1, H×1, I×1, P×1, Q×1, S×1, T×1","TAT×2862, TTT×1632, TTC×831, CCC×691, TTG×511, TAC×93, CTT×63, TCT×5, CAA×2, TTA×2, ACT×1, ATT×1, CAT×1, GGT×1"
1217,nonsynonymous-only,0,1,15,6848,"L×4, F×2, S×2, A×1, G×1, M×1, Q×1, R×1, V×1, Y×1","TTC×1478, GTG×1385, TCA×981, CTG×832, ATG×691, CAA×594, TTT×513, GCG×179, CTA×74, TTA×64, TTG×37, AGA×17, GGG×1, TAC×1, TCC×1"
1218,nonsynonymous-only,0,1,21,7192,"I×3, A×2, E×2, G×2, K×2, R×2, S×2, T×2, M×1, N×1, P×1, Q×1","AAG×1563, GGG×1559, ATC×899, AGA×767, ATT×765, AGG×593, ACA×516, AAC×330, AAA×87, ATG×34, GAA×30, ATA×21, GCA×8, AGC×7, CCA×3, GAG×3, ACT×2, CAG×2, AGT×1, GCG×1, GGA×1"
1219,nonsynonymous-only,0,1,21,7278,"T×3, H×2, K×2, L×2, R×2, S×2, A×1, E×1, I×1, M×1, N×1, P×1, Q×1, V×1","TCG×1563, GAA×1518, AAA×1178, AAG×1164, AGA×958, TCA×721, ATA×76, ACA×30, ACT×22, AGG×20, CAA×10, GCT×6, AAT×2, CAC×2, CTA×2, ACG×1, ATG×1, CAT×1, CCA×1, CTG×1, GTA×1"
1220,nonsynonymous-only,0,1,24,6356,"L×5, I×3, R×3, E×2, H×2, P×2, F×1, G×1, K×1, M×1, Q×1, T×1, V×1","CTA×1611, CGT×1478, GTA×900, CAA×692, AGA×593, ATC×513, ATT×337, TTA×84, AAA×63, CCG×30, TTT×19, CCA×10, GAA×7, ATA×3, CGA×3, TTG×3, CTC×2, GGA×2, ACT×1, ATG×1, CAC×1, CAT×1, CTT×1, GAG×1"
1222,synonymous-only,1,0,2,83,L×2,"TTA×82, CTC×1"
1223,nonsynonymous-only,0,1,3,84,"M×1, N×1, R×1","CGT×82, AAT×1, ATG×1"
1224,nonsynonymous-only,0,1,4,168,"A×1, L×1, S×1, V×1","CTA×84, GCA×82, GTA×1, TCA×1"
1226,nonsynonymous-only,0,1,2,74,"K×1, R×1","AAA×73, AGA×1"
1227,nonsynonymous-only,0,1,3,114,"E×2, D×1","GAG×73, GAA×40, GAT×1"
1228,nonsynonymous-only,0,1,3,114,"P×1, V×1, Y×1","TAC×73, CCC×40, GTC×1"
1229,nonsynonymous-only,0,1,2,113,"L×1, S×1","TTA×73, TCA×40"
1230,nonsynonymous-only,0,1,2,74,"I×1, N×1","AAC×73, ATT×1"
1231,nonsynonymous-only,0,1,3,76,"C×2, F×1","TTT×73, TGC×2, TGT×1"
1232,nonsynonymous-only,0,1,8,111,"I×2, L×2, F×1, H×1, R×1, V×1","GTT×73, CTG×30, ATT×3, AGG×1, ATC×1, CAC×1, CTA×1, TTT×1"
1233,nonsynonymous-only,0,1,6,107,"L×2, S×2, Q×1, Y×1","TTA×73, TTG×30, CAG×1, TAC×1, TCA×1, TCT×1"
1234,nonsynonymous-only,0,1,13,6187,"R×3, K×2, Q×2, S×2, D×1, E×1, L×1, W×1","AAA×2236, AGA×1522, CGA×899, GAA×726, AAG×605, TCA×73, GAC×63, AGG×31, CTA×17, CAA×10, TGG×3, AGC×1, CAG×1"
1235,nonsynonymous-only,0,1,14,5523,"G×2, L×2, R×2, A×1, D×1, H×1, K×1, P×1, Q×1, W×1, Y×1","CAG×1565, CGG×1176, CCG×692, GGA×659, GAC×593, AAG×548, GGG×190, AGA×65, TTG×20, CTG×10, TGG×2, CAT×1, GCG×1, TAT×1"
1236,nonsynonymous-only,0,1,15,4666,"F×2, L×2, Q×2, Y×2, H×1, I×1, K×1, N×1, R×1, S×1, W×1","TGG×1563, TAC×696, CAG×691, CAA×593, TTG×543, AAT×336, CAT×84, AAA×82, TTC×49, ATC×20, TCC×3, TAT×2, TTT×2, CGG×1, CTG×1"
1237,nonsynonymous-only,0,1,2,2,"P×1, S×1","CCA×1, TCG×1"
1238,nonsynonymous-only,0,1,6,599,"L×3, F×1, H×1, P×1","CAT×593, TTT×2, CCA×1, CTA×1, CTG×1, CTT×1"
1239,nonsynonymous-only,0,1,7,599,"L×2, Y×2, F×1, H×1, V×1","CTA×579, TTA×14, TAC×2, CAT×1, GTG×1, TAT×1, TTT×1"
1240,nonsynonymous-only,0,1,18,7963,"C×2, F×2, N×2, Q×2, R×2, Y×2, D×1, H×1, I×1, L×1, P×1, V×1","CAA×2745, TAT×1565, CAT×1216, CGT×900, TTC×593, CGC×400, TGC×379, AAC×82, GTT×22, GAT×21, AAT×16, ATT×7, TAC×7, CCA×3, TTT×3, CTT×2, CAG×1, TGT×1"
1241,nonsynonymous-only,0,1,23,7464,"S×4, L×3, C×2, H×2, Q×2, R×2, Y×2, E×1, F×1, G×1, N×1, P×1, W×1","TGT×3409, CCA×1250, TCA×1094, TTC×901, TGG×513, TGC×82, CGC×73, TAC×30, GGA×22, TCT×19, TCC×18, AAT×15, TAT×9, TTA×9, CAT×6, CTA×4, CAG×3, CTT×2, CAA×1, CAC×1, CGA×1, GAA×1, TCG×1"
1242,nonsynonymous-only,0,1,25,8067,"S×4, L×3, C×2, F×2, I×2, Q×2, Y×2, A×1, E×1, H×1, N×1, P×1, R×1, T×1, V×1","TTA×1561, ATT×1483, TTC×1200, TAT×838, GAA×748, ATC×691, TTT×603, CTT×513, AAT×143, TCG×84, TGT×73, AGC×30, GTT×28, AGA×23, TCT×17, CAG×7, TAC×7, ACT×6, CAT×3, CTA×3, GCC×2, AGT×1, CAA×1, CCG×1, TGC×1"
1243,nonsynonymous-only,0,1,22,4978,"R×4, G×3, S×3, E×2, I×2, Y×2, C×1, K×1, L×1, N×1, Q×1, W×1","AGC×1489, TGG×1256, AAC×749, GAA×698, GGA×314, AGA×206, TGT×81, AGT×73, CGG×49, AGG×30, CAA×16, AAA×3, TCA×3, GGG×2, TAC×2, ATA×1, ATT×1, CGT×1, CTA×1, GAG×1, GGT×1, TAT×1"
1244,nonsynonymous-only,0,1,18,4469,"D×2, N×2, P×2, R×2, S×2, C×1, E×1, K×1, Q×1, T×1, V×1, W×1, Y×1","TCA×1578, AAA×1411, TGG×593, GAC×430, AAC×188, AGG×82, TAC×80, GTC×49, TGT×30, AGA×17, CCA×3, ACA×2, AAT×1, CAA×1, CCC×1, GAG×1, GAT×1, TCG×1"
1245,nonsynonymous-only,0,1,5,168,"S×2, D×1, E×1, H×1","CAC×84, TCC×81, GAA×1, GAC×1, TCT×1"
1246,synonymous-only,1,0,2,83,L×2,"CTC×82, CTT×1"
1251,nonsynonymous-only,0,1,7,2921,"N×2, Y×2, F×1, K×1, S×1","AAT×2073, AAC×560, AGC×188, AAG×82, TAC×16, TAT×1, TTT×1"
1252,nonsynonymous-only,0,1,6,2179,"C×1, D×1, F×1, H×1, S×1, Y×1","TTC×1479, GAC×593, CAC×82, TGC×17, TAT×7, TCC×1"
1253,nonsynonymous-only,0,1,4,833,"F×1, I×1, Q×1, T×1","ACC×748, ATT×82, TTT×2, CAG×1"
1255,nonsynonymous-only,0,1,5,600,"I×2, H×1, L×1, Y×1","ATC×504, TAT×84, ATT×9, CTT×2, CAC×1"
1256,nonsynonymous-only,0,1,9,1691,"V×2, A×1, F×1, I×1, L×1, P×1, R×1, W×1","CTC×899, TGG×513, ATA×91, TTT×84, GCT×82, GTG×18, AGA×2, CCA×1, GTA×1"
1257,nonsynonymous-only,0,1,8,1632,"E×2, K×2, I×1, Q×1, R×1, S×1","AAG×917, ATA×513, TCA×85, AGA×84, GAG×17, CAG×14, AAA×1, GAA×1"
1258,nonsynonymous-only,0,1,18,4586,"S×3, A×2, N×2, R×2, C×1, D×1, H×1, I×1, K×1, L×1, P×1, Q×1, Y×1","GAT×1478, CGC×896, CTT×755, GCT×593, CAC×512, AGT×147, ATT×83, AAC×74, AAT×19, CGA×17, AGC×2, CCC×2, GCC×2, TAC×2, AAG×1, CAA×1, TCC×1, TGT×1"
1259,nonsynonymous-only,0,1,18,3920,"E×2, K×2, Q×2, Y×2, D×1, G×1, H×1, L×1, M×1, N×1, R×1, S×1, T×1, W×1","GAA×1477, CAG×899, CAA×763, CGA×513, AAT×82, GGA×73, GAG×53, TTA×18, TAC×17, AAG×10, GAC×3, ACA×2, AGC×2, CAT×2, TAT×2, TGG×2, AAA×1, ATG×1"
1260,nonsynonymous-only,0,1,11,4437,"K×2, Q×2, S×2, E×1, L×1, P×1, R×1, W×1","CAA×3122, CAG×1108, AAA×97, GAA×30, TCC×28, CCA×19, TCA×15, AAG×9, CGA×7, CTA×1, TGG×1"
1261,nonsynonymous-only,0,1,14,4638,"V×3, A×2, I×2, K×2, E×1, M×1, R×1, T×1, W×1","GTA×2906, AAG×830, GTG×626, ATA×86, ATG×82, AGA×36, GCA×33, GAA×18, AAA×8, GCG×7, ATT×3, ACA×1, GTT×1, TGG×1"
1262,nonsynonymous-only,0,1,19,3889,"I×2, K×2, L×2, N×2, S×2, V×2, A×1, C×1, D×1, H×1, R×1, T×1, Y×1","ATT×1634, AAG×899, GTT×593, ACC×514, TGC×84, AGC×30, CAC×30, AGA×23, AAT×22, CTT×18, GTG×15, AAC×7, ATA×7, TAT×6, GCG×2, TTG×2, AAA×1, AGT×1, GAT×1"
1263,nonsynonymous-only,0,1,15,2929,"L×3, R×2, Y×2, C×1, E×1, F×1, G×1, H×1, K×1, Q×1, V×1","GAA×1477, CGA×693, TTT×586, TTA×83, TTG×30, TAT×29, GTG×15, CTC×6, CAT×2, GGA×2, TGC×2, AAA×1, CAG×1, CGC×1, TAC×1"
1264,nonsynonymous-only,0,1,9,655,"P×2, R×2, S×2, E×1, G×1, W×1","TGG×593, CGA×30, GAA×18, TCG×7, CCG×2, TCA×2, AGA×1, CCA×1, GGC×1"
1266,nonsynonymous-only,0,1,6,1064,"L×2, I×1, S×1, V×1, Y×1","TTG×896, CTG×82, TAT×50, GTG×18, ATA×17, TCA×1"
1267,nonsynonymous-only,0,1,6,1764,"T×2, A×1, E×1, I×1, P×1","ACG×917, GCA×526, CCA×221, ACA×82, ATT×17, GAA×1"
1268,nonsynonymous-only,0,1,7,2358,"C×2, A×1, G×1, R×1, T×1, V×1","CGC×899, GCA×748, TGC×593, GTG×82, GGA×18, TGT×17, ACT×1"
1269,nonsynonymous-only,0,1,7,1432,"N×2, A×1, G×1, H×1, V×1, Y×1","GGA×719, CAT×583, GCA×84, AAT×27, GTG×17, AAC×1, TAT×1"
1270,nonsynonymous-only,0,1,4,1747,"D×1, G×1, H×1, R×1","GAT×916, GGA×586, AGA×244, CAC×1"
1271,nonsynonymous-only,0,1,7,868,"S×3, Q×2, L×1, Y×1","AGT×746, TAT×82, CAG×18, TTG×17, AGC×2, TCG×2, CAA×1"
1272,nonsynonymous-only,0,1,13,3916,"A×3, P×2, S×2, T×2, H×1, L×1, M×1, Y×1","TAT×2011, CCG×897, TCA×713, TCG×82, TTA×64, CAT×59, ACA×52, ATG×17, GCT×10, GCC×5, ACG×3, GCG×2, CCT×1"
1273,nonsynonymous-only,0,1,12,3983,"V×4, A×2, I×2, D×1, F×1, L×1, M×1","GTA×1480, GTT×899, GTG×644, GCC×528, GTC×237, ATA×84, TTC×82, ATG×15, GCG×10, ATT×2, CTA×1, GAC×1"
1274,nonsynonymous-only,0,1,14,3269,"L×5, F×2, A×1, K×1, P×1, Q×1, R×1, S×1, W×1","TCG×1477, GCG×899, CTG×593, AAG×82, TTT×76, CTC×63, CAA×31, CGT×18, TTC×11, TTA×9, TTG×6, CTA×2, CCG×1, TGG×1"
1275,nonsynonymous-only,0,1,11,3255,"F×2, N×2, C×1, D×1, E×1, I×1, S×1, T×1, V×1","TTT×1540, AAT×899, ATT×593, GAA×82, AAC×73, GAT×30, TGC×18, GTT×16, AGT×2, ACT×1, TTC×1"
1276,nonsynonymous-only,0,1,15,5535,"S×3, C×2, L×2, R×2, A×1, D×1, G×1, H×1, Q×1, Y×1","TGT×1563, TCA×1478, CGA×916, CAT×695, GCA×593, TAT×91, AGG×82, TTG×63, GGC×30, TCC×14, GAT×3, TTA×3, TCT×2, CAA×1, TGC×1"
1277,nonsynonymous-only,0,1,17,5627,"G×2, I×2, L×2, V×2, A×1, E×1, F×1, H×1, M×1, R×1, S×1, W×1, Y×1","GGC×1560, TTT×1491, GTT×1478, CAC×692, TTG×88, ATT×85, ATC×84, ATG×53, GTC×30, TTA×21, TCT×17, AGG×10, GGT×10, TAT×3, TGG×3, GAA×1, GCC×1"
1278,nonsynonymous-only,0,1,17,5510,"A×2, I×2, L×2, R×2, S×2, E×1, G×1, K×1, M×1, P×1, T×1, V×1","TTA×2285, GGG×1487, GCT×608, CCA×426, TCA×323, ATG×121, ATA×83, ATT×73, GCG×53, GTG×21, AGA×17, AGG×4, TCG×3, AAG×2, GAA×2, ACT×1, CTA×1"
1279,nonsynonymous-only,0,1,14,6261,"G×3, R×3, K×2, N×2, Q×2, E×1, T×1","AAT×1563, GGA×1490, AAA×907, ACG×716, CAA×691, GGG×593, GAA×115, GGC×82, AAG×36, AGG×31, AGA×20, CGG×15, AAC×1, CAG×1"
1280,nonsynonymous-only,0,1,16,6382,"R×3, T×3, I×2, K×2, N×2, A×1, F×1, Q×1, Y×1","ACG×1573, ACT×1480, AAT×972, AAC×748, ACA×688, ATT×675, AGG×84, AAG×47, GCG×45, AAA×32, AGA×24, CAA×7, ATA×3, TTT×2, CGA×1, TAC×1"
1281,nonsynonymous-only,0,1,15,6370,"L×3, S×3, I×2, T×2, A×1, F×1, P×1, V×1, Y×1","TTA×2136, TTG×1725, TTC×984, TCC×589, GTA×588, GCA×160, ATA×89, CTA×33, ACA×30, ATT×19, CCT×7, TCT×5, TAT×3, ACG×1, TCA×1"
1282,nonsynonymous-only,0,1,17,4292,"L×4, S×3, F×2, P×2, R×2, A×1, K×1, M×1, Y×1","TTA×1609, CCG×899, TCA×882, CCA×588, TTG×111, GCA×82, CTG×73, TCT×22, CTA×8, AAA×7, TAC×3, TTT×3, AGA×1, AGG×1, ATG×1, TCC×1, TTC×1"
1283,nonsynonymous-only,0,1,6,2500,"E×2, D×1, N×1, R×1, S×1","GAT×1563, GAA×851, GAG×82, AGG×2, AAC×1, AGC×1"
1284,nonsynonymous-only,0,1,9,2426,"G×2, N×2, D×1, I×1, K×1, R×1, S×1","GGC×1502, AAT×748, AGG×82, GGT×47, AAC×30, GAC×13, ATA×2, AAG×1, AGC×1"
1285,nonsynonymous-only,0,1,4,833,"D×1, F×1, N×1, S×1","AAT×748, AGC×82, TTC×2, GAC×1"
1302,nonsynonymous-only,0,1,2,82,"E×1, G×1","GGA×68, GAA×14"
1309,nonsynonymous-only,0,1,3,85,"F×1, K×1, P×1","TTT×82, CCA×2, AAA×1"
1310,nonsynonymous-only,0,1,5,90,"K×2, G×1, N×1, R×1","GGA×84, AAG×2, AAT×2, AAA×1, AGA×1"
1311,nonsynonymous-only,0,1,8,780,"F×2, S×2, E×1, L×1, P×1, R×1","CCT×690, GAA×82, TTC×2, TTT×2, CGA×1, CTG×1, TCC×1, TCT×1"
1312,nonsynonymous-only,0,1,16,3832,"I×3, V×3, L×2, A×1, D×1, E×1, F×1, M×1, R×1, S×1, T×1","GTT×2088, TTT×689, ATA×648, ATG×128, ATT×122, GAA×114, GTA×19, CTA×9, ATC×3, GTG×3, ACT×2, CTT×2, GCT×2, AGA×1, GAT×1, TCA×1"
1313,nonsynonymous-only,0,1,18,3135,"A×4, L×3, V×3, C×2, I×2, T×2, F×1, Y×1","GCC×908, ACA×593, ACC×572, GCG×570, GTG×208, CTT×124, CTA×82, GCT×28, TAC×22, GTT×10, TGT×6, TTT×4, GCA×2, GTC×2, ATC×1, ATT×1, TGC×1, TTG×1"
1314,nonsynonymous-only,0,1,16,6330,"S×4, G×2, K×2, N×2, C×1, D×1, E×1, R×1, T×1, Y×1","TGC×1563, GGA×1448, AAC×1439, AAG×927, AGT×593, AAA×219, GAA×46, AGA×30, GGC×30, ACA×25, AGC×3, TCA×3, AAT×1, GAT×1, TAC×1, TCT×1"
1315,nonsynonymous-only,0,1,15,6327,"G×3, K×2, R×2, D×1, E×1, I×1, M×1, N×1, Q×1, T×1, Y×1","AAA×2396, AGG×1459, AGA×908, AAG×786, ATG×593, TAT×82, GGA×40, CAA×28, AAT×18, GGT×7, GAT×6, ACA×1, ATA×1, GAA×1, GGG×1"
1316,nonsynonymous-only,0,1,15,3825,"F×2, L×2, A×1, E×1, G×1, I×1, K×1, M×1, Q×1, R×1, S×1, T×1, V×1","TTC×1560, CTG×830, GTG×649, ATT×593, ACA×84, ATG×72, GCG×18, GGG×7, AAA×2, AGG×2, TCC×2, TTG×2, TTT×2, CAA×1, GAG×1"
1317,nonsynonymous-only,0,1,12,3824,"V×3, I×2, L×2, C×1, E×1, M×1, P×1, S×1","CTT×2254, TGT×748, ATG×596, ATT×89, GTC×84, TTG×30, CCA×17, GAG×2, ATC×1, GTG×1, GTT×1, TCA×1"
1319,nonsynonymous-only,0,1,6,854,"D×2, H×1, K×1, N×1, S×1","AAC×716, AAA×82, GAC×50, GAT×3, AGC×2, CAT×1"
1320,nonsynonymous-only,0,1,9,1448,"L×2, R×2, C×1, I×1, V×1, W×1, Y×1","GTA×698, TGG×594, CTG×82, ATA×50, AGG×18, TTA×3, CGC×1, TAC×1, TGT×1"
1321,nonsynonymous-only,0,1,8,1447,"Y×2, C×1, D×1, H×1, N×1, P×1, R×1","TAC×748, GAT×535, CAT×85, AAT×58, CGT×17, TAT×2, CCT×1, TGT×1"
1322,nonsynonymous-only,0,1,2,83,"R×1, S×1","CGA×82, TCC×1"
1323,nonsynonymous-only,0,1,2,83,"G×1, S×1","AGT×82, GGT×1"
1325,nonsynonymous-only,0,1,5,852,"C×1, E×1, G×1, K×1, Y×1","GGA×830, GAA×18, TAC×2, AAA×1, TGC×1"
1326,nonsynonymous-only,0,1,7,927,"I×2, F×1, K×1, L×1, R×1, S×1","AGT×748, AGA×82, TTT×75, ATC×18, ATT×2, AAA×1, TTG×1"
1330,nonsynonymous-only,0,1,2,2,"A×1, L×1","CTG×1, GCA×1"
1331,nonsynonymous-only,0,1,15,3859,"H×2, L×2, N×2, Q×2, S×2, E×1, K×1, R×1, W×1, Y×1","AAC×1352, CAT×899, GAG×755, TAT×594, AAT×126, TCA×82, CAC×28, CAA×10, CGC×6, AAG×2, AGT×1, CAG×1, CTG×1, CTT×1, TGG×1"
1332,nonsynonymous-only,0,1,15,3970,"I×2, T×2, V×2, A×1, D×1, F×1, K×1, L×1, M×1, N×1, P×1, S×1","ACT×2070, ACC×900, ATT×751, ATC×83, AAT×75, AGT×28, GTT×19, GTC×17, GAT×8, AAA×7, CTT×7, TTT×2, ATG×1, CCC×1, GCT×1"
1333,nonsynonymous-only,0,1,16,3969,"L×3, C×2, F×2, I×2, Q×2, D×1, M×1, R×1, S×1, V×1","ATT×1485, TTA×908, CAG×748, TCT×593, TTC×83, CGT×73, GTC×29, ATA×18, CTA×18, TTT×6, ATG×2, TGC×2, CAA×1, GAT×1, TGT×1, TTG×1"
1334,nonsynonymous-only,0,1,17,3970,"I×3, T×3, V×3, S×2, C×1, E×1, K×1, L×1, M×1, R×1","GTG×1477, ATT×899, TCA×747, GTC×592, ATC×82, ACT×73, ATG×49, ATA×16, ACA×11, TTA×9, TGC×6, GTA×3, AAG×2, ACG×1, CGG×1, GAG×1, TCG×1"
1335,nonsynonymous-only,0,1,14,3949,"N×2, S×2, Y×2, C×1, F×1, G×1, H×1, I×1, K×1, P×1, V×1","AGT×1480, GGT×899, GTT×748, ATT×676, CAT×73, AAT×37, TAC×16, CCT×7, AAG×6, AAC×2, TAT×2, TCG×1, TGT×1, TTT×1"
1336,nonsynonymous-only,0,1,11,2407,"E×2, L×2, A×1, I×1, K×1, M×1, N×1, W×1, Y×1","GAA×1543, GAG×611, TAT×83, TTA×78, TTG×73, ATA×8, AAT×7, AAA×1, ATG×1, GCG×1, TGG×1"
1337,nonsynonymous-only,0,1,13,1484,"L×4, P×2, R×2, V×2, I×1, Q×1, Y×1","TTG×748, CGG×549, GTA×73, CGA×44, TTA×37, CAA×18, ATA×7, CCT×2, CTA×2, CCG×1, CTG×1, GTG×1, TAT×1"
1338,nonsynonymous-only,0,1,5,86,"I×2, D×1, N×1, T×1","ATA×82, AAC×1, ACC×1, ATT×1, GAT×1"
1339,nonsynonymous-only,0,1,4,85,"E×1, F×1, N×1, S×1","GAA×82, AAC×1, TCT×1, TTT×1"
1343,nonsynonymous-only,0,1,2,19,"N×1, T×1","ACC×18, AAT×1"
1344,nonsynonymous-only,0,1,2,19,"L×1, M×1","TTA×18, ATG×1"
1345,nonsynonymous-only,0,1,2,19,"E×1, N×1","GAA×18, AAC×1"
1346,nonsynonymous-only,0,1,4,27,"D×2, G×1, S×1","GAT×18, GGC×7, AGC×1, GAC×1"
1347,nonsynonymous-only,0,1,9,68,"K×2, N×2, D×1, E×1, F×1, I×1, V×1","AAG×30, GTT×18, ATT×7, AAT×6, GAA×3, AAA×1, AAC×1, GAT×1, TTC×1"
1348,nonsynonymous-only,0,1,6,90,"L×3, F×1, I×1, M×1","TTG×29, CTT×25, TTT×22, ATG×6, TTA×5, ATT×3"
1349,nonsynonymous-only,0,1,8,172,"S×2, E×1, N×1, P×1, R×1, T×1, Y×1","TCT×82, TCA×28, CCT×26, GAA×24, AAT×7, ACG×3, CGT×1, TAC×1"
1350,nonsynonymous-only,0,1,9,171,"D×2, A×1, I×1, K×1, L×1, N×1, P×1, R×1","AAA×86, GAT×28, GAC×22, ATT×18, CCT×7, CTA×6, AAT×2, AGA×1, GCT×1"
1351,nonsynonymous-only,0,1,6,131,"G×3, D×1, I×1, N×1","GGA×83, GGT×31, ATT×7, GGC×6, GAT×3, AAC×1"
1352,nonsynonymous-only,0,1,6,131,"L×4, F×1, Y×1","CTT×82, TAT×29, TTA×10, TTG×8, CTA×1, TTC×1"
1353,nonsynonymous-only,0,1,8,148,"D×2, N×2, A×1, E×1, G×1, K×1","GAT×84, GAC×28, AAT×18, AAA×7, AAC×6, GGC×3, GAA×1, GCT×1"
1354,nonsynonymous-only,0,1,4,148,"T×2, M×1, Q×1","ATG×82, ACA×57, ACT×8, CAA×1"
1355,nonsynonymous-only,0,1,7,130,"E×1, F×1, K×1, Q×1, S×1, V×1, Y×1","CAG×82, GTT×29, AAG×7, TTT×6, TCT×3, GAA×2, TAC×1"
1356,nonsynonymous-only,0,1,12,1665,"L×3, I×2, V×2, D×1, G×1, P×1, Q×1, S×1","GTA×899, CCA×593, GTT×85, TTA×44, ATA×29, GAC×7, CAG×2, CTA×2, ATC×1, CTG×1, GGA×1, TCA×1"
1357,nonsynonymous-only,0,1,12,3224,"G×2, K×2, Q×2, C×1, I×1, N×1, S×1, W×1, Y×1","AAG×2969, GGA×82, AAA×68, CAA×46, TGT×22, CAG×17, TGG×7, TCA×6, ATA×3, TAT×2, AAC×1, GGG×1"
1358,nonsynonymous-only,0,1,11,1683,"D×2, E×2, K×2, G×1, Q×1, S×1, V×1, W×1","GAG×930, AAA×593, GAA×106, TGG×22, GTT×17, GAT×6, GAC×3, GGA×3, AAG×1, AGT×1, CAA×1"
1359,nonsynonymous-only,0,1,2,594,"L×1, S×1","TCG×593, CTT×1"
1360,nonsynonymous-only,0,1,13,1682,"L×3, I×2, V×2, A×1, E×1, M×1, Q×1, S×1, T×1","TTA×916, GTA×593, CTG×91, GTG×29, GAG×22, CAG×16, ATT×6, ATA×3, ATG×2, ACA×1, CTA×1, GCG×1, TCA×1"
1361,nonsynonymous-only,0,1,13,1679,"S×3, F×2, G×2, R×2, V×2, I×1, T×1","TCT×916, TCC×525, GTG×83, TTC×68, GTT×46, AGA×22, TTT×8, CGT×6, ACA×1, ATC×1, GGA×1, GGT×1, TCA×1"
1362,nonsynonymous-only,0,1,9,1062,"L×3, Q×2, F×1, K×1, V×1, Y×1","GTC×899, CAA×110, AAA×23, TAC×18, CTA×6, CAG×2, TTA×2, TTC×1, TTG×1"
1363,nonsynonymous-only,0,1,14,2240,"I×2, L×2, N×2, S×2, F×1, G×1, K×1, P×1, R×1, T×1","ATT×1506, AAG×593, ACC×82, AGA×22, AAT×15, CTG×7, ATA×6, AAC×3, AGC×1, AGT×1, CCC×1, CTA×1, GGG×1, TTT×1"
1364,nonsynonymous-only,0,1,13,2240,"S×3, F×2, K×2, R×2, C×1, H×1, L×1, Y×1","TTT×1486, CGT×577, TCT×83, TAT×28, TTC×21, CTG×18, CAC×13, AAA×7, CGC×3, AAG×1, AGT×1, TCC×1, TGT×1"
1365,nonsynonymous-only,0,1,7,1650,"L×3, Q×1, T×1, V×1, W×1","CTG×1615, CTC×22, ACG×7, TGG×3, CAG×1, GTG×1, TTG×1"
1366,nonsynonymous-only,0,1,8,2121,"V×3, A×2, E×1, G×1, M×1","GTG×1468, GAG×591, GGG×22, GTT×22, GCG×8, GCA×4, ATG×3, GTA×3"
1373,nonsynonymous-only,0,1,4,26,"I×2, A×1, T×1","ACA×17, ATT×7, ATA×1, GCC×1"
1374,nonsynonymous-only,0,1,2,26,"C×1, Y×1","TGC×18, TAT×8"
1378,nonsynonymous-only,0,1,2,19,"A×1, E×1","GAA×18, GCC×1"
1379,nonsynonymous-only,0,1,5,43,"V×3, A×1, R×1","GTA×21, AGA×18, GTT×2, GCA×1, GTG×1"
1380,nonsynonymous-only,0,1,8,1030,"E×2, L×2, K×1, P×1, Q×1, V×1","GAG×899, GAA×74, CAG×22, AAA×18, GTG×14, CCT×1, CTG×1, TTG×1"
1381,nonsynonymous-only,0,1,20,7022,"V×4, A×3, D×2, E×2, G×2, K×1, M×1, N×1, Q×1, R×1, S×1, T×1","GAA×1645, GCG×1194, CGA×1188, GAG×1048, GTA×929, GTG×797, AAA×86, GGA×40, GTT×20, ACG×18, GAC×18, ATG×15, AAC×7, GCC×6, CAA×3, GTC×3, GAT×2, GCA×1, GGC×1, TCA×1"
1382,nonsynonymous-only,0,1,13,7468,"K×2, N×2, R×2, S×2, E×1, G×1, I×1, M×1, V×1","AAA×4797, AAG×1207, AGA×685, GTC×513, ATA×86, AAC×63, AGC×58, AAT×25, GAA×22, AGG×4, GGA×4, ATG×3, AGT×1"
1383,nonsynonymous-only,0,1,17,7210,"D×2, I×2, K×2, N×2, R×2, T×2, F×1, G×1, H×1, S×1, V×1","AAC×4171, AGG×1563, ATC×766, AGA×336, GAC×132, AAT×73, AGC×72, GTC×28, AAG×23, ACC×22, ATT×8, GGC×7, AAA×2, ACT×2, GAT×2, TTC×2, CAC×1"
1384,nonsynonymous-only,0,1,14,7210,"T×3, K×2, N×2, A×1, D×1, E×1, I×1, R×1, S×1, V×1","AAC×2501, ACG×2311, AAG×1211, GCC×513, AGA×400, ACA×113, GAT×84, AGC×32, AAA×16, GTC×15, AAT×7, ATT×3, GAG×3, ACT×1"
1385,nonsynonymous-only,0,1,20,6000,"G×3, R×3, V×3, D×2, K×2, L×2, A×1, E×1, N×1, Q×1, W×1","GAA×1612, GGA×1500, GTA×901, GAC×748, AAG×532, AAA×342, CGA×84, GTT×83, AAT×73, GCT×40, CAA×31, AGG×27, GTG×18, CGG×2, TTA×2, CTT×1, GAT×1, GGC×1, GGG×1, TGG×1"
1386,nonsynonymous-only,0,1,11,688,"A×2, S×2, C×1, D×1, H×1, I×1, N×1, P×1, V×1","CCT×513, AAT×84, AGT×73, GAT×7, GTT×3, GCC×2, TCT×2, ATT×1, CAT×1, GCT×1, TGT×1"
1387,nonsynonymous-only,0,1,6,172,"C×1, E×1, F×1, L×1, S×1, Y×1","TAT×87, TGC×73, TCA×7, TTC×2, TTG×2, GAG×1"
1388,nonsynonymous-only,0,1,5,99,"K×1, L×1, M×1, N×1, S×1","ATG×84, AAA×9, AAT×3, CTG×2, AGC×1"
1390,nonsynonymous-only,0,1,3,86,"M×1, Q×1, V×1","GTT×84, ATG×1, CAG×1"
1391,nonsynonymous-only,0,1,4,92,"A×1, F×1, I×1, N×1","AAC×84, ATT×4, TTT×3, GCT×1"
1392,nonsynonymous-only,0,1,26,6755,"L×3, S×3, E×2, F×2, G×2, H×2, V×2, A×1, C×1, I×1, K×1, M×1, N×1, P×1, R×1, T×1, Y×1","GTT×1562, TGC×1504, GCG×1187, AGC×975, CAC×748, AAG×513, TTT×85, GGC×82, ATC×28, GAG×22, TAC×18, TTC×9, CTC×7, GAA×3, AAC×1, ACT×1, AGG×1, AGT×1, ATG×1, CAT×1, CCT×1, CTA×1, GGG×1, GTC×1, TCA×1, TTG×1"
1393,nonsynonymous-only,0,1,15,7346,"L×4, C×1, F×1, H×1, N×1, P×1, Q×1, R×1, S×1, T×1, V×1, Y×1","TTT×3578, TAT×2371, CTA×1187, CTT×85, ACT×73, AAT×35, AGT×7, CAA×3, CAT×1, CCT×1, CGT×1, CTG×1, GTA×1, TGC×1, TTG×1"
1394,nonsynonymous-only,0,1,19,7409,"S×3, G×2, H×2, L×2, R×2, Y×2, C×1, I×1, K×1, N×1, Q×1, W×1","TAC×2309, TAT×1563, CAC×953, TGC×947, AGA×747, ATT×513, AGC×115, AAT×84, GGC×82, TCC×53, CAG×15, TCA×10, CGC×6, CTT×6, GGA×2, AAA×1, CAT×1, TGG×1, TTA×1"
1395,nonsynonymous-only,0,1,19,7323,"L×3, S×3, A×2, K×2, T×2, F×1, I×1, M×1, N×1, P×1, Q×1, Y×1","TTA×1564, ACG×1406, TCA×1179, CAG×922, ACA×748, CCG×592, AAT×514, GCG×154, CTA×84, TCT×53, AAG×50, TCG×30, TTT×18, ATG×3, TAT×2, AAA×1, ATC×1, CTG×1, GCT×1"
1396,nonsynonymous-only,0,1,25,7419,"L×4, V×3, C×2, D×2, G×2, I×2, K×2, N×2, S×2, E×1, H×1, P×1, T×1","GAA×1563, CTT×1481, GTC×1188, AGC×952, ACT×753, GGT×577, GGC×518, AGT×85, CTC×82, CAC×73, TTG×63, AAT×21, ATT×17, TGT×16, AAC×8, AAG×7, CCC×3, TGC×3, AAA×2, GAC×2, ATC×1, CTA×1, GAT×1, GTG×1, GTT×1"
1397,nonsynonymous-only,0,1,21,7339,"S×4, H×2, R×2, V×2, Y×2, C×1, D×1, F×1, G×1, I×1, L×1, N×1, P×1, Q×1","TAT×1599, AGC×1461, ATT×1191, AAT×899, TCA×748, GTT×656, CAC×513, TCT×88, GAT×84, TTT×60, AGT×17, AGG×7, CAT×6, CTT×3, CAA×1, CCT×1, CGT×1, GGA×1, GTG×1, TAC×1, TGC×1"
1398,nonsynonymous-only,0,1,23,7314,"L×4, A×3, I×2, K×2, N×2, T×2, D×1, E×1, F×1, G×1, H×1, R×1, S×1, Y×1","GAA×1563, ATT×1487, GGA×1188, TTT×1007, AAC×748, TAT×513, CGA×492, TTG×85, TTA×73, AAT×63, GCT×29, GAT×22, CTT×20, ATA×7, CAC×6, AAG×3, AGT×2, AAA×1, ACA×1, ACT×1, CTA×1, GCC×1, GCG×1"
1399,nonsynonymous-only,0,1,12,4845,"F×2, Y×2, A×1, C×1, H×1, I×1, K×1, N×1, S×1, V×1","TAC×1478, AAT×1188, TTT×747, TGC×593, CAC×513, TAT×91, AAG×84, ATC×82, TTC×64, GCG×2, GTT×2, AGC×1"
1400,nonsynonymous-only,0,1,5,933,"I×2, E×1, G×1, S×1","GAA×748, AGT×84, ATC×82, ATT×18, GGC×1"
1401,nonsynonymous-only,0,1,4,848,"C×1, P×1, S×1, V×1","TCC×633, CCC×115, TGC×82, GTC×18"
1402,nonsynonymous-only,0,1,3,848,"I×1, L×1, R×1","AGA×830, ATT×15, CTT×3"
1406,nonsynonymous-only,0,1,2,27,"H×1, Y×1","TAT×20, CAT×7"
1407,nonsynonymous-only,0,1,2,27,"C×1, Y×1","TGT×20, TAT×7"
1409,nonsynonymous-only,0,1,8,4559,"K×2, N×2, S×2, D×1, I×1","AAT×2492, AAG×1540, AAC×519, AAA×2, AGC×2, ATC×2, AGT×1, GAT×1"
1410,nonsynonymous-only,0,1,4,831,"H×2, C×1, Y×1","CAT×659, TAT×89, TGT×81, CAC×2"
1412,nonsynonymous-only,0,1,15,1939,"D×2, N×2, E×1, F×1, G×1, I×1, K×1, L×1, P×1, R×1, S×1, T×1, V×1","GAT×926, GGT×755, AGT×85, GTT×82, CCA×34, AGA×25, CTT×18, AAA×6, ATT×2, AAC×1, AAT×1, ACA×1, GAA×1, GAC×1, TTT×1"
1413,nonsynonymous-only,0,1,5,917,"T×3, D×1, V×1","ACC×831, ACT×82, GTT×2, ACG×1, GAC×1"
1414,nonsynonymous-only,0,1,17,4443,"G×3, R×3, E×2, K×2, Q×2, T×2, D×1, F×1, S×1","AGA×2074, AGG×1258, AAA×924, GAG×84, GGC×30, CAG×28, TTC×23, CGA×7, AGT×4, CAA×3, GAC×2, AAG×1, ACA×1, ACC×1, GAA×1, GGA×1, GGG×1"
1415,nonsynonymous-only,0,1,3,167,"C×1, R×1, Y×1","TGC×84, CGA×82, TAC×1"
1416,nonsynonymous-only,0,1,2,85,"L×1, N×1","AAT×84, CTC×1"
1432,nonsynonymous-only,0,1,19,5550,"I×3, L×3, G×2, S×2, T×2, V×2, D×1, F×1, M×1, N×1, R×1","ATC×1255, ATG×1182, ATT×1170, ACT×720, TTA×513, GAT×335, ATA×91, ACC×82, GGT×74, TCC×63, GTC×17, TTT×16, GTT×15, AGG×7, AAT×3, CTA×3, TTG×2, AGC×1, GGG×1"
1433,nonsynonymous-only,0,1,22,8552,"L×5, V×3, D×2, F×2, N×2, A×1, C×1, E×1, I×1, P×1, S×1, T×1, Y×1","GTC×1563, CTT×1479, GTT×1317, GAC×1181, TTT×769, TTC×692, GCT×593, TTA×541, TCT×102, AAC×84, GAA×74, ACA×40, CCA×30, TAT×28, CTA×22, ATT×12, GAT×8, CTC×6, GTA×4, AAT×3, TTG×3, TGT×1"
1434,nonsynonymous-only,0,1,15,8552,"I×3, L×3, S×2, V×2, F×1, K×1, M×1, N×1, T×1","ATT×4946, ACT×1182, AAC×774, ATC×749, CTT×513, ATA×218, GTT×54, AAA×40, ATG×32, TTG×21, AGT×12, TTA×6, TTT×3, GTA×1, TCT×1"
1435,nonsynonymous-only,0,1,19,8534,"L×5, I×3, S×2, E×1, F×1, M×1, N×1, P×1, R×1, T×1, V×1, W×1","TTA×3789, ATT×1567, ATG×900, CTG×748, ACC×690, TCT×358, TTT×163, TTG×104, AAC×84, CTT×81, GTA×18, CTA×12, CCT×10, ATA×3, GAA×3, ATC×1, CGT×1, TCA×1, TGG×1"
1436,nonsynonymous-only,0,1,14,8486,"G×3, D×2, E×2, N×2, F×1, H×1, R×1, S×1, V×1","GAT×3053, AAC×2255, GGT×1251, GAC×867, GGC×530, TTT×336, AAT×143, AGA×20, GGA×20, GAG×4, GAA×3, GTT×2, AGC×1, CAC×1"
1437,nonsynonymous-only,0,1,18,7734,"G×3, R×3, E×2, S×2, Y×2, I×1, K×1, L×1, N×1, Q×1, V×1","GAG×1680, AGG×1563, GAA×1410, AAA×710, GGG×699, GTT×593, GGA×561, TAT×281, AGC×83, CAA×70, TAC×55, TTA×20, AGA×2, AGT×2, CGA×2, AAT×1, ATA×1, GGC×1"
1438,nonsynonymous-only,0,1,22,6090,"A×4, G×2, I×2, P×2, S×2, V×2, D×1, E×1, F×1, H×1, L×1, Q×1, R×1, T×1","GCG×1540, GCC×1197, GCA×1189, CCA×700, CAT×513, GCT×326, GTA×299, GAA×106, TTA×82, ACA×40, CAA×30, ATC×22, GTG×21, TCA×9, AGT×7, ATA×2, TTC×2, AGA×1, CCT×1, GAT×1, GGG×1, GGT×1"
1440,nonsynonymous-only,0,1,2,2,"L×1, S×1","CTT×1, TCT×1"
1441,nonsynonymous-only,0,1,3,3,"E×1, T×1, V×1","ACC×1, GAA×1, GTA×1"
1442,nonsynonymous-only,0,1,3,3,"D×1, G×1, L×1","CTA×1, GAC×1, GGG×1"
1443,nonsynonymous-only,0,1,6,400,"D×1, E×1, G×1, K×1, N×1, Y×1","AAA×281, AAT×56, GGG×40, GAC×21, GAA×1, TAT×1"
1444,nonsynonymous-only,0,1,17,5189,"C×2, F×2, Q×2, S×2, Y×2, A×1, D×1, H×1, I×1, L×1, R×1, W×1","TTC×1564, TGC×1409, TAC×1227, TGG×593, GAT×282, TGT×55, TAT×22, TTT×18, CAG×7, TCG×3, AGC×2, CGC×2, ATC×1, CAA×1, CAC×1, CTA×1, GCA×1"
1445,nonsynonymous-only,0,1,20,5824,"V×3, K×2, Q×2, R×2, C×1, E×1, F×1, G×1, H×1, I×1, L×1, N×1, T×1, W×1, Y×1","TGC×1659, GGC×1188, ATC×899, AAA×710, TAT×514, CGC×333, GAA×281, CAA×82, CAT×80, AAG×28, TTC×21, GTG×15, AGG×3, GTT×3, AAT×2, TGG×2, ACA×1, CAG×1, GTC×1, TTG×1"
1446,nonsynonymous-only,0,1,13,5833,"L×3, A×1, C×1, F×1, H×1, I×1, N×1, P×1, R×1, S×1, Y×1","ATT×1519, TTA×1188, TAT×950, TTT×768, TCT×599, CTT×460, TGT×309, CGT×17, AAC×15, CAT×3, CCT×2, CTA×2, GCA×1"
1447,nonsynonymous-only,0,1,6,29,"S×2, Y×2, F×1, N×1","TTC×18, AAC×6, TCG×2, AGC×1, TAC×1, TAT×1"
1448,nonsynonymous-only,0,1,3,29,"K×2, Y×1","AAA×22, AAG×5, TAT×2"
1449,nonsynonymous-only,0,1,6,45,"F×1, K×1, N×1, P×1, S×1, V×1","TTC×19, AAT×17, TCA×6, AAA×1, CCT×1, GTC×1"
1450,nonsynonymous-only,0,1,2,3,"C×1, Y×1","TAT×2, TGT×1"
1454,nonsynonymous-only,0,1,2,1189,"I×1, V×1","GTA×1188, ATC×1"
1455,nonsynonymous-only,0,1,2,1189,"E×1, R×1","CGG×1188, GAA×1"
1456,nonsynonymous-only,0,1,13,2066,"L×3, K×2, R×2, T×2, G×1, I×1, M×1, W×1","CGA×1182, GGA×691, ATG×82, AGA×41, TGG×24, TTA×20, ACA×18, AAG×2, ATA×2, AAA×1, ACG×1, CTT×1, TTG×1"
1457,nonsynonymous-only,0,1,15,5766,"C×2, F×2, I×2, L×2, S×2, Y×2, H×1, N×1, R×1","CGA×1482, TCC×1442, TGT×1343, CTT×1250, TTT×91, AAT×82, CAC×30, TCT×17, TAT×9, TTC×8, ATT×6, TAC×3, ATC×1, TGC×1, TTA×1"
1458,nonsynonymous-only,0,1,18,4877,"L×2, Q×2, S×2, V×2, A×1, C×1, D×1, E×1, G×1, H×1, K×1, M×1, P×1, R×1","AAA×1718, GCC×1187, AGA×716, TGT×592, CAA×561, GAA×42, TTG×22, CAG×18, TTA×7, GAT×6, ATG×1, CAT×1, CCA×1, GGA×1, GTA×1, GTC×1, TCC×1, TCT×1"
1459,nonsynonymous-only,0,1,14,4981,"D×2, K×2, N×2, E×1, H×1, I×1, Q×1, R×1, T×1, V×1, Y×1","GAC×2710, AAT×754, GAT×590, AAC×548, AAA×191, GAA×83, CAA×35, CAT×33, ATC×30, AGA×3, AAG×1, ACA×1, GTC×1, TAC×1"
1460,nonsynonymous-only,0,1,14,2068,"R×4, C×1, F×1, K×1, L×1, M×1, N×1, Q×1, V×1, W×1, Y×1","CGA×1478, TGC×281, TGG×118, AAC×73, CGT×41, AGA×27, ATG×17, TAC×15, CAG×8, GTA×6, AAG×1, CGC×1, TTA×1, TTC×1"
1461,nonsynonymous-only,0,1,17,5048,"R×3, K×2, Y×2, A×1, D×1, E×1, I×1, M×1, N×1, Q×1, S×1, T×1, V×1","AGA×1484, AAA×1297, GTA×899, AAG×818, GAA×281, AAT×85, ATT×73, ACA×29, CAA×24, GCA×21, ATG×17, AGG×7, TCA×7, GAT×2, TAT×2, CGT×1, TAC×1"
1462,nonsynonymous-only,0,1,11,1609,"N×2, E×1, H×1, K×1, L×1, R×1, S×1, T×1, V×1, Y×1","AGC×1186, GAA×281, TTA×55, AAA×40, GTG×20, TAT×17, AAC×3, AAT×2, ACT×2, AGA×2, CAC×1"
1467,nonsynonymous-only,0,1,4,88,"L×2, P×1, Q×1","CAG×84, TTA×2, CCT×1, CTA×1"
1468,nonsynonymous-only,0,1,5,618,"L×2, F×1, P×1, S×1","CCA×514, TCA×84, TTG×18, CTA×1, TTT×1"
1469,nonsynonymous-only,0,1,16,5110,"G×2, H×2, N×2, S×2, Y×2, A×1, D×1, F×1, K×1, L×1, T×1","AGT×1596, AGC×1204, GGT×1190, ACT×928, TAC×79, CAT×40, AAA×22, AAT×17, GCT×17, TAT×8, AAC×2, CAC×2, TTT×2, CTT×1, GAT×1, GGG×1"
1470,nonsynonymous-only,0,1,20,5658,"L×3, S×3, F×2, Y×2, D×1, E×1, G×1, H×1, M×1, N×1, P×1, R×1, T×1, V×1","GTT×1635, TCA×1189, ACA×899, AAT×691, CTT×542, AGT×258, AGC×256, TTT×74, TAT×34, TTA×24, TAC×22, ATG×17, GAA×7, CCA×2, GAT×2, TTG×2, AGA×1, CAC×1, GGA×1, TTC×1"
1471,nonsynonymous-only,0,1,13,5141,"N×2, T×2, A×1, D×1, E×1, G×1, I×1, K×1, R×1, S×1, Y×1","ACA×1493, AAT×1188, AAA×904, AGA×892, TCT×593, AAC×29, TAT×22, ATA×8, GAA×6, ACG×3, GAC×1, GCA×1, GGA×1"
1472,nonsynonymous-only,0,1,21,7227,"L×4, C×2, N×2, R×2, S×2, A×1, D×1, F×1, G×1, I×1, K×1, V×1, W×1, Y×1","TGC×1726, TAT×1572, AGA×1478, GGC×902, CTC×689, CGC×593, AGC×85, GCT×73, AAT×40, CTA×24, ATT×19, AAC×7, AGT×6, TGT×4, AAG×2, GAT×2, CTT×1, GTC×1, TGG×1, TTG×1, TTT×1"
1473,nonsynonymous-only,0,1,5,599,"S×2, A×1, G×1, T×1","ACT×511, AGT×84, GCT×2, AGC×1, GGG×1"
1476,nonsynonymous-only,0,1,21,8454,"S×4, F×2, I×2, N×2, A×1, C×1, D×1, E×1, G×1, H×1, L×1, M×1, T×1, V×1, Y×1","TAT×1563, AGT×1561, GCC×1188, AAC×1106, TTT×989, GAC×748, AAT×693, ATT×326, GTT×133, GGT×84, ATC×22, TCA×18, TTC×9, TCT×6, ACT×2, ATG×1, CAT×1, GAG×1, TCC×1, TGT×1, TTA×1"
1477,nonsynonymous-only,0,1,25,7029,"S×3, V×3, A×2, F×2, I×2, K×2, R×2, E×1, G×1, H×1, L×1, N×1, P×1, Q×1, T×1, Y×1","TTT×1563, ACA×1481, GCT×1176, TCA×900, CCG×691, GGA×599, CAA×282, CAT×84, AGA×59, AAG×42, TTC×30, AAA×28, TTA×22, AAC×20, GAA×19, GTT×10, ATT×7, CGA×7, GTC×2, TCT×2, AGC×1, ATA×1, GCA×1, GTA×1, TAC×1"
1478,nonsynonymous-only,0,1,17,7789,"I×2, K×2, T×2, V×2, Y×2, A×1, D×1, E×1, G×1, L×1, Q×1, R×1","AAA×3776, ATA×1648, GAT×1565, ACA×541, GAA×111, GGA×40, CAA×28, AGA×26, GTA×17, TAT×15, AAG×12, ATC×3, TAC×3, ACT×1, CTA×1, GCA×1, GTG×1"
1479,nonsynonymous-only,0,1,14,7736,"I×3, A×2, T×2, V×2, F×1, G×1, M×1, S×1, Y×1","ATT×3840, TTT×2498, GTT×695, ACG×513, ATA×77, GGT×40, ATG×37, ATC×15, TAT×7, GTA×6, TCT×5, ACT×1, GCC×1, GCT×1"
1480,nonsynonymous-only,0,1,13,3834,"A×2, I×2, E×1, F×1, G×1, K×1, L×1, M×1, S×1, T×1, V×1","GCT×1563, ACA×1186, ATT×971, AGT×84, GTT×20, AAA×3, ATA×1, ATG×1, CTT×1, GAA×1, GCA×1, GGC×1, TTT×1"
1481,nonsynonymous-only,0,1,2,2,"I×1, P×1","ATT×1, CCG×1"
1482,nonsynonymous-only,0,1,9,2489,"I×2, L×2, Y×2, F×1, N×1, V×1","CTT×1564, ATT×514, TTT×281, ATA×86, TAT×21, TAC×18, AAT×3, CTA×1, GTT×1"
1483,nonsynonymous-only,0,1,15,1991,"E×2, F×2, K×2, C×1, D×1, G×1, I×1, P×1, Q×1, R×1, S×1, V×1","GAA×1499, CAA×288, AGG×83, AAA×40, ATC×22, GGA×20, TCG×18, TGT×7, TTC×6, AAG×2, GAG×2, CCA×1, GAT×1, GTG×1, TTT×1"
1484,nonsynonymous-only,0,1,13,3646,"E×2, G×2, R×2, S×2, C×1, D×1, K×1, Q×1, Y×1","GGA×1581, AGA×1103, GAA×622, TCA×280, TAC×26, CAG×22, AAA×5, GGG×2, AGT×1, CGA×1, GAC×1, GAG×1, TGT×1"
1485,nonsynonymous-only,0,1,14,3570,"G×2, D×1, E×1, F×1, H×1, I×1, K×1, L×1, P×1, Q×1, S×1, T×1, Y×1","ACA×1563, AAA×1099, GGG×508, GAA×280, AGT×73, ATA×22, GGA×9, CAA×4, TTA×4, GAC×3, CCG×2, CAT×1, TAT×1, TTC×1"
1486,nonsynonymous-only,0,1,18,4319,"R×3, C×2, D×2, N×2, F×1, G×1, I×1, K×1, L×1, S×1, V×1, W×1, Y×1","TGC×1569, AAC×1525, CTC×692, AAT×312, AGG×73, ATT×42, GTT×42, TGG×23, TGT×18, AGC×8, GAC×4, AGA×3, AAA×2, GGG×2, CGT×1, GAT×1, TAT×1, TTC×1"
1487,nonsynonymous-only,0,1,21,4319,"L×3, D×2, H×2, N×2, T×2, Y×2, C×1, F×1, G×1, I×1, Q×1, R×1, S×1, W×1","AGT×1673, AAC×1563, TTA×513, ATT×288, CAA×84, GAT×75, TGT×46, CAT×22, CTT×15, TAT×14, TAC×7, ACT×3, CGT×3, CTA×3, TTT×3, GAC×2, AAT×1, ACC×1, CAC×1, GGT×1, TGG×1"
1488,nonsynonymous-only,0,1,16,4610,"L×2, N×2, S×2, T×2, A×1, C×1, D×1, G×1, H×1, I×1, R×1, Y×1","TAT×1696, AGT×1615, GAT×585, ACT×520, AAT×132, GGT×23, CTA×18, CAT×7, ATT×4, TTA×3, TGT×2, AAC×1, ACA×1, AGG×1, GCT×1, TCT×1"
1489,nonsynonymous-only,0,1,19,4566,"L×3, P×3, C×2, F×2, D×1, G×1, N×1, Q×1, R×1, S×1, T×1, V×1, Y×1","CCC×1562, TAT×1032, CCA×638, TGT×543, CAA×535, CGT×82, GAT×73, CTA×53, TTC×19, CTT×8, TGC×6, TCT×4, AAC×3, GGT×2, TTG×2, ACC×1, CCT×1, GTA×1, TTT×1"
1490,nonsynonymous-only,0,1,5,6,"C×2, K×1, S×1, Y×1","TAT×2, AAA×1, AGC×1, TGC×1, TGT×1"
1491,nonsynonymous-only,0,1,4,5,"E×1, M×1, N×1, P×1","CCT×2, AAT×1, ATG×1, GAA×1"
1492,nonsynonymous-only,0,1,3,3,"D×1, P×1, V×1","CCC×1, GAC×1, GTC×1"
1494,nonsynonymous-only,0,1,5,517,"D×2, L×1, N×1, T×1","GAT×363, AAT×150, TTG×2, ACT×1, GAC×1"
1495,nonsynonymous-only,0,1,11,2100,"D×2, N×2, A×1, G×1, H×1, R×1, S×1, V×1, Y×1","CAT×1183, GAT×518, AGC×280, GTT×84, AAT×20, TAT×6, CGT×3, GGT×3, AAC×1, GAC×1, GCC×1"
1496,nonsynonymous-only,0,1,18,6112,"S×4, C×2, F×2, N×2, Y×2, D×1, H×1, I×1, K×1, L×1, R×1","AGT×2155, ATT×1207, AGC×982, CAC×691, TAC×534, AAT×281, TTC×92, TCC×84, TGC×31, AGA×22, CTC×13, TTT×7, AAA×3, GAC×3, TCA×3, AAC×2, TAT×1, TGT×1"
1497,nonsynonymous-only,0,1,13,7581,"L×3, P×2, T×2, A×1, C×1, F×1, I×1, S×1, V×1","CTA×2257, CCA×2076, TCA×1284, TTG×1186, GCT×527, ACA×135, ACT×66, TTA×25, TTC×19, CCT×2, GTA×2, ATT×1, TGC×1"
1498,nonsynonymous-only,0,1,19,5732,"L×3, S×3, C×2, E×2, Q×2, Y×2, A×1, K×1, P×1, R×1, W×1","TCG×1494, CAA×1292, CAG×698, TGC×685, CTA×603, TAC×502, GAA×300, AAA×85, TCA×22, CCA×17, TTA×15, CTC×5, CGA×4, TAT×4, TGG×2, GAG×1, GCT×1, TCT×1, TGT×1"
1499,nonsynonymous-only,0,1,14,2893,"L×2, S×2, T×2, A×1, F×1, I×1, K×1, N×1, P×1, V×1, Y×1","AAT×1701, ATT×904, TCC×84, TCT×84, TTT×40, ACT×36, GTT×18, TTA×16, AAA×4, CCT×2, ACG×1, CTC×1, GCT×1, TAT×1"
1500,nonsynonymous-only,0,1,2,2,"A×1, L×1","GCA×1, TTG×1"
1502,nonsynonymous-only,0,1,4,22,"A×1, I×1, N×1, V×1","GTT×15, ATT×3, GCT×3, AAT×1"
1503,nonsynonymous-only,0,1,3,21,"A×1, F×1, V×1","GCT×18, TTT×2, GTT×1"
1504,nonsynonymous-only,0,1,4,7,"G×1, H×1, K×1, Q×1","CAG×3, CAT×2, AAA×1, GGA×1"
1505,nonsynonymous-only,0,1,4,25,"I×2, F×1, S×1","TCT×18, ATT×4, TTT×2, ATA×1"
1506,nonsynonymous-only,0,1,3,24,"F×2, Y×1","TTT×21, TTC×2, TAC×1"
1507,nonsynonymous-only,0,1,3,21,"K×1, N×1, Y×1","AAG×18, TAC×2, AAC×1"
1510,nonsynonymous-only,0,1,11,3724,"I×2, V×2, A×1, D×1, E×1, G×1, K×1, P×1, R×1","GTT×1480, ATC×983, CCT×593, GAA×513, ATT×73, AGA×37, AAA×20, GCT×15, GTC×8, GAC×1, GGT×1"
1511,nonsynonymous-only,0,1,14,3754,"D×2, E×2, N×2, Y×2, H×1, I×1, K×1, Q×1, S×1, V×1","GAC×1980, CAG×899, GAT×514, GAA×127, AAT×96, CAC×82, AAC×28, AAA×15, TAC×6, GTT×2, TAT×2, AGT×1, ATC×1, GAG×1"
1512,nonsynonymous-only,0,1,11,3189,"A×2, C×2, N×2, H×1, L×1, R×1, S×1, Y×1","TAT×1597, CAT×902, GCT×511, AGT×98, AAT×30, TGC×22, TGT×22, AAC×2, CGT×2, GCC×2, TTG×1"
1513,nonsynonymous-only,0,1,12,2737,"F×2, L×2, S×2, C×1, K×1, N×1, Q×1, R×1, Y×1","TTT×2072, TTA×531, AAT×82, TCC×17, TCT×17, AGA×6, AAA×5, TAT×2, TGT×2, CAA×1, TTC×1, TTG×1"
1514,nonsynonymous-only,0,1,10,3659,"G×2, I×2, K×2, R×2, N×1, S×1","GGT×1478, ATC×899, AGA×616, CGA×513, AAG×76, AAA×54, ATA×18, AGT×2, GGA×2, AAC×1"
1515,nonsynonymous-only,0,1,16,2286,"R×3, C×2, F×2, Y×2, G×1, I×1, K×1, L×1, T×1, V×1, W×1","TGT×900, AAA×593, TAT×531, TTC×82, GTT×74, TGC×38, TTT×23, GGA×17, ACA×15, AGA×3, AGG×3, TGG×2, TTA×2, ATT×1, CGC×1, TAC×1"
1516,nonsynonymous-only,0,1,12,2584,"G×2, R×2, C×1, F×1, I×1, K×1, L×1, N×1, T×1, V×1","AAA×1563, AGA×901, TTC×90, ATA×19, GGA×2, GGC×2, TTA×2, AAT×1, ACG×1, CGC×1, GTT×1, TGT×1"
1517,nonsynonymous-only,0,1,11,1782,"L×2, Y×2, C×1, F×1, P×1, Q×1, R×1, S×1, V×1","CAA×1564, TAT×82, AGA×73, TCA×28, TTA×23, TTT×5, GTC×2, TAC×2, CCA×1, CTT×1, TGT×1"
1518,nonsynonymous-only,0,1,5,2346,"E×1, H×1, I×1, N×1, T×1","AAT×1567, ATT×692, CAT×84, ACT×2, GAA×1"
1519,nonsynonymous-only,0,1,3,87,"L×2, F×1","TTA×84, TTT×2, CTT×1"
1520,nonsynonymous-only,0,1,3,86,"C×1, L×1, Y×1","TGT×82, CTT×2, TAT×2"
1521,nonsynonymous-only,0,1,2,84,"C×1, P×1","CCT×82, TGT×2"
1522,nonsynonymous-only,0,1,2,15,"L×1, R×1","TTA×14, AGA×1"
1523,nonsynonymous-only,0,1,4,72,"C×1, K×1, S×1, T×1","ACA×68, AAA×2, AGC×1, TGC×1"
1524,nonsynonymous-only,0,1,6,558,"D×1, K×1, Q×1, R×1, W×1, Y×1","CAA×485, TGG×68, AGG×2, AAA×1, GAC×1, TAT×1"
1525,nonsynonymous-only,0,1,11,2797,"S×3, R×2, C×1, E×1, F×1, H×1, T×1, W×1","CGT×1563, TGC×691, TCG×513, AGA×20, AGT×3, GAA×2, ACC×1, CAT×1, TCC×1, TGG×1, TTT×1"
1526,nonsynonymous-only,0,1,16,5374,"A×2, N×2, C×1, D×1, F×1, H×1, I×1, K×1, L×1, P×1, S×1, T×1, V×1, Y×1","GAC×1583, ACT×1476, CAT×690, TGT×593, TTT×513, GCC×280, TAT×74, AGT×72, AAG×63, CCT×15, ATT×6, AAT×3, AAC×2, GCT×2, CTT×1, GTT×1"
1527,nonsynonymous-only,0,1,13,6325,"C×2, N×2, S×2, Y×2, D×1, F×1, H×1, I×1, K×1","GAT×1563, CAT×1480, TCT×900, AAT×813, TAT×695, TGC×609, TGT×97, TTT×91, AGT×65, ATT×6, TAC×3, AAC×2, AAA×1"
1528,nonsynonymous-only,0,1,14,6327,"F×2, H×2, R×2, V×2, C×1, I×1, L×1, P×1, S×1, W×1","GTT×1563, CGA×1473, TGT×1456, GTC×711, CAC×596, TTC×280, ATT×81, CGG×73, TGG×66, TTT×18, CTT×5, AGT×2, CAT×2, CCT×1"
1529,nonsynonymous-only,0,1,15,6342,"L×3, F×2, H×2, S×2, Y×2, D×1, I×1, P×1, V×1","TAT×2299, CTT×1492, CCT×1478, TTT×579, GTT×283, GAT×73, TTC×72, ATT×20, CAC×18, TCT×16, CAT×7, TTG×2, CTA×1, TAC×1, TCC×1"
1530,nonsynonymous-only,0,1,16,5581,"R×3, K×2, Y×2, E×1, G×1, H×1, L×1, N×1, S×1, T×1, V×1, W×1","AAA×2371, TAC×1562, GTC×972, ACA×513, AGG×70, GGA×28, AAG×20, GAG×17, TCA×16, AAC×4, CGA×3, AGA×1, CAC×1, CTT×1, TAT×1, TGG×1"
1531,nonsynonymous-only,0,1,9,3828,"S×3, R×2, A×1, K×1, Q×1, T×1","CGG×1563, AGA×928, TCC×592, AAA×587, CAA×74, ACG×63, TCA×17, AGC×3, GCG×1"
1532,nonsynonymous-only,0,1,12,3854,"R×2, S×2, T×2, A×1, F×1, G×1, L×1, N×1, W×1","TCG×1534, AGG×1440, AAT×592, TGG×81, TCA×69, ACA×55, ACG×39, TTT×18, GCA×17, GGG×4, TTA×3, AGA×2"
1533,nonsynonymous-only,0,1,11,3252,"K×2, L×2, S×2, D×1, E×1, N×1, Q×1, R×1","TTA×1505, TCA×655, GAA×602, AAA×332, CAA×73, CTA×59, AGT×18, AGA×5, AAG×1, AAT×1, GAT×1"
1534,nonsynonymous-only,0,1,15,3791,"F×2, A×1, C×1, D×1, H×1, I×1, K×1, N×1, P×1, Q×1, R×1, S×1, T×1, Y×1","TGC×1563, AAT×1435, CGG×592, TTT×93, TTC×63, TAT×31, CAT×3, CCG×3, AAG×2, ACC×1, ATT×1, CAA×1, GAT×1, GCC×1, TCC×1"
1535,nonsynonymous-only,0,1,18,3814,"R×3, S×3, H×2, N×2, A×1, C×1, D×1, G×1, I×1, K×1, W×1, Y×1","CGG×1551, AGT×900, GAT×560, TGT×519, AAC×73, GCT×70, CAT×53, TAT×26, AGC×16, AAT×12, TGG×12, CAC×10, GGT×5, ATA×3, AAA×1, AGG×1, CGT×1, TCT×1"
1536,nonsynonymous-only,0,1,8,2243,"S×3, F×1, L×1, N×1, Q×1, R×1","AGA×1564, TCA×515, TCC×73, AAT×68, TTT×15, AGT×5, TTA×2, CAG×1"
1540,nonsynonymous-only,0,1,4,21,"L×2, F×1, S×1","CTA×15, CTG×3, AGC×2, TTT×1"
1541,nonsynonymous-only,0,1,3,21,"K×1, P×1, R×1","CCA×18, AGA×2, AAA×1"
1542,nonsynonymous-only,0,1,4,550,"C×1, F×1, R×1, Y×1","TTT×531, TGT×16, TAT×2, AGA×1"
1543,nonsynonymous-only,0,1,6,102,"T×2, G×1, K×1, N×1, V×1","AAA×78, GTT×18, ACA×2, ACG×2, AAC×1, GGA×1"
1544,nonsynonymous-only,0,1,5,996,"K×2, F×1, Q×1, R×1","AGA×900, TTT×73, CAA×20, AAG×2, AAA×1"
1545,nonsynonymous-only,0,1,2,3,"L×1, N×1","AAC×2, CTT×1"
1546,nonsynonymous-only,0,1,11,1845,"L×2, S×2, V×2, E×1, I×1, K×1, M×1, R×1","GAA×1563, AAA×84, AGT×68, ATG×63, TCA×41, GTA×20, TTA×2, AGA×1, ATT×1, CTA×1, GTT×1"
1547,nonsynonymous-only,0,1,17,4792,"R×3, C×2, H×2, S×2, Y×2, F×1, G×1, I×1, K×1, L×1, W×1","TTG×1564, TGC×1474, TGG×901, TTT×592, GGG×73, TCC×68, CAC×53, CAT×20, ATA×18, CGC×12, AGG×7, TAC×5, AAG×1, AGA×1, TAT×1, TCG×1, TGT×1"
1548,nonsynonymous-only,0,1,16,4577,"L×2, N×2, S×2, T×2, A×1, D×1, E×1, F×1, I×1, K×1, Q×1, Y×1","TCA×1583, GAT×1478, AAA×958, TTT×280, AAC×90, GCG×72, ACT×68, CTA×19, TAT×15, GAG×6, ACA×2, CAA×2, AAT×1, ATA×1, CTT×1, TCG×1"
1549,nonsynonymous-only,0,1,14,5218,"L×4, S×3, F×2, I×2, C×1, P×1, T×1","TTG×2071, TCT×1843, TCA×981, TTA×107, CTA×85, ATT×63, TTC×55, ACA×6, ATA×2, CCG×1, CTT×1, TCC×1, TGC×1, TTT×1"
1550,nonsynonymous-only,0,1,14,670,"Q×2, R×2, Y×2, C×1, E×1, G×1, K×1, L×1, S×1, V×1, W×1","AGA×280, TGG×153, GAG×78, TCG×68, TAC×40, CAG×18, TTG×17, CGA×8, GTA×2, TGT×2, AAA×1, CAA×1, GGA×1, TAT×1"
1551,nonsynonymous-only,0,1,5,342,"K×2, L×1, N×1, R×1","AAG×315, AGA×20, AAT×5, AAA×1, TTA×1"
1552,nonsynonymous-only,0,1,23,4885,"S×4, R×3, F×2, K×2, N×2, Y×2, A×1, C×1, D×1, G×1, H×1, I×1, T×1, W×1","CAT×1603, AAC×1188, AAT×971, CGC×513, AGT×394, TTT×75, TAT×47, AGG×37, TAC×25, TCC×7, ACC×6, ATT×6, TCT×3, AAA×1, AAG×1, AGC×1, CGT×1, GAT×1, GCT×1, GGT×1, TGG×1, TGT×1, TTC×1"
1553,nonsynonymous-only,0,1,17,3797,"S×4, C×2, G×2, Q×2, R×2, K×1, L×1, N×1, W×1, Y×1","AAA×1563, CAA×1187, TGC×513, GGG×300, AGA×73, TCG×40, AGG×31, TGG×30, TGT×25, TAT×22, TTG×6, CAG×2, AAT×1, AGC×1, GGA×1, TCA×1, TCT×1"
1554,nonsynonymous-only,0,1,15,3333,"C×2, F×2, H×2, R×2, A×1, K×1, L×1, Q×1, S×1, W×1, Y×1","TGG×2499, CAC×592, AAA×73, CGA×68, TTG×41, TCT×20, CAT×18, TGT×7, TTC×7, TTT×3, CAG×1, CGG×1, GCT×1, TAT×1, TGC×1"
1555,nonsynonymous-only,0,1,15,4791,"L×3, E×2, K×2, R×2, V×2, A×1, M×1, T×1, W×1","AAA×1699, AAG×1635, CTA×899, GTA×280, ATG×85, AGA×73, GTG×40, GCA×30, TTA×20, ACT×18, TGG×7, AGG×2, GAA×1, GAG×1, TTG×1"
1556,nonsynonymous-only,0,1,13,4420,"D×2, N×2, S×2, E×1, G×1, K×1, P×1, R×1, T×1, Y×1","GAT×1559, GAA×1186, AAC×973, AGC×513, AAA×85, AGT×73, TAT×18, GAC×5, AAT×3, ACG×2, AGG×1, CCC×1, GGT×1"
1557,nonsynonymous-only,0,1,7,1558,"N×2, D×1, F×1, I×1, Q×1, T×1","ATC×900, ACA×513, GAT×73, AAT×68, TTT×2, AAC×1, CAA×1"
1558,nonsynonymous-only,0,1,2,3,"P×1, T×1","ACT×2, CCT×1"
1559,synonymous-only,1,0,2,3,C×2,"TGT×2, TGC×1"
1560,nonsynonymous-only,0,1,2,3,"I×1, Y×1","ATA×2, TAT×1"
1561,nonsynonymous-only,0,1,9,1649,"I×2, C×1, G×1, M×1, R×1, S×1, V×1, Y×1","AGT×972, ATC×592, TGT×70, TAT×8, GGT×2, GTT×2, ATG×1, ATT×1, CGA×1"
1562,nonsynonymous-only,0,1,15,2155,"R×3, L×2, E×1, F×1, G×1, H×1, M×1, Q×1, S×1, T×1, V×1, Y×1","GTA×899, TTA×592, CGC×499, ACG×73, GGA×68, CAC×13, CGG×2, TTT×2, AGC×1, ATG×1, CAA×1, CGA×1, GAA×1, TAC×1, TTG×1"
1563,nonsynonymous-only,0,1,12,3961,"R×3, T×2, E×1, G×1, I×1, K×1, M×1, Q×1, Y×1","CAA×1570, AAA×1197, ACC×591, TAC×513, GAG×76, ATA×6, GGA×3, ACA×1, AGA×1, ATG×1, CGA×1, CGG×1"
1564,nonsynonymous-only,0,1,11,5092,"I×2, K×2, R×2, E×1, M×1, T×1, V×1, Y×1","AAG×2077, GTA×1216, ACA×902, ATG×591, AAA×171, AGA×96, ATT×18, ATA×12, GAA×6, AGG×2, TAT×1"
1565,nonsynonymous-only,0,1,10,3882,"A×2, I×2, V×2, F×1, M×1, S×1, T×1","ATT×2163, ATG×1584, ACT×70, GCT×28, TCT×18, ATA×8, GTT×8, GCA×1, GTC×1, TTT×1"
1566,nonsynonymous-only,0,1,12,3821,"V×3, D×2, G×2, C×1, H×1, I×1, K×1, Y×1","AAG×1563, GGT×1490, TGT×504, ATA×84, CAT×73, GTA×69, GAT×17, TAT×10, GTC×7, GGC×2, GAC×1, GTG×1"
1567,nonsynonymous-only,0,1,11,3687,"P×2, Y×2, C×1, E×1, F×1, G×1, H×1, L×1, N×1","TAT×1563, CAC×898, GGC×591, TGC×514, GAA×73, AAT×25, CTT×17, TTT×3, CCC×1, CCT×1, TAC×1"
1570,nonsynonymous-only,0,1,4,594,"H×1, Q×1, R×1, Y×1","TAT×591, CAA×1, CAC×1, CGC×1"
1571,nonsynonymous-only,0,1,8,1537,"R×2, S×2, F×1, H×1, N×1, P×1","AAT×904, TCC×464, CCC×127, CAC×17, AGT×15, CGC×7, CGA×2, TTC×1"
1572,nonsynonymous-only,0,1,6,1528,"L×2, C×1, P×1, S×1, Y×1","TAT×916, TGC×591, TCT×15, CCT×3, TTG×2, TTA×1"
1573,nonsynonymous-only,0,1,7,1515,"P×2, A×1, E×1, L×1, T×1, V×1","GAG×899, CCG×593, GCT×18, GTC×2, ACA×1, CCT×1, TTA×1"
1574,nonsynonymous-only,0,1,5,1533,"D×1, E×1, K×1, N×1, Y×1","AAT×1510, AAA×17, GAC×3, GAA×2, TAT×1"
1575,nonsynonymous-only,0,1,6,1517,"A×1, G×1, I×1, K×1, S×1, T×1","GCA×899, GGC×591, AAA×19, ATA×6, ACG×1, AGC×1"
1576,nonsynonymous-only,0,1,7,927,"T×2, I×1, L×1, M×1, N×1, S×1","AAT×899, ATG×19, ACG×4, TCG×2, ACT×1, ATC×1, TTG×1"
1577,nonsynonymous-only,0,1,5,925,"D×1, E×1, K×1, Q×1, V×1","GAT×899, AAA×23, CAA×1, GAA×1, GTG×1"
1578,nonsynonymous-only,0,1,7,1513,"E×2, L×1, Q×1, R×1, S×1, W×1","TGG×899, GAA×570, CAA×39, AGG×2, AGT×1, GAG×1, TTA×1"
1579,nonsynonymous-only,0,1,10,1551,"A×1, C×1, F×1, G×1, I×1, K×1, Q×1, R×1, S×1, T×1","AGG×916, AAA×591, GGT×18, ATT×15, AGT×6, ACC×1, CAA×1, GCA×1, TGC×1, TTT×1"
1580,nonsynonymous-only,0,1,9,1564,"L×2, R×2, D×1, F×1, V×1, W×1, Y×1","CTT×899, AGA×597, TGG×28, GAT×19, TTT×17, AGG×1, GTT×1, TAT×1, TTG×1"
1581,nonsynonymous-only,0,1,14,1639,"G×2, Q×2, S×2, C×1, D×1, F×1, H×1, K×1, L×1, R×1, Y×1","GAC×899, TGC×591, AGA×53, AAA×28, CAA×17, TCT×15, TAT×13, GGA×10, CAC×6, TCC×3, CAG×1, GGG×1, TTG×1, TTT×1"
1582,nonsynonymous-only,0,1,12,3202,"N×2, C×1, D×1, F×1, G×1, H×1, I×1, K×1, R×1, S×1, Y×1","AAT×2504, GGC×591, TGT×54, ATT×17, CGT×10, GAT×9, CAT×6, TAT×6, AGT×2, AAC×1, AAG×1, TTT×1"
1583,nonsynonymous-only,0,1,11,3051,"H×2, N×2, Y×2, C×1, D×1, E×1, K×1, S×1","TAT×1489, GAA×899, AGT×593, CAC×28, GAT×18, AAC×7, CAT×7, AAA×6, AAT×2, TAC×1, TGC×1"
1584,nonsynonymous-only,0,1,17,2244,"S×3, C×2, K×2, L×2, F×1, G×1, I×1, M×1, Q×1, R×1, T×1, Y×1","AAG×602, TGC×590, TTC×513, AAA×305, ATA×73, TAT×63, ACA×28, TTG×22, TCA×15, TTA×10, ATG×8, AGA×6, TCG×4, CAA×2, AGT×1, GGA×1, TGT×1"
1585,nonsynonymous-only,0,1,10,3739,"F×2, A×1, C×1, H×1, I×1, K×1, N×1, S×1, Y×1","TTT×3570, CAT×73, TAT×49, AAA×23, TTC×15, AAT×3, GCT×2, TCT×2, ATT×1, TGT×1"
1586,nonsynonymous-only,0,1,11,3735,"I×2, T×2, E×1, F×1, K×1, L×1, M×1, Q×1, S×1","AAA×1519, TTA×916, ACG×597, GAA×513, CAA×73, TCA×63, ACA×29, ATG×22, ATA×1, ATT×1, TTT×1"
1587,nonsynonymous-only,0,1,11,1331,"C×2, R×2, E×1, I×1, K×1, L×1, N×1, V×1, W×1","TGC×591, GAA×513, AGG×74, TTA×63, AGA×38, AAA×32, TGT×15, GTA×2, AAT×1, ATA×1, TGG×1"
1588,nonsynonymous-only,0,1,18,2799,"I×3, V×3, A×2, T×2, E×1, F×1, G×1, K×1, L×1, M×1, Q×1, R×1","GTG×1472, AGA×591, GTA×570, ATA×73, GCT×26, TTT×22, GCA×10, GGA×7, ATC×6, CAA×6, ACT×4, GTT×3, AAA×2, ACG×2, ATG×2, ATT×1, CTT×1, GAA×1"
1589,nonsynonymous-only,0,1,9,1292,"E×2, I×2, L×2, K×1, S×1, Y×1","ATA×591, GAA×540, TCA×73, GAG×45, TTA×28, CTA×12, AAA×1, ATT×1, TAT×1"
1590,nonsynonymous-only,0,1,7,132,"E×2, L×2, G×1, T×1, Y×1","GGG×63, TTG×50, GAA×10, TTA×4, GAG×3, ACT×1, TAT×1"
1591,nonsynonymous-only,0,1,6,129,"R×3, E×1, N×1, Y×1","GAG×63, AGA×35, AAT×23, AGG×6, CGA×1, TAT×1"
1592,nonsynonymous-only,0,1,3,43,"K×1, N×1, T×1","AAA×34, AAT×8, ACT×1"
1593,nonsynonymous-only,0,1,5,43,"A×1, E×1, F×1, N×1, Q×1","GAG×28, GCT×7, AAC×6, CAG×1, TTC×1"
1594,nonsynonymous-only,0,1,3,30,"K×1, W×1, Y×1","AAA×28, TAC×1, TGG×1"
1596,nonsynonymous-only,0,1,3,102,"A×1, P×1, T×1","CCT×73, GCT×28, ACA×1"
1597,nonsynonymous-only,0,1,3,102,"I×1, N×1, T×1","ATT×73, ACT×28, AAT×1"
1598,nonsynonymous-only,0,1,5,104,"G×2, A×1, D×1, N×1","AAT×73, GGT×28, GAT×1, GCT×1, GGC×1"
1599,nonsynonymous-only,0,1,2,102,"R×1, W×1","CGA×73, TGG×29"
1600,nonsynonymous-only,0,1,4,104,"K×1, N×1, V×1, Y×1","GTT×73, AAA×29, AAT×1, TAT×1"
1601,nonsynonymous-only,0,1,3,103,"I×1, L×1, T×1","ATT×101, ACA×1, CTG×1"
1602,nonsynonymous-only,0,1,3,102,"E×1, V×1, Y×1","TAT×73, GAA×28, GTT×1"
