codon_index,category,syn_changes,nonsyn_changes,n_variants,n_sequences,aa_states,codon_counts
2,nonsynonymous-only,0,1,2,2,"D×1, I×1","ATC×1, GAC×1"
3,nonsynonymous-only,0,1,2,2,"L×1, Y×1","CTT×1, TAT×1"
8,nonsynonymous-only,0,1,2,569,"L×1, M×1","ATG×568, TTA×1"
9,nonsynonymous-only,0,1,4,569,"L×2, F×1, W×1","CTA×566, TGG×1, TTA×1, TTC×1"
10,nonsynonymous-only,0,1,4,9,"N×1, Q×1, R×1, S×1","AGT×6, AAC×1, AGA×1, CAG×1"
11,nonsynonymous-only,0,1,5,571,"L×3, T×2","ACT×560, TTA×7, TTG×2, ACG×1, CTT×1"
12,nonsynonymous-only,0,1,7,560,"D×1, I×1, L×1, N×1, P×1, Q×1, V×1","CAA×548, ATA×6, AAC×2, CCA×1, GAT×1, GTG×1, TTG×1"
13,nonsynonymous-only,0,1,9,1714,"C×1, E×1, K×1, L×1, M×1, N×1, R×1, S×1, W×1","ATG×943, AGA×559, TGC×197, AAT×8, AAA×2, TGG×2, GAG×1, TCA×1, TTG×1"
14,nonsynonymous-only,0,1,12,2324,"I×2, K×2, A×1, D×1, M×1, N×1, R×1, S×1, T×1, Y×1","ACT×927, ATG×610, GAT×516, AAT×198, TAT×44, AAA×16, ATA×6, AAG×2, ATT×2, AGA×1, GCG×1, TCT×1"
15,nonsynonymous-only,0,1,11,4242,"T×2, V×2, A×1, D×1, E×1, I×1, K×1, L×1, M×1","AAA×1495, GTC×1117, ATG×994, GAA×611, ACT×16, ACA×2, ATT×2, GAT×2, GCA×1, GTA×1, TTA×1"
16,nonsynonymous-only,0,1,8,4461,"K×2, D×1, E×1, M×1, N×1, R×1, V×1","AAA×2774, AGA×1573, GAA×81, ATG×21, AAG×9, AAT×1, GAT×1, GTA×1"
17,nonsynonymous-only,0,1,11,4634,"L×2, V×2, A×1, E×1, I×1, K×1, M×1, Q×1, S×1","ATA×2995, GTA×539, GAA×529, TTA×453, GTG×79, GCT×16, CAA×8, ATG×7, AAA×4, AGT×2, CTA×2"
18,nonsynonymous-only,0,1,15,4128,"S×3, F×2, L×2, C×1, G×1, I×1, Q×1, R×1, V×1, W×1, Y×1","TGC×1163, TGG×926, TTA×575, ATT×533, CTG×523, TTT×224, TCC×167, CGG×7, TAT×4, AGT×1, CAA×1, GGG×1, GTC×1, TCT×1, TTC×1"
19,nonsynonymous-only,0,1,15,2951,"C×2, N×2, A×1, E×1, F×1, G×1, H×1, I×1, K×1, L×1, M×1, V×1, Y×1","AAT×1139, AAA×608, TAC×558, GTT×452, AAC×167, GAA×15, ATT×3, TTA×2, ATG×1, CAC×1, GCG×1, GGC×1, TGC×1, TGT×1, TTC×1"
20,nonsynonymous-only,0,1,2,16,"I×1, K×1","ATT×15, AAG×1"
21,nonsynonymous-only,0,1,2,16,"C×1, L×1","TGC×15, TTA×1"
22,nonsynonymous-only,0,1,2,16,"N×1, Y×1","AAT×15, TAT×1"
24,nonsynonymous-only,0,1,2,16,"K×1, T×1","ACA×15, AAA×1"
26,nonsynonymous-only,0,1,4,578,"C×1, T×1, V×1, Y×1","TGT×560, ACA×15, TAT×2, GTT×1"
27,nonsynonymous-only,0,1,6,657,"C×2, F×1, I×1, P×1, R×1","CGG×560, TGT×79, TTT×15, ATC×1, CCG×1, TGC×1"
28,nonsynonymous-only,0,1,7,657,"K×1, L×1, M×1, Q×1, R×1, S×1, W×1","CGG×556, CAG×79, AAA×15, TGG×4, AGC×1, ATG×1, CTT×1"
29,nonsynonymous-only,0,1,8,1606,"D×1, G×1, H×1, I×1, N×1, R×1, V×1, Y×1","CAC×921, AAC×639, ATT×21, GAT×15, TAC×6, GTT×2, AGA×1, GGT×1"
30,nonsynonymous-only,0,1,8,2224,"F×2, C×1, D×1, G×1, L×1, R×1, Y×1","TTT×1094, GAC×560, TAT×453, CTC×79, TGT×21, TTC×15, CGC×1, GGC×1"
31,nonsynonymous-only,0,1,11,3361,"G×1, H×1, I×1, K×1, N×1, P×1, Q×1, R×1, S×1, T×1, W×1","ATC×1118, CAG×690, CAC×560, TCA×452, CGG×248, CCA×167, ACT×79, AAA×44, AAC×1, GGT×1, TGG×1"
32,nonsynonymous-only,0,1,9,4053,"R×2, C×1, D×1, E×1, K×1, L×1, N×1, Q×1","AAA×1655, CAA×1648, AAC×529, GAA×169, AGA×19, TTA×15, CGA×9, TGT×8, GAT×1"
33,nonsynonymous-only,0,1,17,4675,"R×3, S×3, D×2, N×2, A×1, G×1, H×1, I×1, K×1, Q×1, T×1","AGC×1481, AAA×1168, CAT×1116, AGA×453, CAA×167, ACC×160, ATT×55, AAC×38, GAT×15, AGT×8, CGC×3, GAC×3, AAT×2, CGT×2, TCA×2, GCC×1, GGC×1"
34,nonsynonymous-only,0,1,10,4677,"I×3, F×2, S×2, N×1, T×1, V×1","ATT×2837, TTC×928, TTT×709, ATA×167, AAT×24, AGT×6, TCA×3, ACT×1, ATC×1, GTT×1"
36,synonymous-only,1,0,2,4,L×2,"CTA×3, CTG×1"
37,nonsynonymous-only,0,1,16,4649,"G×2, I×2, N×2, T×2, V×2, A×1, D×1, F×1, K×1, R×1, S×1","ACT×1456, ACC×1118, ATT×585, AGA×563, AAT×464, ATC×169, GAT×155, GGA×79, GTT×24, GGT×22, AGC×8, AAC×2, AAA×1, GCT×1, GTC×1, TTC×1"
38,nonsynonymous-only,0,1,13,3093,"C×2, S×2, A×1, G×1, K×1, L×1, Q×1, R×1, T×1, W×1, Y×1","AAA×1321, TAC×529, TGG×522, CAA×502, CGG×167, AGC×21, TCA×16, ACG×7, TGC×3, GGA×2, GCA×1, TGT×1, TTG×1"
39,nonsynonymous-only,0,1,6,1712,"E×1, K×1, Q×1, R×1, T×1, Y×1","ACA×1117, CAG×424, TAT×167, AAA×2, AGA×1, GAG×1"
43,nonsynonymous-only,0,1,3,563,"I×1, S×1, Y×1","TCT×560, TAT×2, ATT×1"
44,nonsynonymous-only,0,1,2,562,"L×1, M×1","CTG×560, ATG×2"
48,nonsynonymous-only,0,1,2,3,"D×1, Q×1","GAT×2, CAA×1"
52,nonsynonymous-only,0,1,4,601,"F×1, L×1, Q×1, S×1","TCG×560, TTA×20, TTT×20, CAG×1"
53,nonsynonymous-only,0,1,4,585,"L×2, H×1, S×1","CTT×581, CTA×2, CAC×1, TCT×1"
54,nonsynonymous-only,0,1,4,564,"F×2, L×1, W×1","TTC×560, TGG×2, TTG×1, TTT×1"
55,nonsynonymous-only,0,1,3,564,"E×1, G×1, K×1","GAA×560, GGC×3, AAG×1"
56,nonsynonymous-only,0,1,4,626,"Y×2, N×1, S×1","AAC×561, AGT×46, TAC×16, TAT×3"
57,nonsynonymous-only,0,1,4,625,"K×2, Q×2","AAG×560, AAA×46, CAG×18, CAA×1"
58,nonsynonymous-only,0,1,2,609,"N×1, T×1","AAT×607, ACC×2"
59,nonsynonymous-only,0,1,3,608,"L×1, R×1, T×1","TTG×560, CGA×46, ACT×2"
61,nonsynonymous-only,0,1,5,624,"A×1, F×1, L×1, P×1, Q×1","CCA×556, TTA×46, GCT×16, CAA×4, TTT×2"
62,nonsynonymous-only,0,1,3,625,"F×2, L×1","TTC×605, TTA×18, TTT×2"
64,nonsynonymous-only,0,1,4,564,"R×2, G×1, N×1","GGT×560, AGA×2, AAT×1, AGG×1"
65,nonsynonymous-only,0,1,6,1683,"F×1, L×1, P×1, Q×1, S×1, Y×1","TAC×1118, CCC×560, CAA×2, CTT×1, TCC×1, TTT×1"
66,nonsynonymous-only,0,1,6,2334,"N×2, S×2, D×1, Y×1","AAC×1197, AGC×555, TAT×539, AAT×31, AGT×6, GAT×6"
67,nonsynonymous-only,0,1,14,2335,"G×3, I×2, Q×2, V×2, K×1, L×1, M×1, S×1, Y×1","ATG×1117, GGC×557, GTC×532, TCA×79, GGG×17, GGA×10, GTA×8, TTA×8, CAG×2, AAG×1, ATA×1, ATT×1, CAA×1, TAC×1"
68,nonsynonymous-only,0,1,10,2355,"S×2, C×1, D×1, F×1, K×1, L×1, P×1, V×1, Y×1","TAT×1119, TCT×582, CCT×534, TTT×82, TGT×22, GTT×7, TCA×6, AAA×1, CTG×1, GAT×1"
69,nonsynonymous-only,0,1,10,2786,"D×2, K×2, E×1, G×1, L×1, R×1, S×1, W×1","AAA×1650, GGT×583, GAA×453, TTG×79, AGG×9, AGC×8, AAG×1, GAC×1, GAT×1, TGG×1"
70,nonsynonymous-only,0,1,7,2801,"K×2, R×2, G×1, M×1, W×1","AAG×2063, AAA×566, ATG×132, AGG×21, TGG×17, AGA×1, GGA×1"
71,nonsynonymous-only,0,1,9,2212,"A×2, I×2, K×1, P×1, Q×1, S×1, T×1","CCG×1117, ACG×560, TCA×450, ATT×79, GCA×2, AAA×1, ATA×1, CAA×1, GCC×1"
73,nonsynonymous-only,0,1,2,562,"L×1, M×1","ATG×561, CTA×1"
74,nonsynonymous-only,0,1,3,563,"F×1, L×1, N×1","TTG×560, TTT×2, AAT×1"
75,nonsynonymous-only,0,1,3,563,"D×1, N×1, T×1","AAT×560, ACT×2, GAC×1"
76,nonsynonymous-only,0,1,4,562,"V×2, D×1, L×1","GTG×538, GTA×22, CTA×1, GAT×1"
77,nonsynonymous-only,0,1,2,562,"I×1, S×1","ATT×561, AGC×1"
78,nonsynonymous-only,0,1,4,563,"D×1, G×1, N×1, P×1","GGC×560, AAT×1, CCC×1, GAC×1"
79,nonsynonymous-only,0,1,5,748,"L×2, G×1, K×1, Y×1","GGA×560, TTA×167, AAA×19, TAT×1, TTG×1"
80,nonsynonymous-only,0,1,6,1342,"E×1, F×1, I×1, L×1, M×1, V×1","TTG×606, ATG×429, GTG×167, ATA×132, TTT×7, GAG×1"
81,nonsynonymous-only,0,1,8,2269,"V×2, D×1, E×1, I×1, K×1, L×1, Q×1","GTA×927, CTA×580, GAC×560, CAA×181, GTG×17, GAA×2, AAA×1, ATA×1"
82,nonsynonymous-only,0,1,6,1721,"H×2, N×2, D×1, Q×1","CAT×975, AAT×560, GAT×167, CAG×17, AAC×1, CAC×1"
83,nonsynonymous-only,0,1,5,1535,"F×2, L×2, Y×1","TTT×927, TAC×560, TTC×46, CTT×1, TTA×1"
85,nonsynonymous-only,0,1,6,2024,"C×1, L×1, M×1, R×1, S×1, W×1","TGG×927, TCT×560, ATG×532, TTA×3, AGA×1, TGT×1"
86,nonsynonymous-only,0,1,12,2076,"C×2, D×2, G×2, R×2, H×1, N×1, V×1, Y×1","TGT×667, GGT×560, GTT×531, CGT×255, CAT×50, GGC×6, AAC×2, CGG×1, GAC×1, GAT×1, TAT×1, TGC×1"
87,nonsynonymous-only,0,1,9,2083,"D×2, L×2, Y×2, F×1, N×1, S×1","GAT×933, GAC×561, AGC×532, TAC×46, CTT×6, AAC×2, CTG×1, TAT×1, TTT×1"
88,nonsynonymous-only,0,1,8,2037,"N×2, C×1, H×1, L×1, R×1, S×1, Y×1","TGT×933, TTA×560, CAC×532, AAT×6, TAC×3, AAC×1, CGC×1, TCT×1"
89,nonsynonymous-only,0,1,6,2083,"F×2, I×1, L×1, S×1, Y×1","TTC×980, ATC×560, TTT×538, TTA×3, TAC×1, TCT×1"
90,nonsynonymous-only,0,1,6,2083,"K×2, A×1, I×1, R×1, V×1","ATT×2032, GCT×46, AAG×2, AAA×1, AGA×1, GTT×1"
91,nonsynonymous-only,0,1,5,1147,"Y×2, F×1, N×1, T×1","AAC×560, TTC×532, ACC×46, TAC×6, TAT×3"
92,nonsynonymous-only,0,1,4,967,"G×2, F×1, W×1","GGC×560, TGG×400, GGA×6, TTC×1"
93,nonsynonymous-only,0,1,3,4,"K×1, N×1, Q×1","CAG×2, AAA×1, AAT×1"
95,nonsynonymous-only,0,1,3,4,"Y×2, D×1","TAC×2, GAT×1, TAT×1"
96,nonsynonymous-only,0,1,3,4,"L×2, S×1","AGT×2, TTA×1, TTG×1"
98,nonsynonymous-only,0,1,2,3,"I×1, N×1","AAT×2, ATT×1"
100,nonsynonymous-only,0,1,2,540,"F×1, I×1","TTT×532, ATC×8"
101,nonsynonymous-only,0,1,3,540,"L×2, W×1","CTG×532, TGG×6, TTG×2"
103,nonsynonymous-only,0,1,2,534,"K×1, Y×1","TAT×532, AAG×2"
105,nonsynonymous-only,0,1,2,532,"Q×1, R×1","CAG×531, CGG×1"
106,nonsynonymous-only,0,1,8,1122,"S×3, G×1, K×1, L×1, N×1, W×1","TCA×560, TCT×532, AAA×17, TGG×7, AGT×2, TTA×2, AAT×1, GGA×1"
107,nonsynonymous-only,0,1,6,1128,"I×2, K×1, M×1, R×1, T×1","ACA×579, ATG×521, ATA×18, AAA×7, AGA×2, ATT×1"
108,nonsynonymous-only,0,1,7,1126,"D×2, A×1, E×1, K×1, N×1, T×1","AAA×558, GAT×539, ACT×17, GAC×6, AAT×3, GAA×2, GCC×1"
109,nonsynonymous-only,0,1,5,1126,"N×2, T×2, I×1","AAT×560, ATT×534, ACC×17, ACT×9, AAC×6"
110,nonsynonymous-only,0,1,7,1128,"I×2, T×2, A×1, F×1, L×1","TTT×560, ACA×533, ATA×17, ACT×14, ATC×2, CTT×1, GCA×1"
111,nonsynonymous-only,0,1,8,1128,"E×1, G×1, I×1, K×1, P×1, Q×1, T×1, V×1","AAA×577, GTA×532, ACA×7, ATT×7, CCA×2, CAA×1, GAG×1, GGA×1"
112,nonsynonymous-only,0,1,6,581,"L×2, E×1, I×1, K×1, P×1","GAA×559, CTG×17, ATA×2, AAA×1, CCA×1, TTA×1"
113,nonsynonymous-only,0,1,2,3,"G×1, S×1","AGT×2, GGA×1"
120,nonsynonymous-only,0,1,4,563,"A×2, N×1, T×1","GCC×558, AAT×2, GCT×2, ACC×1"
121,nonsynonymous-only,0,1,5,563,"D×2, E×1, H×1, Y×1","GAC×507, GAT×48, CAC×5, GAG×2, TAT×1"
122,nonsynonymous-only,0,1,4,564,"E×1, K×1, L×1, W×1","TGG×560, AAG×2, GAA×1, TTG×1"
123,nonsynonymous-only,0,1,3,564,"D×2, I×1","GAT×562, ATT×1, GAC×1"
124,nonsynonymous-only,0,1,5,564,"A×2, N×2, I×1","GCT×558, AAC×2, GCG×2, AAT×1, ATC×1"
125,nonsynonymous-only,0,1,3,564,"H×1, R×1, Y×1","TAT×561, CAC×2, CGT×1"
126,nonsynonymous-only,0,1,2,3,"V×1, Y×1","TAC×2, GTC×1"
127,nonsynonymous-only,0,1,8,716,"L×3, S×2, V×2, G×1","CTT×459, CTG×167, TCT×79, GTT×6, TTG×2, GGC×1, GTA×1, TCA×1"
128,nonsynonymous-only,0,1,13,1308,"A×2, I×2, L×2, C×1, F×1, G×1, M×1, N×1, V×1, Y×1","TTA×532, TGC×452, GCT×167, TTT×89, TAC×46, AAT×6, ATG×4, ATT×4, GTT×4, ATA×1, CTT×1, GCA×1, GGA×1"
129,nonsynonymous-only,0,1,15,6056,"G×2, L×2, R×2, A×1, D×1, E×1, I×1, K×1, P×1, Q×1, T×1, V×1","GAA×1168, CCG×1115, AGA×980, GTA×933, GGA×559, CAA×532, AAA×502, CGT×167, GCA×83, ATA×6, GAC×4, CTG×3, GGG×2, ACT×1, TTA×1"
130,nonsynonymous-only,0,1,13,7776,"I×3, V×3, T×2, A×1, F×1, L×1, M×1, P×1","ATG×1718, ACC×1165, ATC×1126, ATA×1092, ATT×1043, GTG×935, TTC×452, TTG×167, CCG×46, GTT×22, GCT×7, ACA×2, GTA×1"
131,nonsynonymous-only,0,1,21,7747,"S×3, D×2, G×2, I×2, L×2, R×2, T×2, A×1, F×1, N×1, Q×1, V×1, Y×1","AGT×2454, GGT×1117, AGC×1050, CTT×933, ACT×560, TCT×532, CAG×522, ACA×422, AAT×84, ATT×51, TAT×8, GGC×3, GAC×2, TTC×2, AGA×1, ATA×1, CGT×1, CTG×1, GAT×1, GCT×1, GTT×1"
132,nonsynonymous-only,0,1,14,5048,"L×3, F×2, Q×2, S×2, A×1, C×1, K×1, R×1, W×1","TTA×2341, TGT×1165, TTT×580, TTG×450, TTC×422, AAA×79, TCG×4, CAA×1, CAG×1, CGA×1, CTA×1, GCA×1, TCA×1, TGG×1"
133,nonsynonymous-only,0,1,3,4,"L×2, R×1","CTA×2, CGA×1, CTT×1"
151,nonsynonymous-only,0,1,8,1224,"G×2, I×1, K×1, N×1, R×1, S×1, V×1","AGA×1117, GGA×79, AGT×21, AAG×3, AAT×1, ATC×1, GGT×1, GTG×1"
152,nonsynonymous-only,0,1,15,3477,"A×2, S×2, T×2, D×1, E×1, G×1, H×1, I×1, L×1, M×1, Q×1, V×1","AGC×996, GCA×918, ATT×561, CAG×532, ACT×167, GGC×121, GAA×79, GCT×46, CAT×21, GTA×17, ACA×8, ATG×6, GAT×3, TCA×1, TTG×1"
153,nonsynonymous-only,0,1,13,3482,"A×2, I×2, S×2, C×1, D×1, G×1, L×1, N×1, T×1, V×1","GCT×1118, ATT×1012, GGT×560, TCT×533, ATC×167, ACT×68, GTT×9, GAT×6, AAC×4, TGC×2, AGT×1, CTT×1, GCC×1"
154,nonsynonymous-only,0,1,12,2362,"C×2, L×2, Y×2, D×1, F×1, K×1, Q×1, S×1, V×1","TAT×935, TTT×641, CTA×532, TGC×165, GAT×67, TTG×7, CAA×6, TAC×3, AAA×2, TGT×2, GTT×1, TCT×1"
155,nonsynonymous-only,0,1,12,3482,"S×3, F×2, L×2, G×1, I×1, N×1, T×1, V×1","TCC×1117, ATT×1104, TTT×979, ACC×167, GTG×79, TCT×22, AAT×9, AGT×1, CTC×1, GGT×1, TTA×1, TTC×1"
156,nonsynonymous-only,0,1,11,2364,"A×2, F×2, I×2, L×2, C×1, M×1, N×1","TTT×1521, ATT×664, GCT×167, ATC×4, AAT×2, ATG×1, CTT×1, GCC×1, TGT×1, TTC×1, TTG×1"
157,nonsynonymous-only,0,1,11,2196,"L×2, R×2, A×1, E×1, G×1, I×1, K×1, Q×1, V×1","CAA×1498, GTA×532, CTT×79, CGA×46, AAA×22, GGA×9, ATA×3, GCA×3, GAA×2, AGA×1, TTG×1"
158,nonsynonymous-only,0,1,9,1382,"G×2, L×2, A×1, F×1, K×1, S×1, V×1","AGT×560, GGA×539, TTG×167, GGT×79, TTC×21, AAA×7, CTA×7, GCA×1, GTT×1"
159,nonsynonymous-only,0,1,11,1378,"V×3, E×2, A×1, D×1, K×1, N×1, S×1, Y×1","GAT×699, TAC×560, AAG×79, AAT×21, GTT×7, GAG×6, GTG×2, GAA×1, GCC×1, GTA×1, TCC×1"
160,nonsynonymous-only,0,1,8,1211,"N×2, D×1, E×1, L×1, Q×1, V×1, Y×1","AAC×561, GAA×532, AAT×81, GAT×21, TTA×7, GTC×6, TAC×2, CAA×1"
161,nonsynonymous-only,0,1,10,1210,"G×3, S×2, Y×2, D×1, L×1, R×1","TTA×560, TAT×538, GGC×79, AGC×20, TAC×7, GAC×2, AGG×1, AGT×1, GGA×1, GGT×1"
162,nonsynonymous-only,0,1,6,649,"A×1, F×1, I×1, P×1, S×1, V×1","ATT×560, GCA×79, TTT×6, CCT×2, GTC×1, TCT×1"
163,nonsynonymous-only,0,1,2,80,"G×1, S×1","GGT×79, AGT×1"
166,nonsynonymous-only,0,1,2,168,"I×1, P×1","CCC×167, ATT×1"
167,nonsynonymous-only,0,1,3,169,"C×1, R×1, W×1","TGG×167, CGT×1, TGT×1"
171,nonsynonymous-only,0,1,4,1501,"C×1, F×1, H×1, Y×1","TGT×932, CAT×566, TTC×2, TAT×1"
172,nonsynonymous-only,0,1,4,568,"Q×2, R×1, S×1","CAA×513, CAG×53, AGT×1, CGC×1"
173,nonsynonymous-only,0,1,6,1501,"I×2, G×1, K×1, S×1, V×1","ATC×931, GGG×560, TCA×6, ATA×2, AAA×1, GTG×1"
174,nonsynonymous-only,0,1,8,2081,"I×2, A×1, F×1, K×1, T×1, V×1, Y×1","ATT×1499, GCT×532, TTT×24, GTC×21, AAG×2, ACA×1, ATC×1, TAT×1"
175,nonsynonymous-only,0,1,11,2082,"I×3, L×3, K×2, G×1, Q×1, T×1","ATC×931, TTG×571, AAG×532, AAA×28, TTA×7, CTG×6, ACC×2, GGA×2, ATA×1, ATT×1, CAA×1"
176,nonsynonymous-only,0,1,8,1148,"N×2, T×2, D×1, G×1, I×1, S×1","GAT×560, AGT×532, ACC×39, ACT×7, AAT×6, ATT×2, AAC×1, GGT×1"
177,nonsynonymous-only,0,1,4,1147,"D×1, F×1, N×1, Y×1","AAT×560, TAT×551, TTT×35, GAT×1"
178,synonymous-only,1,0,2,560,V×2,"GTC×513, GTT×47"
183,nonsynonymous-only,0,1,2,581,"P×1, T×1","ACA×560, CCG×21"
184,nonsynonymous-only,0,1,3,581,"L×2, F×1","CTG×329, CTA×231, TTC×21"
185,nonsynonymous-only,0,1,2,581,"P×1, S×1","AGT×560, CCC×21"
186,nonsynonymous-only,0,1,3,581,"G×2, Y×1","GGT×548, TAT×21, GGC×12"
189,nonsynonymous-only,0,1,2,1090,"K×1, S×1","AAA×560, AGC×530"
190,nonsynonymous-only,0,1,6,1170,"A×1, E×1, F×1, I×1, T×1, Y×1","GCA×1076, ATC×79, ACA×7, GAA×6, TAT×1, TTT×1"
191,nonsynonymous-only,0,1,4,1170,"D×1, E×1, G×1, N×1","AAC×608, GAA×560, GAC×1, GGC×1"
192,nonsynonymous-only,0,1,5,1170,"G×1, L×1, N×1, R×1, T×1","AGA×560, ACG×529, CTT×79, AAT×1, GGA×1"
193,nonsynonymous-only,0,1,15,5026,"L×3, K×2, R×2, D×1, E×1, G×1, I×1, N×1, S×1, V×1, Y×1","AAT×2383, CGC×559, TAT×535, GTT×533, AAA×490, AAG×422, GAT×80, AGA×12, GGT×5, CTT×2, AGT×1, ATC×1, CTA×1, CTC×1, GAA×1"
194,nonsynonymous-only,0,1,8,2620,"K×2, R×2, E×1, G×1, P×1, Q×1","CAA×2489, AAA×107, AGG×17, GAA×3, AAG×1, CCA×1, CGA×1, GGA×1"
195,nonsynonymous-only,0,1,11,7280,"E×2, K×2, N×2, D×1, L×1, Q×1, R×1, T×1","AAA×4520, AAG×930, ACT×532, CAA×531, AGA×460, GAA×198, AAT×79, TTA×21, GAG×7, AAC×1, GAT×1"
196,nonsynonymous-only,0,1,19,6115,"S×5, V×3, I×2, L×2, T×2, A×1, F×1, M×1, N×1, R×1","GTT×1582, ATC×1117, TTT×935, ATT×739, GCC×559, GTA×422, CTC×292, AAT×167, CGC×160, TCT×84, TCG×21, ATG×20, ACT×9, AGT×2, TCC×2, ACA×1, AGC×1, CTT×1, GTG×1"
197,nonsynonymous-only,0,1,24,6772,"I×3, V×3, A×2, E×2, L×2, N×2, Q×2, S×2, D×1, F×1, K×1, M×1, P×1, T×1","GAA×2131, CTA×943, CCA×931, GCG×664, GCT×534, AAA×459, CAA×421, TTA×360, ATT×169, GTT×79, ATA×34, GTG×17, GTA×7, ATC×6, GAC×4, CAG×3, TCA×3, AAC×1, AAT×1, ACA×1, AGT×1, ATG×1, GAG×1, TTC×1"
198,nonsynonymous-only,0,1,10,4414,"D×2, G×2, A×1, E×1, K×1, L×1, S×1, T×1","AAA×1055, ACT×933, GGT×831, GAT×560, GAC×529, GAA×424, GGG×79, CTA×1, GCA×1, TCA×1"
199,nonsynonymous-only,0,1,11,2918,"E×2, G×2, T×2, D×1, I×1, N×1, R×1, S×1","GAA×1217, GGA×655, ACT×529, ATC×422, AAT×79, AGA×7, ACA×4, GAG×2, AGT×1, GAT×1, GGT×1"
200,nonsynonymous-only,0,1,6,916,"A×1, D×1, I×1, L×1, N×1, V×1","ATC×664, GCT×167, GAT×79, GTA×4, AAC×1, TTA×1"
202,nonsynonymous-only,0,1,4,1495,"L×2, F×1, V×1","GTT×933, CTC×549, CTT×12, TTT×1"
203,nonsynonymous-only,0,1,5,1499,"I×2, A×1, V×1, Y×1","GTT×932, ATC×560, GCC×4, ATT×2, TAT×1"
204,nonsynonymous-only,0,1,6,1545,"G×1, L×1, P×1, Q×1, R×1, S×1","AGT×933, CGT×561, CAA×40, CCA×6, GGT×4, CTT×1"
205,nonsynonymous-only,0,1,7,1567,"I×2, F×1, L×1, S×1, V×1, Y×1","AGC×933, GTC×560, ATT×67, TTT×4, ATA×1, TAC×1, TTA×1"
206,nonsynonymous-only,0,1,7,1567,"L×2, G×1, I×1, M×1, T×1, V×1","GTA×933, GGT×560, ATA×46, TTG×21, ATG×4, ACA×2, TTA×1"
207,nonsynonymous-only,0,1,5,1568,"L×2, N×1, T×1, W×1","TGG×935, TTG×579, TTA×52, AAT×1, ACA×1"
208,nonsynonymous-only,0,1,5,1566,"K×2, N×2, D×1","AAC×980, AAG×558, AAT×21, GAC×5, AAA×2"
209,nonsynonymous-only,0,1,11,4306,"V×3, D×2, G×2, H×2, K×1, N×1","GAC×2581, CAC×1118, AAC×528, AAG×46, GGC×21, CAT×4, GAT×3, GTA×2, GGT×1, GTC×1, GTT×1"
210,nonsynonymous-only,0,1,15,5071,"G×3, K×2, N×2, R×2, V×2, D×1, H×1, S×1, T×1","AAA×1358, GAT×1117, AAT×936, CAT×560, GGT×549, AGG×439, AAC×54, AGT×24, GGG×15, GGA×7, AGA×5, GTT×4, AAG×1, ACT×1, GTC×1"
211,nonsynonymous-only,0,1,14,4539,"I×2, K×2, L×2, Y×2, C×1, E×1, G×1, N×1, Q×1, S×1","AAT×1618, TAT×1140, TTG×1083, ATC×560, AAA×64, CTG×34, TAC×28, TCG×4, AAG×2, GGG×2, ATA×1, CAA×1, GAG×1, TGT×1"
212,nonsynonymous-only,0,1,10,5056,"F×2, H×1, I×1, L×1, N×1, P×1, S×1, V×1, Y×1","TTT×2506, CAT×1733, CTT×579, TTC×205, AAT×21, TAT×7, GTT×2, ATT×1, CCT×1, TCT×1"
213,nonsynonymous-only,0,1,13,2375,"N×2, Y×2, E×1, G×1, H×1, K×1, L×1, Q×1, R×1, S×1, W×1","TAT×1117, AAA×560, AGG×452, AAT×199, TTA×21, CAA×9, TAC×6, TCT×4, CAT×2, GAA×2, AAC×1, GGT×1, TGG×1"
214,nonsynonymous-only,0,1,6,1546,"K×2, C×1, E×1, Q×1, S×1","AAA×558, GAG×532, TGC×449, AAG×3, AGC×3, CAG×1"
215,nonsynonymous-only,0,1,4,1551,"F×1, L×1, P×1, S×1","CCT×560, CTT×532, TTC×452, TCA×7"
216,nonsynonymous-only,0,1,11,2555,"S×4, L×2, P×2, F×1, W×1, Y×1","CCG×855, TCC×559, TAT×532, TGG×452, CCT×78, TTT×53, CTA×21, TTG×2, TCA×1, TCG×1, TCT×1"
217,nonsynonymous-only,0,1,7,2024,"L×4, K×1, M×1, Q×1","CTA×931, CAA×560, TTG×454, TTA×49, ATG×21, CTG×7, AAA×2"
218,nonsynonymous-only,0,1,3,1562,"L×2, H×1","TTG×956, TTA×560, CAT×46"
219,nonsynonymous-only,0,1,5,1563,"L×2, F×1, S×1, Y×1","TCT×1493, CTT×46, TAT×21, TTT×2, TTG×1"
220,nonsynonymous-only,0,1,7,1563,"G×2, Y×2, H×1, R×1, S×1","TAC×833, GGC×363, GGT×197, TAT×121, AGT×46, CAC×2, CGT×1"
221,nonsynonymous-only,0,1,3,1494,"C×2, G×1","TGT×933, GGT×560, TGC×1"
222,nonsynonymous-only,0,1,3,1494,"E×1, Q×1, R×1","GAA×933, CAA×560, AGA×1"
223,nonsynonymous-only,0,1,3,1494,"H×1, M×1, Q×1","CAG×933, ATG×560, CAC×1"
224,nonsynonymous-only,0,1,3,1494,"F×1, K×1, Q×1","AAA×933, CAA×560, TTT×1"
225,nonsynonymous-only,0,1,4,1494,"P×2, L×1, R×1","CCG×833, CGG×560, CCA×100, TTA×1"
226,nonsynonymous-only,0,1,5,1496,"V×2, E×1, K×1, M×1","AAA×933, GTT×556, GTG×4, ATG×2, GAA×1"
227,nonsynonymous-only,0,1,2,561,"A×1, F×1","GCC×560, TTC×1"
230,nonsynonymous-only,0,1,2,2,"G×1, Y×1","GGA×1, TAT×1"
231,nonsynonymous-only,0,1,3,562,"I×1, L×1, V×1","ATT×560, GTA×1, TTA×1"
232,nonsynonymous-only,0,1,8,578,"A×1, D×1, E×1, G×1, K×1, Q×1, S×1, V×1","GCT×560, GTA×7, CAA×6, AAA×1, GAG×1, GAT×1, GGA×1, TCG×1"
233,nonsynonymous-only,0,1,8,1147,"G×2, R×2, F×1, N×1, Q×1, Y×1","TAT×535, CGC×479, CGT×81, TTT×28, GGG×21, AAC×1, CAA×1, GGA×1"
234,nonsynonymous-only,0,1,13,2142,"A×2, F×2, V×2, D×1, I×1, L×1, P×1, S×1, T×1, Y×1","TAC×933, GCT×560, ATT×552, GTA×45, TTC×20, ACT×11, TTT×8, GAT×6, CCT×2, TTA×2, AGT×1, GCA×1, GTT×1"
235,nonsynonymous-only,0,1,4,2142,"L×2, F×1, S×1","TTA×1530, TTT×563, TCA×47, TTG×2"
236,nonsynonymous-only,0,1,9,2121,"F×2, A×1, G×1, I×1, L×1, S×1, T×1, V×1","ACT×979, GCT×560, TCT×538, GTT×30, TTC×7, ATT×4, GGC×1, TTA×1, TTT×1"
237,nonsynonymous-only,0,1,9,2066,"G×3, N×2, I×1, K×1, P×1, S×1","AAT×1450, GGC×538, AAC×50, AGT×21, ATT×2, CCT×2, AAA×1, GGA×1, GGT×1"
238,nonsynonymous-only,0,1,12,2113,"G×2, I×2, R×2, D×1, E×1, F×1, K×1, L×1, Y×1","GGC×929, GAT×560, TTA×535, GAA×46, TTT×21, TAC×7, AGG×6, GGT×4, ATT×2, AAA×1, ATA×1, CGA×1"
239,nonsynonymous-only,0,1,10,2113,"F×2, I×2, P×2, C×1, N×1, T×1, V×1","ATC×954, CCC×560, TTT×539, TTC×46, ATT×7, AAC×2, CCT×2, ACC×1, GTT×1, TGC×1"
240,nonsynonymous-only,0,1,8,2111,"T×3, D×1, F×1, S×1, V×1, Y×1","TAT×981, GAT×560, TCT×532, ACA×22, TTT×7, ACC×6, ACT×2, GTT×1"
241,nonsynonymous-only,0,1,11,2106,"F×2, I×2, G×1, H×1, L×1, N×1, P×1, S×1, V×1","TTC×927, ATT×558, CAT×532, TTA×46, AAT×21, TTT×8, TCT×7, CCT×3, ATC×2, GGA×1, GTT×1"
242,nonsynonymous-only,0,1,8,1171,"I×3, C×1, G×1, K×1, L×1, V×1","TTA×561, ATC×532, GTC×46, GGT×21, ATT×7, AAA×2, ATA×1, TGC×1"
243,nonsynonymous-only,0,1,8,1164,"L×2, C×1, D×1, F×1, G×1, H×1, S×1","CTT×1092, TTG×45, TGT×21, GAT×2, CAC×1, GGT×1, TCG×1, TTT×1"
244,nonsynonymous-only,0,1,4,582,"C×2, N×1, R×1","TGT×559, AGG×21, AAC×1, TGC×1"
245,nonsynonymous-only,0,1,4,582,"D×2, E×1, Y×1","GAT×528, GAC×32, GAG×21, TAT×1"
247,nonsynonymous-only,0,1,2,561,"G×1, N×1","AAC×560, GGG×1"
249,nonsynonymous-only,0,1,4,1547,"L×3, F×1","TTG×935, CTG×560, TTA×49, TTT×3"
250,nonsynonymous-only,0,1,9,2686,"K×2, I×1, L×1, M×1, N×1, Q×1, T×1, V×1","ACG×1113, AAG×936, GTG×560, ATT×46, ATG×25, AAA×2, AAT×2, CAG×1, TTG×1"
251,nonsynonymous-only,0,1,12,2686,"H×2, K×2, T×2, L×1, M×1, N×1, R×1, V×1, Y×1","ATG×1061, AAA×931, CAT×560, ACG×56, AAT×46, CTT×21, AAG×2, ACA×2, CAC×2, CGG×2, TAT×2, GTA×1"
252,nonsynonymous-only,0,1,7,2686,"L×2, S×2, I×1, W×1, Y×1","TCA×1119, TTA×999, TGG×560, ATA×3, TAC×2, TTG×2, TCG×1"
253,nonsynonymous-only,0,1,10,2686,"N×2, S×2, T×2, F×1, G×1, I×1, R×1","CGA×1117, AGT×933, ATT×562, GGA×46, AAC×21, AAT×2, ACA×2, ACT×1, TCA×1, TTT×1"
254,nonsynonymous-only,0,1,7,2663,"L×2, S×2, C×1, Q×1, Y×1","TGC×1117, TTA×936, CAG×560, TCA×46, TAT×2, CTG×1, TCG×1"
255,nonsynonymous-only,0,1,4,1121,"K×1, L×1, Q×1, R×1","AAA×1117, CGA×2, CAG×1, CTA×1"
264,nonsynonymous-only,0,1,2,4,"F×1, P×1","CCT×3, TTT×1"
265,nonsynonymous-only,0,1,2,2,"K×1, R×1","AAA×1, CGC×1"
266,nonsynonymous-only,0,1,9,2582,"E×1, F×1, G×1, K×1, L×1, Q×1, S×1, T×1, V×1","GAA×1041, AAA×936, CAG×523, TTG×46, TTT×21, GGA×9, GTA×3, ACA×2, TCC×1"
267,nonsynonymous-only,0,1,12,1195,"F×2, L×2, Y×2, K×1, P×1, R×1, S×1, T×1, W×1","CGC×532, TCT×465, CCT×98, TTC×46, TTT×22, TAT×17, TTA×5, TGG×4, AAA×2, TAC×2, ACC×1, TTG×1"
268,nonsynonymous-only,0,1,11,3632,"L×4, A×1, G×1, N×1, R×1, S×1, T×1, V×1","GCA×2993, TTA×534, AAC×46, TCA×28, TTG×19, AGA×3, CTG×3, ACA×2, GTA×2, CTA×1, GGG×1"
269,nonsynonymous-only,0,1,8,3515,"E×2, N×2, G×1, K×1, R×1, S×1","AGA×1805, GGA×1051, GAG×532, AAC×46, AGC×25, AAT×21, GAA×19, AAA×16"
270,nonsynonymous-only,0,1,8,2953,"I×2, V×2, A×1, F×1, N×1, S×1","AAT×1051, TTT×933, GTA×452, GCT×421, ATT×51, GTT×23, AGT×21, ATA×1"
271,nonsynonymous-only,0,1,7,1404,"F×1, I×1, L×1, M×1, P×1, R×1, V×1","CCT×932, ATG×307, GTG×115, TTT×46, CGA×2, ATA×1, CTT×1"
272,nonsynonymous-only,0,1,8,3748,"I×2, A×1, E×1, G×1, L×1, M×1, Q×1","ATG×1574, GGA×1164, ATT×532, CAA×422, TTG×46, ATA×8, GAA×1, GCA×1"
273,nonsynonymous-only,0,1,14,2136,"I×2, R×2, A×1, E×1, G×1, K×1, M×1, P×1, Q×1, S×1, T×1, W×1","AAG×933, GCA×560, ATG×423, CGA×78, CCA×45, TGG×25, ATA×24, ATC×21, TCA×21, GAA×2, ACG×1, AGA×1, CAA×1, GGA×1"
274,nonsynonymous-only,0,1,17,5082,"A×3, L×3, I×2, N×2, V×2, E×1, K×1, M×1, P×1, T×1","AAT×933, ATG×899, GTA×652, ATA×625, CTT×560, GAA×532, GTT×446, ACG×270, CCA×79, GCT×39, ATT×17, CTA×17, TTA×6, GCG×3, AAC×2, AAA×1, GCC×1"
275,nonsynonymous-only,0,1,13,6143,"I×3, L×2, R×2, S×2, A×1, K×1, M×1, V×1","AAA×1864, ATC×1493, TTA×1050, AGT×502, ATA×436, ATT×331, AGC×162, GTT×134, AGG×80, CTT×46, AGA×38, ATG×5, GCA×2"
276,nonsynonymous-only,0,1,13,4740,"E×2, K×2, N×2, R×2, A×1, G×1, L×1, M×1, Q×1","AAA×2286, AAG×1053, CAA×585, AGG×531, AAC×167, GAG×47, GGG×41, ATG×17, GAA×9, AAT×1, AGA×1, GCG×1, TTA×1"
277,nonsynonymous-only,0,1,17,5210,"D×2, I×2, K×2, N×2, V×2, Y×2, E×1, G×1, H×1, M×1, T×1","GAA×2171, AAG×1244, AAA×714, ATG×452, ATT×422, AAT×168, GTC×17, TAT×7, AAC×3, GAT×3, TAC×3, ACT×1, ATA×1, CAT×1, GAC×1, GGA×1, GTT×1"
278,nonsynonymous-only,0,1,11,3378,"L×3, I×2, C×1, F×1, K×1, P×1, S×1, Y×1","TAT×1117, TCA×1051, TTA×543, TGC×422, CCT×167, AAA×46, ATA×17, CTG×7, TTT×4, ATT×3, TTG×1"
279,nonsynonymous-only,0,1,9,3367,"A×1, C×1, F×1, I×1, N×1, P×1, R×1, S×1, T×1","TTT×1165, ATT×1051, TGC×452, GCT×422, CCC×167, AAT×87, AGG×21, ACC×1, TCC×1"
282,nonsynonymous-only,0,1,8,1214,"T×2, V×2, G×1, I×1, M×1, S×1","ATG×1164, GTA×21, TCT×21, ACA×3, GTG×2, ACG×1, ATA×1, GGT×1"
283,nonsynonymous-only,0,1,4,28,"S×2, K×1, R×1","TCC×21, AGA×4, TCA×2, AAA×1"
284,nonsynonymous-only,0,1,9,2325,"V×3, F×1, I×1, L×1, M×1, N×1, T×1","ACT×1168, TTT×574, GTG×452, ATG×80, AAT×46, ATT×2, GTC×1, GTT×1, TTA×1"
285,nonsynonymous-only,0,1,15,2213,"L×2, Q×2, R×2, S×2, T×2, E×1, F×1, K×1, M×1, P×1","ACT×1050, AGT×529, TTG×452, CTG×79, CAA×46, ACG×21, CGA×21, CAG×3, CCA×3, CGG×3, AAA×2, ATG×1, GAA×1, TCG×1, TTT×1"
286,nonsynonymous-only,0,1,14,3649,"L×3, I×2, V×2, A×1, E×1, F×1, M×1, P×1, Q×1, R×1","ATT×1343, CCA×1159, AGA×452, GTT×260, GCA×167, ATA×128, GAA×79, ATG×47, CAA×4, CTG×3, TTT×3, CTA×2, GTA×1, TTG×1"
287,nonsynonymous-only,0,1,22,8118,"S×6, L×5, P×3, F×2, C×1, K×1, R×1, V×1, W×1, Y×1","TTT×2362, TTA×1633, CTG×1557, CCA×1050, TCA×829, CGG×532, TTG×52, TAC×47, CCG×21, TGC×7, GTG×6, CTA×4, CTT×4, TTC×4, AAA×2, TCT×2, AGC×1, AGT×1, CCT×1, TCC×1, TCG×1, TGG×1"
288,nonsynonymous-only,0,1,21,7894,"D×2, I×2, K×2, L×2, Q×2, R×2, Y×2, E×1, F×1, G×1, M×1, P×1, S×1, W×1","AAA×1860, GAA×1218, ATC×1165, GGA×937, CAA×580, CGA×561, TTT×532, CGG×448, ATA×425, AAG×107, GAC×22, TTG×22, CCA×4, CAG×3, CTG×3, AGC×2, ATG×1, GAT×1, TAC×1, TAT×1, TGG×1"
289,nonsynonymous-only,0,1,20,8125,"G×3, A×2, K×2, L×2, N×2, T×2, D×1, E×1, I×1, M×1, P×1, Q×1, V×1","AAG×2112, AAC×1261, GGC×1035, GCG×930, CTG×827, AAA×692, ATA×452, ACA×247, CTA×245, GAG×109, CCG×92, GCT×47, GGG×22, AAT×16, GGA×16, GAC×14, CAG×3, ATG×2, GTG×2, ACG×1"
290,nonsynonymous-only,0,1,18,7460,"G×3, A×2, E×2, K×2, R×2, V×2, I×1, L×1, N×1, Q×1, T×1","GGG×1281, AAA×1245, GAA×1165, GCG×1117, GGA×692, AAG×469, GTG×422, AGG×400, CAG×364, ATA×100, GGT×98, TTG×47, GAG×31, AGA×15, GCA×7, GTA×4, ACA×2, AAT×1"
291,nonsynonymous-only,0,1,18,7351,"V×4, I×3, S×2, A×1, F×1, K×1, L×1, M×1, N×1, R×1, T×1, Y×1","ATT×1230, ACT×1173, AGA×1117, GCT×927, AAT×568, AGC×533, GTT×530, GTC×452, AAA×423, GTG×197, GTA×167, ATA×23, CTA×4, TAT×3, AGT×1, ATC×1, ATG×1, TTC×1"
292,nonsynonymous-only,0,1,17,4278,"I×2, K×2, L×2, R×2, Y×2, A×1, C×1, F×1, P×1, S×1, V×1, W×1","TCA×1169, TAC×724, AAG×532, CCC×529, AGA×452, AAA×365, TAT×326, CTG×79, CGG×47, TTG×24, ATA×21, TGG×3, ATT×2, GTA×2, GCA×1, TGT×1, TTT×1"
293,nonsynonymous-only,0,1,19,6293,"L×4, G×3, F×2, S×2, C×1, H×1, I×1, K×1, R×1, T×1, V×1, W×1","TTG×1766, TTA×1614, GGC×1050, TTT×535, ACA×529, CTG×439, ATT×174, TCA×159, AAA×7, TGG×4, CGT×3, TTC×3, GGA×2, GTT×2, TCG×2, CAT×1, CTA×1, GGG×1, TGT×1"
294,nonsynonymous-only,0,1,17,6143,"L×4, A×3, P×3, F×2, G×1, K×1, S×1, V×1, W×1","CTG×1165, TTC×1045, TTT×988, GCT×595, TCG×577, TTA×562, GTT×526, CCA×421, GCG×167, CCG×47, AAG×22, TTG×17, GGC×4, TGG×3, CCT×2, CTT×1, GCA×1"
295,nonsynonymous-only,0,1,15,5415,"L×4, F×2, Y×2, A×1, C×1, I×1, R×1, S×1, V×1, W×1","TTT×1697, TTG×1120, TGG×1089, TTA×1057, GTT×194, CGA×167, CTG×47, TGT×19, ATA×7, TTC×7, CTA×4, GCT×3, TCT×2, TAC×1, TAT×1"
296,nonsynonymous-only,0,1,13,4310,"A×2, G×2, L×2, F×1, K×1, M×1, N×1, S×1, V×1, W×1","TCG×1119, GGC×1054, TTT×541, GCG×528, ATG×452, CTG×422, AAC×167, TTG×21, GGT×2, AAA×1, GCA×1, GTG×1, TGG×1"
297,nonsynonymous-only,0,1,4,1092,"I×1, L×1, P×1, S×1","CCC×560, TTA×529, ATT×2, TCG×1"
298,nonsynonymous-only,0,1,4,1092,"K×1, S×1, T×1, Y×1","ACA×560, AAA×529, TAC×2, TCA×1"
299,nonsynonymous-only,0,1,9,1838,"I×2, N×2, S×2, D×1, G×1, T×1","GAT×570, GGT×529, ATC×524, AGT×167, ACC×36, AAC×7, AAT×2, AGC×2, ATT×1"
300,nonsynonymous-only,0,1,9,1867,"L×3, V×2, G×1, H×1, R×1, Y×1","CTG×560, TTA×549, GTT×529, GTG×167, CTA×50, GGA×7, TAT×3, AGA×1, CAT×1"
301,nonsynonymous-only,0,1,11,2828,"L×2, S×2, Y×2, D×1, F×1, K×1, N×1, R×1","AAT×1092, TAC×933, AGC×522, TAT×167, CTT×54, TTG×22, TTT×19, AGT×8, AAG×7, CGT×3, GAT×1"
302,nonsynonymous-only,0,1,13,2221,"S×4, F×2, Y×2, A×1, I×1, L×1, R×1, V×1","TAC×933, TCT×532, CTC×522, CGT×167, TTC×20, GCC×17, TTT×13, ATT×7, GTC×4, TAT×3, TCA×1, TCC×1, TCG×1"
303,nonsynonymous-only,0,1,12,2760,"D×2, I×2, K×2, L×2, V×2, Q×1, S×1","AAA×933, CTC×560, TCG×532, GAC×523, AAG×168, GTA×17, CAA×10, GAT×7, ATC×6, TTA×2, ATT×1, GTT×1"
304,nonsynonymous-only,0,1,12,2639,"E×2, K×2, G×1, H×1, I×1, L×1, M×1, N×1, T×1, V×1","AAG×927, GGA×532, GTA×529, ACG×393, ATG×167, AAA×48, GAG×17, GAA×14, AAC×6, ATC×3, CAT×2, CTA×1"
305,nonsynonymous-only,0,1,7,1707,"K×2, D×1, F×1, N×1, V×1, Y×1","TAT×1065, AAT×614, GAT×17, TTT×6, AAG×3, AAA×1, GTT×1"
306,nonsynonymous-only,0,1,8,203,"F×1, I×1, K×1, M×1, N×1, P×1, S×1, W×1","ATG×167, TGG×17, AAT×7, AAA×6, ATC×3, AGT×1, CCC×1, TTT×1"
307,nonsynonymous-only,0,1,4,30,"Y×2, K×1, N×1","AAA×17, TAT×8, AAT×4, TAC×1"
308,nonsynonymous-only,0,1,5,189,"C×1, I×1, K×1, R×1, V×1","AAG×167, ATT×17, AGG×2, GTC×2, TGT×1"
316,nonsynonymous-only,0,1,3,274,"I×1, S×1, V×1","ATC×161, AGC×107, GTC×6"
318,nonsynonymous-only,0,1,3,620,"C×1, Q×1, R×1","CAA×452, TGC×167, CGT×1"
319,nonsynonymous-only,0,1,3,620,"C×1, F×1, V×1","GTC×452, TGT×167, TTT×1"
320,nonsynonymous-only,0,1,11,3335,"P×3, C×1, E×1, G×1, H×1, I×1, L×1, S×1, T×1","GGA×1165, GAA×1121, TTA×452, CAT×422, TGT×167, CCA×2, CCT×2, ACA×1, ATC×1, CCG×1, TCA×1"
321,nonsynonymous-only,0,1,7,4413,"N×2, F×1, G×1, K×1, L×1, S×1","AAT×2524, AAC×1430, TTC×452, AGT×3, CTA×2, AAA×1, GGT×1"
322,nonsynonymous-only,0,1,10,5077,"G×4, S×3, D×1, I×1, V×1","GGC×2368, GGT×1479, AGC×641, GAT×453, AGT×118, GGA×11, GGG×3, TCG×2, ATT×1, GTG×1"
323,nonsynonymous-only,0,1,15,6728,"S×4, A×3, I×2, C×1, F×1, P×1, R×1, T×1, V×1","GCA×2218, GCT×1419, TCT×1117, GTT×950, ACT×854, ATT×68, CCT×47, GCC×25, AGG×21, TGT×3, TCA×2, AGT×1, ATA×1, TCC×1, TTT×1"
324,nonsynonymous-only,0,1,13,7111,"G×4, R×2, D×1, E×1, I×1, M×1, Q×1, T×1, V×1","GGT×2438, GGC×1146, GGA×1143, GAT×562, CGA×532, GGG×525, GAA×454, ATG×167, ATA×79, ACA×47, AGA×13, GTT×3, CAA×2"
325,nonsynonymous-only,0,1,10,7070,"A×2, K×2, R×2, E×1, I×1, Q×1, Y×1","AAA×2830, AAG×1707, GCA×933, GAA×578, CGA×560, CAA×256, GCT×167, AGG×21, TAT×17, ATA×1"
326,nonsynonymous-only,0,1,21,7142,"S×5, A×3, T×3, I×2, K×2, V×2, L×1, N×1, Q×1, R×1","ACA×1664, AGT×1169, TCA×1120, ACT×1053, GCA×931, ATT×560, AAG×452, CAA×79, AAA×74, AGA×17, ACG×8, GCC×3, ATA×2, GCG×2, TCC×2, AAT×1, AGC×1, GTA×1, GTG×1, TCT×1, TTA×1"
327,nonsynonymous-only,0,1,15,7149,"T×4, G×2, I×2, S×2, V×2, A×1, K×1, N×1","ATT×1644, ACG×1328, ACC×1106, ACT×1091, GCT×933, ATC×452, ACA×437, AAT×86, GTT×47, AAA×17, AGC×3, GGT×2, AGT×1, GGC×1, GTC×1"
328,nonsynonymous-only,0,1,20,5547,"L×4, I×3, T×3, D×2, G×2, A×1, E×1, M×1, Q×1, R×1, S×1","ATG×1539, ATT×1052, CTA×913, GAA×566, GAT×532, GGT×529, CTG×250, GGG×79, AGA×28, ACG×26, AGC×17, TTG×4, ACA×3, ATA×2, GAC×2, ACC×1, ATC×1, CAA×1, GCA×1, TTA×1"
329,nonsynonymous-only,0,1,18,5714,"L×4, I×3, S×3, D×2, F×2, G×1, H×1, M×1, Q×1","TTC×2214, TTA×1119, TTT×585, GAC×553, ATT×531, TTG×422, ATC×171, AGC×79, AGT×23, GGT×7, CTT×2, GAT×2, ATA×1, ATG×1, CAA×1, CAT×1, CTA×1, TCC×1"
330,nonsynonymous-only,0,1,12,5153,"R×3, N×2, F×1, G×1, I×1, K×1, S×1, V×1, Y×1","AAT×1598, AAA×1119, CGC×1038, AAC×541, ATT×529, AGT×246, CGT×33, GGT×21, TTC×17, TAT×9, AGA×1, GTA×1"
331,nonsynonymous-only,0,1,19,5073,"A×2, I×2, K×2, L×2, S×2, T×2, C×1, G×1, H×1, M×1, N×1, Q×1, V×1","AGT×1165, ATT×1120, CAT×1050, GCG×532, GGT×529, CAG×422, AAG×167, TGT×21, TTG×21, ACC×17, TCA×7, AAA×6, GCA×4, TTA×4, ATG×3, ACT×2, AAT×1, ATC×1, GTG×1"
332,nonsynonymous-only,0,1,8,3965,"L×4, I×2, R×1, T×1","ATT×2596, TTA×1165, TTG×167, ACT×21, ATC×12, CTC×2, CGT×1, CTG×1"
333,nonsynonymous-only,0,1,3,1336,"A×1, L×1, V×1","GCA×1165, GTG×167, CTT×4"
334,nonsynonymous-only,0,1,2,174,"F×1, Y×1","TAC×167, TTT×7"
336,nonsynonymous-only,0,1,2,8,"R×1, V×1","AGG×7, GTA×1"
337,nonsynonymous-only,0,1,5,575,"D×1, G×1, I×1, T×1, V×1","GAT×560, ATT×7, ACT×6, GGT×1, GTT×1"
338,nonsynonymous-only,0,1,5,577,"E×1, G×1, H×1, R×1, S×1","GGC×560, AGA×13, CAT×2, AGC×1, GAA×1"
339,nonsynonymous-only,0,1,4,564,"E×1, L×1, Q×1, R×1","CAA×560, CGA×2, GAA×1, TTA×1"
340,nonsynonymous-only,0,1,5,1156,"N×2, F×1, I×1, T×1","ATT×570, AAC×532, AAT×47, ACT×6, TTT×1"
341,nonsynonymous-only,0,1,3,540,"T×2, R×1","ACA×532, AGA×7, ACT×1"
342,nonsynonymous-only,0,1,2,541,"C×1, Y×1","TAT×540, TGT×1"
343,nonsynonymous-only,0,1,5,1147,"D×2, G×1, H×1, Y×1","CAT×560, GGC×532, GAC×47, TAT×7, GAT×1"
344,nonsynonymous-only,0,1,4,1149,"D×2, L×1, N×1","GAC×562, AAT×532, GAT×48, TTA×7"
345,nonsynonymous-only,0,1,6,2219,"R×2, S×2, C×1, W×1","AGG×1095, TCG×552, TGC×532, TGG×25, TCA×8, CGA×7"
346,nonsynonymous-only,0,1,9,2268,"R×2, S×2, C×1, F×1, G×1, H×1, Q×1","AGT×961, CGT×560, TCA×532, GGT×156, CAA×47, AGA×7, TGT×2, TTT×2, CAT×1"
347,nonsynonymous-only,0,1,8,2269,"A×1, F×1, H×1, I×1, L×1, P×1, S×1, T×1","ATT×833, CCT×567, CTT×532, ACT×262, TCC×48, GCT×24, TTT×2, CAT×1"
348,nonsynonymous-only,0,1,12,2286,"D×2, A×1, F×1, H×1, K×1, L×1, N×1, S×1, T×1, V×1, Y×1","AAC×1116, CAT×560, GAT×532, TTT×47, TAT×17, GTT×7, AAA×2, ACA×1, CTA×1, GAC×1, GCA×1, TCC×1"
349,nonsynonymous-only,0,1,7,2286,"S×3, A×1, C×1, I×1, T×1","GCC×831, ATT×560, TCC×542, ACC×286, TGT×47, TCA×19, TCT×1"
350,nonsynonymous-only,0,1,7,1168,"D×1, E×1, I×1, K×1, N×1, R×1, S×1","GAA×560, AGA×532, GAT×47, AAG×19, AGC×7, ATA×2, AAC×1"
351,nonsynonymous-only,0,1,5,586,"Y×2, C×1, H×1, W×1","CAT×560, TGG×17, TAT×7, TAC×1, TGT×1"
352,nonsynonymous-only,0,1,5,1118,"C×1, D×1, E×1, F×1, R×1","GAA×560, TGC×532, GAC×17, TTT×7, CGC×2"
353,nonsynonymous-only,0,1,8,2115,"E×2, K×2, G×1, S×1, T×1, Y×1","GAG×921, AAA×609, TCA×532, TAT×21, ACA×18, AAG×11, GGA×2, GAA×1"
354,nonsynonymous-only,0,1,5,2122,"D×1, I×1, K×1, R×1, S×1","AAA×1565, AGC×532, CGA×21, ATT×2, GAT×2"
355,nonsynonymous-only,0,1,7,3240,"E×1, H×1, I×1, N×1, P×1, S×1, Y×1","CCT×1118, TAT×990, GAA×560, CAT×532, AAT×21, TCT×17, ATT×2"
356,nonsynonymous-only,0,1,9,2685,"P×3, A×1, F×1, L×1, Q×1, R×1, S×1","CCG×1117, CCA×912, CCT×560, CTA×47, TCA×24, GCT×21, CAG×2, CGG×1, TTT×1"
357,nonsynonymous-only,0,1,8,2686,"F×2, A×1, E×1, G×1, I×1, L×1, V×1","GGT×1164, CTT×933, TTC×559, ATC×21, GCT×4, TTT×3, GAG×1, GTT×1"
358,nonsynonymous-only,0,1,9,2639,"K×2, E×1, G×1, L×1, N×1, P×1, Q×1, R×1","GAA×1495, CCA×1054, CTA×59, AAG×21, CAA×4, AAA×2, CGA×2, AAT×1, GGA×1"
359,nonsynonymous-only,0,1,8,2811,"F×2, I×2, L×2, Q×1, W×1","TGG×1285, TTT×940, TTG×552, TTC×21, TTA×8, ATA×2, CAG×2, ATT×1"
360,nonsynonymous-only,0,1,6,2748,"C×1, K×1, L×1, Q×1, S×1, V×1","TTA×2007, AAA×561, GTA×167, TGT×7, TCA×4, CAA×2"
361,nonsynonymous-only,0,1,12,4393,"L×2, R×2, S×2, C×1, G×1, P×1, T×1, V×1, W×1","TTA×1117, GGC×1050, TGG×933, CGC×555, GTA×532, TGC×167, TCA×22, ACG×7, CGT×5, CTG×2, TCG×2, CCA×1"
362,nonsynonymous-only,0,1,7,3833,"T×2, A×1, I×1, M×1, P×1, V×1","ATG×1117, ATC×1050, ACA×722, GCG×702, ACG×225, GTT×9, CCG×8"
363,nonsynonymous-only,0,1,5,1141,"V×3, D×1, G×1","GGA×1113, GAT×21, GTA×4, GTC×2, GTG×1"
364,nonsynonymous-only,0,1,6,2616,"C×1, F×1, K×1, N×1, R×1, Y×1","AAA×1120, TAT×934, TGT×532, AAT×21, TTT×7, CGC×2"
365,nonsynonymous-only,0,1,5,2614,"F×2, L×1, P×1, V×1","TTT×1658, TTC×933, CTC×21, CCT×1, GTT×1"
366,nonsynonymous-only,0,1,9,3225,"E×2, I×2, Q×2, A×1, G×1, R×1","CAG×1119, GAG×933, CAA×560, ATC×532, GCT×47, CGG×21, GGT×8, GAA×3, ATT×2"
367,nonsynonymous-only,0,1,10,3225,"R×3, H×2, S×2, C×1, G×1, N×1","CGT×1095, AGT×746, AGC×726, AAT×610, TGT×21, CAT×15, CGC×7, AGG×2, CAC×2, GGC×1"
368,nonsynonymous-only,0,1,10,2246,"K×2, C×1, E×1, F×1, H×1, L×1, M×1, Q×1, Y×1","TGC×1523, GAA×560, TAC×125, ATG×23, AAG×7, TTA×3, CAA×2, AAA×1, CAT×1, TTC×1"
369,nonsynonymous-only,0,1,10,3226,"L×3, F×2, C×1, H×1, I×1, K×1, Y×1","TTG×1117, TTC×933, ATT×560, CTT×533, TTT×68, CAT×7, CTC×3, AAG×2, TAT×2, TGC×1"
370,nonsynonymous-only,0,1,9,2108,"C×1, D×1, H×1, I×1, K×1, Q×1, R×1, S×1, Y×1","CAG×933, CAC×560, AGG×532, GAT×47, AAA×21, TGT×9, TAC×3, ATC×2, AGC×1"
371,nonsynonymous-only,0,1,10,2108,"L×2, R×2, D×1, E×1, G×1, I×1, N×1, V×1","AGA×933, GAC×558, CTT×532, TTA×47, CGT×22, ATT×7, GAA×3, AAC×2, GGA×2, GTA×2"
372,nonsynonymous-only,0,1,8,2103,"C×2, L×2, S×2, F×1, R×1","CGT×929, TTT×579, TGC×560, AGT×21, TCA×7, CTT×4, TTA×2, TGT×1"
373,nonsynonymous-only,0,1,8,2105,"A×1, F×1, H×1, Q×1, R×1, S×1, V×1, Y×1","TAT×980, CAT×534, GCT×529, GTT×31, TCT×21, CAG×7, TTT×2, AGG×1"
374,nonsynonymous-only,0,1,8,1570,"L×3, A×1, C×1, F×1, R×1, S×1","TTA×933, GCG×560, TTG×47, TTT×21, CGG×3, TCA×3, TGT×2, CTC×1"
375,nonsynonymous-only,0,1,8,2687,"F×2, D×1, G×1, I×1, P×1, S×1, V×1","GTT×1119, ATT×936, TTT×560, TTC×47, AGT×21, CCT×2, GAT×1, GGC×1"
376,nonsynonymous-only,0,1,12,2702,"R×3, F×2, I×2, C×1, G×1, Q×1, V×1, Y×1","CAG×1117, TAT×698, ATC×501, TGT×235, GTC×59, ATT×47, AGG×21, TTC×19, CGT×2, CGG×1, GGT×1, TTT×1"
377,nonsynonymous-only,0,1,7,2685,"F×2, L×2, V×2, A×1","TTT×1495, GTT×1119, TTC×47, TTA×21, CTT×1, GCT×1, GTC×1"
378,nonsynonymous-only,0,1,7,2123,"L×2, S×2, C×1, E×1, Y×1","TCA×1093, TTA×959, TCT×47, TAC×21, CTC×1, GAA×1, TGT×1"
379,nonsynonymous-only,0,1,6,1190,"E×1, K×1, N×1, R×1, S×1, T×1","ACC×1117, AGG×48, AGT×21, AAA×2, AAT×1, GAG×1"
386,nonsynonymous-only,0,1,2,169,"E×1, Y×1","GAG×167, TAT×2"
387,nonsynonymous-only,0,1,12,2371,"L×3, P×2, A×1, C×1, D×1, E×1, F×1, R×1, S×1","GAA×1117, CCG×560, TTG×452, CCA×167, CGC×47, TGT×21, TTT×2, AGC×1, CTT×1, GAC×1, GCC×1, TTA×1"
388,nonsynonymous-only,0,1,13,3305,"S×4, H×2, R×2, C×1, F×1, L×1, T×1, Y×1","TAT×1164, CAT×864, CAC×560, TCG×452, TTT×167, CGT×69, CTT×21, TCT×2, TGT×2, ACA×1, AGT×1, CGC×1, TCA×1"
389,nonsynonymous-only,0,1,11,2310,"L×2, S×2, K×1, P×1, Q×1, R×1, T×1, V×1, Y×1","TCA×1117, ACT×532, CCG×453, AGA×167, TAT×21, TTA×8, CTA×4, GTA×4, TCT×2, AAA×1, CAA×1"
390,nonsynonymous-only,0,1,13,2481,"G×2, L×2, A×1, E×1, F×1, K×1, Q×1, R×1, S×1, W×1, Y×1","GGA×1108, TTA×532, CAA×452, GCA×167, TTG×131, TTC×47, TAT×21, GGG×11, GAA×6, AAA×2, AGA×2, TCG×1, TGG×1"
391,nonsynonymous-only,0,1,9,2979,"K×2, E×1, F×1, H×1, N×1, Q×1, R×1, Y×1","TAT×1124, AAA×1094, CAA×456, CAT×167, GAA×132, AAG×2, AAT×2, CGA×1, TTT×1"
392,nonsynonymous-only,0,1,15,3054,"L×3, S×3, R×2, A×1, E×1, G×1, K×1, Q×1, V×1, Y×1","GAA×1118, GGG×560, TTG×554, CGA×452, GCA×167, TCA×131, CAA×47, TTA×7, CTG×6, TCC×5, CGT×2, TAC×2, AAA×1, GTA×1, TCT×1"
393,nonsynonymous-only,0,1,9,3439,"K×2, N×2, E×1, L×1, R×1, V×1, W×1","AAA×1196, AAT×1119, CGA×560, AAG×190, TGG×167, GTA×135, TTA×48, GAA×23, AAC×1"
394,nonsynonymous-only,0,1,11,4732,"I×3, D×2, A×1, K×1, L×1, N×1, T×1, V×1","ATT×3316, ACT×578, AAT×530, ATA×167, GAC×105, GAT×26, GCT×4, CTT×2, GTT×2, AAA×1, ATC×1"
395,nonsynonymous-only,0,1,17,4732,"S×3, F×2, G×2, R×2, A×1, D×1, E×1, I×1, K×1, N×1, T×1, Y×1","GGT×1717, TTC×1117, TTT×560, ACT×482, ATT×453, GAA×167, AAT×131, GGC×47, AAG×22, TAT×18, AGC×6, AGT×5, GCT×2, TCC×2, AGA×1, CGC×1, GAC×1"
396,nonsynonymous-only,0,1,18,4274,"L×4, I×3, A×2, S×2, T×2, F×1, M×1, P×1, V×1, Y×1","TTA×1693, ACC×578, TCT×533, TCA×529, GCC×337, CCA×198, TTG×168, ATC×130, ATA×55, TAT×21, ACT×15, GCG×8, TTT×3, CTT×2, ATG×1, ATT×1, CTA×1, GTA×1"
397,nonsynonymous-only,0,1,11,4279,"D×2, N×2, Y×2, F×1, G×1, K×1, S×1, T×1","AAT×2039, AGC×934, ACC×560, GGC×529, TAC×131, TTT×47, TAT×28, AAC×5, AAA×2, GAC×2, GAT×2"
398,nonsynonymous-only,0,1,15,4280,"G×3, S×2, A×1, D×1, E×1, F×1, K×1, N×1, P×1, R×1, V×1, Y×1","GGA×1117, AAT×935, GCC×560, AAA×553, CGC×532, GGT×198, GAA×174, CCT×131, GGC×47, TAC×21, TTT×8, AGT×1, GAC×1, GTT×1, TCC×1"
399,nonsynonymous-only,0,1,12,3716,"S×3, C×2, F×2, L×2, A×1, M×1, R×1","ATG×1117, TCT×987, TTT×712, TCC×525, GCA×197, TGC×167, TTC×4, AGG×2, TCG×2, TGT×1, TTA×1, TTG×1"
400,nonsynonymous-only,0,1,13,2780,"G×2, I×2, V×2, A×1, K×1, L×1, M×1, P×1, T×1, Y×1","GTC×1099, GCT×564, ACT×529, GGT×192, CCT×188, TTA×132, ATT×47, GTT×18, GGC×5, AAG×2, ATA×2, ATG×1, TAT×1"
401,nonsynonymous-only,0,1,12,2512,"S×4, L×3, A×1, F×1, I×1, N×1, Q×1","TTG×930, TCA×554, TTA×529, CTA×187, ATT×167, TCC×102, TCT×34, CAA×4, AAT×2, AGC×1, GCA×1, TTT×1"
402,nonsynonymous-only,0,1,3,693,"G×1, S×1, W×1","AGT×560, GGG×131, TGG×2"
403,nonsynonymous-only,0,1,4,694,"I×2, R×1, T×1","ATC×560, ATA×131, AGG×2, ACT×1"
404,nonsynonymous-only,0,1,7,1225,"G×2, L×2, C×1, E×1, S×1","GGA×548, TCA×529, GAA×131, GGG×12, TTG×3, TGC×1, TTA×1"
405,nonsynonymous-only,0,1,8,1233,"I×2, N×2, D×1, S×1, T×1, Y×1","AAT×646, ATT×560, AAC×15, GAT×7, TAT×2, ACT×1, AGT×1, ATC×1"
406,nonsynonymous-only,0,1,11,2778,"G×2, I×2, V×2, E×1, F×1, N×1, S×1, T×1","ATT×1641, ATC×560, GTT×533, TTT×21, AGT×7, GGC×6, ACT×4, GAA×2, GGT×2, AAC×1, GTC×1"
407,nonsynonymous-only,0,1,11,2777,"G×2, R×2, S×2, D×1, I×1, K×1, N×1, T×1","AGT×1103, GGT×930, ATT×529, CGT×131, AGC×41, ACC×21, AAA×9, AGG×6, GAT×5, AAC×1, GGA×1"
408,nonsynonymous-only,0,1,13,2646,"I×3, S×2, V×2, Y×2, L×1, M×1, N×1, T×1","TAT×934, AAT×553, TCA×529, ATT×426, ATC×140, CTT×47, TAC×7, AGT×4, ATA×2, ACC×1, ATG×1, GTC×1, GTT×1"
409,nonsynonymous-only,0,1,11,2638,"G×3, A×2, V×2, I×1, L×1, N×1, W×1","GTG×934, GCG×560, TGG×539, GGC×522, AAC×47, GTA×21, GGT×7, ATT×4, TTG×2, GCT×1, GGA×1"
410,nonsynonymous-only,0,1,10,2639,"I×2, C×1, D×1, L×1, N×1, S×1, T×1, V×1, Y×1","ATT×1501, TGT×532, ATC×522, GTT×51, TAT×21, CTT×7, AAC×2, ACA×1, GAT×1, TCC×1"
411,nonsynonymous-only,0,1,13,2772,"V×4, T×3, A×1, D×1, F×1, I×1, L×1, S×1","GTA×932, ATT×663, GTC×560, ACC×386, ACT×136, GAT×49, TTA×21, GCT×10, ACG×7, GTT×4, GTG×2, TCT×1, TTT×1"
412,nonsynonymous-only,0,1,2,133,"F×1, P×1","TTC×131, CCA×2"
413,nonsynonymous-only,0,1,16,5033,"S×3, F×2, K×2, L×2, N×2, Y×2, D×1, E×1, G×1","TTT×1569, TAC×1050, TAT×937, TTC×560, TCA×529, AAC×197, CTC×107, CTT×50, AAA×21, GAC×5, AAG×2, TCC×2, AAT×1, GAA×1, GGC×1, TCG×1"
414,nonsynonymous-only,0,1,17,3689,"L×3, D×2, F×2, N×2, S×2, V×2, C×1, G×1, I×1, Y×1","TTC×1119, TCT×1052, AAC×534, TGT×429, GAC×194, TAT×132, GTT×131, TTT×70, AAT×17, CTT×4, ATT×1, CTA×1, GAT×1, GGT×1, GTC×1, TCA×1, TTG×1"
415,nonsynonymous-only,0,1,20,5751,"L×3, P×3, T×3, F×2, S×2, V×2, Y×2, E×1, G×1, I×1","TTT×1633, CCT×1049, CCG×1001, GTT×533, GTC×487, TTC×456, TAC×197, TAT×131, ACG×72, ATC×64, TTA×49, TCG×44, GGT×22, CTG×6, CCA×2, ACC×1, ACT×1, GAA×1, TCT×1, TTG×1"
416,nonsynonymous-only,0,1,18,5757,"E×2, K×2, N×2, R×2, S×2, D×1, F×1, G×1, H×1, L×1, M×1, Q×1, V×1","AAC×1320, AGA×1124, GAT×1050, CAA×609, AAA×535, AGG×534, AAT×202, CTG×131, ATG×107, AGC×90, GAA×22, AGT×17, GAG×6, CAT×4, AAG×2, TTT×2, GGA×1, GTA×1"
418,nonsynonymous-only,0,1,12,5769,"G×2, K×2, R×2, E×1, I×1, L×1, N×1, Q×1, V×1","AAA×1858, AGA×1121, AGG×1052, AAC×697, GGA×563, GTA×422, AAG×28, GAA×19, CAA×6, ATA×1, GGG×1, TTA×1"
419,nonsynonymous-only,0,1,16,3784,"L×3, R×3, F×2, K×2, G×1, H×1, P×1, S×1, W×1, Y×1","TGG×1117, GGA×1050, TTC×563, TTG×529, TCA×327, CCG×167, AGG×7, AAG×6, TTA×5, TTT×4, TAC×3, CAC×2, AAA×1, CGC×1, CGG×1, CTA×1"
420,nonsynonymous-only,0,1,16,4459,"R×3, G×2, K×2, Q×2, T×2, D×1, N×1, P×1, W×1, Y×1","AAG×1119, CAG×1092, AAT×1051, AAA×551, CGA×422, TAC×131, TGG×45, GGA×28, CAA×6, CCA×4, AGG×3, ACA×2, GGG×2, ACG×1, CGG×1, GAT×1"
421,nonsynonymous-only,0,1,20,4248,"R×3, V×3, I×2, K×2, N×2, S×2, C×1, E×1, G×1, L×1, T×1, W×1","AGC×1119, AAC×1051, AAA×551, GGA×526, AAT×442, AAG×299, GTG×184, AGA×23, ATA×21, GTT×8, CGA×6, GTA×5, ATC×4, AGG×2, CTA×2, ACA×1, AGT×1, GAG×1, TGG×1, TGT×1"
422,nonsynonymous-only,0,1,21,4241,"R×4, L×3, G×2, K×2, Q×2, V×2, D×1, E×1, F×1, I×1, M×1, T×1","ATG×1541, GTG×1117, ATA×532, CAA×425, GGT×196, TTC×167, AAG×131, CTG×39, AAA×25, ACA×21, CGG×21, AGA×8, GTA×7, TTG×3, AGG×2, CAG×1, CGA×1, CTA×1, GAA×1, GAT×1, GGG×1"
423,nonsynonymous-only,0,1,16,4019,"A×2, K×2, S×2, C×1, E×1, F×1, G×1, L×1, N×1, P×1, Q×1, R×1, V×1","TCC×1113, GCA×1050, CAA×956, GTG×529, AAA×167, GAA×131, TCA×28, GGA×17, CGA×11, GCG×6, TTC×4, CCG×3, AAC×1, AAG×1, TGC×1, TTA×1"
424,nonsynonymous-only,0,1,14,3335,"G×3, I×3, T×2, K×1, M×1, N×1, R×1, V×1, Y×1","AAG×1648, GGG×1049, AGG×423, TAT×167, ATT×17, ACC×8, ATA×7, ATC×7, ATG×3, ACT×2, AAC×1, GGA×1, GGT×1, GTT×1"
425,nonsynonymous-only,0,1,12,2277,"I×2, S×2, A×1, C×1, F×1, M×1, N×1, R×1, T×1, V×1","ATG×1117, TTT×501, GCT×425, ATT×167, TGT×36, ATC×17, GTT×7, AAT×2, TCT×2, ACA×1, CGT×1, TCC×1"
426,nonsynonymous-only,0,1,8,1554,"L×2, S×2, I×1, K×1, R×1, T×1","TCA×1118, CTA×422, AGA×6, CTG×3, ATA×2, AAA×1, ACT×1, TCG×1"
427,nonsynonymous-only,0,1,4,1126,"L×2, A×1, F×1","TTG×1116, GCA×6, TTA×3, TTT×1"
428,nonsynonymous-only,0,1,6,1551,"H×1, I×1, L×1, N×1, T×1, V×1","ATT×1117, CAT×422, TTG×6, GTT×3, AAC×2, ACT×1"
429,nonsynonymous-only,0,1,4,1549,"L×2, V×2","TTG×1118, TTA×425, GTA×4, GTG×2"
430,nonsynonymous-only,0,1,5,1548,"K×1, L×1, M×1, P×1, R×1","CTG×1117, ATG×422, AAA×6, CGA×2, CCG×1"
431,synonymous-only,1,0,2,422,V×2,"GTC×408, GTA×14"
433,nonsynonymous-only,0,1,7,1722,"L×2, F×1, H×1, P×1, T×1, Y×1","CAT×1539, CTA×166, ACT×7, CCA×6, TAT×2, TTA×1, TTT×1"
434,nonsynonymous-only,0,1,8,1721,"K×2, R×2, E×1, L×1, T×1, W×1","CGG×1116, TTG×422, AAG×167, ACA×7, GAA×6, AAA×1, AGG×1, TGG×1"
435,nonsynonymous-only,0,1,7,1714,"R×2, F×1, I×1, L×1, Q×1, T×1","CGA×1442, CAA×253, TTT×7, ATA×6, AGA×4, ACA×1, TTG×1"
436,nonsynonymous-only,0,1,11,2305,"I×2, D×1, E×1, K×1, L×1, Q×1, S×1, T×1, V×1, Y×1","TCA×1117, CAA×560, GAG×422, TAT×166, ATT×21, ATA×13, GTT×2, AAG×1, ACC×1, CTT×1, GAT×1"
437,nonsynonymous-only,0,1,12,3840,"I×3, L×2, F×1, K×1, M×1, S×1, T×1, V×1, Y×1","TTT×1726, CTT×937, ATT×561, ATA×428, GTG×167, ATG×8, TCT×5, TTA×3, AAG×2, ACT×1, ATC×1, TAT×1"
438,nonsynonymous-only,0,1,17,3840,"A×2, G×2, L×2, N×2, V×2, C×1, D×1, E×1, F×1, I×1, P×1, Q×1","GTA×1539, TTG×939, GAT×563, ATT×532, TTC×167, TGT×49, AAC×21, GTT×7, GCG×6, GCT×5, GGT×4, CCA×2, GAA×2, AAT×1, CAA×1, CTA×1, GGC×1"
439,nonsynonymous-only,0,1,11,3832,"E×2, D×1, G×1, H×1, K×1, Q×1, R×1, S×1, W×1, Y×1","AAA×1916, TCA×1118, CAA×582, CAC×167, GAA×21, TGG×8, TAT×7, GAT×6, GGA×5, AGA×1, GAG×1"
440,nonsynonymous-only,0,1,14,3828,"T×4, A×2, E×2, I×1, K×1, L×1, M×1, R×1, V×1","ACC×1285, ACG×949, AAA×583, ACT×560, TTG×422, GAA×9, GCA×7, GCG×4, ATG×3, ACA×2, AGG×1, ATA×1, GAG×1, GTT×1"
441,nonsynonymous-only,0,1,16,3828,"K×2, L×2, Q×2, A×1, C×1, G×1, H×1, M×1, N×1, P×1, S×1, V×1, Y×1","AGT×1109, CTA×934, CAG×560, TAT×532, CAA×422, GTT×174, AAT×70, TGT×8, CCA×6, AAA×3, AAG×3, CAC×2, GCC×2, ATG×1, CTC×1, GGT×1"
442,nonsynonymous-only,0,1,9,2708,"R×3, Q×2, E×1, M×1, S×1, T×1","CAA×1655, TCG×560, GAG×422, CGC×49, AGG×9, ACA×6, CAG×3, ATG×2, CGA×2"
443,nonsynonymous-only,0,1,15,4491,"D×2, I×2, K×2, N×2, A×1, E×1, H×1, L×1, M×1, R×1, Y×1","AAA×878, AAC×770, GAA×694, ATA×664, GAC×434, AAT×422, GAT×398, ATG×167, TAT×49, AAG×8, CAC×2, GCA×2, ATT×1, CGC×1, TTG×1"
444,nonsynonymous-only,0,1,13,4495,"I×3, T×3, L×2, V×2, A×1, M×1, S×1","ATG×1361, ATA×1310, GTA×676, ACG×568, TCG×532, TTG×21, TTA×7, ACA×6, GCA×6, ATC×3, ACT×2, GTG×2, ATT×1"
445,nonsynonymous-only,0,1,7,2386,"F×2, S×2, A×1, L×1, T×1","CTC×1118, TTT×685, TCT×411, TTC×169, ACT×1, GCC×1, TCC×1"
446,nonsynonymous-only,0,1,7,631,"S×2, F×1, I×1, L×1, Q×1, W×1","CTA×422, TCA×167, CAG×35, TTC×3, TGG×2, ATT×1, TCT×1"
447,nonsynonymous-only,0,1,2,1287,"E×1, W×1","TGG×1120, GAA×167"
448,nonsynonymous-only,0,1,4,1542,"C×1, D×1, S×1, Y×1","TAT×1117, TGC×422, TCA×2, GAT×1"
449,nonsynonymous-only,0,1,4,1542,"E×1, L×1, T×1, V×1","GTT×1117, CTC×422, ACA×2, GAA×1"
450,nonsynonymous-only,0,1,3,1120,"C×1, I×1, T×1","TGT×1117, ACA×2, ATC×1"
451,nonsynonymous-only,0,1,3,1120,"A×1, P×1, T×1","CCG×1117, GCG×2, ACG×1"
452,nonsynonymous-only,0,1,4,1120,"C×1, L×1, P×1, S×1","CTT×1115, CCT×2, TGT×2, TCT×1"
453,nonsynonymous-only,0,1,3,1120,"C×1, G×1, R×1","GGC×1117, TGC×2, AGG×1"
454,nonsynonymous-only,0,1,5,1121,"C×1, D×1, F×1, I×1, L×1","TTT×1107, ATT×10, GAT×2, CTT×1, TGC×1"
455,nonsynonymous-only,0,1,3,1121,"C×1, R×1, Y×1","TGC×1118, TAC×2, CGC×1"
456,nonsynonymous-only,0,1,9,2333,"K×2, Q×2, G×1, H×1, P×1, R×1, Y×1","GGT×1117, AAA×1050, CAA×131, CGG×17, TAT×7, CAG×5, AAG×3, CCG×2, CAT×1"
457,nonsynonymous-only,0,1,10,3904,"K×2, R×2, S×2, C×1, F×1, G×1, V×1","AAA×1139, AGC×1118, GTT×1050, CGC×560, TTT×22, AGT×7, AAG×3, AGA×2, GGC×2, TGC×1"
458,nonsynonymous-only,0,1,10,3485,"R×2, D×1, H×1, I×1, K×1, N×1, S×1, V×1, Y×1","GAT×1575, CAT×695, AAT×582, TAT×426, GTT×134, AAA×49, ATT×21, AGT×1, CGC×1, CGT×1"
459,nonsynonymous-only,0,1,8,720,"H×2, A×1, C×1, D×1, F×1, L×1, S×1","TTC×560, CAT×131, TGT×21, CAC×3, AGT×2, GAT×1, GCA×1, TTA×1"
460,nonsynonymous-only,0,1,4,1254,"K×1, Q×1, R×1, S×1","CGT×1117, CAA×131, AAA×3, TCA×3"
461,nonsynonymous-only,0,1,5,1255,"G×1, K×1, T×1, W×1, Y×1","GGA×1117, TGG×131, AAA×3, ACC×3, TAT×1"
462,nonsynonymous-only,0,1,7,1678,"S×2, T×2, I×1, P×1, V×1","TCC×948, ACT×422, CCC×171, GTC×131, ATT×3, ACC×2, TCT×1"
463,nonsynonymous-only,0,1,7,2656,"R×2, L×1, N×1, Q×1, T×1, V×1","CGA×942, AAT×529, GTA×452, ACA×422, AGA×178, CAA×132, CTT×1"
464,nonsynonymous-only,0,1,8,3241,"C×2, Y×2, D×1, F×1, N×1, R×1","TAT×1649, TGC×895, GAT×560, CGC×131, TGT×3, AAT×1, TAC×1, TTT×1"
465,nonsynonymous-only,0,1,16,6950,"S×4, F×2, N×2, T×2, A×1, H×1, I×1, K×1, V×1, Y×1","TTT×2310, GTT×1179, ACT×939, AAT×880, TAC×561, TTC×529, TCC×423, GCT×107, AAC×7, TCT×5, AAG×3, ATT×2, CAT×2, ACA×1, AGC×1, TCA×1"
466,nonsynonymous-only,0,1,22,6973,"S×3, C×2, I×2, N×2, Q×2, R×2, Y×2, D×1, F×1, G×1, H×1, K×1, L×1, V×1","GAT×1629, AAT×1315, TAT×962, TAC×663, CAT×560, AAG×532, GTT×452, CTT×426, CGT×167, CAG×131, TCT×107, AGG×7, AGC×6, ATT×5, AAC×3, ATC×2, AGT×1, CAA×1, GGT×1, TGC×1, TGT×1, TTT×1"
467,nonsynonymous-only,0,1,23,6982,"S×4, L×3, P×3, C×2, F×2, A×1, E×1, G×1, H×1, I×1, Q×1, R×1, W×1, Y×1","TTC×1499, TGT×1226, GCT×1053, TTT×861, CTC×532, TGG×529, GGC×415, TCC×382, ATT×173, TTG×131, CCC×70, TCA×49, GAA×21, TAC×10, CAT×8, TGC×8, AGC×6, TTA×3, CCA×2, CAG×1, CCT×1, CGT×1, TCT×1"
468,nonsynonymous-only,0,1,8,4038,"R×3, C×1, G×1, K×1, Q×1, S×1","CGA×1195, AAA×1051, TGC×529, TCA×453, AGG×423, CAA×378, AGA×7, GGG×2"
469,nonsynonymous-only,0,1,17,5880,"R×3, E×2, K×2, N×2, Y×2, A×1, C×1, F×1, G×1, Q×1, T×1","GAG×1034, AGA×938, AAA×847, AAT×560, AGG×546, AAC×532, TTT×452, TAT×424, GGT×197, CAA×131, GAA×124, GCT×49, AAG×22, TGT×8, TAC×7, ACA×5, CGA×4"
470,nonsynonymous-only,0,1,19,6994,"A×2, I×2, N×2, S×2, T×2, V×2, C×1, D×1, F×1, G×1, H×1, K×1, R×1","AGC×2615, GTC×1411, AGA×664, ACT×643, GGT×532, AAC×425, AAA×364, GCT×132, ATC×94, AAT×66, TTT×21, ACC×7, GAT×7, AGT×6, GCC×2, GTT×2, ATT×1, CAT×1, TGC×1"
471,nonsynonymous-only,0,1,18,6291,"A×2, D×2, I×2, N×2, P×2, V×2, E×1, F×1, G×1, K×1, T×1, Y×1","GGT×1502, GTT×1088, AAT×953, AAC×689, GAC×562, AAA×531, GAT×422, ATT×209, GTC×197, TAT×108, GAA×17, GCT×4, ATC×2, CCC×2, TTT×2, ACA×1, CCT×1, GCC×1"
472,nonsynonymous-only,0,1,23,6467,"S×3, D×2, E×2, H×2, K×2, N×2, R×2, V×2, C×1, G×1, I×1, Q×1, T×1, Y×1","GGC×1532, TAT×1050, GAA×960, GAT×783, AAT×540, AGT×456, AGA×312, CGA×249, GTT×192, AAC×168, CAC×131, GTA×49, AGC×9, CAA×7, CAT×7, GAC×6, ATT×5, AAA×3, TGT×3, AAG×2, ACC×1, GAG×1, TCT×1"
473,nonsynonymous-only,0,1,17,4750,"C×2, G×2, K×2, L×2, S×2, A×1, F×1, I×1, P×1, Q×1, R×1, V×1","TGT×1107, CTT×1050, TCA×982, TGC×938, AAG×274, GGA×192, AAA×131, CAA×51, AGT×10, GCT×5, TTG×3, ATT×2, CCG×1, CGG×1, GGT×1, GTG×1, TTT×1"
474,nonsynonymous-only,0,1,5,1054,"I×2, H×1, P×1, R×1","CCA×1050, AGA×1, ATC×1, ATT×1, CAT×1"
475,nonsynonymous-only,0,1,2,2,"G×1, T×1","ACA×1, GGG×1"
476,nonsynonymous-only,0,1,2,3,"C×1, Y×1","TGT×2, TAT×1"
477,nonsynonymous-only,0,1,17,2499,"L×4, I×2, P×2, D×1, E×1, F×1, K×1, Q×1, R×1, S×1, T×1, Y×1","CTT×940, ATC×560, CCG×532, GAA×197, ATA×168, TTG×52, TTT×22, CTA×11, CAA×7, ACT×3, AAA×1, CCT×1, CGA×1, CTG×1, GAT×1, TAT×1, TCA×1"
478,nonsynonymous-only,0,1,12,1388,"K×2, L×2, Q×2, E×1, G×1, I×1, P×1, R×1, W×1","CGG×727, CAG×558, CAA×57, TGG×30, AAA×7, AAG×3, ATA×1, CCA×1, CTA×1, GAA×1, GGG×1, TTG×1"
479,nonsynonymous-only,0,1,13,2517,"E×2, I×2, K×2, N×2, D×1, F×1, L×1, V×1, Y×1","TAC×939, AAA×563, AAT×554, ATT×197, AAC×168, GAT×59, TTA×21, AAG×6, GAA×3, GTT×3, GAG×2, ATA×1, TTT×1"
480,nonsynonymous-only,0,1,13,1577,"L×3, V×3, I×2, A×1, F×1, G×1, N×1, S×1","GTT×562, TCA×532, GGT×221, GTA×170, ATT×50, TTA×21, GCC×7, ATA×6, TTT×3, AAT×2, CTA×1, CTC×1, GTC×1"
481,nonsynonymous-only,0,1,5,13,"A×1, C×1, H×1, K×1, P×1","GCT×6, CAC×3, TGT×2, AAA×1, CCT×1"
482,nonsynonymous-only,0,1,2,7,"K×1, M×1","AAG×6, ATG×1"
483,nonsynonymous-only,0,1,2,200,"A×1, F×1","TTT×199, GCT×1"
484,synonymous-only,1,0,2,3,L×2,"TTG×2, CTA×1"
485,nonsynonymous-only,0,1,2,3,"R×1, Y×1","CGT×2, TAC×1"
487,nonsynonymous-only,0,1,6,8,"R×2, C×1, H×1, P×1, S×1","CAT×2, CGT×2, AGT×1, CCG×1, CGC×1, TGC×1"
488,nonsynonymous-only,0,1,4,8,"I×2, D×1, F×1","ATT×4, GAT×2, ATC×1, TTT×1"
491,nonsynonymous-only,0,1,5,154,"T×2, A×1, I×1, L×1","GCA×131, ACC×17, ATC×4, ACA×1, CTG×1"
492,nonsynonymous-only,0,1,3,44,"I×1, K×1, N×1","AAA×21, ATT×21, AAT×2"
493,nonsynonymous-only,0,1,6,469,"L×3, F×1, K×1, Y×1","CTG×422, TTT×23, AAA×21, CTC×1, CTT×1, TAT×1"
494,nonsynonymous-only,0,1,9,1029,"N×2, R×2, K×1, M×1, Q×1, S×1, Y×1","AAT×518, TCG×422, AAC×42, ATG×21, CGA×21, TAC×2, AAA×1, CAA×1, CGG×1"
495,nonsynonymous-only,0,1,5,467,"I×1, K×1, N×1, R×1, S×1","AGT×423, AAA×21, ATT×21, AAT×1, AGG×1"
496,nonsynonymous-only,0,1,12,2916,"I×2, F×1, G×1, K×1, M×1, N×1, P×1, Q×1, R×1, S×1, T×1","GGA×938, TCA×544, ATT×529, CAA×422, AAT×197, AAA×174, ACT×50, TTT×22, AGA×21, CCA×16, ATA×2, ATG×1"
497,nonsynonymous-only,0,1,10,781,"E×2, I×2, R×2, G×1, L×1, S×1, V×1","GGA×560, AGA×167, ATT×21, ATA×19, GAG×6, GTA×4, CGA×1, GAA×1, TCA×1, TTA×1"
498,nonsynonymous-only,0,1,9,2487,"Q×2, R×2, F×1, K×1, L×1, P×1, W×1","CAG×1168, CAA×601, CCG×349, TGG×197, AGG×167, AAG×2, CGA×1, CTG×1, TTC×1"
499,nonsynonymous-only,0,1,16,3451,"L×3, V×3, F×2, D×1, E×1, I×1, K×1, N×1, S×1, T×1, Y×1","AAC×938, AAA×556, TTA×532, GAC×522, GAA×426, ACC×197, AGT×167, TAT×71, TTG×22, ATA×7, GTC×7, TTT×2, CTA×1, GTA×1, GTT×1, TTC×1"
500,nonsynonymous-only,0,1,10,1305,"S×2, Y×2, C×1, E×1, L×1, P×1, R×1, W×1","AGG×560, GAG×529, CCG×167, TAT×26, TGG×11, TTA×8, TAC×1, TCA×1, TCT×1, TGC×1"
501,nonsynonymous-only,0,1,15,2119,"K×2, L×2, A×1, D×1, G×1, H×1, I×1, Q×1, R×1, S×1, V×1, W×1, Y×1","AAA×746, AGA×532, CAC×516, ATA×197, CAA×34, GAC×28, AAG×21, TGG×21, TAC×16, GGC×2, TTA×2, GCG×1, GTT×1, TCG×1, TTG×1"
502,nonsynonymous-only,0,1,10,3028,"L×3, I×2, F×1, P×1, S×1, T×1, Y×1","CTT×1498, TAT×532, ACA×277, ATA×252, TTT×247, TTG×167, TTA×43, TCA×9, ATT×2, CCG×1"
503,nonsynonymous-only,0,1,9,3025,"L×3, F×2, P×2, S×2","TTA×1105, CCC×559, TTG×532, TTC×529, TCC×198, TTT×72, TCT×21, CTC×8, CCT×1"
504,nonsynonymous-only,0,1,12,3027,"L×3, T×2, E×1, I×1, K×1, M×1, P×1, Q×1, V×1","GAA×2070, GTG×534, ATC×168, AAA×147, CTA×50, ACC×21, TTG×21, CAA×7, ATG×6, ACG×1, CCA×1, TTA×1"
505,nonsynonymous-only,0,1,11,2134,"L×3, K×2, F×1, G×1, I×1, R×1, T×1, V×1","TTA×938, AGA×578, CTA×532, TTG×50, AAA×21, ATA×6, GGA×3, TTT×3, AAG×1, ACG×1, GTA×1"
506,nonsynonymous-only,0,1,9,2859,"K×2, N×2, A×1, C×1, I×1, M×1, R×1","ATC×926, AAA×581, AAG×537, AAT×529, AAC×199, GCA×50, AGA×21, ATG×14, TGC×2"
507,nonsynonymous-only,0,1,5,11,"C×1, D×1, K×1, Q×1, V×1","GTT×6, TGT×2, AAA×1, CAA×1, GAT×1"
508,nonsynonymous-only,0,1,2,2,"C×1, E×1","GAA×1, TGC×1"
509,nonsynonymous-only,0,1,5,10,"L×1, M×1, R×1, W×1, Y×1","TTG×6, ATG×1, CGG×1, TAC×1, TGG×1"
510,nonsynonymous-only,0,1,4,10,"D×1, E×1, P×1, Y×1","GAG×6, TAC×2, CCC×1, GAT×1"
513,nonsynonymous-only,0,1,3,9,"C×1, F×1, Y×1","TTC×6, TAT×2, TGC×1"
514,nonsynonymous-only,0,1,4,10,"I×1, K×1, N×1, Q×1","AAA×6, ATA×2, AAT×1, CAA×1"
515,nonsynonymous-only,0,1,3,10,"C×1, F×1, H×1","TGT×8, CAT×1, TTT×1"
516,nonsynonymous-only,0,1,4,10,"L×2, F×1, S×1","CTA×6, TTT×2, TCA×1, TTA×1"
517,nonsynonymous-only,0,1,3,4,"F×1, P×1, Q×1","TTT×2, CAG×1, CCG×1"
519,nonsynonymous-only,0,1,4,10,"I×1, L×1, Q×1, R×1","AGA×6, ATA×2, CAG×1, TTG×1"
520,nonsynonymous-only,0,1,5,1558,"K×2, T×2, E×1","AAA×941, GAA×560, ACA×49, ACG×7, AAG×1"
521,nonsynonymous-only,0,1,9,2091,"V×2, G×1, I×1, M×1, N×1, R×1, S×1, T×1","ATA×938, GTG×560, ACA×532, TCT×50, AGG×6, AAC×2, ATG×1, GGA×1, GTA×1"
522,nonsynonymous-only,0,1,7,593,"F×2, A×1, L×1, S×1, T×1, V×1","TCA×532, CTT×50, ACA×6, TTT×2, GCG×1, GTA×1, TTC×1"
523,nonsynonymous-only,0,1,5,592,"S×2, F×1, K×1, T×1","TTT×532, TCC×50, ACT×8, AAA×1, AGT×1"
524,nonsynonymous-only,0,1,3,589,"K×1, L×1, S×1","AAA×538, TCG×50, TTA×1"
525,nonsynonymous-only,0,1,8,614,"P×2, V×2, A×1, F×1, I×1, S×1","GCC×532, TTT×50, GTG×21, ATT×6, TCA×2, CCC×1, CCT×1, GTC×1"
526,nonsynonymous-only,0,1,7,642,"L×2, C×1, F×1, R×1, T×1, V×1","TGC×560, TTC×50, TTG×22, AGA×6, ACC×2, CTG×1, GTT×1"
527,nonsynonymous-only,0,1,7,86,"K×2, S×2, G×1, R×1, W×1","TCA×52, AAA×21, AGA×6, TGG×3, AAG×2, AGC×1, GGA×1"
528,nonsynonymous-only,0,1,9,2114,"R×2, T×2, A×1, I×1, K×1, M×1, N×1","AAA×1010, AAT×559, ATA×532, GCA×6, ACG×2, AGG×2, ACT×1, AGA×1, ATG×1"
529,nonsynonymous-only,0,1,5,1554,"K×2, A×1, Q×1, R×1","AGA×940, AAG×539, AAA×52, GCG×21, CAG×2"
530,nonsynonymous-only,0,1,9,2107,"E×2, R×2, D×1, K×1, N×1, Q×1, W×1","GAT×917, CAA×582, CGA×560, AAT×21, GAG×21, CGG×2, GAA×2, AAG×1, TGG×1"
531,nonsynonymous-only,0,1,3,560,"K×1, L×1, T×1","TTA×533, AAG×21, ACA×6"
532,nonsynonymous-only,0,1,13,6658,"E×2, K×2, Q×2, R×2, D×1, G×1, N×1, T×1, W×1","AAA×1395, AAG×1275, GAA×1165, GGG×1141, GAG×554, ACG×532, CGG×526, CAG×37, CAA×21, AGA×7, AAT×2, TGG×2, GAT×1"
533,nonsynonymous-only,0,1,17,6666,"L×4, I×3, F×2, S×2, V×2, A×1, M×1, P×1, T×1","ATT×2587, CTT×1296, AGC×1050, ACC×727, ATC×453, GCA×421, CTG×50, TTT×40, ATA×21, CTC×6, TCT×5, ATG×4, TTC×2, CCT×1, GTA×1, GTT×1, TTG×1"
534,nonsynonymous-only,0,1,3,82,"M×1, Q×1, S×1","TCA×77, CAA×4, ATG×1"
535,nonsynonymous-only,0,1,2,2,"I×1, V×1","ATC×1, GTC×1"
537,nonsynonymous-only,0,1,6,1953,"G×1, L×1, N×1, R×1, S×1, T×1","AGA×1117, GGG×664, ACG×169, AAC×1, TCG×1, TTA×1"
538,nonsynonymous-only,0,1,8,2084,"L×3, F×2, I×1, P×1, V×1","GTT×1113, CTC×632, CCC×167, TTC×131, CTT×34, ATT×4, TTT×2, CTA×1"
539,nonsynonymous-only,0,1,6,2084,"L×2, A×1, S×1, T×1, V×1","TCA×1284, TTA×665, ACG×131, GCG×2, GTG×1, TTG×1"
540,nonsynonymous-only,0,1,3,831,"G×2, V×1","GGC×663, GTA×167, GGT×1"
541,nonsynonymous-only,0,1,4,831,"R×2, K×1, N×1","AGA×630, AAT×167, AGG×32, AAA×2"
542,nonsynonymous-only,0,1,7,1256,"N×2, D×1, F×1, G×1, I×1, V×1","AAC×632, GTC×422, ATT×167, AAT×32, GAT×1, GGT×1, TTT×1"
543,nonsynonymous-only,0,1,20,5424,"A×3, G×3, L×3, E×2, K×2, S×2, D×1, I×1, N×1, P×1, R×1","GCG×1929, GGA×693, GGG×667, AGA×591, GCT×532, TTA×530, GGC×363, AAA×57, AAG×21, TCG×17, TCA×8, AAT×3, GAG×3, ATA×2, CCG×2, CTA×2, CTG×1, GAA×1, GAC×1, GCA×1"
547,nonsynonymous-only,0,1,4,169,"A×1, K×1, T×1, V×1","GCA×166, AAA×1, ACG×1, GTA×1"
548,nonsynonymous-only,0,1,15,6952,"L×4, F×2, H×2, Y×2, C×1, I×1, M×1, P×1, R×1","CTA×1165, TGT×1126, TAT×1021, ATG×939, TTT×689, CTG×663, CAC×560, TTG×535, TTA×170, TAC×51, ATT×26, TTC×4, CAT×1, CCA×1, CGC×1"
549,nonsynonymous-only,0,1,22,7371,"L×5, P×3, A×2, G×2, T×2, V×2, D×1, F×1, M×1, N×1, R×1, S×1","GCA×1637, ACA×1171, ATG×1118, CCG×1052, GTA×667, ACG×557, GGG×500, CTG×422, AAC×107, TTC×49, GGA×29, CCT×21, CTT×21, GCT×8, GTG×3, TCC×3, CCA×1, CGC×1, CTA×1, GAC×1, TTA×1, TTG×1"
550,nonsynonymous-only,0,1,14,7377,"D×2, E×2, K×2, Y×2, F×1, G×1, H×1, L×1, N×1, R×1","GAA×2596, AAA×2012, GAG×1161, AAT×560, TAT×554, AAG×474, GAC×7, GAT×3, TAC×3, GGG×2, TTA×2, AGA×1, CAT×1, TTT×1"
551,nonsynonymous-only,0,1,16,7367,"E×2, G×2, K×2, N×2, R×2, A×1, L×1, M×1, Q×1, V×1, W×1","AAG×1462, AAA×1273, GGA×1166, AGA×1052, GAA×941, GTA×664, TTA×560, GGG×167, AAT×49, CAG×22, GCA×5, AAC×2, AGG×1, ATG×1, GAG×1, TGG×1"
552,nonsynonymous-only,0,1,19,5152,"S×3, I×2, N×2, R×2, Y×2, C×1, D×1, E×1, F×1, H×1, K×1, P×1, Q×1","AAT×1537, TTT×1118, ATT×670, CGT×664, TAT×539, AGT×422, CAT×167, AAA×10, GAA×6, GAT×5, TGT×3, AAC×2, CAA×2, TCC×2, AGA×1, AGC×1, ATC×1, CCT×1, TAC×1"
553,nonsynonymous-only,0,1,23,5035,"T×3, D×2, I×2, N×2, R×2, S×2, Y×2, A×1, F×1, G×1, H×1, K×1, L×1, M×1, V×1","AGT×937, ACG×924, TAT×665, GAT×558, TCT×532, AAA×531, GTA×422, ACA×193, AAT×169, TTT×71, CGA×7, TAC×6, AAC×5, TTG×3, ATT×2, GAC×2, GCC×2, ACC×1, ATA×1, ATG×1, CAC×1, CGC×1, GGC×1"
554,nonsynonymous-only,0,1,14,3250,"L×3, I×2, P×2, E×1, F×1, G×1, H×1, K×1, Q×1, W×1","CAA×1487, TTG×537, GAA×529, TTA×422, TGG×167, TTC×50, ATA×22, AAA×21, ATT×6, GGA×3, CAT×2, CTA×2, CCA×1, CCG×1"
555,nonsynonymous-only,0,1,9,1268,"S×2, C×1, E×1, G×1, I×1, N×1, T×1, V×1","AGT×539, ATT×529, GAA×167, AAT×22, GGT×6, AGC×2, ACC×1, GTG×1, TGT×1"
556,nonsynonymous-only,0,1,5,541,"G×1, M×1, R×1, T×1, V×1","GGG×531, ACA×7, AGA×1, ATG×1, GTG×1"
557,nonsynonymous-only,0,1,5,548,"I×1, K×1, M×1, R×1, T×1","AAA×532, ATG×7, ACC×6, ATC×2, AGA×1"
558,nonsynonymous-only,0,1,5,548,"T×3, A×1, G×1","ACA×532, GCT×7, ACC×6, ACT×2, GGC×1"
559,nonsynonymous-only,0,1,6,549,"P×2, A×1, F×1, K×1, L×1","CCT×532, CTT×7, GCA×6, AAA×2, CCA×1, TTT×1"
560,nonsynonymous-only,0,1,8,717,"L×3, F×1, H×1, I×1, K×1, Q×1","TTT×532, CAT×167, TTA×7, CTT×6, CAA×2, AAA×1, ATA×1, TTG×1"
561,nonsynonymous-only,0,1,9,1148,"I×2, L×2, A×1, N×1, S×1, T×1, V×1","AAT×423, ATT×399, TTG×167, GTT×142, GCT×7, ATC×6, CTT×2, ACT×1, AGT×1"
562,nonsynonymous-only,0,1,10,1149,"L×2, S×2, A×1, F×1, H×1, R×1, V×1, Y×1","CTT×532, TTT×428, CGT×167, TCT×9, TAT×8, CAC×1, GCA×1, GTT×1, TCC×1, TTA×1"
563,nonsynonymous-only,0,1,5,593,"C×1, E×1, G×1, K×1, W×1","AAA×422, TGG×167, GAA×2, GGA×1, TGT×1"
564,nonsynonymous-only,0,1,15,6484,"K×2, L×2, R×2, V×2, D×1, E×1, G×1, I×1, N×1, P×1, Q×1","AAT×1774, CAA×1412, GGT×1050, AGA×874, AAG×545, GAT×533, AAA×132, AGG×131, ATA×22, CCC×5, TTG×2, CTT×1, GAA×1, GTG×1, GTT×1"
565,nonsynonymous-only,0,1,18,7662,"A×3, I×3, F×2, S×2, V×2, D×1, E×1, G×1, N×1, T×1, Y×1","TTT×2182, ATT×1787, GAG×1244, ATA×939, ATC×665, GCC×529, TAT×131, GTT×107, TCA×50, GAT×8, AAT×4, GCT×4, GGT×4, GCG×3, GTG×2, ACT×1, TCC×1, TTC×1"
566,nonsynonymous-only,0,1,16,7634,"T×3, G×2, I×2, R×2, S×2, A×1, K×1, L×1, M×1, V×1","ACA×2461, AAA×2286, TTA×1272, ATA×555, TCA×533, AGG×167, GCA×152, ATT×114, ACG×72, GTA×7, AGA×6, TCC×5, ACC×1, ATG×1, GGA×1, GGG×1"
567,nonsynonymous-only,0,1,10,4638,"I×2, S×2, A×1, D×1, E×1, N×1, T×1, V×1","AAT×2203, ATT×1787, ATC×529, GAT×107, GTT×4, GCT×3, GAA×2, ACT×1, AGC×1, AGT×1"
568,nonsynonymous-only,0,1,10,4103,"D×1, E×1, F×1, G×1, N×1, P×1, Q×1, S×1, T×1, V×1","GAA×1165, TCT×1117, AAT×831, GAT×529, GGT×452, ACT×4, GTA×2, CAA×1, CCC×1, TTC×1"
569,nonsynonymous-only,0,1,7,2481,"G×3, C×1, D×1, Q×1, R×1","GGT×1117, CGA×664, GAT×529, CAG×167, GGG×2, GGC×1, TGC×1"
571,nonsynonymous-only,0,1,2,530,"I×1, V×1","ATT×529, GTG×1"
572,nonsynonymous-only,0,1,2,530,"E×1, V×1","GAA×529, GTT×1"
573,nonsynonymous-only,0,1,4,536,"C×1, F×1, L×1, V×1","TTC×529, TTG×4, GTG×2, TGT×1"
574,nonsynonymous-only,0,1,6,562,"K×2, E×1, G×1, S×1, V×1","TCA×529, GTA×21, GGG×5, AAG×4, GAA×2, AAA×1"
575,nonsynonymous-only,0,1,9,694,"I×2, A×1, E×1, G×1, K×1, N×1, S×1, T×1","GAA×532, AAA×131, ATT×21, ACA×4, ATA×2, AAT×1, GCT×1, GGA×1, TCT×1"
576,nonsynonymous-only,0,1,16,6473,"L×3, I×2, S×2, T×2, F×1, G×1, K×1, M×1, P×1, V×1, W×1","TTA×1876, TCA×1617, ACA×1169, ATG×942, TTT×664, ATA×111, TTG×38, AAG×21, GTA×21, CTA×5, GGA×4, ACG×1, AGT×1, ATT×1, CCT×1, TGG×1"
577,nonsynonymous-only,0,1,16,7754,"A×4, T×3, G×2, I×2, V×2, F×1, L×1, M×1","ACT×2655, ATT×1783, ATC×1172, GCC×788, GCT×544, GGC×493, GCA×166, GTT×80, GGT×36, ACC×24, TTT×4, CTT×3, ACA×2, GTA×2, ATG×1, GCG×1"
578,nonsynonymous-only,0,1,16,7683,"I×3, A×2, T×2, C×1, F×1, G×1, K×1, L×1, M×1, N×1, S×1, V×1","ATG×1495, GCA×1165, TTA×1117, TTC×1050, ATT×881, ACT×664, GCT×641, GTT×530, ATC×115, ATA×13, AAT×7, AAA×1, ACC×1, GGT×1, TCT×1, TGT×1"
579,nonsynonymous-only,0,1,16,7670,"L×4, I×3, F×2, P×2, A×1, C×1, S×1, T×1, V×1","TTT×3230, TCA×1332, CCA×1165, ATC×927, TGC×452, TTC×198, TTA×181, ATT×133, GCA×22, ATA×12, CTT×8, CTC×4, TTG×3, ACG×1, CCT×1, GTT×1"
580,nonsynonymous-only,0,1,21,7174,"V×4, A×2, G×2, H×2, L×2, S×2, T×2, C×1, D×1, I×1, M×1, Q×1","ATC×2544, GTT×1118, GGG×1049, CAT×937, GGT×665, GTG×197, GTC×168, ACC×167, TGT×131, TTG×107, ATG×50, CAA×21, AGT×5, GTA×5, TTA×3, CAC×2, ACG×1, AGC×1, GAT×1, GCC×1, GCG×1"
581,nonsynonymous-only,0,1,14,3900,"L×3, S×3, C×2, F×2, H×1, P×1, T×1, V×1","TTT×1635, TCT×1117, TCC×663, CTC×361, CCT×106, TGT×4, GTC×3, TTC×3, ACG×2, CTG×2, AGC×1, CAT×1, CTT×1, TGC×1"
582,nonsynonymous-only,0,1,10,2627,"H×2, V×2, A×1, F×1, G×1, I×1, N×1, S×1","CAC×1092, GTT×661, TCA×452, TTT×197, GCT×168, CAT×28, ATT×23, AAC×3, GTA×2, GGC×1"
583,nonsynonymous-only,0,1,3,832,"K×1, Q×1, Y×1","CAA×481, AAA×350, TAT×1"
584,nonsynonymous-only,0,1,3,24,"P×2, R×1","CGT×21, CCA×2, CCT×1"
585,nonsynonymous-only,0,1,2,24,"K×1, Y×1","TAT×21, AAA×3"
586,nonsynonymous-only,0,1,7,558,"L×2, A×1, F×1, G×1, S×1, V×1","GTA×398, GCA×134, TTG×21, TCA×2, CTT×1, GGG×1, TTT×1"
587,nonsynonymous-only,0,1,4,5,"L×2, G×1, K×1","TTA×2, AAA×1, CTA×1, GGG×1"
588,nonsynonymous-only,0,1,7,564,"F×2, A×1, I×1, L×1, M×1, V×1","TTT×532, GCA×16, TTA×6, GTA×5, ATT×2, TTC×2, ATG×1"
589,nonsynonymous-only,0,1,6,562,"A×1, E×1, I×1, T×1, V×1, Y×1","GCA×532, TAT×21, ACA×6, ATA×1, GAA×1, GTA×1"
590,nonsynonymous-only,0,1,3,571,"F×2, I×1","TTT×544, ATT×21, TTC×6"
591,nonsynonymous-only,0,1,2,23,"C×1, R×1","TGT×21, CGT×2"
592,nonsynonymous-only,0,1,4,36,"E×1, K×1, Q×1, S×1","TCA×21, GAA×7, AAG×6, CAA×2"
593,nonsynonymous-only,0,1,5,566,"F×2, E×1, G×1, P×1","TTC×531, GAA×21, CCA×7, GGG×6, TTT×1"
594,nonsynonymous-only,0,1,5,568,"I×1, L×1, M×1, Q×1, V×1","CTA×532, ATG×21, GTT×7, CAG×6, ATA×2"
595,nonsynonymous-only,0,1,4,35,"E×1, L×1, P×1, Y×1","GAG×21, TAT×7, CTA×6, CCA×1"
596,nonsynonymous-only,0,1,9,1620,"K×2, S×2, F×1, N×1, P×1, R×1, Y×1","AGC×1049, CCT×532, AAG×21, TTT×7, TAT×6, AAA×2, AAC×1, CGT×1, TCC×1"
597,nonsynonymous-only,0,1,5,1621,"S×2, F×1, I×1, T×1","TCC×1050, TTT×561, ACT×7, ATC×2, TCT×1"
598,nonsynonymous-only,0,1,5,1621,"L×2, A×1, S×1, V×1","GTA×1051, TTA×534, CTA×27, GCA×7, TCA×2"
600,nonsynonymous-only,0,1,2,22,"E×1, F×1","GAG×21, TTC×1"
606,nonsynonymous-only,0,1,2,23,"L×1, T×1","TTG×21, ACC×2"
607,nonsynonymous-only,0,1,3,562,"C×1, H×1, L×1","CTC×532, CAT×21, TGT×9"
608,nonsynonymous-only,0,1,3,562,"L×2, I×1","TTA×553, CTG×7, ATA×2"
609,nonsynonymous-only,0,1,4,562,"L×2, I×1, P×1","CCA×531, ATA×23, CTT×7, CTA×1"
610,nonsynonymous-only,0,1,4,562,"L×2, I×1, V×1","CTC×532, GTT×21, TTA×7, ATA×2"
611,nonsynonymous-only,0,1,4,562,"I×1, L×1, P×1, T×1","CCA×532, ATA×21, CTA×7, ACT×2"
612,nonsynonymous-only,0,1,3,555,"L×2, R×1","AGA×532, CTT×21, TTA×2"
613,nonsynonymous-only,0,1,11,2121,"N×2, S×2, Y×2, E×1, F×1, H×1, P×1, T×1","AAT×941, CAT×560, TAT×529, TAC×50, CCA×21, ACT×7, TCC×5, TCT×5, AAC×1, GAA×1, TTT×1"
614,nonsynonymous-only,0,1,7,1023,"L×3, E×1, F×1, T×1, W×1","TTT×944, TTG×50, ACA×21, GAA×4, CTA×2, TGG×1, TTA×1"
615,nonsynonymous-only,0,1,13,2129,"L×2, R×2, S×2, C×1, G×1, K×1, Q×1, V×1, W×1, Y×1","TCT×939, TCC×560, CTG×532, TGG×50, TAT×21, AAA×7, CGA×6, TGC×5, AGA×4, GTA×2, CAG×1, GGA×1, TTA×1"
616,nonsynonymous-only,0,1,7,1569,"L×3, V×2, F×1, S×1","TTG×1494, GTG×50, TTA×13, CTT×5, TCA×4, TTT×2, GTC×1"
617,nonsynonymous-only,0,1,12,2125,"D×2, V×2, A×1, C×1, H×1, I×1, N×1, S×1, T×1, Y×1","GCT×935, ATT×560, ACT×533, GTT×53, GAC×21, AAC×7, TAC×6, TGT×5, CAC×2, GAT×1, GTC×1, TCT×1"
618,nonsynonymous-only,0,1,12,2150,"C×2, S×2, Y×2, F×1, H×1, K×1, L×1, R×1, W×1","TTT×943, AAG×560, TGT×532, TAT×53, CAT×21, TGC×18, TAC×10, AGG×7, TCT×2, TGG×2, TCA×1, TTA×1"
619,nonsynonymous-only,0,1,10,1030,"L×3, F×2, S×2, I×1, R×1, V×1","TTG×942, TCA×50, AGT×18, GTG×7, TTT×5, CGT×4, ATC×1, CTA×1, TTA×1, TTC×1"
620,nonsynonymous-only,0,1,15,1542,"F×2, H×2, L×2, Y×2, C×1, K×1, P×1, Q×1, S×1, V×1, W×1","CCT×924, TGT×532, CAT×22, CTT×20, AGC×18, TTT×7, TAC×6, TTG×4, CAA×2, CAC×2, AAA×1, GTG×1, TAT×1, TGG×1, TTC×1"
621,nonsynonymous-only,0,1,10,2100,"F×2, S×2, C×1, I×1, L×1, R×1, T×1, Y×1","TGT×1460, TAT×560, CTT×28, TTT×26, ACT×18, ATT×4, AGT×1, CGA×1, TCT×1, TTC×1"
622,nonsynonymous-only,0,1,11,1154,"F×2, L×2, R×2, E×1, N×1, Q×1, W×1, Y×1","CGG×558, TTT×532, AAT×22, TTC×18, CTA×7, CGT×6, TAT×4, TGG×3, TTG×2, CAG×1, GAA×1"
623,nonsynonymous-only,0,1,12,2273,"L×4, P×3, S×2, F×1, I×1, V×1","CTA×561, TTG×538, TTT×532, TCG×390, CCT×173, TTA×44, CCA×18, CTG×7, GTG×6, TCA×2, ATA×1, CCC×1"
624,nonsynonymous-only,0,1,11,1775,"H×2, Y×2, A×1, C×1, F×1, G×1, N×1, R×1, V×1","CAC×939, TAC×560, TGT×167, GTT×50, TTT×28, GCT×21, AAT×5, TAT×2, CAT×1, CGA×1, GGA×1"
625,nonsynonymous-only,0,1,8,1626,"C×2, L×2, S×2, R×1, Y×1","TTA×797, TCG×561, TGC×168, TGT×51, TAT×26, CGC×21, TCC×1, TTG×1"
626,nonsynonymous-only,0,1,3,24,"K×1, L×1, Y×1","TAC×21, TTA×2, AAG×1"
627,nonsynonymous-only,0,1,2,3,"L×1, Y×1","CTT×2, TAC×1"
632,nonsynonymous-only,0,1,3,3,"P×2, W×1","CCA×1, CCG×1, TGG×1"
634,nonsynonymous-only,0,1,3,9,"F×1, L×1, Y×1","TTA×6, TAT×2, TTC×1"
635,nonsynonymous-only,0,1,3,9,"C×1, S×1, Y×1","TGC×6, TCC×2, TAC×1"
638,nonsynonymous-only,0,1,3,11,"G×1, I×1, V×1","ATT×6, GGC×3, GTC×2"
639,nonsynonymous-only,0,1,2,5,"S×1, W×1","TGG×3, TCG×2"
640,nonsynonymous-only,0,1,2,9,"N×1, V×1","GTG×6, AAT×3"
641,nonsynonymous-only,0,1,6,670,"D×2, A×1, E×1, K×1, R×1","GAC×500, GCG×131, GAT×29, GAG×6, AGA×3, AAG×1"
642,nonsynonymous-only,0,1,11,1977,"L×3, R×3, C×1, H×1, K×1, Q×1, S×1","TTG×684, CAG×529, CTA×452, TTA×298, AGA×6, CAC×3, AAG×1, AGG×1, CGG×1, TCA×1, TGT×1"
643,nonsynonymous-only,0,1,13,2397,"A×2, K×2, R×2, C×1, F×1, I×1, P×1, Q×1, V×1, W×1","GCG×661, CCT×529, AAG×446, TGG×425, ATT×167, GTT×131, CGG×21, AAA×7, CAG×4, GCA×3, AGG×1, TGC×1, TTT×1"
644,nonsynonymous-only,0,1,17,4600,"C×2, D×2, G×2, K×2, R×2, S×2, A×1, L×1, M×1, T×1, V×1","GAT×1284, AAA×1181, GGA×668, GTT×529, TCC×453, ATG×422, ACT×22, GGG×16, AAG×6, AGA×5, CTT×4, AGC×3, GAC×2, TGT×2, AGG×1, GCA×1, TGC×1"
645,nonsynonymous-only,0,1,13,5901,"K×2, L×2, R×2, A×1, E×1, G×1, I×1, N×1, Q×1, V×1","AAA×1643, GAA×1216, GTA×1117, AAG×1081, AAC×420, CAA×366, TTA×50, AGG×3, AGA×1, ATA×1, GCA×1, GGA×1, TTG×1"
646,nonsynonymous-only,0,1,20,8188,"S×3, T×3, V×3, E×2, I×2, K×2, N×2, D×1, G×1, R×1","AGT×1699, AAC×1683, AAA×1074, GTA×939, ACA×800, ACT×551, GTC×506, AGA×422, AAG×197, TCA×167, GTT×59, ATA×50, AGC×25, GAG×6, GAA×3, AAT×2, GGA×2, ACC×1, ATC×1, GAT×1"
647,nonsynonymous-only,0,1,23,8169,"G×4, S×3, E×2, K×2, N×2, R×2, A×1, C×1, D×1, I×1, Q×1, T×1, V×1, Y×1","AAT×1203, CAA×1166, TCC×1117, GAA×1054, TAT×951, AGT×783, GTG×664, GGA×541, AGA×197, AGC×156, GAT×135, CGA×107, GGT×50, AAA×21, AAG×10, ACT×5, GAG×3, AAC×1, ATT×1, GCT×1, GGC×1, GGG×1, TGT×1"
648,nonsynonymous-only,0,1,16,8181,"T×4, I×3, A×2, V×2, F×1, K×1, M×1, N×1, S×1","ATT×3367, ACG×1165, ACC×1086, ATC×941, ATG×562, TCT×529, GTT×311, ACA×167, AAA×21, GCC×21, ATA×4, AAT×2, GCG×2, ACT×1, GTG×1, TTC×1"
649,nonsynonymous-only,0,1,4,4,"G×1, S×1, T×1, W×1","ACG×1, AGC×1, GGC×1, TGG×1"
650,nonsynonymous-only,0,1,12,1581,"S×3, R×2, C×1, F×1, L×1, P×1, T×1, W×1, Y×1","CGT×896, CTT×529, TTT×56, CGC×41, CCT×31, AGT×21, TGT×2, ACT×1, AGC×1, TAC×1, TCA×1, TGG×1"
651,nonsynonymous-only,0,1,9,1552,"I×2, S×2, G×1, K×1, L×1, N×1, T×1","ACT×939, ATT×560, AAT×23, ATA×21, AAA×5, AGC×1, GGA×1, TCA×1, TTA×1"
652,nonsynonymous-only,0,1,4,568,"C×1, K×1, L×1, Y×1","AAG×561, TAC×5, CTT×1, TGC×1"
653,nonsynonymous-only,0,1,7,1545,"F×2, T×2, I×1, R×1, S×1","TTT×939, AGA×560, ACC×21, TCA×21, ATC×2, ACA×1, TTC×1"
654,nonsynonymous-only,0,1,7,2057,"A×1, C×1, G×1, K×1, N×1, V×1, Y×1","TAC×940, AAT×560, GGT×529, AAG×21, GTT×4, TGT×2, GCG×1"
655,nonsynonymous-only,0,1,10,1335,"A×2, S×2, G×1, L×1, M×1, N×1, Q×1, V×1","CAA×560, ATG×529, AAT×168, TCG×49, AGT×21, GTG×4, GCA×1, GCC×1, GGT×1, TTG×1"
656,nonsynonymous-only,0,1,14,2108,"R×3, C×2, A×1, D×1, F×1, H×1, I×1, N×1, P×1, Q×1, S×1","CGT×1461, CGG×545, CCA×50, ATC×21, CAG×15, TGT×5, TTC×4, AAC×1, AGC×1, CAT×1, CGC×1, GAT×1, GCT×1, TGC×1"
657,nonsynonymous-only,0,1,13,3971,"A×2, C×2, D×2, K×2, R×2, E×1, G×1, T×1","AAA×1050, CGT×761, GAA×560, GCT×530, GGC×442, GAC×226, TGT×179, GAT×167, GCA×50, AGA×3, AAG×1, ACA×1, TGC×1"
658,nonsynonymous-only,0,1,12,4248,"D×2, G×2, R×2, S×2, A×1, C×1, I×1, K×1","GAC×1361, AGT×1051, TGC×658, AGC×565, AAG×529, AGA×50, ATT×21, CGC×6, GGC×4, GAT×1, GCT×1, GGT×1"
659,nonsynonymous-only,0,1,14,4868,"T×3, F×2, I×2, V×2, A×1, E×1, L×1, N×1, R×1","ATC×1051, TTT×665, GCT×588, ACA×560, CTT×529, GTC×453, AGA×422, ATT×240, GTT×167, TTC×167, AAT×21, ACT×3, ACG×1, GAA×1"
660,nonsynonymous-only,0,1,18,7155,"R×3, E×2, K×2, N×2, S×2, C×1, D×1, G×1, H×1, L×1, Q×1, W×1","AAA×1158, CGT×1116, CTC×1050, AAG×1001, AAC×908, GGT×529, AGC×526, GAC×494, GAA×222, GAG×106, AAT×20, CAT×10, TGG×5, AGA×3, CAA×3, TCA×2, CGG×1, TGC×1"
661,nonsynonymous-only,0,1,12,7201,"L×3, C×2, I×2, D×1, F×1, G×1, P×1, S×1","TTT×5404, TCT×1218, TGT×558, GAT×8, ATC×2, ATT×2, CCT×2, GGT×2, TTA×2, CTC×1, CTT×1, TGC×1"
662,nonsynonymous-only,0,1,8,2454,"C×2, L×2, D×1, G×1, R×1, S×1","TGT×1117, CTA×950, TTA×215, AGG×167, AGT×2, GAT×1, GGT×1, TGC×1"
663,nonsynonymous-only,0,1,16,4929,"D×2, G×2, L×2, S×2, A×1, E×1, K×1, M×1, N×1, Q×1, R×1, Y×1","AGG×1359, GCG×1164, GAC×906, GGC×543, GGA×507, GAT×214, AAT×167, TCC×50, GAA×7, CTA×4, ATG×2, TAT×2, AAA×1, CAG×1, CTT×1, TCG×1"
664,nonsynonymous-only,0,1,12,5469,"R×4, C×2, L×2, S×2, K×1, W×1","TGG×1987, CGT×1166, AGA×1117, TGT×534, CGG×422, TCT×167, CGA×51, TTG×8, TGC×7, TCG×6, AAA×2, TTA×2"
665,nonsynonymous-only,0,1,13,6051,"F×2, I×2, T×2, A×1, D×1, H×1, L×1, P×1, S×1, V×1","ACT×2516, GTT×1165, ATT×1052, TTT×568, TTC×532, CAT×167, CCT×21, GCT×13, TCT×8, CTT×4, ACC×2, GAT×2, ATA×1"
666,nonsynonymous-only,0,1,11,3411,"C×2, F×2, H×1, I×1, K×1, M×1, Q×1, S×1, W×1","TTT×1656, TGT×1112, TCA×560, ATT×52, AAA×21, CAT×4, CAA×2, ATG×1, TGC×1, TGG×1, TTC×1"
667,nonsynonymous-only,0,1,11,2709,"K×2, S×2, Y×2, F×1, H×1, N×1, Q×1, W×1","AGC×989, AAC×565, CAT×532, AAG×422, AGT×167, TAT×21, TTT×7, TGG×3, AAA×1, CAA×1, TAC×1"
668,nonsynonymous-only,0,1,12,2715,"G×2, N×2, A×1, D×1, E×1, F×1, I×1, R×1, W×1, Y×1","GAT×1534, GAG×532, GCT×424, ATT×167, AAT×36, GGT×7, AGA×6, AAC×5, GGC×1, TAT×1, TGG×1, TTT×1"
669,nonsynonymous-only,0,1,13,2723,"S×4, A×2, K×2, N×2, D×1, H×1, R×1","AGT×939, GCA×553, AAT×543, CAC×380, GAT×167, AAC×65, CGC×28, AAA×21, GCG×8, TCT×7, AAG×6, AGC×5, TCC×1"
670,nonsynonymous-only,0,1,14,2712,"N×2, P×2, T×2, D×1, F×1, I×1, L×1, Q×1, R×1, S×1, V×1","GAT×939, CCC×545, AAT×533, TTC×422, ACT×167, ACA×50, TCT×21, CCT×15, GTT×9, AGG×6, ATT×2, AAC×1, CAA×1, TTA×1"
671,nonsynonymous-only,0,1,12,2718,"I×3, D×2, E×2, G×1, K×1, N×1, R×1, V×1","GTA×1471, GAC×547, ATT×422, ATC×217, AAA×23, GAT×13, ATA×8, GAA×8, AGA×6, AAC×1, GAG×1, GGC×1"
672,nonsynonymous-only,0,1,13,2722,"C×2, D×2, G×2, Y×2, H×1, P×1, S×1, V×1, W×1","TAT×940, TGT×583, GGC×544, TGC×429, TAC×168, GAT×21, GGT×15, CAC×8, GAC×6, GTC×4, CCG×2, AGC×1, TGG×1"
673,nonsynonymous-only,0,1,9,2638,"K×2, R×2, D×1, I×1, N×1, Q×1, T×1","CGA×904, CAA×560, AAG×533, AAT×430, GAT×167, AGA×22, AAA×12, ACA×8, ATA×2"
674,nonsynonymous-only,0,1,11,2722,"R×2, S×2, C×1, F×1, G×1, H×1, K×1, N×1, Y×1","TCG×940, TCA×560, GGC×422, CAT×400, TTT×190, TAT×133, AAC×54, TGT×8, AGA×7, AAA×6, CGT×2"
675,nonsynonymous-only,0,1,3,1150,"N×1, R×1, T×1","AAC×727, CGT×422, ACA×1"
676,nonsynonymous-only,0,1,3,590,"A×1, C×1, G×1","TGT×422, GGC×167, GCA×1"
678,nonsynonymous-only,0,1,3,1088,"G×1, N×1, V×1","AAT×529, GGA×452, GTG×107"
679,nonsynonymous-only,0,1,2,530,"C×1, S×1","TGC×529, AGT×1"
680,nonsynonymous-only,0,1,5,1515,"G×2, M×1, R×1, Y×1","CGA×559, GGT×529, TAT×422, ATG×4, GGG×1"
681,nonsynonymous-only,0,1,12,2067,"L×4, I×2, P×2, N×1, S×1, V×1, W×1","TGG×550, TTG×532, TCA×522, CCT×422, ATA×11, GTA×9, CCA×7, ATT×6, TTA×4, CTT×2, AAC×1, CTA×1"
682,nonsynonymous-only,0,1,7,3088,"L×2, S×2, F×1, I×1, V×1","TTT×1485, CTT×564, TCA×529, TCT×428, TTA×58, ATT×23, GTT×1"
683,nonsynonymous-only,0,1,8,3097,"L×2, E×1, H×1, I×1, K×1, P×1, S×1","ATA×945, CTA×611, GAA×554, AAA×551, CCA×426, CAT×7, TCA×2, CTG×1"
684,nonsynonymous-only,0,1,7,1390,"L×3, I×1, R×1, S×1, W×1","CGC×939, ATA×422, TTG×21, CTC×4, AGT×2, TGG×1, TTA×1"
685,nonsynonymous-only,0,1,6,469,"L×2, F×1, I×1, T×1, V×1","ATA×422, TTC×22, ACT×21, GTT×2, CTA×1, TTA×1"
686,nonsynonymous-only,0,1,3,447,"R×1, T×1, V×1","GTC×422, AGA×23, ACA×2"
687,nonsynonymous-only,0,1,7,977,"L×2, P×2, Q×2, T×1","CCA×525, CTT×422, ACA×22, CTA×4, CAA×2, CAG×1, CCG×1"
688,nonsynonymous-only,0,1,20,4892,"A×3, V×3, D×2, I×2, C×1, E×1, F×1, G×1, K×1, L×1, N×1, R×1, T×1, W×1","GTT×1117, ATA×936, GAT×705, GCT×543, AGA×532, ACA×451, GAC×422, GTA×109, AAA×29, GCC×21, TTA×8, TGT×7, AAT×2, ATT×2, GCA×2, TTT×2, GAG×1, GGA×1, GTC×1, TGG×1"
689,nonsynonymous-only,0,1,12,4862,"G×3, A×2, I×2, K×2, C×1, E×1, Y×1","GCC×1499, GCA×1119, GAA×583, TAT×534, ATT×529, AAG×452, GGT×107, GGA×21, AAA×7, TGT×7, ATA×3, GGG×1"
690,nonsynonymous-only,0,1,18,4885,"P×3, A×2, I×2, L×2, T×2, V×2, F×1, K×1, Q×1, R×1, S×1","ACA×1570, ATA×1046, CAA×560, GCA×532, TTA×529, CCT×426, CCA×149, AAA×30, CTA×23, TCG×6, GTC×4, CGA×2, GCT×2, GTA×2, ACT×1, ATT×1, CCG×1, TTC×1"
691,nonsynonymous-only,0,1,19,4870,"T×4, I×3, V×3, R×2, A×1, F×1, G×1, L×1, N×1, S×1, W×1","CGG×1111, ACT×968, TTT×939, GTC×532, GTG×350, GCG×313, GTA×179, ACC×146, ACG×140, AAT×107, ATA×34, ACA×28, ATC×7, TGG×7, GGA×4, AGG×2, ATT×1, TCT×1, TTG×1"
692,nonsynonymous-only,0,1,14,4868,"G×3, I×2, K×2, N×2, S×2, E×1, L×1, Q×1","GAA×1650, AAT×1363, ATC×522, AGT×458, GGC×427, GGT×139, TTA×131, GGA×108, AAG×22, AGC×18, AAA×15, AAC×7, ATT×7, CAA×1"
693,nonsynonymous-only,0,1,15,3924,"G×4, T×3, N×2, S×2, A×1, D×1, I×1, V×1","AGT×1229, GAT×951, GTC×560, ACA×532, GGC×452, GGT×155, AAT×30, AGC×5, ATC×4, AAC×1, ACC×1, ACT×1, GCT×1, GGA×1, GGG×1"
694,nonsynonymous-only,0,1,12,2767,"L×3, G×2, E×1, F×1, K×1, Q×1, S×1, T×1, V×1","GGC×560, CTA×532, GAA×530, TTT×452, GTG×422, TTA×150, GGG×107, ACC×7, TCA×4, AAG×1, CAA×1, TTG×1"
695,nonsynonymous-only,0,1,10,2113,"D×2, V×2, C×1, G×1, K×1, R×1, S×1, T×1","GTT×560, GAC×550, TGC×452, GAT×431, AAA×107, GGT×6, AGT×4, ACC×1, CGT×1, GTA×1"
696,nonsynonymous-only,0,1,13,3285,"A×3, S×3, T×3, F×1, P×1, V×1, Y×1","TTT×946, TCT×566, TCC×532, CCT×472, GCG×437, TCA×197, ACT×107, ACG×15, TAC×6, GCC×4, ACC×1, GCA×1, GTG×1"
697,nonsynonymous-only,0,1,11,2753,"A×2, N×2, S×2, I×1, K×1, Q×1, T×1, V×1","ATT×1417, GCT×560, AAT×452, GTT×197, ACT×107, CAA×7, TCT×6, GCC×4, AAA×1, AAC×1, AGC×1"
698,nonsynonymous-only,0,1,4,561,"A×1, I×1, L×1, S×1","GCT×452, TTA×107, ATT×1, TCA×1"
699,nonsynonymous-only,0,1,2,559,"L×1, S×1","AGC×452, TTA×107"
704,nonsynonymous-only,0,1,2,453,"L×1, Q×1","TTA×452, CAA×1"
705,nonsynonymous-only,0,1,5,983,"L×2, P×1, S×1, W×1","TTA×529, CCT×451, AGC×1, CTT×1, TGG×1"
706,nonsynonymous-only,0,1,7,2139,"I×2, F×1, L×1, N×1, S×1, V×1","ATA×1117, TCT×536, GTT×379, ATT×75, CTT×23, AAT×8, TTT×1"
707,nonsynonymous-only,0,1,17,5805,"L×4, V×3, F×2, I×2, T×2, K×1, Q×1, W×1, Y×1","TTA×1583, GTT×1154, TGG×1118, ATT×649, TTC×560, GTA×529, TTT×183, CTT×7, CTA×6, ATA×5, AAA×4, CAA×2, ACA×1, ACG×1, CTC×1, GTC×1, TAT×1"
708,nonsynonymous-only,0,1,21,5792,"G×4, R×3, T×3, Q×2, A×1, D×1, E×1, F×1, K×1, L×1, M×1, S×1, V×1","AGA×2561, CAA×1108, GGA×573, CTA×561, TTT×532, ACG×155, CAG×135, GGC×50, ATG×42, GTA×22, GCT×18, AAA×11, GAG×8, GGT×7, AGT×3, ACC×1, ACT×1, AGG×1, CGA×1, GAT×1, GGG×1"
709,nonsynonymous-only,0,1,19,5182,"G×3, R×3, I×2, N×2, Q×2, S×2, Y×2, D×1, E×1, W×1","TAC×2167, TAT×1106, AAC×563, AGA×555, GAT×534, TCA×131, TCT×50, TGG×30, CGT×18, AAT×7, GGT×7, CAA×6, GAG×2, ATA×1, ATC×1, CAG×1, CGC×1, GGA×1, GGC×1"
710,nonsynonymous-only,0,1,11,6470,"D×2, N×2, A×1, E×1, K×1, Q×1, R×1, S×1, Y×1","AAT×1825, GAT×1160, AAA×1051, TAT×831, CAA×579, AAC×561, GCC×452, AGT×5, GAC×4, AGG×1, GAA×1"
711,nonsynonymous-only,0,1,12,2960,"L×2, E×1, G×1, H×1, I×1, K×1, N×1, Q×1, S×1, T×1, V×1","GGA×1118, TTA×664, ACC×529, ATT×452, CTG×167, GAA×24, AAA×1, AAT×1, AGT×1, CAA×1, CAT×1, GTC×1"
712,nonsynonymous-only,0,1,11,1782,"L×3, S×2, C×1, F×1, I×1, P×1, R×1, W×1","CGT×1050, TTC×452, CTA×167, TGT×67, TGG×22, TTA×18, CCT×2, AGT×1, ATA×1, TCA×1, TTG×1"
713,nonsynonymous-only,0,1,10,1599,"R×3, N×2, C×1, D×1, H×1, Q×1, S×1","GAC×1116, CGC×450, AGT×22, CAA×3, CGT×2, TGC×2, AAC×1, AAT×1, CAT×1, CGG×1"
714,nonsynonymous-only,0,1,5,1121,"D×1, L×1, N×1, Q×1, Y×1","GAC×887, TAC×230, AAC×2, CAA×1, CTT×1"
715,nonsynonymous-only,0,1,11,3538,"F×2, L×2, R×2, C×1, E×1, N×1, Q×1, Y×1","CAA×2282, TAT×529, TTA×454, GAA×131, TGT×109, TTC×21, TTT×5, AAT×3, CTT×2, AGA×1, CGT×1"
716,nonsynonymous-only,0,1,19,5785,"I×3, L×2, S×2, T×2, V×2, A×1, D×1, E×1, G×1, K×1, N×1, R×1, Y×1","GAT×1617, GAA×1584, CTA×861, AAT×529, ACG×424, TTA×256, ATT×240, ACT×204, GTT×22, AAG×21, AGA×9, ATA×5, AGT×4, ATC×3, TAC×2, GCT×1, GGA×1, GTA×1, TCA×1"
717,nonsynonymous-only,0,1,19,5785,"A×2, I×2, L×2, P×2, R×2, S×2, C×1, F×1, K×1, M×1, N×1, T×1, V×1","GCA×1410, CCT×1165, CGA×1117, CGT×785, AAA×529, TGT×265, ATT×201, ATG×132, GTA×109, ATC×23, TTA×23, TCA×10, ACA×7, TTG×4, AAT×1, CCG×1, GCT×1, TCG×1, TTT×1"
718,nonsynonymous-only,0,1,13,7126,"G×3, E×2, K×2, A×1, M×1, N×1, P×1, R×1, V×1","AAA×2708, AGA×1611, GGA×1056, GAA×563, GGC×512, CCC×452, GCA×130, GTA×50, AAG×21, GGT×18, GAG×3, AAT×1, ATG×1"
719,nonsynonymous-only,0,1,20,6556,"L×3, A×2, I×2, N×2, S×2, E×1, F×1, G×1, M×1, P×1, Q×1, T×1, V×1, Y×1","ATG×1165, CTT×1118, TCG×1050, TTA×1035, AAT×980, CCA×534, TTG×274, TAT×197, ATT×131, ACA×25, GCA×21, CAA×7, GTA×6, TTT×4, ATA×3, AAC×2, GAA×1, GCT×1, GGG×1, TCA×1"
720,nonsynonymous-only,0,1,21,7580,"V×3, G×2, I×2, K×2, N×2, S×2, A×1, D×1, E×1, F×1, H×1, M×1, R×1, T×1","AAA×1728, GGG×1165, TTT×1117, AGT×939, GTG×832, ACT×532, AAG×441, ATG×424, GAA×204, ATT×133, GGA×20, GAT×18, GTT×10, ATA×5, TCT×4, AAT×2, AGG×2, AAC×1, CAC×1, GCA×1, GTA×1"
721,nonsynonymous-only,0,1,17,8169,"D×2, E×2, K×2, N×2, R×2, S×2, G×1, I×1, Q×1, T×1, Y×1","AAA×1814, GAA×1706, ACA×1165, AAT×1052, AGC×939, AAG×834, GAG×423, GAT×114, AGA×81, ATT×18, GGA×5, TAT×5, AAC×4, AGG×3, GAC×3, CAG×2, AGT×1"
722,nonsynonymous-only,0,1,19,5338,"L×3, A×2, E×2, R×2, S×2, T×2, G×1, I×1, K×1, M×1, P×1, V×1","GCA×1269, ATA×962, CTA×929, AAA×586, ATG×531, GAG×452, TTA×240, GGG×167, GAA×131, ACT×50, AGA×7, TCG×4, GCT×3, ACG×2, AGT×1, CCG×1, CGG×1, CTG×1, GTG×1"
723,nonsynonymous-only,0,1,20,5097,"L×5, P×4, S×3, F×2, C×1, Q×1, R×1, T×1, V×1, W×1","CCA×1164, TCA×941, CAA×560, CTT×533, TGG×532, CTG×441, TCT×422, TTA×189, TCG×168, ACG×107, CTA×18, TTG×11, CCT×3, TTT×2, CCC×1, CCG×1, CGA×1, GTT×1, TGC×1, TTC×1"
724,nonsynonymous-only,0,1,19,6047,"A×2, E×2, F×2, I×2, K×2, R×2, T×2, V×2, P×1, Q×1, S×1","AGA×1165, GCG×1070, ATT×1050, GAA×954, TTT×728, GCA×522, CAA×453, TTC×50, GAG×18, AAA×8, ACA×8, ATA×7, TCA×4, GTA×3, ACG×2, GTT×2, AAG×1, CCC×1, CGC×1"
725,nonsynonymous-only,0,1,3,171,"D×1, L×1, N×1","TTA×167, GAT×3, AAT×1"
727,nonsynonymous-only,0,1,3,429,"L×2, F×1","TTA×422, TTC×4, TTG×3"
728,nonsynonymous-only,0,1,8,2710,"T×2, A×1, E×1, H×1, K×1, Q×1, S×1","ACT×1130, AAG×660, GAA×452, TCT×425, ACC×35, CAC×4, CAG×3, GCT×1"
729,nonsynonymous-only,0,1,12,3076,"F×2, G×2, A×1, I×1, K×1, L×1, N×1, Q×1, S×1, V×1","GTG×1165, AGC×660, CTT×452, AAT×422, GGA×198, GCG×167, CAG×4, GGT×3, TTC×2, AAG×1, ATC×1, TTT×1"
730,nonsynonymous-only,0,1,13,6383,"K×2, R×2, A×1, D×1, E×1, G×1, I×1, M×1, Q×1, T×1, V×1","AAA×1997, GCA×1166, GGA×962, AAG×955, GAC×538, CAA×453, CGA×167, GAA×110, ATA×25, ATG×4, AGA×3, ACA×2, GTA×1"
731,nonsynonymous-only,0,1,14,7470,"G×3, R×3, K×2, Q×2, A×1, E×1, P×1, T×1","AGA×1751, GAA×1187, AGG×1157, AAG×1117, ACA×532, GCA×522, CAG×452, GGG×422, AAA×306, GGA×8, CCA×6, CAA×5, CGA×3, GGT×2"
732,nonsynonymous-only,0,1,18,8165,"R×3, K×2, N×2, S×2, D×1, E×1, F×1, H×1, I×1, L×1, Q×1, W×1, Y×1","AAT×1855, AAA×1659, GAA×1041, TTT×939, CAA×696, GAT×582, CGA×452, CAT×423, AAG×198, AGT×188, TAT×107, AGA×12, TGG×5, AAC×3, AGC×2, AGG×1, ATT×1, CTT×1"
733,nonsynonymous-only,0,1,13,7599,"L×4, Q×2, S×2, E×1, I×1, K×1, P×1, V×1","TTA×3511, TCA×2369, TTG×679, CTA×526, ATA×422, TCG×50, GAA×18, CCA×11, GTA×6, CAG×3, CAA×2, AAA×1, CTG×1"
734,nonsynonymous-only,0,1,15,6378,"I×3, L×3, S×3, F×2, A×1, G×1, R×1, T×1","ATT×1286, TTG×1270, ACA×1051, TTT×666, TCT×661, CTC×560, AGT×453, ATC×422, CGT×3, ATA×1, GCG×1, GGC×1, TCC×1, TTA×1, TTC×1"
735,nonsynonymous-only,0,1,10,3514,"I×2, V×2, A×1, D×1, F×1, L×1, P×1, S×1","CTT×1165, CCT×664, GTT×560, TTT×530, ATC×422, AGT×167, ATT×2, GAT×2, GCT×1, GTC×1"
736,nonsynonymous-only,0,1,9,1923,"T×2, A×1, H×1, I×1, L×1, P×1, R×1, S×1","CCT×664, GCT×544, TTG×521, CAT×167, ACT×16, TCG×8, ACG×1, ATT×1, CGC×1"
737,nonsynonymous-only,0,1,8,1390,"L×2, T×2, K×1, Q×1, R×1, S×1","CAG×665, TCT×529, TTA×167, CGA×23, AAA×2, CTT×2, ACA×1, ACT×1"
738,nonsynonymous-only,0,1,10,1915,"L×2, V×2, D×1, G×1, K×1, R×1, T×1, W×1","TTA×831, CTC×529, AGG×528, GGG×14, ACG×7, AAA×2, GAT×1, GTA×1, GTT×1, TGG×1"
745,nonsynonymous-only,0,1,10,1789,"L×2, V×2, F×1, I×1, K×1, N×1, T×1, Y×1","AAT×1074, TTC×529, TAC×167, GTA×7, GTT×6, ATT×2, AAA×1, ACT×1, TTA×1, TTG×1"
746,nonsynonymous-only,0,1,9,1789,"Y×2, C×1, D×1, F×1, G×1, N×1, Q×1, S×1","TAT×1076, TGT×532, GAT×167, CAA×7, AAT×2, GGA×2, TAC×1, TCA×1, TTT×1"
747,nonsynonymous-only,0,1,10,1789,"D×2, P×2, S×2, H×1, I×1, K×1, T×1","CCA×542, GAC×538, TCA×529, ACA×167, AAG×7, AGT×2, ATA×1, CAC×1, CCC×1, GAT×1"
748,nonsynonymous-only,0,1,11,2734,"I×2, K×2, A×1, E×1, M×1, N×1, R×1, S×1, T×1","AAA×938, GAA×542, ATT×534, ACA×529, AGA×167, ATA×13, AGC×6, ATG×2, AAG×1, AAT×1, GCT×1"
749,nonsynonymous-only,0,1,10,2784,"S×2, T×2, A×1, D×1, F×1, K×1, N×1, P×1","AAA×1531, AGT×696, GCA×532, ACT×7, CCA×6, GAT×6, AAT×3, ACC×1, TCG×1, TTT×1"
750,nonsynonymous-only,0,1,11,2786,"I×2, L×2, V×2, A×1, E×1, F×1, K×1, R×1","GAA×1481, AGA×535, TTT×534, GTA×167, GTT×50, ATA×7, ATT×7, CTA×2, AAG×1, GCA×1, TTG×1"
751,nonsynonymous-only,0,1,16,3928,"T×3, A×2, K×2, N×2, D×1, E×1, G×1, I×1, R×1, S×1, V×1","AAC×1117, GAT×945, ACC×539, GAA×539, GCA×529, GGT×167, AAT×76, ACA×4, AAG×2, ACT×2, ATT×2, GTT×2, AAA×1, AGG×1, AGT×1, GCC×1"
752,nonsynonymous-only,0,1,9,3935,"D×2, N×2, A×1, G×1, S×1, T×1, Y×1","GAT×1692, AAT×1101, GGT×852, AGT×273, AAC×8, GCT×5, TAT×2, ACT×1, GAC×1"
753,nonsynonymous-only,0,1,13,2817,"L×3, V×3, R×2, C×1, G×1, I×1, P×1, S×1","GTC×1125, CCT×940, TTG×529, TTA×167, AGT×18, GTA×10, CTT×8, ATT×7, AGG×6, CGC×3, TGT×2, GGC×1, GTT×1"
754,nonsynonymous-only,0,1,9,1347,"L×3, T×2, A×1, I×1, P×1, S×1","CCG×1117, CTA×167, TTG×50, GCA×5, ACG×3, CTG×2, ACA×1, AGT×1, ATT×1"
755,nonsynonymous-only,0,1,5,222,"S×2, C×1, L×1, R×1","AGC×167, CTT×50, TGC×3, AGT×1, CGT×1"
756,nonsynonymous-only,0,1,3,218,"Q×1, R×1, S×1","AGG×167, TCC×50, CAA×1"
757,nonsynonymous-only,0,1,4,218,"N×1, T×1, V×1, Y×1","GTT×167, ACC×46, AAC×4, TAC×1"
758,nonsynonymous-only,0,1,3,218,"E×1, G×1, S×1","AGT×167, GAA×50, GGC×1"
759,nonsynonymous-only,0,1,3,218,"D×1, G×1, P×1","GGT×167, CCT×50, GAT×1"
760,nonsynonymous-only,0,1,3,217,"D×1, E×1, K×1","GAC×167, AAA×43, GAA×7"
761,synonymous-only,1,0,2,53,L×2,"CTT×50, TTG×3"
762,nonsynonymous-only,0,1,3,582,"L×1, R×1, S×1","CGT×529, CTT×50, TCC×3"
763,nonsynonymous-only,0,1,5,582,"V×3, H×1, T×1","GTC×447, GTA×80, CAT×50, ACC×3, GTT×2"
764,nonsynonymous-only,0,1,5,1040,"A×1, H×1, I×1, N×1, S×1","GCT×529, ATT×452, TCT×50, CAT×5, AAC×4"
765,nonsynonymous-only,0,1,11,2846,"L×4, F×2, I×1, P×1, S×1, W×1, Y×1","TTA×1482, TTT×746, TGG×529, TCT×50, CTT×18, TTC×8, CCA×5, CTG×3, TTG×3, ATT×1, TAT×1"
766,nonsynonymous-only,0,1,17,3296,"I×3, L×3, A×2, F×2, S×2, V×2, K×1, M×1, R×1","ATC×990, ATG×804, GCG×655, TCA×532, TTC×198, ATA×54, TTT×18, GTG×9, CTT×8, AGA×7, AAA×6, GTT×5, ATT×4, TCT×3, CTG×1, GCA×1, TTG×1"
767,nonsynonymous-only,0,1,13,3318,"N×2, V×2, Y×2, F×1, H×1, I×1, L×1, Q×1, S×1, W×1","GTT×1048, TAC×540, CAT×530, GTC×481, AAC×452, TTT×219, TCT×21, ATT×9, TAT×9, AAT×6, CAA×1, CTT×1, TGG×1"
768,nonsynonymous-only,0,1,22,2778,"S×4, I×3, P×3, V×2, Y×2, D×1, F×1, G×1, K×1, L×1, M×1, R×1, T×1","GAT×542, TCC×531, TAT×529, ATG×419, CCA×205, AGG×195, TCA×147, CCC×50, TCT×46, ATA×33, ATC×21, ACA×20, AAG×8, GTG×8, TCG×8, TTT×6, ATT×4, CCT×2, GGT×1, GTA×1, TAC×1, TTA×1"
769,nonsynonymous-only,0,1,16,2728,"G×4, D×2, S×2, A×1, C×1, H×1, K×1, N×1, P×1, Q×1, Y×1","GGC×925, AGT×542, GGT×503, CCT×452, TAT×192, CAT×29, GGG×29, AAA×21, GGA×12, AAC×8, TCC×5, GAT×4, TGT×3, CAG×1, GAC×1, GCT×1"
770,nonsynonymous-only,0,1,7,2240,"E×2, D×1, K×1, N×1, R×1, W×1","AAA×940, AAC×550, GAC×529, GAA×198, AGG×21, GAG×1, TGG×1"
771,nonsynonymous-only,0,1,14,2151,"L×3, A×2, T×2, E×1, I×1, K×1, M×1, P×1, Q×1, V×1","GCG×918, CTA×500, TTG×452, GCA×191, TTA×30, GTG×21, CAA×17, ACA×6, ATT×5, AAA×4, ATG×4, ACG×1, CCA×1, GAA×1"
772,nonsynonymous-only,0,1,12,1700,"A×3, R×2, T×2, F×1, I×1, L×1, N×1, S×1","TTA×938, CGT×529, GCG×197, TCA×21, CGA×5, AAC×3, TTC×2, ACA×1, ACG×1, ATA×1, GCA×1, GCC×1"
773,nonsynonymous-only,0,1,13,2147,"A×2, F×2, I×2, T×2, D×1, L×1, P×1, S×1, V×1","CCT×937, GCA×522, GTC×452, CTT×161, TTT×36, ACA×21, GCG×7, GAT×5, TCT×2, ACG×1, ATC×1, ATT×1, TTC×1"
774,nonsynonymous-only,0,1,6,1202,"F×1, G×1, I×1, K×1, N×1, R×1","TTT×529, ATA×452, AGG×192, AAA×21, GGG×5, AAT×3"
775,nonsynonymous-only,0,1,15,6430,"A×2, G×2, N×2, D×1, E×1, F×1, H×1, P×1, S×1, T×1, V×1, Y×1","AAT×1679, AAC×1168, GCG×1098, GAT×1050, GGT×529, GTT×452, TTC×167, CCT×131, TAT×107, AGT×21, GCA×14, ACG×10, CAT×2, GAA×1, GGC×1"
776,nonsynonymous-only,0,1,13,5813,"S×3, A×2, P×2, E×1, F×1, G×1, R×1, T×1, V×1","TCA×2008, ACC×1659, GCG×1166, GAA×529, GGC×197, CCC×131, TCT×108, GCA×5, AGG×4, TCG×2, TTT×2, CCA×1, GTA×1"
777,nonsynonymous-only,0,1,17,7573,"T×4, V×4, I×3, N×2, A×1, D×1, E×1, M×1","ATT×1896, ATG×1567, GAC×1165, AAC×989, ACC×548, ACT×529, GTC×422, GTT×193, ATC×141, AAT×107, GCT×5, ATA×3, ACA×2, GTA×2, GTG×2, ACG×1, GAG×1"
778,nonsynonymous-only,0,1,16,8138,"T×3, E×2, K×2, N×2, Y×2, D×1, G×1, R×1, S×1, V×1","AAA×2946, AAT×1538, TAT×1049, GAG×699, AAG×664, AAC×452, ACA×422, AGC×197, GAT×131, ACT×18, GAA×9, GGA×6, AGA×3, GTG×2, ACG×1, TAC×1"
779,nonsynonymous-only,0,1,20,8139,"C×2, D×2, F×2, H×2, N×2, R×2, S×2, I×1, K×1, L×1, Q×1, T×1, Y×1","GAT×1750, AAC×1165, TGC×1072, TGT×993, TTC×942, ATT×543, CAT×529, CAC×422, TTT×249, AAT×168, CGG×131, TCT×125, GAC×33, ACT×8, AAA×2, CAA×2, CGT×2, CTT×1, TAT×1, TCG×1"
780,nonsynonymous-only,0,1,9,2672,"D×2, R×2, A×1, E×1, G×1, I×1, N×1","GAA×1225, AAT×965, ATA×452, GAC×21, AGA×5, AGG×1, GAT×1, GCC×1, GGC×1"
781,nonsynonymous-only,0,1,9,1997,"S×2, T×2, A×1, D×1, I×1, P×1, V×1","ACC×1097, AGT×451, ATT×422, ACT×20, AGC×2, GTT×2, CCT×1, GAT×1, GCT×1"
782,nonsynonymous-only,0,1,7,1996,"L×2, A×1, E×1, G×1, P×1, Y×1","CCA×1117, TAT×452, TTA×422, GAA×2, CTC×1, GCG×1, GGT×1"
783,nonsynonymous-only,0,1,4,876,"C×1, E×1, L×1, V×1","GTC×452, GAA×422, TGC×1, TTA×1"
796,nonsynonymous-only,0,1,4,1571,"H×1, R×1, V×1, Y×1","CAC×938, GTT×452, CGC×179, TAT×2"
797,nonsynonymous-only,0,1,4,2284,"P×1, Q×1, S×1, Y×1","CCC×1161, CAG×1118, TCC×4, TAT×1"
798,nonsynonymous-only,0,1,8,3360,"A×1, I×1, K×1, L×1, Q×1, R×1, T×1, Y×1","TTA×1165, ATA×1117, CGA×1050, TAT×21, ACA×4, AAG×1, CAA×1, GCG×1"
799,nonsynonymous-only,0,1,11,4325,"L×3, S×2, A×1, C×1, F×1, K×1, P×1, T×1","ACA×1141, TTA×1115, TCA×1073, TTT×666, GCT×167, TGT×131, AAA×25, CTC×4, CCA×1, CTA×1, TCG×1"
800,nonsynonymous-only,0,1,14,8147,"L×4, S×3, F×2, I×1, P×1, Q×1, T×1, Y×1","TTA×3866, TTG×1541, TTT×1211, TTC×1053, TCA×453, TAT×7, ATA×5, TCC×4, CTT×2, ACA×1, CAA×1, CCA×1, CTA×1, TCT×1"
801,nonsynonymous-only,0,1,15,8168,"R×3, K×2, Q×2, T×2, E×1, G×1, I×1, M×1, N×1, V×1","AAA×3116, CGG×1165, AAG×1134, ATG×1052, AGA×691, CAA×452, ATA×218, ACA×197, AGG×91, AAC×23, ACC×21, CAG×5, GAA×1, GGT×1, GTC×1"
802,nonsynonymous-only,0,1,21,8149,"D×2, E×2, G×2, I×2, K×2, N×2, R×2, S×2, C×1, M×1, Q×1, T×1, W×1","AAA×1190, AAG×1164, TGG×1119, AAT×1075, GAC×1047, GAT×902, CGA×664, GGA×497, CAA×168, AAC×131, ATG×51, GAG×44, AGA×38, ATA×23, GAA×21, ATT×7, TCG×3, TGT×2, ACT×1, AGC×1, GGT×1"
803,nonsynonymous-only,0,1,21,8162,"I×3, V×3, A×2, L×2, N×2, P×2, Q×2, F×1, K×1, M×1, S×1, T×1","ATA×1698, ATC×1118, GTG×809, CCA×789, CTT×676, CTG×664, ATG×630, TTT×582, GTA×403, ACC×384, CAA×261, GCA×62, GTT×23, AAA×22, AAT×18, AAC×8, ATT×8, AGT×2, CCG×2, GCC×2, CAG×1"
804,nonsynonymous-only,0,1,2,274,"S×1, Y×1","AGT×167, TAT×107"
805,nonsynonymous-only,0,1,2,274,"I×1, S×1","ATT×167, TCT×107"
806,nonsynonymous-only,0,1,2,274,"A×1, I×1","GCG×167, ATA×107"
825,nonsynonymous-only,0,1,2,168,"D×1, G×1","GAT×167, GGA×1"
826,nonsynonymous-only,0,1,5,1440,"E×2, K×1, S×1, Y×1","GAG×1160, TCC×167, TAC×107, GAA×5, AAG×1"
827,nonsynonymous-only,0,1,4,1440,"H×1, L×1, Q×1, Y×1","CAA×1165, TTG×167, CAT×107, TAT×1"
828,nonsynonymous-only,0,1,13,3549,"L×3, R×3, D×1, G×1, K×1, N×1, Q×1, S×1, V×1","CGC×1164, GGA×1117, CGT×529, AAC×453, CTA×167, CGG×107, AAG×3, GTT×3, AGC×2, CAG×1, CTC×1, CTG×1, GAT×1"
829,nonsynonymous-only,0,1,12,7607,"A×2, N×2, C×1, D×1, F×1, G×1, I×1, S×1, T×1, V×1","GCT×2334, GTT×1610, ACT×1573, GCC×1165, AAC×532, TTT×169, AAT×111, GAT×50, ATT×26, TGT×22, AGT×13, GGT×2"
830,nonsynonymous-only,0,1,9,4603,"C×2, F×2, L×2, I×1, W×1, Y×1","TTT×2532, TTA×939, TTG×544, TTC×530, TAC×50, TGT×4, TGC×2, ATA×1, TGG×1"
831,nonsynonymous-only,0,1,13,4602,"A×2, L×2, I×1, K×1, M×1, N×1, Q×1, S×1, T×1, V×1, W×1","AAA×1122, GCG×939, ATG×834, ACG×540, TTG×529, TGG×449, ATC×107, TTA×50, CAA×22, GTA×5, AAT×3, AGC×1, GCA×1"
832,nonsynonymous-only,0,1,13,2533,"G×2, A×1, C×1, D×1, F×1, L×1, N×1, R×1, S×1, V×1, W×1, Y×1","TGC×1333, GAT×652, CGC×216, GCT×167, TAC×123, TTA×22, GTT×11, GGC×3, TCC×2, AAT×1, GGA×1, TGG×1, TTC×1"
836,nonsynonymous-only,0,1,6,1363,"L×4, P×1, S×1","TTG×664, CCG×529, TCA×167, CTC×1, CTG×1, TTA×1"
837,nonsynonymous-only,0,1,4,1751,"A×1, L×1, S×1, T×1","TCA×1051, TTA×531, ACA×167, GCG×2"
839,nonsynonymous-only,0,1,2,168,"A×1, L×1","TTG×167, GCG×1"
840,nonsynonymous-only,0,1,2,168,"C×1, L×1","TGT×167, CTC×1"
841,nonsynonymous-only,0,1,4,1361,"G×1, I×1, T×1, V×1","ATC×689, GGT×664, ACA×7, GTC×1"
842,nonsynonymous-only,0,1,4,2527,"F×1, I×1, L×1, V×1","GTT×1164, CTT×664, ATT×532, TTT×167"
843,nonsynonymous-only,0,1,7,3158,"Y×2, H×1, L×1, P×1, S×1, W×1","TGG×1294, TAC×1165, TCA×529, TAT×167, CAC×1, CCC×1, CTG×1"
844,nonsynonymous-only,0,1,12,3656,"K×2, L×2, P×2, T×2, M×1, Q×1, S×1, W×1","AAA×1215, ATG×1052, CCG×654, CTG×530, TGG×167, ACG×21, CCA×6, CAG×4, TTG×4, AAG×1, ACT×1, TCA×1"
845,nonsynonymous-only,0,1,11,5595,"R×4, N×2, D×1, E×1, G×1, K×1, S×1","AAC×2414, AAT×1617, AGA×1478, AAA×51, AGC×18, GGA×6, AGG×4, CGC×4, CGT×1, GAA×1, GAC×1"
846,nonsynonymous-only,0,1,17,4147,"L×3, H×2, Q×2, R×2, C×1, D×1, F×1, K×1, M×1, P×1, W×1, Y×1","CAT×1216, CTG×1153, AAA×665, CGC×521, CAA×483, TAT×50, CTT×16, ATG×12, CAC×7, GAT×7, CAG×6, TTT×4, CCG×2, TGT×2, CGA×1, CTC×1, TGG×1"
847,nonsynonymous-only,0,1,14,5595,"L×4, P×2, S×2, C×1, F×1, H×1, K×1, W×1, Y×1","TCA×1755, TCT×1050, CCA×898, TGT×664, AAA×529, TTA×467, CAT×167, TGG×50, CTT×6, CCC×4, TTT×2, CTA×1, TAT×1, TTG×1"
848,nonsynonymous-only,0,1,15,4927,"I×2, K×2, N×2, Q×2, F×1, L×1, M×1, R×1, S×1, V×1, Y×1","AGA×1165, CTG×1050, AAC×939, AAA×544, AAG×529, TTT×452, TAT×167, TCC×50, GTG×21, ATA×5, AAT×1, ATC×1, ATG×1, CAA×1, CAG×1"
849,nonsynonymous-only,0,1,11,4926,"A×2, N×2, S×2, D×1, E×1, G×1, T×1, V×1","GAT×1532, AGT×1165, GGC×1048, AAT×662, AAC×321, GAG×167, GCT×21, AGC×5, GCC×2, GTT×2, ACT×1"
850,nonsynonymous-only,0,1,9,2709,"C×2, Q×2, F×1, H×1, K×1, R×1, W×1","TGG×1178, TGC×539, CGT×522, CAA×457, CAT×7, TGT×2, TTC×2, AAG×1, CAG×1"
851,nonsynonymous-only,0,1,8,1714,"L×2, P×2, I×1, M×1, N×1, S×1","ATC×551, CTT×542, CCT×451, AGC×162, AAC×5, ATG×1, CCC×1, CTC×1"
852,nonsynonymous-only,0,1,3,710,"F×1, Q×1, Y×1","TTC×542, TAT×167, CAG×1"
860,nonsynonymous-only,0,1,2,709,"R×1, T×1","AGA×542, ACA×167"
861,nonsynonymous-only,0,1,3,731,"H×1, K×1, Q×1","CAT×542, AAA×168, CAG×21"
862,nonsynonymous-only,0,1,5,1651,"C×1, F×1, L×1, R×1, Y×1","TGT×1479, AGA×167, TAT×2, TTG×2, TTC×1"
863,nonsynonymous-only,0,1,7,1651,"V×2, L×1, P×1, R×1, S×1, W×1","CCC×937, TGG×449, GTT×167, CGG×93, AGC×2, CTC×2, GTC×1"
864,nonsynonymous-only,0,1,10,3836,"Y×2, C×1, G×1, H×1, K×1, M×1, N×1, P×1, R×1","ATG×1117, CGA×1050, AAC×939, CAC×539, GGG×167, TGC×10, AAG×9, TAC×3, CCG×1, TAT×1"
865,nonsynonymous-only,0,1,7,4159,"L×2, N×2, H×1, K×1, Q×1","AAA×1654, TTA×1243, AAC×1118, CAG×131, AAT×7, TTG×4, CAC×2"
866,nonsynonymous-only,0,1,13,4235,"I×3, Y×2, A×1, F×1, G×1, H×1, M×1, N×1, P×1, T×1","ATG×1072, ATC×1068, CAT×923, AAT×542, ATT×217, TTT×202, CCT×194, TAC×6, ACC×5, ATA×2, GCT×2, GGG×1, TAT×1"
867,nonsynonymous-only,0,1,12,2868,"E×2, R×2, A×1, D×1, L×1, Q×1, S×1, V×1, W×1, Y×1","CGA×1047, GAC×939, GAA×548, GAG×298, CAG×21, TAC×5, CGC×3, TCA×2, TTA×2, GCG×1, GTG×1, TGG×1"
868,nonsynonymous-only,0,1,15,4779,"I×3, K×2, F×1, G×1, H×1, L×1, M×1, N×1, R×1, S×1, V×1, W×1","AAA×1125, ATC×1051, AAT×1009, TTT×532, ATT×462, ATG×202, TGG×167, TCT×131, GTT×93, CTA×2, AAG×1, AGA×1, ATA×1, CAT×1, GGC×1"
869,nonsynonymous-only,0,1,14,4215,"C×2, F×2, N×2, S×2, Y×2, D×1, K×1, R×1, W×1","AAC×1248, TGG×1090, TTT×940, AGC×542, AGA×167, TGT×131, TAT×79, GAT×6, AAG×5, TAC×2, TGC×2, AAT×1, AGT×1, TTC×1"
870,nonsynonymous-only,0,1,10,2583,"R×2, C×1, H×1, I×1, L×1, N×1, Q×1, S×1, Y×1","CAA×1688, AAC×532, TAT×167, TGT×131, ATT×50, AGC×7, CTA×4, CGG×2, CAT×1, CGA×1"
871,nonsynonymous-only,0,1,15,3654,"R×3, H×2, K×2, G×1, L×1, P×1, Q×1, S×1, V×1, W×1, Y×1","CGC×1100, AAG×1095, CGA×831, AAA×532, CAG×50, TGG×14, AGC×13, GGG×5, CAC×4, CCA×4, TAC×2, AGA×1, CAT×1, CTT×1, GTG×1"
872,nonsynonymous-only,0,1,15,4924,"T×3, E×2, I×2, K×2, A×1, C×1, F×1, L×1, M×1, V×1","AAG×2174, ATA×874, TTT×664, AAA×539, ACG×380, ACA×197, GAA×45, GAG×22, TGT×7, ATG×6, ATC×5, GCG×4, CTG×3, ACC×2, GTA×2"
873,nonsynonymous-only,0,1,20,4429,"V×3, A×2, E×2, K×2, G×1, I×1, L×1, M×1, N×1, P×1, Q×1, R×1, S×1, T×1, W×1","ATG×1117, CAA×1050, AAA×991, GAA×532, TGG×336, GTT×193, ACG×133, AAT×22, GCA×21, TCC×7, ATA×6, GAG×5, GCT×4, GTC×4, AGA×3, AAG×1, CCC×1, CTA×1, GGA×1, GTA×1"
874,nonsynonymous-only,0,1,18,3628,"L×4, S×3, F×2, P×2, V×2, C×1, G×1, H×1, K×1, Y×1","TTT×1391, TTC×1049, CCT×889, GTA×131, AGT×50, TTA×48, CTT×37, TCT×8, TCC×6, CAT×5, TTG×5, CCA×2, GGA×2, AAA×1, CTA×1, GTC×1, TAT×1, TGC×1"
875,nonsynonymous-only,0,1,17,4339,"L×3, T×3, I×2, S×2, A×1, F×1, G×1, M×1, N×1, Q×1, R×1","ATG×2011, TTT×1051, AGA×664, ATC×199, ACA×167, AGC×131, ATA×52, GCA×22, TCT×18, TTA×7, CTC×6, ACC×4, AAT×2, CTG×2, ACT×1, CAG×1, GGG×1"
876,nonsynonymous-only,0,1,17,3783,"H×2, Y×2, A×1, C×1, D×1, E×1, F×1, I×1, K×1, L×1, N×1, P×1, Q×1, R×1, W×1","CAT×1074, TTT×1050, GCT×935, TGG×335, TGC×167, AAT×137, AAA×23, CGG×21, TAC×18, TAT×7, CCG×4, GAT×4, CAA×3, ATA×2, CAC×1, CTT×1, GAA×1"
877,nonsynonymous-only,0,1,9,795,"L×2, S×2, C×1, F×1, Q×1, R×1, Y×1","TTT×542, TAT×174, TCA×50, TGT×18, CAA×6, CGT×2, TCG×1, TTA×1, TTG×1"
878,nonsynonymous-only,0,1,11,3474,"R×2, C×1, E×1, K×1, L×1, Q×1, T×1, V×1, W×1, Y×1","AGG×1072, TTG×993, AAA×664, ACA×542, CAG×167, TAT×18, TGG×7, CGG×5, TGC×4, GAA×1, GTG×1"
879,nonsynonymous-only,0,1,5,837,"G×2, D×1, L×1, N×1","GAC×637, AAC×167, GGC×27, GGG×4, CTT×2"
880,nonsynonymous-only,0,1,4,838,"I×1, L×1, M×1, N×1","ATT×664, AAT×167, ATG×4, CTC×3"
881,nonsynonymous-only,0,1,3,170,"S×1, T×1, V×1","TCG×167, GTC×2, ACC×1"
883,synonymous-only,1,0,2,167,N×2,"AAC×166, AAT×1"
884,nonsynonymous-only,0,1,2,274,"K×1, L×1","AAA×167, TTA×107"
885,nonsynonymous-only,0,1,3,275,"R×2, Y×1","CGC×167, TAT×107, CGA×1"
886,nonsynonymous-only,0,1,10,3886,"E×2, V×2, A×1, D×1, K×1, L×1, N×1, P×1","AAA×1502, GAA×1501, CCA×542, AAC×167, GAC×107, GTA×50, CTC×7, GAG×7, GCC×2, GTG×1"
887,nonsynonymous-only,0,1,11,3878,"R×4, K×2, G×1, I×1, N×1, Q×1, V×1","AAT×1079, ATA×1073, AAA×992, CGA×452, AGA×167, GGG×107, AAG×3, CAA×2, AGG×1, CGT×1, GTT×1"
888,nonsynonymous-only,0,1,12,3840,"L×2, Q×2, V×2, Y×2, A×1, G×1, K×1, T×1","AAG×1120, GTG×939, CAG×537, TAC×534, TTG×452, CAA×167, ACG×73, TAT×8, CTG×6, GGC×2, GCG×1, GTA×1"
889,nonsynonymous-only,0,1,18,3599,"R×3, A×2, E×2, K×2, L×2, V×2, D×1, G×1, I×1, M×1, P×1","GGA×1089, GAA×609, GAG×529, CGA×528, AAG×454, ATG×199, AGA×108, GTA×52, CGC×14, CTA×5, ATA×4, GAT×2, AAA×1, CCA×1, GCA×1, GCT×1, GTG×1, TTA×1"
890,nonsynonymous-only,0,1,15,4716,"L×4, A×2, G×2, V×2, K×1, M×1, Q×1, S×1, W×1","CAG×1933, TTG×1140, GCG×719, ATG×530, GGA×167, GTA×108, GTG×86, GCA×11, AAA×6, TGG×6, CTG×3, GGG×3, CTT×2, TCG×1, TTA×1"
891,nonsynonymous-only,0,1,18,4264,"L×3, R×3, T×2, V×2, A×1, E×1, G×1, K×1, M×1, Q×1, W×1, Y×1","GCA×1439, AAA×690, GTA×601, GAA×588, CTA×419, TAC×199, AGA×167, CTT×107, TTA×33, GGA×7, CGG×6, ACG×2, ACA×1, ATG×1, CAA×1, CGC×1, GTG×1, TGG×1"
892,nonsynonymous-only,0,1,10,5382,"K×2, N×2, R×2, G×1, Q×1, T×1, Y×1","AAA×2465, AAT×1024, ACT×542, AGG×540, AAC×453, AAG×195, AGA×156, GGA×4, CAA×2, TAT×1"
893,nonsynonymous-only,0,1,17,5381,"L×5, S×3, Q×2, A×1, F×1, H×1, I×1, P×1, R×1, V×1","TTG×1127, TCA×995, CTA×942, TTA×665, GTA×539, CCA×533, CGA×197, ATC×167, CTT×107, CAT×55, CAA×22, GCT×22, CAG×3, CTG×3, TTT×2, TCC×1, TCG×1"
894,nonsynonymous-only,0,1,8,1235,"F×2, D×1, E×1, G×1, L×1, S×1, W×1","TCA×664, TTC×542, GGT×21, TTT×3, GAG×2, CTC×1, GAC×1, TGG×1"
895,nonsynonymous-only,0,1,9,1402,"L×3, S×2, I×1, T×1, V×1, Y×1","ACT×664, CTA×542, ATT×167, TCT×21, TTA×3, TAT×2, AGT×1, CTT×1, GTG×1"
903,nonsynonymous-only,0,1,4,837,"F×1, L×1, R×1, Y×1","TAT×831, CGT×3, TTT×2, TTA×1"
904,nonsynonymous-only,0,1,4,1376,"R×2, Q×1, W×1","CGG×664, CAA×542, TGG×167, CGC×3"
915,nonsynonymous-only,0,1,6,715,"D×1, E×1, F×1, L×1, R×1, T×1","TTG×542, GAC×167, ACT×3, CGG×1, GAA×1, TTT×1"
916,nonsynonymous-only,0,1,6,715,"S×2, N×1, Q×1, R×1, Y×1","CAA×532, TCC×167, CGA×10, TAC×3, AAC×2, AGT×1"
917,nonsynonymous-only,0,1,6,1381,"A×2, D×1, I×1, T×1, Y×1","TAT×831, GCT×543, ACT×3, GAT×2, ATT×1, GCC×1"
918,nonsynonymous-only,0,1,20,6125,"S×3, C×2, F×2, R×2, A×1, D×1, G×1, I×1, L×1, N×1, P×1, T×1, V×1, W×1, Y×1","GCT×2207, GAT×1371, TGC×664, GTT×542, AGC×532, GGT×452, TTC×168, TAT×110, TCT×26, TGT×21, AGG×7, ATT×6, TCC×6, CCT×4, TTT×3, ACT×2, AAT×1, AGA×1, TGG×1, TTG×1"
919,nonsynonymous-only,0,1,13,3574,"E×2, Q×2, R×2, C×1, H×1, K×1, P×1, T×1, W×1, Y×1","ACG×1057, TGG×955, TAC×542, TGT×452, AGA×423, CAA×109, GAA×22, AAA×9, CAG×1, CAT×1, CCA×1, CGA×1, GAG×1"
920,nonsynonymous-only,0,1,20,7223,"I×3, T×3, A×2, K×2, D×1, F×1, G×1, H×1, N×1, Q×1, R×1, S×1, V×1, Y×1","TAT×1707, AAA×1617, ACT×1101, ATT×1035, GAT×646, ATC×538, ATA×534, TTT×12, ACG×6, GCT×6, CGT×4, AAG×3, AAT×3, CAT×3, ACC×2, TCT×2, CAA×1, GCC×1, GGT×1, GTT×1"
921,nonsynonymous-only,0,1,14,7375,"D×2, I×2, N×2, V×2, A×1, F×1, H×1, L×1, T×1, Y×1","AAT×1930, ATT×1621, ATC×1267, ACT×1118, GAT×940, AAC×279, GAC×167, TTT×43, CTT×3, CAC×2, GTT×2, GCT×1, GTC×1, TAT×1"
922,nonsynonymous-only,0,1,26,7622,"S×5, L×3, A×2, F×2, I×2, N×2, P×2, T×2, C×1, D×1, M×1, R×1, V×1, Y×1","TTC×1530, ATC×1158, GTC×1143, TTT×972, AGT×653, CCA×542, ATT×471, TTA×380, TCA×197, TCT×171, ATG×153, GCT×108, CCT×50, CTA×42, TCC×21, ACT×11, TGC×8, TAC×4, AAC×1, AAT×1, ACA×1, AGC×1, CGC×1, CTG×1, GAC×1, GCC×1"
923,nonsynonymous-only,0,1,17,7589,"R×3, G×2, Q×2, S×2, A×1, D×1, E×1, H×1, K×1, M×1, V×1, W×1","TGG×1627, AGG×1472, AAA×1173, AGC×1050, GGC×665, GAA×545, ATG×422, GTA×242, GAC×197, GCA×167, AGT×21, CAC×2, GGG×2, AGA×1, CAA×1, CAG×1, CGG×1"
924,nonsynonymous-only,0,1,16,7622,"I×2, N×2, S×2, V×2, A×1, F×1, H×1, K×1, L×1, P×1, T×1, Y×1","AAT×1828, ATA×1168, TCT×1051, ATT×993, GCT×795, TTT×553, CCT×452, ACT×365, AAC×256, GTG×107, TAT×23, CAT×21, GTT×6, CTT×2, AAA×1, AGT×1"
925,nonsynonymous-only,0,1,25,7621,"I×3, L×3, T×3, V×3, D×2, H×2, N×2, C×1, F×1, K×1, P×1, R×1, S×1, Y×1","CAT×1472, CAC×1158, ATT×1121, GAC×1118, ATC×833, CTA×554, GTC×429, ACC×286, ACT×269, AAA×199, ATA×109, AAT×23, GTT×23, TCG×5, AAC×4, CCC×4, TGT×4, AGA×2, CTC×2, ACA×1, GAT×1, GTA×1, TAC×1, TTG×1, TTT×1"
926,nonsynonymous-only,0,1,23,7548,"R×3, G×2, Q×2, V×2, A×1, C×1, D×1, E×1, F×1, H×1, K×1, L×1, M×1, N×1, P×1, T×1, W×1, Y×1","CAA×2702, GAA×1480, CGA×1296, CGT×650, AAA×453, GGA×423, GCA×192, TGG×167, GAC×50, CAG×39, TTT×22, ATG×21, AGA×14, GGT×9, GTA×9, ACA×7, TGT×6, CTC×2, TAT×2, AAC×1, CAT×1, CCA×1, GTG×1"
927,nonsynonymous-only,0,1,15,4617,"K×2, S×2, D×1, E×1, F×1, G×1, L×1, M×1, N×1, P×1, Q×1, R×1, T×1","CAG×1165, ATG×1050, CCC×658, TTA×542, CGC×452, AAG×423, TCT×167, AAC×107, AAA×22, GAC×21, TCC×6, ACG×1, GAA×1, GGT×1, TTT×1"
928,nonsynonymous-only,0,1,7,3633,"T×2, V×2, A×1, E×1, I×1","GTA×1165, GCA×1050, ACA×542, ATA×452, GTT×422, ACG×1, GAA×1"
929,nonsynonymous-only,0,1,4,1709,"I×1, N×1, P×1, T×1","ACC×1165, ATT×542, AAC×1, CCT×1"
930,nonsynonymous-only,0,1,2,542,"P×1, S×1","TCA×541, CCA×1"
934,nonsynonymous-only,0,1,3,545,"R×2, L×1","CGA×502, AGA×39, CTA×4"
938,synonymous-only,1,0,2,543,S×2,"TCT×541, TCA×2"
939,nonsynonymous-only,0,1,4,711,"C×1, L×1, S×1, T×1","TCA×542, TGT×167, ACA×1, CTT×1"
940,nonsynonymous-only,0,1,4,765,"T×2, I×1, M×1","ACA×592, ACT×168, ATG×4, ATT×1"
941,nonsynonymous-only,0,1,6,765,"G×2, K×1, M×1, R×1, V×1","ATG×545, GGG×167, AGA×50, AAG×1, GGT×1, GTC×1"
942,nonsynonymous-only,0,1,6,765,"A×1, D×1, I×1, L×1, M×1, N×1","AAT×709, GAT×50, CTA×3, ATG×1, ATT×1, GCC×1"
943,nonsynonymous-only,0,1,7,764,"L×3, F×1, K×1, M×1, R×1","CTA×539, AGG×167, AAA×50, CTT×3, TTA×3, ATG×1, TTT×1"
944,nonsynonymous-only,0,1,12,2262,"L×3, P×3, S×2, V×2, I×1, W×1","CCG×945, TTA×545, GTG×532, TGG×167, TCA×55, CTA×6, TTG×5, CCA×2, CCT×2, ATA×1, GTA×1, TCT×1"
945,nonsynonymous-only,0,1,8,1719,"I×2, A×1, K×1, L×1, S×1, T×1, V×1","ACA×951, GCA×543, ATA×159, GTA×51, AAA×7, TCA×4, TTA×3, ATC×1"
946,nonsynonymous-only,0,1,13,2909,"P×3, K×2, D×1, E×1, G×1, H×1, I×1, L×1, Q×1, S×1","GAG×939, CTG×664, CCT×542, CAG×529, CCG×167, TCA×50, CCC×6, GGA×5, AAG×3, AAA×1, ATT×1, CAT×1, GAT×1"
947,nonsynonymous-only,0,1,12,2247,"R×3, G×2, I×2, A×1, C×1, E×1, S×1, V×1","GGG×942, GGA×540, AGA×522, TGT×167, AGG×57, CGA×6, TCC×6, GAA×3, ATA×1, ATT×1, GCG×1, GTT×1"
948,nonsynonymous-only,0,1,13,2855,"V×3, I×2, S×2, T×2, D×1, K×1, L×1, N×1","ACA×851, GTA×664, ATT×539, AAT×529, GTC×167, AAA×91, GAC×6, ATC×3, ACG×1, GTT×1, TCC×1, TCT×1, TTA×1"
949,nonsynonymous-only,0,1,12,2854,"F×2, L×2, A×1, C×1, I×1, N×1, P×1, S×1, V×1, Y×1","GTT×876, TAT×830, GCT×542, TTT×532, ATT×67, AAT×1, CCT×1, CTT×1, TCG×1, TGT×1, TTA×1, TTC×1"
950,nonsynonymous-only,0,1,11,4184,"S×3, C×1, D×1, F×1, H×1, I×1, L×1, W×1, Y×1","TCT×1695, TAT×1516, TTT×796, TGG×167, TGT×3, ATT×2, AGT×1, CAT×1, GAT×1, TCC×1, TTA×1"
951,nonsynonymous-only,0,1,23,7135,"S×4, V×4, T×3, D×2, I×2, A×1, E×1, F×1, G×1, K×1, L×1, M×1, R×1","GGC×1165, ATT×1112, GTA×1050, GTG×961, TTT×839, AGC×735, AAG×532, TTG×529, ATA×131, TCA×23, GAC×18, GAT×15, CGG×6, ATG×5, AGT×3, ACA×2, GCA×2, TCT×2, ACG×1, ACT×1, GAG×1, GTC×1, GTT×1"
952,nonsynonymous-only,0,1,11,6942,"E×2, G×2, K×2, R×2, D×1, N×1, S×1","GAA×1589, GGT×1184, AAG×1120, AAT×939, AGA×664, GGA×567, GAT×543, AAA×332, AGT×2, AGG×1, GAG×1"
953,nonsynonymous-only,0,1,15,6282,"E×2, K×2, Q×2, R×2, A×1, F×1, G×1, N×1, P×1, T×1, V×1","CAA×2683, AAG×1118, GAA×1079, CAG×615, GCA×541, AGA×197, AAA×33, CGA×6, GAG×3, GGA×2, AAT×1, ACG×1, CCA×1, GTA×1, TTC×1"
954,nonsynonymous-only,0,1,19,7093,"I×3, V×3, A×2, L×2, C×1, F×1, G×1, H×1, K×1, M×1, P×1, R×1, T×1","CGC×1165, CCT×1117, TTT×1081, CTT×1067, ATC×1050, GCC×664, ATT×543, GTT×198, GTC×167, GTG×22, ATA×9, CTC×3, AAA×1, ACC×1, ATG×1, CAT×1, GCT×1, GGT×1, TGT×1"
955,nonsynonymous-only,0,1,20,7090,"T×3, K×2, S×2, A×1, C×1, D×1, E×1, F×1, G×1, H×1, I×1, L×1, P×1, Q×1, V×1, Y×1","CAA×1694, TGT×1218, GTT×1118, CCT×939, AGT×638, TCA×541, AAA×533, ACA×198, GAA×147, GGT×26, TAT×23, ACC×4, AAG×2, GAT×2, TTT×2, ACT×1, ATA×1, CAC×1, GCC×1, TTG×1"
956,nonsynonymous-only,0,1,12,3866,"C×2, A×1, D×1, E×1, F×1, H×1, K×1, L×1, N×1, S×1, Y×1","GAA×1568, TGT×963, CTT×663, TGC×322, TAT×197, TCT×132, AAA×11, AAT×5, TTT×2, CAT×1, GAT×1, GCT×1"
957,nonsynonymous-only,0,1,6,2700,"G×2, D×1, H×1, N×1, T×1","GGG×1117, AAC×1050, ACA×529, GGT×2, CAT×1, GAT×1"
958,nonsynonymous-only,0,1,6,1650,"V×2, H×1, I×1, R×1, Y×1","GTC×1117, ATT×529, CAT×1, CGC×1, GTT×1, TAC×1"
959,nonsynonymous-only,0,1,5,1121,"A×2, F×1, V×1, Y×1","GCT×1117, GCC×1, GTG×1, TAT×1, TTT×1"
960,nonsynonymous-only,0,1,5,1120,"I×2, F×1, S×1, V×1","ATT×1116, AGT×1, ATC×1, GTG×1, TTT×1"
964,nonsynonymous-only,0,1,2,2,"R×1, T×1","ACA×1, AGG×1"
965,nonsynonymous-only,0,1,3,531,"L×2, N×1","CTT×529, AAC×1, CTC×1"
966,nonsynonymous-only,0,1,4,553,"E×1, G×1, K×1, R×1","GAA×529, GGG×22, AAA×1, AGG×1"
967,nonsynonymous-only,0,1,11,3077,"R×3, L×2, Q×2, E×1, K×1, S×1, W×1","TTG×1050, AGG×852, AAA×623, TGG×532, CGG×9, CAA×5, TTA×2, AGA×1, CAG×1, GAA×1, TCA×1"
968,nonsynonymous-only,0,1,14,4199,"I×2, N×2, Y×2, A×1, C×1, D×1, F×1, H×1, K×1, L×1, Q×1","TAT×1645, CAC×939, TTT×664, GCC×529, GAT×194, CTT×168, ATT×22, ATC×21, CAG×7, TGC×5, AAT×2, AAA×1, AAC×1, TAC×1"
969,nonsynonymous-only,0,1,11,4200,"N×2, R×2, C×1, D×1, G×1, K×1, Q×1, S×1, Y×1","AAT×1640, GAT×1592, AGA×664, TGT×209, TAT×59, AGT×26, GGC×6, AAA×1, AAC×1, AGG×1, CAA×1"
970,nonsynonymous-only,0,1,14,3182,"D×2, H×2, R×2, Y×2, C×1, E×1, K×1, L×1, Q×1, T×1","GAA×1010, TGC×704, CGC×662, CAA×530, CAT×188, AAA×44, GAC×21, TAT×9, TTA×6, TAC×4, ACT×1, CAC×1, CGG×1, GAT×1"
971,nonsynonymous-only,0,1,4,1582,"K×2, Q×1, Y×1","AAA×1051, CAA×529, AAG×1, TAT×1"
972,nonsynonymous-only,0,1,6,1589,"E×1, G×1, I×1, K×1, M×1, V×1","GGG×1050, GTA×529, ATG×6, ATA×2, AAA×1, GAA×1"
973,nonsynonymous-only,0,1,2,531,"G×1, Y×1","GGC×529, TAC×2"
974,nonsynonymous-only,0,1,5,1587,"I×2, G×1, P×1, S×1","GGT×1050, AGT×528, ATC×6, CCT×2, ATT×1"
975,nonsynonymous-only,0,1,5,1586,"R×2, Q×1, S×1, Y×1","TCT×1034, CGC×529, TAT×16, CAA×6, CGA×1"
976,synonymous-only,1,0,3,536,R×3,"CGG×529, AGA×6, CGA×1"
977,nonsynonymous-only,0,1,5,538,"L×2, S×1, T×1, V×1","ACG×529, TTG×6, CTG×1, GTG×1, TCG×1"
978,nonsynonymous-only,0,1,3,8,"E×1, Q×1, S×1","GAA×6, CAA×1, TCA×1"
979,nonsynonymous-only,0,1,4,9,"V×2, E×1, N×1","GTA×6, AAC×1, GAA×1, GTT×1"
981,nonsynonymous-only,0,1,10,2209,"K×2, C×1, E×1, F×1, I×1, L×1, M×1, S×1, V×1","TGT×609, CTA×529, TTT×441, ATG×421, TCG×167, ATA×31, AAA×6, AAG×3, GAA×1, GTT×1"
982,nonsynonymous-only,0,1,20,4565,"R×4, K×2, P×2, S×2, A×1, E×1, G×1, H×1, I×1, L×1, M×1, N×1, Q×1, T×1","CCT×1164, AGA×1050, AAA×541, AAG×529, CGC×451, GGA×423, CAG×197, CTT×167, AGG×24, TCA×6, AAT×4, ACA×1, AGT×1, ATC×1, ATG×1, CAC×1, CCG×1, CGA×1, GAA×1, GCA×1"
983,nonsynonymous-only,0,1,16,3034,"K×2, R×2, S×2, C×1, E×1, G×1, I×1, L×1, N×1, Q×1, T×1, V×1, W×1","AGG×1050, ACA×992, AAG×529, TCA×197, TGC×167, AAT×50, AAA×27, TGG×7, CAG×6, TCT×3, AGA×1, ATA×1, CTA×1, GAA×1, GGC×1, GTG×1"
984,nonsynonymous-only,0,1,20,6809,"E×2, G×2, N×2, R×2, S×2, Y×2, A×1, C×1, D×1, I×1, K×1, L×1, Q×1, V×1","AAA×1592, GTT×1165, AAC×1139, CAA×584, GCC×532, TCA×522, GAG×452, GAA×422, TAT×200, TAC×161, AAT×12, TTA×8, GAT×6, TGC×6, AGA×2, GGT×2, AGG×1, ATC×1, GGA×1, TCG×1"
985,nonsynonymous-only,0,1,19,7169,"S×4, L×3, R×2, T×2, Y×2, F×1, H×1, I×1, N×1, P×1, Q×1","TTT×2739, TAT×1166, AGT×1117, CCT×529, TTA×459, TCC×453, CTT×423, TCT×176, CAA×56, AAT×27, ACT×10, CGT×3, TCG×3, ATT×2, CGA×2, ACC×1, CAT×1, CTG×1, TAC×1"
986,nonsynonymous-only,0,1,14,6072,"K×2, L×2, N×2, Q×2, E×1, G×1, I×1, R×1, S×1, T×1","GGA×2055, AAA×2016, CTG×541, AAT×529, AAG×458, AGG×198, ATA×185, CAA×50, AAC×24, ACA×7, GAA×6, AGT×1, CAG×1, TTA×1"
987,nonsynonymous-only,0,1,23,7446,"S×4, L×3, E×2, G×2, K×2, Q×2, R×2, F×1, I×1, M×1, T×1, V×1, W×1","AGA×2000, CAA×1949, TGG×1164, TCA×553, TTA×529, AAA×423, ATA×315, ACA×226, GGA×188, GAA×50, CTG×18, TCC×7, TTT×6, AGC×4, ATG×3, CGT×2, CTA×2, GAG×2, AAG×1, AGT×1, CAG×1, GGG×1, GTA×1"
988,nonsynonymous-only,0,1,19,7560,"L×5, I×2, V×2, A×1, C×1, F×1, H×1, M×1, N×1, P×1, R×1, S×1, T×1","CCA×1629, TCA×1317, CTA×1070, AAT×1052, TTG×999, TTA×988, ACA×422, GCT×22, TGT×22, GTG×18, CAC×6, ATA×3, CTC×3, ATT×2, CTT×2, TTT×2, AGA×1, ATG×1, GTT×1"
989,nonsynonymous-only,0,1,15,7690,"L×3, I×2, R×2, S×2, V×2, A×1, E×1, F×1, Q×1","TTA×2605, CTA×1698, CAA×1051, TCG×664, TTC×532, GTC×422, GCT×368, TTG×174, GTT×84, CGC×50, ATC×22, TCA×11, AGA×5, ATA×2, GAA×2"
990,nonsynonymous-only,0,1,12,4952,"K×2, V×2, G×1, I×1, M×1, Q×1, R×1, S×1, T×1, Y×1","TCA×1165, AAA×1112, AGA×1050, AAG×564, GGC×452, TAT×422, GTC×167, ACG×8, ATG×6, GTA×3, CAA×2, ATA×1"
991,nonsynonymous-only,0,1,16,3884,"R×4, I×2, Q×2, E×1, K×1, M×1, N×1, P×1, T×1, V×1, W×1","CAA×1166, AGA×561, CGC×541, ATA×536, AAC×452, AAA×422, CGA×168, ATG×27, ACT×3, GAA×2, AGG×1, ATT×1, CAG×1, CCG×1, GTG×1, TGG×1"
992,nonsynonymous-only,0,1,13,3776,"D×2, K×2, N×2, H×1, I×1, Q×1, R×1, T×1, V×1, Y×1","AAC×2215, AAG×541, CAC×532, AAT×426, GAT×29, GAC×21, GTT×3, AAA×2, CGC×2, TAT×2, ACA×1, ATC×1, CAG×1"
993,nonsynonymous-only,0,1,9,2224,"K×2, A×1, D×1, E×1, G×1, R×1, T×1, W×1","GGA×1050, AAG×551, AAA×429, GAC×167, GCA×21, AGA×3, ACA×1, GAA×1, TGG×1"
994,nonsynonymous-only,0,1,10,1164,"K×2, R×2, G×1, I×1, L×1, P×1, Q×1, W×1","CCA×539, CGA×423, AAG×167, TGG×21, GGA×7, AAA×2, CTA×2, ATA×1, CAA×1, CGT×1"
995,nonsynonymous-only,0,1,6,1248,"R×2, F×1, K×1, N×1, P×1","AAG×1050, TTT×188, AAT×7, CCA×1, CGA×1, CGT×1"
996,nonsynonymous-only,0,1,5,182,"E×1, F×1, L×1, R×1, S×1","TCA×167, AGA×7, GAG×6, TTC×1, TTG×1"
997,nonsynonymous-only,0,1,7,745,"I×2, N×2, L×1, M×1, V×1","AAC×492, ATG×189, AAT×49, ATC×7, TTA×6, ATT×1, GTC×1"
998,nonsynonymous-only,0,1,9,746,"P×2, S×2, V×2, L×1, Q×1, T×1","ACT×541, CCT×167, GTC×21, TCT×7, TTG×6, CAG×1, CCG×1, GTG×1, TCG×1"
999,nonsynonymous-only,0,1,7,746,"K×2, N×2, R×1, S×1, W×1","AAC×541, TCG×167, AGG×22, AAA×13, AAG×1, AAT×1, TGG×1"
1000,nonsynonymous-only,0,1,6,723,"I×2, E×1, G×1, T×1, V×1","GTT×541, GGG×167, ATC×7, ATA×6, ACA×1, GAG×1"
1001,nonsynonymous-only,0,1,3,708,"A×1, M×1, P×1","ATG×541, GCG×166, CCG×1"
1002,nonsynonymous-only,0,1,3,708,"T×2, L×1","ACT×539, TTG×167, ACC×2"
1003,synonymous-only,1,0,2,541,N×2,"AAC×530, AAT×11"
1005,nonsynonymous-only,0,1,2,592,"K×1, T×1","ACA×591, AAA×1"
1006,nonsynonymous-only,0,1,4,592,"I×2, L×1, V×1","TTA×541, GTC×49, ATA×1, ATC×1"
1007,nonsynonymous-only,0,1,5,615,"D×2, C×1, S×1, Y×1","GAT×541, GAC×50, TAT×22, AGC×1, TGC×1"
1008,nonsynonymous-only,0,1,7,621,"F×2, A×1, S×1, T×1, V×1, Y×1","GCT×539, TTC×50, GTA×22, TCC×6, ACT×2, TAC×1, TTT×1"
1009,nonsynonymous-only,0,1,7,1771,"S×3, F×1, V×1, W×1, Y×1","TAT×670, TCC×541, TGG×531, TCA×23, TCG×3, TTT×2, GTG×1"
1010,nonsynonymous-only,0,1,17,1723,"S×3, A×2, G×2, N×2, R×2, T×2, H×1, I×1, L×1, V×1","GCG×538, AGA×494, AAC×452, GTA×131, GGA×35, AAT×23, TCA×21, AGG×7, TTA×7, GGG×4, AGT×3, CAT×2, GCT×2, ACG×1, ACT×1, ATC×1, TCG×1"
1011,nonsynonymous-only,0,1,16,4121,"D×2, Q×2, A×1, C×1, E×1, G×1, H×1, I×1, K×1, S×1, T×1, V×1, W×1, Y×1","AAA×1591, CAG×1165, CAC×518, ACT×452, GCG×157, ATA×107, GAC×50, GAT×23, TAC×18, CAA×11, GTG×10, TGG×8, GAA×4, TGC×4, TCT×2, GGA×1"
1012,nonsynonymous-only,0,1,14,6591,"I×3, D×2, N×2, Q×2, S×2, E×1, K×1, V×1","AAT×3497, AGT×1061, AAA×943, GAA×542, ATA×197, AAC×196, GAT×115, CAG×21, AGC×6, CAA×6, ATC×2, ATT×2, GTT×2, GAC×1"
1013,nonsynonymous-only,0,1,15,6591,"C×2, D×2, G×2, N×2, Y×2, E×1, H×1, R×1, S×1, W×1","TAT×1829, AGT×1272, GAT×1213, AAC×541, TGC×532, GAC×531, GGT×474, CAC×171, AAT×16, TAC×3, TGT×3, GAA×2, TGG×2, CGT×1, GGA×1"
1014,nonsynonymous-only,0,1,15,6591,"L×3, S×3, C×2, F×2, Y×2, H×1, P×1, W×1","TTT×2401, TAC×1625, TGT×1247, TCT×529, CTG×507, TCG×167, TGG×50, CTA×34, TAT×8, CCT×7, TGC×5, CAT×4, TCC×4, TTC×2, CTT×1"
1015,nonsynonymous-only,0,1,15,5904,"I×3, L×3, A×2, V×2, F×1, R×1, S×1, T×1, W×1","TTT×1165, TCA×1052, TTA×1046, ATA×665, TTG×541, TGG×529, ACA×452, GCG×192, GTG×170, CTA×56, ATT×27, GCA×5, AGA×2, ATC×1, GTT×1"
1016,nonsynonymous-only,0,1,12,1696,"F×2, I×2, L×2, S×2, E×1, N×1, R×1, Y×1","CTT×831, TAC×523, ATC×197, GAA×107, TTT×22, AAC×7, TTG×4, AGC×1, AGT×1, ATT×1, CGG×1, TTC×1"
1017,nonsynonymous-only,0,1,7,806,"L×3, E×1, K×1, P×1, S×1","GAA×522, TTG×167, CTA×107, AAA×7, AGT×1, CCT×1, CTT×1"
1018,nonsynonymous-only,0,1,2,168,"G×1, L×1","CTA×167, GGA×1"
1019,nonsynonymous-only,0,1,6,700,"E×2, K×2, A×1, D×1","GAG×522, GAA×167, GAC×7, AAA×2, AAG×1, GCG×1"
1020,nonsynonymous-only,0,1,3,697,"F×2, L×1","CTT×522, TTC×168, TTT×7"
1023,nonsynonymous-only,0,1,7,2319,"E×2, A×1, F×1, N×1, V×1, Y×1","GAA×1212, AAT×529, GAG×406, TAT×167, GCT×2, GTA×2, TTT×1"
1024,nonsynonymous-only,0,1,13,2373,"S×2, A×1, D×1, E×1, F×1, G×1, H×1, K×1, N×1, Q×1, T×1, V×1","CAT×1165, TTT×522, GTT×452, GCG×197, AAC×22, TCT×7, ACT×2, AAA×1, CAA×1, GAA×1, GAT×1, GGC×1, TCC×1"
1025,nonsynonymous-only,0,1,13,2540,"A×2, N×2, S×2, T×2, D×1, F×1, I×1, P×1, Y×1","ACT×1162, GCT×529, CCT×452, TAT×197, AAC×167, TCT×22, ACC×4, TTT×2, AAT×1, AGT×1, ATT×1, GAT×1, GCG×1"
1026,nonsynonymous-only,0,1,17,5539,"L×4, I×3, V×3, A×2, S×2, F×1, T×1, Y×1","GCT×1166, TTT×992, TTA×918, CTT×541, GTC×536, ACT×528, ATT×431, TTG×279, AGT×54, GTT×53, CTG×21, TCT×8, GCC×5, GTA×3, TAT×2, ATA×1, ATC×1"
1027,nonsynonymous-only,0,1,21,5539,"S×5, A×4, T×3, L×2, V×2, F×1, H×1, I×1, N×1, Y×1","GCC×1130, TCT×1016, ATT×845, AAT×664, TTT×534, TTG×530, TCG×398, CAT×167, TTA×131, TCC×51, GCT×36, ACT×12, TAT×8, GTC×5, GCG×3, TCA×3, GCA×2, ACA×1, ACC×1, AGT×1, GTT×1"
1028,nonsynonymous-only,0,1,15,4056,"L×2, Q×2, A×1, C×1, E×1, G×1, H×1, K×1, N×1, P×1, S×1, W×1, Y×1","CAA×1530, TTA×1171, TAT×529, TGT×452, AAA×222, GGA×131, TTG×7, CCA×4, CAG×2, CAT×2, GAA×2, AAT×1, GCA×1, TCC×1, TGG×1"
1029,nonsynonymous-only,0,1,11,5528,"D×2, E×2, G×2, H×1, K×1, N×1, S×1, Y×1","GAT×3169, GAC×667, GAG×564, CAT×452, AAT×304, AAA×219, GAA×138, GGA×6, TAT×5, AGT×2, GGT×2"
1030,nonsynonymous-only,0,1,11,2762,"P×2, S×2, A×1, F×1, G×1, I×1, L×1, R×1, V×1","CCC×1164, ATA×664, TCT×411, GGA×197, GTG×167, TTG×107, TTT×41, AGA×7, GCA×2, CCT×1, TCA×1"
1031,nonsynonymous-only,0,1,8,2564,"I×2, G×1, K×1, L×1, P×1, R×1, T×1","AAA×1166, CCA×665, ATA×235, ATT×217, ACT×167, CTG×107, CGT×6, GGT×1"
1032,nonsynonymous-only,0,1,9,2456,"G×2, T×2, D×1, E×1, M×1, Q×1, R×1","ACA×1118, AGA×664, GGT×324, ATG×167, GGA×128, ACG×47, GAC×6, CAA×1, GAG×1"
1033,nonsynonymous-only,0,1,5,2003,"A×1, G×1, M×1, S×1, T×1","TCC×1165, ACG×664, ATG×167, GGG×6, GCA×1"
1034,nonsynonymous-only,0,1,4,1836,"K×2, F×1, S×1","AAG×1165, TCC×648, TTC×16, AAA×7"
1035,nonsynonymous-only,0,1,4,1835,"K×1, L×1, P×1, Q×1","CAG×1164, CCG×664, TTG×6, AAG×1"
1036,nonsynonymous-only,0,1,3,672,"R×1, T×1, Y×1","TAC×664, ACA×6, AGG×2"
1037,nonsynonymous-only,0,1,4,839,"D×1, L×1, S×1, V×1","GTT×664, TCC×167, GAT×6, CTT×2"
1038,nonsynonymous-only,0,1,5,1373,"C×1, D×1, G×1, R×1, Y×1","TGT×665, TAT×531, CGC×167, GGT×6, GAT×4"
1039,nonsynonymous-only,0,1,5,1372,"A×1, D×1, P×1, V×1, Y×1","GAT×664, GTA×529, TAT×167, CCG×10, GCG×2"
1040,nonsynonymous-only,0,1,7,1369,"S×4, F×1, L×1, T×1","TTC×664, AGT×528, TCC×167, TTG×6, ACT×2, AGC×1, TCT×1"
1041,nonsynonymous-only,0,1,6,1366,"L×2, H×1, N×1, P×1, Y×1","CTT×529, TAC×451, CAC×207, CCC×167, AAC×6, CTA×6"
1042,nonsynonymous-only,0,1,5,1366,"T×2, F×1, P×1, Q×1","CCA×654, ACC×529, CAG×167, ACA×10, TTT×6"
1043,nonsynonymous-only,0,1,4,1155,"F×2, K×1, S×1","TTC×619, TTT×529, AGT×6, AAA×1"
1044,nonsynonymous-only,0,1,4,1155,"G×1, K×1, M×1, V×1","GTA×535, GGG×452, AAA×167, ATG×1"
1045,nonsynonymous-only,0,1,22,5046,"G×3, R×3, A×2, E×2, K×2, N×2, S×2, D×1, F×1, I×1, L×1, P×1, Q×1","GAA×1070, GGC×1050, GCC×939, CCC×451, AAT×335, AAA×270, AAG×262, AAC×211, GCA×198, TTT×167, CAA×50, GGA×29, CGA×4, ATA×2, AGA×1, AGT×1, CGT×1, CTA×1, GAC×1, GAG×1, GGG×1, TCC×1"
1046,nonsynonymous-only,0,1,24,5185,"S×4, R×3, C×2, L×2, P×2, A×1, D×1, E×1, F×1, G×1, H×1, I×1, M×1, N×1, T×1, V×1","TGC×1162, AAT×1111, ATT×623, ACT×557, GAA×541, GGT×529, ATG×451, CTA×107, GCT×56, AGA×22, TTT×6, CCG×4, TGT×3, CCT×2, GTT×2, AGC×1, AGT×1, CAT×1, CGA×1, CGT×1, CTG×1, GAT×1, TCA×1, TCT×1"
1047,nonsynonymous-only,0,1,14,6878,"I×3, N×2, T×2, A×1, D×1, F×1, L×1, M×1, S×1, V×1","ATT×2835, ACT×1171, TTT×1052, GAT×664, ATC×495, ATA×430, AAC×167, TTA×50, GCT×4, AAT×3, ACA×2, AGT×2, ATG×2, GTT×1"
1048,nonsynonymous-only,0,1,16,3261,"S×3, H×2, R×2, A×1, E×1, F×1, K×1, L×1, P×1, Q×1, W×1, Y×1","TCA×1921, CAA×730, CCT×541, TTC×22, CGA×18, AAA×7, GAA×7, CAC×5, TTA×3, AGT×1, CAT×1, CGC×1, GCA×1, TAC×1, TCT×1, TGG×1"
1049,nonsynonymous-only,0,1,15,6784,"R×3, E×2, L×2, Q×2, D×1, G×1, K×1, S×1, T×1, W×1","CGG×1161, TCA×1073, CAG×1054, AGG×940, AGA×673, TTA×529, CAA×471, CTG×422, ACA×189, GGA×170, TGG×53, GAG×20, GAA×14, AAA×9, GAC×6"
1050,nonsynonymous-only,0,1,22,6919,"E×2, I×2, L×2, N×2, Q×2, R×2, V×2, D×1, G×1, H×1, K×1, M×1, S×1, T×1, Y×1","AAC×2298, AGA×1050, AAT×778, AGT×541, GAG×532, ACA×530, CAG×452, TTA×422, GTC×197, GAC×51, GTG×22, ATA×20, ATG×6, AAA×4, AGG×4, GGA×4, CTC×2, TAT×2, ATC×1, CAA×1, CAC×1, GAA×1"
1051,nonsynonymous-only,0,1,21,6901,"T×4, F×2, N×2, R×2, V×2, A×1, C×1, G×1, I×1, K×1, L×1, M×1, S×1, Y×1","AAC×1616, AAT×1098, GTT×939, TGC×831, ACT×612, ATT×542, TAT×537, ACA×529, CGT×107, AGT×51, TTG×11, ACG×7, CGC×6, TTT×5, GGT×3, ATG×2, AAA×1, ACC×1, GCT×1, GTG×1, TTC×1"
1052,nonsynonymous-only,0,1,3,563,"L×1, M×1, S×1","ATG×541, TTG×21, TCG×1"
1053,nonsynonymous-only,0,1,2,545,"F×1, I×1","ATT×544, TTT×1"
1054,nonsynonymous-only,0,1,4,568,"Y×2, D×1, E×1","TAT×563, GAT×3, GAA×1, TAC×1"
1055,nonsynonymous-only,0,1,3,543,"L×1, P×1, S×1","CCA×541, TCA×1, TTA×1"
1056,nonsynonymous-only,0,1,3,541,"N×2, H×1","AAC×537, AAT×3, CAC×1"
1057,nonsynonymous-only,0,1,6,1493,"A×2, D×2, F×1, S×1","GCT×522, TTC×422, GAT×400, GAC×141, GCC×7, TCT×1"
1058,nonsynonymous-only,0,1,3,1493,"F×2, L×1","TTC×1055, TTA×422, TTT×16"
1059,nonsynonymous-only,0,1,3,531,"I×2, T×1","ATC×422, ACT×108, ATT×1"
1060,nonsynonymous-only,0,1,6,940,"E×1, H×1, K×1, M×1, P×1, S×1","GAA×656, AGT×167, CAT×107, AAA×8, ATG×1, CCT×1"
1061,nonsynonymous-only,0,1,12,2938,"L×3, V×2, A×1, E×1, F×1, I×1, M×1, S×1, T×1","GTG×1538, TTT×664, GCA×452, CTA×167, TTG×107, GTT×3, ACA×2, ATG×1, ATT×1, CTC×1, GAG×1, TCA×1"
1062,nonsynonymous-only,0,1,15,6355,"I×3, A×2, G×2, V×2, D×1, E×1, F×1, L×1, N×1, S×1","ATT×2138, GAT×1165, GCT×1116, ATC×1070, GGC×446, TTT×167, CTC×131, GTA×107, GGT×6, GAA×3, AGT×2, AAC×1, ATA×1, GCC×1, GTT×1"
1063,nonsynonymous-only,0,1,16,5150,"R×3, E×2, K×2, Q×2, S×2, G×1, L×1, M×1, N×1, W×1","AAA×1900, GAA×790, AGA×674, TTA×532, CAG×529, AAC×452, AGG×197, CGC×50, ATG×7, CAA×6, GGA×4, AAG×3, GAG×3, AGC×1, AGT×1, TGG×1"
1064,nonsynonymous-only,0,1,19,8119,"R×3, A×2, I×2, K×2, L×2, Q×2, E×1, G×1, P×1, S×1, T×1, V×1","AGA×4013, ATA×1117, ACA×1017, CGA×532, CGG×507, CAA×471, AAA×375, GCA×32, CAG×22, GGA×10, CTA×7, TTA×4, AAG×3, GAA×3, ATC×2, AGT×1, CCA×1, GCG×1, GTA×1"
1065,nonsynonymous-only,0,1,15,7072,"R×3, S×2, D×1, E×1, G×1, H×1, K×1, N×1, Q×1, T×1, V×1, Y×1","AAA×1640, AGA×1247, AGG×1168, CGT×1117, TAT×666, TCA×452, GTG×422, AAT×322, GAT×22, ACA×6, CAT×5, CAA×2, AGT×1, GAA×1, GGA×1"
1066,nonsynonymous-only,0,1,19,7727,"C×2, N×2, Q×2, R×2, S×2, Y×2, A×1, D×1, E×1, F×1, G×1, H×1, K×1","TAT×2159, GAA×1161, TTT×1050, AAT×821, TGT×673, CGT×532, CAA×529, GAT×312, AGT×187, CAG×167, AAA×108, AGC×10, GGC×6, TAC×4, GCA×3, TGC×2, AAC×1, CAT×1, CGC×1"
1067,nonsynonymous-only,0,1,16,5557,"C×2, F×2, L×2, S×2, H×1, I×1, K×1, N×1, R×1, V×1, W×1, Y×1","CTT×1332, TTC×1064, TGT×939, TCT×679, CAT×667, CGA×452, ATC×197, TAC×159, TTT×26, CTA×22, TGG×9, GTT×6, AAG×2, AAT×1, AGC×1, TGC×1"
1068,nonsynonymous-only,0,1,21,6789,"F×2, I×2, K×2, N×2, S×2, T×2, Y×2, A×1, C×1, D×1, E×1, M×1, V×1, W×1","AAC×1693, ATG×1117, AAT×1068, ATT×937, AGT×649, TAT×528, TAC×423, TGG×167, AAA×107, TTC×50, GAT×22, TCT×7, GAG×6, AAG×3, TTT×3, ACT×2, GTT×2, TGT×2, ACC×1, ATC×1, GCA×1"
1069,nonsynonymous-only,0,1,20,6253,"L×3, R×3, A×2, I×2, V×2, C×1, E×1, F×1, G×1, K×1, N×1, P×1, T×1","TTG×1165, AGA×1054, GCG×991, TTA×541, GAA×533, GTA×532, GCA×452, CGA×422, CTA×197, ATA×167, GTG×122, TTT×50, AAA×6, GGG×5, ACG×4, CCA×4, ATC×3, AAT×2, AGG×2, TGC×1"
1070,nonsynonymous-only,0,1,7,988,"L×1, P×1, Q×1, R×1, S×1, T×1, V×1","TCA×455, GTG×422, TTG×107, ACA×1, CAA×1, CCA×1, CGG×1"
1071,nonsynonymous-only,0,1,5,565,"G×1, K×1, L×1, Q×1, T×1","CTT×452, CAG×107, GGG×4, AAA×1, ACA×1"
1072,nonsynonymous-only,0,1,3,620,"K×1, N×1, T×1","ACA×452, AAT×167, AAG×1"
1073,nonsynonymous-only,0,1,2,453,"I×1, N×1","AAC×452, ATC×1"
1076,nonsynonymous-only,0,1,2,2,"H×1, Q×1","CAC×1, CAG×1"
1077,nonsynonymous-only,0,1,18,5736,"L×3, P×3, A×2, E×2, Q×2, D×1, F×1, K×1, M×1, S×1, V×1","ATG×1171, CAA×1118, GAA×940, TTT×894, TCA×872, GAT×541, GCA×107, AAA×50, CCG×21, TTA×6, CCT×5, GTG×4, CCA×2, CAG×1, CTT×1, GAG×1, GCC×1, TTG×1"
1078,nonsynonymous-only,0,1,24,6280,"L×4, A×3, S×3, T×3, D×2, G×2, V×2, E×1, I×1, K×1, N×1, P×1","ATT×3221, GCT×541, AAT×533, GTT×531, GCA×452, GAC×422, ACC×195, GGT×167, CTA×113, CCT×50, TTA×22, GAT×7, AGT×6, CTT×4, GAA×3, ACT×2, AGC×2, GGA×2, TCA×2, AAG×1, ACA×1, CTG×1, GCC×1, GTC×1"
1079,nonsynonymous-only,0,1,19,6909,"S×3, T×3, D×2, H×2, V×2, A×1, F×1, G×1, L×1, N×1, P×1, Y×1","CCT×2628, ACC×1161, TCT×1128, TCG×1052, TAT×555, TTT×202, GCT×107, AAT×51, ACT×6, TCC×5, GAC×3, CAC×2, CAT×2, GAT×2, ACG×1, GGT×1, GTG×1, GTT×1, TTG×1"
1080,nonsynonymous-only,0,1,17,7993,"E×2, N×2, Q×2, C×1, D×1, F×1, G×1, H×1, K×1, R×1, S×1, V×1, W×1, Y×1","GAT×1961, CAT×1587, TGG×1117, TAT×1058, AAC×648, CAA×532, GAG×529, TTT×452, AAA×59, GTT×21, AAT×19, TGT×4, GAA×2, CAG×1, CGG×1, GGC×1, TCT×1"
1081,nonsynonymous-only,0,1,3,275,"G×1, P×1, T×1","CCT×167, ACT×107, GGT×1"
1082,nonsynonymous-only,0,1,2,108,"D×1, S×1","GAT×107, TCA×1"
1085,nonsynonymous-only,0,1,2,108,"L×1, Q×1","TTA×107, CAG×1"
1086,nonsynonymous-only,0,1,14,8127,"R×3, G×2, K×2, N×2, D×1, E×1, S×1, T×1, Y×1","AAG×3108, AAC×1812, GAA×1170, AAA×1130, CGC×532, AGG×188, GGT×107, AGA×50, AAT×12, ACC×8, TAC×6, GGA×2, AGC×1, GAC×1"
1087,nonsynonymous-only,0,1,19,7596,"E×2, I×2, K×2, N×2, Q×2, R×2, D×1, G×1, M×1, S×1, T×1, W×1, Y×1","AAG×3126, GAA×1205, TGG×1165, AAA×825, CAG×532, GAT×529, GAG×137, AGT×51, TAC×7, CAA×5, ATA×3, AAC×2, ACT×2, GGA×2, AAT×1, AGG×1, ATG×1, ATT×1, CGG×1"
1088,nonsynonymous-only,0,1,21,6738,"D×2, E×2, K×2, L×2, N×2, Q×2, R×2, T×2, Y×2, F×1, S×1, V×1","AAG×1878, GAC×1118, AAA×1050, AAT×664, CAA×573, CAG×508, GAG×422, ACG×197, AGG×131, GAA×108, TAC×45, TTG×22, TAT×7, AAC×5, GAT×3, TTT×2, ACA×1, CGA×1, GTG×1, TCA×1, TTA×1"
1089,nonsynonymous-only,0,1,19,6088,"R×3, T×3, K×2, L×2, A×1, E×1, F×1, G×1, I×1, M×1, N×1, S×1, V×1","ATG×2269, GGA×1627, ATA×649, GTA×544, GAA×429, AAG×365, AAA×162, CTG×21, GCA×7, TTA×3, ACT×2, AGA×2, CGA×2, AAC×1, ACA×1, ACG×1, AGG×1, AGT×1, TTC×1"
1090,nonsynonymous-only,0,1,8,1480,"L×2, P×2, F×1, I×1, K×1, T×1","TTC×661, TTA×425, ACA×197, ATA×167, CTA×22, CCT×6, AAG×1, CCA×1"
1091,nonsynonymous-only,0,1,8,1475,"A×2, D×1, K×1, L×1, M×1, Q×1, R×1","GCG×657, ATG×422, AAG×197, GCA×174, CAG×22, AGA×1, CTG×1, GAT×1"
1092,nonsynonymous-only,0,1,2,692,"K×1, Q×1","CAG×686, AAG×6"
1093,nonsynonymous-only,0,1,2,7,"M×1, R×1","ATG×6, CGC×1"
1094,nonsynonymous-only,0,1,4,531,"K×1, L×1, R×1, V×1","AGG×502, AAG×27, CTA×1, GTT×1"
1095,nonsynonymous-only,0,1,6,552,"I×3, V×2, L×1","ATA×496, GTG×21, ATT×15, GTA×12, ATC×7, CTG×1"
1096,nonsynonymous-only,0,1,2,530,"G×1, Q×1","CAA×529, GGC×1"
1097,nonsynonymous-only,0,1,9,1155,"K×2, N×2, A×1, L×1, M×1, S×1, T×1","AAA×541, ACG×257, ATG×250, AAT×51, GCG×22, AAG×21, TCC×6, TTA×5, AAC×2"
1098,nonsynonymous-only,0,1,9,1156,"K×2, F×1, L×1, R×1, S×1, V×1, W×1, Y×1","AGA×541, CTG×529, TGG×50, AAG×22, TAT×6, TTT×5, AAA×1, GTG×1, TCG×1"
1099,nonsynonymous-only,0,1,7,679,"R×2, C×1, H×1, K×1, P×1, W×1","CCA×541, TGG×107, CAC×19, TGT×6, CGC×3, CGA×2, AAA×1"
1100,nonsynonymous-only,0,1,10,2745,"K×2, N×2, S×2, I×1, M×1, R×1, T×1","AGC×939, AAA×586, AAT×540, AAG×534, ACT×128, ATA×8, AGA×7, AAC×1, AGT×1, ATG×1"
1101,nonsynonymous-only,0,1,15,2631,"L×2, Q×2, R×2, S×2, Y×2, C×1, E×1, F×1, H×1, K×1","TAT×1386, CAT×627, CGA×375, CAA×112, AGT×50, CTA×28, TGC×21, CGT×15, TAC×6, CAG×5, GAA×2, AAG×1, TCC×1, TTA×1, TTT×1"
1102,nonsynonymous-only,0,1,13,2724,"L×5, I×2, A×1, F×1, M×1, S×1, T×1, V×1","CTA×1057, GTA×940, TTG×532, CTT×107, TTT×50, TTA×14, ATA×8, ATT×6, GCA×5, ACA×2, ATG×1, CTG×1, TCA×1"
1103,nonsynonymous-only,0,1,15,2617,"I×3, K×2, T×2, F×1, L×1, M×1, N×1, P×1, S×1, V×1, W×1","TCG×937, TTC×547, ACG×532, AAA×418, AAG×111, TGG×50, ATT×7, ACA×6, CCG×2, GTA×2, AAT×1, ATA×1, ATC×1, ATG×1, CTT×1"
1104,nonsynonymous-only,0,1,6,650,"L×2, D×1, G×1, K×1, R×1","CTA×529, GAC×107, AGA×6, TTA×6, AAA×1, GGC×1"
1105,nonsynonymous-only,0,1,3,114,"I×1, N×1, V×1","AAC×107, ATC×6, GTT×1"
1106,nonsynonymous-only,0,1,10,1662,"F×2, I×2, L×2, R×2, P×1, V×1","GTT×1117, AGA×422, ATT×107, AGG×6, TTC×4, ATC×2, CCT×1, CTC×1, TTA×1, TTT×1"
1107,nonsynonymous-only,0,1,11,1796,"S×2, A×1, F×1, G×1, H×1, I×1, K×1, L×1, N×1, V×1","TTT×1125, AAT×422, AGC×131, GCT×107, GTT×4, AAA×2, AGT×1, ATT×1, CAC×1, CTG×1, GGT×1"
1108,nonsynonymous-only,0,1,19,4763,"L×3, S×3, K×2, P×2, T×2, E×1, G×1, I×1, Q×1, R×1, W×1, Y×1","TCA×940, TCT×643, TTA×542, AAG×534, CCA×522, TTG×452, GGA×422, GAA×198, CTC×167, ACA×137, TAC×107, CAA×50, TCC×22, CCT×13, TGG×7, ACC×4, AAA×1, ATA×1, CGA×1"
1109,nonsynonymous-only,0,1,14,5892,"A×2, I×2, S×2, T×2, V×2, D×1, F×1, K×1, N×1","ATT×1831, GTT×1499, GCT×1181, TTT×1170, AAA×167, ACT×27, ATC×7, AAT×3, ACC×2, GAT×1, GCA×1, GTC×1, TCC×1, TCT×1"
1110,nonsynonymous-only,0,1,22,5843,"R×3, S×3, C×2, E×2, G×2, T×2, A×1, F×1, I×1, K×1, L×1, M×1, N×1, W×1","AGA×1780, TCA×980, GGG×938, GAA×833, AGC×544, GGA×544, AGT×187, TGC×7, TGT×7, TTG×5, ATG×4, ATT×2, CGC×2, TTC×2, AAA×1, AAC×1, ACA×1, ACT×1, AGG×1, GAG×1, GCT×1, TGG×1"
1111,nonsynonymous-only,0,1,15,5366,"T×3, A×2, E×2, R×2, G×1, I×1, K×1, M×1, N×1, V×1","ACA×2206, ATA×1119, GGA×938, GAA×423, GCT×300, GTA×171, ACT×135, AAT×50, AAA×7, ACG×6, GCA×5, AGA×3, AGG×1, ATG×1, GAG×1"
1112,nonsynonymous-only,0,1,2,2,"N×1, V×1","AAT×1, GTG×1"
1113,nonsynonymous-only,0,1,6,2357,"L×2, F×1, P×1, S×1, V×1","TTT×1655, TTG×531, GTT×167, TTA×2, CCC×1, TCA×1"
1114,nonsynonymous-only,0,1,9,1695,"T×2, C×1, K×1, L×1, M×1, P×1, R×1, S×1","ATG×939, CGA×532, ACG×167, CCA×44, TCA×6, ACA×3, TGC×2, AAA×1, TTA×1"
1115,nonsynonymous-only,0,1,8,2232,"I×2, P×2, A×1, C×1, N×1, Y×1","AAC×939, ATC×582, CCC×540, TGC×167, ATT×1, CCA×1, GCA×1, TAC×1"
1116,nonsynonymous-only,0,1,7,2079,"A×1, D×1, G×1, N×1, R×1, S×1, Y×1","GGT×936, GAT×547, GCT×541, AAT×50, CGT×3, AGT×1, TAT×1"
1117,nonsynonymous-only,0,1,8,1510,"F×2, L×2, Y×2, C×1, I×1","TTT×529, TAC×517, TGC×423, TTG×22, CTA×7, TTC×6, ATT×5, TAT×1"
1118,nonsynonymous-only,0,1,10,2052,"K×2, R×2, E×1, G×1, N×1, Q×1, S×1, Y×1","CGG×930, CAG×549, AGA×406, AAA×127, AAG×22, GAA×8, AGT×6, AAT×2, GGG×1, TAC×1"
1119,nonsynonymous-only,0,1,10,2056,"K×2, V×2, A×1, E×1, M×1, N×1, R×1, T×1","AAG×936, GTG×539, AAA×535, ACG×23, ATG×7, GAA×7, AGG×5, AAT×2, GCG×1, GTT×1"
1120,nonsynonymous-only,0,1,8,2034,"I×2, V×2, A×1, K×1, M×1, T×1","GTT×1358, ATT×538, GCT×122, AAA×7, ACT×5, ATG×2, ATC×1, GTC×1"
1121,nonsynonymous-only,0,1,5,543,"F×1, P×1, R×1, S×1, Y×1","TCC×532, TTT×7, CCT×2, AGA×1, TAT×1"
1123,nonsynonymous-only,0,1,5,1104,"G×2, D×1, K×1, N×1","GAT×561, AAA×532, AAC×7, GGC×3, GGT×1"
1124,nonsynonymous-only,0,1,8,1110,"A×2, Y×2, E×1, G×1, K×1, L×1","GAG×538, GCC×525, GGC×21, GCA×15, AAA×7, TTA×2, TAC×1, TAT×1"
1125,nonsynonymous-only,0,1,4,562,"I×2, D×1, V×1","ATC×530, GTC×21, ATT×10, GAT×1"
1126,synonymous-only,1,0,2,540,T×2,"ACC×304, ACT×236"
1128,nonsynonymous-only,0,1,3,541,"V×2, T×1","GTG×539, ACA×1, GTA×1"
1129,synonymous-only,1,0,2,541,L×2,"CTG×540, TTG×1"
1130,nonsynonymous-only,0,1,2,648,"F×1, I×1","ATT×541, TTT×107"
1131,nonsynonymous-only,0,1,3,649,"A×1, E×1, K×1","GCA×540, GAA×107, AAA×2"
1132,nonsynonymous-only,0,1,2,542,"F×1, Y×1","TTT×541, TAT×1"
1133,nonsynonymous-only,0,1,2,541,"A×1, T×1","GCT×540, ACC×1"
1134,nonsynonymous-only,0,1,2,543,"G×1, V×1","GGG×540, GTG×3"
1138,nonsynonymous-only,0,1,7,710,"V×3, I×1, K×1, S×1, T×1","GTT×530, AAG×167, GTA×8, GTC×2, ACG×1, ATA×1, TCA×1"
1139,nonsynonymous-only,0,1,9,1833,"A×2, E×1, G×1, K×1, M×1, R×1, T×1, V×1","GAA×1117, ACA×541, GGA×167, AAA×2, GTG×2, ATG×1, CGG×1, GCA×1, GCG×1"
1140,nonsynonymous-only,0,1,16,4585,"E×2, H×2, K×2, N×2, D×1, I×1, L×1, R×1, S×1, T×1, V×1, Y×1","AAA×1953, AAC×807, AGT×542, CAT×538, AAG×528, AAT×131, ACT×50, GAA×26, CAC×3, ATT×1, CGT×1, GAG×1, GAT×1, GTT×1, TAC×1, TTA×1"
1141,nonsynonymous-only,0,1,15,3473,"A×3, T×3, I×2, V×2, L×1, M×1, N×1, R×1, S×1","ACT×944, ACG×657, ATG×546, ACC×534, AAT×528, AGA×167, GCC×50, GCG×21, ATT×8, GCT×7, GTC×7, AGT×1, ATC×1, CTG×1, GTT×1"
1142,nonsynonymous-only,0,1,17,3475,"L×3, T×3, V×3, I×2, Y×2, A×1, F×1, P×1, S×1","ATT×1479, GTC×664, CTA×535, TTA×533, ACT×167, ACA×71, CCA×6, GTT×5, ATC×4, GCC×2, TAT×2, TCT×2, ACG×1, CTT×1, GTA×1, TAC×1, TTT×1"
1143,nonsynonymous-only,0,1,15,3497,"I×3, A×2, S×2, T×2, V×2, E×1, G×1, L×1, M×1","GTG×939, GCA×831, ATG×547, ATT×538, GGC×404, GCC×109, ATC×53, ATA×26, TTA×26, TCC×16, ACA×2, GAA×2, TCT×2, ACC×1, GTC×1"
1144,nonsynonymous-only,0,1,13,2818,"E×2, S×2, T×2, C×1, F×1, G×1, I×1, N×1, R×1, Y×1","AGT×983, ATT×707, AGC×534, GGT×532, TGT×22, GAA×21, GAG×7, ACT×5, AAT×2, TTC×2, ACC×1, AGA×1, TAT×1"
1145,nonsynonymous-only,0,1,13,2600,"G×2, K×2, N×2, S×2, E×1, H×1, M×1, R×1, W×1","GAA×945, AGT×532, AGG×507, GGG×495, GGA×45, TGG×22, AAC×21, ATG×14, AAA×7, AGC×7, AAT×3, AAG×1, CAT×1"
1146,nonsynonymous-only,0,1,12,2582,"D×2, G×2, I×2, K×2, N×2, E×1, R×1","AAA×1472, ATT×493, AGG×419, AAG×109, ATC×47, GGA×22, AAC×7, GAA×6, AAT×2, GAT×2, GGT×2, GAC×1"
1147,nonsynonymous-only,0,1,9,2578,"G×3, I×2, E×1, K×1, R×1, S×1","GGA×1469, ATC×539, AAG×528, GAG×22, GGT×10, GGC×4, AGA×3, TCG×2, ATT×1"
1148,nonsynonymous-only,0,1,12,2578,"S×3, D×1, E×1, F×1, H×1, K×1, M×1, T×1, V×1, Y×1","ATG×939, ACC×540, GTT×532, TTC×506, AAA×22, TAC×15, TCT×9, CAC×7, AGT×5, GAA×1, GAT×1, TCA×1"
1149,nonsynonymous-only,0,1,8,2690,"S×2, D×1, H×1, K×1, N×1, T×1, Y×1","TAT×1082, AAT×1054, AGC×340, AGT×188, AAG×22, ACT×2, CAT×1, GAT×1"
1150,nonsynonymous-only,0,1,13,4888,"L×5, F×2, I×2, V×2, P×1, T×1","CTT×1358, TTT×945, GTT×652, ACT×541, CTG×532, CTA×528, GTC×167, TTA×115, ATT×36, CTC×7, CCT×4, TTC×2, ATC×1"
1151,nonsynonymous-only,0,1,12,4881,"S×4, A×2, Y×2, F×1, L×1, P×1, V×1","TCT×2249, TAC×1167, TCA×533, GCC×354, TTT×198, CCT×189, GCT×159, GTT×15, TCC×8, TCG×6, CTT×2, TAT×1"
1152,nonsynonymous-only,0,1,4,564,"G×1, I×1, R×1, V×1","GTC×540, CGT×22, ATT×1, GGT×1"
1153,nonsynonymous-only,0,1,2,23,"L×1, Q×1","TTA×22, CAG×1"
1157,nonsynonymous-only,0,1,2,2,"K×1, P×1","AAA×1, CCT×1"
1158,nonsynonymous-only,0,1,3,964,"L×1, T×1, V×1","TTG×540, GTC×422, ACA×2"
1159,nonsynonymous-only,0,1,15,1953,"E×2, G×2, K×2, R×2, S×2, T×2, V×2, D×1","GGC×656, AGC×540, AAG×422, AGG×167, GAG×107, ACA×22, AGT×21, GAC×7, GTG×4, GTC×2, AAA×1, ACG×1, AGA×1, GAA×1, GGA×1"
1160,nonsynonymous-only,0,1,16,4223,"G×4, R×3, C×2, E×2, V×2, K×1, N×1, S×1","CGA×1158, GGA×1075, GGC×757, GGT×426, TGT×419, CGC×167, AAG×107, GAA×36, AGA×34, GGG×27, AAC×6, GAG×4, TGC×3, GTT×2, AGC×1, GTC×1"
1161,nonsynonymous-only,0,1,12,3692,"E×2, L×2, Q×2, K×1, P×1, R×1, T×1, V×1, W×1","GAA×935, AAG×664, GAG×621, CCA×540, ACG×528, GTA×197, AGG×167, CAA×32, CTG×4, TGG×2, CAG×1, TTG×1"
1162,nonsynonymous-only,0,1,17,4202,"R×4, A×3, K×2, N×2, E×1, G×1, H×1, Q×1, S×1, Y×1","AAA×1645, AAG×963, AAC×664, TAC×449, GAA×204, GGA×107, CAT×101, GCT×44, CGA×7, GCC×6, CAA×4, AAT×2, CGG×2, AGA×1, AGT×1, CGT×1, GCA×1"
1163,nonsynonymous-only,0,1,8,4094,"K×2, Q×2, C×1, M×1, R×1, Y×1","CAA×1712, CAG×955, AAG×831, AAA×540, ATG×50, TGT×4, CGA×1, TAT×1"
1164,nonsynonymous-only,0,1,14,3235,"R×5, L×3, S×2, G×1, H×1, K×1, Q×1","CGG×961, TCG×544, CGT×533, AAA×528, TTG×428, CAC×167, TTA×45, AGA×10, CAA×8, GGT×6, AGG×2, CGA×1, CTA×1, TCA×1"
1165,nonsynonymous-only,0,1,12,4004,"I×3, L×2, V×2, A×1, M×1, N×1, S×1, T×1","ATT×1114, ATA×1063, AGC×663, GTA×541, ACT×422, TTA×108, GTT×57, ATG×22, GCT×6, ATC×5, TTG×2, AAC×1"
1166,nonsynonymous-only,0,1,16,3581,"S×5, A×2, F×2, C×1, G×1, I×1, P×1, R×1, T×1, V×1","GCT×2307, ATA×528, TCC×511, TTT×107, TTC×79, AGA×22, ACT×7, GCA×6, AGC×4, GTA×2, TCA×2, TCT×2, AGT×1, CCT×1, GGT×1, TGT×1"
1167,nonsynonymous-only,0,1,13,3042,"I×3, L×3, F×2, S×2, M×1, R×1, V×1","ATA×1123, TTC×575, ATT×557, TTT×371, TCA×167, CTC×107, ATG×68, TTG×50, CTA×8, ATC×6, GTC×5, TCG×4, AGG×1"
1168,nonsynonymous-only,0,1,14,3558,"A×4, I×2, L×2, T×2, V×2, K×1, S×1","ACA×857, CTC×663, AAG×540, GCC×532, GCG×445, ATT×167, ATA×111, GTG×83, ACG×82, GCT×58, GCA×11, AGT×6, CTA×2, GTA×1"
1169,nonsynonymous-only,0,1,7,947,"R×2, I×1, L×1, N×1, P×1, S×1","AGT×664, AAT×167, ATA×107, TTA×6, CCA×1, CGA×1, CGT×1"
1178,nonsynonymous-only,0,1,2,7,"I×1, S×1","ATT×6, AGC×1"
1183,nonsynonymous-only,0,1,3,114,"A×1, F×1, N×1","AAT×107, GCT×6, TTT×1"
1184,nonsynonymous-only,0,1,4,778,"H×1, L×1, W×1, Y×1","CAT×664, TAT×107, TTG×6, TGG×1"
1185,nonsynonymous-only,0,1,19,2896,"L×4, Q×2, R×2, D×1, E×1, F×1, G×1, I×1, N×1, S×1, T×1, V×1, W×1, Y×1","CTT×939, TGG×664, AGC×521, TTA×520, CAA×131, GGC×50, CAG×22, CTA×18, GAC×7, TTC×6, ACT×5, AGA×4, GTT×2, TTG×2, AAC×1, AGG×1, ATA×1, GAA×1, TAC×1"
1186,nonsynonymous-only,0,1,18,3738,"G×3, D×2, H×2, K×2, S×2, A×1, C×1, E×1, I×1, N×1, R×1, Y×1","AGC×1483, AAA×664, TGT×528, GGA×526, AGA×167, AAT×146, AAG×108, GCT×52, TAT×23, GGG×14, AGT×12, ATT×7, GAC×2, GAT×2, CAC×1, CAT×1, GAA×1, GGC×1"
1187,nonsynonymous-only,0,1,16,3741,"S×3, F×2, I×2, L×2, V×2, A×1, C×1, G×1, N×1, Y×1","ATT×948, TCT×665, GCT×540, AAT×532, GTC×528, TTT×211, TTA×131, GTT×107, ATA×50, AGT×18, TTC×4, CTA×2, TAT×2, AGC×1, GGC×1, TGC×1"
1188,nonsynonymous-only,0,1,16,3004,"D×2, F×2, Y×2, A×1, C×1, E×1, G×1, H×1, I×1, N×1, R×1, S×1, T×1","TAC×941, TTT×543, CGT×540, AAC×513, TAT×175, ATC×131, TTC×107, GAT×23, GAC×17, AGC×5, GGC×4, ACT×1, CAC×1, GAA×1, GCT×1, TGC×1"
1189,nonsynonymous-only,0,1,12,3077,"K×2, R×2, D×1, E×1, G×1, I×1, N×1, Q×1, T×1, V×1","AAA×1278, ACA×939, GTA×513, GAT×167, AGA×107, ATA×33, AGG×18, AAG×13, GGA×6, AAC×1, CAA×1, GAG×1"
1190,nonsynonymous-only,0,1,15,2074,"E×2, K×2, P×2, R×2, I×1, N×1, Q×1, S×1, T×1, W×1, Y×1","AAA×547, AGA×532, TAC×528, CCT×167, CAA×131, GAA×110, AAG×28, TGG×18, AAT×4, CCG×4, ACC×1, ATC×1, CGA×1, GAG×1, TCC×1"
1191,nonsynonymous-only,0,1,10,1247,"D×2, A×1, C×1, K×1, L×1, P×1, R×1, S×1, Y×1","GAT×540, TGT×513, GAC×167, AGT×15, AAA×4, CCT×3, CTC×2, CGA×1, GCT×1, TAC×1"
1192,nonsynonymous-only,0,1,4,1236,"G×1, I×1, L×1, S×1","ATT×540, GGA×528, AGT×167, CTA×1"
1193,nonsynonymous-only,0,1,2,707,"G×1, T×1","ACC×540, GGC×167"
1194,nonsynonymous-only,0,1,3,707,"R×2, K×1","CGG×519, AAG×167, CGT×21"
1195,nonsynonymous-only,0,1,2,707,"I×1, V×1","GTG×540, ATA×167"
1196,nonsynonymous-only,0,1,3,757,"F×2, S×1","TTC×617, TTT×90, TCC×50"
1199,nonsynonymous-only,0,1,2,707,"D×1, G×1","GAT×540, GGA×167"
1200,nonsynonymous-only,0,1,13,3355,"A×2, K×2, T×2, V×2, I×1, L×1, N×1, P×1, S×1","GCA×1471, GCC×545, GTT×528, CCA×475, AAG×167, GTA×131, ATT×18, AAA×14, CTA×2, AAT×1, ACA×1, ACC×1, AGC×1"
1201,nonsynonymous-only,0,1,6,1285,"A×1, D×1, G×1, P×1, T×1, V×1","GGA×528, ACA×452, GAT×167, CCA×131, GTG×6, GCT×1"
1202,nonsynonymous-only,0,1,19,6979,"D×2, H×2, I×2, N×2, S×2, Y×2, C×1, F×1, G×1, K×1, Q×1, R×1, V×1","GAT×1999, TAT×1331, TGT×1062, AAC×981, CAT×848, AAT×594, TTT×107, GGA×18, GAC×14, CAG×8, ATT×3, CAC×3, TAC×3, AGT×2, ATA×2, AAA×1, AGA×1, AGC×1, GTT×1"
1203,nonsynonymous-only,0,1,27,7592,"L×4, A×2, C×2, F×2, G×2, P×2, R×2, S×2, D×1, H×1, K×1, N×1, Q×1, T×1, V×1, W×1, Y×1","GGC×1165, TAT×1160, CAT×1126, CCT×974, GGA×664, TGC×538, TGT×534, TCA×528, CAA×453, AGG×166, TCT×122, TTT×72, ACT×53, CTA×7, TTG×6, TTA×5, AAT×4, GAT×4, CGC×2, CTG×2, AAG×1, CCA×1, GCG×1, GCT×1, GTC×1, TGG×1, TTC×1"
1204,nonsynonymous-only,0,1,14,7503,"F×2, H×2, N×2, Y×2, C×1, I×1, L×1, Q×1, R×1, V×1","TAT×3201, AAT×1639, TTC×1050, CAC×657, GTC×528, CTT×190, CAT×169, TGT×30, AAC×18, CGT×9, CAG×6, TAC×3, ATT×2, TTT×1"
1205,nonsynonymous-only,0,1,11,2081,"Y×2, C×1, F×1, I×1, L×1, Q×1, R×1, S×1, T×1, W×1","CGT×1165, AGT×527, TGG×247, TGT×129, CAA×4, TTA×3, TAC×2, ACC×1, ATT×1, TAT×1, TTT×1"
1206,nonsynonymous-only,0,1,12,4922,"L×3, F×2, C×1, P×1, Q×1, R×1, S×1, W×1, Y×1","TTA×1363, CAG×1117, TTT×1063, TTG×679, TGG×563, CCA×107, CTA×18, TTC×6, TAT×2, TCA×2, CGG×1, TGT×1"
1207,nonsynonymous-only,0,1,16,7291,"A×2, I×2, L×2, T×2, F×1, G×1, K×1, M×1, N×1, Q×1, R×1, V×1","ATG×2652, ATT×1890, GTG×1836, GCG×485, CAG×167, AAA×137, ACG×66, ATA×46, AAT×4, CTA×2, ACA×1, AGG×1, GCA×1, GGG×1, TTG×1, TTT×1"
1208,nonsynonymous-only,0,1,10,1566,"S×3, I×2, A×1, E×1, F×1, G×1, R×1","GCT×528, GAG×346, GGG×318, TCG×197, AGA×167, TTC×6, AGC×1, ATC×1, ATT×1, TCA×1"
1209,nonsynonymous-only,0,1,7,1368,"E×1, F×1, G×1, N×1, Q×1, R×1, Y×1","CAG×664, GAA×528, GGA×167, AAT×6, CGA×1, TAT×1, TTT×1"
1210,nonsynonymous-only,0,1,2,168,"A×1, T×1","GCT×167, ACT×1"
1222,nonsynonymous-only,0,1,2,2,"G×1, W×1","GGG×1, TGG×1"
1223,nonsynonymous-only,0,1,7,173,"F×1, I×1, K×1, L×1, N×1, P×1, V×1","AAC×167, AAG×1, ATA×1, CCC×1, GTA×1, TTA×1, TTT×1"
1224,nonsynonymous-only,0,1,6,173,"F×1, H×1, L×1, P×1, Q×1, V×1","TTC×167, TTA×2, CAG×1, CAT×1, CCA×1, GTT×1"
1225,nonsynonymous-only,0,1,22,5930,"A×4, I×3, S×3, V×3, L×2, T×2, E×1, G×1, K×1, N×1, P×1","ATT×1117, AAG×989, GCG×961, GCC×946, ATC×717, ACG×664, GCA×197, GCT×128, TTA×107, CCA×50, GAA×29, GTA×7, AGT×5, ACA×4, TCA×2, AAC×1, ATA×1, GGG×1, GTC×1, GTG×1, TCG×1, TTG×1"
1226,nonsynonymous-only,0,1,14,5930,"T×4, A×2, I×2, S×2, D×1, F×1, M×1, N×1","ACT×1276, ATT×1118, ATG×989, GCT×666, TCT×540, AGT×534, ACG×528, GAT×197, ACA×40, TTT×22, ATA×12, ACC×5, AAT×2, GCA×1"
1227,nonsynonymous-only,0,1,25,5931,"S×5, A×3, D×2, G×2, L×2, Y×2, E×1, F×1, K×1, N×1, P×1, Q×1, R×1, T×1, V×1","TTG×1117, AAT×989, TCT×791, TAC×664, GCA×533, GAC×528, GGT×472, TAT×364, TCC×220, CCA×108, GGC×68, AAA×25, GCC×21, AGT×8, TCA×8, GAA×4, GAT×2, TCG×2, ACT×1, CAA×1, CGA×1, CTA×1, GCT×1, GTC×1, TTT×1"
1228,nonsynonymous-only,0,1,2,168,"G×1, V×1","GTT×167, GGT×1"
1237,synonymous-only,1,0,2,167,G×2,"GGG×164, GGA×3"
1238,nonsynonymous-only,0,1,2,168,"F×1, T×1","ACA×167, TTC×1"
1239,nonsynonymous-only,0,1,13,6471,"L×5, I×3, V×3, F×1, T×1","TTG×2280, TTA×1310, CTG×990, CTA×698, ATT×559, CTT×544, ACA×50, ATA×19, TTT×10, GTT×8, ATC×1, GTA×1, GTG×1"
1240,nonsynonymous-only,0,1,9,1954,"L×2, Y×2, E×1, F×1, H×1, K×1, R×1","CTT×1117, TAC×664, CGC×167, AAA×1, CAC×1, GAA×1, TAT×1, TTA×1, TTC×1"
1241,nonsynonymous-only,0,1,5,1950,"G×2, D×1, L×1, S×1","TCT×1118, GGC×653, GAC×167, GGT×11, TTG×1"
1242,nonsynonymous-only,0,1,6,1954,"D×2, T×2, L×1, N×1","TTG×1121, GAC×656, AAC×167, GAT×8, ACC×1, ACG×1"
1243,nonsynonymous-only,0,1,5,1951,"L×2, K×1, R×1, S×1","AGG×1117, TTG×664, CTA×167, AGC×2, AAG×1"
1244,nonsynonymous-only,0,1,13,2067,"L×3, P×2, R×2, F×1, G×1, N×1, S×1, V×1, W×1","AAC×1117, CCG×638, CTT×168, GGC×103, CCA×26, AGC×4, CGG×4, TTG×2, CGA×1, CTG×1, GTC×1, TGG×1, TTT×1"
1245,nonsynonymous-only,0,1,8,947,"L×2, T×2, V×2, I×1, M×1","ACT×664, TTA×167, GTC×107, ATA×4, GTA×2, ACC×1, ATG×1, CTT×1"
1246,nonsynonymous-only,0,1,20,7416,"V×4, E×2, K×2, L×2, A×1, F×1, G×1, M×1, N×1, P×1, Q×1, R×1, S×1, T×1","GAA×2602, AAA×1285, GCA×1117, AGA×633, GGA×621, GTT×540, AAG×426, GTA×131, TTT×22, TCA×20, TTA×6, GAG×3, ATG×2, GTG×2, AAT×1, ACA×1, CAA×1, CCA×1, CTT×1, GTC×1"
1247,nonsynonymous-only,0,1,13,7420,"V×3, I×2, K×2, T×2, E×1, L×1, N×1, R×1","AAG×2558, ACA×1645, GAA×1176, AAA×1113, GTG×538, AAT×167, AGA×135, ATT×61, ATA×12, ACG×9, GTA×4, CTG×1, GTC×1"
1248,nonsynonymous-only,0,1,23,6237,"T×4, I×3, S×3, A×2, G×2, K×2, V×2, D×1, F×1, L×1, M×1, N×1","AAT×1262, GTC×1115, GCA×1025, ACC×937, ATT×538, ACT×521, AGT×207, TCT×169, AAA×133, TTT×107, GGA×83, AAG×65, ATG×26, ACA×21, ATC×8, TCC×6, ATA×4, GTA×3, CTC×2, GCT×2, ACG×1, GAT×1, GGC×1"
1249,nonsynonymous-only,0,1,22,6073,"A×4, S×4, E×2, L×2, R×2, V×2, F×1, I×1, K×1, N×1, P×1, T×1","TCA×1936, CCA×1132, GAA×945, TCC×532, GCC×490, GCA×452, AAA×171, ACA×154, AGA×107, TTA×60, GCT×50, GTA×18, TCT×7, AGT×5, GTG×4, TTT×3, GCG×2, AAT×1, ATA×1, CGA×1, CTG×1, GAG×1"
1251,nonsynonymous-only,0,1,4,737,"L×2, F×1, P×1","CTC×540, CTT×179, CCT×17, TTT×1"
1254,nonsynonymous-only,0,1,5,731,"A×1, F×1, K×1, M×1, Y×1","TTT×540, TAT×167, GCT×22, AAG×1, ATG×1"
1255,nonsynonymous-only,0,1,8,734,"K×2, P×2, L×1, R×1, S×1, T×1","CCG×528, CTG×167, ACA×21, CCA×11, AGA×3, AAG×2, AAA×1, TCG×1"
1256,nonsynonymous-only,0,1,8,1399,"I×3, V×2, F×1, N×1, S×1","GTT×664, ATC×492, ATT×216, TTC×21, ATA×3, AAC×1, AGC×1, GTC×1"
1257,nonsynonymous-only,0,1,9,3379,"E×2, N×2, K×1, Q×1, R×1, S×1, T×1","GAA×1089, CAA×867, AGA×519, AAT×481, AAA×339, AAC×60, AGT×22, ACA×1, GAG×1"
1258,nonsynonymous-only,0,1,13,2841,"E×2, Q×2, A×1, C×1, G×1, I×1, K×1, L×1, S×1, T×1, Y×1","AAA×965, ATT×664, GCA×544, GAA×247, GAG×198, ACT×167, TGT×21, CAG×18, CAA×8, TAT×6, CTA×1, GGA×1, TCA×1"
1259,nonsynonymous-only,0,1,17,2841,"I×3, L×3, A×2, V×2, D×1, E×1, F×1, M×1, N×1, P×1, S×1","GTG×1526, GCG×665, TTG×197, GCA×168, ATT×136, GTA×60, ATA×22, TTA×21, GAT×18, ATG×7, TTT×7, ATC×6, AAT×4, CCT×1, CTT×1, GAG×1, TCA×1"
1260,nonsynonymous-only,0,1,15,3367,"L×4, I×2, V×2, A×1, F×1, M×1, P×1, Q×1, S×1, T×1","TTA×1087, CCG×664, CTC×539, GTA×532, GTT×200, TCG×167, ATA×114, ATC×22, CTA×22, ATG×8, TTT×5, TTG×4, ACA×1, CAA×1, GCA×1"
1261,nonsynonymous-only,0,1,17,2804,"R×3, S×3, K×2, L×2, D×1, E×1, H×1, N×1, Q×1, T×1, Y×1","CAA×931, CTA×664, TAT×539, TTA×198, AAG×167, AGG×131, AGT×107, TCT×23, AAC×21, CGA×8, GAA×5, AAA×3, ACT×3, AGC×1, CAT×1, CGC×1, GAC×1"
1262,nonsynonymous-only,0,1,9,1506,"N×2, A×1, D×1, E×1, K×1, L×1, T×1, Y×1","AAT×687, AAC×536, TAT×167, ACG×107, GAC×5, AAG×1, GAA×1, GCT×1, TTG×1"
1264,nonsynonymous-only,0,1,3,169,"E×1, K×1, Y×1","AAG×167, GAA×1, TAC×1"
1265,nonsynonymous-only,0,1,10,3198,"E×2, K×2, T×2, A×1, D×1, G×1, S×1","AGT×1117, GAC×993, GAA×541, ACA×180, AAG×175, GGT×131, AAA×24, GCA×18, ACG×17, GAG×2"
1266,nonsynonymous-only,0,1,5,2627,"L×2, C×1, Q×1, S×1","CTA×1656, TCA×816, TTA×150, CAA×4, TGC×1"
1267,nonsynonymous-only,0,1,12,2518,"L×3, F×2, S×2, A×1, C×1, I×1, Q×1, V×1","GTA×939, ATC×619, TTT×542, TTC×197, TCA×132, CTG×50, TTA×27, TGT×6, TCT×3, CAA×1, CTA×1, GCA×1"
1268,nonsynonymous-only,0,1,7,373,"H×2, L×2, F×1, Q×1, V×1","CAT×178, TTC×167, CAC×19, CTT×6, CAA×1, CTC×1, GTT×1"
1269,nonsynonymous-only,0,1,4,175,"A×1, G×1, I×1, L×1","ATC×167, CTA×6, GCG×1, GGT×1"
1270,nonsynonymous-only,0,1,2,173,"F×1, I×1","ATT×167, TTC×6"
1273,nonsynonymous-only,0,1,2,7,"F×1, V×1","TTC×6, GTA×1"
1274,nonsynonymous-only,0,1,2,7,"L×1, S×1","TTA×6, TCG×1"
1280,nonsynonymous-only,0,1,2,534,"N×1, V×1","AAC×528, GTC×6"
1281,nonsynonymous-only,0,1,2,534,"F×1, V×1","TTT×527, GTT×7"
1282,nonsynonymous-only,0,1,2,529,"E×1, R×1","GAA×528, AGA×1"
1283,nonsynonymous-only,0,1,5,702,"D×1, I×1, P×1, S×1, V×1","TCC×473, GAT×167, CCC×55, GTC×6, ATT×1"
1284,nonsynonymous-only,0,1,7,4763,"K×2, D×1, E×1, G×1, N×1, R×1","AAA×2643, GAA×1189, AGA×914, AAG×10, GAC×4, AAT×2, GGA×1"
1285,nonsynonymous-only,0,1,12,5931,"K×2, S×2, C×1, D×1, F×1, G×1, I×1, N×1, R×1, Y×1","AAT×3679, ATT×1096, GGC×532, AGT×502, AAA×73, TAT×23, TGT×18, GAT×3, AAG×2, AGC×1, CGT×1, TTC×1"
1286,nonsynonymous-only,0,1,20,5870,"V×3, E×2, G×2, H×2, L×2, A×1, C×1, D×1, F×1, I×1, N×1, R×1, S×1, Y×1","TAT×1506, TGT×1166, TTA×939, TTT×584, CAT×572, GTT×540, TCT×298, GAA×197, GGC×22, GGT×18, CAC×7, GTG×5, GAT×4, GCA×4, GTC×3, AAT×1, ATT×1, CGC×1, CTA×1, GAG×1"
1287,nonsynonymous-only,0,1,17,5119,"I×3, L×2, P×2, S×2, V×2, A×1, E×1, F×1, K×1, T×1, Y×1","TCA×1702, TTT×991, CCC×939, GCC×540, TAC×452, AAA×167, ACA×131, GAA×107, ATC×50, ATT×25, TTA×6, ATA×4, CCT×1, GTC×1, GTT×1, TCT×1, TTG×1"
1288,nonsynonymous-only,0,1,16,5121,"I×2, K×2, P×2, S×2, T×2, V×2, G×1, M×1, N×1, R×1","TCA×1447, AGA×1165, ACA×858, ATA×614, ACC×539, GGA×167, AGC×131, AAA×111, CCT×50, AAT×22, GTA×7, AAG×5, ATG×2, ATC×1, CCA×1, GTT×1"
1289,nonsynonymous-only,0,1,12,5120,"L×4, I×3, F×1, M×1, S×1, V×1, Y×1","TTT×1705, ATC×989, ATA×944, TTA×537, GTT×452, ATT×305, CTT×177, TAT×6, CTA×2, ATG×1, CTG×1, TCT×1"
1290,nonsynonymous-only,0,1,13,4129,"I×3, R×2, S×2, C×1, D×1, G×1, K×1, N×1, Q×1","AAA×1277, AGT×937, GAT×699, AAT×540, ATC×452, CGT×131, AGC×57, TGT×22, ATA×6, AGA×4, ATT×2, CAA×1, GGT×1"
1292,nonsynonymous-only,0,1,2,168,"H×1, Q×1","CAG×167, CAT×1"
1295,nonsynonymous-only,0,1,9,2567,"L×2, A×1, E×1, H×1, I×1, K×1, S×1, W×1","GCT×1165, AAA×1117, GAA×167, CAT×107, TCT×6, CTT×2, ATA×1, CTA×1, TGG×1"
1296,nonsynonymous-only,0,1,9,2581,"R×3, C×1, E×1, L×1, P×1, Q×1, S×1","CAA×1227, GAA×1165, TCT×167, AGA×10, CCA×6, CGA×2, CTA×2, AGG×1, TGT×1"
1297,nonsynonymous-only,0,1,17,5867,"F×2, K×2, N×2, S×2, T×2, D×1, E×1, G×1, I×1, Q×1, R×1, V×1","AAT×2126, AAA×1166, GGT×695, TTC×539, AAG×533, ATT×422, AAC×182, AGG×117, GTT×50, AGC×18, CAA×8, ACG×4, TTT×3, ACT×1, GAG×1, GAT×1, TCA×1"
1298,nonsynonymous-only,0,1,19,6536,"A×3, T×3, I×2, K×2, E×1, G×1, L×1, M×1, Q×1, R×1, S×1, V×1, W×1","ACG×1662, GCA×1332, ATT×990, ACA×664, ATA×543, AAA×534, ACC×527, ATG×215, CTA×50, AAG×4, GTA×4, TCA×3, GGG×2, AGA×1, CAA×1, GAA×1, GCC×1, GCG×1, TGG×1"
1299,nonsynonymous-only,0,1,20,5440,"G×2, H×2, K×2, N×2, Q×2, R×2, S×2, C×1, E×1, I×1, T×1, V×1, Y×1","CAA×1169, CAG×989, AAC×831, AAA×603, TAT×528, GGA×481, AAG×424, CAC×182, TCA×107, GAA×39, GTA×27, ACA×22, CGC×16, ATT×10, CAT×4, AGA×3, GGT×2, AAT×1, AGC×1, TGT×1"
1300,nonsynonymous-only,0,1,20,7279,"L×5, S×3, P×2, Q×2, R×2, V×2, F×1, I×1, K×1, W×1","TTA×2234, CGA×1118, CAA×999, CTA×916, ATA×677, CAG×583, TTT×422, CTC×167, TCC×107, TCA×30, TTG×7, GTT×6, GTA×3, CCA×2, CCG×2, TCT×2, AAA×1, CGG×1, CTG×1, TGG×1"
1301,nonsynonymous-only,0,1,18,7477,"L×4, C×2, F×2, S×2, T×2, A×1, G×1, H×1, I×1, P×1, Y×1","TTT×2171, ACG×1144, TGT×1117, TTC×990, TCC×578, TTA×543, CCC×422, ATT×198, TCT×174, TAT×107, ACA×11, GCG×10, CTT×5, CTC×2, GGT×2, CAT×1, TGC×1, TTG×1"
1302,nonsynonymous-only,0,1,11,6078,"L×3, C×1, F×1, G×1, K×1, Q×1, R×1, S×1, W×1","TGG×1468, CTA×1166, TTA×1124, AGA×989, TGT×665, CAA×422, GGT×167, TTG×51, TCT×23, TTT×2, AAA×1"
1306,nonsynonymous-only,0,1,2,1285,"Q×1, Y×1","TAC×1117, CAA×168"
1307,nonsynonymous-only,0,1,4,1307,"R×3, K×1","CGG×1117, CGT×167, AGA×22, AAA×1"
1308,nonsynonymous-only,0,1,8,4261,"F×2, L×2, S×2, T×1, W×1","TTG×1699, TCG×1110, TTA×557, TTC×440, TCC×422, TTT×25, ACG×7, TGG×1"
1309,nonsynonymous-only,0,1,8,3163,"L×3, A×1, H×1, I×1, N×1, S×1","TTA×1530, AGC×989, CAC×452, GCT×167, CTA×16, TTG×6, ATT×2, AAT×1"
1310,nonsynonymous-only,0,1,5,1582,"L×2, M×1, N×1, R×1","TTA×539, CTA×452, AAT×422, ATG×167, AGG×2"
1311,nonsynonymous-only,0,1,2,1130,"A×1, E×1","GCA×706, GAA×424"
1312,nonsynonymous-only,0,1,3,708,"Q×1, R×1, V×1","CAA×539, CGC×167, GTT×2"
1315,nonsynonymous-only,0,1,2,539,"L×1, P×1","CCA×538, CTA×1"
1316,nonsynonymous-only,0,1,2,169,"L×1, S×1","TCT×167, TTG×2"
1317,nonsynonymous-only,0,1,9,2272,"L×3, F×2, P×2, H×1, T×1","CTC×1483, TTG×539, TTT×167, TTC×50, ACC×21, CCA×6, CAC×3, CCC×2, CTA×1"
1318,nonsynonymous-only,0,1,11,2272,"T×3, F×2, I×2, V×2, M×1, N×1","ATC×1639, GTG×539, TTC×50, AAC×21, ACC×7, TTT×6, ATG×4, ACA×2, ATA×2, ACG×1, GTC×1"
1319,nonsynonymous-only,0,1,8,2272,"I×3, D×2, A×1, N×1, V×1","GAC×941, GCC×539, GAT×533, ATC×217, ATT×28, GTT×8, ATA×5, AAC×1"
1320,nonsynonymous-only,0,1,10,2263,"C×2, L×2, G×1, I×1, K×1, M×1, Q×1, Y×1","CTA×939, ATA×539, TAT×534, TGC×167, ATG×50, GGA×21, CAA×6, AAA×5, TGT×1, TTG×1"
1321,nonsynonymous-only,0,1,9,2221,"R×2, S×2, F×1, K×1, L×1, N×1, P×1","AAA×945, CCA×532, TTC×437, AGA×195, TCC×102, TCA×6, CTA×2, AAC×1, CGA×1"
1322,nonsynonymous-only,0,1,12,2271,"L×3, T×2, A×1, I×1, K×1, N×1, P×1, Q×1, R×1","CCC×713, CTG×539, GCA×532, CTC×220, AAT×188, ACA×50, ATA×11, AAA×7, ACC×6, CAA×3, CGA×1, CTA×1"
1323,nonsynonymous-only,0,1,10,2102,"L×3, F×2, C×1, M×1, P×1, V×1, Y×1","TGC×920, CCC×539, TTA×533, ATG×50, TTT×21, TAC×19, TTC×8, CTA×6, GTC×5, TTG×1"
1324,nonsynonymous-only,0,1,9,2104,"I×2, L×2, D×1, E×1, K×1, N×1, Q×1","GAT×939, GAA×539, AAT×537, ATA×50, CAA×21, CTA×7, ATC×6, AAA×4, TTG×1"
1325,nonsynonymous-only,0,1,10,2084,"L×3, F×1, I×1, M×1, R×1, S×1, T×1, W×1","TTG×937, TGG×539, CTG×532, TTT×50, AGG×7, AGT×6, ACG×5, ATG×5, TTA×2, ATT×1"
1326,nonsynonymous-only,0,1,4,590,"R×2, L×1, Q×1","CAG×539, CTA×44, CGA×6, CGG×1"
1327,nonsynonymous-only,0,1,4,756,"C×1, P×1, R×1, V×1","CGA×529, TGT×167, GTA×50, CCA×10"
1328,nonsynonymous-only,0,1,12,4444,"L×2, P×2, Q×2, A×1, D×1, E×1, K×1, N×1, Y×1","GAT×1165, CCG×1108, AAA×540, CAA×528, GCA×452, CCT×422, TAC×167, AAT×50, CTG×9, CAG×1, CTC×1, GAG×1"
1329,nonsynonymous-only,0,1,12,5458,"L×3, T×2, E×1, F×1, I×1, K×1, M×1, V×1, W×1","TTG×1360, GAG×1118, TTC×987, AAG×541, GTG×529, ATT×452, ATG×418, TTA×24, ACT×22, ACG×4, CTC×2, TGG×1"
1330,nonsynonymous-only,0,1,16,6962,"I×3, T×3, A×2, L×2, V×2, E×1, K×1, M×1, R×1","ATG×2512, TTG×1699, AAG×1119, GTT×989, GAG×422, ACG×173, ATT×22, ATA×9, CTG×7, AGG×3, ATC×2, ACA×1, ACT×1, GCA×1, GCG×1, GTA×1"
1331,nonsynonymous-only,0,1,20,7824,"G×3, S×3, T×3, I×2, K×2, L×2, R×2, E×1, N×1, P×1","AAA×2996, CTG×1165, GAA×1117, AAT×831, CGG×539, CCA×440, AGT×422, AGA×181, AAG×81, GGA×17, CTA×12, TCA×7, ATA×6, GGG×3, TCC×2, ACA×1, ACG×1, ACT×1, ATT×1, GGT×1"
1332,nonsynonymous-only,0,1,15,5509,"L×3, F×2, S×2, Y×2, A×1, C×1, H×1, P×1, Q×1, R×1","TTC×1702, TTG×1648, TTA×1398, CAG×539, TGT×181, CGT×16, TTT×9, TAC×6, TCT×3, TAT×2, CAT×1, CCT×1, CTA×1, GCA×1, TCG×1"
1333,nonsynonymous-only,0,1,3,1333,"F×1, P×1, V×1","TTT×1165, CCT×167, GTT×1"
1341,nonsynonymous-only,0,1,3,275,"N×1, S×1, T×1","AAT×167, AGT×107, ACT×1"
1342,nonsynonymous-only,0,1,13,4978,"R×2, S×2, Y×2, A×1, F×1, H×1, I×1, L×1, N×1, P×1","TTT×2667, CTT×1648, TAT×598, AAT×50, GCT×4, CAT×2, CGT×2, TCT×2, ATT×1, CCC×1, CGG×1, TAC×1, TCG×1"
1343,nonsynonymous-only,0,1,22,5134,"L×3, V×3, A×2, E×2, I×2, T×2, F×1, G×1, H×1, K×1, M×1, R×1, S×1, Y×1","AAA×1361, AGA×1117, CTA×990, ACG×538, GTC×532, TCA×197, GAA×167, TTA×112, GTA×54, TTC×24, ATA×22, GAG×7, CAT×2, GCG×2, GGA×2, ACT×1, ATG×1, ATT×1, CTC×1, GCT×1, GTT×1, TAT×1"
1344,nonsynonymous-only,0,1,11,3553,"C×2, L×2, R×2, E×1, I×1, K×1, S×1, W×1","TCA×1124, GAA×990, TGC×539, AGA×535, TTA×204, TTG×131, CGA×19, TGT×4, AAA×3, TGG×3, ATC×1"
1345,nonsynonymous-only,0,1,11,4080,"R×3, V×3, A×1, E×1, K×1, L×1, W×1","AGA×1528, GTG×930, AAA×860, AGG×533, GTA×185, GCA×23, GAA×11, GTT×5, TGG×2, TTA×2, CGG×1"
1346,nonsynonymous-only,0,1,13,2506,"A×3, R×3, L×2, V×2, E×1, K×1, M×1","ATG×1138, GTG×989, GAA×197, AGG×167, TTA×6, AGA×2, AAA×1, CGC×1, GCA×1, GCC×1, GCG×1, GTC×1, TTG×1"
1347,nonsynonymous-only,0,1,2,7,"Q×1, V×1","GTT×6, CAA×1"
1348,nonsynonymous-only,0,1,4,176,"L×1, M×1, P×1, V×1","GTG×167, CTG×6, CCC×2, ATG×1"
1349,nonsynonymous-only,0,1,6,176,"L×2, D×1, N×1, T×1, V×1","GAT×166, CTA×6, AAT×1, ACC×1, GTT×1, TTG×1"
1350,nonsynonymous-only,0,1,10,5166,"G×3, K×2, D×1, E×1, I×1, R×1, V×1","AAG×1696, GAA×1118, GGT×988, AAA×613, ATA×545, GGG×197, GGA×6, AGA×1, GAT×1, GTA×1"
1351,nonsynonymous-only,0,1,11,5167,"E×2, K×2, L×2, F×1, G×1, R×1, T×1, V×1","AAG×1588, GGA×1117, GAG×769, TTA×589, AAA×545, AGG×530, TTT×22, GAA×4, ACA×1, GTA×1, TTG×1"
1352,nonsynonymous-only,0,1,9,1313,"E×1, F×1, H×1, K×1, L×1, Q×1, R×1, S×1, Y×1","TAC×1115, AAA×167, TTG×21, CAA×4, CAC×2, CGT×1, GAA×1, TCA×1, TTT×1"
1353,nonsynonymous-only,0,1,14,3681,"G×3, D×2, L×2, N×2, V×2, A×1, I×1, S×1","GAC×1116, AAT×1091, GGA×663, CTG×529, GGG×167, AGT×74, TTG×25, AAC×7, GCC×4, ATA×1, GAT×1, GGC×1, GTA×1, GTC×1"
1354,nonsynonymous-only,0,1,6,3092,"K×2, N×2, R×1, V×1","AAA×1968, AAT×550, AAC×540, AAG×29, AGA×4, GTT×1"
1355,nonsynonymous-only,0,1,9,2506,"K×2, R×2, V×2, I×1, M×1, Q×1","AGA×1118, GTA×663, GTG×532, AAA×167, AAG×21, ATA×2, AGG×1, ATG×1, CAG×1"
1356,nonsynonymous-only,0,1,11,754,"E×2, V×2, A×1, D×1, G×1, K×1, L×1, Q×1, T×1","GAA×535, ACA×167, GTG×21, CTA×18, CAA×7, AAG×1, GAG×1, GAT×1, GCA×1, GGA×1, GTA×1"
1357,nonsynonymous-only,0,1,14,1882,"I×2, N×2, S×2, V×2, F×1, G×1, H×1, L×1, R×1, T×1","AGT×1117, ATC×532, GTT×167, GGC×21, CAC×20, ATT×14, TTT×4, AAC×1, AAT×1, ACC×1, AGC×1, CGA×1, GTG×1, TTA×1"
1358,nonsynonymous-only,0,1,10,1882,"L×4, I×3, K×1, M×1, T×1","ATG×1118, ATA×534, ATC×167, AAG×21, TTG×18, TTA×9, ATT×7, CTA×6, ACC×1, CTG×1"
1359,nonsynonymous-only,0,1,7,763,"A×1, E×1, K×1, M×1, N×1, V×1, W×1","ATG×583, GTT×167, GAA×8, AAA×2, AAT×1, GCA×1, TGG×1"
1360,nonsynonymous-only,0,1,12,761,"I×2, N×2, S×2, T×2, K×1, M×1, R×1, V×1","AAT×532, GTA×166, AGT×21, AAA×19, AGG×7, ATT×6, ACA×4, ACC×2, AAC×1, AGC×1, ATA×1, ATG×1"
1361,nonsynonymous-only,0,1,7,195,"A×2, C×1, H×1, N×1, S×1, Y×1","GCA×164, TCC×18, CAT×6, GCG×3, TGT×2, AAT×1, TAT×1"
1362,nonsynonymous-only,0,1,2,699,"H×1, W×1","TGG×532, CAT×167"
1364,nonsynonymous-only,0,1,2,532,"D×1, N×1","AAC×531, GAC×1"
1365,nonsynonymous-only,0,1,2,550,"F×1, I×1","ATC×532, TTC×18"
1366,nonsynonymous-only,0,1,3,551,"E×1, I×1, K×1","GAG×531, ATA×18, AAG×2"
1367,nonsynonymous-only,0,1,4,718,"C×1, H×1, L×1, S×1","TGT×532, TCT×167, TTA×18, CAC×1"
1368,nonsynonymous-only,0,1,5,723,"I×2, E×1, K×1, T×1","ATA×534, ATC×167, ACA×19, AAA×2, GAA×1"
1369,nonsynonymous-only,0,1,7,733,"N×2, Y×2, A×1, H×1, Q×1","AAC×532, CAC×167, AAT×30, CAA×1, GCA×1, TAC×1, TAT×1"
1370,nonsynonymous-only,0,1,6,706,"N×2, D×1, K×1, R×1, S×1","AAT×532, AGT×168, AGA×2, GAT×2, AAC×1, AAG×1"
1371,nonsynonymous-only,0,1,7,712,"S×2, G×1, K×1, L×1, N×1, W×1","TGG×532, AAT×167, GGA×8, AGT×2, AAA×1, AGC×1, TTA×1"
1372,nonsynonymous-only,0,1,6,543,"F×2, S×2, I×1, R×1","TCA×532, TCT×7, ATT×1, CGC×1, TTC×1, TTT×1"
1373,nonsynonymous-only,0,1,2,168,"F×1, Y×1","TTC×167, TAT×1"
1402,nonsynonymous-only,0,1,2,165,"G×1, R×1","AGA×164, GGA×1"
1403,nonsynonymous-only,0,1,3,706,"I×1, S×1, T×1","ATT×697, ACT×8, AGT×1"
1404,nonsynonymous-only,0,1,6,716,"E×1, G×1, I×1, L×1, M×1, S×1","ATG×540, AGC×164, ATT×9, GAG×1, GGA×1, TTA×1"
1405,nonsynonymous-only,0,1,5,715,"E×1, G×1, I×1, K×1, R×1","AGA×532, GAA×164, ATA×10, AAA×8, GGG×1"
1406,nonsynonymous-only,0,1,4,716,"K×1, M×1, R×1, T×1","ATG×532, AGA×166, AAA×10, ACT×8"
1407,nonsynonymous-only,0,1,6,709,"C×1, E×1, Q×1, S×1, T×1, Y×1","CAA×533, ACA×164, TAT×8, TGT×2, GAA×1, TCA×1"
1409,nonsynonymous-only,0,1,2,2,"A×1, I×1","ATA×1, GCC×1"
1410,nonsynonymous-only,0,1,2,167,"C×1, T×1","TGT×166, ACT×1"
1411,nonsynonymous-only,0,1,8,710,"G×2, V×2, D×1, F×1, L×1, T×1","GAT×532, GGA×164, TTA×8, ACG×2, GGT×1, GTC×1, GTT×1, TTT×1"
1412,nonsynonymous-only,0,1,4,544,"R×2, K×1, W×1","TGG×533, AGA×8, AAA×2, CGA×1"
1413,nonsynonymous-only,0,1,7,717,"R×2, G×1, I×1, K×1, Q×1, T×1","AGG×539, AGA×165, GGA×8, CAA×2, AAA×1, ACA×1, ATA×1"
1414,nonsynonymous-only,0,1,6,716,"L×2, E×1, F×1, I×1, T×1","CTT×532, ACT×165, GAA×8, TTT×7, ATT×2, CTA×2"
1415,nonsynonymous-only,0,1,6,714,"E×2, D×1, Q×1, V×1, Y×1","GAC×531, GTA×164, CAA×7, GAG×6, GAA×5, TAC×1"
1416,nonsynonymous-only,0,1,6,551,"R×2, I×1, L×1, N×1, S×1","AAT×532, AGA×8, ATT×7, AGG×2, AGT×1, TTA×1"
1417,nonsynonymous-only,0,1,5,543,"N×2, D×1, E×1, K×1","GAA×532, AAT×7, AAA×2, AAC×1, GAT×1"
1418,nonsynonymous-only,0,1,5,543,"K×2, A×1, G×1, N×1","AAG×399, AAA×133, GCT×8, AAC×2, GGA×1"
1419,nonsynonymous-only,0,1,2,533,"F×1, M×1","TTT×532, ATG×1"
