codon_index,category,syn_changes,nonsyn_changes,n_variants,n_sequences,aa_states,codon_counts
70,nonsynonymous-only,0,1,2,464,"M×1, V×1","ATG×463, GTG×1"
71,nonsynonymous-only,0,1,4,12,"I×1, K×1, L×1, R×1","ATA×6, AAA×3, CTA×2, AGG×1"
72,nonsynonymous-only,0,1,2,4,"A×1, E×1","GAA×3, GCA×1"
81,nonsynonymous-only,0,1,4,1650,"F×1, L×1, M×1, S×1","ATG×1638, TTT×8, TCA×3, TTG×1"
82,nonsynonymous-only,0,1,7,4269,"E×2, F×1, K×1, M×1, N×1, R×1","GAA×1786, AGA×1637, GAG×832, AAT×9, AAA×3, ATG×1, TTT×1"
83,nonsynonymous-only,0,1,9,4681,"K×2, C×1, E×1, F×1, G×1, L×1, S×1, T×1","TTA×1637, ACC×943, TCA×843, TTT×832, AAG×412, AAA×9, GAA×3, GGA×1, TGT×1"
84,nonsynonymous-only,0,1,12,4874,"Y×2, A×1, C×1, E×1, F×1, G×1, I×1, N×1, R×1, S×1, T×1","ATT×1637, AGT×943, ACA×843, GCG×832, TAT×414, GAG×187, TTT×7, AAC×3, GGT×3, TGC×3, CGT×1, TAC×1"
85,nonsynonymous-only,0,1,19,8273,"G×3, V×3, A×2, D×2, K×2, N×2, C×1, E×1, I×1, L×1, T×1","GTT×2508, GCT×2240, TGT×943, GGT×832, GTC×444, ACA×412, GGA×351, GAC×333, CTT×186, GTA×6, AAA×4, GAA×4, AAT×3, GAT×2, AAC×1, AAG×1, ATT×1, GCC×1, GGC×1"
86,nonsynonymous-only,0,1,10,7061,"K×2, N×2, A×1, D×1, G×1, Q×1, R×1, S×1","AGA×3723, GAT×1637, GGA×825, AAA×780, GCA×89, AAC×3, AAG×1, AAT×1, AGT×1, CAA×1"
87,nonsynonymous-only,0,1,11,2392,"I×3, D×1, E×1, G×1, K×1, N×1, R×1, S×1, V×1","ATC×832, ATA×444, AAT×413, AGA×349, AAA×339, GAA×6, ATT×3, AGT×2, GGA×2, GAC×1, GTT×1"
88,nonsynonymous-only,0,1,9,1637,"S×3, T×2, C×1, I×1, N×1, R×1","AGT×827, TGC×444, ACT×350, ATT×5, AAT×4, AGC×4, ACG×1, CGT×1, TCT×1"
89,nonsynonymous-only,0,1,6,1632,"E×1, F×1, I×1, K×1, N×1, W×1","AAG×832, AAT×443, GAA×351, ATC×3, TGG×2, TTT×1"
90,nonsynonymous-only,0,1,6,799,"S×3, K×1, P×1, R×1","CGA×441, AGT×351, TCT×3, AAA×2, CCC×1, TCA×1"
91,nonsynonymous-only,0,1,6,463,"F×1, N×1, Q×1, R×1, W×1, Y×1","TAT×444, CAG×12, TGG×3, CGA×2, AAC×1, TTT×1"
92,nonsynonymous-only,0,1,3,447,"K×1, P×1, S×1","CCA×443, AAG×2, AGT×2"
93,nonsynonymous-only,0,1,3,4,"D×1, G×1, S×1","AGT×2, GAT×1, GGA×1"
94,nonsynonymous-only,0,1,4,22,"F×1, I×1, M×1, V×1","ATG×18, ATT×2, GTT×1, TTC×1"
95,nonsynonymous-only,0,1,3,22,"K×2, V×1","AAA×20, AAG×1, GTG×1"
96,nonsynonymous-only,0,1,3,20,"E×1, N×1, Q×1","CAA×18, AAC×1, GAA×1"
97,nonsynonymous-only,0,1,3,20,"H×1, L×1, Q×1","CAT×18, CAA×1, TTG×1"
98,nonsynonymous-only,0,1,3,20,"A×1, T×1, V×1","GTA×18, ACT×1, GCG×1"
100,nonsynonymous-only,0,1,5,1289,"Y×2, C×1, H×1, V×1","TAC×843, CAT×443, GTT×1, TAT×1, TGT×1"
101,nonsynonymous-only,0,1,11,2462,"I×2, L×2, R×2, D×1, K×1, M×1, T×1, Y×1","ATT×1286, TTA×431, AAA×352, ATG×332, ATC×43, TTG×7, AGA×4, TAC×3, AGG×2, ACG×1, GAC×1"
102,nonsynonymous-only,0,1,15,2462,"V×3, A×2, L×2, R×2, D×1, I×1, K×1, N×1, Q×1, T×1","CGC×843, ACC×443, GTT×412, ATT×352, GTC×334, CAA×40, GCG×12, GCA×7, GTA×6, AAT×5, GAT×3, AGG×2, AAA×1, CTT×1, TTA×1"
103,nonsynonymous-only,0,1,14,1620,"L×3, A×2, K×2, P×2, M×1, N×1, Q×1, R×1, T×1","AAA×444, ATG×436, ACT×351, GCA×333, CTT×40, GCG×6, TTG×3, AAG×1, AAT×1, AGG×1, CAG×1, CCA×1, CCG×1, TTA×1"
104,nonsynonymous-only,0,1,13,1668,"F×2, L×2, P×2, S×2, Y×2, E×1, Q×1, T×1","ACA×444, TCC×410, TAC×360, CTT×333, TAT×61, TTT×49, CAA×3, GAG×3, CCA×1, CCC×1, TCA×1, TTA×1, TTC×1"
105,nonsynonymous-only,0,1,12,5918,"L×3, S×2, F×1, H×1, K×1, P×1, Q×1, W×1, Y×1","TCA×2439, CAA×2183, TAC×443, CTA×432, TTA×242, TCG×113, CCA×40, AAA×10, CAT×9, TTT×4, TGG×2, TTG×1"
106,nonsynonymous-only,0,1,13,8452,"K×2, N×2, R×2, A×1, E×1, G×1, I×1, M×1, T×1, V×1","AAA×4958, AAG×2240, AAC×446, GAA×373, AGA×352, AGG×49, GCA×23, GGA×4, ACA×2, GTA×2, AAT×1, ATA×1, ATG×1"
107,nonsynonymous-only,0,1,15,8032,"R×3, K×2, S×2, E×1, I×1, L×1, M×1, N×1, Q×1, T×1, V×1","AGA×1907, GAA×1636, ATA×1591, ATG×1388, GTA×844, AAG×330, AGT×235, AGG×48, CAA×40, AAA×5, ACG×3, AAT×2, AGC×1, CGG×1, CTA×1"
108,nonsynonymous-only,0,1,3,42,"I×1, K×1, Q×1","ATA×40, AAA×1, CAA×1"
110,nonsynonymous-only,0,1,2,3,"G×1, S×1","GGC×2, AGT×1"
112,nonsynonymous-only,0,1,2,3,"N×1, T×1","AAT×2, ACA×1"
113,nonsynonymous-only,0,1,3,336,"F×2, L×1","TTC×333, TTT×2, TTG×1"
114,nonsynonymous-only,0,1,2,336,"I×1, T×1","ACT×332, ATT×4"
115,nonsynonymous-only,0,1,2,3,"T×1, Y×1","TAC×2, ACT×1"
116,synonymous-only,1,0,2,3,G×2,"GGA×2, GGT×1"
117,nonsynonymous-only,0,1,2,3,"P×1, S×1","CCA×2, TCT×1"
118,synonymous-only,1,0,2,43,S×2,"TCC×40, TCT×3"
119,synonymous-only,1,0,2,43,G×2,"GGT×42, GGG×1"
120,nonsynonymous-only,0,1,2,43,"I×1, S×1","ATC×40, AGT×3"
121,nonsynonymous-only,0,1,5,427,"G×3, F×1, R×1","GGT×333, GGA×50, TTT×40, CGT×3, GGG×1"
122,nonsynonymous-only,0,1,6,389,"K×2, A×1, G×1, S×1, T×1","ACA×333, GCC×48, AAA×4, AAG×2, AGT×1, GGG×1"
123,nonsynonymous-only,0,1,7,429,"S×2, C×1, F×1, I×1, T×1, W×1","TTT×333, TCT×48, TGC×40, TGG×3, ACA×2, ATT×2, TCC×1"
124,nonsynonymous-only,0,1,6,446,"I×2, D×1, K×1, S×1, T×1","AGT×351, ATT×48, AAG×40, ACA×3, ATA×3, GAT×1"
125,nonsynonymous-only,0,1,8,1195,"L×4, I×2, M×1, Q×1","TTA×400, ATG×350, TTG×333, ATA×62, ATT×40, CTA×6, CTG×3, CAA×1"
126,nonsynonymous-only,0,1,10,1196,"L×3, A×2, S×2, T×1, V×1, W×1","GCG×464, CTA×415, GTG×218, TGG×48, TCT×40, TCG×3, TTA×3, CTC×2, GCA×2, ACA×1"
127,nonsynonymous-only,0,1,9,863,"K×2, R×2, G×1, H×1, N×1, Q×1, S×1","CGG×412, CAA×352, AGG×47, GGC×40, AAG×3, AGT×3, CAC×3, AAT×2, AAA×1"
128,nonsynonymous-only,0,1,11,1207,"L×3, S×2, T×2, F×1, I×1, M×1, V×1","ATG×416, ACA×351, TTG×337, CTT×48, TCG×40, TTT×6, TCC×3, ATA×2, TTA×2, ACT×1, GTT×1"
129,nonsynonymous-only,0,1,11,1204,"F×2, A×1, D×1, I×1, L×1, M×1, R×1, S×1, V×1, Y×1","GTT×410, TTT×381, CGT×351, CTT×49, TAT×6, ATT×2, AGT×1, ATG×1, GAT×1, GCT×1, TTC×1"
130,nonsynonymous-only,0,1,3,4,"H×1, N×1, S×1","AGT×2, AAT×1, CAT×1"
131,synonymous-only,1,0,2,3,G×2,"GGT×2, GGA×1"
132,nonsynonymous-only,0,1,2,3,"L×1, M×1","ATG×2, CTT×1"
133,nonsynonymous-only,0,1,2,3,"D×1, I×1","GAT×2, ATT×1"
134,nonsynonymous-only,0,1,2,3,"P×1, Q×1","CAA×2, CCA×1"
135,nonsynonymous-only,0,1,2,3,"N×1, R×1","AAT×2, AGA×1"
136,nonsynonymous-only,0,1,2,3,"F×1, L×1","TTT×2, CTT×1"
143,nonsynonymous-only,0,1,3,4,"G×2, R×1","GGA×2, AGA×1, GGG×1"
144,nonsynonymous-only,0,1,4,406,"E×2, Q×1, R×1","CAA×352, GAA×49, AGA×3, GAG×2"
145,nonsynonymous-only,0,1,8,1203,"I×2, S×2, V×2, H×1, T×1","AGC×412, ATT×355, CAT×337, ACT×48, GTT×40, AGT×6, ATC×3, GTC×2"
146,nonsynonymous-only,0,1,9,1164,"H×2, Y×2, E×1, K×1, L×1, R×1, S×1","CAC×412, TAT×391, GAA×349, CAT×6, AAA×2, AGC×1, CGC×1, TAC×1, TTA×1"
147,nonsynonymous-only,0,1,9,1204,"D×2, F×1, I×1, R×1, S×1, T×1, V×1, Y×1","TTT×416, GAC×354, GTA×337, GAT×48, TAC×40, ACT×6, ATT×1, CGA×1, TCA×1"
148,nonsynonymous-only,0,1,11,1204,"K×2, V×2, D×1, E×1, I×1, N×1, S×1, T×1, Y×1","ATT×412, ACT×351, GTG×337, AAG×49, TAT×40, GAT×6, AGT×4, AAT×2, AAA×1, GAA×1, GTT×1"
149,nonsynonymous-only,0,1,9,1204,"F×2, H×2, L×2, I×1, N×1, S×1","TTC×412, TTT×354, CTT×338, AAT×49, CTG×40, TCT×6, ATC×2, CAT×2, CAC×1"
150,nonsynonymous-only,0,1,9,405,"C×1, D×1, F×1, H×1, N×1, Q×1, R×1, W×1, Y×1","TGG×350, CAC×40, TTT×6, GAT×3, CAG×2, AAC×1, AGG×1, TAT×1, TGT×1"
151,nonsynonymous-only,0,1,9,1201,"R×2, S×2, C×1, F×1, K×1, Q×1, Y×1","TTT×413, CAA×335, TGT×208, TAT×147, AAA×54, CGC×40, TCA×2, CGA×1, TCG×1"
152,nonsynonymous-only,0,1,8,1204,"F×2, L×2, I×1, N×1, W×1, Y×1","TTT×737, TTC×418, TTA×40, TGG×3, ATT×2, TAT×2, AAC×1, CTA×1"
153,nonsynonymous-only,0,1,8,853,"N×2, C×1, G×1, I×1, K×1, Q×1, T×1","TGT×414, ATT×377, AAC×48, AAT×7, ACT×3, AAA×2, CAA×1, GGT×1"
154,nonsynonymous-only,0,1,8,799,"S×2, C×1, F×1, G×1, N×1, R×1, Y×1","CGT×412, TTT×339, GGA×40, AGT×3, AAT×2, TAT×1, TCC×1, TGC×1"
155,nonsynonymous-only,0,1,7,799,"F×2, A×1, C×1, I×1, L×1, S×1","ATT×412, TTC×338, TGT×40, TTT×6, AGC×1, GCC×1, TTA×1"
156,nonsynonymous-only,0,1,2,43,"P×1, T×1","CCC×40, ACA×3"
157,nonsynonymous-only,0,1,4,116,"E×1, L×1, M×1, Q×1","ATG×73, CTG×40, GAA×2, CAA×1"
158,nonsynonymous-only,0,1,3,116,"E×1, G×1, K×1","GAA×74, GGA×40, AAA×2"
159,nonsynonymous-only,0,1,2,116,"E×1, S×1","GAA×115, AGT×1"
160,nonsynonymous-only,0,1,4,116,"L×2, I×1, V×1","GTG×73, TTG×40, CTA×2, ATA×1"
161,nonsynonymous-only,0,1,4,116,"S×2, I×1, K×1","ATT×73, AAA×40, TCC×2, TCA×1"
168,nonsynonymous-only,0,1,2,2,"R×1, S×1","AGT×1, CGC×1"
170,nonsynonymous-only,0,1,2,2,"D×1, V×1","GAT×1, GTG×1"
171,nonsynonymous-only,0,1,5,94,"L×2, F×1, H×1, P×1","TTT×89, CTA×2, CAT×1, CCT×1, TTG×1"
172,nonsynonymous-only,0,1,13,7282,"I×2, L×2, A×1, C×1, E×1, G×1, K×1, Q×1, R×1, S×1, T×1","AAA×2756, GAA×1637, ACA×944, AGA×834, ATC×832, CAA×110, TCA×101, TTG×40, TTA×13, GGA×10, ATA×3, GCC×1, TGT×1"
173,nonsynonymous-only,0,1,13,7776,"K×2, Q×2, E×1, G×1, I×1, L×1, M×1, N×1, R×1, T×1, V×1","AAA×4597, AAG×1824, AAT×844, ACA×351, GAA×88, GTG×40, CAA×22, ATA×4, TTA×2, ATG×1, CAG×1, CGG×1, GGA×1"
174,nonsynonymous-only,0,1,16,3757,"K×2, P×2, Q×2, R×2, Y×2, G×1, H×1, I×1, S×1, T×1, W×1","TAT×2216, CAG×747, AAG×391, AAA×236, CCA×83, CCT×28, TAC×21, ATA×10, ACA×6, CAA×6, CAT×5, CGC×3, CGG×2, GGA×1, TCT×1, TGG×1"
175,nonsynonymous-only,0,1,5,49,"L×2, F×1, S×1, Y×1","CTA×41, TTA×3, TTC×3, TAC×1, TCT×1"
176,nonsynonymous-only,0,1,2,2,"V×1, Y×1","GTC×1, TAT×1"
179,nonsynonymous-only,0,1,8,3219,"T×2, A×1, D×1, I×1, K×1, R×1, S×1","ACT×2206, ATT×943, AAA×43, GAT×11, GCT×11, AGG×2, AGT×2, ACA×1"
180,nonsynonymous-only,0,1,20,4773,"I×3, L×3, V×3, F×2, S×2, T×2, A×1, D×1, M×1, N×1, P×1","GTC×2212, GAT×943, GCC×441, ATG×400, CCA×351, TTA×337, AAC×40, ATA×12, GTA×10, ATT×6, TTC×6, ATC×4, TTT×3, ACC×2, ACA×1, CTG×1, CTT×1, GTT×1, TCA×1, TCT×1"
181,nonsynonymous-only,0,1,15,4773,"G×2, I×2, N×2, V×2, A×1, D×1, E×1, H×1, R×1, S×1, Y×1","GGC×2186, AAT×985, GAT×749, GTC×443, CAT×351, GGT×30, AGC×10, CGT×6, TAT×5, AAC×3, ATC×1, ATT×1, GAA×1, GCT×1, GTT×1"
182,nonsynonymous-only,0,1,12,4424,"G×2, L×2, R×2, S×2, F×1, I×1, P×1, T×1","GGA×2215, GGG×943, CGA×438, ATT×412, TTT×355, CCT×40, CTT×10, TCC×6, CTG×2, ACA×1, AGA×1, AGT×1"
183,nonsynonymous-only,0,1,10,4078,"L×2, P×2, T×2, A×1, K×1, M×1, S×1","ACG×2216, ATG×943, TCG×443, ACA×412, CCC×40, AAG×10, CCT×6, GCA×4, TTG×3, TTA×1"
184,nonsynonymous-only,0,1,14,4489,"V×3, N×2, A×1, D×1, G×1, I×1, K×1, L×1, S×1, T×1, Y×1","ACC×2216, AAT×718, GTT×443, GTA×415, TTA×338, AAC×225, TCA×73, GCA×40, TAT×10, ATA×6, GGA×2, AAG×1, GAT×1, GTC×1"
185,nonsynonymous-only,0,1,10,4043,"E×2, L×2, F×1, G×1, I×1, K×1, S×1, T×1","ACT×2215, GAA×936, TTT×419, TCA×377, CTA×73, GGA×10, GAG×7, AAA×3, TTA×2, ATT×1"
186,nonsynonymous-only,0,1,9,5380,"P×2, Q×2, E×1, G×1, K×1, R×1, T×1","AAA×3572, AGA×1286, ACA×413, GAA×98, CAA×6, CCG×2, CAG×1, CCA×1, GGA×1"
187,nonsynonymous-only,0,1,10,2747,"A×2, N×2, S×2, E×1, G×1, I×1, K×1","AAA×983, GAG×843, AAT×416, AGC×361, GGC×82, AGT×48, GCA×10, ATT×2, AAC×1, GCT×1"
188,nonsynonymous-only,0,1,7,948,"F×2, A×1, E×1, N×1, Q×1, V×1","GCT×442, TTC×412, TTT×50, CAG×40, AAT×2, GAA×1, GTT×1"
189,nonsynonymous-only,0,1,3,43,"L×1, R×1, V×1","GTA×40, AGA×2, CTA×1"
190,nonsynonymous-only,0,1,3,43,"I×1, K×1, L×1","AAA×40, ATA×2, TTA×1"
191,nonsynonymous-only,0,1,2,42,"F×1, I×1","ATT×40, TTT×2"
193,nonsynonymous-only,0,1,3,43,"C×1, R×1, V×1","CGC×40, TGT×2, GTT×1"
194,nonsynonymous-only,0,1,4,486,"E×1, Q×1, R×1, W×1","CAA×443, GAA×40, AGA×2, TGG×1"
195,nonsynonymous-only,0,1,9,492,"V×2, I×1, L×1, M×1, N×1, P×1, Q×1, T×1","CCA×377, CAA×42, ACG×40, CTA×24, ATG×5, AAC×1, ATC×1, GTG×1, GTT×1"
196,nonsynonymous-only,0,1,7,904,"K×2, Q×2, N×1, S×1, Y×1","CAG×452, AAA×443, CAA×5, AAG×1, AAT×1, AGT×1, TAT×1"
197,nonsynonymous-only,0,1,8,1241,"F×2, A×1, C×1, I×1, N×1, S×1, Y×1","AAT×443, TCT×412, TTT×337, TGT×42, GCT×3, TAT×2, ATT×1, TTC×1"
198,nonsynonymous-only,0,1,8,1240,"L×2, P×2, E×1, R×1, V×1, Y×1","CTA×413, CCA×337, CCT×286, CTT×158, GTA×40, GAA×3, TAT×2, CGA×1"
199,nonsynonymous-only,0,1,10,1251,"I×3, T×3, F×2, M×1, S×1","ACC×443, ATT×411, ACT×338, TCG×40, ATA×6, TTT×6, ATG×3, ATC×2, ACA×1, TTC×1"
200,nonsynonymous-only,0,1,4,7,"G×1, N×1, R×1, S×1","GGT×3, AGT×2, AAT×1, CGA×1"
201,nonsynonymous-only,0,1,3,4,"M×1, S×1, W×1","TCT×2, ATG×1, TGG×1"
202,nonsynonymous-only,0,1,3,4,"K×2, I×1","AAG×2, AAA×1, ATC×1"
203,nonsynonymous-only,0,1,2,3,"F×1, T×1","TTT×2, ACT×1"
204,nonsynonymous-only,0,1,2,3,"I×1, L×1","ATC×2, TTG×1"
205,nonsynonymous-only,0,1,2,3,"D×1, E×1","GAA×2, GAT×1"
206,nonsynonymous-only,0,1,2,3,"F×1, L×1","TTT×2, TTA×1"
207,nonsynonymous-only,0,1,2,3,"K×1, Q×1","AAA×2, CAA×1"
209,nonsynonymous-only,0,1,2,3,"G×1, S×1","GGT×2, AGC×1"
210,nonsynonymous-only,0,1,2,3,"I×1, R×1","AGA×2, ATA×1"
211,nonsynonymous-only,0,1,3,43,"K×1, V×1, W×1","GTA×40, AAG×2, TGG×1"
212,nonsynonymous-only,0,1,4,44,"A×1, I×1, K×1, V×1","GTA×40, AAA×2, ATA×1, GCG×1"
213,nonsynonymous-only,0,1,3,43,"D×1, F×1, N×1","GAT×40, AAT×2, TTT×1"
214,nonsynonymous-only,0,1,6,676,"E×1, G×1, R×1, S×1, V×1, W×1","CGA×443, GAA×180, GTA×40, GGA×10, TGG×2, TCA×1"
215,nonsynonymous-only,0,1,11,869,"L×2, S×2, A×1, E×1, F×1, G×1, K×1, R×1, Y×1","TTT×439, GCG×351, GAA×40, GGA×28, TCT×4, AGT×2, AAA×1, CGG×1, CTC×1, CTG×1, TAT×1"
216,nonsynonymous-only,0,1,15,1952,"L×3, V×3, N×2, A×1, F×1, G×1, I×1, K×1, P×1, T×1","GTT×778, GTA×412, TTA×351, GCA×187, AAA×89, AAT×48, GTC×40, TTT×29, ATC×6, CTT×4, ACC×3, AAC×2, CCA×1, CTC×1, GGA×1"
217,nonsynonymous-only,0,1,17,2764,"G×2, I×2, K×2, N×2, T×2, A×1, D×1, H×1, L×1, R×1, V×1, Y×1","AAA×974, GGA×598, TTA×443, GTT×338, ACA×216, AGA×89, ATA×48, AAG×40, GAT×6, ATC×3, AAC×2, AAT×2, ACT×1, CAC×1, GCC×1, GGG×1, TAT×1"
218,nonsynonymous-only,0,1,13,4589,"C×2, G×2, N×2, S×2, D×1, I×1, K×1, R×1, T×1","GAT×1359, TGC×1288, AGC×676, GGT×353, AGT×339, AAT×286, GGC×185, ACT×48, AAG×40, CGC×10, AAC×2, ATT×2, TGT×1"
219,nonsynonymous-only,0,1,16,6805,"S×3, F×2, I×2, A×1, D×1, E×1, G×1, K×1, L×1, T×1, V×1, Y×1","TTT×3164, AAA×843, GTT×792, ACT×655, GAA×412, AGC×338, ATT×188, TAT×187, TCT×89, GAT×50, ATC×48, AGT×32, TTC×3, GGC×2, CTT×1, GCT×1"
220,nonsynonymous-only,0,1,16,5766,"S×3, L×2, R×2, A×1, E×1, G×1, H×1, I×1, K×1, N×1, V×1, Y×1","AGA×3496, GGA×944, TAT×412, AGC×349, GTA×338, AAC×89, TCA×48, GCC×40, TTG×27, AAA×14, CAT×3, AGT×2, ATT×1, CGT×1, GAA×1, TTA×1"
221,nonsynonymous-only,0,1,13,6658,"L×3, R×3, F×1, I×1, K×1, Q×1, S×1, W×1, Y×1","TGG×2436, TAC×1637, TCA×971, TTA×478, CGA×438, CTC×349, AGG×187, AAA×90, TTG×55, AGA×11, TTC×3, ATT×2, CAA×1"
222,nonsynonymous-only,0,1,14,8463,"D×2, N×2, A×1, C×1, F×1, H×1, K×1, L×1, P×1, R×1, T×1, Y×1","CGT×2225, TAT×1776, TTT×1638, TGT×1408, GCT×412, GAC×407, AAC×338, AAT×194, CCT×48, GAT×9, CTT×4, ACT×2, AAG×1, CAT×1"
223,nonsynonymous-only,0,1,23,8453,"A×3, G×3, D×2, E×2, K×2, N×2, C×1, F×1, H×1, I×1, L×1, Q×1, R×1, T×1, V×1","CTC×2217, GCA×1609, GAA×964, TTC×921, AAA×891, CAC×443, AAG×413, GTA×351, GAC×307, CAA×187, GAT×39, AAC×31, ATC×28, GCG×28, GGC×6, AAT×4, GAG×3, GGT×3, ACA×2, AGG×2, GCC×2, GGA×1, TGT×1"
224,nonsynonymous-only,0,1,16,8467,"D×2, N×2, R×2, S×2, C×1, F×1, H×1, I×1, L×1, P×1, V×1, Y×1","AAT×2902, TGT×2216, TTT×1033, CTT×972, GAT×443, AGT×419, TAT×355, AAC×48, CGC×40, CCT×21, TCT×10, GTT×3, CAT×2, AGA×1, ATT×1, GAC×1"
225,nonsynonymous-only,0,1,16,7645,"A×3, S×3, F×2, L×2, N×2, R×2, D×1, Y×1","CGC×2216, TCA×1637, TAC×949, AGC×943, GCG×843, GCA×443, TCT×349, GAC×187, TTG×40, TTT×21, TTC×10, AGA×2, GCT×2, AAC×1, AAT×1, TTA×1"
229,nonsynonymous-only,0,1,8,425,"L×2, R×2, M×1, P×1, Q×1, W×1","AGA×349, CTG×42, TGG×21, CAA×6, TTG×3, CGA×2, ATG×1, CCA×1"
230,nonsynonymous-only,0,1,13,1228,"F×2, L×2, N×2, A×1, C×1, D×1, G×1, I×1, R×1, S×1","TGC×400, AAC×351, TTT×347, AGT×48, TTG×40, CTT×16, TTC×12, ATT×6, GCT×3, GAT×2, AAT×1, CGA×1, GGT×1"
231,nonsynonymous-only,0,1,6,795,"G×2, D×1, E×1, L×1, N×1","GGT×412, AAT×355, GGA×21, TTA×4, GAT×2, GAA×1"
232,nonsynonymous-only,0,1,10,1188,"L×4, F×2, S×2, C×1, W×1","TCA×412, TGG×351, TTC×342, TGT×48, TCC×27, TTG×3, CTA×2, CTG×1, TTA×1, TTT×1"
233,nonsynonymous-only,0,1,10,1217,"N×2, Y×2, D×1, H×1, K×1, L×1, R×1, S×1","AAC×415, TAT×351, CGC×286, CTC×52, GAT×48, TAC×45, CAC×17, AAG×1, AAT×1, TCA×1"
234,nonsynonymous-only,0,1,6,1202,"Y×2, C×1, G×1, K×1, N×1","TAT×730, TGT×466, TAC×3, AAA×1, AAT×1, GGA×1"
235,nonsynonymous-only,0,1,5,461,"C×1, E×1, G×1, R×1, W×1","TGG×351, AGG×48, GGC×40, TGT×21, GAG×1"
244,nonsynonymous-only,0,1,2,41,"L×1, V×1","GTA×40, CTT×1"
245,nonsynonymous-only,0,1,12,8465,"L×5, F×2, I×2, P×1, S×1, V×1","TTT×5551, ATT×1591, TTG×414, TTA×351, CTT×336, GTA×89, ATA×77, CTG×40, TTC×8, CTC×4, CCT×3, TCA×1"
246,nonsynonymous-only,0,1,20,8468,"R×3, E×2, G×2, P×2, S×2, A×1, H×1, I×1, K×1, L×1, N×1, T×1, V×1, Y×1","GAA×2553, CGA×2216, AAT×1250, TAT×943, AAA×443, GTT×412, ACT×321, CCA×187, ATT×50, GGT×40, CCG×28, TCT×13, GGA×4, AGT×2, AGA×1, CAT×1, CGT×1, GAG×1, GCA×1, TTA×1"
247,nonsynonymous-only,0,1,23,8535,"L×3, P×3, G×2, I×2, N×2, Q×2, D×1, E×1, H×1, K×1, M×1, R×1, S×1, T×1, V×1","AAA×4333, ACA×1648, CCT×861, AAC×412, GGT×351, GTG×338, GAA×189, CCA×90, CCC×82, TTG×73, GGA×51, ATG×40, GAC×28, CAG×24, ATT×3, TTA×3, AGA×2, ATA×2, AAT×1, CAA×1, CAT×1, CTA×1, TCA×1"
248,nonsynonymous-only,0,1,22,8511,"G×4, S×3, D×2, E×2, K×2, F×1, H×1, I×1, L×1, N×1, P×1, Q×1, R×1, T×1","CAA×2216, AAG×1638, GGT×933, GGG×879, GAA×842, GGC×612, TTT×415, TCA×351, AAC×338, GGA×80, GAC×73, AGT×51, CAC×40, AGG×30, CCA×4, ACT×3, AAA×1, AGC×1, ATT×1, GAG×1, GAT×1, TTA×1"
252,nonsynonymous-only,0,1,6,1277,"G×2, E×1, K×1, N×1, S×1","AGC×452, AAC×411, AAA×409, GGC×3, GAA×1, GGT×1"
253,nonsynonymous-only,0,1,15,2916,"S×3, I×2, T×2, D×1, E×1, F×1, H×1, L×1, N×1, Q×1, R×1","CAA×1657, TTT×417, TCC×342, CGA×318, TCA×73, ACT×48, CAT×40, TCT×9, ACC×3, GAC×3, ATT×2, AAC×1, ATA×1, CTA×1, GAG×1"
254,nonsynonymous-only,0,1,11,8192,"I×3, F×2, L×2, T×2, M×1, S×1","TTT×2290, ACA×1637, ATT×1549, TTC×943, ATA×859, ATG×445, ACT×400, TTA×40, TCG×24, ATC×4, TTG×1"
255,nonsynonymous-only,0,1,17,8190,"I×3, L×3, T×3, V×2, Y×2, E×1, F×1, K×1, M×1","GTA×2307, ACA×1604, ATT×1387, TAT×899, ACT×844, TTA×488, CTA×352, TAC×120, TTG×74, GAG×40, ACG×33, AAA×24, GTC×7, ATA×4, ATG×4, ATC×2, TTT×1"
256,nonsynonymous-only,0,1,18,7790,"A×4, G×4, S×2, V×2, F×1, H×1, K×1, M×1, T×1, Y×1","GCC×3046, GGA×1664, ACT×943, GGG×834, TAT×412, GGC×386, GGT×337, AAG×73, CAC×40, GTT×24, GCA×11, GCG×10, ATG×3, GCT×3, AGC×1, GTC×1, TCG×1, TTT×1"
257,nonsynonymous-only,0,1,13,7789,"L×6, I×3, F×2, M×1, V×1","ATT×3954, GTT×943, TTT×855, ATA×843, CTC×792, TTC×187, TTA×128, CTT×41, ATG×40, CTG×3, ATC×1, CTA×1, TTG×1"
258,nonsynonymous-only,0,1,2,4,"G×1, S×1","GGG×3, AGC×1"
262,nonsynonymous-only,0,1,2,2,"I×1, S×1","ATA×1, TCA×1"
263,nonsynonymous-only,0,1,5,117,"I×2, G×1, M×1, S×1","ATC×73, ATG×40, GGA×2, AGT×1, ATT×1"
264,nonsynonymous-only,0,1,5,117,"G×2, D×1, F×1, I×1","TTT×73, GAT×40, GGG×2, ATT×1, GGT×1"
265,nonsynonymous-only,0,1,6,118,"C×1, E×1, G×1, I×1, Q×1, R×1","TGC×73, AGA×40, CAA×2, ATT×1, GAA×1, GGA×1"
266,nonsynonymous-only,0,1,7,119,"D×1, I×1, K×1, N×1, R×1, T×1, V×1","AAT×73, ATT×40, AAG×2, ACA×1, CGG×1, GAT×1, GTG×1"
267,nonsynonymous-only,0,1,4,46,"Q×2, E×1, K×1","GAA×40, CAG×3, CAA×2, AAA×1"
268,nonsynonymous-only,0,1,4,6,"E×1, K×1, N×1, R×1","AAA×2, CGA×2, AAT×1, GAA×1"
269,nonsynonymous-only,0,1,2,4,"I×1, V×1","GTA×3, ATT×1"
270,nonsynonymous-only,0,1,2,3,"A×1, S×1","GCG×2, TCT×1"
271,synonymous-only,1,0,2,3,I×2,"ATA×2, ATT×1"
272,nonsynonymous-only,0,1,4,5,"A×2, D×1, G×1","GCT×2, GAT×1, GCA×1, GGA×1"
273,nonsynonymous-only,0,1,7,774,"C×1, F×1, L×1, Q×1, R×1, S×1, V×1","TCT×412, CAA×351, TTT×6, AGA×2, CTT×1, GTA×1, TGT×1"
274,nonsynonymous-only,0,1,12,1228,"I×3, S×3, A×2, E×1, F×1, G×1, T×1","GGC×412, AGC×338, ATA×337, ATT×48, GCC×40, AGT×22, ACA×15, TCT×8, GAA×3, GCA×2, TTT×2, ATC×1"
275,nonsynonymous-only,0,1,5,1228,"L×4, V×1","TTA×1127, GTA×49, CTA×41, TTG×8, CTG×3"
276,nonsynonymous-only,0,1,13,1228,"L×4, F×2, I×2, V×2, K×1, M×1, S×1","TTT×763, CTT×338, TTG×91, TTC×21, TTA×6, ATG×2, AAG×1, ATC×1, ATT×1, CTG×1, GTA×1, GTG×1, TCG×1"
277,nonsynonymous-only,0,1,8,820,"E×1, I×1, K×1, L×1, N×1, Q×1, S×1, V×1","CAG×351, AAC×338, GAG×113, CTA×7, GTT×6, AAA×3, ATC×1, TCA×1"
278,nonsynonymous-only,0,1,9,892,"A×1, D×1, E×1, K×1, L×1, N×1, S×1, V×1, Y×1","TCA×412, GCA×349, AAA×76, AAC×41, TTA×6, TAT×3, GAT×2, GTA×2, GAG×1"
279,nonsynonymous-only,0,1,12,1229,"L×3, P×2, S×2, E×1, F×1, R×1, W×1, Y×1","TAT×412, TCA×356, TGG×333, TTT×73, CCG×40, CGG×5, CTG×3, CCA×2, TTA×2, GAA×1, TCT×1, TTG×1"
280,nonsynonymous-only,0,1,9,838,"L×2, E×1, H×1, I×1, K×1, P×1, Q×1, V×1","CCT×412, CAT×338, TTG×73, CAA×6, AAA×4, GAA×2, ATA×1, CTA×1, GTG×1"
281,nonsynonymous-only,0,1,8,805,"L×4, I×1, K×1, M×1, W×1","TGG×412, CTA×338, AAG×40, ATG×6, TTA×5, ATA×2, CTG×1, TTG×1"
282,nonsynonymous-only,0,1,9,878,"I×3, F×2, V×2, K×1, L×1","GTT×418, TTT×338, TTC×113, AAA×3, ATA×2, ATC×1, ATT×1, CTA×1, GTG×1"
283,nonsynonymous-only,0,1,7,805,"L×2, I×1, K×1, M×1, S×1, V×1","TCG×413, CTA×338, AAA×40, GTA×6, ATA×4, ATG×3, TTA×1"
284,nonsynonymous-only,0,1,6,53,"A×1, G×1, L×1, N×1, R×1, Y×1","TAT×40, GGG×6, AAT×3, GCG×2, AGA×1, TTG×1"
285,nonsynonymous-only,0,1,3,44,"D×1, I×1, S×1","ATT×40, GAT×3, AGC×1"
286,nonsynonymous-only,0,1,2,43,"E×1, L×1","CTA×40, GAA×3"
287,synonymous-only,1,0,2,3,P×2,"CCA×2, CCG×1"
288,nonsynonymous-only,0,1,2,3,"S×1, T×1","ACA×2, TCT×1"
289,nonsynonymous-only,0,1,3,43,"S×2, K×1","AGC×40, AAG×2, TCA×1"
290,nonsynonymous-only,0,1,2,43,"A×1, N×1","AAT×41, GCA×2"
291,nonsynonymous-only,0,1,3,43,"L×2, M×1","ATG×40, TTG×2, TTA×1"
292,nonsynonymous-only,0,1,3,43,"D×2, C×1","TGT×40, GAT×2, GAC×1"
293,nonsynonymous-only,0,1,5,394,"P×2, A×1, F×1, S×1","CCC×289, TCC×100, CCT×2, GCC×2, TTC×1"
294,nonsynonymous-only,0,1,4,397,"L×1, Q×1, S×1, T×1","TCA×351, ACA×40, TTA×5, CAA×1"
295,nonsynonymous-only,0,1,5,397,"A×2, I×1, N×1, P×1","AAC×351, CCG×40, ATC×3, GCA×2, GCG×1"
296,nonsynonymous-only,0,1,7,404,"V×2, A×1, F×1, I×1, P×1, T×1","GTC×303, ATC×48, TTC×40, GTT×7, CCT×3, GCT×2, ACT×1"
297,nonsynonymous-only,0,1,5,404,"K×2, R×2, S×1","AGG×351, AAA×48, AGA×3, AAG×1, TCA×1"
298,nonsynonymous-only,0,1,5,361,"K×2, C×1, E×1, R×1","AGA×351, TGC×6, AAG×2, AAA×1, GAA×1"
299,nonsynonymous-only,0,1,2,41,"L×1, Y×1","TAT×40, CTT×1"
300,nonsynonymous-only,0,1,2,41,"A×1, S×1","TCT×40, GCT×1"
301,nonsynonymous-only,0,1,2,41,"D×1, Q×1","CAG×40, GAC×1"
304,nonsynonymous-only,0,1,2,2,"C×1, R×1","CGG×1, TGT×1"
305,nonsynonymous-only,0,1,5,45,"D×1, G×1, I×1, N×1, V×1","GGA×40, AAT×2, ATT×1, GAT×1, GTT×1"
306,nonsynonymous-only,0,1,5,66,"A×1, D×1, I×1, L×1, N×1","ATC×40, AAT×21, GAC×2, GCC×2, TTA×1"
307,nonsynonymous-only,0,1,7,114,"V×2, G×1, I×1, K×1, L×1, R×1","AGG×48, GTA×40, GTG×21, GGA×2, AAA×1, ATT×1, TTA×1"
308,nonsynonymous-only,0,1,15,8466,"L×4, I×3, V×3, A×1, F×1, N×1, S×1, T×1","TTA×3598, CTG×2216, GCT×843, CTT×784, GTC×443, TTT×388, ATT×166, GTT×16, AAT×4, ACT×2, TCC×2, ATA×1, ATC×1, CTA×1, GTA×1"
309,nonsynonymous-only,0,1,9,8126,"G×4, E×1, I×1, K×1, Q×1, S×1","GGT×4930, GGC×1488, GGA×883, GAA×777, AAA×33, GGG×11, AGT×2, ATT×1, CAA×1"
310,nonsynonymous-only,0,1,20,8537,"R×4, A×2, E×2, K×2, P×2, G×1, H×1, I×1, L×1, N×1, Q×1, S×1, V×1","CCC×2216, GCT×1631, GGA×944, AGA×861, CAT×853, GAA×784, GAG×412, ATA×351, GCA×187, CCA×89, AAG×73, AAA×46, AGG×40, CAA×28, CTA×8, GTT×6, AAT×3, CGG×3, CGT×1, TCA×1"
311,nonsynonymous-only,0,1,12,8537,"S×4, N×2, A×1, C×1, D×1, F×1, I×1, T×1","AGC×2165, AAT×2094, AAC×1774, TCT×1636, ACT×415, ATT×343, AGT×51, TGC×48, GCT×7, GAT×2, TCC×1, TTT×1"
312,nonsynonymous-only,0,1,13,8539,"G×4, K×2, N×2, S×2, F×1, I×1, T×1","GGC×4287, GGT×2462, GGG×836, AAT×419, AAG×338, GGA×76, AAC×49, AAA×40, AGT×24, TTT×3, AGC×2, ATA×2, ACT×1"
313,nonsynonymous-only,0,1,16,8517,"A×3, S×3, C×2, L×2, E×1, F×1, I×1, P×1, T×1, V×1","TCT×2659, GCT×1678, TGT×1513, GCA×1305, TTG×413, GAA×351, TTT×344, TGC×124, GTC×48, ACA×40, GCC×29, TTA×6, TCA×4, AGT×1, ATT×1, CCC×1"
314,nonsynonymous-only,0,1,14,8518,"G×4, K×2, V×2, A×1, D×1, F×1, N×1, R×1, W×1","GGT×4256, GGC×2574, AGA×455, AAT×341, GTT×306, GGG×276, GGA×205, TGG×48, GTG×46, TTT×6, AAA×2, AAG×1, GAT×1, GCT×1"
315,nonsynonymous-only,0,1,10,8518,"I×2, K×2, D×1, E×1, N×1, Q×1, R×1, S×1","AAA×5567, AAG×2587, TCA×351, CAA×7, AAT×1, ATA×1, ATT×1, CGA×1, GAA×1, GAT×1"
316,nonsynonymous-only,0,1,20,8442,"S×5, T×3, G×2, K×2, N×2, A×1, D×1, E×1, I×1, M×1, Y×1","AGT×3414, ACG×2298, ACA×882, TCA×453, AAG×412, ATT×355, AAT×338, ACT×186, GGT×48, TAT×40, ATG×6, TCT×2, AAA×1, AAC×1, AGC×1, GAA×1, GAT×1, GCT×1, GGG×1, TCG×1"
317,nonsynonymous-only,0,1,18,8059,"T×4, I×2, S×2, D×1, E×1, F×1, G×1, K×1, L×1, M×1, P×1, R×1, Y×1","ACG×3989, ATG×1605, ACA×846, ACC×443, GGA×412, ATT×351, ACT×310, AGA×40, ATA×34, AGC×10, TTT×6, AGT×3, GAT×3, TTA×3, AAG×1, CCA×1, GAA×1, TAC×1"
318,nonsynonymous-only,0,1,15,7629,"L×5, I×3, T×3, F×1, M×1, S×1, V×1","ATG×3499, TTA×1918, CTA×723, TTG×528, TCG×351, CTG×254, ATT×187, ACA×96, ACG×62, ACC×3, GTG×3, ATA×2, ATC×1, CTT×1, TTT×1"
319,nonsynonymous-only,0,1,9,7561,"L×3, F×2, I×2, M×1, S×1","TTG×3059, TTA×2913, TTC×1140, ATT×352, ATG×89, ATA×4, CTA×2, TCT×1, TTT×1"
320,nonsynonymous-only,0,1,6,7250,"N×2, R×2, K×1, L×1","AAT×4845, AAA×2216, CGC×170, CGT×17, AAC×1, CTT×1"
333,nonsynonymous-only,0,1,2,113,"A×1, N×1","AAC×73, GCC×40"
334,synonymous-only,1,0,2,113,L×2,"CTT×73, CTC×40"
335,nonsynonymous-only,0,1,2,113,"D×1, S×1","GAT×73, AGT×40"
336,nonsynonymous-only,0,1,3,129,"H×1, K×1, Y×1","CAT×88, AAA×40, TAT×1"
337,nonsynonymous-only,0,1,4,202,"E×1, G×1, N×1, Y×1","GAG×82, AAT×73, TAT×40, GGG×7"
338,nonsynonymous-only,0,1,3,111,"L×1, S×1, W×1","TGG×79, TCG×28, TTG×4"
345,nonsynonymous-only,0,1,6,468,"V×2, K×1, N×1, R×1, S×1","AGC×412, AAA×40, AAT×11, GTT×3, CGT×1, GTA×1"
346,nonsynonymous-only,0,1,7,465,"R×2, F×1, G×1, K×1, N×1, S×1","GGT×412, AGG×40, AAG×6, AGA×3, AGT×2, AAT×1, TTT×1"
347,nonsynonymous-only,0,1,5,463,"A×1, H×1, K×1, L×1, T×1","TTA×412, GCA×40, ACA×6, AAA×3, CAC×2"
348,nonsynonymous-only,0,1,6,4375,"I×1, L×1, R×1, S×1, T×1, V×1","GTA×1637, AGA×849, TCA×835, TTA×455, ACA×412, ATA×187"
349,nonsynonymous-only,0,1,11,7101,"L×2, E×1, F×1, G×1, I×1, K×1, R×1, S×1, T×1, W×1","TTG×3970, TTA×2471, GGA×350, TTT×218, AAA×61, TCG×13, TGG×7, ATA×6, ACT×3, CGA×1, GAA×1"
350,nonsynonymous-only,0,1,13,6974,"A×2, G×2, L×2, R×2, E×1, I×1, K×1, M×1, Q×1","GCG×2216, GCA×1693, CGG×1590, ATA×833, CAG×496, TTA×89, GGA×40, AAG×6, CTG×5, AGA×3, ATG×1, GAA×1, GGG×1"
351,nonsynonymous-only,0,1,14,6247,"G×3, I×2, R×2, V×2, A×1, D×1, E×1, K×1, S×1","GAT×2216, GTG×1637, ATC×832, GAG×423, AGT×412, AGA×339, GCA×188, ATT×157, GGG×20, GGA×10, GTC×6, GGT×4, AGG×2, AAA×1"
352,nonsynonymous-only,0,1,13,6158,"C×2, F×2, S×2, Y×2, E×1, H×1, I×1, L×1, W×1","TGG×2216, TTG×1638, GAA×832, TTT×786, TAT×353, TCT×187, TAC×88, CAT×40, TTC×10, TGC×5, ATT×1, TCA×1, TGT×1"
353,nonsynonymous-only,0,1,11,4050,"R×2, S×2, T×2, L×1, M×1, N×1, P×1, V×1","ACA×2216, GTT×832, CGT×412, CCT×338, ACT×187, TTG×40, AGG×10, TCG×6, TCA×5, AAT×3, ATG×1"
354,nonsynonymous-only,0,1,3,199,"I×1, L×1, R×1","CTC×188, ATC×10, CGC×1"
357,nonsynonymous-only,0,1,9,4325,"T×2, E×1, G×1, L×1, M×1, P×1, Q×1, R×1","ACG×2216, CCA×1275, TTG×418, AGA×338, GGA×40, ACA×24, ATG×10, CAA×2, GAA×2"
358,nonsynonymous-only,0,1,10,4401,"L×3, I×2, F×1, N×1, S×1, T×1, V×1","ATT×2628, CTT×833, ACC×444, ATA×379, CTG×73, TTT×24, GTT×11, TTG×6, AAT×2, TCT×1"
359,nonsynonymous-only,0,1,11,3989,"L×4, S×3, C×1, G×1, K×1, Q×1","CTG×2250, CAG×832, TCC×443, TCT×338, TTG×73, TTA×41, AAA×6, CTA×2, TCA×2, GGC×1, TGT×1"
360,nonsynonymous-only,0,1,13,4401,"V×3, G×2, I×2, K×2, F×1, L×1, M×1, N×1","GTG×2216, GTT×832, GGG×443, ATT×412, AAA×339, GGA×113, ATG×24, TTA×10, ATA×6, AAG×2, AAT×2, GTA×1, TTT×1"
361,nonsynonymous-only,0,1,14,5372,"S×3, L×2, T×2, V×2, A×1, F×1, I×1, M×1, P×1","ACT×3495, CCG×815, TCC×422, CTT×411, ATG×73, ACA×52, TTA×40, TCT×21, GCG×17, ATT×11, GTT×11, GTC×2, TCA×1, TTT×1"
362,nonsynonymous-only,0,1,12,3244,"I×2, L×2, Y×2, F×1, G×1, K×1, M×1, Q×1, R×1","TTG×944, TTC×560, ATG×443, CGG×412, GGG×338, TTA×303, CAA×117, ATC×113, ATA×7, TAC×4, TAT×2, AAG×1"
363,nonsynonymous-only,0,1,12,1829,"S×2, Y×2, C×1, D×1, G×1, I×1, K×1, N×1, R×1, W×1","AAT×832, GAT×440, AGC×327, GGT×89, TAT×73, AGT×51, ATC×10, AAA×2, AGA×2, TAC×1, TGG×1, TGT×1"
364,nonsynonymous-only,0,1,10,914,"A×2, K×2, E×1, G×1, I×1, M×1, S×1, T×1","ATA×415, GGG×338, GCG×73, GCA×40, AGC×28, AAG×16, AAA×1, ACG×1, ATG×1, GAA×1"
365,nonsynonymous-only,0,1,5,52,"A×1, E×1, F×1, G×1, K×1","GCT×40, AAG×7, GAA×3, GGA×1, TTC×1"
366,nonsynonymous-only,0,1,6,52,"L×2, Q×2, M×1, V×1","TTA×40, GTA×6, CAA×3, ATG×1, CAG×1, CTG×1"
367,nonsynonymous-only,0,1,2,42,"G×1, T×1","ACC×40, GGA×2"
368,nonsynonymous-only,0,1,3,43,"K×1, L×1, Q×1","CTC×40, CAA×2, AAA×1"
369,nonsynonymous-only,0,1,2,43,"A×1, L×1","GCT×40, CTA×3"
370,nonsynonymous-only,0,1,2,43,"K×1, Q×1","CAA×41, AAA×2"
373,synonymous-only,1,0,3,44,L×3,"CTT×40, CTG×3, CTC×1"
374,nonsynonymous-only,0,1,2,44,"I×1, V×1","GTT×40, ATT×4"
375,nonsynonymous-only,0,1,5,46,"L×2, A×1, F×1, I×1","GCT×40, TTT×3, ATT×1, CTT×1, TTA×1"
376,nonsynonymous-only,0,1,5,47,"A×1, D×1, L×1, N×1, Q×1","AAT×41, GAC×3, CAG×1, CTT×1, GCA×1"
377,nonsynonymous-only,0,1,11,1246,"L×4, A×3, I×1, Q×1, R×1, T×1","GCG×829, TTA×377, CGG×24, CAG×4, CTA×3, GCA×3, ATA×2, ACT×1, CTT×1, GCT×1, TTG×1"
378,nonsynonymous-only,0,1,8,1321,"L×3, F×1, G×1, I×1, R×1, S×1","GGA×832, CTA×340, AGG×73, ATT×40, TTT×28, TTA×4, TTG×3, TCA×1"
379,nonsynonymous-only,0,1,13,2093,"E×2, G×2, R×2, A×1, D×1, K×1, P×1, Q×1, S×1, Y×1","GAA×840, CGA×411, GCA×351, CAA×338, GAG×44, GAT×40, GGG×30, TAT×28, GGA×6, AAA×2, AGT×1, CCA×1, CGG×1"
380,nonsynonymous-only,0,1,9,3733,"K×2, T×2, E×1, G×1, L×1, Q×1, V×1","ACT×1638, ACA×832, AAG×491, GGA×379, AAA×347, CAA×40, GTG×3, GAG×2, TTA×1"
381,nonsynonymous-only,0,1,14,4123,"V×3, A×2, L×2, E×1, F×1, M×1, P×1, Q×1, S×1, T×1","GCG×1633, GTG×1275, ACA×412, CTA×352, GTA×337, TCA×40, ATG×28, TTC×24, TTA×6, CAA×5, GAA×5, GCT×3, GTC×2, CCA×1"
382,nonsynonymous-only,0,1,18,8400,"T×3, E×2, N×2, V×2, A×1, D×1, G×1, I×1, K×1, L×1, R×1, S×1, Y×1","ATT×3072, GAT×1825, ACT×906, GGT×843, ACC×832, AAT×466, GAA×338, GCT×61, GTC×28, TAT×10, GAG×6, AAC×3, AGT×3, CGT×3, AAG×1, ACA×1, CTT×1, GTT×1"
383,nonsynonymous-only,0,1,16,8485,"T×3, G×2, N×2, S×2, A×1, D×1, E×1, I×1, K×1, M×1, V×1","AAC×3184, AAA×1649, GAT×1245, ATA×843, AAT×799, GTT×338, GAA×187, AGT×90, ATG×73, ACA×40, ACC×25, ACG×6, GGT×3, AGC×1, GCC×1, GGG×1"
384,nonsynonymous-only,0,1,21,8442,"G×4, D×2, N×2, R×2, Y×2, E×1, F×1, H×1, I×1, K×1, L×1, Q×1, T×1, V×1","GGC×2206, GGT×1986, AAT×1183, AGA×943, ACG×843, GGG×629, GAC×412, CGT×88, CTG×73, CAT×29, TAC×24, AAA×10, GTT×6, CAA×2, GGA×2, AAC×1, ATT×1, GAG×1, GAT×1, TAT×1, TTT×1"
385,nonsynonymous-only,0,1,19,8454,"E×2, L×2, Q×2, R×2, T×2, A×1, C×1, D×1, G×1, K×1, N×1, S×1, V×1, W×1","AAA×3528, CAG×1637, GAG×832, AGG×739, AAC×412, GCA×339, TTA×301, GAA×300, GGG×204, TGG×88, TTG×50, ACG×10, GTA×6, AGC×3, ACC×1, CAA×1, CGG×1, GAC×1, TGC×1"
386,nonsynonymous-only,0,1,15,8485,"A×4, T×3, I×2, L×2, F×1, K×1, P×1, S×1","TCA×3062, ATT×2082, ACA×1380, ACT×438, GCG×412, GCT×391, GCA×340, ATA×188, TTA×118, ACG×28, CCG×24, CTT×16, GCC×4, AAG×1, TTT×1"
387,nonsynonymous-only,0,1,16,7518,"R×3, A×2, G×2, S×2, T×2, V×2, D×1, F×1, K×1","ACA×3228, GTT×1645, GCT×1582, TCA×443, GGA×351, AGA×129, AAA×103, ACC×19, AGT×6, GAT×3, GGT×3, GTC×2, AGG×1, CGG×1, GCC×1, TTT×1"
388,nonsynonymous-only,0,1,16,7074,"L×3, G×2, K×2, C×1, D×1, E×1, M×1, N×1, R×1, T×1, V×1, W×1","AAA×2703, TTA×1677, AAG×872, TTG×832, CGA×351, GGG×333, TGG×187, ACG×88, TGC×10, GAT×6, GGA×6, GAA×4, AAT×2, ATG×1, CTA×1, GTA×1"
389,nonsynonymous-only,0,1,17,6912,"G×2, I×2, N×2, T×2, A×1, D×1, E×1, F×1, L×1, Q×1, R×1, S×1, Y×1","AAT×4332, GGC×840, ACA×412, ACT×380, GAA×351, AGA×338, CAG×187, ATT×40, AAC×11, ATC×6, TTA×4, AGT×3, GGT×3, GCC×2, GAT×1, TAC×1, TTT×1"
390,nonsynonymous-only,0,1,16,6069,"D×2, F×2, G×2, H×2, K×2, N×2, E×1, Q×1, T×1, Y×1","TTT×2217, GAT×1640, CAT×1242, AAT×553, GGA×187, AAC×136, CAA×40, ACA×28, TAT×12, GAA×6, AAA×2, AAG×2, CAC×1, GAC×1, GGT×1, TTC×1"
391,nonsynonymous-only,0,1,11,4539,"I×2, K×2, R×2, M×1, Q×1, S×1, T×1, V×1","AAA×2219, CAA×1637, ATG×413, CGT×187, GTT×41, ATA×28, AGG×10, AAG×1, ACT×1, AGT×1, ATT×1"
392,nonsynonymous-only,0,1,2,3,"F×1, K×1","AAG×2, TTT×1"
393,nonsynonymous-only,0,1,5,643,"D×1, E×1, N×1, R×1, S×1","AAT×414, AGT×187, GAA×40, AGA×1, GAT×1"
394,nonsynonymous-only,0,1,8,2677,"C×2, S×2, D×1, F×1, T×1, Y×1","AGC×2216, TGC×412, TTC×40, TAT×3, ACA×2, AGT×2, GAT×1, TGT×1"
395,nonsynonymous-only,0,1,13,5200,"L×3, P×2, S×2, A×1, F×1, I×1, R×1, T×1, W×1","CGA×2471, CTT×1637, TCA×454, CCA×432, TCG×188, GCT×6, TGG×3, CCT×2, TTG×2, TTT×2, ACG×1, ATT×1, CTA×1"
396,nonsynonymous-only,0,1,11,5315,"L×5, I×2, F×1, M×1, S×1, V×1","CTG×1911, ATT×1755, CTT×937, ATG×351, TTG×345, ATC×6, TTT×4, GTT×2, TTA×2, CTC×1, TCC×1"
397,nonsynonymous-only,0,1,13,5534,"R×3, E×2, G×2, K×2, A×1, D×1, H×1, N×1","GGA×2216, CGA×1637, CGT×442, GAT×412, AAA×353, GAA×341, GGT×118, AAG×7, AGG×3, GCC×2, AAT×1, CAT×1, GAG×1"
398,nonsynonymous-only,0,1,11,7576,"C×2, F×2, Y×2, L×1, N×1, P×1, S×1, V×1","TGC×3952, TAC×1354, TTT×1320, TCC×412, TGT×360, GTT×90, TAT×78, TTC×6, CCA×2, AAT×1, TTG×1"
399,nonsynonymous-only,0,1,9,5297,"P×3, L×2, V×2, F×1, S×1","TTA×4801, TTG×449, TTC×24, TCA×11, GTA×5, GTT×3, CCG×2, CCA×1, CCC×1"
400,nonsynonymous-only,0,1,14,6011,"I×2, K×2, T×2, A×1, M×1, N×1, P×1, R×1, S×1, V×1, Y×1","TCG×2216, ATT×1032, ACA×929, ATG×831, AAA×708, AGA×187, TAC×40, CCA×38, GCT×25, AAG×1, AAT×1, ACT×1, ATC×1, GTA×1"
401,nonsynonymous-only,0,1,4,228,"G×1, P×1, S×1, Y×1","GGT×169, TAT×40, AGT×18, CCG×1"
402,nonsynonymous-only,0,1,5,249,"I×1, L×1, M×1, P×1, R×1","CGG×187, CTA×56, CCA×4, ATA×1, ATG×1"
403,synonymous-only,1,0,2,40,R×2,"CGA×39, AGA×1"
412,synonymous-only,1,0,2,391,C×2,"TGT×351, TGC×40"
413,nonsynonymous-only,0,1,2,391,"W×1, Y×1","TGG×351, TAC×40"
414,nonsynonymous-only,0,1,13,6407,"G×3, E×2, K×2, Q×2, A×1, I×1, S×1, T×1","GAA×3161, AAA×1682, AGT×832, GGG×537, GGA×103, GAG×39, ACT×26, GGC×11, CAG×10, AAG×2, CAA×2, ATA×1, GCA×1"
415,nonsynonymous-only,0,1,11,2345,"S×3, D×2, E×1, K×1, N×1, Q×1, R×1, Y×1","GAT×1636, AAA×351, CGC×338, TCT×10, GAC×3, TAC×2, AAT×1, AGC×1, CAG×1, GAA×1, TCG×1"
416,nonsynonymous-only,0,1,9,2388,"L×3, R×2, H×1, K×1, Q×1, Y×1","CAA×1647, TTA×340, AGA×310, AAA×42, TTG×40, CTG×4, TAC×3, CAT×1, CGG×1"
417,nonsynonymous-only,0,1,7,2374,"F×2, V×2, I×1, L×1, R×1","TTT×1979, ATA×351, GTG×40, AGG×1, CTT×1, GTT×1, TTC×1"
418,nonsynonymous-only,0,1,5,742,"K×2, E×1, Q×1, R×1","AAG×391, CGA×339, CAA×7, AAA×4, GAA×1"
419,nonsynonymous-only,0,1,7,742,"E×1, G×1, K×1, Q×1, S×1, V×1, W×1","AAA×351, GAG×340, GGG×40, CAG×6, TGG×3, AGT×1, GTG×1"
420,nonsynonymous-only,0,1,7,1157,"L×3, S×2, I×1, Q×1","ATA×420, TTG×351, CTA×234, TTA×108, TCG×40, TCA×3, CAG×1"
421,nonsynonymous-only,0,1,7,2791,"I×2, S×2, F×1, M×1, V×1","TCG×1636, GTG×411, ATG×353, ATT×339, TTT×44, ATC×7, TCT×1"
422,nonsynonymous-only,0,1,8,2795,"L×2, P×2, S×2, F×1, Y×1","CCG×1637, CCA×665, CTC×412, TTA×46, TCA×26, TCC×6, TTT×2, TAT×1"
423,nonsynonymous-only,0,1,5,2789,"K×2, E×1, G×1, Q×1","CAA×1638, AAG×452, AAA×354, GAG×339, GGT×6"
425,nonsynonymous-only,0,1,2,41,"A×1, E×1","GAA×40, GCA×1"
426,nonsynonymous-only,0,1,7,1685,"Q×2, R×2, D×1, K×1, L×1","CGA×1637, AAA×41, CAA×3, AGA×1, CAG×1, CTA×1, GAT×1"
427,nonsynonymous-only,0,1,13,7089,"F×2, I×2, L×2, D×1, K×1, M×1, R×1, S×1, V×1, W×1","TCA×3160, AAA×1639, ATA×1245, GTT×379, ATG×357, TGG×100, TTA×74, TTC×73, AGA×28, GAT×25, TTT×4, ATT×3, CTT×2"
428,nonsynonymous-only,0,1,16,7491,"I×3, F×2, L×2, T×2, A×1, C×1, D×1, E×1, K×1, N×1, V×1","ATT×5482, ATC×943, GTA×412, ATA×353, ACC×89, TGC×73, TTG×48, TTC×30, ACG×28, AAA×24, TTT×4, AAT×1, CTT×1, GAA×1, GAT×1, GCA×1"
429,nonsynonymous-only,0,1,20,7105,"G×3, A×2, I×2, L×2, R×2, S×2, C×1, D×1, E×1, K×1, T×1, V×1, Y×1","GGT×3864, GCA×943, TGT×507, AGG×443, ACA×412, TTA×391, TAT×328, TCA×74, AGA×51, GGG×28, GAC×24, ATA×21, AAA×9, GCT×4, ATT×1, GAA×1, GGA×1, GTA×1, TCT×1, TTG×1"
430,nonsynonymous-only,0,1,21,7523,"L×5, T×3, F×2, I×2, P×2, S×2, V×2, A×1, R×1, Y×1","TTT×2584, CTT×1630, TTC×1275, CCA×942, CCT×412, TTG×351, GCT×121, ATA×89, GTC×41, GTT×25, TCA×22, CGT×6, CTA×6, TAT×4, ACG×3, ACT×3, ATT×3, CTG×2, TCC×2, ACC×1, TTA×1"
431,nonsynonymous-only,0,1,16,7710,"L×4, V×4, I×3, F×1, N×1, R×1, S×1, T×1","ATT×2566, TTG×1565, ATC×1131, CTC×831, GTT×520, AGG×443, AAT×375, ATA×101, TTT×89, TTA×72, AGT×7, GTG×4, GTA×3, ACT×1, CTT×1, GTC×1"
432,nonsynonymous-only,0,1,12,7158,"S×3, F×2, L×2, C×1, M×1, P×1, W×1, Y×1","TTT×5590, CTC×832, TCT×357, TTC×188, TCC×117, TAT×66, CTT×3, ATG×1, CCA×1, TCG×1, TGG×1, TGT×1"
433,nonsynonymous-only,0,1,15,5964,"I×2, L×2, Q×2, A×1, D×1, E×1, F×1, H×1, K×1, P×1, S×1, Y×1","CAA×3648, CTG×944, CAG×898, CAT×312, AAA×81, TAT×28, ATT×24, GAA×9, TTT×9, GAT×4, ATC×2, CCT×2, AGC×1, CTA×1, GCT×1"
434,nonsynonymous-only,0,1,10,5521,"K×2, D×1, E×1, L×1, N×1, Q×1, S×1, T×1, V×1","AGT×2223, CAG×1637, AAG×1130, AAT×456, GAT×45, AAA×25, CTT×2, ACT×1, GAA×1, GTT×1"
435,nonsynonymous-only,0,1,13,3396,"L×2, R×2, C×1, K×1, M×1, N×1, P×1, Q×1, S×1, W×1, Y×1","TAC×2244, TCA×943, AAC×89, TGG×41, TGC×40, CAA×24, AGG×7, TTA×3, AAG×1, ATG×1, CCC×1, CGT×1, TTG×1"
436,nonsynonymous-only,0,1,10,3699,"N×2, A×1, D×1, E×1, F×1, L×1, Q×1, S×1, V×1","AAC×3159, GCG×310, AGC×89, GTG×41, CAA×40, GAT×28, GAA×24, TTA×6, AAT×1, TTC×1"
437,nonsynonymous-only,0,1,7,3320,"E×1, G×1, K×1, L×1, Q×1, S×1, Y×1","TTA×2216, GGG×936, AAG×90, TCC×40, CAA×25, GAG×7, TAC×6"
438,nonsynonymous-only,0,1,12,4618,"L×3, T×3, P×2, I×1, M×1, Q×1, R×1","ATT×2216, TTA×832, CCA×734, CTG×396, CTA×209, AGA×117, CAG×46, ACG×40, ACT×24, CCG×2, ACA×1, ATG×1"
439,nonsynonymous-only,0,1,10,4618,"D×1, E×1, F×1, I×1, K×1, L×1, N×1, P×1, S×1, Y×1","AGT×2256, AAT×1357, AAA×919, ATT×30, CCA×28, TTC×14, TTA×10, GAA×2, GAC×1, TAT×1"
440,nonsynonymous-only,0,1,10,4590,"H×2, I×2, L×2, F×1, P×1, S×1, T×1","CAT×2215, ATT×1263, CTC×745, CTT×198, TCT×90, ACG×40, CCT×24, ATC×13, CAC×1, TTT×1"
441,nonsynonymous-only,0,1,7,3568,"Q×2, F×1, I×1, K×1, S×1, T×1","CAA×2011, AAA×833, CAG×649, ATA×40, TTT×24, ACA×10, TCA×1"
442,nonsynonymous-only,0,1,11,4628,"G×2, N×2, D×1, F×1, K×1, L×1, Q×1, R×1, Y×1","GGG×2216, GAT×1269, CGC×943, TTA×89, CAA×40, TTT×28, TAC×24, AAT×10, GGT×6, AAA×2, AAC×1"
443,nonsynonymous-only,0,1,6,3202,"I×2, F×1, K×1, M×1, V×1","ATT×3076, TTT×90, ATC×24, GTT×10, AAA×1, ATG×1"
444,nonsynonymous-only,0,1,6,2370,"L×3, I×1, S×1, W×1","TTG×2098, CTG×119, TCG×117, TTA×24, TGG×11, ATT×1"
445,nonsynonymous-only,0,1,3,118,"C×1, F×1, L×1","TGC×89, CTT×28, TTT×1"
446,nonsynonymous-only,0,1,3,117,"H×1, R×1, S×1","TCT×89, CAT×25, CGT×3"
447,nonsynonymous-only,0,1,2,117,"C×1, F×1","TTC×89, TGC×28"
448,nonsynonymous-only,0,1,4,118,"G×2, E×1, K×1","AAA×89, GGG×27, GAG×1, GGA×1"
449,nonsynonymous-only,0,1,4,157,"C×1, E×1, G×1, R×1","AGA×89, TGT×40, GGA×17, GAA×11"
450,nonsynonymous-only,0,1,6,626,"K×2, R×2, E×1, L×1","AAA×471, GAG×89, AGG×40, TTG×24, AAG×1, AGA×1"
451,nonsynonymous-only,0,1,7,2813,"L×2, C×1, D×1, F×1, S×1, Y×1","TGT×2226, TAT×467, TTA×89, CTA×28, AGT×1, GAT×1, TTC×1"
452,nonsynonymous-only,0,1,10,2653,"F×2, R×2, S×2, C×1, K×1, L×1, Q×1","CGA×2015, TTT×483, TTC×89, AAA×28, CAA×24, TTA×10, AGA×1, AGC×1, TCA×1, TGC×1"
453,nonsynonymous-only,0,1,7,2853,"A×1, F×1, I×1, K×1, L×1, S×1, T×1","GCT×2216, CTT×467, AGT×89, ACT×40, AAG×28, TTT×12, ATT×1"
454,nonsynonymous-only,0,1,6,2770,"K×2, G×1, R×1, S×1, W×1","TGG×2216, AAA×472, AAG×40, AGG×35, AGT×6, GGG×1"
455,nonsynonymous-only,0,1,11,5244,"R×2, C×1, G×1, I×1, K×1, L×1, N×1, Q×1, W×1, Y×1","TAT×3065, TGC×1637, TGG×440, CAG×40, TTG×28, AAT×24, GGT×4, CGG×3, AAA×1, AGG×1, ATT×1"
456,nonsynonymous-only,0,1,15,6439,"S×4, D×2, F×2, N×2, C×1, G×1, R×1, V×1, Y×1","GAC×2215, AAC×1703, GTT×1638, AAT×443, TTT×350, GGT×40, TCT×24, TCA×10, TGT×6, AGT×4, GAT×2, AGA×1, AGC×1, TAT×1, TTC×1"
457,nonsynonymous-only,0,1,16,6492,"V×3, I×2, L×2, N×2, D×1, F×1, G×1, K×1, R×1, S×1, T×1","ACT×2226, GTT×1636, ATT×869, GAC×832, GGT×443, ATC×350, GTA×86, CTA×28, CTT×8, TTT×4, AAG×3, GTG×3, AAC×1, AAT×1, AGA×1, TCT×1"
458,nonsynonymous-only,0,1,19,5172,"C×2, D×2, E×2, K×2, P×2, F×1, G×1, H×1, L×1, R×1, S×1, T×1, W×1, Y×1","GAG×1681, TCC×1296, AAG×536, CTT×357, CCC×341, CAT×327, GAC×313, GAA×89, CCT×84, TGG×40, GAT×38, AAA×28, CGT×18, GGC×10, TAT×7, TTT×4, ACG×1, TGC×1, TGT×1"
459,nonsynonymous-only,0,1,12,6903,"L×2, R×2, S×2, Y×2, C×1, G×1, Q×1, W×1","TGG×3069, TCA×1726, AGG×896, CAG×763, GGG×380, TTG×28, TCT×24, TAT×7, AGA×4, TGT×3, TTA×2, TAC×1"
460,nonsynonymous-only,0,1,15,8273,"L×3, F×2, C×1, G×1, H×1, I×1, N×1, P×1, R×1, S×1, T×1, Y×1","TTT×3856, TAT×2215, TCT×832, TTG×751, CCT×351, CTA×89, TTC×48, CTC×40, ACT×28, TGT×26, CAT×18, AAT×10, ATT×5, GGA×3, AGA×1"
461,nonsynonymous-only,0,1,15,8235,"L×3, F×2, I×2, S×2, V×2, A×1, G×1, P×1, R×1","TTC×3643, GTC×1385, ATC×1097, TTA×832, CCT×412, GTT×351, ATA×339, TTT×144, AGA×10, TTG×10, CTT×4, TCA×3, TCT×3, GCC×1, GGC×1"
462,nonsynonymous-only,0,1,19,7805,"G×2, K×2, R×2, S×2, T×2, C×1, D×1, E×1, H×1, I×1, N×1, P×1, Q×1, W×1","AAA×2957, GGT×1637, AAG×943, ATT×843, TGG×833, CCG×367, GAT×89, ACG×68, GGA×28, GAA×13, CAC×10, TCG×8, CAG×3, AAC×1, ACA×1, AGA×1, AGG×1, AGT×1, TGC×1"
463,nonsynonymous-only,0,1,18,7413,"I×2, N×2, R×2, S×2, A×1, C×1, D×1, F×1, G×1, H×1, M×1, T×1, V×1, W×1","AGC×2216, AGT×1639, ATC×945, TGC×843, AGA×444, GCT×411, ACT×351, AAT×324, ATG×89, GTT×48, ATT×46, TGG×28, GAT×20, TTT×3, AGG×2, GGT×2, AAC×1, CAT×1"
464,nonsynonymous-only,0,1,13,6961,"G×2, K×2, Y×2, E×1, F×1, H×1, L×1, R×1, S×1, T×1","AGA×4265, CTA×943, GAG×774, TAT×508, TAC×188, AAA×119, AAG×115, ACA×32, AGC×10, TTC×3, GGC×2, CAT×1, GGA×1"
465,nonsynonymous-only,0,1,15,7006,"S×3, C×2, K×2, R×2, Y×2, D×1, H×1, N×1, T×1","AAA×2580, AAG×2216, AGA×891, GAT×446, TCT×351, TAC×220, AAT×157, TGC×119, AGG×11, TAT×9, AGC×2, ACA×1, AGT×1, CAT×1, TGT×1"
466,nonsynonymous-only,0,1,18,6158,"E×2, G×2, S×2, Y×2, A×1, C×1, D×1, F×1, H×1, M×1, N×1, Q×1, T×1, W×1","ACG×2216, TCT×1636, TGG×943, GGA×443, AGC×351, CAG×332, TAC×78, ATG×48, GGC×40, TTC×28, TAT×23, GAA×10, AAT×3, GAG×2, TGT×2, CAT×1, GAT×1, GCG×1"
467,nonsynonymous-only,0,1,13,5767,"G×3, D×1, E×1, F×1, H×1, I×1, K×1, P×1, R×1, S×1, Y×1","CCA×2214, GAC×1406, GGA×945, AGA×446, GGT×351, CAC×231, GGG×89, TTT×40, AAG×28, GAG×10, TCA×4, ATA×2, TAT×1"
468,nonsynonymous-only,0,1,9,6253,"T×2, A×1, I×1, K×1, L×1, N×1, Q×1, V×1","AAA×2306, GTG×1637, CAG×943, AAT×883, GCG×444, TTA×28, ATT×10, ACA×1, ACG×1"
469,nonsynonymous-only,0,1,11,6213,"C×2, R×2, Y×2, D×1, H×1, K×1, L×1, S×1","AGC×2216, CGT×1637, CAC×939, TGC×843, TGT×444, AAG×117, GAC×10, CTC×4, AGA×1, TAC×1, TAT×1"
474,nonsynonymous-only,0,1,6,5391,"E×1, K×1, R×1, S×1, T×1, V×1","AGA×2669, AAA×1665, GAA×943, AGC×73, GTG×40, ACA×1"
475,nonsynonymous-only,0,1,6,2113,"R×2, S×2, D×1, Y×1","AGA×1637, CGT×351, AGT×113, AGC×10, GAT×1, TAT×1"
476,nonsynonymous-only,0,1,8,2536,"L×2, A×1, F×1, G×1, I×1, S×1, T×1","TTT×1711, ATT×433, GCT×351, CTT×27, ACT×10, CTC×2, GGC×1, TCC×1"
477,nonsynonymous-only,0,1,13,2949,"L×3, G×2, A×1, F×1, K×1, P×1, R×1, S×1, T×1, Y×1","ACA×1638, TTC×412, CTA×387, AAG×351, GGA×76, GCG×40, CTC×21, AGA×10, TCC×6, GGT×3, CCA×2, TAT×2, TTA×1"
478,nonsynonymous-only,0,1,9,2942,"I×3, L×3, F×1, M×1, Y×1","ATT×2392, CTT×351, ATC×76, TAT×48, CTC×40, ATG×21, TTT×7, ATA×6, TTA×1"
479,nonsynonymous-only,0,1,12,2942,"G×3, S×2, D×1, F×1, I×1, L×1, N×1, T×1, Y×1","GGT×2321, AAC×414, AGT×116, ACC×48, ATT×23, TTT×7, GAT×5, TAT×3, CTT×2, GGA×1, GGG×1, TCC×1"
480,nonsynonymous-only,0,1,13,2936,"S×2, Y×2, C×1, D×1, F×1, G×1, H×1, I×1, L×1, R×1, V×1","CAC×1637, TTT×765, TAT×340, AGA×72, ATC×48, AGT×40, TGT×21, TAC×6, GAT×2, TCT×2, GGA×1, GTC×1, TTG×1"
481,nonsynonymous-only,0,1,12,2938,"G×2, I×2, F×1, K×1, L×1, Q×1, S×1, T×1, V×1, Y×1","TCA×1988, AAA×414, GTG×340, CAA×70, GGA×48, GGT×40, ATA×21, TTT×10, TTG×3, TAT×2, ACT×1, ATT×1"
482,nonsynonymous-only,0,1,11,5604,"F×2, I×2, L×2, C×1, M×1, T×1, V×1, Y×1","ATT×3242, CTC×2204, TAT×72, TTT×40, ATG×21, CTT×12, TGT×6, ATA×3, ACT×2, GTT×1, TTC×1"
483,nonsynonymous-only,0,1,14,5605,"A×3, L×3, I×2, D×1, G×1, K×1, S×1, T×1, V×1","ATC×2216, GCT×1636, GAT×443, GGA×413, GCG×350, GTA×343, TTA×92, CTA×68, TTG×21, AAA×10, ATA×6, ACT×3, TCA×3, GCA×1"
484,nonsynonymous-only,0,1,15,5605,"C×2, N×2, R×2, S×2, V×2, D×1, F×1, L×1, P×1, Y×1","CGT×2213, TGC×1637, TTT×789, TTG×412, GTT×391, CCC×72, TCT×48, AAC×21, TAT×11, GAT×3, GTC×3, CGC×2, AAT×1, AGT×1, TGT×1"
485,nonsynonymous-only,0,1,11,5604,"T×3, I×2, V×2, A×1, F×1, H×1, L×1","GTC×2659, ATC×1195, GTT×453, GCT×444, CAT×351, ATT×340, TTT×72, ACC×48, ACA×21, ACT×11, CTT×10"
486,nonsynonymous-only,0,1,11,4468,"F×2, G×2, D×1, H×1, N×1, R×1, S×1, V×1, Y×1","GGT×2211, TTT×1709, GAC×443, GTT×40, AAT×24, CAT×21, GGA×15, TTC×2, AGA×1, AGT×1, TAT×1"
487,nonsynonymous-only,0,1,2,3,"V×1, Y×1","GTC×2, TAC×1"
491,nonsynonymous-only,0,1,2,4,"A×1, I×1","ATT×2, GCT×2"
492,nonsynonymous-only,0,1,2,3,"G×1, N×1","AAT×2, GGT×1"
494,nonsynonymous-only,0,1,2,3,"F×1, V×1","TTT×2, GTA×1"
495,nonsynonymous-only,0,1,2,3,"E×1, G×1","GAG×2, GGG×1"
496,nonsynonymous-only,0,1,2,3,"K×1, W×1","TGG×2, AAA×1"
497,nonsynonymous-only,0,1,2,3,"N×1, R×1","AGA×2, AAC×1"
498,nonsynonymous-only,0,1,2,3,"D×1, G×1","GAT×2, GGT×1"
499,nonsynonymous-only,0,1,5,71,"T×2, G×1, R×1, V×1","GGG×40, ACG×21, ACA×7, AGA×2, GTG×1"
500,nonsynonymous-only,0,1,5,72,"D×1, G×1, L×1, Q×1, R×1","CAG×40, GAT×28, AGA×2, GGG×1, TTA×1"
501,nonsynonymous-only,0,1,12,5874,"E×2, K×2, L×2, A×1, D×1, Q×1, R×1, V×1, W×1","AGG×2212, TTA×1637, GAG×843, AAA×481, GCG×431, TGG×188, CTA×40, GAT×24, GTG×12, AAG×4, CAG×1, GAA×1"
502,nonsynonymous-only,0,1,19,6699,"L×3, P×3, T×3, I×2, S×2, V×2, A×1, D×1, H×1, N×1","ACC×2215, ACT×1748, AAT×843, TCG×451, ATC×444, TCC×351, CCA×328, GTC×89, CCT×78, CCG×42, CTG×30, GTT×28, CAC×24, CTA×11, GAC×10, ACA×3, TTG×2, ATT×1, GCT×1"
503,nonsynonymous-only,0,1,12,6700,"I×2, E×1, G×1, K×1, M×1, N×1, P×1, R×1, S×1, T×1, V×1","ATA×2403, AAA×2129, ATG×843, ATT×443, CCA×412, AGA×353, GGA×112, AAC×1, ACC×1, GAA×1, GTA×1, TCA×1"
504,nonsynonymous-only,0,1,18,6586,"C×2, F×2, I×2, L×2, P×2, S×2, Y×2, D×1, N×1, R×1, V×1","TCC×2379, GTC×1635, TCT×862, TGT×855, TAT×352, TAC×295, GAT×89, CGC×30, CCC×24, TTG×24, TGC×14, TTT×11, CCT×10, ATC×2, AAT×1, ATT×1, TTA×1, TTC×1"
505,nonsynonymous-only,0,1,11,6095,"F×2, I×2, L×2, S×2, E×1, Q×1, V×1","ATA×2216, CAA×1637, CTA×844, TTT×731, ATC×443, GAA×187, TTC×24, GTA×10, AGT×1, CTT×1, TCT×1"
506,nonsynonymous-only,0,1,8,4521,"K×2, D×1, E×1, N×1, P×1, Q×1, R×1","AAA×2224, CAA×1497, AAC×467, AAG×187, GAA×134, GAT×10, AGA×1, CCG×1"
507,nonsynonymous-only,0,1,16,6228,"E×2, K×2, L×2, Q×2, S×2, A×1, C×1, I×1, M×1, N×1, V×1","AAC×2423, CAA×1637, TGC×843, CAG×438, TTG×412, AAA×335, GAA×73, GAG×40, GCG×10, CTG×5, AAG×4, AGC×4, AGT×1, ATA×1, ATG×1, GTG×1"
508,nonsynonymous-only,0,1,11,4634,"L×5, D×1, F×1, G×1, I×1, N×1, Y×1","CTT×2216, TAT×1637, TTA×443, GGT×187, AAT×72, ATT×64, TTG×10, TTC×2, CTC×1, CTG×1, GAT×1"
509,nonsynonymous-only,0,1,13,4635,"P×3, L×2, A×1, E×1, F×1, I×1, K×1, R×1, S×1, T×1","CCC×2225, CCT×1666, AAA×292, GAG×189, AGA×151, ATT×72, TTT×24, TCT×10, CTC×2, ACT×1, CCA×1, GCC×1, TTA×1"
510,nonsynonymous-only,0,1,3,113,"C×1, R×1, T×1","CGT×72, TGC×40, ACC×1"
513,synonymous-only,1,0,2,112,L×2,"CTA×72, TTA×40"
517,nonsynonymous-only,0,1,2,230,"Q×1, W×1","CAA×229, TGG×1"
523,nonsynonymous-only,0,1,2,41,"E×1, L×1","TTA×40, GAA×1"
524,nonsynonymous-only,0,1,5,47,"A×2, D×1, F×1, L×1","TTG×40, GCA×3, TTT×2, GAT×1, GCT×1"
525,nonsynonymous-only,0,1,4,45,"E×1, I×1, V×1, Y×1","GAA×40, GTT×3, ATT×1, TAT×1"
526,nonsynonymous-only,0,1,12,4951,"S×4, L×3, Y×2, C×1, F×1, P×1","TTA×2405, TCA×1640, TAC×443, TAT×412, CCA×40, TCG×3, TGC×3, CTG×1, TCC×1, TCT×1, TTC×1, TTG×1"
527,nonsynonymous-only,0,1,10,4951,"P×3, S×3, L×1, R×1, T×1, Y×1","TCT×3063, ACT×1827, TCA×40, TCC×11, CCT×3, TAT×3, CCA×1, CCC×1, CGT×1, TTA×1"
528,nonsynonymous-only,0,1,10,2638,"C×2, F×2, L×2, Y×2, G×1, R×1","TTC×1827, TGT×413, CGC×339, TTA×41, TTT×7, GGG×6, TGC×2, CTG×1, TAC×1, TAT×1"
529,nonsynonymous-only,0,1,2,191,"C×1, F×1","TTT×189, TGC×2"
530,synonymous-only,1,0,2,189,G×2,"GGG×183, GGT×6"
533,nonsynonymous-only,0,1,14,1515,"E×2, I×2, K×2, S×2, D×1, F×1, M×1, N×1, Q×1, R×1","AAG×413, GAT×351, CAA×339, CGT×189, TTC×93, ATA×48, AGT×40, ATC×28, AAC×6, GAA×3, AAA×2, AGC×1, ATG×1, GAG×1"
534,nonsynonymous-only,0,1,8,1470,"E×1, F×1, G×1, I×1, K×1, N×1, R×1, Y×1","AAA×984, GAA×355, TTT×90, AAC×36, GGG×2, AGG×1, ATA×1, TAT×1"
535,nonsynonymous-only,0,1,13,5825,"R×3, A×2, V×2, F×1, K×1, L×1, M×1, T×1, W×1","CGG×1814, AGG×1753, ATG×941, TGG×905, GCG×351, GCT×40, GTA×6, AAG×5, AGA×3, GTG×3, ACA×2, CTG×1, TTT×1"
536,nonsynonymous-only,0,1,16,5825,"G×2, S×2, A×1, E×1, H×1, I×1, K×1, L×1, M×1, N×1, Q×1, T×1, V×1, Y×1","TCA×2216, ACA×2058, AAA×536, TAT×531, TTA×351, GTA×48, ATA×40, CAA×21, GGG×9, GGA×5, GCA×3, AAT×2, ATG×2, AGT×1, CAT×1, GAA×1"
537,nonsynonymous-only,0,1,19,5827,"S×3, A×2, E×2, G×2, K×2, T×2, D×1, H×1, I×1, N×1, Q×1, V×1","AAT×2222, AAG×1878, GTT×443, GAA×429, GGG×411, TCT×351, CAA×40, TCA×28, ACA×10, CAC×4, GAG×2, GCA×2, AAA×1, ACG×1, ATC×1, GAC×1, GCG×1, GGT×1, TCG×1"
538,nonsynonymous-only,0,1,13,5827,"C×2, K×2, N×2, S×2, A×1, Q×1, T×1, V×1, Y×1","GCA×2304, ACA×1678, AAA×538, TGT×443, AAT×414, GTA×351, AGT×49, AAG×40, AAC×6, CAG×1, TAT×1, TCA×1, TGC×1"
539,nonsynonymous-only,0,1,12,5392,"T×3, G×2, I×2, A×1, E×1, K×1, P×1, S×1","ACG×2521, GCG×1434, CCG×443, ACA×411, GGA×349, GAA×189, AAA×28, ATC×9, ATA×3, ACT×2, GGT×2, TCG×1"
540,nonsynonymous-only,0,1,9,4431,"L×2, C×1, F×1, G×1, I×1, N×1, P×1, S×1","GGT×2218, AGT×1665, CTT×489, TTT×42, TGT×11, AAT×3, ATC×1, CCT×1, CTA×1"
541,nonsynonymous-only,0,1,11,4433,"R×3, G×2, N×2, S×2, C×1, T×1","TGC×2155, GGC×2139, AGG×89, TCA×28, ACA×10, AGC×4, CGA×3, CGT×2, AAC×1, AAT×1, GGG×1"
542,nonsynonymous-only,0,1,12,6108,"L×2, N×2, C×1, F×1, H×1, I×1, K×1, P×1, R×1, Y×1","CAT×2216, TTT×2042, AAC×843, CTT×794, ATT×106, AAT×99, CTA×3, AAA×1, CCT×1, CGT×1, TAT×1, TGC×1"
543,nonsynonymous-only,0,1,8,5298,"C×1, D×1, G×1, H×1, N×1, R×1, W×1, Y×1","TGC×4323, TAC×843, GGC×89, GAT×28, CGC×10, CAT×3, AAC×1, TGG×1"
544,nonsynonymous-only,0,1,18,6553,"A×2, G×2, I×2, L×2, S×2, C×1, E×1, K×1, M×1, Q×1, T×1, V×1, Y×1","TCG×2216, GCG×1577, ATG×843, CTG×832, GGT×443, TCA×351, GTT×88, ACG×73, TTA×52, TGC×29, CAG×24, GAG×18, GGA×2, AAA×1, ATA×1, ATC×1, GCT×1, TAC×1"
545,nonsynonymous-only,0,1,16,7089,"S×3, L×2, N×2, R×2, C×1, D×1, F×1, G×1, I×1, V×1, Y×1","AAT×2051, CGC×1679, CTC×843, GTC×832, TGC×548, AGC×532, AAC×399, AGT×113, GAC×28, TAT×26, TTC×24, ATT×6, CTT×4, TCT×2, CGT×1, GGG×1"
546,nonsynonymous-only,0,1,14,6667,"A×2, F×2, L×2, S×2, D×1, H×1, P×1, T×1, V×1, Y×1","TTT×3271, GCT×1629, CCT×840, CTT×352, CAT×332, TAT×121, TTA×72, ACT×33, GAT×6, TTC×6, GTT×2, GCA×1, TCA×1, TCT×1"
547,nonsynonymous-only,0,1,14,5849,"S×3, I×2, C×1, G×1, K×1, L×1, N×1, R×1, V×1, W×1, Y×1","AGC×4455, TGG×813, GGC×230, TCT×112, AAT×89, GTT×48, TTG×30, TAT×28, AAA×24, TGT×10, AGT×5, ATA×3, ATT×1, CGC×1"
548,nonsynonymous-only,0,1,13,3822,"R×4, Q×2, S×2, F×1, G×1, K×1, N×1, P×1","GGC×1635, CAG×843, CGA×826, CGT×443, TCA×28, AAA×24, CCA×10, CAA×6, AAT×2, AGC×2, AGG×1, CGC×1, TTT×1"
549,nonsynonymous-only,0,1,11,4079,"R×2, A×1, E×1, G×1, N×1, P×1, Q×1, S×1, T×1, V×1","TCA×1637, GTA×843, ACA×832, GGA×443, CGA×220, CAA×89, CCA×10, GAA×2, AAT×1, AGA×1, GCA×1"
553,nonsynonymous-only,0,1,3,834,"G×1, M×1, V×1","ATG×832, GGA×1, GTT×1"
554,nonsynonymous-only,0,1,9,5261,"A×2, S×2, F×1, K×1, L×1, P×1, T×1","TCC×2617, GCC×1636, TTA×832, AAA×89, CCC×45, ACC×39, AGC×1, GCT×1, TTC×1"
555,nonsynonymous-only,0,1,7,6004,"R×3, E×1, G×1, L×1, S×1","CGA×3454, GGC×1637, AGC×832, AGA×50, GAA×29, CGT×1, CTT×1"
556,nonsynonymous-only,0,1,12,6104,"R×2, Y×2, A×1, D×1, F×1, I×1, L×1, S×1, V×1, W×1","TAT×2659, TTA×1637, TGG×843, GAT×832, GCT×88, GTT×29, TTT×10, CGT×2, AGT×1, ATT×1, CGA×1, TAC×1"
557,nonsynonymous-only,0,1,14,6104,"L×3, F×2, I×2, A×1, N×1, P×1, S×1, T×1, V×1, Y×1","TTT×3485, CCT×1632, CTC×841, GCT×84, AAT×28, CTT×11, CTA×10, ACT×5, ATC×2, GTA×2, ATT×1, TAT×1, TCT×1, TTC×1"
558,nonsynonymous-only,0,1,10,6146,"D×1, F×1, G×1, H×1, I×1, N×1, S×1, T×1, V×1, Y×1","ACT×2216, GTT×1409, AAT×1287, GGT×514, GAT×317, ATT×228, TAT×122, CAC×40, TTT×12, TCC×1"
559,nonsynonymous-only,0,1,17,6908,"L×3, S×3, C×2, F×2, E×1, H×1, I×1, K×1, Q×1, T×1, V×1","TTG×2216, ATT×1639, CTG×843, TTA×835, TTC×750, TGT×443, TTT×118, AAA×40, GTT×10, ACG×6, AGC×2, CAG×1, CAT×1, GAA×1, TCA×1, TCC×1, TGC×1"
560,nonsynonymous-only,0,1,7,2716,"K×2, R×2, C×1, G×1, Q×1","AGA×1683, CGA×483, AAA×421, GGA×85, AAG×40, TGC×3, CAA×1"
561,nonsynonymous-only,0,1,6,1150,"R×3, S×2, N×1","AAT×413, CGA×351, AGA×341, AGT×43, AGC×1, AGG×1"
562,nonsynonymous-only,0,1,9,5254,"I×2, S×2, A×1, K×1, N×1, T×1, W×1","ACC×2328, GCC×1656, AGC×777, ATC×420, TGG×40, ATA×25, AAC×6, AAG×1, AGT×1"
563,nonsynonymous-only,0,1,14,5329,"F×2, I×2, K×2, N×2, A×1, D×1, E×1, H×1, S×1, V×1","AAC×2217, ATT×1670, AAT×428, GTT×425, AAG×413, GAA×115, ATC×24, TTT×15, CAC×10, AAA×6, AGT×2, GAC×2, GCT×1, TTC×1"
564,nonsynonymous-only,0,1,16,5312,"N×2, S×2, C×1, D×1, E×1, F×1, G×1, I×1, K×1, Q×1, R×1, T×1, W×1, Y×1","TGG×2216, TTC×1637, GGC×442, GAA×428, ATT×350, AAT×179, AAA×24, AAC×13, CAG×12, TGC×3, AGC×2, AGG×2, ACT×1, AGT×1, GAT×1, TAC×1"
565,nonsynonymous-only,0,1,14,5211,"R×4, C×2, S×2, L×1, N×1, Q×1, V×1, W×1, Y×1","TGC×2558, CGC×1634, TGT×427, CGT×411, CGG×88, AGT×40, TGG×34, AGG×11, GTT×3, AAT×1, AGC×1, CAG×1, CTT×1, TAT×1"
566,nonsynonymous-only,0,1,10,4461,"A×1, C×1, F×1, I×1, K×1, L×1, R×1, T×1, V×1, W×1","ATT×3864, CGG×424, TTT×90, CTT×28, ACC×24, TGG×21, AAG×6, GTT×2, GCA×1, TGT×1"
567,nonsynonymous-only,0,1,11,4874,"D×2, K×2, L×2, F×1, G×1, M×1, R×1, S×1","GGA×2672, AGA×1753, ATG×411, AAG×24, AAA×6, GAC×2, TTC×2, CTG×1, GAT×1, TCA×1, TTA×1"
568,nonsynonymous-only,0,1,12,3241,"C×2, F×2, S×2, Y×2, I×1, K×1, L×1, Q×1","TTC×2218, TTT×445, TGT×412, TCC×118, CTT×24, TGC×10, ATT×6, TAT×3, AAA×2, CAA×1, TAC×1, TCG×1"
569,nonsynonymous-only,0,1,8,3529,"R×2, S×2, C×1, I×1, P×1, W×1","AGA×2671, CGA×843, TGT×6, AGT×4, TGG×2, AGC×1, ATT×1, CCG×1"
570,nonsynonymous-only,0,1,14,3967,"F×2, I×2, V×2, A×1, D×1, L×1, M×1, N×1, S×1, T×1, Y×1","AAC×2226, GTC×843, GTT×442, GCT×413, TTC×26, ATG×6, GAT×3, ATC×2, ACA×1, ATT×1, CTT×1, TAT×1, TCC×1, TTT×1"
572,nonsynonymous-only,0,1,7,774,"N×2, D×1, E×1, L×1, Q×1, S×1","GAA×412, GAT×345, CAA×10, AAC×3, AAT×2, AGT×1, TTA×1"
573,nonsynonymous-only,0,1,13,4303,"I×2, T×2, K×1, L×1, M×1, N×1, P×1, R×1, S×1, V×1, Y×1","TCT×1629, AAT×844, ACG×751, CCT×587, ATT×443, GTT×24, ATC×10, ATG×7, AGG×3, AAA×2, ACA×1, TAC×1, TTG×1"
574,nonsynonymous-only,0,1,14,4304,"A×3, K×2, T×2, E×1, G×1, H×1, I×1, N×1, R×1, V×1","GCA×2207, AAG×843, AAA×437, GTA×412, AGG×339, ACC×24, ACA×13, GCT×10, GAA×7, AAT×6, CAT×3, ATA×1, GCG×1, GGT×1"
575,nonsynonymous-only,0,1,9,4002,"A×1, E×1, G×1, I×1, K×1, M×1, N×1, R×1, Y×1","AAT×3062, ATG×443, GAA×412, GGA×40, GCT×24, TAT×10, AAA×7, AGA×3, ATA×1"
576,nonsynonymous-only,0,1,10,4947,"G×2, Y×2, C×1, D×1, K×1, N×1, R×1, S×1","TAT×3072, TGT×939, AAG×843, GAT×40, GGC×24, CGT×14, AGT×6, TAC×5, AAT×3, GGG×1"
577,nonsynonymous-only,0,1,13,4941,"D×2, G×2, I×2, S×2, Y×2, F×1, R×1, T×1","GGC×3150, AGG×843, ATC×452, GGA×443, TAC×24, TAT×10, AGC×6, GAC×5, ACT×3, TTC×2, AGT×1, ATT×1, GAT×1"
578,nonsynonymous-only,0,1,2,444,"K×1, Y×1","AAA×443, TAC×1"
581,nonsynonymous-only,0,1,15,4945,"G×3, L×3, D×2, I×2, A×1, M×1, N×1, R×1, T×1","CTT×2216, GGC×836, GAT×812, GCG×412, GGA×356, AGA×89, ATG×89, TTA×62, AAC×40, GAC×20, GGT×7, ATC×3, ACA×1, ATA×1, CTA×1"
582,nonsynonymous-only,0,1,15,4945,"I×3, A×2, G×2, V×2, E×1, K×1, M×1, N×1, R×1, S×1","ATC×2216, AGT×1290, AAT×443, GAA×413, GGT×366, GCG×84, GTG×40, ATG×31, ATA×24, GGC×18, AAA×10, GCA×5, ATT×2, GTA×2, AGG×1"
583,nonsynonymous-only,0,1,10,4499,"Q×2, F×1, G×1, I×1, K×1, M×1, T×1, V×1, Y×1","CAA×2216, CAG×871, AAA×857, TTC×412, TAC×89, ATT×40, GGA×10, GTT×2, ACC×1, ATG×1"
584,nonsynonymous-only,0,1,9,6139,"K×2, A×1, D×1, E×1, M×1, N×1, P×1, Y×1","GAA×2226, GCA×1637, AAA×1310, AAG×921, TAC×40, GAT×2, AAT×1, ATG×1, CCA×1"
585,nonsynonymous-only,0,1,16,6496,"P×4, L×3, F×2, A×1, I×1, M×1, R×1, T×1, V×1, Y×1","CTT×2219, CCC×1632, ATA×844, ACA×799, TTC×443, CTA×353, CGA×89, GCA×44, ATG×40, TAT×24, CCA×2, CCT×2, TTA×2, CCG×1, GTA×1, TTT×1"
586,nonsynonymous-only,0,1,14,6827,"L×3, S×3, F×2, I×2, P×2, A×1, W×1","TCG×2216, TTA×2127, GCT×853, TTC×832, TGG×443, TTG×190, CCA×89, CTA×41, CCT×24, TCA×5, ATT×3, TTT×2, ATA×1, TCC×1"
587,nonsynonymous-only,0,1,14,6315,"K×2, L×2, Q×2, R×2, E×1, F×1, N×1, P×1, S×1, T×1","AAA×3249, AAG×1631, GAA×843, CAG×198, CCG×140, TTC×89, TCA×88, TTA×29, ACA×27, AGG×10, CGA×6, CTG×3, AAT×1, CAA×1"
588,nonsynonymous-only,0,1,10,8120,"N×2, R×2, D×1, E×1, G×1, I×1, K×1, L×1","GAA×5707, AAA×1051, AAC×783, AGA×552, GGC×10, ATA×9, AAT×3, AGG×2, GAT×2, TTA×1"
589,nonsynonymous-only,0,1,16,7782,"D×2, E×2, Q×2, C×1, F×1, H×1, K×1, L×1, N×1, S×1, V×1, W×1, Y×1","GAG×2480, AAA×2253, AAT×1390, TTA×832, TAT×462, GTA×189, CAC×89, CAA×40, GAC×30, TTT×6, TGC×3, GAA×2, GAT×2, TGG×2, CAG×1, TCA×1"
590,nonsynonymous-only,0,1,18,7706,"S×4, L×3, F×2, Q×2, R×2, C×1, G×1, P×1, V×1, W×1","TTA×3105, CTG×1608, TCA×843, TGT×841, TTG×499, TTT×443, TCC×189, CGC×48, TTC×41, GGC×28, CAA×27, GTT×24, CGT×3, CCA×2, TCT×2, CAG×1, TCG×1, TGG×1"
591,nonsynonymous-only,0,1,20,7127,"S×4, V×4, I×3, L×2, A×1, F×1, G×1, N×1, Q×1, R×1, T×1","CAA×1637, GTT×1370, ATT×1315, GTC×880, ACT×832, GTG×452, CTT×340, TCT×189, AGC×88, ATA×7, TTA×6, AGA×2, ATC×2, AAC×1, AGT×1, GCT×1, GGA×1, GTA×1, TCA×1, TTC×1"
592,nonsynonymous-only,0,1,2,2,"G×1, V×1","GGC×1, GTC×1"
593,nonsynonymous-only,0,1,2,2,"I×1, L×1","ATA×1, CTC×1"
596,nonsynonymous-only,0,1,4,469,"C×1, E×1, K×1, L×1","TGT×443, AAA×24, GAA×1, TTG×1"
597,nonsynonymous-only,0,1,4,2671,"L×2, F×1, I×1","TTA×2226, TTC×443, ATC×1, CTA×1"
598,nonsynonymous-only,0,1,4,2671,"F×1, S×1, W×1, Y×1","TGG×2217, TCA×443, TAT×10, TTT×1"
599,synonymous-only,1,0,2,475,R×2,"CGA×465, CGT×10"
600,nonsynonymous-only,0,1,5,2695,"R×2, C×1, L×1, P×1","CCC×2216, TGT×443, TTG×25, CGC×10, CGT×1"
601,nonsynonymous-only,0,1,4,2694,"K×1, L×1, M×1, T×1","ACA×2240, AAA×443, ATG×10, CTG×1"
602,nonsynonymous-only,0,1,7,2696,"T×2, V×2, F×1, I×1, L×1","ATC×2009, CTC×443, ACC×231, ACT×10, GTC×1, GTT×1, TTC×1"
603,nonsynonymous-only,0,1,2,35,"L×1, Y×1","CTT×25, TAC×10"
606,nonsynonymous-only,0,1,5,49,"C×1, N×1, Q×1, R×1, Y×1","AAC×40, CAG×3, TAT×3, CGA×2, TGT×1"
607,nonsynonymous-only,0,1,9,3050,"C×1, D×1, E×1, H×1, I×1, K×1, N×1, S×1, Y×1","ATT×2216, AGT×414, AAT×345, AAA×64, TAT×4, GAA×3, GAT×2, CAT×1, TGT×1"
608,nonsynonymous-only,0,1,12,2710,"N×2, R×2, V×2, C×1, D×1, E×1, K×1, L×1, S×1","AGC×2216, AAC×411, CGC×40, AAT×25, TTA×7, AGA×3, GAA×3, AAA×1, GAC×1, GTA×1, GTC×1, TGC×1"
609,nonsynonymous-only,0,1,5,2242,"S×2, I×1, P×1, T×1","TCA×2215, ATC×24, ACA×1, CCT×1, TCT×1"
610,nonsynonymous-only,0,1,2,1234,"F×1, R×1","CGA×1233, TTC×1"
611,nonsynonymous-only,0,1,5,2684,"I×3, S×1, V×1","ATA×2216, ATT×257, ATC×186, GTG×24, TCA×1"
612,nonsynonymous-only,0,1,4,2686,"R×3, Y×1","CGC×2285, CGT×398, TAT×2, CGG×1"
613,nonsynonymous-only,0,1,4,448,"D×1, L×1, P×1, R×1","CGT×443, CCA×2, GAT×2, CTT×1"
614,nonsynonymous-only,0,1,11,2869,"L×3, F×2, S×2, C×1, N×1, R×1, W×1","TCG×2216, TTT×443, CTT×99, TGT×48, TTG×28, TTA×24, TTC×6, AGA×2, AAC×1, TCC×1, TGG×1"
615,nonsynonymous-only,0,1,13,4270,"N×2, S×2, A×1, C×1, D×1, F×1, G×1, I×1, K×1, L×1, V×1","AAT×2253, GGT×832, TGT×443, GCT×337, TTT×189, AGC×89, AGT×49, GTT×38, ATT×33, AAA×4, AAC×1, CTT×1, GAT×1"
616,nonsynonymous-only,0,1,13,4621,"C×2, D×2, G×2, H×1, K×1, N×1, R×1, S×1, T×1, Y×1","TAT×3075, CAT×412, GAC×362, AAT×345, GAT×129, GGC×122, AAA×89, GGA×67, AGA×10, TGT×6, AGT×2, ACC×1, TGC×1"
617,nonsynonymous-only,0,1,18,3645,"R×4, G×3, K×2, A×1, E×1, F×1, I×1, L×1, P×1, Q×1, T×1, W×1","AAA×1233, CGG×831, AGA×542, TTA×413, CGA×335, TGG×182, ATA×35, TTT×24, GAA×21, ACA×13, GGA×5, GGC×4, AGG×2, AAG×1, CAA×1, CCA×1, GCA×1, GGG×1"
618,nonsynonymous-only,0,1,10,7505,"I×2, K×2, E×1, G×1, R×1, S×1, T×1, V×1","ATT×3284, ACT×2081, AGT×838, AAA×712, AAG×412, GTT×89, GAA×51, ATC×29, AGA×6, GGA×3"
619,nonsynonymous-only,0,1,12,3863,"F×2, L×2, C×1, H×1, I×1, P×1, R×1, S×1, W×1, Y×1","TCA×1637, TTA×868, CCT×411, TGC×351, TAT×346, TTT×192, CGG×48, TTC×4, ATT×3, CAT×1, CTT×1, TGG×1"
620,nonsynonymous-only,0,1,13,3111,"L×4, F×2, I×2, D×1, K×1, N×1, S×1, T×1","ACA×1637, AAA×845, TTG×349, TTA×192, ATA×48, TTT×26, CTT×6, ATC×3, AAT×1, CTC×1, GAT×1, TCA×1, TTC×1"
621,nonsynonymous-only,0,1,4,207,"V×2, H×1, R×1","AGA×181, GTT×24, CAT×1, GTG×1"
622,nonsynonymous-only,0,1,3,26,"H×1, I×1, N×1","CAT×24, AAC×1, ATC×1"
623,nonsynonymous-only,0,1,2,25,"F×1, L×1","TTT×24, TTA×1"
636,nonsynonymous-only,0,1,2,25,"I×1, K×1","ATA×24, AAA×1"
637,nonsynonymous-only,0,1,3,2241,"D×1, F×1, V×1","GAT×2216, TTT×24, GTT×1"
638,nonsynonymous-only,0,1,4,2241,"G×2, S×1, V×1","GGC×2237, GTC×2, AGT×1, GGT×1"
639,nonsynonymous-only,0,1,3,2241,"H×1, Q×1, S×1","CAA×2216, TCT×24, CAC×1"
641,nonsynonymous-only,0,1,5,2684,"R×3, G×1, Y×1","CGT×1750, CGG×466, GGT×443, TAT×24, CGC×1"
642,nonsynonymous-only,0,1,3,2660,"C×1, H×1, Q×1","CAT×2216, TGC×443, CAA×1"
643,nonsynonymous-only,0,1,5,2684,"D×2, A×1, N×1, P×1","GAC×2216, AAC×443, CCT×23, GAT×1, GCT×1"
644,nonsynonymous-only,0,1,5,2660,"S×2, A×1, M×1, T×1","TCG×2161, ACG×437, TCA×55, ATG×6, GCT×1"
645,nonsynonymous-only,0,1,4,469,"E×1, G×1, M×1, R×1","GGA×442, CGT×25, ATG×1, GAA×1"
646,nonsynonymous-only,0,1,2,444,"K×1, S×1","AAG×443, AGT×1"
655,nonsynonymous-only,0,1,6,3186,"A×1, F×1, I×1, L×1, S×1, T×1","TCC×2216, GCT×943, ATT×24, ACG×1, TTA×1, TTT×1"
656,nonsynonymous-only,0,1,7,3377,"S×2, A×1, C×1, L×1, V×1, Y×1","TCA×2216, TGC×943, TAC×190, TCT×24, GCA×2, GTA×1, TTG×1"
657,nonsynonymous-only,0,1,13,5131,"H×2, K×2, N×2, R×2, F×1, G×1, Q×1, S×1, Y×1","TAT×2215, CAT×1016, AAT×843, CGT×443, TTT×375, AAA×186, CAG×40, AAC×7, AGA×2, AAG×1, AGT×1, CAC×1, GGC×1"
658,nonsynonymous-only,0,1,12,2424,"G×2, I×2, E×1, F×1, K×1, L×1, Q×1, R×1, T×1, Y×1","GAA×948, AAA×718, ATA×411, AGA×189, ACA×113, TTT×24, TAC×10, GGA×4, CAA×2, GGG×2, TTA×2, ATC×1"
659,nonsynonymous-only,0,1,12,5918,"I×2, K×2, R×2, S×2, T×2, E×1, M×1","ACA×2241, ACG×1096, AAA×848, AAG×761, ATA×443, GAG×352, AGA×73, ATG×42, AGG×40, AGC×17, AGT×4, ATT×1"
660,nonsynonymous-only,0,1,12,2668,"R×4, K×2, C×1, Q×1, S×1, T×1, W×1, Y×1","CGG×943, CAA×764, TGG×464, AGA×339, AGG×113, ACG×24, TAT×6, TGT×6, AAA×4, AAG×3, AGT×1, CGT×1"
661,nonsynonymous-only,0,1,13,5909,"G×2, K×2, L×2, R×2, E×1, I×1, M×1, S×1, T×1","AAA×2312, ACA×943, ATG×846, AGA×444, TTA×417, TTG×361, GGC×349, ATC×189, AAG×40, CGA×4, GGG×2, GAA×1, TCA×1"
662,nonsynonymous-only,0,1,10,5476,"K×2, N×2, D×1, E×1, H×1, R×1, T×1, V×1","AAA×3910, GAT×843, ACG×412, GAA×189, AAC×73, CAT×24, AGA×21, AAG×2, AAT×1, GTC×1"
663,nonsynonymous-only,0,1,14,5375,"T×4, G×2, I×2, F×1, K×1, L×1, N×1, R×1, S×1","AGA×2218, ACG×923, GGA×843, ATT×755, ACT×349, AAA×192, AAT×40, TTT×27, ACA×20, AGT×3, ACC×2, ATC×1, CTT×1, GGC×1"
664,nonsynonymous-only,0,1,13,3989,"T×4, I×2, L×2, F×1, M×1, S×1, V×1, W×1","ACC×2216, TCC×938, ATG×414, ACG×339, CTA×40, GTC×24, TTC×5, ACA×4, ATC×3, ACT×2, TGG×2, ATT×1, TTA×1"
665,nonsynonymous-only,0,1,13,3982,"K×2, L×2, S×2, F×1, G×1, N×1, P×1, Q×1, R×1, W×1","TTT×2216, CTT×943, CTA×411, CGT×337, AAT×40, AAA×25, AAG×3, GGT×2, AGT×1, CAG×1, CCA×1, TCT×1, TGG×1"
666,nonsynonymous-only,0,1,10,3642,"N×2, S×2, C×1, F×1, K×1, R×1, T×1, W×1","CGA×2216, AAC×925, AGT×412, AAA×43, TGC×40, TTC×2, AAT×1, ACA×1, TCT×1, TGG×1"
667,nonsynonymous-only,0,1,10,3982,"I×2, A×1, K×1, L×1, M×1, P×1, R×1, S×1, W×1","ATT×3159, TTG×412, TGG×340, AAG×40, ATC×24, AGG×2, ATG×2, CCT×1, GCT×1, TCA×1"
668,nonsynonymous-only,0,1,7,3037,"A×1, E×1, H×1, K×1, Q×1, R×1, T×1","GAA×2186, CAT×411, CAG×380, AAA×33, GCT×24, ACA×2, CGT×1"
671,nonsynonymous-only,0,1,8,798,"N×2, A×1, E×1, F×1, K×1, L×1, R×1","AAG×412, GAA×340, CGA×40, TTT×2, AAC×1, AAT×1, GCG×1, TTA×1"
672,nonsynonymous-only,0,1,6,797,"D×1, L×1, N×1, Q×1, T×1, Y×1","TAT×412, AAT×342, TTG×40, ACC×1, CAG×1, GAT×1"
673,nonsynonymous-only,0,1,7,798,"S×2, K×1, L×1, N×1, R×1, V×1","TCT×412, AGT×340, CGT×40, TTG×3, AAA×1, AAT×1, GTT×1"
674,nonsynonymous-only,0,1,12,4071,"I×2, R×2, Y×2, K×1, L×1, N×1, P×1, Q×1, V×1","CGC×2189, TAT×865, TTG×412, CAA×340, ATT×189, AAT×40, CGT×28, CCT×3, TAC×2, AAA×1, ATA×1, GTG×1"
675,nonsynonymous-only,0,1,13,6550,"I×3, T×3, A×2, S×2, D×1, N×1, V×1","ACC×3058, GAT×1637, GCT×833, AGT×412, AAT×350, GTC×189, ATT×40, ATC×25, GCA×2, ACA×1, ACT×1, ATA×1, TCT×1"
676,nonsynonymous-only,0,1,11,5888,"A×2, I×2, K×2, G×1, L×1, N×1, R×1, T×1","AAA×3265, GGA×983, AGG×843, ACG×443, ATA×342, AAG×6, ATT×2, AAT×1, GCA×1, GCG×1, TTA×1"
677,nonsynonymous-only,0,1,15,7946,"G×2, L×2, R×2, T×2, A×1, E×1, I×1, K×1, M×1, N×1, V×1","ATG×2659, GTA×1637, ACA×1183, AGA×941, CTA×722, GGG×411, AGG×191, TTA×122, ATA×41, AAA×24, GCG×6, GAA×5, ACG×2, AAT×1, GGA×1"
678,nonsynonymous-only,0,1,10,6979,"D×2, E×2, I×2, K×1, R×1, T×1, V×1","AAA×2985, ATT×1636, GAA×1020, ATA×832, GAC×425, AGA×45, GAT×18, GTA×11, GAG×6, ACT×1"
679,nonsynonymous-only,0,1,13,5442,"L×3, S×2, T×2, V×2, F×1, G×1, K×1, M×1","TTC×2216, ATG×1284, GTG×1263, ACA×411, TCA×193, TTA×40, CTA×10, GTA×9, TTG×7, AAG×6, ACG×1, GGT×1, TCG×1"
680,nonsynonymous-only,0,1,16,7078,"A×3, I×3, T×3, C×1, H×1, M×1, N×1, P×1, Q×1, S×1","ACG×2556, ATC×1636, AGC×936, GCG×831, ACT×443, CCT×412, ACA×190, GCT×41, ATT×14, AAC×7, CAA×6, ATA×2, ATG×1, CAC×1, GCA×1, TGC×1"
681,nonsynonymous-only,0,1,7,997,"I×2, A×1, F×1, K×1, M×1, T×1","TTT×412, ATG×341, AAA×230, ATA×7, ACC×4, GCT×2, ATT×1"
682,nonsynonymous-only,0,1,10,997,"I×3, V×2, D×1, G×1, L×1, R×1, T×1","ATT×350, ATC×335, GAT×189, GTT×65, ATA×47, AGA×6, GGA×2, ACA×1, CTC×1, GTG×1"
683,nonsynonymous-only,0,1,5,391,"H×1, K×1, Q×1, R×1, S×1","CAT×342, CAA×40, AGT×6, AGA×2, AAA×1"
684,nonsynonymous-only,0,1,4,47,"A×1, F×1, N×1, Y×1","GCA×40, TTT×4, TAT×2, AAT×1"
685,nonsynonymous-only,0,1,3,46,"F×1, I×1, P×1","TTC×40, ATC×4, CCC×2"
686,nonsynonymous-only,0,1,3,46,"M×1, R×1, S×1","ATG×40, CGG×4, TCA×2"
687,nonsynonymous-only,0,1,3,46,"I×1, T×1, W×1","ACT×40, TGG×4, ATC×2"
688,nonsynonymous-only,0,1,3,46,"G×1, P×1, R×1","CCT×40, AGA×4, GGT×2"
689,nonsynonymous-only,0,1,2,46,"I×1, K×1","ATT×40, AAA×6"
690,nonsynonymous-only,0,1,3,46,"T×2, S×1","TCT×40, ACA×4, ACG×2"
693,nonsynonymous-only,0,1,2,191,"A×1, N×1","AAT×189, GCT×2"
694,nonsynonymous-only,0,1,9,5844,"I×2, L×2, V×2, A×1, K×1, M×1","GCG×3157, ATG×1641, CTT×351, ATT×348, TTA×189, ATA×122, GTT×30, GTG×4, AAG×2"
695,nonsynonymous-only,0,1,11,6172,"L×4, F×2, I×1, P×1, S×1, T×1, V×1","CCT×2579, CTG×2140, TTT×1104, TTG×265, ACT×40, CTT×37, ATC×3, GTT×1, TCG×1, TTA×1, TTC×1"
696,nonsynonymous-only,0,1,13,5454,"L×3, V×3, C×1, G×1, H×1, K×1, Q×1, R×1, Y×1","CGT×2326, TGT×1290, TAT×838, CAA×412, CTT×342, GGA×88, CAT×83, CTG×40, GTG×28, TTG×3, AAA×2, GTA×1, GTT×1"
697,nonsynonymous-only,0,1,13,6156,"L×4, R×3, Q×2, S×2, P×1, W×1","TTA×2071, TTG×1868, CCG×798, TGG×756, CTC×351, CGA×191, CAA×40, CGG×29, TCA×28, CAG×10, CTG×6, AGA×4, TCG×4"
698,nonsynonymous-only,0,1,12,4569,"L×5, S×3, F×2, I×1, N×1","TCT×2216, TCC×826, TCA×628, CTA×451, CTT×342, TTT×77, TTA×12, AAT×6, TTC×6, CTC×3, ATT×1, TTG×1"
699,nonsynonymous-only,0,1,10,7076,"L×3, F×2, H×1, I×1, P×1, S×1, V×1","TTT×3172, GTC×1637, TTC×1383, CCT×832, TCT×40, TTG×4, CAC×3, CTT×3, ATC×1, TTA×1"
700,nonsynonymous-only,0,1,13,3757,"C×1, D×1, E×1, F×1, G×1, I×1, M×1, N×1, P×1, R×1, S×1, V×1, Y×1","AAT×2240, TTT×415, TAT×352, TGC×342, ATG×189, CCA×117, AGA×48, GGT×40, ATA×6, GTT×4, GAT×2, AGT×1, GAA×1"
701,nonsynonymous-only,0,1,16,3760,"L×4, D×2, G×2, S×2, F×1, I×1, N×1, P×1, T×1, V×1","AAT×2222, GGT×351, TCA×351, CTT×340, GAC×189, GTC×117, GGC×61, ACT×48, CTA×40, GAT×24, TTT×5, TCT×4, CCC×3, ATT×2, TTA×2, CTC×1"
702,nonsynonymous-only,0,1,11,3760,"I×3, F×1, L×1, M×1, P×1, Q×1, S×1, T×1, V×1","ATC×2223, ATA×539, ACA×352, GTT×336, CCA×152, ATT×88, CAA×37, TCA×24, TTT×6, CTA×2, ATG×1"
703,nonsynonymous-only,0,1,12,3700,"I×3, R×2, S×2, V×2, D×1, F×1, Q×1","CGC×2215, AGT×694, GTT×412, AGC×188, TTT×89, GTA×40, ATA×28, CAA×24, ATT×6, GAT×2, ATC×1, CGT×1"
704,nonsynonymous-only,0,1,13,3654,"L×3, R×3, A×1, C×1, F×1, K×1, S×1, T×1, W×1","ACT×2216, TGC×586, AGA×351, TTG×189, CGC×143, TTT×48, CTG×40, TGG×28, AGC×25, GCT×24, CTA×2, AAA×1, AGG×1"
705,nonsynonymous-only,0,1,7,745,"G×2, A×1, E×1, K×1, S×1, T×1","GCA×351, TCA×189, GGG×88, AAA×48, GGA×40, ACA×28, GAG×1"
709,nonsynonymous-only,0,1,2,391,"S×1, V×1","TCG×351, GTG×40"
710,nonsynonymous-only,0,1,3,391,"D×2, C×1","TGT×351, GAT×33, GAC×7"
711,nonsynonymous-only,0,1,4,466,"K×1, R×1, S×1, T×1","CGC×303, AAA×72, AGC×48, ACC×43"
712,nonsynonymous-only,0,1,11,1228,"L×4, F×2, R×2, V×2, Y×1","TTT×411, TTG×351, CTT×284, GTT×72, CTA×62, GTG×40, CGC×3, CTC×2, CGG×1, TAT×1, TTC×1"
713,nonsynonymous-only,0,1,6,474,"C×1, D×1, F×1, H×1, L×1, R×1","GAT×351, CAT×76, TGT×40, CGA×5, CTT×1, TTT×1"
714,nonsynonymous-only,0,1,3,464,"A×1, L×1, Q×1","GCA×352, CAA×72, CTA×40"
715,nonsynonymous-only,0,1,15,5947,"S×3, A×2, F×2, L×2, C×1, I×1, K×1, Q×1, T×1, W×1","AAA×2227, TTT×1828, TTC×412, TCA×367, TTA×357, ACT×344, ATT×124, TCT×89, TTG×88, TGG×72, TGT×28, CAA×6, GCT×3, GCA×1, TCC×1"
716,nonsynonymous-only,0,1,20,6778,"V×4, L×3, E×2, G×2, K×2, A×1, I×1, M×1, R×1, S×1, T×1, W×1","GGG×2216, AGA×1730, GAG×832, ACG×463, CTA×412, TGG×351, AAG×342, GGA×228, GTC×72, CTG×48, GTT×40, GTA×24, ATG×7, AAA×5, ATA×2, TCG×2, GAA×1, GCG×1, GTG×1, TTA×1"
717,nonsynonymous-only,0,1,14,4577,"R×3, L×2, Q×2, S×2, E×1, G×1, K×1, T×1, Y×1","CGA×2217, CGG×843, TAT×832, AAA×480, CAA×97, GAA×54, GGA×40, AGA×4, TCA×3, TTA×3, ACG×1, AGC×1, CAG×1, CTT×1"
718,nonsynonymous-only,0,1,20,7629,"L×4, T×4, A×2, V×2, C×1, I×1, K×1, M×1, N×1, P×1, R×1, S×1","ACT×5147, ATT×845, CCT×745, GTA×311, ACC×174, GTT×89, CGC×72, CTA×54, TGT×40, CTT×38, GCA×31, AAT×29, ACA×27, GCC×7, TTA×7, TTG×6, ATG×3, AAA×2, ACG×1, TCT×1"
719,nonsynonymous-only,0,1,16,6709,"L×5, I×3, V×3, F×2, S×2, T×1","TTT×3908, GTA×1635, TTG×377, ACG×351, ATT×245, GTG×89, CTG×68, TTC×21, ATC×3, TCT×3, ATA×2, CTA×2, CTT×2, AGT×1, GTT×1, TTA×1"
720,nonsynonymous-only,0,1,10,4630,"L×3, C×1, F×1, I×1, K×1, Q×1, R×1, Y×1","TTA×3054, AAG×843, TGC×351, CTC×189, CGA×83, TTG×40, CAA×31, TTT×24, TAT×14, ATC×1"
721,nonsynonymous-only,0,1,9,702,"L×3, I×1, P×1, Q×1, S×1, V×1, W×1","ATT×349, TGG×189, TCG×89, CTG×40, CCA×28, TTA×3, GTT×2, CAA×1, CTT×1"
722,nonsynonymous-only,0,1,5,122,"S×2, F×1, G×1, K×1","AGC×89, TTT×28, GGA×3, AAA×1, AGT×1"
723,nonsynonymous-only,0,1,5,122,"I×1, P×1, S×1, T×1, V×1","GTA×89, AGT×28, ACC×3, ATA×1, CCA×1"
724,nonsynonymous-only,0,1,2,4,"H×1, S×1","AGT×3, CAT×1"
725,nonsynonymous-only,0,1,2,117,"L×1, S×1","TCA×73, TTA×44"
726,nonsynonymous-only,0,1,3,5,"F×1, L×1, V×1","TTT×3, CTC×1, GTC×1"
728,nonsynonymous-only,0,1,3,10,"L×2, I×1","CTG×6, TTG×3, ATA×1"
729,nonsynonymous-only,0,1,13,5602,"S×3, H×2, R×2, A×1, C×1, E×1, K×1, Q×1, Y×1","CGC×2241, TAT×2079, TCA×744, CGT×317, TGC×113, TCG×89, CAC×6, CAT×5, TCT×4, AAG×1, CAA×1, GAA×1, GCA×1"
730,nonsynonymous-only,0,1,14,6562,"I×2, L×2, N×2, T×2, A×1, D×1, F×1, H×1, P×1, V×1","CTT×3058, GTC×1637, GCC×832, AAC×412, ACT×344, ACC×189, ATT×48, TTT×27, AAT×9, GAC×2, ATC×1, CAT×1, CCT×1, CTA×1"
731,nonsynonymous-only,0,1,13,6185,"R×3, C×2, G×2, F×1, H×1, L×1, N×1, S×1, Y×1","TGC×2216, AGA×1637, CAT×843, AGT×799, TTC×413, CGA×189, CGC×40, GGT×34, TTA×6, TAT×5, AAT×1, GGA×1, TGT×1"
732,nonsynonymous-only,0,1,11,6527,"L×3, F×2, V×2, C×1, N×1, Q×1, S×1","TTC×2223, GTT×1637, TTG×843, CTT×831, TCT×412, TTT×385, TTA×189, GTC×4, AAC×1, CAA×1, TGT×1"
733,nonsynonymous-only,0,1,13,4044,"R×3, F×2, A×1, C×1, G×1, K×1, M×1, Q×1, W×1, Y×1","AAG×2184, AGG×832, TAC×753, ATG×189, GCT×40, CAG×32, CGT×6, TGC×3, CGA×1, GGA×1, TGG×1, TTC×1, TTT×1"
734,nonsynonymous-only,0,1,9,654,"R×2, A×1, F×1, H×1, L×1, N×1, T×1, Y×1","CAC×412, CGA×185, ACT×39, TAT×7, CGC×5, TTT×3, AAT×1, GCT×1, TTA×1"
735,nonsynonymous-only,0,1,8,804,"L×2, R×2, Y×2, C×1, S×1","TCC×412, CGT×339, CTA×40, TTG×6, TAC×3, TGT×2, CGC×1, TAT×1"
736,nonsynonymous-only,0,1,5,795,"Q×2, C×1, R×1, Y×1","CAA×412, CGT×304, TAC×40, TGT×38, CAG×1"
737,nonsynonymous-only,0,1,5,795,"D×2, N×1, V×1, Y×1","GAT×412, GAC×341, AAT×40, GTT×1, TAC×1"
738,nonsynonymous-only,0,1,4,794,"A×1, D×1, I×1, V×1","ATT×451, GCT×237, GTT×66, GAT×40"
739,nonsynonymous-only,0,1,5,794,"E×1, K×1, N×1, S×1, W×1","AGC×412, AAG×322, TGG×40, GAG×19, AAT×1"
740,nonsynonymous-only,0,1,3,382,"S×2, F×1","TTT×318, TCC×40, TCT×24"
742,nonsynonymous-only,0,1,2,41,"A×1, R×1","AGG×40, GCC×1"
743,nonsynonymous-only,0,1,11,3476,"V×3, A×2, E×1, I×1, M×1, S×1, T×1, Y×1","TCG×2216, GTG×714, GTT×411, ACA×112, ATA×9, ATG×8, GCA×2, GAA×1, GCT×1, GTA×1, TAC×1"
744,nonsynonymous-only,0,1,10,3502,"G×2, S×2, D×1, E×1, K×1, N×1, V×1, Y×1","GAA×2204, GAC×776, AAA×353, AGC×74, AGT×40, AAC×32, GGA×12, TAT×6, GGC×4, GTA×1"
745,nonsynonymous-only,0,1,6,3406,"L×3, F×1, P×1, Q×1","TTA×2245, TTG×761, CTA×356, TTT×40, CAA×3, CCA×1"
746,nonsynonymous-only,0,1,9,2301,"L×2, A×1, E×1, F×1, P×1, Q×1, S×1, V×1","TCA×2216, CAA×47, GCA×25, TTC×6, GAA×3, CCA×1, CTT×1, GTA×1, TTA×1"
747,nonsynonymous-only,0,1,9,2638,"R×2, V×2, A×1, C×1, I×1, Q×1, T×1","GTA×2241, CGA×318, TGC×40, CAA×24, AGA×7, ATT×3, GCG×3, ACA×1, GTG×1"
748,nonsynonymous-only,0,1,11,3552,"L×3, C×1, G×1, K×1, N×1, S×1, V×1, W×1, Y×1","TTG×1467, TGG×843, TCG×749, TGT×412, CTT×40, TTA×26, AAT×7, AAA×3, GTT×3, GGT×1, TAT×1"
749,nonsynonymous-only,0,1,10,3137,"R×3, C×1, G×1, K×1, P×1, Q×1, S×1, W×1","CGA×2217, CCG×842, CGG×40, AAA×25, GGA×6, CAG×3, AGG×1, TCG×1, TGG×1, TGT×1"
750,nonsynonymous-only,0,1,11,3140,"D×2, G×2, L×2, E×1, F×1, I×1, K×1, T×1","TTG×3059, GGG×40, ATT×24, GAA×6, ACC×4, GGT×2, AAG×1, CTG×1, GAC×1, GAT×1, TTT×1"
751,nonsynonymous-only,0,1,10,3141,"L×2, A×1, C×1, F×1, R×1, S×1, V×1, W×1, Y×1","TCC×2216, TAT×841, CGT×40, TTT×25, GTT×9, CTG×4, TGT×3, CTA×1, GCT×1, TGG×1"
752,nonsynonymous-only,0,1,7,3204,"F×2, S×2, I×1, L×1, W×1","TTT×2217, ATC×843, TCA×72, TGG×41, TCT×26, TTG×4, TTC×1"
753,synonymous-only,1,0,4,3061,L×4,"CTC×2216, CTT×843, TTA×1, TTG×1"
756,nonsynonymous-only,0,1,6,3065,"E×1, F×1, L×1, P×1, S×1, Y×1","TTC×2216, TCC×843, CTC×3, CCC×1, GAG×1, TAC×1"
757,nonsynonymous-only,0,1,6,3066,"N×2, E×1, H×1, K×1, V×1","AAC×2209, AAT×843, AAA×8, GTG×4, CAT×1, GAG×1"
758,nonsynonymous-only,0,1,10,4119,"R×3, G×1, K×1, M×1, N×1, Q×1, S×1, T×1","AGG×2216, AAA×941, AAT×843, CAA×72, CGA×38, ATG×4, AGA×2, ACG×1, AGC×1, GGT×1"
759,nonsynonymous-only,0,1,6,4121,"I×2, C×1, N×1, S×1, T×1","ATT×2217, AAT×947, AGT×844, ACC×72, ATC×40, TGC×1"
760,nonsynonymous-only,0,1,12,4112,"L×3, Y×2, G×1, I×1, M×1, P×1, T×1, V×1, W×1","CCA×2216, CTG×938, TTA×832, GGC×72, ACT×40, ATG×6, TAC×3, ATA×1, GTT×1, TAT×1, TGG×1, TTG×1"
761,nonsynonymous-only,0,1,14,4112,"A×2, E×2, R×2, S×2, D×1, I×1, K×1, P×1, W×1, Y×1","GAA×2187, GAC×831, CCA×684, TCA×259, AGG×72, CGG×40, AAA×29, ATA×2, GAG×2, GCA×2, AGT×1, GCT×1, TAT×1, TGG×1"
762,nonsynonymous-only,0,1,16,5682,"S×4, I×2, A×1, C×1, E×1, F×1, G×1, K×1, L×1, R×1, T×1, V×1","ACA×2216, AGA×1384, GCC×832, TTT×412, ATA×355, GTA×342, AGC×72, TGC×40, GGA×10, GAG×6, AAA×3, ATT×3, CTA×3, TCA×2, AGT×1, TCT×1"
763,nonsynonymous-only,0,1,13,5611,"S×3, F×2, L×2, T×2, D×1, H×1, N×1, Y×1","AAT×3492, AGT×943, TTT×806, TAT×344, GAT×10, CAT×6, CTG×3, ACT×2, ACA×1, AGC×1, TCA×1, TTC×1, TTG×1"
764,nonsynonymous-only,0,1,15,3036,"K×2, L×2, C×1, E×1, F×1, H×1, I×1, Q×1, R×1, S×1, V×1, W×1, Y×1","TGG×971, CAT×832, CAA×446, AAG×411, CGA×314, TGC×40, TTA×10, TAC×3, TCA×3, AAA×1, ATA×1, GAG×1, GTA×1, TTG×1, TTT×1"
765,nonsynonymous-only,0,1,13,4265,"R×3, K×2, L×2, A×1, G×1, P×1, Q×1, S×1, W×1","CAA×968, CGA×844, CGG×831, TTA×444, TGG×416, TCG×390, AGG×304, AAG×47, AAA×10, TTG×6, GCG×3, CCA×1, GGG×1"
766,nonsynonymous-only,0,1,16,5148,"T×3, E×2, G×2, N×2, S×2, D×1, H×1, I×1, V×1, Y×1","AAC×2217, AAT×1148, ACC×842, GAA×842, TAC×48, ACA×22, CAT×6, ACG×4, AGT×4, AGC×3, GAG×3, GGT×3, GAT×2, GGC×2, ATT×1, GTA×1"
767,nonsynonymous-only,0,1,11,3103,"F×2, I×2, L×2, S×2, A×1, W×1, Y×1","TCA×2336, TTA×353, ATC×351, TCG×40, TTC×10, ATA×4, TGG×3, TTG×3, GCA×1, TAT×1, TTT×1"
768,nonsynonymous-only,0,1,4,2560,"P×1, T×1, V×1, Y×1","GTC×2216, TAC×342, ACT×1, CCC×1"
769,nonsynonymous-only,0,1,3,344,"A×1, G×1, I×1","GCC×342, ATT×1, GGC×1"
770,nonsynonymous-only,0,1,3,343,"D×1, E×1, N×1","GAT×341, AAT×1, GAG×1"
771,nonsynonymous-only,0,1,3,349,"S×2, N×1","AGC×342, AGT×6, AAC×1"
772,nonsynonymous-only,0,1,5,353,"H×1, K×1, N×1, P×1, Y×1","CAT×342, TAT×6, AAT×3, AAA×1, CCT×1"
773,nonsynonymous-only,0,1,4,353,"F×1, I×1, L×1, T×1","ATT×343, ACT×6, TTT×3, CTC×1"
774,nonsynonymous-only,0,1,2,9,"S×1, W×1","TCC×6, TGG×3"
775,synonymous-only,1,0,2,9,N×2,"AAC×6, AAT×3"
776,nonsynonymous-only,0,1,2,9,"A×1, I×1","ATA×6, GCT×3"
778,nonsynonymous-only,0,1,6,2579,"C×1, E×1, G×1, L×1, N×1, R×1","AAC×2216, TGC×351, GGA×6, TTA×3, AGA×2, GAA×1"
779,nonsynonymous-only,0,1,4,2573,"F×1, I×1, P×1, V×1","GTT×2215, TTT×351, CCA×6, ATT×1"
780,nonsynonymous-only,0,1,4,2574,"L×2, I×1, S×1","AGC×2216, CTT×351, TTA×6, ATT×1"
781,nonsynonymous-only,0,1,6,2687,"E×2, A×1, K×1, T×1, V×1","GCA×2567, GAG×72, GAA×40, ACA×6, AAA×1, GTT×1"
782,nonsynonymous-only,0,1,10,4277,"S×3, C×1, F×1, I×1, L×1, N×1, P×1, V×1","ATT×2628, TTT×835, CCG×351, TGT×342, GTA×72, TTA×40, TCT×6, AAT×1, TCA×1, TCC×1"
783,nonsynonymous-only,0,1,9,4231,"L×3, S×2, F×1, H×1, I×1, Y×1","TCC×2216, TAT×832, TTT×782, TTA×391, TTG×6, ATT×1, CAC×1, CTA×1, TCG×1"
784,nonsynonymous-only,0,1,10,3882,"T×2, D×1, E×1, G×1, I×1, L×1, N×1, P×1, V×1","GAT×2217, ACT×831, GTT×412, ATT×349, GAA×40, CCT×25, AAT×3, GGT×3, ACA×1, CTT×1"
785,nonsynonymous-only,0,1,11,4232,"S×4, C×2, Y×2, L×1, Q×1, R×1","TAC×2216, TAT×834, TCT×416, TCA×349, TGT×342, CTT×40, CGT×25, AGC×6, CAA×2, AGT×1, TGC×1"
786,nonsynonymous-only,0,1,9,3474,"F×2, S×2, A×1, H×1, L×1, P×1, Y×1","CAT×2217, TTC×413, TTT×376, TCA×345, GCA×112, TTA×6, CCT×2, TAT×2, AGC×1"
787,nonsynonymous-only,0,1,11,3479,"I×3, F×2, H×1, L×1, M×1, S×1, T×1, W×1","TTC×2218, ATG×411, CAC×351, ATA×350, ACA×72, TTA×46, TCT×25, ATC×3, ATT×1, TGG×1, TTT×1"
788,nonsynonymous-only,0,1,11,567,"C×2, A×1, E×1, K×1, L×1, P×1, Q×1, R×1, T×1, W×1","AGA×412, AAA×72, GAA×40, CAA×27, CCA×6, TGC×3, TGG×3, ACA×1, GCA×1, TGT×1, TTA×1"
789,nonsynonymous-only,0,1,12,3477,"I×3, T×2, D×1, E×1, F×1, K×1, N×1, R×1, S×1","AAT×2216, ATA×412, ACC×351, TTT×342, ATT×72, AGT×40, AAA×32, ACT×6, AGA×2, GAT×2, ATC×1, GAA×1"
790,nonsynonymous-only,0,1,13,3476,"I×2, A×1, D×1, G×1, K×1, L×1, M×1, N×1, Q×1, R×1, S×1, T×1","AGC×2288, ATG×412, GCA×349, GGA×345, GAC×41, AAC×25, AAA×6, AGA×3, ACA×2, TTG×2, ATA×1, ATT×1, CAA×1"
791,nonsynonymous-only,0,1,13,3552,"K×2, N×2, S×2, D×1, E×1, G×1, H×1, L×1, W×1, Y×1","GAC×2209, TAT×453, AAA×357, GGT×331, AGT×112, CAT×72, AAC×7, TCG×3, TTG×3, GAA×2, AAG×1, AAT×1, TGG×1"
792,nonsynonymous-only,0,1,11,3451,"R×3, D×1, I×1, K×1, L×1, N×1, S×1, V×1, Y×1","AGA×1609, CGA×959, GTA×414, AGT×342, TAT×72, GAT×43, AAT×6, CTG×3, AAG×1, ATT×1, CGG×1"
793,nonsynonymous-only,0,1,11,3821,"I×3, S×3, A×1, M×1, P×1, T×1, V×1","TCA×2216, AGC×694, CCG×443, ATC×351, AGT×62, GTC×40, GCC×6, ACC×3, ATT×3, ATG×2, ATA×1"
794,nonsynonymous-only,0,1,12,3821,"L×2, R×2, T×2, E×1, F×1, I×1, K×1, M×1, V×1","AGA×2216, CGA×443, ATG×412, GTA×349, CTA×331, ACT×40, TTA×15, GAA×6, AAA×3, ACA×3, ATA×2, TTT×1"
795,nonsynonymous-only,0,1,7,3378,"S×2, F×1, H×1, L×1, P×1, V×1","TCC×2215, TCA×696, CAC×412, CCC×40, GTA×6, TTA×5, TTC×4"
796,nonsynonymous-only,0,1,10,3377,"A×2, E×1, G×1, K×1, L×1, M×1, Q×1, R×1, Y×1","AGA×2213, TTG×413, GAG×351, GCG×342, GCT×40, TAT×7, AAG×3, ATG×3, GGA×3, CAG×2"
797,nonsynonymous-only,0,1,10,1161,"L×2, V×2, D×1, F×1, I×1, N×1, R×1, T×1","TTT×412, AGA×351, CTT×342, ATT×40, AAT×6, ACT×3, TTG×3, GAT×2, GTG×1, GTT×1"
798,nonsynonymous-only,0,1,7,1157,"D×1, E×1, G×1, L×1, P×1, Q×1, W×1","GAA×412, TGG×351, GGA×342, CCC×40, CAA×8, TTA×3, GAC×1"
799,nonsynonymous-only,0,1,7,1155,"R×2, A×1, L×1, N×1, P×1, Q×1","GCA×412, CAA×350, AGA×347, CCC×40, AAT×4, AGG×1, CTA×1"
800,nonsynonymous-only,0,1,5,462,"Q×1, R×1, S×1, V×1, Y×1","AGA×412, AGT×40, GTA×6, CAA×3, TAT×1"
801,nonsynonymous-only,0,1,4,462,"S×2, Q×1, Y×1","TAT×413, TCA×40, TCT×6, CAA×3"
802,nonsynonymous-only,0,1,5,2267,"E×1, N×1, S×1, V×1, Y×1","GTT×2216, AAT×40, GAA×7, TAC×3, AGT×1"
803,nonsynonymous-only,0,1,7,2335,"A×1, F×1, L×1, R×1, S×1, V×1, Y×1","TCA×2216, GCG×72, TTA×40, CGA×3, GTT×2, TAT×1, TTT×1"
804,nonsynonymous-only,0,1,11,4956,"L×3, A×2, F×1, I×1, P×1, S×1, T×1, V×1","ATA×3561, GCG×393, CCA×353, ACA×330, TCA×191, TTA×72, GCA×50, GTA×3, CTA×1, CTG×1, TTC×1"
805,nonsynonymous-only,0,1,11,6210,"I×2, N×2, T×2, V×2, D×1, L×1, P×1","ATC×3764, ATT×839, ACC×531, GTC×413, AAC×351, ACT×229, GTT×75, CTT×5, AAT×1, CCT×1, GAC×1"
806,nonsynonymous-only,0,1,12,6226,"E×2, R×2, D×1, G×1, I×1, K×1, M×1, N×1, S×1, T×1","AGG×2216, ACA×1638, GAG×872, ATG×437, GAA×412, AGA×377, AAA×261, ATA×6, GGA×3, GAT×2, AAT×1, AGT×1"
807,nonsynonymous-only,0,1,10,6226,"K×2, T×2, D×1, E×1, G×1, N×1, R×1, S×1","ACA×3458, AAA×2083, GAA×462, AGA×189, AGC×25, AAT×2, ACG×2, GAT×2, GGA×2, AAG×1"
808,nonsynonymous-only,0,1,13,6196,"D×2, L×2, T×2, I×1, K×1, N×1, R×1, S×1, V×1, Y×1","AAA×2204, AAC×1344, TAC×832, AGC×457, GAT×438, CTA×412, ATT×351, ACA×72, ACT×40, AGA×38, GAC×5, GTT×2, TTA×1"
809,nonsynonymous-only,0,1,11,5829,"D×2, K×2, N×2, E×1, G×1, Q×1, R×1, Y×1","AAG×2217, CAA×2201, GAA×443, GAC×412, AAA×290, AAT×189, GAT×72, CGA×2, AAC×1, GGC×1, TAT×1"
810,nonsynonymous-only,0,1,15,5868,"T×4, S×3, A×1, E×1, G×1, I×1, N×1, P×1, V×1, Y×1","GCA×1987, ACA×1658, GAA×833, ACC×429, TCC×412, GTA×189, TCT×189, ATT×72, AGT×40, GGA×40, ACT×13, ACG×3, AAT×1, CCC×1, TAC×1"
811,nonsynonymous-only,0,1,10,6219,"L×4, F×2, P×2, R×1, V×1","CCT×2216, CTT×2048, CGT×832, CCA×443, TTC×351, TTT×214, TTA×72, CTA×41, CTG×1, GTT×1"
812,nonsynonymous-only,0,1,15,6692,"L×3, C×2, F×2, S×2, T×2, A×1, M×1, P×1, Y×1","TTT×2659, TCC×2221, CCC×827, TAT×412, ACA×315, ACG×112, TTA×89, TGT×28, GCG×15, TTC×9, AGT×1, ATG×1, CTC×1, TGC×1, TTG×1"
813,nonsynonymous-only,0,1,15,6599,"G×3, R×3, I×2, L×2, D×1, E×1, K×1, P×1, S×1","CGA×2206, GGT×1615, CGT×832, TTA×573, CCA×455, GGA×351, ATA×342, GAA×189, GAT×11, GGG×11, CTA×7, AAA×4, ATC×1, CGC×1, TCA×1"
814,nonsynonymous-only,0,1,11,5776,"K×2, R×2, A×1, D×1, E×1, G×1, I×1, N×1, T×1","AAG×2208, GCA×1628, AAA×512, GAT×443, GAA×412, ACA×362, GGA×190, AGG×8, AAT×6, ATA×4, AGA×3"
815,nonsynonymous-only,0,1,14,5332,"T×3, V×3, A×2, K×2, F×1, I×1, M×1, N×1","AAA×2406, ACA×1637, ATG×535, ACT×350, AAG×346, AAT×40, ATC×4, GTG×4, GCG×3, GTA×2, TTC×2, ACG×1, GCT×1, GTT×1"
816,nonsynonymous-only,0,1,4,396,"K×1, M×1, Q×1, S×1","TCA×351, CAG×40, AAA×4, ATG×1"
817,nonsynonymous-only,0,1,2,41,"L×1, T×1","CTT×40, ACT×1"
819,nonsynonymous-only,0,1,3,47,"H×1, I×1, K×1","ATA×40, AAA×6, CAC×1"
820,nonsynonymous-only,0,1,3,8,"Y×2, S×1","TCT×6, TAC×1, TAT×1"
821,nonsynonymous-only,0,1,3,197,"K×1, R×1, Y×1","TAC×189, AAA×7, AGA×1"
822,nonsynonymous-only,0,1,14,3693,"S×3, G×2, N×2, A×1, C×1, D×1, E×1, I×1, T×1, Y×1","AGT×2217, GAT×539, GCA×412, AAC×352, ACC×72, AAT×43, ATA×24, TAT×21, TGC×4, GGA×3, GGT×3, AGC×1, GAA×1, TCT×1"
823,nonsynonymous-only,0,1,11,3694,"D×2, N×2, S×2, E×1, H×1, I×1, R×1, V×1","GAC×2211, AAT×466, AGA×420, GAT×365, AAC×79, CAT×76, GAA×40, ATT×25, AGT×6, AGC×4, GTT×2"
824,nonsynonymous-only,0,1,12,3274,"I×2, R×2, S×2, C×1, F×1, L×1, N×1, P×1, Y×1","TGC×2216, TCT×351, CCT×342, TTT×220, CTT×72, ATT×44, AAC×21, ATC×3, CGG×2, CGC×1, TAT×1, TCC×1"
826,nonsynonymous-only,0,1,7,766,"L×2, F×1, N×1, Q×1, T×1, W×1","ACT×412, CTT×294, TTT×49, TTG×6, AAC×3, CAA×1, TGG×1"
827,nonsynonymous-only,0,1,6,766,"K×2, G×1, N×1, R×1, S×1","AAA×413, AGC×263, AAT×85, AAG×3, AGA×1, GGC×1"
828,nonsynonymous-only,0,1,7,766,"D×1, E×1, F×1, G×1, I×1, N×1, V×1","ATA×412, GGT×342, GAT×6, GAA×3, AAT×1, GTT×1, TTT×1"
829,nonsynonymous-only,0,1,7,766,"S×3, F×1, K×1, T×1, W×1","TGG×413, TTC×265, TCC×77, TCA×6, AAA×3, ACA×1, AGC×1"
830,nonsynonymous-only,0,1,9,765,"G×2, R×2, E×1, I×1, K×1, S×1, W×1","GAA×418, CGG×185, AGG×136, TGG×17, ATA×3, AAG×2, GGG×2, GGT×1, TCA×1"
831,nonsynonymous-only,0,1,6,762,"Q×2, E×1, H×1, K×1, R×1","CGA×412, CAA×342, AAA×5, CAG×1, CAT×1, GAA×1"
832,nonsynonymous-only,0,1,8,767,"N×2, S×2, D×1, H×1, I×1, K×1","GAC×411, AGC×337, AAA×7, AGT×5, ATA×3, AAT×2, AAC×1, CAT×1"
833,nonsynonymous-only,0,1,7,767,"T×2, G×1, I×1, L×1, N×1, V×1","ACA×412, GTT×342, ACT×6, CTA×3, AAT×2, ATC×1, GGT×1"
834,nonsynonymous-only,0,1,7,767,"P×2, D×1, K×1, N×1, R×1, T×1","GAT×412, ACC×342, AAT×6, AAA×3, CCT×2, AGA×1, CCC×1"
835,nonsynonymous-only,0,1,2,9,"K×1, R×1","AAA×8, AGG×1"
836,nonsynonymous-only,0,1,6,768,"K×2, D×1, E×1, G×1, N×1","AAA×412, AAT×346, GAA×6, GGT×2, AAG×1, GAT×1"
837,nonsynonymous-only,0,1,3,4,"F×1, G×1, R×1","GGA×2, CGA×1, TTT×1"
838,nonsynonymous-only,0,1,4,7,"A×1, D×1, T×1, W×1","ACG×3, GCG×2, GAT×1, TGG×1"
839,nonsynonymous-only,0,1,3,7,"D×1, I×1, N×1","AAC×3, ATT×3, GAT×1"
840,nonsynonymous-only,0,1,3,7,"E×1, I×1, T×1","GAG×3, ACC×2, ATT×2"
842,nonsynonymous-only,0,1,2,4,"P×1, T×1","ACA×3, CCA×1"
843,nonsynonymous-only,0,1,5,350,"N×2, K×1, T×1, W×1","AAC×342, AAA×4, ACC×2, AAT×1, TGG×1"
844,nonsynonymous-only,0,1,5,763,"D×1, H×1, L×1, N×1, T×1","CAT×412, AAT×346, GAT×3, ACT×1, CTT×1"
845,nonsynonymous-only,0,1,10,797,"C×2, F×2, H×1, I×1, L×1, N×1, S×1, Y×1","TGC×412, TTC×343, TCC×25, TGT×6, TTT×4, AAC×3, ATC×1, CAT×1, CTT×1, TAT×1"
846,nonsynonymous-only,0,1,8,3024,"N×2, C×1, F×1, I×1, S×1, T×1, Y×1","AAT×2251, ATT×756, TGT×6, TTC×4, TAT×3, ACT×2, AAC×1, AGT×1"
847,nonsynonymous-only,0,1,12,3372,"K×2, Q×2, Y×2, C×1, H×1, L×1, R×1, T×1, W×1","CAA×1725, TTG×832, TAT×434, AAA×342, CAT×10, CGA×10, AAG×6, CAG×5, TAC×4, ACA×2, TGG×1, TGT×1"
848,nonsynonymous-only,0,1,10,4661,"K×2, L×2, R×2, T×2, G×1, I×1","CGA×2241, TTA×1636, AAA×431, AGA×342, ACA×4, GGA×2, TTG×2, AAG×1, ACG×1, ATA×1"
849,nonsynonymous-only,0,1,7,5109,"C×2, S×2, F×1, G×1, Y×1","TGC×2221, TGT×1571, TTT×832, AGT×418, GGT×52, TAT×11, TCT×4"
850,nonsynonymous-only,0,1,16,5244,"V×3, L×2, Q×2, R×2, G×1, H×1, I×1, M×1, P×1, W×1, Y×1","GGA×3187, CCA×452, CAG×437, CTA×374, AGA×321, GTG×256, ATG×84, AGG×72, TGG×41, CAA×6, CAC×4, TAC×3, ATC×2, GTA×2, TTG×2, GTT×1"
851,nonsynonymous-only,0,1,13,5248,"L×3, S×3, F×2, P×2, H×1, I×1, V×1","CCG×2216, TCC×844, CCC×825, TCA×443, TTT×417, CTT×413, TTC×43, TTA×29, CAC×7, GTT×7, CTA×2, ATC×1, TCT×1"
852,nonsynonymous-only,0,1,6,3601,"C×2, L×1, R×1, S×1, Y×1","TGC×2659, TAT×842, AGA×73, TTA×25, AGC×1, TGT×1"
853,nonsynonymous-only,0,1,7,3148,"A×1, F×1, G×1, M×1, R×1, S×1, Y×1","GCA×2216, GGA×443, CGT×342, TTT×76, TCC×40, ATG×25, TAT×6"
854,nonsynonymous-only,0,1,12,4772,"T×4, S×3, E×1, I×1, Q×1, R×1, W×1","ACA×2216, ACG×843, TCA×483, ACT×446, AGA×351, GAA×351, TGG×48, ATA×25, CAG×6, ACC×1, TCG×1, TCT×1"
855,nonsynonymous-only,0,1,14,4466,"H×2, L×2, Y×2, A×1, E×1, F×1, G×1, K×1, N×1, R×1, V×1","CAC×2213, GCA×841, TTT×443, TAC×412, AAA×351, GTC×72, TAT×52, GGA×40, CTT×25, AAC×6, CAT×6, CGT×2, GAA×2, CTA×1"
856,nonsynonymous-only,0,1,9,4790,"D×2, A×1, E×1, K×1, N×1, P×1, R×1, S×1","GAA×2234, AAA×1842, GCC×351, TCA×342, AAT×7, AGA×6, GAT×4, CCA×2, GAC×2"
857,nonsynonymous-only,0,1,13,4707,"K×2, N×2, R×2, C×1, D×1, E×1, F×1, G×1, L×1, P×1","TTT×3042, GAA×459, AAT×352, TGC×348, AAC×342, CGC×99, AGA×42, AAA×10, CTT×6, CCG×3, GGG×2, AAG×1, GAT×1"
858,nonsynonymous-only,0,1,8,4776,"E×2, D×1, G×1, K×1, N×1, Q×1, R×1","AAT×2217, GAT×1173, GGA×443, GAG×412, CAA×351, AGA×114, AAA×59, GAA×7"
859,nonsynonymous-only,0,1,9,1685,"C×1, F×1, L×1, N×1, P×1, Q×1, R×1, T×1, Y×1","TTA×447, TGT×411, CAA×351, TAT×348, AAT×120, ACT×3, CCT×2, TTT×2, CGT×1"
860,nonsynonymous-only,0,1,7,3536,"H×1, P×1, R×1, S×1, T×1, V×1, Y×1","TCA×2183, AGA×832, GTA×351, TAT×72, ACA×48, CAT×40, CCA×10"
861,nonsynonymous-only,0,1,2,2659,"K×1, T×1","AAA×2216, ACC×443"
862,nonsynonymous-only,0,1,3,2659,"I×1, L×1, V×1","GTT×2144, ATT×472, CTT×43"
863,nonsynonymous-only,0,1,2,2217,"L×1, Y×1","TAT×2216, CTT×1"
864,nonsynonymous-only,0,1,5,971,"C×1, L×1, S×1, V×1, W×1","TGG×967, GTA×1, TCG×1, TGT×1, TTA×1"
865,nonsynonymous-only,0,1,5,3186,"L×3, S×1, V×1","CTA×2216, CTT×943, GTG×25, TCT×1, TTA×1"
866,nonsynonymous-only,0,1,6,3186,"A×1, C×1, G×1, I×1, R×1, V×1","TGT×2216, GGA×757, AGA×186, GTT×25, ATT×1, GCA×1"
867,nonsynonymous-only,0,1,3,3185,"K×1, Q×1, Y×1","CAA×2216, AAA×944, TAT×25"
868,nonsynonymous-only,0,1,4,3182,"S×3, T×1","TCA×3171, ACA×9, TCG×1, TCT×1"
869,nonsynonymous-only,0,1,7,3186,"D×1, F×1, H×1, L×1, N×1, S×1, Y×1","CAT×2215, TCT×922, AAT×25, TTT×21, CTA×1, GAT×1, TAT×1"
870,nonsynonymous-only,0,1,7,1393,"Q×2, G×1, H×1, K×1, L×1, W×1","GGA×943, CAG×350, CAA×70, TGG×26, AAA×2, CAT×1, TTG×1"
871,nonsynonymous-only,0,1,12,4464,"S×3, F×2, L×2, Y×2, C×1, K×1, Q×1","TCC×2552, TAC×943, TTT×438, TCG×351, TTA×75, TTG×48, TTC×46, AAA×6, CAA×2, TAT×1, TCT×1, TGC×1"
872,nonsynonymous-only,0,1,12,1833,"P×2, Q×2, F×1, H×1, L×1, N×1, S×1, T×1, V×1, Y×1","ACC×936, CCG×351, CAA×342, TTG×72, CAG×48, TCA×40, GTT×25, CAT×7, CCC×7, AAT×3, TAT×1, TTC×1"
873,nonsynonymous-only,0,1,9,4464,"I×2, K×2, Q×2, D×1, G×1, L×1","ATT×2241, GAC×1294, AAA×422, CAA×342, AAG×113, CAG×48, GGG×2, ATA×1, TTA×1"
874,nonsynonymous-only,0,1,7,4466,"D×2, H×1, I×1, K×1, N×1, R×1","AAG×2256, AGG×944, AAT×449, ATT×412, GAC×353, CAC×49, GAT×3"
875,nonsynonymous-only,0,1,6,790,"R×3, N×1, S×1, V×1","TCA×412, CGA×339, AGG×25, AGA×7, GTT×6, AAT×1"
876,nonsynonymous-only,0,1,7,1087,"R×2, F×1, L×1, P×1, Q×1, Y×1","CCT×943, CGC×72, CGT×40, TAT×25, CAA×5, CTT×1, TTT×1"
877,nonsynonymous-only,0,1,3,113,"S×1, T×1, Y×1","ACC×72, TAC×40, TCC×1"
879,nonsynonymous-only,0,1,9,3588,"F×2, L×2, H×1, R×1, V×1, W×1, Y×1","CGG×2206, TGG×953, CTT×412, TTC×6, TAC×4, CTA×3, GTC×2, CAT×1, TTT×1"
880,nonsynonymous-only,0,1,9,4282,"R×2, C×1, K×1, L×1, M×1, N×1, S×1, Y×1","CTA×2216, CGG×943, AGT×762, AAT×353, TGT×3, CGT×2, AAA×1, ATG×1, TAT×1"
881,nonsynonymous-only,0,1,8,4312,"C×2, Y×2, F×1, H×1, L×1, S×1","TAC×2211, TCA×943, TTT×754, CAT×349, TGC×42, TAT×9, TTA×3, TGT×1"
882,nonsynonymous-only,0,1,10,4052,"S×2, A×1, E×1, F×1, K×1, Q×1, R×1, T×1, Y×1","TCG×2216, ACG×904, AGA×452, CAA×342, AAA×64, GCG×39, TTC×25, GAA×4, TAT×3, TCA×3"
883,nonsynonymous-only,0,1,8,4063,"A×1, I×1, K×1, L×1, P×1, R×1, S×1, T×1","TCT×2216, CCA×943, ACA×412, ATT×351, AGA×72, AAA×42, GCC×25, TTA×2"
884,nonsynonymous-only,0,1,12,4415,"G×2, S×2, A×1, E×1, K×1, N×1, R×1, V×1, W×1, Y×1","AGT×2214, AGC×968, AAA×413, TAC×351, GAA×342, GCA×72, GGG×40, AGG×6, AAT×3, TGG×3, GTG×2, GGA×1"
885,nonsynonymous-only,0,1,9,3031,"K×2, Q×2, C×1, H×1, R×1, W×1, Y×1","CAA×2119, AAG×437, TAC×351, AAA×112, AGA×6, TGT×3, CAG×1, CAT×1, TGG×1"
886,nonsynonymous-only,0,1,10,4797,"K×2, N×2, Y×2, C×1, I×1, S×1, T×1","TAT×3059, TGC×833, AAT×439, AAC×412, AAG×42, ATT×6, TCC×3, AAA×1, ACC×1, TAC×1"
887,nonsynonymous-only,0,1,11,6066,"L×3, K×2, N×2, D×1, E×1, G×1, I×1","GAA×3038, AAG×944, GGA×843, TTA×427, AAA×361, CTA×326, AAT×73, AAC×40, ATA×7, TTG×6, GAC×1"
888,nonsynonymous-only,0,1,13,5742,"C×2, L×2, D×1, F×1, H×1, P×1, Q×1, S×1, V×1, W×1, Y×1","CTT×1954, TTT×1775, GAT×843, TGC×452, TGG×342, CCT×287, TGT×73, CAA×6, TTA×5, TCA×2, CAT×1, GTT×1, TAT×1"
889,nonsynonymous-only,0,1,10,6101,"F×2, I×2, D×1, L×1, N×1, P×1, S×1, Y×1","ATT×4409, ATC×843, CTT×409, AAT×360, GAT×38, TTC×25, CCT×10, TAT×3, TTT×3, AGT×1"
890,nonsynonymous-only,0,1,14,5260,"F×2, K×2, N×2, C×1, D×1, G×1, P×1, R×1, S×1, W×1, Y×1","AAG×2216, AAT×943, AGA×838, AGT×412, TGG×351, GAT×342, AAC×74, TGT×40, CCG×25, AAA×12, TAT×4, GGA×1, TTC×1, TTT×1"
891,nonsynonymous-only,0,1,12,6474,"G×3, K×2, R×2, D×1, L×1, M×1, N×1, W×1","AGA×3359, GGC×939, AAA×926, AGG×454, AAG×371, TGG×345, GGA×40, AAC×25, GGG×8, GAC×4, ATG×2, TTA×1"
892,nonsynonymous-only,0,1,12,6122,"K×2, N×2, R×2, S×2, H×1, L×1, W×1, Y×1","AAT×3058, CAC×943, TAT×858, AAA×762, TGG×442, TCC×40, AGT×11, CTC×3, CGC×2, AAC×1, AAG×1, CGT×1"
893,nonsynonymous-only,0,1,10,5996,"K×2, Y×2, E×1, I×1, L×1, N×1, Q×1, S×1","TAT×2618, CAA×2218, ATC×414, AAT×351, AAG×342, CTC×40, TAC×10, AAA×1, AGC×1, GAG×1"
894,nonsynonymous-only,0,1,11,5616,"R×3, Q×2, D×1, H×1, K×1, L×1, S×1, W×1","CGG×2178, CAC×944, CTA×843, AGG×452, CGC×438, GAC×351, TGG×351, CAG×43, AAG×10, AGC×4, CAA×2"
895,nonsynonymous-only,0,1,14,5623,"D×2, K×2, S×2, A×1, E×1, F×1, I×1, N×1, R×1, T×1, Y×1","GAA×2216, AAA×943, AAG×857, ATA×843, TCT×351, GAC×341, CGC×40, GAT×25, ACA×2, AAC×1, AGC×1, GCG×1, TAC×1, TTC×1"
896,nonsynonymous-only,0,1,9,5630,"R×2, S×2, G×1, M×1, N×1, T×1, W×1","AGC×2216, AGG×1218, ACC×943, ATG×443, CGG×412, TGG×371, AAC×25, AGT×1, GGG×1"
897,nonsynonymous-only,0,1,12,5430,"R×3, Y×2, E×1, G×1, K×1, N×1, Q×1, S×1, T×1","ACA×2241, AGA×943, AAA×895, GGC×841, TAC×348, CAA×151, GAA×4, AAC×2, AGC×2, AGG×1, CGT×1, TAT×1"
898,nonsynonymous-only,0,1,10,5630,"I×3, E×2, K×2, N×1, S×1, T×1","AGC×2144, ATT×936, ATA×843, AAG×837, ATC×370, GAA×349, AAC×73, GAG×68, ACT×8, AAA×2"
899,nonsynonymous-only,0,1,11,4344,"I×2, Y×2, C×1, D×1, E×1, G×1, H×1, L×1, N×1","TGT×2231, ATT×943, TAC×757, GAG×349, CAC×41, GGT×10, CTT×6, GAC×3, ATC×2, AAC×1, TAT×1"
900,nonsynonymous-only,0,1,12,2473,"A×2, L×2, D×1, F×1, I×1, P×1, R×1, S×1, V×1, Y×1","TCA×843, TTG×443, GAT×411, CTT×350, CCT×341, ATT×50, CGA×25, TTT×5, GTT×2, GCG×1, GCT×1, TAT×1"
901,nonsynonymous-only,0,1,14,2029,"S×3, N×2, T×2, A×1, D×1, E×1, I×1, L×1, R×1, V×1","TCG×842, AGC×412, GTT×351, GAT×341, GCT×40, AAC×25, TCT×6, AGG×3, AAT×2, ATT×2, GAG×2, ACG×1, ACT×1, TTG×1"
902,nonsynonymous-only,0,1,7,504,"E×1, K×1, N×1, P×1, Q×1, S×1, T×1","AAT×376, CCC×72, TCA×40, GAA×7, AAA×5, ACG×3, CAA×1"
903,nonsynonymous-only,0,1,7,1258,"I×2, F×1, N×1, S×1, T×1, Y×1","ACT×415, ATT×381, TTT×353, ATC×78, TAC×25, TCT×4, AAT×2"
904,nonsynonymous-only,0,1,9,1258,"I×2, A×1, D×1, F×1, K×1, M×1, N×1, Y×1","AAT×456, GCT×351, GAT×341, AAG×72, TAC×25, TTT×6, ATT×4, ATG×2, ATC×1"
905,nonsynonymous-only,0,1,11,1212,"S×3, F×2, C×1, G×1, I×1, R×1, T×1, V×1","TTC×409, ACT×352, TTT×341, CGG×72, TCC×25, GTC×4, TGC×3, AGC×2, AGT×2, ATT×1, GGC×1"
906,nonsynonymous-only,0,1,9,901,"K×2, G×1, L×1, M×1, R×1, S×1, W×1, Y×1","AGG×753, ATG×72, AAG×40, TAT×27, TGG×4, AAA×2, CTC×1, GGG×1, TCG×1"
907,nonsynonymous-only,0,1,4,875,"F×1, I×1, N×1, V×1","TTT×488, ATT×383, AAT×2, GTT×2"
908,nonsynonymous-only,0,1,8,803,"I×2, L×2, F×1, S×1, T×1, V×1","CTA×412, ATT×341, TTA×40, ACT×3, ATA×3, TCG×2, GTT×1, TTT×1"
909,nonsynonymous-only,0,1,6,832,"E×1, I×1, K×1, Q×1, R×1, T×1","CAA×412, GAA×341, AAA×72, ACA×4, AGA×2, ATT×1"
910,nonsynonymous-only,0,1,6,872,"A×1, C×1, I×1, P×1, S×1, T×1","TGT×412, GCC×269, ACC×76, CCT×72, TCC×40, ATC×3"
911,nonsynonymous-only,0,1,8,833,"F×2, C×1, D×1, E×1, G×1, I×1, V×1","GGA×412, GAC×341, TGT×72, GAA×3, ATC×2, GTA×1, TTC×1, TTT×1"
912,nonsynonymous-only,0,1,2,453,"Q×1, R×1","AGA×341, CAG×112"
913,nonsynonymous-only,0,1,7,877,"S×2, G×1, I×1, R×1, W×1, Y×1","GGG×753, ATC×72, TGG×44, AGG×4, AGC×2, AGT×1, TAT×1"
914,nonsynonymous-only,0,1,13,903,"D×2, E×2, T×2, C×1, G×1, K×1, L×1, N×1, Q×1, R×1","ACA×412, GAC×308, GAG×72, CAA×40, GAA×29, TTG×25, AAA×5, GAT×5, AAT×2, AGA×2, ACG×1, GGC×1, TGC×1"
915,nonsynonymous-only,0,1,11,5537,"N×2, S×2, A×1, C×1, D×1, G×1, I×1, T×1, Y×1","ATT×2216, ACT×943, GGT×843, AAT×460, GAT×454, AGT×328, GCT×214, TCT×72, TAT×4, AAC×2, TGT×1"
916,nonsynonymous-only,0,1,10,4341,"F×2, L×2, C×1, D×1, H×1, I×1, R×1, W×1","TTC×2216, TTT×945, CAC×843, CTC×214, TGT×72, ATT×42, AGA×3, CTT×3, GAT×2, TGG×1"
917,nonsynonymous-only,0,1,13,5535,"I×2, N×2, R×2, C×1, K×1, L×1, M×1, S×1, T×1, V×1","AAA×2217, AGA×945, ACA×843, ATA×443, AAT×412, ATG×344, ATC×189, TGT×73, CGT×40, AAC×26, AGC×1, GTA×1, TTG×1"
918,nonsynonymous-only,0,1,10,4176,"R×2, C×1, E×1, G×1, K×1, Q×1, S×1, W×1, Y×1","CGA×2218, CAA×843, TAC×443, TGG×411, AAA×188, TCA×40, TGT×25, GAA×4, AGA×3, GGA×1"
919,nonsynonymous-only,0,1,6,722,"C×1, F×1, I×1, R×1, W×1, Y×1","TGG×603, ATA×72, AGG×41, TTC×3, TGT×2, TAT×1"
920,nonsynonymous-only,0,1,7,461,"Y×2, K×1, L×1, Q×1, S×1, T×1","CAA×341, ACG×72, AAA×40, TAC×3, TAT×2, TCT×2, CTA×1"
921,nonsynonymous-only,0,1,11,881,"S×3, V×2, A×1, F×1, G×1, I×1, K×1, Y×1","GCC×412, TTT×341, GTA×72, GGA×40, TAT×6, ATC×3, TCC×3, AAA×1, AGC×1, GTC×1, TCT×1"
922,nonsynonymous-only,0,1,12,4336,"L×2, V×2, A×1, F×1, I×1, N×1, P×1, Q×1, T×1, Y×1","ACC×2201, TTT×1256, CAA×443, CCT×344, TTA×41, AAC×25, GCC×15, CTA×6, TAT×2, ATA×1, GTC×1, GTT×1"
923,nonsynonymous-only,0,1,8,4219,"K×2, R×2, C×1, F×1, I×1, L×1","CGA×2140, AGA×869, AAA×855, CTA×341, TTT×6, ATC×4, TGT×3, AAG×1"
924,nonsynonymous-only,0,1,14,4078,"R×3, Q×2, S×2, T×2, A×1, K×1, L×1, N×1, W×1","CGG×2147, AGT×843, TCA×412, ACA×341, CGA×113, CAA×72, TGG×66, GCA×40, ACT×25, AAA×10, AAC×3, CAG×3, TTA×2, AGA×1"
925,nonsynonymous-only,0,1,8,3562,"L×2, G×1, N×1, P×1, Q×1, S×1, Y×1","CCA×2586, CTA×412, CAA×342, TTA×143, TCA×75, TAC×2, AAT×1, GGA×1"
926,nonsynonymous-only,0,1,9,3526,"I×3, F×2, L×1, N×1, S×1, Y×1","ATC×2219, TTC×616, AAT×443, TTT×168, TAT×72, ATA×3, ATT×3, AGT×1, CTC×1"
927,nonsynonymous-only,0,1,10,3122,"Y×2, D×1, E×1, K×1, N×1, Q×1, R×1, T×1, V×1","AAA×2628, AAT×344, TAT×72, CAG×40, TAC×25, AGG×6, GAT×3, ACA×2, GAA×1, GTC×1"
928,nonsynonymous-only,0,1,10,3565,"R×3, A×1, C×1, E×1, G×1, H×1, K×1, L×1","CGC×2212, AGA×460, GAA×443, TTG×341, GGT×72, AAA×30, GCA×3, CGT×2, CAC×1, TGC×1"
929,nonsynonymous-only,0,1,13,3565,"I×3, S×2, A×1, D×1, E×1, G×1, H×1, N×1, R×1, Y×1","GAT×2215, GCC×443, CAC×412, GAA×341, AGC×73, GGA×43, AGA×25, AGT×6, ATA×2, ATC×2, AAC×1, ATT×1, TAT×1"
930,nonsynonymous-only,0,1,9,3563,"D×2, A×1, C×1, G×1, N×1, S×1, V×1, Y×1","GGC×2141, GAT×718, TGT×443, TAT×72, AAT×67, GAC×61, GCT×40, AGC×15, GTA×6"
931,nonsynonymous-only,0,1,8,3564,"L×2, F×1, K×1, N×1, R×1, S×1, Y×1","TTC×2215, TAT×760, TTG×443, TCG×138, AAT×3, AGA×3, AAA×1, TTA×1"
932,nonsynonymous-only,0,1,9,3078,"R×2, E×1, H×1, I×1, K×1, Q×1, W×1, Y×1","TAT×2546, TGG×346, CGG×97, GAA×40, CAA×25, CAT×11, ATC×9, AAA×2, AGA×2"
933,nonsynonymous-only,0,1,6,2726,"S×2, D×1, G×1, L×1, N×1","GAT×2214, GGT×443, CTT×40, AGT×25, AAT×2, AGC×2"
934,nonsynonymous-only,0,1,2,2659,"G×1, R×1","GGC×2216, CGC×443"
935,nonsynonymous-only,0,1,4,2660,"C×1, H×1, R×1, Y×1","TGC×2144, TAT×442, CGC×73, CAT×1"
936,nonsynonymous-only,0,1,6,4446,"A×1, I×1, K×1, P×1, S×1, T×1","CCA×2216, ATA×843, ACA×528, TCG×443, GCA×415, AAG×1"
937,nonsynonymous-only,0,1,7,4447,"C×2, N×2, Q×1, R×1, Y×1","AAC×2659, TAC×943, TGC×837, TGT×5, AAT×1, CAA×1, CGC×1"
938,nonsynonymous-only,0,1,4,3160,"C×2, R×1, W×1","TGG×2216, TGC×936, CGC×7, TGT×1"
939,nonsynonymous-only,0,1,4,3185,"C×2, R×1, Y×1","CGT×1612, TGC×943, TGT×629, TAT×1"
940,nonsynonymous-only,0,1,4,4027,"F×1, I×1, L×1, R×1","CGG×2216, CTT×948, ATA×843, TTT×20"
941,nonsynonymous-only,0,1,4,4027,"R×2, A×1, Y×1","CGT×2216, AGA×943, TAT×843, GCT×25"
942,nonsynonymous-only,0,1,4,4027,"F×2, S×2","TTC×2241, TCC×943, TTT×800, TCT×43"
943,nonsynonymous-only,0,1,8,6505,"H×2, N×2, Y×2, C×1, Q×1","TGC×2215, AAC×1315, AAT×1165, CAA×944, CAT×831, CAC×24, TAC×10, TAT×1"
944,nonsynonymous-only,0,1,7,5674,"E×1, F×1, L×1, N×1, Q×1, R×1, Y×1","TTT×2216, CAA×1635, AAC×943, GAA×843, CGA×25, TAT×10, CTA×2"
945,nonsynonymous-only,0,1,10,6504,"P×2, S×2, D×1, I×1, N×1, R×1, T×1, V×1","TCC×2216, TCA×1675, CCT×1637, ATC×840, GTC×103, ACC×25, GAC×3, AGA×2, CCC×2, AAC×1"
946,nonsynonymous-only,0,1,13,5413,"G×3, R×2, C×1, E×1, F×1, M×1, N×1, Q×1, S×1, W×1","CAA×2580, TGG×1287, AGG×832, TGT×351, GAA×342, GGG×6, GGT×3, TCT×3, AAC×2, AGA×2, ATG×2, TTT×2, GGA×1"
947,nonsynonymous-only,0,1,12,8127,"T×3, A×2, I×1, K×1, L×1, M×1, N×1, R×1, S×1","ACA×3075, AAA×2032, ACG×1637, GCA×941, ATG×348, AAC×49, ACT×27, ATT×13, GCT×2, AGA×1, CTA×1, TCA×1"
948,nonsynonymous-only,0,1,10,8167,"I×3, T×2, A×1, G×1, N×1, S×1, V×1","ATT×3245, ACT×2224, GTT×1030, GGT×843, ATC×270, GCT×254, ACC×219, AAT×52, TCT×25, ATA×5"
949,nonsynonymous-only,0,1,12,2142,"A×3, S×3, T×2, C×1, D×1, F×1, G×1","GAT×880, TTT×697, GCT×412, ACC×72, ACT×41, TCA×25, AGT×6, GGT×3, GCC×2, TGC×2, AGC×1, GCA×1"
950,nonsynonymous-only,0,1,10,2579,"F×2, L×2, C×1, Q×1, S×1, V×1, W×1, Y×1","TCG×832, TAT×790, TTT×484, TTA×442, TTC×25, TGG×2, CAG×1, CTA×1, GTA×1, TGT×1"
951,nonsynonymous-only,0,1,12,1721,"L×3, V×3, T×2, C×1, G×1, I×1, R×1","TGT×442, GTC×412, GTA×352, TTA×341, ATA×121, GTT×41, ACT×3, CTG×3, GGA×2, TTG×2, ACC×1, CGT×1"
952,nonsynonymous-only,0,1,15,2543,"L×3, S×3, G×2, A×1, E×1, F×1, K×1, M×1, N×1, Q×1","CTT×843, CTG×443, TTT×416, AGT×352, TCT×250, TCG×91, AAA×72, GAA×40, CTA×25, CAA×3, GGT×3, GCG×2, AAT×1, ATG×1, GGA×1"
953,nonsynonymous-only,0,1,10,2167,"E×2, Q×2, S×2, G×1, L×1, V×1, W×1","CAA×869, GAG×843, TGG×443, AGT×3, GTG×3, CAG×2, GAA×1, GGA×1, TCG×1, TTG×1"
954,nonsynonymous-only,0,1,11,1143,"D×2, F×2, N×2, E×1, G×1, K×1, S×1, Y×1","GAT×755, AAC×189, TTT×72, GGT×48, GAC×40, TTC×25, AAA×4, AAT×4, TAT×3, GAA×2, AGC×1"
955,nonsynonymous-only,0,1,11,1149,"A×2, P×2, V×2, D×1, E×1, F×1, R×1, T×1","ACG×412, GTG×341, GTA×190, GAA×72, GAT×56, GCT×40, CCA×27, AGG×6, CCT×3, GCG×1, TTC×1"
956,nonsynonymous-only,0,1,15,6893,"P×2, R×2, A×1, D×1, E×1, F×1, H×1, K×1, N×1, Q×1, S×1, T×1, Y×1","AGA×2216, GAA×1878, GAT×943, GCA×830, AAA×444, CCA×341, CAA×89, TCT×72, CCT×40, CAT×29, ACA×4, TTC×3, CGA×2, AAC×1, TAT×1"
957,nonsynonymous-only,0,1,20,8194,"L×4, A×2, G×2, I×2, V×2, D×1, E×1, K×1, M×1, N×1, Q×1, R×1, T×1","GCA×2565, AAA×2217, GAA×1864, ATA×833, CTA×415, TTA×92, GAT×72, GTT×40, GGT×28, CAA×26, GGA×12, GTA×11, GCG×7, AAC×6, ACA×1, AGA×1, ATG×1, ATT×1, CTC×1, CTT×1"
958,nonsynonymous-only,0,1,21,8191,"I×3, L×3, A×2, F×2, R×2, S×2, G×1, H×1, M×1, N×1, V×1, W×1, Y×1","TGG×2203, CTT×1787, GCT×1605, TCT×816, TTC×504, TTT×450, CGT×443, ATC×189, ATG×72, ATA×40, GTT×32, TCC×16, CGG×10, GGT×10, AAT×6, CAT×2, CTC×2, ATT×1, GCA×1, TAC×1, TTA×1"
959,nonsynonymous-only,0,1,15,6003,"K×2, N×2, A×1, C×1, D×1, E×1, I×1, P×1, Q×1, R×1, S×1, T×1, Y×1","AAA×2594, AAC×949, ATT×833, AAT×472, TGT×410, CAA×341, TAT×320, TCT×40, AGA×28, GAG×5, ACA×3, GAC×3, AAG×2, GCT×2, CCT×1"
960,nonsynonymous-only,0,1,15,7731,"L×3, G×2, Q×2, E×1, F×1, K×1, M×1, P×1, R×1, T×1, W×1","AAA×3058, CTC×1636, GGA×1330, GAA×1096, CAG×500, GGG×38, TGG×32, TTA×25, AGA×8, CAA×2, CCA×2, ACG×1, ATG×1, CTT×1, TTC×1"
961,nonsynonymous-only,0,1,17,8539,"T×4, S×3, A×2, I×2, K×1, L×1, M×1, N×1, R×1, V×1","ACA×4875, ACT×1641, ATG×443, AGT×413, ACC×352, ACG×341, AAC×189, TCA×127, ATA×97, CTT×48, GCT×6, ATT×2, AAA×1, AGA×1, GCA×1, GTT×1, TCT×1"
962,nonsynonymous-only,0,1,2,29,"G×1, N×1","GGT×28, AAT×1"
963,nonsynonymous-only,0,1,21,8529,"L×4, V×3, F×2, K×2, R×2, C×1, E×1, G×1, I×1, Q×1, S×1, T×1, Y×1","TTC×2215, TTG×1827, GGA×943, TTT×904, CTA×843, TTA×501, GTG×443, TGT×351, GAA×262, AAA×81, CTT×48, ACG×40, TCA×28, GTT×25, CAA×7, AGA×5, AAG×2, ATA×1, CGA×1, GTC×1, TAC×1"
964,nonsynonymous-only,0,1,11,5890,"L×3, K×2, R×2, E×1, G×1, Q×1, Y×1","TTA×2215, TTG×961, GAA×832, CGA×452, CAA×443, AAA×355, AGA×346, TAT×189, GGA×90, AAG×6, CTG×1"
965,nonsynonymous-only,0,1,7,5043,"D×2, K×2, G×1, N×1, V×1","AAA×4775, GAT×189, GAC×48, AAT×28, AAG×1, GGT×1, GTT×1"
966,nonsynonymous-only,0,1,11,2780,"R×2, S×2, C×1, E×1, K×1, L×1, T×1, W×1, Y×1","TAT×1637, CGG×821, GAA×255, TCG×28, AAA×23, TGG×6, CTG×5, ACG×2, AGA×1, TCT×1, TGC×1"
967,nonsynonymous-only,0,1,2,190,"K×1, N×1","AAA×189, AAT×1"
968,nonsynonymous-only,0,1,3,190,"A×1, G×1, R×1","GGG×187, AGG×2, GCA×1"
969,synonymous-only,1,0,2,3,T×2,"ACA×2, ACT×1"
970,nonsynonymous-only,0,1,3,2472,"L×1, R×1, S×1","TTG×1637, TCG×832, AGG×3"
971,nonsynonymous-only,0,1,6,4688,"A×1, C×1, G×1, H×1, N×1, Q×1","AAT×2215, GCC×1637, CAT×832, TGC×2, CAG×1, GGT×1"
972,nonsynonymous-only,0,1,4,4713,"C×2, Y×2","TGT×2456, TAC×2241, TAT×15, TGC×1"
973,nonsynonymous-only,0,1,8,4667,"S×2, C×1, F×1, H×1, L×1, Q×1, Y×1","TCG×2209, CAA×1591, TTC×832, TTA×25, TCA×6, TAT×2, CAT×1, TGC×1"
974,nonsynonymous-only,0,1,8,4688,"L×2, T×2, G×1, Q×1, R×1, W×1","TTG×2170, ACG×1637, TGG×818, TTA×45, CGG×9, GGG×6, CAG×2, ACA×1"
975,nonsynonymous-only,0,1,10,4688,"L×3, T×2, A×1, F×1, H×1, P×1, S×1","CTT×2169, CAT×1636, GCC×813, CTC×45, TCC×13, ACC×6, TTT×3, ACA×1, CCT×1, TTG×1"
976,nonsynonymous-only,0,1,4,2192,"E×2, N×1, V×1","GAA×2147, GAG×42, AAT×2, GTG×1"
977,nonsynonymous-only,0,1,2,3,"D×1, F×1","TTT×2, GAT×1"
978,nonsynonymous-only,0,1,2,3,"L×1, S×1","CTT×2, TCC×1"
979,nonsynonymous-only,0,1,4,214,"E×1, H×1, P×1, Y×1","GAG×189, TAT×23, CAT×1, CCT×1"
980,nonsynonymous-only,0,1,11,3734,"F×2, I×2, L×2, M×1, N×1, S×1, T×1, V×1","ATT×2961, GTT×601, ATC×90, CTA×40, AAC×28, AGT×6, TTG×3, TTT×2, ACT×1, ATG×1, TTC×1"
981,nonsynonymous-only,0,1,22,4229,"S×5, I×3, V×3, A×2, L×2, C×1, F×1, G×1, M×1, N×1, P×1, Y×1","ATC×2188, CCT×443, TCT×400, TCA×363, GTA×350, CTT×224, AGT×89, TTT×73, GCT×49, AAT×28, ATT×7, ATG×3, GGT×2, GTC×2, ATA×1, GCA×1, GTT×1, TAT×1, TCC×1, TCG×1, TGT×1, TTA×1"
982,nonsynonymous-only,0,1,17,4161,"L×4, E×2, I×2, C×1, F×1, K×1, M×1, Q×1, R×1, V×1, W×1, Y×1","CAG×2189, TTA×570, TGG×443, ATA×414, TTG×199, TTT×174, GTA×83, TAC×48, GAG×21, TGT×6, CTT×4, CTA×3, ATG×2, ATT×2, AAA×1, CGG×1, GAA×1"
983,nonsynonymous-only,0,1,20,8088,"E×2, N×2, R×2, T×2, Y×2, A×1, D×1, G×1, I×1, K×1, L×1, P×1, Q×1, S×1, V×1","AAA×2638, AGA×2596, GAA×1031, AAT×843, GCA×412, ACA×351, GGA×123, GTT×48, GAG×22, ATC×6, TAT×4, TTA×3, AAC×2, ACG×2, CAA×2, CCA×1, CGG×1, GAT×1, TAC×1, TCA×1"
984,nonsynonymous-only,0,1,14,7635,"G×2, K×2, N×2, R×2, T×2, C×1, D×1, E×1, Y×1","AAG×2224, TGC×1417, AAA×1323, AGG×946, AGA×883, ACA×351, TAC×220, GGA×189, GAA×73, GAT×3, AAT×2, ACG×2, AAC×1, GGG×1"
985,nonsynonymous-only,0,1,16,7359,"A×3, E×2, I×2, K×2, R×2, G×1, P×1, S×1, T×1, V×1","AAA×2229, GCA×1641, GAA×937, CGA×843, ACA×835, GGA×443, GCT×397, AGA×20, GTG×4, AAG×2, CCT×2, GCC×2, ATA×1, ATC×1, GAG×1, TCG×1"
986,nonsynonymous-only,0,1,12,7279,"F×2, L×2, R×2, S×2, P×1, Q×1, W×1, Y×1","CCG×2176, CAG×1648, CTT×945, TCG×843, AGT×832, CGG×444, TTC×339, TAT×25, TTT×12, AGG×10, CTG×4, TGG×1"
987,nonsynonymous-only,0,1,11,6927,"K×2, N×2, F×1, I×1, M×1, R×1, S×1, W×1, Y×1","ATG×2189, AGT×1638, AAC×943, AAA×843, AGA×832, AAT×443, TGG×25, TAT×10, ATT×2, AAG×1, TTC×1"
988,nonsynonymous-only,0,1,9,6925,"L×2, S×2, V×2, A×1, F×1, P×1","TCG×2188, CCA×1639, TTG×943, TTA×843, GCG×832, GTT×443, TCC×25, TTC×11, GTG×1"
989,nonsynonymous-only,0,1,12,7278,"L×2, V×2, D×1, F×1, H×1, I×1, N×1, S×1, T×1, Y×1","TTT×3577, AGT×1636, TAT×853, CTA×831, ATT×349, GAT×25, GTT×2, AAT×1, ACT×1, CAT×1, CTT×1, GTA×1"
990,nonsynonymous-only,0,1,15,4546,"D×2, I×2, L×2, Y×2, F×1, G×1, H×1, P×1, R×1, T×1, V×1","GAT×1642, GAC×843, TAC×832, TAT×446, CCT×404, CAT×351, ATC×10, ACT×8, CTT×3, GTT×2, ATA×1, CGT×1, CTA×1, GGT×1, TTC×1"
991,nonsynonymous-only,0,1,10,6656,"L×2, Q×2, S×2, C×1, F×1, P×1, W×1","TCG×2189, TGG×1648, TGT×845, TCA×832, CAA×755, CCA×351, TTT×25, CAG×6, CTA×3, CTG×2"
992,nonsynonymous-only,0,1,15,5471,"I×3, L×3, R×3, A×2, G×1, K×1, S×1, V×1","TCG×1952, CTG×1324, GTC×831, GCG×748, TTG×552, AGA×25, GCA×15, ATT×10, GGT×6, AAG×3, AGG×1, ATA×1, ATC×1, CGA×1, TTA×1"
993,nonsynonymous-only,0,1,9,5469,"I×2, A×1, E×1, F×1, K×1, N×1, P×1, R×1","ATA×2190, GCA×1637, ATT×860, CCA×412, GAA×351, AGA×11, TTT×6, AAA×1, AAC×1"
994,nonsynonymous-only,0,1,12,4637,"T×3, A×2, I×2, V×2, G×1, M×1, R×1","GTA×2188, ACA×1965, GCA×412, ATA×28, ACG×16, AGA×10, ACT×7, ATT×6, GGA×2, ATG×1, GCG×1, GTG×1"
995,nonsynonymous-only,0,1,6,2568,"I×2, F×1, H×1, K×1, T×1","ACA×2190, ATT×350, TTC×25, AAA×1, ATA×1, CAC×1"
998,nonsynonymous-only,0,1,5,3891,"E×1, F×1, I×1, K×1, T×1","ACC×2189, TTT×844, ATC×833, GAA×24, AAA×1"
999,nonsynonymous-only,0,1,6,3891,"L×2, H×1, K×1, S×1, T×1","ACC×2189, CTT×843, TTA×832, AAA×25, CAT×1, TCT×1"
1000,nonsynonymous-only,0,1,12,5936,"G×2, I×2, N×2, S×2, F×1, R×1, V×1, Y×1","AAT×3034, AAC×1634, GGC×794, CGT×351, TTT×56, GTC×37, AGT×25, AGC×1, ATC×1, ATT×1, GGA×1, TAT×1"
1001,nonsynonymous-only,0,1,12,6349,"I×2, S×2, T×2, E×1, L×1, M×1, N×1, R×1, V×1","ATT×2189, ACT×1637, CTA×843, ATG×804, AGT×413, ATA×376, GAA×49, AGG×28, AAC×6, GTT×2, ACG×1, AGC×1"
1002,nonsynonymous-only,0,1,13,6669,"D×2, N×2, S×2, E×1, F×1, G×1, K×1, M×1, Q×1, R×1","AAT×3047, AGT×843, GAC×830, AAC×797, AAA×442, TTT×351, GAA×342, TCT×6, AGA×4, GAT×3, CAA×2, ATG×1, GGC×1"
1003,nonsynonymous-only,0,1,17,6770,"A×3, F×2, S×2, T×2, V×2, D×1, G×1, I×1, L×1, P×1, R×1","GCT×2179, GGT×1637, GAT×843, ACT×829, GTA×412, GTT×351, ATT×350, CCC×72, TTA×48, TCA×25, GCC×11, TTT×6, AGT×3, ACG×1, AGA×1, GCA×1, TTC×1"
1004,nonsynonymous-only,0,1,15,5174,"L×4, S×4, P×3, F×2, I×1, T×1","TTA×3023, TTG×871, TTT×412, TCT×389, CCT×346, TCA×72, CTA×40, TCG×6, CCC×5, ACT×3, CTG×2, TCC×2, ATA×1, CCA×1, TTC×1"
1005,nonsynonymous-only,0,1,12,5174,"D×2, E×2, K×2, A×1, G×1, N×1, R×1, V×1, Y×1","AAA×2306, AAG×846, GGT×830, GAC×411, GAG×352, GAT×344, AGA×48, GTA×25, AAC×5, TAT×5, GAA×1, GCT×1"
1006,nonsynonymous-only,0,1,9,4316,"E×2, A×1, D×1, K×1, N×1, R×1, S×1, Y×1","AAT×2191, AGT×843, GAA×462, GCG×412, AAA×359, TAT×40, GAG×6, GAC×2, AGA×1"
1007,nonsynonymous-only,0,1,9,3467,"L×4, E×1, I×1, P×1, Q×1, V×1","CTT×2188, CTA×412, GTA×400, CAA×343, ATA×72, CTG×40, TTG×6, GAA×5, CCT×1"
1008,nonsynonymous-only,0,1,8,2356,"G×2, I×2, R×2, E×1, K×1","GGC×2188, ATT×112, GGG×48, AGA×3, AAG×2, AGG×1, ATC×1, GAA×1"
1009,nonsynonymous-only,0,1,4,2277,"F×1, I×1, Q×1, T×1","TTT×2188, ATA×48, CAA×40, ACA×1"
1010,nonsynonymous-only,0,1,4,2191,"D×2, I×2","GAC×2187, ATT×2, ATC×1, GAT×1"
1011,nonsynonymous-only,0,1,2,2188,"A×1, V×1","GTG×1908, GCG×280"
1013,nonsynonymous-only,0,1,3,2213,"D×2, R×1","GAT×2072, GAC×116, CGG×25"
1014,nonsynonymous-only,0,1,2,2213,"K×1, N×1","AAT×2188, AAG×25"
1015,nonsynonymous-only,0,1,2,2213,"Q×1, W×1","CAA×2188, TGG×25"
1016,synonymous-only,1,0,2,2213,K×2,"AAG×2154, AAA×59"
1017,nonsynonymous-only,0,1,3,2213,"I×2, V×1","ATT×2184, ATC×25, GTT×4"
1018,nonsynonymous-only,0,1,7,2215,"V×2, A×1, G×1, I×1, S×1, T×1","GCC×2118, TCC×63, ATC×25, GTC×4, GGC×2, GTT×2, ACC×1"
1020,nonsynonymous-only,0,1,2,2213,"P×1, S×1","TCA×2188, CCT×25"
1021,nonsynonymous-only,0,1,2,2213,"D×1, K×1","GAC×2188, AAA×25"
1023,nonsynonymous-only,0,1,3,2213,"V×2, I×1","GTT×1752, GTC×437, ATT×24"
1024,nonsynonymous-only,0,1,7,2565,"G×2, Q×2, D×1, K×1, N×1","GGC×2166, CAG×346, GAC×25, GGT×22, CAA×3, AAT×2, AAA×1"
1025,nonsynonymous-only,0,1,8,2575,"A×1, E×1, G×1, Q×1, R×1, S×1, T×1, V×1","ACA×2213, GGA×339, GTA×10, GAA×6, CAA×2, GCA×2, TCA×2, AGA×1"
1026,nonsynonymous-only,0,1,12,3081,"L×5, R×3, K×2, C×1, M×1","AAA×2188, TTA×466, AGG×323, TGC×40, AAG×28, AGA×25, TTG×4, ATG×2, CTT×2, CGG×1, CTA×1, CTC×1"
1027,nonsynonymous-only,0,1,15,3422,"I×3, A×2, V×2, C×1, D×1, F×1, K×1, L×1, M×1, S×1, Y×1","ATG×2187, GCC×412, ATT×355, ATA×326, TTT×48, ATC×42, GAT×25, GTA×11, AGT×7, TGT×3, GTT×2, AAA×1, CTT×1, GCT×1, TAT×1"
1028,nonsynonymous-only,0,1,10,3082,"K×2, L×2, A×1, D×1, E×1, G×1, Q×1, S×1","AAA×1772, GAA×460, AAG×440, CAA×351, CTC×48, GGA×4, GAT×2, TCA×2, TTA×2, GCA×1"
1029,nonsynonymous-only,0,1,17,3497,"A×4, S×2, T×2, V×2, F×1, G×1, I×1, K×1, L×1, M×1, N×1","TTA×2193, GTT×412, GCT×313, ATG×200, ACG×137, GGA×72, ATA×48, GTA×42, GCC×28, TCA×25, GCG×14, GCA×5, TTT×3, AAT×2, AAA×1, ACA×1, AGT×1"
1030,nonsynonymous-only,0,1,15,5119,"L×3, V×3, A×2, I×2, T×2, E×1, H×1, M×1","GCC×2187, CAC×1637, GCG×411, CTG×352, ATG×342, GAG×72, ATA×53, TTG×40, ATC×11, TTA×6, GTC×3, ACA×2, ACG×1, GTA×1, GTG×1"
1031,nonsynonymous-only,0,1,10,7416,"K×2, N×2, D×1, E×1, G×1, R×1, S×1, Y×1","AAT×4032, AAG×1637, GGC×500, GAT×420, TAT×342, AGC×337, GAA×115, AAC×29, AAA×3, CGC×1"
1032,nonsynonymous-only,0,1,16,7807,"R×3, I×2, K×2, A×1, D×1, E×1, L×1, N×1, Q×1, S×1, T×1, Y×1","AAT×2187, AGT×1676, AAG×1637, GAT×946, CGA×412, AAA×380, CGT×341, CAA×90, ACA×72, GAA×40, ATA×12, TAT×6, TTA×3, AGA×2, ATT×2, GCA×1"
1033,nonsynonymous-only,0,1,10,6643,"A×2, F×2, D×1, H×1, I×1, N×1, T×1, Y×1","AAT×2187, TAC×1775, TTC×1637, ACC×843, TTT×90, GCA×70, ATT×28, GAT×10, GCG×2, CAT×1"
1034,nonsynonymous-only,0,1,13,6642,"E×2, L×2, T×2, A×1, F×1, G×1, I×1, P×1, Q×1, S×1","GCA×2182, CTA×1637, CCA×936, GAG×843, GGC×832, ACC×89, CAG×72, ATT×28, TTA×10, TCA×7, ACA×4, GAA×1, TTC×1"
1035,nonsynonymous-only,0,1,6,5212,"L×4, F×1, V×1","TTT×3891, TTA×832, CTA×423, GTT×56, CTT×6, TTG×4"
1036,nonsynonymous-only,0,1,11,5507,"R×3, K×2, D×1, E×1, L×1, N×1, Q×1, Y×1","TAC×2188, CTT×1637, CGT×832, CAG×341, AAA×307, GAA×76, AAG×47, AAT×42, AGA×28, GAT×6, AGG×3"
1037,nonsynonymous-only,0,1,12,4682,"I×3, L×3, T×2, A×1, M×1, P×1, V×1","ACC×2186, GTC×1636, CTA×424, TTG×341, CTT×40, ATC×38, ATA×6, ATT×5, ATG×2, CCT×2, ACA×1, GCC×1"
1038,nonsynonymous-only,0,1,9,4631,"D×1, E×1, G×1, H×1, I×1, K×1, N×1, Q×1, Y×1","AAA×2188, ATT×1637, GGG×341, AAC×340, CAA×72, CAT×40, TAC×11, GAA×1, GAT×1"
1039,nonsynonymous-only,0,1,11,4636,"L×3, E×2, H×2, Q×2, D×1, N×1","TTA×2229, CTA×1596, GAA×341, CAG×336, AAT×72, CAT×41, CAA×14, CAC×4, CTG×1, GAG×1, GAT×1"
1040,nonsynonymous-only,0,1,5,2895,"L×2, P×1, S×1, T×1","CCG×2130, TTG×707, TCG×56, ACG×1, CTG×1"
1041,nonsynonymous-only,0,1,5,3825,"A×1, E×1, P×1, T×1, V×1","ACA×2160, GTA×1115, GAA×521, CCA×28, GCA×1"
1042,nonsynonymous-only,0,1,5,3825,"F×2, D×1, G×1, V×1","GGC×2183, TTC×1562, TTT×75, GAC×4, GTT×1"
1046,nonsynonymous-only,0,1,2,2188,"A×1, P×1","CCT×2187, GCT×1"
1047,nonsynonymous-only,0,1,2,2188,"N×1, Q×1","AAC×2187, CAG×1"
1048,nonsynonymous-only,0,1,2,2188,"P×1, Q×1","CAA×2187, CCA×1"
1049,nonsynonymous-only,0,1,2,2188,"D×1, N×1","GAT×2187, AAC×1"
1050,nonsynonymous-only,0,1,2,2188,"L×1, Q×1","TTG×2187, CAA×1"
1051,nonsynonymous-only,0,1,3,2188,"Q×1, R×1, V×1","CAA×2186, CGA×1, GTA×1"
1052,nonsynonymous-only,0,1,4,3031,"A×2, I×1, T×1","GCT×2186, GCA×843, ACT×1, ATT×1"
1053,nonsynonymous-only,0,1,6,4668,"A×2, V×2, I×1, T×1","GTT×2187, GCC×1632, ATT×843, GCT×4, ACC×1, GTC×1"
1054,nonsynonymous-only,0,1,6,4695,"F×1, H×1, Q×1, R×1, S×1, Y×1","TAC×2185, CAT×1637, CAG×843, CGT×28, TCC×1, TTT×1"
1055,nonsynonymous-only,0,1,6,4696,"A×1, D×1, G×1, N×1, T×1, Y×1","GAT×3807, ACT×843, TAT×28, AAT×10, GGT×7, GCT×1"
1056,nonsynonymous-only,0,1,8,5563,"S×3, N×2, F×1, G×1, L×1","AAC×2152, TTC×1637, AAT×1392, TCA×351, CTG×28, AGC×1, GGC×1, TCG×1"
1057,nonsynonymous-only,0,1,11,6176,"I×2, L×2, P×2, F×1, M×1, Q×1, S×1, T×1","CCA×2188, ACA×1987, ATA×839, ATG×785, TTA×189, CAA×97, TTG×78, TTT×6, ATC×5, CCG×1, TCC×1"
1058,nonsynonymous-only,0,1,11,6726,"K×2, T×2, E×1, G×1, I×1, M×1, N×1, R×1, S×1","GAA×2187, ACA×1709, AAA×1461, AAC×1186, AAG×87, ATA×40, AGG×28, GGA×25, ACT×1, ATG×1, TCA×1"
1059,nonsynonymous-only,0,1,11,1421,"K×2, T×2, E×1, G×1, I×1, N×1, R×1, S×1, V×1","AAT×412, GAA×392, GGT×389, AAA×117, AGG×72, AAG×34, ACG×1, ACT×1, AGT×1, ATT×1, GTT×1"
1060,nonsynonymous-only,0,1,17,2718,"F×2, I×2, L×2, R×2, T×2, A×1, C×1, D×1, H×1, V×1, W×1, Y×1","ACC×1636, TTC×413, TAC×178, TGC×164, ACG×89, GTA×72, TTT×48, ATT×41, TTG×28, ATA×25, AGA×11, CTT×6, TGG×3, CAC×1, CGG×1, GAT×1, GCC×1"
1061,nonsynonymous-only,0,1,16,3547,"L×5, A×2, P×2, R×2, H×1, K×1, Q×1, T×1, W×1","GCA×1647, ACG×832, CCG×412, CGG×332, AAG×89, CCA×72, CAG×56, CTA×43, TTA×25, CTG×23, TGG×6, TTG×5, GCG×2, AGA×1, CAC×1, CTC×1"
1062,nonsynonymous-only,0,1,19,6582,"G×3, L×3, E×2, K×2, P×2, R×2, A×1, N×1, S×1, T×1, V×1","GGC×1603, CTG×1267, CCG×888, AGG×845, GCG×830, AAA×420, AAG×378, ACA×90, AAT×72, AGA×54, GGT×34, CCC×32, CTA×28, TTG×25, GTG×12, AGT×1, GAA×1, GAG×1, GGA×1"
1063,nonsynonymous-only,0,1,12,6462,"N×2, A×1, D×1, E×1, I×1, K×1, M×1, Q×1, R×1, T×1, V×1","AAT×3063, AAC×1636, ACT×830, GAG×412, GTT×279, AAG×89, GCT×63, GAC×40, CAG×28, ATT×15, CGG×6, ATG×1"
1064,nonsynonymous-only,0,1,12,2978,"G×2, Q×2, R×2, C×1, E×1, F×1, L×1, S×1, W×1","CAA×1655, TGC×832, AGC×412, TTG×40, CAG×28, GGG×3, TTC×3, AGA×1, CGA×1, GAA×1, GGA×1, TGG×1"
1065,nonsynonymous-only,0,1,11,5689,"I×2, H×1, K×1, M×1, P×1, Q×1, R×1, S×1, T×1, V×1","CAA×2245, TCA×1637, CGA×799, ATA×489, ACA×310, GTG×117, ATT×72, CAC×10, AAA×8, ATG×1, CCG×1"
1066,nonsynonymous-only,0,1,9,3085,"C×2, L×2, Q×2, F×1, K×1, P×1","TTT×2188, CCT×412, CTA×343, AAA×89, TGC×40, TGT×6, CAA×3, CTG×3, CAG×1"
1067,nonsynonymous-only,0,1,13,2737,"L×3, Q×2, R×2, F×1, K×1, N×1, V×1, W×1, Y×1","CAG×2186, TTG×341, TTA×90, AGG×40, AAG×31, CAA×25, TAT×12, TGG×6, TTT×2, AAC×1, AGA×1, CTG×1, GTT×1"
1068,nonsynonymous-only,0,1,13,3141,"A×2, P×2, V×2, E×1, G×1, K×1, L×1, Q×1, W×1, Y×1","GGA×2192, TTG×452, GCA×294, GTG×87, CCA×57, AAG×28, GAA×25, CAG×1, CCG×1, GCG×1, GTA×1, TAT×1, TGG×1"
1069,nonsynonymous-only,0,1,4,2303,"F×1, H×1, L×1, R×1","TTT×2186, CTC×89, CAC×24, CGC×4"
1070,nonsynonymous-only,0,1,3,1983,"C×1, F×1, Y×1","TGC×1957, TAC×25, TTT×1"
1071,nonsynonymous-only,0,1,4,3156,"A×1, E×1, N×1, V×1","GAA×3129, GCA×25, AAT×1, GTA×1"
1072,nonsynonymous-only,0,1,4,3155,"F×1, L×1, Q×1, W×1","TTA×2186, TGG×943, CAG×25, TTC×1"
1073,nonsynonymous-only,0,1,3,3156,"K×1, R×1, S×1","AAG×3130, TCG×25, AGG×1"
1074,nonsynonymous-only,0,1,5,3156,"I×1, K×1, M×1, T×1, V×1","ATT×2186, ATG×943, ACT×25, AAA×1, GTT×1"
1075,nonsynonymous-only,0,1,6,3156,"L×2, H×1, P×1, S×1, V×1","CTT×3112, TCT×25, CAT×10, CCT×7, GTT×1, TTA×1"
1076,nonsynonymous-only,0,1,2,2211,"Q×1, R×1","CAA×2186, CGA×25"
1080,nonsynonymous-only,0,1,2,2186,"F×1, Y×1","TAT×2170, TTT×16"
1083,nonsynonymous-only,0,1,3,2186,"L×2, R×1","CTG×2181, CGG×4, TTG×1"
1084,nonsynonymous-only,0,1,2,2186,"E×1, G×1","GAA×2176, GGA×10"
1085,nonsynonymous-only,0,1,2,2189,"L×1, S×1","TTG×2173, TCG×16"
1086,nonsynonymous-only,0,1,3,2189,"A×1, F×1, L×1","CTT×2186, GCT×2, TTT×1"
1087,nonsynonymous-only,0,1,3,2189,"I×1, N×1, V×1","ATA×2186, GTC×2, AAT×1"
1088,nonsynonymous-only,0,1,3,2189,"A×1, T×1, V×1","GCG×2169, GTG×17, ACA×3"
1089,nonsynonymous-only,0,1,3,2189,"R×2, M×1","ATG×2186, AGG×2, AGA×1"
1090,nonsynonymous-only,0,1,3,2188,"H×1, N×1, Y×1","CAC×2181, AAC×5, TAC×2"
1091,nonsynonymous-only,0,1,2,2186,"F×1, S×1","TTT×2170, TCT×16"
1095,nonsynonymous-only,0,1,3,40,"C×1, R×1, W×1","TGT×25, TGG×13, CGA×2"
1096,nonsynonymous-only,0,1,4,2212,"L×2, F×1, S×1","TTG×2172, TTC×25, TTA×14, TCG×1"
1099,nonsynonymous-only,0,1,3,2211,"I×1, S×1, T×1","ACA×2181, AGC×25, ATA×5"
1100,nonsynonymous-only,0,1,2,2211,"K×1, Q×1","AAA×2186, CAA×25"
1101,nonsynonymous-only,0,1,4,2211,"A×1, P×1, R×1, T×1","CCT×2137, ACT×39, GCT×25, CGT×10"
1102,nonsynonymous-only,0,1,2,2186,"L×1, P×1","CTG×2185, CCG×1"
1103,nonsynonymous-only,0,1,2,2186,"I×1, T×1","ATA×1185, ACA×1001"
1105,nonsynonymous-only,0,1,3,2186,"L×2, S×1","TTA×2175, TCA×10, CTA×1"
1106,nonsynonymous-only,0,1,7,2589,"R×2, H×1, K×1, Q×1, S×1, V×1","AAG×2186, CAG×339, AGA×47, CAT×12, TCC×3, AGG×1, GTT×1"
1107,nonsynonymous-only,0,1,11,2932,"E×2, C×1, H×1, I×1, K×1, L×1, Q×1, R×1, W×1, Y×1","CGC×2183, AAA×350, GAG×306, GAA×43, ATC×40, TAT×3, CAA×2, TGC×2, CAC×1, CTT×1, TGG×1"
1108,nonsynonymous-only,0,1,10,3351,"R×3, E×2, K×2, I×1, Q×1, W×1","AAG×2187, AGG×753, GAA×351, TGG×44, AGA×10, CGG×2, AAA×1, ATA×1, CAA×1, GAG×1"
1109,nonsynonymous-only,0,1,16,3354,"F×2, K×2, N×2, S×2, V×2, Y×2, A×1, C×1, Q×1, W×1","AAG×2186, AGT×412, AAT×341, GTT×337, TGC×40, GTA×12, TTC×6, CAG×5, TAT×4, AAC×3, GCA×2, TTT×2, AAA×1, TAC×1, TCT×1, TGG×1"
1110,nonsynonymous-only,0,1,15,3356,"L×3, P×2, Q×2, T×2, E×1, G×1, K×1, R×1, V×1, Y×1","CCA×2175, TTA×412, CAG×353, GAA×340, AAA×48, CTA×10, CTC×6, CAA×3, GTT×3, ACA×1, ACG×1, AGA×1, CCG×1, GGA×1, TAC×1"
1111,nonsynonymous-only,0,1,13,3436,"L×2, T×2, V×2, A×1, F×1, I×1, K×1, N×1, P×1, S×1","GCA×2149, TCT×480, TTT×392, CCT×324, GTA×37, ACT×28, GTT×7, AAT×6, ATT×5, AAG×3, CTT×3, ACC×1, TTG×1"
1112,nonsynonymous-only,0,1,16,5153,"I×3, S×3, F×2, C×1, D×1, L×1, N×1, P×1, T×1, V×1, Y×1","ACA×2035, GAT×933, AAT×708, GTC×413, TTC×343, AGC×339, ATA×154, TTT×89, TAT×48, CTC×41, TGC×28, AGT×12, ATC×5, ATT×3, CCT×1, TCA×1"
1113,nonsynonymous-only,0,1,16,5295,"S×3, D×2, L×2, P×2, R×2, E×1, H×1, K×1, W×1, Y×1","CTA×2186, CGA×1635, AGG×416, TGG×385, TCA×298, CCA×243, GAT×88, GAC×28, TAC×6, TCC×3, TTA×2, AAA×1, AGC×1, CAC×1, CCT×1, GAG×1"
1114,nonsynonymous-only,0,1,18,7604,"G×3, N×2, R×2, T×2, C×1, D×1, E×1, K×1, M×1, S×1, V×1, W×1, Y×1","ACG×3473, AGT×1637, GAA×843, ATG×468, AGG×422, TGG×385, AAG×225, GGC×88, TGT×48, AAC×3, GAT×3, GGG×2, TAC×2, AAT×1, ACA×1, AGA×1, GGT×1, GTG×1"
1115,nonsynonymous-only,0,1,13,7448,"R×2, S×2, A×1, E×1, I×1, L×1, M×1, N×1, P×1, T×1, V×1","TTA×2190, GCA×1637, ATG×1085, ATA×943, AGA×461, TCA×448, AAC×351, CGA×186, GTA×89, CCA×49, ACA×6, TCG×2, GAA×1"
1116,nonsynonymous-only,0,1,17,5413,"A×2, K×2, L×2, V×2, E×1, G×1, I×1, M×1, N×1, R×1, S×1, T×1, W×1","TCA×1636, GAA×1118, TGG×942, AAA×764, TTA×444, GTA×310, ATG×49, GCA×42, AAG×41, GCG×28, GGA×26, ATA×6, ACG×3, AAT×1, CGG×1, GTT×1, TTG×1"
1117,nonsynonymous-only,0,1,17,7604,"L×3, R×3, S×3, Q×2, A×1, I×1, K×1, P×1, T×1, V×1","CTA×2177, CTT×1637, TTA×1286, CAA×1030, ACA×800, CCA×326, CGG×188, GCA×50, TCA×43, TCT×28, CAG×25, AGG×4, GTA×4, ATA×3, AAA×1, CGT×1, TCG×1"
1118,nonsynonymous-only,0,1,14,7574,"A×2, E×2, I×2, K×2, T×2, M×1, P×1, R×1, S×1","ACG×2907, ACA×2083, TCG×968, GAG×843, GAA×355, ATA×190, AGA×90, ATG×80, ATT×49, AAG×4, AAA×2, CCA×1, GCA×1, GCG×1"
1119,nonsynonymous-only,0,1,4,2303,"K×2, H×1, N×1","AAA×2186, CAT×88, AAG×28, AAT×1"
1120,nonsynonymous-only,0,1,4,3940,"H×1, L×1, P×1, R×1","CAT×3823, CCT×88, CGA×28, CTT×1"
1122,nonsynonymous-only,0,1,2,2186,"I×1, M×1","ATG×2183, ATA×3"
1124,synonymous-only,1,0,2,2186,P×2,"CCG×2180, CCA×6"
1125,nonsynonymous-only,0,1,3,2186,"L×1, Q×1, R×1","CGA×2175, CTA×10, CAA×1"
1129,nonsynonymous-only,0,1,2,2185,"C×1, Y×1","TGT×2049, TAT×136"
1132,nonsynonymous-only,0,1,2,2186,"I×1, T×1","ATT×2181, ACT×5"
1133,nonsynonymous-only,0,1,2,90,"S×1, W×1","TGG×89, TCG×1"
1134,nonsynonymous-only,0,1,4,2304,"E×1, H×1, K×1, L×1","GAG×2186, TTA×89, AAA×28, CAT×1"
1135,nonsynonymous-only,0,1,6,2306,"R×3, T×2, I×1","CGA×2186, ATT×89, ACG×28, ACA×1, CGC×1, CGT×1"
1136,nonsynonymous-only,0,1,6,2278,"A×1, I×1, L×1, M×1, S×1, T×1","ATG×1307, ACG×879, TCG×89, ATT×1, GCT×1, TTG×1"
1137,nonsynonymous-only,0,1,17,5600,"S×3, A×2, G×2, K×2, C×1, E×1, I×1, L×1, N×1, R×1, T×1, V×1","AAA×2186, AGC×1637, GCT×797, AAT×443, ATA×351, GAA×117, TCC×48, AGA×6, GCA×4, GGA×3, CTA×2, AAG×1, ACC×1, GGT×1, GTT×1, TCT×1, TGT×1"
1138,nonsynonymous-only,0,1,15,5600,"I×3, F×2, L×2, S×2, V×2, A×1, E×1, M×1, T×1","TCC×1901, ACC×1635, ATT×911, TTC×498, ATA×313, TTT×139, GCA×84, ATG×76, GTG×28, GAA×5, CTA×3, ATC×2, GTC×2, TTA×2, TCT×1"
1139,nonsynonymous-only,0,1,16,6441,"A×4, S×3, L×2, T×2, D×1, F×1, G×1, I×1, V×1","CTT×2186, TTT×1684, AGT×844, ATT×444, GCC×418, ACA×317, GCG×303, GAT×89, GTG×48, GCA×44, GGC×28, ACG×27, GCT×6, TCG×1, TCT×1, TTA×1"
1140,nonsynonymous-only,0,1,13,4804,"R×5, A×1, E×1, K×1, L×1, N×1, Q×1, S×1, Y×1","CAA×3029, TTG×443, AGA×424, CGC×381, AAC×351, TAT×89, AGG×48, AAA×29, GCA×4, CGA×2, CGT×2, AGT×1, GAA×1"
1141,nonsynonymous-only,0,1,19,7386,"A×3, L×3, V×3, P×2, S×2, F×1, G×1, I×1, K×1, R×1, T×1","GTA×2187, ACA×1637, TTG×944, GTG×871, ATA×443, GCA×414, AAG×350, TTA×345, CCG×87, GGC×47, TCT×40, GCT×6, TTT×5, AGA×2, CCA×2, CTT×2, GCG×2, AGC×1, GTC×1"
1142,nonsynonymous-only,0,1,15,7382,"L×5, F×2, I×2, K×2, V×2, A×1, E×1","TTA×3030, AAG×1367, TTT×946, TTG×564, ATT×414, CTG×351, GCA×325, AAA×268, GTC×48, CTT×42, GTA×18, CTA×4, GAG×2, TTC×2, ATC×1"
1143,nonsynonymous-only,0,1,15,4205,"L×3, C×2, F×2, Y×2, E×1, G×1, I×1, N×1, Q×1, T×1","TGC×1637, GAA×843, TTA×457, CTT×445, TTT×369, TGT×351, TTC×90, ATA×6, AAT×1, ACA×1, CAG×1, GGC×1, TAC×1, TAT×1, TTG×1"
1144,nonsynonymous-only,0,1,17,6391,"R×3, S×3, A×2, D×2, L×2, F×1, K×1, N×1, Q×1, T×1","TTT×2186, TTG×1725, GCA×843, TCT×444, AAA×407, ACA×342, CAA×339, TCA×41, GAT×23, AGA×14, CGA×12, GAC×5, AAT×3, AGT×2, CTA×2, GCG×2, CGG×1"
1145,nonsynonymous-only,0,1,15,5948,"I×2, R×2, D×1, E×1, F×1, H×1, K×1, N×1, P×1, Q×1, S×1, T×1, V×1","GTT×2480, ATC×2186, GAT×418, CAA×341, CGT×339, AAA×117, TCT×40, CAT×12, AGA×6, AAT×2, GAA×2, TTT×2, ACT×1, ATT×1, CCA×1"
1146,nonsynonymous-only,0,1,15,5105,"A×3, P×3, E×1, F×1, I×1, K×1, N×1, Q×1, R×1, S×1, V×1","CAA×2187, TCA×1637, GCA×793, ATA×351, GAG×89, GCG×28, CCA×6, AAA×3, GTA×3, CCG×2, GCC×2, AAT×1, AGG×1, CCC×1, TTT×1"
1147,nonsynonymous-only,0,1,14,4754,"D×2, E×2, K×2, T×2, G×1, L×1, M×1, N×1, P×1, V×1","ACG×2185, ACA×1665, AAG×412, GAG×341, TTG×91, GAA×40, AAA×7, GAT×6, AAT×2, ATG×1, CCC×1, GAC×1, GGT×1, GTG×1"
1148,nonsynonymous-only,0,1,11,3117,"I×3, L×2, T×2, V×2, A×1, M×1","ATT×1967, ACT×710, ATC×299, GTT×92, GCC×28, ATA×12, GTC×3, CTT×2, TTG×2, ACA×1, ATG×1"
1149,nonsynonymous-only,0,1,2,2,"C×1, D×1","GAT×1, TGT×1"
1151,nonsynonymous-only,0,1,3,191,"G×1, R×1, V×1","AGA×189, GGA×1, GTT×1"
1152,nonsynonymous-only,0,1,13,3189,"L×4, V×3, E×1, I×1, K×1, R×1, S×1, Y×1","AAA×2376, GTT×412, CTT×341, GTG×40, CTA×7, TAT×5, AGT×2, ATT×1, CGT×1, CTC×1, GAG×1, GTA×1, TTA×1"
1153,nonsynonymous-only,0,1,15,5770,"L×4, I×2, V×2, E×1, F×1, G×1, M×1, P×1, Q×1, S×1","TCA×2186, CAA×943, CTG×843, ATT×761, GTG×540, GGA×443, TTA×40, ATA×4, CTT×3, TTT×2, ATG×1, CCA×1, GAA×1, GTA×1, TTG×1"
1154,nonsynonymous-only,0,1,14,5770,"L×4, I×2, T×2, E×1, F×1, G×1, K×1, M×1, V×1","AAA×3129, GGT×843, ACA×443, ATG×412, GAA×351, TTA×348, ATT×189, CTT×40, TTG×7, TTT×3, ATA×2, ACG×1, CTA×1, GTT×1"
1155,nonsynonymous-only,0,1,10,5770,"D×2, A×1, C×1, E×1, G×1, H×1, N×1, S×1, V×1","GAT×2954, GGT×943, CAT×843, GTT×540, TGC×443, GAC×42, AGT×2, AAC×1, GAA×1, GCA×1"
1156,nonsynonymous-only,0,1,8,5795,"E×2, Q×2, G×1, K×1, N×1, Y×1","AAA×3130, GAA×1334, AAC×443, GGA×351, GAG×344, CAG×189, CAA×3, TAT×1"
1157,nonsynonymous-only,0,1,19,5853,"A×4, G×2, I×2, P×2, D×1, E×1, F×1, H×1, K×1, L×1, N×1, S×1, V×1","ATT×3983, AGT×439, GAT×351, GCC×351, GCG×340, GCT×251, GAG×48, TTA×40, AAT×25, GGT×7, ATC×6, GTA×3, AAA×2, CCA×2, CAT×1, CCT×1, GCA×1, GGG×1, TTT×1"
1158,nonsynonymous-only,0,1,15,5857,"I×3, T×3, N×2, S×2, D×1, F×1, L×1, P×1, V×1","CTT×2186, AGT×1255, GTT×955, CCC×441, TCA×351, ACT×346, GAT×190, AAT×48, ACC×45, ATT×25, TTT×6, AAC×3, ACA×3, ATA×2, ATC×1"
1159,nonsynonymous-only,0,1,17,5857,"S×4, A×2, D×1, F×1, H×1, I×1, L×1, N×1, P×1, Q×1, T×1, V×1, Y×1","GAT×2186, CAA×943, AAT×844, ATT×443, GCA×409, GTC×351, TCT×317, TTT×194, TCC×71, TTA×48, ACT×26, TAT×11, TCA×8, AGT×2, GCT×2, CAT×1, CCT×1"
1160,nonsynonymous-only,0,1,15,5014,"S×3, D×2, N×2, Y×2, A×1, E×1, F×1, G×1, H×1, K×1","TAT×2186, GAT×947, AGT×795, TCT×437, GCA×343, GAC×189, GAA×48, AAC×43, AAT×11, GGA×10, AAG×1, AGC×1, CAC×1, TAC×1, TTT×1"
1164,nonsynonymous-only,0,1,12,898,"K×2, L×2, E×1, F×1, G×1, H×1, R×1, S×1, W×1, Y×1","TTG×424, TGG×381, AAG×48, TCA×25, TTA×12, TAT×2, AAA×1, CAC×1, CGA×1, GAG×1, GGT×1, TTC×1"
1165,nonsynonymous-only,0,1,14,4677,"I×3, K×2, R×2, T×2, E×1, F×1, L×1, M×1, V×1","ATG×2181, ACG×1408, ATC×413, TTG×351, AGA×189, AAG×48, ACA×40, ATA×33, ATT×8, GTA×2, AAA×1, AGG×1, GAA×1, TTT×1"
1166,nonsynonymous-only,0,1,18,4628,"L×4, S×4, K×2, Q×2, T×2, A×1, E×1, I×1, N×1","CTT×2186, CTG×1293, CAG×406, AAA×344, GAA×189, ACA×87, GCT×68, AAC×24, CAA×9, TTG×8, TTA×5, AAG×2, ACG×2, AGC×1, ATA×1, TCA×1, TCC×1, TCG×1"
1167,nonsynonymous-only,0,1,14,7054,"I×2, L×2, R×2, S×2, E×1, F×1, K×1, N×1, P×1, T×1","ATA×2788, CTG×1774, CCA×1636, AAA×359, AGA×341, TCA×90, ACA×28, CTA×26, AAT×3, ATT×3, TCT×3, CGG×1, GAA×1, TTT×1"
1168,nonsynonymous-only,0,1,21,8441,"L×4, I×3, V×3, P×2, C×1, F×1, G×1, H×1, K×1, M×1, Q×1, R×1, T×1","ACA×4274, AAA×1775, AGA×843, ATG×456, ATC×351, CCG×341, TTA×189, TTC×115, GTA×49, ATA×28, CCA×4, CAT×3, TTG×3, GTC×2, TGC×2, ATT×1, CAG×1, CTC×1, CTG×1, GGA×1, GTG×1"
1169,nonsynonymous-only,0,1,19,8450,"R×3, H×2, K×2, N×2, Q×2, C×1, G×1, L×1, S×1, T×1, V×1, W×1, Y×1","AAG×5160, AAC×1628, AAA×643, AGT×411, ACG×351, CAT×87, AAT×66, CGG×48, CAA×36, AGA×5, CTC×3, TGG×3, CAC×2, GTC×2, AGG×1, CAG×1, GGA×1, TAC×1, TGC×1"
1170,nonsynonymous-only,0,1,18,7347,"R×3, K×2, L×2, N×2, Q×2, D×1, E×1, I×1, M×1, P×1, T×1, V×1","CAA×2264, GAA×2192, AAA×1194, CAG×832, ATG×412, GAC×351, AGA×73, GTA×6, AAG×4, CGA×4, AAC×3, ACA×3, ATA×2, CCA×2, TTA×2, AAT×1, AGG×1, TTG×1"
1171,nonsynonymous-only,0,1,20,5364,"S×3, E×2, I×2, K×2, N×2, Y×2, C×1, D×1, L×1, Q×1, R×1, T×1, V×1","AAT×2393, AGG×833, AGT×558, AAC×411, TCA×351, AAG×342, GAT×184, AAA×148, ACG×72, GAA×40, TAT×17, ATA×5, ATT×2, CAA×2, CTC×1, GAG×1, GTC×1, TAC×1, TCT×1, TGC×1"
1172,nonsynonymous-only,0,1,15,3099,"L×3, S×3, F×2, Y×2, C×1, D×1, P×1, Q×1, R×1","TTC×880, TCA×833, TAC×441, CTA×351, TGT×341, TTT×205, TTA×30, CCA×10, TCT×2, CAA×1, CGG×1, GAC×1, TAT×1, TCC×1, TTG×1"
1173,nonsynonymous-only,0,1,13,1269,"K×2, Y×2, C×1, E×1, F×1, I×1, L×1, M×1, N×1, R×1, W×1","AAA×540, TAC×341, GAA×262, ATG×73, ATC×28, TAT×6, AAT×4, TTT×4, AAG×3, TGC×3, TGG×2, TTG×2, AGA×1"
1174,nonsynonymous-only,0,1,14,1618,"K×2, L×2, N×2, R×2, S×2, E×1, I×1, M×1, T×1","AAC×466, AGG×451, AAG×344, ATA×193, AAA×147, CTA×7, AGC×2, GAG×2, AAT×1, ACG×1, AGA×1, AGT×1, ATG×1, CTT×1"
1175,nonsynonymous-only,0,1,2,2,"I×1, P×1","ATT×1, CCT×1"
1178,nonsynonymous-only,0,1,4,120,"F×1, H×1, L×1, R×1","CAC×116, CGC×2, TTG×1, TTT×1"
1179,nonsynonymous-only,0,1,4,31,"Y×2, Q×1, S×1","CAA×28, TAC×1, TAT×1, TCT×1"
1180,nonsynonymous-only,0,1,7,334,"A×1, C×1, H×1, I×1, K×1, V×1, W×1","GTA×189, ATT×89, CAT×28, TGG×25, AAG×1, GCT×1, TGT×1"
1181,nonsynonymous-only,0,1,9,3717,"L×3, Y×2, F×1, P×1, S×1, W×1","TGG×1705, TTA×898, TTC×762, TAC×341, CCG×3, TAT×3, TCG×2, TTG×2, CTA×1"
1182,nonsynonymous-only,0,1,12,5446,"I×2, K×2, N×2, R×2, E×1, M×1, S×1, W×1","AAA×4541, AAT×458, AGA×262, AAG×126, ATA×44, GAA×6, AGT×3, AGG×2, AAC×1, ATC×1, ATG×1, TGG×1"
1183,nonsynonymous-only,0,1,6,2520,"G×1, K×1, M×1, R×1, S×1, T×1","AGA×2375, ATG×88, AAA×29, AGT×25, ACG×2, GGT×1"
1184,nonsynonymous-only,0,1,5,2213,"A×1, F×1, L×1, P×1, Q×1","CCA×2185, TTT×25, CAA×1, CTA×1, GCG×1"
1185,nonsynonymous-only,0,1,3,2212,"N×2, W×1","AAT×2186, TGG×25, AAC×1"
1186,nonsynonymous-only,0,1,4,2212,"C×2, H×1, Y×1","CAT×2181, TGC×25, TAT×5, TGT×1"
1187,nonsynonymous-only,0,1,3,2212,"L×2, Q×1","CTA×2119, TTA×68, CAA×25"
1188,nonsynonymous-only,0,1,3,2212,"F×2, I×1","TTC×2186, TTT×25, ATT×1"
1190,nonsynonymous-only,0,1,2,2211,"F×1, N×1","TTT×2186, AAT×25"
1191,nonsynonymous-only,0,1,2,2211,"N×1, S×1","AGC×2186, AAT×25"
1192,nonsynonymous-only,0,1,2,2186,"R×1, W×1","TGG×2181, CGG×5"
1194,nonsynonymous-only,0,1,2,2186,"D×1, N×1","AAT×2176, GAT×10"
1196,nonsynonymous-only,0,1,4,2211,"P×2, Q×1, S×1","CCG×2182, CCA×24, CAG×4, TCA×1"
1197,nonsynonymous-only,0,1,2,2211,"I×1, L×1","CTT×2186, ATC×25"
1200,nonsynonymous-only,0,1,3,2187,"P×1, R×1, W×1","TGG×2163, CGG×23, CCG×1"
1201,nonsynonymous-only,0,1,2,2187,"F×1, N×1","TTT×2186, AAC×1"
1202,nonsynonymous-only,0,1,3,2212,"D×1, N×1, Y×1","AAT×2186, TAC×25, GAC×1"
1203,nonsynonymous-only,0,1,3,2212,"C×1, G×1, I×1","GGA×2186, TGC×25, ATT×1"
1204,nonsynonymous-only,0,1,3,2212,"C×1, G×1, H×1","TGC×2186, CAC×25, GGT×1"
1205,nonsynonymous-only,0,1,4,2215,"H×1, N×1, Q×1, Y×1","CAT×2096, AAT×116, CAA×2, TAT×1"
1206,nonsynonymous-only,0,1,5,2215,"C×1, H×1, Q×1, W×1, Y×1","CAC×2171, CAG×25, TAC×15, TGC×3, TGG×1"
1207,nonsynonymous-only,0,1,5,2213,"L×2, P×1, R×1, W×1","CTA×1350, TTA×837, TGG×23, CGG×2, CCA×1"
1208,nonsynonymous-only,0,1,2,2211,"C×1, W×1","TGT×2186, TGG×25"
1209,nonsynonymous-only,0,1,3,2187,"A×1, I×1, T×1","GCT×2185, ACT×1, ATT×1"
1210,nonsynonymous-only,0,1,3,2212,"D×1, G×1, V×1","GAT×2186, GGC×25, GTC×1"
1211,nonsynonymous-only,0,1,4,2212,"C×1, D×1, H×1, Y×1","TGC×2186, TAT×24, CAT×1, GAC×1"
1212,nonsynonymous-only,0,1,3,2212,"I×1, N×1, V×1","ATT×2186, GTT×25, AAT×1"
1215,nonsynonymous-only,0,1,2,2186,"D×1, N×1","GAT×2184, AAT×2"
1216,synonymous-only,1,0,2,2328,F×2,"TTC×2186, TTT×142"
1217,nonsynonymous-only,0,1,4,2328,"S×2, I×1, P×1","CCT×2210, ATT×89, TCA×28, TCT×1"
1218,nonsynonymous-only,0,1,13,3611,"C×2, D×1, E×1, F×1, K×1, L×1, N×1, Q×1, R×1, S×1, W×1, Y×1","TGT×2188, GAT×411, GAA×351, TAC×341, TTT×90, TTA×78, AAA×69, CAA×48, TGG×25, AGC×4, AAT×3, TGC×2, AGA×1"
1219,nonsynonymous-only,0,1,14,3580,"C×2, H×2, P×2, E×1, F×1, L×1, N×1, Q×1, R×1, S×1, Y×1","TAC×2161, GAA×412, CCA×341, TCC×315, AGG×160, CAT×89, CCC×42, CTC×25, AAC×18, CAC×10, TGT×3, CAA×2, TGC×1, TTC×1"
1220,nonsynonymous-only,0,1,9,3466,"E×2, G×2, K×2, I×1, Q×1, R×1","AAG×2214, AGA×774, CAA×286, GAG×72, ATA×48, GAA×41, GGG×25, GGA×5, AAA×1"
1221,nonsynonymous-only,0,1,11,3082,"K×2, C×1, E×1, F×1, L×1, N×1, Q×1, R×1, S×1, Y×1","TAT×2192, AAA×454, AAT×351, TCA×48, CGC×25, TTG×6, CAG×2, AAG×1, GAA×1, TGC×1, TTT×1"
1222,nonsynonymous-only,0,1,11,3421,"H×2, N×2, S×2, C×1, D×1, G×1, V×1, Y×1","GAT×2186, AAC×453, GTT×341, CAT×327, TAT×48, TCC×48, AAT×6, GGC×6, AGC×3, CAC×2, TGC×1"
1223,nonsynonymous-only,0,1,9,3047,"Y×2, C×1, D×1, E×1, I×1, N×1, R×1, S×1","TAT×2235, AGT×452, GAC×334, ATT×9, GAA×7, TGT×4, TAC×3, AGA×2, AAC×1"
1224,nonsynonymous-only,0,1,8,3791,"D×2, C×1, G×1, H×1, N×1, T×1, Y×1","GAT×2187, TAT×797, GAC×443, GGT×351, AAT×6, ACT×3, CAT×2, TGT×2"
1225,nonsynonymous-only,0,1,14,3861,"Y×2, A×1, C×1, D×1, E×1, F×1, I×1, L×1, N×1, R×1, S×1, T×1, W×1","TGG×2185, GAT×443, TAT×415, ACC×347, TTT×341, TCG×48, CGT×40, GAA×25, ATT×7, GCC×4, CTT×2, TGC×2, AAT×1, TAC×1"
1226,nonsynonymous-only,0,1,10,3862,"Y×2, C×1, D×1, G×1, L×1, N×1, R×1, S×1, V×1","GAT×2489, GTT×443, TAT×354, GGT×341, AAT×134, AGT×49, TGT×46, TAC×4, CGT×1, CTC×1"
1227,nonsynonymous-only,0,1,11,3862,"L×2, R×2, Y×2, C×1, E×1, H×1, S×1, T×1","TAT×2559, AGC×450, TTA×351, TAC×346, CAT×120, CGT×25, AGA×6, CTC×2, ACC×1, GAG×1, TGC×1"
1228,nonsynonymous-only,0,1,7,3837,"L×2, S×2, H×1, T×1, Y×1","CAC×2186, TCA×761, TAC×443, TCC×351, TTA×48, ACA×46, TTG×2"
1229,nonsynonymous-only,0,1,10,3828,"L×2, R×2, S×2, F×1, P×1, Q×1, W×1","CTA×2186, TCG×786, CGG×443, TGG×351, TTG×48, TCA×6, CCA×3, CAG×2, TTC×2, CGA×1"
1230,nonsynonymous-only,0,1,12,3812,"T×4, S×2, F×1, G×1, H×1, I×1, N×1, Y×1","TAC×2186, TCG×442, ATT×411, ACA×351, ACC×341, TCT×40, CAT×26, TTT×9, AAT×3, ACG×1, ACT×1, GGT×1"
1231,nonsynonymous-only,0,1,11,3121,"F×2, L×2, Q×2, I×1, K×1, R×1, S×1, V×1","TTC×2186, ATC×450, TTA×424, TTT×26, CTA×20, TCT×6, AGA×3, AAA×2, CAA×2, CAG×1, GTC×1"
1232,nonsynonymous-only,0,1,11,3463,"C×2, Y×2, E×1, H×1, K×1, L×1, N×1, Q×1, T×1","TGT×2187, TGC×449, CAG×411, AAC×332, CAC×40, TAT×25, AAA×10, GAA×3, TAC×3, ACC×2, CTT×1"
1233,nonsynonymous-only,0,1,10,3453,"R×2, S×2, C×1, H×1, N×1, P×1, V×1, W×1","CAT×2598, CGG×436, CCT×310, AGT×40, TGG×32, TCT×31, AAT×3, CGT×1, GTT×1, TGT×1"
1234,nonsynonymous-only,0,1,9,397,"S×2, A×1, E×1, G×1, K×1, N×1, R×1, T×1","GCG×338, AAT×40, AGA×6, TCA×4, ACG×3, TCC×3, AAA×1, GAA×1, GGA×1"
1235,nonsynonymous-only,0,1,9,2977,"I×3, A×1, F×1, K×1, M×1, T×1, V×1","GCG×2186, ATC×411, ATT×342, ATG×25, TTT×6, AAA×2, ATA×2, GTG×2, ACG×1"
1236,nonsynonymous-only,0,1,11,3014,"R×2, C×1, D×1, F×1, G×1, L×1, N×1, P×1, S×1, Y×1","GAC×2121, TGT×752, AAC×90, TTC×40, GGA×3, CGC×2, TAT×2, AGG×1, AGT×1, CCT×1, CTT×1"
1237,nonsynonymous-only,0,1,9,3519,"L×2, C×1, E×1, F×1, G×1, K×1, Q×1, R×1","CAA×2211, AGA×736, TGT×353, AAA×191, GGA×17, TTA×6, TTC×3, CTT×1, GAA×1"
1238,nonsynonymous-only,0,1,8,2324,"H×2, Y×2, C×1, R×1, S×1, W×1","AGA×2186, TAT×113, TGG×14, TAC×6, CAT×2, AGT×1, CAC×1, TGC×1"
1239,nonsynonymous-only,0,1,10,3613,"N×2, C×1, D×1, H×1, I×1, M×1, S×1, T×1, Y×1","AAT×3296, TGT×189, CAT×113, TAT×6, AGT×3, ACT×2, AAC×1, ATA×1, ATG×1, GAT×1"
1240,nonsynonymous-only,0,1,10,3256,"P×2, C×1, E×1, F×1, H×1, L×1, R×1, S×1, Y×1","CGG×2186, TAT×537, TCT×411, GAA×72, TTA×40, TTT×4, CCT×3, CAT×1, CCA×1, TGT×1"
1241,nonsynonymous-only,0,1,11,3781,"F×2, C×1, I×1, L×1, N×1, R×1, S×1, V×1, W×1, Y×1","TAT×2189, TTT×846, TGT×451, TTC×189, AAT×76, CTT×25, AGC×1, ATT×1, CGT×1, GTT×1, TGG×1"
1242,nonsynonymous-only,0,1,10,3776,"F×2, P×2, L×1, N×1, Q×1, S×1, V×1, Y×1","CCT×1899, CCC×843, CTT×436, TCT×399, TTT×189, TAT×5, TTC×2, AAT×1, CAG×1, GTT×1"
1243,nonsynonymous-only,0,1,8,3737,"E×2, V×2, G×1, L×1, Q×1, T×1","GAA×2187, CAA×868, GTC×412, TTA×193, ACA×72, GAG×3, GGA×1, GTA×1"
1244,nonsynonymous-only,0,1,11,3699,"N×2, R×2, S×2, C×1, E×1, F×1, Q×1, T×1","AGC×2186, AAT×843, AGA×411, TGT×172, ACA×38, CAG×25, CGC×17, TCA×3, GAA×2, AAC×1, TTT×1"
1245,nonsynonymous-only,0,1,10,2840,"A×2, I×1, K×1, L×1, M×1, R×1, T×1, V×1, W×1","GTT×2123, AGG×411, AAA×172, GCT×45, TGG×39, ATA×25, ACT×18, GCA×3, ATG×2, TTA×2"
1246,nonsynonymous-only,0,1,6,2386,"R×2, G×1, K×1, M×1, V×1","AGG×2162, AGA×172, AAG×25, GGG×24, GTT×2, ATG×1"
1247,nonsynonymous-only,0,1,4,2212,"G×1, K×1, R×1, S×1","AGC×2142, GGC×44, AAA×25, CGC×1"
1248,nonsynonymous-only,0,1,3,2383,"I×1, M×1, S×1","TCG×2186, ATG×172, ATA×25"
1251,nonsynonymous-only,0,1,2,2211,"K×1, R×1","AGA×2186, AAG×25"
1252,nonsynonymous-only,0,1,2,2211,"F×1, Y×1","TAT×2186, TTT×25"
1253,synonymous-only,1,0,2,2211,Y×2,"TAC×2186, TAT×25"
1254,nonsynonymous-only,0,1,2,2186,"P×1, S×1","CCG×2184, TCG×2"
1255,nonsynonymous-only,0,1,2,2186,"C×1, G×1","GGT×2154, TGT×32"
1260,nonsynonymous-only,0,1,2,2186,"D×1, N×1","AAC×2159, GAC×27"
1261,nonsynonymous-only,0,1,2,2186,"C×1, R×1","TGC×2176, CGC×10"
1265,nonsynonymous-only,0,1,2,2186,"C×1, R×1","CGT×2055, TGT×131"
1269,nonsynonymous-only,0,1,2,2186,"H×1, Y×1","TAT×1995, CAT×191"
1273,nonsynonymous-only,0,1,4,2186,"C×1, G×1, S×1, Y×1","TGT×2177, GGT×5, TCT×3, TAT×1"
1274,nonsynonymous-only,0,1,2,2186,"D×1, H×1","GAT×2179, CAT×7"
1275,nonsynonymous-only,0,1,2,2186,"C×1, R×1","TGC×2126, CGC×60"
1276,nonsynonymous-only,0,1,2,2186,"F×1, L×1","CTT×2089, TTT×97"
1281,nonsynonymous-only,0,1,2,2186,"F×1, S×1","TCC×2180, TTC×6"
1282,nonsynonymous-only,0,1,2,2186,"D×1, N×1","GAT×2147, AAT×39"
1284,nonsynonymous-only,0,1,2,2186,"C×1, R×1","TGC×2046, CGC×140"
1286,nonsynonymous-only,0,1,3,2186,"A×1, T×1, V×1","GCT×2046, ACT×135, GTT×5"
1287,nonsynonymous-only,0,1,4,2211,"L×2, P×1, V×1","CTA×2201, GTA×5, CCA×4, CTC×1"
1289,nonsynonymous-only,0,1,2,2211,"A×1, P×1","CCT×2186, GCT×25"
1290,nonsynonymous-only,0,1,2,2211,"D×1, E×1","GAC×2186, GAA×25"
1291,nonsynonymous-only,0,1,2,35,"C×1, S×1","AGT×25, TGT×10"
1292,nonsynonymous-only,0,1,3,2213,"C×1, F×1, S×1","TTT×2186, TCT×25, TGC×2"
1293,nonsynonymous-only,0,1,3,4302,"K×1, R×1, S×1","AGA×2639, AGC×1637, AAA×26"
1294,nonsynonymous-only,0,1,6,4727,"D×1, H×1, K×1, N×1, R×1, S×1","AAA×2186, AAT×2049, AGG×443, AGT×38, GAC×10, CAT×1"
1295,nonsynonymous-only,0,1,6,5561,"R×2, C×1, K×1, N×1, S×1","TGT×2224, AGA×1636, AAT×1287, AGT×412, AAA×1, AGG×1"
1296,nonsynonymous-only,0,1,11,5567,"C×2, L×2, R×2, V×2, E×1, M×1, T×1","TGC×3018, CTC×1636, TGT×443, AGA×411, CGG×38, GTC×10, GTA×6, GAA×2, ACT×1, ATG×1, CTT×1"
1297,nonsynonymous-only,0,1,11,5567,"H×2, T×2, Y×2, A×1, F×1, I×1, K×1, N×1","CAC×2180, AAT×1634, GCC×832, CAT×449, ACG×411, TTC×38, ATT×10, TAT×7, AAA×3, ACA×2, TAC×1"
1298,nonsynonymous-only,0,1,10,6404,"L×3, P×2, A×1, K×1, R×1, V×1, W×1","CTT×3467, CCG×1634, GCT×824, TGG×412, AGG×40, AAG×10, GTT×9, CCT×4, CTG×3, CTA×1"
1299,nonsynonymous-only,0,1,3,5965,"E×1, K×1, R×1","AAA×5954, AGA×10, GAA×1"
1300,nonsynonymous-only,0,1,5,3832,"S×2, F×1, P×1, V×1","TCC×2178, GTT×1637, TTT×10, CCC×6, TCT×1"
1301,nonsynonymous-only,0,1,5,4690,"N×2, D×1, I×1, S×1","AAT×2183, ATT×1637, AAC×843, AGT×25, GAT×2"
1302,nonsynonymous-only,0,1,5,4690,"I×1, L×1, P×1, S×1, T×1","TCA×2185, ACT×1636, CTA×843, CCT×25, ATT×1"
1303,nonsynonymous-only,0,1,3,3847,"C×1, Q×1, R×1","CGG×2185, CAG×1637, TGC×25"
1304,nonsynonymous-only,0,1,4,2210,"C×1, D×1, N×1, Y×1","GAT×2017, AAT×121, TAT×47, TGT×25"
1305,nonsynonymous-only,0,1,7,2853,"Y×2, D×1, E×1, H×1, N×1, S×1","TAT×2185, CAT×451, TAC×182, TCT×27, GAA×6, AAT×1, GAC×1"
1306,nonsynonymous-only,0,1,14,4954,"C×2, I×2, S×2, D×1, E×1, F×1, G×1, K×1, N×1, Q×1, Y×1","TTT×2185, ATC×1637, TAC×832, TGC×172, AAT×43, GGG×28, TCA×25, TGT×17, ATT×10, AAA×1, AGC×1, CAA×1, GAA×1, GAT×1"
1307,nonsynonymous-only,0,1,8,6195,"E×2, D×1, H×1, K×1, Q×1, S×1, Y×1","GAT×2630, CAT×1489, AAA×850, GAG×843, GAA×172, TAT×158, CAA×28, TCA×25"
1308,nonsynonymous-only,0,1,20,6720,"S×3, F×2, G×2, Y×2, A×1, C×1, D×1, E×1, H×1, I×1, L×1, N×1, R×1, T×1, V×1","TGT×2210, TCC×1616, CAT×1273, AGT×843, GGT×352, GAA×172, GGG×89, GCT×39, GAT×28, AAT×23, ATT×17, TAT×14, TTC×13, TAC×8, TTT×8, CGT×7, ACC×3, TCA×3, CTT×1, GTC×1"
1309,nonsynonymous-only,0,1,15,7572,"D×2, I×2, K×2, N×2, A×1, E×1, F×1, G×1, R×1, T×1, V×1","AAT×3756, ACC×1638, ATT×1175, AAA×464, GAC×351, GAG×117, GCT×21, AAG×17, AGA×12, GAT×8, TTT×7, AAC×3, ATC×1, GGA×1, GTT×1"
1310,nonsynonymous-only,0,1,10,3151,"L×2, Y×2, C×1, E×1, K×1, Q×1, S×1, W×1","TAC×1637, TTG×832, TGG×443, TCA×171, CAA×30, TTA×19, GAA×14, TAT×3, AAA×1, TGC×1"
1311,nonsynonymous-only,0,1,16,7499,"G×2, H×2, K×2, N×2, S×2, C×1, E×1, M×1, R×1, W×1, Y×1","CAC×2255, AGC×1637, CGC×872, ATG×843, TGC×518, AAG×443, TGG×411, TAC×314, AAA×171, GAA×18, GGG×11, AAC×2, AAT×1, CAT×1, GGC×1, TCC×1"
1312,nonsynonymous-only,0,1,10,5738,"I×2, N×2, D×1, E×1, G×1, K×1, L×1, Y×1","AAT×4654, GAT×443, CTA×412, ATT×172, TAT×25, AAA×17, GGT×12, AAC×1, ATA×1, GAA×1"
1313,nonsynonymous-only,0,1,9,4483,"Y×2, F×1, I×1, L×1, N×1, P×1, Q×1, R×1","CTT×2195, TAT×1808, AAC×411, CAG×38, TTC×25, ATT×3, CCT×1, CGT×1, TAC×1"
1314,nonsynonymous-only,0,1,4,2188,"C×1, E×1, I×1, N×1","AAC×2185, ATT×1, GAG×1, TGT×1"
1315,nonsynonymous-only,0,1,2,3128,"H×1, Q×1","CAT×2185, CAA×943"
1316,nonsynonymous-only,0,1,3,3153,"D×1, I×1, N×1","GAT×3127, ATT×25, AAT×1"
1317,nonsynonymous-only,0,1,3,3128,"L×2, W×1","TGG×2185, TTG×935, TTA×8"
1318,nonsynonymous-only,0,1,3,3128,"L×1, R×1, W×1","TGG×2184, TTG×943, CGG×1"
1319,nonsynonymous-only,0,1,3,3128,"L×1, P×1, S×1","CCA×2184, CTG×943, TCA×1"
1320,nonsynonymous-only,0,1,2,3128,"F×1, Y×1","TAT×2185, TTC×943"
1321,nonsynonymous-only,0,1,2,2185,"P×1, S×1","TCC×1916, CCC×269"
1323,nonsynonymous-only,0,1,4,2187,"L×1, M×1, P×1, S×1","CCG×2179, TCG×6, ATG×1, TTG×1"
1324,nonsynonymous-only,0,1,3,2187,"C×1, D×1, N×1","AAT×2185, GAT×1, TGT×1"
1325,nonsynonymous-only,0,1,6,2807,"P×2, F×1, G×1, I×1, R×1","GGC×2185, CGA×411, TTC×171, CCA×38, ATT×1, CCG×1"
1326,nonsynonymous-only,0,1,10,4484,"N×2, R×2, D×1, L×1, S×1, T×1, V×1, Y×1","AGC×2185, AAT×1013, ACC×832, GTG×411, CTT×38, AAC×1, AGA×1, CGT×1, GAT×1, TAT×1"
1327,nonsynonymous-only,0,1,9,5895,"D×2, Q×2, E×1, N×1, P×1, R×1, Y×1","GAA×3092, GAT×843, AAT×833, TAT×450, GAC×443, CAG×171, CAA×61, CCT×1, CGC×1"
1328,nonsynonymous-only,0,1,9,6242,"R×3, E×2, K×1, L×1, S×1, V×1","AAA×4056, GAA×944, AGA×832, GAG×341, CGA×38, GTA×25, AGG×4, AGT×1, TTA×1"
1329,nonsynonymous-only,0,1,8,4930,"K×2, R×2, C×1, E×1, I×1, Q×1","AGA×2629, AAA×844, AAG×833, CAA×411, ATA×171, GAA×40, CGA×1, TGT×1"
1330,nonsynonymous-only,0,1,6,2363,"Y×2, A×1, C×1, F×1, V×1","TGC×2185, TTC×171, TAT×4, GCT×1, GTT×1, TAC×1"
1331,nonsynonymous-only,0,1,5,2360,"G×2, I×1, R×1, S×1","GGC×2185, AGC×170, GGA×3, AGA×1, ATA×1"
1336,nonsynonymous-only,0,1,7,2773,"S×4, H×1, L×1, N×1","AGT×2185, TTG×411, AGC×171, TCT×3, AAT×1, CAT×1, TCG×1"
1337,nonsynonymous-only,0,1,9,4410,"H×2, C×1, F×1, Q×1, S×1, V×1, W×1, Y×1","TGC×2186, CAT×1618, GTC×411, CAA×170, TAT×19, TCC×3, CAC×1, TGG×1, TTC×1"
1338,nonsynonymous-only,0,1,8,4435,"F×2, D×1, I×1, L×1, S×1, T×1, Y×1","TTT×2343, TAT×1637, ACT×415, TTC×25, TCT×7, ATT×6, CTT×1, GAT×1"
1339,nonsynonymous-only,0,1,11,4473,"V×3, A×2, I×1, K×1, N×1, R×1, S×1, T×1","ACG×2181, GTC×1637, AAT×411, CGT×171, AGC×38, AAA×25, GCG×4, ATT×3, GCA×1, GTA×1, GTT×1"
1340,nonsynonymous-only,0,1,8,5977,"C×2, E×1, G×1, K×1, L×1, V×1, Y×1","TAT×2892, TGC×2185, GGA×831, GAA×38, TGT×26, AAA×3, GTC×1, TTA×1"
1341,nonsynonymous-only,0,1,9,5029,"K×2, E×1, G×1, I×1, M×1, Q×1, R×1, S×1","AGA×3166, AAA×834, AGT×441, GAG×411, ATG×171, AAG×2, ATT×2, CAA×1, GGA×1"
1342,nonsynonymous-only,0,1,6,5026,"I×1, K×1, M×1, N×1, T×1, V×1","ATA×3212, GTA×919, ATG×444, AAT×411, ACA×38, AAA×2"
1343,nonsynonymous-only,0,1,5,694,"A×1, F×1, I×1, L×1, T×1","GCA×411, TTT×171, ATT×110, ACA×1, CTT×1"
1344,nonsynonymous-only,0,1,7,695,"T×2, C×1, F×1, I×1, N×1, R×1","AAT×411, TTC×171, CGT×72, TGT×38, ACA×1, ACT×1, ATT×1"
1345,nonsynonymous-only,0,1,6,524,"D×1, G×1, I×1, L×1, V×1, W×1","GAT×411, TGG×72, GGA×38, ATT×1, GTA×1, TTA×1"
1346,nonsynonymous-only,0,1,3,583,"K×1, Q×1, W×1","TGG×412, AAA×170, CAA×1"
1347,nonsynonymous-only,0,1,3,624,"R×2, E×1","AGG×415, GAG×171, AGA×38"
1348,nonsynonymous-only,0,1,6,624,"F×1, L×1, R×1, T×1, W×1, Y×1","CTT×411, TGG×168, ACT×38, CGG×3, TTT×3, TAC×1"
1349,nonsynonymous-only,0,1,4,623,"V×2, D×1, Q×1","GAC×411, GTG×152, GTA×57, CAA×3"
1350,nonsynonymous-only,0,1,3,586,"I×1, N×1, S×1","AAT×412, AGT×171, ATT×3"
1352,synonymous-only,1,0,2,411,K×2,"AAG×351, AAA×60"
