codon_index,category,syn_changes,nonsyn_changes,n_variants,n_sequences,aa_states,codon_counts
10,nonsynonymous-only,0,1,4,1225,"E×1, G×1, M×1, Y×1","GAG×1119, GGA×101, ATG×4, TAT×1"
11,nonsynonymous-only,0,1,11,2630,"A×2, E×1, F×1, H×1, I×1, L×1, M×1, R×1, S×1, V×1","GCT×1378, TTT×825, CTT×294, AGA×100, GTT×14, ATG×12, GCA×3, ATT×1, CAT×1, GAA×1, TCT×1"
12,nonsynonymous-only,0,1,11,2647,"K×2, A×1, D×1, E×1, I×1, M×1, Q×1, R×1, S×1, V×1","AGA×1650, GCG×825, AGT×100, GAA×50, ATA×12, AAG×3, GTA×3, AAA×1, ATG×1, CAG×1, GAC×1"
13,nonsynonymous-only,0,1,9,4089,"D×1, E×1, F×1, G×1, I×1, N×1, T×1, V×1, Y×1","GAT×1506, ACT×1341, GGT×842, AAT×294, TAT×50, ATT×36, TTT×15, GAA×3, GTT×2"
14,nonsynonymous-only,0,1,11,3873,"K×2, A×1, E×1, F×1, G×1, I×1, N×1, P×1, Q×1, R×1","GAA×1566, CAA×1356, GGA×821, CCA×49, TTT×34, AAA×17, AAT×15, AGA×12, AAG×1, ATA×1, GCA×1"
16,nonsynonymous-only,0,1,10,4053,"A×2, L×2, C×1, I×1, N×1, P×1, S×1, V×1","CCA×1564, TGT×1405, TCA×925, TTG×97, CTT×49, GCT×5, AAT×3, GCG×3, ATT×1, GTA×1"
17,nonsynonymous-only,0,1,12,3254,"I×3, V×2, A×1, E×1, F×1, H×1, L×1, M×1, Q×1","GTT×1563, GTA×821, ATG×572, ATA×104, GAA×100, TTT×49, CAG×34, ATT×5, GCA×3, ATC×1, CAT×1, TTG×1"
18,nonsynonymous-only,0,1,19,5418,"S×3, I×2, L×2, P×2, V×2, A×1, C×1, F×1, K×1, M×1, N×1, R×1, Y×1","GTT×1870, TAT×1408, AGT×1096, TCA×572, AGC×179, TTT×111, CCT×100, CCA×49, TTA×8, ATG×6, TGC×5, GCT×4, AAA×3, ATT×2, AAT×1, ATC×1, CGT×1, CTG×1, GTG×1"
19,nonsynonymous-only,0,1,17,8400,"G×2, K×2, S×2, V×2, A×1, D×1, E×1, H×1, I×1, M×1, N×1, Q×1, R×1","GAA×3172, TCA×1405, AGA×1228, AAA×871, GAC×700, ATA×564, GGA×221, AAG×103, CAC×100, AGT×14, GTA×12, CAG×5, AAT×1, ATG×1, GCA×1, GGT×1, GTG×1"
20,nonsynonymous-only,0,1,17,6249,"E×2, K×2, L×2, S×2, D×1, G×1, I×1, N×1, Q×1, R×1, V×1, W×1, Y×1","AAA×2764, TTA×1563, TCA×689, TAT×572, CAA×513, GAG×96, TCG×34, GTT×5, ATA×3, AAG×2, GAA×2, AAC×1, CGA×1, CTA×1, GAC×1, GGT×1, TGG×1"
21,nonsynonymous-only,0,1,14,8527,"N×2, A×1, E×1, G×1, I×1, K×1, L×1, R×1, S×1, T×1, V×1, W×1, Y×1","AAA×4193, AGA×1622, TAT×824, GCA×703, ACA×689, GAA×414, ATA×49, AAC×14, AAT×7, TGG×5, GGA×3, AGT×2, GTA×1, TTA×1"
22,nonsynonymous-only,0,1,13,7733,"I×2, N×2, T×2, V×2, D×1, F×1, H×1, K×1, L×1","AAT×3219, ATT×2104, CAT×825, GTT×724, ATC×568, ACT×218, GAT×52, CTT×11, GTC×5, TTT×3, ACG×2, AAA×1, AAC×1"
23,nonsynonymous-only,0,1,20,7692,"L×4, I×2, K×2, A×1, D×1, E×1, G×1, M×1, P×1, Q×1, R×1, S×1, T×1, V×1, W×1","GAA×1905, ATT×1793, GCG×1563, CAA×823, AGA×820, GAT×572, TGG×117, CCG×49, GGA×14, TTG×14, CTG×5, ATG×4, ACG×3, GTA×3, CTA×2, AAA×1, AAG×1, AGC×1, ATC×1, TTA×1"
24,nonsynonymous-only,0,1,18,6943,"I×3, K×2, R×2, S×2, D×1, F×1, G×1, H×1, L×1, Q×1, T×1, V×1, W×1","ACA×1665, AAG×1405, ATA×1344, AAA×959, ATT×692, ATC×572, AGT×220, GTA×61, GGA×14, AGC×3, AGA×1, CAA×1, CAC×1, CGA×1, CTG×1, GAC×1, TGG×1, TTT×1"
25,nonsynonymous-only,0,1,12,2039,"L×2, Q×2, A×1, F×1, G×1, I×1, R×1, S×1, W×1, Y×1","TCA×1405, TTA×450, TAT×135, TTT×15, GCG×12, CAG×8, CGA×3, CTA×3, TGG×3, ATA×2, CAA×2, GGA×1"
26,nonsynonymous-only,0,1,8,1761,"R×2, S×2, F×1, N×1, Q×1, Y×1","TAC×1404, AAC×219, TTC×131, TCC×3, AGC×1, CAA×1, CGA×1, CGG×1"
27,nonsynonymous-only,0,1,5,1761,"K×2, E×1, F×1, N×1","TTT×1405, AAA×351, GAG×3, AAG×1, AAT×1"
30,nonsynonymous-only,0,1,3,467,"F×1, L×1, S×1","TCC×451, TTC×13, TTA×3"
31,nonsynonymous-only,0,1,5,481,"A×1, F×1, G×1, L×1, V×1","CTA×451, GCA×14, TTT×12, GGA×3, GTA×1"
32,nonsynonymous-only,0,1,7,1182,"S×2, H×1, K×1, N×1, V×1, Y×1","TAT×710, AAA×450, GTT×14, AGC×3, AGT×3, AAT×1, CAT×1"
33,nonsynonymous-only,0,1,7,1034,"S×2, D×1, G×1, I×1, R×1, V×1","GGT×700, AGA×299, GAT×15, AGT×13, ATT×3, GTA×3, TCC×1"
34,nonsynonymous-only,0,1,7,1182,"R×2, C×1, H×1, I×1, N×1, Y×1","CGC×699, AAT×454, CAT×25, ATT×1, CGT×1, TAT×1, TGC×1"
35,nonsynonymous-only,0,1,4,731,"G×1, T×1, V×1, Y×1","ACT×713, GTA×14, GGA×3, TAC×1"
46,nonsynonymous-only,0,1,2,16,"T×1, V×1","GTT×12, ACT×4"
47,nonsynonymous-only,0,1,3,16,"L×1, P×1, T×1","CCC×12, ACA×3, TTA×1"
48,synonymous-only,1,0,2,16,L×2,"CTA×13, CTC×3"
49,nonsynonymous-only,0,1,4,31,"C×1, F×1, L×1, Y×1","CTT×17, TAT×12, TGT×1, TTT×1"
50,nonsynonymous-only,0,1,5,31,"F×2, R×1, T×1, Y×1","TAC×14, TTC×12, TTT×3, ACT×1, AGG×1"
51,nonsynonymous-only,0,1,7,484,"D×1, E×1, I×1, K×1, L×1, R×1, T×1","ACG×450, GAT×14, AAA×12, AGA×3, ATA×3, CTA×1, GAA×1"
52,nonsynonymous-only,0,1,6,484,"I×2, D×1, K×1, N×1, T×1","GAT×450, ACC×14, AAT×12, ATT×4, ATC×3, AAA×1"
53,nonsynonymous-only,0,1,6,1185,"G×2, K×1, N×1, R×1, Y×1","GGT×450, AGA×361, GGA×354, AAT×13, TAT×6, AAG×1"
54,nonsynonymous-only,0,1,6,732,"E×1, K×1, N×1, Q×1, R×1, Y×1","AAA×697, CGG×14, TAT×12, AAC×5, CAG×3, GAA×1"
55,nonsynonymous-only,0,1,8,1190,"A×1, E×1, M×1, P×1, Q×1, R×1, T×1, V×1","GCT×700, CCA×455, GAA×15, CGA×12, ACA×3, GTA×3, ATG×1, CAA×1"
56,nonsynonymous-only,0,1,8,1178,"I×2, S×2, E×1, L×1, N×1, V×1","TCA×700, CTT×450, AAT×14, ATT×8, GTT×3, ATA×1, GAG×1, TCC×1"
57,nonsynonymous-only,0,1,8,1178,"F×2, L×2, H×1, K×1, S×1, Y×1","CTT×700, TAT×450, TTT×19, TTC×3, TTG×3, AAG×1, CAC×1, TCT×1"
58,nonsynonymous-only,0,1,9,1178,"E×1, F×1, G×1, H×1, I×1, K×1, L×1, N×1, R×1","GGT×700, TTT×450, AGG×14, CAC×5, AAC×3, ATT×3, AAA×1, CTT×1, GAA×1"
59,nonsynonymous-only,0,1,7,1178,"I×2, R×2, K×1, L×1, T×1","ACA×700, CTG×450, ATT×17, AGA×5, AGG×3, AAG×2, ATC×1"
60,nonsynonymous-only,0,1,8,1172,"I×2, A×1, F×1, G×1, N×1, S×1, V×1","TTT×700, GTT×299, ATT×151, AAT×14, GCC×3, GGA×3, AGC×1, ATA×1"
61,nonsynonymous-only,0,1,6,472,"L×2, F×1, R×1, S×1, W×1","TTT×450, TGG×14, CTA×3, TTA×3, AGA×1, TCA×1"
62,nonsynonymous-only,0,1,8,1185,"I×2, L×2, M×1, P×1, S×1, V×1","TTG×700, CTG×450, ATA×14, CCA×12, ATT×3, GTT×3, TCA×2, ATG×1"
63,nonsynonymous-only,0,1,6,1185,"A×1, F×1, K×1, L×1, S×1, V×1","TCG×450, GTG×359, GCG×341, AAA×14, TTT×13, TTA×8"
64,nonsynonymous-only,0,1,5,478,"C×1, G×1, L×1, W×1, Y×1","TAT×450, TGG×14, TGT×12, GGA×1, TTA×1"
65,nonsynonymous-only,0,1,2,15,"C×1, F×1","TGC×14, TTT×1"
66,nonsynonymous-only,0,1,2,15,"E×1, R×1","CGG×14, GAA×1"
70,nonsynonymous-only,0,1,4,466,"T×2, N×1, S×1","ACA×444, AAT×12, ACG×9, AGT×1"
71,nonsynonymous-only,0,1,4,467,"G×1, I×1, L×1, V×1","GTC×450, GGC×12, CTT×4, ATT×1"
72,nonsynonymous-only,0,1,7,2584,"Y×2, C×1, F×1, N×1, S×1, T×1","TGT×1340, TTT×762, TAT×452, AAC×14, AGT×12, TAC×3, ACG×1"
73,nonsynonymous-only,0,1,12,2573,"R×2, D×1, E×1, G×1, H×1, K×1, N×1, P×1, Q×1, W×1, Y×1","CGG×1341, CAT×708, GGA×436, CCT×34, AGA×17, AAC×14, TAC×12, GAA×7, AAA×1, CAA×1, GAC×1, TGG×1"
74,nonsynonymous-only,0,1,9,1282,"N×2, Y×2, C×1, G×1, L×1, P×1, S×1","TAT×1158, TGC×83, TAC×14, AAT×13, AAC×6, CCA×3, CTT×3, GGT×1, TCT×1"
75,nonsynonymous-only,0,1,10,1281,"S×2, V×2, F×1, H×1, I×1, K×1, L×1, Y×1","GTA×708, TAC×485, AAG×49, TTA×12, GTT×9, ATT×6, TCA×5, TCT×3, TTT×3, CAT×1"
76,nonsynonymous-only,0,1,9,1288,"S×3, A×2, V×2, G×1, I×1","GTG×712, AGT×450, ATT×96, TCG×14, AGC×6, GGT×6, GTT×2, GCA×1, GCT×1"
77,nonsynonymous-only,0,1,11,1288,"L×3, I×2, S×2, F×1, P×1, R×1, T×1","CTT×723, ATT×450, TCT×83, CCT×12, TTT×6, AGG×5, AGT×3, ATA×3, ACT×1, CTG×1, TTG×1"
78,nonsynonymous-only,0,1,11,567,"G×2, K×2, D×1, L×1, N×1, R×1, S×1, W×1, Y×1","TAC×450, GGC×49, GAT×34, AAT×13, AGA×6, AGC×5, GGA×4, AAA×3, AAG×1, CTT×1, TGG×1"
79,nonsynonymous-only,0,1,11,1269,"D×2, E×2, K×2, A×1, N×1, Q×1, S×1, V×1","CAA×703, AAA×453, TCG×49, GAC×34, GTT×12, AAT×6, GAG×6, AAG×3, GAA×1, GAT×1, GCG×1"
80,nonsynonymous-only,0,1,7,1288,"L×2, F×1, I×1, P×1, T×1, V×1","TTT×1221, ATT×37, GTA×12, TTG×9, TTA×5, ACA×3, CCA×1"
81,nonsynonymous-only,0,1,9,821,"T×3, E×1, I×1, K×1, L×1, M×1, S×1","ATT×708, GAG×49, ACT×34, AAA×14, TTA×12, ACA×1, ACC×1, ATG×1, TCG×1"
82,nonsynonymous-only,0,1,4,821,"F×2, L×1, Y×1","TTT×818, CTT×1, TAT×1, TTC×1"
83,nonsynonymous-only,0,1,5,818,"F×2, N×1, R×1, S×1","TTC×708, AAT×49, CGC×34, TTT×26, TCT×1"
84,nonsynonymous-only,0,1,4,96,"F×1, S×1, T×1, Y×1","ACT×49, TAC×34, TCT×12, TTT×1"
86,nonsynonymous-only,0,1,2,49,"C×1, Y×1","TGC×48, TAC×1"
93,nonsynonymous-only,0,1,2,146,"A×1, P×1","GCC×97, CCC×49"
94,nonsynonymous-only,0,1,6,165,"K×2, E×1, L×1, S×1, W×1","TCT×97, TGG×49, TTG×12, AAA×5, AAG×1, GAA×1"
95,nonsynonymous-only,0,1,7,171,"E×1, I×1, L×1, P×1, R×1, T×1, V×1","ATT×97, GAG×49, TTA×12, ACA×6, AGA×3, GTA×3, CCA×1"
96,nonsynonymous-only,0,1,12,628,"L×4, V×3, F×1, G×1, I×1, N×1, W×1","CTT×454, TTA×97, AAT×49, GTT×12, GTA×5, CTA×3, TGG×3, ATT×1, CTG×1, GGC×1, GTC×1, TTT×1"
97,nonsynonymous-only,0,1,12,619,"G×2, N×2, Q×2, R×2, L×1, M×1, W×1, Y×1","CAG×450, TGG×97, TAC×34, TTA×16, CGC×5, GGG×5, AAC×3, AGA×3, ATG×3, AAT×1, CAA×1, GGA×1"
98,nonsynonymous-only,0,1,14,3450,"R×3, S×3, K×2, Q×2, D×1, E×1, G×1, N×1","AAA×2244, TCT×450, CAG×294, CAA×125, AAG×109, GAA×100, AGG×95, TCA×12, AAT×8, CGG×5, AGC×3, GAT×3, CGT×1, GGG×1"
99,nonsynonymous-only,0,1,19,5366,"L×4, I×3, T×3, E×2, A×1, F×1, H×1, N×1, P×1, Q×1, V×1","ATC×1566, ACG×1342, GCA×824, CAT×572, CTA×450, GAA×299, CTC×98, CTT×97, AAT×49, CCG×34, CAA×12, ATT×7, TTT×5, ACC×4, ATA×3, ACA×1, GAG×1, GTA×1, TTA×1"
100,nonsynonymous-only,0,1,18,6092,"L×4, I×3, F×2, A×1, M×1, N×1, Q×1, R×1, S×1, T×1, V×1, Y×1","ATT×3068, ACC×1341, CTA×725, GTT×708, TTA×100, CTT×97, CAA×14, ATG×13, ATA×6, TAT×5, ATC×4, CGC×3, TTC×3, AAT×1, AGC×1, GCG×1, TTG×1, TTT×1"
101,nonsynonymous-only,0,1,13,6092,"T×3, G×2, S×2, D×1, F×1, I×1, L×1, N×1, V×1","GAT×2406, ACT×1341, GTT×829, ATT×746, ACC×572, TTT×135, GGT×49, AAT×6, AGT×4, ACA×1, CTT×1, GGC×1, TCT×1"
102,nonsynonymous-only,0,1,16,5385,"G×3, S×3, K×2, A×1, D×1, E×1, L×1, N×1, R×1, T×1, V×1","AAT×2388, AAA×2215, GTA×463, GAA×149, AAG×97, TCG×34, AGC×15, AGT×8, AGA×7, GGT×3, ACG×1, GAT×1, GCT×1, GGA×1, GGG×1, TTA×1"
103,nonsynonymous-only,0,1,10,545,"A×1, D×1, E×1, G×1, K×1, L×1, N×1, P×1, R×1, T×1","GGA×294, GAT×100, AAA×97, CTA×34, AGA×7, CCA×5, ACA×4, GAA×2, AAT×1, GCA×1"
105,nonsynonymous-only,0,1,9,524,"G×2, D×1, E×1, K×1, R×1, S×1, V×1, W×1","AGA×455, GAT×34, GTC×14, GAG×12, GGA×5, AAA×1, GGG×1, TCA×1, TGG×1"
106,nonsynonymous-only,0,1,11,1464,"S×3, A×1, C×1, F×1, G×1, H×1, I×1, N×1, V×1","TTT×1375, AAT×49, GTT×12, GGT×11, TCA×8, AGT×3, ATT×2, CAT×1, GCT×1, TCT×1, TGC×1"
107,nonsynonymous-only,0,1,5,1440,"G×1, I×1, K×1, N×1, R×1","AGA×1342, AAA×62, ATT×34, AAT×1, GGA×1"
108,nonsynonymous-only,0,1,4,1350,"C×1, K×1, R×1, W×1","TGG×1255, AAA×49, CGA×34, TGC×12"
109,nonsynonymous-only,0,1,5,1417,"F×2, L×1, Q×1, R×1","CGT×1341, CAA×49, TTA×14, TTT×12, TTC×1"
111,nonsynonymous-only,0,1,3,27,"G×1, N×1, T×1","AAT×14, ACT×12, GGT×1"
112,nonsynonymous-only,0,1,3,27,"G×1, K×1, S×1","GGT×14, AGC×12, AAG×1"
113,nonsynonymous-only,0,1,2,15,"Q×1, S×1","CAA×14, TCA×1"
114,nonsynonymous-only,0,1,4,27,"F×1, P×1, S×1, T×1","CCA×12, TTT×12, TCA×2, ACG×1"
115,nonsynonymous-only,0,1,2,27,"F×1, L×1","TTA×15, TTT×12"
116,nonsynonymous-only,0,1,3,27,"A×1, N×1, S×1","AAC×14, TCA×12, GCA×1"
118,nonsynonymous-only,0,1,4,121,"I×2, K×1, M×1","ATC×101, AAA×18, ATA×1, ATG×1"
119,nonsynonymous-only,0,1,8,1925,"E×2, S×2, F×1, K×1, N×1, R×1","AAA×1387, AAT×301, GAA×127, TTT×100, TCG×5, GAG×3, AGC×1, CGA×1"
120,nonsynonymous-only,0,1,15,7005,"L×3, F×2, P×2, S×2, Y×2, C×1, D×1, M×1, Q×1","TTC×2100, ATG×1563, TCT×1342, TCA×825, TAC×587, TTG×391, TGC×100, CCT×50, CAA×30, CCA×4, TAT×4, CTT×3, TTT×3, TTA×2, GAT×1"
121,nonsynonymous-only,0,1,19,6516,"S×3, F×2, I×2, N×2, T×2, V×2, A×1, H×1, K×1, L×1, M×1, P×1","AGT×1406, GTC×1342, ATT×1080, ATC×708, GCT×689, AAC×593, ACT×294, AAT×129, ACC×110, AAA×97, CCC×49, TCT×5, CTC×4, TCC×3, TTC×2, TTT×2, ATG×1, CAT×1, GTT×1"
122,nonsynonymous-only,0,1,15,6878,"I×3, A×2, L×2, T×2, V×2, F×1, K×1, M×1, S×1","ATT×1712, TTG×1392, GCT×1344, ACT×1045, AAG×689, ATG×573, GCA×49, ATA×34, GTT×20, TCG×13, TTT×3, ACC×1, ATC×1, CTT×1, GTA×1"
123,nonsynonymous-only,0,1,19,5630,"S×3, I×2, N×2, P×2, Y×2, C×1, D×1, E×1, F×1, K×1, L×1, Q×1, R×1","TTT×2166, AAA×1399, ATC×708, TAT×587, CCA×294, TAC×219, GAT×105, TCA×52, TTA×35, AAT×26, ATT×14, TCT×8, AGA×6, CCC×5, GAA×2, AAC×1, CAA×1, TCC×1, TGT×1"
124,nonsynonymous-only,0,1,17,8537,"E×2, G×2, K×2, Q×2, R×2, F×1, I×1, L×1, N×1, S×1, T×1, V×1","GAA×2721, AAA×2109, CAA×1740, CGA×1341, CTA×450, AGG×101, AAC×34, GGT×14, GAG×11, ACA×3, GGA×3, GTG×3, TCA×3, AAG×1, ATC×1, CAG×1, TTT×1"
125,nonsynonymous-only,0,1,15,8525,"G×3, E×2, K×2, N×2, R×2, H×1, S×1, V×1, Y×1","AAA×4724, AGA×2178, GTA×689, AAG×606, GGC×270, GGA×29, TAT×14, GAG×4, AGT×3, GAA×3, AAC×1, AAT×1, CAT×1, CGG×1, GGG×1"
126,nonsynonymous-only,0,1,5,725,"A×1, F×1, L×1, V×1, Y×1","GTT×708, TTA×14, GCT×1, TAT×1, TTT×1"
127,nonsynonymous-only,0,1,3,723,"L×1, P×1, S×1","TCC×708, CCA×14, CTA×1"
128,nonsynonymous-only,0,1,4,724,"A×2, E×1, N×1","AAC×708, GAA×14, GCA×1, GCT×1"
129,nonsynonymous-only,0,1,2,15,"E×1, S×1","GAA×14, TCA×1"
130,nonsynonymous-only,0,1,5,724,"A×1, G×1, R×1, S×1, V×1","GGT×706, CGG×14, GCT×2, AGC×1, GTG×1"
131,nonsynonymous-only,0,1,5,736,"C×2, G×2, Q×1","TGT×709, CAA×12, GGT×11, GGG×3, TGC×1"
132,nonsynonymous-only,0,1,5,29,"C×1, E×1, F×1, L×1, Q×1","TTA×14, GAA×12, CAA×1, TGT×1, TTC×1"
133,nonsynonymous-only,0,1,5,237,"Y×2, L×1, S×1, W×1","TAC×217, TAT×17, TCC×1, TGG×1, TTA×1"
134,nonsynonymous-only,0,1,6,945,"R×2, G×1, N×1, P×1, S×1","CGT×708, AGT×220, CCT×14, AAT×1, CGC×1, GGC×1"
135,nonsynonymous-only,0,1,2,15,"K×1, Q×1","AAA×14, CAA×1"
136,nonsynonymous-only,0,1,2,1405,"A×1, S×1","TCA×962, GCA×443"
138,nonsynonymous-only,0,1,3,1420,"K×1, N×1, T×1","AAC×1405, ACG×14, AAA×1"
139,nonsynonymous-only,0,1,10,5946,"G×2, K×2, D×1, I×1, M×1, N×1, R×1, S×1","AGT×1563, AGG×1440, AAG×1341, AAC×859, ATG×708, ATT×14, GGG×14, AAA×3, GAC×3, GGT×1"
140,nonsynonymous-only,0,1,9,6195,"K×2, T×2, D×1, E×1, M×1, N×1, R×1","AAT×3041, GAT×2387, GAA×722, AAA×38, AGA×3, AAG×1, ACA×1, ACC×1, ATG×1"
141,nonsynonymous-only,0,1,13,6244,"L×3, A×2, R×2, D×1, F×1, K×1, M×1, Q×1, S×1","TTT×2968, TTG×1342, TTA×1120, CGA×598, CAA×112, AAA×49, CTT×34, GAC×14, GCC×3, AGA×1, ATG×1, GCT×1, TCA×1"
142,nonsynonymous-only,0,1,14,4901,"L×3, Q×2, R×2, Y×2, C×1, G×1, K×1, S×1, W×1","GGA×1564, AGG×1405, TGG×931, CAA×722, CGG×188, TTG×49, TCC×20, TAC×14, AAG×2, TGT×2, CAG×1, CTA×1, CTG×1, TAT×1"
143,nonsynonymous-only,0,1,15,5839,"S×4, L×3, C×2, F×1, I×1, P×1, Q×1, R×1, Y×1","TCA×1563, TGC×1365, CCA×1330, TTA×1159, CTT×329, AGC×31, CTA×18, TCT×15, CAA×13, TGT×7, TTT×5, ATA×1, CGC×1, TAC×1, TCC×1"
144,nonsynonymous-only,0,1,8,5836,"C×2, F×2, A×1, I×1, L×1, Y×1","TTC×2761, TGT×1563, TTT×766, TGC×436, CTT×291, ATT×17, GCC×1, TAT×1"
145,nonsynonymous-only,0,1,11,3492,"P×2, T×2, C×1, E×1, G×1, L×1, R×1, W×1, Y×1","GAA×1563, TGG×1405, GGT×450, ACA×34, TAT×15, CGA×12, TTA×7, ACT×3, CCA×1, CCT×1, TGT×1"
146,nonsynonymous-only,0,1,9,4200,"F×2, I×2, L×2, S×2, A×1","CTT×1566, TTG×1405, TTC×726, TCA×450, TCT×34, ATT×12, ATC×3, GCT×3, TTT×1"
147,nonsynonymous-only,0,1,10,4151,"L×3, R×2, I×1, N×1, S×1, W×1, Y×1","AGC×1563, TGG×1364, CGC×547, AAC×454, CTC×161, CGG×45, TTG×12, ATC×3, TAC×1, TTA×1"
148,nonsynonymous-only,0,1,3,1563,"H×1, N×1, Y×1","CAT×1552, AAT×9, TAT×2"
150,nonsynonymous-only,0,1,3,1563,"S×2, Y×1","TCC×1558, TAC×3, TCA×2"
151,nonsynonymous-only,0,1,2,1501,"R×1, W×1","TGG×1370, CGG×131"
152,nonsynonymous-only,0,1,3,1564,"R×2, G×1","GGA×1499, AGA×64, CGA×1"
153,nonsynonymous-only,0,1,8,2754,"L×3, E×1, F×1, K×1, M×1, S×1","CTT×1567, TTG×1161, GAA×12, CTA×5, AAA×3, TCA×3, ATG×2, TTT×1"
154,nonsynonymous-only,0,1,17,4869,"S×3, A×2, G×2, L×2, F×1, H×1, I×1, N×1, Q×1, R×1, T×1, V×1","TCC×1910, CAT×1564, TCT×711, CTT×465, TTT×103, ACG×49, TTG×34, AAT×12, AGA×5, TCA×5, ATT×3, GGA×3, CAG×1, GCA×1, GCT×1, GGT×1, GTC×1"
155,nonsynonymous-only,0,1,18,4868,"D×2, H×2, R×2, Y×2, C×1, E×1, F×1, G×1, K×1, L×1, N×1, Q×1, S×1, W×1","TAC×2233, CAG×1390, GAT×572, GGT×452, TTG×100, TAT×70, CAT×13, AAT×12, AAA×9, TGG×6, TTC×3, CAC×2, AGT×1, CGC×1, CGT×1, GAC×1, GAG×1, TGC×1"
156,nonsynonymous-only,0,1,13,4324,"C×2, G×2, R×2, H×1, N×1, P×1, Q×1, V×1, W×1, Y×1","TGT×2320, CGG×1896, CAA×34, TAT×20, TGG×19, TGC×15, AAT×8, GGC×5, CGT×3, CAT×1, CCC×1, GGA×1, GTT×1"
157,nonsynonymous-only,0,1,16,5696,"L×4, F×2, I×2, A×1, E×1, G×1, N×1, P×1, R×1, V×1, Y×1","TTT×2177, CTC×1332, CTT×1279, GAA×708, TTC×103, GTA×49, GGG×14, ATA×12, ATC×11, TTA×5, AAT×1, CCT×1, CGC×1, CTA×1, GCG×1, TAT×1"
158,nonsynonymous-only,0,1,14,5148,"S×3, G×2, K×2, L×2, E×1, Q×1, R×1, T×1, W×1","AGG×2423, TGG×1342, CAG×708, AAA×577, TCG×49, GAA×21, TTG×12, GGA×6, ACA×3, TCA×3, AAG×1, GGG×1, TCT×1, TTA×1"
159,nonsynonymous-only,0,1,4,125,"E×1, G×1, K×1, S×1","GGT×101, GAA×15, AAA×8, AGC×1"
160,nonsynonymous-only,0,1,9,134,"G×2, K×2, A×1, E×1, H×1, N×1, R×1","AAG×100, GGT×13, AAT×5, GAA×5, AAA×3, AGA×3, CAT×3, GCA×1, GGA×1"
161,nonsynonymous-only,0,1,6,2515,"K×2, N×2, H×1, R×1","AAT×1704, AAC×794, AGA×12, CAT×3, AAA×1, AAG×1"
162,nonsynonymous-only,0,1,8,2646,"G×4, S×2, E×1, P×1","GGC×1660, GGG×829, GAA×131, GGA×20, GGT×2, TCT×2, AGC×1, CCT×1"
163,nonsynonymous-only,0,1,15,4123,"A×4, T×3, I×2, S×2, F×1, K×1, L×1, V×1","GCA×1666, ACG×1341, GCT×825, ATT×131, TTT×97, CTA×34, AAA×12, GCC×6, ATA×3, ACA×2, ACC×2, GCG×1, GTT×1, TCA×1, TCT×1"
164,nonsynonymous-only,0,1,14,4343,"G×4, T×3, L×2, S×2, D×1, F×1, M×1","GGC×1542, ACG×1340, GGT×950, TTA×236, CTA×131, GAT×97, TTT×34, GGA×5, ATG×3, ACA×1, ACT×1, GGG×1, TCC×1, TCG×1"
165,nonsynonymous-only,0,1,17,7092,"T×3, A×2, G×2, K×2, L×2, E×1, I×1, M×1, R×1, S×1, V×1","AAG×2968, ATG×1392, AAA×935, GCG×788, ACC×708, ACA×131, AGG×97, AGT×34, ACT×14, GAG×13, ATT×3, GCA×3, GTG×2, CTG×1, GGA×1, GGG×1, TTA×1"
166,nonsynonymous-only,0,1,15,7043,"L×3, N×2, S×2, T×2, D×1, E×1, F×1, G×1, K×1, Q×1","AGT×3798, TTG×1342, GAA×674, CTT×606, CAA×218, AAA×151, AAT×127, TCA×104, ACG×12, GAT×4, GGG×3, AAC×1, ACA×1, CTC×1, TTT×1"
167,nonsynonymous-only,0,1,19,7542,"T×4, I×2, K×2, N×2, S×2, V×2, A×1, E×1, G×1, L×1, M×1","ACG×2382, ATG×1391, AAT×1343, AGC×711, AGT×572, GCT×450, ACA×225, GTT×144, ATT×135, ACC×101, AAG×49, ATA×14, ACT×9, GAA×6, GGA×5, AAC×2, AAA×1, CTT×1, GTG×1"
168,nonsynonymous-only,0,1,15,7542,"L×4, R×2, S×2, T×2, V×2, K×1, M×1, P×1","TTA×2906, CTA×1264, GTG×1249, TTG×643, CCA×572, CTG×386, CGT×219, TCA×181, GTA×105, ACG×5, ACT×5, TCT×4, AAA×1, ATG×1, CGG×1"
169,nonsynonymous-only,0,1,18,7534,"I×3, T×3, F×2, L×2, S×2, A×1, C×1, D×1, G×1, R×1, V×1","TTA×2230, TTC×1865, ATT×1829, CTT×720, ACC×518, TTT×154, GAT×97, AGA×49, ACA×32, ACT×21, ATC×6, TCT×4, TCC×3, GTC×2, ATA×1, GCC×1, GGT×1, TGC×1"
170,nonsynonymous-only,0,1,6,4088,"G×1, K×1, N×1, R×1, S×1, Y×1","AAT×2527, AAA×1507, AGG×49, AGT×3, GGG×1, TAC×1"
171,nonsynonymous-only,0,1,9,4034,"I×3, A×1, C×1, L×1, M×1, S×1, T×1","AGT×1563, TGT×1405, ATC×825, ATT×103, ATA×97, TTA×34, GCA×5, ACG×1, ATG×1"
172,nonsynonymous-only,0,1,3,135,"G×1, I×1, L×1","CTG×100, GGA×34, ATC×1"
173,nonsynonymous-only,0,1,9,2359,"A×2, L×2, S×2, F×1, T×1, Y×1","TTG×1505, TTA×371, GCG×294, TAT×97, GCC×49, TCA×34, TTC×5, TCG×3, ACT×1"
174,nonsynonymous-only,0,1,15,6675,"L×5, G×2, Q×2, R×2, E×1, I×1, P×1, S×1","CGG×2703, TTA×1616, ATA×825, CTA×714, CAA×546, GGA×101, CTC×97, CAG×45, GAA×14, TTG×6, CCA×3, CGA×2, CTG×1, GGG×1, TCA×1"
175,nonsynonymous-only,0,1,14,5271,"A×2, I×2, T×2, D×1, F×1, G×1, K×1, L×1, M×1, S×1, V×1","ATT×1708, GCA×1563, ATC×827, ATG×814, ACG×289, GAC×49, ACC×5, AAA×3, AGT×3, GGA×3, TTA×3, GCT×2, GTG×1, TTT×1"
178,nonsynonymous-only,0,1,3,5,"A×1, V×1, Y×1","TAC×3, GCT×1, GTC×1"
179,synonymous-only,1,0,2,2,V×2,"GTG×1, GTT×1"
184,nonsynonymous-only,0,1,7,3952,"K×2, C×1, E×1, L×1, R×1, T×1","GAA×1566, AAA×1261, AAG×825, TGC×294, ACA×3, AGA×2, CTT×1"
185,nonsynonymous-only,0,1,10,3966,"S×3, L×2, F×1, I×1, P×1, R×1, T×1","CTT×1563, TTT×825, TCA×690, TCC×418, AGG×294, TCT×153, ACC×15, ATT×6, CCG×1, CTA×1"
186,nonsynonymous-only,0,1,8,1440,"C×2, K×1, Q×1, R×1, S×1, W×1, Y×1","TGC×825, TAC×572, TCA×34, AAA×3, CAA×3, AGA×1, TGG×1, TGT×1"
187,nonsynonymous-only,0,1,10,5355,"N×2, R×2, D×1, E×1, H×1, Q×1, T×1, Y×1","CAC×2921, CAA×1342, TAT×451, AAC×294, GAC×220, CGC×88, ACA×34, AAT×3, CGG×1, GAA×1"
188,nonsynonymous-only,0,1,13,4518,"I×2, L×2, T×2, Y×2, D×1, E×1, F×1, S×1, V×1","TTA×1342, TTC×825, ATC×708, GAT×575, ATT×464, TAC×294, ACT×220, TTG×49, ACA×34, GAA×3, TAT×2, GTA×1, TCA×1"
189,nonsynonymous-only,0,1,11,4518,"L×4, R×2, D×1, F×1, H×1, W×1, Y×1","CGA×1342, TAT×1005, AGG×825, TTT×705, TTG×566, CTG×55, GAC×14, TTA×3, CAT×1, CTA×1, TGG×1"
190,nonsynonymous-only,0,1,8,4987,"F×2, L×2, S×2, C×1, I×1","TTC×2858, TTT×916, AGC×689, TCT×453, TTG×66, TTA×3, ATT×1, TGC×1"
191,nonsynonymous-only,0,1,11,5159,"C×2, N×2, P×2, Y×2, G×1, R×1, W×1","TAT×1916, TGG×1356, CGT×824, GGC×453, CCG×294, TGT×274, TGC×35, AAC×3, AAT×2, CCT×1, TAC×1"
192,nonsynonymous-only,0,1,11,2642,"A×3, G×1, L×1, P×1, Q×1, R×1, S×1, T×1, W×1","GCA×690, GCG×566, TCA×548, TTA×452, CCA×263, ACA×76, CAG×34, GCT×5, AGG×3, GGA×3, TGG×2"
193,nonsynonymous-only,0,1,10,3440,"F×2, L×2, Y×2, D×1, H×1, I×1, N×1","CTT×1345, AAT×689, TTA×572, TTT×450, TAT×295, TTC×36, TAC×33, CAC×16, ATT×3, GAC×1"
194,nonsynonymous-only,0,1,9,3441,"D×2, S×2, F×1, L×1, N×1, T×1, Y×1","AAT×1343, GAT×697, GAC×564, TCT×450, TTT×331, TAT×51, ACC×3, CTT×1, TCC×1"
195,nonsynonymous-only,0,1,8,3432,"D×2, G×1, H×1, K×1, N×1, Q×1, R×1","CAT×1793, AAT×689, GAT×561, AGG×294, GGC×49, AAA×34, GAC×11, CAA×1"
196,nonsynonymous-only,0,1,7,2008,"I×2, C×1, H×1, S×1, T×1, V×1","ATA×689, GTC×572, ATC×450, CAT×294, ACT×1, AGT×1, TGT×1"
197,nonsynonymous-only,0,1,4,1712,"L×1, N×1, T×1, W×1","AAT×689, ACG×572, CTT×450, TGG×1"
200,nonsynonymous-only,0,1,3,464,"E×1, Q×1, R×1","CGC×450, GAA×13, CAA×1"
201,nonsynonymous-only,0,1,5,471,"L×2, F×1, M×1, R×1","TTA×454, ATG×12, AGA×3, CTA×1, TTT×1"
202,nonsynonymous-only,0,1,6,470,"E×1, I×1, K×1, L×1, Q×1, W×1","GAG×450, CTA×12, AAA×3, ATA×3, CAA×1, TGG×1"
203,nonsynonymous-only,0,1,11,3234,"E×2, I×2, L×2, S×2, K×1, M×1, T×1","GAG×1404, TTG×687, ATG×572, ACT×450, ATC×100, TCA×12, GAA×4, TTA×2, AAG×1, AGT×1, ATT×1"
204,nonsynonymous-only,0,1,12,4920,"T×3, N×2, S×2, L×1, M×1, Q×1, R×1, Y×1","ACT×1405, ACG×1341, CGC×689, CAA×572, AAT×450, TCT×294, TAT×103, AAC×49, AGT×12, TTA×3, ACA×1, ATG×1"
205,nonsynonymous-only,0,1,18,4932,"A×3, I×3, L×3, P×2, S×2, V×2, E×1, F×1, Q×1","GCG×1498, GCA×1330, TTT×692, ATT×571, TTG×450, CCT×294, GTA×62, TCT×12, ATC×5, GCT×5, CAG×3, TTA×3, GTG×2, ATA×1, CCG×1, CTT×1, GAA×1, TCG×1"
206,nonsynonymous-only,0,1,17,7495,"E×2, G×2, N×2, S×2, Y×2, C×1, D×1, H×1, K×1, R×1, T×1, V×1","AAT×2114, GAT×1702, AAC×1563, GGC×825, AAA×574, AGA×451, GAA×108, ACC×100, GGA×29, TAT×13, CAT×5, AGT×4, GTT×3, AGC×1, GAG×1, TAC×1, TGC×1"
207,nonsynonymous-only,0,1,12,7729,"K×2, Q×2, E×1, G×1, I×1, M×1, P×1, R×1, S×1, V×1","AAA×3123, AGA×1567, CAA×1358, GGG×825, GAA×328, TCA×220, CCA×137, AAG×100, CAG×49, ATG×13, ATA×5, GTA×4"
208,nonsynonymous-only,0,1,14,8359,"G×4, R×3, K×2, Q×2, D×1, E×1, T×1","GGT×2225, CAA×1338, AGG×1151, AGA×825, GGG×737, GAA×713, GGC×573, AAG×450, AAA×235, GGA×83, CAG×19, GAC×5, ACG×3, CGG×2"
209,nonsynonymous-only,0,1,19,8435,"E×2, K×2, L×2, N×2, Q×2, A×1, C×1, D×1, G×1, I×1, R×1, S×1, T×1, V×1","GAA×1924, ACA×1558, CAG×1406, AAA×1358, AAC×825, GAG×574, GGA×450, CAA×220, GTT×49, TCA×35, ATA×12, GAT×7, GCA×5, AAT×3, CTT×3, TGC×3, AAG×1, AGA×1, TTA×1"
210,nonsynonymous-only,0,1,13,8447,"I×3, T×2, A×1, G×1, H×1, K×1, M×1, N×1, S×1, V×1","ATT×5617, AGT×1047, ATA×983, ATG×572, GTA×100, GGT×57, AAT×38, ATC×12, AAG×9, ACT×6, GCT×3, ACC×2, CAT×1"
211,nonsynonymous-only,0,1,21,6393,"S×5, I×3, T×3, V×3, L×2, D×1, E×1, F×1, K×1, R×1","TTT×1563, GTT×1404, GAC×825, ACT×689, ATT×573, AGC×450, ACA×281, TCC×232, GTA×189, AAA×101, GTC×26, TCA×19, ACC×18, ATC×12, AGA×3, TCT×3, ATA×1, CTG×1, GAA×1, TCG×1, TTA×1"
212,nonsynonymous-only,0,1,9,3986,"L×2, A×1, D×1, N×1, P×1, R×1, V×1, Y×1","AAT×1561, TTA×1405, CGA×825, TAT×101, CTG×49, CCA×34, GTT×8, GAT×2, GCA×1"
213,nonsynonymous-only,0,1,4,1489,"N×2, G×1, S×1","AAT×1405, GGT×49, AGC×34, AAC×1"
214,nonsynonymous-only,0,1,2,83,"F×1, M×1","ATG×49, TTT×34"
216,nonsynonymous-only,0,1,3,1393,"K×2, R×1","AGA×1342, AAG×49, AAA×2"
217,nonsynonymous-only,0,1,2,1393,"K×1, S×1","AGC×1391, AAG×2"
218,nonsynonymous-only,0,1,4,1393,"H×2, P×1, R×1","CGA×1296, CAT×49, CCA×46, CAC×2"
219,nonsynonymous-only,0,1,4,1393,"L×3, S×1","CTG×1186, TTG×156, TTA×49, TCC×2"
220,nonsynonymous-only,0,1,3,1393,"E×1, G×1, K×1","GGA×1342, GAG×49, AAA×2"
221,nonsynonymous-only,0,1,2,1392,"C×1, H×1","TGC×1343, CAC×49"
224,nonsynonymous-only,0,1,5,1689,"R×2, G×1, L×1, W×1","CGG×1342, AGG×294, GGA×49, TGG×3, CTA×1"
225,nonsynonymous-only,0,1,6,1640,"D×2, N×2, E×1, T×1","AAT×1341, GAC×294, GAT×2, AAC×1, ACG×1, GAG×1"
226,nonsynonymous-only,0,1,2,2,"I×1, N×1","AAT×1, ATC×1"
227,nonsynonymous-only,0,1,7,2782,"K×2, I×1, L×1, M×1, R×1, V×1","AAG×1563, ATG×825, GTA×294, AAA×97, ATA×1, CGG×1, CTG×1"
228,nonsynonymous-only,0,1,16,7034,"R×3, G×2, N×2, A×1, D×1, E×1, F×1, I×1, K×1, S×1, T×1, Y×1","GAG×1563, AAC×1439, GGT×896, AGT×730, GCC×689, AGA×442, AGG×384, AAG×294, GGC×273, ATT×220, AAT×58, GAT×38, ACT×5, CGT×1, TAT×1, TTT×1"
229,nonsynonymous-only,0,1,13,6955,"L×3, F×2, P×2, S×2, I×1, M×1, R×1, V×1","TCA×2905, TTA×1307, CTG×817, ATA×689, TTT×577, TTG×505, CGA×97, TCG×35, GTA×12, CCG×8, ATG×1, CCA×1, TTC×1"
230,nonsynonymous-only,0,1,17,7005,"I×3, V×3, R×2, T×2, A×1, G×1, K×1, L×1, M×1, N×1, W×1","ATC×1857, ATT×1474, CTT×825, ATA×708, GCT×689, GTC×575, ACA×450, GGC×220, GTT×133, ATG×49, AGG×14, TGG×5, AGA×2, AAA×1, AAT×1, ACG×1, GTA×1"
231,nonsynonymous-only,0,1,14,4787,"A×2, G×2, T×2, E×1, I×1, K×1, M×1, N×1, Q×1, S×1, V×1","GCA×1563, GGT×1343, AAA×858, GGA×305, GCT×294, GTT×220, AGT×98, AAT×52, ACC×34, CAA×15, GAA×2, ACT×1, ATA×1, ATG×1"
232,nonsynonymous-only,0,1,17,5603,"A×3, F×2, I×2, L×2, E×1, K×1, M×1, P×1, S×1, T×1, V×1, W×1","CCA×1563, TTT×1342, ATG×707, GCA×450, ATC×443, CTC×382, TTG×294, AAA×235, GTG×97, GCC×49, GCT×34, ATT×2, ACG×1, AGC×1, GAA×1, TGG×1, TTC×1"
233,nonsynonymous-only,0,1,13,4895,"I×3, L×2, S×2, G×1, K×1, M×1, N×1, R×1, V×1","ATC×1562, ATT×1440, ATA×825, AGT×451, ATG×294, AGG×220, CTA×49, GGC×34, AAC×15, AGC×2, AAG×1, CTC×1, GTC×1"
234,nonsynonymous-only,0,1,9,4878,"L×2, V×2, C×1, F×1, I×1, N×1, Y×1","TTT×4181, CTA×294, TGT×220, GTA×97, TTG×49, TAC×34, AAT×1, ATT×1, GTC×1"
235,nonsynonymous-only,0,1,7,2172,"Q×2, R×2, E×1, F×1, K×1","CAA×1343, CGT×450, AAG×294, GAG×49, TTT×34, AGA×1, CAG×1"
236,nonsynonymous-only,0,1,4,52,"N×2, I×1, R×1","AAC×49, AAT×1, ATC×1, CGA×1"
238,nonsynonymous-only,0,1,8,2034,"F×2, L×2, S×2, I×1, Q×1","TTA×1343, TTT×450, TCG×217, ATA×16, TTC×3, TTG×3, CAG×1, TCA×1"
239,nonsynonymous-only,0,1,7,2337,"I×1, K×1, M×1, Q×1, R×1, T×1, W×1","CAA×1342, AGA×708, ACG×217, AAG×64, ATG×3, TGG×2, ATA×1"
240,nonsynonymous-only,0,1,8,2792,"F×2, L×2, P×1, T×1, V×1, Y×1","CTT×1342, TTT×1159, TAT×220, TTC×64, GTT×4, ACC×1, CCC×1, CTG×1"
241,nonsynonymous-only,0,1,10,2791,"D×1, G×1, I×1, K×1, L×1, M×1, N×1, P×1, T×1, Y×1","AAT×1346, CCT×707, AAA×511, ATT×217, ATG×3, TAT×3, ACT×1, CTT×1, GAT×1, GGT×1"
242,nonsynonymous-only,0,1,10,1449,"L×3, R×3, F×1, M×1, V×1, Y×1","ATG×708, TTC×450, CTG×223, TAT×49, CGT×12, CGA×3, AGG×1, GTT×1, TTA×1, TTG×1"
243,nonsynonymous-only,0,1,8,2322,"K×2, S×2, A×1, E×1, I×1, T×1","TCA×1342, AAG×708, GAG×217, ATT×49, GCG×3, AAA×1, ACA×1, TCG×1"
244,nonsynonymous-only,0,1,6,1614,"L×2, K×1, S×1, T×1, V×1","TCA×1342, AAA×220, CTA×48, ACA×2, GTT×1, TTA×1"
245,nonsynonymous-only,0,1,5,1394,"G×1, K×1, Q×1, R×1, S×1","AGG×1183, GGG×159, AAG×49, AGC×2, CAA×1"
246,nonsynonymous-only,0,1,4,1394,"Q×2, D×1, E×1","GAT×1342, CAA×49, GAA×2, CAG×1"
247,nonsynonymous-only,0,1,4,1393,"S×2, F×1, Y×1","TTT×1297, TAT×49, TCT×45, AGC×2"
248,nonsynonymous-only,0,1,4,1393,"D×1, G×1, R×1, V×1","GGA×1341, GTG×49, GAT×2, AGA×1"
251,nonsynonymous-only,0,1,3,273,"I×1, M×1, T×1","ATT×223, ACC×49, ATG×1"
252,nonsynonymous-only,0,1,2,269,"G×1, V×1","GGT×220, GTT×49"
254,nonsynonymous-only,0,1,4,1909,"L×1, M×1, P×1, R×1","ATG×1393, CGG×294, TTA×221, CCT×1"
255,nonsynonymous-only,0,1,7,1908,"L×3, S×2, I×1, P×1","TCG×1186, TTG×375, TTA×294, ATA×49, CCA×2, CTG×1, TCA×1"
256,nonsynonymous-only,0,1,7,1702,"S×2, E×1, F×1, I×1, N×1, R×1","AGC×1341, TCT×295, TTC×61, GAA×2, AAC×1, AGA×1, ATC×1"
257,nonsynonymous-only,0,1,16,6382,"L×3, S×3, F×2, T×2, C×1, M×1, Q×1, R×1, W×1, Y×1","CTG×1663, TTG×1344, ACT×825, ACA×689, CGA×571, TCG×452, TCC×425, TTT×239, TAT×97, TCA×50, TTA×15, CAG×5, TTC×4, ATG×1, TGC×1, TGG×1"
258,nonsynonymous-only,0,1,13,5565,"A×2, G×2, K×2, N×2, R×2, E×1, T×1, V×1","AAG×1564, GTA×1342, AAA×1032, AAC×703, GGA×450, AGA×294, GAA×154, AAT×20, ACA×2, AGG×1, GCA×1, GCT×1, GGG×1"
259,nonsynonymous-only,0,1,12,4857,"R×3, L×2, A×1, K×1, Q×1, S×1, T×1, W×1, Y×1","TGG×1794, TCA×1563, CGG×624, TAT×451, AGA×294, TTA×105, CTT×15, AGG×6, CAG×2, AAA×1, ACG×1, GCT×1"
260,nonsynonymous-only,0,1,24,7045,"V×3, C×2, E×2, F×2, I×2, K×2, S×2, A×1, D×1, G×1, H×1, L×1, M×1, N×1, R×1, Y×1","AAC×1565, CAC×1342, GTG×825, GAG×711, CGC×689, ATT×453, TTC×424, CTC×369, GCG×294, TGC×131, AAA×100, AAG×97, TAT×15, GTT×12, TCC×5, GAT×3, GGT×3, AGC×1, ATA×1, ATG×1, GAA×1, GTC×1, TGT×1, TTT×1"
261,nonsynonymous-only,0,1,17,5741,"R×4, K×2, E×1, F×1, G×1, I×1, L×1, M×1, N×1, Q×1, S×1, W×1, Y×1","TGG×1653, GGG×1554, AAG×825, CGG×708, CGA×450, AGG×352, AAA×134, CAA×15, ATA×12, AAC×11, GAG×9, AGA×7, TCA×6, TAC×2, ATG×1, TTG×1, TTT×1"
262,nonsynonymous-only,0,1,25,6325,"I×3, L×3, P×3, E×2, K×2, Q×2, R×2, S×2, T×2, D×1, G×1, N×1, V×1","GTG×1424, CCA×1137, ATA×927, AAG×468, GAG×449, CTA×426, GAA×423, AAA×288, CAA×223, ACT×202, GGG×176, CCT×92, ATC×49, AAC×11, CAG×10, TCT×5, ATT×3, TCA×3, CCG×2, CGG×2, ACA×1, AGG×1, CTG×1, CTT×1, GAC×1"
263,nonsynonymous-only,0,1,16,7143,"I×3, L×3, N×2, R×2, A×1, E×1, K×1, M×1, T×1, V×1","AAT×1522, GTA×1384, ATT×973, AAC×917, ATC×793, CTT×708, ACA×450, ATA×332, GCA×17, ATG×15, TTA×14, AGG×5, GAA×5, AAA×4, AGA×3, TTG×1"
264,nonsynonymous-only,0,1,19,6314,"L×5, F×2, I×2, N×2, Y×2, D×1, H×1, P×1, Q×1, S×1, V×1","TTT×1395, AAC×1266, CTC×1161, TAC×808, ATT×451, CTT×402, TCC×296, CAC×220, GAC×127, CTG×100, CCC×32, ATC×15, TTG×14, TAT×12, CAG×5, AAT×4, GTT×4, TTA×1, TTC×1"
265,nonsynonymous-only,0,1,18,4748,"C×2, D×2, E×2, L×2, N×2, Y×2, A×1, F×1, H×1, Q×1, R×1, S×1","CAA×1342, TAC×871, AAT×690, CAT×571, GAT×451, GAA×346, TTT×318, CTC×100, TAT×20, AAC×15, TCT×12, CTT×5, CGC×2, GAC×1, GAG×1, GCA×1, TGC×1, TGT×1"
266,nonsynonymous-only,0,1,14,4724,"I×2, K×2, S×2, A×1, C×1, D×1, E×1, N×1, Q×1, R×1, V×1","AAG×1640, GTT×1261, AAA×782, GAC×450, ATC×220, AAT×132, AGC×100, ATT×97, AGA×34, AGT×4, CAA×1, GAA×1, GCT×1, TGT×1"
267,nonsynonymous-only,0,1,14,3649,"E×2, K×2, N×2, Q×2, R×2, V×2, I×1, Y×1","CAG×1341, AAC×747, GAA×689, AAA×609, TAT×100, AGA×97, AAT×52, GAG×5, GTA×3, CAA×2, AAG×1, ATC×1, CGT×1, GTT×1"
268,nonsynonymous-only,0,1,16,2304,"A×2, K×2, N×2, S×2, D×1, G×1, I×1, L×1, P×1, R×1, T×1, Y×1","TCA×688, AAT×571, GCG×450, GGT×294, ATA×101, TTG×97, AAA×52, AGT×34, GAT×5, AAG×4, ACG×3, AAC×1, CCA×1, CGG×1, GCA×1, TAT×1"
269,nonsynonymous-only,0,1,5,753,"A×1, E×1, G×1, I×1, N×1","GCT×450, GAG×294, ATA×5, GGT×3, AAC×1"
270,nonsynonymous-only,0,1,3,750,"G×1, K×1, T×1","AAA×451, ACA×294, GGC×5"
272,nonsynonymous-only,0,1,2,451,"E×1, H×1","CAT×450, GAG×1"
273,nonsynonymous-only,0,1,5,459,"I×2, L×2, M×1","ATG×453, ATT×3, ATA×1, CTT×1, TTA×1"
274,nonsynonymous-only,0,1,5,459,"I×2, A×1, E×1, N×1","GCA×450, ATT×4, AAC×3, ATC×1, GAA×1"
275,nonsynonymous-only,0,1,5,457,"T×2, I×1, S×1, Y×1","ATT×451, TAC×3, ACG×1, ACT×1, TCT×1"
276,nonsynonymous-only,0,1,12,1253,"A×3, T×2, V×2, E×1, G×1, K×1, L×1, P×1","GTA×706, GCT×450, ACA×49, GTT×34, GAA×6, GCA×2, AAG×1, ACG×1, CCG×1, CTA×1, GCG×1, GGA×1"
277,nonsynonymous-only,0,1,13,2599,"K×2, R×2, D×1, E×1, G×1, H×1, I×1, L×1, N×1, Q×1, Y×1","AGA×1391, GAA×708, CAC×450, AAA×35, GAC×3, TAT×3, AAT×2, CAA×2, AAG×1, ATT×1, CGT×1, GGA×1, TTA×1"
278,nonsynonymous-only,0,1,13,2613,"I×2, L×2, V×2, D×1, E×1, F×1, K×1, M×1, R×1, S×1","CGC×1342, GTT×708, TTG×450, AAA×49, ATA×34, ATG×15, CTG×8, GAG×2, ATT×1, GAT×1, GTA×1, TCA×1, TTC×1"
279,nonsynonymous-only,0,1,14,2627,"G×2, Y×2, D×1, E×1, F×1, I×1, L×1, M×1, N×1, Q×1, R×1, T×1","CAA×1343, GGT×708, ATT×450, TAT×59, ATG×35, TTA×13, TAC×5, TTT×5, GAT×3, AAT×2, ACT×1, CGA×1, GAA×1, GGA×1"
280,nonsynonymous-only,0,1,15,2639,"K×2, L×2, P×2, A×1, F×1, I×1, M×1, Q×1, R×1, S×1, T×1, V×1","AAA×1344, GCA×708, CCA×453, AGA×49, ACG×35, TCA×16, TTA×14, CTA×13, AAG×1, ATA×1, ATG×1, CAA×1, CCT×1, GTA×1, TTT×1"
281,nonsynonymous-only,0,1,11,2628,"A×3, I×2, T×2, D×1, K×1, M×1, V×1","GCC×1343, GCA×708, GAT×451, ATT×64, ACG×49, GCT×7, ACA×2, AAA×1, ATA×1, ATG×1, GTC×1"
282,nonsynonymous-only,0,1,8,1851,"A×1, D×1, E×1, G×1, I×1, K×1, N×1, S×1","GAA×1345, AGT×450, GAC×35, GGA×13, AAA×5, AAT×1, ATA×1, GCT×1"
283,nonsynonymous-only,0,1,13,1899,"K×2, R×2, A×1, D×1, E×1, G×1, M×1, N×1, T×1, V×1, Y×1","GAT×1342, GCT×450, AAA×49, AAT×47, ATG×3, AAG×1, ACA×1, CGA×1, CGT×1, GAA×1, GGT×1, GTT×1, TAT×1"
284,nonsynonymous-only,0,1,9,1884,"L×2, A×1, E×1, K×1, P×1, Q×1, R×1, V×1","GCA×1342, CAA×450, GAA×49, CCT×35, AAA×4, CGC×1, CTT×1, GTT×1, TTG×1"
285,nonsynonymous-only,0,1,6,1429,"L×2, D×1, F×1, G×1, T×1","CTC×1336, GGA×49, TTT×36, CTT×6, ACT×1, GAT×1"
286,nonsynonymous-only,0,1,14,2636,"G×3, V×3, I×2, A×1, F×1, H×1, R×1, S×1, Y×1","ATC×1342, GGG×708, CAT×450, GTC×49, GTG×36, GCG×15, ATT×13, GTT×12, GGC×3, TTT×3, GGA×2, AGT×1, CGG×1, TAT×1"
287,nonsynonymous-only,0,1,4,86,"D×2, I×1, R×1","CGA×49, ATA×35, GAC×1, GAT×1"
289,nonsynonymous-only,0,1,2,36,"K×1, L×1","AAA×35, TTA×1"
290,nonsynonymous-only,0,1,10,2649,"F×2, N×2, T×2, G×1, I×1, L×1, V×1","ATT×1412, AAT×747, AAC×450, CTT×15, ACT×12, TTT×9, ACG×1, GGT×1, GTT×1, TTC×1"
291,nonsynonymous-only,0,1,14,3991,"I×3, T×3, V×3, F×1, L×1, M×1, N×1, S×1","GTC×1342, ATC×752, ATA×689, ACA×568, ACC×450, GTA×97, GTT×49, ATT×24, TTC×12, ACT×4, AAT×1, AGC×1, ATG×1, TTG×1"
292,nonsynonymous-only,0,1,14,3942,"G×3, H×2, L×2, C×1, F×1, N×1, Q×1, R×1, S×1, W×1","GGT×2029, CAC×708, GGA×638, TGT×450, AAT×49, GGG×33, CAT×16, CGG×9, TGG×3, TTT×3, AGC×1, CAA×1, CTT×1, TTG×1"
293,nonsynonymous-only,0,1,17,3977,"L×3, R×2, V×2, C×1, E×1, F×1, I×1, N×1, P×1, Q×1, S×1, T×1, W×1","TTG×2136, ATA×689, GTA×568, TTT×450, CCT×49, GTG×39, GAA×15, TGG×9, TTA×9, AGG×3, TGT×3, TCG×2, AAT×1, ACG×1, CAG×1, CGA×1, CTG×1"
294,nonsynonymous-only,0,1,15,3235,"E×2, I×2, K×2, L×2, T×2, A×1, G×1, N×1, P×1, R×1","AAG×1334, ACG×692, TTA×481, ATC×450, AAA×105, CTA×91, GAA×49, CCG×15, AGA×9, GCA×3, GAG×2, AAC×1, ACA×1, ATT×1, GGC×1"
295,nonsynonymous-only,0,1,13,3223,"D×2, K×2, S×2, T×2, E×1, G×1, I×1, R×1, V×1","GAC×1391, AAA×689, ACG×481, AGT×450, GAT×98, ACA×91, AAG×15, GTT×3, AGA×1, AGC×1, ATA×1, GAG×1, GGG×1"
296,nonsynonymous-only,0,1,10,3207,"A×1, C×1, F×1, H×1, I×1, K×1, L×1, M×1, P×1, S×1","CAT×1391, TCA×689, CCA×572, TGC×450, GCA×97, CTT×3, ATG×2, AAA×1, ATT×1, TTT×1"
297,nonsynonymous-only,0,1,8,3206,"T×3, F×2, I×1, L×1, N×1","ATC×1342, ACA×689, ACC×572, CTT×450, ACG×146, TTT×4, AAT×2, TTC×1"
298,nonsynonymous-only,0,1,7,506,"H×1, L×1, P×1, R×1, S×1, T×1, Y×1","AGG×450, CCC×49, TTG×3, ACT×1, CAT×1, TAC×1, TCT×1"
299,nonsynonymous-only,0,1,4,55,"I×1, L×1, S×1, V×1","TCA×50, GTA×3, ATC×1, CTA×1"
300,nonsynonymous-only,0,1,2,2,"Q×1, S×1","AGT×1, CAA×1"
301,nonsynonymous-only,0,1,2,2,"C×1, N×1","AAC×1, TGC×1"
304,nonsynonymous-only,0,1,8,1413,"G×4, V×2, K×1, L×1","GGC×689, GGG×571, GGA×97, AAA×49, TTA×4, GGT×1, GTA×1, GTC×1"
305,nonsynonymous-only,0,1,13,1748,"S×4, L×3, K×2, C×1, F×1, R×1, Y×1","TCT×719, TCC×541, TTA×295, AAG×97, TAT×49, CTA×35, AGC×3, TTT×3, AAA×2, CGA×1, CTT×1, TCA×1, TGT×1"
306,nonsynonymous-only,0,1,12,3047,"I×3, A×2, T×2, V×2, K×1, M×1, N×1","AAA×1343, ATA×692, ATG×572, ACT×294, GTA×97, ATT×38, GTT×5, ATC×2, AAT×1, ACG×1, GCA×1, GCT×1"
307,nonsynonymous-only,0,1,15,4054,"I×3, V×3, F×2, L×2, T×2, A×1, N×1, S×1","ACC×1333, ATT×947, ACA×688, GTG×576, TTC×295, TTT×114, ATC×50, AGT×35, GCC×8, GTA×3, AAC×1, ATA×1, CTT×1, GTC×1, TTG×1"
308,nonsynonymous-only,0,1,8,4515,"F×2, L×2, C×1, I×1, P×1, S×1","TTC×1801, TTT×1719, ATT×905, CCT×49, TTG×36, TCA×3, TGT×1, TTA×1"
309,nonsynonymous-only,0,1,18,3170,"E×2, G×2, L×2, S×2, A×1, D×1, H×1, I×1, K×1, M×1, N×1, P×1, T×1, V×1","AAT×1261, ATG×709, ATT×485, GGG×286, TCA×221, GAG×97, GTT×49, TTA×15, ACC×13, GGT×8, AAA×7, GCA×6, GAC×5, CAC×3, CCA×2, AGC×1, CTC×1, GAA×1"
310,nonsynonymous-only,0,1,20,2600,"C×2, D×2, G×2, K×2, L×2, N×2, S×2, T×2, A×1, R×1, V×1, Y×1","GGC×777, GGT×692, AAC×450, AAG×295, GAC×157, AGC×98, TGC×49, TAT×35, AAT×13, GCC×10, GAT×6, ACT×3, AGT×3, CTC×3, AAA×2, AGA×2, TGT×2, ACC×1, CTT×1, GTC×1"
311,nonsynonymous-only,0,1,17,2600,"I×3, E×2, F×2, L×2, V×2, A×1, K×1, M×1, P×1, T×1, Y×1","GCT×708, CTA×684, TTT×488, CTC×294, ATC×219, TAT×97, ATT×58, GTA×12, GAA×10, ATA×8, TTC×7, GAG×6, GTT×4, AAA×2, ACT×1, ATG×1, CCT×1"
312,nonsynonymous-only,0,1,17,2136,"S×4, T×3, N×2, P×2, D×1, F×1, G×1, I×1, R×1, Y×1","TAT×720, TCA×689, CGT×294, ACC×183, TCT×100, AGC×49, ATT×36, ACT×34, CCA×10, AAT×5, CCT×5, ACG×3, GGT×3, TTT×2, AAC×1, GAT×1, TCC×1"
313,nonsynonymous-only,0,1,6,752,"A×2, F×1, G×1, K×1, Q×1","TTT×697, AAA×49, GCA×3, CAA×1, GCT×1, GGT×1"
314,nonsynonymous-only,0,1,4,739,"A×2, R×1, W×1","GCG×611, GCA×78, AGG×49, TGG×1"
315,nonsynonymous-only,0,1,3,739,"A×1, I×1, R×1","AGA×689, GCA×49, ATT×1"
317,nonsynonymous-only,0,1,4,1456,"C×2, I×1, L×1","ATC×1405, TTG×49, TGC×1, TGT×1"
318,nonsynonymous-only,0,1,7,3055,"A×1, F×1, G×1, I×1, K×1, R×1, S×1","GCG×1563, AAG×1405, GGA×49, TTC×35, AGA×1, ATA×1, TCG×1"
319,nonsynonymous-only,0,1,7,5225,"A×1, C×1, F×1, I×1, S×1, T×1, Y×1","TGT×1563, ATT×1426, TCT×1406, TTT×826, ACT×2, GCT×1, TAT×1"
320,nonsynonymous-only,0,1,7,5319,"F×2, C×1, H×1, I×1, P×1, Y×1","TTT×1564, TAT×1405, ATC×1343, CCT×825, TTC×132, CAT×49, TGT×1"
321,nonsynonymous-only,0,1,10,6177,"S×3, L×1, P×1, Q×1, R×1, T×1, W×1, Y×1","TCG×2113, TCA×1783, TGG×1344, CCT×825, TTG×49, TCT×35, TAC×13, CAG×11, AGG×3, ACG×1"
322,nonsynonymous-only,0,1,11,6279,"R×4, I×1, K×1, M×1, N×1, Q×1, S×1, W×1","AGA×2271, CGG×974, ATG×869, CAG×825, ATA×536, TGG×397, AAC×220, AAA×98, CGT×49, AGG×39, AGC×1"
323,nonsynonymous-only,0,1,19,6851,"L×4, A×3, V×3, S×2, D×1, E×1, F×1, I×1, P×1, T×1, W×1","TCC×1563, CTG×1400, TCA×1342, TTA×825, GAA×571, GTT×405, GCT×401, GTC×184, TGG×49, ATC×36, TTC×35, CTT×15, GTG×12, TTG×6, GAC×3, ACC×1, CCA×1, GCA×1, GCC×1"
324,nonsynonymous-only,0,1,13,6781,"S×3, N×2, R×2, A×1, E×1, G×1, H×1, I×1, K×1","AAT×4244, AAA×1534, AAC×719, AGG×220, GCT×35, GGA×12, ATT×6, AGA×3, AGC×3, TCC×2, AGT×1, CAT×1, GAA×1"
325,nonsynonymous-only,0,1,19,8426,"I×3, F×2, K×2, T×2, A×1, C×1, E×1, H×1, N×1, R×1, S×1, V×1, W×1, Y×1","AAT×1564, AAA×1417, GCA×1342, ATT×904, TCC×706, TGC×689, TTC×589, TGG×450, AGA×325, GAA×294, CAT×127, ATC×4, TAT×4, TTT×3, ACA×2, ATA×2, GTA×2, AAG×1, ACT×1"
326,nonsynonymous-only,0,1,17,7849,"A×2, E×2, I×2, K×2, R×2, T×2, V×2, G×1, M×1, N×1","AGA×2112, GGG×1587, ACG×1343, AAA×1122, AAG×699, ATT×453, ACT×220, GAG×107, ATG×97, AGG×52, AAT×36, GTA×12, GCG×3, ATC×2, GCT×2, GAA×1, GTT×1"
330,nonsynonymous-only,0,1,2,689,"F×1, L×1","CTC×684, TTC×5"
332,nonsynonymous-only,0,1,18,8531,"S×3, D×2, F×2, I×2, N×2, Y×2, C×1, G×1, R×1, T×1, V×1","ATT×2344, AGC×1568, GTT×1407, TGC×1313, GAT×695, TCT×452, AAT×381, AGA×294, AAC×31, GGC×28, TTC×6, GAC×4, ACT×2, TTT×2, AGT×1, ATC×1, TAC×1, TAT×1"
333,nonsynonymous-only,0,1,21,8532,"A×2, G×2, L×2, N×2, S×2, T×2, C×1, D×1, F×1, H×1, I×1, K×1, Q×1, V×1, Y×1","ACC×1558, TGT×1406, CAT×1342, AAT×912, TTT×825, ATT×715, GCC×690, GCT×540, AAA×220, GGG×100, CTA×97, CAG×49, ACT×37, AAC×13, GGT×12, TCC×5, GAT×4, CTT×3, AGT×2, GTT×1, TAT×1"
334,nonsynonymous-only,0,1,3,50,"C×2, T×1","TGC×48, ACT×1, TGT×1"
339,nonsynonymous-only,0,1,3,85,"I×1, M×1, S×1","AGC×49, ATA×35, ATG×1"
340,nonsynonymous-only,0,1,4,1347,"F×1, H×1, I×1, T×1","ACT×690, ATT×572, TTT×84, CAT×1"
341,nonsynonymous-only,0,1,5,1347,"G×1, N×1, R×1, T×1, V×1","ACA×690, AGG×572, AAC×49, GGC×35, GTT×1"
342,nonsynonymous-only,0,1,15,3875,"T×3, F×2, L×2, S×2, C×1, H×1, K×1, P×1, W×1, Y×1","TCG×1342, TTT×714, TGC×690, TTC×574, CAT×450, CCT×49, TCT×35, TAT×13, ACA×2, AAG×1, ACG×1, ACT×1, CTT×1, TGG×1, TTA×1"
343,nonsynonymous-only,0,1,14,3203,"S×4, C×2, I×2, A×1, D×1, F×1, R×1, T×1, V×1","CGC×1103, TCC×689, ATT×577, TGC×288, AGT×220, GTT×168, TTT×132, AGC×13, ACC×6, ATC×2, GCT×2, GAT×1, TCA×1, TGT×1"
344,nonsynonymous-only,0,1,14,3206,"F×2, S×2, V×2, E×1, G×1, H×1, I×1, L×1, Q×1, T×1, Y×1","TTT×2053, CTT×690, TTC×196, TCA×180, TAT×35, GTC×33, AGT×6, ATT×5, CAA×2, CAT×2, ACG×1, GAA×1, GGT×1, GTT×1"
345,nonsynonymous-only,0,1,17,3172,"I×3, G×2, N×2, R×2, T×2, A×1, C×1, D×1, H×1, S×1, Y×1","AGC×1344, CAT×687, GGC×670, AAT×220, AGG×139, ACC×49, TAT×21, TGC×20, ATT×9, GAT×3, GGT×3, ATC×2, AAC×1, ACT×1, ATA×1, CGC×1, GCT×1"
346,nonsynonymous-only,0,1,18,2149,"K×2, P×2, S×2, T×2, V×2, A×1, E×1, F×1, L×1, N×1, Q×1, R×1, Y×1","AGC×707, AGG×690, GTT×450, TAT×221, CCT×34, AAG×14, GTC×9, CTT×6, AGT×4, GAA×4, ACT×2, CAA×2, AAA×1, AAT×1, ACC×1, CCA×1, GCT×1, TTT×1"
347,nonsynonymous-only,0,1,13,2368,"S×3, A×2, R×2, F×1, G×1, I×1, K×1, V×1, Y×1","TAT×696, ATT×694, AGT×587, TTC×220, CGA×140, GTT×14, AAA×9, AGA×3, AGC×1, GCG×1, GCT×1, GGT×1, TCG×1"
348,nonsynonymous-only,0,1,15,3621,"C×2, D×2, N×2, S×2, E×1, F×1, H×1, I×1, R×1, T×1, Y×1","TCC×1346, GAT×928, AAC×699, AAT×456, CGT×160, TGC×14, CAT×5, TAC×3, TGT×3, AGT×2, ACC×1, ATC×1, GAA×1, GAC×1, TTT×1"
349,nonsynonymous-only,0,1,12,2868,"R×2, C×1, D×1, E×1, F×1, G×1, I×1, L×1, N×1, W×1, Y×1","CGA×1342, TGG×800, GAT×690, AAC×14, AGA×6, GGG×6, TGC×4, ATT×2, GAG×1, TAC×1, TTA×1, TTT×1"
350,nonsynonymous-only,0,1,15,3500,"S×4, C×2, L×2, F×1, G×1, I×1, N×1, T×1, V×1, Y×1","TAT×1343, GGC×690, GTT×573, TGT×450, TGC×236, ACA×127, TTT×46, AAT×17, TCT×7, TCA×4, CTT×3, AGT×1, ATT×1, CTG×1, TCC×1"
351,nonsynonymous-only,0,1,16,4216,"R×3, K×2, L×2, A×1, E×1, F×1, G×1, I×1, N×1, S×1, T×1, Y×1","TTT×1330, TCA×806, AAA×682, ATT×460, TTA×456, AGG×221, AGA×146, CTT×50, AAG×39, ACT×14, GCT×5, AAT×3, CGT×1, GAA×1, GGA×1, TAT×1"
352,nonsynonymous-only,0,1,14,4216,"T×3, I×2, L×2, D×1, F×1, M×1, N×1, S×1, V×1, Y×1","ACT×1562, ATT×737, ATC×690, ACC×573, CTT×450, ACG×129, TTT×55, TCT×9, AAT×5, ATG×2, GAT×1, GTT×1, TAT×1, TTG×1"
353,nonsynonymous-only,0,1,11,3697,"I×2, L×2, C×1, D×1, F×1, K×1, S×1, T×1, V×1","TTG×1342, TGT×739, GTT×471, ATT×399, ACT×338, AAA×220, GAT×131, TTA×37, TTT×16, AGC×3, ATC×1"
354,nonsynonymous-only,0,1,18,2118,"A×3, R×3, C×2, N×2, T×2, G×1, H×1, K×1, Q×1, S×1, W×1","CGA×693, ACC×481, AAA×450, GCC×220, TGG×130, TGC×49, CAA×40, AGA×18, AAC×12, GGA×11, GCG×6, AAT×2, ACT×1, AGG×1, AGT×1, CAT×1, GCA×1, TGT×1"
355,nonsynonymous-only,0,1,9,2172,"R×2, C×1, E×1, F×1, K×1, Q×1, S×1, V×1","AGC×708, GTC×690, GAA×470, CGA×166, TGT×131, AAA×3, CAA×2, AGA×1, TTC×1"
356,nonsynonymous-only,0,1,10,4241,"N×2, S×2, T×2, E×1, F×1, I×1, K×1","AAT×2426, ACC×1357, TTT×400, AAC×37, ACG×12, AAA×4, ATT×2, AGC×1, AGT×1, GAA×1"
357,nonsynonymous-only,0,1,11,4242,"D×2, G×2, N×2, S×2, F×1, H×1, I×1","AAC×1524, AAT×883, TCT×709, ATT×607, GAC×490, TTT×15, GGT×6, GGG×3, AGT×2, GAT×2, CAC×1"
358,nonsynonymous-only,0,1,10,4035,"K×2, Q×2, R×2, L×1, N×1, S×1, W×1","TGG×1342, AAT×708, AAG×691, AGG×669, CAG×572, TTG×37, CAA×12, AGA×2, AAA×1, AGT×1"
359,nonsynonymous-only,0,1,3,1297,"E×1, K×1, W×1","TGG×834, GAA×451, AAA×12"
360,nonsynonymous-only,0,1,4,1290,"L×1, P×1, T×1, Y×1","TTA×708, TAC×450, ACC×131, CCA×1"
361,nonsynonymous-only,0,1,2,709,"C×1, K×1","TGT×708, AAA×1"
362,nonsynonymous-only,0,1,2,709,"D×1, E×1","GAT×708, GAA×1"
363,nonsynonymous-only,0,1,3,714,"C×1, D×1, S×1","TGT×708, GAC×5, AGC×1"
364,nonsynonymous-only,0,1,6,2377,"I×1, N×1, Q×1, R×1, S×1, V×1","AAT×1563, ATT×706, CAG×100, TCC×5, GTT×2, AGA×1"
365,nonsynonymous-only,0,1,9,5175,"C×2, D×1, F×1, G×1, H×1, N×1, R×1, Y×1","GAC×1563, CGC×1405, CAT×1342, TAT×708, TTT×101, AAT×49, TGC×5, GGT×1, TGT×1"
366,nonsynonymous-only,0,1,11,5877,"L×2, A×1, C×1, F×1, N×1, Q×1, R×1, T×1, W×1, Y×1","TGT×1534, TGG×1450, AAC×1406, TTT×1289, TAC×97, CAA×54, CGT×29, TTG×15, ACT×1, GCG×1, TTA×1"
367,nonsynonymous-only,0,1,14,6707,"I×3, D×2, N×2, S×2, F×1, G×1, H×1, P×1, R×1","AAC×2114, ATT×1793, GGC×1563, GAC×826, TCC×131, AAT×110, CAT×97, ATA×49, GAT×14, AGT×5, TTC×2, ATC×1, CCT×1, CGT×1"
368,nonsynonymous-only,0,1,10,6998,"R×3, E×2, Q×2, H×1, K×1, Y×1","AGA×1563, CAG×1506, GAA×1430, CAA×1193, TAT×572, AAA×408, CGA×220, CGG×102, CAC×3, GAG×1"
369,nonsynonymous-only,0,1,12,8295,"E×2, K×2, N×2, D×1, G×1, H×1, M×1, R×1, S×1","AAA×5103, GAA×866, AGG×819, AAT×756, GAG×692, AAC×45, GAT×4, GGG×4, CAC×3, AAG×1, AGT×1, ATG×1"
370,nonsynonymous-only,0,1,12,6951,"L×4, V×2, E×1, F×1, I×1, N×1, P×1, T×1","TTT×2488, TTG×1405, CCA×1215, GAG×690, AAT×573, GTA×294, CTA×127, ACA×89, TTA×49, ATA×19, CTG×1, GTC×1"
371,nonsynonymous-only,0,1,12,6126,"I×3, V×3, A×2, F×1, N×1, R×1, S×1","GTC×2470, ATT×2089, GCA×691, TCC×294, GCC×277, ATA×108, ATC×97, AGA×49, GTT×47, AAC×2, GTG×1, TTT×1"
372,nonsynonymous-only,0,1,11,5832,"C×2, F×2, L×2, A×1, Q×1, S×1, V×1, Y×1","GCT×1564, TTT×1409, TGC×1333, GTC×690, TTC×572, TAC×106, TCT×105, TTA×49, TGT×2, CAG×1, TTG×1"
373,nonsynonymous-only,0,1,3,158,"A×1, I×1, T×1","ACC×108, ATT×49, GCT×1"
374,nonsynonymous-only,0,1,2,50,"P×1, Q×1","CAA×49, CCA×1"
388,nonsynonymous-only,0,1,9,4246,"S×3, L×2, A×1, F×1, P×1, T×1","CCA×1563, TTA×1441, TTT×768, TCA×456, TCT×8, ACA×7, CTA×1, GCT×1, TCG×1"
389,nonsynonymous-only,0,1,7,1464,"Y×2, L×1, Q×1, S×1, V×1, W×1","TGG×1341, TAT×97, GTA×12, CAA×8, TCC×3, TTG×2, TAC×1"
390,nonsynonymous-only,0,1,12,3788,"K×2, V×2, C×1, D×1, E×1, H×1, I×1, L×1, N×1, R×1","AAC×1563, CAC×1342, AAA×710, GAC×98, CGG×49, TGC×12, GTG×5, GTA×3, AAG×2, GAA×2, ATA×1, CTA×1"
393,nonsynonymous-only,0,1,11,3677,"C×2, L×2, P×2, A×1, I×1, R×1, W×1, Y×1","GCG×1563, TTA×1342, CGC×708, CTG×49, CCG×5, ATA×3, TGG×3, CCA×1, TAT×1, TGC×1, TGT×1"
394,nonsynonymous-only,0,1,10,3689,"Y×2, C×1, D×1, F×1, H×1, L×1, P×1, Q×1, S×1","GAC×1563, TCC×1341, TAC×709, TTC×50, TAT×15, CCT×5, TGC×3, CAA×1, CAT×1, TTA×1"
395,nonsynonymous-only,0,1,10,4515,"G×2, K×2, E×1, I×1, N×1, R×1, T×1, V×1","AAA×2271, AAG×1343, GGA×819, AAT×49, GAA×17, ATA×5, GGT×4, ACA×3, GTA×3, AGA×1"
396,nonsynonymous-only,0,1,10,4503,"K×2, N×2, S×2, E×1, I×1, R×1, T×1","AAC×2913, TCC×792, AAA×606, ACA×104, ATT×49, TCA×33, AAT×3, AAG×1, AGA×1, GAA×1"
397,nonsynonymous-only,0,1,8,2402,"I×2, V×2, A×1, F×1, L×1, S×1","GTC×1544, TTT×826, ATC×15, GTT×7, AGT×5, GCT×3, ATT×1, TTA×1"
400,nonsynonymous-only,0,1,3,722,"E×1, Q×1, S×1","GAA×708, AGT×12, CAA×2"
401,nonsynonymous-only,0,1,4,722,"L×2, G×1, R×1","AGA×708, TTA×12, CTT×1, GGT×1"
402,nonsynonymous-only,0,1,3,722,"K×2, T×1","AAA×709, ACG×12, AAG×1"
403,nonsynonymous-only,0,1,4,722,"N×2, C×1, S×1","AAC×708, AAT×12, AGC×1, TGC×1"
404,nonsynonymous-only,0,1,5,3110,"I×2, L×1, N×1, T×1","CTT×1563, ACT×1532, ATT×13, AAC×1, ATC×1"
405,nonsynonymous-only,0,1,7,3110,"N×2, Y×2, G×1, K×1, L×1","AAC×1539, GGT×825, TAT×709, AAA×23, TTA×12, AAT×1, TAC×1"
406,nonsynonymous-only,0,1,10,7153,"F×2, I×2, A×1, D×1, L×1, S×1, V×1, Y×1","TTC×3973, ATT×1564, CTT×825, TTT×404, ATC×190, GCA×131, TCT×49, GTT×13, GAC×3, TAT×1"
407,nonsynonymous-only,0,1,4,196,"A×1, F×1, I×1, T×1","TTT×108, GCT×86, ACT×1, ATT×1"
408,nonsynonymous-only,0,1,4,195,"I×2, T×2","ATC×108, ACA×49, ATA×37, ACT×1"
409,nonsynonymous-only,0,1,3,87,"H×1, N×1, Y×1","AAT×49, TAT×33, CAT×5"
410,nonsynonymous-only,0,1,2,50,"D×1, N×1","AAT×49, GAT×1"
418,nonsynonymous-only,0,1,4,2438,"G×1, K×1, R×1, S×1","CGG×1563, AGC×638, GGC×236, AAG×1"
419,nonsynonymous-only,0,1,5,2437,"K×2, A×1, Q×1, R×1","AAG×1563, CGA×823, GCG×49, AAA×1, CAA×1"
420,nonsynonymous-only,0,1,5,2535,"A×1, I×1, K×1, T×1, V×1","ATA×1561, ACA×825, GTA×99, AAA×49, GCA×1"
421,nonsynonymous-only,0,1,22,7231,"D×2, E×2, I×2, K×2, N×2, S×2, C×1, G×1, H×1, M×1, P×1, Q×1, R×1, T×1, W×1, Y×1","AAT×2390, AAG×2196, AGT×1404, GAA×690, ATG×219, AGA×132, GAT×108, AAA×37, TAC×14, CAA×12, CCA×6, GAC×5, CAT×3, GGA×3, TGG×3, TGT×3, AAC×1, ACT×1, ATA×1, ATT×1, GAG×1, TCA×1"
422,nonsynonymous-only,0,1,18,8244,"E×2, K×2, N×2, R×2, V×2, F×1, I×1, L×1, M×1, Q×1, S×1, T×1, W×1","ATG×2426, AAA×1730, GAG×1555, GTT×825, AAG×705, AAT×705, AGA×108, AGT×97, TTT×49, GAA×18, GTG×9, TTA×6, AAC×3, AGG×3, ACG×2, ATT×1, CAA×1, TGG×1"
423,nonsynonymous-only,0,1,20,8270,"H×2, K×2, N×2, Q×2, S×2, Y×2, C×1, D×1, E×1, G×1, I×1, L×1, R×1, T×1","CAA×2271, CGT×1405, AAT×1395, AAG×825, AGC×690, TGT×687, GAA×572, TCT×131, AAA×111, ACT×97, ATT×38, TTA×13, TAT×12, GGT×9, AAC×6, CAT×3, GAT×2, CAC×1, CAG×1, TAC×1"
424,nonsynonymous-only,0,1,13,5010,"R×3, S×3, L×2, C×1, K×1, Q×1, W×1, Y×1","CGC×1559, TGT×1403, TGG×865, CGA×825, TTA×233, TAT×110, CGT×4, TTG×3, CAA×2, TCG×2, TCT×2, AAG×1, TCA×1"
425,nonsynonymous-only,0,1,22,7834,"S×4, L×3, T×3, A×2, F×2, I×2, H×1, K×1, M×1, N×1, V×1, Y×1","GCC×1561, TTC×1152, TTA×991, ATG×928, TTT×869, TCA×530, TCT×523, GCT×451, ATT×307, TCC×298, TCG×108, ACT×100, TAT×5, ATC×3, AAA×1, AAC×1, ACA×1, ACC×1, CAT×1, CTA×1, CTT×1, GTA×1"
426,nonsynonymous-only,0,1,16,7582,"L×6, F×2, I×2, A×1, M×1, P×1, R×1, V×1, W×1","TTG×1887, TTA×1466, CTC×1405, TGG×1110, CTA×712, TTT×475, CTG×450, TTC×37, ATT×17, ATA×10, AGG×3, ATG×3, CTT×3, CCA×2, GCA×1, GTA×1"
427,nonsynonymous-only,0,1,12,5749,"L×3, T×2, V×2, A×1, F×1, I×1, Q×1, S×1","TTT×2592, ATT×1405, CTT×708, GTT×573, TTA×296, TCG×131, ACA×37, CTA×3, ACC×1, CAA×1, GCA×1, GTG×1"
428,nonsynonymous-only,0,1,9,2893,"S×3, C×2, K×1, L×1, R×1, Y×1","TGT×1212, AGA×1106, TAT×291, TGC×131, TCT×108, AGC×37, AAA×4, TCA×3, TTA×1"
429,nonsynonymous-only,0,1,6,539,"V×2, D×1, K×1, S×1, Y×1","TAC×295, TCT×131, AAG×108, GTT×3, GAT×1, GTA×1"
431,nonsynonymous-only,0,1,7,2092,"L×2, F×1, I×1, P×1, R×1, W×1","TGG×1346, TTT×572, TTA×157, ATA×14, AGA×1, CCT×1, CTG×1"
432,nonsynonymous-only,0,1,11,969,"L×4, G×1, H×1, M×1, P×1, R×1, S×1, W×1","CCC×418, GGA×186, CAC×151, TCT×108, AGA×83, ATG×14, CTC×3, CTG×3, CTT×1, TGG×1, TTG×1"
433,nonsynonymous-only,0,1,11,3021,"E×2, C×1, G×1, K×1, L×1, P×1, R×1, T×1, W×1, Y×1","CCC×1342, GAG×1280, AAA×220, GGA×108, TTG×49, TGC×14, GAA×4, ACA×1, CGA×1, TAT×1, TGG×1"
434,nonsynonymous-only,0,1,10,3180,"K×2, E×1, G×1, I×1, L×1, P×1, Q×1, S×1, T×1","ACA×1342, GGA×708, AAG×574, GAA×182, AAA×162, ATA×135, CCA×49, TTA×15, CAA×12, AGC×1"
435,nonsynonymous-only,0,1,19,2845,"S×3, F×2, I×2, L×2, R×2, T×2, G×1, K×1, P×1, Q×1, V×1, Y×1","ATC×1250, AGA×587, CGG×450, ACC×141, AAA×132, TCA×108, TCG×97, TTG×49, ATA×10, TAT×6, ACA×3, CAG×3, TTA×3, AGT×1, CCA×1, GGA×1, GTA×1, TTC×1, TTT×1"
436,nonsynonymous-only,0,1,17,3309,"R×3, L×2, P×2, Y×2, E×1, G×1, H×1, K×1, Q×1, S×1, V×1, W×1","CTG×1440, TGG×587, CAG×395, CCG×312, AGA×220, TAC×145, GAG×131, CAC×49, CGG×15, CTA×6, GGA×3, AAG×1, AGG×1, CCA×1, GTT×1, TAT×1, TCG×1"
437,nonsynonymous-only,0,1,9,4364,"K×2, N×2, E×1, H×1, S×1, T×1, V×1","AAT×2012, AAG×1385, AAC×708, AGT×131, AAA×62, GAG×49, CAT×15, ACA×1, GTG×1"
438,nonsynonymous-only,0,1,14,831,"Q×2, R×2, Y×2, C×1, G×1, H×1, I×1, K×1, L×1, T×1, W×1","ATA×450, TAT×149, AAG×108, TAC×49, CAT×37, TTA×12, GGA×9, AGA×4, TGG×4, CAG×3, CGT×3, ACG×1, CAA×1, TGT×1"
439,nonsynonymous-only,0,1,15,2473,"L×3, S×3, A×2, Y×2, C×1, D×1, E×1, G×1, Q×1","CTC×1342, TCC×451, TGC×257, TCA×132, GAA×108, TAT×80, GAT×49, CAA×18, TAC×17, TCT×12, GGA×3, CTG×1, CTT×1, GCA×1, GCC×1"
440,nonsynonymous-only,0,1,2,110,"K×1, N×1","AAA×109, AAC×1"
441,nonsynonymous-only,0,1,3,110,"Q×2, L×1","CAA×108, CAG×1, CTT×1"
442,nonsynonymous-only,0,1,3,110,"K×2, D×1","AAA×108, AAG×1, GAT×1"
446,nonsynonymous-only,0,1,7,2334,"V×2, A×1, G×1, I×1, L×1, W×1","GTA×1503, GTG×572, TGG×108, GGA×97, ATA×38, GCA×13, TTA×3"
447,nonsynonymous-only,0,1,17,3911,"L×3, A×2, F×2, R×2, C×1, E×1, G×1, K×1, Q×1, S×1, V×1, Y×1","CGA×834, AAA×832, GAA×745, TTA×690, TCC×571, GTC×108, CAA×49, TTT×40, AGA×14, TAC×11, TGC×9, CTG×3, GCA×1, GCT×1, GGT×1, TTC×1, TTG×1"
448,nonsynonymous-only,0,1,18,6253,"R×4, L×3, I×2, K×2, C×1, E×1, F×1, M×1, N×1, Q×1, T×1","AAA×2096, ATA×1343, AGA×796, AAG×575, TTC×450, CAA×328, CGT×249, TTG×168, ATG×103, GAA×49, TGT×46, AGG×29, AAT×14, CGG×3, ACA×1, ATT×1, CTA×1, TTA×1"
449,nonsynonymous-only,0,1,17,6265,"I×3, L×2, N×2, R×2, S×2, F×1, H×1, K×1, M×1, P×1, V×1","CGC×1450, ATC×1405, CAT×826, TTT×690, ATG×572, AAG×490, AGA×295, ATT×228, AAT×220, GTG×55, AGT×14, CCT×9, AAC×5, CTC×3, AGC×1, ATA×1, TTA×1"
450,nonsynonymous-only,0,1,17,3668,"S×3, F×2, L×2, T×2, C×1, H×1, M×1, N×1, P×1, R×1, W×1, Y×1","TCA×1562, TTT×914, TTA×454, TCG×295, CGA×220, ACG×106, ACT×37, ATG×25, TTG×16, TTC×14, TAT×10, TGG×6, CAC×3, TGT×3, AAC×1, CCA×1, TCC×1"
451,nonsynonymous-only,0,1,15,6909,"R×3, K×2, L×2, Q×2, S×2, E×1, T×1, V×1, W×1","AAA×2710, CGT×1405, TCG×1342, AAG×691, TTG×572, CAG×108, GTG×49, TGG×14, AGG×5, GAA×5, CAA×4, ACG×1, CGA×1, CTA×1, TCA×1"
452,nonsynonymous-only,0,1,17,8572,"I×3, K×2, N×2, Q×2, R×2, A×1, E×1, L×1, S×1, V×1, Y×1","AAT×4007, ATC×1550, GCG×1404, ATT×629, AGA×476, TAT×221, TTG×108, AAC×97, CAG×37, AAG×13, ATA×13, AGG×7, AAA×3, AGC×3, GAG×2, CAA×1, GTG×1"
453,nonsynonymous-only,0,1,17,5462,"L×4, C×2, F×2, H×2, Y×2, D×1, G×1, K×1, Q×1, S×1","TAT×2983, TGC×1141, TTG×571, TGT×434, CAC×130, CAA×123, TAC×54, CTT×8, TTC×5, TTT×4, GGG×3, AAG×1, CAT×1, CTC×1, GAT×1, TCA×1, TTA×1"
454,nonsynonymous-only,0,1,14,5887,"L×3, S×2, A×1, E×1, I×1, K×1, N×1, P×1, Q×1, W×1, Y×1","CAA×3901, TCG×656, CTG×572, TTG×553, TAT×131, TGG×54, AAA×9, AAC×3, CTA×3, ATA×1, CCA×1, GAA×1, GCG×1, TCA×1"
455,nonsynonymous-only,0,1,11,1873,"I×3, A×2, T×2, K×1, N×1, R×1, S×1","AAG×1405, ATT×296, GCT×108, GCA×49, ATC×5, AAT×3, ATA×3, ACC×1, ACT×1, AGA×1, AGC×1"
456,nonsynonymous-only,0,1,9,1871,"G×2, I×2, A×1, R×1, S×1, V×1, Y×1","ATT×1513, GTC×295, GGG×49, GCT×5, ATC×3, TCT×3, CGT×1, GGC×1, TAT×1"
457,synonymous-only,1,0,2,50,L×2,"TTA×49, CTG×1"
458,nonsynonymous-only,0,1,3,55,"A×1, M×1, V×1","GTG×50, GCC×3, ATG×2"
459,nonsynonymous-only,0,1,3,5,"G×1, K×1, R×1","GGG×3, AAG×1, CGA×1"
460,nonsynonymous-only,0,1,3,101,"L×1, S×1, V×1","TTA×97, TCG×3, GTG×1"
461,nonsynonymous-only,0,1,3,106,"E×1, K×1, Q×1","AAA×98, CAG×5, GAG×3"
462,nonsynonymous-only,0,1,8,3756,"L×3, R×2, F×1, M×1, W×1","TTG×1563, TTA×825, AGA×690, CGG×572, TTT×97, CTT×5, ATG×3, TGG×1"
463,nonsynonymous-only,0,1,9,3793,"A×2, D×1, G×1, I×1, L×1, R×1, S×1, W×1","GCA×1563, TCG×825, TGG×690, CGA×563, GCT×97, GAC×49, ATA×3, CTC×2, GGT×1"
464,nonsynonymous-only,0,1,11,3839,"S×2, E×1, F×1, G×1, I×1, L×1, M×1, T×1, V×1, Y×1","ATG×2252, GAG×825, TCA×572, GGA×97, TCT×49, TTT×37, CTA×3, ACC×1, ATC×1, GTT×1, TAT×1"
465,nonsynonymous-only,0,1,20,8137,"F×2, I×2, K×2, L×2, T×2, A×1, E×1, G×1, H×1, M×1, N×1, Q×1, S×1, V×1, Y×1","GCT×1564, AAT×1405, TTC×1344, ATA×839, TAT×825, GAA×690, TTT×610, CTA×450, CTC×221, ACT×97, TCT×49, AAG×19, AAA×8, ACC×5, ATC×4, CAT×3, ATG×1, CAA×1, GGC×1, GTA×1"
466,nonsynonymous-only,0,1,13,6908,"K×2, R×2, C×1, E×1, F×1, G×1, L×1, M×1, N×1, V×1, W×1","TGG×2582, AGA×2261, TGC×825, GTA×573, AAG×454, AAT×97, AAA×53, CTA×37, CGG×12, GGG×9, GAG×3, ATG×1, TTC×1"
467,nonsynonymous-only,0,1,16,6959,"C×2, K×2, L×2, Q×2, R×2, Y×2, I×1, S×1, T×1, W×1","AAA×2389, TCA×1977, TGG×1337, TAT×690, ATT×220, CAA×112, TTA×100, TTG×87, AAG×14, AGA×13, TGC×9, TGT×5, TAC×3, ACA×1, CAG×1, CGG×1"
468,nonsynonymous-only,0,1,21,8243,"I×3, T×3, A×2, R×2, S×2, D×1, G×1, H×1, K×1, L×1, M×1, N×1, P×1, V×1","ATC×1539, CTC×1405, ACC×1374, CCA×1342, AGA×763, ACT×725, CAT×450, ATT×227, AGG×182, ATA×97, GGG×38, GCA×37, AAC×24, AGC×15, AGT×12, GCT×5, GTT×4, AAA×1, ACA×1, ATG×1, GAC×1"
469,nonsynonymous-only,0,1,12,5913,"E×2, N×2, R×2, C×1, D×1, G×1, H×1, K×1, S×1","AAT×3589, GAT×706, AGG×690, CAT×450, CGT×182, GGC×108, GAA×97, TGT×41, AAC×37, AGT×10, AAG×2, GAG×1"
470,nonsynonymous-only,0,1,19,5200,"R×3, S×3, C×2, I×2, L×2, F×1, H×1, N×1, Q×1, T×1, V×1, Y×1","TCG×1439, TGC×1405, AGT×822, ACA×690, TTA×450, TTT×220, AGG×108, ATC×33, TAT×8, ATT×4, CAT×4, GTC×4, AAT×3, AGA×3, TGT×3, CAA×1, CGA×1, CTA×1, TCT×1"
471,nonsynonymous-only,0,1,10,3554,"S×2, Y×2, A×1, H×1, K×1, L×1, P×1, V×1","TTG×1405, TCA×1156, AAG×450, TAT×216, GCA×185, TAC×97, TCT×37, CAT×4, GTA×3, CCA×1"
472,nonsynonymous-only,0,1,7,2041,"P×2, F×1, H×1, R×1, S×1, W×1","CAT×1041, CCT×450, CGT×364, TCA×97, TGG×49, TTC×37, CCG×3"
473,nonsynonymous-only,0,1,5,1528,"L×4, F×1","CTC×1378, TTT×97, CTT×49, TTA×3, CTA×1"
474,nonsynonymous-only,0,1,6,1479,"V×2, A×1, G×1, L×1, T×1","GCG×1323, GGT×97, GTT×37, ACG×13, GTG×6, CTT×3"
475,nonsynonymous-only,0,1,10,3692,"L×3, F×2, S×2, M×1, T×1, Y×1","TCA×1405, TCC×1342, ACT×690, TAT×109, ATG×97, TTT×37, CTC×5, TTC×3, TTG×3, CTT×1"
476,nonsynonymous-only,0,1,12,5222,"L×3, S×3, F×2, A×1, G×1, K×1, V×1","TCA×1451, CTT×1405, GCT×824, TTC×691, TTA×573, GGA×131, AAG×97, CTC×40, TCC×5, TCT×3, GTT×1, TTT×1"
477,nonsynonymous-only,0,1,20,8488,"R×3, G×2, I×2, L×2, N×2, S×2, T×2, E×1, K×1, Q×1, V×1, Y×1","CTG×1535, AAC×1408, TAT×1342, AAA×945, ATC×856, AAT×722, AGG×691, ATA×450, AGA×197, ACC×189, CGA×108, TTG×28, GAA×6, GGT×3, ACA×2, TCC×2, AGT×1, CAA×1, GGA×1, GTT×1"
478,nonsynonymous-only,0,1,21,5790,"R×5, G×2, K×2, Q×2, S×2, C×1, D×1, F×1, H×1, L×1, M×1, N×1, Y×1","GAT×1565, CGT×1152, TAC×758, CGG×690, AAG×465, AGG×296, AGC×219, CAT×198, GGT×151, AAA×135, AGA×131, GGA×9, ATG×6, TGT×4, CAG×3, AGT×2, TTT×2, AAC×1, CAA×1, CGC×1, TTA×1"
479,nonsynonymous-only,0,1,23,8538,"A×3, L×3, S×3, T×3, E×2, K×2, F×1, I×1, M×1, N×1, P×1, Q×1, R×1","ACA×2933, AGT×1389, ACT×1262, CCC×816, GCG×701, CAA×453, GAA×273, CTG×220, AAG×192, ATG×120, ATA×105, AAA×24, AAT×16, TCC×9, ACC×8, TCG×7, TTG×3, GAG×2, AGA×1, GCA×1, GCT×1, TTA×1, TTC×1"
480,nonsynonymous-only,0,1,14,6469,"L×4, K×2, P×2, R×2, E×1, F×1, Q×1, S×1","CCG×1563, CCA×1428, TTA×1394, CTG×825, CTA×573, TCA×430, CAA×208, AAG×37, AAA×5, CGA×2, AGA×1, GAA×1, TTG×1, TTT×1"
481,nonsynonymous-only,0,1,2,13,"D×1, I×1","ATT×12, GAT×1"
482,nonsynonymous-only,0,1,20,3202,"A×2, D×2, E×2, N×2, V×2, Y×2, C×1, F×1, G×1, H×1, I×1, K×1, L×1, S×1","AAC×1406, GGC×708, GAT×450, AAA×403, AGT×97, ATT×49, GCT×37, CAT×12, CTT×12, AAT×6, GAA×6, GCG×3, GTG×3, TAT×3, TGC×2, GAC×1, GAG×1, GTC×1, TAC×1, TTC×1"
483,nonsynonymous-only,0,1,5,1563,"C×2, A×1, I×1, N×1","AAT×1406, TGC×97, GCG×49, ATT×8, TGT×3"
484,nonsynonymous-only,0,1,2,1502,"I×1, S×1","ATC×1405, AGC×97"
485,nonsynonymous-only,0,1,2,98,"Q×1, S×1","AGC×97, CAA×1"
488,nonsynonymous-only,0,1,2,4,"E×1, Q×1","CAG×3, GAA×1"
489,nonsynonymous-only,0,1,2,4,"H×1, L×1","TTA×3, CAC×1"
490,nonsynonymous-only,0,1,5,55,"L×1, P×1, Q×1, S×1, V×1","TCA×49, TTG×3, CAG×1, CCA×1, GTG×1"
491,nonsynonymous-only,0,1,18,7978,"S×4, G×3, I×2, N×2, Q×2, C×1, E×1, K×1, R×1, V×1","AGG×2271, AGT×2230, AAA×1381, GGC×690, GGT×572, TGC×450, ATT×295, GTA×52, TCA×18, TCC×9, ATA×2, CAG×2, AAC×1, AAT×1, AGC×1, CAA×1, GAA×1, GGG×1"
492,nonsynonymous-only,0,1,16,6068,"R×3, K×2, S×2, A×1, E×1, G×1, I×1, M×1, P×1, Q×1, T×1, V×1","CAA×1699, GAA×1358, ATA×827, AAA×710, TCA×606, ATG×572, CCA×108, TCG×79, GTG×49, ACA×37, GGA×10, AAG×3, AGG×3, CGG×3, AGA×2, GCA×2"
493,nonsynonymous-only,0,1,13,8092,"F×2, I×2, L×2, A×1, H×1, N×1, P×1, T×1, V×1, Y×1","CCT×2905, CTT×2098, TTT×1745, ATA×708, GTT×499, TTA×114, ATT×12, TAT×5, ACT×2, AAC×1, CAT×1, GCA×1, TTC×1"
494,nonsynonymous-only,0,1,13,7396,"I×3, C×2, F×2, L×1, N×1, R×1, S×1, V×1, Y×1","TTC×2905, TCT×1414, GTC×1281, TTT×1020, TGC×453, ATT×297, TAT×15, AAT×3, ATA×3, TGT×2, ATC×1, CGT×1, TTG×1"
495,nonsynonymous-only,0,1,14,6040,"A×2, G×2, K×2, Q×2, D×1, E×1, L×1, R×1, V×1, W×1","TGG×1563, GGA×1407, GAA×1342, AAA×709, CGC×572, GCG×167, GCA×128, GTG×108, CAA×37, GGC×3, AAG×1, CAG×1, CTG×1, GAT×1"
496,nonsynonymous-only,0,1,14,5346,"R×4, L×3, G×2, E×1, K×1, P×1, Q×1, S×1","TTG×1926, CGG×1563, GGA×1403, TCG×295, CGT×108, TTA×38, AAA×3, AGA×3, GGG×2, AGG×1, CAG×1, CCG×1, CTA×1, GAA×1"
497,nonsynonymous-only,0,1,5,59,"F×2, L×2, W×1","TTG×49, TTA×4, TTC×3, TGG×2, TTT×1"
498,nonsynonymous-only,0,1,10,1493,"T×2, V×2, E×1, I×1, K×1, L×1, P×1, R×1","ATA×1170, ACT×220, TTG×49, GAA×39, ACA×6, AAA×3, AGA×3, CCG×1, GTA×1, GTG×1"
499,nonsynonymous-only,0,1,6,235,"Y×2, A×1, K×1, R×1, W×1","TAT×219, AGA×8, AAA×3, TGG×3, GCA×1, TAC×1"
500,nonsynonymous-only,0,1,3,456,"I×1, L×1, V×1","GTA×450, ATT×3, CTT×3"
507,nonsynonymous-only,0,1,3,489,"F×1, L×1, S×1","CTT×450, TTT×38, TCT×1"
508,nonsynonymous-only,0,1,4,1431,"M×1, N×1, Q×1, S×1","AAC×1343, CAG×49, TCC×37, ATG×2"
509,nonsynonymous-only,0,1,7,1885,"L×2, V×2, A×1, I×1, N×1","GCA×1320, GTG×452, CTA×49, AAT×37, GTA×23, ATC×3, TTA×1"
510,nonsynonymous-only,0,1,12,2129,"A×2, E×2, L×2, G×1, I×1, P×1, Q×1, S×1, V×1","CCA×1342, GGA×450, GCG×220, TCG×49, CAA×37, GCA×12, ATA×9, GAA×3, GAG×3, CTG×2, GTA×1, TTA×1"
511,nonsynonymous-only,0,1,8,4242,"R×2, G×1, K×1, L×1, N×1, P×1, V×1","AAA×2515, AGA×1405, GTA×220, GGA×51, CGA×37, AAT×12, CCC×1, TTA×1"
512,nonsynonymous-only,0,1,8,3660,"Q×2, C×1, H×1, I×1, R×1, V×1, W×1","CAA×1753, CAG×1215, CAC×451, TGC×220, GTA×15, ATT×3, AGA×2, TGG×1"
513,nonsynonymous-only,0,1,19,6623,"L×4, R×4, Q×2, D×1, E×1, F×1, I×1, K×1, N×1, S×1, V×1, W×1","CGC×1557, CGA×1403, AAT×1342, GAG×823, CTA×708, CTT×450, GTG×220, TTT×49, CAG×37, ATT×12, CAA×6, CGT×4, TGG×3, AAG×2, AGC×2, CGG×2, CTG×1, GAC×1, TTG×1"
514,nonsynonymous-only,0,1,11,5847,"L×3, P×2, V×2, F×1, Q×1, S×1, W×1","CAA×1563, GTG×1398, TCA×1342, CCA×795, TTA×336, CTA×220, TTG×152, CCG×30, GTA×7, TGG×3, TTT×1"
515,nonsynonymous-only,0,1,16,6608,"L×3, A×2, S×2, V×2, E×1, F×1, H×1, N×1, Q×1, R×1, Y×1","GCC×1563, GCT×1405, CGA×1341, GTC×825, TCC×703, TTC×450, AGC×219, GAG×49, TTA×37, TAC×6, CTC×3, TTG×3, AAC×1, CAA×1, CAC×1, GTA×1"
516,nonsynonymous-only,0,1,8,6605,"L×4, F×1, I×1, M×1, S×1","TTA×2388, TTT×1855, CTG×1346, ATG×745, TTG×220, ATT×49, CTT×1, TCC×1"
517,nonsynonymous-only,0,1,5,4501,"A×2, G×1, N×1, S×1","AGT×1563, GCG×1369, GGT×825, AAT×708, GCA×36"
518,nonsynonymous-only,0,1,13,7557,"I×2, L×2, R×2, S×2, A×1, F×1, P×1, V×1, Y×1","TTA×2388, TTT×2322, CGA×1398, GCT×1249, GTT×94, CTT×49, TAC×37, AGA×7, ATA×5, ATC×3, CCT×3, TCA×1, TCC×1"
519,nonsynonymous-only,0,1,17,7211,"A×4, V×3, I×2, L×2, S×2, T×2, M×1, P×1","GCG×1913, TTA×1563, ATG×1404, TCT×839, GCA×693, TCA×670, GCT×49, TTG×38, ATA×15, GTA×12, GCC×5, GTT×4, CCA×2, ACA×1, ACG×1, ATT×1, GTC×1"
520,nonsynonymous-only,0,1,14,8047,"L×4, I×2, T×2, V×2, F×1, M×1, R×1, W×1","ATG×2709, CTA×1402, TTT×1346, ACG×823, TTG×708, GTA×575, ATT×277, TTA×131, TGG×37, GTT×31, ATA×3, CGT×3, ACT×1, CTG×1"
521,nonsynonymous-only,0,1,19,8064,"A×4, V×3, G×2, I×2, S×2, T×2, D×1, F×1, L×1, P×1","GCC×2688, GCG×1624, GCT×1309, ATC×1211, CCA×825, GTC×135, GGT×127, TTT×49, GTG×37, ATT×16, GTT×15, GCA×10, GGC×4, TCT×4, ACC×3, CTT×3, GAT×2, ACT×1, TCC×1"
522,nonsynonymous-only,0,1,13,5663,"I×3, A×2, L×2, V×2, F×1, M×1, T×1, Y×1","TTT×2051, GCT×1405, ATT×1022, GTT×947, ATG×140, TAT×49, CTT×19, GCA×12, GTC×9, ATA×4, ATC×3, ACA×1, TTA×1"
523,nonsynonymous-only,0,1,18,3580,"L×4, K×2, N×2, Q×2, C×1, E×1, F×1, H×1, S×1, V×1, W×1, Y×1","CAG×1405, TTG×708, AAC×572, TTT×450, CAT×220, AAG×126, TAT×37, CAA×22, GTG×21, AAA×5, AAT×3, GAA×3, TGT×3, CTA×1, CTT×1, TCC×1, TGG×1, TTA×1"
524,nonsynonymous-only,0,1,16,4257,"P×3, L×2, Q×2, S×2, V×2, C×1, F×1, M×1, T×1, W×1","CCG×1404, CCT×693, GTA×690, GTG×572, TGG×450, CAA×220, CAG×131, TCA×52, TTT×19, CTT×15, ATG×3, TTA×3, TCT×2, ACT×1, CCC×1, TGT×1"
525,nonsynonymous-only,0,1,13,5614,"D×2, N×2, R×2, A×1, C×1, F×1, H×1, I×1, T×1, Y×1","TAT×2333, GCT×1405, TGT×694, GAT×535, AAT×269, CAT×151, CGC×118, GAC×45, TTT×29, ATT×18, CGT×13, AAC×3, ACT×1"
526,nonsynonymous-only,0,1,7,1303,"P×3, C×1, K×1, L×1, W×1","CCT×692, CCC×523, CCA×46, TGG×37, AAG×3, CTT×1, TGC×1"
527,nonsynonymous-only,0,1,5,1917,"D×2, S×2, L×1","TCT×690, GAT×572, TTG×430, TCG×222, GAC×3"
528,nonsynonymous-only,0,1,2,711,"H×1, N×1","CAC×708, AAC×3"
530,nonsynonymous-only,0,1,3,7,"D×1, N×1, S×1","AAT×3, AGT×3, GAT×1"
531,nonsynonymous-only,0,1,2,4,"C×1, N×1","AAT×3, TGC×1"
532,nonsynonymous-only,0,1,3,7,"C×1, G×1, K×1","AAG×3, GGC×3, TGT×1"
533,nonsynonymous-only,0,1,5,2057,"I×2, L×1, S×1, T×1","ACT×1342, ATC×708, AGC×3, ATT×3, CTT×1"
534,nonsynonymous-only,0,1,3,2058,"K×1, S×1, W×1","AAA×2054, TGG×3, AGC×1"
535,nonsynonymous-only,0,1,4,2058,"F×1, K×1, L×1, V×1","AAA×1342, GTA×711, TTC×3, TTG×2"
536,nonsynonymous-only,0,1,3,7,"D×1, K×1, N×1","AAA×3, AAC×3, GAC×1"
537,synonymous-only,1,0,2,5,K×2,"AAA×3, AAG×2"
538,nonsynonymous-only,0,1,3,5,"A×1, C×1, L×1","GCT×3, CTT×1, TGT×1"
539,nonsynonymous-only,0,1,2,4,"A×1, Q×1","CAA×3, GCG×1"
542,nonsynonymous-only,0,1,5,1477,"R×2, A×1, G×1, P×1","GCG×1342, AGG×127, GGG×4, CCA×3, AGA×1"
543,nonsynonymous-only,0,1,8,2249,"G×2, N×2, S×2, R×1, V×1","AAC×1342, AGT×666, AAT×131, GGC×49, AGC×45, GTT×12, AGA×3, GGT×1"
544,nonsynonymous-only,0,1,9,2250,"I×2, F×1, G×1, K×1, R×1, S×1, V×1, Y×1","TTT×1342, ATT×720, GGC×131, TCT×49, AAA×3, ATC×2, AGA×1, GTT×1, TAT×1"
545,nonsynonymous-only,0,1,10,2251,"F×2, L×2, R×2, V×2, A×1, C×1","TTT×1340, GTC×707, GTT×128, TTC×52, TGT×13, GCT×4, AGA×3, CTT×2, CGC×1, TTA×1"
546,nonsynonymous-only,0,1,12,2933,"L×2, R×2, S×2, A×1, I×1, K×1, N×1, V×1, W×1","AAC×1391, GTA×686, TTG×452, AGA×221, AGC×131, GCA×23, AGG×12, TTA×9, AGT×3, ATA×3, AAA×1, TGG×1"
547,nonsynonymous-only,0,1,13,2937,"H×2, L×2, Y×2, C×1, F×1, I×1, P×1, Q×1, R×1, S×1","CGC×1342, CTT×708, CAT×456, TAT×231, TTT×139, AGT×49, CAC×3, ATT×2, CCT×2, TAC×2, CAA×1, CTC×1, TGT×1"
548,nonsynonymous-only,0,1,7,1411,"I×2, L×2, G×1, S×1, V×1","CTT×1344, TTG×48, ATA×13, ATT×3, GGT×1, GTA×1, TCG×1"
549,nonsynonymous-only,0,1,14,7136,"C×2, F×2, L×2, H×1, N×1, P×1, R×1, S×1, T×1, W×1, Y×1","TTT×2007, TAT×1564, TGC×1343, CAT×1120, AAT×821, AGT×108, ACT×98, TGT×53, TTC×11, CGC×3, TGG×3, CCT×2, TTG×2, CTT×1"
550,nonsynonymous-only,0,1,22,6909,"S×4, F×2, L×2, R×2, V×2, D×1, E×1, G×1, H×1, I×1, K×1, N×1, P×1, Q×1, Y×1","CAC×1563, TTC×1342, AAT×1263, CGG×823, TAC×708, GAT×450, TCA×297, AGT×220, AGC×97, ATC×49, GTT×49, TCC×15, CCA×9, TTA×7, GTA×6, CAA×3, CGA×2, TTT×2, AAA×1, CTC×1, GAA×1, GGG×1"
551,nonsynonymous-only,0,1,22,6338,"E×2, G×2, K×2, N×2, Q×2, S×2, A×1, C×1, D×1, F×1, I×1, P×1, R×1, T×1, W×1, Y×1","AAA×1565, AAG×1330, AGT×1155, GAA×825, TGT×572, TGG×295, GAT×160, CAA×131, AGA×108, AAT×64, TTT×51, ATT×37, CAG×24, GAG×6, AAC×3, CCA×3, GGA×3, ACA×2, AGC×1, GCG×1, GGT×1, TAT×1"
552,nonsynonymous-only,0,1,18,7144,"A×2, H×2, N×2, P×2, R×2, S×2, C×1, D×1, K×1, L×1, T×1, Y×1","ACC×1865, TAT×1391, TTA×825, CGA×789, CGT×698, CCT×690, TCC×452, AAA×143, AAC×108, CAC×100, AAT×40, CAT×15, TGT×11, GAT×6, GCC×5, GCT×3, AGC×2, CCC×1"
553,nonsynonymous-only,0,1,18,5431,"R×6, F×2, K×2, C×1, H×1, M×1, N×1, Q×1, S×1, W×1, Y×1","AGA×1672, CGG×1339, TTT×825, CGT×654, TAT×450, CAA×249, TGG×69, TGT×55, AAA×51, AGG×37, AAT×15, AGT×4, ATG×3, CGC×3, CGA×2, AAG×1, CAT×1, TTC×1"
554,nonsynonymous-only,0,1,20,7149,"T×3, D×2, N×2, R×2, S×2, A×1, F×1, G×1, I×1, K×1, L×1, M×1, V×1, Y×1","ATT×1554, AAT×1323, TAT×971, AGC×795, GAC×708, CGA×690, AAC×499, GCT×427, TTA×100, GAT×20, ATG×15, ACT×12, AGA×12, AAA×6, TTT×5, AGT×4, GTT×4, ACC×2, ACG×1, GGG×1"
555,nonsynonymous-only,0,1,20,8565,"S×3, L×2, P×2, T×2, A×1, C×1, D×1, F×1, G×1, H×1, I×1, N×1, Q×1, V×1, Y×1","ATT×1665, TAT×1444, CCT×1401, GTT×877, ACT×850, ACC×690, GCT×641, CTT×452, TGT×295, TTT×160, CAT×50, GAC×15, AGT×12, CAA×3, CTA×3, CCG×2, TCT×2, AAT×1, AGC×1, GGC×1"
556,nonsynonymous-only,0,1,21,8579,"F×2, I×2, L×2, S×2, Y×2, A×1, C×1, D×1, E×1, G×1, H×1, K×1, N×1, Q×1, T×1, V×1","ACT×1563, CAG×1342, GTT×1228, TAT×958, TAC×690, AAG×673, GGC×572, TTT×498, ATT×391, CAT×343, ATC×222, GAG×33, AAT×18, CTT×18, TTC×12, TCT×7, GAT×6, TCA×2, GCA×1, TGT×1, TTG×1"
557,nonsynonymous-only,0,1,20,7918,"C×2, F×2, L×2, N×2, P×2, S×2, V×2, A×1, D×1, I×1, Q×1, R×1, Y×1","TTT×2795, TAT×1853, ATT×1405, TTA×825, TGT×782, AGG×98, CAA×43, AAT×37, TCT×18, GTG×15, CTC×14, AGT×12, GAT×6, AAC×3, GTT×3, TGC×3, CCC×2, TTC×2, CCT×1, GCC×1"
558,nonsynonymous-only,0,1,12,5978,"R×3, E×2, I×2, G×1, K×1, N×1, S×1, W×1","AGA×3098, AGG×942, ATT×825, CGG×533, GGA×416, GAG×57, TGG×40, TCG×37, AAA×13, ATA×9, GAA×7, AAT×1"
559,nonsynonymous-only,0,1,12,2413,"R×3, E×2, G×1, I×1, K×1, M×1, P×1, S×1, W×1","GAG×825, TGG×709, GGA×574, AGA×218, CCA×37, AAA×15, AGC×12, ATG×9, ATT×6, GAA×6, CGA×1, CGT×1"
560,nonsynonymous-only,0,1,11,1012,"I×2, S×2, A×1, H×1, L×1, N×1, P×1, T×1, V×1","ACT×707, TCA×221, AGC×47, ATC×15, ATT×13, GTA×3, AAC×2, CAT×1, CCA×1, GCT×1, TTG×1"
561,nonsynonymous-only,0,1,9,1014,"N×2, Y×2, C×1, F×1, G×1, L×1, S×1","TGT×723, AAC×220, TAT×49, AAT×12, CTT×4, TTT×3, GGT×1, TAC×1, TCT×1"
562,nonsynonymous-only,0,1,14,2347,"A×4, T×4, D×1, E×1, I×1, L×1, S×1, V×1","GCG×1340, AGC×708, CTT×220, ACA×49, GAC×15, ATC×3, GCC×3, GCT×3, ACC×1, ACG×1, ACT×1, GAA×1, GCA×1, GTC×1"
563,nonsynonymous-only,0,1,8,1852,"F×1, I×1, K×1, L×1, M×1, N×1, T×1, V×1","ATT×1344, CTT×450, AAA×49, AAT×3, ACT×3, ATG×1, GTT×1, TTT×1"
564,nonsynonymous-only,0,1,8,1851,"L×3, V×2, G×1, I×1, Y×1","GTC×1341, CTC×450, GGC×49, CTG×3, CTT×3, GTT×2, TAC×2, ATC×1"
565,nonsynonymous-only,0,1,4,1802,"L×2, A×1, F×1","CTT×1345, TTA×454, TTT×2, GCT×1"
566,nonsynonymous-only,0,1,6,1851,"T×2, F×1, L×1, P×1, S×1","TCT×1344, CCA×450, TTT×50, ACA×3, TTA×3, ACC×1"
567,nonsynonymous-only,0,1,7,1851,"L×3, F×1, P×1, S×1, V×1","CTT×1342, CTC×450, TTC×52, CTA×3, CCC×2, GTT×1, TCT×1"
568,nonsynonymous-only,0,1,3,1841,"C×1, P×1, S×1","TCA×1342, CCA×450, TGC×49"
569,nonsynonymous-only,0,1,6,1848,"K×2, T×2, I×1, R×1","ACA×1387, AGA×450, AAA×4, AAG×3, ACT×3, ATC×1"
570,nonsynonymous-only,0,1,5,1795,"G×2, N×1, S×1, Y×1","GGA×1341, TAT×448, GGG×3, TCT×2, AAT×1"
571,nonsynonymous-only,0,1,3,1347,"F×1, K×1, Q×1","TTC×1341, AAA×3, CAG×3"
572,synonymous-only,1,0,3,456,L×3,"CTG×450, CTA×3, TTA×3"
573,nonsynonymous-only,0,1,3,456,"L×1, N×1, Y×1","TTG×450, AAC×3, TAT×3"
574,nonsynonymous-only,0,1,2,6,"R×1, T×1","ACT×3, AGG×3"
575,nonsynonymous-only,0,1,2,6,"L×1, V×1","CTA×3, GTG×3"
576,nonsynonymous-only,0,1,2,6,"F×1, Y×1","TAT×3, TTT×3"
579,nonsynonymous-only,0,1,2,7,"F×1, L×1","TTC×4, TTA×3"
581,nonsynonymous-only,0,1,2,6,"C×1, Y×1","TAC×3, TGC×3"
583,nonsynonymous-only,0,1,2,6,"R×1, Y×1","CGG×3, TAC×3"
584,nonsynonymous-only,0,1,2,6,"F×1, S×1","AGT×3, TTT×3"
585,nonsynonymous-only,0,1,9,1354,"E×2, R×2, T×2, C×1, K×1, N×1","GAA×1306, AAA×35, AAC×3, CGT×3, TGC×3, ACA×1, ACT×1, CGG×1, GAG×1"
586,nonsynonymous-only,0,1,10,1430,"K×2, V×2, A×1, I×1, M×1, N×1, P×1, T×1","ACA×1341, AAG×50, ATT×15, GCA×12, AAT×3, CCT×3, GTT×3, AAA×1, ATG×1, GTG×1"
587,nonsynonymous-only,0,1,10,1868,"S×2, C×1, E×1, F×1, I×1, K×1, N×1, Q×1, Y×1","AAT×1341, TGT×450, AGT×49, TTT×19, GAG×3, TCT×2, AAG×1, ATT×1, CAG×1, TAT×1"
588,nonsynonymous-only,0,1,6,88,"L×2, N×1, S×1, W×1, Y×1","TGG×53, TCA×15, AAT×12, TTA×5, TTG×2, TAT×1"
589,nonsynonymous-only,0,1,8,1286,"C×2, D×1, E×1, I×1, L×1, N×1, S×1","TGT×1174, GAA×50, ATT×37, AGT×14, AAT×6, TGC×3, CTA×1, GAT×1"
590,nonsynonymous-only,0,1,11,2609,"N×2, S×2, A×1, C×1, D×1, E×1, I×1, V×1, Y×1","AAC×1341, ATA×708, TGT×450, AAT×49, GAC×37, TAT×12, GCT×4, TCG×3, AGT×2, GAA×2, GTT×1"
591,nonsynonymous-only,0,1,8,2564,"L×2, S×2, F×1, P×1, Q×1, T×1","TCA×1341, TCG×686, TTT×493, TTG×24, ACT×12, TTA×5, CCG×2, CAA×1"
592,nonsynonymous-only,0,1,12,2613,"S×3, V×3, I×2, D×1, F×1, T×1, Y×1","GTC×1341, ATC×708, TTT×453, GTG×49, TCC×49, AGT×3, ATT×3, GTT×2, TCT×2, ACC×1, GAT×1, TAT×1"
593,nonsynonymous-only,0,1,10,2161,"E×2, L×2, R×2, G×1, K×1, N×1, Q×1","GGA×1342, GAA×708, GAG×49, CGA×37, AAC×12, CAA×4, AAA×3, TTG×3, AGG×2, TTA×1"
594,nonsynonymous-only,0,1,9,2615,"V×2, A×1, F×1, H×1, I×1, M×1, N×1, T×1","AAC×1346, TTT×708, GTG×453, ATA×61, ACT×38, GTT×5, ATG×2, CAT×1, GCT×1"
595,nonsynonymous-only,0,1,13,2165,"V×3, F×2, I×2, L×2, E×1, K×1, S×1, T×1","GTT×1339, ATA×708, TCG×49, ATT×39, TTT×13, TTC×4, CTT×3, GAG×3, ACT×2, GTA×2, AAA×1, GTC×1, TTA×1"
596,nonsynonymous-only,0,1,9,2160,"R×2, S×2, D×1, G×1, K×1, L×1, N×1","AGC×1378, CGC×708, AAC×49, GGA×12, AGA×8, TCA×2, AAA×1, GAC×1, TTG×1"
597,nonsynonymous-only,0,1,5,1432,"A×1, D×1, S×1, V×1, Y×1","GCA×1341, GTG×49, GAT×37, TAT×3, TCA×2"
598,nonsynonymous-only,0,1,4,1435,"A×1, I×1, K×1, N×1","ATT×1392, AAC×37, AAG×3, GCA×3"
599,nonsynonymous-only,0,1,2,43,"K×1, T×1","ACA×37, AAA×6"
600,nonsynonymous-only,0,1,3,43,"D×1, I×1, N×1","ATC×37, AAC×3, GAT×3"
602,nonsynonymous-only,0,1,4,1299,"G×1, N×1, R×1, S×1","GGA×690, AGT×571, CGA×37, AAT×1"
603,nonsynonymous-only,0,1,6,1309,"D×1, F×1, L×1, N×1, S×1, V×1","TCC×690, TTC×572, AAC×37, GAT×6, CTG×3, GTT×1"
604,nonsynonymous-only,0,1,11,7087,"D×2, I×2, N×2, Y×2, H×1, K×1, T×1","TAC×2393, ATT×1797, GAT×1343, AAT×747, TAT×690, AAC×110, CAC×3, AAA×1, ACT×1, ATC×1, GAC×1"
605,nonsynonymous-only,0,1,16,5612,"L×3, E×2, K×2, N×2, Y×2, C×1, F×1, Q×1, R×1, S×1","TGC×1555, TTC×1405, TAC×1378, AGC×709, CTC×297, GAA×131, CTT×109, CGC×9, CAG×5, AAC×3, AAG×3, AAT×3, TAT×2, AAA×1, CTA×1, GAG×1"
606,nonsynonymous-only,0,1,14,6183,"R×6, Y×2, C×1, F×1, H×1, Q×1, S×1, W×1","CAT×2061, TGC×1565, CGC×1403, TAT×451, TGG×397, CGG×134, AGG×115, TAC×40, CAG×6, CGA×4, TTT×3, CGT×2, AGA×1, AGC×1"
607,nonsynonymous-only,0,1,13,6183,"F×2, L×2, R×2, S×2, A×1, I×1, N×1, T×1, V×1","ATT×2128, CTT×1547, TTC×1341, TTT×730, GCT×286, ACT×98, TCC×37, TCT×5, AAT×4, CGC×3, TTA×2, CGT×1, GTT×1"
608,nonsynonymous-only,0,1,12,4018,"R×5, C×2, H×2, K×1, W×1, Y×1","AGA×3507, TGT×450, TAT×38, CAC×6, AAA×4, AGG×3, CAT×3, CGT×3, CGA×1, CGG×1, TGC×1, TGG×1"
609,nonsynonymous-only,0,1,14,6180,"L×3, C×2, F×2, Y×2, I×1, N×1, P×1, S×1, V×1","TCC×1698, TGC×1408, AAT×1344, TGT×708, TTC×450, CCC×300, TTT×145, CTT×106, TTA×13, GTT×3, TAC×2, ATA×1, TAT×1, TTG×1"
610,nonsynonymous-only,0,1,14,5936,"N×2, R×2, V×2, A×1, D×1, F×1, G×1, L×1, Q×1, S×1, T×1","CAA×1563, ACC×1405, AGC×1341, TTT×1166, GAT×297, AGA×135, GCT×13, GTT×6, CGT×5, AAC×1, AAT×1, CTT×1, GGC×1, GTC×1"
611,nonsynonymous-only,0,1,13,5840,"D×2, T×2, F×1, H×1, I×1, K×1, L×1, N×1, R×1, W×1, Y×1","AAC×2404, GAC×1427, CTT×1404, CAT×450, TGG×131, TAT×12, GAT×5, AGG×2, AAA×1, ACC×1, ACT×1, ATC×1, TTT×1"
612,nonsynonymous-only,0,1,4,2389,"V×2, I×1, K×1","ATC×1439, GTC×948, AAG×1, GTT×1"
613,nonsynonymous-only,0,1,6,4439,"R×2, C×1, P×1, Q×1, Y×1","CAA×1564, CCC×825, AGA×779, TGT×708, CGA×562, TAT×1"
614,nonsynonymous-only,0,1,4,4451,"A×1, S×1, T×1, V×1","TCA×2050, GCA×1564, GTA×825, ACC×12"
616,nonsynonymous-only,0,1,6,3579,"I×3, L×2, R×1","ATC×1338, TTG×825, ATA×709, CGG×690, CTA×12, ATT×5"
617,nonsynonymous-only,0,1,7,2801,"Q×2, R×2, H×1, I×1, K×1","CAG×1336, ATT×708, CAA×689, CAT×49, AAA×13, CGG×5, AGA×1"
618,nonsynonymous-only,0,1,7,4200,"E×2, A×1, F×1, K×1, N×1, W×1","AAA×2042, TTT×825, TGG×709, AAT×572, GCT×49, GAA×2, GAG×1"
619,nonsynonymous-only,0,1,20,6859,"V×3, A×2, I×2, K×2, L×2, T×2, E×1, G×1, M×1, P×1, Q×1, R×1, S×1","ATA×1639, AAG×1377, GTT×1341, GTA×683, CCA×535, AGA×450, ATG×307, CTA×281, ACA×99, ATC×49, GCT×40, AAA×33, CAA×8, GGA×5, TCA×4, GAA×3, GTG×2, ACT×1, GCC×1, TTA×1"
620,nonsynonymous-only,0,1,22,8415,"L×4, R×3, E×2, P×2, Q×2, S×2, T×2, A×1, H×1, I×1, K×1, W×1","GAA×1405, TCA×1342, TGG×1263, TTG×1134, CCC×812, AAG×708, ATA×670, CTG×526, CGA×292, CAA×130, AGA×52, CTC×37, CAC×13, CCG×12, GCA×6, ACA×3, CGC×3, ACG×2, CAG×2, GAG×1, TCG×1, TTA×1"
621,nonsynonymous-only,0,1,18,7817,"I×3, K×2, N×2, T×2, A×1, E×1, G×1, L×1, M×1, Q×1, R×1, S×1, Y×1","ATG×2013, GAG×1405, ATA×1257, ATT×817, AGA×690, AAA×573, ATC×295, AAG×235, ACA×137, GCG×131, AGT×108, CTT×97, AAC×37, ACT×9, TAT×5, AAT×4, GGA×3, CAG×1"
622,nonsynonymous-only,0,1,26,7701,"L×4, T×3, E×2, I×2, N×2, P×2, S×2, Y×2, A×1, C×1, H×1, K×1, Q×1, R×1, V×1","CAC×1530, CTG×1362, ATC×1266, TAT×1152, CCT×702, AAT×573, AAC×295, ACC×206, GCT×205, CAA×108, ACG×97, ATT×49, TTG×43, TGT×37, TAC×26, GTT×15, CGC×9, CTT×6, TCT×5, CCG×3, GAA×3, GAG×3, AAA×2, CTA×2, ACT×1, TCC×1"
623,nonsynonymous-only,0,1,15,8006,"I×3, L×3, R×3, T×2, V×2, F×1, Q×1","TTA×2233, CAA×1405, AGG×1339, TTG×826, ATC×708, CTG×690, GTA×450, ATT×174, ATA×121, CGT×49, ACA×3, AGA×3, GTG×3, ACT×1, TTT×1"
624,nonsynonymous-only,0,1,22,8529,"R×4, I×3, K×2, L×2, S×2, T×2, A×1, D×1, E×1, F×1, N×1, Q×1, Y×1","ACG×1562, ATT×1405, ACA×1342, AAG×1230, AGC×1007, AAA×910, CGG×445, CAG×258, AGT×151, GAG×97, GCA×49, AAC×38, ATC×12, CGT×5, TTC×4, ATA×3, CGC×3, GAT×3, TAT×2, AGA×1, CTA×1, CTT×1"
625,nonsynonymous-only,0,1,13,8529,"K×2, L×2, R×2, A×1, D×1, E×1, I×1, M×1, P×1, T×1","GAA×3394, AAA×3309, GCT×708, ATG×450, AAG×298, ACA×181, CTG×97, AGA×78, ATT×6, CGG×3, TTA×3, CCA×1, GAT×1"
626,nonsynonymous-only,0,1,19,8527,"L×4, F×2, K×2, S×2, C×1, D×1, E×1, H×1, N×1, Q×1, R×1, T×1, W×1","CAA×1858, CTT×1404, TTA×1373, AAG×1341, TTG×828, TGG×708, CAC×450, TGC×220, CTA×131, TTT×100, AAC×50, ACT×37, GAG×12, TCT×5, AAA×3, GAT×3, AGA×2, TCC×1, TTC×1"
629,nonsynonymous-only,0,1,19,7823,"T×3, G×2, K×2, N×2, R×2, V×2, A×1, D×1, E×1, F×1, I×1, L×1","GAT×2269, ACA×1408, AAT×1398, ACC×1341, GTT×452, GCA×443, CTT×298, AAA×97, AAC×49, ATT×45, GAA×8, GTA×5, TTC×3, GGT×2, AAG×1, ACT×1, AGA×1, CGA×1, GGA×1"
630,nonsynonymous-only,0,1,15,6529,"L×4, C×2, F×2, A×1, I×1, N×1, Q×1, R×1, S×1, Y×1","GCG×1405, TTC×1343, TTT×1324, TCT×1262, TTA×826, CTT×131, ATT×109, AGA×73, CTA×37, CAA×6, TTG×5, TAT×3, TGT×3, AAT×1, TGC×1"
631,nonsynonymous-only,0,1,23,8536,"L×3, S×3, G×2, I×2, K×2, P×2, R×2, C×1, D×1, H×1, N×1, Q×1, T×1, Y×1","AGA×1539, ATT×1513, CCG×1331, TTA×825, TAT×709, AAT×690, AGC×586, GGT×575, TTG×295, AAA×224, ATC×98, CAA×86, GGA×24, TCT×12, CCC×9, AGT×6, TGC×5, AGG×3, ACA×2, AAG×1, CAT×1, CTG×1, GAT×1"
632,nonsynonymous-only,0,1,10,8456,"E×2, G×2, K×2, R×2, D×1, T×1","AAG×2883, AAA×2768, AGG×1571, GAA×953, GAG×221, GGA×49, GGG×6, GAT×3, ACA×1, AGA×1"
633,nonsynonymous-only,0,1,13,6570,"E×2, G×2, A×1, D×1, I×1, K×1, L×1, Q×1, R×1, T×1, V×1","GAA×3301, GAT×826, AAA×729, GGG×689, ATA×453, AGA×276, CAA×220, GGA×50, TTA×12, ACA×6, GCA×6, GAG×1, GTA×1"
634,nonsynonymous-only,0,1,24,7955,"G×3, C×2, F×2, I×2, L×2, N×2, R×2, S×2, A×1, E×1, H×1, K×1, Q×1, T×1, V×1","CTT×1563, TTT×1405, AAA×1341, ATT×837, GAA×708, CAT×690, TGC×450, AAT×295, GGC×214, GTT×131, TTA×108, AGT×96, AGA×54, TTC×37, CAA×6, AGC×5, ATC×3, GGG×3, GGT×3, AGG×2, AAC×1, ACT×1, GCA×1, TGT×1"
635,nonsynonymous-only,0,1,15,8079,"I×3, A×2, D×2, N×2, S×2, E×1, K×1, R×1, T×1","AAA×1679, AAC×1564, GAA×1341, ATC×824, GAT×708, ACA×703, ATA×690, AGT×296, GCG×108, AGG×97, GCA×37, AAT×20, AGC×6, ATT×3, GAC×3"
636,nonsynonymous-only,0,1,3,170,"E×1, K×1, Y×1","TAT×131, AAG×37, GAG×2"
637,nonsynonymous-only,0,1,5,173,"R×2, L×1, M×1, V×1","AGG×126, TTA×37, CGG×5, GTG×3, ATG×2"
638,nonsynonymous-only,0,1,2,42,"M×1, V×1","ATG×37, GTG×5"
639,nonsynonymous-only,0,1,3,42,"M×1, T×1, V×1","ATG×37, GTT×3, ACA×2"
641,nonsynonymous-only,0,1,2,40,"C×1, F×1","TGC×37, TTC×3"
642,nonsynonymous-only,0,1,4,91,"F×1, P×1, S×1, W×1","TCT×49, TTT×37, TGG×3, CCA×2"
643,nonsynonymous-only,0,1,4,1432,"F×1, K×1, L×1, P×1","CTG×1343, AAA×49, CCA×37, TTC×3"
644,nonsynonymous-only,0,1,5,1432,"L×2, P×1, S×1, T×1","CTA×1341, TTG×51, CCG×36, TCT×3, ACG×1"
645,nonsynonymous-only,0,1,5,1882,"D×1, E×1, K×1, N×1, Q×1","AAA×1341, GAA×450, CAA×49, AAC×40, GAT×2"
646,nonsynonymous-only,0,1,7,1882,"L×3, A×1, I×1, S×1, T×1","TTA×1333, ACA×453, GCA×49, CTA×33, TCA×8, CTG×4, ATA×2"
650,nonsynonymous-only,0,1,3,1341,"E×1, G×1, R×1","GGA×1243, AGA×96, GAA×2"
652,nonsynonymous-only,0,1,4,1395,"C×1, D×1, M×1, Y×1","TGC×1389, GAT×3, ATG×2, TAC×1"
653,nonsynonymous-only,0,1,4,1845,"A×1, L×1, T×1, V×1","GCA×1341, ACT×453, GTA×49, CTA×2"
654,nonsynonymous-only,0,1,4,1395,"I×1, L×1, S×1, T×1","ACA×1341, ATA×49, TCA×3, TTG×2"
655,nonsynonymous-only,0,1,5,1395,"H×2, G×1, L×1, Q×1","CAC×1337, TTG×49, CAT×4, GGA×3, CAA×2"
656,nonsynonymous-only,0,1,4,1395,"A×1, E×1, K×1, V×1","GAA×1371, AAA×19, GTA×3, GCA×2"
657,nonsynonymous-only,0,1,3,1346,"F×1, S×1, V×1","TTT×1341, GTT×3, TCC×2"
658,nonsynonymous-only,0,1,3,1397,"D×1, N×1, S×1","AAT×1342, GAT×53, AGT×2"
659,nonsynonymous-only,0,1,2,5,"L×1, Q×1","TTA×4, CAG×1"
660,nonsynonymous-only,0,1,5,1490,"L×2, P×1, S×1, V×1","TCA×1320, CCA×117, CTA×49, TTA×3, GTG×1"
661,nonsynonymous-only,0,1,3,1503,"G×1, K×1, R×1","AAA×1394, AGA×108, GGA×1"
662,nonsynonymous-only,0,1,3,53,"D×1, F×1, Y×1","TAC×49, GAT×3, TTC×1"
663,nonsynonymous-only,0,1,2,52,"D×1, K×1","AAG×49, GAC×3"
664,nonsynonymous-only,0,1,5,168,"E×1, H×1, K×1, P×1, R×1","AAA×108, CAT×49, GAA×5, AGG×3, CCA×3"
665,nonsynonymous-only,0,1,9,466,"K×2, L×2, G×1, I×1, N×1, R×1, S×1","CTA×288, AAA×109, TCA×49, ATA×7, AAC×5, AGA×3, GGC×3, AAG×1, TTG×1"
666,nonsynonymous-only,0,1,10,2172,"L×3, Q×2, H×1, K×1, P×1, R×1, V×1","CAA×1513, CGA×295, CTA×217, TTG×126, CAC×5, TTA×5, AAA×4, CCA×3, GTA×3, CAG×1"
667,nonsynonymous-only,0,1,11,3418,"L×3, S×3, E×1, F×1, H×1, Q×1, Y×1","CAT×1404, TCA×947, TTT×573, TCT×220, TTG×108, TTA×103, CTC×49, TCC×6, TAT×4, GAG×3, CAA×1"
668,nonsynonymous-only,0,1,17,8535,"L×3, S×3, C×2, F×2, I×2, A×1, P×1, T×1, V×1, Y×1","TGT×1563, TTA×1343, GCC×1337, TTT×1208, TCA×825, ATC×708, TCG×690, TAT×572, TCT×108, ACC×68, TTC×51, CTA×49, ATT×5, GTT×3, TTG×3, CCT×1, TGC×1"
669,nonsynonymous-only,0,1,14,7977,"L×5, F×2, V×2, I×1, M×1, P×1, S×1, W×1","TTG×3776, TTA×2169, CTG×709, TGG×690, TCA×289, CCA×131, CTC×97, TTT×57, TTC×37, CTA×13, ATG×6, ATT×1, GTC×1, GTG×1"
670,nonsynonymous-only,0,1,21,6550,"I×3, L×2, N×2, P×2, S×2, T×2, V×2, A×1, F×1, H×1, M×1, R×1, Y×1","ATG×1568, ATT×1444, ACT×1341, TCA×690, TTT×572, GCT×295, TCT×220, GTC×131, CCT×108, ATA×100, CTA×49, AAT×12, TAC×6, ACA×3, CAT×3, ATC×2, CCA×2, AAC×1, CGA×1, GTT×1, TTA×1"
671,nonsynonymous-only,0,1,13,6537,"L×4, I×2, V×2, E×1, H×1, M×1, P×1, S×1","ATT×1564, GTG×1405, ATG×1353, CTC×1089, CAC×690, ATA×277, CCC×109, CTT×37, TCG×8, GAA×2, GTC×1, TTA×1, TTG×1"
672,nonsynonymous-only,0,1,10,2882,"S×3, I×2, T×2, L×1, M×1, N×1","AGT×1405, ACA×690, ACG×567, ATC×108, AAT×97, ATG×5, TCC×5, TCG×3, ATA×1, CTA×1"
676,nonsynonymous-only,0,1,3,1455,"K×1, S×1, Y×1","AGT×1405, TAT×49, AAA×1"
677,nonsynonymous-only,0,1,9,1858,"L×2, A×1, C×1, F×1, I×1, M×1, S×1, Y×1","TTA×1538, TCT×220, CTG×49, ATA×42, ATG×3, TGC×3, GCA×1, TAC×1, TTT×1"
678,nonsynonymous-only,0,1,12,3069,"D×2, I×2, S×2, V×2, H×1, K×1, N×1, T×1","GAT×1406, ATC×1341, ATT×220, GTC×49, GTT×37, TCA×5, AAC×3, ACT×3, GAC×2, AAG×1, AGC×1, CAT×1"
679,nonsynonymous-only,0,1,9,3020,"E×1, H×1, K×1, P×1, Q×1, R×1, S×1, T×1, Y×1","GAA×1406, ACA×1341, CAA×224, CCC×37, CGA×5, TAC×3, AAA×2, AGT×1, CAT×1"
680,nonsynonymous-only,0,1,7,2812,"L×3, P×2, A×1, T×1","CTG×1405, TTG×1390, TTA×7, CCG×5, ACT×3, CCA×1, GCA×1"
681,nonsynonymous-only,0,1,16,4353,"F×2, I×2, K×2, Y×2, A×1, C×1, E×1, H×1, N×1, P×1, Q×1, R×1","TAT×2103, ATC×1351, TGT×572, AAG×220, TAC×49, AAA×37, ATT×7, CCC×3, TTC×3, CAT×2, AAT×1, CAA×1, CGC×1, GAG×1, GCT×1, TTT×1"
682,nonsynonymous-only,0,1,12,4128,"L×3, K×2, A×1, E×1, F×1, Q×1, S×1, W×1, Y×1","AAG×1411, CTG×1341, TTT×689, AAA×573, TGG×49, CAA×39, GCA×15, TTA×6, TCG×2, CTA×1, GAA×1, TAT×1"
684,nonsynonymous-only,0,1,14,4127,"V×3, I×2, K×2, L×2, E×1, M×1, P×1, Q×1, R×1","TTA×1378, GTT×723, AAG×689, CCA×572, ATG×450, CAA×220, ATA×77, AGG×5, AAA×4, GAA×3, GTC×3, ATT×1, GTA×1, TTG×1"
685,nonsynonymous-only,0,1,22,4133,"S×5, D×2, F×2, K×2, L×2, P×2, G×1, I×1, M×1, N×1, R×1, V×1, Y×1","AGT×1341, TCC×699, TTG×695, AAG×450, TTC×329, ATT×226, CCA×148, TCA×51, GGT×49, TCT×46, TTT×43, TTA×15, GAT×12, AAA×9, TCG×6, AAT×3, CCT×3, GTA×3, GAC×2, ATG×1, CGA×1, TAC×1"
686,nonsynonymous-only,0,1,21,4130,"G×4, D×2, L×2, N×2, R×2, S×2, A×1, C×1, E×1, K×1, M×1, Q×1, V×1","AAT×1372, AAA×701, GGC×697, GTC×514, CAA×450, TGT×223, GGA×60, GCC×58, GAT×15, TTG×12, AAC×7, ATG×6, CGG×5, GGG×3, AGA×1, AGC×1, CTG×1, GAA×1, GAC×1, GGT×1, TCA×1"
687,nonsynonymous-only,0,1,13,4135,"D×2, G×2, N×2, Y×2, H×1, I×1, K×1, S×1, V×1","AAT×2090, AAA×708, GTT×572, GAC×450, GAT×232, TAC×46, GGT×15, TAT×6, ATT×5, CAC×5, AGC×3, AAC×2, GGG×1"
688,nonsynonymous-only,0,1,5,1393,"I×2, C×1, K×1, R×1","ATC×1332, CGT×49, ATT×9, TGT×2, AAA×1"
689,nonsynonymous-only,0,1,5,1394,"A×2, G×1, S×1, V×1","GGC×1341, GTG×49, GCG×2, GCC×1, TCC×1"
690,nonsynonymous-only,0,1,4,1394,"F×1, I×1, S×1, Y×1","TAT×1342, TCT×49, TTC×2, ATT×1"
691,nonsynonymous-only,0,1,3,1394,"C×1, I×1, T×1","ACT×1343, ATT×50, TGT×1"
692,nonsynonymous-only,0,1,5,1394,"F×1, G×1, H×1, I×1, R×1","CGT×1341, GGT×49, TTT×2, ATT×1, CAT×1"
693,nonsynonymous-only,0,1,5,1394,"L×2, I×1, Q×1, S×1","CTA×1341, TTA×49, ATA×2, CAA×1, TCA×1"
694,nonsynonymous-only,0,1,5,1393,"V×2, M×1, S×1, T×1","GTC×1219, GTT×122, ATG×49, TCG×2, ACT×1"
695,nonsynonymous-only,0,1,5,1393,"S×2, H×1, N×1, T×1","AAT×1341, TCT×49, ACT×1, AGT×1, CAT×1"
696,nonsynonymous-only,0,1,3,1392,"M×1, R×1, V×1","ATG×1341, GTT×49, AGG×2"
697,nonsynonymous-only,0,1,3,1392,"A×1, F×1, N×1","AAC×1341, GCT×49, TTT×2"
698,nonsynonymous-only,0,1,4,1392,"L×2, D×1, S×1","TTA×1257, CTA×84, GAC×49, TCA×2"
699,nonsynonymous-only,0,1,2,1392,"L×1, T×1","TTA×1390, ACA×2"
700,nonsynonymous-only,0,1,2,1392,"I×1, R×1","AGA×1343, ATT×49"
701,nonsynonymous-only,0,1,3,1392,"A×1, E×1, K×1","GAA×1341, GCA×49, AAA×2"
702,nonsynonymous-only,0,1,4,1392,"F×2, I×1, V×1","ATC×1340, TTC×49, TTT×2, GTC×1"
703,nonsynonymous-only,0,1,4,1392,"N×2, A×1, T×1","AAC×1340, GCT×49, ACA×2, AAT×1"
704,nonsynonymous-only,0,1,3,1343,"D×1, G×1, R×1","GGG×1270, AGG×71, GAC×2"
708,nonsynonymous-only,0,1,3,1341,"T×2, A×1","GCT×1250, ACT×82, ACG×9"
709,nonsynonymous-only,0,1,2,1390,"A×1, V×1","GTC×1341, GCT×49"
710,nonsynonymous-only,0,1,3,1390,"A×1, K×1, T×1","AAA×1341, ACT×43, GCT×6"
711,nonsynonymous-only,0,1,2,1390,"F×1, L×1","TTT×1341, CTA×49"
712,nonsynonymous-only,0,1,2,1390,"S×1, Y×1","TCA×1341, TAC×49"
713,synonymous-only,1,0,2,1390,N×2,"AAC×1341, AAT×49"
715,nonsynonymous-only,0,1,4,1390,"A×2, V×1, W×1","GCA×1325, TGG×49, GCG×14, GTA×2"
716,nonsynonymous-only,0,1,3,1390,"P×2, S×1","CCC×1277, CCT×64, TCC×49"
717,synonymous-only,1,0,2,1390,D×2,"GAC×1289, GAT×101"
718,nonsynonymous-only,0,1,3,1341,"G×2, S×1","GGC×1278, GGT×59, AGC×4"
720,nonsynonymous-only,0,1,2,1390,"Q×1, S×1","TCA×1341, CAA×49"
721,nonsynonymous-only,0,1,3,1390,"N×2, V×1","AAC×1339, GTT×49, AAT×2"
722,nonsynonymous-only,0,1,4,1390,"A×2, F×1, V×1","GCG×1337, TTC×49, GTG×3, GCA×1"
723,nonsynonymous-only,0,1,3,1390,"I×1, M×1, N×1","ATG×1333, AAT×49, ATA×8"
724,nonsynonymous-only,0,1,3,1390,"A×2, T×1","GCT×1307, GCC×49, ACT×34"
725,nonsynonymous-only,0,1,4,1390,"S×2, F×1, Y×1","TCT×1325, TTC×49, TCC×14, TAT×2"
726,nonsynonymous-only,0,1,3,1390,"G×1, I×1, M×1","ATG×1338, GGG×49, ATA×3"
727,nonsynonymous-only,0,1,2,1390,"G×1, M×1","ATG×1341, GGC×49"
728,nonsynonymous-only,0,1,4,1390,"A×2, S×1, V×1","GCT×1287, GCC×53, GTT×49, TCT×1"
729,nonsynonymous-only,0,1,3,1390,"G×2, A×1","GCC×1341, GGC×39, GGT×10"
730,nonsynonymous-only,0,1,2,1390,"E×1, Q×1","CAA×1341, GAA×49"
731,nonsynonymous-only,0,1,2,1390,"S×1, T×1","ACT×1341, TCA×49"
732,nonsynonymous-only,0,1,3,1390,"G×2, L×1","GGC×1056, GGT×285, CTC×49"
733,nonsynonymous-only,0,1,2,1390,"G×1, V×1","GTC×1341, GGT×49"
734,nonsynonymous-only,0,1,2,1390,"A×1, G×1","GGC×1341, GCT×49"
735,nonsynonymous-only,0,1,2,1390,"F×1, V×1","GTT×1341, TTT×49"
736,nonsynonymous-only,0,1,3,2795,"A×1, S×1, Y×1","TAT×1405, TCT×1341, GCT×49"
737,nonsynonymous-only,0,1,5,2797,"A×2, I×1, R×1, V×1","GTC×1404, GCT×1341, AGA×49, ATC×2, GCC×1"
738,nonsynonymous-only,0,1,5,2800,"F×2, I×1, R×1, V×1","AGA×1405, TTT×1341, ATT×49, GTA×3, TTC×2"
739,nonsynonymous-only,0,1,5,2837,"F×1, P×1, R×1, S×1, V×1","GTT×1405, CCT×1341, CGC×49, TTT×40, TCT×2"
740,nonsynonymous-only,0,1,7,1731,"K×2, D×1, E×1, G×1, R×1, S×1","AAA×1638, GAA×49, GAT×37, GGG×3, AAG×2, AGC×1, AGG×1"
741,nonsynonymous-only,0,1,13,2657,"L×3, Y×2, E×1, F×1, K×1, N×1, Q×1, R×1, S×1, W×1","CAA×1341, TAC×745, TGG×297, TCG×186, TTA×49, TTC×16, AAC×9, AAA×7, CTA×3, CGA×1, CTT×1, GAA×1, TAT×1"
742,nonsynonymous-only,0,1,14,3157,"L×5, F×2, Q×2, I×1, M×1, R×1, W×1, Y×1","CTA×1762, CTG×709, CAA×295, CTT×220, TTA×101, ATA×28, ATG×15, TTC×12, TAT×6, CGG×2, TGG×2, TTG×2, TTT×2, CAG×1"
743,nonsynonymous-only,0,1,14,4531,"E×2, K×2, R×2, A×1, G×1, I×1, N×1, Q×1, S×1, T×1, V×1","TCA×1405, GAA×1397, AAA×1175, ACG×295, GGA×220, AGA×12, GAG×9, GCA×6, AAT×4, ATA×2, CAA×2, CGA×2, AAG×1, GTA×1"
744,nonsynonymous-only,0,1,17,4250,"C×2, L×2, N×2, R×2, S×2, Y×2, E×1, F×1, G×1, Q×1, T×1","CAA×1405, AAT×1332, TTC×723, TAT×453, TGC×220, CTT×49, AGA×37, ACA×12, AAC×9, AGC×2, TAC×2, CGG×1, GAA×1, GGG×1, TCC×1, TGT×1, TTG×1"
745,nonsynonymous-only,0,1,13,3196,"E×2, G×2, K×2, D×1, H×1, I×1, M×1, R×1, S×1, T×1","AAA×2168, GGG×457, AAG×307, ATT×220, GGA×19, GAC×8, GAG×7, ACG×3, AGG×2, CAT×2, AGT×1, ATG×1, GAA×1"
746,nonsynonymous-only,0,1,13,3829,"A×2, I×2, K×2, R×2, T×2, M×1, N×1, S×1","AAA×1674, ACC×1255, AAC×476, ATG×227, GCA×137, ATT×50, ACA×2, AGA×2, ATC×2, AAG×1, AGC×1, AGG×1, GCC×1"
747,nonsynonymous-only,0,1,12,3478,"E×2, D×1, G×1, H×1, K×1, L×1, Q×1, R×1, S×1, T×1, V×1","AAA×2746, GAG×453, GTG×190, AGA×49, GGG×30, CAT×3, CAA×2, ACT×1, GAA×1, GAT×1, TCC×1, TTG×1"
748,nonsynonymous-only,0,1,11,2075,"T×3, Q×2, E×1, K×1, L×1, P×1, R×1, Y×1","CAA×1342, ACA×450, ACC×190, AAG×49, ACT×30, CGA×3, TAC×3, TTA×3, CAG×2, GAA×2, CCA×1"
749,nonsynonymous-only,0,1,9,2027,"I×3, K×2, F×1, N×1, Q×1, Y×1","TTT×1341, CAG×452, TAC×220, AAA×6, ATT×3, AAC×2, AAG×1, ATA×1, ATC×1"
750,nonsynonymous-only,0,1,6,1850,"L×2, A×1, I×1, S×1, V×1","CTT×1341, ATT×453, CTA×51, GCC×3, AGT×1, GTT×1"
751,nonsynonymous-only,0,1,6,1803,"D×1, I×1, K×1, L×1, M×1, Q×1","AAA×1791, ATG×3, ATT×3, GAT×3, CAA×2, CTC×1"
752,nonsynonymous-only,0,1,6,1849,"N×2, C×1, K×1, R×1, S×1","AGA×1341, AAT×452, TGT×49, AAC×3, AAG×3, AGC×1"
753,nonsynonymous-only,0,1,5,506,"G×2, C×1, H×1, N×1","TGT×450, CAC×49, GGT×3, AAT×2, GGG×2"
754,nonsynonymous-only,0,1,5,505,"D×2, L×1, S×1, V×1","GAC×450, TCC×49, GTG×3, GAT×2, CTT×1"
755,nonsynonymous-only,0,1,3,5,"A×1, L×1, M×1","ATG×3, GCA×1, TTG×1"
756,nonsynonymous-only,0,1,2,5,"A×1, T×1","ACA×4, GCT×1"
757,nonsynonymous-only,0,1,2,4,"I×1, L×1","ATC×3, TTA×1"
760,nonsynonymous-only,0,1,2,2,"H×1, R×1","CAC×1, CGC×1"
768,nonsynonymous-only,0,1,4,747,"C×2, F×1, S×1","TGC×450, TCT×295, TGT×1, TTC×1"
769,nonsynonymous-only,0,1,2,451,"I×1, S×1","ATT×450, TCA×1"
770,nonsynonymous-only,0,1,4,113,"A×1, G×1, L×1, R×1","GGA×108, AGG×3, CTC×1, GCC×1"
771,nonsynonymous-only,0,1,6,708,"K×2, C×1, G×1, R×1, T×1","AAA×454, GGA×126, TGT×108, AAG×12, AGA×5, ACA×3"
772,nonsynonymous-only,0,1,13,1176,"L×2, A×1, C×1, D×1, E×1, F×1, K×1, N×1, Q×1, S×1, W×1, Y×1","CAG×454, TGT×450, TCT×134, TTT×108, AAT×12, TTA×5, CTA×3, GAA×3, GCT×3, AAG×1, GAT×1, TAT×1, TGG×1"
773,nonsynonymous-only,0,1,13,2034,"L×3, H×2, F×1, I×1, N×1, Q×1, R×1, S×1, V×1, Y×1","ATA×690, AAC×572, CAG×450, AGA×239, CTA×49, TAC×16, CTT×5, CAT×3, GTA×3, TTA×3, TTT×2, CAC×1, TCA×1"
774,nonsynonymous-only,0,1,16,5627,"L×4, F×2, I×2, N×2, H×1, Q×1, R×1, T×1, W×1, Y×1","CTT×1855, TTA×1346, AAT×724, TAT×691, TTT×576, CAT×217, AAC×108, TTC×49, TGG×37, TTG×12, ATT×3, CGT×3, CTA×3, ACT×1, ATA×1, CAG×1"
775,nonsynonymous-only,0,1,14,7323,"L×4, F×2, S×2, C×1, H×1, I×1, P×1, Q×1, V×1","TTT×2034, CCC×1603, CTC×1350, TTC×1155, TTG×821, GTT×131, CTT×109, TCT×65, TCC×42, ATT×3, CAG×3, TGC×3, TTA×3, CAT×1"
776,nonsynonymous-only,0,1,18,7314,"I×3, L×3, V×3, D×2, G×2, K×1, N×1, P×1, S×1, T×1","GTT×1907, ATC×1570, GGT×1375, ATT×718, AAT×690, ATA×453, GTG×351, GTC×123, GAT×62, CCA×49, GGG×5, CTG×3, GAC×3, AAG×1, ACC×1, TCT×1, TTA×1, TTG×1"
777,nonsynonymous-only,0,1,17,8113,"A×3, R×3, K×2, T×2, D×1, E×1, I×1, N×1, Q×1, S×1, V×1","GAA×2278, GCA×1966, CAA×1287, GCT×1263, AAA×936, CGA×122, AGA×108, ACT×80, GTT×49, ACA×11, AGG×5, TCT×3, AAC×1, AAG×1, ATA×1, GAT×1, GCG×1"
778,nonsynonymous-only,0,1,18,6884,"L×3, R×3, I×2, Q×2, S×2, A×1, F×1, G×1, T×1, V×1, W×1","ACA×1977, TGG×1563, AGA×1160, GGA×828, TCA×690, TCG×239, CTA×220, CGA×78, CAA×65, TTT×37, ATA×12, GTA×5, TTA×3, GCA×2, TTG×2, AGG×1, ATC×1, CAG×1"
779,nonsynonymous-only,0,1,19,8438,"R×4, G×3, K×2, N×2, S×2, A×1, C×1, E×1, I×1, T×1, W×1","AAG×1569, AAT×1420, AGG×1270, AAA×1124, TGG×711, TGT×648, CGG×563, AGA×491, AGC×348, AGT×108, GGT×65, GGG×59, ATT×49, CGA×5, AAC×3, GCG×2, ACA×1, GAA×1, GGA×1"
780,nonsynonymous-only,0,1,21,8389,"I×3, L×3, V×3, N×2, C×1, E×1, F×1, H×1, K×1, M×1, Q×1, S×1, T×1, Y×1","AAA×2013, ATG×1711, CAA×1407, GTG×1006, TTG×829, GAA×573, CAT×295, ATA×217, GTA×131, CTT×108, ATT×41, TAT×15, AGT×12, AAT×10, TGC×5, ACA×4, AAC×3, ATC×3, TTT×3, GTT×2, CTC×1"
781,nonsynonymous-only,0,1,17,8385,"L×3, S×3, I×2, V×2, C×1, F×1, G×1, H×1, N×1, P×1, Y×1","TTA×2728, CTT×1556, TTT×1077, ATT×825, GGT×690, AGT×572, TGT×462, TTG×299, GTT×108, ATA×37, TAT×14, CCT×9, TCT×4, AAT×1, CAC×1, GTC×1, TCA×1"
782,nonsynonymous-only,0,1,15,7505,"L×3, F×2, R×2, S×2, Y×2, C×1, P×1, Q×1, V×1","TTT×1877, TAC×1565, TCC×1322, CGC×824, TCT×689, CGT×572, TAT×446, GTT×108, CTG×49, TTC×38, CAA×6, TTA×5, TGC×2, CCT×1, CTC×1"
783,nonsynonymous-only,0,1,19,7042,"R×3, I×2, K×2, N×2, T×2, A×1, C×1, D×1, E×1, G×1, L×1, Q×1, V×1","GAT×1858, AGA×1776, AAC×1146, GCA×814, CGT×708, AGG×270, AAT×259, AAA×108, AAG×43, GTA×19, CAG×12, ACA×11, ATA×4, GAA×4, ATC×3, CTG×3, ACG×2, GGT×1, TGC×1"
784,nonsynonymous-only,0,1,15,8092,"K×2, L×2, R×2, E×1, G×1, I×1, M×1, N×1, Q×1, T×1, V×1, W×1","AAA×2027, ATG×1557, CAA×1404, GAA×1101, AGA×708, GGA×695, ATA×574, AAC×12, ACG×6, TTA×3, AAG×1, AGG×1, CTA×1, GTA×1, TGG×1"
785,nonsynonymous-only,0,1,12,3951,"L×2, P×2, R×2, C×1, F×1, G×1, K×1, S×1, W×1","CCT×1405, AGA×1334, TGG×703, AAA×332, CGG×108, CTG×49, TGT×14, CCA×2, CTT×1, GGG×1, TCC×1, TTT×1"
786,nonsynonymous-only,0,1,9,5179,"S×2, E×1, G×1, K×1, N×1, Q×1, R×1, V×1","CAA×1405, AAC×1322, TCA×708, GAA×690, AGA×577, GGG×295, AGC×131, GTA×37, AAA×14"
787,nonsynonymous-only,0,1,15,4984,"I×2, N×2, R×2, T×2, Y×2, A×1, F×1, K×1, P×1, S×1","ACG×1405, CGA×1314, AAC×708, TAC×572, TTC×450, TAT×257, AAT×131, GCA×108, AAA×14, ACA×14, AGA×5, ATC×3, ATT×1, CCA×1, TCA×1"
788,nonsynonymous-only,0,1,13,5292,"N×2, A×1, C×1, D×1, F×1, G×1, H×1, I×1, P×1, R×1, S×1, Y×1","ATT×1513, TGT×1323, GAT×1280, AAC×450, GGT×295, CGT×220, TAT×147, AAT×43, CAC×14, CCT×3, TTT×2, AGC×1, GCC×1"
789,nonsynonymous-only,0,1,9,3744,"H×2, E×1, G×1, I×1, N×1, R×1, S×1, Y×1","GAA×1405, CGT×1322, GGA×572, TCT×283, ATA×109, CAT×39, TAT×12, AAT×1, CAC×1"
790,nonsynonymous-only,0,1,9,3707,"F×2, L×2, A×1, C×1, R×1, V×1, Y×1","TTT×1455, GCA×1405, CGT×560, TGT×174, TTA×108, CTT×2, GTC×1, TAT×1, TTC×1"
791,nonsynonymous-only,0,1,4,1977,"A×1, D×1, N×1, V×1","GCT×1337, GAC×571, GTT×68, AAC×1"
792,nonsynonymous-only,0,1,2,572,"D×1, Y×1","GAC×470, TAC×102"
793,nonsynonymous-only,0,1,4,686,"C×1, E×1, Q×1, W×1","CAA×572, TGG×112, GAA×1, TGT×1"
794,nonsynonymous-only,0,1,3,1360,"L×2, R×1","TTA×924, CTA×435, CGG×1"
795,nonsynonymous-only,0,1,8,4493,"L×3, E×1, G×1, I×1, K×1, R×1","CTC×1405, ATC×1323, AAA×690, CGA×572, GAA×295, CTA×108, TTG×99, GGC×1"
796,nonsynonymous-only,0,1,13,4800,"V×4, I×2, T×2, D×1, F×1, G×1, K×1, L×1","ACT×1403, AAA×1359, GTC×1214, GGA×295, CTT×220, GTT×157, TTC×108, GTA×37, ACC×2, GAT×2, ATC×1, ATT×1, GTG×1"
797,nonsynonymous-only,0,1,19,5991,"S×3, C×2, D×2, I×2, N×2, Y×2, F×1, G×1, H×1, K×1, L×1, Q×1","GGT×1502, GAT×1323, TGT×706, CAG×690, CTT×571, AGT×455, AAT×303, TCT×220, GAC×108, TAT×52, AAA×38, AAC×12, ATC×3, CAT×3, AGC×1, ATT×1, TAC×1, TGC×1, TTT×1"
798,nonsynonymous-only,0,1,22,5994,"L×4, I×3, A×2, C×2, S×2, T×2, F×1, G×1, H×1, P×1, R×1, V×1, Y×1","TGT×1405, AGT×1321, TTT×1171, CCC×709, TCT×690, TTA×295, TGC×220, CTT×114, ACG×37, ATA×13, GCC×3, GCT×3, GGT×3, CTG×2, ACA×1, AGG×1, ATC×1, ATT×1, CAC×1, GTA×1, TAT×1, TTG×1"
799,nonsynonymous-only,0,1,13,5993,"D×2, K×2, N×2, A×1, E×1, I×1, Q×1, R×1, T×1, Y×1","AAC×2029, AAA×1723, ATA×690, GAA×661, AGA×451, ACC×220, TAT×108, CAG×97, GCA×6, AAT×4, AAG×2, GAC×1, GAT×1"
800,nonsynonymous-only,0,1,16,6008,"V×3, N×2, R×2, T×2, E×1, F×1, H×1, K×1, L×1, M×1, P×1","AAT×2725, AAA×2126, ACA×450, GAA×297, GTT×220, AGA×116, GTG×40, ATG×12, GTA×7, AAC×3, ACG×3, CAT×3, TTT×3, CCG×1, CGA×1, TTA×1"
801,nonsynonymous-only,0,1,17,5998,"T×4, A×3, I×3, E×2, C×1, K×1, L×1, P×1, V×1","ATT×1408, ACC×1321, ATC×1068, ATA×1011, GAA×607, AAA×452, ACA×109, GCA×6, GAG×3, TGC×3, CCC×2, GTA×2, TTA×2, ACG×1, ACT×1, GCG×1, GCT×1"
802,nonsynonymous-only,0,1,19,5992,"T×4, D×2, I×2, K×2, N×2, A×1, F×1, L×1, Q×1, S×1, V×1, W×1","TGG×1405, ACC×1338, ATC×789, GAC×711, AAC×690, AAG×450, AAA×296, ATT×109, TTT×97, AGC×49, AAT×44, ACA×3, CTT×3, GTT×3, ACG×1, ACT×1, CAG×1, GAT×1, GCT×1"
804,nonsynonymous-only,0,1,12,5991,"I×3, L×3, F×1, M×1, N×1, S×1, T×1, V×1","ATT×1830, CTG×1408, ATA×1323, ATC×840, ATG×296, TTT×221, TTG×49, TTA×18, GTG×3, AAT×1, ACT×1, AGT×1"
805,nonsynonymous-only,0,1,6,1560,"S×2, D×1, F×1, L×1, Y×1","TCA×1374, GAT×97, TTT×40, TTA×31, TCT×17, TAT×1"
806,nonsynonymous-only,0,1,12,3056,"N×2, S×2, V×2, H×1, I×1, L×1, P×1, R×1, Y×1","AAC×1406, AAT×1321, TAT×159, GTC×97, CCT×43, GTT×15, TCC×6, TCT×3, CGT×2, CTT×2, ATT×1, CAT×1"
807,nonsynonymous-only,0,1,14,3755,"A×3, D×1, E×1, H×1, K×1, L×1, N×1, P×1, Q×1, S×1, T×1, V×1","GCA×1404, GCT×1308, CAA×805, GTA×108, AAT×49, AAA×40, GAG×15, GCC×14, CAT×6, GAT×2, ACT×1, CCT×1, TCC×1, TTA×1"
808,nonsynonymous-only,0,1,8,1496,"R×3, E×1, K×1, L×1, Q×1, W×1","TTA×1322, TGG×97, AAA×49, GAA×16, CAA×7, CGA×3, AGA×1, CGG×1"
809,nonsynonymous-only,0,1,2,1405,"I×1, M×1","ATG×1287, ATA×118"
810,nonsynonymous-only,0,1,2,1405,"H×1, R×1","CGC×1403, CAC×2"
811,nonsynonymous-only,0,1,3,1406,"T×2, L×1","ACA×1404, ACC×1, TTA×1"
812,nonsynonymous-only,0,1,5,2893,"E×2, K×1, L×1, Q×1","GAG×1405, AAA×1322, CAA×150, TTG×15, GAA×1"
813,nonsynonymous-only,0,1,8,3501,"L×2, N×2, I×1, K×1, R×1, S×1","TCC×1405, ATC×1322, AAC×702, AAT×55, CTG×12, TTG×3, AAG×1, AGA×1"
814,nonsynonymous-only,0,1,7,3633,"L×3, K×2, I×1, R×1","AAG×1411, TTG×1371, CTA×701, AAA×125, TTA×19, ATA×5, AGG×1"
815,nonsynonymous-only,0,1,10,2265,"L×2, A×1, H×1, K×1, Q×1, S×1, T×1, V×1, W×1","GCT×1322, TGG×708, CAG×141, GTT×49, TTA×35, ACG×4, AAG×2, TTG×2, CAC×1, TCT×1"
816,nonsynonymous-only,0,1,12,4367,"L×6, F×1, I×1, M×1, N×1, Q×1, S×1","TTG×2767, CTT×708, ATG×450, CTG×269, TCA×131, CAG×15, TTC×13, CTA×7, TTA×3, AAC×2, ATC×1, CTC×1"
817,nonsynonymous-only,0,1,18,4367,"I×2, L×2, N×2, T×2, V×2, A×1, C×1, D×1, F×1, H×1, M×1, R×1, Y×1","ACG×1316, GCT×1234, GAT×714, CAT×450, AAC×221, GTT×171, CTT×128, ATC×49, ACA×37, GTG×15, AAT×12, ATG×6, TAT×5, ATT×3, CGT×3, CTG×1, TGT×1, TTC×1"
818,nonsynonymous-only,0,1,11,2636,"K×2, R×2, Y×2, G×1, H×1, L×1, Q×1, W×1","GGC×1405, TGG×708, CGC×217, CGA×199, CTA×49, CAA×37, TAT×10, TAC×5, CAC×3, AAA×2, AAG×1"
819,nonsynonymous-only,0,1,8,3897,"E×2, K×2, D×1, N×1, R×1, W×1","AAC×1406, AAG×1338, AAA×929, GAA×131, AGG×50, GAG×39, TGG×3, GAC×1"
820,nonsynonymous-only,0,1,8,2960,"I×2, K×2, A×1, E×1, R×1, T×1","ATA×1300, AAG×1078, GAA×451, ACA×62, AAA×52, AGG×13, ATC×3, GCA×1"
821,nonsynonymous-only,0,1,6,2949,"I×1, K×1, M×1, N×1, R×1, W×1","ATC×1325, TGG×709, AAT×708, AAG×181, ATG×14, AGA×12"
822,nonsynonymous-only,0,1,13,2494,"K×2, Q×2, R×2, Y×2, D×1, H×1, L×1, N×1, V×1","AAA×1323, GAC×702, CGT×217, TAT×125, AAG×49, CAG×37, TAC×21, CAT×9, CTA×4, AAC×3, CAA×2, AGA×1, GTC×1"
823,nonsynonymous-only,0,1,8,1380,"R×4, K×2, A×1, I×1","AGA×1315, ATA×49, AAA×7, AAG×3, AGG×2, GCA×2, CGA×1, CGT×1"
824,nonsynonymous-only,0,1,5,1376,"L×2, A×1, F×1, Q×1","TTG×1298, GCA×49, TTT×25, CAG×3, TTA×1"
825,nonsynonymous-only,0,1,4,1323,"A×1, I×1, P×1, S×1","CCT×1313, GCT×6, TCT×3, ATT×1"
826,nonsynonymous-only,0,1,3,1372,"F×2, D×1","TTT×1322, TTC×49, GAC×1"
827,nonsynonymous-only,0,1,2,50,"F×1, S×1","TCA×49, TTT×1"
828,nonsynonymous-only,0,1,2,344,"K×1, N×1","AAC×295, AAG×49"
829,nonsynonymous-only,0,1,2,51,"K×1, Q×1","AAG×49, CAA×2"
830,nonsynonymous-only,0,1,9,2750,"A×1, C×1, F×1, H×1, I×1, K×1, L×1, R×1, T×1","CAC×1405, AGA×1320, TTT×12, CTC×6, ATC×3, AAA×1, ACG×1, GCG×1, TGC×1"
831,nonsynonymous-only,0,1,8,1613,"R×2, A×1, H×1, K×1, N×1, Q×1, S×1","CAT×1322, TCA×220, CGT×49, GCA×12, AAA×3, AAC×3, CGA×3, CAG×1"
832,nonsynonymous-only,0,1,11,4028,"R×3, C×2, A×1, E×1, G×1, K×1, W×1, Y×1","TGT×1322, TGG×740, AGG×724, CGG×655, GGA×295, GAG×221, TAC×49, AAA×13, CGT×3, GCG×3, TGC×3"
833,nonsynonymous-only,0,1,13,3462,"F×2, R×2, H×1, K×1, L×1, Q×1, S×1, T×1, V×1, W×1, Y×1","TTA×1405, TGG×1040, AAG×450, CGG×282, AGA×220, GTG×49, TAT×4, ACG×3, TCC×3, TTC×2, TTT×2, CAG×1, CAT×1"
834,nonsynonymous-only,0,1,9,3769,"R×3, H×1, K×1, Q×1, S×1, W×1, Y×1","CAC×2713, CGG×456, AAG×295, TGG×224, CAG×49, TAC×14, AGG×12, AGT×3, CGA×3"
835,nonsynonymous-only,0,1,7,3777,"K×2, A×1, E×1, G×1, P×1, Q×1","AAA×2126, AAG×1405, CAA×220, GAA×21, GCA×3, CCA×1, GGA×1"
836,nonsynonymous-only,0,1,10,4342,"N×2, T×2, D×1, E×1, I×1, K×1, R×1, S×1","AAG×1405, AAT×1322, ATT×690, ACG×428, AGT×295, ACA×144, AGG×49, GAT×5, GAG×3, AAC×1"
837,nonsynonymous-only,0,1,2,1379,"E×1, L×1","GAA×1376, TTA×3"
838,nonsynonymous-only,0,1,3,1374,"I×1, K×1, V×1","ATT×1043, GTT×282, AAA×49"
839,nonsynonymous-only,0,1,2,1371,"E×1, S×1","AGC×1322, GAA×49"
840,nonsynonymous-only,0,1,5,2536,"L×2, I×1, Q×1, V×1","CAA×1323, CTA×708, GTA×453, CTG×49, ATA×3"
841,nonsynonymous-only,0,1,10,1219,"H×2, P×2, Q×2, R×2, S×2","CCC×706, CGA×449, CAA×49, TCT×6, CAT×3, CAG×2, CAC×1, CCT×1, CGT×1, TCC×1"
842,nonsynonymous-only,0,1,5,68,"F×1, L×1, Q×1, R×1, W×1","TTG×49, CGG×12, CAG×5, TGG×1, TTT×1"
843,nonsynonymous-only,0,1,11,2491,"L×3, Y×2, C×1, D×1, E×1, G×1, M×1, V×1","TGC×1311, TTA×708, CTA×450, ATG×6, TAC×5, GAC×3, GGC×3, GAA×2, CTT×1, GTA×1, TAT×1"
844,nonsynonymous-only,0,1,9,2558,"L×2, N×2, V×2, I×1, R×1, W×1","ATT×1323, AAT×708, AAC×456, GTC×49, TGG×12, TTA×5, GTT×3, CGC×1, CTT×1"
845,nonsynonymous-only,0,1,5,1379,"E×1, L×1, P×1, Q×1, S×1","TTA×1322, CCT×49, CAA×6, GAA×1, TCA×1"
846,nonsynonymous-only,0,1,10,2512,"F×2, L×2, C×1, E×1, H×1, I×1, M×1, Q×1","CAC×1322, TTT×1154, GAG×12, CAA×6, ATT×4, TGT×4, TTG×4, ATG×3, TTA×2, TTC×1"
847,nonsynonymous-only,0,1,9,1801,"L×2, Q×2, V×2, A×1, S×1, T×1","CAA×1323, CAG×450, CTT×12, GCG×6, CTG×3, GTT×3, ACG×2, AGT×1, GTG×1"
848,nonsynonymous-only,0,1,5,2512,"I×2, V×2, D×1","ATT×1336, GAT×709, GTT×460, ATC×6, GTC×1"
849,nonsynonymous-only,0,1,8,2500,"Y×2, F×1, I×1, N×1, Q×1, S×1, T×1","ACC×1308, TAT×709, TCT×462, ATC×13, CAA×3, TAC×3, AAC×1, TTT×1"
850,nonsynonymous-only,0,1,10,1796,"N×2, T×2, A×1, D×1, E×1, G×1, R×1, Y×1","GAC×1259, ACA×450, GCC×61, GAA×12, AGA×6, TAC×3, AAC×2, AAT×1, ACT×1, GGG×1"
851,nonsynonymous-only,0,1,11,2504,"I×2, R×2, K×1, L×1, M×1, N×1, S×1, T×1, V×1","AGG×1319, AGC×595, ATG×451, AAC×116, ATC×12, ACC×3, TTG×3, AGA×2, AAG×1, ATA×1, GTA×1"
852,nonsynonymous-only,0,1,6,2500,"E×1, F×1, L×1, Q×1, R×1, W×1","CAA×1322, CGA×711, TGG×450, TTT×13, GAA×3, TTG×1"
853,nonsynonymous-only,0,1,9,2496,"L×2, V×2, I×1, K×1, M×1, Q×1, R×1","CTT×1322, CAG×699, ATA×451, ATG×15, AGA×3, GTA×3, AAA×1, GTT×1, TTA×1"
854,nonsynonymous-only,0,1,6,2491,"A×1, H×1, I×1, L×1, M×1, R×1","CAT×1322, AGG×1158, ATG×6, CTT×3, ATA×1, GCG×1"
855,nonsynonymous-only,0,1,10,2501,"E×2, A×1, D×1, G×1, K×1, N×1, P×1, S×1, Y×1","TCC×1321, GGA×708, GAC×450, TAT×12, AAA×3, GAA×3, AAT×1, CCC×1, GAG×1, GCA×1"
856,nonsynonymous-only,0,1,10,1277,"K×2, Q×2, R×2, C×1, I×1, L×1, S×1","CAG×660, AGA×450, CAA×121, AAG×24, CTA×12, AAA×4, TCA×3, AGG×1, ATA×1, TGC×1"
857,nonsynonymous-only,0,1,7,2596,"L×2, P×2, A×1, F×1, Q×1","CCA×1322, TTT×818, TTA×450, CAG×3, CCT×1, CTG×1, GCA×1"
858,nonsynonymous-only,0,1,4,104,"N×2, D×1, Y×1","AAC×97, AAT×3, GAT×3, TAT×1"
859,nonsynonymous-only,0,1,2,6,"G×1, Q×1","CAA×3, GGA×3"
860,nonsynonymous-only,0,1,3,7,"E×1, I×1, K×1","AAG×3, ATT×3, GAA×1"
861,nonsynonymous-only,0,1,5,1624,"L×2, F×1, S×1, V×1","TTG×1322, GTT×295, CTA×3, TTT×3, TCG×1"
862,nonsynonymous-only,0,1,6,1755,"H×2, Q×2, R×1, Y×1","CAA×1318, CAG×426, CGA×4, CAC×3, CAT×3, TAT×1"
864,nonsynonymous-only,0,1,9,6648,"D×2, H×2, C×1, N×1, R×1, S×1, Y×1","TAT×2262, AAT×1566, TGT×1328, GAC×1262, CAT×110, AGT×108, CGT×6, GAT×5, CAC×1"
865,nonsynonymous-only,0,1,13,6668,"R×3, C×2, F×2, I×1, L×1, Q×1, S×1, W×1, Y×1","CGT×1563, TTC×1405, TTA×1323, TGT×690, CGC×572, TTT×500, TGG×450, CAA×136, TCA×13, TAC×8, TGC×6, ATC×1, CGA×1"
866,nonsynonymous-only,0,1,11,3786,"R×2, C×1, E×1, G×1, H×1, L×1, Q×1, S×1, W×1, Y×1","TTG×1405, CGA×1314, GAA×572, TGG×454, GGA×12, CAA×9, TCG×6, CAC×5, CGG×3, TAT×3, TGC×3"
867,synonymous-only,1,0,2,572,A×2,"GCG×556, GCA×16"
868,nonsynonymous-only,0,1,8,2213,"I×2, A×1, D×1, P×1, T×1, V×1, Y×1","ACC×1351, ATC×580, CCA×220, GCG×49, GAT×6, ATA×3, GTA×3, TAC×1"
869,nonsynonymous-only,0,1,8,2214,"K×2, E×1, F×1, I×1, M×1, N×1, Q×1","CAG×1371, ATG×569, AAC×220, AAG×41, GAA×6, AAA×3, ATA×3, TTC×1"
870,nonsynonymous-only,0,1,9,2218,"K×2, L×2, E×1, G×1, I×1, R×1, V×1","AAA×1894, AGA×221, GAA×89, TTA×6, GTA×3, ATA×2, AAG×1, GGG×1, TTG×1"
871,nonsynonymous-only,0,1,12,1604,"D×2, I×2, E×1, G×1, K×1, L×1, M×1, R×1, T×1, V×1","ATC×708, GAT×565, GAA×217, AAA×86, GAC×7, ATA×6, CTA×6, GGA×3, GTA×3, ACA×1, AGA×1, ATG×1"
872,nonsynonymous-only,0,1,11,2053,"K×2, A×1, D×1, E×1, G×1, I×1, N×1, S×1, T×1, Y×1","AAT×709, GAA×575, AAG×450, ATT×219, GCA×49, TAT×37, GAT×6, AAA×3, GGA×3, ACT×1, AGT×1"
873,nonsynonymous-only,0,1,13,3375,"F×2, I×2, T×2, Y×2, A×1, H×1, P×1, S×1, V×1","TAC×1321, TTC×708, ACC×567, CCT×451, TTT×221, CAT×49, TAT×37, ATT×7, ACT×5, GTT×4, TCT×3, ATA×1, GCT×1"
874,nonsynonymous-only,0,1,12,2729,"L×4, C×1, F×1, I×1, K×1, M×1, P×1, R×1, S×1","CTC×708, CGA×601, CCA×577, TTA×456, CTT×220, TTT×109, TGC×49, ATT×3, CTA×3, AAA×1, ATG×1, TCA×1"
875,nonsynonymous-only,0,1,16,2783,"I×3, N×2, T×2, A×1, E×1, F×1, K×1, L×1, R×1, S×1, V×1, W×1","ATT×1320, AAT×450, ACA×437, TGG×220, ACG×124, AGG×109, TTC×49, ATC×37, AGT×12, GCG×10, CTA×6, GAA×4, GTT×2, AAA×1, AAC×1, ATA×1"
876,nonsynonymous-only,0,1,12,4184,"K×2, N×2, E×1, H×1, L×1, P×1, Q×1, R×1, V×1, Y×1","AAC×1579, CAC×1158, CTT×690, CCA×572, AGA×108, AAT×52, GTA×12, GAG×6, CAA×3, AAA×2, AAG×1, TAT×1"
877,nonsynonymous-only,0,1,10,5544,"N×2, T×2, Y×2, D×1, G×1, H×1, I×1","AAT×2724, CAT×1406, GAT×576, TAT×469, AAC×257, ACC×108, ACT×1, ATT×1, GGT×1, TAC×1"
878,nonsynonymous-only,0,1,15,5594,"L×4, I×3, F×2, P×2, S×2, K×1, T×1","TTC×1543, TCT×1334, TCA×776, CTA×690, ATT×536, TTA×383, CTC×108, TTT×73, ATC×53, TTG×49, AAG×37, ATA×7, CCT×3, ACA×1, CCC×1"
879,nonsynonymous-only,0,1,13,5591,"R×3, I×2, K×2, N×2, D×1, E×1, G×1, S×1","ATT×1843, AGG×1322, ATA×842, AGT×690, AAA×611, AAG×222, AAT×38, GGG×12, GAA×6, AAC×2, AGA×1, CGA×1, GAT×1"
880,nonsynonymous-only,0,1,7,4050,"E×2, G×2, D×1, N×1, R×1","GAT×2061, GGT×972, GAA×540, GGA×438, GAG×32, AAT×6, CGT×1"
881,nonsynonymous-only,0,1,9,4047,"L×2, V×2, C×1, F×1, G×1, I×1, S×1","ATT×1405, TTT×1371, TTG×690, GTG×572, GGA×3, TTA×3, GTA×1, TCG×1, TGT×1"
882,nonsynonymous-only,0,1,7,2592,"S×2, A×1, D×1, E×1, K×1, V×1","GCG×1187, AAG×690, GAT×572, GAG×138, TCG×3, GTA×1, TCT×1"
883,nonsynonymous-only,0,1,11,4128,"H×2, S×2, D×1, E×1, G×1, N×1, P×1, Q×1, R×1","GGC×1395, AAT×1322, AGT×690, CAT×572, CGT×97, CAC×37, GAC×8, GAA×3, AGC×2, CAA×1, CCA×1"
884,nonsynonymous-only,0,1,20,4195,"R×3, A×2, G×2, K×2, D×1, H×1, I×1, L×1, M×1, N×1, P×1, Q×1, S×1, V×1, Y×1","CCA×1405, AAA×933, GTA×690, GCG×572, AGA×295, TTA×131, CAG×97, AGT×37, AAT×12, ATG×5, AAG×3, GAT×3, TAC×3, AGG×2, GGA×2, ATT×1, CAT×1, CGA×1, GCT×1, GGG×1"
885,nonsynonymous-only,0,1,17,6936,"R×3, L×2, Q×2, E×1, G×1, H×1, I×1, K×1, P×1, S×1, T×1, V×1, Y×1","AGA×2131, TTG×1563, CAA×1196, GAA×867, ATA×690, CGA×336, CCT×131, GTA×5, ACT×3, CAG×3, CGG×3, AAA×2, CAT×2, CTA×1, GGA×1, TAT×1, TCT×1"
886,nonsynonymous-only,0,1,14,8512,"I×3, L×3, S×3, F×2, Y×2, V×1","TTT×3798, TTC×1650, TTA×1187, GTA×690, CTT×609, ATA×296, TTG×129, ATT×97, TCC×49, TAC×3, ATC×1, TAT×1, TCA×1, TCT×1"
887,nonsynonymous-only,0,1,19,7540,"L×4, S×3, F×2, I×2, H×1, K×1, M×1, P×1, Q×1, T×1, V×1, Y×1","TTA×2024, TAC×1563, CAC×1405, TTC×1316, CCG×690, TTG×328, ATG×130, CTC×37, ATA×14, TTT×8, ATC×7, TCA×5, TCC×5, CTT×3, AAA×1, ACA×1, CAA×1, GTG×1, TCT×1"
888,nonsynonymous-only,0,1,15,7812,"K×2, N×2, R×2, S×2, D×1, F×1, H×1, I×1, Q×1, T×1, V×1","AAA×2980, AAC×2835, AGT×690, AAT×469, ACA×433, AAG×280, CAG×49, GAC×37, ATA×23, GTT×8, AGG×3, AGA×2, AGC×1, CAC×1, TTC×1"
889,nonsynonymous-only,0,1,15,8514,"A×2, E×2, K×2, R×2, T×2, M×1, N×1, Q×1, V×1, W×1","AAG×1889, AGA×1407, AAT×1359, AAA×848, ACG×816, CAA×740, GCA×690, GCG×572, GAG×110, TGG×49, GAA×14, ATG×8, CGA×6, GTG×5, ACT×1"
890,nonsynonymous-only,0,1,5,26,"K×2, E×1, L×1, T×1","AAA×13, GAG×8, ACG×3, AAG×1, TTA×1"
891,nonsynonymous-only,0,1,6,17,"L×2, Q×2, R×1, T×1","CAA×12, ACA×1, AGA×1, CAG×1, CTA×1, CTG×1"
897,synonymous-only,1,0,2,1406,T×2,"ACC×1405, ACA×1"
898,nonsynonymous-only,0,1,2,1406,"A×1, D×1","GCA×1405, GAT×1"
899,nonsynonymous-only,0,1,8,1615,"G×3, D×1, E×1, N×1, R×1, S×1","GGC×1389, AGG×108, AGT×97, GGT×15, GGA×3, AAT×1, GAC×1, GAG×1"
900,nonsynonymous-only,0,1,6,2877,"N×2, D×1, I×1, K×1, M×1","AAC×1405, ATT×690, GAT×670, AAA×108, AAT×3, ATG×1"
901,nonsynonymous-only,0,1,5,2522,"Q×2, E×1, K×1, Y×1","CAA×1613, TAT×572, GAA×131, CAG×109, AAG×97"
902,nonsynonymous-only,0,1,4,207,"H×1, K×1, Q×1, Y×1","CAC×108, TAC×97, AAA×1, CAA×1"
903,nonsynonymous-only,0,1,2,109,"K×1, S×1","AGC×108, AAG×1"
904,nonsynonymous-only,0,1,2,2,"A×1, K×1","AAA×1, GCA×1"
905,nonsynonymous-only,0,1,6,2340,"N×2, D×1, H×1, M×1, S×1","GAT×852, TCG×825, AAT×553, AAC×108, ATG×1, CAC×1"
906,nonsynonymous-only,0,1,11,4670,"R×3, Y×2, C×1, D×1, F×1, H×1, N×1, S×1","AAT×1564, CGA×1404, CAT×825, AGT×708, TAC×108, GAT×40, CGT×15, TGT×3, CGC×1, TAT×1, TTT×1"
907,nonsynonymous-only,0,1,13,6504,"C×2, F×2, K×2, G×1, H×1, I×1, N×1, S×1, W×1, Y×1","TGT×2379, AGT×1411, AAT×1327, TTT×708, TGC×452, AAA×111, AAG×49, TGG×38, ATT×14, TAT×10, GGT×3, CAC×1, TTC×1"
908,nonsynonymous-only,0,1,15,6505,"I×3, L×3, F×2, P×2, A×1, C×1, G×1, M×1, S×1","TCA×1563, GCA×1405, CTA×1355, TTC×825, TTA×724, TTT×451, ATT×111, ATA×49, CTT×7, ATC×6, CCG×3, CCT×3, ATG×1, GGT×1, TGT×1"
909,nonsynonymous-only,0,1,14,6411,"L×3, F×2, R×2, S×2, C×1, G×1, Q×1, W×1, Y×1","AGA×1563, TCA×1405, TTA×1322, TGG×813, TTT×718, TGT×488, TTC×55, CTT×21, GGG×8, TCT×8, CGG×4, TTG×4, CAA×1, TAT×1"
910,nonsynonymous-only,0,1,19,6521,"A×3, L×3, V×3, F×2, I×2, S×2, T×2, G×1, M×1","CTT×1855, TTT×1570, GCA×1324, GCC×810, ATC×701, TCA×109, GTT×49, TTC×37, ATG×14, GCG×14, ACC×9, GTC×7, TTA×7, TCC×6, CTA×3, GGC×2, GTG×2, ACG×1, ATA×1"
911,nonsynonymous-only,0,1,14,6737,"P×2, S×2, A×1, E×1, F×1, K×1, L×1, M×1, N×1, Q×1, R×1, T×1","AAA×1577, ACA×1422, CCT×1324, TCA×1215, GAA×825, GCA×165, AAC×108, CAA×49, CCA×37, TCT×6, TTT×6, AGA×1, ATG×1, CTA×1"
912,nonsynonymous-only,0,1,10,5170,"G×2, K×2, N×2, S×2, R×1, T×1","AGA×2004, AAC×1405, GGA×1364, ACA×226, AAG×108, AAA×37, AAT×15, GGG×7, AGT×3, AGC×1"
913,nonsynonymous-only,0,1,15,4697,"I×3, C×2, K×2, S×2, T×2, F×1, G×1, N×1, Y×1","ATT×2709, ACA×825, TGT×708, AGT×220, GGT×108, AAG×49, AGC×37, AAA×14, TTT×10, ATC×8, ACC×3, TGC×3, AAC×1, ATA×1, TAT×1"
914,nonsynonymous-only,0,1,10,3728,"V×2, A×1, D×1, E×1, I×1, K×1, N×1, S×1, T×1","GTC×1402, GCT×1321, AGT×825, ACC×111, GAT×50, AAG×14, GTT×2, AAC×1, ATC×1, GAG×1"
915,nonsynonymous-only,0,1,3,935,"K×2, R×1","AGA×825, AAA×109, AAG×1"
916,nonsynonymous-only,0,1,3,934,"A×1, L×1, M×1","GCG×825, TTA×108, ATG×1"
917,nonsynonymous-only,0,1,2,109,"I×1, M×1","ATA×108, ATG×1"
918,nonsynonymous-only,0,1,3,5,"E×2, T×1","GAG×3, ACA×1, GAA×1"
919,nonsynonymous-only,0,1,2,4,"D×1, E×1","GAA×3, GAT×1"
920,nonsynonymous-only,0,1,3,5,"L×2, P×1","CCT×3, CTT×1, TTG×1"
921,nonsynonymous-only,0,1,4,1376,"I×2, C×1, K×1","ATA×1371, ATC×3, AAA×1, TGT×1"
922,nonsynonymous-only,0,1,5,1547,"A×3, L×1, V×1","GCG×1314, GCA×220, GTG×8, TTA×4, GCC×1"
923,nonsynonymous-only,0,1,4,1546,"I×1, M×1, T×1, V×1","ATG×1322, GTC×220, ACA×3, ATA×1"
924,nonsynonymous-only,0,1,5,1545,"A×1, D×1, H×1, N×1, Q×1","CAC×1318, GCC×220, AAC×3, GAC×3, CAA×1"
925,nonsynonymous-only,0,1,10,2315,"S×2, A×1, F×1, G×1, I×1, Q×1, T×1, V×1, Y×1","TTT×1314, CAA×715, GGA×220, AGC×37, GCG×15, TCT×7, ATT×3, ACC×2, GTA×1, TAC×1"
926,nonsynonymous-only,0,1,8,2315,"S×2, Y×2, C×1, F×1, Q×1, R×1","CAA×1321, TAT×709, CGA×220, TTT×39, TCT×18, TGT×5, TAC×2, TCA×1"
927,nonsynonymous-only,0,1,9,2412,"L×3, F×2, S×2, M×1, W×1","CTA×1542, TTC×709, TTT×111, ATG×37, TCG×5, TTG×4, TCA×2, TGG×1, TTA×1"
928,nonsynonymous-only,0,1,12,3124,"T×3, I×2, K×2, D×1, E×1, M×1, Q×1, R×1","ATA×1329, AAG×943, ACG×450, ACA×131, GAA×109, AGA×97, ATG×38, ACT×15, ATC×8, CAG×2, AAA×1, GAT×1"
929,nonsynonymous-only,0,1,15,3796,"S×3, E×2, K×2, A×1, G×1, H×1, I×1, Q×1, R×1, T×1, W×1","CAC×1405, GAA×1284, AAA×659, AAG×354, GGA×37, CGA×13, GAG×12, TGG×9, TCA×6, AGC×5, AGT×3, GCT×3, ACA×2, ATA×2, CAA×2"
930,nonsynonymous-only,0,1,20,5976,"L×4, P×3, F×2, H×2, S×2, Y×2, I×1, K×1, Q×1, R×1, W×1","CTT×1414, TTG×1317, CTA×1159, CGT×816, CCA×524, TTT×294, TCA×217, TTC×97, CCC×49, CAG×40, CAT×16, TGG×14, TTA×8, TCG×5, AAG×1, ATA×1, CAC×1, CCG×1, TAC×1, TAT×1"
931,nonsynonymous-only,0,1,18,5031,"L×4, F×2, K×2, S×2, V×2, G×1, I×1, M×1, P×1, Q×1, T×1","TTG×1419, CCA×1324, TTA×738, ACA×690, TTC×450, GTG×131, AAG×108, ATG×97, TCG×37, TCA×17, CTG×6, ATA×5, AAA×3, CAG×2, CTA×1, GGA×1, GTA×1, TTT×1"
932,nonsynonymous-only,0,1,12,5404,"E×2, I×2, K×2, N×2, R×2, L×1, Q×1","AAA×1678, AAC×1408, AAT×965, AAG×716, GAA×573, CAG×35, AGA×16, ATT×6, GAG×3, CGG×2, ATA×1, TTG×1"
933,nonsynonymous-only,0,1,13,4961,"E×2, K×2, N×2, T×2, I×1, L×1, M×1, Q×1, R×1","AAA×2269, ACA×1319, ATG×584, TTA×351, AGA×298, AAC×108, GAG×12, AAG×9, ATA×4, CAA×3, ACG×2, AAT×1, GAA×1"
934,nonsynonymous-only,0,1,11,4552,"I×2, L×2, V×2, A×1, C×1, K×1, M×1, T×1","AAA×1326, GTG×1290, ATA×763, GTA×577, ATG×240, CTA×220, TTA×98, ACG×15, ATC×14, GCG×6, TGC×3"
935,nonsynonymous-only,0,1,15,2372,"T×3, F×2, L×2, N×2, A×1, I×1, K×1, P×1, R×1, V×1","CCT×1306, ACG×567, CTA×220, CTC×131, AAT×97, AAC×14, ACT×8, TTT×8, CGT×7, AAG×4, ATT×4, GCC×3, ACA×1, GTC×1, TTC×1"
936,nonsynonymous-only,0,1,7,1787,"A×2, F×1, K×1, L×1, T×1, V×1","CTG×1321, AAA×220, TTT×131, ACA×97, GTA×14, GCT×3, GCA×1"
937,nonsynonymous-only,0,1,3,1672,"I×1, L×1, T×1","ATA×946, ACA×595, TTG×131"
938,nonsynonymous-only,0,1,18,5158,"L×3, E×2, K×2, R×2, V×2, A×1, G×1, I×1, M×1, N×1, Q×1, W×1","TGG×1410, TTG×1323, ATA×827, GTA×708, GAG×450, AAA×197, ATG×125, GCA×49, AGA×26, GAA×15, GTG×13, AGG×5, AAT×3, CTA×3, AAG×1, CAA×1, GGA×1, TTA×1"
939,nonsynonymous-only,0,1,12,3746,"L×4, F×2, A×1, G×1, H×1, S×1, V×1, Y×1","TTT×1406, TTA×1363, CTC×825, GCG×127, TCA×7, CAT×5, GGG×4, CTG×3, TAT×3, GTG×1, TTC×1, TTG×1"
940,nonsynonymous-only,0,1,11,3787,"G×2, S×2, A×1, K×1, L×1, M×1, Q×1, T×1, V×1","CAA×1405, AAG×1322, AGT×825, GGA×192, GGG×29, ACC×5, CTG×3, GCC×3, ATG×1, GTA×1, TCA×1"
941,nonsynonymous-only,0,1,17,5163,"D×2, E×2, G×2, H×2, N×2, R×2, Y×2, C×1, F×1, Q×1","CAC×1403, CGC×1321, CAT×831, AAT×709, TAC×451, GAT×224, AAC×131, CAG×49, GGC×15, TAT×14, GAA×5, CGT×3, TGC×3, GAC×1, GAG×1, GGT×1, TTT×1"
942,nonsynonymous-only,0,1,12,5262,"E×2, G×2, K×2, Q×2, D×1, P×1, R×1, W×1","CAA×2127, AAG×1328, TGG×825, GAT×450, AAA×367, GAA×108, AGA×49, CAG×3, GGG×2, CCA×1, GAG×1, GGT×1"
943,nonsynonymous-only,0,1,13,5273,"D×2, K×2, N×2, V×2, E×1, G×1, I×1, M×1, Q×1","CAA×1405, AAG×1328, AAA×825, GAA×825, AAC×452, ATG×237, GAC×126, GGA×51, GTG×18, AAT×2, ATA×2, GAT×1, GTT×1"
944,nonsynonymous-only,0,1,16,5273,"A×4, T×3, I×2, L×2, V×2, P×1, Q×1, S×1","ACC×1401, CCA×1312, ATT×825, TCT×825, GTT×450, ACT×225, ATC×150, GCT×49, TTG×15, CTA×11, GCG×3, ACA×2, GCC×2, CAA×1, GCA×1, GTG×1"
945,nonsynonymous-only,0,1,19,3993,"L×4, A×3, S×3, F×1, G×1, I×1, K×1, Q×1, R×1, T×1, V×1, Y×1","AAA×1405, GCA×1310, TCT×710, CTT×220, CTC×126, TTA×108, TCG×49, TTT×15, ATC×13, GTA×13, AGG×12, GGA×3, TAT×3, ACA×1, AGC×1, CAA×1, CTA×1, GCG×1, GCT×1"
946,nonsynonymous-only,0,1,10,1561,"G×2, I×2, E×1, K×1, N×1, R×1, T×1, V×1","ACA×1177, GGT×217, ATA×144, GTT×12, GAG×3, GGA×3, ATT×2, AAG×1, AAT×1, CGA×1"
947,nonsynonymous-only,0,1,4,1328,"L×2, F×1, Q×1","CTA×1321, TTA×4, TTC×2, CAG×1"
948,nonsynonymous-only,0,1,4,1411,"T×2, K×1, M×1","ACG×1321, ACT×88, AAG×1, ATG×1"
949,nonsynonymous-only,0,1,3,41,"F×1, S×1, Y×1","TCT×37, TAT×3, TTT×1"
950,nonsynonymous-only,0,1,2,4,"G×1, T×1","ACG×3, GGG×1"
951,nonsynonymous-only,0,1,2,4,"R×1, S×1","AGC×3, CGG×1"
952,nonsynonymous-only,0,1,2,4,"F×1, K×1","AAA×3, TTT×1"
954,nonsynonymous-only,0,1,3,453,"L×1, N×1, Y×1","TAT×433, AAT×17, CTT×3"
955,nonsynonymous-only,0,1,4,457,"R×2, A×1, S×1","AGC×450, AGA×3, CGA×3, GCA×1"
956,nonsynonymous-only,0,1,4,457,"R×2, A×1, K×1","AAA×450, AGA×3, CGA×3, GCT×1"
957,nonsynonymous-only,0,1,8,544,"S×2, C×1, F×1, H×1, Q×1, R×1, Y×1","TCC×442, TCA×49, CAA×37, TAC×8, TGT×3, TTT×3, CAC×1, CGT×1"
958,nonsynonymous-only,0,1,8,1847,"L×3, S×3, P×1, T×1","CTA×1312, TCA×450, CTT×63, CCA×9, TCT×6, TTA×4, TCC×2, ACT×1"
959,nonsynonymous-only,0,1,10,1883,"S×3, T×2, A×1, K×1, M×1, V×1, Y×1","ACG×1257, AGC×450, ATG×113, ACC×37, TCT×14, AAA×3, GTT×3, TCC×3, TAT×2, GCT×1"
960,nonsynonymous-only,0,1,10,1846,"L×3, A×1, D×1, E×1, H×1, K×1, N×1, Y×1","AAA×1321, GCC×450, TTG×49, TTA×14, GAT×3, TAT×3, CAT×2, GAA×2, AAC×1, CTA×1"
961,nonsynonymous-only,0,1,11,3123,"C×2, D×1, F×1, H×1, L×1, N×1, Q×1, R×1, S×1, Y×1","CAT×1322, GAT×1264, AGC×450, AAC×49, CGT×14, TTT×12, TAT×3, TGT×3, TTG×3, CAA×2, TGC×1"
962,nonsynonymous-only,0,1,8,3716,"E×2, K×2, D×1, G×1, I×1, R×1","GAA×1510, GGA×937, GAG×691, AAG×499, AGA×37, AAA×33, GAC×6, ATA×3"
963,nonsynonymous-only,0,1,18,4585,"D×2, E×2, K×2, Q×2, T×2, Y×2, G×1, H×1, I×1, L×1, M×1, S×1","ATG×1325, CAC×819, GAA×731, CAA×724, AAA×573, GAG×217, GGT×111, ACG×51, CTC×12, TAC×5, CAG×4, GAC×4, GAT×3, ATA×2, AAG×1, ACA×1, AGC×1, TAT×1"
964,nonsynonymous-only,0,1,15,5035,"L×4, V×3, S×2, Y×2, C×1, E×1, F×1, I×1","CTT×1540, TTT×835, TTA×804, GTA×708, GTG×573, AGT×450, CTC×49, GTT×37, TAT×27, TGC×5, ATT×3, GAA×1, TAC×1, TCA×1, TTG×1"
965,nonsynonymous-only,0,1,17,5009,"L×4, I×2, S×2, V×2, A×1, F×1, M×1, P×1, Q×1, R×1, T×1","ATT×1734, CCG×1321, AGG×825, ATG×693, GTT×220, TCA×108, CTG×49, ACA×39, TTG×5, ATA×3, CTA×3, TTT×3, GTG×2, CAA×1, GCT×1, TCT×1, TTA×1"
966,nonsynonymous-only,0,1,10,4413,"L×2, R×2, E×1, I×1, K×1, N×1, V×1, W×1","CGA×1324, TGG×825, GAA×712, ATA×690, GTA×572, AAT×220, TTA×51, CTA×9, AGA×7, AAA×3"
967,nonsynonymous-only,0,1,16,3689,"A×2, G×2, K×2, R×2, S×2, E×1, F×1, I×1, N×1, V×1, Y×1","GAA×690, GCT×690, AAA×681, GGC×506, CGC×450, AGC×319, TTT×217, TAT×49, AAT×40, GCC×18, AAG×16, ATC×6, TCT×3, AGA×2, GGA×1, GTT×1"
968,nonsynonymous-only,0,1,8,1462,"L×3, F×1, I×1, M×1, R×1, W×1","ATG×690, ATT×572, TTC×108, CTG×49, TGG×37, AGA×3, CTA×2, CTT×1"
969,nonsynonymous-only,0,1,5,1316,"A×1, E×1, G×1, L×1, Q×1","GAA×1263, GGA×48, GCA×3, CAA×1, CTA×1"
970,nonsynonymous-only,0,1,3,576,"F×1, V×1, Y×1","TAT×572, GTG×3, TTT×1"
972,nonsynonymous-only,0,1,2,50,"C×1, R×1","CGC×49, TGT×1"
973,nonsynonymous-only,0,1,10,3182,"A×2, D×2, E×1, K×1, M×1, Q×1, R×1, S×1","GAA×1322, AGT×840, ATG×708, GCT×220, GAC×49, AAA×37, AGG×3, CAA×1, GAT×1, GCA×1"
974,nonsynonymous-only,0,1,6,2945,"K×2, Y×2, N×1, S×1","AAC×1370, TAC×825, TAT×708, AAG×38, AAA×2, AGC×2"
975,nonsynonymous-only,0,1,7,2944,"L×2, F×1, G×1, H×1, Q×1, R×1","CTG×1215, GGC×825, CGT×709, CTA×155, TTT×37, CAC×2, CAG×1"
976,nonsynonymous-only,0,1,5,1572,"L×2, A×1, F×1, W×1","TTA×825, TTT×708, TTG×37, GCA×1, TGG×1"
977,nonsynonymous-only,0,1,4,1534,"Q×2, C×1, R×1","CGT×824, CAG×708, CAA×1, TGT×1"
978,nonsynonymous-only,0,1,4,1534,"C×1, I×1, L×1, V×1","GTA×824, TTG×708, ATA×1, TGC×1"
979,nonsynonymous-only,0,1,2,709,"G×1, H×1","GGG×708, CAT×1"
980,nonsynonymous-only,0,1,2,709,"D×1, E×1","GAA×708, GAT×1"
981,nonsynonymous-only,0,1,5,2253,"F×1, H×1, L×1, M×1, S×1","TCT×1321, CTT×927, CAC×2, TTT×2, ATG×1"
982,nonsynonymous-only,0,1,6,2382,"Y×2, C×1, I×1, V×1, W×1","TAT×2026, TGT×220, TGG×131, TAC×3, ATT×1, GTT×1"
983,nonsynonymous-only,0,1,8,2902,"I×2, L×2, A×1, E×1, G×1, M×1","TTA×1504, GAA×708, CTA×450, ATG×219, GGA×12, ATA×6, ATT×2, GCC×1"
984,nonsynonymous-only,0,1,7,2903,"R×2, G×1, I×1, K×1, N×1, Q×1","GGA×1370, CGG×708, AGA×462, ATT×351, AAA×7, CAA×4, AAT×1"
985,nonsynonymous-only,0,1,11,2450,"L×3, A×2, S×2, F×1, I×1, N×1, P×1","GCG×1321, TTG×365, TTA×344, TTT×223, TCG×131, AAT×49, ATT×12, CCT×2, CTA×1, GCA×1, TCT×1"
986,nonsynonymous-only,0,1,9,2435,"P×3, N×2, A×1, E×1, S×1, Y×1","AAT×798, CCG×702, AAC×524, TAT×220, GAA×131, TCT×49, CCA×7, GCT×3, CCT×1"
987,nonsynonymous-only,0,1,11,2946,"A×3, G×2, V×2, D×1, E×1, K×1, L×1","GAA×2052, GCC×487, GTA×220, GCA×110, AAA×49, GTG×15, GCT×6, GGG×3, GGC×2, CTG×1, GAC×1"
988,nonsynonymous-only,0,1,9,2947,"I×3, G×2, D×1, N×1, S×1, T×1","ATC×1107, GGT×1029, AGT×237, ATT×216, GAT×144, GGC×115, AAT×49, ATA×49, ACC×1"
989,nonsynonymous-only,0,1,8,2900,"L×3, F×2, C×1, P×1, Y×1","CCT×1321, TTA×709, TGC×450, CTT×222, TAT×152, TTT×40, TTC×3, TTG×3"
990,nonsynonymous-only,0,1,11,2887,"N×2, P×2, S×2, E×1, H×1, L×1, Q×1, T×1","TCA×1324, AAC×682, GAA×488, ACC×220, CCG×123, AAT×31, CCA×8, CTT×6, AGT×3, CAA×1, CAT×1"
991,nonsynonymous-only,0,1,14,2900,"S×3, I×2, L×2, T×2, A×1, F×1, M×1, P×1, W×1","AGT×1321, ACT×715, TCG×450, TTT×220, TTG×122, ATA×37, ATT×12, TTA×8, ACA×5, ATG×3, GCG×3, CCT×2, TCA×1, TGG×1"
992,nonsynonymous-only,0,1,7,2900,"I×2, V×2, F×1, L×1, M×1","ATT×2525, GTA×220, TTC×131, ATC×15, GTT×7, ATG×1, TTG×1"
993,nonsynonymous-only,0,1,13,2885,"L×3, V×3, F×2, K×2, E×1, M×1, S×1","ATG×1327, GTG×709, TTA×451, AAG×136, TTG×125, AAA×84, TCC×36, CTA×8, GAG×3, GTT×3, GTC×1, TTC×1, TTT×1"
994,nonsynonymous-only,0,1,6,1715,"D×1, G×1, I×1, K×1, N×1, S×1","ATT×1323, GGT×220, AAA×131, AAT×37, GAC×3, AGT×1"
995,nonsynonymous-only,0,1,8,1764,"D×1, E×1, I×1, M×1, N×1, Q×1, R×1, Y×1","TAT×1323, ATT×219, GAG×131, GAT×49, CAA×37, ATG×3, AAT×1, CGT×1"
996,nonsynonymous-only,0,1,2,40,"L×1, S×1","TCT×37, CTC×3"
998,nonsynonymous-only,0,1,5,1380,"L×2, T×2, M×1","ACG×1319, ACT×49, ATG×8, TTG×3, CTG×1"
999,nonsynonymous-only,0,1,7,1393,"I×2, T×2, A×1, R×1, V×1","ATT×851, ACT×470, GCA×49, ATA×13, ACG×6, AGA×3, GTT×1"
1000,nonsynonymous-only,0,1,8,1846,"K×2, S×2, E×1, L×1, Q×1, V×1","TCA×1321, GAA×302, AAA×149, TCG×49, CAA×12, AAG×6, GTA×6, CTA×1"
1001,nonsynonymous-only,0,1,3,526,"K×2, Q×1","AAA×476, AAG×49, CAG×1"
1002,nonsynonymous-only,0,1,7,526,"N×2, A×1, F×1, S×1, T×1, Y×1","TTT×450, TAT×55, GCT×12, AAC×3, AAT×3, ACT×2, TCT×1"
1003,nonsynonymous-only,0,1,7,520,"F×2, E×1, K×1, L×1, P×1, W×1","CCC×450, TGG×49, TTG×12, GAA×3, TTC×3, AAG×2, TTT×1"
1004,nonsynonymous-only,0,1,6,1843,"K×2, D×1, E×1, G×1, Q×1","CAA×1321, GAA×454, AAG×61, AAA×4, GAC×2, GGA×1"
1005,nonsynonymous-only,0,1,6,1841,"K×2, Q×1, R×1, T×1, W×1","AAG×1371, AGA×450, ACG×14, CAA×3, TGG×2, AAA×1"
1006,nonsynonymous-only,0,1,8,1841,"E×2, G×1, I×1, K×1, M×1, S×1, V×1","ATA×1322, GAG×450, TCA×49, GTA×12, AAG×3, GAA×2, GGA×2, ATG×1"
1007,nonsynonymous-only,0,1,7,1838,"H×1, I×1, K×1, N×1, P×1, S×1, T×1","AAA×1323, CAT×450, ATC×49, AAT×12, ACT×2, AGT×1, CCG×1"
1008,nonsynonymous-only,0,1,7,1843,"V×3, F×1, L×1, M×1, T×1","TTC×1370, ACC×450, ATG×12, GTG×4, GTC×3, GTT×2, TTA×2"
1009,nonsynonymous-only,0,1,4,1843,"L×3, I×1","TTG×1336, TTA×452, ATC×49, CTA×6"
1011,nonsynonymous-only,0,1,3,1371,"I×1, V×1, Y×1","ATT×1321, TAT×49, GTT×1"
1013,nonsynonymous-only,0,1,4,1371,"I×1, L×1, M×1, T×1","ATG×1319, ATA×49, ACG×2, CTG×1"
1014,nonsynonymous-only,0,1,8,2247,"R×2, E×1, I×1, K×1, L×1, T×1, W×1","CTT×1321, ACT×572, CGT×295, GAA×49, CGG×5, TGG×3, AAA×1, ATC×1"
1015,nonsynonymous-only,0,1,15,3773,"V×4, I×2, K×2, L×2, T×2, E×1, G×1, M×1","ATA×1622, GTG×708, GTC×572, GTA×450, TTA×221, GTT×131, ATT×49, GGA×12, ACA×2, AAA×1, AAG×1, ACG×1, ATG×1, GAG×1, TTG×1"
1016,nonsynonymous-only,0,1,10,4465,"E×2, K×2, L×2, I×1, Q×1, T×1, V×1","ACA×1542, AAA×1284, GAG×702, GTA×450, AAG×302, TTA×131, CTA×49, CAA×3, ATA×1, GAA×1"
1017,nonsynonymous-only,0,1,9,4466,"K×2, N×2, T×2, E×1, Q×1, V×1","AAG×2823, AAC×961, AAT×432, ACA×221, AAA×23, ACG×3, CAG×1, GAG×1, GTG×1"
1018,nonsynonymous-only,0,1,16,4467,"A×3, D×2, E×2, K×2, S×2, V×2, N×1, Q×1, Y×1","GAA×2030, GAC×751, AGT×690, GAG×450, AAA×295, GCT×217, AAG×14, CAG×7, AAT×3, GCC×3, GTT×2, AGC×1, GAT×1, GCA×1, GTA×1, TAT×1"
1019,nonsynonymous-only,0,1,15,3755,"I×3, V×3, F×2, L×2, C×1, K×1, M×1, Q×1, T×1","AAG×1321, CAA×1262, TTT×466, ATG×296, TTC×208, ATC×123, TTG×49, ATT×12, GTC×8, GTT×4, ATA×2, ACT×1, CTA×1, GTA×1, TGC×1"
1020,nonsynonymous-only,0,1,4,2635,"I×2, P×1, V×1","ATA×1371, GTG×690, ATT×572, CCA×2"
1029,nonsynonymous-only,0,1,5,1373,"K×1, N×1, Q×1, R×1, S×1","AAA×1321, CAG×49, AAC×1, AGT×1, CGA×1"
1030,nonsynonymous-only,0,1,5,1373,"D×1, I×1, K×1, N×1, V×1","GAC×1321, GTT×49, AAG×1, AAT×1, ATC×1"
1031,nonsynonymous-only,0,1,5,1373,"G×1, H×1, K×1, Q×1, R×1","CAA×1320, GGA×49, CAC×2, AAA×1, CGA×1"
1032,synonymous-only,1,0,2,1323,I×2,"ATC×1319, ATT×4"
1033,synonymous-only,1,0,2,1322,I×2,"ATC×1274, ATT×48"
1034,nonsynonymous-only,0,1,2,1322,"K×1, Y×1","TAT×1321, AAA×1"
1035,nonsynonymous-only,0,1,2,1371,"F×1, S×1","TCT×1370, TTC×1"
1036,nonsynonymous-only,0,1,3,1371,"D×1, G×1, V×1","GAT×1321, GGT×49, GTT×1"
1038,nonsynonymous-only,0,1,8,2433,"V×2, A×1, D×1, E×1, Q×1, R×1, W×1","GCG×818, AGA×690, GAA×572, GTT×295, CAA×49, GTG×7, GAT×1, TGG×1"
1039,nonsynonymous-only,0,1,7,2434,"T×2, A×1, D×1, I×1, S×1, V×1","ACT×820, AGC×690, GCC×572, ATT×301, ACC×49, GAT×1, GTC×1"
1040,nonsynonymous-only,0,1,13,3980,"C×2, P×2, S×2, F×1, H×1, K×1, L×1, M×1, R×1, Y×1","TGT×1022, TGC×825, TTT×718, AGT×690, TCT×344, CAT×220, CCA×131, CGT×12, TAT×12, CTA×3, AAA×1, ATG×1, CCT×1"
1041,nonsynonymous-only,0,1,14,6258,"L×6, R×3, Q×2, F×1, P×1, T×1","CTG×2325, TTG×1979, CGA×794, CAG×454, TTT×295, CCA×221, TTA×136, CAA×29, CTA×8, ACT×6, AGA×3, CTC×3, CTT×3, CGT×2"
1042,nonsynonymous-only,0,1,21,8275,"R×3, A×2, E×2, L×2, V×2, Y×2, G×1, I×1, K×1, M×1, P×1, Q×1, S×1, W×1","CTG×4396, GTG×2162, GAG×452, TGG×386, TAT×283, GCG×207, CGG×186, GAA×133, GCA×16, TAC×15, GTA×12, GGT×6, TCA×5, CAG×4, AAG×3, ATA×3, CCG×2, AGA×1, ATG×1, CGA×1, TTG×1"
1043,nonsynonymous-only,0,1,13,8290,"D×2, E×2, K×2, V×2, A×1, G×1, I×1, M×1, Q×1","GAA×2954, AAA×2388, GGT×1262, GAG×504, GCG×376, GTG×370, GTA×280, ATG×132, CAG×13, GAC×6, ATT×3, AAG×1, GAT×1"
1044,nonsynonymous-only,0,1,16,8383,"R×4, E×2, K×2, Q×2, G×1, H×1, N×1, S×1, T×1, V×1","AAG×2471, AGG×1405, AAA×1313, CAA×1312, CAT×690, CGC×572, AGA×345, ACA×235, GAG×13, CGA×9, GAA×8, AAC×4, GTC×3, AGC×1, CAG×1, GGA×1"
1045,nonsynonymous-only,0,1,11,2616,"I×2, K×2, D×1, E×1, H×1, N×1, Q×1, S×1, Y×1","CAG×825, GAA×690, TAT×569, ATT×222, AAA×123, CAT×111, GAC×49, AAT×17, AAG×8, AGT×1, ATA×1"
1046,nonsynonymous-only,0,1,9,2749,"I×2, P×2, F×1, L×1, N×1, S×1, V×1","CCC×1319, ATT×690, TCG×680, AAC×49, ATA×5, GTT×3, CCA×1, CTC×1, TTT×1"
1047,nonsynonymous-only,0,1,2,1370,"A×1, V×1","GCT×1321, GTT×49"
1050,nonsynonymous-only,0,1,5,1365,"L×2, A×1, M×1, V×1","GTG×1315, CTG×37, GCG×6, ATG×5, TTG×2"
1051,nonsynonymous-only,0,1,6,2190,"V×2, L×1, P×1, Q×1, R×1","GTT×2145, CCA×37, CAG×5, CGG×1, GTC×1, TTG×1"
1052,nonsynonymous-only,0,1,8,6378,"H×2, Q×2, E×1, K×1, R×1, Y×1","CAA×5340, CAG×576, GAA×280, CAC×123, TAT×49, CGC×8, AAA×1, CAT×1"
1053,nonsynonymous-only,0,1,15,6186,"R×6, L×2, C×1, G×1, I×1, Q×1, S×1, T×1, W×1","TGG×1894, TTA×1563, ATT×825, CGG×735, CGT×673, TGT×280, AGG×97, GGC×49, TCA×37, CTT×15, ACT×6, CAA×6, AGA×3, CGC×2, CGA×1"
1054,nonsynonymous-only,0,1,11,5530,"T×3, I×2, A×1, K×1, L×1, M×1, R×1, V×1","ACG×1545, ACT×1404, ATG×1321, GCG×832, ATA×317, ACA×68, GTG×35, AAG×3, TTA×3, AGA×1, ATT×1"
1055,nonsynonymous-only,0,1,13,5310,"L×3, P×2, T×2, V×2, I×1, M×1, Q×1, S×1","CTA×1562, CAA×1428, CCA×1298, CCG×824, TCA×97, CTC×49, GTG×37, ACG×5, ATG×3, GTA×3, CTG×2, ACT×1, ATT×1"
1056,nonsynonymous-only,0,1,8,1551,"L×2, P×2, S×2, Q×1, V×1","TCA×1308, TTA×147, TCT×49, GTG×37, CAA×5, TTG×3, CCA×1, CCG×1"
1057,nonsynonymous-only,0,1,8,1417,"F×2, L×2, I×1, P×1, Q×1, R×1","CCT×826, CTT×495, TTT×49, AGG×37, CAA×5, TTA×3, ATT×1, TTC×1"
1058,nonsynonymous-only,0,1,6,1367,"I×1, L×1, M×1, P×1, R×1, S×1","ATG×1321, CTA×36, TCG×5, AGA×3, ATA×1, CCA×1"
1059,nonsynonymous-only,0,1,4,1654,"C×2, Y×2","TGC×1600, TGT×52, TAC×1, TAT×1"
1060,nonsynonymous-only,0,1,8,2282,"D×1, E×1, F×1, K×1, P×1, R×1, S×1, W×1","CGA×1405, CCA×299, GAA×280, TCA×274, AAA×15, GAT×5, TTT×3, TGG×1"
1061,nonsynonymous-only,0,1,9,3643,"L×4, E×1, F×1, I×1, K×1, V×1","AAG×1405, TTG×1322, TTA×572, GAA×280, TTT×37, ATT×20, CTG×3, GTA×3, CTT×1"
1062,nonsynonymous-only,0,1,18,7577,"L×4, P×2, Q×2, A×1, C×1, D×1, E×1, F×1, H×1, K×1, N×1, R×1, Y×1","GAT×1564, TTA×1405, CAT×1373, AAT×1105, CTT×711, TGT×572, CTA×451, TTC×220, TAT×97, CCT×37, AAG×15, GAA×12, CTG×5, CAA×3, GCT×3, CAG×2, CCA×1, CGC×1"
1063,nonsynonymous-only,0,1,7,7485,"L×3, S×2, P×1, W×1","TTG×3339, TTA×2507, CTG×844, TCA×748, TGG×37, TCG×8, CCG×2"
1064,nonsynonymous-only,0,1,2,573,"P×1, W×1","TGG×572, CCG×1"
1065,nonsynonymous-only,0,1,2,573,"F×1, L×1","CTT×572, TTT×1"
1069,nonsynonymous-only,0,1,2,572,"I×1, V×1","ATT×303, GTT×269"
1070,nonsynonymous-only,0,1,2,572,"G×1, R×1","AGA×570, GGA×2"
1071,nonsynonymous-only,0,1,2,572,"K×1, W×1","TGG×571, AAA×1"
1072,nonsynonymous-only,0,1,3,573,"C×1, I×1, R×1","CGT×557, TGT×15, ATT×1"
1073,nonsynonymous-only,0,1,16,7585,"A×2, K×2, Q×2, R×2, S×2, C×1, E×1, G×1, T×1, W×1, Y×1","TGC×1562, TCA×1419, TGG×1321, AAA×1121, ACG×620, GCA×572, CAG×463, GAA×220, CGA×97, GCG×90, AGA×49, TCG×41, CAA×6, AAG×2, GGG×1, TAC×1"
1074,nonsynonymous-only,0,1,16,7585,"C×2, G×2, I×2, S×2, D×1, F×1, H×1, L×1, N×1, R×1, T×1, V×1","TGT×1563, GTT×1502, GAT×1321, CAT×816, CTT×708, AAT×638, AGC×463, TTT×280, AGT×221, GGC×36, ACT×11, CGT×9, ATA×6, ATT×6, TGC×3, GGT×2"
1075,nonsynonymous-only,0,1,12,7521,"S×4, F×2, I×2, A×1, L×1, N×1, Y×1","TCT×1564, ATC×1405, TTC×1321, ATT×1197, AGC×916, TCC×572, AAT×451, GCT×37, TTT×27, TTG×15, AGT×14, TAT×2"
1076,nonsynonymous-only,0,1,14,7521,"I×2, L×2, C×1, D×1, F×1, H×1, K×1, P×1, R×1, T×1, V×1, Y×1","TTG×2960, CAT×1341, CCT×1319, TTT×738, ATT×708, AGG×215, TAT×167, ATA×49, GAT×12, AAG×5, CTT×3, ACT×2, GTT×1, TGT×1"
1077,nonsynonymous-only,0,1,14,5859,"S×4, A×2, C×2, K×2, E×1, F×1, Q×1, Y×1","TCC×1395, TGT×1369, TAC×1002, GAA×789, TGC×537, AAA×447, CAA×284, AAG×18, AGT×6, TTC×5, GCG×3, AGC×2, GCA×1, TCT×1"
1078,nonsynonymous-only,0,1,12,5067,"G×2, K×2, T×2, E×1, H×1, N×1, R×1, S×1, Y×1","ACC×1406, TAC×1351, ACA×708, AAA×610, AGA×475, TCA×280, GGA×200, AAG×12, AAC×10, CAC×10, GAA×3, GGG×2"
1079,nonsynonymous-only,0,1,16,5073,"S×4, E×2, K×2, A×1, C×1, F×1, L×1, N×1, R×1, T×1, Y×1","TAC×1610, AAG×1321, AGC×707, AGG×578, TGC×453, GAA×280, TTG×49, TCG×37, ACC×12, TTC×12, TCC×7, AAA×3, AAC×1, AGT×1, GAG×1, GCG×1"
1080,nonsynonymous-only,0,1,19,5209,"E×2, I×2, K×2, R×2, S×2, T×2, A×1, N×1, P×1, Q×1, V×1, W×1, Y×1","AGC×1405, TAT×1321, AGA×711, AAA×666, ACG×621, AAT×281, GAA×123, TCC×37, AAG×16, GAG×8, TGG×7, CAA×3, GTG×3, CGA×2, ACC×1, ATA×1, ATT×1, CCG×1, GCC×1"
1081,nonsynonymous-only,0,1,10,5224,"C×2, D×2, R×2, E×1, H×1, I×1, N×1","GAT×2612, AAT×1471, GAA×572, ATT×317, CGC×112, TGC×108, CAT×17, GAC×8, TGT×5, CGT×2"
1082,nonsynonymous-only,0,1,16,5169,"L×3, S×2, A×1, C×1, D×1, F×1, N×1, P×1, Q×1, R×1, T×1, V×1, Y×1","TAT×2726, TGT×1244, CCT×660, CAG×280, GTT×131, TTT×41, TCT×40, ACT×20, TCC×15, CTA×3, TTG×3, TTA×2, AAT×1, CGT×1, GAT×1, GCG×1"
1083,nonsynonymous-only,0,1,14,5169,"A×2, N×2, V×2, C×1, D×1, E×1, F×1, I×1, K×1, Q×1, Y×1","GCC×1389, GAT×1321, TAT×1295, TTT×572, CAA×277, GAA×220, ATT×38, AAT×31, GCT×15, TGT×5, AAA×3, AAC×1, GTC×1, GTT×1"
1084,nonsynonymous-only,0,1,13,5168,"F×2, S×2, A×1, G×1, I×1, L×1, N×1, P×1, V×1, W×1, Y×1","ATT×1409, TGG×1320, TTT×857, TTA×572, TAT×451, TTC×280, AAC×220, GGT×37, GTT×18, CCA×1, GCC×1, TCA×1, TCT×1"
1085,nonsynonymous-only,0,1,9,3650,"D×2, N×2, F×1, M×1, S×1, V×1, Y×1","ATG×1405, GAT×1208, TTT×573, GAC×137, TCA×131, AAT×114, AAC×44, TAC×26, GTC×12"
1086,nonsynonymous-only,0,1,2,1321,"H×1, Y×1","TAT×1198, CAT×123"
1089,nonsynonymous-only,0,1,2,1322,"F×1, Y×1","TAC×1321, TTC×1"
1090,nonsynonymous-only,0,1,3,1371,"L×2, F×1","TTC×1321, CTC×49, CTA×1"
1091,nonsynonymous-only,0,1,2,1322,"C×1, N×1","TGT×1321, AAT×1"
1100,nonsynonymous-only,0,1,2,1322,"I×1, K×1","ATT×1321, AAA×1"
1101,nonsynonymous-only,0,1,4,1372,"E×2, G×1, K×1","GAG×1321, GGA×49, AAG×1, GAA×1"
1102,nonsynonymous-only,0,1,5,1372,"R×2, L×1, Q×1, S×1","CGG×1228, CGA×93, CAG×49, AGC×1, CTT×1"
1103,nonsynonymous-only,0,1,8,1397,"L×3, A×1, C×1, Q×1, T×1, Y×1","ACC×1321, CTT×49, TTG×9, CAG×8, TGT×5, TAT×3, CTG×1, GCG×1"
1104,nonsynonymous-only,0,1,9,2586,"K×2, N×2, I×1, M×1, R×1, S×1, T×1","AAA×1373, ATA×572, AAT×280, AAC×177, AAG×131, AGC×44, ATG×5, AGA×3, ACA×1"
1105,nonsynonymous-only,0,1,8,2326,"G×2, E×1, F×1, L×1, R×1, S×1, Y×1","GAA×1326, TTA×827, GGG×131, TAT×15, TCA×15, GGA×6, CGA×3, TTC×3"
1106,nonsynonymous-only,0,1,18,5342,"G×3, E×2, I×2, K×2, S×2, T×2, A×1, D×1, F×1, M×1, N×1","ATC×1321, ACC×1083, GGC×707, GAA×689, AAA×573, AGC×454, GCC×280, AGT×134, ATT×50, AAT×16, ACA×15, TTT×7, AAG×5, GGG×3, GAG×2, ATG×1, GAC×1, GGT×1"
1107,nonsynonymous-only,0,1,17,5062,"K×2, N×2, S×2, D×1, E×1, F×1, G×1, I×1, L×1, Q×1, R×1, T×1, V×1, Y×1","AAT×1677, GGT×1327, GAC×708, AAA×375, AAG×315, CAG×301, AGC×204, AAC×64, AGG×49, ACC×15, CTT×12, TAC×6, GAG×5, AGT×1, ATT×1, GTT×1, TTT×1"
1108,nonsynonymous-only,0,1,17,5211,"L×3, F×2, I×2, N×2, S×2, C×1, Q×1, R×1, T×1, V×1, Y×1","TTC×1941, ATC×1079, AGA×825, GTC×572, TGC×453, ATT×242, AAT×49, ACC×21, CTC×9, AGC×5, TCC×5, CTT×3, CAG×2, TAC×2, AAC×1, TTG×1, TTT×1"
1109,nonsynonymous-only,0,1,18,5197,"I×2, K×2, L×2, Q×2, C×1, E×1, F×1, G×1, N×1, P×1, R×1, S×1, V×1, W×1","CTG×1321, AAG×831, AAA×694, TGC×574, ATT×572, ATC×451, GTT×280, AAC×234, CGC×134, GAA×49, TTC×37, CAA×12, AGC×3, CAG×1, CCA×1, GGG×1, TGG×1, TTG×1"
1110,nonsynonymous-only,0,1,10,4399,"N×2, P×2, C×1, F×1, I×1, K×1, R×1, Y×1","ATT×1985, AAA×1870, TAT×487, AAC×37, CCT×6, CCA×5, AAT×3, CGT×3, TTT×2, TGT×1"
1111,nonsynonymous-only,0,1,12,3647,"A×3, G×2, D×1, I×1, K×1, L×1, N×1, R×1, S×1","GCG×1298, GGA×719, ATA×690, AAC×572, AGA×273, GGC×49, GCA×22, TTA×14, GAT×5, AAA×3, GCC×1, TCA×1"
1112,nonsynonymous-only,0,1,16,4057,"L×3, R×3, K×2, N×2, S×2, C×1, F×1, I×1, Q×1","TTA×1269, CGA×709, AAG×690, AGG×572, TCC×452, ATC×220, AGT×49, CTA×39, AGA×30, TTG×13, AAC×6, TTC×3, AAT×2, AAA×1, CAA×1, TGT×1"
1113,nonsynonymous-only,0,1,8,2613,"G×2, I×1, K×1, N×1, R×1, S×1, Y×1","GGA×1354, AAA×748, AGA×458, AAT×19, GGG×17, TAT×13, ATT×3, AGC×1"
1114,nonsynonymous-only,0,1,13,2895,"I×3, A×2, K×2, D×1, F×1, L×1, N×1, P×1, Y×1","GCT×1321, GAC×708, ATA×572, GCA×171, CCA×49, AAA×39, TTT×15, ATT×6, ATC×5, AAC×4, TTG×3, AAG×1, TAC×1"
1115,nonsynonymous-only,0,1,13,2933,"R×3, I×2, Q×2, A×1, G×1, L×1, S×1, V×1, Y×1","CGT×1321, CGA×708, TTA×572, GCA×220, ATT×49, TAC×37, CAA×15, AGT×3, ATC×3, CAG×2, AGA×1, GGG×1, GTT×1"
1116,nonsynonymous-only,0,1,12,3347,"K×2, A×1, D×1, F×1, G×1, L×1, N×1, R×1, S×1, T×1, V×1","AAA×1371, AGA×708, TTT×572, GTA×450, GGA×214, AAT×15, TCA×5, GCA×4, GAT×3, TTA×3, AAG×1, ACA×1"
1117,nonsynonymous-only,0,1,10,2364,"R×2, T×2, A×1, D×1, E×1, G×1, K×1, L×1","AAA×2066, GGA×184, AGG×49, AGA×36, GAA×18, ACA×7, ACG×1, GAT×1, GCA×1, TTA×1"
1118,nonsynonymous-only,0,1,9,3382,"S×2, A×1, D×1, E×1, G×1, I×1, T×1, Y×1","GAT×1321, AGT×977, TAT×573, ACT×450, GAA×49, ATT×5, AGC×3, GGT×3, GCT×1"
1119,nonsynonymous-only,0,1,8,2746,"A×1, F×1, I×1, P×1, S×1, T×1, V×1, Y×1","ATT×1322, GTT×708, ACA×466, TCA×208, TTT×37, CCA×3, GCT×1, TAT×1"
1120,nonsynonymous-only,0,1,12,2746,"T×4, A×1, E×1, G×1, I×1, K×1, R×1, S×1, V×1","ACC×1319, ACA×702, AAA×450, GCC×156, GTC×65, ATC×37, ACG×6, AGA×3, GAA×3, ACT×2, GGA×2, AGT×1"
1121,nonsynonymous-only,0,1,8,1205,"G×2, R×2, K×1, N×1, P×1, Y×1","AGA×708, GGC×453, CCT×37, TAT×3, AAC×1, AAG×1, CGC×1, GGT×1"
1122,nonsynonymous-only,0,1,8,1425,"F×2, L×2, E×1, I×1, P×1, S×1","AGT×708, TTT×454, CCC×138, CTC×69, ATT×40, TTC×13, CTT×2, GAA×1"
1126,nonsynonymous-only,0,1,3,7,"I×1, M×1, V×1","ATA×3, ATG×3, GTC×1"
1127,nonsynonymous-only,0,1,2,7,"M×1, S×1","ATG×6, AGT×1"
1128,nonsynonymous-only,0,1,3,7,"S×2, Q×1","CAA×3, TCT×3, TCA×1"
1129,nonsynonymous-only,0,1,3,7,"A×1, F×1, S×1","GCT×3, TCT×3, TTT×1"
1132,nonsynonymous-only,0,1,2,575,"F×1, L×1","CTT×572, TTT×3"
1133,nonsynonymous-only,0,1,2,575,"L×1, S×1","TCT×572, CTT×3"
1134,synonymous-only,1,0,2,575,L×2,"TTG×572, CTT×3"
1135,nonsynonymous-only,0,1,2,575,"R×1, S×1","AGG×572, AGT×3"
1136,nonsynonymous-only,0,1,2,575,"F×1, N×1","AAC×572, TTT×3"
1137,nonsynonymous-only,0,1,2,575,"M×1, P×1","ATG×572, CCG×3"
1139,nonsynonymous-only,0,1,2,572,"Q×1, R×1","CAG×564, CGG×8"
1140,nonsynonymous-only,0,1,3,1265,"F×1, L×1, S×1","TTC×690, TCC×572, TTG×3"
1141,nonsynonymous-only,0,1,8,1304,"L×3, H×2, F×1, P×1, S×1","CCC×689, CAT×567, CTG×37, CAC×5, CTT×3, TCC×1, TTG×1, TTT×1"
1142,nonsynonymous-only,0,1,13,3740,"K×2, R×2, S×2, G×1, I×1, M×1, N×1, Q×1, T×1, V×1","GGG×1289, CAA×1160, AAA×727, ATA×280, ACG×216, GTG×32, AGA×10, AAG×7, AGG×7, ATG×4, AGT×3, TCT×3, AAT×2"
1143,nonsynonymous-only,0,1,17,4326,"R×3, N×2, V×2, C×1, D×1, E×1, F×1, H×1, I×1, K×1, L×1, S×1, Y×1","TGT×1322, AAA×694, ATC×690, TCT×574, TAT×454, TTT×301, AAC×220, GTT×37, AGA×7, GAA×7, GAT×7, AAT×4, CTT×3, GTA×3, CAT×1, CGA×1, CGT×1"
1144,nonsynonymous-only,0,1,13,4312,"L×4, F×2, S×2, A×1, I×1, R×1, T×1, V×1","TCG×1081, TTT×708, TTG×692, CTT×690, ACA×572, TTC×280, GTA×187, CTA×38, GCA×33, TTA×21, TCA×6, ATA×3, CGG×1"
1145,nonsynonymous-only,0,1,14,6421,"A×2, K×2, S×2, T×2, I×1, L×1, M×1, N×1, P×1, R×1","ATG×1775, AAG×1564, AAA×1306, AGG×822, ACC×708, CCA×187, TCA×33, AAT×13, AGT×6, GCT×3, ACA×1, ATA×1, GCG×1, TTG×1"
1146,nonsynonymous-only,0,1,13,4446,"H×2, K×2, P×2, Q×2, D×1, E×1, I×1, L×1, R×1","AAA×1551, CCG×1321, CAC×603, CAA×579, GAA×222, CAT×103, CAG×38, GAC×12, AGG×7, AAG×6, CTC×2, ATA×1, CCA×1"
1147,nonsynonymous-only,0,1,13,6707,"E×2, G×2, K×2, N×2, D×1, H×1, R×1, S×1, T×1","AAT×2931, AAA×1313, AGT×953, AAC×690, GAA×452, GAG×280, AGA×61, AAG×14, GAT×7, GGC×3, ACA×1, CAT×1, GGA×1"
1148,nonsynonymous-only,0,1,15,4313,"L×3, K×2, N×2, R×2, G×1, I×1, P×1, Q×1, T×1, W×1","CTG×1312, AAG×710, CTA×690, ACG×572, AAA×450, TGG×280, AAT×220, CAG×49, CCG×10, AAC×6, ATA×6, AGA×3, CGA×3, GGG×1, TTG×1"
1149,nonsynonymous-only,0,1,17,3755,"L×3, T×3, R×2, S×2, V×2, F×1, I×1, M×1, N×1, W×1","CTA×1321, TTG×708, TGG×688, ACA×453, AAT×233, GTG×219, GTA×61, TTA×49, AGG×6, TTT×4, ACG×3, ACT×3, ATT×3, AGC×1, ATG×1, CGG×1, TCA×1"
1150,nonsynonymous-only,0,1,15,4277,"S×3, V×3, R×2, T×2, D×1, F×1, G×1, I×1, N×1","TTT×1324, ACT×712, AGA×689, CGA×572, GTT×454, AGT×293, AGC×178, GGT×30, AAT×12, ATT×6, ACA×3, GAT×1, GTA×1, GTG×1, TCT×1"
1151,nonsynonymous-only,0,1,5,797,"C×1, D×1, E×1, I×1, K×1","TGT×572, GAA×220, ATA×3, AAA×1, GAT×1"
1152,nonsynonymous-only,0,1,6,1546,"Q×2, A×1, V×1, W×1, Y×1","GCG×1198, CAA×217, GTG×123, CAG×3, TAT×3, TGG×2"
1153,nonsynonymous-only,0,1,2,1373,"I×1, L×1","TTG×1370, ATA×3"
1154,nonsynonymous-only,0,1,2,1324,"P×1, V×1","CCT×1321, GTC×3"
1155,nonsynonymous-only,0,1,3,1373,"H×1, L×1, S×1","CTG×1321, CAC×49, TCC×3"
1160,nonsynonymous-only,0,1,4,1374,"V×3, F×1","TTC×1321, GTC×49, GTT×3, GTA×1"
1161,nonsynonymous-only,0,1,6,1393,"L×3, P×1, T×1, Y×1","TTG×1321, TAT×49, CTA×12, ACA×6, TTA×3, CCG×2"
1162,nonsynonymous-only,0,1,8,1395,"A×2, I×2, M×1, P×1, T×1, V×1","GTG×1321, CCA×49, ATC×12, GCA×6, GCT×3, ACA×2, ATG×1, ATT×1"
1163,nonsynonymous-only,0,1,10,3391,"L×4, F×2, P×1, Q×1, S×1, W×1","TTG×1319, TTA×1051, TTT×707, CTG×220, CAG×49, TCC×37, TGG×3, TTC×3, CCA×1, CTT×1"
1164,nonsynonymous-only,0,1,8,1573,"L×2, C×1, E×1, F×1, S×1, T×1, W×1","TGG×709, TTA×587, TGT×220, TTG×40, GAA×12, TCA×3, ACT×1, TTT×1"
1165,nonsynonymous-only,0,1,12,2936,"L×4, E×1, I×1, P×1, Q×1, R×1, S×1, T×1, Y×1","TTG×1360, TTA×713, CCG×572, CAA×207, CTG×37, TCG×14, ATA×13, CGA×13, CTA×3, GAA×2, ACA×1, TAT×1"
1166,nonsynonymous-only,0,1,16,3337,"P×3, F×2, L×2, R×2, V×2, C×1, D×1, H×1, I×1, S×1","CCT×1208, CTC×1161, GTC×569, CGT×207, CTT×113, TTC×37, CAT×13, ATT×12, CCC×4, CCA×3, GAC×3, CGC×2, TGT×2, GTT×1, TCC×1, TTT×1"
1167,nonsynonymous-only,0,1,8,3165,"F×2, I×2, V×2, A×1, T×1","TTC×1407, ATC×1171, GTT×560, GCT×13, ACC×5, ATA×4, TTT×3, GTC×2"
1170,nonsynonymous-only,0,1,2,2,"A×1, F×1","GCA×1, TTC×1"
1171,nonsynonymous-only,0,1,11,1883,"R×3, I×2, C×1, D×1, E×1, L×1, N×1, V×1","CGC×1321, ATC×450, GAT×49, TGT×37, ATA×14, AAT×3, AGA×3, GTC×3, AGG×1, GAA×1, TTA×1"
1172,nonsynonymous-only,0,1,10,2592,"Q×2, D×1, E×1, I×1, K×1, N×1, R×1, V×1, W×1","AAC×2020, CAG×451, ATC×49, AAA×48, TGG×12, GAC×4, CAA×3, GAA×3, CGT×1, GTC×1"
1173,nonsynonymous-only,0,1,12,2812,"N×2, S×2, Y×2, C×1, H×1, I×1, L×1, P×1, Q×1","ATT×1370, CCT×647, CAT×462, TGT×207, TCT×61, CAA×37, AGT×13, AAT×7, TAC×3, TAT×3, AAC×1, CTT×1"
1174,nonsynonymous-only,0,1,10,2260,"F×2, S×2, A×1, C×1, G×1, I×1, P×1, T×1","TCC×1321, GCG×703, GGA×220, ACG×5, TCA×3, TGT×3, TTC×2, ATA×1, CCC×1, TTT×1"
1175,nonsynonymous-only,0,1,10,2743,"I×2, S×2, D×1, K×1, L×1, N×1, R×1, Y×1","GAT×1283, ATT×708, ATC×450, AGT×220, AAT×39, TAT×37, TCA×3, AAA×1, AGG×1, CTT×1"
1176,nonsynonymous-only,0,1,11,3209,"G×3, C×2, F×1, Q×1, R×1, V×1, W×1, Y×1","CAA×1209, TGT×1157, CGG×544, TGG×248, TTC×37, GGA×4, GTG×3, TGC×3, TAT×2, GGC×1, GGT×1"
1177,nonsynonymous-only,0,1,9,3283,"R×2, C×1, E×1, F×1, G×1, K×1, S×1, Y×1","AGA×1886, TGC×1170, CGC×151, GGA×67, TAT×3, TTC×3, AAA×1, GAG×1, TCA×1"
1178,nonsynonymous-only,0,1,6,2119,"S×2, C×1, F×1, L×1, R×1","AGT×1322, AGG×572, TTC×220, TGT×3, CTT×1, TCA×1"
1179,nonsynonymous-only,0,1,9,3370,"V×2, A×1, D×1, H×1, I×1, N×1, S×1, T×1","AAT×1732, GCT×1170, AGT×223, ACT×150, GTC×49, ATT×37, CAT×6, GTT×2, GAT×1"
1180,nonsynonymous-only,0,1,13,3346,"L×3, C×1, F×1, I×1, P×1, Q×1, R×1, S×1, T×1, V×1, Y×1","CTA×1318, TAT×708, TGT×573, TCT×451, CAG×220, CTT×50, ATT×12, ACT×4, TTA×3, TTT×3, CCA×2, CGG×1, GTA×1"
1181,nonsynonymous-only,0,1,9,1332,"L×2, C×1, E×1, F×1, H×1, S×1, W×1, Y×1","CAT×572, TGT×463, TTT×223, GAA×48, TGG×15, CTT×5, TAT×4, AGT×1, TTG×1"
1182,nonsynonymous-only,0,1,12,3397,"Y×2, A×1, C×1, D×1, F×1, G×1, H×1, L×1, P×1, R×1, S×1","CCT×1321, CTT×1022, TTT×708, GAT×210, CAT×48, AGT×37, TAT×18, GCA×15, AGA×12, TGT×3, TAC×2, GGT×1"
1183,nonsynonymous-only,0,1,12,3394,"G×2, C×1, D×1, E×1, F×1, K×1, L×1, N×1, R×1, T×1, V×1","GAC×1321, AAA×708, AGA×588, GTC×450, TGC×220, GGT×48, AAT×37, ACA×12, GAG×3, TTC×3, CTC×2, GGA×2"
1184,nonsynonymous-only,0,1,6,1133,"K×1, L×1, P×1, R×1, S×1, W×1","TCA×627, AGA×498, AAA×3, TTA×3, CCA×1, TGG×1"
1185,nonsynonymous-only,0,1,12,3051,"V×3, A×1, E×1, F×1, G×1, K×1, L×1, N×1, P×1, R×1","TTT×1322, GTG×707, TTA×688, AAA×220, GTT×49, AAT×37, GTA×16, AGG×4, GAA×3, GCA×3, CCA×1, GGG×1"
1186,nonsynonymous-only,0,1,10,2848,"I×2, L×2, E×1, K×1, M×1, R×1, S×1, V×1","AGA×1321, ATA×689, ATG×569, TCA×220, GTA×37, GAA×3, TTA×3, TTG×3, ATT×2, AAA×1"
1187,nonsynonymous-only,0,1,9,2814,"R×2, D×1, E×1, G×1, K×1, N×1, S×1, V×1","AAA×1321, GAT×689, GAA×572, CGG×220, AGT×4, AAT×3, GTT×3, AGA×1, GGT×1"
1188,nonsynonymous-only,0,1,7,2588,"C×1, D×1, E×1, F×1, G×1, N×1, S×1","TGT×1321, GAA×689, GGA×572, AAC×3, AGT×1, GAT×1, TTT×1"
1189,nonsynonymous-only,0,1,3,2582,"C×1, N×1, Y×1","TGC×1321, AAT×689, TAC×572"
1190,nonsynonymous-only,0,1,2,1321,"H×1, R×1","CAC×1320, CGC×1"
1191,nonsynonymous-only,0,1,5,1325,"L×2, I×1, P×1, V×1","CTT×1312, CCT×8, GTT×3, ATC×1, CTA×1"
1192,nonsynonymous-only,0,1,4,1325,"K×2, Q×1, S×1","AAA×1320, CAG×3, AAG×1, AGT×1"
1193,nonsynonymous-only,0,1,12,2019,"G×3, V×2, A×1, E×1, F×1, I×1, L×1, P×1, S×1","TCC×1319, GGG×299, CTC×220, GGA×151, TTT×12, GTG×6, ATT×3, GAA×3, GCT×3, CCC×1, GGT×1, GTA×1"
1194,nonsynonymous-only,0,1,12,2078,"D×2, L×2, N×2, T×2, G×1, I×1, K×1, V×1","AAT×1323, AAA×450, ACT×220, GGT×48, CTT×12, GAC×9, GTA×6, AAC×3, ATT×3, GAT×2, ACG×1, CTC×1"
1195,nonsynonymous-only,0,1,8,2079,"A×1, E×1, I×1, K×1, M×1, N×1, P×1, S×1","TCA×1368, ATA×680, GCT×12, AAT×6, AAA×5, ATG×4, GAA×3, CCA×1"
1196,nonsynonymous-only,0,1,9,2079,"R×2, V×2, E×1, G×1, K×1, M×1, T×1","CGG×1320, GTA×450, GAA×234, GGA×48, ATG×12, ACG×9, AGG×3, AAA×2, GTG×1"
1197,nonsynonymous-only,0,1,9,2077,"S×2, D×1, E×1, G×1, K×1, N×1, Q×1, Y×1","GAT×1211, GAA×451, CAA×220, AAT×115, TAT×57, AAA×18, AGC×3, AGT×1, GGG×1"
1198,nonsynonymous-only,0,1,10,2068,"L×2, C×1, F×1, H×1, I×1, Q×1, R×1, S×1, Y×1","TAT×1329, CGT×451, CTT×217, CAT×48, TTT×12, ATT×4, CAA×3, AGT×2, TGT×1, TTA×1"
1199,nonsynonymous-only,0,1,9,2068,"G×2, I×2, D×1, F×1, L×1, N×1, Q×1","TTT×1320, GGA×454, CAA×222, AAT×48, GAT×13, ATT×6, GGT×3, ATC×1, CTT×1"
1200,nonsynonymous-only,0,1,12,2070,"T×3, E×2, S×2, Y×2, A×1, D×1, N×1","GAT×1323, AAT×450, ACT×217, GAG×48, TAT×15, TCC×6, ACG×3, TCT×3, TAC×2, ACC×1, GAA×1, GCA×1"
1201,nonsynonymous-only,0,1,14,2022,"S×3, T×2, A×1, C×1, D×1, H×1, L×1, M×1, N×1, R×1, Y×1","TGT×1318, CAT×451, TTG×220, ACT×12, GAT×7, TCC×3, TCT×3, GCT×2, AAT×1, ACC×1, AGT×1, ATG×1, CGT×1, TAT×1"
1202,nonsynonymous-only,0,1,8,2070,"N×2, A×1, D×1, I×1, Q×1, S×1, T×1","AAT×2019, AAC×24, ATT×12, AGT×6, GAT×4, ACT×3, CAG×1, GCG×1"
1203,nonsynonymous-only,0,1,11,704,"E×2, I×2, K×2, A×1, D×1, P×1, Q×1, S×1","GAA×450, CCA×220, AAG×17, ATA×6, ATT×3, GAT×3, AAA×1, AGC×1, CAG×1, GAG×1, GCG×1"
1204,nonsynonymous-only,0,1,13,2067,"H×2, L×2, Y×2, D×1, E×1, I×1, K×1, R×1, S×1, W×1","CAC×1319, TTA×450, GAA×220, TAC×48, TAT×13, ATT×6, AAA×3, TCA×3, CAT×1, CGC×1, CTA×1, GAT×1, TGG×1"
1205,nonsynonymous-only,0,1,12,2067,"I×2, C×1, F×1, K×1, L×1, M×1, N×1, S×1, T×1, V×1, Y×1","AAT×1320, ATG×450, ATC×201, AGT×48, ATT×31, GTA×6, ACA×4, AAA×3, CTC×1, TAT×1, TGT×1, TTT×1"
1206,nonsynonymous-only,0,1,10,2061,"I×2, T×2, A×1, E×1, K×1, L×1, Q×1, S×1","CTT×1320, GCT×450, ATT×216, TCC×48, GAA×19, ACA×4, AAA×1, ACT×1, ATC×1, CAG×1"
1207,nonsynonymous-only,0,1,4,2003,"E×1, I×1, K×1, N×1","AAC×1324, AAA×458, GAG×220, ATC×1"
1208,nonsynonymous-only,0,1,8,1997,"L×2, S×2, V×2, F×1, H×1","CAT×1770, GTA×218, TTA×3, GTG×2, CTT×1, TCA×1, TCT×1, TTT×1"
1209,nonsynonymous-only,0,1,3,1324,"D×1, M×1, R×1","GAT×1320, CGC×3, ATG×1"
1210,nonsynonymous-only,0,1,4,1323,"G×1, R×1, W×1, Y×1","TGG×1320, AGA×1, GGG×1, TAC×1"
1211,nonsynonymous-only,0,1,6,1326,"R×2, C×1, I×1, K×1, W×1","TGG×1318, ATA×3, CGG×2, AAA×1, CGA×1, TGT×1"
1212,nonsynonymous-only,0,1,4,1323,"C×1, I×1, L×1, P×1","CCA×1320, ATT×1, CTA×1, TGC×1"
1214,nonsynonymous-only,0,1,6,1996,"F×2, S×2, C×1, Y×1","TTC×1152, TGT×453, TTT×221, TCC×168, TAT×1, TCG×1"
1215,nonsynonymous-only,0,1,7,2044,"I×2, F×1, L×1, P×1, T×1, W×1","CTG×1321, ATA×450, ATC×220, TTT×48, CCG×3, ACA×1, TGG×1"
1216,nonsynonymous-only,0,1,7,2044,"L×2, H×1, I×1, N×1, P×1, R×1","CCC×1319, AAC×454, CTG×220, ATC×48, AGA×1, CAT×1, CTC×1"
1217,nonsynonymous-only,0,1,4,2043,"E×2, D×1, N×1","GAA×1320, AAT×455, GAC×220, GAG×48"
1218,nonsynonymous-only,0,1,6,2041,"F×1, K×1, L×1, N×1, S×1, W×1","TGG×1770, AAG×220, AAT×48, TCG×1, TTA×1, TTC×1"
1219,nonsynonymous-only,0,1,6,1999,"S×2, C×1, F×1, L×1, Q×1","CAG×1320, TCA×450, TGT×220, CTA×6, TTT×2, TCT×1"
1220,nonsynonymous-only,0,1,5,1826,"P×2, H×1, L×1, R×1","CGA×1329, CTA×452, CCA×38, CAC×6, CCC×1"
1221,nonsynonymous-only,0,1,10,3310,"D×2, G×2, K×2, I×1, L×1, N×1, V×1","AAA×1321, GAT×689, GAC×570, ATT×452, AAT×220, AAG×48, TTG×6, GGC×2, GGA×1, GTT×1"
1222,nonsynonymous-only,0,1,5,3056,"K×2, G×1, I×1, M×1","AAG×1320, AAA×1263, ATG×470, ATA×2, GGA×1"
1223,nonsynonymous-only,0,1,7,3293,"K×2, N×2, R×2, M×1","ATG×1320, AGA×1022, AAA×710, AAG×235, AGG×3, AAT×2, AAC×1"
1224,nonsynonymous-only,0,1,12,2725,"R×3, K×2, L×2, F×1, I×1, M×1, S×1, W×1","CGG×1319, TTA×689, ATG×450, AGG×220, TTT×15, AAA×13, AAG×6, TCC×6, AGA×3, ATT×2, CTG×1, TGG×1"
1225,nonsynonymous-only,0,1,8,2364,"K×2, Q×2, E×1, R×1, S×1, Y×1","CAG×1320, AGT×572, CAA×454, GAA×14, AAA×1, AAG×1, CGA×1, TAT×1"
1226,nonsynonymous-only,0,1,10,2608,"L×4, I×2, F×1, M×1, R×1, S×1","TTG×1332, ATG×1036, CTG×222, TTC×6, ATA×3, ATT×3, CGG×3, CTC×1, CTT×1, TCG×1"
1227,nonsynonymous-only,0,1,6,2071,"D×1, H×1, I×1, L×1, N×1, V×1","CTT×1333, ATT×499, AAT×236, CAT×1, GAT×1, GTT×1"
1228,nonsynonymous-only,0,1,7,1822,"C×2, D×1, G×1, H×1, V×1, Y×1","TAC×1312, GGA×451, TGT×48, TGC×8, CAC×1, GAT×1, GTT×1"
1229,nonsynonymous-only,0,1,6,1822,"G×2, D×1, K×1, S×1, V×1","GTG×1320, GGC×450, GGA×48, GAT×2, AAG×1, AGC×1"
1230,nonsynonymous-only,0,1,4,1778,"L×2, Q×2","CAG×1320, TTG×450, TTA×7, CAA×1"
1231,nonsynonymous-only,0,1,6,1830,"N×2, K×1, R×1, S×1, T×1","AAT×1323, ACA×456, AGA×48, AAA×1, AAC×1, AGC×1"
1232,nonsynonymous-only,0,1,4,458,"K×2, M×1, N×1","ATG×450, AAT×6, AAA×1, AAG×1"
1233,nonsynonymous-only,0,1,4,500,"C×1, K×1, Q×1, S×1","AAA×450, TGT×48, AGT×1, CAA×1"
1234,nonsynonymous-only,0,1,3,451,"S×2, N×1","AGT×299, AAT×151, TCA×1"
1238,nonsynonymous-only,0,1,2,451,"I×1, L×1","ATA×450, CTA×1"
