codon_index,category,syn_changes,nonsyn_changes,n_variants,n_sequences,aa_states,codon_counts
18,nonsynonymous-only,0,1,2,2,"I×1, M×1","ATG×1, ATT×1"
19,nonsynonymous-only,0,1,2,2,"F×1, V×1","GTT×1, TTT×1"
20,nonsynonymous-only,0,1,2,2,"H×1, Y×1","CAT×1, TAT×1"
21,nonsynonymous-only,0,1,2,2,"K×1, T×1","AAA×1, ACT×1"
22,nonsynonymous-only,0,1,2,2,"D×1, E×1","GAA×1, GAC×1"
24,nonsynonymous-only,0,1,2,2,"F×1, K×1","AAA×1, TTT×1"
25,nonsynonymous-only,0,1,2,2,"A×1, E×1","GAA×1, GCT×1"
26,nonsynonymous-only,0,1,2,2,"A×1, V×1","GCA×1, GTA×1"
27,nonsynonymous-only,0,1,2,2,"R×1, W×1","AGA×1, TGG×1"
28,nonsynonymous-only,0,1,2,2,"F×1, S×1","TCT×1, TTC×1"
29,nonsynonymous-only,0,1,2,2,"N×1, Y×1","AAT×1, TAT×1"
30,nonsynonymous-only,0,1,2,2,"S×1, V×1","GTC×1, TCC×1"
32,nonsynonymous-only,0,1,2,2,"Q×1, Y×1","CAA×1, TAC×1"
38,nonsynonymous-only,0,1,2,2,"G×1, I×1","ATT×1, GGC×1"
40,nonsynonymous-only,0,1,2,2,"I×1, S×1","ATC×1, TCT×1"
44,nonsynonymous-only,0,1,2,2,"N×1, V×1","AAT×1, GTT×1"
45,nonsynonymous-only,0,1,2,2,"A×1, D×1","GAT×1, GCT×1"
46,nonsynonymous-only,0,1,2,2,"N×1, T×1","AAT×1, ACA×1"
47,nonsynonymous-only,0,1,2,2,"P×1, Y×1","CCT×1, TAC×1"
49,nonsynonymous-only,0,1,2,2,"G×1, V×1","GGA×1, GTA×1"
53,nonsynonymous-only,0,1,2,2,"N×1, T×1","AAC×1, ACA×1"
54,synonymous-only,1,0,2,2,L×2,"CTG×1, TTA×1"
55,nonsynonymous-only,0,1,2,2,"L×1, P×1","CCA×1, CTC×1"
56,nonsynonymous-only,0,1,2,2,"F×1, L×1","TTC×1, TTG×1"
58,nonsynonymous-only,0,1,2,2,"M×1, T×1","ACC×1, ATG×1"
60,nonsynonymous-only,0,1,2,2,"L×1, T×1","ACG×1, CTA×1"
61,synonymous-only,1,0,2,2,F×2,"TTC×1, TTT×1"
62,nonsynonymous-only,0,1,2,2,"D×1, Y×1","GAT×1, TAC×1"
64,nonsynonymous-only,0,1,2,2,"M×1, S×1","ATG×1, TCG×1"
77,nonsynonymous-only,0,1,2,2,"F×1, I×1","ATT×1, TTT×1"
78,nonsynonymous-only,0,1,2,2,"L×1, S×1","TCA×1, TTA×1"
79,nonsynonymous-only,0,1,2,2,"E×1, V×1","GAG×1, GTG×1"
80,nonsynonymous-only,0,1,2,2,"L×1, Q×1","CAA×1, CTG×1"
81,nonsynonymous-only,0,1,2,2,"R×1, W×1","CGG×1, TGG×1"
82,nonsynonymous-only,0,1,2,2,"E×1, M×1","ATG×1, GAG×1"
87,nonsynonymous-only,0,1,2,2,"F×1, S×1","AGC×1, TTT×1"
89,nonsynonymous-only,0,1,2,2,"D×1, Y×1","GAT×1, TAT×1"
94,nonsynonymous-only,0,1,2,2,"A×1, K×1","AAA×1, GCT×1"
95,nonsynonymous-only,0,1,4,4,"C×1, K×1, R×1, S×1","AAA×1, AGA×1, TCA×1, TGT×1"
96,nonsynonymous-only,0,1,5,684,"V×3, F×2","GTC×680, GTA×1, GTG×1, TTC×1, TTT×1"
97,nonsynonymous-only,0,1,3,684,"G×1, K×1, R×1","AGA×682, AAA×1, GGA×1"
98,nonsynonymous-only,0,1,3,3,"E×1, K×1, R×1","AAA×1, AGA×1, GAA×1"
108,nonsynonymous-only,0,1,2,2,"S×1, Y×1","TAT×1, TCG×1"
109,nonsynonymous-only,0,1,2,2,"E×1, L×1","CTA×1, GAA×1"
110,nonsynonymous-only,0,1,5,1969,"L×2, C×1, Q×1, W×1","TTG×912, TGC×680, TGG×375, CAA×1, TTA×1"
111,nonsynonymous-only,0,1,5,2352,"F×2, N×2, K×1","AAT×1594, AAC×755, AAA×1, TTC×1, TTT×1"
112,nonsynonymous-only,0,1,4,1588,"I×1, P×1, Q×1, R×1","CAA×914, CGA×672, ATT×1, CCC×1"
113,nonsynonymous-only,0,1,4,1595,"F×1, N×1, Q×1, Y×1","CAG×912, TAT×680, TTT×2, AAT×1"
114,nonsynonymous-only,0,1,3,914,"L×1, S×1, T×1","TTA×912, ACC×1, TCA×1"
139,nonsynonymous-only,0,1,2,2,"L×1, S×1","CTT×1, TCT×1"
140,nonsynonymous-only,0,1,2,13,"K×1, N×1","AAA×12, AAT×1"
141,nonsynonymous-only,0,1,8,1982,"K×2, N×2, A×1, I×1, S×1, T×1","ATT×912, AAC×680, AAA×368, AAT×13, AAG×5, GCT×2, ACT×1, AGC×1"
142,nonsynonymous-only,0,1,10,4548,"I×2, T×2, E×1, K×1, M×1, P×1, S×1, V×1","ATG×1666, ACA×912, GTT×755, ATA×697, GAA×371, AGC×141, ATT×3, AAA×1, ACG×1, CCA×1"
143,nonsynonymous-only,0,1,11,3869,"L×5, F×1, I×1, M×1, R×1, S×1, V×1","CTA×1646, TTC×912, GTT×755, CTG×370, TTA×157, CTT×18, TCA×4, ATA×3, ATG×2, CGG×1, TTG×1"
144,nonsynonymous-only,0,1,6,9,"D×2, C×1, E×1, K×1, N×1","AAA×4, AAC×1, GAA×1, GAC×1, GAT×1, TGC×1"
145,nonsynonymous-only,0,1,2,2,"L×1, N×1","AAT×1, TTA×1"
150,nonsynonymous-only,0,1,2,5,"E×1, K×1","AAA×4, GAA×1"
151,nonsynonymous-only,0,1,2,5,"N×1, Q×1","CAA×4, AAT×1"
153,nonsynonymous-only,0,1,3,6,"K×2, R×1","AAA×4, AAG×1, AGG×1"
154,nonsynonymous-only,0,1,3,6,"C×1, F×1, N×1","AAT×4, TGT×1, TTC×1"
155,nonsynonymous-only,0,1,3,6,"E×1, S×1, Y×1","TAT×4, AGT×1, GAA×1"
156,nonsynonymous-only,0,1,14,7736,"T×3, G×2, C×1, I×1, L×1, M×1, N×1, R×1, S×1, V×1, W×1","AAT×1853, ACT×1642, AGT×1288, GTT×1243, ATT×772, ACC×681, ATG×207, TGT×39, CTC×4, AGG×2, GGT×2, ACA×1, GGC×1, TGG×1"
157,nonsynonymous-only,0,1,3,1702,"C×1, R×1, Y×1","TGT×1699, TAT×2, CGT×1"
158,nonsynonymous-only,0,1,2,2,"L×1, T×1","ACA×1, TTA×1"
180,nonsynonymous-only,0,1,2,2,"G×1, R×1","CGT×1, GGT×1"
225,nonsynonymous-only,0,1,15,7798,"R×4, E×2, I×2, K×2, A×1, G×1, L×1, T×1, V×1","ATA×1704, AGA×1653, GGG×1243, AAG×912, AAA×902, ACA×681, GAA×374, GTA×208, TTA×50, AGG×47, ATT×17, CGA×3, GAG×2, CGG×1, GCA×1"
226,nonsynonymous-only,0,1,19,7912,"C×2, F×2, L×2, Q×2, R×2, S×2, Y×2, D×1, E×1, I×1, V×1, W×1","TAC×1800, TTC×1699, GAT×1390, TGG×1345, TGC×816, CAA×372, TAT×252, GTT×140, AGG×50, CAG×17, TGT×12, TTG×8, CTT×3, CGG×2, TCT×2, ATT×1, GAA×1, TCC×1, TTT×1"
227,nonsynonymous-only,0,1,13,8311,"D×2, E×2, K×2, N×2, I×1, L×1, Q×1, R×1, T×1","AAA×3542, AAT×1663, AAG×1063, GAC×757, AAC×704, CTA×336, GAA×145, AGG×77, ATA×19, CAA×2, ACT×1, GAG×1, GAT×1"
228,nonsynonymous-only,0,1,12,4216,"K×2, N×2, Q×2, D×1, L×1, M×1, P×1, S×1, Y×1","AAG×1700, CAG×1238, ATG×680, TAC×372, AAA×164, AGT×39, CCT×12, CAA×6, AAT×2, AAC×1, GAT×1, TTA×1"
229,nonsynonymous-only,0,1,2,2,"S×1, T×1","ACC×1, AGC×1"
230,nonsynonymous-only,0,1,2,2,"R×1, V×1","CGA×1, GTA×1"
231,nonsynonymous-only,0,1,3,3240,"Q×2, E×1","GAA×1699, CAG×913, CAA×628"
232,nonsynonymous-only,0,1,2,1700,"K×1, S×1","AAG×1699, AGT×1"
320,nonsynonymous-only,0,1,3,5,"A×1, I×1, V×1","GCC×2, GTC×2, ATT×1"
334,nonsynonymous-only,0,1,12,8502,"S×2, A×1, C×1, D×1, E×1, H×1, I×1, K×1, N×1, T×1, Y×1","AAT×4757, CAT×1699, AGC×963, AAA×701, TAT×208, GAT×119, TGT×23, AGT×18, ACT×5, ATT×4, GCT×4, GAA×1"
335,nonsynonymous-only,0,1,17,6478,"I×3, T×3, A×2, V×2, D×1, E×1, H×1, L×1, N×1, S×1, W×1","ACT×1700, ATT×1693, ATC×1244, CAT×755, GCC×676, ACA×369, GTT×21, ACC×4, TGG×4, ATA×3, GAA×2, TCT×2, AAC×1, GAC×1, GCT×1, GTA×1, TTG×1"
336,nonsynonymous-only,0,1,15,4207,"V×3, I×2, K×2, L×2, R×2, A×1, M×1, P×1, S×1","TTG×1699, ATA×1638, GTC×680, ATG×121, TCA×48, AAA×5, GCA×4, ATC×3, CGA×3, AAG×1, AGA×1, CCA×1, GTG×1, GTT×1, TTA×1"
337,nonsynonymous-only,0,1,11,4193,"L×4, S×2, K×1, Q×1, R×1, T×1, W×1","CAA×1684, CTG×1637, CGA×696, TCA×116, AAA×50, CTA×4, TTG×2, ACA×1, CTT×1, TCC×1, TGG×1"
338,nonsynonymous-only,0,1,5,1704,"A×1, F×1, I×1, K×1, T×1","ATT×1699, GCA×2, AAG×1, ACA×1, TTT×1"
347,nonsynonymous-only,0,1,2,3,"L×1, M×1","ATG×2, TTG×1"
350,nonsynonymous-only,0,1,13,3623,"G×3, I×2, Y×2, D×1, H×1, K×1, R×1, T×1, V×1","GGC×1612, GGA×756, GGT×711, GTT×372, ACC×116, CAT×48, GAC×2, AAA×1, AGA×1, ATC×1, ATT×1, TAC×1, TAT×1"
351,nonsynonymous-only,0,1,9,2472,"A×1, G×1, H×1, K×1, L×1, R×1, S×1, W×1, Y×1","GGA×1640, TTA×680, TCA×118, TAT×28, GCA×2, AAA×1, CAT×1, CGA×1, TGG×1"
352,nonsynonymous-only,0,1,14,4274,"L×2, R×2, S×2, A×1, G×1, H×1, K×1, M×1, P×1, T×1, W×1","ACG×1864, AAG×680, ATG×674, CGC×364, TGG×334, TCC×213, CTA×117, TTA×14, CGA×5, CAC×3, GGG×2, TCA×2, CCA×1, GCA×1"
353,nonsynonymous-only,0,1,12,1966,"K×2, N×2, R×2, E×1, I×1, L×1, M×1, Q×1, S×1","AAG×625, AAA×491, TCG×336, AAC×213, TTA×207, AGG×55, CGA×18, CAA×10, ATA×5, AAT×4, ATG×1, GAA×1"
354,nonsynonymous-only,0,1,8,1964,"H×2, C×1, D×1, F×1, G×1, N×1, R×1","CAC×708, CGC×681, TGT×232, TTT×213, AAT×126, CAT×2, GAC×1, GGT×1"
355,nonsynonymous-only,0,1,14,1964,"L×4, F×2, I×2, S×2, M×1, P×1, T×1, V×1","TTA×685, GTA×372, TTT×336, TTC×213, CCC×206, TTG×122, ATC×12, ACC×11, ATT×2, ATG×1, CTA×1, CTT×1, TCC×1, TCG×1"
356,nonsynonymous-only,0,1,4,1054,"F×1, L×1, S×1, V×1","GTC×680, TTG×372, TCC×1, TTT×1"
357,nonsynonymous-only,0,1,4,1054,"Q×2, F×1, T×1","CAA×680, ACA×372, CAG×1, TTT×1"
358,nonsynonymous-only,0,1,3,374,"I×1, L×1, N×1","AAT×372, ATT×1, CTT×1"
361,nonsynonymous-only,0,1,3,1700,"F×2, L×1","TTT×1688, TTC×11, CTA×1"
362,nonsynonymous-only,0,1,8,2966,"E×2, G×2, K×1, N×1, Q×1, W×1","GAA×1674, CAA×1243, GAG×27, TGG×12, AAC×6, AAA×2, GGA×1, GGG×1"
363,nonsynonymous-only,0,1,12,7281,"T×3, K×2, R×2, S×2, A×1, G×1, N×1","AAA×3021, ACA×1701, ACT×1641, AGA×432, AAC×214, AGG×141, AAG×122, GGT×4, AGT×2, ACC×1, AGC×1, GCT×1"
364,nonsynonymous-only,0,1,10,2544,"K×2, N×2, D×1, E×1, H×1, S×1, T×1, Y×1","AAG×755, AAT×736, CAC×372, AGC×336, AAA×220, AAC×120, ACG×2, GAA×1, GAT×1, TAC×1"
365,nonsynonymous-only,0,1,9,1451,"F×2, L×2, D×1, H×1, I×1, P×1, W×1","CCT×473, TTT×379, TTC×336, CTT×246, ATT×5, TGG×5, TTA×4, CAT×2, GAC×1"
366,nonsynonymous-only,0,1,10,1656,"I×2, L×2, T×2, C×1, Q×1, S×1, W×1","ACC×680, TTA×372, ACT×336, ATC×213, TTG×39, AGT×5, TGG×5, CAA×4, ATT×1, TGC×1"
367,nonsynonymous-only,0,1,9,1810,"R×2, V×2, G×1, P×1, Q×1, T×1, W×1","ACG×680, TGG×336, CGG×213, GTG×201, GTA×171, AGA×164, GGG×39, CAG×5, CCG×1"
368,nonsynonymous-only,0,1,9,1858,"I×2, Y×2, E×1, F×1, G×1, N×1, T×1","ATT×706, TTT×372, TAC×336, TAT×213, AAT×208, ATC×13, GAA×5, GGC×4, ACT×1"
369,nonsynonymous-only,0,1,2,411,"F×1, L×1","TTC×372, TTA×39"
370,synonymous-only,1,0,2,411,K×2,"AAA×372, AAG×39"
371,nonsynonymous-only,0,1,2,411,"Q×1, T×1","ACA×372, CAG×39"
372,nonsynonymous-only,0,1,3,411,"K×1, L×1, S×1","AAG×372, TTG×37, TCG×2"
373,nonsynonymous-only,0,1,10,1865,"A×2, F×2, I×2, L×1, S×1, T×1, V×1","GTT×684, TTC×372, ATT×341, CTT×213, GCT×164, ACT×43, ATC×39, GCG×5, TCT×2, TTT×2"
374,nonsynonymous-only,0,1,8,638,"L×2, P×2, F×1, M×1, Q×1, R×1","CCA×371, TTA×217, ATG×37, TTC×5, CTA×4, AGG×2, CAA×1, CCG×1"
375,nonsynonymous-only,0,1,6,638,"F×1, H×1, L×1, R×1, V×1, Y×1","CAT×372, GTG×213, TAT×39, TTT×9, CGT×4, TTA×1"
376,nonsynonymous-only,0,1,7,650,"F×1, H×1, P×1, Q×1, S×1, T×1, Y×1","TTT×372, CAA×213, CCT×39, CAT×12, TAT×9, ACG×4, TCT×1"
377,nonsynonymous-only,0,1,11,2244,"D×2, S×2, G×1, I×1, K×1, L×1, M×1, Q×1, V×1","ATG×1316, GGG×373, GTG×276, GAT×213, TTA×39, TCG×12, AGT×5, CAA×4, GAC×4, AAG×1, ATC×1"
378,nonsynonymous-only,0,1,14,6033,"F×2, H×2, I×2, R×2, C×1, L×1, P×1, Q×1, S×1, Y×1","CTT×1652, CGT×1041, CAA×912, CAC×904, TTT×755, CAT×352, TTC×213, TAT×142, CGA×52, ATC×4, TGT×3, ATT×1, CCT×1, TCC×1"
379,nonsynonymous-only,0,1,11,2170,"L×3, K×2, A×1, M×1, Q×1, R×1, W×1, Y×1","TGG×968, ATG×913, CGG×207, TAC×39, CAA×25, AAA×5, AAG×4, CTG×4, TTG×3, GCT×1, TTA×1"
380,nonsynonymous-only,0,1,18,6508,"V×3, I×2, K×2, L×2, Q×2, R×2, T×2, M×1, N×1, W×1","ATA×2263, ATG×1756, ATC×755, ACG×669, AAG×385, TTG×336, CTC×213, CAA×43, CGG×39, GTG×25, CAG×5, GTA×5, TGG×5, AAT×3, AAA×2, ACC×2, AGA×1, GTC×1"
381,nonsynonymous-only,0,1,13,6403,"V×3, I×2, L×2, R×2, A×1, E×1, M×1, T×1","ATA×2222, GCG×1798, ATG×1448, GTG×556, GTT×213, GAA×141, ACG×14, CTG×4, CGG×3, AGA×1, ATC×1, GTA×1, TTG×1"
382,nonsynonymous-only,0,1,11,4204,"L×3, S×3, E×1, F×1, G×1, Q×1, R×1","TCT×1642, TTT×1294, TCA×824, TTA×388, CAA×26, TCC×17, CTA×5, GAA×4, TTG×2, CGA×1, GGA×1"
383,nonsynonymous-only,0,1,16,6627,"L×4, R×3, I×2, V×2, A×1, K×1, P×1, Q×1, T×1","CTG×1642, CAA×1316, ATT×1058, ACT×756, CGA×680, GCC×369, TTG×355, GTT×213, CCA×207, ATC×12, CTA×5, AAG×4, AGA×4, GTA×3, CGT×2, CTT×1"
384,nonsynonymous-only,0,1,12,5516,"L×4, S×2, C×1, F×1, H×1, P×1, Q×1, Y×1","TCG×2010, TGC×1590, TTA×1295, TTT×351, CTT×207, TAC×27, CTA×17, CAC×5, CAA×4, CCG×4, TTG×4, TCT×2"
385,nonsynonymous-only,0,1,19,6632,"L×3, F×2, H×2, Q×2, Y×2, A×1, K×1, M×1, P×1, R×1, S×1, T×1, V×1","CTT×2885, GCT×913, CCA×763, AAA×680, ACG×369, CAT×355, TAC×213, TAT×207, CTA×144, CTG×50, TTT×25, TCC×5, TTC×5, CAC×4, GTA×4, ATG×3, CAA×3, CGA×3, CAG×1"
386,nonsynonymous-only,0,1,6,6588,"F×2, L×2, C×1, Y×1","TTC×1804, TTA×1591, TTG×1246, TTT×989, TAT×927, TGT×31"
387,nonsynonymous-only,0,1,17,6588,"L×4, I×3, D×1, E×1, K×1, M×1, N×1, P×1, Q×1, R×1, S×1, V×1","AAA×1923, GAA×1642, ATA×914, ATC×755, CTG×420, ATT×369, GTA×338, CAG×145, AAC×41, CTA×12, GAC×7, CGA×6, ATG×5, TTA×5, AGC×3, CCA×2, CTC×1"
388,nonsynonymous-only,0,1,6,223,"V×3, I×2, L×1","GTT×164, ATT×47, GTA×6, ATA×4, CTT×1, GTC×1"
389,nonsynonymous-only,0,1,3,219,"F×1, Q×1, W×1","TTT×208, TGG×6, CAA×5"
390,nonsynonymous-only,0,1,2,5,"I×1, L×1","TTA×4, ATC×1"
391,nonsynonymous-only,0,1,18,7581,"G×4, T×3, H×2, R×2, A×1, D×1, E×1, K×1, N×1, Q×1, V×1","CAA×1642, GAA×1255, GGT×961, ACT×885, GGC×820, ACG×814, GGG×735, GGA×422, ACA×17, AGG×17, GTG×4, AAA×3, AAT×1, CAC×1, CAT×1, CGG×1, GAC×1, GCC×1"
392,nonsynonymous-only,0,1,13,7580,"T×3, D×2, E×2, G×1, K×1, L×1, Q×1, R×1, V×1","GAA×3132, CAA×1699, ACG×1241, GAC×756, GAG×680, AAA×40, TTA×19, GTA×4, ACA×3, ACT×2, GGA×2, AGA×1, GAT×1"
393,nonsynonymous-only,0,1,14,7581,"I×3, L×3, F×2, T×2, M×1, R×1, S×1, W×1","ACA×2068, TTT×1645, ATT×1471, ATA×925, TTC×756, ATG×680, CTT×19, TGG×6, ACG×3, TTG×3, ATC×2, AGC×1, CGC×1, TTA×1"
394,nonsynonymous-only,0,1,16,7580,"V×4, T×3, I×2, Y×2, F×1, L×1, M×1, P×1, S×1","ATT×1807, GTA×1692, ACA×1647, TAT×1299, ACT×913, TAC×85, ACG×52, TTA×43, TTC×17, GTC×10, ATC×6, ATG×3, GTT×3, CCC×1, GTG×1, TCC×1"
395,nonsynonymous-only,0,1,18,7821,"A×4, G×4, V×2, C×1, D×1, E×1, K×1, L×1, N×1, S×1, T×1","GCC×2541, GGA×1738, GGG×1245, ACT×755, GGT×688, GGC×558, GTC×207, AAC×25, GCT×17, GCA×14, GCG×12, AAA×9, GAA×5, TGT×3, AGT×1, GAT×1, GTT×1, TTA×1"
396,nonsynonymous-only,0,1,14,8495,"L×4, F×2, I×2, V×2, A×1, R×1, S×1, T×1","ATT×3718, CTC×1185, ATA×917, TTT×810, GTT×757, GCT×343, CGC×213, GTA×207, TTC×130, TTA×104, CTT×85, ACC×17, TCT×6, TTG×3"
397,nonsynonymous-only,0,1,11,8478,"L×4, A×2, I×2, V×2, M×1","TTA×4631, CTG×1642, GCT×913, GTC×680, ATT×463, TTG×124, GTT×12, ATG×6, ATC×4, CTA×2, GCG×1"
398,nonsynonymous-only,0,1,15,8478,"G×4, Q×2, T×2, A×1, E×1, I×1, K×1, M×1, N×1, V×1","GGT×4497, GGC×2099, GGA×944, GCA×337, ATT×213, ACA×212, AAG×123, ATG×25, GGG×14, GAA×9, AAC×1, ACG×1, CAA×1, CAG×1, GTA×1"
399,nonsynonymous-only,0,1,21,7564,"A×3, D×2, E×2, I×2, P×2, R×2, F×1, G×1, H×1, K×1, L×1, M×1, Q×1, T×1","GCT×1698, CCC×1642, AGA×1184, CAT×925, GGA×755, GAA×683, TTA×372, GCA×136, AGG×58, CCA×51, CAA×40, GCG×6, GAG×4, ATG×2, GAT×2, AAA×1, ACT×1, ATC×1, ATT×1, GAC×1, TTC×1"
400,nonsynonymous-only,0,1,10,7559,"S×4, N×2, F×1, I×1, K×1, T×1","AAC×2215, AAT×1992, TCT×1699, AGC×1599, AGT×48, ACA×2, AAA×1, ATA×1, TCA×1, TTT×1"
401,nonsynonymous-only,0,1,9,7560,"G×4, Q×2, E×1, L×1, S×1","GGC×3545, GGT×2662, GGG×1247, GGA×100, GAG×2, AGC×1, CAA×1, CAG×1, TTA×1"
402,nonsynonymous-only,0,1,14,7559,"S×5, A×3, C×2, E×1, P×1, T×1, V×1","TCT×2322, GCT×2155, TGT×1530, GCA×957, TCA×373, TGC×172, GCC×41, ACA×2, CCT×2, AGT×1, GAG×1, GTT×1, TCC×1, TCG×1"
403,nonsynonymous-only,0,1,7,7560,"G×4, E×1, N×1, R×1","GGT×4007, GGC×2820, GGA×465, GGG×264, AAC×2, CGA×1, GAG×1"
409,nonsynonymous-only,0,1,2,3,"F×1, L×1","TTT×2, CTT×1"
410,nonsynonymous-only,0,1,2,3,"T×1, V×1","ACT×2, GTG×1"
411,nonsynonymous-only,0,1,2,3,"A×1, V×1","GCT×2, GTG×1"
412,nonsynonymous-only,0,1,2,3,"S×1, W×1","TGG×2, TCG×1"
413,nonsynonymous-only,0,1,2,3,"H×1, L×1","CAT×2, CTA×1"
414,nonsynonymous-only,0,1,2,3,"C×1, W×1","TGG×2, TGC×1"
416,nonsynonymous-only,0,1,13,8524,"L×4, V×2, F×1, I×1, M×1, P×1, Q×1, R×1, T×1","GTA×3699, CGA×1700, CAA×1654, TTA×461, CTA×409, CCA×370, ATG×212, CTC×5, TTG×5, TTT×5, ACA×2, ATA×1, GTG×1"
417,nonsynonymous-only,0,1,22,8313,"L×3, P×3, R×3, C×2, F×2, H×2, S×2, A×1, D×1, Q×1, V×1, Y×1","CGA×1642, TGT×1566, CGT×1236, CAA×922, CGC×752, CCA×664, TTT×410, CTT×375, CTA×239, TCC×212, TCT×117, TGC×82, TAT×54, GCT×12, CTC×8, CCT×7, GAT×5, TTC×5, CAT×2, CAC×1, CCC×1, GTT×1"
418,nonsynonymous-only,0,1,13,8312,"C×2, F×2, R×2, Y×2, H×1, L×1, P×1, Q×1, S×1","TGT×3973, TAT×3402, TTT×618, CCT×213, CAA×48, CGT×40, CAT×4, TAC×4, TGC×3, TTC×3, CGA×2, TCT×1, TTA×1"
419,nonsynonymous-only,0,1,15,2033,"L×2, R×2, S×2, A×1, E×1, F×1, G×1, K×1, P×1, Q×1, W×1, Y×1","TCA×1113, CAA×372, GGG×213, TCC×146, GCA×117, TTC×39, CGC×17, TGG×5, GAA×4, TTG×2, AAA×1, CCA×1, CGT×1, CTA×1, TAC×1"
420,nonsynonymous-only,0,1,22,7392,"I×3, L×3, T×3, A×2, D×1, E×1, F×1, K×1, M×1, N×1, P×1, R×1, S×1, V×1, Y×1","AAT×1699, ATG×1645, ATA×1617, ATC×912, AAA×732, ACA×351, AGA×213, GCC×134, GCT×39, TAC×17, ACT×8, GTC×7, CCT×5, TCA×4, TTT×2, ACC×1, ATT×1, CTA×1, CTG×1, GAA×1, GAT×1, TTG×1"
425,nonsynonymous-only,0,1,3,1246,"H×1, L×1, P×1","CAT×1243, CTT×2, CCC×1"
426,nonsynonymous-only,0,1,3,955,"K×1, L×1, N×1","AAA×949, AAT×4, CTA×2"
427,nonsynonymous-only,0,1,9,5527,"L×3, F×2, S×2, V×1, W×1","TTG×3348, TTA×1597, TTT×552, TCG×13, TGG×10, GTA×2, TCA×2, TTC×2, CTG×1"
428,nonsynonymous-only,0,1,14,5717,"S×3, V×3, L×2, A×1, G×1, M×1, P×1, Q×1, R×1","CGG×1661, GCG×1643, TCG×1243, CAG×1101, GTG×47, CTG×7, ATG×5, GTA×2, TCC×2, TTG×2, CCG×1, GGG×1, GTT×1, TCT×1"
429,nonsynonymous-only,0,1,16,6437,"G×3, V×3, A×2, D×2, E×1, I×1, K×1, L×1, T×1, Y×1","GTG×1699, GAT×1643, AAG×1245, GTA×913, GAG×645, GCA×142, GGT×48, ATT×39, GGG×36, GGA×12, TAT×6, GTT×4, ACC×2, CTC×1, GAC×1, GCG×1"
430,nonsynonymous-only,0,1,14,5492,"C×2, F×2, L×2, S×2, Y×2, E×1, G×1, Q×1, W×1","TTG×1700, TGG×1643, TTT×1283, TAT×552, TAC×143, TCT×141, TTC×13, CAA×5, TGC×5, TGT×2, TTA×2, GAA×1, GGT×1, TCA×1"
431,nonsynonymous-only,0,1,8,2174,"R×2, C×1, I×1, K×1, L×1, Q×1, T×1","TGC×1243, CGA×913, AGG×12, ACG×2, AAA×1, ATA×1, CAG×1, CTC×1"
432,nonsynonymous-only,0,1,6,967,"H×2, I×1, N×1, Q×1, R×1","AAT×913, CAC×39, ATC×12, CAA×1, CAT×1, CGC×1"
433,nonsynonymous-only,0,1,2,40,"K×1, R×1","AAG×39, CGG×1"
434,nonsynonymous-only,0,1,2,40,"F×1, I×1","ATA×39, TTT×1"
435,nonsynonymous-only,0,1,4,49,"A×1, F×1, N×1, Y×1","GCG×39, TTT×5, AAT×4, TAT×1"
436,nonsynonymous-only,0,1,2,45,"G×1, Q×1","GGT×39, CAA×6"
437,nonsynonymous-only,0,1,4,49,"E×1, K×1, Q×1, R×1","CGG×31, AAA×9, CAG×8, GAG×1"
438,nonsynonymous-only,0,1,2,44,"F×1, L×1","TTT×43, CTA×1"
439,synonymous-only,1,0,2,43,Y×2,"TAT×39, TAC×4"
440,nonsynonymous-only,0,1,3,44,"E×1, G×1, R×1","GGA×39, AGA×4, GAA×1"
441,nonsynonymous-only,0,1,3,44,"K×1, M×1, R×1","ATG×39, AAA×4, AGA×1"
442,nonsynonymous-only,0,1,5,417,"I×2, A×1, R×1, V×1","ATC×369, GTC×39, AGA×4, ATT×3, GCG×2"
443,nonsynonymous-only,0,1,6,417,"T×3, N×2, V×1","ACC×282, ACT×92, AAC×33, AAT×6, ACG×3, GTG×1"
444,nonsynonymous-only,0,1,21,7543,"I×3, L×3, H×2, P×2, R×2, T×2, V×2, E×1, F×1, K×1, M×1, Q×1","ATT×1850, CTG×1699, CTT×1242, CAA×913, CGC×532, CCT×372, GTT×338, GAA×213, CAC×148, CTC×142, CAT×39, ACT×18, CGA×12, ATC×8, ACA×5, TTT×5, ATA×2, CCA×2, AAA×1, ATG×1, GTA×1"
445,nonsynonymous-only,0,1,17,7504,"R×3, K×2, Q×2, T×2, H×1, I×1, L×1, M×1, P×1, S×1, V×1, W×1","CGG×1692, ACG×1643, CAG×1242, CAA×1073, AGG×913, AGA×338, AAA×221, ACA×207, CTG×147, ATG×12, ATA×5, CCA×5, AAG×2, AGT×1, CAT×1, GTG×1, TGG×1"
446,nonsynonymous-only,0,1,17,7549,"I×3, L×3, V×3, T×2, A×1, M×1, P×1, Q×1, R×1, S×1","ATA×1912, ATT×1660, GTT×1255, GCT×912, CCT×681, ACG×358, TCA×339, GTA×207, ATG×142, ACA×60, CGC×5, CTA×5, TTA×5, GTG×3, ATC×2, CTT×2, CAG×1"
447,nonsynonymous-only,0,1,17,7183,"L×4, A×2, K×2, Q×2, E×1, F×1, I×1, M×1, P×1, S×1, V×1","CCG×1907, AAG×1840, CTG×1655, CTA×913, TTA×342, TTT×217, TTG×215, AAA×39, ATA×23, GCG×15, ATG×6, TCG×5, GCT×2, CAA×1, CAG×1, GAG×1, GTC×1"
448,nonsynonymous-only,0,1,17,6252,"V×3, E×2, F×2, G×2, K×2, L×2, I×1, S×1, T×1, Y×1","GTG×1857, GTC×1699, TTC×855, GGT×680, TTA×400, TCA×340, ACA×207, GGG×141, AAG×39, ATA×6, AAA×5, GAA×5, GAG×5, TTT×5, TAC×4, GTA×3, CTG×1"
449,nonsynonymous-only,0,1,18,6828,"I×2, K×2, N×2, Q×2, R×2, D×1, E×1, H×1, L×1, P×1, S×1, T×1, V×1","AGA×1699, ACT×1642, AAT×1482, CAT×913, CCA×648, AAG×213, AAA×143, CTA×28, CAA×15, GTT×12, AGT×10, ATA×8, AAC×5, GAT×5, CAG×2, ATT×1, CGG×1, GAA×1"
450,nonsynonymous-only,0,1,8,4140,"L×3, F×2, C×1, T×1, W×1","TTG×1700, TGG×1242, TTA×935, CTA×213, ACA×39, TTC×5, TTT×5, TGT×1"
451,nonsynonymous-only,0,1,9,2848,"I×2, C×1, F×1, L×1, M×1, N×1, S×1, W×1","TTT×1695, ATG×913, ATA×213, ATC×12, TGT×5, AAT×4, TCT×4, CTT×1, TGG×1"
452,nonsynonymous-only,0,1,3,224,"G×1, K×1, R×1","AAA×219, AGG×4, GGA×1"
453,nonsynonymous-only,0,1,3,224,"N×2, I×1","AAC×212, ATT×11, AAT×1"
454,nonsynonymous-only,0,1,2,223,"N×1, Y×1","AAT×213, TAT×10"
455,nonsynonymous-only,0,1,3,219,"L×1, P×1, S×1","CCT×214, CTG×4, TCT×1"
456,nonsynonymous-only,0,1,2,214,"P×1, Y×1","CCC×213, TAC×1"
464,nonsynonymous-only,0,1,3,1913,"I×2, V×1","ATC×1699, ATT×213, GTC×1"
467,nonsynonymous-only,0,1,5,301,"C×1, G×1, I×1, N×1, S×1","AAC×213, ATA×39, TGT×38, GGT×10, AGC×1"
468,nonsynonymous-only,0,1,8,803,"R×2, A×1, K×1, L×1, Q×1, S×1, W×1","AAA×335, GCA×213, TCA×207, TTA×39, AGG×4, AGA×3, CAA×1, TGG×1"
469,nonsynonymous-only,0,1,7,858,"V×3, A×1, F×1, I×1, L×1","GTT×339, GTG×214, GTC×207, TTT×48, TTG×39, ATT×6, GCA×5"
470,nonsynonymous-only,0,1,7,858,"S×3, C×1, I×1, T×1, V×1","TCC×338, TGT×213, TCT×207, TCA×48, GTT×44, ACC×6, ATT×2"
471,nonsynonymous-only,0,1,7,851,"I×2, N×2, D×1, F×1, R×1","AAC×338, ATC×213, AAT×207, AGG×48, ATT×39, GAT×4, TTT×2"
472,nonsynonymous-only,0,1,8,471,"Q×2, Y×2, H×1, R×1, V×1, W×1","GTA×213, TAT×207, TAC×39, CGT×5, CAG×3, TGG×2, CAA×1, CAT×1"
473,nonsynonymous-only,0,1,15,7410,"S×3, G×2, V×2, A×1, C×1, F×1, I×1, K×1, N×1, Q×1, R×1","AAG×1699, AAT×1643, CGG×1233, GGT×1004, GTC×908, CAG×421, AGT×265, TGT×207, GCT×12, AGC×5, GTA×5, GGA×3, TTT×3, ATT×1, TCT×1"
474,nonsynonymous-only,0,1,15,7409,"R×3, Q×2, S×2, C×1, D×1, E×1, G×1, H×1, K×1, N×1, Y×1","TCT×1699, CAT×1651, GAG×1615, TAT×915, GAT×676, TGT×338, AGT×213, AGG×207, CGT×43, AAG×39, AAT×5, CGA×3, CAA×2, CAG×2, GGG×1"
475,nonsynonymous-only,0,1,14,4757,"K×2, N×2, Q×2, Y×2, C×1, G×1, H×1, I×1, R×1, W×1","TAT×1699, AAA×1244, CAT×913, AGA×419, AAC×411, TGG×43, TAC×6, AAT×5, TGC×5, ATT×4, CAA×3, CAG×3, AAG×1, GGA×1"
476,nonsynonymous-only,0,1,13,6865,"L×3, Q×2, S×2, C×1, F×1, G×1, R×1, T×1, W×1","TCG×1699, CGG×1644, TTG×1286, CAG×1245, TGG×679, TGT×213, ACA×43, GGG×39, TTA×8, TCA×5, TTT×2, CAA×1, CTT×1"
477,nonsynonymous-only,0,1,15,5604,"R×3, S×3, I×2, V×2, G×1, K×1, L×1, M×1, Q×1","CAA×1816, ATG×1259, CGA×733, ATA×647, AAA×375, CGT×338, AGA×261, TTA×119, GTT×36, ATT×5, GTG×4, GGT×3, TCA×3, TCG×3, TCC×2"
478,nonsynonymous-only,0,1,20,6498,"I×3, P×3, L×2, Q×2, S×2, E×1, F×1, K×1, M×1, N×1, T×1, V×1, Y×1","CTG×1681, ATC×1643, CCG×1243, GAG×913, ATG×339, AGT×213, TTT×207, ATA×117, ACG×47, TAT×39, TTG×18, AAC×17, ATT×6, CCT×5, GTT×3, AAA×2, TCA×2, CAA×1, CAG×1, CCA×1"
479,nonsynonymous-only,0,1,17,6874,"I×2, K×2, N×2, R×2, S×2, D×1, E×1, G×1, M×1, Q×1, V×1, Y×1","AAC×2687, ATA×2156, AAA×655, ATG×372, GAA×338, CAA×213, AGC×207, AAG×135, GAT×48, ATC×39, AAT×10, CGC×5, GTC×3, GGG×2, TCT×2, AGG×1, TAT×1"
480,nonsynonymous-only,0,1,19,6674,"R×3, V×3, A×2, E×2, S×2, I×1, K×1, L×1, M×1, N×1, Q×1, W×1","AAA×3335, ATG×1243, GTA×913, GTG×372, CGA×295, GAA×213, GAG×117, TGG×48, CAA×44, CTA×39, AAC×17, AGA×12, GCA×10, GTT×5, TCA×5, AGG×2, AGT×2, ATA×1, GCG×1"
481,nonsynonymous-only,0,1,16,7716,"E×2, K×2, Q×2, R×2, T×2, C×1, G×1, I×1, N×1, S×1, V×1","AAA×3416, AGA×2277, AGG×675, AAG×377, CAA×338, GGA×213, GAG×207, ACA×135, TGT×48, ACC×10, AGC×6, ATA×5, GTA×5, CAG×2, AAT×1, GAA×1"
482,nonsynonymous-only,0,1,14,7921,"L×4, C×2, P×2, S×2, A×1, F×1, H×1, W×1","TTT×3580, TCA×1700, CTG×1238, TTG×917, TGC×213, TGG×141, TGT×52, TTA×46, CTT×19, CAC×5, CCG×5, GCA×3, CCT×1, TCT×1"
483,nonsynonymous-only,0,1,17,6259,"L×3, D×2, N×2, Q×2, Y×2, F×1, I×1, K×1, P×1, R×1, S×1","ATT×1709, CTT×1456, CAA×1285, CAG×821, AGC×755, TTG×117, AAT×48, CGA×40, TAT×13, TTT×5, CCA×3, AAA×2, AAC×1, GAC×1, GAT×1, TAC×1, TTA×1"
484,nonsynonymous-only,0,1,13,6119,"R×3, L×2, C×1, E×1, F×1, G×1, H×1, K×1, M×1, W×1","AGA×1856, TGT×1699, GAG×916, AGG×755, CGT×676, GGA×142, TTG×40, AAA×15, TTT×8, TGG×6, CAT×4, ATG×1, TTA×1"
485,nonsynonymous-only,0,1,25,7415,"R×5, S×3, D×2, F×2, I×2, K×2, N×2, Y×2, C×1, H×1, L×1, P×1, W×1","CGC×1700, AGC×1644, AAT×914, AAC×755, CTC×652, ATC×589, TGC×586, CGA×209, CGT×141, TAC×94, TGG×48, AAG×39, AAA×12, GAT×5, TAT×5, TCT×5, CGG×4, TTC×4, ATT×2, CCC×2, AGG×1, CAC×1, GAC×1, TCA×1, TTT×1"
486,nonsynonymous-only,0,1,6,1146,"L×2, H×1, M×1, S×1, T×1","ATG×914, TCG×213, ACG×12, TTG×5, CAC×1, CTG×1"
487,nonsynonymous-only,0,1,4,1127,"F×1, L×1, M×1, S×1","TCT×912, CTT×213, ATG×1, TTT×1"
489,nonsynonymous-only,0,1,10,1848,"F×2, I×2, A×1, D×1, M×1, T×1, V×1, Y×1","ATG×1102, ATT×358, GTT×218, TTC×117, TTT×23, GCT×16, GAT×8, TAT×4, ACT×1, ATC×1"
490,nonsynonymous-only,0,1,11,1847,"L×2, R×2, E×1, G×1, K×1, M×1, T×1, V×1, W×1","ATG×914, TTA×343, GTA×213, CGG×207, TTG×117, TGG×25, ACA×17, GGT×5, CGA×4, AAA×1, GAG×1"
491,nonsynonymous-only,0,1,9,1847,"I×3, S×2, F×1, P×1, R×1, V×1","CCT×914, ATT×342, ATA×219, TTC×207, GTA×117, ATC×25, TCT×17, TCA×5, CGC×1"
492,nonsynonymous-only,0,1,11,3467,"P×3, R×2, A×1, K×1, L×1, Q×1, V×1, W×1","CGA×1591, CAA×919, CCG×255, AAA×213, GCA×166, AGA×117, CCT×83, CCA×50, GTA×47, CTA×25, TGG×1"
493,nonsynonymous-only,0,1,9,3491,"L×4, F×1, I×1, K×1, M×1, Q×1","CTG×1690, CTA×1490, TTG×161, ATG×122, TTT×17, AAA×5, ATA×4, CAA×1, CTT×1"
494,nonsynonymous-only,0,1,11,2572,"V×3, L×2, A×1, E×1, G×1, R×1, S×1, W×1","GGA×1643, TTG×549, TGG×213, GCG×117, GTG×25, GTA×17, AGG×4, GAG×1, GTC×1, TCG×1, TTA×1"
495,nonsynonymous-only,0,1,6,1991,"Q×2, C×1, L×1, R×1, S×1","TGC×1643, CTA×213, CAG×111, TCA×17, CGG×6, CAA×1"
496,nonsynonymous-only,0,1,7,2001,"L×2, V×2, K×1, Q×1, T×1","TTA×1633, CAA×213, GTA×132, ACT×17, AAA×4, CTA×1, GTG×1"
497,nonsynonymous-only,0,1,5,1866,"E×2, G×1, R×1, S×1","TCG×1643, CGT×213, GGG×5, GAA×4, GAG×1"
498,nonsynonymous-only,0,1,4,1887,"E×1, I×1, K×1, R×1","GAA×1663, AAA×218, AGG×5, ATT×1"
499,nonsynonymous-only,0,1,5,262,"L×1, P×1, Q×1, S×1, Y×1","TCA×213, CCA×39, TTA×6, CAA×3, TAC×1"
500,nonsynonymous-only,0,1,9,2608,"L×2, D×1, K×1, N×1, Q×1, S×1, T×1, V×1","CTC×1643, TTG×681, GTA×215, ACT×39, TCT×17, AAG×5, AAT×5, CAA×2, GAT×1"
501,nonsynonymous-only,0,1,7,2385,"C×2, I×1, K×1, N×1, P×1, Y×1","AAT×2362, ATT×17, AAG×2, CCA×1, TAT×1, TGC×1, TGT×1"
502,nonsynonymous-only,0,1,11,2285,"R×3, L×2, C×1, F×1, I×1, Q×1, S×1, W×1","TGG×1642, TTA×411, TTG×215, CAA×4, CGG×4, TGC×3, TTC×2, AGA×1, AGG×1, ATA×1, TCG×1"
503,nonsynonymous-only,0,1,11,2985,"S×2, V×2, A×1, F×1, G×1, H×1, L×1, R×1, W×1","TTT×2059, GTT×684, GTG×213, TCT×17, AGG×4, GCG×2, TTG×2, AGC×1, CAT×1, GGG×1, TGG×1"
504,nonsynonymous-only,0,1,12,2985,"R×4, Y×2, C×1, D×1, G×1, H×1, L×1, Q×1","TAT×1649, CAG×680, CGA×372, TAC×217, CGC×39, TGT×17, CGT×4, GAT×2, TTG×2, CAT×1, CGG×1, GGT×1"
505,nonsynonymous-only,0,1,11,3166,"F×2, V×2, C×1, G×1, L×1, Q×1, S×1, W×1, Y×1","TTT×1665, GTT×680, TGG×425, TTA×333, TTC×39, TGT×14, TCA×5, TAT×2, CAG×1, GGT×1, GTC×1"
506,nonsynonymous-only,0,1,8,3119,"L×3, S×2, I×1, M×1, V×1","TCA×1731, TTA×813, CTG×309, GTA×213, TTG×41, ATA×6, ATG×4, TCG×2"
507,nonsynonymous-only,0,1,15,2922,"T×4, K×2, C×1, F×1, G×1, M×1, N×1, P×1, Q×1, R×1, Y×1","AAG×1789, ACC×680, TGC×213, ACT×207, CAA×12, CCA×5, AAC×4, AAA×3, ACG×2, TAT×2, ACA×1, AGA×1, ATG×1, GGG×1, TTT×1"
508,nonsynonymous-only,0,1,8,2434,"L×2, T×2, A×1, F×1, R×1, S×1","TTA×1851, ACA×551, CTA×15, TTT×8, TCA×5, GCA×2, ACG×1, AGA×1"
509,nonsynonymous-only,0,1,10,2420,"Q×2, S×2, C×1, E×1, G×1, I×1, P×1, R×1","CAA×1643, GAA×338, AGA×213, GGA×207, ATA×5, CCA×5, TGC×4, CAG×3, AGT×1, TCA×1"
510,nonsynonymous-only,0,1,12,2495,"A×2, N×2, P×2, V×2, I×1, L×1, S×1, T×1","CTT×1646, ACC×338, GCC×213, GCT×207, CCT×49, ATT×17, GTT×12, AAC×5, GTC×5, AAT×1, CCC×1, TCT×1"
511,nonsynonymous-only,0,1,8,2495,"I×2, D×1, E×1, F×1, K×1, L×1, N×1","AAT×1660, GAA×309, ATT×219, TTA×207, AAA×77, TTT×19, ATA×3, GAT×1"
512,nonsynonymous-only,0,1,7,88,"H×2, C×1, L×1, R×1, S×1, Y×1","TAT×48, TTA×17, CAC×12, TGT×5, TCC×4, AGA×1, CAT×1"
517,nonsynonymous-only,0,1,2,225,"D×1, H×1","GAT×213, CAC×12"
518,nonsynonymous-only,0,1,3,230,"I×1, R×1, S×1","AGA×213, AGT×12, ATA×5"
519,nonsynonymous-only,0,1,3,230,"F×1, I×1, L×1","ATT×213, CTC×12, TTC×5"
520,nonsynonymous-only,0,1,2,230,"E×1, K×1","GAA×218, AAG×12"
530,nonsynonymous-only,0,1,2,225,"S×1, W×1","AGT×213, TGG×12"
531,nonsynonymous-only,0,1,6,2383,"I×2, K×1, M×1, S×1, T×1","ATA×1240, ATG×914, TCA×213, ATT×12, ACA×3, AAA×1"
532,nonsynonymous-only,0,1,9,2471,"S×2, F×1, G×1, I×1, L×1, N×1, T×1, V×1","TTT×1243, CTC×914, AAT×213, TCC×48, ATT×38, GGT×12, ACT×1, AGC×1, GTT×1"
533,nonsynonymous-only,0,1,16,4822,"I×3, S×2, T×2, A×1, E×1, G×1, K×1, N×1, P×1, Q×1, R×1, V×1","ATC×1659, ACT×1245, CCT×911, AAT×680, ATA×228, GCG×39, AAA×33, GAA×10, CAA×5, GTA×5, GGT×2, ACC×1, AGC×1, AGT×1, ATT×1, CGT×1"
534,nonsynonymous-only,0,1,17,3900,"F×2, I×2, S×2, C×1, E×1, G×1, K×1, L×1, Q×1, R×1, T×1, V×1, W×1, Y×1","AAG×1491, TGG×909, ATT×680, GTG×372, TTC×212, AGG×152, GGG×39, ACA×17, CAA×13, TGT×5, TTG×4, ATA×1, GAA×1, TAT×1, TCA×1, TCG×1, TTT×1"
535,nonsynonymous-only,0,1,13,5434,"E×2, K×2, L×2, N×2, Q×2, G×1, M×1, P×1","CAG×1968, CAA×1699, GGA×1643, AAC×48, GAA×26, AAT×17, AAA×14, ATG×12, CTG×3, AAG×1, CCG×1, GAG×1, TTG×1"
536,nonsynonymous-only,0,1,19,6910,"L×3, V×3, D×2, F×2, G×2, N×2, A×1, C×1, Q×1, S×1, Y×1","CAA×1699, TTT×1613, GTG×1248, GTA×914, GAT×665, GAC×373, AGC×261, TTC×45, AAC×39, TGT×17, GGT×14, AAT×6, TTG×6, CTT×5, GCG×1, GGG×1, GTT×1, TAC×1, TTA×1"
537,nonsynonymous-only,0,1,15,5783,"L×3, K×2, R×2, S×2, G×1, M×1, N×1, Q×1, W×1, Y×1","CGA×1700, TGG×1644, AAG×1291, ATG×680, AAT×213, TAT×207, TCA×17, GGG×12, AGT×5, CGG×5, TTA×5, AAA×1, CAA×1, CTT×1, TTG×1"
538,nonsynonymous-only,0,1,10,7117,"I×2, R×2, K×1, M×1, N×1, Q×1, T×1, Y×1","ATA×3272, AAA×2425, CGA×914, ATG×213, ATT×213, AGA×48, ACA×21, AAC×5, CAG×5, TAT×1"
539,nonsynonymous-only,0,1,14,7119,"I×2, R×2, T×2, C×1, E×1, F×1, K×1, L×1, M×1, S×1, W×1","ATT×2943, ATG×1661, ATA×1059, TGG×914, TTT×215, TGT×213, AAA×43, AGA×39, ACA×18, GAA×5, AGG×4, ACG×3, AGC×1, TTG×1"
540,nonsynonymous-only,0,1,19,7220,"L×4, S×4, F×2, G×2, I×2, C×1, N×1, T×1, V×1, Y×1","GGT×1699, TCG×1490, CTC×913, TGT×739, TTT×699, TAT×504, ATT×372, TCT×255, TCC×213, TTG×152, TCA×119, AAT×49, ACT×5, CTA×5, TTC×2, ATC×1, CTT×1, GGC×1, GTT×1"
541,nonsynonymous-only,0,1,21,7128,"L×3, S×3, T×3, C×2, I×2, N×2, A×1, F×1, G×1, H×1, M×1, P×1","AGC×1981, CTT×1694, TTC×1243, AAT×920, TCT×680, ACA×213, GGC×207, ACC×117, AGT×25, ATT×17, CAT×5, TGC×5, ATC×4, CTG×4, ATG×3, TGT×3, AAC×2, GCT×2, ACT×1, CCA×1, CTA×1"
542,nonsynonymous-only,0,1,15,7043,"L×4, F×2, P×2, Q×2, C×1, I×1, S×1, T×1, W×1","TTG×3390, CTC×1243, CTG×915, TTA×700, CAG×372, CCG×213, TCG×143, ACC×39, TGG×11, CCA×5, TTT×5, TTC×3, ATA×2, CAA×1, TGC×1"
543,nonsynonymous-only,0,1,15,7697,"V×3, A×2, F×2, L×2, D×1, I×1, M×1, N×1, S×1, T×1","TTT×1964, GTA×1655, CTC×1244, TCG×914, ATG×674, CTT×495, GAC×369, TTC×248, ATT×121, ACG×6, GTC×3, AAT×1, GCG×1, GCT×1, GTG×1"
544,nonsynonymous-only,0,1,16,5547,"E×2, K×2, N×2, P×2, Q×2, S×2, C×1, L×1, V×1, Y×1","AGT×2163, CAA×1353, GAA×680, GAG×372, CAG×347, AAC×343, AAA×218, AAT×40, GTC×12, CCA×5, TAC×5, AGC×4, CTG×2, AAG×1, CCT×1, TGC×1"
545,nonsynonymous-only,0,1,18,6478,"C×2, H×2, Q×2, R×2, Y×2, F×1, K×1, L×1, N×1, S×1, T×1, V×1, W×1","CAC×2357, CAG×1707, CAA×915, TGG×680, AAA×373, TCA×207, TGC×147, CGC×41, TTT×17, AAC×13, GTC×5, TAC×5, TGT×4, CAT×2, CTC×2, ACC×1, CGG×1, TAT×1"
546,nonsynonymous-only,0,1,18,4834,"L×4, E×2, S×2, T×2, F×1, I×1, K×1, P×1, Q×1, R×1, W×1, Y×1","TAT×2119, AAA×1243, TCT×593, TGG×349, ATA×210, ACA×162, TCC×82, CTT×40, TTG×17, TTT×10, CTG×2, ACC×1, CAA×1, CCC×1, CGG×1, GAA×1, GAG×1, TTA×1"
547,nonsynonymous-only,0,1,24,7308,"L×3, S×3, A×2, E×2, F×2, P×2, R×2, V×2, H×1, I×1, Q×1, T×1, W×1, Y×1","GCG×1700, GTG×1643, TTA×1234, CAG×754, TGG×598, TTC×372, CAT×338, TCT×213, CCT×207, AGA×141, TTG×40, CCA×19, TCA×14, CTG×12, GCT×5, TTT×5, GAA×3, CGG×2, GAG×2, GTA×2, ACA×1, AGT×1, ATT×1, TAT×1"
548,nonsynonymous-only,0,1,22,7754,"L×3, A×2, F×2, G×2, Q×2, S×2, V×2, D×1, E×1, K×1, R×1, T×1, W×1, Y×1","AAG×1828, TTG×1699, GTA×1633, GAA×1298, GTT×697, CAG×213, AGG×170, GGT×135, GAT×40, GCA×13, AGT×6, TAT×5, TTA×5, ACG×3, GGA×2, CAA×1, CTG×1, GCT×1, TCG×1, TGG×1, TTC×1, TTT×1"
549,nonsynonymous-only,0,1,7,406,"R×2, G×1, K×1, L×1, Q×1, S×1","AAA×214, CGG×141, GGA×41, AGA×4, CAA×3, TCG×2, TTA×1"
550,nonsynonymous-only,0,1,5,918,"C×1, E×1, F×1, L×1, R×1","GAG×914, CGA×1, TGC×1, TTG×1, TTT×1"
551,nonsynonymous-only,0,1,5,918,"A×1, E×1, R×1, T×1, V×1","GAG×914, ACA×1, AGG×1, GCC×1, GTG×1"
552,nonsynonymous-only,0,1,2,914,"A×1, V×1","GCA×906, GTA×8"
554,nonsynonymous-only,0,1,2,915,"E×1, R×1","AGA×914, GAA×1"
555,nonsynonymous-only,0,1,2,916,"G×1, K×1","AAA×915, GGA×1"
556,nonsynonymous-only,0,1,3,7,"L×1, P×1, S×1","TCA×5, CCT×1, TTA×1"
557,nonsynonymous-only,0,1,4,921,"I×1, L×1, M×1, W×1","CTG×914, ATA×5, ATG×1, TGG×1"
558,nonsynonymous-only,0,1,4,923,"K×2, N×1, R×1","AAG×914, AGA×5, AAA×3, AAC×1"
559,nonsynonymous-only,0,1,4,921,"K×2, E×1, Q×1","AAG×913, CAA×5, GAG×2, AAA×1"
560,nonsynonymous-only,0,1,2,6,"A×1, E×1","GAA×5, GCA×1"
562,nonsynonymous-only,0,1,2,2,"F×1, L×1","CTC×1, TTT×1"
567,nonsynonymous-only,0,1,2,6,"G×1, K×1","AAG×5, GGG×1"
568,nonsynonymous-only,0,1,3,11,"A×1, I×1, V×1","ATC×5, GTC×5, GCT×1"
569,nonsynonymous-only,0,1,2,11,"F×1, L×1","TTT×6, CTT×5"
570,nonsynonymous-only,0,1,3,11,"L×2, S×1","TCG×5, TTG×5, TTA×1"
571,nonsynonymous-only,0,1,2,6,"N×1, P×1","CCT×5, AAC×1"
572,nonsynonymous-only,0,1,2,6,"I×1, L×1","TTG×5, ATA×1"
574,nonsynonymous-only,0,1,10,3038,"L×3, F×2, C×1, K×1, N×1, S×1, V×1","TTT×1353, TGT×914, AAT×372, TTC×353, AAA×40, CTC×2, CTG×1, CTT×1, GTT×1, TCC×1"
575,nonsynonymous-only,0,1,15,3922,"I×2, V×2, C×1, D×1, E×1, F×1, G×1, K×1, P×1, Q×1, R×1, W×1, Y×1","CCT×1699, ATT×955, GTT×372, TAT×338, GAA×213, GGG×207, AGG×50, GTG×48, ATA×25, TGG×5, TTT×5, AAG×2, CAA×1, GAT×1, TGT×1"
576,nonsynonymous-only,0,1,19,5696,"L×4, S×3, F×2, I×2, V×2, C×1, H×1, K×1, M×1, P×1, Q×1","CAT×1699, ATA×1243, AAA×914, CAA×755, TTC×337, TCG×213, TTT×210, TTA×141, CTT×50, CTC×48, TCA×40, ATG×25, CTA×5, GTC×5, TCC×5, GTA×2, TGC×2, ATT×1, CCC×1"
577,nonsynonymous-only,0,1,16,6195,"L×3, S×3, C×2, A×1, F×1, I×1, P×1, R×1, V×1, W×1, Y×1","TTT×2055, TTG×1443, ATT×1036, TAT×551, TGT×372, TTA×256, CGC×209, TCT×147, CTT×50, AGT×40, TGC×25, TGG×5, GTT×3, CCT×1, GCT×1, TCG×1"
578,nonsynonymous-only,0,1,13,8298,"L×4, S×4, F×1, P×1, Q×1, V×1, W×1","TTA×2958, TCG×1699, TCA×1686, TCC×754, TTG×568, TGG×372, CTG×118, GTT×50, CAA×48, TCT×26, CTA×9, TTC×7, CCC×3"
579,nonsynonymous-only,0,1,19,8340,"R×3, E×2, K×2, N×2, T×2, V×2, C×1, G×1, I×1, L×1, M×1, S×1","AAA×4061, GTA×1699, ATT×755, CGA×680, AAG×440, GGG×329, AGA×141, TTG×122, GAG×47, AGG×40, ATG×11, AGT×5, GTG×3, ACA×2, AAC×1, AAT×1, ACT×1, GAA×1, TGT×1"
580,nonsynonymous-only,0,1,3,916,"E×1, N×1, T×1","GAA×914, AAT×1, ACG×1"
584,nonsynonymous-only,0,1,2,2,"A×1, S×1","GCA×1, TCG×1"
585,nonsynonymous-only,0,1,4,15,"P×1, R×1, S×1, T×1","ACT×12, AGC×1, CCT×1, CGT×1"
586,nonsynonymous-only,0,1,10,8565,"K×2, R×2, A×1, E×1, G×1, S×1, T×1, V×1","AGA×2067, AAA×1976, GCA×1639, GAA×1479, CGA×1243, GGA×118, ACA×31, AAG×5, TCA×5, GTA×2"
587,nonsynonymous-only,0,1,19,7652,"L×4, V×3, A×2, E×2, G×1, I×1, K×1, M×1, Q×1, R×1, S×1, T×1","AAA×1786, GAA×1647, CTG×1249, GGA×754, GAG×683, TTA×344, AGA×328, ATA×243, CTA×207, ATG×142, GCG×142, CTT×50, GTT×48, GCA×12, GTG×6, ACA×5, TCA×4, CAA×1, GTA×1"
588,nonsynonymous-only,0,1,18,6254,"S×4, I×3, G×2, T×2, A×1, F×1, K×1, M×1, N×1, R×1, Y×1","TCT×1701, ATG×1646, AGA×1643, ATA×374, AGT×338, ATT×256, AAA×213, ACG×39, AAT×18, GGG×12, GCA×3, GGA×2, TAT×2, TCA×2, TTT×2, ACA×1, AGC×1, ATC×1"
589,nonsynonymous-only,0,1,18,6046,"R×3, D×2, H×2, K×2, N×2, Q×2, A×1, E×1, I×1, L×1, S×1","CGC×1641, GAC×1408, GAT×954, GAA×680, AAG×384, TTA×338, CAC×292, CAA×216, ATA×50, CAG×48, AAT×18, AAA×5, AAC×4, CGA×2, CGT×2, TCC×2, CAT×1, GCA×1"
590,nonsynonymous-only,0,1,16,6246,"E×2, K×2, L×2, R×2, V×2, A×1, D×1, G×1, I×1, Q×1, T×1","GTG×1699, CAA×1643, GGA×914, GAG×680, AAA×425, GAA×422, ATA×340, AGA×62, TTG×48, GTT×5, GCT×3, AAG×1, ACA×1, CGA×1, CTT×1, GAC×1"
591,nonsynonymous-only,0,1,15,6250,"R×3, I×2, K×2, T×2, C×1, F×1, L×1, N×1, S×1, V×1","CGT×2378, AAA×2190, AAG×915, TTG×389, AAT×214, ATT×105, GTT×40, ACC×6, ACT×5, ATA×2, TTT×2, AGA×1, AGT×1, CGC×1, TGT×1"
592,nonsynonymous-only,0,1,18,6194,"I×3, T×3, G×2, K×2, V×2, A×1, C×1, D×1, M×1, N×1, R×1","GCC×1646, GAC×1506, ATA×1129, ATG×720, GTC×680, AGG×206, AAC×193, AAA×40, ACG×38, ACT×12, ATC×10, GGG×5, ACA×2, GTT×2, TGC×2, AAG×1, ATT×1, GGA×1"
593,nonsynonymous-only,0,1,14,5769,"E×2, Q×2, S×2, H×1, K×1, N×1, P×1, R×1, V×1, W×1, Y×1","GAA×2078, AAA×1701, TAC×914, CAA×680, CCA×372, TGG×9, AAC×5, CAG×2, GTA×2, TCA×2, AGA×1, AGT×1, CAT×1, GAG×1"
594,nonsynonymous-only,0,1,13,5606,"D×2, K×2, N×2, C×1, E×1, G×1, L×1, Q×1, R×1, T×1","GAT×2322, AGA×1699, CAG×914, AAA×372, TTA×207, AAT×68, GAA×15, AAC×2, GAC×2, GGA×2, AAG×1, ACA×1, TGC×1"
595,nonsynonymous-only,0,1,10,5347,"I×2, V×2, A×1, D×1, F×1, L×1, S×1, Y×1","TTT×1699, GCA×1656, GAC×914, GTC×680, TCG×372, GTA×19, TAT×3, ATT×2, ATC×1, CTC×1"
596,nonsynonymous-only,0,1,11,5346,"L×4, I×1, M×1, P×1, R×1, S×1, T×1, V×1","ACA×1699, CTC×1633, AGA×914, ATT×680, ATG×375, CCA×19, CTA×12, CTT×10, TCT×2, GTA×1, TTG×1"
597,nonsynonymous-only,0,1,9,5346,"I×3, N×2, D×1, E×1, K×1, S×1","ATT×1699, ATC×1643, AAC×915, GAT×692, ATA×372, AGC×19, AAA×3, GAA×2, AAT×1"
598,nonsynonymous-only,0,1,4,3039,"F×1, G×1, L×1, S×1","GGT×1699, TTT×914, TTA×424, TCG×2"
599,nonsynonymous-only,0,1,2,1701,"H×1, L×1","CAC×1699, CTT×2"
604,nonsynonymous-only,0,1,3,1701,"A×1, C×1, G×1","TGC×1699, GCT×1, GGA×1"
605,nonsynonymous-only,0,1,5,2133,"L×2, F×1, Q×1, S×1","TTG×2071, TCA×41, TTA×19, CAG×1, TTT×1"
606,nonsynonymous-only,0,1,8,2202,"H×2, K×1, L×1, N×1, Q×1, R×1, T×1","CAT×1218, CGT×482, AAT×389, CAC×48, AAA×41, TTG×19, ACT×3, CAG×2"
607,nonsynonymous-only,0,1,19,5652,"G×4, I×3, L×3, N×2, C×1, R×1, S×1, T×1, V×1, W×1, Y×1","CTT×1699, GTG×1644, AGG×914, TTG×681, TCT×372, GGT×207, TAT×48, GGC×37, ATT×19, ATC×12, ACT×5, TGG×4, AAT×2, GGG×2, TTA×2, AAC×1, ATA×1, GGA×1, TGT×1"
608,nonsynonymous-only,0,1,17,5787,"L×3, R×3, A×2, P×2, S×2, F×1, N×1, Q×1, V×1, W×1","TTC×1699, TCG×1645, CGG×933, CTG×681, CAG×372, TTA×212, GCG×117, TTG×62, AAT×40, AGG×6, GCA×6, GTT×5, CGA×3, TGG×3, CCA×1, CCG×1, TCA×1"
609,nonsynonymous-only,0,1,18,5788,"T×3, A×2, D×2, I×2, V×2, E×1, G×1, L×1, M×1, N×1, Q×1, S×1","ACT×2614, GTT×1642, ACA×892, AAT×374, ACC×117, ATA×51, CAA×40, TTA×19, GAG×12, GGA×6, GCT×5, GCA×4, GAC×3, GTG×3, AGC×2, GAT×2, ATG×1, ATT×1"
610,nonsynonymous-only,0,1,14,1366,"E×2, K×2, L×2, S×2, G×1, P×1, Q×1, R×1, T×1, W×1","TCG×679, AAA×271, GGA×164, AAG×117, TGG×45, CAA×41, CCG×19, TTA×15, ACA×5, TTG×4, GAA×2, GAG×2, AGA×1, TCA×1"
611,nonsynonymous-only,0,1,17,6338,"L×3, A×2, G×2, K×2, T×2, V×2, E×1, I×1, N×1, R×1","CTA×1699, AGG×1633, GCG×987, AAG×936, GCA×554, GAA×213, AAA×94, GGA×94, GTG×64, GGG×25, CTG×20, ACA×7, ATA×5, TTA×4, AAC×1, ACG×1, GTA×1"
612,nonsynonymous-only,0,1,22,6357,"I×3, A×2, K×2, L×2, R×2, T×2, D×1, E×1, F×1, G×1, M×1, N×1, P×1, S×1, V×1","AAG×1654, ACC×1642, GCT×932, ATC×681, TTT×372, AGA×338, GGA×213, AGT×210, CCT×79, ACT×72, GTT×46, AAA×45, ATT×43, GAC×12, AAT×5, GAA×5, CGT×2, GCG×2, ATA×1, ATG×1, CTT×1, TTA×1"
613,nonsynonymous-only,0,1,21,6354,"T×4, I×3, L×2, R×2, S×2, A×1, F×1, H×1, K×1, M×1, N×1, Q×1, V×1","ATA×1784, TCC×1700, CAC×816, ATT×688, TTT×546, TTA×372, GTC×213, CGC×97, CAA×40, ACG×36, ACT×19, AAA×12, ATG×12, ACA×7, ACC×6, AAC×1, AGG×1, ATC×1, GCA×1, TCA×1, TTG×1"
614,nonsynonymous-only,0,1,26,6355,"S×5, L×4, F×2, K×2, P×2, R×2, Y×2, A×1, C×1, G×1, H×1, I×1, N×1, Q×1","TCC×1754, AAC×1551, TTC×915, TGT×679, TCG×372, CCT×350, CGA×213, CGT×207, AAG×145, GGA×48, TTG×40, CCC×30, TTA×19, AAA×9, ATA×5, TTT×5, GCC×3, CTA×2, AGT×1, CAA×1, CAC×1, CTT×1, TAC×1, TAT×1, TCA×1, TCT×1"
615,nonsynonymous-only,0,1,14,5591,"I×3, T×3, K×2, A×1, D×1, E×1, L×1, N×1, V×1","AAC×1699, ATA×1672, ATT×954, ATC×723, ACC×331, GAA×141, AAA×52, GTA×12, ACA×2, AAG×1, ACG×1, GAT×1, GCA×1, TTA×1"
616,nonsynonymous-only,0,1,5,930,"C×1, D×1, K×1, N×1, V×1","TGC×914, GAT×12, GTT×2, AAA×1, AAT×1"
625,nonsynonymous-only,0,1,15,5378,"R×3, K×2, N×2, D×1, I×1, L×1, Q×1, S×1, V×1, W×1, Y×1","AAC×1774, ATC×1700, AAT×756, CAG×669, CTG×383, AAG×48, AAA×22, AGC×13, GAT×5, AGA×2, TAT×2, CGC×1, CGG×1, GTG×1, TGG×1"
626,nonsynonymous-only,0,1,12,5268,"L×5, A×1, F×1, P×1, Q×1, R×1, S×1, Y×1","CTA×1676, CTT×1643, TTA×1057, CGC×755, TCA×49, GCG×40, CCA×22, TAT×19, CAG×3, TTT×2, CTG×1, TTG×1"
627,nonsynonymous-only,0,1,17,5272,"T×3, K×2, P×2, R×2, A×1, D×1, E×1, G×1, I×1, L×1, N×1, V×1","GTC×1699, CCC×1639, AAA×856, ACC×755, AGA×200, AAG×48, ACA×40, CCT×19, CTC×4, GCA×3, AAC×2, GAC×2, ACG×1, ATA×1, CGA×1, GAG×1, GGG×1"
628,nonsynonymous-only,0,1,13,5284,"S×3, H×2, N×2, T×2, A×1, I×1, L×1, R×1","AAT×2400, AAC×1699, CGT×485, CTT×413, CAT×208, ATT×48, ACA×19, CAC×5, ACC×2, TCT×2, AGC×1, AGT×1, GCT×1"
629,nonsynonymous-only,0,1,11,5284,"L×3, C×1, E×1, F×1, I×1, S×1, T×1, V×1, Y×1","TTT×1753, TAT×1646, CTT×752, ACT×681, ATT×412, GAA×19, TGT×13, CTG×3, GTT×2, TCT×2, CTA×1"
630,nonsynonymous-only,0,1,11,5285,"L×4, H×2, A×1, K×1, N×1, P×1, S×1","CTG×3362, CTA×1024, TCT×755, CTT×48, CAT×40, CCA×31, AAA×21, AAT×1, CAC×1, GCG×1, TTA×1"
631,nonsynonymous-only,0,1,8,5197,"E×2, V×2, A×1, K×1, Q×1, R×1","GAG×1699, GCG×1675, GTG×1043, GAA×755, GTT×19, CAG×3, AAG×2, AGG×1"
632,nonsynonymous-only,0,1,14,5245,"V×4, G×3, A×2, D×2, E×1, H×1, L×1","GTC×2400, GAC×1707, GTA×1097, GTT×19, GGC×6, GCA×5, GAA×3, GGT×2, CAC×1, CTA×1, GAT×1, GCC×1, GGA×1, GTG×1"
633,nonsynonymous-only,0,1,7,5190,"C×2, N×2, E×1, K×1, S×1","AAA×4117, TGT×680, TGC×372, AAC×16, GAA×3, AAT×1, AGT×1"
634,nonsynonymous-only,0,1,12,5225,"R×2, S×2, C×1, D×1, E×1, I×1, K×1, L×1, N×1, V×1","GAC×1698, TGC×1643, CGG×753, TTG×681, GTG×372, AGC×46, AAC×22, AAA×4, ATA×2, CGA×2, AGT×1, GAA×1"
635,nonsynonymous-only,0,1,9,5224,"A×2, S×2, D×1, K×1, L×1, N×1, R×1","AAC×1962, AGC×1445, TCC×683, GCC×582, CTA×372, GCT×173, AAA×5, CGC×1, GAT×1"
636,nonsynonymous-only,0,1,11,5229,"V×3, A×2, K×2, E×1, G×1, N×1, S×1","GAG×1706, GGG×1643, AAA×727, GCT×719, AGC×374, AAT×30, GTG×16, GTT×8, AAG×4, GCC×1, GTC×1"
637,nonsynonymous-only,0,1,9,6084,"L×2, C×1, P×1, Q×1, R×1, S×1, W×1, Y×1","TGG×3342, TTG×1966, TCT×755, TAC×12, CGG×3, CCT×2, TGT×2, CAG×1, CTT×1"
638,nonsynonymous-only,0,1,17,7386,"L×3, V×3, P×2, R×2, A×1, C×1, D×1, E×1, F×1, H×1, K×1","CTT×2374, CCA×1644, TTT×1243, CCG×914, CTA×600, GTT×371, TTA×156, GAA×48, AAA×12, CGA×7, CAT×6, GCT×3, GTA×2, GTC×2, TGC×2, CGT×1, GAT×1"
639,nonsynonymous-only,0,1,8,7378,"L×2, S×2, A×1, F×1, V×1, W×1","TTG×4938, TTA×1247, GCG×755, TTT×372, TGG×50, TCG×12, GTA×2, TCT×2"
640,nonsynonymous-only,0,1,17,7722,"R×5, L×3, P×3, Q×2, H×1, N×1, W×1, Y×1","CTC×1644, CGC×1629, TGG×1237, TAT×914, CGT×798, CGG×680, CAA×374, AGA×338, CAC×81, CGA×7, CTG×5, CTA×4, CAG×3, CCC×3, AAT×2, CCG×2, CCA×1"
641,nonsynonymous-only,0,1,16,7225,"I×3, E×2, L×2, V×2, A×1, C×1, D×1, F×1, G×1, K×1, S×1","ATC×2151, GAA×1699, GCG×1290, GTT×761, TTG×375, GTG×366, ATA×343, ATT×218, TTC×7, GAG×4, GGG×4, GAT×2, TCG×2, AAG×1, TGC×1, TTA×1"
642,nonsynonymous-only,0,1,17,8160,"R×3, C×2, F×2, L×2, P×2, H×1, I×1, Q×1, S×1, T×1, V×1","CTT×3794, TGC×1697, TTT×978, CCA×474, CGG×371, TCT×339, CTA×220, GTT×213, ATT×56, CAT×6, CGT×3, ACT×2, CGC×2, TGT×2, CAG×1, CCG×1, TTC×1"
643,nonsynonymous-only,0,1,12,2388,"F×2, L×2, S×2, C×1, K×1, N×1, Q×1, W×1, Y×1","CAA×755, TTA×680, TTC×368, AAA×343, AAT×215, TTG×12, TCC×4, TGG×4, TTT×3, TCG×2, TAT×1, TGC×1"
644,nonsynonymous-only,0,1,19,5273,"L×3, P×3, F×2, I×2, Q×2, S×2, T×2, C×1, N×1, R×1","CGG×1698, CTA×1645, ACG×680, ATC×373, ACT×336, CCT×213, TTT×207, TTA×48, AAC×40, TCC×12, AGC×5, TTC×4, CAA×3, CCC×3, ATT×2, CAG×1, CCA×1, TGC×1, TTG×1"
645,nonsynonymous-only,0,1,19,5298,"T×3, V×3, E×2, K×2, R×2, G×1, I×1, L×1, M×1, S×1, W×1, Y×1","CTC×1699, ATG×1553, TGG×680, AAA×584, GGG×337, GAA×213, ACG×109, ACA×48, CGA×40, ACC×12, TAT×6, AAG×5, ATA×4, GTG×2, GTT×2, AGG×1, GAG×1, GTC×1, TCG×1"
646,nonsynonymous-only,0,1,13,5299,"K×2, R×2, S×2, T×2, D×1, F×1, I×1, N×1, V×1","ATC×2589, AGC×2039, GAC×213, TTC×207, ACC×120, AAA×48, AGT×40, ACG×20, AAC×17, AAG×2, GTG×2, AGA×1, CGC×1"
647,nonsynonymous-only,0,1,16,5259,"I×2, L×2, Q×2, R×2, F×1, G×1, H×1, K×1, M×1, P×1, V×1, W×1","CCG×2200, CGG×1700, CAG×502, GGG×338, CAT×213, TTC×207, ATG×46, ATT×20, CTG×15, TGG×6, CAA×4, ATA×2, CGT×2, CTA×2, AAG×1, GTG×1"
648,nonsynonymous-only,0,1,2,6,"K×1, L×1","AAA×4, TTG×2"
657,nonsynonymous-only,0,1,2,5,"R×1, S×1","AGG×4, AGT×1"
659,nonsynonymous-only,0,1,2,3,"P×1, W×1","TGG×2, CCA×1"
660,nonsynonymous-only,0,1,18,7461,"L×3, T×3, R×2, A×1, C×1, D×1, F×1, G×1, I×1, N×1, S×1, V×1, Y×1","TAT×2738, TTA×1699, CTG×1243, AAT×915, GCT×379, CGC×213, GGA×207, ACA×20, TTT×16, GTT×8, ACC×5, GAC×5, ATC×4, ACT×3, TGT×3, AGC×1, CGA×1, CTT×1"
661,nonsynonymous-only,0,1,15,7466,"I×3, L×3, S×2, A×1, F×1, N×1, P×1, T×1, V×1, Y×1","TTT×2736, CCT×1907, GTC×1243, AAT×915, TTA×339, TAT×212, GCT×44, ATC×19, CTT×15, CTA×12, ACT×10, TCT×6, ATA×5, ATT×2, TCA×1"
662,nonsynonymous-only,0,1,16,7417,"L×3, F×2, S×2, A×1, D×1, I×1, N×1, Q×1, T×1, V×1, W×1, Y×1","ACT×1642, GTT×1481, AGT×1286, TTT×1259, AAT×682, ATT×429, CTA×338, CAG×213, TAT×48, CTT×21, TGG×5, TTC×5, GAT×4, TCT×2, GCT×1, TTA×1"
663,nonsynonymous-only,0,1,23,7220,"L×4, C×2, F×2, K×2, Q×2, R×2, S×2, D×1, G×1, H×1, I×1, N×1, P×1, V×1","ATT×1704, TTG×1663, AGC×982, CCT×916, TGT×680, CAA×338, GAT×286, GGC×261, CGA×206, AAT×86, TTT×53, GTT×12, AAG×10, AAA×6, TCC×6, CAG×4, CAT×1, CGG×1, CTC×1, CTT×1, TGC×1, TTA×1, TTC×1"
664,nonsynonymous-only,0,1,11,4848,"R×3, G×2, K×2, I×1, L×1, P×1, Q×1","CGA×2289, AGA×1655, AAA×343, ATA×213, AAG×212, GGA×114, CTA×10, AGG×5, CAA×5, CCA×1, GGG×1"
665,nonsynonymous-only,0,1,10,3317,"K×2, L×2, E×1, I×1, Q×1, R×1, T×1, V×1","ACA×1452, CGA×1169, GTA×457, TTA×213, AAA×10, ATA×6, GAA×5, CTA×3, AAG×1, CAA×1"
666,nonsynonymous-only,0,1,14,7724,"D×2, E×2, S×2, A×1, I×1, K×1, M×1, N×1, R×1, T×1, V×1","ACC×2635, GCC×1732, AAT×1244, AGC×1055, GAA×338, GAT×213, ATT×212, GAC×141, AAA×137, ATG×5, GAG×5, AGA×4, GTT×2, TCC×1"
667,nonsynonymous-only,0,1,15,7601,"A×2, I×2, N×2, V×2, D×1, E×1, F×1, G×1, H×1, P×1, Y×1","GTT×2608, AAC×1786, ATT×1743, TAC×916, CCC×213, GAT×207, AAT×68, TTT×33, CAC×12, GAA×5, GTG×5, GCC×2, ATC×1, GCT×1, GGT×1"
668,nonsynonymous-only,0,1,17,6114,"C×2, K×2, N×2, Q×2, S×2, A×1, E×1, F×1, G×1, I×1, R×1, W×1","TTC×1700, TGG×1648, AAG×1246, GGC×677, ATC×372, TGT×218, AAT×141, GAA×50, CAA×24, CAG×14, AAC×12, AGC×4, AGT×3, AAA×2, CGC×1, GCA×1, TGC×1"
669,nonsynonymous-only,0,1,15,5751,"R×4, C×2, S×2, E×1, G×1, K×1, L×1, P×1, V×1, W×1","CGC×1699, TGC×1645, CGA×1243, TGT×1046, TGG×47, CGG×45, AGG×12, AGT×6, GTG×2, AAG×1, AGC×1, CCA×1, CTG×1, GAA×1, GGT×1"
670,nonsynonymous-only,0,1,11,6828,"R×3, C×1, F×1, I×1, L×1, S×1, V×1, W×1, Y×1","ATT×3356, TTT×1294, TGT×913, CGG×659, AGG×373, CTT×184, TCT×25, TGG×21, CGT×1, GTG×1, TAT×1"
671,nonsynonymous-only,0,1,9,6201,"R×3, I×2, G×1, L×1, T×1, W×1","GGA×3269, AGA×2143, TGG×762, AGG×20, ACA×2, CGA×2, ATA×1, ATC×1, TTA×1"
672,nonsynonymous-only,0,1,8,4275,"S×2, C×1, F×1, I×1, L×1, V×1, Y×1","TGC×1699, TTT×1243, TCC×956, TCA×372, GTT×2, ATC×1, TAT×1, TTA×1"
673,nonsynonymous-only,0,1,7,3358,"N×2, T×2, I×1, R×1, S×1","ACC×1698, AGA×1243, AAC×373, AGT×40, ATT×2, AAT×1, ACT×1"
674,nonsynonymous-only,0,1,2,3,"G×1, L×1","GGT×2, CTC×1"
676,nonsynonymous-only,0,1,3,1617,"A×1, V×1, Y×1","GTA×1214, TAT×372, GCA×31"
677,nonsynonymous-only,0,1,11,5713,"N×2, R×2, A×1, D×1, I×1, K×1, T×1, V×1, Y×1","AAA×2942, AGA×2328, AAT×412, GCT×20, ACG×3, GTG×2, TAT×2, AAC×1, AGG×1, ATC×1, GAT×1"
678,nonsynonymous-only,0,1,20,7644,"A×3, K×2, L×2, N×2, R×2, S×2, D×1, F×1, G×1, I×1, M×1, V×1, Y×1","AAC×1850, GGA×1678, AGA×1257, TTA×915, GTT×682, GCA×591, AAA×379, GCT×117, AAT×70, AGG×55, TCT×16, AAG×5, TAT×5, TCC×5, ATG×4, GAC×4, TTT×4, ATT×3, CTT×3, GCC×1"
679,nonsynonymous-only,0,1,22,7477,"G×4, A×3, R×3, K×2, V×2, D×1, E×1, H×1, L×1, M×1, Q×1, S×1, W×1","AGA×1700, CAG×1508, CAT×1243, GAC×914, TCA×680, GGC×352, GCA×338, TTA×264, GCG×209, GGA×121, TGG×48, GAA×40, AAA×25, GGT×20, GTA×5, ATG×2, CGG×2, GGG×2, AAG×1, CGA×1, GCT×1, GTG×1"
680,nonsynonymous-only,0,1,20,8411,"S×3, A×2, F×2, P×2, T×2, D×1, G×1, H×1, I×1, K×1, L×1, N×1, R×1, V×1","GCT×2213, TCA×1243, TCT×1208, GGC×914, ATT×806, TCC×755, CCT×435, TTA×413, GCA×213, ACA×55, CGT×47, GTT×31, TTT×28, GAT×27, AAT×9, ACT×9, CCA×2, AAA×1, CAT×1, TTC×1"
681,nonsynonymous-only,0,1,11,7651,"A×2, G×2, D×1, E×1, K×1, L×1, R×1, T×1, W×1","AAA×3814, GCA×3330, GGG×337, ACA×60, TTA×40, GAA×30, AGA×23, GGA×13, GAT×2, GCC×1, TGG×1"
682,nonsynonymous-only,0,1,16,8426,"G×3, I×2, N×2, S×2, T×2, C×1, D×1, K×1, M×1, R×1","AAT×5357, AAA×1500, ATG×683, AGA×337, GGG×213, ACA×207, AGC×48, ATA×32, ATT×22, AAC×13, GAC×5, GGT×5, ACG×1, AGT×1, GGA×1, TGT×1"
683,nonsynonymous-only,0,1,16,6350,"D×2, F×2, G×2, Y×2, C×1, H×1, I×1, L×1, N×1, R×1, S×1, V×1","TAT×4506, GGG×755, AAT×457, CAT×420, GAC×88, TTT×51, GTT×29, GAT×12, TTC×12, ATT×7, GGT×5, TCG×3, CTT×2, AGA×1, TAC×1, TGT×1"
684,nonsynonymous-only,0,1,3,7,"K×1, L×1, N×1","AAA×5, AAT×1, TTA×1"
685,nonsynonymous-only,0,1,3,51,"F×1, N×1, V×1","TTC×49, AAC×1, GTT×1"
686,nonsynonymous-only,0,1,13,4762,"S×2, C×1, D×1, F×1, H×1, I×1, K×1, N×1, R×1, T×1, W×1, Y×1","ACT×1643, TGG×1243, GAT×914, AGC×755, TTC×117, AGA×51, ATT×20, TCG×12, AAT×2, TAT×2, AAA×1, CAC×1, TGC×1"
687,nonsynonymous-only,0,1,18,7023,"C×2, F×2, L×2, S×2, T×2, G×1, H×1, I×1, N×1, Q×1, R×1, W×1, Y×1","TTC×1701, TAT×1643, TTA×1244, ATC×914, ACC×739, TGG×213, CAA×206, TCT×141, TGC×117, CAC×48, TGT×22, TCC×16, CTT×12, AAT×3, ACT×1, CGA×1, GGC×1, TTT×1"
688,nonsynonymous-only,0,1,14,6059,"K×2, L×2, P×2, S×2, E×1, I×1, N×1, Q×1, R×1, W×1","AAC×1699, CCA×1643, TCG×1243, AAG×754, TTG×350, GAA×213, TCA×137, ATT×12, CCG×3, AAA×1, CAG×1, CGG×1, TGG×1, TTA×1"
689,nonsynonymous-only,0,1,21,7694,"S×3, E×2, K×2, L×2, N×2, V×2, A×1, D×1, F×1, G×1, I×1, P×1, Q×1, R×1","AGC×1742, AGA×1643, AAA×1281, GAG×1243, AAT×755, AAG×315, TTC×213, CTC×207, GGA×140, GCT×117, GTT×12, AGT×5, GAT×5, TCA×5, ATT×3, CCG×3, AAC×1, CAA×1, CTT×1, GAA×1, GTA×1"
690,nonsynonymous-only,0,1,14,8078,"I×3, D×2, L×2, A×1, G×1, H×1, N×1, S×1, T×1, Y×1","ACT×2242, GAT×1699, TAT×1243, AAT×916, ATT×907, GAC×756, AGC×141, ATA×117, CAT×40, ATC×6, GGT×5, CTT×3, TTG×2, GCT×1"
691,nonsynonymous-only,0,1,14,6052,"C×2, F×2, G×2, Y×2, A×1, D×1, H×1, R×1, S×1, W×1","TTC×1664, TGC×1459, TAT×956, TGT×736, TAC×680, GCT×372, TCC×142, CGT×19, TTT×13, GAC×5, GGT×3, CAT×1, GGC×1, TGG×1"
692,nonsynonymous-only,0,1,21,7186,"I×3, F×2, G×2, L×2, R×2, S×2, V×2, C×1, E×1, H×1, K×1, Q×1, Y×1","GTA×1840, GAA×1646, CTA×915, GGC×755, GGA×579, TGC×369, ATT×338, GTT×213, TTC×207, CAA×166, AGA×102, TCT×20, AAA×12, TTA×6, ATA×5, TTT×5, TAC×3, AGG×2, ATC×1, CAT×1, TCA×1"
693,nonsynonymous-only,0,1,16,8061,"I×2, K×2, N×2, R×2, A×1, D×1, F×1, G×1, M×1, S×1, T×1, Y×1","AGA×2401, ATT×2189, ACT×1160, ATA×915, AAT×803, TTT×339, AAA×148, AAG×49, AGG×32, GAT×6, GCT×6, TAT×5, GGA×4, ATG×2, AAC×1, AGC×1"
694,nonsynonymous-only,0,1,19,5173,"R×3, G×2, K×2, Q×2, D×1, E×1, F×1, I×1, L×1, M×1, N×1, S×1, T×1, W×1","AAA×2406, AAT×1244, AGG×911, ATG×338, GGG×117, AGT×51, GAA×40, TTC×20, AGA×12, AAG×10, TGG×8, ATA×5, CGA×5, ACT×1, CAA×1, CAG×1, GAT×1, GGA×1, TTG×1"
695,nonsynonymous-only,0,1,6,2021,"A×1, G×1, K×1, Q×1, R×1, S×1","GGC×911, AAA×720, AGA×373, AGC×15, CAA×1, GCC×1"
696,nonsynonymous-only,0,1,6,1108,"I×2, S×2, A×1, F×1","TTC×680, GCA×372, TCA×41, AGC×13, ATC×1, ATT×1"
698,nonsynonymous-only,0,1,7,1111,"A×1, D×1, G×1, I×1, R×1, S×1, W×1","TGG×680, AGG×414, GGG×12, GCA×2, ATA×1, GAC×1, TCG×1"
699,nonsynonymous-only,0,1,10,2132,"S×2, A×1, D×1, E×1, F×1, H×1, Q×1, W×1, Y×1","TCA×1689, CAA×382, TTC×40, GCA×10, GAA×4, GAT×2, TAT×2, CAT×1, TCC×1, TGG×1"
700,nonsynonymous-only,0,1,11,2814,"N×2, T×2, C×1, D×1, I×1, K×1, L×1, V×1, Y×1","ACA×1698, AAC×1053, TTG×40, ATC×13, TAC×3, GTC×2, AAA×1, AAT×1, ACG×1, GAC×1, TGC×1"
701,nonsynonymous-only,0,1,17,8085,"C×2, G×2, N×2, S×2, Y×2, A×1, D×1, H×1, I×1, R×1, T×1, V×1","AGT×1770, TGC×1644, AAT×1596, GGC×1243, ATT×946, TAT×369, GCT×345, TAC×51, GTT×42, TGT×40, GGT×14, GAT×8, AGA×5, AGC×4, CAT×4, AAC×3, ACT×1"
702,nonsynonymous-only,0,1,12,8080,"C×2, Y×2, A×1, F×1, H×1, I×1, L×1, N×1, R×1, S×1","CTT×2071, GCT×1998, CAT×1566, TAT×1377, TTT×812, AGG×213, AAT×28, TAC×6, ATC×5, TGC×2, TCT×1, TGT×1"
703,nonsynonymous-only,0,1,14,7967,"C×2, F×2, I×2, D×1, G×1, K×1, L×1, N×1, R×1, S×1, Y×1","AAT×1716, TAT×1657, ATC×1243, CGT×912, ATT×900, TGC×755, TTT×412, TTC×338, TCT×20, AAG×5, CTT×4, TGT×3, GAT×1, GGT×1"
704,nonsynonymous-only,0,1,16,7960,"D×2, N×2, R×2, Y×2, C×1, E×1, F×1, G×1, H×1, I×1, S×1, V×1","TGT×2752, GGT×2593, CGT×1213, CAT×755, GAG×338, AAT×213, TTC×45, AAC×14, ATC×12, TAT×7, GAC×6, AGA×5, AGT×4, GAT×1, GTG×1, TAC×1"
705,nonsynonymous-only,0,1,21,7516,"S×3, D×2, E×2, L×2, N×2, R×2, Y×2, F×1, H×1, K×1, P×1, Q×1, V×1","GAG×1699, GAC×1644, CCC×1241, CAC×919, TTC×680, CTC×372, CAG×254, AGC×211, AGA×207, AGT×127, GAA×125, GTC×12, AAA×5, TAT×5, TTA×5, AAC×3, AAT×2, TCC×2, CGA×1, GAT×1, TAC×1"
706,nonsynonymous-only,0,1,10,6972,"C×2, A×1, L×1, P×1, Q×1, R×1, S×1, T×1, Y×1","TCA×2926, CCA×1646, CTG×1243, ACA×915, TGC×214, GCA×16, CAA×5, TAT×5, CGA×1, TGT×1"
707,nonsynonymous-only,0,1,12,4506,"C×2, F×2, L×2, A×1, Q×1, R×1, S×1, T×1, V×1","CAA×2557, TTC×710, CGA×680, AGC×213, TGC×207, GTA×124, ACA×5, TTA×5, TGT×2, CTC×1, GCA×1, TTT×1"
708,nonsynonymous-only,0,1,12,6262,"D×2, P×2, S×2, C×1, F×1, L×1, Q×1, R×1, Y×1","TTT×1914, TCC×1486, TAT×1326, TGT×681, CAG×338, TCA×207, CCC×160, GAC×83, GAT×46, CTT×13, CGA×5, CCA×3"
709,nonsynonymous-only,0,1,13,2907,"G×2, N×2, Q×2, S×2, C×1, F×1, H×1, K×1, R×1","TTT×914, AAA×680, TCA×373, AGA×346, AAC×213, AGC×207, AAT×128, GGA×40, TGT×2, CAA×1, CAG×1, CAT×1, GGG×1"
710,nonsynonymous-only,0,1,15,4551,"R×3, I×2, P×2, A×1, C×1, G×1, H×1, L×1, N×1, Q×1, T×1","ATT×1643, AGA×914, CTC×685, ACA×374, CGT×338, CCT×218, CAT×207, ATC×123, CAA×40, GGA×3, TGT×2, AAC×1, CCG×1, CGA×1, GCT×1"
711,nonsynonymous-only,0,1,11,4433,"N×2, R×2, S×2, C×1, H×1, L×1, V×1, Y×1","AGC×1646, AGT×1495, CAT×680, TAT×343, CGC×213, TGT×40, CGG×5, GTT×5, TTA×3, AAT×2, AAC×1"
712,nonsynonymous-only,0,1,17,3520,"S×4, C×2, L×2, P×2, R×2, A×1, F×1, G×1, N×1, Q×1","TCA×1856, AGA×373, TCG×372, TTA×338, CCG×308, AAC×207, GGA×41, TCC×5, TGC×5, TGT×5, GCT×3, CCT×2, AGT×1, CAA×1, CGC×1, TTC×1, TTG×1"
713,nonsynonymous-only,0,1,6,770,"C×1, I×1, L×1, N×1, S×1, T×1","ACC×420, ATT×338, AGC×5, TGT×5, AAT×1, CTT×1"
714,nonsynonymous-only,0,1,4,557,"C×1, G×1, V×1, Y×1","TGT×300, TAT×255, GGA×1, GTC×1"
715,nonsynonymous-only,0,1,3,779,"F×1, P×1, V×1","TTT×551, CCT×213, GTT×15"
716,nonsynonymous-only,0,1,2,6,"C×1, Q×1","CAA×5, TGT×1"
717,nonsynonymous-only,0,1,3,11,"I×1, K×1, T×1","AAA×5, ACG×5, ATA×1"
719,nonsynonymous-only,0,1,3,11,"C×1, F×1, R×1","TGC×5, TTC×5, CGC×1"
721,nonsynonymous-only,0,1,2,5,"L×1, M×1","TTG×4, ATG×1"
723,nonsynonymous-only,0,1,3,10,"E×1, K×1, V×1","GTT×5, AAA×4, GAG×1"
724,synonymous-only,1,0,2,10,I×2,"ATA×6, ATT×4"
725,synonymous-only,1,0,2,10,Q×2,"CAA×5, CAG×5"
726,nonsynonymous-only,0,1,4,1255,"I×1, L×1, M×1, T×1","ATA×1243, ATG×5, TTA×5, ACT×2"
727,nonsynonymous-only,0,1,13,6629,"L×4, T×2, A×1, C×1, F×1, I×1, M×1, N×1, P×1","ATA×2558, TTT×1924, ATG×1699, AAT×415, ACT×13, TTG×10, ACC×2, CCA×2, CTT×2, CTA×1, GCT×1, TGT×1, TTA×1"
728,nonsynonymous-only,0,1,13,7649,"C×2, F×2, L×2, Q×2, S×2, N×1, R×1, Y×1","CGC×2398, AAC×1699, TTT×1251, TGC×1128, TTG×1052, TAT×60, CTG×41, TCT×6, CAA×5, TTC×4, CAG×3, TCG×1, TGT×1"
729,nonsynonymous-only,0,1,12,2526,"R×4, L×2, Q×2, A×1, C×1, G×1, Y×1","TGT×1698, GGA×756, AGG×43, TTG×6, CGG×5, GCA×5, TTA×5, CAA×2, CAG×2, CGA×2, AGA×1, TAT×1"
730,nonsynonymous-only,0,1,17,6591,"K×2, P×2, Q×2, S×2, Y×2, C×1, D×1, F×1, I×1, L×1, M×1, W×1","TCG×2018, ATA×1702, ATG×1240, CAA×755, CAG×523, TTT×213, GAT×43, CCA×41, TTG×22, AAG×13, TAC×5, TAT×5, TCC×5, CCG×2, TGT×2, AAA×1, TGG×1"
731,nonsynonymous-only,0,1,18,8016,"S×3, N×2, Y×2, A×1, C×1, D×1, F×1, G×1, H×1, I×1, K×1, Q×1, R×1, W×1","AAT×1872, AGT×1704, AGC×1245, ATA×914, AAA×756, AAC×680, TGT×415, CAT×295, CGT×46, TTT×40, GCA×21, TAT×10, GAT×6, GGT×6, TCT×2, TGG×2, CAG×1, TAC×1"
732,nonsynonymous-only,0,1,16,7666,"R×3, S×3, F×2, Q×2, C×1, H×1, L×1, N×1, P×1, Y×1","TAT×4290, CAG×1395, CGT×735, TTT×692, CGC×298, AGC×74, CAT×67, CGG×55, AGT×41, TCT×5, TTA×5, TGT×3, CCC×2, TTC×2, AAC×1, CAA×1"
733,nonsynonymous-only,0,1,18,4544,"V×4, L×3, F×2, H×2, I×2, S×2, A×1, P×1, Q×1","GTC×1698, TTG×1060, TTT×900, CCC×754, TTC×48, CAT×40, TCT×19, GTA×13, ATA×2, TTA×2, ATT×1, CAA×1, CAC×1, CTC×1, GCG×1, GTG×1, GTT×1, TCC×1"
734,nonsynonymous-only,0,1,3,11,"E×1, F×1, S×1","GAA×5, TTC×5, TCT×1"
735,nonsynonymous-only,0,1,11,1876,"I×3, L×3, F×2, M×1, P×1, V×1","TTG×681, ATG×373, ATA×338, ATC×213, CCT×206, TTA×41, TTC×7, TTT×6, ATT×5, GTA×5, CTT×1"
736,nonsynonymous-only,0,1,9,2425,"H×2, K×2, E×1, G×1, L×1, N×1, Q×1","CAT×1114, CAA×683, AAA×597, AAT×13, AAG×6, GAG×5, GGT×5, CAC×1, CTT×1"
737,nonsynonymous-only,0,1,9,1877,"H×2, Y×2, A×1, D×1, G×1, N×1, S×1","CAC×660, TAT×378, AAT×367, TAC×213, GCT×206, CAT×25, GAT×17, AGT×9, GGT×2"
738,nonsynonymous-only,0,1,7,757,"G×3, Y×2, H×1, I×1","GGT×332, TAC×174, TAT×168, GGG×41, GGA×40, ATA×1, CAT×1"
739,nonsynonymous-only,0,1,5,757,"C×1, D×1, L×1, R×1, Y×1","GAC×372, TAC×233, TGC×111, CGC×40, TTG×1"
740,nonsynonymous-only,0,1,5,418,"L×3, F×1, M×1","CTA×331, TTA×41, ATG×40, TTT×5, CTT×1"
741,nonsynonymous-only,0,1,4,418,"F×1, P×1, R×1, V×1","CGT×372, GTT×40, CCT×5, TTC×1"
742,nonsynonymous-only,0,1,5,418,"A×2, L×2, F×1","GCA×369, TTA×40, TTT×5, GCG×3, CTT×1"
743,nonsynonymous-only,0,1,3,418,"D×1, F×1, Y×1","TTT×377, GAT×40, TAT×1"
744,nonsynonymous-only,0,1,2,6,"S×1, T×1","ACC×5, TCC×1"
745,nonsynonymous-only,0,1,2,6,"N×1, T×1","AAT×5, ACT×1"
746,nonsynonymous-only,0,1,3,10,"L×2, V×1","GTA×5, CTA×4, TTG×1"
748,nonsynonymous-only,0,1,2,6,"L×1, S×1","TTA×5, TCA×1"
749,synonymous-only,1,0,2,6,L×2,"CTG×5, CTT×1"
753,nonsynonymous-only,0,1,3,10,"N×1, S×1, V×1","AGT×5, AAC×4, GTC×1"
754,nonsynonymous-only,0,1,2,10,"K×1, R×1","AAG×5, AGG×5"
755,nonsynonymous-only,0,1,3,10,"A×1, D×1, E×1","GAA×5, GAC×4, GCT×1"
756,nonsynonymous-only,0,1,2,5,"C×1, N×1","AAC×4, TGC×1"
757,nonsynonymous-only,0,1,2,6,"H×1, N×1","CAT×5, AAC×1"
763,nonsynonymous-only,0,1,2,10,"N×1, T×1","AAT×9, ACT×1"
764,nonsynonymous-only,0,1,2,6,"F×1, L×1","TTT×5, TTG×1"
765,nonsynonymous-only,0,1,3,11,"E×1, K×1, R×1","AAG×5, AGG×5, GAG×1"
766,nonsynonymous-only,0,1,4,16,"C×1, Q×1, R×1, S×1","TGC×6, CGA×5, AGC×4, CAA×1"
767,nonsynonymous-only,0,1,2,16,"K×1, N×1","AAC×11, AAA×5"
768,nonsynonymous-only,0,1,3,16,"D×1, E×1, V×1","GTA×10, GAA×5, GAT×1"
769,nonsynonymous-only,0,1,3,10,"M×1, N×1, S×1","TCA×5, AAC×4, ATG×1"
770,nonsynonymous-only,0,1,2,10,"K×1, T×1","AAA×9, ACA×1"
771,nonsynonymous-only,0,1,3,10,"A×1, G×1, I×1","ATT×5, GCT×4, GGG×1"
772,nonsynonymous-only,0,1,2,9,"E×1, Q×1","GAA×5, CAA×4"
773,nonsynonymous-only,0,1,3,10,"R×2, K×1","AGA×5, AAA×4, AGG×1"
774,nonsynonymous-only,0,1,3,10,"K×1, M×1, R×1","AAA×5, ATG×4, AGG×1"
775,nonsynonymous-only,0,1,3,10,"F×1, P×1, Q×1","TTT×5, CCA×4, CAA×1"
776,nonsynonymous-only,0,1,2,9,"R×1, V×1","GTA×5, AGA×4"
777,nonsynonymous-only,0,1,2,6,"C×1, R×1","TGC×5, AGG×1"
779,nonsynonymous-only,0,1,2,6,"S×1, Y×1","TAT×5, TCT×1"
780,nonsynonymous-only,0,1,2,6,"E×1, P×1","GAA×5, CCA×1"
782,nonsynonymous-only,0,1,2,6,"E×1, K×1","AAG×5, GAG×1"
785,nonsynonymous-only,0,1,4,43,"F×1, H×1, P×1, S×1","TCA×38, CAT×2, CCA×2, TTC×1"
786,nonsynonymous-only,0,1,7,422,"L×2, F×1, G×1, N×1, S×1, Y×1","AAC×372, GGT×40, TTT×5, TCG×2, CTT×1, TAC×1, TTG×1"
787,nonsynonymous-only,0,1,7,103,"D×1, E×1, N×1, P×1, Q×1, S×1, Y×1","CAG×49, TCA×40, AAC×5, GAG×5, CCA×2, GAT×1, TAT×1"
788,nonsynonymous-only,0,1,13,1731,"K×2, R×2, S×2, A×1, E×1, G×1, I×1, P×1, T×1, V×1","GAA×743, GCA×371, AGC×338, AGG×213, TCA×48, AAG×5, ATA×5, AGA×3, AAA×1, ACA×1, CCA×1, GGA×1, GTA×1"
789,nonsynonymous-only,0,1,10,3414,"C×2, Y×2, D×1, H×1, I×1, N×1, S×1, T×1","ATT×1644, AGT×730, AAT×596, TAT×425, CAT×6, GAC×5, TAC×4, TGC×2, ACT×1, TGT×1"
790,nonsynonymous-only,0,1,10,2727,"S×3, F×2, Y×2, C×1, G×1, I×1","TTC×1648, TTT×683, TCT×338, TCG×40, GGC×5, TGT×5, ATT×4, TAT×2, AGT×1, TAC×1"
791,nonsynonymous-only,0,1,14,2934,"E×2, G×2, N×2, R×2, D×1, H×1, I×1, K×1, S×1, T×1","AGA×1728, AAA×372, AAT×338, GAT×213, CAT×207, AGG×48, AAC×5, ACA×5, AGT×5, ATT×5, GGT×4, GAG×2, GAA×1, GGC×1"
792,nonsynonymous-only,0,1,8,2457,"C×1, G×1, Q×1, R×1, S×1, T×1, W×1, Y×1","TGG×1977, GGA×368, AGA×53, ACA×40, TCA×7, CAA×5, TAT×5, TGT×2"
793,nonsynonymous-only,0,1,9,2379,"F×2, I×2, K×1, P×1, Q×1, S×1, Y×1","CCA×1643, ATA×372, TTC×213, TAT×50, TCT×48, ATT×42, CAG×5, TTT×5, AAA×1"
794,nonsynonymous-only,0,1,9,2383,"N×2, E×1, F×1, K×1, Q×1, R×1, S×1, W×1","AAT×1648, TCG×372, AAG×213, AAC×50, AGA×49, TGG×40, CAA×5, TTT×5, GAG×1"
795,nonsynonymous-only,0,1,8,2291,"Y×2, C×1, F×1, P×1, R×1, S×1, W×1","TCG×1642, TGC×372, TTT×213, TAT×55, TAC×5, CGG×2, CCG×1, TGG×1"
796,nonsynonymous-only,0,1,5,598,"F×1, L×1, N×1, R×1, T×1","TTT×372, AGG×218, AAT×5, ACT×2, TTG×1"
800,nonsynonymous-only,0,1,3,635,"L×1, N×1, S×1","TTG×420, TCT×213, AAC×2"
801,nonsynonymous-only,0,1,9,2632,"C×2, H×2, G×1, N×1, Q×1, V×1, Y×1","CAT×1856, CAC×372, TGT×338, TGC×48, TAT×10, AAC×4, GTT×2, CAA×1, GGA×1"
802,nonsynonymous-only,0,1,13,4104,"D×2, E×2, C×1, F×1, G×1, H×1, N×1, Q×1, R×1, V×1, W×1","GAC×1643, GTT×1243, GAT×389, CGT×372, TGT×213, AAT×209, GGC×21, TGG×5, CAC×4, GAG×2, CAG×1, GAA×1, TTT×1"
803,nonsynonymous-only,0,1,11,2859,"S×4, R×2, C×1, F×1, L×1, W×1, Y×1","TCG×1610, TAT×377, TGT×338, AGT×213, TGG×207, CGA×48, TCA×34, TCT×22, TTT×5, CGC×4, TTA×1"
804,nonsynonymous-only,0,1,11,4104,"I×2, N×2, T×2, A×1, C×1, G×1, R×1, Y×1","CGT×1642, ACG×1243, ATT×779, AAT×371, GCG×48, TAT×6, ATA×5, AAC×4, ACT×4, GGT×1, TGT×1"
805,nonsynonymous-only,0,1,10,4105,"P×2, S×2, D×1, F×1, G×1, H×1, N×1, Y×1","CCT×1643, CCA×1243, TAT×412, CAT×370, GAT×213, GGT×207, TTT×7, TCA×5, AAT×3, TCG×2"
806,nonsynonymous-only,0,1,9,4090,"F×2, I×2, S×2, H×1, L×1, T×1","CAT×1643, ATC×1243, TTT×400, TTC×372, ACT×213, TCT×208, ATT×5, CTT×5, AGT×1"
807,nonsynonymous-only,0,1,15,5543,"I×2, N×2, T×2, V×2, A×1, K×1, L×1, P×1, Q×1, R×1, S×1","ATT×1692, ATC×1456, ACG×755, GTT×680, ACT×372, AAC×338, AAT×208, CCT×17, AAA×7, AGA×5, GTA×5, GCT×4, AGT×2, CAA×1, TTG×1"
808,nonsynonymous-only,0,1,11,5516,"E×2, R×2, A×1, G×1, K×1, Q×1, T×1, V×1, Y×1","GAA×3452, GGG×1241, CAA×329, TAC×213, CGC×207, AAA×63, AGA×6, GAG×2, ACC×1, GCC×1, GTA×1"
809,nonsynonymous-only,0,1,12,5176,"N×2, T×2, D×1, F×1, H×1, I×1, R×1, S×1, V×1, Y×1","CAT×1850, AAT×1606, GAT×968, TAT×681, AAC×27, CGT×21, ACT×7, AGC×5, GTT×5, ATT×4, ACA×1, TTT×1"
810,nonsynonymous-only,0,1,17,3639,"F×2, G×2, I×2, K×2, S×2, T×2, V×2, A×1, C×1, Y×1","TAT×1243, AAA×755, GGA×726, ACT×303, TTT×213, GTT×207, ACC×123, GCT×35, AGT×10, ATT×6, ATC×5, GTA×4, GGT×3, TGT×2, TTC×2, AAG×1, TCC×1"
811,nonsynonymous-only,0,1,7,2174,"F×2, S×2, L×1, M×1, N×1","TTT×1618, AAC×213, AGT×212, CTT×123, TTC×6, ATG×1, TCT×1"
812,nonsynonymous-only,0,1,9,798,"C×1, E×1, F×1, G×1, I×1, L×1, N×1, S×1, Y×1","GAA×343, GGC×213, AAT×208, CTT×21, TAC×5, ATC×4, TGC×2, AGT×1, TTC×1"
815,nonsynonymous-only,0,1,3,4,"E×1, N×1, S×1","AAT×2, AGC×1, GAA×1"
816,nonsynonymous-only,0,1,6,990,"I×2, F×1, L×1, T×1, Y×1","ATC×914, ATT×51, TTT×21, CTC×2, ACT×1, TAT×1"
817,nonsynonymous-only,0,1,18,5030,"I×3, E×2, G×2, V×2, A×1, D×1, H×1, K×1, M×1, R×1, S×1, T×1, Y×1","AAA×1789, ATG×915, GAG×751, ATA×692, GCA×369, GTT×213, GGT×207, ATT×48, TAC×21, ATC×9, GGC×5, ACA×3, AGG×2, GAA×2, AGT×1, CAT×1, GAT×1, GTG×1"
818,nonsynonymous-only,0,1,10,5029,"L×2, R×2, E×1, F×1, K×1, N×1, Q×1, V×1","AAA×2016, GAA×1056, CAA×1021, CGA×684, GTA×206, AAC×34, TTG×5, TTT×4, CGC×2, TTA×1"
819,nonsynonymous-only,0,1,10,4801,"R×4, D×1, E×1, K×1, T×1, W×1, Y×1","AGA×2156, AGG×920, CGC×755, TGG×681, TAT×213, ACA×42, GAA×27, GAC×5, AAA×1, CGT×1"
820,nonsynonymous-only,0,1,20,7840,"T×4, K×2, V×2, Y×2, A×1, C×1, F×1, G×1, I×1, L×1, M×1, N×1, R×1, S×1","AGT×1699, ACC×1648, ACT×1243, TTC×1123, GCC×755, ACG×639, ATC×372, TAT×213, GTC×47, ATG×42, ACA×21, TAC×12, AAC×9, AAA×5, CTA×5, GGT×3, AAG×1, AGA×1, GTT×1, TGC×1"
821,nonsynonymous-only,0,1,15,7147,"L×4, V×3, I×2, S×2, A×1, F×1, T×1, Y×1","TTG×1868, TTA×1707, TTT×1673, TAT×1247, GTA×369, CTG×213, ACT×47, GTG×7, CTA×5, ATT×4, ATA×3, GCG×1, GTT×1, TCA×1, TCT×1"
822,nonsynonymous-only,0,1,14,8309,"L×4, R×2, V×2, C×1, F×1, I×1, Q×1, S×1, W×1","CGA×2116, GTG×1698, TTA×1629, AGG×914, CTA×763, TTT×757, TCA×377, TTG×23, TGT×21, CAA×5, ATA×2, CTG×2, GTT×1, TGG×1"
823,nonsynonymous-only,0,1,19,8310,"E×2, F×2, G×2, I×2, K×2, P×2, S×2, L×1, N×1, Q×1, R×1, T×1","ATT×2886, ATA×2613, ACA×769, CCA×680, CAA×574, GAG×372, AAG×207, TCC×99, GGA×47, TCT×24, AAA×19, AAT×5, GAA×5, TTC×5, AGA×1, CCC×1, CTA×1, GGG×1, TTT×1"
824,nonsynonymous-only,0,1,14,8304,"I×3, E×2, G×2, K×2, M×1, N×1, R×1, S×1, T×1","ATC×1699, GAA×1624, AAA×1369, AGA×1288, GAG×1243, ACT×485, ATA×213, ATT×195, GGG×132, AAC×39, AAG×13, ATG×2, AGT×1, GGA×1"
825,nonsynonymous-only,0,1,18,8301,"A×3, I×3, T×3, V×2, D×1, E×1, K×1, M×1, N×1, P×1, W×1","ACA×2943, ACG×2323, ACT×914, ATC×753, ATG×545, TGG×372, ATT×213, ATA×126, GAA×60, AAT×21, AAG×7, GCA×6, GAT×5, GCG×5, GTG×5, CCG×1, GCT×1, GTA×1"
826,nonsynonymous-only,0,1,19,4988,"G×3, R×3, A×2, E×2, V×2, K×1, M×1, N×1, Q×1, T×1, W×1, Y×1","AAA×2729, TAC×1243, CAA×372, GGT×213, ACA×206, GAA×124, GTA×43, CGC×21, CGA×6, GAG×5, GCA×5, GGA×5, GGG×5, GCT×4, AGG×2, TGG×2, AAC×1, ATG×1, GTG×1"
827,nonsynonymous-only,0,1,3,50,"I×1, P×1, S×1","TCA×47, ATC×2, CCT×1"
829,nonsynonymous-only,0,1,10,777,"T×2, F×1, I×1, L×1, M×1, R×1, S×1, V×1, Y×1","TTT×680, CTA×48, ATA×15, GTA×12, ACA×8, TAT×7, ACC×3, CGA×2, AGT×1, ATG×1"
830,nonsynonymous-only,0,1,8,2996,"L×2, P×2, S×2, Q×1, R×1","CCA×2539, TCA×303, TTG×142, TTA×7, CCG×2, CAA×1, CGA×1, TCG×1"
831,nonsynonymous-only,0,1,4,18,"I×1, M×1, R×1, T×1","AGG×12, ACT×2, ATG×2, ATT×2"
832,synonymous-only,1,0,2,13,R×2,"AGA×12, AGG×1"
835,nonsynonymous-only,0,1,7,2087,"P×2, K×1, L×1, Q×1, S×1, T×1","CCA×1378, ACA×386, CAA×304, TTA×12, CCG×4, AAA×2, TCA×1"
836,nonsynonymous-only,0,1,14,7683,"K×2, N×2, V×2, E×1, G×1, I×1, M×1, R×1, S×1, T×1, Y×1","AAC×1740, ATG×1643, AAA×1435, AGA×1251, AAG×891, GAG×372, GGA×211, ATA×123, ACA×5, AGC×5, TAT×4, AAT×1, GTA×1, GTT×1"
837,nonsynonymous-only,0,1,17,7398,"T×3, E×2, N×2, Q×2, V×2, A×1, G×1, I×1, K×1, M×1, R×1","AAA×3091, ACT×1702, ACG×1240, CAG×914, GGG×213, ATA×207, GAA×17, ATG×3, ACA×2, AGG×2, AAC×1, AAT×1, CAA×1, GAG×1, GCT×1, GTA×1, GTG×1"
838,nonsynonymous-only,0,1,15,7055,"L×5, S×4, F×2, A×1, I×1, P×1, Q×1","TTT×2072, TTC×1670, TCC×1228, TCT×924, TCA×686, TCG×214, CAA×206, ATT×40, CTA×4, TTA×4, GCA×2, TTG×2, CCG×1, CTG×1, CTT×1"
839,nonsynonymous-only,0,1,18,6355,"L×4, I×3, F×2, G×2, T×2, E×1, P×1, R×1, W×1, Y×1","TGG×1680, ACG×1643, CCG×1243, ATA×916, TTC×372, ATT×246, TTT×218, TTA×12, ATC×5, GAA×5, GGA×5, CGG×2, CTT×2, TTG×2, ACA×1, CTG×1, GGT×1, TAT×1"
840,nonsynonymous-only,0,1,16,6143,"G×2, I×2, L×2, T×2, A×1, C×1, D×1, F×1, K×1, Q×1, S×1, Y×1","TGC×1650, ACT×1643, TAC×1286, AAA×914, TTT×412, TTA×207, ATC×12, AGT×5, GGC×4, ATT×2, CTT×2, GGA×2, ACG×1, CAA×1, GAC×1, GCT×1"
841,nonsynonymous-only,0,1,7,1921,"F×2, S×2, E×1, K×1, N×1","AAC×1699, TTC×206, GAA×12, AAA×1, AGC×1, TCC×1, TTT×1"
843,nonsynonymous-only,0,1,4,425,"G×1, K×1, N×1, T×1","AAG×213, AAT×207, ACG×4, GGG×1"
844,nonsynonymous-only,0,1,4,425,"I×2, R×1, S×1","CGC×213, ATC×207, ATT×4, AGT×1"
845,nonsynonymous-only,0,1,3,421,"E×1, K×1, R×1","GAA×213, AAG×207, AGG×1"
846,nonsynonymous-only,0,1,6,426,"I×2, K×1, N×1, R×1, T×1","AAA×214, ATT×164, AAT×42, ATA×4, ACT×1, AGA×1"
847,nonsynonymous-only,0,1,8,843,"L×2, Q×2, R×2, S×1, V×1","CAA×371, GTT×213, CGT×206, TCA×40, CTA×9, CTT×2, AGA×1, CAG×1"
848,nonsynonymous-only,0,1,5,1625,"L×3, H×1, K×1","TTG×1243, CTT×372, CAT×5, CTG×4, AAA×1"
849,nonsynonymous-only,0,1,9,3204,"L×3, I×1, K×1, M×1, Q×1, R×1, T×1","CTG×1583, TTG×816, CAA×372, TTA×220, ATG×206, ATA×4, AAG×1, ACT×1, CGA×1"
850,nonsynonymous-only,0,1,10,4233,"A×1, C×1, E×1, F×1, H×1, I×1, K×1, L×1, R×1, Y×1","CGT×1642, TTT×1243, GCA×755, GAA×367, TGT×207, AAA×6, CTT×6, TAT×5, ATT×1, CAT×1"
851,nonsynonymous-only,0,1,14,6586,"L×3, A×2, I×2, S×2, K×1, M×1, P×1, Q×1, T×1","TCA×1964, TTA×1944, CCA×804, ATG×767, CTA×438, ACA×369, TTG×158, TCG×127, ATA×8, CAA×2, GCA×2, AAA×1, ATC×1, GCG×1"
852,nonsynonymous-only,0,1,14,6799,"L×4, F×2, P×2, S×2, A×1, H×1, I×1, T×1","ATT×2072, TCT×1712, CCC×1227, GCT×962, TTT×557, TTA×123, TTG×50, CCT×49, CAC×16, CTC×12, TTC×7, TCC×6, CTT×5, ACC×1"
853,nonsynonymous-only,0,1,18,6687,"L×5, I×2, P×2, D×1, F×1, H×1, M×1, S×1, T×1, V×1, W×1, Y×1","ATT×3154, TTT×1800, TGG×619, CTG×513, CTT×373, CCT×50, GTT×44, TTG×43, CCG×32, TCT×26, CTA×12, ATG×7, TTA×6, ACT×2, ATC×2, CAT×2, GAC×1, TAT×1"
854,nonsynonymous-only,0,1,14,3756,"E×2, I×2, K×2, Q×2, F×1, H×1, M×1, N×1, R×1, T×1","AAT×1668, AAA×1025, AAG×552, GAA×372, ATG×47, GAG×40, CAT×25, CAA×7, ATC×5, CAG×5, TTT×4, ACT×3, AGG×2, ATA×1"
856,nonsynonymous-only,0,1,6,769,"G×2, E×1, K×1, L×1, S×1","AGC×338, TTG×213, GGT×207, GAA×5, GGA×5, AAG×1"
857,nonsynonymous-only,0,1,6,772,"N×2, I×1, K×1, P×1, R×1","AAT×338, CCA×213, AGA×207, AAA×7, ATT×6, AAC×1"
858,nonsynonymous-only,0,1,9,848,"I×2, L×2, E×1, F×1, P×1, R×1, V×1","GAA×339, ATC×213, ATA×207, CCG×50, TTG×26, CGT×5, TTT×5, GTG×2, CTA×1"
859,nonsynonymous-only,0,1,16,4984,"F×2, H×2, S×2, A×1, C×1, E×1, G×1, I×1, L×1, N×1, R×1, T×1, Y×1","TAT×1885, ACC×1696, CAT×753, TGC×339, CAC×213, AGT×50, TTC×21, AAT×12, TTT×5, GAA×3, CTT×2, ATT×1, CGT×1, GCC×1, GGT×1, TCC×1"
860,nonsynonymous-only,0,1,18,5054,"F×2, K×2, L×2, P×2, Y×2, E×1, G×1, H×1, N×1, Q×1, S×1, T×1, V×1","CCG×1850, TCA×1694, CTG×728, TAC×339, GAG×213, AAG×123, TTG×27, AAT×25, ACA×21, CCA×8, TAT×6, AAA×5, CAG×5, CAT×5, TTT×2, GGA×1, GTG×1, TTC×1"
861,nonsynonymous-only,0,1,15,5108,"S×3, C×2, N×2, Y×2, D×1, F×1, H×1, L×1, R×1, V×1","AAC×1699, CAC×1642, GAT×755, TTT×466, TAC×214, CGG×207, TGT×52, GTT×25, AGC×21, TAT×11, CTT×6, AGT×5, AAT×3, TCT×1, TGC×1"
862,nonsynonymous-only,0,1,10,3443,"E×2, I×2, T×2, D×1, K×1, N×1, Y×1","GAT×2307, ACA×750, AAT×214, ATC×123, GAA×30, GAG×5, TAT×5, ATA×4, AAA×3, ACC×2"
863,nonsynonymous-only,0,1,12,3397,"C×2, T×2, H×1, K×1, L×1, P×1, R×1, S×1, W×1, Y×1","AAA×1643, CCG×755, ACG×339, ACA×215, TCA×207, TGG×129, TGT×50, CAC×25, TAT×23, TGC×5, TTA×5, CGG×1"
864,nonsynonymous-only,0,1,11,5106,"R×2, S×2, A×1, C×1, D×1, K×1, N×1, T×1, V×1","AGG×2032, AGC×1699, ACA×785, AGA×217, AGT×208, AAA×135, TGT×21, AAC×5, GAT×2, GCG×1, GTA×1"
865,nonsynonymous-only,0,1,12,4983,"F×2, G×2, S×2, A×1, C×1, D×1, N×1, T×1, Y×1","AGC×1648, GCG×1643, GGT×755, GAT×347, AGT×264, TAT×262, TGT×30, ACA×21, AAT×6, GGC×5, TTC×1, TTT×1"
866,nonsynonymous-only,0,1,11,2886,"K×2, N×2, E×1, G×1, I×1, S×1, T×1, V×1, Y×1","AAC×2419, GTA×213, AAA×207, ACA×25, AAT×5, ATT×5, TAC×5, GGT×3, GAA×2, AAG×1, AGT×1"
867,nonsynonymous-only,0,1,11,2158,"T×2, C×1, D×1, F×1, G×1, I×1, L×1, N×1, R×1, Y×1","ACT×1697, GGT×213, GAT×207, CGT×25, AAT×5, TGT×5, CTT×2, ACG×1, ATT×1, TAT×1, TTT×1"
868,nonsynonymous-only,0,1,12,4582,"F×2, S×2, Y×2, C×1, D×1, H×1, I×1, T×1, V×1","CAC×1699, TTT×1643, TTC×755, ATT×232, GAT×213, TGC×21, ACA×5, AGT×5, TAT×5, TCG×2, GTC×1, TAC×1"
869,nonsynonymous-only,0,1,8,2937,"L×3, C×1, K×1, R×1, W×1, Y×1","TGG×2660, TTA×240, AAG×21, CTA×5, TGC×5, TTG×4, CGG×1, TAT×1"
870,nonsynonymous-only,0,1,9,4134,"L×3, I×2, P×2, C×1, R×1","TTG×1700, CCG×1643, CGG×755, ATA×21, ATC×5, TGC×5, CCA×2, TTA×2, CTA×1"
871,nonsynonymous-only,0,1,7,2430,"L×2, S×2, F×1, P×1, T×1","CCT×1643, TCA×755, TTT×21, ACA×5, CTC×3, CTA×2, TCT×1"
872,nonsynonymous-only,0,1,7,2429,"T×2, A×1, I×1, L×1, S×1, W×1","TTG×1664, ACG×705, GCG×48, ATT×5, AGT×3, ACA×2, TGG×2"
874,nonsynonymous-only,0,1,2,7,"F×1, S×1","TCC×5, TTT×2"
878,nonsynonymous-only,0,1,2,417,"K×1, R×1","AAG×412, AGG×5"
879,nonsynonymous-only,0,1,2,377,"H×1, P×1","CCA×372, CAT×5"
880,nonsynonymous-only,0,1,2,6,"I×1, T×1","ATA×5, ACA×1"
881,synonymous-only,1,0,2,6,F×2,"TTT×5, TTC×1"
882,nonsynonymous-only,0,1,2,6,"F×1, V×1","GTT×5, TTC×1"
883,nonsynonymous-only,0,1,3,501,"Q×2, H×1","CAA×373, CAT×123, CAG×5"
884,nonsynonymous-only,0,1,6,1416,"A×1, K×1, M×1, N×1, Q×1, T×1","AAC×914, CAA×372, ACA×123, AAA×5, ATG×1, GCA×1"
885,nonsynonymous-only,0,1,7,1419,"D×1, E×1, I×1, Q×1, R×1, V×1, W×1","GAT×915, GTA×372, AGA×123, TGG×5, GAG×2, ATA×1, CAA×1"
886,nonsynonymous-only,0,1,14,6077,"R×3, G×2, K×2, S×2, A×1, H×1, I×1, M×1, T×1","AAA×1704, TCA×1627, AGA×1248, CGA×915, GGC×372, AGG×123, GGA×56, TCC×16, ATG×5, AAG×4, ATA×3, CAT×2, ACG×1, GCA×1"
887,nonsynonymous-only,0,1,10,6845,"G×2, S×2, I×1, K×1, N×1, R×1, V×1, Y×1","AAT×3858, AGT×2082, AGC×755, AAA×127, GGT×6, ATT×5, GTT×5, TAT×5, AGG×1, GGC×1"
888,nonsynonymous-only,0,1,17,7060,"S×3, G×2, I×2, Y×2, A×1, C×1, F×1, L×1, N×1, P×1, Q×1, R×1","ATT×1703, ATC×1648, TGC×1243, TAT×914, CTT×755, CGC×372, AGC×213, AAC×131, GGG×50, TAC×12, CAA×5, TCG×5, TTC×5, CCT×1, GCT×1, GGC×1, TCT×1"
889,nonsynonymous-only,0,1,16,7419,"R×4, G×3, K×2, D×1, E×1, M×1, P×1, Q×1, W×1, Y×1","TGG×1701, GGA×1634, GAA×1235, ATG×914, AAG×771, CGG×371, AGG×213, AAA×190, AGA×184, CGA×181, GGG×10, CAA×5, TAT×5, CCA×3, GAT×1, GGT×1"
890,nonsynonymous-only,0,1,19,7667,"I×3, T×3, A×2, F×2, R×2, D×1, K×1, L×1, M×1, P×1, S×1, V×1","TTT×1998, CCT×1699, ATT×1659, ACT×1302, ACG×372, GTT×213, AGT×207, AAG×124, GCT×43, CTT×21, AGG×10, ATC×5, GAT×5, ATA×2, ATG×2, TTC×2, ACA×1, CGT×1, GCC×1"
891,nonsynonymous-only,0,1,17,7539,"A×3, I×3, N×2, S×2, V×2, D×1, F×1, G×1, L×1, T×1","ATT×2006, ATC×1648, GTC×1645, GTT×965, AGT×540, ACT×434, AAC×206, GCT×40, AGC×39, AAT×5, GCC×5, ATA×1, CTT×1, GAC×1, GCA×1, GGT×1, TTT×1"
892,nonsynonymous-only,0,1,14,6722,"A×2, G×2, N×2, R×2, S×2, E×1, I×1, K×1, T×1","AAA×2072, AGT×1664, AGA×1242, AAC×914, AAT×755, ACA×40, ATT×17, AGG×6, GAA×5, AGC×3, GCC×1, GCT×1, GGG×1, GGT×1"
893,nonsynonymous-only,0,1,2,10,"D×1, N×1","AAT×5, GAT×5"
894,nonsynonymous-only,0,1,4,1654,"C×1, E×1, Q×1, R×1","TGC×1146, CGC×502, GAA×5, CAG×1"
895,nonsynonymous-only,0,1,5,1679,"A×1, D×1, F×1, I×1, K×1","GAT×1643, AAA×21, ATT×10, TTT×4, GCA×1"
896,nonsynonymous-only,0,1,3,1648,"C×1, K×1, R×1","TGT×1642, AAA×5, CGT×1"
897,nonsynonymous-only,0,1,5,2407,"L×2, P×2, S×1","CCT×1643, CCA×755, TCG×5, TTA×3, TTG×1"
898,nonsynonymous-only,0,1,8,2574,"L×3, S×3, F×2","TTC×1643, CTA×755, TCC×141, TTT×22, TTA×5, TCT×4, TTG×3, TCA×1"
899,nonsynonymous-only,0,1,5,2574,"C×2, S×2, Y×1","TCT×1808, TCA×755, TAC×5, TGT×5, TGC×1"
900,nonsynonymous-only,0,1,5,2564,"F×2, I×1, Q×1, V×1","TTC×1643, CAA×755, TTT×142, ATT×21, GTT×3"
901,nonsynonymous-only,0,1,5,2568,"G×2, E×1, N×1, R×1","AAC×2399, GGC×133, GGA×29, AGA×4, GAA×3"
902,nonsynonymous-only,0,1,5,2545,"K×1, Q×1, R×1, V×1, W×1","AGG×1643, CAG×755, TGG×140, AAG×4, GTG×3"
904,nonsynonymous-only,0,1,2,1644,"L×1, P×1","CCA×1643, TTA×1"
905,nonsynonymous-only,0,1,3,1644,"E×1, G×1, K×1","GAA×1625, AAA×18, GGG×1"
906,nonsynonymous-only,0,1,3,1648,"E×1, I×1, T×1","ACA×1643, GAG×4, ATA×1"
907,nonsynonymous-only,0,1,2,1649,"N×1, R×1","AAT×1644, AGA×5"
910,nonsynonymous-only,0,1,3,1647,"F×1, N×1, R×1","AAC×1642, AGG×4, TTT×1"
911,nonsynonymous-only,0,1,3,1647,"I×1, L×1, S×1","TCA×1642, ATA×4, TTA×1"
912,nonsynonymous-only,0,1,3,1647,"F×2, V×1","GTC×1642, TTT×4, TTC×1"
913,nonsynonymous-only,0,1,3,1643,"G×1, R×1, V×1","GGA×1639, AGA×3, GTT×1"
914,nonsynonymous-only,0,1,4,2907,"N×2, D×1, P×1","AAC×1658, GAT×1243, AAT×5, CCT×1"
915,nonsynonymous-only,0,1,7,2917,"I×2, V×2, A×1, C×1, S×1","GTT×1640, ATT×1245, ATC×14, GTC×7, TCC×5, TGC×5, GCC×1"
916,nonsynonymous-only,0,1,5,2896,"S×2, I×1, M×1, N×1","AGC×1642, ATC×1243, AAC×5, AGT×5, ATG×1"
917,nonsynonymous-only,0,1,4,1653,"I×2, A×1, S×1","GCA×1642, AGC×5, ATA×5, ATT×1"
918,nonsynonymous-only,0,1,3,1653,"F×1, I×1, T×1","ATT×1643, ACT×5, TTT×5"
919,nonsynonymous-only,0,1,8,1851,"F×2, I×2, S×2, G×1, L×1","TCC×1642, TCA×123, ATT×50, TTT×21, GGA×5, TTC×5, ATA×4, CTA×1"
920,nonsynonymous-only,0,1,6,1851,"P×2, A×1, D×1, R×1, S×1","GAT×1642, TCA×123, AGA×50, CCT×21, CCA×11, GCA×4"
921,nonsynonymous-only,0,1,10,2611,"L×2, S×2, Y×2, I×1, K×1, M×1, R×1","TAC×1642, TAT×755, ATG×124, TTG×50, CGT×20, ATA×5, TCA×5, TTA×5, AAA×4, AGT×1"
922,nonsynonymous-only,0,1,15,3661,"S×3, L×2, T×2, Y×2, E×1, F×1, G×1, H×1, I×1, R×1","CAT×1642, TAC×755, AGT×372, ACT×339, CTC×213, TCA×207, TAT×50, AGG×40, TTT×21, ACA×6, AGC×5, TTA×5, GAA×4, ATT×1, GGT×1"
923,nonsynonymous-only,0,1,10,3798,"F×2, S×2, Y×2, C×1, H×1, I×1, R×1","TTC×1856, TTT×1443, CAT×369, TGT×88, TCT×26, ATT×5, TAT×4, TCG×4, CGT×2, TAC×1"
924,nonsynonymous-only,0,1,13,748,"K×2, R×2, E×1, G×1, I×1, L×1, M×1, Q×1, S×1, T×1, Y×1","AGA×339, AAA×309, AGG×51, CAA×21, AAG×5, ATG×5, ATT×5, TTG×5, ACA×4, GAA×1, GGA×1, TAT×1, TCA×1"
925,nonsynonymous-only,0,1,13,4454,"D×2, I×2, N×2, V×2, A×1, G×1, K×1, M×1, T×1","AAT×1643, ATT×995, ATG×755, AAC×681, GCC×207, GAT×141, AAA×21, GGT×4, GAC×3, ACA×1, ATC×1, GTC×1, GTT×1"
926,nonsynonymous-only,0,1,13,4244,"E×2, G×2, N×2, S×2, Y×2, D×1, K×1, T×1","AGC×1969, GGT×461, AAC×459, TAC×372, AAT×344, AGT×223, GAG×213, ACA×141, GAA×50, TAT×5, GGC×4, GAT×2, AAG×1"
927,nonsynonymous-only,0,1,10,2554,"D×2, K×2, A×1, E×1, I×1, L×1, N×1, T×1","GAC×1640, ATA×755, AAA×143, GAT×5, TTA×5, AAC×2, AAG×1, ACA×1, GAA×1, GCA×1"
928,nonsynonymous-only,0,1,10,2554,"L×2, R×2, A×1, E×1, K×1, M×1, P×1, V×1","AGA×863, CGA×779, CTG×753, GAA×141, TTA×10, ATG×3, CCG×2, AAA×1, GCA×1, GTA×1"
929,nonsynonymous-only,0,1,7,2550,"C×1, L×1, N×1, P×1, R×1, S×1, W×1","TCA×1642, CTG×755, CGT×110, TGT×31, CCA×10, AAC×1, TGG×1"
930,nonsynonymous-only,0,1,6,766,"F×1, L×1, P×1, S×1, T×1, V×1","CCT×745, CTT×10, ACT×5, TCT×4, GTT×1, TTT×1"
931,nonsynonymous-only,0,1,4,11,"A×1, K×1, R×1, S×1","AAA×5, TCT×4, CGT×1, GCT×1"
932,nonsynonymous-only,0,1,3,10,"E×1, G×1, K×1","AAA×5, GGT×4, GAA×1"
933,nonsynonymous-only,0,1,3,10,"N×1, P×1, S×1","AAT×5, TCT×4, CCT×1"
934,nonsynonymous-only,0,1,3,10,"L×2, A×1","GCC×5, CTA×4, CTT×1"
935,nonsynonymous-only,0,1,3,10,"E×1, K×1, V×1","GAA×5, AAA×4, GTA×1"
936,nonsynonymous-only,0,1,3,10,"D×1, Q×1, V×1","GTA×5, CAA×4, GAT×1"
937,nonsynonymous-only,0,1,3,10,"D×1, L×1, Y×1","TAT×5, GAT×4, TTA×1"
938,nonsynonymous-only,0,1,3,10,"I×1, N×1, T×1","AAT×5, ACT×4, ATT×1"
939,nonsynonymous-only,0,1,3,10,"M×1, Q×1, S×1","CAA×5, TCA×4, ATG×1"
940,nonsynonymous-only,0,1,3,10,"G×1, I×1, R×1","AGA×5, GGA×4, ATT×1"
941,nonsynonymous-only,0,1,2,10,"L×1, V×1","GTA×9, TTA×1"
942,nonsynonymous-only,0,1,3,10,"A×1, S×1, V×1","TCT×5, GTT×4, GCT×1"
943,nonsynonymous-only,0,1,3,10,"D×1, E×1, G×1","GAA×5, GAT×4, GGA×1"
944,nonsynonymous-only,0,1,2,10,"I×1, L×1","TTA×9, ATA×1"
945,nonsynonymous-only,0,1,2,9,"I×1, L×1","ATT×5, TTA×4"
946,nonsynonymous-only,0,1,2,10,"K×1, N×1","AAT×6, AAA×4"
947,nonsynonymous-only,0,1,2,10,"D×1, F×1","GAT×5, TTT×5"
948,nonsynonymous-only,0,1,3,10,"D×2, P×1","CCT×5, GAC×4, GAT×1"
949,nonsynonymous-only,0,1,3,10,"K×1, P×1, W×1","AAA×5, CCA×4, TGG×1"
950,nonsynonymous-only,0,1,2,10,"R×1, Y×1","AGA×5, TAT×5"
951,nonsynonymous-only,0,1,3,10,"A×1, D×1, V×1","GAT×5, GTA×4, GCT×1"
952,nonsynonymous-only,0,1,2,9,"E×1, K×1","AAA×5, GAG×4"
953,nonsynonymous-only,0,1,3,132,"S×2, F×1","TCC×123, TCT×5, TTT×4"
954,nonsynonymous-only,0,1,4,133,"N×2, K×1, M×1","AAC×123, AAA×5, ATG×4, AAT×1"
955,nonsynonymous-only,0,1,3,128,"A×2, T×1","GCT×123, ACA×4, GCC×1"
956,nonsynonymous-only,0,1,10,3989,"L×3, A×1, F×1, H×1, I×1, S×1, W×1, Y×1","ATA×1699, CAT×1242, TCT×914, TTC×123, GCC×4, TGG×2, TTG×2, CTC×1, CTT×1, TAT×1"
957,nonsynonymous-only,0,1,7,4248,"A×1, D×1, L×1, N×1, Q×1, R×1, W×1","AGA×2538, GAT×1700, CAA×5, TGG×2, AAT×1, GCA×1, TTA×1"
958,nonsynonymous-only,0,1,13,7089,"S×5, A×2, P×2, C×1, D×1, N×1, T×1","TCC×2395, GCG×1437, TCA×1246, TCT×914, CCG×680, ACG×262, TCG×141, TGC×5, CCA×3, AGC×2, GCA×2, AAT×1, GAT×1"
959,nonsynonymous-only,0,1,15,7219,"R×3, G×2, K×2, C×1, E×1, H×1, I×1, N×1, Q×1, S×1, Y×1","CAC×1699, AGA×1683, AGG×1243, AAG×914, CAA×755, CGA×683, AAA×146, TGC×52, TAT×25, AAT×5, ATA×5, GGA×5, TCG×2, GAA×1, GGT×1"
960,nonsynonymous-only,0,1,13,6871,"K×2, N×2, R×2, D×1, E×1, M×1, Q×1, S×1, T×1, W×1","AGA×1695, AAG×1649, AAA×1636, AAC×805, AGC×680, TGG×213, AAT×145, GAA×26, GAT×7, ATG×5, CAG×5, CGA×4, ACA×1"
961,nonsynonymous-only,0,1,15,7761,"I×3, L×2, V×2, C×1, D×1, F×1, K×1, M×1, N×1, Q×1, R×1","TTT×2559, GTC×1828, ATT×1248, ATC×676, GAC×665, ATA×340, CTT×213, TTG×128, CGA×47, AAA×29, AAC×21, CAG×2, GTT×2, TGC×2, ATG×1"
962,nonsynonymous-only,0,1,12,7385,"R×3, H×2, Q×2, D×1, E×1, K×1, N×1, W×1","CAA×4226, GAT×1243, GAA×1121, CAT×681, TGG×50, AGA×48, CAG×6, AAT×5, CGA×2, AAG×1, CAC×1, CGT×1"
963,nonsynonymous-only,0,1,8,3816,"E×2, K×2, Q×1, S×1, V×1, W×1","GTG×1699, GAG×914, AAA×791, CAA×360, GAA×42, AAG×5, TGG×3, TCA×2"
964,nonsynonymous-only,0,1,22,5264,"A×3, S×3, G×2, L×2, T×2, C×1, F×1, H×1, I×1, K×1, M×1, P×1, Q×1, R×1, V×1","ATT×1699, TCA×1586, TGT×916, AGA×339, AGC×207, GCT×141, TTG×141, CCA×56, AGT×53, GGT×50, GCA×37, GTT×9, GCG×8, ATG×6, CTT×4, GGA×4, AAA×2, TTT×2, ACA×1, ACT×1, CAA×1, CAC×1"
965,nonsynonymous-only,0,1,17,5869,"G×3, E×2, I×2, N×2, D×1, H×1, K×1, L×1, M×1, R×1, S×1, V×1","GGA×1642, AAT×1463, GGC×1356, GAT×371, GGT×368, AAG×218, ATT×186, TCA×141, GAG×48, CAC×40, GAA×21, ATC×5, GTT×5, CGA×2, AAC×1, ATG×1, CTT×1"
966,nonsynonymous-only,0,1,15,5026,"R×3, L×2, Q×2, A×1, D×1, E×1, H×1, K×1, S×1, W×1, Y×1","TGG×2071, CAA×1641, AGT×914, AAA×147, CAC×123, TAT×50, TTG×39, GCT×21, CAG×7, GAA×5, TTA×3, GAC×2, AGA×1, CGA×1, CGT×1"
967,nonsynonymous-only,0,1,13,5820,"G×2, N×2, R×2, E×1, K×1, Q×1, S×1, T×1, V×1, Y×1","AAA×2087, CAA×1703, ACC×919, AGA×335, CGA×247, GTA×213, GGG×128, GAA×77, GGA×53, AAT×50, AAC×6, AGC×1, TAC×1"
968,nonsynonymous-only,0,1,15,3610,"R×4, L×3, E×1, K×1, N×1, Q×1, S×1, T×1, V×1, Y×1","AGG×1642, GAG×964, TTA×546, TTG×213, AAT×147, CAA×42, AAA×28, CGA×10, CTG×5, GTA×5, AGA×3, CGG×2, ACA×1, AGT×1, TAT×1"
969,nonsynonymous-only,0,1,15,3956,"R×3, D×2, H×2, L×2, N×2, C×1, G×1, Q×1, Y×1","CAC×1475, TGC×1166, CGC×553, AAT×374, CAA×142, TAC×131, GAT×40, GAC×39, CAT×22, TTG×5, CGA×4, AAC×2, CGG×1, CTT×1, GGC×1"
970,nonsynonymous-only,0,1,13,3606,"L×3, S×2, C×1, D×1, F×1, G×1, I×1, N×1, Q×1, V×1","CTT×1642, AAT×914, GAC×372, GTT×339, TCA×213, TCT×48, GGC×40, TTT×24, CTA×5, CTC×5, ATT×2, CAA×1, TGC×1"
971,nonsynonymous-only,0,1,13,3228,"V×4, F×2, D×1, G×1, H×1, N×1, P×1, R×1, S×1","CCC×1642, TCA×914, AAT×339, GTT×207, TTT×53, GTC×40, TTC×21, GTG×5, GAT×2, GGC×2, AGG×1, CAC×1, GTA×1"
972,nonsynonymous-only,0,1,7,424,"L×2, A×1, E×1, I×1, M×1, R×1","TTG×372, TTA×41, ATG×5, ATA×2, GAG×2, AGG×1, GCA×1"
973,nonsynonymous-only,0,1,2,6,"F×1, N×1","AAT×5, TTT×1"
974,nonsynonymous-only,0,1,4,132,"H×1, R×1, W×1, Y×1","CGG×122, TAC×5, CAT×4, TGG×1"
975,nonsynonymous-only,0,1,5,133,"R×2, H×1, Q×1, S×1","CAG×123, AGG×4, CAC×3, CGC×2, AGT×1"
976,nonsynonymous-only,0,1,7,2461,"E×2, G×1, I×1, K×1, R×1, V×1","AAG×2320, GAG×123, AGG×7, ATA×5, GGA×4, GAA×1, GTT×1"
977,nonsynonymous-only,0,1,9,2467,"T×2, C×1, F×1, K×1, L×1, M×1, N×1, R×1","AAA×1642, ATG×677, CTT×123, ACT×6, TTT×6, AAC×5, TGT×4, ACG×3, AGA×1"
978,nonsynonymous-only,0,1,10,3043,"K×2, Y×2, E×1, G×1, I×1, N×1, Q×1, S×1","AAG×1663, AAA×682, GAG×340, TAT×207, ATT×123, AGT×11, AAT×6, CAA×5, TAC×5, GGA×1"
979,nonsynonymous-only,0,1,11,3254,"K×2, A×1, E×1, G×1, H×1, L×1, N×1, P×1, Q×1, S×1","AAG×1849, CCC×668, GAA×340, AGT×213, CAC×123, AAT×26, AAA×15, CTC×12, CAA×5, GGA×2, GCC×1"
980,nonsynonymous-only,0,1,15,1620,"E×2, G×2, K×2, Q×2, S×2, Y×2, N×1, R×1, T×1","CAA×656, AAT×367, GGT×211, TAT×207, GAG×123, CAG×24, AGT×7, GAA×6, GGC×5, TAC×5, AAA×4, ACT×2, AAG×1, AGA×1, TCC×1"
981,nonsynonymous-only,0,1,12,3264,"S×3, F×2, L×2, H×1, I×1, R×1, V×1, Y×1","CTG×1643, CAC×520, AGT×340, TTT×234, TCT×212, CGC×160, GTA×123, TTA×19, ATA×6, TCA×5, TAT×1, TTC×1"
982,nonsynonymous-only,0,1,12,3247,"L×5, C×2, F×2, Q×2, W×1","CTA×1643, CAG×686, CAA×340, TTA×213, TTG×207, TGC×123, TTC×21, CTT×6, TTT×5, CTC×1, TGG×1, TGT×1"
983,nonsynonymous-only,0,1,10,3257,"K×2, N×2, S×2, D×1, I×1, Q×1, V×1","AAA×1651, ATA×680, AAT×342, GTT×219, AGT×211, AAC×126, CAA×21, AGC×5, AAG×1, GAT×1"
984,nonsynonymous-only,0,1,12,3258,"G×2, L×2, V×2, E×1, I×1, K×1, M×1, S×1, T×1","TTA×2312, ATA×340, GTT×213, GGG×206, AAA×124, TCA×42, GTA×6, ATG×5, CTT×5, ACA×2, GAA×2, GGA×1"
985,nonsynonymous-only,0,1,14,4829,"I×2, K×2, R×2, T×2, A×1, G×1, L×1, Q×1, S×1, V×1","ACA×2037, GCG×1642, TTG×680, GTT×213, AAA×212, ACG×21, AGA×8, TCA×5, GGA×4, AGG×2, ATA×2, AAG×1, ATT×1, CAA×1"
986,nonsynonymous-only,0,1,14,4834,"I×2, K×2, T×2, F×1, G×1, L×1, M×1, N×1, Q×1, R×1, S×1","CTA×1699, ATG×1643, AAG×610, AAA×347, GGG×213, ACA×206, AGG×71, ATA×26, AAT×6, ATT×5, CAG×4, TCA×2, ACG×1, TTC×1"
987,nonsynonymous-only,0,1,16,4823,"E×2, I×2, K×2, R×2, T×2, A×1, G×1, M×1, P×1, Q×1, W×1","CGG×1470, ATG×1147, ACG×884, TGG×680, GCA×213, CCT×207, CAG×170, ACA×21, AAA×10, AAG×8, ATA×5, AGG×3, ATT×2, GAA×1, GAG×1, GGT×1"
988,nonsynonymous-only,0,1,10,4822,"I×3, A×2, T×2, V×2, F×1","GTT×1720, ACC×1644, ATC×686, ACT×340, GCT×213, TTT×207, ATA×5, GTA×5, ATT×1, GCC×1"
989,synonymous-only,1,0,2,218,I×2,"ATC×213, ATT×5"
993,nonsynonymous-only,0,1,2,1912,"L×1, T×1","ACA×1699, TTG×213"
994,nonsynonymous-only,0,1,7,4256,"R×4, H×1, K×1, N×1","AGA×1912, CGC×1641, CGG×679, AAT×21, AAA×1, CAC×1, CGA×1"
995,nonsynonymous-only,0,1,10,5564,"S×3, D×2, N×2, A×1, G×1, I×1","AAC×2322, AGT×2276, GAT×571, TCT×206, AGC×178, GGT×5, AAT×3, ATT×1, GAC×1, GCT×1"
996,nonsynonymous-only,0,1,8,4809,"S×2, T×2, F×1, L×1, M×1, P×1","TCC×1912, ACA×1642, TTT×888, CCA×339, ACT×21, ATG×5, TCA×1, TTG×1"
997,nonsynonymous-only,0,1,13,4581,"C×2, Q×2, G×1, H×1, K×1, L×1, N×1, P×1, R×1, S×1, Y×1","CGA×1621, TAT×1600, TGC×749, TTG×213, TCA×206, AAG×139, TGT×27, CAA×16, GGA×5, AAC×2, CAG×1, CAT×1, CCA×1"
998,nonsynonymous-only,0,1,12,5493,"L×3, P×2, T×2, A×1, F×1, G×1, I×1, M×1","ATT×1783, TTC×1699, ACT×754, ATG×699, CTA×213, ACG×193, CCA×123, GGG×21, TTA×4, GCT×2, CCG×1, CTG×1"
999,nonsynonymous-only,0,1,9,2756,"A×1, C×1, D×1, L×1, P×1, Q×1, R×1, V×1, W×1","TTG×1699, CGG×680, GCT×206, CAA×142, TGG×21, CCT×5, GAT×1, GTT×1, TGC×1"
1000,nonsynonymous-only,0,1,10,5894,"L×2, S×2, F×1, I×1, P×1, Q×1, R×1, Y×1","TCA×1700, TTG×1642, ATT×937, CGG×753, TTT×729, TAT×123, CTA×5, CAG×2, TCT×2, CCT×1"
1001,nonsynonymous-only,0,1,16,5214,"L×5, I×3, F×2, T×2, A×1, D×1, N×1, S×1","TTC×1632, ATC×1603, AAC×755, CTT×340, TTT×285, TTA×213, ATT×162, TTG×123, CTA×50, ATA×27, ACC×12, TCC×5, GCC×4, ACT×1, CTC×1, GAC×1"
1002,nonsynonymous-only,0,1,11,4399,"A×2, Y×2, C×1, I×1, K×1, N×1, Q×1, R×1, V×1","TAT×1704, AAA×1644, AAC×754, TGC×128, GCG×98, GCA×42, CAA×21, TAC×5, AGA×1, ATA×1, GTA×1"
1003,nonsynonymous-only,0,1,10,2600,"D×1, E×1, G×1, K×1, N×1, R×1, S×1, T×1, V×1, W×1","AGG×868, TGG×831, GGA×756, GTT×123, GAA×10, ACA×5, AAT×4, AAA×1, AGT×1, GAT×1"
1004,nonsynonymous-only,0,1,6,1838,"Y×2, L×1, N×1, Q×1, S×1","TAT×1022, AAT×682, AGT×124, CAA×5, TAC×4, TTA×1"
1005,nonsynonymous-only,0,1,3,10,"E×1, G×1, K×1","AAA×5, GAA×4, GGG×1"
1006,nonsynonymous-only,0,1,3,128,"I×1, R×1, S×1","AGA×123, ATT×4, AGT×1"
1007,nonsynonymous-only,0,1,5,540,"D×1, E×1, G×1, N×1, V×1","GTA×369, AAC×123, GAA×43, GAT×4, GGT×1"
1008,nonsynonymous-only,0,1,5,417,"A×1, G×1, Q×1, R×1, S×1","CGA×369, GCG×40, AGC×4, CAA×3, GGC×1"
1009,nonsynonymous-only,0,1,5,438,"R×2, L×1, T×1, W×1","AGA×372, ACA×40, TTG×21, TGG×4, AGG×1"
1010,nonsynonymous-only,0,1,9,3077,"A×2, V×2, D×1, I×1, K×1, L×1, T×1","GTT×1593, GCT×909, ATT×204, GTA×165, GAT×150, GCA×42, ACT×7, AAG×4, CTT×3"
1011,nonsynonymous-only,0,1,10,2870,"I×2, L×2, C×1, F×1, H×1, Q×1, S×1, Y×1","TAT×1653, TGT×392, TTT×341, CTT×213, CAT×141, TTA×123, ATA×4, ATC×1, CAA×1, TCT×1"
1012,nonsynonymous-only,0,1,8,1062,"F×2, S×2, L×1, R×1, V×1, Y×1","TCA×354, TTG×340, TTT×340, TAT×21, TCC×4, AGA×1, GTT×1, TTC×1"
1013,nonsynonymous-only,0,1,12,3056,"L×5, F×2, A×1, K×1, P×1, T×1, W×1","CTA×1643, TTT×374, CCT×338, ACA×213, GCA×207, TGG×143, TTA×123, AAA×5, CTC×4, TTC×3, CTT×2, TTG×1"
1014,nonsynonymous-only,0,1,13,3056,"C×2, F×2, N×2, Y×2, A×1, D×1, P×1, T×1, V×1","TGT×1976, TGC×372, GTT×213, TTT×213, ACC×140, GAT×124, GCA×5, TAC×5, AAT×4, AAC×1, CCC×1, TAT×1, TTC×1"
1015,nonsynonymous-only,0,1,10,1939,"D×2, R×2, E×1, I×1, K×1, Q×1, V×1, Y×1","CAA×1751, GAA×123, AAA×31, GTA×21, AGG×5, CGG×4, ATA×1, GAC×1, GAT×1, TAC×1"
1016,nonsynonymous-only,0,1,6,1813,"A×1, C×1, F×1, H×1, L×1, S×1","TCA×1642, GCT×141, TTT×22, CAT×6, TGC×1, TTA×1"
1017,nonsynonymous-only,0,1,9,1817,"C×1, D×1, F×1, G×1, H×1, L×1, N×1, S×1, Y×1","CAT×1642, TGT×141, TTT×21, TCT×5, AAC×4, CTT×1, GAT×1, GGC×1, TAT×1"
1018,nonsynonymous-only,0,1,5,148,"A×1, G×1, H×1, K×1, Y×1","CAT×141, GGA×4, AAA×1, GCG×1, TAC×1"
1019,nonsynonymous-only,0,1,6,1810,"F×2, G×1, I×1, N×1, S×1","TCC×1640, TTT×141, TTC×23, GGT×4, AAT×1, ATC×1"
1020,nonsynonymous-only,0,1,5,168,"A×1, C×1, G×1, I×1, R×1","GGA×141, GCC×21, TGC×4, ATT×1, CGT×1"
1021,nonsynonymous-only,0,1,3,1664,"I×1, S×1, V×1","ATT×1642, AGC×21, GTC×1"
1022,nonsynonymous-only,0,1,4,1805,"E×2, K×1, Q×1","AAG×1663, GAA×140, CAA×1, GAG×1"
1023,nonsynonymous-only,0,1,4,163,"C×1, L×1, N×1, P×1","CCA×139, AAT×21, CTA×2, TGT×1"
1024,nonsynonymous-only,0,1,2,151,"F×1, Q×1","TTC×141, CAA×10"
1025,nonsynonymous-only,0,1,4,1809,"F×1, L×1, S×1, Y×1","TAT×1642, TCT×141, CTT×21, TTC×5"
1026,nonsynonymous-only,0,1,7,1809,"G×2, R×2, F×1, L×1, W×1","CGG×1630, GGG×140, TTC×21, TGG×12, CGC×3, TTA×2, GGA×1"
1027,nonsynonymous-only,0,1,8,3510,"L×4, M×1, P×1, S×1, V×1","CTA×1781, TCG×1556, TTG×146, CCG×21, ATG×2, TTA×2, CTG×1, GTA×1"
1028,nonsynonymous-only,0,1,16,4495,"D×2, I×2, S×2, Y×2, C×1, E×1, F×1, G×1, H×1, L×1, N×1, T×1","GGC×1698, TAC×1641, CAC×340, TAT×215, TTC×211, GAC×141, ACC×123, ATT×50, AAC×47, GAG×6, ATC×5, CTT×5, TGT×5, AGC×4, GAT×3, TCT×1"
1029,nonsynonymous-only,0,1,12,4436,"L×5, P×2, V×2, A×1, S×1, Y×1","CCA×1699, TCG×1642, TTA×407, CTA×218, CTT×213, CCG×141, CTG×60, GTA×25, TAT×21, TTG×6, GTT×3, GCG×1"
1030,nonsynonymous-only,0,1,7,1803,"L×2, S×2, F×1, I×1, Y×1","TCT×1642, ATT×147, TTT×7, TTG×3, TCC×2, CTT×1, TAT×1"
1031,nonsynonymous-only,0,1,3,1704,"F×1, G×1, N×1","TTT×1699, AAT×3, GGT×2"
1032,nonsynonymous-only,0,1,3,5,"G×2, L×1","CTT×2, GGA×2, GGT×1"
1035,nonsynonymous-only,0,1,4,49,"G×3, D×1","GGC×42, GGG×5, GAT×1, GGT×1"
1037,nonsynonymous-only,0,1,2,124,"G×1, S×1","GGT×123, AGT×1"
1039,nonsynonymous-only,0,1,2,124,"D×1, Y×1","GAT×123, TAT×1"
1040,nonsynonymous-only,0,1,2,124,"F×1, T×1","TTT×123, ACT×1"
1041,nonsynonymous-only,0,1,2,124,"P×1, Q×1","CAG×123, CCA×1"
1042,nonsynonymous-only,0,1,2,124,"L×1, S×1","TCA×123, CTT×1"
1043,nonsynonymous-only,0,1,2,124,"C×1, N×1","AAT×123, TGT×1"
1044,nonsynonymous-only,0,1,2,124,"I×1, K×1","AAA×123, ATA×1"
1045,nonsynonymous-only,0,1,6,129,"S×2, E×1, P×1, W×1, Y×1","GAA×123, TGG×2, AGT×1, CCA×1, TAC×1, TCC×1"
1046,nonsynonymous-only,0,1,8,1743,"L×2, C×1, F×1, I×1, P×1, S×1, T×1","TCG×1240, CTT×371, ATT×124, TGC×2, TTG×2, TTT×2, ACT×1, CCA×1"
1047,nonsynonymous-only,0,1,16,5020,"H×2, I×2, N×2, R×2, S×2, C×1, E×1, G×1, K×1, L×1, M×1","AAT×1642, CGC×1232, AAC×935, TGT×372, AAA×340, ATT×213, CGA×141, ATG×123, CAC×11, AGC×3, AGT×2, CAT×2, ATC×1, GAA×1, GGC×1, TTA×1"
1048,nonsynonymous-only,0,1,12,5701,"A×2, I×2, T×2, V×2, G×1, K×1, M×1, R×1","ATG×2694, AGA×1243, ATA×911, GTA×340, GGA×213, ATC×148, GCA×124, ACA×22, ACG×2, GCC×2, AAG×1, GTG×1"
1049,nonsynonymous-only,0,1,10,5784,"I×2, N×2, S×2, T×2, L×1, R×1","AAC×3378, ATC×1266, ACC×419, ATT×373, AGT×310, AGC×31, CTT×3, AAT×2, ACA×1, CGG×1"
1050,nonsynonymous-only,0,1,11,4003,"I×2, C×1, D×1, F×1, G×1, H×1, P×1, S×1, V×1, Y×1","TAT×1224, GAT×914, CAT×634, TTT×586, ATT×341, ATC×213, CCT×67, TGT×21, AGC×1, GGG×1, GTT×1"
1051,nonsynonymous-only,0,1,6,940,"R×2, C×1, E×1, F×1, Y×1","GAG×914, CGA×21, TGC×2, CGC×1, TAT×1, TTT×1"
1052,nonsynonymous-only,0,1,2,23,"D×1, N×1","AAC×21, GAC×2"
1063,nonsynonymous-only,0,1,6,1703,"V×2, C×1, F×1, I×1, T×1","ATT×1127, GTC×340, TTT×207, TGT×21, ACT×5, GTT×3"
1064,nonsynonymous-only,0,1,10,4155,"I×3, A×1, G×1, K×1, M×1, N×1, R×1, V×1","ATT×1788, AAT×914, AGA×680, GTA×327, ATG×213, ATA×212, GCA×13, ATC×6, AAA×1, GGA×1"
1065,nonsynonymous-only,0,1,9,3602,"K×2, N×2, D×1, E×1, F×1, R×1, S×1","AAG×1641, GAT×914, AAT×681, AGT×213, GAA×123, AAC×26, TTC×2, AAA×1, AGA×1"
1066,nonsynonymous-only,0,1,7,3600,"D×1, E×1, G×1, K×1, L×1, R×1, V×1","AGA×2577, GGT×675, AAA×213, GAA×124, GAT×5, TTA×5, GTT×1"
1067,nonsynonymous-only,0,1,9,3384,"N×2, A×1, D×1, K×1, L×1, S×1, T×1, V×1","AAT×2548, AAC×667, TTA×123, ACT×21, AGT×10, GAC×9, AAA×4, GCT×1, GTG×1"
1068,nonsynonymous-only,0,1,6,3260,"A×1, G×1, L×1, Q×1, S×1, T×1","CAA×1641, GGA×915, GCA×678, TTA×21, ACA×3, AGC×2"
1069,nonsynonymous-only,0,1,3,1662,"F×1, Q×1, R×1","CGG×1614, CAG×27, TTC×21"
1070,nonsynonymous-only,0,1,2,1662,"E×1, Y×1","GAA×1641, TAC×21"
1071,nonsynonymous-only,0,1,3,1663,"G×1, K×1, S×1","AGC×1641, AAA×21, GGC×1"
1072,nonsynonymous-only,0,1,2,1663,"R×1, T×1","ACA×1642, AGA×21"
1073,nonsynonymous-only,0,1,4,1663,"S×2, D×1, N×1","AGC×1581, AAC×60, GAT×21, AGT×1"
1074,nonsynonymous-only,0,1,5,1663,"C×2, S×2, G×1","TGT×1628, TCG×21, GGT×12, AGC×1, TGC×1"
1076,nonsynonymous-only,0,1,4,1664,"I×2, R×1, S×1","ATT×1641, AGT×21, AGA×1, ATA×1"
1077,nonsynonymous-only,0,1,2,1642,"F×1, N×1","TTC×1641, AAT×1"
1078,nonsynonymous-only,0,1,2,1643,"K×1, N×1","AAA×1642, AAC×1"
1079,nonsynonymous-only,0,1,4,1664,"C×1, E×1, Q×1, R×1","CGA×1641, TGT×21, CAA×1, GAA×1"
1080,nonsynonymous-only,0,1,3,1663,"C×1, E×1, L×1","TGC×1641, CTT×21, GAA×1"
1081,nonsynonymous-only,0,1,3,1663,"A×2, T×1","ACC×1629, GCT×21, GCC×13"
1082,nonsynonymous-only,0,1,2,1594,"F×1, R×1","CGA×1573, TTC×21"
1083,nonsynonymous-only,0,1,5,1662,"Q×2, H×1, R×1, W×1","CGG×1580, TGG×56, CAC×17, CAG×5, CAA×4"
1084,nonsynonymous-only,0,1,3,1662,"P×1, R×1, S×1","CCA×1580, TCA×61, CGA×21"
1085,nonsynonymous-only,0,1,2,1662,"I×1, T×1","ATC×1641, ACC×21"
1087,nonsynonymous-only,0,1,5,1662,"R×2, C×1, H×1, T×1","CGC×1631, ACT×21, CGT×5, CAC×3, TGC×2"
1088,nonsynonymous-only,0,1,2,1662,"D×1, S×1","GAT×1641, TCT×21"
1089,nonsynonymous-only,0,1,4,1662,"S×2, D×1, G×1","GGC×1581, GAC×50, TCA×21, AGC×10"
1091,nonsynonymous-only,0,1,3,1662,"F×1, H×1, Y×1","TAT×1627, TTC×21, CAT×14"
1092,nonsynonymous-only,0,1,3,1662,"D×1, N×1, Y×1","GAT×1638, TAT×21, AAT×3"
1093,nonsynonymous-only,0,1,3,1662,"G×1, S×1, V×1","GGC×1640, AGT×21, GTC×1"
1094,nonsynonymous-only,0,1,4,1662,"C×1, R×1, S×1, Y×1","TGC×1605, CGC×36, TCC×20, TAC×1"
1095,nonsynonymous-only,0,1,2,1662,"P×1, Q×1","CCA×1641, CAA×21"
1097,nonsynonymous-only,0,1,2,1662,"N×1, W×1","TGG×1641, AAT×21"
1098,nonsynonymous-only,0,1,4,1662,"C×1, F×1, H×1, R×1","CGT×1126, TGT×513, TTT×21, CAT×2"
1099,nonsynonymous-only,0,1,2,1662,"I×1, R×1","CGG×1641, ATT×21"
1102,synonymous-only,1,0,2,1662,C×2,"TGC×1641, TGT×21"
1104,nonsynonymous-only,0,1,2,1662,"D×1, S×1","TCC×1641, GAT×21"
1106,nonsynonymous-only,0,1,2,1663,"L×1, T×1","ACA×1642, TTA×21"
1107,nonsynonymous-only,0,1,4,2556,"F×1, I×1, N×1, T×1","ACT×1620, ATT×914, AAT×21, TTT×1"
1110,nonsynonymous-only,0,1,7,142,"R×2, I×1, K×1, P×1, Q×1, T×1","ACC×123, ATA×12, AAA×2, CGA×2, AGG×1, CAA×1, CCA×1"
1111,nonsynonymous-only,0,1,13,7973,"D×2, K×2, N×2, R×2, C×1, E×1, G×1, S×1, Y×1","AAC×3929, AAT×1643, AAG×922, GAT×694, TGT×372, TAT×213, AAA×144, GAA×41, AGG×6, AGA×5, AGC×2, GAC×1, GGT×1"
1112,nonsynonymous-only,0,1,9,2592,"D×2, N×2, S×2, G×1, K×1, Y×1","AAT×1245, AGT×914, AAG×374, AAC×41, TAC×12, AGC×2, GAT×2, GAC×1, GGT×1"
1113,nonsynonymous-only,0,1,9,1348,"A×1, F×1, H×1, I×1, L×1, Q×1, R×1, S×1, Y×1","CAA×917, TCT×372, GCT×40, TTA×12, AGG×2, TAT×2, ATC×1, CAT×1, TTT×1"
1114,nonsynonymous-only,0,1,2,3,"I×1, L×1","ATC×2, CTC×1"
1115,nonsynonymous-only,0,1,3,4,"I×1, N×1, T×1","AAC×2, ACC×1, ATT×1"
1116,nonsynonymous-only,0,1,4,5,"Y×2, A×1, R×1","GCG×2, CGA×1, TAC×1, TAT×1"
1117,nonsynonymous-only,0,1,9,425,"S×2, A×1, F×1, M×1, P×1, R×1, T×1, W×1","CCT×372, AGT×40, AGG×5, ACG×2, TTT×2, ATG×1, GCG×1, TCA×1, TGG×1"
1118,nonsynonymous-only,0,1,9,426,"F×1, G×1, K×1, L×1, M×1, S×1, T×1, V×1, W×1","TTG×372, GGG×41, ACT×5, AGT×2, GTG×2, AAA×1, ATG×1, TGG×1, TTC×1"
1119,nonsynonymous-only,0,1,16,3857,"A×2, K×2, L×2, P×2, D×1, E×1, G×1, M×1, N×1, Q×1, T×1, W×1","CCG×1700, TTA×909, GGG×760, AAA×240, CAA×166, GAC×42, AAG×13, AAC×6, GAA×6, CTA×5, ATG×3, GCA×2, TGG×2, ACA×1, CCA×1, GCG×1"
1120,nonsynonymous-only,0,1,18,7994,"R×3, E×2, I×2, K×2, N×2, Q×2, S×2, H×1, P×1, T×1","AAA×3700, CAG×1701, GAA×914, AAC×752, AGG×383, AAG×207, CAA×145, AGA×54, ATC×47, AGT×41, ATA×21, GAG×12, TCG×5, CAC×4, CGA×4, AAT×2, ACA×1, CCA×1"
1121,nonsynonymous-only,0,1,21,8547,"L×6, I×3, T×3, V×3, F×2, A×1, E×1, M×1, P×1","GCA×2593, ACA×1765, ACG×1239, TTA×1107, GTG×685, GTA×405, CTA×213, CTT×207, TTC×141, ATG×53, CTC×42, GTT×40, TTG×22, CTG×11, ATA×6, ATC×6, ACT×4, ATT×2, CCA×2, GAA×2, TTT×2"
1122,nonsynonymous-only,0,1,12,8547,"L×4, I×2, T×2, V×2, F×1, Y×1","ATT×2466, ACC×1691, GTT×1516, GTC×1264, ACT×763, TTT×573, CTC×206, TAT×50, CTT×8, TTA×6, ATC×2, TTG×2"
1123,nonsynonymous-only,0,1,24,8496,"V×4, C×2, D×2, F×2, G×2, I×2, L×2, N×2, A×1, E×1, H×1, Q×1, R×1, S×1","AAT×1699, TCT×1642, GCA×1243, GAC×914, TGT×755, GTA×682, TTA×546, CAT×372, TTT×362, GTC×123, ATT×50, GGT×48, CGA×21, GAT×16, ATC×7, AAC×6, CAA×2, GTT×2, CTC×1, GAA×1, GGA×1, GTG×1, TGC×1, TTC×1"
1124,nonsynonymous-only,0,1,14,6170,"L×4, Q×2, S×2, A×1, E×1, I×1, K×1, P×1, W×1","TTG×1603, CAG×945, TGG×914, CAA×766, AAA×680, TTA×428, CTA×395, CTG×219, CCA×207, ATA×7, GCG×2, TCT×2, GAA×1, TCA×1"
1125,nonsynonymous-only,0,1,21,7078,"L×4, I×3, A×2, K×2, T×2, V×2, D×1, F×1, H×1, M×1, R×1, Y×1","ATC×1700, AAG×1641, TTT×1291, GTC×914, ATT×681, ACG×338, CAC×213, CTC×207, TAT×50, TTG×12, CTG×10, AAA×5, CTA×4, ACA×2, AGA×2, ATA×2, GAT×2, ATG×1, GCA×1, GCC×1, GTG×1"
1126,nonsynonymous-only,0,1,16,5627,"T×3, A×2, L×2, P×2, D×1, E×1, I×1, K×1, M×1, N×1, R×1","GAA×1699, ACA×1639, CTG×1228, ATG×914, ACC×52, CGG×50, AAA×15, CCG×13, ACG×5, GAT×4, ATA×2, GCG×2, AAT×1, CCT×1, GCA×1, TTA×1"
1128,nonsynonymous-only,0,1,7,3169,"K×2, A×1, L×1, N×1, S×1, V×1","TTA×2396, GTG×340, AAA×218, AAG×207, AAT×6, GCA×1, TCT×1"
1129,nonsynonymous-only,0,1,11,3292,"T×3, L×2, E×1, F×1, I×1, P×1, R×1, V×1","CTC×1643, CCC×757, ACG×291, GAG×213, ATA×206, ACC×124, ACA×49, GTT×6, AGA×1, TTA×1, TTC×1"
1130,nonsynonymous-only,0,1,12,3298,"I×3, L×3, F×2, A×1, D×1, S×1, V×1","GTT×1640, ATC×755, TTA×305, TTG×238, CTA×217, TCC×127, GCC×6, TTC×6, ATA×1, ATT×1, GAT×1, TTT×1"
1131,nonsynonymous-only,0,1,10,3292,"D×2, A×1, E×1, G×1, H×1, N×1, R×1, S×1, T×1","GCT×1820, GAA×755, AGT×340, GGA×213, CAT×123, ACT×28, AAT×7, GAC×4, AGA×1, GAT×1"
1132,nonsynonymous-only,0,1,6,1020,"F×1, K×1, L×1, R×1, S×1, W×1","TGG×755, AAA×213, CGA×28, TTT×21, TCA×2, TTG×1"
1133,synonymous-only,1,0,2,214,L×2,"TTG×213, TTA×1"
1134,nonsynonymous-only,0,1,4,559,"G×2, S×2","GGT×340, AGT×213, AGC×5, GGA×1"
1135,nonsynonymous-only,0,1,4,560,"G×2, E×1, R×1","GGA×553, GGG×5, AGA×1, GAA×1"
1136,nonsynonymous-only,0,1,4,766,"D×1, I×1, L×1, V×1","CTT×547, GAT×213, GTT×5, ATT×1"
1137,nonsynonymous-only,0,1,3,346,"A×1, R×1, V×1","GTA×340, GCA×5, AGA×1"
1138,synonymous-only,1,0,2,340,A×2,"GCG×329, GCA×11"
1139,nonsynonymous-only,0,1,3,760,"I×1, M×1, N×1","ATA×340, AAC×213, ATG×207"
1140,nonsynonymous-only,0,1,2,761,"L×1, V×1","GTG×554, TTG×207"
1141,nonsynonymous-only,0,1,3,761,"F×1, I×1, M×1","ATG×341, ATT×213, TTT×207"
1144,nonsynonymous-only,0,1,2,6,"D×1, M×1","ATG×5, GAT×1"
1145,nonsynonymous-only,0,1,6,231,"A×1, C×1, I×1, K×1, N×1, V×1","GCT×213, ATT×6, AAT×5, GTT×4, AAA×2, TGT×1"
1146,nonsynonymous-only,0,1,11,2022,"I×2, L×2, S×2, A×1, D×1, F×1, T×1, V×1","GCC×1232, ATC×511, TTA×206, ATT×47, TCC×9, TTT×6, GAC×5, ACC×2, GTC×2, TCT×1, TTG×1"
1147,nonsynonymous-only,0,1,15,5183,"G×3, D×2, E×2, N×2, R×2, S×2, K×1, W×1","AGG×1601, GAA×1243, AAG×762, AAT×682, GAT×341, AGA×237, AGT×210, AGC×47, GGG×35, GAG×12, GGA×5, GGT×5, AAC×1, GAC×1, TGG×1"
1148,nonsynonymous-only,0,1,13,4428,"R×3, I×2, K×2, N×2, G×1, L×1, M×1, T×1","AAA×1637, AGA×1298, ATA×680, CGA×340, ACA×213, GGA×209, ATT×21, AAG×12, AAC×6, AAT×5, ATG×5, CGT×1, CTA×1"
1149,nonsynonymous-only,0,1,13,4428,"I×3, L×3, F×1, K×1, M×1, N×1, T×1, V×1, Y×1","TTA×1679, ACA×1243, ATT×767, CTG×680, ATA×26, GTA×12, ATC×6, CTT×6, AAT×4, AAA×2, ATG×1, TAT×1, TTT×1"
1150,nonsynonymous-only,0,1,11,4199,"S×4, F×2, A×1, L×1, P×1, R×1, Y×1","TCC×1675, AGT×1243, TCA×680, TAT×343, CGT×213, TTC×21, TTG×16, TCT×5, CCC×1, GCC×1, TTT×1"
1151,nonsynonymous-only,0,1,10,4151,"G×2, R×2, A×1, K×1, N×1, Q×1, T×1, V×1","AGA×2874, AAA×683, ACG×341, GCA×213, AGG×17, AAT×10, CAA×6, GGT×5, GGA×1, GTT×1"
1152,nonsynonymous-only,0,1,10,4151,"T×2, A×1, G×1, I×1, K×1, M×1, N×1, P×1, R×1","AAA×1649, GCG×1243, ATG×538, CCG×341, ACA×213, ACG×148, AAT×8, ATA×5, GGA×5, AGA×1"
1153,nonsynonymous-only,0,1,13,4149,"I×2, L×2, T×2, A×1, E×1, K×1, N×1, P×1, R×1, V×1","AGA×1632, CTA×1241, ACC×671, ATA×340, AAC×213, AAA×21, ATC×10, TTA×6, GAA×5, ACA×4, GTA×3, GCA×2, CCA×1"
1154,nonsynonymous-only,0,1,8,3462,"A×2, K×2, G×1, N×1, V×1, Y×1","AAC×1626, TAC×1243, GCC×341, GCA×213, GTA×23, AAG×7, AAA×5, GGG×4"
1155,nonsynonymous-only,0,1,11,3438,"L×3, R×2, I×1, P×1, Q×1, S×1, T×1, V×1","CGA×1618, TCA×1240, ATA×341, ACA×213, AGA×8, CAA×5, CCG×5, CTT×4, GTA×2, CTA×1, CTG×1"
1156,nonsynonymous-only,0,1,4,1846,"C×1, D×1, G×1, I×1","TGT×1626, GAC×215, ATA×4, GGA×1"
1157,nonsynonymous-only,0,1,3,1844,"D×1, K×1, R×1","CGT×1626, AAG×213, GAT×5"
1158,nonsynonymous-only,0,1,3,218,"V×2, E×1","GAG×213, GTA×4, GTG×1"
1159,nonsynonymous-only,0,1,3,218,"E×1, L×1, N×1","GAA×213, AAT×4, CTT×1"
1160,nonsynonymous-only,0,1,3,218,"A×1, E×1, P×1","GAA×213, CCA×4, GCA×1"
1161,nonsynonymous-only,0,1,3,218,"K×2, R×1","AAA×213, AAG×4, AGG×1"
1166,nonsynonymous-only,0,1,2,214,"A×1, S×1","GCA×213, TCT×1"
1167,nonsynonymous-only,0,1,2,214,"E×1, G×1","GAA×213, GGA×1"
1168,nonsynonymous-only,0,1,2,214,"E×1, R×1","CGA×213, GAA×1"
1169,synonymous-only,1,0,2,1840,L×2,"TTA×1627, TTG×213"
1170,nonsynonymous-only,0,1,4,1864,"I×1, K×1, M×1, R×1","ATC×1647, CGT×213, ATG×3, AAA×1"
1171,nonsynonymous-only,0,1,5,1870,"V×2, I×1, N×1, T×1","GTC×1436, AAT×220, GTT×190, ATT×21, ACT×3"
1172,nonsynonymous-only,0,1,6,1876,"D×2, A×1, G×1, I×1, N×1","GAT×1627, ATT×218, GGT×22, AAC×6, GAC×2, GCT×1"
1173,nonsynonymous-only,0,1,7,2556,"G×3, I×2, K×1, S×1","AGT×1626, ATT×681, GGA×217, AAA×22, GGT×6, GGG×3, ATA×1"
1174,nonsynonymous-only,0,1,8,2556,"K×2, S×2, I×1, N×1, R×1, V×1","AAC×1647, AAG×680, ATA×213, AGT×10, AAA×3, AGC×1, AGG×1, GTT×1"
1175,nonsynonymous-only,0,1,5,2524,"G×1, K×1, N×1, R×1, Y×1","AAT×1627, AAG×680, AGA×213, TAT×3, GGT×1"
1176,nonsynonymous-only,0,1,5,2521,"A×1, H×1, L×1, P×1, T×1","ACC×1626, CCT×680, TTA×213, CAT×1, GCA×1"
1177,nonsynonymous-only,0,1,4,2520,"A×1, H×1, T×1, V×1","ACC×1626, GTT×680, GCT×213, CAC×1"
1178,nonsynonymous-only,0,1,7,2523,"C×2, A×1, K×1, N×1, Q×1, T×1","AAT×1626, TGT×604, AAA×213, TGC×77, ACA×1, CAA×1, GCA×1"
1179,nonsynonymous-only,0,1,11,2661,"I×3, G×2, S×2, D×1, E×1, N×1, R×1","ATT×1626, GGG×679, ATA×213, AGC×123, GAG×6, AGA×5, AAT×4, ATC×2, AGT×1, GAT×1, GGA×1"
1180,nonsynonymous-only,0,1,10,2661,"G×1, H×1, I×1, L×1, N×1, Q×1, R×1, S×1, V×1, Y×1","AAT×1625, GTC×680, CAA×214, GGA×123, CTT×6, ATT×5, CAC×5, AGT×1, CGA×1, TAC×1"
1181,nonsynonymous-only,0,1,9,4707,"A×3, V×2, C×1, F×1, I×1, R×1","GCT×3035, GTC×1243, GCA×219, TGT×123, GTT×43, GCC×27, ATT×12, AGG×4, TTC×1"
1182,nonsynonymous-only,0,1,10,4707,"F×2, I×2, L×2, P×1, S×1, V×1, Y×1","TTA×2381, ATT×1924, TTC×213, TTT×125, CTT×43, TCT×6, CCT×5, GTC×5, ATC×4, TAT×1"
1183,nonsynonymous-only,0,1,12,4490,"R×4, D×2, A×1, E×1, G×1, K×1, M×1, N×1","AAA×1636, GGA×1243, CGA×755, AAC×374, ATG×213, AGA×123, GAA×51, CGG×50, GAC×38, GCA×5, CGC×1, GAT×1"
1184,nonsynonymous-only,0,1,15,5710,"I×2, N×2, R×2, S×2, T×2, A×1, C×1, E×1, F×1, Y×1","AAT×2919, AAC×804, TAT×756, AGC×374, TGT×341, ACT×213, ATT×207, AGA×53, ACC×25, ATC×6, TTT×5, AGT×4, AGG×1, GAA×1, GCC×1"
1185,nonsynonymous-only,0,1,5,4274,"F×2, L×1, P×1, V×1","CTT×3000, TTT×1006, CCT×213, GTT×48, TTC×7"
1186,nonsynonymous-only,0,1,15,4145,"I×3, G×2, R×2, S×2, A×1, H×1, L×1, T×1, V×1, Y×1","GGC×1626, AGG×1176, ATT×561, CAT×364, GTT×207, AGT×67, GGT×53, ATC×50, CTT×25, ACT×5, TAT×5, CGT×3, AGC×1, ATA×1, GCT×1"
1187,nonsynonymous-only,0,1,5,101,"C×1, F×1, P×1, W×1, Y×1","TAC×50, TTT×48, CCG×1, TGC×1, TGG×1"
1191,nonsynonymous-only,0,1,2,3,"E×1, S×1","GAA×2, TCC×1"
1192,nonsynonymous-only,0,1,5,2002,"D×2, R×1, S×1, T×1","GAC×1618, TCC×372, GAT×10, ACC×1, AGA×1"
1193,nonsynonymous-only,0,1,9,2723,"N×2, V×2, A×1, C×1, F×1, I×1, S×1","GTG×2104, AGC×372, GCG×202, AAC×38, AAT×2, TTT×2, ATT×1, GTA×1, TGC×1"
1194,nonsynonymous-only,0,1,13,3467,"F×2, G×2, C×1, D×1, E×1, K×1, L×1, N×1, R×1, V×1, Y×1","AAA×1625, GAC×680, GGA×364, TTC×341, TTT×207, GAA×144, AAT×50, GGC×40, AGA×8, TTA×5, GTC×1, TAC×1, TGC×1"
1195,nonsynonymous-only,0,1,13,4446,"D×2, G×2, N×2, S×2, Y×2, C×1, H×1, W×1","GAT×1575, AAT×895, GGC×751, AAC×640, TAT×263, CAT×207, GAC×56, TAC×40, TGG×6, GGT×5, TGT×4, AGC×2, AGT×2"
1196,nonsynonymous-only,0,1,15,4590,"H×2, I×2, K×2, D×1, E×1, F×1, G×1, M×1, N×1, R×1, S×1, T×1","AAT×2753, CAT×679, ATA×341, GAC×213, GAG×206, AGT×142, AGA×123, ATG×55, ATT×40, AAG×22, AAA×11, GGA×2, ACA×1, CAC×1, TTT×1"
1197,nonsynonymous-only,0,1,17,4590,"S×4, N×2, T×2, A×1, F×1, G×1, I×1, P×1, Q×1, R×1, W×1, Y×1","CAA×1633, CGT×755, TAT×680, TCA×371, ATT×341, TCT×213, AAT×208, GCT×141, TCG×123, ACG×50, CCA×40, TGG×21, AGT×10, AAC×1, ACA×1, GGA×1, TTT×1"
1198,nonsynonymous-only,0,1,13,3910,"K×2, N×2, A×1, D×1, E×1, G×1, L×1, M×1, S×1, T×1, W×1","AAG×1617, TTA×755, ACG×513, TGG×341, AAT×214, GCA×213, AGT×128, GGT×50, ATG×40, AAA×34, AAC×2, GAT×2, GAG×1"
1199,nonsynonymous-only,0,1,13,3793,"I×3, N×2, V×2, F×1, K×1, R×1, S×1, T×1, Y×1","ATT×2375, ATA×440, TAT×372, ACT×213, GTA×207, ATC×69, AAA×50, TTT×40, GTT×8, AAT×6, AGC×6, AGG×5, AAC×2"
1200,nonsynonymous-only,0,1,17,3793,"A×2, C×2, G×2, I×2, S×2, V×2, D×1, E×1, K×1, N×1, T×1","GCC×1596, GTT×755, ATT×513, AAG×341, ATC×240, TGT×207, GAG×50, AAT×40, TCC×15, GGC×14, GAT×9, GGA×5, AGT×4, ACC×1, GCT×1, GTC×1, TGC×1"
1201,nonsynonymous-only,0,1,7,2509,"Y×2, C×1, F×1, K×1, L×1, W×1","TTT×1648, TGT×373, TGG×212, AAG×207, TAC×50, TAT×15, TTA×4"
1202,nonsynonymous-only,0,1,10,2846,"S×4, L×2, Y×2, H×1, P×1","TCA×1626, TCC×373, CCT×360, TCT×215, CAT×165, TTA×56, TAT×42, TAC×5, CTT×2, TCG×2"
1203,nonsynonymous-only,0,1,7,1653,"D×1, G×1, I×1, K×1, L×1, R×1, S×1","GAC×1626, AAA×21, CGA×2, AGT×1, ATT×1, CTC×1, GGA×1"
1204,nonsynonymous-only,0,1,2,2,"F×1, I×1","ATT×1, TTC×1"
1218,nonsynonymous-only,0,1,2,2,"I×1, T×1","ACT×1, ATC×1"
1219,nonsynonymous-only,0,1,3,6,"N×1, Q×1, T×1","AAT×4, ACT×1, CAA×1"
1220,nonsynonymous-only,0,1,2,6,"N×1, S×1","AAT×5, AGT×1"
1221,nonsynonymous-only,0,1,2,6,"P×1, S×1","CCT×5, TCC×1"
1222,nonsynonymous-only,0,1,2,5,"I×1, K×1","AAA×4, ATT×1"
1223,nonsynonymous-only,0,1,2,5,"C×1, G×1","GGT×4, TGT×1"
1225,synonymous-only,1,0,2,2,R×2,"AGG×1, CGA×1"
1226,nonsynonymous-only,0,1,4,383,"S×2, N×1, V×1","AGT×372, AGC×9, AAT×1, GTT×1"
1227,nonsynonymous-only,0,1,6,383,"G×2, S×2, D×1, Y×1","AGC×367, AGT×5, GGA×5, GAT×4, GGC×1, TAT×1"
1228,nonsynonymous-only,0,1,4,383,"C×1, K×1, R×1, Y×1","AGG×365, AAG×7, TGC×6, TAC×5"
1229,nonsynonymous-only,0,1,4,375,"E×1, H×1, Q×1, R×1","GAA×365, CGA×5, CAA×4, CAT×1"
1233,nonsynonymous-only,0,1,2,2,"N×1, Y×1","AAC×1, TAT×1"
1234,nonsynonymous-only,0,1,6,374,"I×3, E×1, N×1, V×1","ATA×352, GTA×12, ATC×4, ATT×4, AAT×1, GAA×1"
1235,nonsynonymous-only,0,1,16,7399,"S×4, F×2, L×2, C×1, G×1, H×1, I×1, Q×1, R×1, V×1, W×1","TGC×1701, TTG×1628, TGG×1211, TTA×933, TCT×692, CAA×372, TCA×341, ATT×213, CAC×207, TTT×60, GGG×32, TTC×5, CGC×1, GTG×1, TCC×1, TCG×1"
1236,nonsynonymous-only,0,1,17,7532,"I×3, L×3, T×3, V×3, S×2, A×1, F×1, M×1","ATC×1698, TTG×1681, ACA×1237, GTA×1127, GTG×680, GCG×349, TCG×298, ACG×236, ATG×134, GTT×50, ATA×28, TTA×6, ACT×4, ATT×1, CTA×1, TCA×1, TTC×1"
1237,nonsynonymous-only,0,1,17,7534,"L×4, A×2, F×2, S×2, T×2, V×2, I×1, N×1, P×1","ACT×1699, GCA×1592, CTT×1583, ATA×914, GCT×679, CTG×589, TTT×213, TTG×129, TTA×55, GTA×34, ACA×21, TCT×12, TTC×8, CCT×2, GTT×2, AAC×1, TCA×1"
1238,nonsynonymous-only,0,1,8,5983,"E×1, G×1, L×1, Q×1, R×1, S×1, V×1, Y×1","CAA×2402, TAC×1699, GAA×1121, GGA×570, TTA×129, TCA×50, AGG×7, GTG×5"
1239,nonsynonymous-only,0,1,10,8261,"N×2, A×1, E×1, I×1, K×1, L×1, R×1, T×1, V×1","AAA×4453, AGA×1290, GTG×1243, ATA×919, GCA×207, AAT×130, TTA×12, ACG×5, AAC×1, GAG×1"
1240,nonsynonymous-only,0,1,18,4424,"R×3, E×2, G×2, L×2, N×2, Q×2, A×1, H×1, K×1, S×1, Y×1","CAT×1680, GGG×707, CGT×688, GAG×536, GGT×213, CGA×198, CAA×140, AAC×123, TAT×50, CTA×36, CTT×19, GAA×12, AGT×7, AGA×6, AAG×5, CAG×2, AAT×1, GCT×1"
1241,nonsynonymous-only,0,1,17,5938,"D×2, L×2, Q×2, R×2, S×2, C×1, E×1, G×1, M×1, N×1, V×1, Y×1","TGT×2109, AAT×1328, CAG×1243, CTA×369, AGT×300, TAT×270, GGA×212, CGC×51, GAT×21, GAC×12, GTA×6, ATG×5, CAA×5, TTA×3, CGT×2, GAA×1, TCC×1"
1242,nonsynonymous-only,0,1,12,3622,"K×2, Y×2, C×1, F×1, H×1, L×1, N×1, Q×1, S×1, W×1","CAG×1695, TTA×1243, AAA×259, TAC×208, AAG×134, TGT×50, CAC×12, TAT×12, AAC×5, TGG×2, TCT×1, TTT×1"
1243,nonsynonymous-only,0,1,12,5875,"R×4, H×2, A×1, L×1, M×1, P×1, Q×1, S×1","CAC×1695, CCA×1626, CGG×1243, ATG×680, CTA×372, CGT×213, TCA×21, CAA×13, CAT×5, CGA×5, AGG×1, GCA×1"
1244,nonsynonymous-only,0,1,4,586,"F×1, N×1, V×1, Y×1","AAC×366, GTG×213, TAC×6, TTC×1"
1245,nonsynonymous-only,0,1,3,372,"Q×2, L×1","CAG×361, CAA×8, CTG×3"
1247,nonsynonymous-only,0,1,3,613,"G×1, Q×1, Y×1","CAA×372, TAT×240, GGA×1"
1248,nonsynonymous-only,0,1,5,618,"K×1, L×1, Q×1, R×1, W×1","CAA×392, TGG×213, CGG×10, AAA×2, TTG×1"
1249,nonsynonymous-only,0,1,7,2240,"K×2, C×1, E×1, F×1, G×1, Y×1","TGC×1619, AAG×372, TTT×213, GGA×21, GAA×11, TAC×3, AAA×1"
1250,nonsynonymous-only,0,1,4,2212,"I×1, N×1, S×1, V×1","ATT×1625, AAT×585, AGT×1, GTT×1"
1252,nonsynonymous-only,0,1,3,372,"A×1, G×1, S×1","GGC×236, GCC×131, TCC×5"
1254,nonsynonymous-only,0,1,3,372,"M×1, R×1, S×1","AGG×353, ATG×16, AGC×3"
1255,nonsynonymous-only,0,1,2,372,"K×1, R×1","AGG×243, AAG×129"
1257,nonsynonymous-only,0,1,3,372,"F×1, H×1, Y×1","TTC×364, TAC×5, CAC×3"
1258,synonymous-only,1,0,2,372,S×2,"AGC×232, AGT×140"
1260,nonsynonymous-only,0,1,4,373,"A×2, L×1, V×1","GCT×185, GCC×182, GTT×5, TTG×1"
1261,nonsynonymous-only,0,1,3,2000,"P×1, Q×1, T×1","ACA×1627, CAA×372, CCA×1"
1262,nonsynonymous-only,0,1,7,2219,"L×3, R×2, P×1, S×1","CCA×1626, CGA×357, TCT×213, AGA×15, TTA×6, CTA×1, TTG×1"
1263,nonsynonymous-only,0,1,5,2221,"T×2, V×2, N×1","AAT×1626, ACG×372, GTT×219, GTC×3, ACT×1"
1264,nonsynonymous-only,0,1,8,2224,"N×2, Y×2, A×1, D×1, H×1, K×1","TAC×1840, GCT×213, CAT×125, TAT×33, AAT×6, GAC×4, AAA×2, AAC×1"
1265,nonsynonymous-only,0,1,8,2224,"R×3, D×1, I×1, K×1, N×1, Q×1","CGA×1614, CAG×372, GAC×213, CGC×12, AAA×6, AGA×4, AAC×2, ATA×1"
1266,nonsynonymous-only,0,1,5,2221,"G×1, K×1, L×1, Q×1, W×1","CAG×1626, AAA×372, TTA×213, GGA×6, TGG×4"
1267,nonsynonymous-only,0,1,7,2347,"I×2, A×1, F×1, K×1, S×1, T×1","GCA×1741, ATA×373, ATT×213, ACA×8, AAA×6, TCC×4, TTT×2"
1268,nonsynonymous-only,0,1,6,2347,"I×2, T×2, A×1, V×1","ACT×1626, ATA×372, GCA×213, ATT×126, ACA×6, GTT×4"
1269,nonsynonymous-only,0,1,8,2347,"S×2, A×1, F×1, I×1, L×1, M×1, P×1","TCA×1626, ATA×387, TTC×213, ATG×111, GCT×4, CTA×3, TCT×2, CCA×1"
1270,nonsynonymous-only,0,1,2,214,"A×1, L×1","GCT×213, TTG×1"
1272,nonsynonymous-only,0,1,3,214,"L×2, S×1","CTA×212, AGT×1, CTG×1"
1273,nonsynonymous-only,0,1,2,214,"I×1, L×1","CTC×213, ATA×1"
1275,nonsynonymous-only,0,1,5,2051,"A×1, L×1, M×1, P×1, T×1","CCA×1626, ACA×213, GCA×207, TTA×4, ATG×1"
1276,nonsynonymous-only,0,1,2,1839,"M×1, R×1","AGA×1626, ATG×213"
1277,nonsynonymous-only,0,1,2,1839,"F×1, I×1","TTT×1626, ATT×213"
1281,nonsynonymous-only,0,1,3,218,"G×1, I×1, V×1","GGA×213, GTA×4, ATA×1"
1282,nonsynonymous-only,0,1,3,1844,"E×1, Q×1, R×1","CAA×1838, GAA×5, CGA×1"
1283,nonsynonymous-only,0,1,4,1850,"V×2, A×1, T×1","GCT×1635, GTT×213, ACT×1, GTA×1"
1284,nonsynonymous-only,0,1,4,1851,"F×1, I×1, L×1, V×1","GTT×1626, TTC×213, ATC×11, CTT×1"
1285,nonsynonymous-only,0,1,4,1846,"K×2, N×1, Y×1","TAC×1626, AAT×213, AAA×6, AAG×1"
1286,nonsynonymous-only,0,1,6,1841,"A×1, D×1, G×1, N×1, T×1, V×1","GAT×1610, GCC×213, AAT×12, GGT×4, ACC×1, GTA×1"
1287,nonsynonymous-only,0,1,5,1841,"F×2, N×2, K×1","AAC×1007, AAT×619, TTC×213, AAA×1, TTT×1"
1288,nonsynonymous-only,0,1,3,1840,"G×1, I×1, P×1","CCA×1626, GGG×213, ATA×1"
1289,nonsynonymous-only,0,1,4,2234,"E×1, G×1, L×1, N×1","GAA×1998, GGC×213, AAT×22, TTA×1"
1290,nonsynonymous-only,0,1,8,2358,"Q×2, E×1, G×1, I×1, M×1, N×1, V×1","AAT×1626, CAA×370, GTT×213, GGT×123, ATT×21, CAG×3, ATG×1, GAA×1"
1291,nonsynonymous-only,0,1,8,2358,"G×2, T×2, A×1, D×1, I×1, S×1","ACT×993, ACC×636, GCT×369, GGC×210, AGC×124, ATT×22, GGT×3, GAT×1"
1292,nonsynonymous-only,0,1,5,2564,"D×1, E×1, Q×1, V×1, Y×1","GAA×2056, GTG×372, TAT×123, CAA×12, GAC×1"
1293,nonsynonymous-only,0,1,5,2565,"L×2, S×2, T×1","TTA×1626, TCA×603, ACA×207, TCG×128, TTG×1"
1294,nonsynonymous-only,0,1,5,2440,"L×2, T×2, G×1","ACA×1652, ACG×367, CTC×213, CTA×207, GGA×1"
1295,nonsynonymous-only,0,1,3,421,"D×1, E×1, G×1","GGT×213, GAC×207, GAA×1"
1296,nonsynonymous-only,0,1,2,208,"A×1, S×1","TCC×207, GCG×1"
1298,nonsynonymous-only,0,1,10,4645,"I×2, L×2, V×2, F×1, P×1, S×1, Y×1","TTT×2463, ATT×1631, ATA×372, CCT×123, GTG×50, CTT×2, AGT×1, CTG×1, GTT×1, TAT×1"
1299,nonsynonymous-only,0,1,11,4645,"L×3, I×2, C×1, E×1, Q×1, R×1, S×1, W×1","GAA×1699, TCA×1630, TTA×464, CTG×368, TGC×213, ATT×207, ATA×51, CAG×6, CGA×5, CTA×1, TGG×1"
1300,nonsynonymous-only,0,1,9,3759,"Q×2, D×1, G×1, K×1, L×1, P×1, R×1, W×1","CAA×1700, GGG×1625, TGG×372, CAG×22, AGA×21, AAA×11, GAT×6, CCA×1, TTG×1"
1301,nonsynonymous-only,0,1,8,4128,"I×2, K×2, N×2, S×1, T×1","ATT×1646, AGT×1528, AAT×397, AAG×372, AAC×174, AAA×5, ATA×5, ACT×1"
1302,nonsynonymous-only,0,1,11,4126,"A×2, L×2, S×2, G×1, M×1, N×1, T×1, V×1","TTG×2003, GCT×1699, TCG×213, AAT×123, GGA×50, ACG×21, GTA×6, TCT×5, GCG×4, ATG×1, TTA×1"
1303,nonsynonymous-only,0,1,13,4076,"L×3, R×2, C×1, D×1, E×1, H×1, P×1, S×1, W×1, Y×1","CGA×1707, TGG×1699, GAG×372, AGA×131, TTG×123, CAC×21, TGT×6, TAT×5, TTA×5, CCA×4, AGT×1, CTG×1, GAT×1"
1304,nonsynonymous-only,0,1,6,3776,"I×2, F×1, M×1, N×1, S×1","ATT×1998, TTT×1699, ATG×51, AGT×21, ATC×6, AAT×1"
1305,nonsynonymous-only,0,1,3,1682,"I×1, K×1, Q×1","AAA×1631, ATT×50, CAG×1"
1306,nonsynonymous-only,0,1,3,1697,"D×2, F×1","GAT×1625, TTT×51, GAC×21"
1307,nonsynonymous-only,0,1,3,1646,"S×2, F×1","TCT×1613, TTC×21, TCA×12"
1308,synonymous-only,1,0,2,1646,S×2,"TCA×1625, TCG×21"
1310,nonsynonymous-only,0,1,2,1646,"K×1, M×1","ATG×1645, AAG×1"
1311,nonsynonymous-only,0,1,2,1626,"D×1, N×1","AAT×1625, GAT×1"
1312,nonsynonymous-only,0,1,3,1626,"L×2, N×1","CTA×1608, CTT×17, AAT×1"
1313,nonsynonymous-only,0,1,7,2426,"L×2, A×1, D×1, F×1, S×1, T×1","TTA×1838, GAT×346, GCA×208, TTG×21, TCA×6, ACA×4, TTT×3"
1314,nonsynonymous-only,0,1,9,2405,"A×2, G×2, D×1, E×1, N×1, R×1, S×1","GCA×1625, GAT×338, GAA×213, AGA×212, GGG×6, GGC×4, AAT×3, GCT×3, AGC×1"
1315,nonsynonymous-only,0,1,5,2195,"F×1, L×1, P×1, T×1, V×1","CCT×1966, CTT×213, TTT×7, ACA×5, GTT×4"
1316,nonsynonymous-only,0,1,7,2191,"D×2, G×2, A×1, R×1, Y×1","GGA×1613, GAC×282, GCA×213, GAT×59, GGG×12, TAT×7, AGG×5"
1317,nonsynonymous-only,0,1,6,2392,"I×2, L×2, K×1, Y×1","ATT×1620, TTA×554, CTA×207, AAA×5, ATC×5, TAT×1"
1318,nonsynonymous-only,0,1,9,2392,"A×3, E×1, I×1, K×1, M×1, N×1, V×1","GCT×1625, GCG×287, GAA×213, AAA×212, ATG×48, ATT×4, AAC×1, GCA×1, GTG×1"
1319,nonsynonymous-only,0,1,4,2392,"S×1, V×1, W×1, Y×1","TAT×1837, GTT×341, AGT×213, TGG×1"
1320,nonsynonymous-only,0,1,11,2392,"S×6, D×1, E×1, G×1, M×1, P×1","AGC×1608, GAC×213, GGG×207, TCC×195, TCA×67, CCA×62, AGT×17, TCT×16, GAA×5, ATG×1, TCG×1"
1321,nonsynonymous-only,0,1,8,2398,"G×3, Y×2, D×1, E×1, N×1","GAT×1627, GGC×327, TAT×213, AAC×207, GGA×14, TAC×5, GAG×4, GGT×1"
1322,nonsynonymous-only,0,1,5,2393,"E×2, A×1, D×1, K×1","GCA×1625, AAA×345, GAT×213, GAG×206, GAA×4"
1323,nonsynonymous-only,0,1,7,1846,"L×2, S×2, A×1, P×1, V×1","CTT×1608, GTC×212, CTC×17, TCT×5, CCT×2, GCC×1, TCC×1"
1324,nonsynonymous-only,0,1,2,7,"M×1, T×1","ATG×5, ACA×2"
1325,nonsynonymous-only,0,1,2,3,"N×1, S×1","AGT×2, AAT×1"
1326,nonsynonymous-only,0,1,2,3,"G×1, R×1","GGG×2, AGG×1"
1339,nonsynonymous-only,0,1,2,214,"I×1, P×1","CCC×213, ATT×1"
1340,nonsynonymous-only,0,1,2,214,"A×1, T×1","GCT×213, ACC×1"
1341,synonymous-only,1,0,2,214,I×2,"ATT×213, ATC×1"
1342,nonsynonymous-only,0,1,2,214,"I×1, P×1","CCC×213, ATA×1"
1343,nonsynonymous-only,0,1,3,762,"P×1, T×1, V×1","GTT×341, CCC×214, ACA×207"
1344,nonsynonymous-only,0,1,4,762,"D×1, F×1, S×1, T×1","ACC×341, AGT×213, GAT×207, TTT×1"
1345,nonsynonymous-only,0,1,2,214,"G×1, S×1","TCA×213, GGG×1"
1346,nonsynonymous-only,0,1,3,767,"I×1, K×1, N×1","AAT×559, AAA×207, ATT×1"
1347,nonsynonymous-only,0,1,4,766,"L×3, S×1","TCA×341, TTA×216, TTG×207, CTA×2"
1348,nonsynonymous-only,0,1,5,348,"F×1, I×1, L×1, S×1, T×1","ATA×213, TCT×123, CTC×6, ACG×5, TTT×1"
1349,nonsynonymous-only,0,1,5,1595,"Y×2, D×1, N×1, T×1","TAC×1243, ACT×213, GAT×123, TAT×11, AAC×5"
1350,nonsynonymous-only,0,1,6,1595,"E×1, F×1, I×1, M×1, T×1, V×1","GTG×1243, GAG×218, ATG×123, TTC×6, ACG×4, ATA×1"
1351,nonsynonymous-only,0,1,7,1597,"Y×2, E×1, G×1, H×1, N×1, S×1","TAC×1248, GAA×219, TAT×123, AGC×4, AAT×1, CAT×1, GGC×1"
1352,nonsynonymous-only,0,1,14,3697,"G×3, K×2, R×2, T×2, D×1, E×1, N×1, S×1, V×1","ACT×1838, GGC×1223, GTC×372, GAA×123, AGA×56, AAC×48, GGT×19, ACC×8, AAA×4, AAG×2, AGC×1, CGC×1, GAT×1, GGA×1"
1353,nonsynonymous-only,0,1,15,5575,"D×2, K×2, N×2, S×2, T×2, A×1, C×1, E×1, G×1, Y×1","AAT×1626, GAC×1496, GGT×757, TGC×680, AGT×377, ACA×341, GCA×213, ACT×52, TAT×12, AAA×5, AAG×5, AAC×4, GAT×4, AGC×2, GAA×1"
1354,nonsynonymous-only,0,1,16,5592,"I×3, L×3, A×2, F×1, G×1, K×1, M×1, N×1, R×1, T×1, V×1","ATG×1646, TTG×1598, AAA×1435, ATT×598, GTC×220, ATC×42, TTT×17, AGA×13, AAT×5, ATA×5, GGT×5, TTA×3, GCA×2, ACG×1, CTT×1, GCT×1"
1355,nonsynonymous-only,0,1,17,5542,"F×2, P×2, S×2, T×2, A×1, D×1, G×1, I×1, L×1, M×1, Q×1, V×1, Y×1","ATT×2799, CCG×1187, TTC×679, TCA×340, TAT×214, GCA×207, CCA×57, TTT×35, ACT×5, GGG×5, GTT×5, TTA×3, ACA×2, ATG×1, CAA×1, GAT×1, TCG×1"
1356,nonsynonymous-only,0,1,18,5606,"I×3, L×3, V×3, A×2, D×2, P×2, T×2, F×1","GCC×1620, ACT×1243, GTT×757, CTT×680, TTT×470, GCT×373, TTA×346, CCA×48, ATT×23, CCC×21, TTG×6, ACC×5, GAC×4, ATC×3, GTC×3, GAT×2, ATA×1, GTG×1"
1357,nonsynonymous-only,0,1,10,5607,"D×2, E×2, L×2, Q×2, G×1, K×1","GAA×2058, AAA×2041, CAA×755, GGA×682, TTA×54, CTA×6, GAG×5, CAG×3, GAC×2, GAT×1"
1358,nonsynonymous-only,0,1,8,2493,"E×2, K×2, D×1, H×1, I×1, N×1","AAA×1458, AAT×599, GAT×333, ATT×50, AAG×21, GAG×20, GAA×11, CAT×1"
1359,nonsynonymous-only,0,1,7,427,"L×2, H×1, P×1, Q×1, S×1, V×1","CAC×372, CCA×21, TTA×13, CAG×12, TCC×5, GTA×3, TTG×1"
1360,nonsynonymous-only,0,1,10,2194,"S×3, A×2, G×2, I×1, K×1, T×1","AAA×1627, GGA×372, GCT×141, AGC×33, AGT×11, ACA×5, ATT×2, GCC×1, GGG×1, TCT×1"
1361,nonsynonymous-only,0,1,4,14,"D×1, E×1, Q×1, T×1","GAA×6, CAA×5, ACC×2, GAT×1"
1364,nonsynonymous-only,0,1,2,2,"A×1, V×1","GCA×1, GTC×1"
1365,synonymous-only,1,0,2,2,L×2,"CTA×1, TTA×1"
1369,nonsynonymous-only,0,1,12,2689,"F×2, L×2, S×2, C×1, H×1, I×1, K×1, T×1, Y×1","TCT×1627, TCA×420, TGT×285, CAT×141, ATA×123, TAT×75, TTA×11, TTG×2, TTT×2, AAA×1, ACG×1, TTC×1"
1370,nonsynonymous-only,0,1,7,2693,"D×2, A×1, L×1, N×1, Q×1, V×1","GAT×901, GAC×753, GTT×470, GCT×422, CAA×141, CTT×5, AAC×1"
1371,nonsynonymous-only,0,1,11,2268,"L×2, A×1, C×1, F×1, G×1, I×1, M×1, R×1, S×1, Y×1","ATT×1625, TTA×341, ATG×141, TTT×123, GGG×21, TAT×8, CTT×4, GCT×2, AGA×1, TCT×1, TGT×1"
1372,nonsynonymous-only,0,1,14,2267,"I×3, V×3, A×2, L×2, N×1, P×1, S×1, T×1","GTT×1612, GCG×341, GCA×141, AAT×123, ACA×21, GTC×12, CTA×6, CCT×4, ATC×2, AGC×1, ATA×1, ATT×1, CTC×1, GTG×1"
1373,nonsynonymous-only,0,1,12,2357,"F×2, N×2, V×2, D×1, H×1, I×1, K×1, Q×1, R×1","AAA×1626, GAT×219, TTC×207, AAC×141, TTT×123, GTC×21, AAT×7, ATT×5, CAG×5, AGG×1, CAT×1, GTG×1"
1374,nonsynonymous-only,0,1,8,2699,"A×2, V×2, I×1, L×1, M×1, S×1","GCG×1627, ATA×776, GTA×148, TTA×124, GCA×17, ATG×4, TCG×2, GTG×1"
1375,nonsynonymous-only,0,1,8,2693,"N×2, E×1, G×1, I×1, K×1, Q×1, V×1","CAA×1837, GTC×341, ATA×213, GAA×169, GGA×124, AAA×4, AAT×4, AAC×1"
1376,nonsynonymous-only,0,1,5,1790,"E×2, I×1, K×1, N×1","GAA×1766, AAT×21, AAG×1, ATC×1, GAG×1"
1377,nonsynonymous-only,0,1,6,1789,"A×2, I×2, M×1, S×1","GCC×1613, ATC×141, ATT×21, GCT×12, ATG×1, TCC×1"
1378,nonsynonymous-only,0,1,6,1789,"S×2, C×1, K×1, N×1, T×1","AGC×1611, TGT×141, ACT×21, AGT×14, AAA×1, AAC×1"
1379,nonsynonymous-only,0,1,6,1789,"N×2, D×1, E×1, S×1, Y×1","AAC×1496, GAA×141, AAT×128, TCT×21, GAC×2, TAT×1"
1380,nonsynonymous-only,0,1,10,2585,"N×2, A×1, D×1, E×1, F×1, K×1, M×1, T×1, V×1","ACT×1625, AAC×482, AAT×213, GAA×206, GTG×25, TTC×21, AAA×10, ATG×1, GAT×1, GCT×1"
1381,nonsynonymous-only,0,1,7,2585,"E×2, N×2, D×1, I×1, S×1","AAC×1650, GAT×342, GAA×218, GAG×207, ATT×146, AAT×21, AGT×1"
1382,nonsynonymous-only,0,1,10,2585,"C×1, D×1, G×1, I×1, K×1, N×1, R×1, T×1, V×1, Y×1","GTT×1625, TGT×347, TAT×341, ATT×213, AAT×30, AAA×21, ACT×5, CGT×1, GAT×1, GGT×1"
1383,nonsynonymous-only,0,1,5,2006,"I×1, M×1, P×1, R×1, W×1","ATG×1766, TGG×213, CCT×21, AGG×5, ATC×1"
1385,nonsynonymous-only,0,1,5,377,"L×2, K×1, S×1, T×1","ACT×372, CTT×2, AAG×1, CTA×1, TCA×1"
1386,nonsynonymous-only,0,1,18,5511,"L×5, H×2, I×2, V×2, C×1, F×1, M×1, P×1, Q×1, R×1, S×1","CAC×1698, CTA×1613, GTT×563, TCC×554, ATA×392, ATT×355, TTT×207, ATG×51, CTG×50, CCA×12, TTA×9, AGA×1, CAA×1, CAT×1, CTT×1, GTC×1, TGT×1, TTG×1"
1387,nonsynonymous-only,0,1,6,5086,"K×2, E×1, M×1, Q×1, T×1","CAA×2964, ACG×1572, GAA×423, ATG×55, AAA×49, AAG×23"
1388,nonsynonymous-only,0,1,14,7617,"E×2, K×2, N×2, R×2, D×1, G×1, L×1, M×1, Q×1, T×1","CAA×2453, AAA×1884, GAG×1243, AAT×914, AAG×827, GGA×213, CTA×50, AGA×21, GAA×6, ATG×2, AAC×1, ACA×1, AGG×1, GAC×1"
1389,nonsynonymous-only,0,1,17,7616,"H×2, I×2, S×2, A×1, D×1, G×1, K×1, L×1, N×1, P×1, R×1, T×1, V×1, Y×1","ACC×1694, CAT×1674, GTT×1243, TAT×916, GAC×680, CTT×369, AAT×346, ATT×260, AAA×214, GGT×146, CCA×40, AGT×21, ATC×5, TCA×4, CAC×2, CGC×1, GCT×1"
1390,nonsynonymous-only,0,1,17,5936,"A×2, E×2, G×2, Q×2, R×2, Y×2, K×1, P×1, S×1, T×1, W×1","AAA×2614, CAA×1620, GGA×680, CGA×341, AGA×213, TCA×207, GAG×141, GCA×42, CCA×40, TAC×17, GCG×6, TAT×5, GGT×4, CAG×2, TGG×2, ACA×1, GAA×1"
1391,nonsynonymous-only,0,1,3,3858,"A×1, I×1, V×1","ATT×2943, GTT×914, GCG×1"
1393,nonsynonymous-only,0,1,5,2378,"P×2, C×1, N×1, S×1","CCG×1243, CCC×915, AGC×213, TGC×5, AAC×2"
1394,nonsynonymous-only,0,1,7,2997,"L×3, I×1, M×1, Q×1, T×1","CTA×1244, CAA×914, TTG×412, ATG×213, TTA×208, ACA×4, ATA×2"
1395,nonsynonymous-only,0,1,14,5968,"S×3, I×2, L×2, N×2, T×2, F×1, K×1, V×1","AAT×2474, CTT×1763, TTT×680, ATT×575, GTT×206, ACC×127, AAC×103, AAA×21, AGC×7, ATC×5, ACT×3, TCT×2, AGT×1, CTC×1"
1396,nonsynonymous-only,0,1,12,5273,"L×3, P×3, F×2, C×1, S×1, V×1, Y×1","CCG×1624, TTA×1589, CCT×914, CCA×373, TTC×342, CTC×335, GTA×52, TTG×22, TTT×11, TAT×6, TGC×4, TCT×1"
1397,nonsynonymous-only,0,1,8,2205,"E×2, Q×2, H×1, K×1, R×1, W×1","CAA×1241, GAA×816, AAA×124, CAC×12, GAG×5, TGG×4, CAG×2, CGT×1"
1398,nonsynonymous-only,0,1,11,2765,"I×3, D×2, T×2, E×1, G×1, K×1, M×1","ACA×1243, ATG×914, ATC×333, GGA×141, ATT×79, GAT×43, GAC×5, ACG×4, AAG×1, ATA×1, GAA×1"
1399,nonsynonymous-only,0,1,3,3,"A×1, G×1, I×1","ATC×1, GCA×1, GGA×1"
1404,nonsynonymous-only,0,1,2,5,"F×1, S×1","TTC×4, TCA×1"
1405,nonsynonymous-only,0,1,2,5,"R×1, S×1","AGT×4, AGA×1"
1406,nonsynonymous-only,0,1,6,924,"E×2, R×2, K×1, M×1","GAG×373, AGA×263, AAA×247, ATG×34, AGG×5, GAA×2"
1407,nonsynonymous-only,0,1,13,2885,"I×3, K×2, T×2, V×2, F×1, L×1, M×1, S×1","AAG×1625, GTA×371, ATA×286, AAA×228, AGT×213, ACA×86, ATC×50, ATT×11, ACG×6, GTG×6, ATG×1, TTA×1, TTT×1"
1408,nonsynonymous-only,0,1,12,3008,"E×2, K×2, A×1, F×1, I×1, N×1, P×1, T×1, V×1, Y×1","AAA×1967, CCT×372, GAA×330, AAC×213, GTA×56, ACT×25, AAG×22, GAG×10, TAC×5, TTC×5, GCT×2, ATT×1"
1409,nonsynonymous-only,0,1,5,2019,"I×2, D×1, F×1, T×1","ACC×1624, ATT×372, TTT×21, ATC×1, GAT×1"
1410,nonsynonymous-only,0,1,4,1647,"C×1, L×1, S×1, Y×1","TGT×1489, TAT×136, TTG×21, TCG×1"
1411,nonsynonymous-only,0,1,3,1647,"C×1, V×1, Y×1","TGT×1625, GTG×21, TAT×1"
1412,nonsynonymous-only,0,1,5,2951,"F×2, I×1, L×1, P×1","CTT×1626, ATT×1251, TTT×51, CCA×21, TTC×2"
1413,nonsynonymous-only,0,1,15,7763,"I×3, T×3, L×2, F×1, G×1, M×1, N×1, P×1, V×1, Y×1","ATT×2724, GGT×1699, TTG×1240, ACC×914, ATG×563, CCT×372, ACG×213, GTT×14, ACT×9, TAT×5, TTT×4, ATC×2, CTT×2, AAC×1, ATA×1"
1414,nonsynonymous-only,0,1,22,5283,"L×4, A×2, D×2, I×2, Y×2, C×1, E×1, F×1, G×1, H×1, P×1, Q×1, S×1, V×1, W×1","GGA×2070, TAT×923, TGC×912, TAC×549, GCT×339, CAT×208, CTT×123, TGG×54, TTT×53, TTG×27, ATT×7, ATA×5, CTC×4, CAG×1, CCT×1, GAC×1, GAG×1, GAT×1, GCC×1, GTA×1, TCT×1, TTA×1"
1415,nonsynonymous-only,0,1,15,7967,"E×2, G×2, K×2, Y×2, C×1, H×1, L×1, N×1, Q×1, R×1, T×1","AAT×1927, AAG×1844, GAG×1649, GGA×926, ACG×756, CAA×376, AGA×213, GAA×131, TAT×50, CAT×48, AAA×30, GGG×6, TTA×5, TAC×4, TGC×2"
1416,nonsynonymous-only,0,1,18,6996,"E×2, K×2, L×2, R×2, A×1, C×1, D×1, G×1, M×1, Q×1, S×1, T×1, V×1, Y×1","CGA×1624, GCA×1124, GAG×942, CTG×755, GGA×698, ATG×680, GTG×377, AAA×355, TTG×350, GAA×51, TAC×12, CAA×10, AGA×6, TGT×5, AAG×2, GAC×2, TCA×2, ACG×1"
1417,nonsynonymous-only,0,1,25,8475,"A×3, G×3, L×3, E×2, K×2, Q×2, R×2, S×2, T×2, F×1, I×1, M×1, P×1","GCA×1697, CCA×1240, ATG×958, TTA×923, CTG×758, AAA×696, ACG×666, GAA×605, TTG×374, GGG×213, TCA×146, GAG×123, AAG×23, TTT×21, CAG×6, GCT×5, GGT×5, AGA×4, ACA×3, AGC×2, ATA×2, GCC×2, CAA×1, CGA×1, GGA×1"
1418,nonsynonymous-only,0,1,12,8556,"K×2, D×1, E×1, I×1, L×1, N×1, P×1, R×1, S×1, T×1, V×1","AAA×4105, ATA×3852, AAG×211, AAT×207, GAA×123, AGA×28, CCA×18, CTA×5, TCA×4, ACA×1, GAC×1, GTG×1"
1419,nonsynonymous-only,0,1,5,1756,"D×2, L×1, N×1, Y×1","GAC×1698, AAT×50, GAT×6, TAT×1, TTA×1"
1420,nonsynonymous-only,0,1,6,1706,"S×3, A×1, P×1, V×1","TCA×1697, TCC×5, CCC×1, GCG×1, GTC×1, TCG×1"
1421,nonsynonymous-only,0,1,3,1705,"I×2, S×1","ATC×1698, TCG×6, ATT×1"
1424,nonsynonymous-only,0,1,5,22,"T×3, I×1, L×1","ATT×12, ACA×6, ACT×2, ACC×1, TTG×1"
1425,nonsynonymous-only,0,1,6,23,"L×2, G×1, I×1, M×1, T×1","TTA×12, GGA×6, ACG×2, ATA×1, ATG×1, TTG×1"
1426,nonsynonymous-only,0,1,8,360,"S×2, A×1, E×1, G×1, K×1, N×1, R×1","AAC×217, GCA×123, AAA×7, GAA×7, AGG×2, AGT×2, AGC×1, GGG×1"
1427,nonsynonymous-only,0,1,9,237,"C×1, E×1, G×1, L×1, N×1, R×1, S×1, W×1, Y×1","TGC×213, GAA×10, TAC×6, AAT×2, GGT×2, CGC×1, CTA×1, TCC×1, TGG×1"
1428,nonsynonymous-only,0,1,10,236,"Y×2, A×1, C×1, E×1, F×1, M×1, N×1, Q×1, S×1","AAT×213, CAA×6, TAT×5, GAA×4, GCA×2, TGC×2, AGT×1, ATG×1, TAC×1, TTC×1"
1429,nonsynonymous-only,0,1,2,215,"C×1, F×1","TGT×213, TTT×2"
1431,nonsynonymous-only,0,1,2,215,"R×1, W×1","AGG×213, TGG×2"
1432,nonsynonymous-only,0,1,2,215,"P×1, S×1","TCC×213, CCC×2"
1433,nonsynonymous-only,0,1,2,215,"I×1, L×1","CTC×213, ATC×2"
1435,nonsynonymous-only,0,1,5,266,"R×2, F×1, L×1, W×1","CGC×212, TTG×50, TGG×2, CGT×1, TTC×1"
1436,nonsynonymous-only,0,1,10,967,"R×2, S×2, D×1, I×1, K×1, Q×1, T×1, W×1","AGG×558, CGG×210, AGC×123, CAG×50, AAA×11, GAT×6, TGG×5, AGT×2, ACG×1, ATA×1"
1437,nonsynonymous-only,0,1,8,628,"E×2, Q×2, C×1, K×1, N×1, Y×1","AAA×421, CAA×132, CAG×50, GAA×7, TAT×7, GAG×6, TGC×4, AAT×1"
1438,nonsynonymous-only,0,1,15,2617,"H×2, I×2, N×2, P×2, E×1, K×1, L×1, Q×1, S×1, T×1, Y×1","CCT×1624, AAG×382, ATC×343, AAC×130, CAC×50, GAG×44, CAA×21, AAT×6, ATT×5, TAC×4, CTC×3, AGC×2, ACC×1, CAT×1, CCA×1"
1439,nonsynonymous-only,0,1,12,2567,"S×3, F×2, Y×2, C×1, D×1, H×1, I×1, N×1","TCA×1624, TAC×670, CAC×215, TCT×22, TAT×11, AAT×6, TCC×6, TGC×6, TTT×3, GAC×2, ATA×1, TTC×1"
1440,nonsynonymous-only,0,1,13,2608,"K×2, T×2, A×1, D×1, I×1, L×1, P×1, Q×1, S×1, V×1, Y×1","AGT×1625, CCT×341, ATT×218, GAT×213, AAA×123, CTA×50, ACT×21, CAG×10, ACC×3, AAG×1, GCT×1, GTT×1, TAT×1"
1441,nonsynonymous-only,0,1,14,2602,"I×3, T×3, A×2, S×2, D×1, F×1, G×1, R×1","ATT×1746, GAT×341, GCT×213, AGC×207, ACA×53, GCC×21, TTT×6, AGG×5, AGT×5, ACC×1, ACG×1, ATA×1, ATC×1, GGC×1"
1442,nonsynonymous-only,0,1,9,2683,"T×2, A×1, F×1, I×1, L×1, M×1, N×1, S×1","ATG×1624, ACA×777, TCA×213, CTG×50, ACG×8, ATA×5, AAT×4, GCA×1, TTC×1"
1443,nonsynonymous-only,0,1,8,3235,"T×3, I×2, A×1, F×1, S×1","ATT×2988, ACT×208, ATC×21, TTT×12, ACA×3, ACC×1, AGC×1, GCT×1"
1444,nonsynonymous-only,0,1,10,3231,"N×2, S×2, D×1, F×1, H×1, I×1, L×1, Y×1","TAT×1626, AAC×754, AAT×427, GAT×344, ATA×50, AGT×18, AGC×6, CTT×4, CAT×1, TTT×1"
1445,nonsynonymous-only,0,1,13,3016,"F×2, L×2, T×2, A×1, C×1, G×1, P×1, S×1, V×1, Y×1","CCA×1625, GCT×706, TTT×341, TTC×207, TAT×55, ACT×49, GGT×21, TGC×5, TTA×3, ACC×1, CTT×1, GTA×1, TCG×1"
1446,nonsynonymous-only,0,1,12,3180,"T×3, N×2, G×1, H×1, I×1, K×1, R×1, V×1, W×1","AAC×1622, ACA×755, AGG×548, AAG×216, GGT×21, TGG×6, ATT×4, GTG×3, ACG×2, AAT×1, ACC×1, CAC×1"
1447,nonsynonymous-only,0,1,14,3229,"V×3, A×2, D×2, E×2, F×1, I×1, M×1, N×1, R×1","GAT×1142, AGA×755, ATT×554, GAC×482, TTT×212, GTG×50, GAG×21, GTC×4, GAA×3, GTT×2, AAT×1, ATG×1, GCC×1, GCT×1"
1448,nonsynonymous-only,0,1,12,3180,"L×3, A×2, F×2, T×2, E×1, I×1, S×1","TTC×1624, TTT×757, ATT×345, TTA×215, CTA×207, GCT×17, ACT×5, GCC×4, TTG×3, ACA×1, GAA×1, TCC×1"
1449,nonsynonymous-only,0,1,2,2,"E×1, T×1","ACG×1, GAG×1"
1451,synonymous-only,1,0,2,2,Y×2,"TAC×1, TAT×1"
1452,nonsynonymous-only,0,1,2,2,"F×1, S×1","TCC×1, TTC×1"
1454,nonsynonymous-only,0,1,7,772,"K×2, D×1, N×1, Q×1, S×1, T×1","AAG×280, GAT×213, AAT×207, AAA×62, CAA×5, ACA×4, AGT×1"
1455,nonsynonymous-only,0,1,5,771,"P×2, I×1, S×1, V×1","CCG×346, CCT×213, GTG×207, ATT×4, TCA×1"
1456,nonsynonymous-only,0,1,6,771,"D×2, S×2, N×1, T×1","ACA×341, GAC×213, GAT×207, AAT×5, AGT×4, TCG×1"
1457,nonsynonymous-only,0,1,7,774,"S×2, D×1, E×1, I×1, K×1, L×1","GAG×341, AGT×213, AAG×207, GAT×5, ATT×4, TTG×3, TCA×1"
1458,nonsynonymous-only,0,1,7,2394,"G×3, A×1, I×1, L×1, V×1","ATC×1623, GGG×341, GGC×213, GGA×212, GTC×3, CTC×1, GCT×1"
1459,nonsynonymous-only,0,1,7,2395,"E×2, K×2, A×1, Q×1, T×1","AAA×1677, ACA×292, AAG×213, CAG×207, GAG×4, GAA×1, GCA×1"
1460,nonsynonymous-only,0,1,6,2395,"I×2, K×1, N×1, R×1, V×1","AGA×1624, GTT×329, ATT×219, ATA×218, AAC×3, AAA×2"
1461,nonsynonymous-only,0,1,8,776,"S×3, E×1, F×1, K×1, V×1, Y×1","TAT×341, TTC×213, AAA×207, GAA×5, TCT×4, GTA×3, TCA×2, TCC×1"
1462,nonsynonymous-only,0,1,8,2399,"G×2, V×2, F×1, I×1, N×1, W×1","AAT×1624, GTG×341, GTT×213, ATT×207, TGG×5, GGC×4, TTT×4, GGT×1"
1463,nonsynonymous-only,0,1,12,3177,"C×2, S×2, Y×2, D×1, F×1, G×1, N×1, Q×1, R×1","TCT×1624, TGC×755, AAT×346, CAA×213, GGT×206, TGT×21, TTT×4, TAC×3, TCC×2, CGA×1, GAT×1, TAT×1"
1464,nonsynonymous-only,0,1,11,1537,"G×2, R×2, C×1, D×1, E×1, Q×1, S×1, V×1, W×1","TGT×755, CAA×341, GGA×215, GGT×207, TCT×5, GTT×4, TGG×4, GAT×3, AGA×1, CGA×1, GAA×1"
1465,nonsynonymous-only,0,1,9,3179,"I×2, L×2, F×1, K×1, Q×1, S×1, T×1","TTA×1629, TCT×755, AAG×420, TTT×362, ACA×5, CAA×4, ATT×2, ATA×1, CTA×1"
1466,nonsynonymous-only,0,1,7,2428,"S×2, D×1, F×1, H×1, L×1, P×1","TTT×1628, CCT×569, GAT×213, CTT×6, TCC×6, CAT×3, TCT×3"
1467,nonsynonymous-only,0,1,7,2419,"L×2, F×1, Q×1, R×1, W×1, Y×1","AGA×1624, CTA×346, TAT×213, TTA×213, TGG×21, CAA×1, TTC×1"
1468,nonsynonymous-only,0,1,6,1651,"L×2, C×1, H×1, R×1, S×1","TGC×1621, CTC×21, TCA×5, CGC×2, CAT×1, CTG×1"
1469,nonsynonymous-only,0,1,4,1647,"G×1, I×1, L×1, R×1","TTA×1624, GGG×21, AGG×1, ATA×1"
1470,nonsynonymous-only,0,1,3,23,"H×1, R×1, Y×1","CGC×21, CAT×1, TAC×1"
1473,nonsynonymous-only,0,1,3,4,"N×1, R×1, V×1","AAC×2, AGA×1, GTA×1"
1474,nonsynonymous-only,0,1,8,2077,"R×3, K×2, G×1, I×1, L×1","AAA×1627, AGG×372, GGC×40, ATA×22, AGA×12, CTA×2, AAG×1, CGA×1"
1475,nonsynonymous-only,0,1,7,3060,"R×2, E×1, G×1, K×1, Q×1, S×1","GGA×1624, AGG×1239, GAA×142, AAG×40, AGA×12, CAG×2, AGT×1"
1476,nonsynonymous-only,0,1,13,5952,"K×2, T×2, D×1, G×1, H×1, L×1, M×1, N×1, Q×1, R×1, W×1","AAA×3857, AGA×755, CAC×548, CTG×373, GGC×213, ACG×141, ATG×40, AAT×12, GAT×5, AAG×3, ACA×3, CAA×1, TGG×1"
1477,nonsynonymous-only,0,1,11,6064,"D×2, N×2, C×1, H×1, I×1, K×1, R×1, S×1, Y×1","AGT×2037, GAT×1767, ATT×1127, AAT×714, TAT×257, AAA×130, AGA×15, TGT×12, CAT×2, GAC×2, AAC×1"
1478,nonsynonymous-only,0,1,11,4394,"R×2, A×1, D×1, E×1, I×1, K×1, L×1, P×1, Q×1, S×1","AAA×1777, ATA×1129, AGA×754, TCA×348, TTA×250, CAA×123, CCA×6, GAA×3, GCA×2, AGG×1, GAC×1"
1479,nonsynonymous-only,0,1,12,2731,"G×2, I×2, K×2, R×2, A×1, L×1, M×1, V×1","AAA×1837, ATT×341, GCA×213, AGA×153, GGG×123, ATG×50, AGG×5, GTG×4, ATA×2, AAG×1, GGA×1, TTG×1"
1480,nonsynonymous-only,0,1,9,2730,"E×2, D×1, G×1, I×1, K×1, N×1, W×1, Y×1","GAC×1893, TGG×341, GAG×213, AAA×146, TAC×123, ATA×6, AAT×5, GAA×2, GGG×1"
1481,nonsynonymous-only,0,1,11,2604,"L×3, R×2, T×2, K×1, N×1, Q×1, V×1","CAA×1624, AAG×341, AGG×213, ACG×165, GTG×141, TTG×55, ACA×42, AAT×12, CTA×7, TTA×3, CGG×1"
1482,nonsynonymous-only,0,1,11,2609,"C×2, I×2, A×1, F×1, M×1, N×1, S×1, T×1, V×1","ATC×1622, ATT×698, AGC×213, ACT×50, GTC×12, AAT×5, TGT×4, TTT×2, ATG×1, GCC×1, TGC×1"
1483,nonsynonymous-only,0,1,9,2625,"F×2, I×2, L×2, V×2, T×1","ATC×1569, ATT×619, TTC×214, GTT×141, TTG×50, GTC×21, CTC×5, TTT×5, ACC×1"
1484,nonsynonymous-only,0,1,6,572,"G×1, K×1, M×1, Q×1, S×1, T×1","ATG×341, GGA×213, AAG×12, TCA×4, ACG×1, CAG×1"
1487,nonsynonymous-only,0,1,2,13,"F×1, L×1","TTT×12, CTG×1"
1488,nonsynonymous-only,0,1,13,843,"I×2, N×2, V×2, H×1, K×1, L×1, P×1, Q×1, R×1, Y×1","AAA×343, CTT×213, CAC×190, CAA×50, TAC×17, GTA×12, AAT×5, ATC×5, ATT×4, AAC×1, CCT×1, CGC×1, GTT×1"
1489,nonsynonymous-only,0,1,14,3314,"A×2, H×2, S×2, C×1, F×1, G×1, I×1, N×1, Q×1, R×1, W×1","TCT×1624, CAT×955, AGT×341, AAT×208, GCT×141, TTT×21, ATT×6, CAA×5, GGT×5, TGT×3, TGG×2, CAC×1, CGT×1, GCA×1"
1490,nonsynonymous-only,0,1,11,3314,"H×2, S×2, C×1, D×1, F×1, K×1, R×1, W×1, Y×1","GAT×1765, TAT×706, TTT×342, TGC×257, CAC×213, TCA×12, CAT×7, TGG×7, AAG×3, AGT×1, CGT×1"
1491,nonsynonymous-only,0,1,8,858,"L×3, F×1, Q×1, S×1, T×1, W×1","TTA×621, TTT×207, TGG×21, CTT×5, ACC×1, CAA×1, TCC×1, TTG×1"
1492,nonsynonymous-only,0,1,11,1642,"F×2, L×2, R×2, Y×2, C×1, Q×1, S×1","CAG×680, TGT×420, TTT×335, TTG×141, CGT×50, TCT×7, TAC×5, CGG×1, TAT×1, TTA×1, TTC×1"
1493,nonsynonymous-only,0,1,12,2492,"L×3, F×1, K×1, M×1, P×1, R×1, S×1, T×1, V×1, W×1","CTG×1623, GTG×680, ACA×141, ATG×22, AGA×12, CTC×5, AAG×3, CCG×2, CTA×1, TCG×1, TGG×1, TTC×1"
1494,nonsynonymous-only,0,1,10,1862,"E×2, S×2, I×1, K×1, N×1, R×1, T×1, V×1","GAA×1625, GAG×141, AGC×50, AAC×22, AGG×12, TCA×5, AAG×4, ACA×1, ATC×1, GTC×1"
1495,nonsynonymous-only,0,1,6,1787,"R×2, G×1, K×1, L×1, Q×1","CAA×1614, AAA×141, CGA×18, GGG×12, AGG×1, CTA×1"
1497,nonsynonymous-only,0,1,6,1648,"P×2, H×1, L×1, S×1, T×1","CCC×1623, CTT×21, ACT×1, AGT×1, CAC×1, CCA×1"
1498,nonsynonymous-only,0,1,6,1652,"A×1, I×1, L×1, P×1, Q×1, Y×1","GCT×1624, CTT×21, CAG×4, ATT×1, CCA×1, TAT×1"
1499,nonsynonymous-only,0,1,3,28,"L×1, Q×1, S×1","CAA×26, CTA×1, TCA×1"
1501,nonsynonymous-only,0,1,3,7,"K×1, Q×1, Y×1","AAA×4, TAT×2, CAA×1"
1502,nonsynonymous-only,0,1,5,1631,"N×2, C×1, G×1, Y×1","GGT×1625, AAT×2, TAT×2, AAC×1, TGT×1"
1503,nonsynonymous-only,0,1,2,1626,"L×1, P×1","TTA×1625, CCA×1"
1505,synonymous-only,1,0,2,3,L×2,"CTA×2, CTG×1"
1506,nonsynonymous-only,0,1,3,1632,"D×1, S×1, Y×1","GAT×1625, AGT×4, TAT×3"
1507,nonsynonymous-only,0,1,4,1629,"A×2, F×1, L×1","GCC×1514, GCA×110, TTA×4, TTT×1"
1508,nonsynonymous-only,0,1,4,1629,"I×2, G×1, T×1","ATC×1613, ATT×11, ACA×4, GGA×1"
1509,nonsynonymous-only,0,1,4,1629,"T×2, I×1, M×1","ACC×1009, ACT×615, ATT×4, ATG×1"
1511,nonsynonymous-only,0,1,2,1625,"I×1, V×1","GTG×1624, ATA×1"
1512,nonsynonymous-only,0,1,4,1626,"L×3, R×1","CTG×1622, CTT×2, AGG×1, TTG×1"
1513,nonsynonymous-only,0,1,3,1626,"D×1, I×1, T×1","ATT×1624, ACT×1, GAT×1"
1514,nonsynonymous-only,0,1,2,1625,"A×1, L×1","GCA×1624, CTA×1"
1521,nonsynonymous-only,0,1,3,1631,"C×1, G×1, K×1","TGC×1624, GGA×6, AAA×1"
1522,nonsynonymous-only,0,1,3,1629,"Q×2, W×1","TGG×1624, CAG×4, CAA×1"
1523,nonsynonymous-only,0,1,3,1635,"D×1, K×1, N×1","GAT×1621, AAT×13, AAG×1"
1524,nonsynonymous-only,0,1,5,1636,"F×2, I×1, L×1, M×1","TTC×1624, CTT×6, ATT×4, ATG×1, TTT×1"
1525,nonsynonymous-only,0,1,5,1636,"C×1, F×1, L×1, P×1, Y×1","CCT×1624, TTC×6, TTA×4, TAT×1, TGT×1"
1526,nonsynonymous-only,0,1,4,1630,"C×1, F×1, R×1, Y×1","TGT×1624, TAC×4, CGC×1, TTC×1"
1527,nonsynonymous-only,0,1,5,1630,"C×1, H×1, N×1, S×1, Y×1","TAC×1593, AAC×18, CAC×13, TCG×5, TGT×1"
1528,nonsynonymous-only,0,1,3,1629,"K×2, E×1","AAG×1624, GAA×4, AAA×1"
1529,nonsynonymous-only,0,1,3,1626,"F×1, T×1, Y×1","TAT×1624, ACT×1, TTT×1"
1530,nonsynonymous-only,0,1,3,1630,"C×1, D×1, H×1","GAT×1624, TGT×5, CAT×1"
1531,nonsynonymous-only,0,1,2,1630,"L×1, Y×1","TAT×1625, CTT×5"
1532,nonsynonymous-only,0,1,4,1630,"D×1, H×1, L×1, N×1","GAT×1624, CTA×4, AAT×1, CAC×1"
1533,nonsynonymous-only,0,1,4,1630,"L×2, F×1, W×1","TGG×1624, TTC×4, CTA×1, TTA×1"
1534,nonsynonymous-only,0,1,2,5,"F×1, Y×1","TAT×4, TTT×1"
1535,nonsynonymous-only,0,1,2,5,"F×1, L×1","TTC×4, CTT×1"
1536,nonsynonymous-only,0,1,2,5,"F×1, L×1","TTC×4, TTG×1"
1537,nonsynonymous-only,0,1,2,2,"H×1, Y×1","CAT×1, TAT×1"
1538,nonsynonymous-only,0,1,9,2438,"F×2, L×2, H×1, N×1, P×1, R×1, Y×1","TAT×1529, CTC×242, AAC×213, TTC×207, CGC×99, CAT×95, TTG×50, TTT×2, CCC×1"
1539,nonsynonymous-only,0,1,3,2442,"K×2, H×1","CAC×1624, AAG×762, AAA×56"
1540,nonsynonymous-only,0,1,7,2392,"T×2, I×1, L×1, M×1, S×1, V×1","CTA×1624, ATG×341, ACG×213, ATA×207, GTA×5, ACA×1, TCG×1"
1541,nonsynonymous-only,0,1,9,2403,"I×3, Y×2, C×1, L×1, R×1, V×1","TAC×1624, TGC×341, CTC×213, CGA×207, ATA×6, ATC×5, GTT×4, TAT×2, ATT×1"
1542,nonsynonymous-only,0,1,8,2403,"L×3, S×2, F×1, N×1, Q×1","TTC×1629, CAA×341, CTG×213, AAC×207, TTG×6, CTT×5, TCC×1, TCG×1"
1543,nonsynonymous-only,0,1,7,2403,"C×1, D×1, I×1, L×1, R×1, S×1, Y×1","TGT×1624, TAT×549, TTA×213, ATT×6, TCT×6, CGT×4, GAT×1"
1544,nonsynonymous-only,0,1,6,2108,"H×2, L×1, S×1, W×1, Y×1","CAT×1624, TAT×268, TCA×207, TTG×7, CAC×1, TGG×1"
1545,nonsynonymous-only,0,1,6,482,"L×3, I×2, K×1","CTG×213, ATC×207, CTA×50, AAA×6, TTG×5, ATA×1"
1546,nonsynonymous-only,0,1,9,2442,"E×2, R×2, S×2, D×1, G×1, K×1","AGC×1624, AAG×341, GGA×212, AGA×207, GAG×50, AGG×5, AGT×1, GAA×1, GAT×1"
1547,nonsynonymous-only,0,1,9,2449,"E×1, G×1, H×1, I×1, K×1, L×1, Q×1, V×1, Y×1","GGA×1571, GAA×399, CAC×213, GTA×207, AAG×50, CAA×6, ATT×1, CTA×1, TAC×1"
1548,nonsynonymous-only,0,1,10,2405,"E×2, F×1, I×1, K×1, L×1, P×1, R×1, V×1, Y×1","CCA×1624, CGT×341, TAC×213, TTT×207, GTA×6, AAA×5, CTA×5, ATA×2, GAA×1, GAG×1"
1549,nonsynonymous-only,0,1,7,2251,"K×2, A×1, G×1, I×1, R×1, T×1","AAG×1625, GCG×213, ACG×207, ATT×141, GGA×50, AAA×14, AGG×1"
1550,nonsynonymous-only,0,1,7,2667,"K×2, I×1, M×1, R×1, T×1, Y×1","AAA×1892, AAG×347, ACA×213, ATA×207, TAC×6, AGA×1, ATG×1"
1551,nonsynonymous-only,0,1,15,2672,"T×3, A×2, L×2, S×2, Y×2, D×1, I×1, K×1, Q×1","TCG×1624, AAA×346, ACC×213, ACG×207, ACA×131, TTA×123, GCA×9, TAT×6, TCA×6, GAT×2, ATA×1, CAA×1, GCG×1, TAC×1, TTG×1"
1552,nonsynonymous-only,0,1,9,2732,"I×2, L×2, A×1, F×1, R×1, V×1, Y×1","GTA×1626, ATA×473, TAC×213, TTT×207, AGA×139, TTA×61, ATT×6, CTA×6, GCG×1"
1553,nonsynonymous-only,0,1,17,2727,"F×2, K×2, L×2, S×2, Y×2, D×1, G×1, I×1, P×1, Q×1, R×1, V×1","TCC×1348, TTT×404, TTG×341, TTC×276, CTA×195, GAT×123, CAA×11, ATC×6, TCT×6, CGC×5, GTC×4, AAA×2, TAC×2, AAG×1, CCA×1, GGC×1, TAT×1"
1554,nonsynonymous-only,0,1,9,540,"L×4, C×1, F×1, Q×1, R×1, Y×1","TAT×341, TTG×124, CTC×55, TTA×6, TGC×5, TTT×4, CTT×3, CAG×1, CGT×1"
1555,nonsynonymous-only,0,1,10,2454,"A×2, K×2, E×1, G×1, I×1, L×1, Q×1, R×1","AAG×1625, GAA×220, TTA×218, CAA×206, AAA×124, ATA×50, GGA×6, AGA×3, GCA×1, GCT×1"
1556,nonsynonymous-only,0,1,14,2463,"I×3, V×3, R×2, F×1, H×1, M×1, N×1, P×1, S×1","CGT×1572, ATC×544, ATT×213, ATA×61, CGC×28, CAC×23, ATG×6, AAT×5, GTC×4, GTA×2, GTT×2, AGC×1, CCT×1, TTT×1"
1557,nonsynonymous-only,0,1,12,837,"K×2, L×2, R×2, E×1, G×1, I×1, N×1, W×1, Y×1","AAG×341, CTA×213, CTC×207, AAT×50, AAA×10, TAT×5, TGG×5, GAA×2, AGA×1, ATT×1, CGG×1, GGG×1"
1558,nonsynonymous-only,0,1,10,2548,"K×2, R×2, E×1, G×1, M×1, N×1, Q×1, V×1","GAG×1596, AAA×561, AAG×212, AAT×141, GGG×28, CAA×6, ATG×1, CGA×1, CGG×1, GTT×1"
1559,nonsynonymous-only,0,1,11,2598,"H×2, I×2, L×2, R×2, F×1, P×1, Y×1","CTC×1624, TTT×342, TAT×220, CGC×206, CGT×141, TTA×51, CAT×6, ATT×5, ATA×1, CAC×1, CCT×1"
1560,nonsynonymous-only,0,1,10,2621,"L×4, A×2, I×1, K×1, Q×1, V×1","GTA×1630, CTG×555, CAG×207, ATA×162, TTG×50, TTA×7, CTT×5, AAG×3, GCA×1, GCG×1"
1561,nonsynonymous-only,0,1,8,2071,"I×2, K×2, L×2, A×1, T×1","AAA×1675, ATT×213, AAG×165, CTA×6, TTA×6, ATA×4, ACG×1, GCG×1"
1562,nonsynonymous-only,0,1,2,7,"K×1, Y×1","TAT×4, AAG×3"
1563,nonsynonymous-only,0,1,2,5,"I×1, K×1","ATA×4, AAA×1"
1564,nonsynonymous-only,0,1,2,2,"I×1, L×1","ATA×1, TTA×1"
1565,nonsynonymous-only,0,1,2,2,"M×1, W×1","ATG×1, TGG×1"
1566,nonsynonymous-only,0,1,10,1924,"L×3, F×2, Y×2, H×1, M×1, V×1","TAT×1625, CTG×213, TTT×50, TAC×21, TTA×5, GTC×4, CAC×3, ATG×1, CTT×1, TTC×1"
1567,nonsynonymous-only,0,1,8,1895,"S×2, Y×2, F×1, H×1, K×1, R×1","TAC×1624, CAT×213, TCA×50, TCC×4, AAA×1, CGC×1, TAT×1, TTC×1"
1568,nonsynonymous-only,0,1,11,2384,"P×2, R×2, E×1, K×1, L×1, Q×1, S×1, T×1, V×1","CCG×1622, ACA×344, CGA×213, GTA×124, GAG×50, AAA×21, AGA×6, CAA×1, CCA×1, CTG×1, TCG×1"
1569,nonsynonymous-only,0,1,9,2592,"N×2, C×1, D×1, G×1, I×1, K×1, R×1, S×1","GGT×1591, AGT×782, AGA×123, AAT×55, TGT×33, ATT×5, AAA×1, AAC×1, GAT×1"
1570,nonsynonymous-only,0,1,7,2469,"D×1, F×1, G×1, I×1, N×1, T×1, V×1","GTT×1624, ATT×471, AAT×346, TTT×21, ACT×5, GAT×1, GGT×1"
1571,nonsynonymous-only,0,1,10,1705,"L×3, R×2, C×1, D×1, G×1, I×1, K×1","CGA×1407, GGA×213, TTA×54, ATC×21, AAG×5, AGA×1, CTG×1, GAT×1, TGC×1, TTG×1"
1572,nonsynonymous-only,0,1,4,1854,"C×1, K×1, P×1, R×1","TGC×1624, CGC×207, CCT×22, AAG×1"
1573,nonsynonymous-only,0,1,6,1854,"A×2, R×2, I×1, L×1","CGA×1624, GCT×207, ATT×17, CTT×4, AGA×1, GCC×1"
1574,nonsynonymous-only,0,1,3,1646,"D×1, N×1, S×1","AAC×1612, AGC×21, GAC×13"
1575,nonsynonymous-only,0,1,3,1625,"C×1, G×1, R×1","TGC×1612, CGC×12, GGG×1"
1576,nonsynonymous-only,0,1,6,1929,"D×1, I×1, K×1, M×1, N×1, Y×1","TAT×1625, ATT×207, GAT×53, AAT×22, AAG×21, ATG×1"
1577,nonsynonymous-only,0,1,7,1941,"F×2, I×2, A×1, S×1, V×1","TTT×1628, AGC×207, GTC×50, GCT×25, TTC×21, ATC×6, ATT×4"
1578,nonsynonymous-only,0,1,7,1896,"L×2, Q×2, R×2, K×1","AGG×1624, CGG×207, CAA×52, CAG×6, AAA×5, TTA×1, TTG×1"
1579,nonsynonymous-only,0,1,15,2481,"L×4, R×2, C×1, E×1, I×1, K×1, N×1, P×1, Q×1, W×1, Y×1","CGT×1517, CTA×291, AAG×213, TTG×207, TGT×107, CCA×50, TGG×50, AAC×21, ATA×6, CTT×6, CGA×5, GAA×5, CAA×1, TAT×1, TTA×1"
1580,nonsynonymous-only,0,1,9,2473,"C×2, S×2, P×1, Q×1, R×1, W×1, Y×1","TGC×1624, TGT×347, TCA×213, CGA×207, CAA×50, AGT×21, TGG×6, TAT×4, CCT×1"
1581,nonsynonymous-only,0,1,8,2479,"C×1, F×1, H×1, I×1, L×1, P×1, T×1, V×1","CTC×1624, ATC×763, TTT×55, CCT×21, CAT×6, ACC×5, TGC×4, GTC×1"
1582,nonsynonymous-only,0,1,10,2467,"N×2, V×2, Y×2, C×1, D×1, F×1, W×1","TGG×1624, GTT×341, TTC×213, GAT×207, AAC×50, TGC×21, GTG×5, TAC×4, AAT×1, TAT×1"
1583,nonsynonymous-only,0,1,13,2480,"F×2, I×2, Y×2, C×1, H×1, L×1, Q×1, R×1, S×1, W×1","TAT×1477, TTC×341, ATC×213, TTT×205, CAT×157, TCC×50, TGT×21, CAA×6, TGG×5, ATT×2, CGT×1, CTA×1, TAC×1"
1584,nonsynonymous-only,0,1,7,2953,"I×2, S×2, L×1, M×1, V×1","TCT×1645, ATA×680, AGT×341, ATT×269, TTG×10, GTG×6, ATG×2"
1585,nonsynonymous-only,0,1,11,2941,"F×2, C×1, G×1, L×1, M×1, Q×1, S×1, V×1, W×1, Y×1","TGG×1964, TTA×680, TAT×213, TTT×50, TCA×21, TGT×5, TTC×4, ATG×1, CAG×1, GGA×1, GTT×1"
1586,nonsynonymous-only,0,1,9,2743,"C×1, F×1, G×1, M×1, Q×1, R×1, S×1, V×1, W×1","TGT×1624, TTT×680, GGG×341, AGG×50, TCA×21, TGG×20, CAG×5, ATG×1, GTC×1"
1587,nonsynonymous-only,0,1,2,346,"N×1, R×1","AAC×341, CGA×5"
1588,nonsynonymous-only,0,1,2,346,"F×1, S×1","TTT×341, TCT×5"
1590,nonsynonymous-only,0,1,3,761,"I×1, K×1, N×1","AAC×341, ATA×213, AAA×207"
1591,nonsynonymous-only,0,1,3,762,"E×1, G×1, N×1","GGT×341, GAA×213, AAT×208"
1592,nonsynonymous-only,0,1,4,762,"C×1, F×1, I×1, Y×1","TGC×216, ATT×213, TTC×207, TAC×126"
1593,nonsynonymous-only,0,1,4,762,"L×1, P×1, Q×1, R×1","CGG×334, CTA×213, CCG×207, CAG×8"
1594,synonymous-only,1,0,2,767,K×2,"AAG×553, AAA×214"
1595,nonsynonymous-only,0,1,5,767,"A×1, D×1, E×1, N×1, V×1","GTT×303, GAC×213, GAG×207, GCT×39, AAT×5"
1596,nonsynonymous-only,0,1,4,426,"F×1, L×1, S×1, Y×1","TTG×213, AGC×207, TTC×5, TAC×1"
1597,nonsynonymous-only,0,1,3,768,"I×1, K×1, T×1","ATA×473, ACA×289, AAA×6"
1598,nonsynonymous-only,0,1,4,768,"C×1, L×1, P×1, Q×1","CTA×341, TGC×213, CCT×207, CAA×7"
1599,nonsynonymous-only,0,1,5,561,"E×1, K×1, L×1, R×1, W×1","TTG×341, AGG×213, AAG×5, GAG×1, TGG×1"
1600,nonsynonymous-only,0,1,2,422,"L×1, W×1","TTG×421, TGG×1"
1601,nonsynonymous-only,0,1,6,768,"V×3, A×1, E×1, M×1","GTG×341, GAG×213, GTA×207, GTC×5, ATG×1, GCG×1"
1602,nonsynonymous-only,0,1,5,768,"K×2, L×1, N×1, V×1","AAA×341, AAT×213, GTA×207, CTA×5, AAG×2"
1603,nonsynonymous-only,0,1,5,768,"K×1, L×1, M×1, Q×1, V×1","AAG×548, CTG×213, ATG×5, CAG×1, GTG×1"
1604,nonsynonymous-only,0,1,5,768,"E×2, V×2, A×1","GAA×341, GTG×213, GAG×208, GCA×5, GTT×1"
1605,nonsynonymous-only,0,1,5,427,"F×1, G×1, Q×1, V×1, Y×1","CAA×213, TTT×207, GGT×5, GTC×1, TAC×1"
1606,nonsynonymous-only,0,1,5,768,"I×2, S×1, T×1, V×1","ATT×341, ACC×213, ATC×208, TCT×5, GTT×1"
1607,nonsynonymous-only,0,1,4,768,"C×1, F×1, S×1, Y×1","TTT×342, TCT×213, TGT×208, TAT×5"
1608,nonsynonymous-only,0,1,3,768,"L×2, Q×1","CTG×556, CAG×207, CTC×5"
1609,nonsynonymous-only,0,1,4,768,"E×1, M×1, Q×1, V×1","GTG×554, GAG×208, CAG×5, ATG×1"
1610,nonsynonymous-only,0,1,4,768,"A×1, D×1, E×1, V×1","GAG×421, GCG×176, GTG×166, GAC×5"
1611,nonsynonymous-only,0,1,3,768,"K×1, N×1, R×1","AAA×587, AGA×175, AAC×6"
1612,nonsynonymous-only,0,1,2,768,"D×1, N×1","AAC×548, GAC×220"
1613,nonsynonymous-only,0,1,4,770,"I×1, K×1, N×1, S×1","AAC×766, AGC×2, AAA×1, ATC×1"
1614,nonsynonymous-only,0,1,6,770,"V×2, A×1, E×1, G×1, K×1","GGA×341, GTT×213, GTA×209, AAG×5, GAA×1, GCT×1"
1615,nonsynonymous-only,0,1,3,563,"L×1, W×1, Y×1","TTG×348, TGG×214, TAT×1"
1616,nonsynonymous-only,0,1,5,2468,"L×3, Q×1, R×1","TTA×1698, CTA×421, CTT×346, CAA×2, CGC×1"
1617,nonsynonymous-only,0,1,6,3293,"L×2, S×2, I×1, W×1","TTA×1968, ATA×680, TCA×216, TTG×215, TGG×213, TCG×1"
1618,nonsynonymous-only,0,1,11,4937,"L×3, R×2, F×1, H×1, P×1, S×1, T×1, W×1","TTG×2269, CTC×1706, CAC×534, CCA×207, TTT×141, TCG×35, ACA×21, CGC×21, AGG×1, CTG×1, TGG×1"
1619,nonsynonymous-only,0,1,10,4916,"V×2, A×1, D×1, E×1, G×1, H×1, L×1, P×1, S×1","AGT×1698, CCT×1530, CTT×916, GCT×554, GAG×207, GAT×4, GTG×3, GTT×2, CAC×1, GGA×1"
1620,nonsynonymous-only,0,1,11,4578,"F×2, L×2, G×1, H×1, I×1, P×1, Q×1, S×1, Y×1","TAT×1698, TTC×1625, TCT×681, CTC×213, CAA×207, TTT×146, ATC×3, CAT×2, CCA×1, CTG×1, GGC×1"
1621,nonsynonymous-only,0,1,13,4919,"S×3, L×2, T×2, C×1, F×1, H×1, M×1, P×1, Y×1","TCG×1623, CCA×1476, TTG×682, TTT×430, CAT×323, CTA×221, ATG×136, TAT×18, ACG×5, TCT×2, ACC×1, TCA×1, TGC×1"
1622,nonsynonymous-only,0,1,11,4567,"F×2, R×2, Y×2, C×1, K×1, L×1, Q×1, S×1","TTC×1690, CAA×1625, AGG×680, TTA×345, TAT×213, CGA×5, TGC×3, TTT×3, AAG×1, TAC×1, TCA×1"
1623,nonsynonymous-only,0,1,12,4799,"H×2, K×2, E×1, F×1, G×1, M×1, N×1, S×1, W×1, Y×1","CAC×2039, CAT×1835, AAC×680, AAG×207, TAT×23, ATG×5, TTT×4, GGA×2, AAA×1, AGT×1, GAG×1, TGG×1"
1624,nonsynonymous-only,0,1,10,4799,"F×2, I×2, K×2, L×2, M×1, T×1","CTA×1698, TTC×1644, ATG×888, AAG×340, CTG×213, ATA×6, TTT×6, ATC×2, AAA×1, ACG×1"
1625,nonsynonymous-only,0,1,11,4782,"K×2, Q×2, E×1, H×1, I×1, L×1, P×1, R×1, S×1","CAG×2252, CGA×1595, CAA×916, AAG×5, GAG×4, ATA×3, CAC×2, CCA×2, AAA×1, CTA×1, TCA×1"
1626,nonsynonymous-only,0,1,11,4785,"R×3, L×2, Q×2, S×2, K×1, M×1","CAA×1703, TCA×1527, CAG×675, AGA×549, AAA×219, TTA×97, CGG×7, ATG×5, CGA×1, CTG×1, TCT×1"
1627,nonsynonymous-only,0,1,14,4804,"S×4, F×2, L×2, A×1, I×1, K×1, M×1, T×1, Y×1","TTA×1698, ATG×1498, TCC×959, TTG×421, ACG×126, TTC×57, ATT×21, TAC×9, AAG×5, TCT×5, TTT×2, GCC×1, TCA×1, TCG×1"
1628,nonsynonymous-only,0,1,9,4775,"C×2, H×2, L×2, I×1, Q×1, S×1","TGC×1697, CAG×1624, CAT×678, TTA×548, TGT×215, ATA×5, CTA×5, CAC×2, AGT×1"
1629,nonsynonymous-only,0,1,10,4098,"C×2, F×2, H×2, Y×2, L×1, R×1","CAT×1696, TGC×1497, TTT×342, TAC×337, TTA×207, TAT×8, CAC×5, TGT×4, CGA×1, TTC×1"
1630,nonsynonymous-only,0,1,7,4434,"L×2, S×2, C×1, W×1, Y×1","TCT×2299, TAT×1698, TTG×223, TGG×207, TCC×3, TGT×3, CTG×1"
1631,nonsynonymous-only,0,1,5,3081,"T×2, I×1, M×1, P×1","ATA×1625, ACA×680, ATG×561, ACG×214, CCA×1"
1632,nonsynonymous-only,0,1,7,2400,"K×2, N×2, T×2, R×1","ACC×1624, AGG×341, AAG×215, AAT×213, AAA×5, AAC×1, ACT×1"
1633,nonsynonymous-only,0,1,5,553,"R×2, L×1, P×1, Q×1","CGA×341, CCA×165, CTA×44, CAA×2, CGG×1"
1634,nonsynonymous-only,0,1,5,770,"L×3, P×1, V×1","CTT×347, CCT×213, GTG×207, CTG×2, CTA×1"
1635,nonsynonymous-only,0,1,6,770,"L×3, H×1, P×1, Q×1","CTG×268, CTA×215, CAT×207, CCG×74, CAA×5, CTT×1"
1636,nonsynonymous-only,0,1,7,770,"T×2, A×1, H×1, I×1, L×1, V×1","CAT×341, ACT×213, CTA×207, ACG×5, GCC×2, ATA×1, GTT×1"
1637,nonsynonymous-only,0,1,2,764,"L×1, W×1","TGG×552, TTG×212"
1638,nonsynonymous-only,0,1,5,770,"I×3, T×2","ACG×341, ATC×209, ACA×208, ATA×10, ATT×2"
1639,nonsynonymous-only,0,1,5,770,"Q×2, A×1, K×1, L×1","AAA×346, GCT×213, CAG×197, CAA×13, CTG×1"
1640,nonsynonymous-only,0,1,5,552,"I×1, K×1, L×1, N×1, R×1","AGA×341, ATA×207, AAT×2, AAA×1, TTA×1"
1641,nonsynonymous-only,0,1,5,770,"H×1, L×1, M×1, P×1, Q×1","ATG×421, CCG×341, CAT×5, CTG×2, CAG×1"
1642,nonsynonymous-only,0,1,6,770,"N×2, K×1, L×1, R×1, S×1","AAG×342, AAT×213, AGT×207, CTC×5, AGA×2, AAC×1"
1643,nonsynonymous-only,0,1,5,555,"K×1, L×1, M×1, N×1, S×1","AAA×341, ATG×207, AAC×5, AGC×1, CTC×1"
1644,nonsynonymous-only,0,1,7,770,"K×2, N×2, E×1, R×1, S×1","AAG×341, GAA×213, AAC×207, AAA×5, AGG×2, AAT×1, TCA×1"
1645,nonsynonymous-only,0,1,5,2176,"C×2, I×1, S×1, Y×1","ATT×1624, TGT×341, TAC×208, TCC×2, TGC×1"
1646,nonsynonymous-only,0,1,6,771,"K×2, C×1, I×1, W×1, Y×1","AAA×421, TAC×341, TGC×5, AAG×2, ATA×1, TGG×1"
1647,nonsynonymous-only,0,1,5,2395,"K×2, E×1, R×1, T×1","AAA×1626, AGG×422, AAG×345, ACG×1, GAG×1"
1648,nonsynonymous-only,0,1,9,2581,"L×3, H×1, K×1, M×1, P×1, Q×1, R×1","ATG×1760, AAG×341, CAG×213, CTT×207, CGT×50, CTA×5, CAT×2, CCT×2, TTG×1"
1649,nonsynonymous-only,0,1,9,2576,"F×2, A×1, C×1, L×1, N×1, Q×1, W×1, Y×1","TTG×1624, TAC×341, TGG×214, TTC×207, AAT×136, CAG×50, TGT×2, GCT×1, TTT×1"
1650,nonsynonymous-only,0,1,13,2581,"K×2, L×2, N×2, I×1, P×1, Q×1, R×1, S×1, T×1, V×1","CCA×1624, AAA×340, ATA×213, AAT×206, GTA×136, AGA×50, AGT×5, CTA×2, AAC×1, AAG×1, ACA×1, CAA×1, TTG×1"
1651,nonsynonymous-only,0,1,9,2586,"I×2, L×2, P×2, M×1, N×1, R×1","CCT×1614, AAT×554, ATT×263, CTG×136, CCC×10, TTG×5, ATC×2, AGG×1, ATG×1"
1652,nonsynonymous-only,0,1,3,478,"H×1, L×1, R×1","TTA×341, CGA×136, CAT×1"
1653,nonsynonymous-only,0,1,11,3055,"I×3, K×2, L×2, N×1, P×1, R×1, T×1","ATC×1619, AAA×730, CCC×341, AAG×213, AGA×136, AAT×5, CTA×5, ACC×3, ATA×1, ATT×1, TTA×1"
1654,nonsynonymous-only,0,1,8,3259,"K×2, R×2, G×1, I×1, Q×1, T×1","CAA×2302, ACA×307, AAG×258, GGA×213, AAA×136, ATA×34, AGG×8, CGA×1"
1655,nonsynonymous-only,0,1,10,3265,"I×2, K×2, V×2, A×1, F×1, N×1, T×1","TTC×1758, AAT×680, AAA×420, ATA×347, AAG×50, GTT×5, GCC×2, ACT×1, ATT×1, GTA×1"
1656,nonsynonymous-only,0,1,7,3215,"S×2, E×1, I×1, K×1, R×1, T×1","ACG×2303, AAA×558, AGT×340, GAA×7, AGA×5, ATT×1, TCC×1"
1657,nonsynonymous-only,0,1,12,2194,"L×2, N×2, C×1, E×1, G×1, K×1, P×1, Q×1, R×1, V×1","GGA×1540, CAG×420, AAT×136, GAA×54, GTA×28, AAA×5, TTG×5, CGA×2, AAC×1, CCG×1, CTT×1, TGT×1"
1658,nonsynonymous-only,0,1,7,3262,"L×2, H×1, I×1, R×1, S×1, V×1","TTA×2183, CGA×680, CTA×337, GTA×50, ATA×9, CAT×2, TCA×1"
1659,nonsynonymous-only,0,1,8,3259,"S×3, C×1, F×1, L×1, R×1, W×1","TTT×2099, TGT×680, TCG×213, TTA×213, CGG×50, TGG×2, TCA×1, TCT×1"
1660,nonsynonymous-only,0,1,5,1292,"L×2, G×1, R×1, W×1","TTA×687, TGG×341, TTG×213, AGA×50, GGA×1"
1661,nonsynonymous-only,0,1,5,2703,"L×2, F×1, K×1, S×1","TTG×1624, TTA×1027, AAA×50, TCG×1, TTT×1"
1663,nonsynonymous-only,0,1,4,1501,"H×2, G×1, Y×1","CAT×814, GGT×680, CAC×6, TAT×1"
1664,nonsynonymous-only,0,1,6,771,"R×4, H×1, W×1","CGA×548, CGT×213, CAT×6, AGA×2, AGG×1, TGG×1"
1665,nonsynonymous-only,0,1,4,770,"L×3, P×1","CCT×341, CTA×213, TTA×212, TTG×4"
1666,nonsynonymous-only,0,1,6,770,"K×2, S×2, E×1, Q×1","TCC×420, AAA×341, GAG×5, TCG×2, AAG×1, CAA×1"
1667,nonsynonymous-only,0,1,10,970,"T×3, C×1, G×1, I×1, K×1, N×1, Q×1, S×1","ACC×310, ACA×216, AGC×207, CAA×136, AAA×55, ACT×26, AAC×14, TGT×4, ATA×1, GGC×1"
1668,nonsynonymous-only,0,1,11,2616,"L×4, I×2, S×2, P×1, R×1, V×1","TTA×1622, CTG×339, ATT×269, GTA×235, TCA×136, ATC×6, AGT×3, AGA×2, CTA×2, CCT×1, TTG×1"
1669,nonsynonymous-only,0,1,10,2615,"V×2, A×1, E×1, F×1, I×1, K×1, P×1, R×1, T×1","GCA×1622, CGA×341, AAA×258, ATT×243, GAA×135, CCT×5, GTC×4, GTT×4, TTT×2, ACT×1"
1670,nonsynonymous-only,0,1,9,3283,"Y×2, D×1, F×1, K×1, L×1, N×1, Q×1, S×1","CAA×1644, TAT×683, TTT×341, GAT×216, TCT×207, AAT×136, TAC×50, AAG×5, TTG×1"
1671,nonsynonymous-only,0,1,14,3284,"A×3, V×3, I×2, D×1, F×1, L×1, M×1, P×1, S×1","TCT×1835, GCC×678, GTA×533, ATT×136, ATC×50, ATG×22, GTG×15, GAT×5, CTT×3, GCG×2, GCT×2, CCA×1, GTC×1, TTT×1"
1672,nonsynonymous-only,0,1,6,1638,"D×1, G×1, K×1, L×1, Q×1, S×1","GAT×765, GGA×681, CAG×136, AAA×50, TCT×5, TTG×1"
1673,nonsynonymous-only,0,1,7,3260,"E×1, G×1, I×1, P×1, Q×1, R×1, S×1","CCA×1622, GAA×1235, ATC×213, CAA×137, GGA×50, AGC×2, AGG×1"
1675,nonsynonymous-only,0,1,9,1640,"F×2, Y×2, E×1, I×1, L×1, R×1, S×1","GAA×680, TTA×341, TTT×220, TTC×207, AGA×136, ATC×50, TAC×4, TAT×1, TCA×1"
1676,nonsynonymous-only,0,1,10,3270,"L×3, F×2, I×2, M×1, S×1, T×1","TTG×2852, ATG×213, ATT×136, ATC×50, TTC×6, TTT×5, TTA×4, ACT×2, CTG×1, TCT×1"
1677,nonsynonymous-only,0,1,10,2928,"L×3, S×3, A×1, E×1, T×1, V×1","GTG×1620, TCA×679, TCC×213, TCT×207, GAG×136, CTA×50, TTA×12, TTG×8, GCG×2, ACA×1"
1678,nonsynonymous-only,0,1,9,2869,"L×3, S×2, A×1, C×1, F×1, P×1","GCC×1622, TCT×680, TTG×215, TGT×207, CCA×136, CTG×6, TCC×1, TTA×1, TTT×1"
1679,nonsynonymous-only,0,1,9,2193,"I×3, K×2, L×1, N×1, Q×1, V×1","ATA×1622, AAC×212, CAG×207, ATT×135, AAG×8, GTC×5, AAA×2, ATC×1, TTG×1"
1680,nonsynonymous-only,0,1,10,2874,"S×3, I×2, L×2, F×1, K×1, M×1","TTC×1331, ATC×680, TCC×291, ATG×214, AAG×209, TCG×136, ATT×6, AGC×5, TTA×1, TTG×1"
1681,nonsynonymous-only,0,1,10,2874,"L×3, I×2, V×2, A×1, E×1, G×1","CTG×1622, ATA×685, GTA×213, GGA×167, TTA×136, GAA×42, TTG×6, ATC×1, GCC×1, GTT×1"
1682,nonsynonymous-only,0,1,9,2874,"K×2, A×1, E×1, I×1, L×1, N×1, P×1, S×1","CCC×1619, AAT×818, AAA×212, GAG×212, ATT×6, CTC×3, AAG×2, AGC×1, GCC×1"
1683,nonsynonymous-only,0,1,7,2658,"G×2, D×1, E×1, L×1, S×1, W×1","GAA×1622, GGA×680, TTG×212, GAT×137, TCA×5, GGG×1, TGG×1"
1698,nonsynonymous-only,0,1,10,2870,"A×1, D×1, E×1, F×1, G×1, I×1, L×1, N×1, S×1, V×1","GCA×1624, GAT×680, GGT×214, GAA×207, TTT×136, TTA×5, AAT×1, ATT×1, GTC×1, TCT×1"
1699,nonsynonymous-only,0,1,9,2869,"A×2, S×2, I×1, L×1, R×1, T×1, Y×1","GCG×1584, ACG×682, TCA×215, CGT×207, TCT×136, GCC×38, TTG×5, ATC×1, TAT×1"
1700,nonsynonymous-only,0,1,8,2872,"K×2, A×1, E×1, G×1, N×1, R×1, T×1","AAA×1629, ACA×675, GGA×422, AGA×136, GCA×5, AAG×3, AAT×1, GAA×1"
1701,nonsynonymous-only,0,1,7,3001,"K×2, N×2, G×1, R×1, Y×1","AAA×2304, AAT×420, AAG×137, AAC×124, GGT×7, TAC×6, CGG×3"
1702,nonsynonymous-only,0,1,9,3000,"D×1, E×1, F×1, H×1, I×1, N×1, R×1, S×1, Y×1","GAT×2302, CAT×422, AGT×136, ATT×123, TAT×6, AAT×5, GAG×3, CGT×2, TTT×1"
1703,nonsynonymous-only,0,1,8,2993,"A×1, D×1, E×1, G×1, I×1, M×1, N×1, T×1","GCG×1622, GAA×804, AAT×419, GGG×136, ATG×5, ACC×4, GAT×2, ATA×1"
1704,nonsynonymous-only,0,1,7,2863,"E×2, A×1, D×1, G×1, S×1, V×1","GCA×1622, GTA×686, GAA×332, GAG×214, GAT×5, GGG×3, TCG×1"
1705,nonsynonymous-only,0,1,10,2314,"L×4, V×2, F×1, I×1, P×1, Y×1","GTT×1621, CTA×214, TTA×207, GTA×136, ATT×124, TAT×6, TTT×3, CCT×1, CTT×1, TTG×1"
1706,nonsynonymous-only,0,1,6,550,"I×3, L×1, M×1, V×1","ATT×212, ATG×204, TTA×128, ATA×3, GTA×2, ATC×1"
1707,nonsynonymous-only,0,1,8,556,"K×2, A×1, D×1, E×1, R×1, S×1, V×1","GAT×212, GCT×207, AGG×123, AAA×6, GAA×4, AGT×2, AAG×1, GTG×1"
1708,nonsynonymous-only,0,1,4,426,"A×1, K×1, L×1, T×1","ACA×212, AAA×209, TTA×4, GCA×1"
1709,nonsynonymous-only,0,1,4,549,"G×1, H×1, L×1, V×1","GTT×216, CAT×209, GGT×123, TTA×1"
1710,nonsynonymous-only,0,1,6,554,"L×2, K×1, P×1, R×1, V×1","CCA×217, CGA×207, TTA×123, CTG×4, AAA×2, GTT×1"
1711,nonsynonymous-only,0,1,5,555,"L×2, S×1, T×1, V×1","CTT×213, GTG×207, TCA×124, CTA×9, ACT×2"
1712,nonsynonymous-only,0,1,7,433,"S×2, Y×2, I×1, L×1, V×1","TAT×419, TTA×5, ATA×4, TAC×2, GTA×1, TCA×1, TCG×1"
1713,nonsynonymous-only,0,1,5,556,"R×2, A×1, E×1, K×1","AAA×340, CGA×212, GCT×2, AGG×1, GAA×1"
1714,nonsynonymous-only,0,1,7,552,"K×2, C×1, E×1, F×1, L×1, Q×1","GAA×212, CAA×207, TTC×123, AAG×5, AAA×3, CTT×1, TGC×1"
1715,nonsynonymous-only,0,1,6,551,"L×2, Y×2, K×1, N×1","TTA×212, TTG×207, TAC×123, AAC×4, TAT×4, AAA×1"
1716,nonsynonymous-only,0,1,5,339,"K×2, V×2, T×1","GTC×207, AAG×128, GTG×2, AAA×1, ACA×1"
1717,nonsynonymous-only,0,1,6,337,"T×2, E×1, H×1, M×1, V×1","ACT×207, CAT×123, GTG×4, ACG×1, ATG×1, GAA×1"
1718,nonsynonymous-only,0,1,6,337,"F×1, I×1, M×1, N×1, S×1, T×1","AAT×207, TCG×123, ATT×4, ACT×1, ATG×1, TTT×1"
1719,nonsynonymous-only,0,1,2,2,"G×1, Y×1","GGT×1, TAT×1"
1725,nonsynonymous-only,0,1,4,1713,"F×1, G×1, P×1, Y×1","TAT×1698, TTT×12, CCG×2, GGT×1"
1726,nonsynonymous-only,0,1,12,2031,"E×2, L×2, N×2, D×1, G×1, K×1, P×1, T×1, V×1","TTA×1613, GAG×212, GGT×123, AAT×56, TTG×10, GAA×6, CCT×5, AAC×2, AAA×1, ACC×1, GAT×1, GTT×1"
1727,nonsynonymous-only,0,1,9,1908,"D×2, R×2, A×1, E×1, I×1, N×1, V×1","CGT×1623, AAT×215, CGA×49, ATT×7, GAT×5, GTT×5, GAC×2, GAA×1, GCT×1"
1728,nonsynonymous-only,0,1,10,2461,"S×2, V×2, A×1, F×1, I×1, K×1, L×1, N×1","GCA×1829, TTA×350, AAG×212, GTT×50, TCA×14, ATA×2, AAT×1, GTA×1, TCT×1, TTT×1"
1729,nonsynonymous-only,0,1,12,2462,"K×2, N×2, T×2, A×1, E×1, F×1, I×1, S×1, Y×1","GAA×1623, AAT×554, AAC×212, ATT×56, TAT×5, TTT×4, AAG×2, ACG×2, AAA×1, ACT×1, AGC×1, GCT×1"
1730,nonsynonymous-only,0,1,6,826,"E×2, D×1, K×1, N×1, Y×1","GAG×341, AAT×212, GAT×207, TAT×51, AAA×9, GAA×6"
1731,nonsynonymous-only,0,1,5,429,"E×1, L×1, Q×1, R×1, W×1","TTG×212, TGG×207, CAA×7, CGG×2, GAA×1"
1732,nonsynonymous-only,0,1,5,427,"I×1, N×1, R×1, S×1, W×1","TGG×212, AGG×207, ATA×5, AAT×2, TCA×1"
1733,nonsynonymous-only,0,1,3,420,"I×1, L×1, V×1","ATA×212, CTT×207, GTC×1"
1734,nonsynonymous-only,0,1,2,419,"D×1, E×1","GAG×212, GAC×207"
1735,synonymous-only,1,0,2,419,N×2,"AAC×212, AAT×207"
1736,nonsynonymous-only,0,1,2,419,"C×1, E×1","TGT×212, GAA×207"
1737,synonymous-only,1,0,2,207,K×2,"AAG×165, AAA×42"
1739,nonsynonymous-only,0,1,2,208,"F×1, L×1","TTA×207, TTC×1"
