codon_index,category,syn_changes,nonsyn_changes,n_variants,n_sequences,aa_states,codon_counts
1,nonsynonymous-only,0,1,2,397,"M×1, V×1","ATG×395, GTG×2"
2,nonsynonymous-only,0,1,2,397,"I×1, N×1","AAT×395, ATT×2"
3,nonsynonymous-only,0,1,2,397,"I×1, S×1","ATC×395, TCC×2"
4,nonsynonymous-only,0,1,2,397,"L×1, Q×1","CAA×395, CTT×2"
5,nonsynonymous-only,0,1,3,397,"D×1, L×1, Y×1","CTT×395, GAC×1, TAC×1"
6,nonsynonymous-only,0,1,2,397,"F×1, L×1","TTT×395, CTA×2"
10,nonsynonymous-only,0,1,2,11,"M×1, T×1","ATG×9, ACG×2"
11,nonsynonymous-only,0,1,3,704,"L×1, M×1, R×1","AGA×395, ATG×300, CTT×9"
12,nonsynonymous-only,0,1,3,715,"E×1, K×1, T×1","ACA×395, GAA×311, AAA×9"
13,nonsynonymous-only,0,1,4,715,"K×2, F×1, N×1","AAT×397, AAA×302, TTT×9, AAG×7"
14,nonsynonymous-only,0,1,6,716,"E×1, G×1, K×1, L×1, R×1, V×1","AGA×394, GAA×298, AAA×13, TTA×9, GGA×1, GTT×1"
17,nonsynonymous-only,0,1,3,695,"I×2, E×1","ATC×395, GAA×298, ATT×2"
18,nonsynonymous-only,0,1,3,695,"F×1, I×1, S×1","TTT×395, AGT×298, ATT×2"
19,nonsynonymous-only,0,1,2,22,"K×1, Q×1","CAG×20, AAG×2"
20,nonsynonymous-only,0,1,4,695,"C×1, H×1, N×1, S×1","TGC×395, AAC×297, CAT×2, AGC×1"
21,synonymous-only,1,0,2,695,K×2,"AAG×395, AAA×300"
22,synonymous-only,1,0,2,695,I×2,"ATT×693, ATC×2"
23,nonsynonymous-only,0,1,3,695,"S×2, T×1","TCT×395, ACT×298, AGT×2"
24,nonsynonymous-only,0,1,3,695,"G×1, I×1, Y×1","GGC×395, TAC×298, ATA×2"
25,nonsynonymous-only,0,1,2,693,"Q×1, S×1","TCG×395, CAA×298"
27,synonymous-only,1,0,2,695,E×2,"GAG×395, GAA×300"
28,nonsynonymous-only,0,1,3,695,"Y×2, F×1","TTT×397, TAC×290, TAT×8"
29,nonsynonymous-only,0,1,2,693,"N×1, S×1","AAT×395, AGT×298"
36,nonsynonymous-only,0,1,4,693,"R×2, H×1, L×1","TTG×395, CGC×289, CAC×7, CGA×2"
37,nonsynonymous-only,0,1,2,693,"D×1, K×1","GAT×395, AAA×298"
38,nonsynonymous-only,0,1,4,4712,"V×2, H×1, N×1","GTC×1645, GTT×1544, AAC×1225, CAC×298"
39,nonsynonymous-only,0,1,10,4727,"R×2, A×1, C×1, E×1, G×1, M×1, P×1, Q×1, V×1","TGC×1544, AGA×1250, CAG×1225, CCC×394, GTA×297, ATG×9, GCT×5, CGC×1, GAA×1, GGA×1"
40,nonsynonymous-only,0,1,11,5623,"C×2, F×1, G×1, I×1, K×1, L×1, M×1, Q×1, W×1, Y×1","GGG×1544, TTG×1523, ATA×1258, TGC×850, TGG×395, TGT×24, TAT×11, CAG×9, AAG×5, ATG×3, TTC×1"
41,nonsynonymous-only,0,1,9,5223,"F×2, C×1, E×1, I×1, L×1, T×1, W×1, Y×1","TGG×1552, TTG×1545, TGC×1414, GAG×395, ACA×298, TTT×13, ATT×3, TAC×2, TTC×1"
42,nonsynonymous-only,0,1,10,8200,"D×2, K×2, N×2, R×2, A×1, T×1","AAT×5191, GAT×1408, AAC×850, GAC×520, GCT×137, AAG×45, AGG×24, AAA×21, CGT×3, ACC×1"
43,nonsynonymous-only,0,1,12,4280,"K×2, L×2, Q×2, R×2, S×2, E×1, W×1","CAG×1536, CGA×1240, TCA×837, CAA×302, GAA×279, AAG×45, TTA×15, AAA×13, TCG×9, CTA×2, AGA×1, TGG×1"
44,nonsynonymous-only,0,1,13,5189,"K×2, N×2, R×2, C×1, F×1, G×1, Q×1, S×1, V×1, Y×1","AAA×2452, TAT×1255, AAG×885, CAG×294, AGT×273, AAT×8, TTT×8, GGT×6, TGC×3, AGG×2, AAC×1, AGA×1, GTT×1"
45,nonsynonymous-only,0,1,20,5855,"S×4, V×3, A×2, L×2, N×2, T×2, D×1, I×1, M×1, P×1, R×1","GTA×1300, CCA×1250, ATG×1237, AGA×762, ATA×526, TTA×467, GCA×245, AGT×24, GCT×12, TCA×10, GTT×9, AAT×3, TTG×3, AAC×1, ACA×1, ACC×1, AGC×1, GAT×1, GTC×1, TCG×1"
46,nonsynonymous-only,0,1,12,4681,"R×2, T×2, D×1, E×1, F×1, I×1, K×1, N×1, Q×1, V×1","AAA×1682, ACA×1250, CGA×1225, GAA×294, TTT×165, AAT×49, ATT×9, GTT×3, ACT×1, AGA×1, CAA×1, GAT×1"
47,nonsynonymous-only,0,1,12,4538,"S×2, V×2, D×1, H×1, L×1, N×1, P×1, Q×1, R×1, Y×1","AAT×1544, TAT×1251, CAA×1225, TTA×294, AGT×141, GTC×44, TCA×24, CCT×9, CGG×3, CAT×1, GAT×1, GTG×1"
48,nonsynonymous-only,0,1,4,14,"C×1, K×1, L×1, Y×1","TGC×9, AAA×3, CTG×1, TAC×1"
52,nonsynonymous-only,0,1,3,13,"E×1, F×1, T×1","ACA×9, GAA×3, TTT×1"
53,nonsynonymous-only,0,1,3,13,"F×2, V×1","TTT×9, GTC×3, TTC×1"
54,nonsynonymous-only,0,1,4,1274,"L×3, Q×1","CAA×1250, TTA×14, CTG×9, CTT×1"
55,nonsynonymous-only,0,1,6,1277,"S×2, I×1, M×1, N×1, W×1","AAC×1250, AGT×11, ATG×9, TCA×3, TGG×3, ATC×1"
56,nonsynonymous-only,0,1,7,4565,"E×1, I×1, K×1, L×1, M×1, R×1, T×1","ATA×3018, AAA×1225, ACA×308, ATG×10, GAA×2, AGA×1, TTA×1"
57,nonsynonymous-only,0,1,11,4567,"L×4, A×1, E×1, G×1, H×1, Q×1, S×1, W×1","CAA×1253, TCA×1226, TTA×859, TGG×519, TTG×395, CTT×299, GAG×11, CAT×2, CTA×1, GCT×1, GGG×1"
58,nonsynonymous-only,0,1,5,2486,"L×2, C×1, F×1, H×1","CAT×1250, TTG×1225, CTT×9, TGC×1, TTT×1"
59,nonsynonymous-only,0,1,4,2477,"V×2, I×1, P×1","GTA×1250, ATA×1225, CCA×1, GTT×1"
61,nonsynonymous-only,0,1,2,1251,"E×1, K×1","AAA×1250, GAA×1"
62,nonsynonymous-only,0,1,2,1250,"A×1, T×1","GCC×1245, ACC×5"
63,nonsynonymous-only,0,1,7,4324,"V×2, C×1, I×1, M×1, R×1, S×1","TGT×1408, GTC×1250, ATG×1225, ATT×294, AGA×137, TCG×9, GTA×1"
64,nonsynonymous-only,0,1,16,5222,"L×3, R×3, K×2, S×2, V×2, A×1, G×1, P×1, T×1","CGA×1240, GGA×1225, CTG×849, GCA×530, AGC×395, CGC×294, GTA×196, AAA×161, CCA×134, GTG×103, AGA×45, ACA×31, CTA×11, TCA×5, AAG×2, TTA×1"
65,nonsynonymous-only,0,1,16,6144,"L×4, S×3, F×2, T×2, C×1, P×1, R×1, W×1, Y×1","TCG×2100, TCA×1545, TAT×1408, CTT×521, TTT×302, TTG×131, ACC×45, TTA×36, CCT×32, TTC×11, TGG×7, TCC×2, ACG×1, CGA×1, CTC×1, TGT×1"
66,nonsynonymous-only,0,1,16,7788,"L×3, V×3, I×2, S×2, T×2, A×1, F×1, M×1, N×1","TCA×3307, GTT×1250, ATG×1073, GCG×847, TTC×299, GTA×294, ACG×288, TCG×207, ATA×167, TTG×27, GTG×14, ACA×9, TTA×3, AAC×1, ATC×1, CTT×1"
67,nonsynonymous-only,0,1,13,7215,"E×2, K×2, N×2, G×1, I×1, L×1, Q×1, R×1, S×1, V×1","AAA×5300, GAA×1371, CAA×272, AGC×138, CTA×45, AGA×33, GGG×24, ATA×12, AAC×9, AAT×4, AAG×3, GAG×2, GTA×2"
68,nonsynonymous-only,0,1,12,7956,"R×3, K×2, S×2, I×1, L×1, N×1, Q×1, T×1","AAA×2762, AGA×2667, ACA×1054, CGA×859, AGT×294, AAG×174, AGG×137, AAC×4, ATA×2, AGC×1, CAA×1, TTA×1"
69,nonsynonymous-only,0,1,16,6252,"I×3, K×2, N×2, P×2, S×2, D×1, F×1, G×1, L×1, W×1","AGC×2486, AAG×1528, CCA×850, ATC×396, AAA×310, GGC×309, ATT×281, AAT×58, GAT×11, TTT×9, AGT×6, TGG×3, TTG×2, AAC×1, ATA×1, CCT×1"
70,nonsynonymous-only,0,1,18,5055,"L×4, F×2, I×2, N×2, A×1, K×1, M×1, P×1, Q×1, T×1, V×1, Y×1","ACT×1331, GCT×1251, CTA×850, ATT×520, TTC×464, CTC×395, TTA×162, TTG×45, GTT×12, TTT×9, AAC×6, ATG×3, AAT×2, AAA×1, ATC×1, CAA×1, CCT×1, TAT×1"
71,nonsynonymous-only,0,1,12,1671,"K×2, P×2, C×1, D×1, N×1, Q×1, R×1, S×1, T×1, W×1","AAG×876, CCG×395, CCA×299, GAC×45, ACG×12, TGG×12, AAT×11, CGC×9, TGT×6, AAA×3, TCA×2, CAG×1"
72,nonsynonymous-only,0,1,16,3351,"L×2, P×2, Q×2, F×1, G×1, H×1, I×1, K×1, M×1, R×1, S×1, T×1, Y×1","TCC×1249, CTT×861, CAT×694, TTA×273, CAA×162, AAG×45, CAG×29, ATA×13, TAC×9, CGA×6, ATG×3, CCT×3, ACA×1, CCC×1, GGA×1, TTT×1"
73,nonsynonymous-only,0,1,11,2012,"N×2, C×1, F×1, I×1, K×1, L×1, Q×1, R×1, W×1, Y×1","AAC×1293, CAG×395, TGT×272, TTG×24, TGG×12, CGT×8, TAT×3, AAA×2, AAT×1, ATC×1, TTT×1"
74,nonsynonymous-only,0,1,8,2048,"P×2, Q×2, S×2, F×1, K×1","CAA×1224, AAA×518, CCC×272, TTT×17, AGT×12, TCC×3, CAG×1, CCG×1"
75,nonsynonymous-only,0,1,4,1940,"E×1, K×1, L×1, N×1","AAA×1250, AAC×395, GAA×294, TTA×1"
76,nonsynonymous-only,0,1,5,2224,"E×1, I×1, K×1, N×1, R×1","ATC×1545, AGG×395, AAA×185, AAT×87, GAA×12"
77,nonsynonymous-only,0,1,5,1816,"L×2, E×1, I×1, R×1","CTA×715, TTA×529, AGA×294, GAA×272, ATA×6"
78,nonsynonymous-only,0,1,4,668,"I×1, K×1, M×1, T×1","AAA×395, ATG×186, ATA×86, ACC×1"
82,nonsynonymous-only,0,1,2,272,"D×1, V×1","GTT×271, GAT×1"
83,nonsynonymous-only,0,1,2,667,"A×1, S×1","GCG×395, AGC×272"
84,nonsynonymous-only,0,1,2,1917,"H×1, R×1","CGA×1645, CAC×272"
85,nonsynonymous-only,0,1,4,1918,"F×1, N×1, S×1, W×1","TTT×1505, AAC×395, TCT×17, TGG×1"
86,nonsynonymous-only,0,1,4,2212,"A×1, E×1, I×1, V×1","GTT×1250, GCA×395, GAG×294, ATT×273"
90,nonsynonymous-only,0,1,2,280,"F×1, Y×1","TTC×272, TAT×8"
91,nonsynonymous-only,0,1,2,280,"C×1, S×1","TGT×272, AGT×8"
92,nonsynonymous-only,0,1,3,282,"H×1, R×1, Y×1","CGT×272, CAT×8, TAT×2"
93,nonsynonymous-only,0,1,2,282,"I×1, T×1","ATT×274, ACT×8"
94,nonsynonymous-only,0,1,2,273,"K×1, N×1","AAC×272, AAG×1"
95,nonsynonymous-only,0,1,7,2513,"G×2, K×1, M×1, R×1, S×1, V×1","ATG×1483, GTG×456, GGG×299, AGT×272, AAG×1, CGC×1, GGT×1"
96,nonsynonymous-only,0,1,12,2581,"L×2, R×2, F×1, H×1, I×1, K×1, M×1, Q×1, S×1, Y×1","CGT×1509, TAT×396, CAA×294, CTA×272, TTT×45, CTT×37, AAA×12, ATG×6, CAT×5, TCA×3, ATA×1, CGG×1"
97,nonsynonymous-only,0,1,9,2246,"E×1, K×1, L×1, M×1, Q×1, R×1, V×1, W×1, Y×1","TGG×1494, CGT×395, ATG×294, TTG×46, GTA×6, GAA×5, TAC×3, CAA×2, AAG×1"
98,nonsynonymous-only,0,1,11,6912,"I×2, K×2, N×2, L×1, M×1, R×1, T×1, V×1","ATA×2131, AAA×1418, ACG×1246, ATC×1225, AAG×876, ATG×10, AAC×2, AAT×1, AGG×1, GTA×1, TTG×1"
99,nonsynonymous-only,0,1,18,7401,"L×3, V×3, G×2, I×2, T×2, A×1, E×1, K×1, M×1, R×1, S×1","ATG×2459, ATA×1838, GTC×1407, GCG×850, GTG×299, TTA×275, GAA×145, ATT×45, ACG×43, CTA×18, TCG×9, AAG×7, ACT×1, CGG×1, GGA×1, GGC×1, GTA×1, TTG×1"
100,nonsynonymous-only,0,1,19,6570,"L×4, F×2, K×2, Q×2, S×2, C×1, E×1, H×1, I×1, P×1, T×1, Y×1","TTT×1726, ATA×1408, TCA×1388, TCT×850, CTT×518, TTA×299, CAG×272, TAT×69, CTA×12, ACT×9, AAG×6, CAA×6, AAA×1, CAT×1, CCT×1, GAA×1, TGT×1, TTC×1, TTG×1"
101,nonsynonymous-only,0,1,21,8491,"L×4, V×3, P×2, Q×2, R×2, A×1, H×1, I×1, M×1, N×1, S×1, T×1, Y×1","CAA×1715, CTT×1459, CGA×1250, ACT×1225, CTG×850, CAC×532, ATT×436, ATG×394, GCC×292, TAT×277, CCT×24, CTA×11, GTA×7, TTA×7, CCA×3, GTT×3, CAG×2, AAT×1, CGC×1, GTG×1, TCT×1"
102,nonsynonymous-only,0,1,9,6687,"L×3, C×1, E×1, F×1, I×1, S×1, V×1","TGC×2952, TTA×2007, TCG×1142, TTG×573, ATT×9, CTA×1, GAA×1, GTG×1, TTT×1"
103,nonsynonymous-only,0,1,20,8465,"L×4, R×3, K×2, A×1, E×1, H×1, I×1, M×1, N×1, P×1, Q×1, S×1, T×1, V×1","AAA×2663, CTT×2394, CCA×1213, GTA×520, AAG×395, CAA×327, GCT×294, ACG×292, CTG×165, CTA×140, CGA×25, ATA×14, GAA×8, ATG×7, AGA×3, AAT×1, CAT×1, CGT×1, TCG×1, TTG×1"
104,nonsynonymous-only,0,1,6,2091,"F×1, I×1, L×1, N×1, P×1, S×1","TTC×1408, TCA×395, ATT×283, TTG×3, AAT×1, CCT×1"
105,nonsynonymous-only,0,1,6,1696,"S×2, Y×2, C×1, F×1","AGT×1408, TCT×272, TAT×11, TAC×3, TGT×1, TTT×1"
106,nonsynonymous-only,0,1,8,2086,"L×2, S×2, I×1, K×1, N×1, Y×1","TTG×1406, AAG×395, TCA×272, CTA×6, ATT×3, TCG×2, AAT×1, TAT×1"
107,nonsynonymous-only,0,1,2,273,"I×1, V×1","GTC×272, ATT×1"
108,nonsynonymous-only,0,1,4,293,"F×2, P×1, S×1","TCT×272, CCT×12, TTC×8, TTT×1"
109,nonsynonymous-only,0,1,4,294,"F×1, G×1, N×1, Y×1","AAT×272, TTT×20, GGA×1, TAT×1"
110,nonsynonymous-only,0,1,3,274,"Y×2, N×1","TAT×272, AAT×1, TAC×1"
111,nonsynonymous-only,0,1,18,7947,"R×3, C×2, E×2, P×2, S×2, D×1, G×1, I×1, K×1, N×1, T×1, Y×1","GAA×1681, TAT×1525, ACA×1408, AAA×1260, CGA×850, TGC×395, AAT×351, TGT×273, CCA×138, GGA×28, CCG×23, ATT×8, CGC×2, AGA×1, AGC×1, AGT×1, GAG×1, GAT×1"
112,nonsynonymous-only,0,1,18,7954,"P×3, A×2, K×2, L×2, Q×2, D×1, E×1, H×1, R×1, S×1, T×1, W×1","AAA×3984, AAG×1409, CCT×1103, CTT×395, TCT×292, AGG×272, CCA×167, GAA×138, CCC×117, GAC×24, CAA×18, CTA×12, GCA×7, GCT×7, CAT×5, TGG×2, ACG×1, CAG×1"
113,nonsynonymous-only,0,1,16,7953,"G×4, T×3, E×2, R×2, K×1, L×1, M×1, Q×1, S×1","GAA×1565, GGC×1384, GGG×1144, CAA×850, ACT×804, AGA×667, ACG×602, GGT×462, GGA×436, AGG×27, AGC×6, AAA×2, ACA×1, ATG×1, CTT×1, GAG×1"
114,nonsynonymous-only,0,1,14,7684,"R×3, E×2, Q×2, S×2, T×2, D×1, K×1, Y×1","GAA×1807, ACG×1538, CAA×1420, GAG×1250, GAC×1225, CGA×390, AAA×25, CAG×12, ACA×6, CGG×5, AGA×3, AGT×1, TAT×1, TCA×1"
115,nonsynonymous-only,0,1,15,7976,"I×3, L×3, T×3, F×2, S×2, K×1, M×1","ATT×1922, ACA×1698, ATG×1249, TTC×1225, TTT×871, ATA×579, TCG×395, ACT×9, CTC×9, ACG×7, ATC×6, TCA×2, TTG×2, AAG×1, TTA×1"
116,nonsynonymous-only,0,1,19,7963,"L×4, T×3, V×3, F×2, I×2, S×2, Y×2, W×1","ATT×2772, TAT×1610, ACA×1381, GTA×994, CTT×395, TTT×318, ACT×294, TAC×71, ACG×32, GTC×32, TTA×29, TTC×15, TGG×6, TCA×5, ATC×3, GTT×3, CTG×1, TCT×1, TTG×1"
117,nonsynonymous-only,0,1,19,7963,"A×4, G×4, L×3, T×3, S×2, C×1, P×1, V×1","GGG×1545, GGA×1433, ACT×1225, GCC×1143, GGT×1109, GGC×744, GCT×398, AGC×272, GTG×45, TTA×13, GCG×11, CCT×9, ACA×8, AGT×2, TGT×2, ACC×1, CTG×1, GCA×1, TTG×1"
118,nonsynonymous-only,0,1,15,8214,"L×4, I×3, F×2, V×2, G×1, N×1, S×1, T×1","ATT×2607, GTT×1620, CTC×1487, TTT×1285, TTG×534, ATA×295, TTA×201, TTC×112, CTT×57, AAT×6, GGG×5, ATC×2, ACT×1, GTG×1, TCA×1"
121,nonsynonymous-only,0,1,2,395,"A×1, V×1","GCA×201, GTA×194"
126,nonsynonymous-only,0,1,5,691,"I×1, L×1, R×1, S×1, T×1","CGT×395, AGT×272, ACT×12, ATT×6, CTT×6"
127,nonsynonymous-only,0,1,6,694,"G×1, K×1, N×1, S×1, T×1, Y×1","AAA×395, TAT×273, AGT×12, GGC×6, AAT×5, ACG×3"
128,nonsynonymous-only,0,1,8,702,"F×2, S×2, A×1, C×1, L×1, V×1","TCA×395, GCG×254, TTT×18, TCG×17, TTC×8, TTA×6, TGT×3, GTG×1"
129,nonsynonymous-only,0,1,6,702,"I×2, V×2, L×1, P×1","GTA×395, GTT×281, ATA×12, CCC×8, ATT×5, CTC×1"
131,nonsynonymous-only,0,1,11,8445,"R×2, C×1, G×1, H×1, I×1, L×1, N×1, T×1, W×1, Y×1","AGG×4323, TGG×1709, CGG×1257, GGG×852, AAC×272, CTT×12, CAT×9, TAT×8, ACG×1, ATT×1, TGC×1"
132,nonsynonymous-only,0,1,24,8441,"R×5, S×3, A×2, C×2, F×2, P×2, Q×2, T×2, H×1, I×1, L×1, W×1","CAG×1542, TGC×1385, CGA×1246, TGG×1225, TCC×1021, TGT×978, TTT×311, ACA×296, CGT×203, CGC×137, AGC×25, CCA×15, GCA×11, CTT×10, TCA×9, TTC×9, ACC×6, CAT×3, CAA×2, CCC×2, CGG×2, AGA×1, ATC×1, GCC×1"
133,nonsynonymous-only,0,1,14,8175,"C×2, E×2, K×2, D×1, F×1, I×1, P×1, Q×1, S×1, T×1, V×1","AAA×4594, TTC×1407, CAG×851, GAT×525, ACT×395, TGC×271, GAA×106, ATC×10, AGT×9, GAG×3, AAG×1, CCG×1, GTC×1, TGT×1"
134,nonsynonymous-only,0,1,10,8501,"L×2, R×2, C×1, G×1, N×1, Q×1, S×1, W×1","TGG×4547, CGG×2725, TGT×526, GGG×395, TTG×281, CTT×12, AAT×8, AGT×3, AGG×2, CAA×2"
135,nonsynonymous-only,0,1,19,8500,"F×2, G×2, L×2, N×2, V×2, Y×2, C×1, D×1, E×1, I×1, Q×1, R×1, S×1","CTC×1573, CGC×1563, GGC×1544, TTG×1409, TTC×1332, TAT×404, TGC×327, GTT×272, ATC×25, AGC×12, TTT×12, AAT×10, AAC×8, GAG×4, CAG×1, GAC×1, GGT×1, GTG×1, TAC×1"
136,nonsynonymous-only,0,1,12,8504,"N×2, R×2, A×1, C×1, E×1, G×1, I×1, Q×1, W×1, Y×1","TGG×5330, AGG×1888, ATT×525, GCA×395, AAC×272, CGG×59, GGT×12, CAA×9, TAT×8, GAG×4, AAT×1, TGC×1"
137,nonsynonymous-only,0,1,8,5398,"E×1, F×1, I×1, K×1, L×1, M×1, Q×1, R×1","CAA×3275, GAA×647, AAA×646, ATG×525, TTT×272, ATA×12, CGA×12, CTT×9"
139,nonsynonymous-only,0,1,13,8502,"E×2, P×2, V×2, A×1, C×1, I×1, K×1, L×1, Q×1, R×1","GTA×4175, CAA×1642, CGA×1011, CCA×689, GTG×525, GAG×272, CTA×155, AAA×12, GAA×9, ATA×8, TGT×2, CCT×1, GCA×1"
140,nonsynonymous-only,0,1,19,8506,"L×3, P×3, R×3, C×2, F×2, H×2, A×1, I×1, Q×1, Y×1","CGT×1549, TGT×1329, CCA×1230, CGC×1217, CTT×1100, CGA×850, TTT×406, CTA×330, CAA×311, CCT×51, TGC×47, TAT×32, ATT×12, GCT×11, TTC×9, CAC×8, CTC×8, CCC×4, CAT×2"
141,nonsynonymous-only,0,1,13,7936,"C×2, R×2, S×2, F×1, H×1, L×1, Q×1, V×1, W×1, Y×1","TAT×3941, TGT×3243, AGA×395, CAA×165, TTT×142, CGT×22, GTA×12, TCT×5, TTG×4, CAT×2, TGC×2, TGG×2, TCA×1"
142,nonsynonymous-only,0,1,14,2969,"L×3, S×3, F×2, A×1, G×1, Q×1, R×1, W×1, Y×1","TCA×1238, CAA×812, GCA×401, TCT×185, TCC×137, TTT×87, TTA×62, TTC×24, TGG×12, GGA×4, CTA×3, TTG×2, CGC×1, TAC×1"
143,nonsynonymous-only,0,1,20,8515,"T×4, I×3, A×2, K×2, V×2, E×1, F×1, G×1, H×1, M×1, N×1, S×1","ATA×3348, AAA×1461, AAT×1410, ATG×864, TTT×525, CAT×395, ATC×295, GCC×132, GCT×24, ACA×20, GTC×14, ATT×10, AAG×6, ACC×3, ACG×2, GAA×2, ACT×1, GGT×1, GTA×1, TCC×1"
144,nonsynonymous-only,0,1,18,7622,"L×3, F×2, I×2, V×2, A×1, C×1, K×1, M×1, P×1, Q×1, R×1, S×1, Y×1","TCA×1702, TTA×1566, GTA×1412, GTT×1225, ATT×525, GCA×403, AGA×294, TTT×277, ATA×137, TTC×45, CCA×12, TTG×9, CTA×6, AAA×4, TAT×2, ATG×1, CAA×1, TGC×1"
145,nonsynonymous-only,0,1,9,6197,"L×2, S×2, C×1, F×1, V×1, W×1, Y×1","TTG×2260, TTA×2153, TTT×1266, TGG×427, TGT×45, TCA×14, TCG×14, TAT×10, GTT×8"
146,nonsynonymous-only,0,1,19,8045,"L×4, V×3, Q×2, T×2, A×1, F×1, G×1, I×1, K×1, R×1, S×1, W×1","CAG×2794, ATA×1951, CGG×1377, GCG×849, TTC×525, CTG×309, GTG×157, TGG×45, GTT×9, ACA×8, TTA×6, GTA×4, TTG×4, AAA×2, ACG×1, CAA×1, CTT×1, GGG×1, TCC×1"
147,nonsynonymous-only,0,1,21,7818,"V×4, A×3, G×3, D×2, E×2, I×2, L×2, K×1, N×1, Y×1","GAA×1666, ATC×1544, GTG×1406, GAG×1178, GAT×850, GCA×429, GTA×312, GCT×272, GGG×72, ATT×33, GGA×14, GTC×12, GTT×12, TTA×9, GAC×3, AAA×1, AAC×1, CTC×1, GCG×1, GGT×1, TAC×1"
148,nonsynonymous-only,0,1,14,7457,"L×3, F×2, S×2, Y×2, C×1, E×1, I×1, K×1, W×1","TTG×1806, GAA×1545, CTT×1225, TAT×1098, TGG×855, TAC×401, TCA×292, TCT×137, TGC×27, TTT×25, ATT×21, TTC×11, TTA×10, AAG×4"
149,nonsynonymous-only,0,1,18,4148,"I×3, R×3, F×2, S×2, V×2, C×1, K×1, L×1, N×1, T×1, W×1","GTT×1544, AGA×1408, AAT×395, CGA×294, TTT×272, ACT×137, TCT×57, AGG×11, ATC×9, TTC×9, ATA×3, AAA×2, TTG×2, ATT×1, GTA×1, TCC×1, TGC×1, TGG×1"
150,nonsynonymous-only,0,1,16,6253,"L×4, K×2, N×2, D×1, H×1, I×1, M×1, P×1, R×1, S×1, V×1","CAC×1652, TTG×1548, CTG×1404, CGC×849, CTC×409, AAT×294, ATG×45, ATC×12, GTG×12, GAT×9, CTA×8, AAA×5, AAC×2, AAG×2, AGC×1, CCA×1"
151,nonsynonymous-only,0,1,17,5032,"L×3, R×3, I×2, P×2, S×2, E×1, H×1, K×1, M×1, Q×1","CAA×1558, CCA×1524, CGG×1404, ATA×273, CTG×137, CGA×50, AAG×24, CTA×19, AGT×15, CAC×9, ATG×8, ATT×5, GAA×2, AGA×1, CCG×1, CTT×1, TCG×1"
152,nonsynonymous-only,0,1,4,26,"F×1, K×1, L×1, M×1","TTG×11, AAA×9, ATG×4, TTC×2"
153,nonsynonymous-only,0,1,3,15,"K×1, L×1, S×1","TTG×9, AAG×5, AGT×1"
155,nonsynonymous-only,0,1,3,9,"Q×1, R×1, W×1","AGG×5, TGG×3, CAG×1"
156,nonsynonymous-only,0,1,6,37,"I×2, F×1, L×1, N×1, S×1","TTT×12, AAC×9, ATT×8, TCT×5, ATC×2, CTA×1"
157,nonsynonymous-only,0,1,5,37,"F×1, I×1, N×1, P×1, V×1","ATT×19, TTT×12, AAT×3, CCT×2, GTT×1"
158,nonsynonymous-only,0,1,4,300,"L×2, F×1, W×1","TTG×272, TTA×18, TTT×8, TGG×2"
159,nonsynonymous-only,0,1,7,309,"F×1, G×1, I×1, K×1, L×1, R×1, S×1","GGT×272, TTC×20, AGA×6, ATC×4, AAA×3, AGC×3, CTC×1"
160,nonsynonymous-only,0,1,5,318,"F×2, I×1, N×1, Y×1","TTC×281, TTT×18, AAC×12, ATC×5, TAC×2"
161,nonsynonymous-only,0,1,9,1279,"N×2, S×2, A×1, I×1, M×1, R×1, Y×1","AGA×1225, AGC×24, TAC×12, AAC×10, ATC×3, AAT×2, AGT×1, ATG×1, GCA×1"
162,nonsynonymous-only,0,1,10,2131,"R×2, D×1, F×1, G×1, K×1, N×1, T×1, V×1, Y×1","AGG×908, ACA×851, GGG×337, TTT×12, AAC×9, AAG×5, CGG×5, GTT×2, GAT×1, TAT×1"
163,nonsynonymous-only,0,1,12,906,"S×3, I×2, V×2, A×1, F×1, G×1, L×1, T×1","ATT×859, TCG×15, TTT×12, TCA×9, ACT×3, GCT×2, AGC×1, ATC×1, CTT×1, GGA×1, GTA×1, GTG×1"
164,nonsynonymous-only,0,1,10,913,"T×2, D×1, F×1, L×1, M×1, N×1, R×1, S×1, V×1","ACG×850, GTT×24, TCT×13, TTT×11, TTA×8, ATG×3, AAC×1, ACA×1, AGA×1, GAT×1"
165,nonsynonymous-only,0,1,9,913,"L×2, T×2, F×1, I×1, R×1, S×1, V×1","ATT×864, TTA×24, TTG×9, GTT×8, ACG×3, ACT×2, AGC×1, CGT×1, TTC×1"
166,nonsynonymous-only,0,1,12,4432,"P×2, R×2, A×1, C×1, E×1, K×1, L×1, Q×1, V×1, W×1","CAG×1545, CCG×1251, CTG×851, TGC×395, AGG×339, TGG×24, CGA×11, CCA×9, GTA×3, AAG×2, GAA×1, GCA×1"
167,nonsynonymous-only,0,1,16,6186,"A×2, E×2, G×2, V×2, F×1, I×1, K×1, L×1, M×1, N×1, P×1, S×1","GTT×2078, AAT×1251, GGT×1245, GTG×851, CCT×395, GCT×299, GAG×35, ATG×11, GGG×11, TCT×3, TTT×2, AAA×1, ATT×1, CTA×1, GAA×1, GCG×1"
168,nonsynonymous-only,0,1,19,6490,"L×3, P×3, I×2, K×2, Q×2, T×2, A×1, F×1, G×1, R×1, V×1","CCG×1527, TTT×1229, CCA×1183, ACT×850, GTT×536, ATT×401, CTA×357, CCT×299, AAG×46, GGT×24, GCG×17, CTT×11, CAA×4, AAA×1, ACA×1, ATC×1, CAG×1, CGA×1, TTG×1"
169,nonsynonymous-only,0,1,11,2542,"L×3, Q×2, R×2, F×1, G×1, S×1, W×1","TGG×1243, AGA×525, GGA×395, CAA×347, TCA×13, CTG×11, CGT×2, TTA×2, TTT×2, CAG×1, CTA×1"
170,nonsynonymous-only,0,1,19,5707,"L×2, Q×2, R×2, T×2, E×1, F×1, G×1, H×1, I×1, K×1, N×1, P×1, S×1, W×1, Y×1","TCA×1385, TTG×1359, CAA×1026, AAA×550, GAA×400, CAT×294, AGA×274, ACG×229, ACA×72, AAT×45, TGG×32, TTA×17, CCA×15, GGA×3, TTC×2, ATA×1, CAG×1, CGG×1, TAT×1"
171,nonsynonymous-only,0,1,18,6281,"L×3, S×3, D×2, K×2, E×1, I×1, M×1, N×1, P×1, T×1, V×1, Y×1","TTA×2418, TTG×1546, AAG×1225, CCC×395, TCA×299, CTA×272, ATG×57, GAT×25, AAA×18, GAC×15, ACT×2, AGT×2, TAT×2, AAT×1, ATA×1, GAA×1, GTG×1, TCG×1"
172,nonsynonymous-only,0,1,16,6278,"A×2, I×2, N×2, T×2, V×2, E×1, G×1, L×1, M×1, R×1, S×1","ATG×1546, GCG×1541, GAG×1225, ACG×851, GTA×395, ATT×309, GGA×299, CTG×49, AAC×26, ATA×12, GTT×9, GCA×6, TCC×6, AGA×2, AAT×1, ACA×1"
173,nonsynonymous-only,0,1,16,5984,"V×3, E×2, G×2, L×2, A×1, F×1, I×1, K×1, P×1, R×1, S×1","GGA×2789, TCA×1225, GCA×849, GAA×766, GTC×291, ATA×21, GTA×18, TTA×9, CTA×6, TTT×3, GTG×2, AAA×1, AGA×1, CCA×1, GAG×1, GGG×1"
174,nonsynonymous-only,0,1,15,3855,"R×3, G×2, L×2, E×1, F×1, H×1, I×1, K×1, M×1, Q×1, V×1","GAA×1822, ATC×1228, GTT×395, CTT×299, TTA×45, GGA×25, ATG×12, AAA×10, GGG×8, CAG×5, AGG×2, CAT×1, CGA×1, CGG×1, TTC×1"
175,nonsynonymous-only,0,1,12,3855,"I×2, K×2, A×1, E×1, G×1, N×1, Q×1, R×1, T×1, V×1","ACA×1545, GCA×1224, CAA×396, AAA×335, GAA×302, GGA×26, ATT×12, AGG×8, AAG×2, ATA×2, GTA×2, AAT×1"
176,nonsynonymous-only,0,1,15,2308,"S×3, I×2, K×2, A×1, F×1, G×1, L×1, M×1, P×1, R×1, V×1","CCA×1225, ATA×694, AGG×297, AAA×47, GGG×12, ATG×10, TTA×8, AAG×5, TCA×3, ATT×2, AGT×1, GCA×1, GTA×1, TCC×1, TTC×1"
177,nonsynonymous-only,0,1,12,1328,"I×2, K×2, S×2, T×2, E×1, N×1, Q×1, Y×1","ATC×1225, ATA×45, AGC×25, GAA×16, AAC×6, AAA×4, TAT×2, AAG×1, ACA×1, ACG×1, CAA×1, TCG×1"
178,nonsynonymous-only,0,1,5,60,"L×2, I×1, K×1, N×1","ATT×45, CTG×12, AAA×1, AAT×1, CTA×1"
179,nonsynonymous-only,0,1,2,46,"L×1, Q×1","CTG×45, CAA×1"
183,nonsynonymous-only,0,1,6,343,"E×1, H×1, I×1, K×1, N×1, S×1","CAT×294, AGC×45, AAG×1, AAT×1, ATT×1, GAA×1"
184,nonsynonymous-only,0,1,12,368,"I×3, L×2, A×1, C×1, N×1, P×1, T×1, V×1, Y×1","TTG×294, TAT×45, GCT×12, ATC×5, GTC×3, ACA×2, ATA×2, AAT×1, ATT×1, CCA×1, CTG×1, TGT×1"
185,nonsynonymous-only,0,1,9,1591,"C×1, F×1, I×1, K×1, L×1, N×1, Q×1, R×1, T×1","TTT×1223, CGA×263, ATA×46, CAA×39, AAA×15, TGT×2, AAT×1, ACT×1, CTT×1"
186,nonsynonymous-only,0,1,17,4114,"L×5, E×2, T×2, A×1, G×1, I×1, K×1, M×1, P×1, R×1, V×1","CCG×1543, CTG×1225, CTA×402, GTG×299, GAG×294, TTA×273, GCA×45, ATA×20, TTG×3, ACG×2, GAA×2, AAG×1, ACA×1, ATG×1, CGA×1, CTT×1, GGA×1"
187,nonsynonymous-only,0,1,12,7795,"I×3, K×2, A×1, D×1, E×1, L×1, M×1, Q×1, V×1","AAG×3490, ATA×1840, ATT×1250, ATC×852, GCG×272, AAA×55, GAA×12, TTA×12, CAA×6, ATG×2, GAC×2, GTA×2"
188,nonsynonymous-only,0,1,22,7803,"I×3, V×3, C×2, G×2, N×2, R×2, S×2, F×1, K×1, L×1, M×1, Q×1, W×1","TCA×2474, ATG×1544, GTC×1408, AAC×850, CAA×395, GTA×292, GTT×278, TTT×237, GGG×137, TGT×76, TGG×45, ATT×21, AAT×14, AGT×10, TTA×6, ATA×5, AAA×3, TGC×3, ATC×2, AGA×1, CGA×1, GGA×1"
189,nonsynonymous-only,0,1,13,6300,"A×2, E×2, Q×2, R×2, T×2, G×1, K×1, Y×1","AGA×2062, AAA×1299, GCG×1247, AGG×897, TAT×399, CAA×307, GAG×45, ACA×25, ACC×12, GCA×3, GAA×2, CAG×1, GGA×1"
190,nonsynonymous-only,0,1,18,6162,"L×3, S×3, K×2, Q×2, F×1, I×1, M×1, N×1, P×1, R×1, T×1, V×1","TTG×2831, CTG×1536, AAA×850, TTA×421, GTG×395, CAG×45, ATA×32, AAG×12, AAT×12, CCG×9, TTC×5, AGA×3, ATG×3, CAA×3, TCA×2, ACA×1, TCG×1, TCT×1"
191,nonsynonymous-only,0,1,11,6302,"F×2, L×2, C×1, G×1, H×1, N×1, P×1, Q×1, R×1","CTT×2811, TTT×2620, TTC×395, CAA×294, CAT×133, TTA×24, TGT×9, AGA×6, AAT×5, CCT×4, GGT×1"
192,nonsynonymous-only,0,1,18,2450,"L×3, E×2, G×2, R×2, S×2, C×1, F×1, H×1, K×1, Q×1, V×1, W×1","GAA×1250, CAC×395, CGA×299, GAG×294, GGC×137, TGG×46, AGG×8, TTG×6, TTC×5, TTA×2, AAA×1, CAA×1, CTC×1, GGA×1, GTT×1, TCA×1, TCG×1, TGC×1"
193,nonsynonymous-only,0,1,16,6245,"L×3, K×2, P×2, F×1, I×1, M×1, N×1, R×1, S×1, T×1, V×1, Y×1","ATG×1408, TTA×1250, CTC×874, AAG×851, ATC×681, ACC×395, AAT×340, TTG×299, AGG×137, GTG×3, AAA×2, CCA×1, CCT×1, TAT×1, TCG×1, TTT×1"
194,nonsynonymous-only,0,1,13,2604,"K×2, Q×2, V×2, D×1, G×1, I×1, M×1, N×1, T×1, Y×1","GGT×1250, AAG×861, GTG×299, GAC×137, CAG×46, ATG×3, AAA×2, AAT×1, ACC×1, ATA×1, CAA×1, GTA×1, TAT×1"
195,nonsynonymous-only,0,1,2,2,"F×1, P×1","CCG×1, TTC×1"
197,nonsynonymous-only,0,1,3,48,"D×2, I×1","GAC×42, GAT×4, ATT×2"
198,nonsynonymous-only,0,1,14,5237,"D×2, E×2, G×2, K×2, H×1, M×1, N×1, R×1, T×1, Y×1","AAG×1544, AGG×1250, GGG×1215, GAC×744, GGA×299, GAT×91, AAT×46, CAC×27, GAG×10, AAA×4, GAA×4, ACA×1, ATG×1, TAT×1"
199,nonsynonymous-only,0,1,14,5632,"S×3, I×2, L×2, P×2, T×2, F×1, K×1, W×1","TCT×1408, TTT×1250, CCA×879, TGG×853, CTA×645, TCA×396, TTG×138, ATC×44, TCG×12, ACA×2, ATT×2, AAG×1, ACT×1, CCT×1"
200,nonsynonymous-only,0,1,13,4650,"C×2, I×2, N×2, Y×2, D×1, K×1, M×1, Q×1, V×1","AAT×1906, TAT×1409, GAT×853, CAA×268, ATC×137, TAC×46, GTT×12, AAC×7, ATT×7, AAA×2, ATG×1, TGC×1, TGT×1"
201,nonsynonymous-only,0,1,11,4028,"L×3, P×2, S×2, A×1, F×1, I×1, Y×1","TCG×1407, CCC×1250, CTC×927, CTT×298, GCT×137, TAT×3, TCC×2, ATT×1, CCT×1, TTC×1, TTG×1"
202,nonsynonymous-only,0,1,8,1679,"R×2, C×1, I×1, L×1, M×1, Q×1, Y×1","ATG×902, ATA×506, TTG×140, AGA×127, CAA×1, CGA×1, TAT×1, TGT×1"
203,nonsynonymous-only,0,1,9,3095,"I×2, L×2, V×2, M×1, Q×1, R×1","CTG×1397, ATA×1251, GTC×290, ATG×137, TTG×11, GTT×4, AGA×3, ATC×1, CAA×1"
204,nonsynonymous-only,0,1,5,1549,"S×3, F×1, H×1","TTC×1250, TCT×294, AGT×3, CAC×1, TCC×1"
205,nonsynonymous-only,0,1,5,1549,"R×2, I×1, M×1, S×1","AGG×1250, ATG×294, AGC×3, AGA×1, ATA×1"
206,nonsynonymous-only,0,1,2,295,"M×1, T×1","ATG×294, ACT×1"
207,nonsynonymous-only,0,1,3,296,"F×1, L×1, P×1","CCT×294, CTG×1, TTC×1"
210,nonsynonymous-only,0,1,3,12,"E×1, T×1, Y×1","ACA×6, TAT×5, GAA×1"
211,nonsynonymous-only,0,1,2,12,"I×1, L×1","ATA×7, CTG×5"
212,nonsynonymous-only,0,1,3,12,"A×1, K×1, V×1","GTA×6, GCA×5, AAA×1"
213,nonsynonymous-only,0,1,9,1560,"E×2, K×2, R×2, A×1, G×1, N×1","AAC×721, AAA×687, AAG×137, GGA×5, GAG×4, GAA×3, AGA×1, AGG×1, GCA×1"
214,nonsynonymous-only,0,1,14,3121,"R×3, K×2, Q×2, E×1, I×1, L×1, M×1, N×1, V×1, Y×1","AAA×1409, TAT×1250, CAA×294, AGG×127, CGC×12, AAG×10, GTG×6, TTA×5, ATT×3, AAT×1, ATG×1, CAG×1, CGA×1, GAA×1"
215,nonsynonymous-only,0,1,10,3114,"R×3, L×2, E×1, K×1, Q×1, S×1, W×1","AGA×1407, GAA×1250, CTA×294, TCG×137, TGG×13, CAA×9, AAA×1, CGA×1, CGT×1, CTT×1"
216,nonsynonymous-only,0,1,18,5119,"F×2, I×2, L×2, S×2, T×2, A×1, C×1, G×1, H×1, N×1, R×1, V×1, W×1","TCA×1408, AAT×1263, CGT×1233, ATA×694, CAT×294, GTT×162, TCT×25, CTA×12, TGC×8, TTT×7, ATC×3, TTC×3, GGT×2, ACC×1, ACT×1, CTT×1, GCA×1, TGG×1"
217,nonsynonymous-only,0,1,14,7532,"A×3, F×2, I×2, S×2, D×1, L×1, N×1, T×1, V×1","ATT×4587, GTT×1233, GCT×1143, TTC×395, ATC×137, CTT×12, TTT×8, ACT×6, GAT×5, GCA×2, AAT×1, AGT×1, GCG×1, TCT×1"
218,nonsynonymous-only,0,1,13,7631,"C×2, F×2, L×2, Q×2, Y×2, N×1, P×1, S×1","TAC×1572, TGT×1408, TTC×1387, TAT×1378, TTT×1275, CCC×294, CAG×187, CAA×87, TTA×37, AAT×2, TGC×2, CTT×1, TCC×1"
219,nonsynonymous-only,0,1,19,8339,"R×3, C×2, E×2, L×2, Q×2, T×2, D×1, F×1, K×1, N×1, W×1, Y×1","TTA×2795, CAA×1756, CGC×1407, CAG×855, CGG×851, TTG×286, GAG×186, AAG×93, TAT×47, TGG×26, ACG×12, TTT×9, ACT×8, AAT×2, GAT×2, AGA×1, GAA×1, TGC×1, TGT×1"
220,nonsynonymous-only,0,1,21,7844,"D×2, F×2, K×2, N×2, R×2, S×2, A×1, H×1, L×1, M×1, P×1, Q×1, T×1, V×1, W×1","AAT×2095, ATG×1546, CGC×1408, GAT×1231, AAA×418, GAC×305, GCA×294, CAA×272, AAG×161, CCG×35, AGG×25, AAC×19, CTG×11, AGC×10, GTC×7, ACC×2, AGT×1, CAT×1, TGG×1, TTC×1, TTT×1"
221,nonsynonymous-only,0,1,16,3471,"S×3, G×2, L×2, N×2, V×2, E×1, F×1, I×1, M×1, Y×1","AAC×2294, GGA×395, GAG×299, GTT×272, AGC×137, CTT×25, AAT×13, TTT×12, TAT×9, ATT×5, TCT×4, GTA×2, AGT×1, ATG×1, GGC×1, TTA×1"
222,nonsynonymous-only,0,1,11,460,"F×2, C×1, G×1, H×1, L×1, R×1, S×1, T×1, V×1, W×1","TTC×272, GTG×137, CTT×25, TTT×16, CAT×3, ACT×2, AGG×1, GGT×1, TCT×1, TGC×1, TGG×1"
223,nonsynonymous-only,0,1,11,461,"F×2, V×2, A×1, C×1, D×1, I×1, K×1, L×1, T×1","GTT×297, GAC×74, GCC×63, TTT×8, TTC×6, GTG×5, CTA×3, AAG×2, ACC×1, ATA×1, TGC×1"
224,nonsynonymous-only,0,1,4,150,"C×1, L×1, S×1, Y×1","TAT×137, TCA×8, TTA×3, TGT×2"
225,nonsynonymous-only,0,1,2,137,"I×1, T×1","ATC×126, ACC×11"
227,nonsynonymous-only,0,1,2,141,"K×1, W×1","AAA×138, TGG×3"
228,nonsynonymous-only,0,1,3,141,"E×2, V×1","GAA×137, GTA×3, GAG×1"
229,nonsynonymous-only,0,1,6,170,"E×1, G×1, K×1, Q×1, R×1, Y×1","CGG×137, GAA×13, CAA×12, AAA×4, TAC×3, GGT×1"
230,nonsynonymous-only,0,1,9,1734,"E×2, S×2, C×1, K×1, N×1, R×1, Y×1","CGA×1408, TAT×295, GAA×12, AGT×9, TGC×5, AAT×2, AAG×1, AGC×1, GAG×1"
231,nonsynonymous-only,0,1,13,3473,"D×2, E×2, I×2, K×2, N×2, T×2, S×1","GAA×1543, AAA×1457, AAC×294, GAC×137, AAT×17, ACC×6, AGT×6, AAG×5, ACT×3, ATT×2, ATC×1, GAG×1, GAT×1"
232,nonsynonymous-only,0,1,14,5573,"I×3, F×2, N×2, D×1, E×1, K×1, M×1, Q×1, R×1, S×1","ATT×2262, GAT×1838, ATG×1250, AAC×138, ATA×46, AAT×12, ATC×7, AAA×6, AGT×6, TTT×4, AGG×1, CAG×1, GAA×1, TTC×1"
233,nonsynonymous-only,0,1,17,5609,"G×3, K×2, S×2, V×2, A×1, C×1, D×1, F×1, I×1, N×1, R×1, Y×1","GGT×2258, AAT×1692, GTC×1236, GGC×294, TTC×46, GGG×24, GTT×14, TAT×13, TGT×11, AGG×6, GAT×6, AAA×3, AGC×2, AAG×1, AGT×1, ATT×1, GCT×1"
234,nonsynonymous-only,0,1,9,5742,"L×4, C×1, F×1, S×1, V×1, W×1","TTG×2112, CTT×1414, TTT×1147, TTA×581, TCA×295, CTA×141, GTT×47, TGT×3, TGG×2"
235,nonsynonymous-only,0,1,18,5880,"I×3, L×3, F×2, Q×2, A×1, C×1, D×1, G×1, H×1, T×1, V×1, Y×1","TTT×1545, TTG×1354, GGT×1250, ATT×896, ATC×294, GAT×272, CTT×137, TTA×66, ATA×24, TAT×16, CAA×11, GTT×5, CAT×3, ACA×2, TTC×2, CAG×1, GCT×1, TGC×1"
236,nonsynonymous-only,0,1,15,5582,"F×2, I×2, L×2, P×2, S×2, C×1, G×1, K×1, N×1, Y×1","TTT×3509, CCT×1540, TGT×294, TCT×137, TTC×47, TCC×24, CTA×11, AAT×9, CCC×4, GGC×2, AAA×1, ATA×1, ATT×1, TAC×1, TTA×1"
237,nonsynonymous-only,0,1,11,3776,"R×4, Q×2, C×1, E×1, K×1, L×1, S×1","CAA×2025, AAA×820, TCG×395, CGA×294, CAG×233, AGA×4, AGG×1, CGG×1, CTA×1, GAA×1, TGT×1"
238,nonsynonymous-only,0,1,13,4036,"S×3, N×2, V×2, A×1, F×1, H×1, I×1, Q×1, Y×1","CAG×1408, AGT×850, GTT×582, TAT×500, GTC×294, CAT×194, TTT×166, AAT×24, TCC×12, GCT×3, AAC×1, AGC×1, ATT×1"
239,nonsynonymous-only,0,1,13,4036,"S×3, N×2, Y×2, C×1, D×1, E×1, F×1, L×1, W×1","TAT×1454, TAC×885, TCC×525, TTG×395, TCG×299, AAT×294, TCA×165, TTT×14, AAC×1, GAA×1, GAT×1, TGC×1, TGG×1"
240,nonsynonymous-only,0,1,11,4037,"N×2, R×2, A×1, D×1, F×1, H×1, I×1, K×1, L×1","GCG×1408, AAC×1375, AAT×594, AAA×397, AGG×165, CTG×46, GAT×24, AGA×15, CAC×11, ATT×1, TTT×1"
241,nonsynonymous-only,0,1,7,3321,"K×2, L×2, E×1, H×1, Q×1","TTG×1408, TTA×851, AAA×411, GAA×345, AAG×294, CAC×11, CAA×1"
242,nonsynonymous-only,0,1,14,3619,"V×3, F×2, I×2, A×1, G×1, L×1, M×1, N×1, R×1, S×1","TTT×1212, ATT×1134, GGT×523, ATG×299, TTC×195, AGT×188, AAT×46, GTT×12, GTG×3, ATA×2, GCT×2, AGG×1, CTT×1, GTA×1"
243,nonsynonymous-only,0,1,10,3613,"H×2, L×2, C×1, F×1, P×1, R×1, S×1, Y×1","CCT×1408, AGT×850, TGT×535, TTT×299, CTT×272, CGT×160, CAT×53, TAT×19, CTC×11, CAC×6"
244,nonsynonymous-only,0,1,13,1784,"C×2, K×2, R×2, F×1, H×1, L×1, N×1, Q×1, T×1, W×1","CAT×850, AAA×396, AAT×299, TGG×160, ACA×46, AAG×11, CGC×8, TGC×5, CTT×3, TGT×3, AGA×1, CAA×1, TTT×1"
245,nonsynonymous-only,0,1,9,1773,"N×2, Q×2, K×1, R×1, S×1, T×1, V×1","CAA×709, ACA×555, GTT×299, CAG×142, AGA×46, AAT×12, TCA×5, AAG×3, AAC×2"
246,nonsynonymous-only,0,1,7,1607,"R×3, E×1, G×1, L×1, W×1","GGG×1149, AGA×395, AGG×46, TGG×11, CGA×3, TTA×2, GAG×1"
247,nonsynonymous-only,0,1,5,701,"G×1, I×1, K×1, Q×1, R×1","AAA×395, GGA×247, AGA×46, ATT×11, CAA×2"
248,nonsynonymous-only,0,1,2,13,"G×1, Y×1","GGT×11, TAT×2"
251,nonsynonymous-only,0,1,3,14,"E×1, K×1, M×1","ATG×11, GAG×2, AAG×1"
252,nonsynonymous-only,0,1,3,863,"F×2, Q×1","TTT×844, TTC×17, CAG×2"
253,nonsynonymous-only,0,1,3,863,"G×1, K×1, W×1","TGG×850, GGG×11, AAA×2"
255,nonsynonymous-only,0,1,2,863,"G×1, M×1","ATG×861, GGC×2"
256,nonsynonymous-only,0,1,4,863,"F×1, L×1, S×1, Y×1","TCG×708, TTG×142, TTT×11, TAT×2"
257,nonsynonymous-only,0,1,3,863,"I×2, S×1","AGC×850, ATT×11, ATA×2"
259,synonymous-only,1,0,2,863,V×2,"GTA×861, GTG×2"
260,nonsynonymous-only,0,1,2,13,"I×1, V×1","GTC×11, ATC×2"
261,nonsynonymous-only,0,1,2,13,"N×1, S×1","AAC×11, AGC×2"
263,nonsynonymous-only,0,1,5,1176,"E×1, H×1, K×1, L×1, R×1","CAC×850, GAG×294, CGA×19, CTG×11, AAA×2"
264,nonsynonymous-only,0,1,8,475,"E×2, G×2, D×1, K×1, L×1, Q×1","GAG×294, GGG×136, GAA×14, TTG×13, AAG×8, GAC×8, CAG×1, GGT×1"
265,nonsynonymous-only,0,1,9,1314,"L×2, V×2, A×1, K×1, N×1, S×1, T×1","GTG×850, GCA×292, AAG×145, ACA×13, AAC×6, GTA×3, TCT×3, TTA×1, TTG×1"
266,nonsynonymous-only,0,1,17,5541,"I×3, A×2, N×2, P×2, V×2, D×1, F×1, H×1, K×1, L×1, T×1","CTC×1718, ATT×1411, CCC×1171, GTA×842, GTC×294, CAC×42, ATC×19, AAT×13, ACA×11, GCA×11, AAA×2, ATA×2, AAC×1, CCA×1, GAT×1, GCG×1, TTT×1"
267,nonsynonymous-only,0,1,22,5543,"L×5, A×3, R×3, K×2, C×1, E×1, F×1, G×1, I×1, S×1, V×1, W×1, Y×1","AGT×1544, GAG×1250, TGT×1172, TTT×853, AGA×294, TAT×236, CGT×137, CTT×13, CTA×11, AAA×8, TTG×6, TTA×5, CTG×3, GGG×2, TGG×2, AAG×1, AGG×1, ATT×1, GCA×1, GCC×1, GCT×1, GTT×1"
268,nonsynonymous-only,0,1,12,4976,"K×2, Q×2, R×2, C×1, D×1, G×1, L×1, M×1, N×1","CGG×1408, AAG×1261, CAA×850, AAA×730, AGA×395, GAT×280, AAT×25, TTG×13, GGT×8, TGC×3, CAG×2, ATG×1"
269,nonsynonymous-only,0,1,17,4858,"L×3, I×2, K×2, Q×2, R×2, E×1, F×1, M×1, N×1, T×1, W×1","AAA×1650, AGA×1250, AAG×855, ACG×395, ATA×278, GAA×256, ATG×139, CAG×11, CTT×8, TGG×6, CAA×3, ATT×2, AAT×1, AGG×1, CTA×1, TTA×1, TTT×1"
270,nonsynonymous-only,0,1,17,5173,"L×5, Q×2, S×2, F×1, G×1, H×1, K×1, R×1, V×1, W×1, Y×1","TGG×1777, TTA×1523, CAG×852, CTG×294, TTC×280, CGG×165, AAA×138, CAA×48, TCA×30, TAC×22, CTA×15, GGA×11, TTG×8, GTA×5, TCG×3, CAC×1, CTT×1"
271,nonsynonymous-only,0,1,10,8491,"E×2, K×2, N×2, A×1, G×1, I×1, R×1","AAG×3237, AAA×2718, AAT×1225, AAC×525, AGA×311, GAA×285, ATT×168, GAG×18, GCA×2, GGA×2"
272,nonsynonymous-only,0,1,11,2296,"D×2, V×2, F×1, G×1, H×1, I×1, L×1, P×1, T×1","ATC×1408, GAC×850, GTT×15, TTT×8, CCG×4, GGA×3, CTG×2, GAT×2, GTA×2, ACA×1, CAT×1"
273,nonsynonymous-only,0,1,8,1041,"I×2, A×1, C×1, S×1, T×1, V×1, W×1","GCC×849, TCA×168, ATT×14, TGG×4, ACC×2, ATC×2, GTC×1, TGC×1"
274,nonsynonymous-only,0,1,3,866,"K×1, Q×1, R×1","AAA×851, CAA×12, AGA×3"
276,nonsynonymous-only,0,1,5,874,"K×2, C×1, D×1, R×1","AAG×850, GAT×12, TGT×8, CGA×3, AAA×1"
277,nonsynonymous-only,0,1,7,877,"L×2, M×1, P×1, R×1, T×1, W×1","CCG×850, TTA×15, TTG×6, AGG×2, TGG×2, ACG×1, ATG×1"
278,nonsynonymous-only,0,1,5,525,"D×1, E×1, I×1, K×1, R×1","GAC×272, AGA×162, ATC×46, AAA×32, GAA×13"
279,nonsynonymous-only,0,1,16,4698,"A×2, D×2, K×2, N×2, C×1, E×1, G×1, H×1, R×1, V×1, W×1, Y×1","GCG×2658, GAC×1225, AAT×456, GTG×294, AAC×25, GGA×12, AAG×6, TGG×6, AAA×5, GAA×3, CAT×2, CGG×2, GAT×1, GCT×1, TAT×1, TGC×1"
280,nonsynonymous-only,0,1,13,3266,"C×2, D×2, G×2, L×2, F×1, R×1, S×1, V×1, Y×1","TGT×1250, AGC×1225, GGA×396, TAT×294, GGG×46, TTA×34, TGC×7, TTC×5, CTT×3, GAC×3, CGG×1, GAT×1, GTT×1"
281,nonsynonymous-only,0,1,21,4823,"R×3, A×2, F×2, K×2, P×2, S×2, C×1, I×1, L×1, Q×1, T×1, V×1, W×1, Y×1","CAA×1409, CCA×1250, ACC×1222, GTC×395, TGC×301, AAA×137, TCC×49, ATC×13, CTG×11, AGG×8, TAT×8, AAG×5, AGA×4, GCG×3, TGG×2, CCC×1, CGA×1, GCA×1, TCA×1, TTC×1, TTT×1"
282,nonsynonymous-only,0,1,13,6250,"R×4, E×2, K×2, N×2, Q×2, Y×1","AAG×3654, AGA×1260, CAA×573, CGA×401, AAT×295, AAC×47, AAA×7, GAA×5, AGG×3, CGG×2, CAG×1, GAG×1, TAC×1"
283,nonsynonymous-only,0,1,22,6270,"I×3, R×3, T×3, K×2, N×2, A×1, C×1, F×1, G×1, M×1, Q×1, S×1, V×1, Y×1","AAT×1922, ATT×1409, TGT×1250, ATG×849, TTT×294, CGC×272, TAT×146, GCT×46, ACC×24, GTG×13, AAG×11, AGA×8, AAC×6, CAA×5, ATC×3, CGA×3, GGC×3, AAA×2, ACG×1, ACT×1, AGT×1, ATA×1"
284,nonsynonymous-only,0,1,13,2848,"N×2, R×2, D×1, F×1, H×1, I×1, L×1, P×1, V×1, W×1, Y×1","TAC×1408, GAC×1225, CCT×138, TTC×46, AAC×8, AGG×8, AGA×6, ATT×3, CAC×2, AAT×1, CTC×1, GTT×1, TGG×1"
285,nonsynonymous-only,0,1,14,2837,"L×2, R×2, A×1, C×1, D×1, E×1, H×1, K×1, N×1, S×1, T×1, Y×1","AAT×1407, TGT×1164, CTT×138, CGT×61, AGT×46, TAC×6, GCA×5, GAA×3, CAC×2, AAA×1, ACA×1, AGA×1, GAT×1, TTA×1"
288,nonsynonymous-only,0,1,14,2853,"L×5, T×2, E×1, F×1, I×1, K×1, M×1, R×1, S×1","CTC×1408, GAA×1225, CTG×113, ACA×46, ATG×22, AGA×8, TTT×8, CTA×7, AAA×6, TTA×5, ATA×2, ACT×1, TCC×1, TTG×1"
289,nonsynonymous-only,0,1,15,6236,"E×2, G×2, N×2, R×2, D×1, H×1, K×1, L×1, S×1, T×1, Y×1","AAT×3593, GAT×1705, CAT×842, AGC×46, AGA×11, TAT×9, GGA×8, CTG×6, GAA×6, ACA×3, AAC×2, GGT×2, AAA×1, CGC×1, GAG×1"
290,nonsynonymous-only,0,1,15,7368,"L×3, I×2, Y×2, C×1, E×1, F×1, K×1, P×1, Q×1, R×1, S×1","ATT×1551, TGC×1408, TTT×1398, TTA×1220, CCG×850, TAT×571, GAA×304, TTG×31, AAA×21, CAA×6, TAC×3, CTA×2, AGA×1, ATA×1, TCT×1"
291,nonsynonymous-only,0,1,15,6381,"L×4, F×2, S×2, V×2, A×1, C×1, I×1, R×1, T×1","TTT×2246, TTG×1408, GCT×1250, TGT×850, TTA×323, CTA×278, ATT×11, TCA×4, TTC×4, CTT×2, ACG×1, CGA×1, GTC×1, GTT×1, TCT×1"
292,nonsynonymous-only,0,1,17,6381,"R×3, D×2, E×2, G×2, K×2, S×2, H×1, M×1, N×1, Q×1","AAA×2118, GAC×1256, CAT×1101, CGG×850, AAT×526, CGT×308, AAG×138, GAT×27, CGC×24, GAG×9, GGA×8, ATG×5, AGT×3, CAA×3, GAA×3, AGC×1, GGT×1"
293,nonsynonymous-only,0,1,18,6097,"L×4, I×3, T×3, F×2, V×2, C×1, M×1, S×1, Y×1","ACG×1552, CTT×1409, ATC×1249, TTT×850, TCC×525, ATA×436, TTC×24, ATT×15, TAT×12, ATG×7, CTA×6, TGC×3, TTA×3, ACC×2, ACT×1, CTG×1, GTC×1, GTT×1"
294,nonsynonymous-only,0,1,18,6095,"L×3, G×2, Q×2, V×2, A×1, D×1, E×1, F×1, I×1, K×1, N×1, S×1, T×1","ACT×1544, TTC×1408, GGC×1219, GAA×853, GCT×405, GAT×294, CAA×139, TCT×123, ATT×34, GGT×32, GTT×12, CTT×11, AAA×8, TTG×6, TTA×3, GTA×2, AAC×1, CAG×1"
295,nonsynonymous-only,0,1,15,6057,"E×2, I×2, T×2, D×1, G×1, H×1, K×1, N×1, Q×1, R×1, S×1, V×1","GAA×1508, ACT×1411, GAT×1250, GGA×1159, ATT×525, AAG×135, GAG×51, GTA×8, AAT×3, CAG×2, ACG×1, AGA×1, AGT×1, ATC×1, CAT×1"
296,nonsynonymous-only,0,1,16,5861,"K×2, L×2, N×2, Y×2, C×1, G×1, H×1, P×1, R×1, S×1, V×1, W×1","GGT×1544, CAT×1250, TGC×1225, CCA×850, GTC×525, TGG×294, AAC×115, AAT×22, AAG×10, CTT×8, TTA×6, TAC×5, TAT×4, AAA×1, CGT×1, TCC×1"
297,nonsynonymous-only,0,1,18,7271,"L×3, S×3, A×2, F×2, I×2, E×1, K×1, M×1, Q×1, V×1, Y×1","TTG×2475, TTT×1544, CTA×1408, TAT×850, TTA×524, AAA×295, GTA×137, AGT×8, CAA×7, GAA×6, GCT×5, ATT×3, GCA×3, ATG×2, AGC×1, ATA×1, TCA×1, TTC×1"
298,nonsynonymous-only,0,1,6,4013,"K×2, L×2, P×1, T×1","CCA×2075, AAG×1397, CTG×489, TTG×40, AAA×11, ACA×1"
299,nonsynonymous-only,0,1,4,1412,"E×1, L×1, Q×1, S×1","TCC×1408, CAA×2, GAA×1, TTA×1"
300,nonsynonymous-only,0,1,5,3896,"K×2, H×1, N×1, R×1","AAC×2504, AAA×854, AGA×395, AAG×142, CAT×1"
301,nonsynonymous-only,0,1,8,2487,"A×4, T×2, I×1, P×1","GCG×1225, ACC×849, CCA×395, ACA×11, ATT×3, GCA×2, GCC×1, GCT×1"
302,nonsynonymous-only,0,1,7,2487,"L×2, D×1, E×1, F×1, N×1, Y×1","GAC×1225, TTC×850, TAC×395, AAC×11, CTT×3, CTC×2, GAA×1"
303,nonsynonymous-only,0,1,3,409,"A×1, L×1, W×1","GCC×395, CTG×11, TGG×3"
305,nonsynonymous-only,0,1,10,6625,"I×3, E×1, K×1, L×1, M×1, N×1, S×1, T×1","ATG×1561, AAC×1408, ATC×1391, AAA×1232, ATA×582, AGT×395, ACA×48, TTA×4, GAA×3, ATT×1"
306,nonsynonymous-only,0,1,20,7483,"N×2, R×2, S×2, V×2, A×1, C×1, D×1, E×1, F×1, H×1, I×1, K×1, L×1, M×1, W×1, Y×1","AAT×2260, GAT×1534, AAC×1296, CGT×1227, AAA×402, TAC×294, TGG×272, GAA×143, TTT×13, CAT×9, GTT×8, TCG×8, GTG×6, AGA×3, ATA×2, ATG×2, AGT×1, GCA×1, TGT×1, TTA×1"
307,nonsynonymous-only,0,1,19,7787,"S×3, K×2, L×2, P×2, Q×2, C×1, D×1, F×1, H×1, I×1, R×1, W×1, Y×1","TAT×1561, CAG×1527, CCT×1487, ATC×1408, CCC×1215, CAA×279, AAA×149, CAT×57, CGG×48, CTG×15, TGT×11, TCC×10, TGG×9, AAG×6, AGC×1, CTC×1, GAT×1, TCA×1, TTT×1"
308,nonsynonymous-only,0,1,2,9,"C×1, V×1","TGC×8, GTT×1"
309,nonsynonymous-only,0,1,2,9,"F×1, Y×1","TAT×8, TTC×1"
310,nonsynonymous-only,0,1,15,1385,"R×3, C×2, G×2, Q×2, A×1, E×1, K×1, S×1, T×1, V×1","AGA×397, GAA×299, ACA×294, TGC×273, AGG×47, AAA×15, TGT×13, CGA×12, CAG×10, CAA×9, GGC×5, GTT×5, AGT×4, GCA×1, GGA×1"
311,nonsynonymous-only,0,1,19,5278,"S×3, H×2, N×2, R×2, C×1, D×1, E×1, F×1, G×1, K×1, L×1, T×1, V×1, Y×1","TCA×1693, CAT×1194, AAC×741, GAC×511, TCC×395, TTC×299, GAA×294, AGC×46, AAA×38, AAT×31, AGA×13, GTT×8, GGT×6, CGA×3, ACA×2, CAC×1, CTT×1, TAT×1, TGC×1"
312,nonsynonymous-only,0,1,12,3895,"L×3, F×2, I×2, P×2, A×1, T×1, V×1","ACT×1703, GTA×717, ATA×532, CTG×395, CTT×280, ATT×158, TTA×47, TTT×47, CCT×13, CCG×1, GCT×1, TTC×1"
313,nonsynonymous-only,0,1,13,3889,"F×2, I×2, S×2, V×2, D×1, K×1, L×1, N×1, Y×1","TTC×1752, CTC×1250, TTT×395, GAT×272, GTC×137, ATC×26, AAC×25, TCT×13, GTT×12, AAG×3, ATT×2, TAC×1, TCC×1"
314,nonsynonymous-only,0,1,2,14,"L×1, T×1","CTA×13, ACA×1"
317,nonsynonymous-only,0,1,2,14,"G×1, V×1","GGT×13, GTC×1"
318,nonsynonymous-only,0,1,4,1240,"R×2, S×1, W×1","CGG×1224, TCG×13, AGG×2, TGG×1"
319,nonsynonymous-only,0,1,11,6004,"R×4, K×2, L×2, G×1, S×1, W×1","AGG×1599, TGG×1419, AAG×1225, CGG×1033, TTA×395, AGA×280, AAA×25, CTA×13, AGC×12, GGG×2, CGT×1"
320,nonsynonymous-only,0,1,16,5725,"G×2, I×2, S×2, T×2, A×1, E×1, K×1, L×1, N×1, P×1, R×1, Y×1","ACA×1420, TAT×1309, ATA×1225, TCA×852, GCA×408, ACT×294, GAA×129, ATT×25, GGA×13, TTA×13, GGG×11, AAA×9, AAT×9, AGA×5, AGT×2, CCT×1"
322,synonymous-only,1,0,2,1225,E×2,"GAG×1215, GAA×10"
323,nonsynonymous-only,0,1,13,6533,"K×2, P×2, Q×2, R×2, F×1, G×1, I×1, L×1, V×1","CAA×2829, GTC×1250, CAG×1167, CCG×483, GGC×395, AGG×319, CCA×42, CTA×24, AAA×12, CGG×8, AAG×2, ATC×1, TTT×1"
324,nonsynonymous-only,0,1,18,6844,"R×5, K×2, L×2, A×1, C×1, D×1, F×1, H×1, I×1, N×1, Q×1, T×1","CGC×2473, CGA×1413, CGG×850, AAA×622, ATA×395, AGA×311, CTC×291, GCC×272, AAG×137, CAT×22, CGT×17, CAA×13, AAT×12, TGT×8, CTA×3, ACT×2, GAT×2, TTT×1"
325,nonsynonymous-only,0,1,15,7866,"V×4, L×3, A×2, I×2, K×2, M×1, T×1","CTG×1550, GTG×1425, TTG×1244, GCC×1221, GTT×862, ATT×844, ATA×274, ACT×266, TTA×64, GTA×44, GCT×38, AAG×24, ATG×8, AAA×1, GTC×1"
326,nonsynonymous-only,0,1,3,48,"F×2, L×1","TTA×25, TTT×15, TTC×8"
327,nonsynonymous-only,0,1,3,28,"D×1, S×1, V×1","GAT×25, GTT×2, TCT×1"
328,nonsynonymous-only,0,1,2,3,"I×1, V×1","ATT×2, GTT×1"
332,nonsynonymous-only,0,1,18,7841,"I×3, L×3, V×3, N×2, T×2, C×1, F×1, G×1, M×1, R×1","TTT×5860, ATT×897, AAT×395, ACA×272, CGT×244, TGT×55, ATA×36, TTA×23, GGC×13, ACG×12, ATC×11, AAC×8, GTT×5, ATG×3, GTC×3, CTT×2, CTC×1, GTG×1"
333,nonsynonymous-only,0,1,17,6297,"A×3, S×3, T×3, I×2, V×2, C×1, F×1, G×1, P×1","GCG×2617, ACA×1225, GCT×858, TCA×396, GCA×378, TTT×299, CCT×272, ATT×183, ACT×25, ATA×14, GTT×12, GTA×8, TCT×5, GGG×2, ACC×1, AGT×1, TGT×1"
334,nonsynonymous-only,0,1,25,5074,"R×6, A×3, V×3, G×2, H×2, I×2, C×1, F×1, L×1, M×1, Q×1, S×1, Y×1","CGA×1405, GTA×1250, CGC×726, TTT×408, ATG×318, TAT×298, GTT×280, CGT×135, GCG×91, GCA×46, TGT×46, ATC×25, AGA×12, CTT×12, ATA×8, AGG×2, AGT×2, GGC×2, GGG×2, CAA×1, CAC×1, CAT×1, CGG×1, GCT×1, GTC×1"
335,nonsynonymous-only,0,1,18,5074,"A×4, L×3, S×3, Y×2, F×1, G×1, M×1, R×1, T×1, V×1","ATG×1408, GCT×1265, GCC×1147, GCG×443, CGA×299, TTA×274, TCG×137, TCA×25, TAT×15, TTT×14, GGC×13, GCA×11, TAC×9, CTT×8, CTG×2, GTT×2, ACT×1, TCC×1"
336,nonsynonymous-only,0,1,11,5600,"I×3, L×3, S×2, M×1, P×1, V×1","TTA×1436, CTA×1432, ATT×1262, TTG×446, TCA×324, GTT×294, CCA×252, ATC×138, TCT×13, ATG×2, ATA×1"
337,nonsynonymous-only,0,1,18,5326,"L×5, A×4, V×4, E×1, I×1, M×1, N×1, P×1","GCG×1410, AAC×1250, GCT×851, CTT×525, GAA×395, GTA×317, GCC×299, ATT×151, GTT×48, CCT×25, GCA×24, GTC×11, GTG×5, TTG×5, ATG×3, CTG×3, TTA×3, CTC×1"
338,nonsynonymous-only,0,1,20,5350,"H×2, K×2, N×2, S×2, V×2, Y×2, A×1, C×1, G×1, I×1, L×1, M×1, Q×1, T×1","GCT×1408, GTG×1250, AAT×847, TAT×702, AAC×561, TGT×299, CAT×137, AAA×75, AGT×25, GTA×12, CAC×11, GGT×9, TCA×5, ATG×2, ATT×2, AAG×1, ACA×1, CAA×1, CTT×1, TAC×1"
339,nonsynonymous-only,0,1,16,5317,"D×2, G×2, N×2, Q×2, E×1, K×1, P×1, R×1, S×1, T×1, V×1, Y×1","GAT×1864, CAG×1408, AAA×1231, CCT×294, GAC×264, GGA×137, GAA×48, AAC×27, AGC×12, CAA×12, TAT×8, AAT×6, CGT×3, ACT×1, GGT×1, GTA×1"
340,nonsynonymous-only,0,1,4,707,"A×1, D×1, N×1, P×1","GAT×395, AAC×299, CCT×10, GCT×3"
342,nonsynonymous-only,0,1,3,694,"F×1, L×1, S×1","TCA×395, TTC×297, CTC×2"
344,nonsynonymous-only,0,1,2,693,"Q×1, R×1","CAG×394, CGG×299"
345,nonsynonymous-only,0,1,2,694,"L×1, Y×1","CTT×395, TAT×299"
347,nonsynonymous-only,0,1,2,694,"C×1, P×1","CCC×395, TGC×299"
354,nonsynonymous-only,0,1,3,409,"K×1, L×1, V×1","TTG×395, GTT×13, AAA×1"
355,nonsynonymous-only,0,1,20,5300,"P×3, A×2, D×2, K×2, V×2, E×1, H×1, I×1, L×1, N×1, Q×1, R×1, S×1, T×1","GAT×2171, GCT×1407, CAT×525, CTA×394, CCA×294, GCC×272, AAG×138, GTT×33, ACA×22, GTA×13, AAA×8, GAA×8, AAT×5, AGA×2, CCG×2, GAC×2, ATA×1, CAA×1, CCT×1, TCT×1"
356,nonsynonymous-only,0,1,19,5623,"L×4, I×3, V×3, A×2, F×2, T×2, N×1, S×1, Y×1","ATT×2548, TAC×1408, CTA×525, ATA×325, GCT×297, TTA×278, CTT×137, AGT×25, AAT×24, TTC×23, TTT×16, ATC×3, GTC×3, GTT×3, ACT×2, GCA×2, GTG×2, ACC×1, CTC×1"
357,nonsynonymous-only,0,1,17,5369,"L×5, V×3, I×2, D×1, F×1, G×1, H×1, N×1, W×1, Y×1","TTA×2149, CTG×1227, TTT×543, TGG×301, ATA×299, GGC×272, CTA×182, GTT×169, GTC×145, GTG×25, CTT×23, TAT×13, CAC×12, ATT×5, GAT×2, AAT×1, TTG×1"
358,nonsynonymous-only,0,1,10,5788,"L×4, F×2, I×2, S×1, V×1","TTA×1582, ATT×1418, CTT×877, TTT×639, CTA×528, TTG×429, GTC×294, AGT×12, ATA×8, TTC×1"
359,nonsynonymous-only,0,1,20,7334,"V×4, A×3, I×3, L×3, C×2, F×2, M×1, S×1, Y×1","GCC×1544, TTA×1407, GTC×1250, TGT×849, TTC×574, TTT×543, ATC×395, CTT×294, TTG×250, ATT×173, GTA×25, TAC×13, GCG×8, GTG×2, GTT×2, AGT×1, ATA×1, ATG×1, GCT×1, TGC×1"
360,nonsynonymous-only,0,1,12,8559,"D×2, I×2, K×2, N×2, E×1, G×1, T×1, Y×1","GAT×3825, GAA×2062, AAG×1227, AAT×694, GAC×408, ATT×280, GGT×25, AAC×13, ATA×12, AAA×9, ACA×2, TAT×2"
361,nonsynonymous-only,0,1,11,8258,"E×2, G×2, N×2, I×1, K×1, Q×1, R×1, V×1","GAA×3165, CAA×1940, GAG×1417, AAG×1225, AAC×272, GGA×189, ATA×37, AAT×8, AGA×2, GGT×2, GTG×1"
362,nonsynonymous-only,0,1,19,8258,"P×4, A×2, I×2, L×2, S×2, F×1, K×1, M×1, N×1, T×1, V×1, W×1","CCA×2451, ATG×1544, TTG×1225, GCG×1190, ATT×537, CCT×489, ATA×395, TTT×272, GCA×60, AAT×26, AAA×24, CCC×15, ACA×13, TGG×8, CCG×3, TCT×2, TTA×2, GTA×1, TCC×1"
363,nonsynonymous-only,0,1,16,7530,"L×3, T×3, F×2, S×2, A×1, G×1, I×1, K×1, P×1, Q×1","TTA×1559, TTT×1432, TTG×1240, GCA×1225, ACT×1136, CAG×395, AAA×280, TTC×137, ACC×56, ACA×26, GGA×25, AGT×12, ATA×2, CCC×2, CTT×2, TCT×1"
365,synonymous-only,1,0,2,396,L×2,"TTA×395, CTC×1"
366,nonsynonymous-only,0,1,21,7827,"G×3, V×3, D×2, I×2, L×2, R×2, A×1, F×1, H×1, M×1, Q×1, S×1, T×1","CAT×2263, ATT×1548, CTT×1229, TCG×1201, AGA×395, CGG×298, ATG×294, GAT×294, GGC×133, TTG×51, GTT×47, GGA×25, GTA×20, GCT×15, GGT×7, GTC×2, ACT×1, ATC×1, CAG×1, GAC×1, TTC×1"
367,nonsynonymous-only,0,1,15,6230,"E×2, G×2, K×2, L×2, R×2, S×2, F×1, W×1, Y×1","TTG×1559, TGG×1450, GGG×1248, GGA×941, TTA×403, TTC×291, AGA×284, AAA×25, TAT×12, TCC×8, AAG×2, CGC×2, GAA×2, GAG×2, TCG×1"
368,nonsynonymous-only,0,1,12,2268,"L×3, F×2, I×2, K×1, M×1, Q×1, S×1, T×1","ATT×1303, ATC×622, TTC×272, CTA×25, TCA×13, ATG×12, TTA×8, ACC×4, TTT×3, AAG×2, CAA×2, CTT×2"
369,nonsynonymous-only,0,1,10,1655,"L×3, K×2, Q×2, F×1, H×1, Y×1","CAG×861, CAA×398, AAA×312, CTT×38, CTA×22, TTT×15, AAG×5, TAT×2, CAC×1, CTG×1"
370,nonsynonymous-only,0,1,11,1895,"S×3, E×1, H×1, I×1, K×1, L×1, N×1, V×1, Y×1","AAA×863, GTT×395, ATC×299, TCG×272, TAT×30, CTA×22, TCC×8, AAT×2, TCT×2, CAC×1, GAG×1"
371,nonsynonymous-only,0,1,8,1478,"Q×2, F×1, L×1, P×1, R×1, S×1, V×1","CCA×1035, CAG×305, CTA×87, GTG×22, TCG×13, TTT×8, CAA×5, CGG×3"
372,nonsynonymous-only,0,1,10,1858,"L×2, A×1, C×1, E×1, F×1, G×1, I×1, V×1, Y×1","GTC×666, GAA×397, ATA×299, TGT×271, GCC×184, TTA×22, TTT×8, CTA×5, TAT×5, GGT×1"
373,nonsynonymous-only,0,1,12,1640,"C×2, F×2, Y×2, G×1, K×1, L×1, N×1, S×1, V×1","TGC×849, TTC×419, TTT×299, GTT×22, TAT×13, TTA×12, TAC×9, AAA×5, GGA×5, AAT×3, AGT×2, TGT×2"
374,nonsynonymous-only,0,1,11,1343,"K×2, I×1, L×1, N×1, Q×1, R×1, S×1, T×1, W×1, Y×1","AAA×850, TCA×395, AAG×29, TAT×24, CTG×12, CAA×11, ATA×7, ACA×6, AGA×5, AAT×3, TGG×1"
375,nonsynonymous-only,0,1,10,1612,"A×2, L×2, C×1, D×1, E×1, I×1, R×1, S×1","TTA×874, TTG×667, TCA×35, GCT×12, TGT×8, GAT×5, GCA×5, ATA×3, AGA×2, GAG×1"
376,nonsynonymous-only,0,1,8,1457,"L×2, C×1, I×1, M×1, S×1, V×1, W×1","TGG×850, TCG×292, GTG×275, TGC×17, TTG×10, ATA×8, ATG×4, CTA×1"
377,nonsynonymous-only,0,1,2,694,"M×1, Y×1","TAT×395, ATG×299"
379,nonsynonymous-only,0,1,2,694,"R×1, Y×1","TAC×395, CGT×299"
381,synonymous-only,1,0,2,694,L×2,"CTA×395, CTG×299"
382,synonymous-only,1,0,2,395,R×2,"CGA×393, AGA×2"
385,nonsynonymous-only,0,1,16,3129,"R×3, F×2, V×2, C×1, E×1, G×1, H×1, I×1, K×1, S×1, T×1, Y×1","CAC×2258, CGG×395, TTC×272, CGA×137, TGC×22, TTT×12, TAC×9, GAA×8, ACC×5, AAA×2, ATC×2, GGT×2, GTT×2, AGT×1, CGT×1, GTG×1"
386,nonsynonymous-only,0,1,13,4646,"L×4, V×2, E×1, F×1, H×1, P×1, S×1, T×1, W×1","CCT×1405, TCA×1217, TTA×1029, CTG×395, GAG×292, TTG×273, CTA×8, GTG×8, TGG×8, TTT×4, CAT×3, GTA×3, ACA×1"
387,nonsynonymous-only,0,1,15,3537,"F×2, L×2, Q×2, S×2, E×1, I×1, K×1, M×1, R×1, V×1, Y×1","TCT×1216, TCC×850, TTC×396, ATC×299, TAT×294, TTA×277, ATG×140, AAA×27, GAA×12, TTT×11, GTG×8, TTG×3, CAA×2, CAG×1, CGT×1"
388,nonsynonymous-only,0,1,12,4361,"K×2, N×2, R×2, D×1, E×1, G×1, L×1, Q×1, Y×1","AGG×1390, GGA×1226, AAG×1154, AAT×395, CGA×137, GAA×28, AAA×17, AAC×8, GAC×3, CAG×1, TAT×1, TTG×1"
389,nonsynonymous-only,0,1,16,6462,"I×3, K×2, N×2, S×2, T×2, Y×2, E×1, M×1, R×1","AGT×1771, AAG×1422, TAC×1220, AAC×851, ATT×420, ACC×299, AAA×283, ATC×137, ATA×30, TAT×8, ATG×6, AAT×5, ACT×5, AGC×2, AGG×2, GAG×1"
390,nonsynonymous-only,0,1,5,45,"L×2, I×1, S×1, V×1","GTA×33, ATA×6, CTA×3, TCA×2, TTA×1"
391,nonsynonymous-only,0,1,5,37,"L×2, D×1, F×1, K×1","TTG×25, CTA×6, AAA×3, GAT×2, TTT×1"
397,nonsynonymous-only,0,1,5,14,"K×2, R×2, E×1","AAA×7, AAG×2, AGG×2, GAG×2, AGA×1"
398,nonsynonymous-only,0,1,13,6738,"L×4, R×2, S×2, M×1, P×1, Q×1, T×1, W×1","CTG×1788, CAA×1250, CGA×1225, TCG×851, TGG×784, CTA×436, CGG×328, TCA×46, TTG×21, ATG×6, ACA×1, CCG×1, TTA×1"
399,nonsynonymous-only,0,1,20,4857,"A×3, I×3, L×3, Q×2, S×2, T×2, E×1, K×1, N×1, V×1, Y×1","CAA×1447, CAG×1225, TTA×1222, CTA×395, ACA×272, AAA×137, AAT×55, TTG×28, ATT×25, TCT×13, GAA×12, GTC×6, TCC×5, TAT×4, ATA×3, ACT×2, GCC×2, GCT×2, ATC×1, GCA×1"
400,nonsynonymous-only,0,1,12,8083,"E×2, I×2, K×2, R×2, G×1, N×1, Q×1, V×1","AAA×3175, ATT×1408, GTA×1226, AGA×851, ATA×533, CAA×395, GGG×272, GAA×177, AGG×24, AAG×13, AAC×8, GAG×1"
401,nonsynonymous-only,0,1,17,8033,"D×2, I×2, K×2, R×2, T×2, A×1, C×1, E×1, G×1, L×1, N×1, Q×1","GAC×1495, GAA×1455, AAA×1390, TGT×1250, ACC×1225, ATA×395, AGG×301, AAT×299, GCA×137, GGC×49, CAA×24, ATT×6, AAG×3, ACA×1, CGT×1, CTA×1, GAT×1"
402,nonsynonymous-only,0,1,15,8389,"I×3, K×2, L×2, V×2, F×1, M×1, N×1, P×1, S×1, T×1","ATT×2981, ATG×2095, CTT×1684, TTT×1261, ATA×306, AAA×29, ATC×12, TCA×8, AAG×5, AAT×2, CTG×2, ACA×1, CCG×1, GTA×1, GTT×1"
403,nonsynonymous-only,0,1,23,8254,"G×3, E×2, K×2, L×2, N×2, S×2, T×2, D×1, H×1, I×1, M×1, P×1, Q×1, R×1, Y×1","CAA×3249, GAA×1250, CTG×1225, AGT×843, AGC×526, GGT×402, AAA×330, GAG×300, ATG×46, AAC×32, AAT×26, GGG×5, GGA×4, AAG×3, ACA×2, ATT×2, CAT×2, TAC×2, ACT×1, CCG×1, CGG×1, GAT×1, TTA×1"
404,nonsynonymous-only,0,1,18,4545,"R×3, L×2, Q×2, S×2, A×1, E×1, F×1, G×1, H×1, I×1, K×1, T×1, Y×1","CAG×1408, GCG×1225, TAT×575, GAA×395, AAA×299, ATA×294, CAT×275, CGT×25, GGA×22, CGA×12, ACG×3, AGA×3, CAA×2, TTG×2, TTT×2, CTT×1, TCA×1, TCG×1"
405,nonsynonymous-only,0,1,8,2418,"L×3, I×1, N×1, Q×1, V×1, Y×1","GTC×1225, TAT×850, AAT×299, CTG×25, CTA×12, CAA×3, ATT×2, CTT×2"
406,nonsynonymous-only,0,1,9,2836,"G×2, S×2, A×1, D×1, E×1, H×1, N×1","GGT×1249, AAC×1192, GCT×299, AGC×33, GAA×25, AGT×24, CAT×12, GAC×1, GGC×1"
407,nonsynonymous-only,0,1,6,2114,"A×1, D×1, L×1, N×1, R×1, T×1","GCC×1225, GAC×850, AGG×25, TTA×12, AAC×1, ACC×1"
408,nonsynonymous-only,0,1,5,892,"E×1, I×1, K×1, P×1, Y×1","CCA×850, TAT×37, GAG×3, AAG×1, ATT×1"
409,synonymous-only,1,0,2,37,L×2,"TTA×25, TTG×12"
410,nonsynonymous-only,0,1,2,37,"F×1, L×1","TTG×25, TTT×12"
413,nonsynonymous-only,0,1,8,1204,"L×3, I×2, R×1, S×1, T×1","ATC×819, TTA×315, ACC×31, CTA×26, ATA×6, TCT×3, CGT×2, CTT×2"
414,nonsynonymous-only,0,1,10,1210,"L×3, F×2, I×2, G×1, T×1, V×1","CTG×850, TTC×297, TTT×24, GGA×12, TTG×9, ACG×8, TTA×5, ATA×3, ATC×1, GTA×1"
415,nonsynonymous-only,0,1,8,1182,"L×2, I×1, K×1, N×1, S×1, V×1, Y×1","AAT×850, AAA×295, TAT×22, CTG×6, TCA×3, TTA×3, ATC×2, GTA×1"
416,nonsynonymous-only,0,1,10,340,"L×3, R×2, N×1, P×1, Q×1, S×1, V×1","AAT×272, CTT×22, CGT×12, CGA×8, TTG×7, TTA×6, CCA×5, TCA×5, CAG×2, GTA×1"
417,nonsynonymous-only,0,1,9,1217,"F×2, L×2, C×1, H×1, I×1, N×1, P×1","CTC×883, ATC×282, TTC×25, TTT×12, TGT×6, CAC×4, AAC×2, CCT×2, TTA×1"
418,nonsynonymous-only,0,1,8,1182,"K×2, T×2, I×1, M×1, Q×1, Y×1","ACG×580, ATG×304, AAG×272, TAT×12, AAA×8, ATA×3, ACT×2, CAG×1"
419,nonsynonymous-only,0,1,8,1198,"A×1, E×1, I×1, K×1, M×1, N×1, S×1, V×1","AAT×947, ATT×206, AAA×25, AGT×12, GCG×3, ATG×2, GTG×2, GAG×1"
420,nonsynonymous-only,0,1,8,1190,"C×1, D×1, H×1, K×1, N×1, R×1, T×1, V×1","ACG×850, CGT×272, GTT×25, TGT×21, GAT×14, AAA×3, AAT×3, CAT×2"
421,nonsynonymous-only,0,1,6,898,"L×3, I×1, K×1, Q×1","CTG×850, ATA×21, TTA×12, AAG×8, CAG×5, CTA×2"
422,nonsynonymous-only,0,1,8,1176,"F×2, I×1, K×1, M×1, N×1, R×1, T×1","ATC×850, ATG×273, AGA×25, ACA×12, AAA×8, AAC×3, TTT×3, TTC×2"
423,nonsynonymous-only,0,1,7,1163,"E×2, C×1, I×1, M×1, Q×1, S×1","GAA×850, TGT×272, ATG×25, ATT×8, CAA×3, GAG×3, TCT×2"
424,nonsynonymous-only,0,1,2,855,"L×1, Y×1","TTA×852, TAC×3"
425,nonsynonymous-only,0,1,2,852,"L×1, Y×1","TTG×850, TAC×2"
426,nonsynonymous-only,0,1,4,1164,"H×1, N×1, S×1, Y×1","AAT×852, AGC×272, TAT×36, CAT×4"
427,nonsynonymous-only,0,1,7,1858,"A×2, L×2, F×1, I×1, S×1","TTT×1246, ATT×299, TCT×297, GCT×8, GCC×3, TTG×3, TTA×2"
428,nonsynonymous-only,0,1,4,1147,"E×2, D×1, Q×1","CAG×853, GAA×272, GAT×20, GAG×2"
429,nonsynonymous-only,0,1,7,1829,"M×1, N×1, Q×1, R×1, S×1, T×1, Y×1","ATG×858, AGC×395, AGA×299, ACG×272, AAT×2, TAT×2, CAA×1"
430,nonsynonymous-only,0,1,9,1850,"A×3, V×2, I×1, L×1, N×1, S×1","GCC×849, GCG×395, GCA×299, GTA×272, GTT×23, AAT×8, ATT×2, TCC×1, TTA×1"
431,nonsynonymous-only,0,1,5,1852,"K×2, E×1, I×1, R×1","AAA×1255, AGG×299, GAA×294, AAG×2, ATA×2"
432,nonsynonymous-only,0,1,9,1455,"S×2, E×1, F×1, G×1, H×1, I×1, Q×1, Y×1","TTC×850, CAA×292, TAT×272, CAC×21, AGT×8, GAA×7, GGT×2, TCC×2, ATT×1"
433,nonsynonymous-only,0,1,6,603,"I×3, L×1, N×1, T×1","AAC×299, ATC×272, ACA×21, TTA×8, ATT×2, ATA×1"
434,nonsynonymous-only,0,1,2,24,"C×1, S×1","TGT×21, AGC×3"
436,nonsynonymous-only,0,1,4,1545,"F×1, M×1, S×1, Y×1","ATG×850, TTT×395, TCT×299, TAT×1"
437,nonsynonymous-only,0,1,5,1587,"F×1, I×1, N×1, T×1, Y×1","ACT×850, AAT×398, TTT×301, TAT×25, ATT×13"
438,nonsynonymous-only,0,1,8,1191,"R×2, C×1, F×1, H×1, L×1, S×1, T×1","CGC×827, TTG×290, CAC×26, ACC×25, CGT×10, TCG×9, TGC×3, TTT×1"
439,nonsynonymous-only,0,1,10,1613,"K×2, S×2, E×1, F×1, I×1, P×1, T×1, V×1","GTC×851, TCA×395, TCT×299, ATC×27, ACA×21, AAG×13, AAA×3, CCT×2, GAG×1, TTC×1"
440,nonsynonymous-only,0,1,13,1927,"F×2, L×2, R×2, A×1, G×1, I×1, K×1, N×1, P×1, V×1","CTC×1148, TTT×405, GGA×297, CGT×21, ATT×16, CTA×13, AAT×12, AAG×5, CGG×5, GCA×2, CCC×1, GTA×1, TTC×1"
441,nonsynonymous-only,0,1,14,2646,"I×3, K×2, N×2, S×2, A×1, L×1, M×1, R×1, V×1","ATA×1032, ATT×1026, AGA×524, ATC×25, AAT×17, GTT×5, AAA×4, AGT×3, AAC×2, AAG×2, ATG×2, TCC×2, CTA×1, GCT×1"
442,nonsynonymous-only,0,1,10,2640,"L×3, F×2, S×2, K×1, Q×1, T×1","TTG×869, TTT×727, AAG×395, CTA×299, CAA×274, TTA×54, ACA×12, TTC×5, TCT×3, TCG×2"
443,nonsynonymous-only,0,1,19,2646,"L×5, F×2, I×2, R×2, S×2, Y×2, N×1, P×1, T×1, V×1","AAC×850, CCT×524, ATT×397, TTC×301, GTT×282, TCC×165, TTT×30, TCT×26, ATC×24, TAC×13, CTA×12, CGT×6, TTG×5, ACC×3, CGC×2, CTC×2, CTT×2, TAT×1, TTA×1"
444,nonsynonymous-only,0,1,17,2644,"I×3, E×2, N×2, A×1, D×1, G×1, K×1, L×1, M×1, Q×1, R×1, S×1, T×1","ATG×1397, GCC×395, AAC×299, ATA×278, AAA×168, GAA×32, ACC×25, ATC×12, AGA×8, ATT×8, CAA×6, GAG×5, AGT×3, TTA×3, GAC×2, GGA×2, AAT×1"
445,nonsynonymous-only,0,1,8,2052,"K×2, G×1, H×1, M×1, Q×1, R×1, V×1","AAG×1096, AAA×898, AGG×24, ATG×13, CAT×13, GGA×6, CAA×1, GTA×1"
446,nonsynonymous-only,0,1,13,1641,"N×2, S×2, C×1, E×1, F×1, I×1, K×1, L×1, T×1, V×1, Y×1","AAA×851, AAT×547, AAC×165, TTA×25, ATT×14, TGC×13, TAT×12, ACA×3, AGT×3, TCA×3, GAA×2, GTT×2, TTC×1"
447,synonymous-only,1,0,2,11,Y×2,"TAT×8, TAC×3"
448,nonsynonymous-only,0,1,10,2181,"D×1, E×1, F×1, G×1, K×1, L×1, N×1, P×1, Q×1, T×1","GAA×852, CTA×526, CAA×467, TTT×272, GAT×24, AAA×21, ACA×12, AAT×5, CCA×1, GGG×1"
449,nonsynonymous-only,0,1,13,2016,"V×2, A×1, F×1, G×1, I×1, K×1, L×1, N×1, P×1, Q×1, R×1, T×1","CCT×850, AAA×526, ATT×312, GGT×272, AGA×15, GCT×15, TTT×8, GTT×6, GTC×5, ACC×3, CAA×2, AAC×1, CTA×1"
450,nonsynonymous-only,0,1,12,2416,"C×2, F×2, H×2, L×2, A×1, G×1, I×1, Y×1","TTC×853, CTG×522, CAC×395, TGT×299, GCT×272, GGT×21, TTT×14, TAT×13, TGC×12, TTG×7, CAT×5, ATT×3"
451,nonsynonymous-only,0,1,13,2394,"E×2, S×2, A×1, C×1, D×1, G×1, I×1, K×1, L×1, Q×1, R×1","GAA×863, GGA×526, GAG×395, GAT×299, AAA×272, CAA×12, TCA×8, AGA×5, GCA×5, AGT×3, ATA×3, TTA×2, TGT×1"
452,nonsynonymous-only,0,1,10,1711,"I×2, L×2, V×2, A×1, E×1, T×1, Y×1","TTG×833, GCG×521, GTA×272, GAA×24, ATA×22, TTA×18, GTG×10, ATT×8, ACC×2, TAC×1"
453,nonsynonymous-only,0,1,9,1175,"K×2, E×1, G×1, L×1, Q×1, R×1, T×1, V×1","AAA×852, ACA×272, TTA×12, GAA×10, GGA×9, GTA×8, CGA×7, CAA×3, AAG×2"
454,nonsynonymous-only,0,1,6,1170,"R×2, K×1, L×1, Q×1, S×1","CGC×848, TCA×293, AAA×17, CAA×5, TTA×5, CGT×2"
455,nonsynonymous-only,0,1,5,888,"T×2, G×1, I×1, K×1","ACC×849, ACG×21, AAG×12, GGA×5, ATC×1"
457,nonsynonymous-only,0,1,2,853,"K×1, M×1","ATG×850, AAA×3"
458,nonsynonymous-only,0,1,6,1379,"E×2, K×2, G×1, V×1","AAA×850, GAG×309, GGG×155, GTG×57, GAA×5, AAG×3"
459,nonsynonymous-only,0,1,2,1379,"F×1, L×1","TTC×850, CTT×529"
460,nonsynonymous-only,0,1,3,853,"T×2, L×1","ACG×849, CTG×3, ACA×1"
463,synonymous-only,1,0,2,850,L×2,"CTG×814, TTG×36"
464,nonsynonymous-only,0,1,5,885,"T×2, R×1, S×1, V×1","CGT×850, ACC×21, GTT×8, ACT×5, TCT×1"
465,nonsynonymous-only,0,1,8,900,"I×3, L×2, F×1, K×1, R×1","TTA×789, TTG×61, TTT×21, ATT×12, ATC×8, AAA×5, ATA×3, AGA×1"
466,nonsynonymous-only,0,1,6,1172,"F×1, I×1, L×1, S×1, V×1, Y×1","TCT×850, TTT×281, CTT×21, TAT×12, ATT×5, GTC×3"
467,nonsynonymous-only,0,1,7,1171,"K×2, E×1, F×1, G×1, N×1, Y×1","TTT×850, AAA×275, TAC×21, GGC×12, GAA×8, AAG×3, AAT×2"
468,nonsynonymous-only,0,1,7,1171,"N×2, A×1, E×1, K×1, R×1, V×1","AAT×853, GCC×272, GTG×21, AGA×12, AAA×8, GAA×3, AAC×2"
469,nonsynonymous-only,0,1,10,2401,"L×2, N×2, S×2, F×1, G×1, K×1, Q×1","AGC×1225, AAT×850, TTG×274, AAC×21, TTC×12, AGT×8, AAG×5, TTA×3, CAG×2, GGA×1"
470,nonsynonymous-only,0,1,10,2697,"V×2, D×1, E×1, F×1, I×1, L×1, N×1, R×1, S×1","CTT×1225, ATC×850, GAA×295, AAT×293, AGA×12, GTT×9, AGC×5, GAC×4, GTC×3, TTT×1"
471,nonsynonymous-only,0,1,11,5540,"K×2, N×2, R×2, A×1, E×1, G×1, I×1, M×1","AAA×3172, AAG×1225, CGC×850, AGA×208, GCA×45, ATG×21, GAA×10, ATA×5, AAC×2, AAT×1, GGA×1"
472,nonsynonymous-only,0,1,15,6501,"I×3, E×2, V×2, A×1, D×1, F×1, K×1, L×1, N×1, S×1, T×1","TTT×2476, ATT×1885, ACT×1376, GAT×395, GCA×272, ATC×24, ATA×21, GTA×20, CTT×13, AAA×8, AAT×5, GAA×2, GAG×2, AGT×1, GTT×1"
473,nonsynonymous-only,0,1,18,6664,"T×3, I×2, K×2, R×2, S×2, A×1, D×1, E×1, F×1, L×1, M×1, N×1","ATC×1839, ATT×1545, ACA×1157, ACG×1014, AAA×850, GAG×167, AAC×29, ACT×21, AGC×21, TCG×12, ATG×2, AAG×1, AGG×1, CGA×1, CTC×1, GAC×1, GCG×1, TTC×1"
474,nonsynonymous-only,0,1,10,4824,"N×2, D×1, E×1, G×1, K×1, R×1, S×1, T×1, Y×1","AAA×1582, GAA×1296, AAT×1225, AGA×400, AAC×274, TAT×23, AGT×14, GGA×8, ACA×1, GAT×1"
475,nonsynonymous-only,0,1,14,4658,"G×3, D×2, K×2, V×2, A×1, E×1, I×1, S×1, T×1","ATT×1284, GGC×1221, AGT×919, GGG×850, GAT×273, GAA×55, AAG×36, ACT×5, GCT×5, AAA×4, GTC×2, GTT×2, GAC×1, GGT×1"
476,nonsynonymous-only,0,1,15,4637,"F×2, L×2, R×2, Y×2, A×1, E×1, H×1, K×1, N×1, Q×1, V×1","AAA×1263, CAC×1225, CGA×850, AGA×526, GTA×396, TAT×272, TTA×46, TTC×24, TAC×12, CAA×8, GCA×8, GAA×3, AAT×2, CTT×1, TTT×1"
477,nonsynonymous-only,0,1,11,4616,"A×1, C×1, E×1, G×1, I×1, K×1, N×1, R×1, S×1, T×1, Y×1","AAT×1310, TAT×1225, ACT×850, AGT×527, GGT×398, GCT×272, GAG×21, AAA×6, TGT×3, AGA×2, ATT×2"
478,nonsynonymous-only,0,1,14,4884,"E×2, K×2, D×1, F×1, G×1, H×1, M×1, P×1, R×1, S×1, T×1, W×1","TCT×1250, CAC×1226, TTT×863, AAG×575, TGG×526, GAT×395, GAG×21, GGC×12, ATG×7, GAA×3, AGA×2, CCT×2, AAA×1, ACT×1"
479,nonsynonymous-only,0,1,11,2007,"G×3, L×2, E×1, F×1, K×1, M×1, S×1, T×1","GGT×1250, TTA×396, GGG×294, TTG×24, TCT×15, TTC×13, AAG×8, ATG×3, GGC×2, ACA×1, GAA×1"
480,nonsynonymous-only,0,1,4,427,"F×2, L×2","CTA×396, TTT×14, TTC×9, TTA×8"
481,nonsynonymous-only,0,1,4,413,"I×1, K×1, S×1, T×1","AGC×407, AAA×3, ATA×2, ACA×1"
482,nonsynonymous-only,0,1,2,396,"L×1, R×1","AGG×395, CTG×1"
483,nonsynonymous-only,0,1,2,396,"G×1, V×1","GTT×395, GGA×1"
486,nonsynonymous-only,0,1,2,398,"D×1, H×1","GAC×395, CAC×3"
487,nonsynonymous-only,0,1,2,398,"P×1, S×1","TCT×395, CCT×3"
488,nonsynonymous-only,0,1,2,398,"Q×1, S×1","TCT×395, CAA×3"
490,nonsynonymous-only,0,1,2,398,"I×1, N×1","ATT×395, AAC×3"
491,nonsynonymous-only,0,1,2,398,"E×1, R×1","GAG×395, AGA×3"
492,nonsynonymous-only,0,1,5,1549,"N×2, C×1, T×1, V×1","ACC×850, AAT×395, TGT×299, GTC×3, AAC×2"
493,nonsynonymous-only,0,1,6,1549,"S×2, A×1, E×1, G×1, R×1","GCC×850, GGC×395, CGC×218, AGC×81, TCT×3, GAA×2"
494,nonsynonymous-only,0,1,3,1549,"F×1, K×1, L×1","TTT×1248, TTG×299, AAA×2"
495,nonsynonymous-only,0,1,8,2078,"A×3, D×1, I×1, K×1, L×1, N×1","GCT×850, GCA×526, AAT×395, GAT×299, AAA×3, ATA×2, GCG×2, CTG×1"
496,nonsynonymous-only,0,1,11,2381,"L×3, A×2, F×2, S×2, I×1, T×1","TCA×846, GCA×827, ACA×398, TTG×274, TTA×12, TTC×8, ATA×6, TCC×4, CTA×3, GCG×2, TTT×1"
497,nonsynonymous-only,0,1,11,2080,"S×2, A×1, D×1, E×1, F×1, G×1, H×1, I×1, K×1, L×1","AGT×1245, GCT×526, CAT×272, TCA×13, TTT×8, GAA×6, ATT×3, AAA×2, CTT×2, GAT×2, GGC×1"
498,nonsynonymous-only,0,1,14,3334,"I×3, E×2, G×2, K×2, T×2, C×1, L×1, N×1","ACC×1226, ATC×858, GGG×524, GAG×404, ATA×272, ATT×12, AAA×11, AAG×9, GAA×8, CTC×3, GGA×3, TGT×2, AAC×1, ACA×1"
499,nonsynonymous-only,0,1,12,3335,"G×3, L×3, A×1, K×1, P×1, R×1, S×1, Y×1","AGA×1782, GGA×848, TAT×395, AGT×275, AAA×17, GCA×6, GGG×4, CTA×2, CTG×2, TTG×2, CCA×1, GGT×1"
500,nonsynonymous-only,0,1,13,3327,"I×2, K×2, N×2, Y×2, C×1, D×1, P×1, S×1, T×1","ATT×2344, AAT×546, TGC×395, ATC×12, ACT×11, AAG×8, TAC×3, AAA×2, CCC×2, AAC×1, AGC×1, GAT×1, TAT×1"
501,nonsynonymous-only,0,1,11,3326,"I×2, L×2, A×1, D×1, F×1, H×1, N×1, V×1, Y×1","ATC×1378, ATT×1240, GCT×414, CTT×272, TTA×8, AAT×7, CAC×2, GTT×2, GAT×1, TAT×1, TTT×1"
502,nonsynonymous-only,0,1,10,880,"K×2, S×2, G×1, H×1, I×1, L×1, P×1, T×1","AGT×850, ATT×12, ACA×5, CAC×3, AAG×2, CTG×2, GGT×2, TCC×2, AAA×1, CCA×1"
505,nonsynonymous-only,0,1,6,303,"C×1, F×1, I×1, L×1, W×1, Y×1","TGG×277, TTT×12, TAT×8, ATA×3, TGC×2, TTA×1"
506,nonsynonymous-only,0,1,6,305,"E×1, F×1, L×1, N×1, S×1, W×1","GAA×272, TTA×17, AAT×8, TCT×5, TTT×2, TGG×1"
507,nonsynonymous-only,0,1,7,307,"N×2, C×1, D×1, G×1, I×1, R×1","AAC×277, GGA×12, TGC×8, AGA×5, AAT×2, GAT×2, ATT×1"
508,nonsynonymous-only,0,1,7,305,"N×2, G×1, H×1, I×1, K×1, T×1","ACC×284, AAA×8, CAC×5, AAT×3, AAC×2, ATT×2, GGA×1"
509,nonsynonymous-only,0,1,11,360,"F×2, S×2, C×1, D×1, G×1, H×1, L×1, P×1, R×1","TTT×272, CAC×46, AGT×12, TGT×8, TTC×6, CGC×5, CCC×3, TTG×3, GAT×2, TCT×2, GGA×1"
510,nonsynonymous-only,0,1,9,361,"T×2, C×1, I×1, K×1, L×1, N×1, Q×1, Y×1","TAT×185, TGT×87, CAA×47, TTA×12, AAT×10, AAA×8, ACC×6, ACT×5, ATA×1"
511,nonsynonymous-only,0,1,10,1775,"E×2, A×1, C×1, D×1, F×1, N×1, S×1, V×1, Y×1","GTA×1408, TCT×272, GAG×46, TTT×24, TGT×8, TAT×7, AAT×3, GAC×3, GCT×3, GAA×1"
512,nonsynonymous-only,0,1,10,3001,"L×2, F×1, I×1, Q×1, R×1, S×1, T×1, V×1, Y×1","TTT×1508, ATT×1418, CAA×46, TTA×9, AGT×8, CTT×6, CGA×3, ACA×1, GTA×1, TAT×1"
513,nonsynonymous-only,0,1,11,767,"L×3, C×1, E×1, F×1, I×1, K×1, S×1, V×1, Y×1","GTA×395, TCA×272, AAA×48, TGC×20, TTG×13, TTC×9, CTC×3, GAA×3, TAT×2, ATT×1, TTA×1"
514,nonsynonymous-only,0,1,15,6830,"I×3, A×2, L×2, C×1, D×1, G×1, K×1, M×1, R×1, T×1, V×1","ATG×1796, ATC×1408, ACA×1323, GCG×850, TTG×527, GTG×396, ATA×308, TTA×170, AAA×19, GCA×14, TGC×8, ATT×5, AGA×3, GGG×2, GAT×1"
515,nonsynonymous-only,0,1,19,6824,"T×4, I×2, N×2, S×2, V×2, A×1, E×1, G×1, K×1, L×1, M×1, R×1","ATT×2332, AAC×2234, AAT×527, AGC×412, GTT×401, ATC×295, GCT×272, GTG×254, GGG×45, CTT×24, ACA×9, ATG×5, GAA×3, AAG×2, ACG×2, ACT×2, AGG×2, AGT×2, ACC×1"
516,nonsynonymous-only,0,1,18,6819,"V×4, I×3, L×2, T×2, D×1, E×1, F×1, H×1, M×1, N×1, S×1","ATG×1375, ATA×1269, TTA×1251, TTT×922, GTC×903, ATT×470, ATC×306, ACC×254, ACT×45, GTA×6, AGT×5, AAT×3, GAG×3, CAT×2, GAT×2, GTG×1, GTT×1, TTG×1"
517,nonsynonymous-only,0,1,14,6424,"L×4, F×2, P×2, Y×2, H×1, S×1, T×1, V×1","TTT×1533, CCT×1408, CTG×1215, CTT×856, TAT×535, TAC×299, GTG×294, TTC×165, TTA×48, TCT×28, CAT×24, CCG×10, ACC×5, TTG×4"
518,nonsynonymous-only,0,1,24,5411,"L×4, S×4, V×4, G×3, F×2, I×2, A×1, E×1, P×1, T×1, W×1","GTT×1249, CTG×1225, TCT×852, GTG×467, GGG×417, TTG×400, GTC×294, TGG×272, GGA×104, ACC×46, GAA×24, TTC×15, GCT×12, TCC×10, GGC×6, ATC×5, CCA×3, GTA×2, TCG×2, TTT×2, AGT×1, ATA×1, CTT×1, TTA×1"
519,nonsynonymous-only,0,1,23,6819,"L×4, T×4, S×3, P×2, R×2, A×1, C×1, F×1, H×1, I×1, N×1, V×1, Y×1","TTG×1801, TCT×1252, CCT×1151, CTT×931, CGC×527, CAT×379, ACA×294, TAT×187, CTC×177, TCC×46, CCG×24, TTT×12, GTT×11, CGT×7, AAT×5, GCT×4, ACT×3, ACC×2, TCG×2, ACG×1, ATA×1, CTA×1, TGT×1"
520,nonsynonymous-only,0,1,7,371,"H×1, I×1, K×1, L×1, S×1, T×1, V×1","AGT×272, CAT×47, AAG×24, ACT×12, ATT×8, CTT×5, GTT×3"
521,nonsynonymous-only,0,1,4,82,"C×1, I×1, L×1, Q×1","CAA×46, TTA×27, TGT×8, ATA×1"
523,nonsynonymous-only,0,1,4,1276,"R×2, L×1, S×1","AGA×1226, CGG×46, CTA×3, TCT×1"
524,nonsynonymous-only,0,1,7,3141,"L×2, S×2, T×2, M×1","ACG×1216, TCA×851, TTG×694, ACA×295, ATG×81, TCC×3, CTG×1"
525,nonsynonymous-only,0,1,8,3140,"T×2, F×1, G×1, I×1, M×1, R×1, V×1","ATG×1250, ACA×850, GGG×395, GTG×299, ATA×298, TTT×46, ACC×1, AGG×1"
526,nonsynonymous-only,0,1,3,300,"F×1, K×1, L×1","TTT×297, AAG×2, TTG×1"
527,nonsynonymous-only,0,1,8,2004,"A×1, G×1, I×1, K×1, N×1, R×1, S×1, T×1","ACT×1549, GCT×395, AAA×46, GGC×8, ATT×3, AAT×1, AGG×1, AGT×1"
528,nonsynonymous-only,0,1,8,2133,"I×2, P×2, C×1, K×1, L×1, V×1","CCA×1250, ATT×527, AAG×295, CCT×46, ATA×9, CTT×3, GTT×2, TGT×1"
529,nonsynonymous-only,0,1,6,588,"C×1, F×1, L×1, S×1, T×1, Y×1","TCG×527, TGT×46, TAT×9, CTT×3, TTT×2, ACA×1"
530,nonsynonymous-only,0,1,4,56,"Q×2, G×1, L×1","CAG×46, TTG×8, CAA×1, GGG×1"
533,nonsynonymous-only,0,1,4,35,"D×1, K×1, P×1, R×1","GAC×25, AGA×8, AAG×1, CCC×1"
534,nonsynonymous-only,0,1,7,90,"G×2, E×1, I×1, N×1, R×1, S×1","TCG×46, GGG×25, AAT×8, GGA×6, CGA×3, ATC×1, GAA×1"
535,nonsynonymous-only,0,1,11,3938,"R×3, E×2, G×1, H×1, K×1, L×1, Q×1, S×1","AGT×1454, CGT×1108, GAG×527, CGG×395, GAA×295, CGC×142, GGA×8, CAC×6, AAA×1, CAA×1, CTA×1"
536,nonsynonymous-only,0,1,16,4424,"L×4, N×2, R×2, D×1, E×1, F×1, H×1, I×1, K×1, S×1, V×1","CAT×1708, CGT×1250, GAT×395, CTA×312, AAA×303, TTA×215, CTT×183, AGA×25, TTT×14, GAA×8, AAC×4, CTG×3, AAT×1, ATT×1, GTT×1, TCA×1"
537,nonsynonymous-only,0,1,13,5598,"I×3, F×2, V×2, D×1, N×1, R×1, S×1, T×1, Y×1","ATT×1983, AGT×1408, TTT×1387, GAT×395, TAT×294, GTT×57, GTA×26, ACT×25, TTC×13, ATC×7, AAT×1, ATA×1, CGC×1"
538,nonsynonymous-only,0,1,14,6977,"L×4, S×3, F×2, A×1, C×1, P×1, V×1, Y×1","CCA×2584, TTA×1739, TGT×1250, TTG×409, TTT×401, GCT×294, TCA×212, GTT×46, CTT×25, TCT×8, CTA×5, TTC×2, AGT×1, TAT×1"
539,nonsynonymous-only,0,1,11,6978,"D×2, E×2, K×2, I×1, L×1, N×1, R×1, S×1","GAT×2056, AAA×1564, GAG×923, GAC×921, GAA×835, AAG×386, ATA×282, TCA×6, AAC×3, AGA×1, CTA×1"
540,nonsynonymous-only,0,1,13,5397,"T×4, E×2, G×2, K×2, D×1, R×1, Y×1","AGA×1940, GAA×1856, ACA×852, ACG×526, GAG×177, AAA×16, GGA×9, TAC×9, GGG×5, AAG×3, GAC×2, ACC×1, ACT×1"
541,nonsynonymous-only,0,1,2,47,"R×1, W×1","CGG×46, TGG×1"
543,nonsynonymous-only,0,1,4,899,"I×2, A×1, K×1","ATA×850, GCA×46, AAG×2, ATT×1"
544,nonsynonymous-only,0,1,2,852,"K×1, P×1","AAA×850, CCC×2"
545,nonsynonymous-only,0,1,2,852,"L×1, V×1","CTC×850, GTC×2"
546,nonsynonymous-only,0,1,2,852,"S×1, T×1","AGT×850, ACC×2"
548,nonsynonymous-only,0,1,2,853,"I×1, K×1","AAA×850, ATA×3"
549,nonsynonymous-only,0,1,4,854,"A×1, H×1, R×1, S×1","CGT×849, GCT×3, CAT×1, TCT×1"
550,nonsynonymous-only,0,1,5,711,"L×2, P×1, Q×1, S×1","CCT×395, TCG×299, CAA×13, TTA×3, TTG×1"
551,nonsynonymous-only,0,1,5,1561,"R×3, C×1, P×1","CGC×850, TGC×694, AGA×13, CCA×3, CGA×1"
552,nonsynonymous-only,0,1,6,1726,"S×2, F×1, I×1, N×1, Y×1","AAT×850, TAT×395, TTT×299, AGT×165, AGC×13, ATC×4"
553,nonsynonymous-only,0,1,10,2579,"F×2, L×2, C×1, H×1, Q×1, R×1, S×1, Y×1","TTC×1122, TAT×702, TTT×401, CTT×312, CAT×21, CGC×11, CAG×5, TGT×3, AGT×1, TTG×1"
554,nonsynonymous-only,0,1,10,2594,"L×3, A×1, H×1, K×1, N×1, R×1, S×1, T×1","TTA×952, CGA×850, GCA×299, CTA×280, TCA×181, AAA×12, ACA×12, TTG×5, CAT×2, AAC×1"
555,nonsynonymous-only,0,1,15,2327,"G×2, L×2, T×2, V×2, I×1, K×1, N×1, P×1, S×1, W×1, Y×1","TTA×852, ATT×527, TGG×395, CCG×299, GTT×165, GTG×26, TTG×19, ACA×13, GGG×11, TAT×7, AAT×6, AAG×3, ACT×2, GGA×1, TCG×1"
556,nonsynonymous-only,0,1,15,2606,"L×3, P×2, A×1, C×1, D×1, F×1, H×1, I×1, K×1, N×1, T×1, Y×1","CCA×850, CTC×395, TAT×364, TTA×310, CCT×275, TGT×178, GAT×168, GCT×24, TTT×13, AAA×9, CAT×8, ACT×5, AAT×3, ATT×2, CTT×2"
557,nonsynonymous-only,0,1,6,2268,"F×2, Y×2, C×1, W×1","TTT×2080, TAC×134, TAT×34, TGG×15, TGT×3, TTC×2"
558,nonsynonymous-only,0,1,8,2561,"L×3, V×2, I×1, Q×1, S×1","CTA×852, TCA×802, CAA×415, TTA×300, GTA×130, GTG×35, ATC×24, CTG×3"
559,nonsynonymous-only,0,1,4,1452,"K×2, E×1, Q×1","AAA×853, CAG×419, GAA×178, AAG×2"
560,nonsynonymous-only,0,1,7,1388,"L×2, F×1, H×1, Q×1, R×1, S×1","CAT×517, TTT×395, CTT×272, TCA×165, TTA×26, CGT×10, CAA×3"
561,nonsynonymous-only,0,1,6,1452,"F×1, L×1, M×1, Q×1, R×1, V×1","CGA×849, GTG×395, CTA×170, ATG×24, TTT×13, CAA×1"
562,nonsynonymous-only,0,1,5,1274,"Q×2, C×1, P×1, Y×1","CCG×514, TAT×395, CAG×360, TGT×3, CAA×2"
563,nonsynonymous-only,0,1,5,1274,"I×2, L×1, N×1, S×1","ATC×850, CTT×395, AAT×24, ATT×3, AGT×2"
564,nonsynonymous-only,0,1,4,1545,"K×1, L×1, P×1, S×1","AAG×850, TTA×395, TCA×298, CCG×2"
565,nonsynonymous-only,0,1,6,1550,"L×3, I×1, M×1, V×1","ATC×850, TTG×395, CTG×299, ATG×3, GTT×2, CTT×1"
566,nonsynonymous-only,0,1,6,1251,"R×2, E×1, L×1, N×1, Q×1","CAG×849, GAA×395, CTC×3, AGG×2, AAT×1, CGG×1"
567,nonsynonymous-only,0,1,4,1251,"N×2, K×1, P×1","AAA×853, CCA×395, AAC×2, AAT×1"
568,nonsynonymous-only,0,1,5,1251,"V×2, I×1, P×1, S×1","GTT×850, TCA×395, CCT×3, GTA×2, ATC×1"
569,nonsynonymous-only,0,1,4,2657,"L×1, S×1, V×1, Y×1","GTA×1408, TCA×853, TTA×395, TAT×1"
570,nonsynonymous-only,0,1,4,856,"I×1, L×1, S×1, T×1","ATA×791, ACA×59, CTA×3, TCA×3"
571,nonsynonymous-only,0,1,8,2794,"I×3, V×2, A×1, M×1, T×1","GTT×1404, ATC×826, GTA×395, ATA×137, ACC×25, GCT×4, ATT×2, ATG×1"
572,nonsynonymous-only,0,1,6,2794,"K×2, R×2, M×1, V×1","ATG×1408, AGG×851, AAG×394, GTG×137, AAA×2, AGA×2"
573,nonsynonymous-only,0,1,6,2793,"L×2, T×2, A×1, S×1","TCA×1408, ACA×848, CTA×532, ACG×2, TTA×2, GCG×1"
575,nonsynonymous-only,0,1,2,1245,"K×1, R×1","AAA×1231, AGA×14"
576,nonsynonymous-only,0,1,2,1246,"K×1, R×1","AAG×851, AGG×395"
577,nonsynonymous-only,0,1,5,1246,"L×2, A×1, G×1, V×1","GCA×802, CTA×395, GTA×33, GGA×15, CTC×1"
578,nonsynonymous-only,0,1,2,1245,"P×1, V×1","CCT×850, GTT×395"
579,nonsynonymous-only,0,1,5,2939,"L×2, F×1, R×1, S×1","TTT×1803, TCC×850, TTA×272, CTA×12, CGA×2"
580,nonsynonymous-only,0,1,6,2557,"L×2, S×2, P×1, R×1","AGT×1408, CGA×849, CCA×273, TCC×13, CTG×12, TTA×2"
581,nonsynonymous-only,0,1,10,2565,"D×2, K×2, C×1, L×1, N×1, Q×1, R×1, Y×1","GAT×1408, AAG×848, CTC×272, AAT×15, CAA×12, GAC×3, AAA×2, AGG×2, TAT×2, TGT×1"
582,nonsynonymous-only,0,1,13,3797,"A×2, K×2, P×2, D×1, I×1, N×1, Q×1, R×1, T×1, Y×1","AAT×1410, AAA×849, GAT×527, GCA×395, CCG×292, CCA×279, CAA×13, AAG×12, GCG×12, TAT×3, AGG×2, ATA×2, ACG×1"
583,nonsynonymous-only,0,1,11,3987,"E×2, K×2, R×2, D×1, H×1, L×1, Q×1, Y×1","CAC×1408, AAG×874, CAA×697, AAA×527, AGA×274, TAT×165, GAG×23, CGA×13, GAA×3, GAT×2, CTA×1"
584,nonsynonymous-only,0,1,11,3982,"K×2, N×2, T×2, E×1, F×1, L×1, R×1, Y×1","AAA×2623, AAG×861, TAT×277, GAA×167, ACG×24, TTG×12, AGA×10, TTT×3, AAC×2, AAT×2, ACA×1"
585,nonsynonymous-only,0,1,12,2866,"E×2, K×2, Q×2, A×1, L×1, P×1, R×1, W×1, Y×1","AAA×1226, TTA×527, GAG×398, AAG×314, GAA×299, AGA×36, CAG×24, GCA×24, CAA×12, TAC×3, CCA×2, TGG×1"
586,nonsynonymous-only,0,1,16,3996,"L×5, S×3, Q×2, T×2, C×1, F×1, P×1, R×1","CTG×1293, CCA×1091, TTA×446, TTG×398, CAA×309, TCG×292, CTA×124, TTT×12, TCA×9, ACA×8, CGA×5, CTT×3, TGT×3, ACG×1, CAG×1, TCC×1"
587,nonsynonymous-only,0,1,11,2293,"L×3, G×2, R×2, I×1, P×1, S×1, W×1","CTA×857, CCA×523, GGA×395, TTG×308, CGG×113, TGG×52, TTA×27, GGG×11, TCG×3, ATA×2, CGA×2"
588,nonsynonymous-only,0,1,13,2292,"N×2, A×1, C×1, D×1, E×1, F×1, K×1, L×1, M×1, S×1, T×1, Y×1","AAA×1243, GCA×538, ACT×272, GAA×177, AAT×24, ATG×13, TAC×13, GAT×3, TCT×3, TTT×3, AAC×1, CTT×1, TGT×1"
589,nonsynonymous-only,0,1,12,1721,"L×3, C×2, S×2, Y×2, F×1, I×1, K×1","TTA×847, TTG×395, TGT×273, AAA×168, TGC×12, TTC×8, TAC×5, AGC×4, TAT×4, ATC×3, CTA×1, TCA×1"
590,nonsynonymous-only,0,1,5,1436,"A×1, E×1, K×1, Q×1, S×1","GCG×849, AGT×395, GAA×165, AAA×24, CAA×3"
591,nonsynonymous-only,0,1,5,1436,"I×2, G×1, M×1, S×1","ATG×849, GGA×395, AGT×165, ATC×24, ATT×3"
592,nonsynonymous-only,0,1,5,1436,"Q×2, D×1, K×1, R×1","CGG×784, GAT×395, CAA×168, CAG×65, AAG×24"
593,nonsynonymous-only,0,1,2,1244,"I×1, T×1","ACC×849, ATC×395"
594,nonsynonymous-only,0,1,2,1244,"E×1, V×1","GTG×849, GAA×395"
595,nonsynonymous-only,0,1,2,849,"H×1, R×1","CGC×848, CAC×1"
597,nonsynonymous-only,0,1,2,860,"I×1, T×1","ACA×849, ATC×11"
598,nonsynonymous-only,0,1,6,1035,"R×2, D×1, Q×1, S×1, T×1","CGA×830, GAT×165, CAA×18, AGT×11, ACA×8, CGT×3"
599,nonsynonymous-only,0,1,8,1872,"C×2, F×2, Y×2, I×1, S×1","ATT×849, TTC×551, TGT×272, TTT×179, TAT×8, TAC×7, TCA×3, TGC×3"
600,nonsynonymous-only,0,1,7,493,"S×2, C×1, F×1, H×1, L×1, Y×1","TGT×272, TCT×165, TTG×34, TAT×11, TTT×5, CAT×3, TCA×3"
601,nonsynonymous-only,0,1,7,1838,"L×2, D×1, F×1, I×1, S×1, W×1","TTG×1376, TTT×272, TTA×165, ATC×11, GAC×8, TCA×3, TGG×3"
602,nonsynonymous-only,0,1,12,1840,"I×3, G×2, V×2, C×1, D×1, F×1, H×1, T×1","ATC×829, GTT×528, TTT×272, GGT×160, ATA×19, GTC×11, CAT×8, GGC×5, GAT×3, ATT×2, TGT×2, ACC×1"
603,nonsynonymous-only,0,1,5,1560,"A×1, G×1, K×1, M×1, Q×1","AAA×849, ATG×692, GCA×11, CAA×5, GGA×3"
604,nonsynonymous-only,0,1,6,446,"K×2, V×2, P×1, S×1","GTG×272, AAG×160, AAA×8, CCC×3, GTT×2, AGT×1"
605,nonsynonymous-only,0,1,8,985,"L×3, Q×2, E×1, G×1, R×1","TTG×527, GAA×272, CAG×165, CTT×11, CAA×3, CGA×3, TTA×3, GGA×1"
606,nonsynonymous-only,0,1,4,279,"L×3, Q×1","TTA×272, CAA×3, TTG×3, CTA×1"
607,nonsynonymous-only,0,1,17,5437,"S×3, D×2, H×2, L×2, R×2, Y×2, F×1, I×1, N×1, V×1","TTT×1536, CAC×1419, AGT×818, TAT×575, GAT×395, ATT×295, CGC×156, AAT×119, CAT×73, TAC×16, CGT×9, TCT×8, TCC×5, CTT×4, CTC×3, GAC×3, GTT×3"
608,nonsynonymous-only,0,1,10,6816,"L×3, F×2, C×1, I×1, S×1, W×1, Y×1","TGG×2794, TTA×2052, TTT×1588, TTG×293, ATT×48, CTA×28, TCT×5, TGT×4, TAT×3, TTC×1"
609,nonsynonymous-only,0,1,11,4730,"L×3, F×2, C×1, H×1, I×1, M×1, Q×1, W×1","TTG×3519, CAT×395, ATG×340, TTT×311, CAG×135, TGG×13, ATT×8, TTA×4, CTG×3, TGT×1, TTC×1"
610,nonsynonymous-only,0,1,10,1242,"V×3, G×1, I×1, L×1, M×1, S×1, T×1, Y×1","ACT×849, CTT×272, GTA×47, GTT×42, GTG×13, AGC×8, ATG×5, ATT×3, GGT×2, TAC×1"
611,nonsynonymous-only,0,1,7,376,"L×4, A×1, M×1, S×1","TCA×275, GCT×46, TTA×34, CTT×12, CTA×5, ATG×2, TTG×2"
612,nonsynonymous-only,0,1,7,105,"F×1, I×1, K×1, L×1, R×1, S×1, T×1","ATT×46, TCA×31, AGA×12, TTA×8, AAA×4, ACA×3, TTT×1"
613,nonsynonymous-only,0,1,2,3,"G×1, W×1","TGG×2, GGA×1"
614,nonsynonymous-only,0,1,3,280,"I×1, L×1, N×1","AAT×273, ATT×5, CTG×2"
615,nonsynonymous-only,0,1,2,279,"E×1, N×1","AAT×277, GAA×2"
616,nonsynonymous-only,0,1,2,279,"L×1, V×1","GTA×274, TTG×5"
617,nonsynonymous-only,0,1,4,299,"C×2, S×1, T×1","TGT×272, TGC×14, ACT×8, AGT×5"
618,nonsynonymous-only,0,1,3,300,"K×2, G×1","AAG×273, AAA×22, GGA×5"
619,nonsynonymous-only,0,1,3,284,"H×1, R×1, Y×1","CAT×185, TAT×87, AGA×12"
620,nonsynonymous-only,0,1,2,284,"A×1, S×1","GCA×272, TCG×12"
621,nonsynonymous-only,0,1,2,309,"D×1, L×1","CTT×272, GAT×37"
622,nonsynonymous-only,0,1,3,310,"I×2, V×1","GTT×272, ATC×25, ATT×13"
623,nonsynonymous-only,0,1,2,37,"A×1, T×1","GCT×25, ACA×12"
624,nonsynonymous-only,0,1,2,37,"F×1, V×1","GTA×25, TTC×12"
625,nonsynonymous-only,0,1,3,92,"M×1, T×1, V×1","ACC×46, GTG×26, ATG×20"
626,nonsynonymous-only,0,1,19,4759,"L×3, I×2, Q×2, R×2, T×2, A×1, E×1, F×1, G×1, K×1, P×1, S×1, Y×1","GCA×1383, ACA×1272, CAA×849, TCA×435, CTA×397, AAG×272, TTT×46, ATA×31, CAG×24, TAT×13, TTG×13, CCG×8, GAA×4, CGG×3, GGG×3, CGA×2, TTA×2, ACG×1, ATC×1"
627,nonsynonymous-only,0,1,20,8347,"L×3, S×3, E×2, K×2, Q×2, T×2, F×1, H×1, I×1, P×1, R×1, W×1","TCA×1718, TCG×1545, ACA×1411, CGG×1240, TCC×1225, CCA×516, TGG×304, CAA×272, ATA×55, TTA×13, CTA×12, CAG×9, AAG×8, GAA×8, TTT×4, AAA×2, GAG×2, ACG×1, CAC×1, TTG×1"
628,nonsynonymous-only,0,1,11,8352,"E×2, K×2, N×2, D×1, H×1, Q×1, T×1, Y×1","GAG×1841, GAA×1660, AAT×1577, AAG×1231, AAA×884, CAT×848, GAT×274, AAC×25, TAT×8, ACT×3, CAG×1"
629,nonsynonymous-only,0,1,18,4298,"G×2, K×2, Q×2, R×2, Y×2, C×1, D×1, E×1, I×1, L×1, M×1, N×1, W×1","CAA×1862, CAG×1222, TAC×418, AGA×300, ATG×275, CGC×77, TGC×32, TAT×31, GGA×25, TGG×13, GAA×12, AAA×11, ATA×8, AAT×4, GAC×3, AAG×2, CTG×2, GGG×1"
630,nonsynonymous-only,0,1,16,7910,"L×4, S×4, F×2, Q×2, G×1, I×1, T×1, Y×1","TTG×2311, TTA×1412, TCG×1251, TCC×849, TTC×689, TTT×603, CTG×459, CAG×272, GGA×24, CAA×20, ATC×8, CTA×4, ACA×3, TCT×3, TAT×1, TCA×1"
632,nonsynonymous-only,0,1,3,695,"E×1, G×1, K×1","AAA×527, GGA×165, GAA×3"
633,nonsynonymous-only,0,1,4,1090,"A×1, M×1, T×1, V×1","ACG×525, GTG×395, ATG×168, GCG×2"
634,nonsynonymous-only,0,1,6,1104,"L×2, A×1, K×1, Q×1, T×1","CTA×527, CAA×395, GCG×165, TTA×13, AAG×3, ACG×1"
635,nonsynonymous-only,0,1,6,2511,"L×2, E×1, P×1, Q×1, S×1","CCA×1264, CAA×921, TTA×173, TCA×145, CTA×5, GAA×3"
636,nonsynonymous-only,0,1,3,25,"I×1, R×1, T×1","ATA×13, ACT×11, AGA×1"
639,nonsynonymous-only,0,1,2,150,"F×1, G×1","GGC×137, TTT×13"
640,nonsynonymous-only,0,1,18,5561,"L×4, R×2, S×2, Y×2, A×1, D×1, F×1, I×1, K×1, M×1, P×1, T×1","CTA×1555, TTG×1545, TCA×1409, GCA×394, TCG×272, TTA×178, AAA×145, ATG×25, TAC×15, AGG×6, GAT×5, ATA×3, TAT×3, CCA×2, ACA×1, CGA×1, CTG×1, TTC×1"
641,nonsynonymous-only,0,1,15,6963,"R×3, E×2, I×2, N×2, T×2, D×1, H×1, K×1, S×1","AAC×2858, AAT×1856, ATT×1063, ACA×395, AGG×294, AAA×274, CGT×137, CAT×52, CGA×12, GAG×8, AGC×5, GAA×4, ATC×3, ACC×1, GAC×1"
642,nonsynonymous-only,0,1,19,5721,"R×3, D×2, I×2, N×2, E×1, F×1, G×1, H×1, K×1, M×1, Q×1, T×1, V×1, Y×1","GAT×1408, ATG×1250, AAG×850, GAA×530, GAC×406, GGC×299, ATA×294, CAC×272, AAC×170, AGA×137, TTT×37, GTG×24, TAT×15, CGC×13, AAT×8, AGG×3, ACT×2, ATT×2, CAG×1"
643,nonsynonymous-only,0,1,15,3166,"E×2, K×2, L×2, Q×2, R×2, S×2, F×1, V×1, W×1","GAG×1248, AGA×961, AAG×694, AAA×179, GAA×25, CAG×13, TCA×12, CAA×8, CTG×8, TTT×5, GTG×4, CGA×3, AGC×2, TGG×2, TTG×2"
644,nonsynonymous-only,0,1,16,4187,"I×3, A×2, G×2, K×2, N×2, S×2, Q×1, R×1, T×1","AGC×1408, ATA×1253, AAA×572, AAT×314, GCC×299, ACT×274, AAC×25, CAA×14, GGA×11, AAG×6, AGA×3, ATC×3, ATT×2, AGT×1, GCT×1, GGG×1"
645,nonsynonymous-only,0,1,18,4877,"L×3, R×3, E×2, I×2, K×2, Q×2, S×2, P×1, Y×1","AGC×1364, CGA×1250, TAT×882, AGG×395, AAA×314, CCC×272, GAG×162, CTG×137, AGT×44, ATC×24, TTG×8, AAG×6, GAA×6, CGT×5, CAG×3, CAA×2, TTA×2, ATT×1"
646,nonsynonymous-only,0,1,11,4545,"L×3, C×2, R×2, K×1, Q×1, S×1, W×1","TGG×2796, CGG×847, AAG×395, CAG×300, CTG×127, CTA×32, TGT×24, TCT×12, TTG×8, TGC×3, CGT×1"
647,nonsynonymous-only,0,1,16,5928,"R×4, L×2, T×2, C×1, D×1, E×1, I×1, K×1, M×1, S×1, V×1","CGC×1543, ACT×1407, ACG×1188, CTA×851, AAA×532, AGA×292, ATG×62, GAC×24, TTA×12, AGG×7, GTT×3, TCC×3, ATT×1, CGT×1, GAA×1, TGC×1"
648,nonsynonymous-only,0,1,12,5560,"H×2, N×2, R×2, Y×2, C×1, D×1, P×1, S×1","CAC×1939, TAT×1817, TAC×847, AAT×741, CAT×163, GAT×25, AGG×12, TGT×6, CCT×4, AAC×2, AGC×2, CGC×2"
649,nonsynonymous-only,0,1,11,6963,"L×4, R×2, S×2, F×1, P×1, W×1","CCG×1498, TGG×1407, TTA×1023, TCG×849, CGA×838, CTA×811, TTT×304, TTG×139, CTG×50, CGG×43, TCA×1"
650,nonsynonymous-only,0,1,22,6979,"L×3, F×2, G×2, I×2, S×2, V×2, Y×2, A×1, E×1, K×1, N×1, P×1, R×1, T×1","TCC×1535, TTG×1407, CCA×1250, TCT×1148, TTT×693, AAT×396, GAA×272, TAT×140, ATA×46, AAA×25, GTC×24, CTT×13, TTC×9, AGA×5, ACA×3, ATT×3, GGA×2, GGC×2, GTT×2, TTA×2, GCC×1, TAC×1"
651,nonsynonymous-only,0,1,17,4581,"L×4, C×2, F×2, P×2, T×2, D×1, I×1, M×1, N×1, V×1","CCT×1544, ACT×828, CTG×500, ATT×424, TGC×395, TTG×302, CTT×294, GAT×137, TGT×46, CCG×30, TTT×26, ATG×24, AAC×13, TTC×13, ACC×2, TTA×2, GTT×1"
654,nonsynonymous-only,0,1,2,10,"F×1, Q×1","TTT×8, CAA×2"
655,nonsynonymous-only,0,1,2,10,"F×1, S×1","TCC×8, TTT×2"
657,nonsynonymous-only,0,1,14,6417,"I×3, K×2, Q×2, A×1, E×1, N×1, R×1, S×1, T×1, Y×1","AAA×1753, AGT×1544, TAT×1408, AAG×803, CAG×395, CAA×299, AAC×181, AGG×17, ATA×8, ATT×3, GAA×3, ACA×1, ATC×1, GCC×1"
658,nonsynonymous-only,0,1,7,1006,"K×2, A×1, Q×1, R×1, S×1, Y×1","CAA×967, TAT×13, AAA×12, AGA×8, TCA×3, GCA×2, AAG×1"
659,nonsynonymous-only,0,1,9,1869,"C×1, D×1, E×1, K×1, L×1, Q×1, R×1, S×1, W×1","TCA×1006, CGA×398, GAC×277, TTA×145, TGG×24, AAA×15, CAA×2, GAA×1, TGT×1"
660,nonsynonymous-only,0,1,15,2587,"L×4, I×2, R×2, E×1, K×1, M×1, N×1, Q×1, T×1, Y×1","ATA×850, ATG×535, TTG×398, AGA×293, CAA×272, ACG×183, CGA×13, TAT×12, AAA×8, AAT×8, ATC×8, CTA×3, GAA×2, CTG×1, TTA×1"
661,nonsynonymous-only,0,1,6,193,"A×1, C×1, H×1, L×1, T×1, V×1","GTT×164, CAT×23, ACG×3, CTT×1, GCT×1, TGC×1"
662,nonsynonymous-only,0,1,2,2,"S×1, W×1","AGC×1, TGG×1"
665,nonsynonymous-only,0,1,2,2,"F×1, L×1","CTC×1, TTT×1"
666,nonsynonymous-only,0,1,7,297,"A×1, E×1, K×1, L×1, N×1, Q×1, S×1","CTA×272, GAA×15, AAA×5, CAA×2, AAC×1, GCA×1, TCT×1"
667,nonsynonymous-only,0,1,11,489,"G×2, S×2, A×1, D×1, K×1, Q×1, R×1, T×1, Y×1","AAA×275, GGG×137, AGT×46, TAC×12, AGA×8, GGA×5, GCT×2, ACA×1, AGC×1, CAA×1, GAT×1"
668,nonsynonymous-only,0,1,8,496,"S×2, F×1, I×1, K×1, L×1, R×1, Y×1","TAT×277, TCC×165, TTT×46, CGG×3, TTG×2, AAA×1, AGT×1, ATC×1"
669,nonsynonymous-only,0,1,24,8411,"G×3, A×2, F×2, I×2, R×2, T×2, V×2, Y×2, E×1, K×1, L×1, N×1, Q×1, S×1, W×1","TAT×1545, TGG×1408, CTT×1250, GCA×1214, GAA×849, TAC×530, GTA×396, ACA×298, CAG×294, GGG×272, AGA×165, GGT×137, AAT×12, ATT×10, GCG×10, TTC×5, AAA×3, ACC×3, GTT×3, TCA×3, ATA×1, CGG×1, GGA×1, TTT×1"
670,nonsynonymous-only,0,1,17,8467,"S×3, F×2, I×2, K×2, N×2, Y×2, C×1, L×1, P×1, W×1","TTT×3382, CTT×2012, CCT×1470, TCT×431, ATA×395, ATT×299, AAC×272, TGG×165, AAA×12, AAG×11, TAT×7, TGC×3, TTC×3, AAT×2, TAC×1, TCA×1, TCC×1"
671,nonsynonymous-only,0,1,23,8500,"I×3, L×3, E×2, F×2, R×2, S×2, V×2, C×1, D×1, H×1, K×1, M×1, N×1, Y×1","TTT×1689, GTC×1378, GAA×1250, AAC×1228, ATT×872, GAT×530, TTG×395, CTT×299, ATA×295, GAG×274, CGT×146, TGT×73, GTT×29, CAT×19, AGC×8, ATG×6, AAA×3, AGT×1, ATC×1, CGC×1, TAC×1, TTA×1, TTC×1"
672,nonsynonymous-only,0,1,12,8543,"K×2, N×2, R×2, T×2, E×1, G×1, I×1, M×1","AAA×2985, AGA×1716, GGA×1215, AAG×852, GAA×731, ACG×530, ACA×440, AGG×47, AAC×13, ATG×11, ATA×2, AAT×1"
673,nonsynonymous-only,0,1,17,6569,"R×4, K×2, L×2, Q×2, E×1, G×1, I×1, P×1, S×1, T×1, W×1","CGC×1408, GAA×1245, ACA×1238, AGA×907, AGG×667, AAA×310, ATA×297, CAG×272, AGC×164, CTA×25, AAG×12, CGA×12, TTA×6, CAA×3, CCA×1, GGC×1, TGG×1"
674,nonsynonymous-only,0,1,20,7937,"I×3, D×2, G×2, K×2, L×2, N×2, T×2, A×1, E×1, F×1, S×1, Y×1","GCC×1544, ATA×1406, ATC×1263, ACG×1237, GAT×927, AAT×848, AAC×297, GAC×165, AAA×137, ACC×46, ATT×34, GAG×11, TTC×8, AGT×7, TTA×2, AAG×1, CTC×1, GGC×1, GGT×1, TAC×1"
675,nonsynonymous-only,0,1,22,7818,"L×4, D×2, I×2, N×2, R×2, S×2, C×1, F×1, G×1, H×1, K×1, Q×1, T×1, Y×1","GAT×2926, AGT×1508, AAT×1250, CAA×1148, GAC×531, CAT×162, TTT×137, GGT×54, CTC×46, TGT×13, ATT×11, AGA×8, CTT×6, ACT×4, TAC×4, CGT×3, AAA×2, AAC×1, AGC×1, ATA×1, CTA×1, TTA×1"
676,nonsynonymous-only,0,1,15,4174,"L×3, R×3, A×2, T×2, I×1, K×1, Q×1, S×1, W×1","GCG×1113, CGG×834, CGA×554, TCA×464, CTA×395, ACG×294, AGA×286, AAA×183, ACA×20, CAG×15, GCA×7, TTA×4, ATA×3, TGG×1, TTG×1"
677,nonsynonymous-only,0,1,19,6975,"K×2, N×2, S×2, T×2, D×1, E×1, F×1, G×1, H×1, I×1, L×1, Q×1, R×1, V×1, Y×1","AGA×1409, CAC×1408, AAC×1263, GAA×849, AAA×693, ACT×530, ACA×304, AAT×294, GAC×167, ATA×25, AAG×13, GTA×9, CAA×3, TAC×3, AGC×1, AGT×1, CTG×1, GGA×1, TTT×1"
678,nonsynonymous-only,0,1,15,6483,"I×2, R×2, S×2, V×2, Y×2, D×1, E×1, G×1, N×1, T×1","AGA×1408, AGT×1270, AGG×1225, AGC×870, GGT×794, TAC×395, TAT×294, AAT×207, GAT×12, ACT×2, ATC×2, ATT×1, GAG×1, GTC×1, GTT×1"
681,synonymous-only,1,0,2,8,S×2,"TCT×5, TCC×3"
685,synonymous-only,1,0,2,277,L×2,"TTG×272, CTA×5"
687,nonsynonymous-only,0,1,4,286,"C×1, H×1, Q×1, R×1","CAT×272, AGA×8, CAA×5, TGC×1"
688,nonsynonymous-only,0,1,12,1875,"G×2, I×2, S×2, C×1, D×1, N×1, R×1, T×1, V×1","AGC×1215, GGC×296, TGC×272, AAC×30, CGT×25, ACT×13, ATT×9, GAT×5, GGT×4, GTT×3, AGT×2, ATC×1"
689,nonsynonymous-only,0,1,8,1926,"T×2, A×1, C×1, G×1, I×1, N×1, S×1","TGT×848, ATT×671, AGT×299, ACT×74, GGT×25, GCT×5, AAT×2, ACG×2"
690,nonsynonymous-only,0,1,8,1316,"F×2, Q×2, C×1, H×1, L×1, P×1","CAA×849, CAT×420, CAG×23, CCT×13, TTC×6, TTT×3, CTG×1, TGT×1"
691,nonsynonymous-only,0,1,3,1281,"D×1, I×1, V×1","ATT×862, GAC×395, GTT×24"
692,nonsynonymous-only,0,1,5,1281,"F×2, S×2, H×1","TTC×849, TCC×395, CAT×23, TTT×13, TCG×1"
693,nonsynonymous-only,0,1,4,1281,"E×1, K×1, W×1, Y×1","AAA×849, TAT×395, GAA×24, TGG×13"
696,nonsynonymous-only,0,1,2,849,"A×1, T×1","ACC×842, GCC×7"
698,nonsynonymous-only,0,1,4,849,"R×2, Q×1, W×1","CGG×828, TGG×19, CAG×1, CGC×1"
699,nonsynonymous-only,0,1,3,860,"L×1, P×1, S×1","CCA×828, TCA×21, TTA×11"
700,nonsynonymous-only,0,1,5,1183,"E×1, F×1, G×1, I×1, R×1","ATC×867, GAA×284, TTC×23, GGA×6, AGA×3"
701,nonsynonymous-only,0,1,7,2422,"K×2, D×1, E×1, N×1, S×1, V×1","GAC×1252, AAA×852, AAT×284, GAG×21, AAG×7, GTA×5, AGT×1"
702,nonsynonymous-only,0,1,8,2393,"H×2, R×2, V×2, A×1, L×1","CGC×2092, GTC×272, CTT×12, CGT×7, GTT×5, GCC×3, CAC×1, CAT×1"
703,nonsynonymous-only,0,1,6,1145,"D×2, I×1, N×1, S×1, T×1","GAT×855, AGC×272, ACT×12, ATT×3, GAC×2, AAT×1"
704,nonsynonymous-only,0,1,7,1145,"F×2, D×1, G×1, I×1, L×1, S×1","GGC×818, TTT×274, GAC×16, AGC×15, TTC×14, TTA×5, ATC×3"
705,nonsynonymous-only,0,1,5,1142,"F×1, K×1, L×1, R×1, S×1","TTC×849, TCA×275, AGA×12, TTA×5, AAA×1"
706,nonsynonymous-only,0,1,6,1145,"Y×2, F×1, H×1, K×1, W×1","TAT×863, TAC×272, AAA×5, TGG×3, CAT×1, TTC×1"
707,nonsynonymous-only,0,1,5,1144,"D×2, N×2, K×1","GAT×856, AAA×272, AAT×13, GAC×2, AAC×1"
708,nonsynonymous-only,0,1,4,860,"D×1, G×1, I×1, Y×1","GGC×849, GAC×5, ATC×3, TAC×3"
709,nonsynonymous-only,0,1,3,852,"C×1, F×1, R×1","TGC×830, CGC×19, TTC×3"
710,nonsynonymous-only,0,1,2,852,"P×1, S×1","CCA×849, TCT×3"
711,nonsynonymous-only,0,1,2,852,"K×1, N×1","AAC×849, AAG×3"
713,nonsynonymous-only,0,1,3,852,"C×1, R×1, W×1","CGT×551, TGT×298, TGG×3"
714,synonymous-only,1,0,2,852,R×2,"CGG×849, CGA×3"
715,nonsynonymous-only,0,1,2,852,"R×1, S×1","CGT×849, AGC×3"
716,nonsynonymous-only,0,1,6,1443,"K×2, F×1, N×1, P×1, T×1","TTC×849, CCG×299, AAG×289, ACT×3, AAC×2, AAA×1"
717,nonsynonymous-only,0,1,6,1826,"C×1, D×1, E×1, R×1, S×1, Y×1","TGC×852, TAT×395, GAC×299, AGT×277, AGA×2, GAA×1"
718,nonsynonymous-only,0,1,9,2370,"R×3, D×2, F×1, L×1, T×1, V×1","TTT×849, GAC×694, ACT×532, GTG×272, CTC×13, AGA×5, GAT×3, AGG×1, CGT×1"
719,nonsynonymous-only,0,1,8,2080,"S×2, F×1, H×1, L×1, N×1, V×1, Y×1","TCC×849, TTT×802, TCT×395, AAC×13, TTG×8, CAT×5, GTT×5, TAT×3"
720,nonsynonymous-only,0,1,6,1248,"A×1, C×1, G×1, L×1, R×1, Y×1","AGA×827, GCA×395, TGT×16, TAT×5, GGA×3, TTA×2"
721,nonsynonymous-only,0,1,13,2380,"T×3, A×1, D×1, E×1, G×1, I×1, K×1, N×1, P×1, S×1, V×1","ACA×849, ATT×543, ACT×395, AGT×299, AAA×272, GAA×8, GAC×4, CCA×3, AAT×2, ACC×2, GCA×1, GGC×1, GTT×1"
722,nonsynonymous-only,0,1,13,2379,"I×3, D×2, N×2, H×1, M×1, S×1, T×1, V×1, Y×1","ACT×837, AAT×542, ATC×395, CAT×292, ATT×272, AAC×13, ATA×8, TAT×7, AGC×5, ATG×3, GAT×2, GTT×2, GAC×1"
723,nonsynonymous-only,0,1,8,2350,"R×2, G×1, K×1, L×1, P×1, S×1, W×1","AGA×862, CGA×526, TGG×398, AAA×277, TCA×272, GGA×7, CCA×5, TTA×3"
725,nonsynonymous-only,0,1,2,5,"G×1, M×1","ATG×3, GGA×2"
727,nonsynonymous-only,0,1,3,283,"I×1, S×1, V×1","AGT×272, GTT×8, ATT×3"
728,nonsynonymous-only,0,1,2,283,"F×1, I×1","TTT×272, ATC×11"
729,nonsynonymous-only,0,1,7,1026,"G×2, E×1, I×1, R×1, S×1, T×1","ATT×395, ACT×313, AGA×280, GGT×25, GAA×5, GGA×5, AGT×3"
730,nonsynonymous-only,0,1,12,3903,"A×3, T×3, I×2, G×1, M×1, S×1, V×1","GCG×1222, ATG×877, ATA×549, ACT×464, GTA×395, ACA×280, ATT×74, GCA×27, GCT×11, GGT×2, ACG×1, TCG×1"
731,nonsynonymous-only,0,1,14,2067,"L×4, K×2, S×2, T×2, E×1, F×1, I×1, P×1","ACC×1250, CTG×395, AAA×300, CTT×46, AAG×25, GAA×14, CTA×13, CCT×11, ATC×3, TCA×3, TCC×3, TTT×2, ACG×1, CTC×1"
732,nonsynonymous-only,0,1,12,3597,"N×2, Q×2, E×1, G×1, I×1, K×1, L×1, M×1, R×1, S×1","AAA×1415, ATG×1240, GGA×395, AAT×300, CAA×181, GAA×48, ATA×10, TTA×3, AGA×2, AAC×1, AGT×1, CAG×1"
733,nonsynonymous-only,0,1,12,4051,"K×2, R×2, S×2, D×1, E×1, G×1, I×1, N×1, W×1","AAA×1691, AAC×849, AGA×812, ATA×395, AAG×246, GGA×51, AGT×2, AGG×1, GAA×1, GAT×1, TCA×1, TGG×1"
734,nonsynonymous-only,0,1,21,6820,"D×2, E×2, H×2, I×2, L×2, N×2, R×2, A×1, F×1, G×1, M×1, S×1, T×1, V×1","GAT×1883, GTT×1544, AAC×1224, AAT×867, ATT×576, GGT×397, AGT×179, GAG×46, ATA×40, GAC×28, AGA×16, TTA×6, ATG×3, AGG×2, CAC×2, GCT×2, ACT×1, CAT×1, GAA×1, TTG×1, TTT×1"
735,nonsynonymous-only,0,1,13,4552,"F×2, G×2, L×2, Y×2, D×1, E×1, P×1, Q×1, V×1","GAA×1433, TTA×1242, TTC×863, GGA×643, TAT×275, GGG×51, CAA×25, TAC×11, TTG×4, GAC×2, CCT×1, GTA×1, TTT×1"
736,nonsynonymous-only,0,1,18,5412,"T×4, I×3, A×2, K×2, L×2, V×2, D×1, M×1, N×1","ACG×1680, ACC×1241, ACT×1235, TTA×849, GCA×273, ACA×46, ATA×29, AAC×14, AAG×14, GTG×12, ATC×6, AAA×5, ATT×2, GAC×2, ATG×1, CTT×1, GCC×1, GTA×1"
737,nonsynonymous-only,0,1,15,5403,"I×2, L×2, Y×2, A×1, C×1, D×1, E×1, K×1, P×1, Q×1, S×1, V×1","CCA×2793, TGT×1225, AAA×849, TTA×286, GAT×137, GCA×47, GTT×25, CTA×15, ATT×11, ATA×8, CAA×2, TAC×2, GAA×1, TAT×1, TCA×1"
738,nonsynonymous-only,0,1,9,934,"D×2, A×1, E×1, G×1, K×1, N×1, S×1, T×1","GAC×840, GCA×33, AAT×16, GAT×16, ACT×13, AAA×8, GAG×5, AGC×2, GGT×1"
739,nonsynonymous-only,0,1,5,1404,"E×1, I×1, M×1, N×1, S×1","AAT×1382, ATT×11, ATG×8, AGC×2, GAA×1"
740,nonsynonymous-only,0,1,4,1391,"Y×2, C×1, D×1","TAC×1378, GAT×11, TAT×1, TGT×1"
741,nonsynonymous-only,0,1,7,1394,"A×2, S×2, E×1, F×1, R×1","TCG×851, GCG×522, AGA×11, GAG×5, GCA×3, TCA×1, TTC×1"
742,nonsynonymous-only,0,1,7,1398,"L×2, A×1, F×1, I×1, S×1, T×1","TTG×831, TTA×560, GCT×3, ACT×1, ATA×1, TCG×1, TTC×1"
743,nonsynonymous-only,0,1,5,1397,"L×3, I×1, M×1","CTT×846, ATG×530, CTC×17, TTA×3, ATT×1"
744,nonsynonymous-only,0,1,8,1394,"E×2, A×1, H×1, N×1, S×1, V×1, W×1","GAA×819, GCA×530, GAG×19, AAT×11, TCA×8, GTA×3, TGG×3, CAT×1"
745,nonsynonymous-only,0,1,5,30,"K×2, D×1, I×1, T×1","AAG×11, ATT×8, ACC×6, AAA×4, GAT×1"
746,nonsynonymous-only,0,1,7,36,"N×2, C×1, F×1, G×1, I×1, Y×1","TAT×13, AAC×9, AAT×8, TGT×2, TTT×2, ATC×1, GGC×1"
747,nonsynonymous-only,0,1,6,2271,"K×2, R×2, P×1, Q×1","AAG×1420, AGG×822, CAA×12, AAA×8, AGA×8, CCA×1"
748,nonsynonymous-only,0,1,7,1683,"E×1, G×1, K×1, N×1, Q×1, R×1, W×1","AAA×1638, TGG×14, GGA×13, AGA×8, AAT×4, CAA×3, GAA×3"
756,nonsynonymous-only,0,1,7,4036,"L×3, E×1, F×1, I×1, T×1","TTA×2065, TTG×1419, ATA×528, CTC×12, GAA×8, ACA×3, TTT×1"
757,nonsynonymous-only,0,1,13,4309,"F×2, I×2, V×2, A×1, K×1, L×1, P×1, S×1, T×1, Y×1","CCC×1215, GCT×1062, TCC×837, GTC×528, GTT×351, ATC×283, TTT×11, CTC×10, ATT×4, TTC×4, ACC×2, AAA×1, TAT×1"
758,nonsynonymous-only,0,1,10,3095,"R×2, C×1, F×1, G×1, I×1, K×1, N×1, S×1, W×1","GGC×1408, AGA×837, AAA×534, AGG×272, TGG×15, AGT×11, TGC×8, ATA×5, AAT×3, TTT×2"
759,nonsynonymous-only,0,1,9,1662,"K×2, N×2, A×1, E×1, I×1, L×1, R×1","AAA×845, ATA×528, AAG×274, AAT×5, GAA×3, GCC×3, TTA×2, AAC×1, AGA×1"
760,nonsynonymous-only,0,1,7,306,"R×3, I×2, W×1, Y×1","CGG×272, TGG×16, ATA×8, TAT×5, ATC×3, AGG×1, CGA×1"
761,nonsynonymous-only,0,1,4,833,"E×2, K×1, Q×1","CAA×530, AAA×277, GAA×18, GAG×8"
762,nonsynonymous-only,0,1,8,833,"K×2, V×2, E×1, G×1, I×1, N×1","AAA×530, AAG×197, GAG×87, GGA×8, GTT×4, AAC×3, ATT×3, GTA×1"
764,nonsynonymous-only,0,1,2,530,"L×1, P×1","CTA×528, CCA×2"
766,nonsynonymous-only,0,1,3,530,"F×1, S×1, Y×1","TCC×510, TAC×19, TTC×1"
767,nonsynonymous-only,0,1,3,533,"M×1, P×1, T×1","ATG×528, CCG×3, ACG×2"
768,nonsynonymous-only,0,1,2,533,"H×1, N×1","AAT×530, CAC×3"
769,nonsynonymous-only,0,1,2,533,"F×1, L×1","TTT×530, CTT×3"
770,nonsynonymous-only,0,1,2,533,"L×1, S×1","TCT×530, CTG×3"
771,nonsynonymous-only,0,1,2,534,"L×1, S×1","TTG×531, TCA×3"
772,nonsynonymous-only,0,1,4,534,"A×1, F×1, T×1, V×1","GCT×526, GTT×3, TTC×3, ACT×2"
773,nonsynonymous-only,0,1,3,533,"F×1, N×1, S×1","TTT×528, AAT×3, TCT×2"
774,synonymous-only,1,0,2,533,L×2,"TTG×530, TTA×3"
775,nonsynonymous-only,0,1,3,533,"L×1, P×1, R×1","CCT×504, CTT×26, CGT×3"
776,nonsynonymous-only,0,1,3,533,"F×2, C×1","TGT×523, TTT×7, TTC×3"
778,nonsynonymous-only,0,1,7,783,"H×2, G×1, L×1, R×1, S×1, V×1","TTG×324, CGA×272, TCG×164, CAT×12, GGA×5, CAC×3, GTT×3"
779,nonsynonymous-only,0,1,5,548,"F×1, H×1, Q×1, R×1, Y×1","CAC×530, CGG×8, CAG×5, TAC×3, TTT×2"
780,nonsynonymous-only,0,1,7,734,"L×3, D×1, M×1, S×1, V×1","TTA×437, CTA×272, GAC×12, CTT×5, ATG×3, TCT×3, GTA×2"
781,nonsynonymous-only,0,1,7,301,"N×2, G×1, I×1, V×1, W×1, Y×1","AAC×272, GTT×12, TGG×8, GGC×3, TAC×3, ATT×2, AAT×1"
782,nonsynonymous-only,0,1,11,6580,"R×3, D×1, E×1, H×1, K×1, L×1, Q×1, S×1, Y×1","TCA×1544, CAA×1409, CGA×1230, AAA×843, GAA×839, CGT×395, CAT×165, AGA×150, GAT×2, TAT×2, CTA×1"
783,nonsynonymous-only,0,1,21,8420,"T×4, I×3, L×3, V×3, E×2, K×2, F×1, M×1, P×1, S×1","TCG×1544, ATG×1527, ACA×1408, CCA×1250, ACC×835, GTA×530, GTG×395, CTG×294, TTT×272, ATA×162, AAA×137, TTG×17, GTT×13, GAA×11, GAG×10, ATC×7, TTA×4, AAG×1, ACG×1, ACT×1, ATT×1"
784,nonsynonymous-only,0,1,21,8426,"L×4, G×3, S×3, V×2, D×1, E×1, F×1, K×1, N×1, P×1, Q×1, R×1, T×1","GAT×2090, GGA×1539, CTA×1411, GAA×1227, AGT×483, TCT×395, ACT×299, TTA×299, CAG×272, GGG×161, GTG×137, AGC×48, AAT×16, GGT×15, CTG×12, CTT×8, CCT×5, AGA×4, AAG×3, GTT×1, TTT×1"
785,nonsynonymous-only,0,1,17,8429,"A×3, I×2, T×2, V×2, D×1, E×1, F×1, K×1, L×1, M×1, N×1, S×1","ATT×3988, GAT×1240, ATG×916, GTC×837, ACG×486, CTT×299, ACT×294, GTT×285, ATC×59, AAG×7, GCA×5, AAC×4, GAA×3, GCT×2, TCT×2, GCC×1, TTT×1"
786,nonsynonymous-only,0,1,17,8435,"A×2, F×2, G×2, I×2, S×2, V×2, Y×2, N×1, P×1, T×1","ATT×2810, GTT×2389, GCT×1218, GTC×702, GGT×689, TTC×297, TCT×291, TAC×12, GCC×10, GGA×7, ATC×3, TTT×2, AAT×1, ACT×1, AGT×1, CCT×1, TAT×1"
787,nonsynonymous-only,0,1,17,6288,"E×2, G×2, I×2, L×2, T×2, A×1, C×1, K×1, Q×1, R×1, V×1, Y×1","TTA×2462, ACA×1680, GAA×1054, GTA×503, GAG×207, ATT×168, CAG×137, GCA×29, TTG×13, TAC×12, ATA×11, ACG×5, GGA×2, GGG×2, AAA×1, AGA×1, TGC×1"
788,nonsynonymous-only,0,1,17,4377,"L×3, I×2, S×2, A×1, F×1, K×1, M×1, N×1, Q×1, R×1, T×1, V×1, Y×1","CAA×1408, GTG×1250, ATC×845, ATG×672, GCT×137, CTT×14, AAC×12, TCT×11, AAA×8, ACC×6, ATA×3, TAT×3, TTG×3, AGC×2, CGG×1, CTA×1, TTT×1"
789,nonsynonymous-only,0,1,14,2961,"L×2, S×2, V×2, E×1, F×1, I×1, K×1, Q×1, R×1, T×1, W×1","GAA×1408, GTC×673, TCT×395, TGG×272, GTT×164, TCC×13, CGA×12, TTT×8, TTG×5, TTA×4, AAA×3, CAG×2, ACA×1, ATT×1"
790,nonsynonymous-only,0,1,8,1715,"I×2, V×2, L×1, M×1, N×1, Q×1","GTT×1407, ATA×277, ATG×20, ATT×4, TTG×3, AAT×2, CAG×1, GTA×1"
791,nonsynonymous-only,0,1,10,1706,"A×2, E×1, I×1, L×1, M×1, P×1, Q×1, R×1, W×1","CCT×1408, AGG×272, ATG×12, GCT×4, GAA×3, CAG×2, CTG×2, ATA×1, GCA×1, TGG×1"
792,nonsynonymous-only,0,1,6,303,"E×2, D×1, G×1, I×1, Y×1","GAC×272, GAA×15, TAT×8, GGA×5, GAG×2, ATC×1"
793,nonsynonymous-only,0,1,6,33,"S×2, K×1, L×1, N×1, R×1","AAA×14, CTA×8, AGA×7, AGT×2, AAT×1, AGC×1"
794,nonsynonymous-only,0,1,2,11,"N×1, Y×1","TAT×8, AAT×3"
797,nonsynonymous-only,0,1,2,33,"A×1, S×1","GCA×28, TCA×5"
798,nonsynonymous-only,0,1,4,42,"I×2, L×1, V×1","CTA×25, ATT×9, ATC×7, GTC×1"
799,nonsynonymous-only,0,1,10,2125,"V×2, A×1, C×1, E×1, G×1, I×1, N×1, S×1, T×1","ATT×1624, TGC×395, AGT×65, GCT×25, GGT×5, ACC×4, GTT×3, GAG×2, AAC×1, GTC×1"
800,nonsynonymous-only,0,1,15,5403,"G×2, N×2, Q×2, S×2, D×1, E×1, H×1, K×1, P×1, R×1, Y×1","TAT×1545, TCT×1408, CAT×1249, AGT×837, AAA×281, AAC×28, GAA×16, AGA×12, GAT×11, CAG×8, AAT×3, CCA×2, CAA×1, GGA×1, GGG×1"
801,nonsynonymous-only,0,1,18,6089,"T×3, A×2, I×2, V×2, C×1, E×1, F×1, L×1, M×1, N×1, P×1, R×1, S×1","ACT×1570, TGT×1406, GCG×1250, AAC×837, CTT×395, TCT×294, ATT×277, CCT×17, ATG×12, GAG×8, GTT×8, ACG×5, AGG×3, GCT×2, TTT×2, ACA×1, ATA×1, GTG×1"
802,nonsynonymous-only,0,1,14,6799,"D×2, E×2, K×2, N×2, A×1, G×1, H×1, I×1, S×1, Y×1","TAT×1544, CAT×1409, GAA×1270, AAT×1232, AGT×696, AAG×313, GGT×272, GAT×33, AAA×9, AAC×7, GCT×6, GAG×5, ATT×2, GAC×1"
803,nonsynonymous-only,0,1,20,6505,"S×3, C×2, D×2, F×2, L×2, T×2, G×1, H×1, I×1, P×1, R×1, V×1, Y×1","TTA×1544, TCT×1362, CTT×1263, ACC×837, TTT×580, TGC×395, GGT×272, CAT×168, TAT×25, TTC×15, ACT×12, GTT×8, TGT×8, CGT×6, CCC×3, GAT×2, TCC×2, ATT×1, GAC×1, TCA×1"
804,nonsynonymous-only,0,1,18,6321,"I×3, T×3, F×2, L×2, V×2, D×1, G×1, N×1, R×1, S×1, Y×1","ATT×2373, TTA×1250, ATA×975, ACC×840, ACT×530, TTT×295, ATC×14, CTT×13, TAC×12, GAT×6, GTA×3, TTC×3, TCC×2, AAT×1, ACA×1, AGA×1, GGC×1, GTT×1"
805,nonsynonymous-only,0,1,6,30,"E×1, I×1, K×1, L×1, M×1, Q×1","ATC×12, GAA×6, CTG×5, AAG×3, CAG×3, ATG×1"
806,nonsynonymous-only,0,1,6,310,"F×1, I×1, L×1, P×1, S×1, Y×1","CCT×284, TAT×11, TTA×6, TTC×5, TCT×3, ATT×1"
807,nonsynonymous-only,0,1,7,310,"L×2, D×1, F×1, I×1, R×1, T×1","TTA×272, ATC×12, CTA×11, CGG×8, ACC×3, TTC×3, GAT×1"
808,nonsynonymous-only,0,1,4,310,"N×2, D×1, E×1","AAT×275, AAC×18, GAT×9, GAA×8"
809,nonsynonymous-only,0,1,6,312,"D×1, E×1, H×1, I×1, N×1, Y×1","CAC×272, GAT×20, AAT×8, ATT×6, TAT×5, GAA×1"
810,nonsynonymous-only,0,1,7,301,"C×2, Y×2, L×1, R×1, S×1","TAT×272, AGA×12, TTA×6, TAC×4, TCA×4, TGT×2, TGC×1"
811,nonsynonymous-only,0,1,8,348,"L×3, A×1, E×1, R×1, S×1, W×1","TCA×272, CTA×52, TTA×9, TTG×7, GCA×3, TGG×3, AGA×1, GAA×1"
812,nonsynonymous-only,0,1,16,7880,"E×2, I×2, K×2, R×2, T×2, V×2, A×1, G×1, L×1, M×1","ATA×2082, AGA×1546, GTA×1093, ATG×985, ACG×795, GCT×395, GAA×361, AAG×294, AAA×273, ATT×23, AGG×12, ACA×8, GAG×6, CTA×3, GGA×3, GTG×1"
813,nonsynonymous-only,0,1,9,835,"K×2, D×1, F×1, L×1, Q×1, R×1, S×1, Y×1","TCG×475, GAC×272, TTG×55, AAA×15, AAG×8, TAC×5, TTT×3, AGG×1, CAG×1"
814,nonsynonymous-only,0,1,6,290,"T×2, C×1, E×1, K×1, L×1","ACG×185, ACA×87, GAA×8, AAG×5, TGT×3, TTA×2"
815,nonsynonymous-only,0,1,9,824,"R×3, I×2, H×1, K×1, S×1, V×1","CGC×393, ATT×275, CGT×82, CAT×55, AAA×8, ATC×4, AGT×3, CGG×3, GTC×1"
816,nonsynonymous-only,0,1,5,289,"G×1, I×1, L×1, Q×1, S×1","ATT×272, CAA×11, GGC×3, TTA×2, TCA×1"
817,nonsynonymous-only,0,1,6,285,"N×2, G×1, I×1, K×1, R×1","AAC×247, AAT×29, AGA×3, ATT×3, GGT×2, AAG×1"
823,nonsynonymous-only,0,1,4,1412,"Q×2, R×1, W×1","CGG×1403, TGG×5, CAG×3, CAA×1"
824,nonsynonymous-only,0,1,2,4,"K×1, R×1","AAA×3, AGG×1"
826,nonsynonymous-only,0,1,4,283,"L×2, Q×1, S×1","CAA×272, CTC×5, TCA×3, TTG×3"
827,nonsynonymous-only,0,1,7,3093,"L×3, F×1, P×1, Q×1, R×1","CCA×1545, TTA×1250, TTG×272, CTA×13, CAA×5, CGA×5, TTC×3"
828,nonsynonymous-only,0,1,7,1826,"R×2, L×1, Q×1, S×1, W×1, Y×1","AGA×1544, CTT×272, CAG×3, TAT×3, TCT×2, CGA×1, TGG×1"
830,nonsynonymous-only,0,1,10,3785,"F×2, L×2, P×2, V×2, A×1, I×1","GTC×1832, CTT×829, GTT×513, CTC×407, TTT×169, CCC×13, ATC×10, CCT×8, GCC×2, TTC×2"
831,nonsynonymous-only,0,1,7,420,"G×2, L×2, E×1, K×1, Y×1","TAT×398, AAA×13, GGG×4, GAG×2, CTG×1, GGA×1, TTG×1"
832,nonsynonymous-only,0,1,10,1969,"E×2, V×2, F×1, G×1, I×1, K×1, N×1, T×1","AAA×845, GTG×530, ACA×408, GGG×159, AAT×12, GAG×6, GAA×4, ATA×2, TTT×2, GTC×1"
833,nonsynonymous-only,0,1,11,1969,"I×2, D×1, F×1, G×1, H×1, M×1, N×1, Q×1, R×1, S×1","ATC×1002, GAC×527, ATG×395, ATT×13, CGG×12, AAT×5, GGC×5, AGC×4, CAG×3, CAC×2, TTC×1"
834,nonsynonymous-only,0,1,5,23,"L×2, D×1, F×1, R×1","TTA×12, TTG×5, GAT×3, TTT×2, CGC×1"
835,nonsynonymous-only,0,1,4,22,"C×1, F×1, N×1, Q×1","TTT×12, AAT×5, CAA×3, TGT×2"
836,nonsynonymous-only,0,1,3,22,"F×1, M×1, T×1","ACA×15, ATG×5, TTT×2"
837,nonsynonymous-only,0,1,4,22,"S×2, K×1, T×1","AAG×12, ACA×5, AGT×3, TCA×2"
838,nonsynonymous-only,0,1,3,10,"G×2, R×1","GGG×5, GGA×3, AGA×2"
839,nonsynonymous-only,0,1,4,22,"F×1, L×1, R×1, S×1","TCC×12, CTT×5, TTC×3, CGT×2"
840,nonsynonymous-only,0,1,3,19,"F×1, I×1, L×1","TTT×12, ATA×5, CTA×2"
841,nonsynonymous-only,0,1,2,5,"A×1, D×1","GAT×4, GCT×1"
845,nonsynonymous-only,0,1,7,1242,"L×3, K×2, E×1, W×1","TGG×837, TTG×395, AAA×4, CTC×3, AAG×1, GAG×1, TTA×1"
846,nonsynonymous-only,0,1,11,3372,"F×2, L×2, S×2, A×1, P×1, Q×1, R×1, V×1","CCC×1544, CTT×849, GTC×395, CGA×294, TTC×272, TTT×5, GCC×4, TCC×4, TCT×3, CAA×1, CTC×1"
847,nonsynonymous-only,0,1,9,2537,"K×2, R×2, V×2, A×1, I×1, S×1","GTA×1544, CGA×395, GTG×294, AAG×272, ATT×14, AGA×9, AAA×5, TCA×3, GCA×1"
848,nonsynonymous-only,0,1,12,4749,"R×4, H×2, C×1, D×1, I×1, K×1, P×1, Q×1","CGT×2221, CAT×1138, CGA×508, CAA×316, ATA×272, CGC×154, CCT×112, AAA×9, TGT×7, GAT×5, CAC×4, AGA×3"
849,nonsynonymous-only,0,1,13,3375,"F×2, L×2, C×1, D×1, E×1, G×1, K×1, Q×1, R×1, S×1, W×1","TTG×1544, GAA×837, GAC×395, TTC×294, CGA×272, GGG×12, CTG×8, TGG×5, AAG×3, TGT×2, CAG×1, TCG×1, TTT×1"
850,nonsynonymous-only,0,1,9,3092,"K×2, S×2, H×1, N×1, Q×1, R×1, Y×1","AAA×1257, AGA×1131, AAG×401, AAC×284, AGC×8, CAA×4, AGT×3, CAC×2, TAC×2"
851,nonsynonymous-only,0,1,11,4326,"C×2, F×1, H×1, I×1, L×1, M×1, Q×1, S×1, W×1, Y×1","TTT×1939, TGG×1221, TGT×530, CTA×294, TAT×294, CAA×39, TCT×3, TGC×3, ATG×1, ATT×1, CAC×1"
852,nonsynonymous-only,0,1,7,3369,"K×1, L×1, P×1, Q×1, R×1, S×1, T×1","TCA×1504, CCA×1022, CTA×514, ACA×297, CAA×17, AGA×12, AAA×3"
853,nonsynonymous-only,0,1,5,24,"Y×2, D×1, K×1, N×1","AAG×8, GAT×6, TAT×6, AAT×3, TAC×1"
854,nonsynonymous-only,0,1,7,1363,"R×3, E×1, K×1, L×1, P×1","AGA×829, CGA×506, AAA×10, AGG×6, CCT×6, CTG×3, GAA×3"
855,nonsynonymous-only,0,1,4,1765,"F×1, L×1, M×1, S×1","TTG×827, TCG×530, ATG×395, TTT×13"
856,nonsynonymous-only,0,1,5,1774,"F×1, N×1, P×1, T×1, Y×1","CCT×1232, AAT×530, TTT×6, ACT×3, TAT×3"
857,nonsynonymous-only,0,1,5,1774,"L×3, F×1, S×1","TTT×837, TTA×533, TCG×395, CTA×6, CTC×3"
858,nonsynonymous-only,0,1,6,1774,"G×1, H×1, N×1, Q×1, S×1, Y×1","CAG×837, TAC×530, GGG×395, CAC×6, AAC×3, TCA×3"
859,nonsynonymous-only,0,1,5,1241,"A×1, I×1, P×1, T×1, V×1","ACA×837, GCG×394, ATA×6, GTG×3, CCG×1"
860,synonymous-only,1,0,2,9,S×2,"TCA×6, TCG×3"
861,nonsynonymous-only,0,1,2,9,"L×1, P×1","CTT×6, CCT×3"
862,nonsynonymous-only,0,1,10,3649,"S×3, L×2, P×2, H×1, M×1, R×1","CCC×1530, CGC×1239, TTG×627, TCG×210, CAC×18, AGT×8, AGC×7, CTG×6, CCT×3, ATG×1"
863,nonsynonymous-only,0,1,8,3946,"A×2, T×2, I×1, K×1, L×1, V×1","ATT×1541, AAG×1250, GCA×833, ACG×294, GTA×12, ACT×10, CTT×3, GCC×3"
864,nonsynonymous-only,0,1,7,2935,"C×2, D×1, K×1, M×1, Q×1, R×1","ATG×1544, CAA×837, CGA×530, AAA×12, TGT×8, TGC×3, GAC×1"
865,nonsynonymous-only,0,1,11,4378,"I×3, V×2, A×1, F×1, G×1, K×1, L×1, R×1","AAA×2087, TTG×1544, GCG×383, AGG×294, ATT×37, GTG×12, ATC×8, ATA×6, GTA×3, TTT×3, GGG×1"
866,nonsynonymous-only,0,1,11,4645,"E×2, K×2, N×2, R×2, I×1, P×1, T×1","AAG×3093, AAT×689, CCA×530, AGA×272, AGG×25, AAA×18, ACA×8, GAA×4, GAG×3, AAC×2, ATA×1"
867,nonsynonymous-only,0,1,15,3929,"S×3, H×2, T×2, C×1, G×1, I×1, K×1, L×1, N×1, V×1, Y×1","AAA×1544, AAT×626, TAT×544, CAC×395, AGC×291, GTA×272, AGT×214, TGC×12, ACT×7, TCG×6, GGA×5, TTA×5, ATA×3, CAT×3, ACA×2"
868,nonsynonymous-only,0,1,10,4339,"L×3, S×2, F×1, P×1, T×1, V×1, W×1","TTG×3090, TTA×551, TCG×396, TTT×272, TCA×15, CTG×6, CCT×3, TGG×3, GTG×2, ACG×1"
869,nonsynonymous-only,0,1,16,3961,"I×2, K×2, R×2, F×1, G×1, L×1, M×1, N×1, P×1, Q×1, S×1, T×1, V×1","CGA×1510, CCA×840, ATG×533, GTG×395, TTA×299, ACG×272, CAA×34, AAT×25, ATA×14, AAG×13, GGG×8, AAA×6, ATT×6, AGG×3, AGT×2, TTT×1"
870,nonsynonymous-only,0,1,7,2839,"I×2, A×1, F×1, L×1, S×1, V×1","ATT×1886, TTT×541, CTT×395, ATC×6, GTT×5, GCT×4, TCG×2"
872,nonsynonymous-only,0,1,9,1262,"L×3, C×1, F×1, H×1, I×1, R×1, V×1","TGC×696, ATT×538, TTC×12, CAC×5, CTT×3, GTC×3, TTG×3, CGT×1, CTC×1"
873,nonsynonymous-only,0,1,8,854,"L×2, C×1, D×1, E×1, F×1, G×1, Y×1","TGT×530, TAC×299, TTT×8, TTG×5, GAA×3, GAT×3, GGA×3, TTA×3"
874,nonsynonymous-only,0,1,9,2079,"S×3, I×2, F×1, M×1, N×1, T×1","ATA×837, TCA×530, AAT×395, TTT×299, ATG×5, ATC×4, ACA×3, AGT×3, TCG×3"
875,nonsynonymous-only,0,1,10,2245,"K×2, I×1, L×1, M×1, Q×1, R×1, S×1, T×1, V×1","ATG×844, ATA×531, TCG×395, GTA×299, AGA×165, AAA×3, CTG×3, AAG×2, CAG×2, ACG×1"
876,nonsynonymous-only,0,1,9,1249,"L×2, R×2, C×1, D×1, H×1, K×1, Q×1","CAT×837, CGA×395, AAG×4, CAA×3, GAT×3, TTG×3, TGC×2, AGA×1, CTC×1"
877,nonsynonymous-only,0,1,8,2248,"I×2, T×2, F×1, K×1, L×1, V×1","TTT×1672, ATT×395, GTT×168, AAG×5, ACT×3, ACA×2, CTA×2, ATA×1"
878,nonsynonymous-only,0,1,9,1847,"F×1, G×1, I×1, L×1, P×1, R×1, S×1, T×1, V×1","ACA×837, GGA×530, TTT×303, GTG×167, CCA×3, TTG×3, ATA×2, AGC×1, AGG×1"
879,nonsynonymous-only,0,1,9,1315,"S×2, H×1, K×1, M×1, P×1, Q×1, R×1, Y×1","CCA×836, ATG×301, CGA×161, CAA×8, AGT×3, TAT×3, AAA×1, CAT×1, TCG×1"
880,nonsynonymous-only,0,1,13,1834,"R×2, S×2, T×2, C×1, E×1, I×1, L×1, N×1, P×1, W×1","AAT×837, AGT×531, ACG×272, TCG×165, CTC×8, ACA×6, GAG×5, ATT×3, AGG×2, CCG×2, CGA×1, TGC×1, TGG×1"
881,nonsynonymous-only,0,1,13,2534,"L×3, K×2, Y×2, F×1, G×1, N×1, S×1, T×1, V×1","TAC×826, AGC×696, AAC×396, GTC×299, TTT×272, TAT×21, TTA×8, CTG×6, AAA×3, TTG×3, AAG×2, ACC×1, GGA×1"
882,nonsynonymous-only,0,1,8,2545,"L×3, R×2, F×1, Q×1, V×1","CGA×832, CTA×791, TTG×400, TTA×328, GTA×165, CAA×15, TTC×8, CGC×6"
883,nonsynonymous-only,0,1,11,2091,"K×2, L×2, D×1, E×1, F×1, H×1, P×1, Q×1, S×1","CAG×837, TCA×534, CAT×395, CCT×299, GAA×8, AAA×6, TTA×5, AAG×3, TTT×2, CTT×1, GAT×1"
884,nonsynonymous-only,0,1,11,1153,"A×2, I×2, T×2, K×1, L×1, M×1, Q×1, R×1","GCA×831, CAA×270, AGA×20, ATG×11, ACA×6, ATA×5, ATT×4, AAA×2, CTA×2, ACT×1, GCT×1"
891,nonsynonymous-only,0,1,7,1683,"A×2, V×2, I×1, L×1, S×1","ATT×838, GCT×529, TTG×299, GTT×13, GCC×2, GTC×1, TCT×1"
892,nonsynonymous-only,0,1,5,1381,"C×1, L×1, P×1, Q×1, W×1","TGC×837, TGG×529, TTG×13, CAG×1, CCT×1"
893,nonsynonymous-only,0,1,8,2081,"K×2, R×2, E×1, I×1, Q×1, T×1","AAG×1536, AAA×395, AGG×131, ATT×13, CGG×3, ACG×1, CAA×1, GAG×1"
894,nonsynonymous-only,0,1,7,2081,"V×2, I×1, L×1, M×1, N×1, T×1","CTG×837, ATT×531, GTG×395, GTA×302, ACT×13, ATG×2, AAC×1"
895,nonsynonymous-only,0,1,6,2081,"L×2, C×1, F×1, T×1, Y×1","TTT×1670, ACT×395, TAT×13, CTT×1, TGT×1, TTA×1"
896,nonsynonymous-only,0,1,8,2080,"T×2, E×1, F×1, H×1, I×1, M×1, N×1","ACG×836, ATA×531, ATG×398, CAT×299, GAA×13, AAC×1, ACA×1, TTT×1"
897,nonsynonymous-only,0,1,7,1781,"Q×2, E×1, I×1, K×1, M×1, V×1","ATA×833, AAA×534, ATG×395, GAA×13, GTA×4, CAA×1, CAG×1"
898,nonsynonymous-only,0,1,10,2080,"K×2, L×2, Q×2, I×1, P×1, S×1, T×1","ACC×595, AAG×531, TCA×394, CAA×299, ATC×242, AAA×13, CAG×3, CCA×1, CTT×1, TTA×1"
899,nonsynonymous-only,0,1,5,2076,"Q×2, K×1, L×1, N×1","CAG×1136, AAG×531, CTC×395, AAT×13, CAA×1"
900,nonsynonymous-only,0,1,8,2077,"I×2, P×2, K×1, L×1, M×1, T×1","AAA×837, ATG×526, CCG×395, CTT×292, ATT×13, CCT×7, ATA×6, ACA×1"
901,nonsynonymous-only,0,1,8,2077,"I×2, L×2, S×2, G×1, M×1","ATA×837, ATC×531, CTA×395, TCA×271, TTA×22, GGT×13, TCG×7, ATG×1"
902,nonsynonymous-only,0,1,7,1778,"L×3, P×2, F×1, V×1","CTG×1106, TTC×395, CCG×268, CCC×5, CTA×2, GTG×1, TTA×1"
903,nonsynonymous-only,0,1,6,2077,"H×1, I×1, N×1, P×1, Q×1, T×1","AAT×838, ACT×459, CCC×395, CAT×299, ATT×85, CAG×1"
906,nonsynonymous-only,0,1,14,1024,"P×2, S×2, A×1, D×1, E×1, G×1, H×1, N×1, R×1, T×1, W×1, Y×1","AGT×394, AGC×301, CCT×273, AAT×13, TAC×12, TGG×8, GGT×7, ACT×4, CCC×3, CAT×2, GAG×2, GAT×2, GCT×2, CGT×1"
907,nonsynonymous-only,0,1,8,1008,"K×2, Q×2, G×1, L×1, R×1, S×1","TCA×395, CAA×273, GGA×270, AGA×29, AAA×15, TTA×14, AAG×10, CAG×2"
908,nonsynonymous-only,0,1,9,702,"N×2, A×1, E×1, G×1, K×1, L×1, Q×1, T×1","AAT×403, GCG×272, GAA×12, GGT×5, AAC×4, CAA×2, CTA×2, AAA×1, ACT×1"
909,synonymous-only,1,0,2,396,L×2,"TTA×395, CTA×1"
910,nonsynonymous-only,0,1,7,1777,"I×2, A×1, L×1, M×1, T×1, V×1","ACA×838, GCG×407, ATA×395, ATG×108, GTG×15, TTA×13, ATT×1"
911,nonsynonymous-only,0,1,5,1777,"A×1, I×1, T×1, V×1, Y×1","ATT×839, GTT×529, ACT×395, TAT×13, GCT×1"
912,nonsynonymous-only,0,1,8,1782,"S×4, P×2, E×1, T×1","TCA×897, GAG×395, TCC×320, CCA×125, TCT×39, ACA×3, TCG×2, CCT×1"
913,nonsynonymous-only,0,1,6,1783,"G×4, E×1, S×1","GGG×837, GGC×521, GAA×398, GGA×21, AGC×4, GGT×2"
914,nonsynonymous-only,0,1,4,943,"K×2, I×1, T×1","AAA×544, ACT×395, ATA×3, AAG×1"
918,nonsynonymous-only,0,1,6,1770,"Y×2, F×1, H×1, L×1, S×1","TTT×1232, TAC×529, CTT×3, TAT×3, TCC×2, CAT×1"
919,nonsynonymous-only,0,1,6,1696,"L×2, C×1, E×1, P×1, V×1","TGC×763, CTG×529, GAA×398, CCC×3, CTA×2, GTT×1"
920,nonsynonymous-only,0,1,4,1783,"K×2, E×1, T×1","AAA×926, GAA×841, AAG×13, ACA×3"
921,nonsynonymous-only,0,1,7,1783,"F×2, D×1, I×1, L×1, S×1, Y×1","TTA×837, TTC×531, ATC×395, TAT×13, GAT×3, TTT×3, TCA×1"
922,nonsynonymous-only,0,1,3,409,"I×1, S×1, T×1","AGC×395, ATA×13, ACA×1"
923,nonsynonymous-only,0,1,2,396,"F×1, S×1","TTT×395, AGC×1"
924,nonsynonymous-only,0,1,14,4749,"I×2, N×2, R×2, S×2, T×2, D×1, G×1, H×1, Y×1","CAT×1408, AAT×1243, AGA×837, AAC×556, GGA×395, AGC×277, ATC×13, AGT×8, ACC×3, AGG×3, ACA×2, TAC×2, ATT×1, GAT×1"
925,nonsynonymous-only,0,1,15,6296,"K×2, N×2, V×2, D×1, E×1, F×1, I×1, M×1, Q×1, R×1, T×1, Y×1","TAT×1941, GAT×1416, CGT×1225, TTC×837, AAT×569, AAG×272, ATT×14, GAA×8, GTG×5, AAA×3, ATG×2, AAC×1, ACC×1, CAG×1, GTT×1"
926,nonsynonymous-only,0,1,14,6015,"L×3, F×2, P×2, G×1, I×1, K×1, N×1, S×1, W×1, Y×1","TTC×2775, TTG×1285, TTA×1234, AAT×398, TGG×295, GGT×13, CCT×3, TAT×3, AAA×2, TCA×2, TTT×2, ATC×1, CCG×1, CTA×1"
927,nonsynonymous-only,0,1,16,8135,"I×2, K×2, N×2, S×2, T×2, A×1, C×1, E×1, F×1, L×1, V×1","ATT×1757, ACA×1707, AAT×1546, AAG×1545, AAC×842, AAA×409, AGT×272, GTC×23, TGT×12, TTA×8, AGC×4, ATC×3, GAA×3, TTC×2, ACG×1, GCT×1"
928,nonsynonymous-only,0,1,12,3809,"K×2, N×2, S×2, A×1, D×1, E×1, I×1, M×1, T×1","ACA×1410, AAT×841, ATT×574, AAA×534, ATG×395, GAA×22, AAC×13, GAT×8, AAG×5, AGT×3, GCT×3, AGC×1"
929,nonsynonymous-only,0,1,13,3539,"Q×2, R×2, C×1, D×1, E×1, G×1, H×1, K×1, N×1, S×1, Y×1","GAA×2247, AGA×530, AAA×397, CAA×323, GGA×15, TAT×11, CAG×5, AGC×3, CGC×3, CAT×2, AAT×1, GAC×1, TGT×1"
930,nonsynonymous-only,0,1,15,2376,"N×2, R×2, S×2, Y×2, C×1, F×1, G×1, L×1, P×1, T×1, W×1","TCT×837, TGT×498, TTT×395, CGT×299, CGC×272, GGT×31, AGT×15, CTA×8, TAC×5, TAT×4, AAC×3, AAT×3, TGG×3, ACT×2, CCT×1"
931,nonsynonymous-only,0,1,14,1682,"A×2, I×2, V×2, D×1, E×1, F×1, G×1, L×1, M×1, T×1, Y×1","ATT×832, GTG×417, GCT×272, ATG×112, TTT×14, GGA×13, GAT×8, GCG×3, TAT×3, GAA×2, GTA×2, TTG×2, ACG×1, ATC×1"
932,nonsynonymous-only,0,1,9,1128,"R×2, F×1, G×1, I×1, K×1, L×1, S×1, V×1","AGC×837, AAG×272, AGG×5, AGA×3, CTC×3, TTT×3, ATC×2, GTT×2, GGG×1"
933,nonsynonymous-only,0,1,9,1128,"K×2, V×2, E×1, I×1, N×1, P×1, T×1","ACC×837, ATT×272, AAA×6, AAG×4, CCT×3, GTC×2, GTT×2, AAT×1, GAG×1"
934,nonsynonymous-only,0,1,7,1125,"R×2, K×1, L×1, S×1, T×1, W×1","TGG×837, AGC×272, ACG×5, AAG×4, CGA×3, AGA×2, TTA×2"
935,nonsynonymous-only,0,1,2,837,"D×1, N×1","AAT×836, GAT×1"
936,nonsynonymous-only,0,1,2,837,"C×1, R×1","TGC×834, CGC×3"
938,nonsynonymous-only,0,1,5,287,"L×2, A×1, K×1, R×1","TTG×272, CGG×5, TTA×4, AAA×3, GCT×3"
939,nonsynonymous-only,0,1,5,1166,"E×1, G×1, L×1, Q×1, R×1","CGA×1103, CAA×54, GAA×5, GGA×3, TTG×1"
940,nonsynonymous-only,0,1,11,1666,"I×2, C×1, F×1, H×1, K×1, L×1, M×1, N×1, S×1, V×1","TGC×836, TCT×395, TTT×311, AAT×47, ATG×26, ATT×24, ATC×13, AAA×8, GTA×3, CAC×2, CTC×1"
941,nonsynonymous-only,0,1,13,1688,"D×2, I×2, A×1, F×1, G×1, K×1, L×1, N×1, S×1, T×1, V×1","ACT×837, GAT×407, GTT×300, TTA×46, ATT×37, GAC×25, ATC×17, GCT×10, AAC×3, AGT×3, AAA×1, GGC×1, TTT×1"
942,nonsynonymous-only,0,1,17,6823,"L×5, F×2, I×2, S×2, T×2, V×2, P×1, Y×1","TTT×2100, ATT×1544, ACT×1251, TTC×835, CCT×694, TCG×274, TTG×49, ATC×46, TTA×11, CTC×6, GTC×3, TAT×3, TCC×3, ACC×1, CTA×1, CTT×1, GTT×1"
943,nonsynonymous-only,0,1,7,59,"T×3, G×1, K×1, M×1, S×1","ACT×25, TCA×12, ACA×11, AAG×8, ACC×1, ATG×1, GGT×1"
944,nonsynonymous-only,0,1,6,46,"R×2, D×1, L×1, M×1, T×1","TTG×25, ACG×9, GAT×5, ATG×3, AGA×2, AGG×2"
945,nonsynonymous-only,0,1,4,33,"G×2, K×1, R×1","AGA×25, GGT×5, GGG×2, AAA×1"
946,nonsynonymous-only,0,1,5,36,"L×2, P×1, Q×1, W×1","CAA×25, CCG×5, CTG×3, TGG×2, TTA×1"
947,nonsynonymous-only,0,1,3,33,"F×1, H×1, L×1","CAT×25, TTG×5, TTT×3"
948,synonymous-only,1,0,2,8,L×2,"CTA×5, CTT×3"
949,nonsynonymous-only,0,1,2,8,"F×1, Y×1","TTT×5, TAT×3"
950,nonsynonymous-only,0,1,2,8,"G×1, S×1","AGT×5, GGA×3"
951,nonsynonymous-only,0,1,2,8,"M×1, V×1","GTA×5, ATG×3"
952,nonsynonymous-only,0,1,2,3,"A×1, D×1","GAC×2, GCC×1"
953,nonsynonymous-only,0,1,2,28,"F×1, L×1","TTA×25, TTC×3"
954,nonsynonymous-only,0,1,4,167,"G×1, P×1, R×1, T×1","ACA×138, CGT×25, CCT×3, GGT×1"
955,nonsynonymous-only,0,1,16,6768,"R×3, E×2, H×2, L×2, C×1, F×1, G×1, N×1, Q×1, S×1, V×1","CAT×1544, CGC×1408, CAA×1300, CTA×837, CGT×531, GGA×395, GAA×302, AGA×294, GAG×137, TCA×11, TTC×3, TTA×2, AAC×1, CAC×1, GTA×1, TGC×1"
956,nonsynonymous-only,0,1,20,8233,"I×3, E×2, G×2, K×2, N×2, R×2, S×2, A×1, D×1, H×1, L×1, T×1","AAA×3175, CAT×1544, AGG×1408, ATA×849, AGA×532, AGT×299, GAA×294, GGG×46, AGC×30, AAT×15, ATC×12, GAG×11, AAC×5, GCA×3, GGA×3, ACA×2, ATT×2, AAG×1, CTT×1, GAC×1"
957,nonsynonymous-only,0,1,13,4304,"R×3, Q×2, Y×2, C×1, E×1, F×1, L×1, V×1, W×1","CAA×1385, AGG×1225, AGA×396, CAG×305, CGA×296, TTT×272, TGG×182, TAT×160, TAC×46, TGT×33, CTA×2, GAG×1, GTG×1"
958,nonsynonymous-only,0,1,18,5705,"L×4, S×3, G×2, K×2, F×1, I×1, P×1, Q×1, R×1, T×1, W×1","CCA×2652, TCA×2370, AGA×398, AGC×165, CAA×55, TTG×25, AAG×12, TGG×8, CTA×5, AAA×4, ATA×2, CTG×2, GGG×2, ACG×1, GGA×1, TCG×1, TTA×1, TTT×1"
959,nonsynonymous-only,0,1,15,5415,"E×2, I×2, N×2, S×2, D×1, G×1, H×1, K×1, Q×1, R×1, T×1","AAT×2643, ATC×1409, AAC×659, AAA×317, AGT×295, ATT×47, CAC×13, AGC×11, GGA×8, AGA×3, GAT×3, CAA×2, GAA×2, GAG×2, ACA×1"
960,nonsynonymous-only,0,1,14,4082,"D×2, I×2, K×2, C×1, E×1, F×1, H×1, N×1, R×1, S×1, Y×1","TGT×1224, AGA×740, AAA×675, GAT×533, CAT×395, AAT×338, AAG×136, ATT×25, TAT×6, GAC×4, GAG×3, AGT×1, ATA×1, TTT×1"
961,nonsynonymous-only,0,1,7,1003,"F×2, A×1, I×1, L×1, S×1, Y×1","TAT×556, TTC×285, ATT×140, TTT×13, GCG×5, AGC×2, TTA×2"
962,nonsynonymous-only,0,1,12,865,"I×2, L×2, P×2, V×2, K×1, M×1, S×1, T×1","GTC×532, CCG×272, CTA×28, AAA×12, ATA×9, CCA×4, CTG×2, GTA×2, ACC×1, ATC×1, ATG×1, TCA×1"
963,nonsynonymous-only,0,1,11,872,"L×2, E×1, K×1, M×1, P×1, Q×1, R×1, S×1, T×1, V×1","CCA×529, AAA×282, GAG×28, CAA×12, CTG×6, ACA×5, TTA×3, AGA×2, GTG×2, TCA×2, ATG×1"
964,nonsynonymous-only,0,1,2,5,"N×1, S×1","AAC×4, AGC×1"
965,nonsynonymous-only,0,1,2,5,"R×1, W×1","AGG×4, TGG×1"
968,nonsynonymous-only,0,1,5,822,"E×2, A×1, K×1, Q×1","AAA×531, GCA×272, GAG×13, GAA×5, CAG×1"
969,nonsynonymous-only,0,1,5,827,"I×3, E×1, Y×1","ATC×537, TAC×272, ATA×14, ATT×3, GAG×1"
970,nonsynonymous-only,0,1,6,824,"D×1, E×1, K×1, L×1, N×1, Y×1","GAC×531, CTT×272, AAT×13, TAT×5, GAG×2, AAG×1"
971,nonsynonymous-only,0,1,8,1237,"D×1, E×1, F×1, I×1, K×1, N×1, Q×1, R×1","AAT×803, GAT×395, CAG×13, AGG×12, AAG×6, GAG×5, TTT×2, ATA×1"
972,nonsynonymous-only,0,1,10,1234,"L×2, S×2, F×1, I×1, P×1, T×1, W×1, Y×1","TTT×531, TCT×395, TGG×272, TAT×13, TCC×12, TTA×4, CCA×3, ATT×2, ACA×1, CTA×1"
973,nonsynonymous-only,0,1,4,1945,"Q×2, P×1, Y×1","CAA×1104, CCA×837, TAT×3, CAG×1"
974,nonsynonymous-only,0,1,11,1436,"R×2, D×1, E×1, F×1, G×1, H×1, K×1, T×1, W×1, Y×1","AAA×840, AGA×395, ACA×158, GGA×14, TGG×12, GAC×5, TAT×4, TTT×3, CGG×2, GAA×2, CAT×1"
975,nonsynonymous-only,0,1,11,2239,"T×2, V×2, E×1, F×1, I×1, K×1, Q×1, R×1, S×1","ACA×953, ATA×415, AGT×395, AGG×272, GTC×167, AAA×13, CAG×12, ACG×5, GTT×4, GAA×2, TTC×1"
976,nonsynonymous-only,0,1,9,2080,"N×2, S×2, D×1, I×1, K×1, V×1, Y×1","AAA×1369, AAC×395, AGT×272, ATA×13, GTT×12, GAT×8, AGC×5, AAT×3, TAC×3"
977,nonsynonymous-only,0,1,12,2077,"S×3, L×2, H×1, I×1, K×1, P×1, R×1, T×1, V×1","CCT×1334, GTT×395, TTA×285, CTT×22, ACT×19, TCC×8, AAA×5, AGT×3, CAT×2, TCT×2, ATT×1, CGT×1"
978,nonsynonymous-only,0,1,10,2077,"I×2, L×2, S×2, M×1, N×1, R×1, T×1","CTG×837, ATG×531, ACG×395, TCT×272, TTG×13, ATC×12, TCG×8, AAC×5, CGG×3, ATT×1"
979,nonsynonymous-only,0,1,12,1685,"I×3, A×1, D×1, F×1, K×1, L×1, N×1, S×1, T×1, V×1","GCT×527, ATA×430, ACA×407, GTC×272, AAT×13, TCC×12, TTT×8, CTT×5, GAT×4, AAA×3, ATT×3, ATC×1"
980,nonsynonymous-only,0,1,8,1149,"L×2, R×2, G×1, Q×1, S×1, W×1","TTG×835, AGG×284, CAA×13, AGT×8, CGT×4, GGT×3, TGG×1, TTA×1"
981,nonsynonymous-only,0,1,7,1668,"L×2, F×1, Q×1, R×1, S×1, T×1","TTA×836, TTG×534, AGG×273, CAA×13, ACA×8, TTC×3, TCA×1"
982,nonsynonymous-only,0,1,9,2359,"Q×2, E×1, G×1, K×1, L×1, N×1, R×1, W×1","AAG×836, CAG×664, GAA×536, AGA×272, CAA×36, GGA×8, TGG×3, TTA×3, AAT×1"
984,nonsynonymous-only,0,1,10,2385,"G×2, I×2, K×2, Q×1, S×1, T×1, V×1","CAA×837, AAG×668, AGT×531, AAA×307, ATT×13, ACG×12, ATA×11, GTC×3, GGT×2, GGG×1"
985,nonsynonymous-only,0,1,13,2385,"G×3, T×2, D×1, E×1, I×1, N×1, P×1, Q×1, R×1, V×1","GAA×837, GGG×528, GGA×395, ACA×287, GAT×281, GGT×21, ACG×13, CCA×8, AGA×5, AAT×3, CAA×3, GTA×3, ATA×1"
986,nonsynonymous-only,0,1,15,2394,"A×3, T×3, R×2, C×1, E×1, H×1, K×1, L×1, P×1, S×1","GCC×839, ACA×813, AAA×396, ACG×280, TCA×21, CAC×13, AGA×8, CCA×8, TGT×5, CTT×3, GCA×3, GAA×2, ACT×1, AGG×1, GCT×1"
987,nonsynonymous-only,0,1,12,2385,"S×3, G×2, N×2, D×1, I×1, R×1, T×1, Y×1","AGC×865, AGA×395, GGT×360, TAT×273, AAC×192, GGC×171, AAT×82, AGT×28, GAT×8, TCT×7, ACC×3, ATT×1"
988,nonsynonymous-only,0,1,3,17,"L×1, R×1, T×1","CGA×13, ACA×3, TTG×1"
989,nonsynonymous-only,0,1,2,16,"L×1, R×1","CTT×13, AGA×3"
990,nonsynonymous-only,0,1,6,1390,"I×2, H×1, L×1, N×1, Y×1","CAC×787, ATC×534, TAC×53, CTC×13, AAT×2, ATT×1"
991,nonsynonymous-only,0,1,4,547,"C×1, D×1, H×1, Y×1","TAC×531, GAC×13, CAT×2, TGT×1"
992,nonsynonymous-only,0,1,5,1387,"L×2, N×1, P×1, R×1","CGT×837, CCT×531, AAT×13, CTC×3, CTT×3"
993,nonsynonymous-only,0,1,3,1387,"D×1, H×1, Y×1","TAT×839, GAT×547, CAT×1"
994,nonsynonymous-only,0,1,3,851,"D×1, Q×1, W×1","GAC×837, TGG×13, CAG×1"
995,nonsynonymous-only,0,1,3,15,"Q×2, L×1","CTA×13, CAA×1, CAG×1"
996,nonsynonymous-only,0,1,3,826,"E×1, L×1, R×1","CGA×822, GAA×3, TTA×1"
997,nonsynonymous-only,0,1,4,864,"F×1, H×1, I×1, N×1","AAC×837, ATC×23, CAC×3, TTC×1"
998,nonsynonymous-only,0,1,4,864,"T×2, F×1, I×1","ATT×837, ACC×23, ACT×3, TTC×1"
999,nonsynonymous-only,0,1,3,861,"N×1, R×1, V×1","AGA×837, GTT×23, AAT×1"
1000,nonsynonymous-only,0,1,2,837,"C×1, Y×1","TGC×832, TAC×5"
1001,nonsynonymous-only,0,1,4,874,"C×1, F×1, I×1, Y×1","TTC×837, ATC×23, TGT×13, TAT×1"
1002,nonsynonymous-only,0,1,11,1192,"C×2, F×2, I×2, Y×2, G×1, N×1, R×1","CGC×836, TAT×279, TGT×24, TTT×15, TTC×13, AAT×8, ATT×6, ATC×3, TAC×3, TGC×3, GGA×2"
1003,nonsynonymous-only,0,1,10,1168,"C×2, R×2, E×1, L×1, M×1, N×1, P×1, S×1","GAA×835, TGC×292, CCA×14, CGA×6, AAT×5, TGT×5, AGC×3, ATG×3, CGC×3, CTT×2"
1004,nonsynonymous-only,0,1,14,6622,"G×2, K×2, Q×2, R×2, S×2, C×1, E×1, W×1, Y×1","AGA×2087, GAA×1542, CGA×1408, CAA×1233, CAG×283, GGA×26, AAA×20, TCG×12, AAG×4, TAT×3, AGT×1, GGG×1, TGG×1, TGT×1"
1005,nonsynonymous-only,0,1,15,3802,"D×2, G×2, I×2, K×2, S×2, C×1, F×1, N×1, T×1, Y×1","AGT×1408, GAT×1225, AAA×836, AGC×297, ATT×11, ATA×6, TAC×5, TGC×3, AAC×2, AAG×2, ACC×2, GGT×2, GAC×1, GGC×1, TTT×1"
1006,nonsynonymous-only,0,1,10,1163,"A×1, F×1, H×1, I×1, L×1, N×1, P×1, Q×1, T×1, Y×1","CCT×836, AAT×272, TTT×20, CAA×13, ATT×10, TTG×6, CAT×2, TAT×2, ACT×1, GCT×1"
1007,nonsynonymous-only,0,1,3,8,"F×1, S×1, T×1","ACA×4, TTT×3, TCA×1"
1008,nonsynonymous-only,0,1,5,857,"A×1, I×1, Q×1, R×1, V×1","GTT×783, ATT×53, GCT×13, AGA×5, CAA×3"
1009,nonsynonymous-only,0,1,11,6073,"L×3, C×2, S×2, D×1, I×1, K×1, V×1","GAT×1545, ATC×1412, TGT×1251, GTC×837, CTG×693, AGT×294, TGC×23, TTA×13, AAA×3, TCA×1, TTG×1"
1010,nonsynonymous-only,0,1,13,5480,"L×2, R×2, S×2, C×1, F×1, I×1, Q×1, T×1, W×1, Y×1","TCG×1542, ACT×1408, TTG×1251, TTA×839, CAA×395, TGC×23, TAT×8, AGG×4, TGG×4, ATA×3, CGG×1, TCA×1, TTC×1"
1011,nonsynonymous-only,0,1,19,6620,"L×3, R×3, S×3, Y×2, A×1, C×1, D×1, F×1, H×1, I×1, T×1, W×1","TTT×1653, CGC×1529, TAC×1433, TGG×1147, TTG×398, CTG×294, CGG×117, CAC×16, GAT×8, AGT×6, CTT×5, TCT×3, TGT×3, ATT×2, GCT×2, ACT×1, CGT×1, TAT×1, TCG×1"
1012,nonsynonymous-only,0,1,12,6644,"D×2, G×2, K×2, R×2, S×2, I×1, T×1","AAA×2936, AGA×1549, GGT×1245, AGG×861, AGC×23, GAC×13, ACA×5, AGT×4, AAG×3, GGG×3, ATA×1, GAT×1"
1013,nonsynonymous-only,0,1,20,7565,"R×4, T×4, D×2, E×2, K×2, S×2, H×1, I×1, N×1, V×1","CGC×2474, ATC×1548, CAT×1408, AGC×836, GAT×556, GTC×395, AGA×272, AGG×30, AGT×15, AAG×8, ACC×6, AAA×3, GAA×3, GAC×3, ACA×2, CGT×2, AAT×1, ACG×1, ACT×1, GAG×1"
1014,nonsynonymous-only,0,1,19,7853,"C×2, F×2, H×2, P×2, S×2, Y×2, D×1, E×1, I×1, K×1, N×1, R×1, T×1","TAT×3301, TGC×1502, TGT×1431, GAA×836, CCT×395, CAT×320, AGT×25, CGC×13, ACC×8, AAG×4, CCC×3, TAC×3, TTT×3, ATT×2, CAC×2, TTC×2, AAT×1, AGC×1, GAT×1"
1015,nonsynonymous-only,0,1,15,4156,"E×2, F×2, R×2, D×1, G×1, I×1, K×1, L×1, N×1, Q×1, S×1, W×1","CAG×1804, TCG×1250, CGA×396, GAA×317, AAA×280, TTG×46, GAT×25, AGA×19, GGA×6, TGG×5, AAT×3, GAG×2, ATA×1, TTC×1, TTT×1"
1016,nonsynonymous-only,0,1,16,7626,"H×2, I×2, N×2, S×2, C×1, D×1, F×1, G×1, K×1, L×1, T×1, Y×1","AAC×2871, CAC×1407, AAA×1284, AAT×985, AGC×457, ATT×294, GAT×272, TAT×28, TGT×12, GGA×8, TTA×3, ACG×1, AGT×1, ATA×1, CAT×1, TTT×1"
1017,nonsynonymous-only,0,1,18,6245,"S×4, L×3, F×2, N×2, C×1, H×1, I×1, Q×1, R×1, T×1, Y×1","AAT×1544, AGT×1544, CTT×1407, AGC×1225, TGT×274, CGT×137, AAC×46, TTC×25, CTA×13, ACT×8, TAT×7, TTT×5, TCC×3, CAT×2, TCT×2, ATT×1, CAA×1, CTC×1"
1018,nonsynonymous-only,0,1,5,2483,"T×2, G×1, S×1, V×1","GGA×1251, ACA×1225, GTG×3, TCC×3, ACG×1"
1019,nonsynonymous-only,0,1,2,1251,"Q×1, S×1","CAA×1250, AGT×1"
1021,nonsynonymous-only,0,1,3,7,"S×2, F×1","AGC×3, TTC×3, TCT×1"
1022,nonsynonymous-only,0,1,10,3185,"H×2, L×2, A×1, D×1, F×1, I×1, S×1, V×1","CAT×1249, CTT×835, GAC×531, GCA×395, TTT×162, GTT×6, ATC×4, AGC×1, CAC×1, CTC×1"
1023,nonsynonymous-only,0,1,8,3184,"G×2, R×2, A×1, Q×1, V×1, Y×1","TAT×1250, CAA×835, AGA×531, GGA×395, AGG×167, GGG×3, GCC×2, GTC×1"
1024,nonsynonymous-only,0,1,9,3184,"V×2, E×1, G×1, K×1, N×1, S×1, T×1, Y×1","GTC×1250, GTA×835, AAA×559, GGG×531, ACG×3, AGC×3, AAT×1, GAA×1, TAC×1"
1025,nonsynonymous-only,0,1,10,3205,"D×2, C×1, E×1, G×1, K×1, L×1, M×1, R×1, S×1","TGT×1250, TTA×836, GAC×512, AGC×395, AGA×188, GAA×18, GGA×3, AAA×1, ATG×1, GAT×1"
1026,nonsynonymous-only,0,1,12,4252,"G×3, I×2, S×2, K×1, L×1, N×1, T×1, V×1","AAA×1550, GGC×1247, AGT×660, ACA×395, ATT×282, ATA×38, AAT×36, AGC×30, GGG×6, GGT×3, GTC×3, TTG×2"
1027,nonsynonymous-only,0,1,15,5102,"L×4, T×4, I×3, A×2, F×1, M×1","TTA×1797, ACG×1531, TTT×847, TTG×403, ATG×294, ATC×164, ATA×25, ACA×22, ATT×6, ACT×3, GCG×3, CTA×2, CTT×2, GCA×2, ACC×1"
1028,nonsynonymous-only,0,1,13,5079,"D×2, I×2, K×2, N×2, C×1, E×1, L×1, S×1, V×1","GTC×1544, AAT×1275, ATC×835, TGT×532, CTT×408, GAT×295, AGT×167, ATT×8, GAG×8, AAG×3, GAC×2, AAA×1, AAC×1"
1029,nonsynonymous-only,0,1,14,5054,"L×3, E×2, T×2, V×2, A×1, D×1, K×1, P×1, Q×1","GCA×1544, ACG×1250, CAA×1230, GAA×829, CTA×165, CTT×13, GAT×6, GAG×4, GTG×3, GTT×3, AAA×2, ACA×2, TTA×2, CCA×1"
1030,nonsynonymous-only,0,1,14,5378,"T×3, A×2, L×2, D×1, F×1, I×1, M×1, P×1, S×1, V×1","TTG×2272, ACG×1033, TTA×953, TCA×709, GCC×185, GCT×89, ACA×63, ACT×41, GTA×12, ATC×8, GAC×5, ATG×4, CCA×3, TTT×1"
1031,nonsynonymous-only,0,1,11,5372,"I×3, L×2, S×2, T×2, F×1, P×1","ATT×1630, TTT×1553, TTA×1245, ACT×593, AGT×272, TTG×31, TCT×21, ATA×13, ACA×11, ATC×2, CCT×1"
1032,nonsynonymous-only,0,1,21,4379,"A×2, N×2, P×2, R×2, S×2, Y×2, C×1, D×1, E×1, H×1, K×1, L×1, T×1, V×1, W×1","CTG×1519, GAT×1250, TCC×539, GAA×395, AAA×325, GCA×271, CCG×16, TCA×15, AAC×13, CGG×9, CCT×6, GCT×5, ACA×3, GTT×3, TAT×3, AAT×2, AGA×1, CAC×1, TAC×1, TGC×1, TGG×1"
1033,nonsynonymous-only,0,1,13,3529,"G×2, N×2, S×2, D×1, F×1, H×1, I×1, P×1, R×1, V×1","GGC×2721, AGA×395, TCT×272, GGT×78, AAT×15, GAC×14, AAC×12, GTC×7, CCA×5, ATA×4, AGT×2, CAC×2, TTT×2"
1034,nonsynonymous-only,0,1,3,1646,"F×1, T×1, V×1","GTG×1250, TTT×395, ACA×1"
1035,nonsynonymous-only,0,1,3,1646,"L×1, Q×1, Y×1","CAA×1250, TAT×395, TTG×1"
1036,nonsynonymous-only,0,1,3,1646,"D×1, I×1, P×1","ATT×1250, GAT×395, CCA×1"
1039,nonsynonymous-only,0,1,2,396,"I×1, S×1","AGT×395, ATC×1"
1040,nonsynonymous-only,0,1,2,396,"A×1, G×1","GGC×395, GCG×1"
1041,nonsynonymous-only,0,1,3,695,"A×1, K×1, T×1","AAG×395, ACT×238, GCT×62"
1042,nonsynonymous-only,0,1,2,695,"I×1, K×1","ATA×405, AAA×290"
1043,nonsynonymous-only,0,1,4,695,"P×2, F×1, S×1","TTC×395, CCA×294, CCT×5, TCA×1"
1044,nonsynonymous-only,0,1,11,1064,"I×3, L×3, V×2, A×1, F×1, T×1","GTT×407, ATT×290, GCT×270, TTT×36, ACT×29, ATA×21, CTA×3, TTG×3, ATC×2, GTA×2, TTA×1"
1045,nonsynonymous-only,0,1,12,2433,"E×2, K×2, N×2, Q×2, D×1, R×1, S×1, V×1","AAA×835, AAC×543, CAA×395, TCA×299, GAT×297, CAG×25, AAG×13, GAA×12, AAT×5, GAG×5, AGG×3, GTG×1"
1046,nonsynonymous-only,0,1,11,2426,"A×1, F×1, G×1, K×1, M×1, N×1, P×1, R×1, S×1, T×1, W×1","ACA×843, TCA×837, GGA×395, CCA×274, AGA×38, AAA×24, TTT×10, GCA×2, AAT×1, ATG×1, TGG×1"
1047,nonsynonymous-only,0,1,10,1592,"I×3, K×2, D×1, E×1, G×1, N×1, S×1","ATT×542, AAG×398, AAA×306, GAT×192, AAT×80, ATA×41, GAA×18, AGT×13, ATC×1, GGT×1"
1048,nonsynonymous-only,0,1,14,995,"T×3, Y×2, D×1, E×1, F×1, I×1, K×1, L×1, N×1, Q×1, V×1","GAT×395, GAA×299, CAA×219, TTT×25, ACA×12, GTT×11, TAC×10, TTA×6, AAA×5, AAT×4, TAT×4, ATA×3, ACG×1, ACT×1"
1049,nonsynonymous-only,0,1,9,1288,"F×2, H×1, I×1, M×1, N×1, R×1, S×1, Y×1","TTT×531, TAT×431, TCT×300, ATG×13, ATA×6, TTC×3, AAT×2, CAT×1, CGC×1"
1050,nonsynonymous-only,0,1,7,1254,"S×2, D×1, G×1, I×1, K×1, R×1","AGG×616, GGA×542, AGC×56, ATC×22, AAA×15, GAT×2, AGT×1"
1051,nonsynonymous-only,0,1,8,976,"A×1, D×1, H×1, L×1, M×1, N×1, R×1, S×1","AGA×531, CAT×395, ATG×25, TTG×13, GAT×6, GCC×3, AGC×2, AAT×1"
1053,nonsynonymous-only,0,1,19,5376,"S×3, F×2, I×2, K×2, L×2, Q×2, C×1, E×1, N×1, P×1, R×1, W×1","CGA×1548, TGG×1250, AAC×1223, AGC×695, ATT×531, AAG×46, CCA×25, CTT×23, CAA×21, TCA×3, AAA×2, TTA×2, AGT×1, ATC×1, CAG×1, GAA×1, TGT×1, TTC×1, TTT×1"
1054,nonsynonymous-only,0,1,20,8370,"A×3, T×3, G×2, K×2, R×2, D×1, E×1, I×1, M×1, N×1, Q×1, S×1, V×1","AAG×2379, AAA×1602, ACA×1421, GCT×1180, ATG×848, AGA×537, AGG×276, ACT×45, GCG×23, CAA×20, GTA×13, AGC×7, ACG×6, GGG×4, AAC×2, GAA×2, GGA×2, ATA×1, GAT×1, GCC×1"
1055,nonsynonymous-only,0,1,17,8366,"E×2, I×2, K×2, N×2, R×2, S×2, A×1, G×1, M×1, T×1, V×1","AAA×1927, AAC×1591, AAG×1351, ACA×1261, ATA×840, GAG×395, GAA×294, AGT×272, AGG×246, AGA×137, GCA×25, ATG×12, GTA×8, GGA×3, AAT×2, AGC×1, ATT×1"
1056,nonsynonymous-only,0,1,16,8320,"E×2, G×2, I×2, K×2, R×2, C×1, M×1, N×1, Q×1, T×1, V×1","AAG×2495, TGC×1408, AGA×1250, GGA×1250, AAA×1180, GAG×395, ATG×287, ATT×25, GAA×12, AGG×5, ACT×4, AAT×3, GTT×3, ATA×1, CAG×1, GGG×1"
1057,nonsynonymous-only,0,1,2,398,"F×1, L×1","CTT×395, TTT×3"
1058,nonsynonymous-only,0,1,2,28,"L×1, T×1","ACT×25, CTG×3"
1059,nonsynonymous-only,0,1,10,3517,"E×2, K×2, G×1, I×1, P×1, Q×1, T×1, V×1","GAA×1645, GAG×1544, CAA×294, CCA×25, AAG×3, ATA×2, AAA×1, ACA×1, GGA×1, GTG×1"
1060,nonsynonymous-only,0,1,7,721,"L×3, F×1, I×1, P×1, V×1","CTT×395, CTA×289, TTT×25, GTA×6, TTA×3, CCA×2, ATA×1"
1061,nonsynonymous-only,0,1,6,313,"L×2, K×1, M×1, Q×1, R×1","CAA×275, TTA×25, AAA×6, CTA×4, ATG×2, CGA×1"
1062,nonsynonymous-only,0,1,7,317,"K×2, G×1, L×1, Q×1, S×1, T×1","AAG×272, GGG×25, TCA×8, CAG×6, ACT×3, CTA×2, AAA×1"
1063,nonsynonymous-only,0,1,10,2143,"A×2, V×2, D×1, F×1, H×1, S×1, T×1, Y×1","GTT×1414, CAC×395, GCT×286, GCG×25, TCT×8, GAT×6, TAT×3, TTT×3, ACT×2, GTG×1"
1064,nonsynonymous-only,0,1,9,3933,"L×3, I×2, S×1, V×1, W×1, Y×1","ATA×1544, TCA×1408, TTA×938, GTC×23, TGG×13, CTC×3, CTA×2, ATT×1, TAT×1"
1065,nonsynonymous-only,0,1,8,4742,"L×3, C×1, F×1, S×1, T×1, Y×1","CTC×1536, ACA×1408, TTA×858, TTT×529, TGT×395, CTA×8, TCT×7, TAC×1"
1066,nonsynonymous-only,0,1,9,2806,"G×2, I×2, E×1, F×1, L×1, P×1, V×1","CCA×1408, TTT×835, ATC×524, GAA×23, GTC×7, ATA×3, CTA×3, GGC×2, GGA×1"
1067,nonsynonymous-only,0,1,7,3198,"A×2, T×2, R×1, S×1, V×1","ACA×1805, AGA×835, TCA×414, GCA×117, GCG×23, ACT×3, GTG×1"
1068,nonsynonymous-only,0,1,4,955,"A×1, I×1, R×1, T×1","AGA×928, ACA×23, ATT×3, GCG×1"
1069,nonsynonymous-only,0,1,2,4,"C×1, F×1","TGT×3, TTT×1"
1075,nonsynonymous-only,0,1,3,9,"C×1, F×1, S×1","TTT×5, TGT×3, TCT×1"
1076,nonsynonymous-only,0,1,5,404,"L×2, S×2, R×1","CTC×395, TCT×4, TTG×3, CGG×1, TCC×1"
1077,nonsynonymous-only,0,1,4,404,"L×3, V×1","CTG×395, TTA×5, GTA×3, CTA×1"
1078,nonsynonymous-only,0,1,4,404,"C×1, F×1, L×1, Y×1","TTA×395, TAT×5, TGC×3, TTC×1"
1079,nonsynonymous-only,0,1,3,404,"C×1, S×1, Y×1","TAT×395, TGT×8, TCA×1"
1080,nonsynonymous-only,0,1,4,404,"H×1, I×1, L×1, Y×1","CTG×395, CAT×5, TAT×3, ATT×1"
1081,nonsynonymous-only,0,1,2,396,"E×1, G×1","GGA×371, GAA×25"
1082,nonsynonymous-only,0,1,3,403,"H×2, Q×1","CAC×395, CAA×5, CAT×3"
1086,nonsynonymous-only,0,1,2,8,"C×1, S×1","TGT×5, TCA×3"
1087,nonsynonymous-only,0,1,2,8,"S×1, V×1","TCT×5, GTT×3"
1088,nonsynonymous-only,0,1,4,403,"S×2, G×1, R×1","CGC×395, GGC×4, TCT×3, AGC×1"
1089,nonsynonymous-only,0,1,5,541,"C×2, D×1, F×1, G×1","GAC×395, TGT×137, TTT×5, TGC×3, GGA×1"
1090,nonsynonymous-only,0,1,13,4860,"S×3, C×2, N×2, F×1, H×1, L×1, Q×1, V×1, Y×1","AAC×1793, TGC×1379, TGT×1166, AGC×214, TAT×197, AGT×86, AAT×11, GTT×5, TTT×3, CAA×2, TTA×2, CAT×1, TCT×1"
1091,nonsynonymous-only,0,1,14,5363,"K×2, L×2, Q×2, C×1, D×1, E×1, F×1, G×1, H×1, N×1, Y×1","CAA×2240, TGC×1225, TTA×835, CTA×696, TAC×165, TTC×137, GAG×25, AAG×14, CAG×10, AAA×8, CAC×3, AAC×2, GAT×2, GGT×1"
1092,nonsynonymous-only,0,1,12,4521,"A×2, H×2, Y×2, C×1, F×1, I×1, L×1, N×1, V×1","AAT×1435, TGT×1225, TAT×824, CTT×565, GCC×159, TTT×157, GCT×118, GTT×22, CAT×11, ATC×2, TAC×2, CAC×1"
1093,nonsynonymous-only,0,1,12,8023,"S×3, F×2, L×2, Y×2, C×1, H×1, Q×1","TTG×1730, CAT×1545, TAT×1257, TCT×1225, CAA×1135, TTA×589, TTC×531, TAC×3, TGT×3, TCA×2, TTT×2, TCG×1"
1094,nonsynonymous-only,0,1,25,8042,"L×4, R×4, K×2, Q×2, V×2, A×1, C×1, E×1, G×1, H×1, M×1, N×1, P×1, S×1, W×1, Y×1","TGG×1543, GTG×1408, TTA×1254, TTG×1226, AGG×835, AAG×588, GGA×395, CGA×287, ATG×272, TGT×130, GAA×26, AAT×15, AGA×12, GCT×12, TCC×8, AAA×7, CGC×7, TAT×5, CTA×3, CTG×3, CAG×2, CAA×1, CAT×1, CCA×1, GTT×1"
1095,nonsynonymous-only,0,1,9,7823,"K×2, R×2, T×2, E×1, M×1, N×1","GAA×3196, AAA×2908, AAG×1239, ACG×299, AGA×168, ATG×6, ACT×3, AAT×2, CGG×2"
1096,nonsynonymous-only,0,1,21,7823,"R×3, E×2, F×2, K×2, L×2, T×2, Y×2, D×1, H×1, I×1, S×1, V×1, W×1","TCT×1545, AGG×1408, TAT×1263, AAG×1226, AGA×965, CGT×531, GAA×302, TAC×253, AAA×166, CAT×46, TTT×46, ACG×23, TTG×18, GAT×14, TGG×6, ACT×3, ATA×2, CTT×2, GAG×2, GTG×1, TTC×1"
1097,nonsynonymous-only,0,1,13,3564,"E×2, L×2, S×2, C×1, F×1, I×1, K×1, Q×1, R×1, W×1","CAG×1406, GAA×1250, TCT×395, GAG×301, CGA×164, CTG×23, TTA×11, AAG×7, TGT×3, AGT×1, ATT×1, TGG×1, TTT×1"
1098,nonsynonymous-only,0,1,2,131,"I×1, M×1","ATG×130, ATT×1"
1102,nonsynonymous-only,0,1,18,6982,"E×2, I×2, K×2, T×2, A×1, F×1, G×1, L×1, M×1, N×1, Q×1, R×1, S×1, V×1","AAT×1944, ATG×1504, ATA×1433, AAG×835, GAA×662, ACA×438, GAG×57, AGG×42, GTG×24, ATT×20, TTA×7, ACT×5, AAA×3, GCA×3, AGT×2, CAA×1, GGG×1, TTT×1"
1103,nonsynonymous-only,0,1,11,5230,"A×2, D×2, V×2, F×1, M×1, N×1, S×1, T×1","GAC×2947, GTC×1250, ACC×835, AAT×130, GTT×46, AGT×10, GAT×5, ATG×2, GCT×2, TTC×2, GCG×1"
1104,nonsynonymous-only,0,1,4,848,"D×1, F×1, H×1, K×1","AAA×835, CAT×8, TTT×3, GAT×2"
1105,nonsynonymous-only,0,1,4,848,"S×2, Y×2","TCA×835, TAC×7, TAT×3, TCC×3"
1106,nonsynonymous-only,0,1,5,1268,"F×2, S×1, T×1, W×1","TCT×1211, TGG×34, TTT×19, ACA×3, TTC×1"
1107,nonsynonymous-only,0,1,5,2009,"I×2, D×1, L×1, R×1","ATT×835, ATA×533, GAT×395, CGA×243, TTA×3"
1108,nonsynonymous-only,0,1,5,2064,"L×2, S×2, T×1","CTG×835, TTG×531, TCA×398, ACA×299, TCG×1"
1109,nonsynonymous-only,0,1,8,2065,"N×2, D×1, F×1, G×1, I×1, S×1, Y×1","ATT×835, TAT×529, AAC×395, AGC×292, GAC×7, AAT×3, TTT×3, GGT×1"
1110,nonsynonymous-only,0,1,5,1014,"C×2, H×1, L×1, S×1","TGC×395, TTA×315, TGT×300, TCG×3, CAC×1"
1111,nonsynonymous-only,0,1,7,2113,"I×2, F×1, H×1, L×1, P×1, V×1","ATC×974, CTG×835, GTC×298, TTC×3, ATT×1, CAC×1, CCC×1"
1112,nonsynonymous-only,0,1,8,3680,"E×2, K×2, N×2, D×1, M×1","AAT×1409, GAA×1237, AAG×531, AAC×277, AAA×155, ATG×46, GAC×22, GAG×3"
1113,nonsynonymous-only,0,1,11,3681,"K×2, V×2, G×1, I×1, L×1, N×1, P×1, Q×1, R×1","CCG×1408, CAA×834, GTA×673, AAA×584, AAT×130, ATA×25, GTG×23, AAG×1, CGA×1, CTA×1, GGA×1"
1119,nonsynonymous-only,0,1,3,400,"L×1, N×1, V×1","CTT×395, GTT×3, AAT×2"
1120,nonsynonymous-only,0,1,8,1943,"H×2, A×1, D×1, E×1, K×1, S×1, Y×1","AAG×1408, CAT×395, TAT×131, AGT×3, GAA×2, GCT×2, CAC×1, GAT×1"
1121,nonsynonymous-only,0,1,16,6521,"L×4, F×2, I×2, A×1, C×1, D×1, H×1, P×1, S×1, T×1, V×1","TTA×2659, CTT×1535, GAC×835, TTC×580, CAT×395, ATT×290, TTT×147, ACG×25, TGT×24, GTT×12, ATA×9, TTG×4, TCC×3, CCA×1, CTC×1, GCC×1"
1122,nonsynonymous-only,0,1,14,4400,"L×4, F×2, P×2, E×1, I×1, K×1, M×1, S×1, V×1","TTA×3057, CCG×835, ATG×272, TCA×134, GAG×25, TTG×24, ATT×18, TTT×14, CCA×10, TTC×4, CTA×3, GTG×2, AAG×1, CTT×1"
1123,nonsynonymous-only,0,1,16,6641,"L×4, I×3, K×2, T×2, V×2, F×1, M×1, Q×1","GTG×1702, CTC×1408, ACA×1251, CTT×835, ATG×531, TTA×395, ATA×302, ATC×145, AAA×25, ATT×19, GTA×17, CAA×5, ACG×3, AAG×1, CTG×1, TTT×1"
1124,nonsynonymous-only,0,1,19,6615,"G×3, A×2, E×2, I×2, N×2, T×2, D×1, R×1, S×1, V×1, W×1, Y×1","AGT×1574, AAC×1366, GGT×1250, GGG×799, GAG×746, GAT×397, GCT×275, AGA×130, ATT×29, AAT×16, ACT×13, GAA×8, ATC×3, GCA×2, GTT×2, TGG×2, ACC×1, GGC×1, TAT×1"
1125,nonsynonymous-only,0,1,15,6435,"H×2, K×2, Q×2, R×2, C×1, E×1, G×1, L×1, T×1, W×1, Y×1","CAG×1543, TAT×1414, GAA×1252, AGG×835, AAG×532, AGA×395, CAT×308, AAA×130, CAC×12, CAA×5, GGA×3, TGC×3, ACA×1, CTT×1, TGG×1"
1126,nonsynonymous-only,0,1,19,5903,"R×4, L×3, E×2, Y×2, D×1, H×1, I×1, K×1, N×1, P×1, Q×1, W×1","TTA×1544, TAT×1381, CCA×1171, TGG×837, AAT×395, CGA×272, CTA×237, GAA×28, CAT×20, AAA×4, CGG×3, CGT×3, CGC×2, ATT×1, CAA×1, CTT×1, GAG×1, GAT×1, TAC×1"
1127,nonsynonymous-only,0,1,9,3208,"L×3, F×2, I×1, S×1, V×1, Y×1","TTC×1397, TTT×853, TTG×532, TCT×395, TTA×25, ATT×2, CTC×2, GTT×1, TAC×1"
1128,nonsynonymous-only,0,1,9,2654,"A×1, H×1, K×1, L×1, N×1, Q×1, S×1, W×1, Y×1","CAC×1408, AAT×835, AAA×395, CAG×5, GCG×3, TCT×3, TTG×3, TAC×1, TGG×1"
1129,nonsynonymous-only,0,1,7,2652,"A×1, E×1, G×1, I×1, L×1, Q×1, V×1","CTA×1408, GGA×1230, CAA×4, ATC×3, GCA×3, GTG×3, GAA×1"
1130,nonsynonymous-only,0,1,4,841,"C×1, G×1, S×1, T×1","TGC×835, ACT×3, TCC×2, GGA×1"
1131,nonsynonymous-only,0,1,3,840,"H×1, N×1, Y×1","CAT×798, AAT×37, TAT×5"
1132,nonsynonymous-only,0,1,2,5,"E×1, H×1","CAC×3, GAA×2"
1134,nonsynonymous-only,0,1,5,1536,"H×1, K×1, L×1, P×1, Y×1","TAT×1344, TTA×168, CAT×21, AAA×2, CCT×1"
1135,nonsynonymous-only,0,1,5,1536,"V×2, A×1, L×1, Q×1","GTG×991, GTA×533, GCG×7, CTA×3, CAA×2"
1136,nonsynonymous-only,0,1,7,1537,"L×3, F×1, G×1, P×1, S×1","CTG×835, TCG×529, CTC×165, TTC×3, CCG×2, CTT×2, GGC×1"
1137,nonsynonymous-only,0,1,3,1537,"F×1, I×1, T×1","ATT×837, TTT×697, ACT×3"
1138,nonsynonymous-only,0,1,5,1537,"L×2, A×1, F×1, S×1","GCA×835, TCA×531, TTG×165, TTA×5, TTC×1"
1139,nonsynonymous-only,0,1,7,1537,"F×1, I×1, M×1, N×1, R×1, T×1, V×1","TTT×835, GTT×531, ATG×156, AGG×6, ATT×6, AAT×2, ACG×1"
1140,nonsynonymous-only,0,1,6,1537,"A×2, G×1, I×1, T×1, V×1","GCT×835, GGG×536, GCG×157, GTG×6, ACA×2, ATT×1"
1141,synonymous-only,1,0,4,1372,G×4,"GGG×835, GGA×534, GGC×2, GGT×1"
1142,nonsynonymous-only,0,1,2,1369,"I×1, T×1","ATT×838, ACT×531"
1143,nonsynonymous-only,0,1,3,1368,"L×2, S×1","TCC×836, TTA×531, CTC×1"
1145,nonsynonymous-only,0,1,2,534,"A×1, T×1","ACG×531, GCT×3"
1146,nonsynonymous-only,0,1,4,1370,"V×3, A×1","GTT×1353, GTA×14, GCT×2, GTC×1"
1147,nonsynonymous-only,0,1,4,1370,"A×2, T×2","ACA×836, GCC×279, ACC×254, GCT×1"
1148,nonsynonymous-only,0,1,4,1370,"G×1, R×1, S×1, T×1","AGT×836, GGA×525, AGA×6, ACA×3"
1149,nonsynonymous-only,0,1,5,1371,"I×1, K×1, M×1, R×1, T×1","ATG×836, AGG×520, AAG×11, ACA×3, ATA×1"
1150,nonsynonymous-only,0,1,2,839,"I×1, L×1","ATT×836, TTG×3"
1151,nonsynonymous-only,0,1,2,839,"M×1, V×1","ATG×838, GTG×1"
1152,nonsynonymous-only,0,1,6,1385,"N×2, F×1, I×1, S×1, T×1","ATT×838, AAC×489, AAT×42, ACT×13, AGT×2, TTT×1"
1153,nonsynonymous-only,0,1,8,1385,"A×2, G×2, T×2, P×1, V×1","GGG×788, ACT×529, GGA×47, GCC×13, GTT×3, ACC×2, CCT×2, GCT×1"
1154,nonsynonymous-only,0,1,4,1385,"I×2, T×1, V×1","ATT×1323, ATC×48, ACA×13, GTT×1"
1155,nonsynonymous-only,0,1,5,1385,"V×2, F×1, I×1, L×1","ATC×847, GTG×531, TTG×3, TTT×3, GTC×1"
1156,nonsynonymous-only,0,1,2,6,"A×1, K×1","GCA×4, AAA×2"
1157,nonsynonymous-only,0,1,3,6,"A×1, F×1, T×1","TTC×3, ACT×2, GCA×1"
1158,nonsynonymous-only,0,1,2,5,"K×1, L×1","CTA×3, AAG×2"
1159,nonsynonymous-only,0,1,3,1549,"A×1, D×1, N×1","GCT×1544, AAT×3, GAC×2"
1160,nonsynonymous-only,0,1,6,3637,"Y×2, C×1, Q×1, R×1, W×1","TAT×2086, TAC×1544, CGG×3, TGG×2, CAA×1, TGT×1"
1161,nonsynonymous-only,0,1,8,3637,"L×2, E×1, F×1, G×1, Q×1, T×1, V×1","GTG×1544, TTT×1250, ACT×835, CAA×3, GAA×2, CTC×1, CTT×1, GGT×1"
1162,nonsynonymous-only,0,1,6,3636,"T×2, D×1, K×1, S×1, Y×1","TAC×1544, GAT×1250, TCT×836, ACA×3, ACT×2, AAG×1"
1163,nonsynonymous-only,0,1,7,3636,"V×3, G×2, I×1, L×1","GGC×1535, ATT×1253, GTC×835, GGT×9, GTT×2, CTT×1, GTG×1"
1164,nonsynonymous-only,0,1,8,4329,"D×2, T×2, A×1, F×1, I×1, V×1","GAC×1529, GCT×1253, ATT×835, GAT×411, ACT×277, ACA×22, GTT×1, TTT×1"
1165,nonsynonymous-only,0,1,8,4330,"F×2, E×1, L×1, M×1, N×1, V×1, Y×1","TTG×1544, TTC×1250, GAG×835, ATG×395, GTG×300, TAT×3, AAC×2, TTT×1"
1166,nonsynonymous-only,0,1,11,4342,"F×2, P×2, Q×2, R×2, E×1, S×1, W×1","CCG×1495, TTT×1250, CGG×809, CAG×395, GAA×299, CCA×49, CGA×33, TGG×9, CAA×1, TCA×1, TTC×1"
1167,nonsynonymous-only,0,1,10,5040,"K×2, T×2, V×2, E×1, N×1, W×1, Y×1","ACT×1544, GAG×1250, ACC×836, GTT×694, AAA×533, AAC×165, TGG×13, AAG×3, GTG×1, TAT×1"
1168,nonsynonymous-only,0,1,7,5027,"R×3, K×2, E×1, G×1","GAA×2794, AAA×1005, GGA×694, AGG×529, AAG×2, CGG×2, AGA×1"
1169,nonsynonymous-only,0,1,7,4342,"G×2, D×1, E×1, H×1, K×1, N×1","AAA×1545, CAT×1250, GAA×1233, GAT×299, GGC×13, AAT×1, GGA×1"
1170,nonsynonymous-only,0,1,8,3206,"S×2, A×1, H×1, L×1, T×1, V×1, Y×1","GCA×2771, TCT×395, ACA×22, TAT×10, CAT×3, CTT×3, GTA×1, TCA×1"
1171,nonsynonymous-only,0,1,2,4,"A×1, T×1","GCG×3, ACA×1"
1172,nonsynonymous-only,0,1,2,134,"A×1, T×1","GCA×131, ACA×3"
1187,nonsynonymous-only,0,1,2,4,"L×1, M×1","TTA×3, ATG×1"
1188,nonsynonymous-only,0,1,3,399,"V×2, I×1","GTG×395, GTT×3, ATC×1"
1189,nonsynonymous-only,0,1,16,4351,"G×2, I×2, T×2, V×2, D×1, E×1, F×1, K×1, L×1, Q×1, R×1, W×1","GAG×1544, ACA×1236, ATC×835, CAA×395, AAA×299, ACG×14, GTT×13, TGG×4, CTA×3, GGT×2, AGG×1, ATA×1, GAT×1, GGC×1, GTA×1, TTT×1"
1190,nonsynonymous-only,0,1,11,5181,"V×3, G×2, I×2, D×1, N×1, S×1, T×1","GTT×1838, GTC×1549, GGT×840, ATT×538, ACC×395, AGT×10, AAT×5, GAT×3, ATC×1, GGC×1, GTA×1"
1191,nonsynonymous-only,0,1,11,3635,"S×3, F×2, I×2, G×1, P×1, T×1, Y×1","CCA×1250, ATC×692, TTT×534, TCT×395, AGT×298, TCC×294, ATT×154, TTC×13, GGT×2, TAT×2, ACG×1"
1192,nonsynonymous-only,0,1,9,3339,"L×5, F×1, P×1, Q×1, R×1","CTG×1766, TTA×1246, TTG×288, TTT×17, CTT×13, CTA×4, CAA×3, CCA×1, CGT×1"
1193,nonsynonymous-only,0,1,9,3338,"G×2, V×2, E×1, I×1, K×1, M×1, S×1","GTC×1250, GTG×927, AAA×838, ATT×300, GGC×13, AGT×5, GAA×3, ATG×1, GGG×1"
1194,nonsynonymous-only,0,1,12,3338,"A×4, L×2, E×1, I×1, S×1, T×1, V×1, Y×1","TAC×1250, GCG×1077, GAG×397, GCT×298, GTG×274, GCA×18, TCG×13, TTA×5, TTG×3, ACG×1, ATT×1, GCC×1"
1195,nonsynonymous-only,0,1,6,1273,"G×1, K×1, N×1, Q×1, T×1, V×1","AAA×1250, GGC×13, ACA×5, GTA×3, AAT×1, CAA×1"
1196,nonsynonymous-only,0,1,2,14,"A×1, D×1","GCT×13, GAT×1"
1197,nonsynonymous-only,0,1,2,14,"I×1, P×1","ATA×13, CCA×1"
1198,nonsynonymous-only,0,1,5,20,"L×2, F×1, Q×1, Y×1","TTG×8, TTT×5, CTT×3, TAC×3, CAA×1"
1199,nonsynonymous-only,0,1,6,855,"G×1, L×1, N×1, Q×1, R×1, V×1","AGG×834, CAG×8, CTG×8, GTT×3, AAT×1, GGG×1"
1200,nonsynonymous-only,0,1,8,858,"A×1, D×1, E×1, G×1, I×1, K×1, N×1, S×1","AGC×822, GGC×13, AAG×11, AAT×5, GCT×3, GAT×2, ATC×1, GAG×1"
1201,nonsynonymous-only,0,1,6,858,"V×2, I×1, L×1, S×1, T×1","TCG×835, ATT×12, TTA×6, GTT×3, ACG×1, GTG×1"
1202,nonsynonymous-only,0,1,16,5783,"A×2, I×2, K×2, L×2, Q×2, V×2, E×1, F×1, N×1, R×1","CAA×2794, GCA×1408, AAA×588, AAG×395, GAA×258, ATC×164, TTC×130, GCG×23, TTG×8, TTA×5, ATT×3, GTA×3, AAC×1, CAG×1, CGA×1, GTG×1"
1203,nonsynonymous-only,0,1,16,6908,"I×2, L×2, N×2, Y×2, C×1, D×1, F×1, K×1, R×1, S×1, T×1, V×1","ATT×2964, AAT×1250, ACA×951, AAA×836, ATC×318, TAT×272, CTC×158, AGA×142, TAC×5, GTT×3, TGC×2, TTG×2, TTT×2, AAC×1, AGC×1, GAC×1"
1204,nonsynonymous-only,0,1,10,4939,"I×2, A×1, F×1, G×1, K×1, M×1, P×1, S×1, T×1","ACG×1548, GCG×1544, ATG×1409, CCA×272, ATT×130, AAA×14, ATA×13, TCG×5, TTT×3, GGG×1"
1205,nonsynonymous-only,0,1,16,5687,"E×2, L×2, P×2, A×1, D×1, F×1, G×1, I×1, K×1, Q×1, R×1, V×1, W×1","CCG×1542, CCA×1414, ATA×841, GGA×531, GTT×395, GAC×299, GCA×275, TGG×168, GAG×130, AAA×25, CAA×23, CTA×22, TTC×12, GAA×7, TTA×2, AGA×1"
1206,nonsynonymous-only,0,1,13,7218,"L×3, F×2, P×2, R×2, I×1, Q×1, S×1, W×1","TTA×2717, CTA×1558, CGA×1250, TTG×534, TGG×395, TCA×298, CAA×295, CCA×130, CGG×23, TTT×13, ATA×3, CCG×1, TTC×1"
1207,nonsynonymous-only,0,1,13,6396,"L×3, I×2, C×1, D×1, G×1, K×1, N×1, Q×1, R×1, S×1","TGT×2663, AAT×2147, CTA×716, CTT×532, ATT×294, TTA×13, AGG×12, AGT×8, AAA×5, CAG×2, GAT×2, ATC×1, GGT×1"
1208,nonsynonymous-only,0,1,16,6075,"L×5, S×3, I×2, F×1, M×1, P×1, R×1, T×1, W×1","TTA×2986, CTA×1408, TGG×395, TCA×340, TCG×297, CCT×294, CTG×272, ACA×25, ATA×17, ATT×13, TTG×13, TCT×5, CTT×4, TTT×3, ATG×2, CGT×1"
1209,nonsynonymous-only,0,1,13,4386,"L×4, S×2, E×1, F×1, H×1, K×1, N×1, Q×1, R×1","CAA×1546, TTA×1380, CAC×887, AAC×298, GAA×165, CGC×39, TCA×25, CTG×14, TTG×10, TTT×9, CTA×7, AAG×3, TCT×3"
1210,nonsynonymous-only,0,1,20,4940,"A×3, D×2, K×2, L×2, N×2, T×2, E×1, F×1, I×1, M×1, P×1, S×1, V×1","ACA×1533, CCG×1256, GCT×926, ATG×566, AAC×291, GCA×144, AAT×130, AAG×37, GAA×19, ACG×10, AAA×7, TTC×5, CTA×3, TCA×3, TTA×3, ATC×2, GAC×2, GAT×1, GCG×1, GTA×1"
1211,nonsynonymous-only,0,1,18,5244,"V×3, D×2, F×2, L×2, E×1, G×1, H×1, I×1, K×1, N×1, Q×1, R×1, Y×1","TAT×1539, GTC×1246, GGG×818, AAA×568, CTC×395, GAT×320, TTC×298, TTT×21, GTG×16, ATA×6, GAC×4, AGA×3, GTT×3, CAG×2, TTA×2, AAT×1, CAT×1, GAG×1"
1212,nonsynonymous-only,0,1,15,5776,"F×2, I×2, L×2, V×2, A×1, C×1, H×1, K×1, N×1, P×1, Y×1","TTT×1953, GTT×1217, TGT×835, CAT×519, AAA×298, CCT×294, TTC×277, TAT×183, ATT×130, GCT×33, ATC×25, GTA×6, CTT×3, TTG×2, AAT×1"
1213,nonsynonymous-only,0,1,17,5766,"L×4, F×2, I×2, P×2, R×2, V×2, M×1, S×1, Y×1","ATG×1544, GTG×955, TCG×728, GTA×588, TTA×543, TAT×395, TTG×385, CTT×291, CCG×157, TTT×130, ATC×25, CCA×8, CGT×7, TTC×5, ATA×3, CGA×1, CTA×1"
1214,nonsynonymous-only,0,1,11,2509,"L×4, H×2, R×2, E×1, P×1, Y×1","CCG×1221, CAC×531, CAT×395, GAG×294, CTG×29, CTA×25, TTG×6, TTA×4, CGG×2, AGG×1, TAT×1"
1215,nonsynonymous-only,0,1,9,3337,"I×3, E×1, K×1, L×1, M×1, P×1, T×1","GAG×1251, ATG×836, AAG×531, CTG×395, ATC×264, ACC×34, ATT×24, ATA×1, CCC×1"
1216,nonsynonymous-only,0,1,5,3337,"P×2, E×1, K×1, Q×1","AAG×1250, CAG×1225, CCG×838, CCA×23, GAA×1"
1217,nonsynonymous-only,0,1,6,3337,"E×1, K×1, L×1, M×1, Q×1, R×1","AAA×1523, GAA×1250, AGA×537, ATG×25, CAG×1, CTG×1"
1218,nonsynonymous-only,0,1,11,3337,"L×3, F×2, S×2, I×1, P×1, R×1, Y×1","TTG×1645, CTG×834, TCC×494, TCA×252, TTA×47, TTC×25, TTT×25, TAC×12, ATT×1, CCG×1, CGG×1"
1219,nonsynonymous-only,0,1,8,3183,"L×3, S×2, C×1, I×1, Y×1","TCA×1250, CTA×835, TTA×538, TGT×395, TTG×159, TAT×3, ATA×2, TCG×1"
1220,nonsynonymous-only,0,1,6,3182,"F×2, S×2, L×1, Y×1","TTT×1368, TCT×1250, TAC×395, TTC×165, TTA×3, TCA×1"
1221,nonsynonymous-only,0,1,5,565,"L×2, Q×1, W×1, Y×1","TTG×553, CTA×7, TGG×3, CAA×1, TAC×1"
1222,nonsynonymous-only,0,1,8,4868,"I×2, L×2, A×1, M×1, T×1, V×1","TTA×1837, ATC×1250, GCG×773, ATG×544, ACG×397, GTG×62, ATT×4, CTC×1"
1223,nonsynonymous-only,0,1,8,5166,"N×2, R×2, I×1, L×1, M×1, T×1","ATA×1544, ACC×1543, TTG×836, AGG×832, AAT×395, AAC×13, AGA×2, ATG×1"
1224,nonsynonymous-only,0,1,8,1683,"P×2, R×2, K×1, Q×1, V×1, Y×1","CCT×835, CGA×530, TAC×298, CAA×13, CGT×3, GTA×2, AAG×1, CCA×1"
1225,nonsynonymous-only,0,1,5,1682,"L×3, P×1, S×1","CTG×835, CTT×544, CTA×298, AGC×3, CCA×2"
1226,nonsynonymous-only,0,1,9,2079,"F×2, L×2, A×1, I×1, P×1, S×1, V×1","GTA×761, CTG×456, TCT×395, TTT×298, GCA×77, CCG×75, CTT×13, ATT×3, TTC×1"
1227,nonsynonymous-only,0,1,9,2079,"I×2, A×1, D×1, F×1, H×1, N×1, Q×1, R×1","TTC×835, CAT×531, AAC×395, ATC×298, CAA×13, GAT×3, ATA×2, CGC×1, GCC×1"
1228,nonsynonymous-only,0,1,5,2078,"L×2, K×1, Q×1, W×1","TTG×1236, TGG×530, CTG×298, CAG×13, AAA×1"
1229,nonsynonymous-only,0,1,8,2079,"D×2, V×2, A×1, I×1, N×1, T×1","GTG×835, GAC×686, ACG×533, ATA×13, GAT×7, GTT×3, AAC×1, GCG×1"
1230,nonsynonymous-only,0,1,8,1707,"K×2, L×2, N×2, F×1, T×1","TTG×833, AAA×531, AAG×313, AAT×26, AAC×1, ACC×1, TTA×1, TTC×1"
1231,nonsynonymous-only,0,1,9,876,"C×1, E×1, G×1, H×1, K×1, N×1, Q×1, R×1, S×1","AGA×531, TGT×298, CAA×23, AAA×13, TCA×4, GGA×3, AAT×2, CAT×1, GAA×1"
1232,nonsynonymous-only,0,1,8,1800,"L×2, P×2, I×1, Q×1, S×1, T×1","TTG×822, CCG×531, TTA×395, CAA×23, ATA×13, TCG×13, CCA×2, ACG×1"
1233,nonsynonymous-only,0,1,4,1529,"L×1, N×1, P×1, Y×1","CCT×777, AAT×693, CTT×58, TAT×1"
1238,nonsynonymous-only,0,1,9,1157,"F×2, L×2, Q×2, C×1, I×1, Y×1","TTC×835, TGT×272, CAA×24, CAG×12, TTT×8, CTC×2, TAT×2, ATT×1, CTT×1"
1239,nonsynonymous-only,0,1,11,1553,"E×2, P×2, Q×2, A×1, G×1, H×1, L×1, R×1","CGA×827, GAA×395, CAG×272, CAT×35, CAA×10, GAG×5, CCG×4, GGA×2, CCA×1, CTC×1, GCC×1"
1240,nonsynonymous-only,0,1,9,2413,"K×2, L×2, C×1, M×1, R×1, S×1, W×1","TGG×1274, TCA×783, AAG×272, TTA×55, AAA×18, TTG×5, AGA×4, ATG×1, TGT×1"
1241,nonsynonymous-only,0,1,16,5638,"R×4, L×3, K×2, E×1, G×1, I×1, M×1, N×1, P×1, T×1","AAA×2908, AAG×1584, ATG×781, GGA×185, GAA×87, ACG×63, ATC×12, CTT×5, CGA×4, AGG×2, CTA×2, AAC×1, AGA×1, CCA×1, CGG×1, TTG×1"
1242,nonsynonymous-only,0,1,4,49,"A×1, K×1, N×1, Q×1","CAA×46, AAC×1, AAG×1, GCC×1"
1243,nonsynonymous-only,0,1,14,3736,"I×3, V×3, A×1, F×1, K×1, L×1, M×1, P×1, S×1, T×1","GTG×1602, ATA×1532, GCA×439, GTA×63, ATT×55, GTT×13, ATG×11, ACA×8, TCT×5, TTT×3, ATC×2, AAG×1, CCA×1, CTG×1"
1244,nonsynonymous-only,0,1,19,3727,"L×4, T×3, V×3, F×2, I×2, R×2, Q×1, S×1, W×1","CGA×1248, CTC×834, TTA×544, GTG×395, ACT×298, GTA×272, TTC×69, TTT×17, ATT×15, TCA×11, CTT×8, TTG×8, CGG×2, ACA×1, ACG×1, ATA×1, CAG×1, GTC×1, TGG×1"
1245,nonsynonymous-only,0,1,14,3679,"I×2, K×2, C×1, D×1, E×1, L×1, N×1, Q×1, R×1, S×1, V×1, Y×1","CAA×1780, TAT×836, GAA×585, GAT×401, GTT×46, TTA×11, AAG×5, TGT×5, AAA×3, AAT×3, ATA×1, ATT×1, CGA×1, TCA×1"
1246,nonsynonymous-only,0,1,6,287,"G×1, I×1, L×1, R×1, S×1, V×1","CGT×272, TCA×6, ATC×3, GGA×3, GTA×2, TTA×1"
1247,nonsynonymous-only,0,1,2,836,"I×1, P×1","CCT×835, ATT×1"
1248,nonsynonymous-only,0,1,12,4107,"G×3, D×2, V×2, A×1, C×1, K×1, N×1, W×1","GGA×1542, GAT×1249, GAC×835, AAA×294, GGG×130, GGT×48, TGT×3, TGG×2, AAT×1, GCA×1, GTC×1, GTT×1"
1249,nonsynonymous-only,0,1,9,3377,"K×2, N×2, D×1, E×1, G×1, Q×1, Y×1","AAA×2115, GAA×1251, CAA×4, AAC×2, AAG×1, AAT×1, GAC×1, GGT×1, TAT×1"
1250,nonsynonymous-only,0,1,13,5274,"V×3, L×2, E×1, F×1, I×1, K×1, M×1, S×1, T×1, W×1","GTA×3454, TTT×836, TTA×695, TCA×272, TGG×3, TTG×3, AAA×2, ACA×2, ATA×2, GAG×2, ATG×1, GTG×1, GTT×1"
1251,nonsynonymous-only,0,1,8,1775,"K×1, L×1, Q×1, R×1, S×1, V×1, W×1, Y×1","AGA×835, CAA×531, AAA×395, TAT×5, GTA×3, TCA×3, TTA×2, TGG×1"
1252,nonsynonymous-only,0,1,10,1777,"G×2, T×2, E×1, K×1, Q×1, R×1, S×1, V×1","AAA×1348, GGG×395, GAA×18, AGA×4, ACC×3, TCA×3, ACA×2, GTG×2, CAG×1, GGA×1"
1253,nonsynonymous-only,0,1,5,1378,"C×1, F×1, P×1, S×1, V×1","TGT×837, TTT×532, GTA×4, TCT×3, CCA×2"
1254,nonsynonymous-only,0,1,5,1373,"C×1, S×1, T×1, V×1, W×1","TGC×835, ACC×531, TCT×3, GTC×2, TGG×2"
1255,nonsynonymous-only,0,1,5,1374,"H×2, K×1, P×1, Y×1","CAC×1297, CAT×70, TAC×3, AAA×2, CCT×2"
1256,nonsynonymous-only,0,1,2,6,"G×1, S×1","AGC×3, GGC×3"
1257,synonymous-only,1,0,2,836,L×2,"TTA×835, CTA×1"
1258,nonsynonymous-only,0,1,2,836,"N×1, Y×1","AAT×833, TAC×3"
1259,nonsynonymous-only,0,1,3,849,"P×2, F×1","CCA×833, CCT×13, TTT×3"
1260,nonsynonymous-only,0,1,3,849,"I×1, L×1, V×1","ATT×843, CTT×3, GTT×3"
1268,nonsynonymous-only,0,1,3,401,"F×1, K×1, Q×1","AAA×395, CAG×3, TTC×3"
1269,nonsynonymous-only,0,1,8,1933,"G×3, K×2, E×1, I×1, L×1","GGG×775, AAG×531, AAA×397, GAG×165, GGA×40, GGT×19, ATT×3, TTA×3"
1270,nonsynonymous-only,0,1,5,1933,"I×2, F×1, L×1, T×1","ATT×834, TTG×699, ACA×395, TTT×3, ATA×2"
1271,nonsynonymous-only,0,1,7,1933,"T×2, F×1, I×1, N×1, S×1, V×1","ATT×834, GTT×563, ACT×514, AAT×15, TCT×3, ACC×2, TTC×2"
1272,nonsynonymous-only,0,1,5,1933,"I×2, L×2, T×1","TTG×836, ATT×531, ATC×397, TTA×166, ACT×3"
1273,nonsynonymous-only,0,1,12,2217,"I×3, V×3, F×1, G×1, L×1, M×1, N×1, T×1","ATT×832, TTG×531, GTT×395, ATG×276, AAC×165, ATA×6, GGC×3, GTC×3, GTG×2, TTT×2, ACA×1, ATC×1"
1274,nonsynonymous-only,0,1,11,2217,"V×3, D×2, A×1, E×1, I×1, P×1, T×1, Y×1","GTA×1228, GTT×531, GCT×272, GAC×165, TAT×8, GAT×3, GTG×3, ACC×2, CCA×2, GAA×2, ATC×1"
1278,nonsynonymous-only,0,1,7,676,"E×1, H×1, I×1, N×1, R×1, S×1, T×1","CAC×392, AAC×272, ACT×3, CGC×3, GAG×3, ATT×2, AGC×1"
1279,nonsynonymous-only,0,1,8,2230,"I×3, L×3, F×1, S×1","TTA×836, ATC×669, CTC×533, TCA×165, CTG×13, ATA×11, ATT×2, TTT×1"
1280,nonsynonymous-only,0,1,15,2227,"G×2, I×2, V×2, A×1, C×1, E×1, F×1, K×1, M×1, N×1, S×1, T×1","GCA×833, ATC×531, GTC×399, GAG×272, TTC×163, AAA×15, ACA×2, ATG×2, GGT×2, GTG×2, TGC×2, AAT×1, AGT×1, ATA×1, GGA×1"
1281,nonsynonymous-only,0,1,12,2227,"H×2, L×2, S×2, C×1, D×1, I×1, Q×1, V×1, Y×1","CAA×834, GAC×531, TAT×395, TGT×272, CAT×159, GTT×13, CAC×8, TCC×5, CTC×3, TTG×3, ATA×2, TCA×2"
1282,nonsynonymous-only,0,1,11,2066,"I×2, L×2, S×2, A×1, K×1, P×1, Q×1, T×1","TCT×833, CTA×544, CCA×395, ATA×274, ACA×8, CAG×3, GCT×3, AAA×2, TTG×2, ATC×1, TCG×1"
1283,nonsynonymous-only,0,1,9,1398,"N×2, Q×2, F×1, K×1, R×1, S×1, T×1","AAA×714, CAG×394, AAC×272, AAT×5, ACA×3, CAA×3, CGA×3, TTT×3, TCG×1"
1284,nonsynonymous-only,0,1,7,1133,"D×1, E×1, H×1, M×1, N×1, P×1, Q×1","CCA×832, AAT×277, CAG×13, ATG×5, GAT×3, GAG×2, CAT×1"
1285,nonsynonymous-only,0,1,6,678,"L×3, F×1, S×1, W×1","TTG×395, TGG×272, TTA×5, TTT×3, CTT×2, TCA×1"
1286,nonsynonymous-only,0,1,9,1515,"L×2, S×2, F×1, I×1, T×1, V×1, Y×1","TTG×832, ATT×398, TCA×272, GTT×5, CTT×2, TAT×2, TCT×2, ACT×1, TTT×1"
1287,nonsynonymous-only,0,1,6,1508,"L×4, V×2","GTG×832, CTG×395, CTA×272, TTA×7, GTA×1, TTG×1"
1288,nonsynonymous-only,0,1,7,1511,"A×2, I×2, E×1, M×1, V×1","GCC×832, ATA×395, ATT×275, GCT×4, ATG×2, GAA×2, GTA×1"
1289,nonsynonymous-only,0,1,10,1697,"K×2, L×2, I×1, M×1, R×1, S×1, T×1, V×1","ATA×832, TCA×395, ATG×272, AAA×165, TTG×13, AGA×11, TTA×4, AAG×2, ACT×2, GTA×1"
1290,nonsynonymous-only,0,1,11,1698,"F×2, L×2, S×2, I×1, N×1, P×1, R×1, V×1","TTC×607, TTT×406, AGA×274, TCC×226, AAC×158, CTG×12, AGC×7, TTG×4, ATT×2, CCG×1, GTG×1"
1291,nonsynonymous-only,0,1,8,1698,"L×3, F×1, I×1, K×1, M×1, V×1","CTG×833, ATG×832, TTC×13, GTA×11, CTA×4, AAA×2, ATA×2, TTG×1"
1292,nonsynonymous-only,0,1,13,1962,"S×3, H×2, P×2, Y×2, C×1, F×1, R×1, V×1","CCC×832, TGC×530, TCC×395, CAC×158, TTC×13, CAT×11, CGC×7, CCA×5, TAT×4, AGC×2, GTC×2, TCT×2, TAC×1"
1293,nonsynonymous-only,0,1,11,1820,"D×1, E×1, F×1, I×1, K×1, L×1, N×1, Q×1, S×1, T×1, Y×1","GAA×832, GAT×531, TTG×371, TTT×31, AAA×23, ATC×13, TCA×11, CAA×3, AAT×2, TAC×2, ACA×1"
1294,nonsynonymous-only,0,1,10,1957,"L×3, V×2, I×1, M×1, N×1, T×1, W×1","TGG×832, TTG×531, AAC×371, ATT×165, ATG×36, TTA×11, GTT×5, CTT×3, ACG×2, GTG×1"
1295,nonsynonymous-only,0,1,8,1251,"K×2, Q×2, L×1, M×1, W×1, Y×1","CAG×832, ATG×371, AAA×23, TGG×11, CAA×8, TAT×3, CTA×2, AAG×1"
1296,nonsynonymous-only,0,1,13,2247,"R×3, A×1, G×1, I×1, K×1, L×1, M×1, P×1, S×1, T×1, V×1","CGA×816, ATG×806, GTA×406, AAG×159, CCA×16, ACA×13, AGA×11, AGG×6, TCA×5, CTA×3, GGG×3, ATA×2, GCG×1"
1297,nonsynonymous-only,0,1,11,1975,"E×2, V×2, A×1, G×1, I×1, K×1, M×1, R×1, T×1","AAA×1365, GAG×370, ATG×171, GGT×23, ATA×21, AGG×11, ACG×6, GTG×3, GTT×3, GAA×1, GCA×1"
1298,nonsynonymous-only,0,1,9,1809,"L×3, G×1, I×1, K×1, M×1, V×1, W×1","AAG×832, TTA×533, TTG×374, GGG×34, ATA×13, TGG×12, CTA×5, ATG×3, GTT×3"
1299,nonsynonymous-only,0,1,7,419,"F×2, I×2, S×2, V×1","TCG×371, ATC×17, TTT×13, TCT×11, ATT×3, GTC×3, TTC×1"
1300,nonsynonymous-only,0,1,5,383,"L×1, N×1, S×1, V×1, Y×1","GTT×371, AGT×5, TAT×3, TTA×3, AAT×1"
1301,nonsynonymous-only,0,1,3,11,"V×2, L×1","GTA×7, TTA×3, GTC×1"
1302,nonsynonymous-only,0,1,4,383,"L×3, Q×1","CAG×371, TTG×8, TTA×3, CTT×1"
1303,nonsynonymous-only,0,1,4,382,"E×1, I×1, S×1, V×1","GAA×371, TCA×5, ATA×3, GTA×3"
1304,nonsynonymous-only,0,1,5,389,"N×2, I×1, S×1, Y×1","ATC×371, AAT×9, TAC×5, AGT×3, AAC×1"
1305,nonsynonymous-only,0,1,2,379,"I×1, L×1","ATA×371, TTA×8"
1306,nonsynonymous-only,0,1,3,379,"I×1, L×1, M×1","ATG×371, TTA×5, ATA×3"
1307,nonsynonymous-only,0,1,3,379,"F×1, S×1, V×1","AGC×371, TTT×5, GTA×3"
1308,nonsynonymous-only,0,1,2,8,"L×1, S×1","CTT×5, TCT×3"
1309,nonsynonymous-only,0,1,4,379,"A×1, K×1, L×1, R×1","TTG×371, AGA×4, GCT×3, AAA×1"
1310,nonsynonymous-only,0,1,5,1212,"I×2, A×1, M×1, S×1","GCG×832, ATA×371, ATT×7, ATG×1, TCA×1"
1311,nonsynonymous-only,0,1,6,1212,"A×1, I×1, N×1, Q×1, S×1, V×1","GCA×832, CAG×371, AGT×4, GTT×3, AAT×1, ATT×1"
1312,nonsynonymous-only,0,1,7,1223,"F×2, V×2, I×1, P×1, S×1","GTT×831, TTC×371, GTA×13, TCT×5, ATT×1, CCT×1, TTT×1"
1313,nonsynonymous-only,0,1,11,2234,"G×3, A×1, D×1, H×1, I×1, K×1, N×1, S×1, V×1","GCT×837, GAT×531, CAC×371, GGA×272, ATT×172, AAT×40, AGT×3, GTT×3, AAA×2, GGT×2, GGG×1"
1314,nonsynonymous-only,0,1,14,2251,"D×2, G×2, L×2, F×1, H×1, I×1, N×1, R×1, S×1, V×1, W×1","TTA×1363, TTT×536, GGC×272, CGA×25, TTG×14, TCC×12, CAT×8, AAT×5, GAC×5, GTT×3, TGG×3, ATT×2, GGA×2, GAT×1"
1315,nonsynonymous-only,0,1,14,2255,"I×3, R×2, E×1, F×1, H×1, K×1, L×1, M×1, N×1, T×1, V×1","CGT×832, AAT×532, ATC×371, TTG×272, CAT×165, GTT×25, ATG×13, ACT×12, AAA×11, ATA×6, ATT×6, GAA×5, TTT×3, AGA×2"
1316,nonsynonymous-only,0,1,14,2121,"I×2, N×2, T×2, A×1, D×1, E×1, F×1, G×1, K×1, L×1, M×1","GAG×900, GCA×832, ACA×275, ATT×48, GAT×23, AAG×16, AAC×6, ACG×5, ATG×5, TTG×3, AAT×2, ATC×2, GGG×2, TTT×2"
1317,nonsynonymous-only,0,1,8,1588,"E×2, K×1, L×1, M×1, N×1, Q×1, Y×1","GAA×852, AAT×371, ATG×272, AAA×33, TAT×25, GAG×23, CAG×8, TTG×4"
1318,nonsynonymous-only,0,1,5,476,"K×2, F×1, Q×1, R×1","AAA×287, AAG×165, TTC×13, CAA×8, AGG×3"
1320,nonsynonymous-only,0,1,9,848,"E×2, V×2, G×1, I×1, L×1, N×1, S×1","GAA×371, GTT×188, GGA×165, ATT×90, AAT×13, GAG×12, GTG×5, TTA×3, AGC×1"
1321,nonsynonymous-only,0,1,7,848,"I×2, V×2, F×1, L×1, R×1","AGA×371, TTT×272, GTA×178, GTT×12, ATT×8, TTG×6, ATA×1"
1322,nonsynonymous-only,0,1,6,669,"L×2, I×1, P×1, S×1, T×1","ACA×371, ATA×275, TCA×12, TTA×6, CTA×4, CCA×1"
1323,nonsynonymous-only,0,1,2,8,"I×1, M×1","ATG×5, ATC×3"
1324,nonsynonymous-only,0,1,3,8,"A×1, I×1, T×1","ATT×5, ACC×2, GCC×1"
1334,nonsynonymous-only,0,1,6,384,"L×3, I×1, S×1, V×1","TTG×371, ATT×4, CTT×3, TTA×3, TCC×2, GTT×1"
1336,nonsynonymous-only,0,1,2,383,"I×1, K×1","ATA×380, AAA×3"
1337,nonsynonymous-only,0,1,2,374,"E×1, N×1","GAG×371, AAT×3"
