codon_index,category,syn_changes,nonsyn_changes,n_variants,n_sequences,aa_states,codon_counts
52,nonsynonymous-only,0,1,3,282,"E×1, I×1, K×1","GAA×279, ATC×2, AAA×1"
119,nonsynonymous-only,0,1,3,280,"G×1, R×1, V×1","AGA×278, GGA×1, GTT×1"
120,synonymous-only,1,0,2,280,T×2,"ACT×277, ACG×3"
121,nonsynonymous-only,0,1,2,280,"E×1, Q×1","GAA×279, CAA×1"
122,nonsynonymous-only,0,1,2,280,"I×1, S×1","AGT×279, ATT×1"
123,synonymous-only,1,0,2,5,Q×2,"CAG×4, CAA×1"
188,nonsynonymous-only,0,1,2,3,"D×1, Y×1","TAT×2, GAT×1"
189,nonsynonymous-only,0,1,4,530,"E×1, F×1, K×1, M×1","GAG×480, ATG×47, TTT×2, AAG×1"
190,nonsynonymous-only,0,1,2,530,"I×1, L×1","CTT×529, ATT×1"
204,nonsynonymous-only,0,1,5,2538,"F×1, M×1, P×1, T×1, V×1","ATG×2255, ACA×279, CCA×2, GTC×1, TTC×1"
205,nonsynonymous-only,0,1,5,3506,"C×1, F×1, I×1, K×1, S×1","AAA×1532, AGT×1003, TGT×923, TTT×47, ATT×1"
206,nonsynonymous-only,0,1,7,3510,"L×3, P×1, Q×1, S×1, Y×1","CCA×1252, TTG×1003, CAG×920, TTA×279, TAT×54, CTC×1, TCA×1"
207,nonsynonymous-only,0,1,14,4895,"L×4, I×3, F×1, K×1, M×1, N×1, R×1, S×1, V×1","GTT×1252, CGG×1003, AAT×920, ATG×901, ATT×464, CTT×279, TCA×47, ATC×16, TTA×7, TTG×2, AAG×1, ATA×1, CTA×1, TTT×1"
208,nonsynonymous-only,0,1,13,7566,"V×3, K×2, L×2, E×1, I×1, M×1, R×1, S×1, T×1","ATG×3574, GTT×1274, GTG×986, CTA×810, AAA×487, ACC×279, GAA×82, GTA×61, ATA×8, TCT×2, AAG×1, AGG×1, CTT×1"
209,nonsynonymous-only,0,1,12,8293,"D×2, K×2, T×2, E×1, L×1, N×1, Q×1, R×1, S×1","GAA×3876, ACT×1182, CAA×1149, AAA×884, AGA×697, AAG×481, AAT×8, GAC×8, AGT×3, TTA×3, ACA×1, GAT×1"
210,nonsynonymous-only,0,1,17,8309,"L×4, S×2, T×2, V×2, A×1, E×1, F×1, G×1, I×1, K×1, M×1","TTA×2171, TCA×1730, AAA×1188, TCG×901, CTC×789, GTA×543, TTG×507, GAA×280, GTG×84, ATC×47, CTT×18, GGT×16, ATG×15, ACT×9, GCT×8, TTT×2, ACG×1"
211,nonsynonymous-only,0,1,14,8301,"I×2, T×2, V×2, Y×2, E×1, F×1, K×1, L×1, N×1, S×1","AAA×3753, GTA×997, ATA×931, TAC×816, ATT×776, ACA×727, GAA×275, CTA×11, AAT×6, ACT×3, AGT×2, TAT×2, GTT×1, TTT×1"
212,nonsynonymous-only,0,1,17,7502,"S×3, I×2, K×2, L×2, A×1, E×1, F×1, H×1, N×1, Q×1, R×1, V×1","AAT×1485, GTT×1408, ATA×1188, AGT×1164, TCC×920, AAA×636, AAG×487, AGC×165, AGA×16, GCT×9, TTA×8, CAA×5, CAC×5, ATT×2, GAA×2, TTG×1, TTT×1"
213,nonsynonymous-only,0,1,5,295,"Q×2, L×1, P×1, R×1","TTA×284, CAG×8, AGA×1, CAA×1, CCA×1"
233,nonsynonymous-only,0,1,4,1602,"D×2, N×1, S×1","AAC×920, GAT×680, AGC×1, GAC×1"
234,nonsynonymous-only,0,1,2,921,"I×1, L×1","ATA×920, TTA×1"
281,nonsynonymous-only,0,1,2,921,"I×1, T×1","ACC×920, ATC×1"
282,nonsynonymous-only,0,1,8,3213,"A×2, I×1, K×1, L×1, M×1, R×1, T×1","GCG×1530, AAA×920, AGA×727, TTA×29, ATA×4, ACA×1, ATG×1, GCA×1"
283,nonsynonymous-only,0,1,14,3776,"T×3, I×2, K×2, V×2, D×1, E×1, M×1, N×1, Q×1","ACA×2171, ATT×1265, CAA×275, AAT×18, GTC×16, GAA×9, AAA×8, GTT×7, ACT×2, AAG×1, ACG×1, ATA×1, ATG×1, GAT×1"
284,nonsynonymous-only,0,1,13,3776,"I×3, L×2, V×2, A×1, D×1, K×1, M×1, T×1, Y×1","AAA×1271, ACA×1006, TAC×920, ATT×548, GTT×11, TTG×7, ATA×5, ATC×2, GTC×2, ATG×1, CTT×1, GAT×1, GCG×1"
285,nonsynonymous-only,0,1,13,3237,"I×2, L×2, T×2, C×1, E×1, F×1, M×1, N×1, R×1, V×1","ATC×1252, AAC×920, TTC×727, CGT×279, ACC×16, ACG×11, GTA×10, TGC×9, TTG×6, GAG×3, ATG×2, ATT×1, TTA×1"
286,nonsynonymous-only,0,1,13,4643,"I×3, A×2, G×2, F×1, M×1, N×1, S×1, V×1, Y×1","ATT×1532, GGT×1187, ATG×921, GCT×727, TTT×248, ATA×11, GCG×7, GTT×3, ATC×2, TAT×2, AAT×1, GGA×1, TCT×1"
287,nonsynonymous-only,0,1,15,3230,"G×4, D×2, F×2, K×2, R×2, I×1, W×1, Y×1","GAT×1252, TAT×922, AAG×727, GAC×280, GGG×16, TGG×11, TTT×7, CGC×5, GGA×3, GGT×2, AAA×1, ATC×1, CGG×1, GGC×1, TTC×1"
288,nonsynonymous-only,0,1,10,3795,"N×2, S×2, D×1, G×1, I×1, K×1, R×1, W×1","AAA×1690, AAT×1254, AGA×705, ATA×103, GAT×16, AGT×11, TCT×7, TGG×5, AAC×3, GGC×1"
289,nonsynonymous-only,0,1,13,3214,"E×2, G×2, K×2, L×2, R×2, F×1, W×1, Y×1","GGG×1251, AAG×912, AAA×740, TTG×278, TGG×10, GAA×8, TTT×7, AGA×3, CGA×1, GAG×1, GGA×1, TAT×1, TTA×1"
290,nonsynonymous-only,0,1,12,3218,"R×2, E×1, G×1, I×1, K×1, M×1, N×1, P×1, S×1, T×1, V×1","ATG×1253, CCG×920, GTA×730, AAG×284, GAA×11, ATA×7, AGA×6, AAT×2, ACA×2, AGG×1, AGT×1, GGA×1"
291,nonsynonymous-only,0,1,9,1665,"Q×2, S×2, F×1, I×1, L×1, M×1, V×1","TCC×919, CAA×699, CAG×28, GTC×7, ATG×6, ATT×2, TTT×2, CTT×1, TCT×1"
292,nonsynonymous-only,0,1,3,5,"A×1, I×1, M×1","ATA×2, GCT×2, ATG×1"
314,nonsynonymous-only,0,1,4,52,"D×1, I×1, N×1, R×1","ATT×47, AAT×2, AGA×2, GAT×1"
315,nonsynonymous-only,0,1,3,50,"F×1, P×1, V×1","CCT×47, TTC×2, GTT×1"
316,nonsynonymous-only,0,1,3,50,"C×1, N×1, T×1","TGC×47, AAT×2, ACC×1"
317,nonsynonymous-only,0,1,2,50,"S×1, Y×1","TAC×48, TCC×2"
321,nonsynonymous-only,0,1,5,971,"F×1, I×1, P×1, R×1, S×1","CGG×920, TTT×47, ATT×2, CCA×1, TCA×1"
322,nonsynonymous-only,0,1,11,1835,"L×3, F×2, V×2, E×1, M×1, T×1, Y×1","TTT×920, TTC×681, ATG×97, GTC×82, CTG×47, ACT×2, CTA×2, GAA×1, GTG×1, TAC×1, TTA×1"
323,nonsynonymous-only,0,1,16,3135,"I×2, L×2, S×2, C×1, F×1, H×1, K×1, M×1, N×1, Q×1, R×1, T×1, Y×1","AAA×1593, AAT×904, AGC×480, AGA×82, ATG×47, TTA×9, ATA×8, CAT×2, TAT×2, TGC×2, ACA×1, AGT×1, ATT×1, CAA×1, CTT×1, TTC×1"
324,nonsynonymous-only,0,1,15,4398,"I×3, L×3, T×3, E×2, K×2, M×1, R×1","AAA×1243, ATT×813, GAA×791, AAG×683, AGG×481, GAG×130, ATC×97, ACC×82, ACA×56, ATA×9, CTT×5, ATG×3, TTA×3, ACG×1, CTA×1"
325,nonsynonymous-only,0,1,17,3811,"L×5, A×2, K×2, H×1, I×1, M×1, P×1, Q×1, S×1, T×1, W×1","ATA×1810, GCG×920, AAA×492, CCA×203, CAA×98, TTG×95, TCA×83, TTA×49, ACA×31, TGG×11, CTG×9, CTT×3, CAC×2, CTC×2, AAG×1, ATG×1, GCA×1"
326,nonsynonymous-only,0,1,3,1331,"L×2, I×1","CTT×1246, CTA×82, ATT×3"
327,nonsynonymous-only,0,1,4,1248,"F×2, G×1, S×1","AGT×920, TTT×280, TTC×47, GGT×1"
328,nonsynonymous-only,0,1,2,281,"P×1, S×1","AGT×280, CCT×1"
329,nonsynonymous-only,0,1,3,281,"F×1, I×1, V×1","ATT×146, GTT×134, TTC×1"
338,nonsynonymous-only,0,1,3,7,"L×1, R×1, Y×1","CTT×5, CGT×1, TAT×1"
339,nonsynonymous-only,0,1,5,982,"K×2, P×2, A×1","CCA×920, GCT×47, AAA×9, AAG×5, CCT×1"
340,nonsynonymous-only,0,1,16,6955,"T×3, F×2, I×2, L×2, V×2, D×1, G×1, N×1, S×1, Y×1","ATC×1732, ATT×1359, GTC×1343, TTC×1184, ACC×810, GAT×190, ACT×103, TTT×100, ACA×66, AAT×40, TCT×15, GTT×5, TAT×5, CTT×1, GGG×1, TTA×1"
341,nonsynonymous-only,0,1,25,8379,"G×4, I×3, D×2, E×2, K×2, S×2, T×2, Y×2, F×1, N×1, P×1, Q×1, R×1, W×1","AAA×2630, GAA×1918, AGA×1501, GGC×797, CCT×538, GGA×413, CAA×279, TCC×97, TGG×82, TAC×47, GAG×15, GGT×13, ACT×12, GAC×8, TTT×7, AGC×5, ATT×3, GGG×3, TAT×3, AAG×2, AAT×2, ACC×1, ATA×1, ATC×1, GAT×1"
342,nonsynonymous-only,0,1,10,8486,"E×2, K×2, G×1, I×1, N×1, Q×1, R×1, T×1","AAA×4895, GGA×1382, GAG×727, AAG×686, AAC×581, AGA×108, ACA×93, GAA×10, CAG×3, ATA×1"
343,nonsynonymous-only,0,1,18,4913,"S×3, T×3, A×2, F×2, L×2, E×1, I×1, K×1, M×1, P×1, R×1","AAA×1531, ACG×807, TCA×695, TCC×568, ATC×480, TCT×337, GAA×230, ACA×105, AGA×82, CCG×47, TTT×9, TTC×7, GCA×6, ATG×3, ACC×2, GCC×2, CTA×1, TTG×1"
344,nonsynonymous-only,0,1,10,3651,"T×2, V×2, Y×2, F×1, I×1, N×1, Q×1","TAC×1601, ACC×807, AAT×592, GTT×279, ATT×275, ACT×78, CAA×9, GTA×8, TAT×1, TTT×1"
345,nonsynonymous-only,0,1,16,2892,"L×3, N×2, R×2, D×1, E×1, F×1, G×1, H×1, I×1, P×1, S×1, T×1","CAC×920, ACT×807, TTG×480, CCC×279, CTA×228, AGA×97, TTT×47, ATT×10, CGC×8, GAT×7, AAT×3, TCT×2, AAC×1, CTG×1, GAA×1, GGG×1"
346,nonsynonymous-only,0,1,12,2888,"T×4, S×3, R×2, D×1, K×1, N×1","GAT×920, AAA×807, ACA×507, ACT×480, TCC×97, TCG×47, AGA×11, CGG×8, AGC×7, AAC×2, ACC×1, ACG×1"
347,nonsynonymous-only,0,1,8,1508,"L×3, F×2, D×1, N×1, S×1","TTG×908, TTT×304, AAT×220, CTA×47, CTG×13, GAT×8, TCT×7, TTC×1"
349,nonsynonymous-only,0,1,2,10,"A×1, V×1","GTT×7, GCT×3"
350,nonsynonymous-only,0,1,4,19,"P×2, F×1, W×1","TTT×11, CCC×6, CCT×1, TGG×1"
351,nonsynonymous-only,0,1,6,1668,"L×3, M×1, R×1, V×1","ATG×1485, GTG×162, TTA×11, CTA×7, TTG×2, CGA×1"
352,nonsynonymous-only,0,1,17,7723,"L×4, F×2, H×2, P×2, Q×2, R×2, E×1, N×1, Y×1","CTT×2002, TTT×1631, CGT×1179, CAC×901, CAA×727, AAT×538, TTC×480, CAT×114, TAT×104, CAG×16, GAA×11, TTA×9, CGA×6, CTC×2, CCA×1, CCT×1, CTA×1"
353,nonsynonymous-only,0,1,18,4697,"L×3, H×2, Q×2, S×2, T×2, A×1, C×1, F×1, M×1, P×1, W×1, Y×1","TGG×1252, CAC×1183, ATG×727, CAG×480, GCT×433, CAA×228, ACT×105, CTT×100, TTG×99, TAT×48, TCT×17, CAT×9, TTC×7, CTA×3, TCA×3, ACG×1, CCC×1, TGT×1"
354,nonsynonymous-only,0,1,15,7722,"L×3, T×3, I×2, K×2, R×2, M×1, S×1, V×1","ATA×1754, ACG×1447, ATC×1268, TTG×1189, AAG×845, ATG×809, TTA×335, TCG×47, ACC×9, AAA×7, AGG×6, ACA×3, CGA×1, CTG×1, GTG×1"
355,nonsynonymous-only,0,1,21,7714,"T×4, V×3, E×2, G×2, I×2, K×2, A×1, D×1, L×1, M×1, N×1, Y×1","ATG×2182, ATA×1735, GCG×1271, GTA×1183, GAT×539, GTG×376, CTG×228, ATT×82, ACT×48, ACG×16, GAG×16, ACA×12, AAT×7, AAG×6, GAA×3, GGG×3, AAA×2, TAT×2, ACC×1, GGA×1, GTT×1"
356,nonsynonymous-only,0,1,16,3842,"F×2, G×2, L×2, P×2, S×2, D×1, K×1, N×1, Q×1, V×1, Y×1","TTT×1012, TCA×920, TCT×809, GGT×537, TTA×284, CAA×143, TAT×103, GTT×11, AAT×9, CTG×4, CCT×3, GAC×3, AAG×1, CCA×1, GGC×1, TTC×1"
357,nonsynonymous-only,0,1,14,5153,"I×2, L×2, R×2, A×1, N×1, P×1, Q×1, S×1, T×1, V×1, Y×1","ACT×1252, CAA×1003, CGA×920, CTG×807, ATT×774, GCC×278, CTT×83, CCT×16, CGT×8, ATC×5, TCT×3, TAT×2, AAT×1, GTA×1"
358,nonsynonymous-only,0,1,8,4579,"L×2, S×2, C×1, F×1, I×1, Y×1","TGC×2327, TCG×1085, TTA×1019, TTG×85, ATA×47, TCT×9, TTT×5, TAC×2"
359,nonsynonymous-only,0,1,12,5785,"L×3, A×1, E×1, K×1, M×1, P×1, Q×1, R×1, T×1, Y×1","CTT×1810, AAA×1596, CCA×1251, GCT×727, ACG×278, CAA×87, CGA×16, CTG×8, GAA×6, CTA×3, TAT×2, ATG×1"
360,nonsynonymous-only,0,1,2,682,"F×1, S×1","TTC×681, TCC×1"
363,nonsynonymous-only,0,1,2,682,"K×1, R×1","AAA×678, AGA×4"
364,nonsynonymous-only,0,1,11,5251,"S×2, T×2, A×1, C×1, F×1, G×1, K×1, Q×1, Y×1","AAA×2732, TCC×1247, CAA×691, TTC×279, ACC×228, ACA×47, GGA×16, TAC×8, GCC×1, TCA×1, TGC×1"
365,nonsynonymous-only,0,1,6,5891,"R×3, T×1, V×1, W×1","AGG×1968, AGA×1737, TGG×1245, ACA×807, CGG×133, GTA×1"
366,nonsynonymous-only,0,1,3,1685,"L×1, N×1, R×1","AAC×1003, CTC×456, CGC×226"
367,nonsynonymous-only,0,1,7,6543,"T×2, D×1, K×1, L×1, N×1, R×1","AAA×2072, AAT×1296, ACT×1252, GAT×994, AGA×920, CTA×8, ACC×1"
368,nonsynonymous-only,0,1,10,4985,"L×3, F×2, R×2, Q×1, S×1, W×1","TTA×1484, TCA×1261, TTG×1036, CAA×959, TTT×98, TTC×97, CTT×47, AGG×1, CGA×1, TGG×1"
369,nonsynonymous-only,0,1,11,5614,"L×3, S×2, F×1, G×1, Q×1, R×1, W×1, Y×1","TTG×1281, TTA×1252, TGG×1251, CTG×728, CAG×655, CGG×365, TCC×36, TCG×32, TAC×11, GGA×2, TTT×1"
370,nonsynonymous-only,0,1,19,7740,"L×5, A×2, G×2, V×2, D×1, E×1, F×1, N×1, P×1, Q×1, R×1, T×1","GCT×1546, CCA×1526, CTG×1252, TTT×1183, GAA×682, GTT×602, CTT×527, GTA×278, CTC×97, GAT×17, CAA×8, GGC×8, CGT×5, ACT×3, TTA×2, AAT×1, CTA×1, GCA×1, GGA×1"
371,nonsynonymous-only,0,1,8,4179,"F×2, L×2, P×1, S×1, V×1, Y×1","TTT×1982, TTG×921, TTC×889, TTA×287, GTT×97, CCA×1, TAT×1, TCG×1"
375,nonsynonymous-only,0,1,6,7821,"R×2, E×1, G×1, H×1, W×1","AGG×3420, TGG×2529, CGG×920, GGG×808, GAG×97, CAT×47"
376,nonsynonymous-only,0,1,19,7632,"R×4, S×3, A×2, C×2, T×2, F×1, H×1, L×1, P×1, Q×1, W×1","TGG×1252, TCC×1035, CAG×1003, CGA×920, TGT×760, ACA×727, TGC×669, CGC×481, CGT×419, TTT×279, CTT×47, CCA×14, AGC×13, GCA×5, CGG×3, TCA×2, ACC×1, CAT×1, GCC×1"
377,nonsynonymous-only,0,1,8,7007,"E×2, D×1, F×1, K×1, N×1, Q×1, S×1","AAA×4158, GAT×1198, CAG×807, TTC×682, GAA×113, AGT×47, AAC×1, GAG×1"
378,nonsynonymous-only,0,1,7,7745,"R×2, T×2, C×1, L×1, W×1","TGG×3580, CGG×2916, TGT×1198, TTG×47, ACA×2, ACG×1, CGA×1"
379,nonsynonymous-only,0,1,14,7853,"L×3, G×2, Y×2, C×1, D×1, F×1, I×1, Q×1, R×1, S×1","CGC×2060, TTC×1915, CTC×1283, GGC×1006, TGC×726, TTG×682, TAC×97, TAT×47, AGC×13, GAT×11, ATC×8, TTA×3, CAA×1, GGT×1"
380,nonsynonymous-only,0,1,10,7854,"I×2, R×2, D×1, G×1, L×1, Q×1, W×1, Y×1","TGG×4137, AGG×2329, ATT×1198, TAT×107, CAA×47, CGG×29, CTC×3, GGG×2, ATA×1, GAT×1"
381,nonsynonymous-only,0,1,10,4506,"L×4, E×1, K×1, M×1, Q×1, R×1, W×1","CAA×2198, ATG×1198, AAA×576, GAA×375, CTG×93, CTT×47, TGG×11, CTA×4, TTG×3, AGA×1"
382,nonsynonymous-only,0,1,12,7306,"K×2, A×1, E×1, G×1, H×1, I×1, N×1, R×1, S×1, T×1, V×1","AAC×2260, GAG×1934, ATC×1300, AAG×1012, AGC×541, CAC×97, GGA×95, AGG×47, ACT×11, AAA×6, GTC×2, GCA×1"
383,nonsynonymous-only,0,1,15,8516,"D×2, H×2, N×2, Y×2, A×1, C×1, F×1, K×1, Q×1, R×1, S×1","TAC×2750, AAC×1757, TGC×1198, GAC×1029, CAC×816, TAT×682, CGC×98, GCC×95, AAT×50, AGT×11, AAG×10, TTT×9, GAT×7, CAA×3, CAT×1"
384,nonsynonymous-only,0,1,19,8515,"L×3, N×2, S×2, T×2, Y×2, A×1, C×1, D×1, F×1, H×1, I×1, P×1, V×1","TTT×2030, GTT×1614, GCT×1287, CAT×908, GAT×807, AAT×743, TAT×491, TAC×241, TCT×147, TTA×97, CTT×94, ATT×30, ACC×9, AAC×8, ACT×3, CCT×3, AGT×1, CTA×1, TGT×1"
385,nonsynonymous-only,0,1,12,8517,"I×3, S×2, A×1, D×1, F×1, G×1, L×1, N×1, V×1","ATT×3263, GTT×2950, AGC×1188, TTT×481, ATC×279, AAT×228, GAT×92, AGT×19, ATA×11, CTT×2, GCT×2, GGC×2"
386,nonsynonymous-only,0,1,13,7823,"L×2, S×2, A×1, E×1, G×1, K×1, N×1, P×1, Q×1, R×1, T×1","AAA×2886, GAA×1764, CAA×1267, AAT×1198, CCG×473, GGA×97, TTA×96, TCG×23, AGG×9, TTG×7, ACA×1, GCA×1, TCA×1"
387,nonsynonymous-only,0,1,15,6691,"L×3, P×2, S×2, C×1, F×1, H×1, I×1, M×1, N×1, W×1, Y×1","TAT×1273, AAT×1230, TTA×1198, TGT×905, TCA×755, ATG×683, CCA×452, TGG×95, TCT×47, CTT×25, CAT×16, TTG×7, TTT×3, ATT×1, CCT×1"
388,nonsynonymous-only,0,1,11,7943,"P×2, C×1, D×1, F×1, H×1, L×1, N×1, R×1, S×1, Y×1","TTT×2451, TAT×2385, GAT×1507, CAT×1222, CCC×97, AGG×95, TCT×82, AAT×55, TGT×47, CCT×1, CTT×1"
389,nonsynonymous-only,0,1,21,7036,"F×2, G×2, I×2, N×2, R×2, S×2, Y×2, C×1, E×1, K×1, L×1, Q×1, V×1, W×1","AGC×1253, TTT×1213, TAC×920, TGG×807, TAT×727, AAA×720, TGC×682, TTC×279, GAG×197, CTG×97, GTT×83, GGG×31, AAT×9, GGC×7, CGC×5, AAC×1, ATC×1, ATT×1, CAA×1, CGG×1, TCC×1"
390,nonsynonymous-only,0,1,9,6274,"G×2, R×2, K×1, L×1, S×1, T×1, W×1","AGG×3197, TCA×1198, CGG×809, GGG×741, TGG×208, GGA×97, AAA×16, TTG×7, ACG×1"
391,nonsynonymous-only,0,1,2,8,"D×1, V×1","GTT×7, GAT×1"
392,nonsynonymous-only,0,1,6,834,"F×1, I×1, P×1, T×1, W×1, Y×1","TGG×810, TTT×11, ACA×7, ATC×3, TAT×2, CCG×1"
393,nonsynonymous-only,0,1,13,1863,"I×3, L×2, T×2, A×1, E×1, F×1, R×1, S×1, V×1","ACA×808, CTG×537, GCA×480, TTT×12, ATT×7, GAA×5, GTA×5, ACG×3, ATC×2, ATA×1, CGG×1, CTA×1, TCA×1"
394,nonsynonymous-only,0,1,9,566,"F×2, D×1, I×1, M×1, N×1, V×1, W×1, Y×1","GTT×434, ATT×103, AAC×11, TAT×5, TTT×5, GAC×3, TGG×3, ATG×1, TTC×1"
395,nonsynonymous-only,0,1,5,572,"F×2, H×1, L×1, P×1","TTT×552, TTC×8, CCC×6, CAT×3, TTA×3"
396,nonsynonymous-only,0,1,7,1959,"L×5, N×1, V×1","TTA×809, CTG×542, CTA×488, TTG×114, GTG×3, AAT×2, CTT×1"
397,nonsynonymous-only,0,1,12,1958,"L×2, P×2, S×2, E×1, K×1, M×1, R×1, T×1, V×1","CGA×808, TCG×538, CTC×480, AAA×97, GTA×14, ATG×7, GAG×5, CTG×3, CCC×2, CCT×2, ACA×1, AGT×1"
398,nonsynonymous-only,0,1,10,1946,"L×3, F×1, K×1, R×1, S×1, V×1, W×1, Y×1","TTC×808, TAT×538, TCC×480, AAA×97, TTG×8, CTA×5, TGG×4, GTG×3, TTA×2, CGG×1"
399,nonsynonymous-only,0,1,10,2139,"E×2, Q×2, F×1, K×1, M×1, R×1, W×1, Y×1","CAG×1198, TGG×808, TAT×105, AAA×13, CAA×5, ATG×4, GAA×3, CGT×1, GAG×1, TTT×1"
400,nonsynonymous-only,0,1,14,1868,"L×3, Q×2, R×2, C×1, H×1, K×1, N×1, S×1, W×1, Y×1","TTG×1194, CAG×538, TGG×97, AAT×11, TAT×7, TGT×5, TTA×4, AGA×3, CAC×3, AAA×2, AGC×1, CAA×1, CGA×1, CTA×1"
401,nonsynonymous-only,0,1,9,2636,"L×3, C×2, F×2, S×1, W×1","TTA×1246, CTT×808, TCT×547, TTT×12, TGT×11, TGC×5, TTC×4, TGG×2, TTG×1"
402,nonsynonymous-only,0,1,13,2961,"I×2, S×2, D×1, F×1, G×1, K×1, L×1, M×1, N×1, R×1, T×1","GAT×1198, AAT×1040, ATG×538, AGC×97, ATT×50, TTT×12, ATA×11, GGT×9, AAA×2, ACT×1, AGA×1, CTT×1, TCT×1"
403,nonsynonymous-only,0,1,8,578,"Y×2, A×1, D×1, H×1, L×1, S×1, W×1","GAT×548, TGG×9, CTT×7, TAT×6, TAC×5, CAT×1, GCT×1, TCC×1"
404,nonsynonymous-only,0,1,2,2,"L×1, W×1","TGG×1, TTA×1"
405,nonsynonymous-only,0,1,3,4,"F×2, Q×1","TTT×2, CAG×1, TTC×1"
408,nonsynonymous-only,0,1,2,1004,"E×1, K×1","GAA×1003, AAA×1"
423,nonsynonymous-only,0,1,3,100,"D×1, N×1, R×1","AAC×97, AGA×2, GAT×1"
424,nonsynonymous-only,0,1,3,100,"L×1, N×1, S×1","AAT×97, TTG×2, TCA×1"
425,nonsynonymous-only,0,1,15,6331,"I×3, L×3, V×3, N×2, A×1, F×1, P×1, T×1","ACT×1252, TTT×1019, GTA×909, AAC×808, ATA×727, GTT×682, ATT×541, ATC×278, CCT×97, GTG×11, GCT×3, AAT×1, CTA×1, CTT×1, TTG×1"
426,nonsynonymous-only,0,1,19,6344,"L×4, T×4, A×2, G×2, R×2, E×1, F×1, K×1, P×1, Y×1","TTG×1256, GCC×993, GGC×807, TTA×755, ACG×728, GAG×682, ACA×540, ACC×220, CTA×187, CCC×97, ACT×58, GCT×10, AAA×5, CGA×1, CGT×1, CTG×1, GGT×1, TAC×1, TTT×1"
427,nonsynonymous-only,0,1,18,7561,"T×3, I×2, L×2, P×2, V×2, A×1, D×1, E×1, K×1, M×1, R×1, S×1","ACT×1684, AAA×1535, ACA×1405, TTA×1200, ACG×785, GTA×538, CCT×279, GCA×97, CCA×11, ATA×10, GTT×7, AGG×3, ATG×2, ATT×1, CTA×1, GAA×1, GAT×1, TCA×1"
428,nonsynonymous-only,0,1,15,8050,"L×3, A×2, P×2, S×2, F×1, G×1, I×1, Q×1, T×1, V×1","TCA×3852, CTA×1256, CCA×920, GCG×680, TTT×543, GGG×480, CAA×295, TTA×8, ATA×4, TCT×3, ACA×2, CCG×2, GCT×2, GTA×2, CTT×1"
429,nonsynonymous-only,0,1,17,5569,"S×3, T×3, G×2, I×2, D×1, E×1, L×1, N×1, Q×1, R×1, V×1","ACA×2550, GGT×1003, ACC×921, GAT×697, ACG×251, GAA×99, ATA×13, ATT×8, TCA×7, CAA×5, GGA×5, TTA×3, AGA×2, AGC×2, AAT×1, AGT×1, GTA×1"
431,nonsynonymous-only,0,1,2,144,"D×1, Q×1","CAG×97, GAT×47"
432,nonsynonymous-only,0,1,4,148,"C×1, F×1, H×1, V×1","GTA×97, CAC×47, TGC×3, TTT×1"
433,nonsynonymous-only,0,1,8,3434,"K×2, N×2, D×1, E×1, Q×1, S×1","AAG×1190, AAA×963, AAT×777, AAC×482, GAG×9, CAA×7, AGT×5, GAT×1"
434,nonsynonymous-only,0,1,14,3434,"L×4, F×2, I×2, V×2, E×1, M×1, S×1, T×1","TTT×1426, ATT×906, TTC×538, ATG×478, TTG×47, CTG×19, ATA×9, GTG×3, AGT×2, GTA×2, ACA×1, CTT×1, GAG×1, TTA×1"
435,nonsynonymous-only,0,1,16,3434,"A×2, F×2, L×2, Q×2, S×2, V×2, I×1, M×1, P×1, T×1","CCA×1198, TTA×809, TTC×586, GCA×480, CAA×228, GCG×97, GTG×9, GTT×7, TTT×7, ACA×3, ATT×3, CTT×2, TCA×2, ATG×1, CAG×1, TCT×1"
436,nonsynonymous-only,0,1,15,3425,"G×2, K×2, S×2, T×2, E×1, H×1, I×1, L×1, N×1, R×1, V×1","ACT×1198, AAG×810, AGT×541, GGG×480, GGT×228, CGA×97, AAC×47, GAA×7, GTA×7, AAA×3, ATT×3, ACC×1, CAT×1, CTT×1, TCT×1"
437,nonsynonymous-only,0,1,13,2884,"G×3, K×2, R×2, H×1, I×1, L×1, N×1, Q×1, T×1","AGG×1198, AAG×809, ACG×480, AAA×232, AAC×144, GGG×6, GGA×5, GGT×4, AGA×2, ATA×1, CAA×1, CAT×1, TTG×1"
438,nonsynonymous-only,0,1,13,2387,"L×3, P×2, V×2, A×1, F×1, I×1, M×1, S×1, Y×1","GTT×1191, CCG×800, GTC×228, GCA×97, ATT×47, CCC×7, CTT×7, ATG×3, TCA×3, CTG×1, TAT×1, TTC×1, TTG×1"
439,nonsynonymous-only,0,1,6,2380,"V×2, D×1, F×1, I×1, T×1","GTT×1417, ACT×716, ATT×102, GTG×97, TTT×47, GAT×1"
440,nonsynonymous-only,0,1,6,2333,"G×2, A×1, C×1, S×1, V×1","AGT×1199, GGG×808, GGA×220, TGT×97, GCT×8, GTA×1"
441,nonsynonymous-only,0,1,4,2333,"I×1, M×1, Q×1, S×1","AGC×1200, ATG×808, CAA×228, ATC×97"
442,nonsynonymous-only,0,1,2,98,"E×1, V×1","GTA×97, GAG×1"
443,nonsynonymous-only,0,1,2,98,"N×1, S×1","AGT×97, AAT×1"
444,nonsynonymous-only,0,1,2,98,"L×1, S×1","AGT×97, CTG×1"
445,nonsynonymous-only,0,1,4,146,"L×1, N×1, R×1, Y×1","AGA×97, TTG×47, AAT×1, TAT×1"
446,nonsynonymous-only,0,1,10,698,"F×2, S×2, C×1, I×1, L×1, N×1, P×1, V×1","TCT×538, TGT×97, CCA×47, GTT×7, TCA×3, ATT×2, AAT×1, TTA×1, TTC×1, TTT×1"
447,nonsynonymous-only,0,1,8,705,"A×1, C×1, F×1, K×1, N×1, R×1, V×1, Y×1","AAT×539, AGA×97, GTT×47, AAA×17, TTT×2, GCC×1, TAT×1, TGT×1"
448,nonsynonymous-only,0,1,13,2941,"C×2, I×2, N×2, S×2, D×1, F×1, H×1, L×1, Y×1","TAT×1741, ATC×808, AAC×224, AGT×97, CTT×48, TGC×7, AAT×5, TTT×4, TCT×3, ATT×1, CAT×1, GAT×1, TGT×1"
449,nonsynonymous-only,0,1,8,2890,"R×2, C×1, F×1, G×1, Q×1, S×1, Y×1","GGA×2236, TGT×538, CAA×98, TTT×7, TAC×5, TCA×4, AGG×1, CGA×1"
450,nonsynonymous-only,0,1,10,2942,"E×2, K×2, T×2, I×1, L×1, R×1, S×1","ACG×1012, ATA×808, AGG×541, TTG×229, ACA×193, GAA×106, AAA×48, AAG×2, AGT×2, GAG×1"
451,nonsynonymous-only,0,1,12,2001,"I×2, S×2, T×2, D×1, G×1, K×1, L×1, N×1, R×1","ACT×815, AGA×544, AGT×478, GGA×100, AAA×56, ATT×2, AAT×1, ACA×1, AGC×1, ATA×1, GAT×1, TTA×1"
454,nonsynonymous-only,0,1,3,11,"D×1, N×1, V×1","AAC×9, GAT×1, GTT×1"
455,nonsynonymous-only,0,1,3,108,"Y×2, C×1","TGC×97, TAC×9, TAT×2"
459,nonsynonymous-only,0,1,4,1603,"K×1, L×1, P×1, R×1","CCG×919, AAG×682, CGA×1, CTG×1"
460,nonsynonymous-only,0,1,14,3314,"D×2, E×2, K×2, S×2, A×1, G×1, I×1, Q×1, R×1, V×1","GAA×1045, GGT×919, GTC×682, TCA×279, GAG×253, AGA×97, AGC×17, ATA×9, CAA×5, GAC×3, AAA×2, AAG×1, GAT×1, GCT×1"
461,nonsynonymous-only,0,1,15,5292,"R×4, G×3, S×2, E×1, I×1, K×1, L×1, P×1, Q×1","CAA×2015, GGA×1531, CCA×881, AGA×688, CGA×99, CTA×31, GGG×18, AAA×9, AGC×7, GAA×4, CGG×3, GGT×3, AGG×1, ATA×1, TCC×1"
462,nonsynonymous-only,0,1,14,6327,"L×3, K×2, S×2, E×1, I×1, M×1, P×1, Q×1, R×1, W×1","TTG×1491, CAA×1252, TTA×1202, TGG×907, TCG×589, ATA×538, GAA×279, TCA×52, ATG×5, AAA×4, CTA×4, CGA×2, AAG×1, CCA×1"
463,nonsynonymous-only,0,1,11,5454,"L×3, S×3, F×1, I×1, N×1, P×1, V×1","TTT×3699, CTT×859, GTT×830, AAT×48, TCA×7, TCT×6, ATT×1, CCC×1, CTC×1, TCG×1, TTA×1"
464,nonsynonymous-only,0,1,14,4001,"L×4, S×2, V×2, A×1, E×1, F×1, H×1, K×1, M×1","TTA×2995, AGC×538, GAA×281, GCT×97, GTA×49, CTG×16, TTT×7, ATG×5, TCA×5, TTG×4, AAG×1, CAC×1, CTC×1, GTC×1"
465,nonsynonymous-only,0,1,14,5328,"L×3, F×2, I×2, S×2, M×1, P×1, V×1, W×1, Y×1","ATG×1601, ATT×1253, TTC×1199, TTT×810, ATA×279, GTT×98, CCA×49, TGG×16, TCA×7, TCG×6, TTA×5, CTA×3, TAT×1, TTG×1"
466,nonsynonymous-only,0,1,20,5880,"L×3, V×3, E×2, G×2, I×2, R×2, S×2, F×1, N×1, P×1, Y×1","GAA×1252, CGC×1042, GGA×912, TTC×808, ATC×682, GAG×538, AAT×302, CTC×157, GTA×116, AGC×49, GTT×5, TAT×5, TCC×3, AGA×2, CTT×2, ATA×1, CCA×1, CTA×1, GGT×1, GTC×1"
467,nonsynonymous-only,0,1,12,4679,"G×2, I×2, K×2, L×2, E×1, F×1, R×1, V×1","AAA×1728, GGA×1252, AAG×682, TTA×543, GGT×296, ATA×98, TTT×64, TTG×6, GTT×5, ATT×2, GAA×2, AGA×1"
468,nonsynonymous-only,0,1,7,1254,"V×2, A×1, D×1, E×1, I×1, Q×1","GTT×808, GAA×279, GTA×62, GAT×49, GCA×35, CAA×16, ATC×5"
469,nonsynonymous-only,0,1,2,857,"S×1, T×1","ACA×808, TCG×49"
470,nonsynonymous-only,0,1,2,857,"T×1, V×1","ACT×808, GTT×49"
473,nonsynonymous-only,0,1,2,809,"F×1, V×1","GTC×808, TTC×1"
474,nonsynonymous-only,0,1,2,809,"I×1, N×1","ATC×808, AAC×1"
475,nonsynonymous-only,0,1,3,809,"K×1, N×1, R×1","AAG×768, AGG×40, AAT×1"
477,synonymous-only,1,0,2,808,F×2,"TTT×790, TTC×18"
479,nonsynonymous-only,0,1,2,808,"I×1, K×1","ATA×807, AAA×1"
480,nonsynonymous-only,0,1,11,2663,"L×2, S×2, A×1, F×1, G×1, I×1, M×1, R×1, W×1","TTG×1199, ATG×808, CGG×538, TGG×97, TCA×8, ATA×6, TCT×3, CTT×1, GCG×1, GGG×1, TTT×1"
481,nonsynonymous-only,0,1,9,2656,"L×3, S×2, F×1, I×1, K×1, M×1","TCT×1199, TCG×768, TTC×539, CTA×97, TTG×40, ATA×7, TTA×4, AAA×1, ATG×1"
482,nonsynonymous-only,0,1,10,2652,"K×2, Y×2, F×1, H×1, I×1, Q×1, R×1, S×1","TAC×1112, AGC×808, AAA×538, CAA×97, TAT×85, AGA×7, CAC×2, AAG×1, ATT×1, TTC×1"
483,nonsynonymous-only,0,1,4,2108,"C×1, F×1, L×1, R×1","TGT×1200, TTG×810, CGT×97, TTT×1"
484,nonsynonymous-only,0,1,5,2108,"A×1, E×1, K×1, Q×1, V×1","GAA×1200, GTA×808, AAA×97, GCA×2, CAA×1"
485,nonsynonymous-only,0,1,2,2,"Q×1, R×1","AGA×1, CAG×1"
486,nonsynonymous-only,0,1,2,809,"F×1, H×1","CAC×808, TTC×1"
489,nonsynonymous-only,0,1,3,809,"E×2, K×1","GAG×450, AAG×358, GAA×1"
490,nonsynonymous-only,0,1,2,809,"R×1, W×1","TGG×808, AGA×1"
491,nonsynonymous-only,0,1,2,809,"H×1, Y×1","TAT×794, CAT×15"
495,nonsynonymous-only,0,1,2,2,"A×1, T×1","ACC×1, GCA×1"
496,nonsynonymous-only,0,1,3,2009,"K×2, E×1","GAA×1199, AAA×809, AAG×1"
497,nonsynonymous-only,0,1,5,2009,"T×2, A×1, N×1, S×1","ACC×1199, GCA×807, AAT×1, ACA×1, TCA×1"
498,nonsynonymous-only,0,1,3,2009,"K×2, E×1","GAA×1922, AAA×86, AAG×1"
499,nonsynonymous-only,0,1,4,2009,"S×2, I×1, R×1","AGC×1199, AGA×808, AGT×1, ATC×1"
503,nonsynonymous-only,0,1,3,51,"G×1, K×1, P×1","CCG×49, AAG×1, GGT×1"
504,nonsynonymous-only,0,1,8,597,"L×3, S×2, I×1, M×1, Y×1","TTG×537, CTG×49, ATG×6, AGC×1, ATC×1, CTA×1, TAT×1, TCG×1"
505,nonsynonymous-only,0,1,9,1995,"I×2, L×2, V×2, A×1, F×1, Y×1","TTC×836, CTT×537, TTA×419, GTT×97, GCT×50, GTC×29, ATT×20, ATC×6, TAC×1"
506,nonsynonymous-only,0,1,13,5264,"K×2, Y×2, A×1, C×1, D×1, G×1, I×1, N×1, P×1, S×1, T×1","AAT×2535, ACT×1248, AAA×824, GGT×636, AGT×6, TAC×5, ATT×3, AAG×2, CCT×1, GAT×1, GCT×1, TAT×1, TGT×1"
507,nonsynonymous-only,0,1,10,1979,"L×2, C×1, E×1, K×1, Q×1, R×1, V×1, W×1, Y×1","TGG×1003, AAG×808, GTA×97, TTA×50, CGA×12, CAA×3, TAT×3, CTA×1, GAA×1, TGT×1"
508,nonsynonymous-only,0,1,16,4204,"L×6, R×3, F×1, I×1, K×1, M×1, P×1, Q×1, S×1","CTA×1679, CGG×991, CCG×808, CTT×538, CTG×99, ATA×49, AAA×16, CAG×12, TTA×4, CGC×2, ATG×1, CGA×1, CTC×1, TCG×1, TTC×1, TTG×1"
509,nonsynonymous-only,0,1,12,3665,"E×2, K×2, R×2, G×1, H×1, M×1, S×1, T×1, W×1","AAG×1290, ATG×1193, GAG×1003, GGT×98, AAA×52, AGA×16, ACG×6, CGA×2, GAA×2, CAT×1, TCC×1, TGG×1"
510,nonsynonymous-only,0,1,11,4191,"I×2, K×2, R×2, V×2, A×1, E×1, M×1","GCA×1194, AAA×1054, ATG×905, GAG×538, AGG×464, AAG×18, GTG×7, GTA×5, ATT×3, AGA×2, ATA×1"
511,nonsynonymous-only,0,1,2,809,"H×1, N×1","CAC×808, AAC×1"
512,nonsynonymous-only,0,1,2,808,"L×1, S×1","TCA×793, TTA×15"
513,nonsynonymous-only,0,1,7,4711,"S×4, L×1, T×1, V×1","TCT×1199, GTG×1003, TCA×920, TCC×808, TTA×682, ACA×98, AGT×1"
514,nonsynonymous-only,0,1,9,4019,"R×2, A×1, C×1, F×1, I×1, Q×1, T×1, V×1","ATT×1199, ACC×1003, GTG×807, TTC×682, TGT×228, AGA×97, CAG×1, CGT×1, GCG×1"
515,nonsynonymous-only,0,1,16,5660,"S×3, A×2, Y×2, D×1, F×1, H×1, I×1, K×1, L×1, N×1, P×1, V×1","GAT×1686, TCT×1197, GTT×908, TCG×808, TTT×784, GCC×97, CTT×95, CCT×49, ATT×9, AAG×7, AGT×6, GCT×6, TAC×3, AAT×2, CAT×2, TAT×1"
516,nonsynonymous-only,0,1,15,5661,"I×3, R×3, T×3, A×1, D×1, L×1, N×1, V×1, Y×1","ATT×1839, GCT×1397, AAT×1239, GTT×911, ACT×198, ACA×49, TAT×11, AGG×5, AGA×3, ATC×3, CTT×2, ACG×1, ATA×1, CGC×1, GAC×1"
517,nonsynonymous-only,0,1,11,2407,"E×2, K×2, L×2, A×1, G×1, S×1, T×1, V×1","GAG×1003, GAA×742, CTA×435, TTA×103, AAG×95, AAA×12, TCA×11, GCA×3, ACA×1, GGA×1, GTA×1"
518,nonsynonymous-only,0,1,16,5660,"A×2, K×2, N×2, R×2, C×1, G×1, I×1, Q×1, S×1, T×1, W×1, Y×1","AGA×1202, ATT×923, AGG×802, GCT×660, TAT×541, AAA×424, CAA×407, ACT×345, TGG×228, AGC×97, GCC×9, AAG×7, GGT×7, AAT×5, TGT×2, AAC×1"
519,nonsynonymous-only,0,1,16,5940,"T×3, I×2, S×2, A×1, C×1, F×1, H×1, K×1, L×1, N×1, R×1, V×1","AAT×1198, ACC×1036, GCT×1003, AGG×920, AAG×682, TTT×540, ATT×285, CTT×103, ACA×97, GTT×54, ACT×14, TCT×3, ATC×2, AGT×1, CAT×1, TGT×1"
520,nonsynonymous-only,0,1,12,3698,"L×3, F×2, H×2, C×1, I×1, M×1, S×1, V×1","TTC×1466, TTG×1000, ATC×691, TCG×279, TGC×97, ATG×95, GTT×50, TTT×12, CTC×3, TTA×3, CAC×1, CAT×1"
521,nonsynonymous-only,0,1,4,1284,"I×1, L×1, N×1, T×1","ACT×666, AAT×338, ATT×279, CTT×1"
522,nonsynonymous-only,0,1,2,280,"C×1, G×1","GGT×279, TGT×1"
523,nonsynonymous-only,0,1,3,281,"A×2, V×1","GCA×279, GCG×1, GTT×1"
525,nonsynonymous-only,0,1,2,2,"I×1, K×1","AAA×1, ATT×1"
526,nonsynonymous-only,0,1,7,666,"I×2, A×1, F×1, S×1, T×1, V×1","GCT×540, ATA×97, TCT×11, ATT×8, GTT×6, ACT×3, TTT×1"
527,nonsynonymous-only,0,1,9,663,"I×2, A×1, E×1, F×1, G×1, K×1, L×1, Y×1","TAT×538, GAA×97, ATT×11, TTG×7, ATA×5, GCT×2, AAA×1, GGA×1, TTT×1"
528,nonsynonymous-only,0,1,4,1471,"F×1, L×1, P×1, W×1","CCA×809, TTT×549, TTG×104, TGG×9"
529,nonsynonymous-only,0,1,10,658,"L×3, R×2, H×1, K×1, N×1, P×1, Q×1","CTC×538, AAT×97, CAA×11, CTG×5, AAA×2, AGA×1, CAC×1, CCA×1, CGA×1, CTT×1"
530,nonsynonymous-only,0,1,6,1466,"K×2, E×1, I×1, S×1, Y×1","AAA×821, ATA×543, GAA×98, AGT×2, AAG×1, TAT×1"
531,nonsynonymous-only,0,1,9,1461,"A×1, C×1, D×1, F×1, H×1, N×1, S×1, T×1, Y×1","ACC×801, TCC×538, TGC×98, GAC×11, GCC×7, AAT×3, CAC×1, TAC×1, TTT×1"
533,nonsynonymous-only,0,1,4,103,"A×1, D×1, H×1, I×1","ATT×100, CAC×1, GAT×1, GCT×1"
534,nonsynonymous-only,0,1,9,1474,"G×2, D×1, H×1, L×1, N×1, P×1, T×1, W×1","CCC×808, GGG×538, GGA×98, AAT×23, CAT×3, ACT×1, CTT×1, GAT×1, TGG×1"
535,nonsynonymous-only,0,1,12,1487,"G×2, N×2, D×1, E×1, F×1, K×1, L×1, R×1, S×1, Y×1","AAT×827, TTT×538, GAA×97, GAT×9, AAA×5, GGT×3, CGA×2, TAT×2, AAC×1, CTT×1, GGA×1, TCT×1"
536,nonsynonymous-only,0,1,9,1487,"Y×2, D×1, F×1, H×1, L×1, P×1, R×1, S×1","TAT×820, CGC×538, CCC×97, TTT×13, GAT×11, TAC×5, CAT×1, CTT×1, TCT×1"
537,nonsynonymous-only,0,1,13,1480,"I×3, L×3, G×1, H×1, M×1, R×1, T×1, V×1, W×1","CTG×808, TTA×538, GTA×97, TGG×12, ATA×7, ATT×6, ATC×5, AGA×2, ACT×1, ATG×1, CAC×1, CTT×1, GGA×1"
538,nonsynonymous-only,0,1,11,681,"A×3, E×2, T×2, D×1, G×1, L×1, P×1","GAG×538, GAA×104, GGA×11, CCT×9, GCA×8, ACA×4, GAT×3, ACT×1, GCG×1, GCT×1, TTA×1"
539,nonsynonymous-only,0,1,8,2682,"A×1, G×1, I×1, N×1, S×1, T×1, V×1, Y×1","GTT×1296, GGT×808, ACT×557, ATT×13, TCC×3, GCT×2, TAT×2, AAT×1"
540,nonsynonymous-only,0,1,10,1481,"Y×2, F×1, G×1, H×1, K×1, L×1, N×1, Q×1, V×1","CAA×908, AAT×538, GTT×11, GGA×9, TTT×6, TAC×5, AAA×1, CAC×1, CTG×1, TAT×1"
541,nonsynonymous-only,0,1,7,1455,"R×2, E×1, I×1, K×1, L×1, M×1","ATG×808, TTG×538, ATA×97, AAA×9, AGA×1, AGG×1, GAA×1"
542,nonsynonymous-only,0,1,12,2962,"K×2, R×2, A×1, D×1, G×1, I×1, N×1, Q×1, T×1, Y×1","AAA×1199, CAA×809, AGA×539, GAC×279, TAT×97, GCT×11, GGA×9, AGG×7, ATA×5, AAC×3, AAG×3, ACA×1"
543,nonsynonymous-only,0,1,9,1479,"K×2, R×2, F×1, I×1, L×1, S×1, W×1","CGG×808, AAA×559, TCT×97, TGG×5, TTA×5, AGA×2, AAG×1, ATT×1, TTC×1"
544,nonsynonymous-only,0,1,11,2307,"K×2, R×2, V×2, A×1, E×1, F×1, I×1, T×1","GCA×1252, AAG×536, ATA×385, AAA×99, ACA×18, AGG×7, GAG×5, GTA×2, AGA×1, GTG×1, TTT×1"
545,nonsynonymous-only,0,1,14,2308,"E×2, I×2, Q×2, R×2, A×1, G×1, K×1, L×1, P×1, T×1","CCA×1251, GGA×538, ATA×295, GCA×97, AGA×95, GAA×12, AAA×7, CAG×5, ACT×3, ATC×1, CAA×1, CGC×1, CTA×1, GAG×1"
546,nonsynonymous-only,0,1,7,2312,"I×3, K×2, L×2","ATC×1252, ATT×938, ATA×98, TTA×16, AAA×5, AAG×2, CTG×1"
547,nonsynonymous-only,0,1,2,2,"A×1, V×1","GCA×1, GTA×1"
550,nonsynonymous-only,0,1,2,98,"C×1, S×1","TGT×97, TCT×1"
551,nonsynonymous-only,0,1,2,98,"I×1, S×1","TCC×97, ATA×1"
552,nonsynonymous-only,0,1,3,906,"P×1, S×1, T×1","CCA×808, ACA×97, TCA×1"
553,nonsynonymous-only,0,1,3,906,"L×2, P×1","TTG×808, CCG×97, TTA×1"
554,nonsynonymous-only,0,1,2,906,"F×1, L×1","CTC×809, TTC×97"
555,nonsynonymous-only,0,1,3,905,"A×1, K×1, V×1","GCG×673, GTG×135, AAA×97"
558,nonsynonymous-only,0,1,3,810,"L×2, R×1","CTA×806, CGA×2, TTA×2"
559,nonsynonymous-only,0,1,2,811,"M×1, T×1","ATG×753, ACG×58"
560,nonsynonymous-only,0,1,5,1538,"G×2, I×1, N×1, S×1","ATC×808, GGC×725, AAT×2, GGT×2, AGT×1"
561,nonsynonymous-only,0,1,2,728,"S×1, T×1","TCT×727, ACT×1"
565,synonymous-only,1,0,2,3,R×2,"AGA×2, AGG×1"
566,nonsynonymous-only,0,1,2,9,"K×1, P×1","CCT×8, AAA×1"
567,nonsynonymous-only,0,1,12,6729,"G×3, D×2, E×1, F×1, H×1, N×1, V×1, W×1, Y×1","TAT×2145, GAT×1294, GTT×920, CAT×729, TTT×682, GGT×540, GGA×281, AAT×108, TGG×16, GAC×7, GGC×5, GAA×2"
568,nonsynonymous-only,0,1,16,7979,"L×5, F×2, S×2, E×1, G×1, K×1, P×1, R×1, V×1, Y×1","TTA×3182, TCT×1349, TTC×1200, TTT×1035, GTC×682, CGA×279, TCA×124, CTA×82, GAA×13, CTT×10, CCA×8, GGT×7, TAT×5, AAG×1, CTC×1, TTG×1"
569,nonsynonymous-only,0,1,7,1842,"C×2, A×1, I×1, Q×1, R×1, T×1","ACC×920, GCC×682, CAG×97, TGC×82, CGA×49, TGT×7, ATA×5"
570,nonsynonymous-only,0,1,6,1786,"A×1, D×1, K×1, L×1, P×1, Q×1","CTG×829, GCA×682, AAA×102, CAG×89, GAC×82, CCG×2"
572,nonsynonymous-only,0,1,4,107,"I×2, F×1, L×1","ATC×97, CTT×7, ATA×2, TTT×1"
573,nonsynonymous-only,0,1,3,100,"A×1, P×1, V×1","GTA×97, CCA×2, GCA×1"
574,nonsynonymous-only,0,1,9,4805,"E×1, F×1, I×1, K×1, M×1, N×1, Q×1, S×1, Y×1","AGT×1253, ATG×1199, ATT×920, TTT×905, AAA×470, GAA×33, TAC×16, CAA×8, AAT×1"
575,nonsynonymous-only,0,1,10,5259,"Q×2, Y×2, A×1, E×1, H×1, K×1, R×1, V×1","CAA×1252, AAG×1199, CAG×936, GTG×805, CGA×683, TAT×144, CAT×139, GAA×97, GCG×3, TAC×1"
576,nonsynonymous-only,0,1,19,6056,"L×3, D×2, I×2, K×2, N×2, R×2, S×2, T×2, G×1, M×1","ACG×1329, AAT×1199, GAT×913, AAA×881, ATG×731, AGG×433, TCG×279, AAC×230, AAG×16, GGT×13, TTA×11, ATA×8, AGA×4, CTG×3, ATT×2, ACA×1, AGT×1, GAC×1, TTG×1"
577,nonsynonymous-only,0,1,13,6058,"A×2, G×2, I×2, N×2, K×1, M×1, R×1, S×1, T×1","GGC×1247, ATC×1207, ATG×920, AAC×836, AGC×772, ATT×683, AAT×381, GGT×5, GCA×3, AAA×1, ACC×1, CGC×1, GCT×1"
578,nonsynonymous-only,0,1,9,4351,"G×3, E×2, K×2, Q×1, R×1","CAA×1786, AAA×1026, GGT×682, AAG×538, GAA×287, GGG×16, GGA×14, AGG×1, GAG×1"
579,nonsynonymous-only,0,1,17,5725,"L×4, I×3, F×2, N×2, V×2, K×1, M×1, P×1, T×1","ATC×1230, AAC×1189, ATA×921, CTG×808, CTT×690, TTT×538, ATG×286, TTC×24, GTT×16, AAT×10, AAA×3, CTA×3, TTA×3, ACT×1, ATT×1, CCT×1, GTG×1"
580,nonsynonymous-only,0,1,13,5723,"L×3, P×2, S×2, Y×2, F×1, R×1, V×1, W×1","TTT×1456, TGG×1198, TCT×1007, GTG×808, TTG×650, TCG×538, TTA×35, TAT×16, CTA×9, CCG×3, AGA×1, CCT×1, TAC×1"
581,nonsynonymous-only,0,1,12,5178,"S×3, A×1, E×1, F×1, H×1, I×1, K×1, N×1, Q×1, W×1","AGC×1252, GAG×1199, TCT×920, CAT×808, TTT×682, AAT×279, ATC×16, CAA×11, TCA×8, AAA×1, GCC×1, TGG×1"
582,nonsynonymous-only,0,1,7,1779,"Q×2, C×1, K×1, S×1, V×1, W×1","TGG×808, CAA×565, GTT×280, CAG×117, AGT×7, AAA×1, TGC×1"
583,nonsynonymous-only,0,1,2,2,"L×1, S×1","CTT×1, TCT×1"
584,nonsynonymous-only,0,1,3,684,"F×1, P×1, S×1","AGT×682, CCC×1, TTT×1"
585,nonsynonymous-only,0,1,8,2464,"L×3, F×1, K×1, M×1, Q×1, T×1","ATG×1591, TTC×808, TTG×49, ACG×11, TTA×2, AAA×1, CAA×1, CTA×1"
586,nonsynonymous-only,0,1,10,2960,"N×2, R×2, A×1, E×1, G×1, K×1, S×1, T×1","GAA×920, AGA×808, CGT×682, GGT×481, ACA×49, AAT×13, AAA×4, AAC×1, GCT×1, TCC×1"
587,nonsynonymous-only,0,1,13,4159,"C×2, I×2, N×2, S×2, Y×2, F×1, G×1, W×1","TGG×920, AGC×863, AAC×811, TGT×676, TAT×489, GGC×200, TGC×136, ATC×49, AAT×11, AGT×1, ATT×1, TAC×1, TTT×1"
588,nonsynonymous-only,0,1,14,4628,"L×3, S×3, F×2, H×2, C×1, P×1, Q×1, Y×1","TTT×1746, TCT×814, CAG×727, TTC×582, CTT×530, TCC×199, TAT×11, TTA×7, AGC×5, CTC×2, TGT×2, CAC×1, CAT×1, CCT×1"
589,nonsynonymous-only,0,1,5,2117,"L×2, M×1, S×1, W×1","TGG×823, CTC×682, TTG×601, TCA×8, ATG×3"
590,nonsynonymous-only,0,1,3,13,"K×1, L×1, T×1","TTA×11, AAG×1, ACG×1"
594,nonsynonymous-only,0,1,4,1603,"L×2, F×1, G×1","TTT×920, TTG×550, TTA×132, GGA×1"
595,nonsynonymous-only,0,1,6,1608,"S×4, R×2","TCC×804, TCG×682, TCA×99, TCT×17, CGC×5, CGG×1"
596,nonsynonymous-only,0,1,8,2615,"G×3, L×2, K×1, R×1, V×1","CGA×920, GGT×727, GTA×682, GGG×257, GGA×22, TTG×5, AAA×1, TTA×1"
597,nonsynonymous-only,0,1,20,5860,"L×3, F×2, K×2, Q×2, R×2, S×2, C×1, E×1, I×1, M×1, T×1, V×1, Y×1","CTA×1925, GAA×1199, CTG×801, GTA×682, TTA×538, CAG×480, CAA×97, AAG×82, AAA×17, AGA×12, ATA×9, TTT×5, AGT×3, TAT×3, TGC×2, ACA×1, AGG×1, ATG×1, TCA×1, TTC×1"
598,nonsynonymous-only,0,1,15,6129,"E×2, G×2, K×2, N×2, S×2, A×1, L×1, Q×1, R×1, V×1","CAA×2020, GAG×921, GAA×767, AAG×737, TCA×730, AAT×539, AGA×229, AAA×75, GGA×57, GGG×25, AAC×12, GCA×5, GTG×5, TTA×4, TCG×3"
599,nonsynonymous-only,0,1,14,5231,"S×3, I×2, N×2, A×1, D×1, E×1, F×1, G×1, K×1, T×1","AAA×1420, AAT×1118, ATT×811, TTT×728, TCT×545, AGC×480, GAA×90, ACT×17, AAC×13, AGT×3, ATC×3, GAT×1, GCA×1, GGT×1"
600,nonsynonymous-only,0,1,19,5001,"L×3, A×2, I×2, P×2, S×2, T×2, V×2, G×1, K×1, M×1, R×1","GTA×1284, ATG×826, GCG×612, CTG×587, TCG×538, GTG×481, AAA×280, GCA×115, ATA×103, CTC×95, ATC×52, AGA×11, CCG×7, ACC×3, GGA×3, ACT×1, CCA×1, CTA×1, TCA×1"
601,nonsynonymous-only,0,1,16,4948,"G×3, R×3, A×2, K×2, D×1, E×1, N×1, T×1, V×1, Y×1","GAA×1580, GCA×809, AGA×728, ACG×682, GGA×543, GAC×328, GCC×153, AAA×85, GGT×16, TAT×12, GTG×7, AAG×1, AAT×1, AGG×1, CGA×1, GGC×1"
602,nonsynonymous-only,0,1,11,4997,"V×2, C×1, D×1, F×1, H×1, I×1, L×1, N×1, R×1, Y×1","GTT×1199, TAT×1138, CTT×808, GAT×727, TGC×685, ATT×281, CGT×97, GTG×51, TTT×7, CAT×3, AAC×1"
603,nonsynonymous-only,0,1,7,690,"K×2, V×2, L×1, M×1, S×1","GTG×664, GTA×17, TCA×5, AAA×1, AAG×1, ATG×1, TTG×1"
604,nonsynonymous-only,0,1,2,2,"R×1, W×1","CGG×1, TGG×1"
611,nonsynonymous-only,0,1,7,654,"E×2, A×1, G×1, Q×1, R×1, S×1","GAA×538, AGA×97, TCA×11, GCA×5, CAA×1, GAG×1, GGC×1"
612,nonsynonymous-only,0,1,5,648,"R×2, I×1, K×1, S×1","AGA×538, AGG×97, ATC×11, AAA×1, TCT×1"
613,nonsynonymous-only,0,1,6,641,"S×2, K×1, L×1, Q×1, R×1","CAA×538, AGT×97, AAA×3, AGC×1, CGA×1, CTT×1"
614,nonsynonymous-only,0,1,9,1947,"L×3, F×1, K×1, P×1, Q×1, R×1, S×1","CAA×808, TTG×538, CGA×480, CCG×97, TTT×12, TCG×5, AAA×4, TTA×2, CTA×1"
615,nonsynonymous-only,0,1,11,3159,"E×2, Q×2, R×2, K×1, M×1, N×1, P×1, W×1","CAG×1199, GAA×808, AAA×589, ATG×541, CAA×9, CCT×5, CGA×3, GAG×2, AAT×1, CGG×1, TGG×1"
616,nonsynonymous-only,0,1,10,2682,"L×2, Q×2, C×1, K×1, R×1, S×1, T×1, W×1","CAG×1202, CTT×809, ACA×538, TTG×98, TGT×14, AGG×11, TGG×5, CAA×3, AAA×1, TCA×1"
617,nonsynonymous-only,0,1,12,2676,"I×3, L×3, T×2, F×1, M×1, S×1, V×1","CTG×1203, TCG×808, ACG×539, TTA×98, ATC×10, GTG×9, ATT×3, ATG×2, ACC×1, ATA×1, CTA×1, TTC×1"
618,nonsynonymous-only,0,1,12,3140,"E×2, C×1, G×1, I×1, K×1, L×1, N×1, R×1, S×1, V×1, W×1","GGA×1193, AAA×809, CGG×538, AAC×480, ATC×97, TGG×10, GAA×6, TTG×3, GAG×1, GTG×1, TCA×1, TGC×1"
619,nonsynonymous-only,0,1,11,3446,"L×2, R×2, E×1, G×1, I×1, K×1, P×1, Q×1, V×1","GAA×2006, CTA×538, GGT×480, CCA×279, CTG×98, CAA×25, ATA×11, AAA×6, AGA×1, CGA×1, GTT×1"
620,nonsynonymous-only,0,1,12,3458,"G×2, K×2, T×2, E×1, I×1, M×1, N×1, R×1, V×1","AAA×1627, ATA×1203, GAG×480, AAG×98, GTG×15, AAT×11, AGG×9, ACG×7, ACA×5, ATG×1, GGA×1, GGG×1"
621,nonsynonymous-only,0,1,15,3439,"S×4, H×2, L×2, T×2, F×1, K×1, M×1, N×1, Y×1","TCC×1192, TTA×808, CAC×538, ACA×480, TCG×276, ACC×97, ATG×14, TAT×9, TTC×9, TCA×5, TTG×4, AAA×3, AAT×2, AGC×1, CAT×1"
622,nonsynonymous-only,0,1,4,108,"I×1, K×1, L×1, T×1","ATA×97, TTG×9, AAG×1, ACA×1"
623,nonsynonymous-only,0,1,3,99,"K×2, R×1","CGC×97, AAA×1, AAG×1"
627,nonsynonymous-only,0,1,8,839,"E×1, F×1, I×1, L×1, M×1, R×1, V×1, W×1","TGG×538, ATA×279, TTA×11, TTT×7, AGG×1, ATG×1, GAA×1, GTT×1"
628,nonsynonymous-only,0,1,11,839,"L×3, F×2, S×2, C×1, I×1, Q×1, R×1","CAA×537, TTA×279, TTT×12, TTC×3, TCT×2, ATT×1, CGA×1, CTA×1, TCA×1, TGT×1, TTG×1"
629,nonsynonymous-only,0,1,4,884,"L×3, T×1","TTG×818, CTA×54, ACG×11, TTA×1"
630,nonsynonymous-only,0,1,10,896,"H×2, V×2, I×1, K×1, L×1, N×1, R×1, S×1","CTC×538, AAT×279, ATT×50, AAG×12, GTT×10, CGT×3, CAC×1, CAT×1, GTC×1, TCC×1"
631,nonsynonymous-only,0,1,10,910,"I×3, S×2, T×2, L×1, N×1, Y×1","ACT×539, TCT×279, AGT×50, AAC×14, ACC×11, ATA×7, TAT×6, ATT×2, ATC×1, CTT×1"
632,nonsynonymous-only,0,1,9,372,"Q×2, C×1, H×1, L×1, N×1, R×1, S×1, Y×1","CAG×286, TTG×50, AAT×15, TGT×11, CAA×4, CGA×3, CAC×1, TAT×1, TCA×1"
633,nonsynonymous-only,0,1,13,3730,"F×2, I×2, N×2, Y×2, H×1, L×1, P×1, S×1, T×1","ACT×1213, AAT×760, TTC×550, TAT×474, CAT×339, TCT×229, CCT×97, ATT×53, TTA×7, ATC×3, AAC×2, TTT×2, TAC×1"
634,nonsynonymous-only,0,1,5,676,"F×1, K×1, L×1, Q×1, W×1","CAG×635, TGG×23, TTT×14, AAG×3, CTG×1"
635,nonsynonymous-only,0,1,8,2269,"V×3, I×2, A×1, L×1, M×1","ATT×1200, ATA×541, GCG×256, TTA×229, GTG×25, GTT×14, ATG×3, GTA×1"
636,nonsynonymous-only,0,1,10,3181,"L×3, R×2, V×2, F×1, I×1, K×1","TTT×1706, GTG×1348, ATA×97, AGA×14, AGG×8, CTG×3, AAG×2, GTA×1, TTA×1, TTG×1"
637,nonsynonymous-only,0,1,11,3174,"L×2, R×2, A×1, M×1, P×1, Q×1, S×1, T×1, W×1","ATG×1199, ACC×808, CTC×538, TTA×379, TCG×229, CGA×11, CGG×5, GCG×2, CAG×1, CCC×1, TGG×1"
638,nonsynonymous-only,0,1,12,3176,"D×2, K×2, A×1, C×1, E×1, G×1, H×1, L×1, S×1, T×1","GGC×1005, CAC×809, AAG×541, TCG×279, TGC×228, GAC×185, GAT×97, ACC×14, GCC×10, AAA×6, CTT×1, GAG×1"
639,nonsynonymous-only,0,1,8,840,"P×2, C×1, E×1, F×1, I×1, L×1, T×1","CCA×538, ACC×257, ATC×22, TTT×14, CCG×4, GAA×3, TGT×1, TTG×1"
640,nonsynonymous-only,0,1,7,287,"A×1, F×1, G×1, K×1, N×1, S×1, V×1","AGC×278, AAA×3, GCA×2, AAC×1, GGG×1, GTA×1, TTT×1"
641,nonsynonymous-only,0,1,4,296,"C×1, L×1, W×1, Y×1","CTG×280, TGG×14, TAC×1, TGC×1"
642,nonsynonymous-only,0,1,6,833,"L×3, H×1, I×1, S×1","CAC×538, TTA×279, CTT×11, ATT×3, CTC×1, TCC×1"
643,nonsynonymous-only,0,1,4,832,"G×1, K×1, L×1, R×1","CTG×538, AAA×279, GGA×14, CGA×1"
644,nonsynonymous-only,0,1,3,818,"L×2, F×1","TTT×538, CTT×279, TTG×1"
645,nonsynonymous-only,0,1,3,819,"I×1, L×1, Y×1","TAT×539, ATT×279, TTA×1"
646,nonsynonymous-only,0,1,7,2519,"Q×2, C×1, K×1, L×1, P×1, W×1","AAG×920, CAA×683, CAG×538, CTA×279, TGT×97, CCA×1, TGG×1"
647,nonsynonymous-only,0,1,9,2521,"L×2, A×1, F×1, K×1, M×1, S×1, V×1, Y×1","AGC×920, AAG×682, TTG×634, GCG×279, ATG×2, GTC×1, TAT×1, TTA×1, TTT×1"
648,nonsynonymous-only,0,1,10,2522,"V×3, L×2, F×1, H×1, I×1, P×1, Y×1","GTG×920, ATT×682, CCT×538, GTA×280, CAT×97, CTT×1, GTT×1, TAT×1, TTA×1, TTT×1"
649,nonsynonymous-only,0,1,9,3136,"F×2, L×2, Y×2, C×1, N×1, S×1","TTA×1200, TCC×920, TAC×682, TGC×279, TTT×50, TTG×2, AAC×1, TAT×1, TTC×1"
650,nonsynonymous-only,0,1,11,5030,"F×2, V×2, A×1, I×1, K×1, N×1, Q×1, S×1, Y×1","GTG×1532, TTT×1200, AAG×920, AAT×682, GCT×537, CAA×97, ATT×51, TCT×7, GTT×2, TAT×1, TTC×1"
651,nonsynonymous-only,0,1,12,5030,"L×4, F×2, C×1, K×1, M×1, R×1, T×1, W×1","TTT×1791, CGA×1199, ATG×919, TGG×682, CTA×279, AAG×97, TGT×51, TTA×7, ACG×2, CTT×1, TTC×1, TTG×1"
652,nonsynonymous-only,0,1,11,5029,"L×3, S×3, E×1, F×1, G×1, P×1, V×1","TCA×2189, TTC×1252, GAG×1199, AGC×279, GGC×97, TTA×7, CTT×2, CCA×1, CTA×1, GTA×1, TCG×1"
653,nonsynonymous-only,0,1,11,4381,"L×5, F×1, I×1, K×1, M×1, S×1, V×1","AAG×1252, TTG×1201, TTA×900, CTA×861, ATA×98, TTT×50, ATG×10, GTA×3, TCA×3, CTG×2, CTT×1"
654,nonsynonymous-only,0,1,13,4381,"I×3, T×3, A×1, F×1, G×1, K×1, M×1, S×1, V×1","ATT×2225, ATC×1253, ACT×539, GTT×280, TCT×50, TTT×11, ATA×9, ACC×5, ACA×3, GCT×3, AAG×1, ATG×1, GGT×1"
655,nonsynonymous-only,0,1,15,5435,"L×4, G×2, E×1, F×1, I×1, K×1, M×1, P×1, R×1, S×1, T×1","CTA×1328, CCA×1156, TTG×920, CTG×808, TTA×548, TTT×279, TCA×275, GGG×97, GGA×10, ACA×5, AAG×3, GAA×3, ATA×1, ATG×1, CGG×1"
656,nonsynonymous-only,0,1,15,5436,"E×2, G×2, I×2, N×2, V×2, D×1, K×1, L×1, Q×1, T×1","AAA×2057, GAG×1199, CTG×920, AAT×912, CAA×279, GGT×50, GTT×7, ATT×3, GTA×3, AAC×1, ACA×1, ATA×1, GAA×1, GAT×1, GGA×1"
657,nonsynonymous-only,0,1,14,4611,"L×4, T×3, S×2, E×1, I×1, K×1, M×1, W×1","TGG×1253, ACG×1198, ACA×921, TTG×817, GAG×228, TCA×98, TCG×51, TTA×20, ATA×16, ACT×3, CTA×3, AAG×1, ATG×1, CTG×1"
658,nonsynonymous-only,0,1,13,1640,"L×3, F×2, V×2, A×1, D×1, E×1, G×1, N×1, S×1","TCG×919, GAT×541, TTT×109, CTA×50, GTA×7, GGT×5, GAA×3, AAT×1, GCA×1, GTT×1, TTA×1, TTC×1, TTG×1"
659,nonsynonymous-only,0,1,10,2439,"L×3, A×1, C×1, F×1, N×1, S×1, V×1, W×1","GCG×1001, TCA×808, TGG×538, TTA×59, GTG×16, TTT×11, AAT×3, CTT×1, TGC×1, TTG×1"
660,nonsynonymous-only,0,1,3,573,"A×1, L×1, R×1","CGA×474, TTG×97, GCA×2"
661,nonsynonymous-only,0,1,3,908,"E×1, I×1, T×1","ATA×809, GAA×97, ACA×2"
662,nonsynonymous-only,0,1,3,811,"A×1, L×1, R×1","CGC×808, TTA×2, GCT×1"
663,nonsynonymous-only,0,1,5,1702,"C×1, F×1, H×1, L×1, Y×1","CAT×920, TGC×682, TAT×97, TTT×2, TTA×1"
664,nonsynonymous-only,0,1,9,3023,"S×3, F×2, L×2, P×1, Y×1","TTG×1601, TCG×808, TCT×538, TTC×50, TAC×21, TCA×2, CCA×1, TTA×1, TTT×1"
665,nonsynonymous-only,0,1,12,3301,"S×2, A×1, D×1, E×1, F×1, G×1, H×1, I×1, N×1, R×1, Y×1","AAT×1346, TAT×920, CAT×475, AGT×229, CGT×207, GAT×98, GGT×11, TTT×7, TCT×3, ATC×2, GAG×2, GCT×1"
666,nonsynonymous-only,0,1,8,4450,"E×1, F×1, L×1, P×1, Q×1, R×1, S×1, Y×1","TAT×2238, CAA×970, CTT×683, CGC×538, TCT×12, CCT×7, GAA×1, TTT×1"
667,nonsynonymous-only,0,1,9,3753,"F×2, L×2, P×2, C×1, H×1, S×1","TTA×1249, CCA×910, TTC×682, CAT×538, TCA×326, CCT×27, TTT×19, CTT×1, TGT×1"
668,nonsynonymous-only,0,1,7,2333,"T×2, V×2, F×1, I×1, P×1","GTT×1459, ACT×705, GTG×97, ATT×50, TTT×18, ACC×3, CCT×1"
669,nonsynonymous-only,0,1,10,1643,"G×2, K×2, N×1, Q×1, R×1, S×1, T×1, W×1","AAA×558, AGT×552, AAG×362, CAG×97, GGC×50, GGT×12, ACC×7, AGG×3, AAC×1, TGG×1"
670,nonsynonymous-only,0,1,6,672,"V×2, I×1, L×1, N×1, S×1","AAT×548, CTT×97, GTT×14, AGT×11, ATT×1, GTC×1"
672,nonsynonymous-only,0,1,2,147,"I×1, P×1","CCC×97, ATT×50"
673,nonsynonymous-only,0,1,10,1897,"L×3, S×2, G×1, I×1, M×1, V×1, W×1","TTA×939, GTA×537, TTG×263, TCG×97, TGG×50, ATT×7, AGT×1, ATG×1, CTG×1, GGA×1"
674,nonsynonymous-only,0,1,9,3417,"L×4, F×2, Y×2, S×1","TTT×2010, TTC×538, CTT×482, TTA×228, CTC×147, TAC×7, TCT×3, TAT×1, TTG×1"
675,nonsynonymous-only,0,1,15,3434,"F×2, L×2, C×1, E×1, G×1, I×1, N×1, Q×1, R×1, S×1, V×1, W×1, Y×1","TTC×1169, CAG×808, TTG×537, TCT×481, CGT×197, AAC×97, TAT×50, TGT×31, TTT×31, GTA×16, TGG×7, GAA×3, GGA×3, TTA×3, ATC×1"
676,nonsynonymous-only,0,1,12,3440,"L×3, I×2, E×1, F×1, G×1, K×1, M×1, R×1, V×1","ATA×1201, ATG×811, TTA×591, TTG×481, AGA×199, CTA×97, GGA×35, TTT×11, GTG×8, AAA×3, ATT×2, GAA×1"
677,nonsynonymous-only,0,1,20,3454,"A×4, F×2, G×2, I×2, K×2, N×2, T×2, V×2, H×1, L×1","GCA×1178, GCC×808, AAG×537, GGA×474, ATC×231, ACC×97, TTA×50, GCG×22, TTC×15, CAC×11, AAC×10, GTA×6, GTT×5, GCT×3, AAA×2, AAT×1, ACA×1, ATT×1, GGT×1, TTT×1"
678,nonsynonymous-only,0,1,13,3452,"L×3, S×3, A×1, G×1, I×1, K×1, N×1, Q×1, T×1","AAA×1357, TTG×1290, AGC×480, ACT×229, GCC×49, ATA×14, AGT×12, AAT×10, TTA×7, CAA×1, CTA×1, GGC×1, TCA×1"
679,nonsynonymous-only,0,1,9,2024,"F×2, L×2, I×1, M×1, S×1, T×1, V×1","TTC×808, ATG×556, TCC×480, TTG×97, TTA×55, TTT×12, GTA×9, ATA×6, ACG×1"
680,nonsynonymous-only,0,1,15,1530,"G×2, I×2, T×2, V×2, C×1, K×1, L×1, M×1, R×1, W×1, Y×1","GTC×681, ACA×537, GGC×126, CTA×97, ACG×50, TGC×14, GGG×8, ATA×5, ATG×4, AAA×3, AGA×1, ATC×1, GTG×1, TAT×1, TGG×1"
681,nonsynonymous-only,0,1,2,98,"I×1, L×1","ATT×97, TTA×1"
682,nonsynonymous-only,0,1,4,865,"D×2, G×2","GAC×808, GAT×53, GGC×3, GGT×1"
683,nonsynonymous-only,0,1,8,971,"S×2, A×1, F×1, K×1, L×1, M×1, V×1","TCG×800, TTG×97, TTC×52, ATG×9, TCA×8, AAA×3, GCT×1, GTA×1"
684,nonsynonymous-only,0,1,5,864,"C×1, F×1, I×1, Q×1, R×1","CGT×805, TTT×52, ATT×3, TGT×3, CAA×1"
685,nonsynonymous-only,0,1,4,864,"F×1, I×1, P×1, T×1","CCT×808, TTT×52, ATC×3, ACC×1"
686,nonsynonymous-only,0,1,2,809,"H×1, L×1","CAT×808, TTA×1"
687,nonsynonymous-only,0,1,3,811,"T×2, I×1","ATT×808, ACC×2, ACT×1"
688,nonsynonymous-only,0,1,7,2359,"R×2, E×1, G×1, K×1, N×1, T×1","GGA×1252, GAA×808, CGG×279, CGA×16, ACA×2, AAA×1, AAC×1"
689,nonsynonymous-only,0,1,7,2637,"D×1, G×1, H×1, K×1, L×1, N×1, Q×1","CAG×1252, CAT×810, AAT×563, GAC×9, AAA×1, CTT×1, GGG×1"
690,nonsynonymous-only,0,1,17,4210,"L×3, G×2, H×2, Y×2, C×1, D×1, E×1, K×1, M×1, N×1, Q×1, T×1","GAA×1287, CAC×1237, GAT×1208, CAT×279, AAT×97, ACA×52, AAA×15, CTC×14, TTA×11, GGG×3, ATG×1, CAG×1, CTT×1, GGC×1, TAC×1, TAT×1, TGC×1"
691,nonsynonymous-only,0,1,12,4516,"Q×2, D×1, E×1, G×1, K×1, L×1, P×1, R×1, S×1, T×1, Y×1","AAA×2570, CAA×1630, TAT×228, ACG×52, GAA×21, GGT×8, GAT×2, CAG×1, CCA×1, CGA×1, TCA×1, TTA×1"
692,nonsynonymous-only,0,1,12,4544,"K×2, T×2, V×2, A×1, E×1, I×1, M×1, N×1, R×1","AAA×2008, GAA×1961, AAT×279, AGA×156, ATA×111, ACA×17, ACT×5, AAG×3, ATG×1, GCA×1, GTA×1, GTG×1"
694,nonsynonymous-only,0,1,19,7089,"A×3, T×3, F×2, I×2, K×2, L×2, G×1, M×1, P×1, V×1, Y×1","ACT×1870, ATG×1003, TAC×920, ATT×859, ACC×841, AAA×732, AAG×677, GGA×97, TTT×52, TTC×13, GTT×8, ACA×7, GCG×3, GCT×2, ATA×1, CCC×1, CTG×1, GCA×1, TTA×1"
695,nonsynonymous-only,0,1,23,7076,"S×4, A×3, T×3, C×2, F×2, L×2, V×2, I×1, K×1, M×1, P×1, Q×1","GTG×1252, AGT×1006, TCT×909, TTT×808, TTG×727, TCC×694, ACC×686, GCC×495, ACG×161, ATT×97, CTG×82, ATG×68, TGT×58, GCG×13, ACT×7, GTC×5, TCG×2, AAG×1, CAA×1, CCG×1, GCT×1, TGC×1, TTC×1"
696,nonsynonymous-only,0,1,17,6169,"S×3, G×2, K×2, R×2, A×1, C×1, E×1, L×1, M×1, N×1, P×1, Q×1","GCA×1252, AGC×1203, GAA×1003, CGA×808, CAA×779, AAC×627, GGA×231, AAG×147, CTC×82, AGA×14, AAA×7, TCA×7, GGG×5, AGT×1, ATG×1, CCA×1, TGC×1"
697,nonsynonymous-only,0,1,16,7202,"G×3, E×2, I×2, N×2, S×2, D×1, K×1, R×1, T×1, V×1","ATT×1385, GAT×1283, GAA×1253, AGT×932, GAG×728, AAC×682, GGG×536, AAA×280, AGC×82, AAT×17, ACT×16, ATC×3, GTT×2, AGG×1, GGC×1, GGT×1"
698,nonsynonymous-only,0,1,9,5700,"S×2, D×1, G×1, I×1, N×1, R×1, V×1, Y×1","AAT×4407, GGT×921, ATT×280, TAT×83, AGC×3, AGT×2, GTT×2, AGG×1, GAT×1"
699,nonsynonymous-only,0,1,18,5672,"L×3, G×2, I×2, P×2, S×2, T×2, A×1, F×1, K×1, M×1, R×1","TTA×1822, ATG×1648, TTG×728, ATC×682, ACA×537, TCA×102, ATA×82, CGC×52, GGA×6, CCG×3, AGT×2, CTA×2, AAA×1, ACT×1, CCC×1, GCA×1, GGG×1, TTT×1"
700,nonsynonymous-only,0,1,10,4940,"L×3, S×2, V×2, F×1, G×1, Y×1","TTT×1945, TTG×1257, TCT×721, CTA×682, GTG×181, GTA×98, TAT×52, GGC×2, TCG×1, TTA×1"
702,nonsynonymous-only,0,1,2,1602,"N×1, R×1","CGC×920, AAC×682"
705,nonsynonymous-only,0,1,5,966,"E×1, I×1, K×1, R×1, T×1","GAG×682, AAA×230, ATA×51, AGA×2, ACA×1"
706,nonsynonymous-only,0,1,9,1342,"F×2, I×2, V×2, D×1, G×1, S×1","GAC×680, ATC×278, GTC×228, GTT×97, TCA×52, ATT×2, GGC×2, TTT×2, TTC×1"
707,nonsynonymous-only,0,1,5,2053,"D×1, F×1, K×1, N×1, S×1","AAA×962, AAC×810, GAT×279, AGC×1, TTC×1"
708,nonsynonymous-only,0,1,10,2151,"A×2, D×2, E×1, K×1, L×1, R×1, V×1, Y×1","GCA×802, GAC×682, GAA×377, GAT×227, AAA×52, GTA×7, AGA×1, CTA×1, GCC×1, TAT×1"
709,nonsynonymous-only,0,1,17,3944,"L×3, F×2, I×2, S×2, V×2, A×1, H×1, N×1, P×1, R×1, Y×1","TTC×1297, CCA×808, TTT×765, AGC×506, GCG×279, AAC×176, ATT×52, TTG×21, TTA×17, CTA×7, GTA×6, CAT×3, TAC×3, AGG×1, ATA×1, GTT×1, TCA×1"
710,nonsynonymous-only,0,1,13,2692,"L×2, S×2, Y×2, E×1, F×1, H×1, K×1, Q×1, V×1, W×1","AAA×808, GAG×682, TAT×538, TTA×283, TCT×228, TCA×99, TTT×16, GTA×11, CTG×9, CAT×8, TAC×5, TGG×3, CAA×2"
711,nonsynonymous-only,0,1,12,3462,"L×3, K×2, S×2, Y×2, N×1, Q×1, W×1","TGG×1604, TTG×1306, TCT×279, TTA×229, TAT×26, CAA×8, AAA×5, AAG×1, AAT×1, CTA×1, TAC×1, TCA×1"
712,nonsynonymous-only,0,1,18,3939,"C×2, D×2, G×2, H×2, S×2, V×2, E×1, F×1, I×1, K×1, L×1, N×1","CTT×1598, GTT×1197, AAT×816, GGT×218, TTC×52, ATT×18, TGT×15, GGC×8, CAT×4, AAG×3, AGT×2, GAC×2, CAC×1, GAG×1, GAT×1, GTC×1, TCT×1, TGC×1"
713,nonsynonymous-only,0,1,16,4327,"L×3, F×2, I×2, R×2, S×2, G×1, M×1, T×1, V×1, Y×1","TTG×1616, ATG×1428, TCA×808, AGG×279, TAT×97, ACA×52, TTT×20, TTC×14, ATC×3, CGC×3, TTA×2, ATA×1, CTA×1, GGA×1, GTG×1, TCT×1"
714,nonsynonymous-only,0,1,17,3012,"R×4, K×2, Q×2, S×2, A×1, C×1, G×1, H×1, M×1, W×1, Y×1","CGG×920, CGA×809, CGC×643, AGA×278, AAG×219, AGC×52, CAC×34, TCA×17, AAA×11, ATG×9, GGA×5, TGG×5, CAA×4, CAG×3, GCG×1, TAC×1, TGT×1"
715,nonsynonymous-only,0,1,17,3331,"L×3, K×2, R×2, E×1, F×1, H×1, I×1, M×1, N×1, P×1, Q×1, S×1, Y×1","TTG×1201, CTG×807, GAA×682, TCA×279, CAG×227, TAC×97, CGA×14, ATT×9, AAA×4, AAG×3, TTA×2, AAT×1, AGA×1, ATG×1, CAT×1, CCG×1, TTC×1"
716,nonsynonymous-only,0,1,15,4321,"L×3, C×2, H×2, R×2, Y×2, F×1, N×1, P×1, Q×1","TAT×1364, CGC×928, TGC×681, CCA×667, AAC×287, CTA×253, CGT×110, TTT×14, TGT×7, CAC×4, CTT×2, CAG×1, CAT×1, CTC×1, TAC×1"
717,nonsynonymous-only,0,1,11,4619,"L×4, C×1, E×1, F×1, P×1, Q×1, V×1, Y×1","TTA×2144, TTG×1252, TGC×808, CTT×279, CTA×98, GTA×14, TTT×12, GAA×9, CAA×1, CCG×1, TAT×1"
718,nonsynonymous-only,0,1,13,5270,"L×3, R×2, S×2, F×1, I×1, P×1, Q×1, T×1, V×1","CCA×1252, TTT×1207, ACG×920, GTT×810, CGG×682, CTA×279, CGA×97, CTG×11, TCA×8, ATA×1, CAA×1, TCG×1, TTG×1"
719,nonsynonymous-only,0,1,15,2546,"C×2, K×2, R×2, A×1, F×1, I×1, L×1, N×1, S×1, V×1, W×1, Y×1","TGG×921, TAT×729, CTC×681, TTT×97, TGT×84, GCT×11, AAA×8, AGG×5, CGG×3, AAT×2, AAG×1, ATC×1, GTT×1, TCA×1, TGC×1"
720,nonsynonymous-only,0,1,8,4058,"E×1, I×1, L×1, M×1, N×1, P×1, S×1, T×1","AAC×1253, CCA×1189, ATC×838, AGC×682, ACC×82, CTA×12, ATG×1, GAA×1"
721,nonsynonymous-only,0,1,9,3181,"R×3, G×1, K×1, L×1, P×1, Q×1, T×1","AAA×1199, CCG×819, CGG×779, AGG×279, CAG×90, CTG×12, ACT×1, AGA×1, GGA×1"
733,nonsynonymous-only,0,1,2,98,"K×1, V×1","AAG×97, GTT×1"
735,nonsynonymous-only,0,1,2,98,"R×1, S×1","TCG×97, CGG×1"
736,nonsynonymous-only,0,1,5,3710,"L×2, F×1, P×1, S×1","TTT×3026, CCT×681, CTT×1, TCC×1, TTG×1"
737,nonsynonymous-only,0,1,2,2,"K×1, L×1","AAA×1, CTG×1"
738,nonsynonymous-only,0,1,8,4020,"K×2, E×1, G×1, I×1, M×1, Q×1, R×1","AAA×2200, ATA×808, ATG×727, GGA×228, CAA×52, AAG×2, GAA×2, AGG×1"
739,nonsynonymous-only,0,1,7,4020,"K×2, T×2, A×1, I×1, M×1","ATA×1350, ACG×1197, ATG×1038, AAA×280, GCG×101, ACA×53, AAG×1"
740,nonsynonymous-only,0,1,11,3209,"L×3, S×2, A×1, G×1, K×1, M×1, P×1, R×1","CTA×1201, CCT×727, TCA×539, ATG×279, GCG×228, CGA×97, GGA×82, TTG×53, AAG×1, TCG×1, TTA×1"
741,nonsynonymous-only,0,1,12,3209,"L×3, R×3, Q×2, A×1, E×1, K×1, S×1","CAA×1978, AGA×538, CTT×280, TTA×220, AAA×97, GCA×82, CTA×8, CGA×2, AGG×1, CAG×1, GAA×1, TCA×1"
742,nonsynonymous-only,0,1,8,641,"L×2, A×1, F×1, I×1, S×1, T×1, V×1","TTC×433, ATC×104, AGT×97, ACC×3, CTC×1, CTT×1, GCT×1, GTA×1"
743,nonsynonymous-only,0,1,7,641,"N×2, F×1, K×1, L×1, S×1, V×1","GTT×537, TTA×97, AAC×3, AAA×1, AAT×1, AGC×1, TTT×1"
744,nonsynonymous-only,0,1,6,641,"A×1, G×1, I×1, K×1, R×1, S×1","AGA×537, ATT×97, AAA×4, AGC×1, GCA×1, GGA×1"
745,nonsynonymous-only,0,1,6,641,"D×2, C×1, G×1, N×1, S×1","TGT×538, AGT×97, GGC×3, AAC×1, GAC×1, GAT×1"
746,nonsynonymous-only,0,1,6,641,"K×2, E×1, H×1, I×1, V×1","GTT×538, CAT×97, ATT×3, AAA×1, AAG×1, GAG×1"
747,nonsynonymous-only,0,1,5,640,"K×2, F×1, L×1, R×1","AAG×538, TTA×97, AGA×3, AAA×1, TTT×1"
753,nonsynonymous-only,0,1,8,2017,"C×2, H×2, L×2, F×1, I×1","CTC×1541, CAT×279, CAC×97, TTT×82, TGC×11, CTT×3, TGT×3, ATC×1"
754,nonsynonymous-only,0,1,10,1742,"L×3, C×1, E×1, F×1, G×1, M×1, S×1, Y×1","CTC×1003, TTA×507, GGA×102, GAG×97, CTT×16, TAT×11, TGC×3, ATG×1, TCA×1, TTT×1"
755,nonsynonymous-only,0,1,15,4295,"I×2, N×2, R×2, S×2, Y×2, F×1, H×1, K×1, Q×1, V×1","AGT×1003, AAT×911, CGC×807, AAC×541, CAT×297, AAG×279, ATT×228, ATC×103, TAC×98, TTT×14, CGT×8, CAG×3, GTC×1, TAT×1, TCT×1"
756,nonsynonymous-only,0,1,16,3310,"C×2, H×2, R×2, S×2, D×1, E×1, G×1, K×1, L×1, N×1, T×1, Y×1","GAA×1202, ACT×808, GGT×539, AGC×279, AAC×228, AGT×103, GAT×97, TGC×17, TGT×15, AAG×8, CGT×5, CTA×3, TAT×3, AGG×1, CAC×1, CAT×1"
757,nonsynonymous-only,0,1,8,5557,"G×2, K×2, L×1, Q×1, R×1, T×1","AAA×2061, AGA×1843, GGA×1253, AAG×280, ACA×97, GGG×17, TTG×5, CAG×1"
758,nonsynonymous-only,0,1,13,6038,"I×2, A×1, E×1, G×1, K×1, L×1, N×1, Q×1, R×1, S×1, T×1, V×1","AAA×2503, CAA×1337, TTA×996, ATA×544, GCA×278, AAT×228, AGA×100, ACA×15, GAA×10, TCA×10, ATT×8, GGA×8, GTA×1"
759,nonsynonymous-only,0,1,12,4847,"K×2, A×1, C×1, E×1, G×1, H×1, L×1, N×1, R×1, S×1, Y×1","AAA×1549, AAG×1488, GGG×808, TAT×640, GAG×227, AGT×97, CAC×15, AGG×11, TGT×9, AAT×1, CTT×1, GCC×1"
760,nonsynonymous-only,0,1,19,4850,"L×4, R×3, P×2, F×1, G×1, H×1, I×1, K×1, M×1, Q×1, T×1, V×1, Y×1","CGT×1234, ATA×1003, CGA×808, CCG×538, TAT×480, CTA×417, CTG×199, GTA×97, ATG×22, CAT×18, GGA×11, TTG×8, TTA×7, TTT×3, AAA×1, ACG×1, AGA×1, CAA×1, CCA×1"
761,nonsynonymous-only,0,1,14,3488,"P×3, Q×2, R×2, S×2, T×2, E×1, G×1, L×1","CCC×1249, ACT×807, CGG×542, CCT×480, TCT×279, GGT×97, AGA×11, CTG×8, CAG×5, CCA×3, TCC×3, GAA×2, ACC×1, CAA×1"
762,nonsynonymous-only,0,1,11,2236,"D×2, L×2, N×2, F×1, I×1, K×1, R×1, V×1","TTT×1087, AAT×538, CTT×480, GAT×97, AAA×11, ATA×8, AAC×7, GTT×5, CGA×1, GAC×1, TTA×1"
763,nonsynonymous-only,0,1,7,2225,"L×3, S×2, F×1, K×1","TTA×906, TTG×754, TCA×551, CTA×5, TCG×5, TTT×3, AAA×1"
764,nonsynonymous-only,0,1,14,1693,"I×3, S×2, T×2, A×1, C×1, D×1, E×1, K×1, L×1, Q×1","ACC×807, TCT×279, GCT×244, GAT×236, CTA×97, ATC×11, ATA×8, AAA×3, TGT×3, ACT×1, AGT×1, ATT×1, CAA×1, GAA×1"
765,nonsynonymous-only,0,1,9,1681,"L×2, A×1, G×1, K×1, P×1, R×1, S×1, W×1","GCC×808, GGA×471, CTC×279, AGC×97, AGA×12, AAA×9, TTA×3, CCC×1, TGG×1"
766,nonsynonymous-only,0,1,6,3100,"F×1, I×1, L×1, P×1, R×1, Y×1","CTT×1430, TTT×1289, ATT×279, AGG×97, TAT×4, CCA×1"
767,nonsynonymous-only,0,1,2,98,"V×1, Y×1","GTT×97, TAT×1"
769,nonsynonymous-only,0,1,2,824,"G×1, H×1","CAT×727, GGT×97"
770,nonsynonymous-only,0,1,2,824,"A×1, D×1","GCT×727, GAC×97"
771,nonsynonymous-only,0,1,14,6490,"L×3, A×2, I×2, S×2, F×1, N×1, P×1, V×1, Y×1","ATT×2401, TTT×1484, GCT×809, CCC×727, TTA×681, TAT×279, TCT×98, AGT×5, AAT×1, ATA×1, CTA×1, GCC×1, GTT×1, TTG×1"
772,nonsynonymous-only,0,1,13,6034,"S×4, L×2, A×1, F×1, K×1, Q×1, R×1, V×1, Y×1","TTA×1866, TCA×1085, TCT×1024, GTC×920, TTG×779, TCC×278, TTT×60, TAT×9, CAA×5, CGA×3, GCT×3, AAA×1, TCG×1"
773,nonsynonymous-only,0,1,14,7150,"A×2, D×2, K×2, T×2, E×1, I×1, L×1, Q×1, S×1, Y×1","GAT×2302, GAA×1255, AAA×1103, AGT×808, GCA×728, ATA×538, ACA×389, ACG×8, GAC×8, CTG×5, AAG×3, CAA×1, GCT×1, TAT×1"
774,nonsynonymous-only,0,1,18,6686,"R×3, E×2, K×2, N×2, A×1, D×1, F×1, G×1, I×1, L×1, Q×1, S×1, W×1","GAA×2357, CGA×1003, ATC×808, GGT×728, GAG×682, AAG×538, AGT×282, TTG×97, AAA×96, GAC×52, CGT×14, TTT×11, AAT×9, GCT×5, AAC×1, AGA×1, CAA×1, TGG×1"
775,nonsynonymous-only,0,1,20,6686,"G×3, A×2, F×2, I×2, L×2, D×1, E×1, K×1, M×1, P×1, R×1, S×1, T×1, V×1","ATA×1276, GCA×1230, CTG×1004, CCA×910, GCG×892, GGA×801, AGA×379, AAA×95, TTA×52, ATT×22, GGG×13, ATG×4, ACC×1, GAA×1, GAT×1, GGT×1, GTA×1, TCA×1, TTC×1, TTT×1"
776,nonsynonymous-only,0,1,15,6689,"I×3, F×2, L×2, A×1, K×1, M×1, P×1, R×1, T×1, V×1, Y×1","ATG×1527, TTT×1326, AAG×996, TTG×919, ATT×809, ACG×727, GCA×332, TTA×33, AGG×7, ATA×6, GTA×3, ATC×1, CCA×1, TAC×1, TTC×1"
777,nonsynonymous-only,0,1,18,6691,"V×3, A×2, D×2, G×2, I×2, N×2, E×1, F×1, K×1, M×1, S×1","AAT×1489, GTT×1022, GCT×1014, ATC×808, ATG×727, TCC×682, GGT×538, AAC×222, GAT×97, GTA×55, TTT×15, ATT×5, GAC×5, GGA×5, GCA×4, AAG×1, GAA×1, GTC×1"
778,nonsynonymous-only,0,1,19,5260,"A×3, L×3, I×2, R×2, V×2, E×1, F×1, M×1, S×1, T×1, W×1, Y×1","GCT×1266, TTT×1003, GTC×894, AGT×809, GCA×682, TTG×279, TTA×149, AGG×95, GTT×27, ATG×14, ACT×11, TAT×11, ATT×9, ATA×3, GCG×3, CTT×2, AGA×1, GAA×1, TGG×1"
779,nonsynonymous-only,0,1,11,4964,"I×3, K×2, A×1, G×1, L×1, M×1, Q×1, R×1","ATG×1003, GGG×920, CAA×729, AAA×698, TTA×688, ATT×560, ATC×249, ATA×101, GCA×14, AAG×1, AGA×1"
780,nonsynonymous-only,0,1,4,382,"A×1, Q×1, S×1, T×1","TCG×279, CAA×97, GCA×5, ACC×1"
781,nonsynonymous-only,0,1,3,381,"C×1, G×1, V×1","TGT×279, GTG×97, GGG×5"
782,nonsynonymous-only,0,1,2,102,"K×1, S×1","AGT×97, AAG×5"
786,nonsynonymous-only,0,1,5,909,"D×2, H×1, N×1, S×1","GAT×808, AGT×97, CAT×2, AAT×1, GAC×1"
787,nonsynonymous-only,0,1,5,909,"C×1, D×1, L×1, N×1, S×1","TGT×808, AGT×97, GAT×2, AAC×1, TTA×1"
788,nonsynonymous-only,0,1,5,909,"T×2, G×1, P×1, R×1","CCT×808, GGT×97, CGC×2, ACA×1, ACT×1"
789,nonsynonymous-only,0,1,5,1964,"F×2, S×2, L×1","TCC×976, TTC×808, TTT×152, TCA×27, TTA×1"
801,nonsynonymous-only,0,1,4,964,"L×3, S×1","TCA×808, TTG×149, CTT×6, TTA×1"
802,nonsynonymous-only,0,1,10,979,"R×2, T×2, A×1, E×1, G×1, I×1, K×1, L×1","ACA×806, AGA×98, GCA×52, GAA×11, AGG×6, ATC×2, AAA×1, ACT×1, GGA×1, TTA×1"
803,nonsynonymous-only,0,1,5,993,"N×2, D×1, G×1, I×1","GGA×808, GAT×97, AAC×63, AAT×24, ATC×1"
804,nonsynonymous-only,0,1,9,985,"V×2, A×1, F×1, I×1, K×1, N×1, R×1, S×1","TTC×808, TCC×97, ATC×51, AAA×14, GTT×11, AAT×1, AGA×1, GCA×1, GTC×1"
805,nonsynonymous-only,0,1,2,149,"L×1, S×1","TTG×97, TCT×52"
811,nonsynonymous-only,0,1,3,1699,"C×1, F×1, L×1","TTT×920, TGC×682, CTT×97"
812,nonsynonymous-only,0,1,15,2446,"V×4, E×2, A×1, F×1, I×1, K×1, L×1, S×1, T×1, W×1, Y×1","GAA×776, ACC×682, GTA×537, TGG×279, TCA×97, AAA×30, TAT×11, GCT×9, ATT×8, GTT×7, GAG×4, GTC×3, GTG×1, TTG×1, TTT×1"
813,nonsynonymous-only,0,1,12,2452,"I×2, T×2, G×1, K×1, L×1, M×1, N×1, R×1, S×1, Y×1","ACA×1443, CTT×681, ATG×284, GGT×14, AGT×11, TAT×8, ACT×3, AAA×2, AAT×2, ATT×2, AGA×1, ATA×1"
814,nonsynonymous-only,0,1,11,2438,"S×2, D×1, H×1, I×1, K×1, L×1, N×1, Q×1, R×1, V×1","AAT×808, AAA×683, TCA×539, CAT×282, GTT×97, GAT×19, CAA×5, ATT×2, AGA×1, AGT×1, TTA×1"
815,nonsynonymous-only,0,1,11,2113,"C×1, D×1, F×1, G×1, I×1, L×1, Q×1, R×1, S×1, W×1, Y×1","GGA×659, TTT×551, CAA×480, TAT×279, TGT×102, AGA×23, TTA×11, GAT×4, TGG×2, ATT×1, TCT×1"
816,nonsynonymous-only,0,1,14,4050,"G×2, K×2, D×1, E×1, H×1, L×1, N×1, Q×1, R×1, T×1, V×1, Y×1","AGA×1602, CTG×1003, AAA×541, AAG×471, GGT×257, GTA×97, GGG×22, GAA×17, TAT×14, ACA×11, CAG×9, GAT×4, AAC×1, CAC×1"
817,nonsynonymous-only,0,1,21,6049,"S×3, A×2, G×2, L×2, N×2, V×2, C×1, D×1, H×1, I×1, K×1, Q×1, R×1, Y×1","TAC×1202, AAC×1197, GTC×1003, GTT×931, GCT×665, GCC×538, GAC×279, TCT×97, AAT×92, GGC×11, ATT×8, TCA×8, CTT×5, TTA×4, GGT×3, AAA×1, AGC×1, CAG×1, CAT×1, CGA×1, TGC×1"
818,nonsynonymous-only,0,1,15,6291,"L×4, S×3, I×2, T×2, A×1, F×1, P×1, V×1","TTT×2302, TCA×1747, GCA×682, TTG×538, GTA×480, CTA×257, TTA×254, ATT×20, TCC×4, TCG×2, ACA×1, ACC×1, ATC×1, CCT×1, CTT×1"
819,nonsynonymous-only,0,1,15,6291,"G×2, K×2, N×2, S×2, V×2, D×1, F×1, I×1, R×1, T×1","GAT×1913, AAT×1231, ATT×1020, GTC×808, AGC×801, CGT×279, GGC×203, ACG×14, GTA×8, AAA×6, GGT×4, AAC×1, AAG×1, AGT×1, TTT×1"
820,nonsynonymous-only,0,1,14,5594,"A×2, G×2, R×2, T×2, E×1, H×1, K×1, P×1, Q×1, S×1","CGA×1470, AAA×1464, ACG×1202, GGA×913, GCA×279, CCA×228, ACA×11, CAA×10, GAA×9, AGA×3, GCG×2, CAT×1, GGT×1, TCC×1"
821,nonsynonymous-only,0,1,20,5606,"T×3, E×2, L×2, N×2, V×2, A×1, D×1, F×1, H×1, I×1, K×1, M×1, P×1, R×1","AGG×1202, ACA×1003, ATG×920, AAC×808, GCA×539, AAA×481, TTT×279, GAT×228, ACC×97, CCT×14, CTA×11, GTT×8, ATC×5, GAA×3, CAT×2, TTG×2, AAT×1, ACG×1, GAG×1, GTG×1"
822,nonsynonymous-only,0,1,9,5371,"I×2, V×2, D×1, F×1, G×1, N×1, Y×1","GAT×1203, ATT×1021, AAT×1007, TAT×920, GTT×808, GGT×279, ATC×117, TTC×14, GTC×2"
823,nonsynonymous-only,0,1,11,4523,"G×2, S×2, A×1, D×1, E×1, F×1, I×1, K×1, V×1","GAC×1203, GTT×1003, GGA×913, AGC×808, AGT×480, ATT×97, TTT×8, GGG×7, AAA×2, GAA×1, GCT×1"
824,nonsynonymous-only,0,1,3,1101,"K×1, M×1, R×1","AAG×1003, ATG×97, CGT×1"
829,nonsynonymous-only,0,1,3,98,"N×1, S×1, V×1","AGC×96, AAC×1, GTC×1"
832,nonsynonymous-only,0,1,10,3127,"N×2, D×1, E×1, F×1, K×1, L×1, S×1, V×1, Y×1","AAC×1202, AAT×808, GTC×727, TAC×229, AAA×105, TTC×52, GAA×1, GAT×1, TCC×1, TTG×1"
833,nonsynonymous-only,0,1,12,1938,"K×2, L×2, A×1, E×1, F×1, G×1, R×1, T×1, W×1, Y×1","TTC×808, GAG×727, AAG×229, GGC×97, CTC×52, AAA×12, TGG×5, TAT×4, ACA×1, AGG×1, CTA×1, GCG×1"
834,nonsynonymous-only,0,1,13,2863,"G×2, L×2, V×2, C×1, F×1, I×1, K×1, Q×1, R×1, S×1","CGA×1036, ATT×1003, TCA×727, GTT×52, TGT×15, CAA×13, GTG×8, TTA×3, AAA×2, GGG×1, GGT×1, TTG×1, TTT×1"
835,nonsynonymous-only,0,1,12,4167,"L×4, I×2, D×1, F×1, P×1, R×1, S×1, V×1","CTT×1204, TTG×1010, TTA×810, ATA×729, CCA×228, TTT×164, ATC×11, GTT×5, CTA×3, CGA×1, GAT×1, TCT×1"
836,nonsynonymous-only,0,1,16,4163,"L×3, I×2, D×1, F×1, K×1, M×1, N×1, P×1, Q×1, R×1, S×1, T×1, V×1","TTA×1203, CCA×808, ATA×727, GTT×508, ATT×495, TTC×325, CTC×53, ACG×14, AAC×11, AAA×9, GAC×5, ATG×1, CAA×1, CGT×1, TCA×1, TTG×1"
837,nonsynonymous-only,0,1,14,3905,"E×2, K×2, R×2, A×1, C×1, F×1, I×1, L×1, N×1, V×1, Y×1","GAA×1203, AGA×955, TTT×808, TTG×481, AAA×340, TGC×97, AAG×11, AAT×3, TAT×2, ATA×1, CGG×1, GAG×1, GCT×1, GTA×1"
838,nonsynonymous-only,0,1,14,4700,"I×3, L×3, R×2, T×2, A×1, K×1, M×1, S×1","TTA×1203, ATA×1119, CTA×1087, ATG×589, TCA×481, ACA×113, AAA×57, ACG×35, GCG×8, AGA×4, AGG×1, ATC×1, ATT×1, TTG×1"
839,nonsynonymous-only,0,1,17,3899,"I×3, A×2, E×2, C×1, D×1, K×1, L×1, M×1, N×1, P×1, R×1, T×1, V×1","ATC×1113, GTA×992, AGA×728, AAC×538, CTA×228, AAA×102, ATG×89, ACA×55, ATA×14, CCA×11, GCA×11, GAG×8, ATT×5, GAA×2, GAC×1, GCT×1, TGC×1"
858,nonsynonymous-only,0,1,25,7519,"G×4, A×2, D×2, F×2, I×2, K×2, V×2, E×1, H×1, L×1, M×1, N×1, Q×1, R×1, S×1, Y×1","CAT×1223, AAA×1203, GAC×984, GCA×949, ATT×925, TTC×682, TTA×538, GGG×468, TAT×291, AGT×97, GAA×53, AAT×29, GGC×22, ATA×14, GTA×14, GGA×13, AAG×5, ATG×2, AGA×1, CAG×1, GAT×1, GCG×1, GGT×1, GTC×1, TTT×1"
859,nonsynonymous-only,0,1,20,8335,"C×2, D×2, N×2, R×2, V×2, Y×2, A×1, F×1, I×1, K×1, L×1, S×1, T×1, W×1","TAC×2171, TAT×1216, ATT×1002, CGA×808, GTC×727, AAC×686, TGC×538, AAT×489, TTT×280, CTT×230, TGG×97, GCT×52, ACT×14, CGT×14, GAC×5, GTT×2, AAG×1, AGT×1, GAT×1, TGT×1"
860,nonsynonymous-only,0,1,14,7803,"R×3, K×2, P×2, Q×2, E×1, G×1, I×1, S×1, Y×1","GGA×1921, AAA×1501, CAA×1487, AGA×987, AGC×909, CAG×483, CCG×327, GAA×162, TAT×14, AAG×8, ATC×1, CCC×1, CGC×1, CGT×1"
861,nonsynonymous-only,0,1,17,8353,"I×3, E×2, K×2, R×2, V×2, D×1, G×1, N×1, P×1, Q×1, S×1","AAA×3221, AGA×1294, AAT×1018, ATC×808, GAT×682, GTT×537, CAA×481, GGA×260, AAG×26, ATT×15, AGG×4, AGT×2, ATA×1, CCA×1, GAA×1, GAG×1, GTA×1"
862,nonsynonymous-only,0,1,19,4652,"E×2, F×2, I×2, K×2, L×2, N×2, R×2, C×1, H×1, S×1, W×1, Y×1","AAG×1288, GAG×1187, ATT×1003, TGC×538, ATA×279, AGA×229, CAT×51, AAA×17, GAA×17, TTT×11, TTA×10, TTG×9, AGC×5, AAC×2, AAT×2, CGA×1, TAC×1, TGG×1, TTC×1"
863,nonsynonymous-only,0,1,15,6174,"I×2, L×2, S×2, V×2, D×1, F×1, G×1, K×1, M×1, N×1, T×1","ATC×1811, ATT×1686, ATG×1264, CTG×727, TCG×279, GTT×230, GTG×97, TTT×51, TTG×17, ACT×5, AAG×3, AAT×1, GAT×1, GGT×1, TCC×1"
864,nonsynonymous-only,0,1,13,5878,"E×2, K×2, Q×2, R×2, S×2, C×1, H×1, N×1","AGC×1246, GAA×1202, AAC×1025, CAG×806, AAG×728, CAA×482, TGC×280, GAG×98, AGA×5, AAA×2, CGG×2, CAT×1, TCC×1"
865,nonsynonymous-only,0,1,9,3128,"I×2, K×2, A×1, E×1, F×1, G×1, W×1","TGG×1003, AAA×808, AAG×727, TTT×487, ATA×97, ATT×2, GGA×2, GAG×1, GCA×1"
866,nonsynonymous-only,0,1,8,4330,"S×3, L×2, I×1, T×1, V×1","ATT×1689, TTA×1003, GTT×809, AGT×727, TCG×97, ACT×3, CTT×1, TCT×1"
867,nonsynonymous-only,0,1,10,3037,"K×2, S×2, T×2, E×1, M×1, N×1, V×1","ACG×1179, TCG×1003, GTA×727, AAC×97, ACT×22, AAA×5, AAG×1, ATG×1, GAG×1, TCA×1"
869,nonsynonymous-only,0,1,3,1300,"I×1, S×1, V×1","GTT×1202, ATT×97, AGC×1"
870,nonsynonymous-only,0,1,3,1300,"F×1, N×1, Y×1","AAT×1202, TAC×97, TTT×1"
871,nonsynonymous-only,0,1,4,1301,"F×1, G×1, M×1, S×1","GGC×1202, ATG×97, AGT×1, TTT×1"
872,nonsynonymous-only,0,1,5,1302,"R×2, L×1, N×1, T×1","AGA×1202, CTA×97, AAT×1, ACC×1, CGT×1"
873,nonsynonymous-only,0,1,5,1358,"A×1, E×1, G×1, Q×1, S×1","GGA×1202, TCA×98, CAA×51, GAA×4, GCA×3"
874,nonsynonymous-only,0,1,4,1904,"K×2, E×1, N×1","AAA×1208, AAG×544, GAA×148, AAT×4"
875,nonsynonymous-only,0,1,6,652,"Q×2, R×2, C×1, K×1","CGA×481, CAA×164, CGC×4, AAG×1, CAG×1, TGC×1"
876,nonsynonymous-only,0,1,8,2659,"F×2, S×2, I×1, L×1, P×1, T×1","TCA×2466, TTC×97, TTT×53, CCA×25, TCT×9, ATC×5, ACA×3, TTA×1"
877,nonsynonymous-only,0,1,2,905,"G×1, V×1","GGA×808, GTG×97"
878,nonsynonymous-only,0,1,2,905,"Q×1, R×1","CAA×897, CGA×8"
879,nonsynonymous-only,0,1,3,905,"E×1, K×1, Q×1","AAA×796, CAA×97, GAA×12"
880,nonsynonymous-only,0,1,2,905,"R×1, T×1","AGG×808, ACG×97"
881,nonsynonymous-only,0,1,4,906,"D×1, H×1, Q×1, Y×1","CAC×748, CAA×98, TAC×32, GAC×28"
882,nonsynonymous-only,0,1,10,1477,"L×2, Y×2, H×1, I×1, K×1, N×1, Q×1, S×1","CTT×808, ATT×538, CAG×97, AAT×9, TTA×9, TAC×6, TAT×5, AAG×3, AGC×1, CAT×1"
883,nonsynonymous-only,0,1,9,1529,"L×3, F×2, P×1, S×1, T×1, Y×1","CCC×808, CTT×544, ACA×97, TTT×58, TTC×9, TCA×8, CTC×3, CTA×1, TAT×1"
884,nonsynonymous-only,0,1,9,2209,"Q×2, R×2, E×1, G×1, K×1, P×1, T×1","AAA×1207, GAA×809, AGG×97, CCA×52, GGA×19, CAG×11, CAA×8, AGA×5, ACA×1"
885,nonsynonymous-only,0,1,14,2758,"V×3, I×2, N×2, R×2, E×1, F×1, G×1, K×1, Y×1","TAT×1211, AGA×800, GTG×538, AGG×97, ATC×52, GAA×14, ATT×12, GGA×8, TTT×8, GTT×7, GTA×6, AAA×3, AAC×1, AAT×1"
886,nonsynonymous-only,0,1,12,2754,"C×2, E×2, G×2, K×2, N×1, Q×1, R×1, Y×1","AAC×1254, AAA×814, GGA×536, AAG×99, CAG×11, AGA×10, GAA×8, TAT×8, GAG×5, TGT×5, TGC×3, GGC×1"
887,nonsynonymous-only,0,1,5,2752,"D×1, K×1, Q×1, R×1, Y×1","AAA×1868, AGA×827, GAT×52, CAA×4, TAC×1"
888,nonsynonymous-only,0,1,12,2754,"N×2, S×2, D×1, G×1, H×1, I×1, P×1, Q×1, R×1, Y×1","AAT×1313, AGT×819, CAC×537, AAC×52, TAT×10, AGC×9, AGG×5, CAA×5, ATT×1, CCC×1, GAT×1, GGC×1"
889,nonsynonymous-only,0,1,13,2754,"L×3, S×2, V×2, A×1, D×1, I×1, N×1, T×1, Y×1","GAC×2010, CTT×538, CTA×97, AGT×61, GCT×12, ATC×11, AAT×8, ACC×6, TAT×5, GTA×2, GTT×2, CTG×1, TCT×1"
890,nonsynonymous-only,0,1,11,2736,"L×3, C×2, E×1, F×1, K×1, N×1, P×1, Y×1","TAT×1254, TGC×817, TTA×433, TTG×105, AAT×97, GAA×11, TTC×10, TGT×5, AAG×2, CCC×1, CTT×1"
891,nonsynonymous-only,0,1,5,114,"C×1, I×1, K×1, R×1, T×1","TGC×97, ACC×9, AGA×5, ATA×2, AAA×1"
892,nonsynonymous-only,0,1,3,905,"K×1, N×1, T×1","AAT×800, AAG×97, ACT×8"
893,nonsynonymous-only,0,1,2,106,"K×1, Q×1","CAG×104, AAA×2"
894,nonsynonymous-only,0,1,9,1457,"F×2, R×2, C×1, H×1, L×1, N×1, Y×1","CGA×812, TTC×537, AAC×97, CGT×5, TAC×2, CAC×1, CTG×1, TGC×1, TTT×1"
895,nonsynonymous-only,0,1,6,1456,"C×1, D×1, F×1, H×1, L×1, Y×1","TGC×810, TTT×538, GAT×97, CAT×7, CTT×3, TAT×1"
896,nonsynonymous-only,0,1,3,810,"G×1, R×1, V×1","GGA×740, AGA×68, GTA×2"
897,nonsynonymous-only,0,1,6,872,"A×1, L×1, P×1, S×1, V×1, Y×1","CCG×808, TAC×53, GTC×5, GCC×3, TTG×2, AGC×1"
898,nonsynonymous-only,0,1,6,870,"C×1, H×1, I×1, L×1, S×1, V×1","TGC×808, TTG×52, GTT×5, CAT×3, AGT×1, ATC×1"
899,nonsynonymous-only,0,1,6,871,"A×1, F×1, S×1, V×1, W×1, Y×1","GCA×808, TGG×57, TTC×3, AGT×1, GTT×1, TAT×1"
900,nonsynonymous-only,0,1,8,976,"A×1, I×1, K×1, P×1, Q×1, R×1, T×1, V×1","ACA×808, GCG×97, GTG×52, AAA×13, CAG×3, AGG×1, ATA×1, CCA×1"
901,nonsynonymous-only,0,1,9,882,"H×2, K×2, A×1, C×1, D×1, S×1, V×1","CAC×806, GTT×52, TGT×8, AAG×6, AAA×3, TCT×3, CAT×2, GAT×1, GCA×1"
902,nonsynonymous-only,0,1,8,3595,"K×2, D×1, E×1, N×1, S×1, W×1, Y×1","AAT×1615, AGT×1003, GAA×800, TAT×149, AAA×11, AAG×11, TGG×5, GAT×1"
903,nonsynonymous-only,0,1,13,4134,"S×3, F×2, Y×2, C×1, I×1, L×1, M×1, N×1, W×1","ATT×1004, TCT×920, TTT×808, TTA×682, TTC×538, TGG×97, TCA×52, TAC×15, TGT×11, TAT×3, AAT×2, ATG×1, TCC×1"
904,nonsynonymous-only,0,1,8,5823,"N×2, A×1, G×1, H×1, I×1, S×1, V×1","AAT×2197, CAT×1683, GCT×1003, GGT×920, ATT×10, AGT×8, AAC×1, GTT×1"
905,nonsynonymous-only,0,1,8,4443,"G×2, K×2, E×1, Q×1, R×1, W×1","AAA×1922, GAA×1203, CAA×683, GGA×482, AAG×98, TGG×52, GGG×2, AGG×1"
906,nonsynonymous-only,0,1,14,5236,"L×5, P×2, S×2, F×1, H×1, I×1, N×1, T×1","TTT×1256, CTA×953, ACA×920, TCA×782, CAT×682, CCC×390, ATT×97, CCA×97, TTA×54, AAT×1, CTC×1, CTG×1, CTT×1, TCC×1"
907,nonsynonymous-only,0,1,7,11,"I×2, N×2, A×1, E×1, K×1","AAC×4, GAG×2, AAA×1, AAT×1, ATC×1, ATT×1, GCT×1"
908,nonsynonymous-only,0,1,5,9,"H×1, K×1, L×1, N×1, Y×1","CAC×3, AAC×2, AAG×2, CTC×1, TAT×1"
909,nonsynonymous-only,0,1,5,8,"C×1, D×1, N×1, R×1, S×1","CGC×3, AGT×2, AAT×1, GAC×1, TGC×1"
910,nonsynonymous-only,0,1,5,8,"I×2, L×1, S×1, T×1","ACT×3, CTG×2, ATA×1, ATT×1, TCT×1"
911,nonsynonymous-only,0,1,6,949,"L×2, C×1, R×1, W×1, Y×1","TAT×924, CTC×11, TTA×9, TGG×3, CGA×1, TGT×1"
912,nonsynonymous-only,0,1,8,1629,"L×4, F×2, Q×1, S×1","TTG×1601, TTT×13, TTC×9, CTT×2, CAA×1, CTA×1, CTC×1, TCG×1"
913,nonsynonymous-only,0,1,6,936,"F×2, K×1, L×1, V×1, W×1","TTT×920, AAA×10, GTG×3, TGG×1, TTA×1, TTC×1"
914,nonsynonymous-only,0,1,8,3304,"L×3, V×2, F×1, S×1, Y×1","TTT×1206, CTC×920, GTC×682, CTT×492, GTT×1, TAT×1, TCT×1, TTG×1"
915,nonsynonymous-only,0,1,15,4672,"I×3, G×2, K×2, V×2, A×1, M×1, N×1, Q×1, S×1, T×1","GGC×1195, ACG×914, AGT×774, ATA×683, ATT×538, GTC×482, AAT×35, ATC×15, AAA×8, GCA×8, ATG×7, GGA×6, AAG×4, GTA×2, CAA×1"
916,nonsynonymous-only,0,1,16,4672,"L×2, N×2, S×2, Y×2, E×1, F×1, I×1, K×1, M×1, P×1, Q×1, V×1","TTT×1741, ATG×920, TTA×808, GTT×682, ATT×481, AAT×11, CAA×8, GAA×5, AAA×3, CTT×3, TAC×3, TAT×2, TCC×2, AAC×1, AGT×1, CCC×1"
917,nonsynonymous-only,0,1,3,2506,"L×2, F×1","TTG×1290, TTT×1215, TTA×1"
918,nonsynonymous-only,0,1,7,3415,"A×2, T×2, D×1, I×1, L×1","ACT×1727, GCC×1174, GAT×481, GCT×29, ATT×2, ACA×1, CTC×1"
919,nonsynonymous-only,0,1,8,3414,"E×2, L×2, F×1, G×1, M×1, P×1","TTG×1183, CCA×920, ATG×808, GAA×474, TTT×19, GAG×6, TTA×3, GGA×1"
920,nonsynonymous-only,0,1,4,2491,"L×2, P×1, S×1","TTA×1202, TCA×808, CCA×477, CTA×4"
921,nonsynonymous-only,0,1,5,2491,"V×3, F×1, I×1","ATC×808, GTT×621, GTC×501, TTC×481, GTA×80"
922,nonsynonymous-only,0,1,2,2010,"A×1, T×1","GCA×1202, ACA×808"
923,synonymous-only,1,0,3,2011,L×3,"CTT×834, TTG×809, CTA×368"
925,nonsynonymous-only,0,1,3,957,"L×2, Y×1","CTG×808, CTA×97, TAT×52"
926,nonsynonymous-only,0,1,13,2910,"K×2, R×2, A×1, C×1, E×1, G×1, I×1, L×1, N×1, Q×1, V×1","AAG×1202, AAT×808, GTA×437, ATA×228, AAA×109, GCA×104, GGA×14, AGG×2, TGT×2, CAG×1, CGA×1, CTA×1, GAG×1"
927,nonsynonymous-only,0,1,10,139,"Q×2, S×2, Y×2, F×1, H×1, K×1, L×1","TAC×97, TCA×12, TCG×9, CAC×8, CAG×5, TTT×3, AAA×2, CAA×1, CTA×1, TAT×1"
928,nonsynonymous-only,0,1,11,2963,"I×2, K×2, A×1, F×1, G×1, L×1, R×1, T×1, V×1","GTA×1946, TTT×541, GGA×225, GCA×120, AAG×97, TTA×13, AAA×10, AGA×6, ATC×3, ACA×1, ATA×1"
929,nonsynonymous-only,0,1,10,2155,"I×2, L×2, A×1, D×1, F×1, H×1, N×1, V×1","TTG×1421, GCA×538, CAT×97, TTT×64, ATC×12, TTA×9, AAT×6, GAT×5, ATT×2, GTT×1"
930,nonsynonymous-only,0,1,10,2155,"L×3, F×2, S×2, Q×1, R×1, W×1","TCG×1201, TTT×610, TCA×318, TTA×16, CTT×3, CGT×2, TTG×2, CAA×1, TGG×1, TTC×1"
931,nonsynonymous-only,0,1,10,1462,"S×3, L×2, F×1, H×1, K×1, Q×1, Y×1","TAC×1189, TTT×229, CAC×15, TTA×14, TCA×9, TTG×2, AAA×1, CAA×1, TCC×1, TCT×1"
932,nonsynonymous-only,0,1,9,183,"F×1, G×1, I×1, K×1, L×1, R×1, T×1, V×1, Y×1","CTC×97, TTC×52, GGA×12, TAC×10, AAA×6, ACA×3, AGA×1, ATA×1, GTA×1"
933,nonsynonymous-only,0,1,5,701,"A×1, F×1, L×1, S×1, T×1","TTC×540, CTA×97, GCC×52, ACC×11, TCC×1"
934,nonsynonymous-only,0,1,2,149,"F×1, S×1","TTT×97, AGC×52"
935,nonsynonymous-only,0,1,2,152,"K×1, L×1","CTA×97, AAG×55"
936,nonsynonymous-only,0,1,9,1986,"S×3, N×2, G×1, I×1, K×1, Y×1","TAT×808, AAC×537, TCT×481, ATA×97, AAT×53, AAG×5, GGG×3, AGT×1, TCC×1"
937,nonsynonymous-only,0,1,8,2065,"G×2, R×2, K×1, L×1, Q×1, W×1","CGG×801, CTT×538, GGG×475, CAG×231, TGG×8, GGA×6, AGG×5, AAA×1"
938,nonsynonymous-only,0,1,9,3419,"L×4, P×2, F×1, S×1, T×1","TTT×1741, CTA×1286, TCA×228, CTC×97, CTT×57, TTA×6, CCA×2, ACT×1, CCT×1"
939,nonsynonymous-only,0,1,8,3191,"Y×2, C×1, D×1, E×1, F×1, N×1, S×1","TAC×2010, TAT×548, GAC×481, TGC×97, TTC×52, AAC×1, GAA×1, TCC×1"
940,nonsynonymous-only,0,1,9,1989,"S×2, H×1, K×1, N×1, P×1, R×1, T×1, W×1","TCG×808, AAC×635, CCG×533, AAA×5, ACT×4, AGA×1, CAC×1, TCT×1, TGG×1"
941,nonsynonymous-only,0,1,11,2612,"C×2, I×2, F×1, H×1, L×1, N×1, R×1, S×1, Y×1","CGT×1197, TCT×808, TTC×538, AAC×52, TGT×9, CTA×3, ATC×1, ATT×1, CAT×1, TAT×1, TGC×1"
942,nonsynonymous-only,0,1,7,1800,"C×1, F×1, P×1, R×1, S×1, W×1, Y×1","CGT×1056, TCT×538, TGT×146, TAT×55, CCC×2, TTT×2, TGG×1"
943,nonsynonymous-only,0,1,7,1751,"D×2, G×1, K×1, N×1, V×1, Y×1","GAC×1202, TAC×538, AAA×5, AAC×3, GAT×1, GGA×1, GTC×1"
944,nonsynonymous-only,0,1,10,1806,"D×2, N×2, A×1, G×1, H×1, I×1, R×1, V×1","GCT×884, CAC×538, GTT×171, ATT×147, CGA×55, AAC×7, AAT×1, GAC×1, GAT×1, GGG×1"
945,nonsynonymous-only,0,1,6,551,"S×2, A×1, C×1, F×1, L×1","TCC×538, TGT×5, TTA×3, TTT×3, GCA×1, TCT×1"
946,nonsynonymous-only,0,1,7,551,"Y×2, F×1, H×1, L×1, Q×1, S×1","CAA×538, AGC×5, TAC×3, CTT×2, CAT×1, TAT×1, TTT×1"
947,nonsynonymous-only,0,1,6,549,"A×1, D×1, L×1, T×1, V×1, Y×1","GAT×537, ACC×5, TAC×3, TTA×2, GCC×1, GTT×1"
949,nonsynonymous-only,0,1,5,1548,"C×1, I×1, L×1, N×1, W×1","TGG×1003, ATT×537, TGC×5, AAC×2, CTT×1"
950,nonsynonymous-only,0,1,6,1551,"R×2, C×1, L×1, S×1, Y×1","CGC×1002, AGC×539, TGC×5, TAC×3, CGA×1, CTC×1"
951,nonsynonymous-only,0,1,6,1575,"Y×2, C×1, F×1, L×1, S×1","TAT×1015, TGT×538, TTT×10, TCC×8, CTT×3, TAC×1"
952,nonsynonymous-only,0,1,11,1037,"R×3, C×1, D×1, F×1, G×1, L×1, P×1, V×1, Y×1","CCG×985, CGG×17, TTT×12, GTT×8, GAT×5, CGT×3, TGT×3, AGA×1, CTG×1, GGC×1, TAT×1"
953,nonsynonymous-only,0,1,8,1577,"F×2, I×2, L×1, N×1, P×1, S×1","TCC×999, CTT×538, TTT×14, ATT×13, TTC×5, AAT×3, CCT×3, ATC×2"
954,nonsynonymous-only,0,1,10,1578,"L×2, A×1, C×1, D×1, F×1, P×1, S×1, T×1, V×1","CCT×1002, GTT×537, GCA×13, TCT×8, TGT×8, TTT×6, ACT×1, CTA×1, CTT×1, GAT×1"
955,nonsynonymous-only,0,1,9,1020,"H×2, I×2, A×1, L×1, Q×1, R×1, V×1","GTG×998, AGG×8, GCG×5, TTA×3, ATA×2, ATT×1, CAC×1, CAG×1, CAT×1"
956,nonsynonymous-only,0,1,12,4035,"S×3, C×2, A×1, H×1, L×1, N×1, P×1, Q×1, T×1","ACG×1252, AGT×1003, TGT×538, TCG×490, CCG×430, TCT×279, AAT×17, TTA×11, CAT×8, TGC×5, CAA×1, GCG×1"
957,nonsynonymous-only,0,1,15,4178,"C×2, I×2, N×2, P×2, S×2, K×1, L×1, Q×1, R×1, Y×1","CGC×1250, ATA×1010, TCG×825, TGT×549, TGC×286, TAT×98, CCG×95, CAA×53, AAT×5, AAA×2, AAC×1, ATT×1, CCA×1, CTC×1, TCT×1"
958,nonsynonymous-only,0,1,14,4304,"L×4, P×2, S×2, V×2, D×1, F×1, T×1, Y×1","TTT×2472, CTT×1368, ACC×280, CTG×108, TCT×52, GTT×6, TAT×6, CCT×3, TTA×3, CCG×2, GAT×1, GTC×1, TCC×1, TTG×1"
959,nonsynonymous-only,0,1,8,7766,"F×2, L×2, V×2, I×1, N×1","GTT×2778, TTT×2605, TTG×937, GTC×923, ATT×503, CTT×16, AAT×2, TTC×2"
960,nonsynonymous-only,0,1,13,3026,"Q×2, Y×2, D×1, E×1, G×1, H×1, I×1, K×1, L×1, N×1, W×1","AAT×1289, TAC×1251, ATA×279, TAT×106, GAA×52, GAT×17, TTA×11, CAG×10, TGG×5, AAA×2, CAA×2, CAC×1, GGA×1"
961,nonsynonymous-only,0,1,22,6325,"I×3, L×3, A×2, E×2, G×2, K×2, T×2, M×1, P×1, Q×1, R×1, V×1, W×1","ATG×1813, GTG×1746, CAG×749, AAG×730, GCG×481, ATC×278, GGG×219, TTG×97, CCG×77, ACA×53, CTG×25, AAA×13, CTA×11, GAG×9, ATA×8, TGG×6, ATT×5, ACT×1, AGG×1, GAA×1, GCA×1, GGC×1"
962,nonsynonymous-only,0,1,16,6621,"E×2, G×2, I×2, N×2, R×2, D×1, K×1, L×1, S×1, W×1, Y×1","AAC×2410, AAT×1222, GAC×1186, AGC×1005, ATT×332, ATC×228, GGA×102, TAC×97, GGC×16, TGG×9, AGG×5, GAG×4, AAA×2, AGA×1, CTT×1, GAA×1"
964,nonsynonymous-only,0,1,3,98,"G×2, L×1","GGG×96, CTC×1, GGA×1"
965,nonsynonymous-only,0,1,11,1414,"I×2, N×2, S×2, F×1, G×1, L×1, T×1, Y×1","ATT×808, ACT×481, AAT×97, TTA×11, TTT×5, TCT×4, ATA×3, AAC×2, GGT×1, TAT×1, TCG×1"
966,nonsynonymous-only,0,1,9,933,"K×2, E×1, G×1, I×1, P×1, R×1, S×1, V×1","AAG×810, AGG×97, GAA×14, GTC×5, AAA×3, ATA×1, CCT×1, GGG×1, TCA×1"
967,nonsynonymous-only,0,1,10,2132,"L×2, Q×2, R×2, E×1, I×1, K×1, W×1","CGA×1191, AGA×809, TGG×97, CAA×13, ATT×11, TTA×5, GAA×3, AAA×1, CAG×1, CTT×1"
968,nonsynonymous-only,0,1,9,930,"K×2, N×2, D×1, E×1, I×1, L×1, T×1","AAT×808, ATA×88, AAA×14, ACA×9, TTA×5, AAG×3, AAC×1, GAG×1, GAT×1"
969,nonsynonymous-only,0,1,6,930,"Q×2, K×1, L×1, P×1, Y×1","CAA×813, CCG×97, CAG×11, TAT×5, AAA×3, TTA×1"
970,nonsynonymous-only,0,1,9,2121,"C×1, D×1, F×1, K×1, Q×1, R×1, S×1, T×1, W×1","TGT×1300, CGG×787, CAG×20, TTT×5, GAT×3, AAA×2, TCT×2, ACA×1, TGG×1"
971,nonsynonymous-only,0,1,6,820,"E×1, G×1, N×1, Q×1, T×1, W×1","GAA×808, CAG×5, AAT×3, GGA×2, ACA×1, TGG×1"
972,nonsynonymous-only,0,1,6,821,"K×1, L×1, N×1, Q×1, S×1, T×1","AGC×808, CTA×5, AAT×3, AAA×2, ACA×2, CAA×1"
973,nonsynonymous-only,0,1,5,821,"A×1, F×1, M×1, S×1, T×1","ACA×808, TTT×8, ATG×2, GCA×2, TCC×1"
974,nonsynonymous-only,0,1,5,2016,"I×2, M×1, N×1, S×1","ATC×1164, AGC×754, AAC×58, ATT×39, ATG×1"
976,nonsynonymous-only,0,1,2,55,"Q×1, Y×1","TAC×53, CAG×2"
977,nonsynonymous-only,0,1,2,53,"L×1, S×1","TCC×52, TTG×1"
980,nonsynonymous-only,0,1,8,3115,"C×1, D×1, F×1, G×1, K×1, N×1, S×1, Y×1","GAT×1203, TCT×997, TGT×801, TAT×98, GGT×7, TTT×6, AAG×2, AAT×1"
981,nonsynonymous-only,0,1,10,2138,"R×3, V×2, E×1, K×1, Q×1, S×1, W×1","CGA×1203, CAA×808, TGG×97, GTG×10, GAA×8, AGG×4, TCG×3, AAA×2, AGA×2, GTA×1"
982,nonsynonymous-only,0,1,6,3143,"A×1, F×1, I×1, L×1, S×1, V×1","ATT×2011, GTT×1011, TTT×114, CTT×3, TCT×3, GCT×1"
983,nonsynonymous-only,0,1,8,2138,"C×2, F×2, H×1, N×1, S×1, Y×1","TAT×1204, TTC×808, AAT×97, TTT×11, TCT×8, TGC×5, TGT×4, CAT×1"
984,nonsynonymous-only,0,1,7,1839,"E×1, I×1, K×1, L×1, M×1, T×1, V×1","ACG×1003, AAA×808, ATA×13, CTA×11, ATG×2, GAA×1, GTA×1"
985,nonsynonymous-only,0,1,8,1841,"R×2, A×1, C×1, G×1, L×1, P×1, S×1","CCA×1000, CGA×808, GGA×13, CTG×11, AGA×5, GCA×2, TCA×1, TGT×1"
986,nonsynonymous-only,0,1,6,1838,"A×1, C×1, E×1, I×1, K×1, Q×1","ATC×1003, TGC×808, CAA×11, GCA×8, GAA×5, AAG×3"
987,nonsynonymous-only,0,1,6,1824,"A×1, I×1, K×1, L×1, R×1, T×1","ATC×1003, ACC×801, TTA×8, GCC×7, AGG×3, AAG×2"
988,nonsynonymous-only,0,1,5,1793,"R×2, G×1, I×1, M×1","GGG×1003, CGA×777, ATT×8, AGA×3, ATG×2"
989,nonsynonymous-only,0,1,4,810,"K×1, Q×1, R×1, W×1","CGG×782, TGG×24, AAA×2, CAG×2"
992,nonsynonymous-only,0,1,3,732,"K×1, N×1, Q×1","AAA×721, CAA×6, AAT×5"
993,nonsynonymous-only,0,1,3,731,"I×1, K×1, V×1","ATA×727, AAA×3, GTC×1"
994,nonsynonymous-only,0,1,3,733,"D×1, G×1, R×1","GAT×727, GGA×5, AGG×1"
996,nonsynonymous-only,0,1,3,1090,"H×1, Q×1, V×1","CAA×810, CAC×279, GTT×1"
997,nonsynonymous-only,0,1,4,826,"L×2, S×2","TCA×808, TTA×10, TTG×5, TCT×3"
998,nonsynonymous-only,0,1,6,1106,"I×2, N×2, M×1, T×1","AAC×804, ACC×279, ATA×11, AAT×5, ATC×5, ATG×2"
999,nonsynonymous-only,0,1,7,828,"A×3, I×1, P×1, T×1, V×1","GCG×806, GTT×8, GCA×5, ATT×4, CCA×2, GCC×2, ACT×1"
1000,nonsynonymous-only,0,1,5,840,"A×1, I×1, K×1, M×1, S×1","ATG×807, ATA×16, GCG×11, AAA×3, TCA×3"
1001,nonsynonymous-only,0,1,9,840,"E×2, K×2, A×1, D×1, L×1, N×1, T×1","GCT×799, GAG×11, ACT×9, CTT×8, AAT×4, GAA×4, AAA×3, AAG×1, GAT×1"
1002,nonsynonymous-only,0,1,7,840,"S×3, L×2, I×1, P×1","TCT×797, TTG×13, TCC×12, CCA×8, CTG×5, TCG×4, ATA×1"
1003,nonsynonymous-only,0,1,7,834,"V×2, I×1, K×1, M×1, Q×1, T×1","ATG×800, ACA×11, CAA×11, ATA×8, GTG×2, AAA×1, GTA×1"
1005,nonsynonymous-only,0,1,4,2410,"A×2, F×1, Y×1","TTT×920, GCT×786, TAT×682, GCC×22"
1006,nonsynonymous-only,0,1,7,3054,"A×2, F×1, G×1, I×1, M×1, V×1","GCC×2010, GGT×920, GTT×97, TTT×11, ATT×8, GCT×6, ATG×2"
1007,nonsynonymous-only,0,1,8,3057,"C×2, A×1, D×1, G×1, N×1, Q×1, W×1","GAT×1201, TGC×920, CAA×808, GCT×97, TGG×19, TGT×5, GGT×4, AAT×3"
1008,nonsynonymous-only,0,1,9,3056,"N×2, S×2, T×2, D×1, G×1, K×1","AGC×1203, AAC×920, ACT×808, GAC×97, AAT×11, ACC×8, AGT×5, GGT×3, AAG×1"
1009,nonsynonymous-only,0,1,3,110,"I×1, L×1, V×1","TTA×97, ATT×8, GTC×5"
1011,nonsynonymous-only,0,1,8,3851,"C×2, F×2, Y×2, H×1, R×1","TAT×2848, CGT×644, TGT×164, TGC×97, TTT×81, CAT×10, TTC×4, TAC×3"
1012,nonsynonymous-only,0,1,12,3849,"L×3, F×2, S×2, I×1, M×1, R×1, W×1, Y×1","TTT×1554, TTA×1202, CGG×808, TCG×102, ATT×99, TTG×60, TAT×10, CTT×8, TTC×3, AGT×1, ATG×1, TGG×1"
1013,nonsynonymous-only,0,1,13,3832,"R×4, L×2, A×1, C×1, I×1, M×1, P×1, Q×1, W×1","ATG×1203, ATA×1003, CGT×807, TGT×544, TTA×102, CGC×97, GCT×52, TGG×14, CGA×4, AGA×3, CAA×1, CCA×1, TTG×1"
1014,nonsynonymous-only,0,1,8,3840,"L×3, F×2, I×2, S×1","TTT×1412, TTC×1360, CTT×1003, CTC×53, TTA×8, AGC×2, ATC×1, ATT×1"
1015,nonsynonymous-only,0,1,11,3821,"C×2, F×2, A×1, I×1, K×1, N×1, R×1, S×1, Y×1","TAT×1203, ATT×1003, TGC×808, TTT×538, GCT×105, TCT×102, AAC×52, TTC×5, AAA×3, CGT×1, TGT×1"
1016,nonsynonymous-only,0,1,12,2818,"F×2, Y×2, A×1, C×1, H×1, K×1, L×1, R×1, T×1, W×1","TTG×1203, TTT×808, CAT×538, AAG×102, ACT×87, TGT×52, GCT×10, TAT×8, TGG×5, TAC×3, CGA×1, TTC×1"
1017,nonsynonymous-only,0,1,9,2725,"F×2, I×2, E×1, L×1, N×1, S×1, Y×1","TTC×1203, TCC×808, GAG×538, CTA×97, ATT×52, ATC×9, TAC×9, TTT×8, AAC×1"
1018,nonsynonymous-only,0,1,6,1904,"N×2, I×1, K×1, S×1, Y×1","AAT×1741, TAC×97, AAC×55, AGT×9, AAA×1, ATT×1"
1019,nonsynonymous-only,0,1,7,2942,"R×2, I×1, M×1, N×1, T×1, V×1","ATA×1429, ACA×809, AAT×640, AGA×52, ATG×10, AGG×1, GTA×1"
1020,nonsynonymous-only,0,1,7,2942,"D×1, G×1, I×1, N×1, S×1, T×1, V×1","ATT×1203, ACT×848, GTA×538, AGT×229, GAT×98, AAT×21, GGC×5"
1021,nonsynonymous-only,0,1,7,2943,"C×1, F×1, G×1, K×1, L×1, R×1, W×1","TGG×1305, AGA×808, TGT×766, TTA×52, AAA×10, GGA×1, TTT×1"
1022,nonsynonymous-only,0,1,4,1370,"K×2, N×1, R×1","AAA×808, AAG×543, AGA×11, AAC×8"
1023,nonsynonymous-only,0,1,5,2276,"H×1, N×1, R×1, W×1, Y×1","CGG×913, TGG×807, CAT×435, TAT×120, AAT×1"
1024,nonsynonymous-only,0,1,5,1475,"A×2, E×1, G×1, K×1","GAA×921, GCA×543, AAA×9, GCC×1, GGA×1"
1025,nonsynonymous-only,0,1,4,1474,"K×1, L×1, N×1, S×1","AGT×920, CTT×538, AAA×15, AAT×1"
1026,nonsynonymous-only,0,1,8,1626,"V×2, C×1, F×1, I×1, R×1, S×1, Y×1","CGT×925, GTT×539, TCC×97, TTC×52, TGC×8, ATT×2, TAT×2, GTC×1"
1027,nonsynonymous-only,0,1,8,192,"A×1, D×1, E×1, G×1, K×1, Q×1, R×1, Y×1","GAT×97, TAC×52, AAA×19, CAA×12, CGA×8, GGA×2, GAG×1, GCA×1"
1028,nonsynonymous-only,0,1,15,6393,"D×2, I×2, K×2, N×2, R×2, S×2, E×1, G×1, T×1","AAA×2343, ATT×1003, ATA×920, GGA×727, AGC×538, GAA×482, GAT×204, AGG×102, AAT×27, AAG×14, AGT×8, GAC×8, AAC×7, ACA×6, AGA×4"
1029,nonsynonymous-only,0,1,16,7672,"R×3, E×2, I×2, K×2, N×2, A×1, Q×1, T×1, V×1, W×1","AAG×1272, AAA×1254, GTA×1203, GAG×1003, TGG×920, ACA×911, GCA×481, GAA×300, CGA×228, AGA×52, AGG×18, ATA×11, ATC×11, AAT×6, AAC×1, CAA×1"
1030,nonsynonymous-only,0,1,22,8336,"S×5, A×3, I×3, K×2, N×2, V×2, D×1, G×1, M×1, R×1, T×1","ATT×1290, ATA×1288, ATC×1232, GCC×1064, ACA×1003, AGA×912, AGT×778, TCG×278, GCG×234, GCT×139, GAT×56, AAA×19, AAT×17, GGA×11, AGC×6, AAC×2, ATG×2, AAG×1, GTA×1, GTG×1, TCA×1, TCC×1"
1031,nonsynonymous-only,0,1,12,8354,"S×3, C×2, F×2, Y×2, L×1, N×1, R×1","TAC×2651, TAT×2433, TGC×1486, TCT×810, CTT×484, TGT×310, TTT×117, TCG×52, TCA×8, AAT×1, CGT×1, TTC×1"
1032,nonsynonymous-only,0,1,17,6827,"K×2, Q×2, R×2, C×1, D×1, E×1, G×1, L×1, P×1, S×1, T×1, V×1, W×1, Y×1","CAA×2433, CAG×2211, GAT×920, GTC×682, AGT×538, TAC×12, ACA×10, AAG×8, TGG×4, AAA×2, AGG×1, CCC×1, CGG×1, CTA×1, GAA×1, GGA×1, TGC×1"
1033,nonsynonymous-only,0,1,17,5699,"R×3, E×2, I×2, K×2, S×2, C×1, G×1, N×1, Q×1, V×1, W×1","GAA×2256, AGA×961, GGA×920, AAG×818, CGA×539, TGC×97, AGT×60, GTT×18, ATT×11, AAA×5, AAT×5, GAG×3, CGC×2, AGC×1, ATA×1, CAA×1, TGG×1"
1034,nonsynonymous-only,0,1,12,4812,"R×3, N×2, C×1, D×1, H×1, K×1, L×1, S×1, V×1","GTT×1934, CGT×1900, AAC×538, GAT×279, CTT×97, TGT×24, AAA×18, CAT×11, CGC×5, AAT×4, AGC×1, CGG×1"
1035,nonsynonymous-only,0,1,10,3591,"D×1, G×1, I×1, L×1, N×1, P×1, R×1, S×1, T×1, V×1","GGC×1550, CCC×1003, GAC×917, CGG×97, GTT×13, ACG×5, AAC×3, ATT×1, CTT×1, TCT×1"
1036,nonsynonymous-only,0,1,11,3589,"G×2, K×2, C×1, D×1, E×1, N×1, R×1, V×1, Y×1","AAT×1252, CGT×1003, GAC×771, AAG×279, TAC×149, GGG×97, AAA×20, GTT×11, TGC×5, GAA×1, GGT×1"
1037,nonsynonymous-only,0,1,8,3577,"R×2, A×1, G×1, H×1, K×1, Q×1, T×1","GGC×1252, ACG×1003, CAA×920, GCC×279, CGT×97, AAA×19, CAT×5, AGG×2"
1038,nonsynonymous-only,0,1,5,2702,"L×2, F×1, S×1, W×1","TTT×1003, CTA×750, TCA×682, TTA×170, TGG×97"
1043,synonymous-only,1,0,2,102,C×2,"TGC×97, TGT×5"
1044,nonsynonymous-only,0,1,3,104,"F×1, P×1, T×1","TTT×97, CCA×5, ACG×2"
1045,nonsynonymous-only,0,1,3,104,"C×1, L×1, P×1","TGC×97, CCA×5, TTG×2"
1046,nonsynonymous-only,0,1,5,2625,"D×1, K×1, S×1, T×1, Y×1","AAA×1602, GAT×1004, TCA×11, ACC×6, TAC×2"
1047,nonsynonymous-only,0,1,12,2675,"I×2, N×2, S×2, D×1, F×1, K×1, L×1, T×1, Y×1","TTC×1003, AAT×906, AAC×604, AGC×77, GAT×52, ACA×12, ATT×8, TTG×5, AAA×4, AGT×2, ATA×1, TAT×1"
1048,nonsynonymous-only,0,1,15,3221,"I×2, K×2, N×2, S×2, D×1, F×1, H×1, Q×1, T×1, V×1, Y×1","TAC×1222, CAA×608, CAC×584, ACT×539, TCG×97, AAA×77, GTC×52, ATA×13, AAT×8, GAT×6, AAC×5, TTT×5, AGT×3, AAG×1, ATT×1"
1049,nonsynonymous-only,0,1,11,3210,"P×3, S×3, L×2, R×1, T×1, Y×1","CCA×999, TCG×808, ACA×690, CCC×538, CGA×97, TTG×52, CCG×11, CTA×5, TCA×5, TAC×3, TCT×2"
1050,nonsynonymous-only,0,1,7,3221,"L×3, F×1, I×1, S×1, V×1","TTT×1553, TTG×780, CTT×739, ATT×119, TTA×28, AGT×1, GTC×1"
1051,nonsynonymous-only,0,1,12,5928,"F×2, L×2, S×2, A×1, D×1, I×1, P×1, V×1, Y×1","TTT×2085, CTT×1983, GAT×1003, ATT×640, TCT×102, TCC×60, CTC×28, TTC×12, GTT×6, GCT×5, TAT×3, CCA×1"
1052,nonsynonymous-only,0,1,12,3444,"G×3, E×2, D×1, K×1, N×1, Q×1, R×1, S×1, T×1","GGA×1305, GAA×1241, GGT×670, AGA×102, ACC×51, GAG×37, AAA×23, GAT×6, GGG×6, AAC×1, AGC×1, CAA×1"
1053,nonsynonymous-only,0,1,11,5909,"G×2, R×2, T×2, A×1, E×1, I×1, K×1, L×1","AGA×2219, AAA×1571, GGA×1274, GCA×670, ACT×97, GAA×54, ACA×11, ATA×8, AGG×3, GGG×1, TTA×1"
1055,nonsynonymous-only,0,1,8,2661,"I×2, D×1, F×1, K×1, L×1, T×1, Y×1","TTT×1203, TAT×793, AAG×538, ATA×110, CTT×11, ACC×4, ATT×1, GAT×1"
1056,nonsynonymous-only,0,1,7,2208,"L×2, K×1, N×1, P×1, Q×1, Y×1","TAT×1204, CCA×792, CAA×105, TTA×97, AAT×8, AAA×1, CTA×1"
1057,nonsynonymous-only,0,1,8,2220,"E×2, G×2, K×2, L×1, S×1","AAA×1202, GAA×993, GGT×11, CTA×8, GAG×3, AAG×1, GGA×1, TCA×1"
1058,nonsynonymous-only,0,1,6,2209,"S×2, D×1, G×1, K×1, T×1","AAA×1996, GGA×102, AGT×97, GAT×12, ACA×1, TCA×1"
1059,nonsynonymous-only,0,1,3,2258,"D×1, E×1, K×1","GAA×1997, AAA×164, GAC×97"
1060,nonsynonymous-only,0,1,15,4433,"T×3, I×2, L×2, A×1, D×1, F×1, G×1, K×1, N×1, V×1, Y×1","ATC×1602, ACC×1326, GAT×1203, ACA×106, TAT×97, CTT×52, TTA×12, AAC×11, ATA×10, TTT×5, ACT×3, GTT×3, AAA×1, GCC×1, GGA×1"
1061,nonsynonymous-only,0,1,11,4433,"D×2, K×2, N×2, H×1, I×1, L×1, T×1, Y×1","GAT×2100, AAT×1614, AAC×539, AAA×104, CTT×52, AAG×11, ACC×5, GAC×3, TAT×3, ATT×1, CAC×1"
1062,nonsynonymous-only,0,1,12,2293,"K×2, L×2, D×1, E×1, H×1, N×1, P×1, S×1, T×1, V×1","CCT×1203, GTC×890, AGT×102, CAT×52, GAA×11, CTT×9, TTG×8, AAA×6, AAC×6, GAC×3, AAG×2, ACT×1"
1063,nonsynonymous-only,0,1,13,2834,"S×4, D×2, A×1, I×1, K×1, N×1, T×1, V×1, Y×1","GAC×999, GTT×793, AAT×559, GAT×204, TCA×102, ACT×97, TCT×52, AAA×12, GCA×9, AGC×3, AGT×2, ATA×1, TAT×1"
1064,nonsynonymous-only,0,1,12,2826,"P×2, S×2, F×1, I×1, K×1, L×1, M×1, Q×1, T×1, V×1","TTA×1996, ATG×538, TCA×104, CCC×97, TCT×52, ATA×14, GTA×10, TTC×5, ACA×3, CAA×3, CCA×3, AAA×1"
1065,nonsynonymous-only,0,1,13,3733,"I×3, A×2, T×2, E×1, G×1, K×1, M×1, R×1, V×1","GCG×938, ATC×788, ACG×736, GGA×538, ATG×368, ACA×185, GCT×97, ATA×57, AGA×15, GTG×6, GAA×3, AAG×1, ATT×1"
1066,nonsynonymous-only,0,1,11,2948,"G×2, I×2, R×2, T×2, L×1, N×1, V×1","GTT×2175, ACG×538, ATT×108, GGT×102, ATA×11, AGG×5, ACT×3, AGA×3, AAT×1, CTT×1, GGG×1"
1067,nonsynonymous-only,0,1,11,2232,"S×4, P×3, D×2, Q×1, T×1","GAC×920, TCC×719, CCA×211, TCA×188, CCC×97, TCT×71, TCG×13, CAG×8, GAT×3, ACA×1, CCT×1"
1068,nonsynonymous-only,0,1,8,2238,"G×3, K×1, N×1, P×1, R×1, T×1","GGC×1180, CGC×920, CCC×97, GGA×24, AAC×8, ACA×5, GGT×3, AAA×1"
1069,nonsynonymous-only,0,1,8,2250,"D×2, I×2, E×1, K×1, R×1, S×1","AAA×1222, GAA×920, AGT×97, AGA×5, GAC×3, ATA×1, ATT×1, GAT×1"
1070,nonsynonymous-only,0,1,12,3479,"A×3, T×3, V×2, I×1, K×1, P×1, S×1","GCG×2081, ACA×542, CCA×471, TCA×308, GTG×24, ATA×14, ACG×10, AAA×9, ACT×9, GCA×8, GCT×2, GTA×1"
1071,nonsynonymous-only,0,1,12,4275,"F×2, L×2, D×1, E×1, I×1, K×1, N×1, Q×1, S×1, T×1","ACC×1602, TTA×1204, ATA×796, CAG×538, AAT×97, AAA×11, TTC×9, CTA×8, AGC×5, GAT×3, GAA×1, TTT×1"
1072,nonsynonymous-only,0,1,11,4756,"I×2, L×2, P×2, S×2, F×1, M×1, V×1","CCT×1203, ATG×919, GTA×796, TCA×682, ATT×538, ATA×493, TTA×108, CCA×10, TTT×5, CTG×1, TCC×1"
1073,nonsynonymous-only,0,1,13,4759,"K×2, N×2, D×1, E×1, G×1, H×1, I×1, R×1, S×1, T×1, V×1","AAA×1449, GAA×1209, ACA×793, AAC×693, GTG×481, ATA×97, AAG×16, TCA×9, GAT×4, AAT×3, GGG×3, AGA×1, CAC×1"
1074,nonsynonymous-only,0,1,14,4759,"D×2, I×2, T×2, A×1, E×1, K×1, L×1, M×1, N×1, R×1, S×1","GAT×1589, ATT×1205, ATA×792, AAT×551, CTA×481, ACT×97, GAC×13, GAA×11, AGC×9, AAA×5, GCT×3, ACA×1, AGA×1, ATG×1"
1075,nonsynonymous-only,0,1,9,3521,"E×2, Y×2, I×1, P×1, Q×1, R×1, S×1","CAA×1203, GAA×920, CCA×794, CGA×492, GAG×97, TAC×8, ATT×3, TAT×2, TCA×2"
1086,nonsynonymous-only,0,1,8,3017,"L×2, T×2, A×1, H×1, K×1, Q×1","TTG×998, ACA×733, GCA×682, AAA×279, TTA×256, CAA×52, ACG×12, CAC×5"
1087,nonsynonymous-only,0,1,9,3131,"Q×2, A×1, D×1, E×1, N×1, R×1, S×1, V×1","GAA×1980, GCT×645, CAG×279, AAC×159, GTT×37, GAT×18, CAA×11, AGA×1, TCC×1"
1088,nonsynonymous-only,0,1,14,5929,"D×2, E×2, K×2, N×2, R×2, A×1, I×1, S×1, T×1","AAT×2054, AAC×1007, ACT×727, AAA×703, GAC×538, ATT×482, AGA×278, GCT×102, AAG×11, AGC×11, GAT×7, AGG×6, GAA×2, GAG×1"
1089,nonsynonymous-only,0,1,14,5929,"I×3, F×2, N×2, A×1, C×1, L×1, R×1, S×1, T×1, V×1","TTC×2497, ATT×1338, ACC×779, CTC×681, AAT×279, GCC×141, TGC×97, TTT×68, ATA×20, GTT×20, AAC×4, ATC×3, AGT×1, CGC×1"
1090,nonsynonymous-only,0,1,7,1542,"N×2, R×2, G×1, K×1, S×1","AAT×791, AGG×727, AAA×19, AGT×2, AAC×1, AGA×1, GGA×1"
1091,nonsynonymous-only,0,1,3,3,"D×1, K×1, N×1","AAA×1, AAT×1, GAT×1"
1092,synonymous-only,1,0,2,2,A×2,"GCG×1, GCT×1"
1097,nonsynonymous-only,0,1,3,99,"A×1, N×1, Y×1","TAT×97, AAT×1, GCT×1"
1098,nonsynonymous-only,0,1,11,3794,"I×3, L×3, F×2, V×2, T×1","ATT×928, TTA×794, ACT×727, GTT×682, TTT×637, GTA×8, ATC×6, CTA×5, ATA×3, CTT×3, TTC×1"
1099,nonsynonymous-only,0,1,10,4326,"K×2, A×1, D×1, E×1, G×1, I×1, N×1, R×1, V×1","AAA×2004, ATT×920, GTA×682, GAA×646, AAT×53, AAG×8, AGA×8, GGG×3, GAT×1, GCA×1"
1100,nonsynonymous-only,0,1,10,5061,"D×2, E×2, K×2, H×1, I×1, N×1, Q×1","AAT×1408, GAT×1138, GAA×848, AAA×780, AAG×727, GAG×140, ATT×9, GAC×5, CAT×4, CAA×2"
1101,nonsynonymous-only,0,1,15,5063,"V×4, I×3, A×2, E×1, F×1, L×1, M×1, P×1, S×1","GTG×1841, CTT×804, GCT×726, ATA×682, GTC×539, GTA×287, ATC×97, GTT×62, ATT×9, ATG×8, CCA×3, GCG×2, GAA×1, TCG×1, TTT×1"
1102,nonsynonymous-only,0,1,17,5063,"C×2, D×2, N×2, S×2, A×1, E×1, F×1, G×1, H×1, L×1, R×1, T×1, V×1","TGT×1203, GAT×922, GGC×793, TTT×683, CAC×676, AGC×638, TTG×52, CGC×45, ACT×12, AAT×10, GAG×8, GTT×7, AAC×6, GAC×5, AGT×1, GCT×1, TGC×1"
1103,nonsynonymous-only,0,1,8,1463,"F×2, L×2, I×1, K×1, P×1, S×1","TTC×743, TTT×641, ATT×56, CTT×9, TTG×8, AAA×3, TCT×2, CCT×1"
1104,nonsynonymous-only,0,1,12,1463,"G×2, I×2, S×2, F×1, K×1, L×1, N×1, R×1, T×1","ATT×727, TCA×543, GGA×97, ACT×52, AGA×20, TTA×8, TCT×5, AAA×3, AAT×3, TTT×3, ATC×1, GGC×1"
1105,nonsynonymous-only,0,1,8,3679,"F×2, S×2, Y×2, C×1, E×1","TTT×2225, TGC×727, TAC×537, TAT×176, TCA×8, TCC×3, GAA×2, TTC×1"
1106,nonsynonymous-only,0,1,13,3688,"D×2, I×2, N×2, T×2, V×2, E×1, K×1, S×1","AGC×1204, AAT×836, GAC×793, AAA×539, ATT×228, GAA×63, ACC×9, GAT×7, AAC×3, ACT×2, GTT×2, ATC×1, GTC×1"
1107,nonsynonymous-only,0,1,13,1528,"A×2, Q×2, V×2, D×1, E×1, G×1, I×1, K×1, N×1, P×1","GTG×731, GAA×595, AAA×108, GCG×62, AAC×10, CAG×8, ATT×3, GCT×3, GTT×3, GAT×2, CAA×1, CCA×1, GGA×1"
1108,nonsynonymous-only,0,1,11,1528,"R×3, E×2, K×2, M×1, N×1, Q×1, S×1","AAA×855, GAG×538, ATG×97, GAA×13, AAG×10, CAG×8, CGA×3, AAT×1, AGA×1, AGC×1, AGG×1"
1109,nonsynonymous-only,0,1,17,2951,"D×2, N×2, Q×2, S×2, T×2, C×1, E×1, G×1, K×1, M×1, R×1, Y×1","GAT×1945, TGT×537, AAT×274, AAA×105, GAC×56, ACT×11, AGT×7, AAC×6, ATG×2, ACG×1, CAA×1, CAG×1, CGT×1, GAG×1, GGT×1, TAT×1, TCT×1"
1110,nonsynonymous-only,0,1,9,2381,"E×1, F×1, G×1, I×1, K×1, N×1, P×1, R×1, S×1","AGT×1203, AAT×794, GGA×228, TTT×97, ATT×52, CCT×3, AAG×2, AGA×1, GAA×1"
1111,nonsynonymous-only,0,1,4,2229,"A×1, E×1, Q×1, V×1","CAA×1996, GCA×229, GAA×3, GTG×1"
1112,nonsynonymous-only,0,1,5,2229,"K×2, I×1, L×1, T×1","ACG×1204, AAG×794, ATT×228, AAA×2, TTG×1"
1113,nonsynonymous-only,0,1,5,1998,"I×2, K×1, T×1, V×1","ATT×1992, ATA×2, GTT×2, AAA×1, ACT×1"
1114,nonsynonymous-only,0,1,4,793,"A×1, G×1, S×1, V×1","GCC×788, GTC×2, TCC×2, GGC×1"
1119,synonymous-only,1,0,2,793,V×2,"GTT×674, GTC×119"
1120,synonymous-only,1,0,2,793,G×2,"GGC×785, GGT×8"
1124,synonymous-only,1,0,2,793,K×2,"AAA×674, AAG×119"
1130,nonsynonymous-only,0,1,3,793,"A×1, E×1, T×1","GCA×787, GAA×4, ACA×2"
1133,synonymous-only,1,0,2,793,T×2,"ACC×792, ACA×1"
1136,nonsynonymous-only,0,1,2,793,"P×1, S×1","CCG×784, TCG×9"
1137,nonsynonymous-only,0,1,2,793,"P×1, T×1","ACA×779, CCA×14"
1138,nonsynonymous-only,0,1,2,793,"D×1, G×1","GGC×791, GAC×2"
1141,nonsynonymous-only,0,1,4,1996,"I×3, M×1","ATG×1202, ATT×791, ATC×2, ATA×1"
1142,nonsynonymous-only,0,1,2,2093,"P×1, S×1","TCC×1300, CCT×793"
1143,nonsynonymous-only,0,1,2,1996,"N×1, Q×1","CAA×1203, AAC×793"
1144,nonsynonymous-only,0,1,2,2093,"G×1, Q×1","CAA×1996, GGA×97"
1145,nonsynonymous-only,0,1,3,2095,"D×1, K×1, N×1","AAT×1203, GAT×795, AAA×97"
1146,nonsynonymous-only,0,1,3,2094,"R×2, L×1","CGA×1200, TTG×794, AGA×100"
1147,nonsynonymous-only,0,1,6,2095,"R×2, E×1, K×1, P×1, Q×1","CAA×1993, AGA×97, CGA×2, AAA×1, CCA×1, GAA×1"
1148,nonsynonymous-only,0,1,2,793,"A×1, T×1","GCT×791, ACT×2"
1151,nonsynonymous-only,0,1,2,793,"D×1, N×1","GAT×786, AAT×7"
1152,synonymous-only,1,0,2,793,N×2,"AAT×427, AAC×366"
1156,synonymous-only,1,0,2,793,T×2,"ACC×449, ACT×344"
1157,nonsynonymous-only,0,1,2,792,"E×1, Q×1","GAA×784, CAA×8"
1159,nonsynonymous-only,0,1,2,794,"K×1, T×1","ACA×792, AAA×2"
1161,nonsynonymous-only,0,1,2,794,"S×1, T×1","TCA×792, ACA×2"
1162,synonymous-only,1,0,2,794,G×2,"GGG×792, GGA×2"
1163,synonymous-only,1,0,2,794,I×2,"ATT×792, ATC×2"
1164,synonymous-only,1,0,2,794,L×2,"TTG×792, TTA×2"
1165,synonymous-only,1,0,2,792,R×2,"CGA×702, AGA×90"
1169,synonymous-only,1,0,2,792,S×2,"TCT×785, TCA×7"
1174,synonymous-only,1,0,2,792,L×2,"CTA×787, CTT×5"
1178,synonymous-only,1,0,2,792,G×2,"GGA×785, GGG×7"
1179,synonymous-only,1,0,2,792,I×2,"ATT×789, ATC×3"
1181,nonsynonymous-only,0,1,2,1519,"R×1, Y×1","TAT×792, CGT×727"
1182,nonsynonymous-only,0,1,8,3224,"C×2, S×2, H×1, P×1, V×1, Y×1","CAT×919, AGC×787, TGT×727, CCT×682, TGC×102, AGT×5, GTT×1, TAT×1"
1183,nonsynonymous-only,0,1,13,4335,"A×4, V×3, S×2, D×1, E×1, I×1, N×1","GCG×1913, GAT×794, ATA×726, GTC×662, AAC×102, AGC×97, GTT×20, GCA×15, GCT×2, GAA×1, GCC×1, GTA×1, TCT×1"
1184,nonsynonymous-only,0,1,16,4634,"L×3, A×2, K×2, E×1, F×1, G×1, I×1, M×1, N×1, P×1, S×1, Y×1","AAT×1004, GAA×928, GCA×789, TCC×727, AAA×682, TTT×279, AAG×102, ATG×97, CTT×18, TTG×2, ATT×1, CCA×1, CTG×1, GCT×1, GGA×1, TAT×1"
1185,nonsynonymous-only,0,1,20,7676,"A×4, L×4, F×2, R×2, T×2, H×1, I×1, P×1, Q×1, V×1, Y×1","CTT×1986, CAT×1262, TTT×1204, TTA×1003, TTC×727, CGC×682, CTC×486, CTA×102, ATT×97, GTT×95, TAT×18, ACT×5, GCG×2, ACG×1, CAA×1, CCT×1, CGT×1, GCA×1, GCC×1, GCT×1"
1186,nonsynonymous-only,0,1,17,8534,"L×5, F×2, I×2, S×2, V×2, A×1, P×1, Q×1, W×1","TCA×2710, TTA×2577, CTG×1229, TCC×727, ATA×695, TGG×279, TTC×102, CTC×97, CCG×52, TTG×26, CAA×18, CTA×8, TTT×8, ATT×2, GTA×2, GCA×1, GTG×1"
1187,nonsynonymous-only,0,1,19,8532,"G×3, T×3, D×2, K×2, N×2, S×2, A×1, E×1, I×1, M×1, R×1","GAT×2030, GAA×1552, AAT×1461, ATG×1203, ACT×792, AAC×701, TCA×481, AAA×102, ACA×102, ATT×52, AAG×19, AGA×11, GAC×9, GGC×8, ACC×5, GCT×1, GGA×1, GGT×1, TCG×1"
1188,nonsynonymous-only,0,1,17,7259,"I×3, A×2, D×2, N×2, R×2, S×2, E×1, K×1, P×1, T×1","AAT×3706, GCG×1554, GAT×1004, AAC×572, AGT×221, GAA×97, ACG×46, CGT×13, AAA×11, CCT×9, AGC×8, ATA×8, CGC×5, GCA×2, ATC×1, ATT×1, GAC×1"
1189,nonsynonymous-only,0,1,12,2905,"I×2, L×2, V×2, F×1, G×1, K×1, M×1, P×1, T×1","ATT×1005, TTC×820, ATG×791, GTA×98, ATA×95, TTA×81, AAA×8, GTT×3, ACG×1, CCT×1, CTT×1, GGA×1"
1190,nonsynonymous-only,0,1,15,831,"S×4, D×2, N×2, T×2, E×1, F×1, K×1, L×1, M×1","AAC×538, ACG×97, ACT×95, GAA×52, AGT×11, ATG×9, AAG×8, AAT×8, TTG×5, TCA×2, TTC×2, AGC×1, GAC×1, GAT×1, TCT×1"
1191,nonsynonymous-only,0,1,8,822,"A×2, L×2, F×1, I×1, P×1, T×1","TTA×698, ATC×95, TTT×12, GCT×11, ACA×3, CCA×1, CTT×1, GCA×1"
1192,nonsynonymous-only,0,1,14,819,"E×2, R×2, D×1, F×1, G×1, I×1, K×1, N×1, S×1, T×1, V×1, Y×1","GTT×537, TCA×103, CGT×97, TAT×52, AAA×11, GAT×5, TTT×5, GGA×3, AAT×1, ACT×1, ATT×1, CGA×1, GAA×1, GAG×1"
1193,nonsynonymous-only,0,1,8,765,"A×2, I×2, L×2, F×1, S×1","TTA×538, GCA×98, TTG×98, ATT×13, TTT×12, TCC×3, GCG×2, ATA×1"
1194,nonsynonymous-only,0,1,10,1557,"K×2, P×2, A×1, E×1, G×1, I×1, N×1, S×1","GCC×791, GAA×636, CCT×98, ATC×11, AAT×8, CCA×5, AAG×4, AAA×2, GGA×1, TCC×1"
1195,nonsynonymous-only,0,1,7,1559,"K×2, Q×2, A×1, E×1, N×1","AAA×906, CAA×540, AAG×97, AAT×11, GCA×3, CAG×1, GAA×1"
1196,nonsynonymous-only,0,1,9,1891,"G×3, N×2, E×1, I×1, K×1, T×1","AAC×884, AAA×539, GAA×283, GGA×156, GGT×18, AAT×4, ACC×3, ATT×3, GGG×1"
1197,nonsynonymous-only,0,1,11,1891,"T×3, E×2, K×2, R×2, V×1, Y×1","AAA×942, AGA×538, ACA×282, CGA×95, GTT×11, GAA×10, AAG×5, ACG×3, TAC×3, ACT×1, GAG×1"
1198,nonsynonymous-only,0,1,18,3097,"T×4, I×3, K×2, V×2, A×1, F×1, M×1, N×1, P×1, R×1, S×1","ACC×1919, ATT×818, AGA×97, GTT×95, AAG×52, ACT×40, AAC×15, ATC×14, CCT×11, TTT×8, AAA×7, ACG×7, ACA×6, ATG×3, AGC×2, ATA×1, GCT×1, GTA×1"
1199,nonsynonymous-only,0,1,12,3095,"T×4, L×2, S×2, C×1, M×1, V×1, Y×1","TAT×1807, TCT×792, CTT×279, ACT×99, AGT×95, TGC×8, ACA×6, ATG×3, TTG×3, ACC×1, ACG×1, GTC×1"
1200,nonsynonymous-only,0,1,18,3096,"A×4, G×3, D×2, I×2, C×1, E×1, K×1, L×1, N×1, V×1, Y×1","GGC×1202, GCA×640, GAT×476, GAC×316, GAA×280, GTG×95, ATA×55, TAT×11, AAA×8, GGG×3, GCG×2, GCT×2, AAC×1, ATT×1, GCC×1, GGA×1, TGC×1, TTG×1"
1201,nonsynonymous-only,0,1,10,3107,"I×3, L×3, A×1, K×1, S×1, V×1","TTG×1203, ATT×1004, TTA×539, AAA×279, ATC×58, ATA×10, GTT×9, GCT×3, CTA×1, TCT×1"
1202,nonsynonymous-only,0,1,6,292,"A×2, D×2, I×1, V×1","GCC×279, GCT×9, ATC×1, GAC×1, GAT×1, GTT×1"
1203,nonsynonymous-only,0,1,4,12,"F×1, R×1, T×1, Y×1","CGT×9, ACC×1, TAT×1, TTC×1"
1204,nonsynonymous-only,0,1,4,12,"D×1, F×1, I×1, N×1","GAT×9, AAT×1, ATT×1, TTC×1"
1205,nonsynonymous-only,0,1,3,11,"E×1, K×1, Q×1","GAA×9, AAG×1, CAA×1"
1206,nonsynonymous-only,0,1,3,737,"S×2, L×1","TCC×727, TTA×9, TCT×1"
1207,nonsynonymous-only,0,1,2,10,"F×1, L×1","CTA×9, TTC×1"
1208,nonsynonymous-only,0,1,2,21,"D×1, V×1","GAT×18, GTT×3"
1209,nonsynonymous-only,0,1,3,14,"D×1, I×1, Y×1","ATT×9, TAT×3, GAT×2"
1210,nonsynonymous-only,0,1,2,13,"L×1, S×1","TTA×12, TCA×1"
1211,nonsynonymous-only,0,1,2,10,"L×1, W×1","CTA×9, TGG×1"
1212,nonsynonymous-only,0,1,2,10,"E×1, G×1","GAG×9, GGA×1"
1213,nonsynonymous-only,0,1,2,692,"Q×1, Y×1","CAG×682, TAT×10"
1214,nonsynonymous-only,0,1,4,1705,"A×1, G×1, I×1, S×1","ATT×920, AGT×682, GGC×102, GCC×1"
1215,nonsynonymous-only,0,1,10,4238,"R×3, K×2, G×1, M×1, P×1, Q×1, W×1","TGG×1269, ATG×920, AGG×845, CCA×682, AAA×486, GGG×12, AGA×11, CAA×7, AAG×4, CGG×2"
1216,nonsynonymous-only,0,1,17,5702,"R×4, S×3, I×2, K×2, L×2, N×1, T×1, W×1, Y×1","AAA×1763, AAC×921, AGC×897, CGA×727, AGT×682, CGT×489, TCC×97, TAT×95, CTC×11, AGG×5, TGG×5, ATA×3, AGA×2, ATT×2, AAG×1, ACC×1, CTT×1"
1217,nonsynonymous-only,0,1,18,5726,"A×2, K×2, L×2, C×1, D×1, F×1, H×1, I×1, M×1, N×1, P×1, R×1, S×1, T×1, V×1","AAG×1203, CAT×836, GCA×794, ACC×727, GAT×682, ATC×543, AGA×486, AAA×149, TTA×102, CTC×97, CCT×84, TGT×8, TTC×8, TCC×3, AAT×1, ATG×1, GCC×1, GTC×1"
1218,nonsynonymous-only,0,1,14,4833,"R×3, V×2, F×1, I×1, K×1, L×1, N×1, Q×1, S×1, W×1, Y×1","TGG×2003, AGA×1273, TAC×727, AGG×636, TTC×102, CGG×60, AAA×11, GTT×8, AGC×6, CTC×3, AAC×1, ATA×1, CAG×1, GTC×1"
1219,nonsynonymous-only,0,1,18,5914,"H×2, K×2, N×2, R×2, D×1, G×1, I×1, L×1, P×1, Q×1, S×1, T×1, W×1, Y×1","CAC×1241, GAC×1182, AAA×921, AGC×798, AAT×781, AAG×693, ACG×102, CGC×97, CAA×48, TAC×29, CGA×8, ATC×4, CCC×4, AAC×2, CAT×1, CTC×1, GGA×1, TGG×1"
1220,nonsynonymous-only,0,1,12,6554,"R×4, K×2, L×2, Q×2, C×1, W×1","TGG×1778, AGG×1402, CGA×1253, CAG×786, CGG×550, CTG×481, CAA×297, TTG×3, AAA×1, AAG×1, AGA×1, TGT×1"
1221,nonsynonymous-only,0,1,8,1530,"C×1, D×1, F×1, G×1, H×1, N×1, Q×1, Y×1","TGT×727, CAA×683, TAT×111, GGG×5, AAT×1, CAC×1, GAT×1, TTT×1"
1222,nonsynonymous-only,0,1,7,1751,"A×1, G×1, H×1, N×1, Q×1, R×1, S×1","CGC×908, GGA×727, GCA×102, CAC×8, AGC×4, AAT×1, CAA×1"
1226,nonsynonymous-only,0,1,2,727,"M×1, T×1","ACG×726, ATG×1"
1228,nonsynonymous-only,0,1,2,830,"E×1, K×1","AAA×829, GAA×1"
1229,nonsynonymous-only,0,1,17,3785,"S×5, T×3, I×2, N×2, F×1, L×1, M×1, P×1, Y×1","TCT×1205, ATG×920, AAT×727, AGT×554, AGC×105, ATT×102, ACT×95, TCA×55, ACA×7, ATC×5, ACG×3, TAC×2, AAC×1, CCT×1, CTC×1, TCC×1, TTT×1"
1230,nonsynonymous-only,0,1,2,4,"E×1, R×1","GAG×3, AGG×1"
1233,nonsynonymous-only,0,1,2,11,"I×1, V×1","ATT×8, GTT×3"
1234,nonsynonymous-only,0,1,3,12,"A×1, P×1, S×1","TCT×8, CCT×3, GCT×1"
1235,nonsynonymous-only,0,1,2,11,"E×1, K×1","GAA×8, AAA×3"
1238,nonsynonymous-only,0,1,4,1739,"G×1, H×1, M×1, W×1","CAT×1003, TGG×727, ATG×8, GGA×1"
1239,nonsynonymous-only,0,1,14,3865,"L×3, R×3, H×2, A×1, D×1, F×1, P×1, V×1, Y×1","CAT×1214, CCC×1203, AGA×727, CGA×538, CTT×150, TTT×15, CAC×7, GAT×3, GCT×2, TTA×2, CGT×1, CTA×1, GTA×1, TAC×1"
1240,nonsynonymous-only,0,1,11,1129,"F×2, L×2, S×2, Y×2, C×1, Q×1, R×1","TAT×944, TGC×97, TCC×52, TTT×24, TAC×5, TTA×2, CAG×1, CGA×1, TCT×1, TTC×1, TTG×1"
1241,nonsynonymous-only,0,1,4,16,"L×3, I×1","CTA×9, ATC×5, CTC×1, TTA×1"
1242,nonsynonymous-only,0,1,4,16,"H×1, M×1, S×1, V×1","CAC×9, GTC×5, ATG×1, TCA×1"
1246,nonsynonymous-only,0,1,2,6,"L×1, M×1","ATG×5, TTG×1"
1249,nonsynonymous-only,0,1,2,1730,"E×1, R×1","AGG×1003, GAA×727"
1250,nonsynonymous-only,0,1,6,1835,"R×2, C×1, E×1, K×1, N×1","AAA×1306, AGA×418, TGC×102, GAA×7, AAC×1, CGA×1"
1251,nonsynonymous-only,0,1,16,6761,"I×3, L×3, N×2, S×2, V×2, D×1, F×1, M×1, T×1","ATT×3083, ACT×2020, AGT×920, AAC×482, GTT×105, TTG×95, TTT×20, ATC×11, GAT×8, TTA×8, TCT×4, AAT×1, ATA×1, ATG×1, CTT×1, GTC×1"
1252,nonsynonymous-only,0,1,11,6759,"I×2, N×2, A×1, D×1, K×1, R×1, S×1, T×1, Y×1","GAT×3133, AAC×1066, AAT×1060, ATC×727, ATT×536, AGT×104, TAT×102, ACT×21, AAA×8, CGT×1, GCC×1"
1253,nonsynonymous-only,0,1,4,21,"S×2, R×1, Y×1","TCT×9, TAT×8, AGA×3, TCC×1"
1254,nonsynonymous-only,0,1,2,13,"D×1, S×1","GAT×9, TCT×4"
1255,nonsynonymous-only,0,1,2,13,"K×1, L×1","TTA×10, AAA×3"
1259,nonsynonymous-only,0,1,3,1006,"R×2, H×1","CGC×993, CAC×9, CGT×4"
1262,nonsynonymous-only,0,1,2,3,"E×1, G×1","GGA×2, GAA×1"
1266,nonsynonymous-only,0,1,2,4,"S×1, Y×1","TAT×3, AGT×1"
1267,nonsynonymous-only,0,1,3,731,"D×1, I×1, R×1","ATA×727, GAC×3, AGA×1"
1268,nonsynonymous-only,0,1,11,4036,"R×3, K×2, D×1, E×1, M×1, S×1, T×1, W×1","AGG×2573, ATG×1273, AAG×99, ACA×52, AAA×15, TGG×15, AGA×5, CGA×1, GAA×1, GAT×1, TCG×1"
1269,nonsynonymous-only,0,1,14,4035,"I×3, G×2, T×2, A×1, D×1, F×1, M×1, N×1, R×1, V×1","ATT×1409, ACT×787, GGC×725, TTT×554, ATG×448, AGA×52, ATA×33, ATC×10, ACC×7, GCT×4, GTT×3, AAT×1, GAC×1, GGA×1"
1270,nonsynonymous-only,0,1,17,3831,"L×3, I×2, N×2, T×2, A×1, D×1, E×1, K×1, M×1, R×1, S×1, Y×1","ATT×1205, AAC×782, ATA×728, CTA×538, AGG×279, TTA×98, GAA×95, GAT×52, AAT×13, TTG×12, ACT×11, GCT×9, TAT×3, TCG×3, AAG×1, ACA×1, ATG×1"
1271,nonsynonymous-only,0,1,12,3006,"K×2, Q×2, D×1, E×1, G×1, H×1, I×1, N×1, R×1, T×1","GAA×1996, CAA×538, CAG×277, AGA×101, AAA×52, ACA×12, GAT×11, AAG×9, GGA×7, AAT×1, ATA×1, CAT×1"
1272,nonsynonymous-only,0,1,14,1836,"S×3, A×2, C×2, D×1, F×1, L×1, N×1, R×1, T×1, Y×1","TCA×779, TGT×555, TCG×280, TCC×97, TGC×95, ACC×12, TAT×11, AAT×1, CGT×1, GAT×1, GCC×1, GCT×1, TTA×1, TTT×1"
1273,nonsynonymous-only,0,1,16,1459,"L×3, S×3, E×1, F×1, G×1, I×1, K×1, M×1, N×1, R×1, V×1, Y×1","TCG×722, GGA×538, AAC×96, GTA×52, GAA×11, CTT×10, ATA×8, AGA×5, TTG×5, AAA×4, AGC×2, TTT×2, ATG×1, TAT×1, TCA×1, TTA×1"
1274,nonsynonymous-only,0,1,13,1796,"L×2, S×2, V×2, A×1, F×1, N×1, Q×1, T×1, W×1, Y×1","TTA×794, TGG×727, CAG×97, GTC×95, TCA×52, ACT×9, TAT×8, TTC×6, TCC×3, GCT×2, AAC×1, CTC×1, GTT×1"
1275,nonsynonymous-only,0,1,10,2339,"R×4, D×1, G×1, K×1, S×1, W×1, Y×1","GAT×792, TCA×727, GGG×539, TGG×210, AGG×55, CGG×8, AAA×4, CGC×2, AGA×1, TAT×1"
1276,nonsynonymous-only,0,1,5,1105,"C×1, D×1, H×1, K×1, Q×1","CAC×727, GAC×279, CAA×97, AAG×1, TGT×1"
1277,nonsynonymous-only,0,1,5,1105,"D×2, E×1, S×1, T×1","ACA×727, GAC×279, GAT×97, GAA×1, TCT×1"
1281,nonsynonymous-only,0,1,2,4,"E×1, G×1","GGA×3, GAG×1"
1282,nonsynonymous-only,0,1,2,4,"S×1, Y×1","AGT×3, TAT×1"
1283,nonsynonymous-only,0,1,3,9,"F×1, L×1, N×1","CTA×5, AAT×3, TTT×1"
1284,nonsynonymous-only,0,1,4,15,"A×1, S×1, T×1, V×1","ACT×8, GTA×5, AGC×1, GCT×1"
1285,nonsynonymous-only,0,1,8,843,"F×2, L×2, K×1, N×1, P×1, Y×1","TAT×727, TTC×97, CCT×8, CTA×5, AAT×3, AAA×1, CTT×1, TTT×1"
1286,nonsynonymous-only,0,1,12,3069,"D×2, F×2, H×2, I×2, V×2, A×1, Y×1","GAC×1195, TTT×951, TTC×792, GTT×102, GAT×9, GCC×8, ATT×5, CAC×3, ATC×1, CAT×1, GTC×1, TAC×1"
1287,nonsynonymous-only,0,1,13,4677,"R×3, K×2, C×1, D×1, G×1, I×1, M×1, N×1, Q×1, Y×1","AGA×1931, AAA×928, CGC×792, TAC×682, AGG×231, CAA×97, GAC×6, ATC×3, AAC×2, GGG×2, AAG×1, ATG×1, TGT×1"
1288,nonsynonymous-only,0,1,15,4670,"E×2, G×2, S×2, T×2, D×1, F×1, H×1, I×1, K×1, N×1, V×1","GGG×1203, AAT×921, GAA×786, AGT×727, ACA×682, AAA×234, GGA×97, GTC×8, ATC×5, TTT×2, ACG×1, AGC×1, CAT×1, GAC×1, GAG×1"
1289,nonsynonymous-only,0,1,10,4122,"E×2, K×2, R×2, D×1, G×1, S×1, T×1","AGA×1711, GAC×1169, ACA×538, AAA×449, AAG×200, GAA×35, GGA×15, AGG×3, GAG×1, TCA×1"
1290,nonsynonymous-only,0,1,3,1175,"E×1, G×1, K×1","AAA×895, GAA×279, GGC×1"
1291,nonsynonymous-only,0,1,5,1174,"V×2, A×1, P×1, Q×1","CCT×792, GTC×278, CAG×102, GCC×1, GTT×1"
1292,nonsynonymous-only,0,1,4,1072,"I×2, V×2","GTT×735, ATT×284, ATA×52, GTG×1"
1295,nonsynonymous-only,0,1,2,792,"F×1, L×1","TTT×788, CTT×4"
1296,nonsynonymous-only,0,1,9,976,"F×2, R×2, I×1, K×1, S×1, V×1, Y×1","AGG×793, ATT×153, AGA×11, AGT×8, TAT×3, TTC×3, AAG×2, TTT×2, GTT×1"
1297,nonsynonymous-only,0,1,9,1506,"D×1, I×1, K×1, M×1, N×1, S×1, T×1, V×1, Y×1","AGC×792, AAT×541, TAT×95, ATT×52, ATG×11, GAT×8, AAA×3, ACT×3, GTT×1"
1298,nonsynonymous-only,0,1,6,1398,"R×2, C×1, E×1, K×1, W×1","GAA×855, TGG×537, AAA×3, AGA×1, AGG×1, TGT×1"
1299,nonsynonymous-only,0,1,7,953,"E×2, R×2, F×1, W×1, Y×1","TGG×540, CGA×296, GAG×95, TTC×11, AGG×8, TAC×2, GAA×1"
1300,nonsynonymous-only,0,1,7,917,"C×1, D×1, F×1, K×1, L×1, N×1, Y×1","AAT×792, CTA×95, TAC×11, AAA×10, TGT×5, TTT×3, GAT×1"
1301,nonsynonymous-only,0,1,11,1456,"A×1, E×1, F×1, G×1, I×1, K×1, N×1, P×1, R×1, S×1, T×1","CCC×692, GCC×540, TCC×101, TTC×97, ATC×11, AAC×8, AAA×3, ACC×1, AGA×1, GAA×1, GGA×1"
1302,nonsynonymous-only,0,1,8,2799,"F×2, H×1, I×1, N×1, P×1, S×1, Y×1","TTT×1743, TTC×793, TAT×221, CAT×15, AAT×12, CCT×11, AGT×3, ATT×1"
1303,nonsynonymous-only,0,1,12,2798,"K×2, Q×2, E×1, F×1, I×1, M×1, N×1, S×1, T×1, V×1","ATG×1205, AAG×792, AAA×544, CAG×228, ATC×11, AAC×8, AGT×3, CAA×3, ACA×1, GAG×1, GTG×1, TTC×1"
1304,nonsynonymous-only,0,1,12,1587,"C×2, K×2, R×2, S×2, E×1, G×1, N×1, Y×1","TAT×792, TCA×538, TCT×228, AAC×11, AGA×5, AGG×3, TGC×3, AAA×2, GAA×2, AAG×1, GGA×1, TGT×1"
1305,nonsynonymous-only,0,1,10,2255,"A×2, D×1, F×1, H×1, I×1, N×1, V×1, W×1, Y×1","ATC×1431, TAT×792, GAT×11, GCT×8, TTT×5, AAT×3, TGG×2, CAT×1, GCC×1, GTT×1"
1306,nonsynonymous-only,0,1,3,2227,"D×1, N×1, T×1","AAT×1432, GAT×793, ACT×2"
1307,nonsynonymous-only,0,1,4,1998,"C×1, F×1, L×1, S×1","TTC×1203, TTA×792, TCC×2, TGT×1"
1308,nonsynonymous-only,0,1,5,1999,"L×2, C×1, I×1, S×1","CTC×1203, TCC×792, CTT×2, ATC×1, TGC×1"
1309,nonsynonymous-only,0,1,3,889,"I×1, K×1, T×1","AAA×791, ATA×97, ACA×1"
1310,nonsynonymous-only,0,1,2,1300,"G×1, H×1","CAC×1203, GGC×97"
1311,nonsynonymous-only,0,1,6,2387,"R×2, I×1, N×1, S×1, T×1","AAT×1482, ATT×672, ACT×219, AGA×12, AGT×1, CGT×1"
1312,nonsynonymous-only,0,1,7,2549,"I×2, L×2, M×1, S×1, V×1","TCA×1527, TTA×811, ATA×100, ATG×97, ATC×8, GTA×5, TTG×1"
1313,nonsynonymous-only,0,1,14,2551,"I×2, L×2, R×2, A×1, E×1, G×1, K×1, M×1, N×1, Q×1, T×1","ATT×1298, AAT×792, CTA×279, GCA×97, ACA×52, AGG×11, AAA×9, ATA×4, TTG×3, GGA×2, AGA×1, ATG×1, CAG×1, GAA×1"
1314,nonsynonymous-only,0,1,11,2562,"L×2, E×1, I×1, K×1, M×1, Q×1, R×1, T×1, V×1, W×1","TGG×1203, CAA×797, CTA×280, GAG×97, CTG×95, ACA×52, AAA×16, ATG×10, AGA×8, ATA×3, GTG×1"
1315,nonsynonymous-only,0,1,10,3034,"K×2, R×2, D×1, I×1, M×1, S×1, T×1, W×1","AAG×1995, AGG×578, AAA×379, AGA×52, ACG×9, GAT×8, ATA×6, TCT×5, ATG×1, TGG×1"
1316,nonsynonymous-only,0,1,12,2026,"T×3, F×2, I×2, S×2, A×1, N×1, V×1","ATT×1793, AGT×103, AGC×97, AAT×11, GTT×8, TTT×4, ATC×3, GCT×2, TTC×2, ACA×1, ACC×1, ACT×1"
1317,nonsynonymous-only,0,1,12,2021,"I×3, L×3, F×1, P×1, Q×1, T×1, V×1, Y×1","ATT×1203, CAA×538, TTC×98, TTA×96, ACG×52, CTC×11, GTA×8, CTA×6, ATC×5, TAT×2, ATA×1, CCA×1"
1318,nonsynonymous-only,0,1,9,2003,"C×1, E×1, G×1, H×1, K×1, M×1, Q×1, T×1, V×1","ATG×1203, AAG×636, GGA×97, CAC×52, TGT×8, GAA×4, ACG×1, CAG×1, GTG×1"
1319,nonsynonymous-only,0,1,10,2025,"I×2, T×2, F×1, K×1, L×1, N×1, S×1, V×1","AAA×1205, ACA×541, AAT×108, ACT×97, AGT×53, ATC×8, TTT×5, CTT×3, GTG×3, ATT×2"
1320,nonsynonymous-only,0,1,13,3297,"R×3, H×2, K×2, E×1, L×1, Q×1, S×1, V×1, W×1","AAG×1205, AAA×803, CGA×486, AGG×481, CAA×105, TCA×97, GTA×96, CGG×11, CAC×5, CAT×3, GAG×3, CTT×1, TGG×1"
1321,nonsynonymous-only,0,1,11,3288,"L×3, F×2, C×1, I×1, Q×1, R×1, S×1, Y×1","TTC×1268, TTT×1210, TTA×554, TCA×97, TAT×96, CTT×52, CGA×3, TGT×3, TTG×3, ATT×1, CAG×1"
1322,nonsynonymous-only,0,1,8,1840,"L×3, F×2, P×1, Q×1, Y×1","TTT×1392, TTG×292, CTT×97, CTC×52, CCT×3, TAT×2, CAG×1, TTC×1"
1323,nonsynonymous-only,0,1,4,152,"D×1, F×1, I×1, M×1","ATG×97, GAC×52, TTT×2, ATA×1"
1324,nonsynonymous-only,0,1,3,55,"A×1, N×1, V×1","AAT×52, GTT×2, GCT×1"
1331,nonsynonymous-only,0,1,6,114,"Q×2, E×1, H×1, K×1, Y×1","GAA×97, CAG×9, AAA×3, TAC×3, CAA×1, CAT×1"
1332,nonsynonymous-only,0,1,6,646,"E×1, G×1, H×1, Q×1, S×1, Y×1","CAC×513, CAA×97, TAC×25, GGT×8, TCG×2, GAA×1"
1333,nonsynonymous-only,0,1,5,1374,"D×2, F×1, N×1, Y×1","TAT×728, AAT×539, GAC×97, TTT×8, GAT×2"
1334,nonsynonymous-only,0,1,5,1373,"I×2, A×1, C×1, W×1","GCT×824, TGC×538, ATT×8, TGG×2, ATC×1"
1335,nonsynonymous-only,0,1,5,1374,"D×1, F×1, L×1, P×1, Y×1","GAT×727, TTT×548, CCT×97, CTT×1, TAT×1"
1336,nonsynonymous-only,0,1,2,735,"N×1, R×1","AGA×727, AAC×8"
1337,nonsynonymous-only,0,1,14,6720,"S×3, F×2, T×2, C×1, E×1, G×1, I×1, L×1, P×1, Y×1","TTT×1299, TCT×997, ACT×920, TAT×919, ATT×794, CCT×682, TGT×593, GAA×481, TCC×29, CTT×2, ACA×1, AGT×1, GGT×1, TTC×1"
1338,nonsynonymous-only,0,1,12,6737,"I×3, V×3, F×2, G×1, L×1, S×1, T×1","ATT×3746, ATC×1296, GTC×936, CTT×538, ATA×96, TTC×53, AGT×51, TTT×8, GTA×5, ACT×4, GGC×3, GTT×1"
1339,nonsynonymous-only,0,1,14,5469,"S×3, L×2, A×1, C×1, E×1, F×1, K×1, P×1, R×1, T×1, W×1","TCA×1397, GAA×1003, AAA×920, TCT×683, TTA×666, GCA×363, CCA×147, TTT×102, TGG×97, CTA×66, ACA×14, TCG×8, TGT×2, AGA×1"
1340,nonsynonymous-only,0,1,14,2704,"D×2, G×2, K×2, N×2, R×2, S×2, C×1, M×1","ATG×727, TGT×682, AAT×595, AAC×327, AGA×103, GAC×96, TCG×95, AAA×60, AGT×8, AGG×5, GGA×3, AAG×1, GAT×1, GGT×1"
1341,nonsynonymous-only,0,1,7,2388,"D×2, H×1, N×1, R×1, S×1, T×1","GAC×920, AAT×727, CAT×682, AGC×52, AGA×5, ACA×1, GAT×1"
1343,nonsynonymous-only,0,1,2,154,"N×1, S×1","AAC×102, AGC×52"
1344,nonsynonymous-only,0,1,2,154,"F×1, L×1","CTT×102, TTT×52"
1350,nonsynonymous-only,0,1,4,156,"R×2, Q×1, V×1","GTT×102, CAG×51, CGC×2, CGG×1"
1351,nonsynonymous-only,0,1,6,892,"V×2, K×1, Q×1, T×1, W×1","TGG×728, ACG×97, AAA×52, GTA×11, GTG×3, CAG×1"
1352,nonsynonymous-only,0,1,14,2853,"I×3, K×2, N×2, S×2, E×1, F×1, M×1, R×1, T×1","ATG×1205, AAA×727, ATA×593, ATT×102, CGA×97, AAT×95, ATC×13, ACG×8, AAG×5, AAC×3, TTT×2, AGT×1, GAA×1, TCT×1"
1353,nonsynonymous-only,0,1,18,4126,"G×3, F×2, L×2, R×2, S×2, A×1, C×1, N×1, P×1, Q×1, T×1, Y×1","TGC×1995, GGT×727, CGA×539, AGA×481, TTC×102, CAA×100, TTT×97, TTA×53, CTT×11, AAT×6, TCT×5, GGA×3, TAT×2, ACT×1, AGC×1, CCG×1, GCA×1, GGC×1"
1354,nonsynonymous-only,0,1,17,4354,"I×2, K×2, L×2, N×2, S×2, C×1, F×1, H×1, P×1, Q×1, T×1, Y×1","CAA×1207, TTA×793, TCT×743, AAC×538, AAT×484, TAC×228, AGT×102, CCT×97, ATC×95, CTT×55, ATT×5, TTC×2, AAA×1, AAG×1, ACC×1, CAC×1, TGT×1"
1355,nonsynonymous-only,0,1,11,2828,"T×2, Y×2, F×1, H×1, I×1, L×1, N×1, Q×1, S×1","TAT×1761, CAA×584, CTT×280, TAC×99, ACT×97, TCT×2, AAC×1, ACA×1, ATA×1, CAT×1, TTT×1"
1356,nonsynonymous-only,0,1,17,4131,"L×3, F×2, I×2, Q×2, S×2, A×1, C×1, G×1, R×1, V×1, Y×1","TTC×1203, CAA×793, GGA×727, TCA×595, AGA×481, ATA×102, CTA×98, TTT×98, TTG×17, TCG×5, CAG×3, TTA×3, GCA×2, ATC×1, GTC×1, TAC×1, TGT×1"
1357,nonsynonymous-only,0,1,14,2829,"I×3, K×2, T×2, A×1, F×1, M×1, Q×1, R×1, S×1, Y×1","AAG×1306, AGG×901, ATC×540, ATA×52, AAA×9, ATG×8, CAG×4, ATT×3, ACA×1, ACT×1, AGC×1, GCA×1, TAC×1, TTT×1"
1358,nonsynonymous-only,0,1,13,4265,"H×2, E×1, I×1, K×1, L×1, M×1, N×1, R×1, S×1, T×1, V×1, Y×1","GAA×1943, AAA×1010, AGA×756, AAC×533, ACA×5, ATG×5, GTC×3, TAT×3, AGT×2, ATA×2, CAC×1, CAT×1, TTG×1"
1359,nonsynonymous-only,0,1,18,5547,"L×5, R×3, F×2, V×2, A×1, G×1, I×1, K×1, Q×1, T×1","CGT×1206, TTT×1003, AGA×811, CTT×732, GTA×538, AAA×488, GGA×482, TTA×102, TTC×100, CTA×69, CTC×5, CAA×3, GCA×3, ACT×1, ATA×1, CGA×1, GTT×1, TTG×1"
1360,nonsynonymous-only,0,1,11,1949,"F×2, L×2, C×1, I×1, K×1, N×1, R×1, W×1, Y×1","AAA×729, TTT×541, TTG×280, CGA×228, TGG×103, ATA×52, CTA×6, TAT×5, TGC×3, AAT×1, TTC×1"
1361,nonsynonymous-only,0,1,13,5541,"E×2, K×2, T×2, G×1, N×1, Q×1, R×1, S×1, V×1, Y×1","AAA×2540, AAG×1747, ACG×538, GAG×260, AGA×228, AAT×99, CAA×99, GGG×21, TAT×3, ACA×2, GAA×2, GTG×1, TCG×1"
1362,nonsynonymous-only,0,1,11,5551,"T×3, I×2, R×2, K×1, L×1, M×1, Q×1","AAA×1710, ACG×995, AGA×851, ATA×820, ACA×734, CAA×230, TTA×105, ATC×97, ATG×5, ACT×3, AGG×1"
1363,nonsynonymous-only,0,1,5,2283,"V×2, A×1, P×1, S×1","GTC×1003, CCA×792, AGT×481, GTT×5, GCA×2"
1364,nonsynonymous-only,0,1,2,1275,"D×1, N×1","AAT×794, GAT×481"
1365,nonsynonymous-only,0,1,7,2886,"C×1, D×1, H×1, I×1, N×1, P×1, Y×1","AAT×914, CAT×792, TAT×683, TGT×480, ATT×15, CCA×1, GAT×1"
1366,nonsynonymous-only,0,1,8,2024,"L×2, H×1, Q×1, R×1, S×1, T×1, W×1","CTA×769, TCA×481, AGG×410, TGG×272, TTA×85, CAA×5, ACC×1, CAT×1"
1367,nonsynonymous-only,0,1,13,4994,"F×2, Y×2, C×1, D×1, E×1, G×1, H×1, K×1, N×1, R×1, S×1","TAT×1709, GAA×920, TTC×792, CGT×538, GGC×477, AAT×466, CAT×56, TTT×12, TAC×9, GAT×5, AGC×4, TGT×4, AAA×2"
1368,nonsynonymous-only,0,1,14,3716,"C×2, D×2, A×1, E×1, F×1, H×1, K×1, Q×1, R×1, S×1, W×1, Y×1","TGT×1203, GCC×920, TCG×685, TTC×538, GAC×279, GAA×52, TGG×14, GAT×12, TAC×5, AGA×4, AAA×1, CAA×1, CAC×1, TGC×1"
1369,nonsynonymous-only,0,1,13,4995,"S×3, A×1, C×1, D×1, F×1, G×1, H×1, I×1, N×1, V×1, Y×1","TTT×1276, ATT×1257, TGT×929, GGC×682, TAT×536, TCT×281, AAT×11, GCT×11, GTT×5, AGC×3, AGT×2, CAT×1, GAT×1"
1370,nonsynonymous-only,0,1,16,3986,"R×4, G×2, L×2, S×2, E×1, H×1, K×1, P×1, W×1, Y×1","AGC×1330, TTG×920, GAA×690, CCA×681, TGG×281, GGT×52, AAA×12, GGG×6, CGG×5, TAT×3, AGA×1, AGG×1, CAC×1, CGT×1, CTA×1, TCA×1"
1371,nonsynonymous-only,0,1,10,4016,"Q×2, R×2, S×2, A×1, K×1, N×1, W×1","TGG×1551, TCA×1203, AAA×598, CAG×482, CGG×162, AGA×12, AAC×3, CAA×3, GCA×1, TCG×1"
1372,nonsynonymous-only,0,1,14,4703,"F×2, S×2, A×1, G×1, I×1, K×1, L×1, N×1, P×1, R×1, T×1, Y×1","AGA×1685, GGT×919, AAC×792, TTT×682, TCC×536, AAA×56, TTC×12, TAC×7, ATT×5, GCC×4, CCC×2, ACA×1, AGT×1, TTA×1"
1373,nonsynonymous-only,0,1,9,4151,"R×2, D×1, F×1, H×1, N×1, T×1, V×1, Y×1","AAT×2472, CGC×920, CAC×682, GTT×52, TTC×11, GAT×7, ACT×5, AGA×1, TAT×1"
1374,nonsynonymous-only,0,1,9,3403,"A×1, D×1, E×1, F×1, G×1, I×1, L×1, S×1, Y×1","TTC×1203, TAT×920, GAC×791, ATT×481, GCG×3, TTA×2, GAG×1, GGC×1, TCC×1"
1375,nonsynonymous-only,0,1,7,3128,"P×2, S×2, L×1, Q×1, Y×1","TCG×920, CCG×791, TAT×727, CAG×682, CCA×4, TCC×3, TTA×1"
1376,nonsynonymous-only,0,1,16,5235,"T×3, K×2, V×2, A×1, F×1, I×1, L×1, M×1, N×1, P×1, R×1, S×1","AAC×1600, ATG×1203, CTT×792, AAA×738, AAG×640, GTG×218, AGT×10, GTA×10, GCC×8, ATA×6, ACA×3, ACC×2, ACG×2, AGA×1, CCC×1, TTC×1"
1377,nonsynonymous-only,0,1,12,5242,"N×2, R×2, S×2, C×1, D×1, G×1, T×1, W×1, Y×1","AAC×1986, CGC×1223, AGT×1148, AAT×830, ACC×13, GAT×10, TAT×10, TGG×8, AGC×6, AGG×5, TGC×2, GGT×1"
1378,nonsynonymous-only,0,1,9,5185,"E×2, K×2, D×1, G×1, N×1, Q×1, R×1","AGG×1482, AAG×1213, GGA×921, AAA×736, CAG×540, GAA×288, GAG×2, GAT×2, AAC×1"
1379,nonsynonymous-only,0,1,17,4071,"R×4, E×2, L×2, Q×2, D×1, G×1, K×1, N×1, P×1, W×1, Y×1","CAA×2133, TGG×791, CGA×727, GAG×278, CGC×102, CTA×10, CAG×9, AAT×8, CGT×3, CCA×2, GAA×2, AAA×1, CGG×1, GAC×1, GGA×1, TAT×1, TTA×1"
1380,nonsynonymous-only,0,1,16,5273,"L×4, S×3, F×2, E×1, I×1, P×1, R×1, T×1, V×1, W×1","TTG×1208, CCA×987, TTT×794, TCG×727, TCA×601, GTA×538, CTT×278, ACC×102, CTA×14, TTC×11, TGG×8, AGA×1, ATT×1, CTG×1, GAG×1, TCC×1"
1381,nonsynonymous-only,0,1,9,2498,"A×2, V×2, D×1, I×1, K×1, N×1, S×1","AAT×792, AAA×727, ATC×687, GTT×280, GAC×8, AGT×1, GCG×1, GCT×1, GTA×1"
1382,nonsynonymous-only,0,1,8,2214,"A×1, E×1, G×1, I×1, K×1, L×1, Q×1, R×1","GGA×792, TTA×727, AGA×469, AAA×213, GAA×10, ATA×1, CAA×1, GCA×1"
1383,nonsynonymous-only,0,1,6,1530,"Y×2, A×1, C×1, P×1, T×1","TGC×791, TAT×735, ACT×1, CCT×1, GCA×1, TAC×1"
1384,nonsynonymous-only,0,1,7,1530,"D×1, F×1, H×1, L×1, N×1, T×1, Y×1","CAT×760, GAC×727, AAT×32, TTA×8, ACC×1, TAT×1, TTT×1"
1386,nonsynonymous-only,0,1,7,34,"Q×2, D×1, E×1, I×1, K×1, N×1","GAT×11, GAA×9, AAG×8, AAT×3, ATA×1, CAA×1, CAG×1"
1387,nonsynonymous-only,0,1,8,2256,"L×3, H×1, I×1, P×1, S×1, Y×1","TAT×1974, TTA×242, CAT×31, CTA×3, CCT×2, TCA×2, ATT×1, TTG×1"
1388,nonsynonymous-only,0,1,10,2253,"L×3, V×2, A×1, F×1, K×1, S×1, Y×1","GTA×1207, GTG×1006, TTA×13, AAA×12, GCG×10, CTA×1, TAT×1, TCA×1, TTC×1, TTG×1"
1389,nonsynonymous-only,0,1,14,2257,"L×3, Y×2, D×1, E×1, F×1, K×1, M×1, Q×1, R×1, S×1, V×1","TCG×1202, CTG×792, CTC×228, GAA×11, GAT×8, ATG×5, GTT×3, AAG×2, AGG×1, CAG×1, TAC×1, TAT×1, TTC×1, TTG×1"
1390,nonsynonymous-only,0,1,11,2258,"L×4, I×2, F×1, Q×1, T×1, V×1, Y×1","TTT×1432, ATT×792, TTA×12, TAT×8, TTG×5, ATA×3, CTG×2, ACT×1, CAG×1, CTT×1, GTT×1"
1391,nonsynonymous-only,0,1,13,2899,"L×4, S×2, A×1, E×1, F×1, H×1, I×1, T×1, Y×1","TCA×1203, GCA×792, TTT×538, TTG×229, TAT×95, CTA×27, ACA×4, ATA×3, TCC×3, GAA×2, CAT×1, CTG×1, TTA×1"
1392,nonsynonymous-only,0,1,18,2896,"I×3, D×2, K×2, R×2, Y×2, A×1, F×1, L×1, M×1, P×1, S×1, V×1","GTT×1203, TTT×792, GAC×633, ATG×219, AGA×11, AGG×9, GAT×8, AGC×5, AAG×3, TAC×3, TAT×3, AAA×1, ATA×1, ATC×1, ATT×1, CCC×1, CTG×1, GCC×1"
1393,nonsynonymous-only,0,1,13,3001,"A×2, E×2, G×2, R×2, I×1, K×1, L×1, M×1, V×1","GGG×1307, GCT×792, GCG×757, GAG×105, AAG×18, ATA×11, GAA×3, GGA×2, GTG×2, AGG×1, ATG×1, CGG×1, TTG×1"
1394,nonsynonymous-only,0,1,9,2679,"G×2, L×2, H×1, K×1, N×1, Q×1, R×1","GGA×1206, GGG×791, CTA×538, CAA×124, AAT×11, CAC×6, AAA×1, CGA×1, TTG×1"
1395,nonsynonymous-only,0,1,9,3042,"N×2, I×1, K×1, M×1, R×1, T×1, V×1, Y×1","ACT×1203, ATT×1070, AGA×633, AAA×120, AAT×11, TAT×2, AAC×1, ATG×1, GTT×1"
1396,nonsynonymous-only,0,1,7,1273,"L×2, K×1, Q×1, S×1, T×1, V×1","TCC×792, TTG×278, ACA×102, GTA×95, CAA×4, AAG×1, CTG×1"
1397,nonsynonymous-only,0,1,3,1181,"L×2, R×1","CTT×901, CTA×279, CGA×1"
1398,nonsynonymous-only,0,1,6,893,"V×3, I×1, K×1, R×1","GTT×770, AAA×95, GTA×15, GTC×7, AGA×3, ATT×3"
1399,nonsynonymous-only,0,1,4,893,"L×2, R×1, T×1","ACA×792, CTT×95, AGA×3, TTA×3"
1400,nonsynonymous-only,0,1,4,799,"C×1, G×1, N×1, S×1","AGT×792, AAT×3, TGT×3, GGA×1"
1401,nonsynonymous-only,0,1,6,554,"L×2, S×2, T×1, W×1","TTA×538, TCA×8, ACA×3, TCT×3, TGG×1, TTG×1"
1402,nonsynonymous-only,0,1,9,1963,"A×2, G×2, E×1, I×1, N×1, R×1, S×1","AAC×727, GAA×682, GCC×537, GGA×8, GGC×3, TCC×3, ATT×1, CGG×1, GCA×1"
1403,nonsynonymous-only,0,1,11,4174,"C×2, I×2, V×2, D×1, F×1, G×1, L×1, Y×1","GTC×920, TTT×830, GAT×792, GTG×682, GGT×538, TTG×290, TGT×113, TAT×4, ATT×3, ATC×1, TGC×1"
1404,nonsynonymous-only,0,1,13,5477,"C×2, F×2, H×2, Y×2, K×1, L×1, M×1, N×1, S×1","TAT×2369, TGT×934, CTT×832, CAT×690, TGC×537, TTC×97, TCT×8, TAC×4, TTT×2, AAA×1, AAT×1, ATG×1, CAC×1"
1405,nonsynonymous-only,0,1,16,5487,"G×3, K×2, N×2, Q×2, R×2, D×1, E×1, H×1, I×1, Y×1","GAA×1757, GAT×1071, GGC×917, AAT×729, CAC×682, AAA×109, AAC×102, CAA×96, GGA×12, ATT×3, GGT×3, TAT×2, AAG×1, AGA×1, AGG×1, CAG×1"
1406,nonsynonymous-only,0,1,8,2605,"L×4, C×1, P×1, S×1, W×1","TTA×1603, TGG×792, CTC×102, CTG×97, TCG×8, CCG×1, TGC×1, TTG×1"
1407,nonsynonymous-only,0,1,9,2603,"Q×2, D×1, H×1, K×1, L×1, N×1, P×1, V×1","AAT×997, GAT×715, CAA×680, CCA×102, CAT×97, CTT×8, CAG×2, AAA×1, GTC×1"
1408,nonsynonymous-only,0,1,3,104,"S×2, I×1","TCA×102, ATT×1, TCC×1"
1409,nonsynonymous-only,0,1,2,155,"S×1, W×1","AGC×102, TGG×53"
1410,nonsynonymous-only,0,1,9,1993,"S×3, G×2, C×1, H×1, K×1, T×1","CAT×1003, AGT×727, GGA×103, AAG×97, TGC×52, AGC×8, ACA×1, GGG×1, TCG×1"
1411,nonsynonymous-only,0,1,11,4537,"F×2, C×1, D×1, H×1, K×1, L×1, N×1, Q×1, R×1, Y×1","GAT×1265, TGT×1101, CGT×920, CAT×684, TTT×281, TAT×222, CAA×52, TTC×8, AAT×2, AAA×1, CTT×1"
1412,nonsynonymous-only,0,1,16,6530,"C×2, F×2, L×2, R×2, Y×2, H×1, K×1, M×1, Q×1, S×1, W×1","TGT×1288, TTC×1005, CAC×800, TTG×727, TTT×695, TGC×646, TAC×562, TAT×319, ATG×279, TGG×97, CGC×95, CAG×11, CTC×2, TCC×2, AAG×1, AGA×1"
1413,nonsynonymous-only,0,1,17,5281,"R×3, K×2, Q×2, C×1, E×1, F×1, G×1, H×1, L×1, P×1, S×1, T×1, W×1","CGG×1222, TGG×981, AAG×827, CTA×792, CAG×689, AGA×539, AAA×103, TGT×95, CGA×12, GAA×8, GGG×5, CAA×2, TTT×2, ACA×1, AGC×1, CAC×1, CCG×1"
1414,nonsynonymous-only,0,1,20,5617,"I×3, S×3, H×2, K×2, N×2, T×2, V×2, A×1, F×1, L×1, Y×1","AAG×1288, GCC×988, AGT×824, TAC×792, CAC×679, AAA×552, GTC×279, AAC×107, AAT×56, TCT×11, ACC×9, TCC×9, ATA×8, GTT×5, CAT×3, ACT×2, CTA×2, ATC×1, ATT×1, TTT×1"
1415,nonsynonymous-only,0,1,5,1152,"D×1, E×1, L×1, N×1, Q×1","GAA×1003, GAT×95, AAT×52, CAA×1, TTG×1"
1416,nonsynonymous-only,0,1,5,148,"F×2, I×1, T×1, V×1","ATA×65, TTC×51, ACA×30, GTT×1, TTT×1"
1419,nonsynonymous-only,0,1,3,195,"I×1, N×1, V×1","AAT×97, ATA×95, GTT×3"
1420,nonsynonymous-only,0,1,5,205,"Y×2, D×1, H×1, L×1","CTT×97, GAT×95, TAT×9, TAC×3, CAT×1"
1421,nonsynonymous-only,0,1,6,744,"D×1, F×1, H×1, N×1, R×1, S×1","TTC×538, CAT×97, GAT×95, AGT×9, AAT×4, CGT×1"
1422,nonsynonymous-only,0,1,6,988,"L×2, F×1, H×1, Q×1, Y×1","CTG×792, CAT×97, TTT×95, TAT×2, CAG×1, CTT×1"
1423,nonsynonymous-only,0,1,5,997,"L×3, R×1, S×1","TCA×792, TTA×193, AGG×9, TTG×2, CTG×1"
1424,nonsynonymous-only,0,1,5,902,"L×2, K×1, S×1, W×1","TTG×793, TTA×97, TGG×9, TCG×2, AAA×1"
1428,nonsynonymous-only,0,1,5,892,"K×2, R×2, H×1","CGG×738, AAA×97, CGA×54, AAG×2, CAT×1"
1429,nonsynonymous-only,0,1,5,893,"T×2, F×1, P×1, S×1","ACC×792, TTC×97, CCT×2, ACA×1, TCC×1"
1431,nonsynonymous-only,0,1,13,2667,"I×2, K×2, N×2, A×1, D×1, E×1, Q×1, S×1, V×1, Y×1","AAC×1004, ATA×727, GAA×645, GTC×102, AAA×99, AAT×54, AAG×20, GAT×6, AGT×3, GCT×3, TAT×2, ATC×1, CAA×1"
1432,nonsynonymous-only,0,1,17,2676,"G×4, D×2, K×2, R×2, V×2, L×1, M×1, Q×1, S×1, T×1","AAG×1003, GTA×727, AGA×649, GGA×108, CTA×95, CAA×52, AAA×11, ACG×8, GGG×7, GGT×6, GAC×3, GTT×2, AGG×1, ATG×1, GAT×1, GGC×1, TCG×1"
1433,nonsynonymous-only,0,1,22,4069,"L×3, S×3, A×2, E×2, R×2, V×2, Y×2, D×1, F×1, N×1, P×1, T×1, W×1","GCG×856, GAA×792, CCG×727, TTG×686, GAG×538, TTT×115, TCG×102, CTT×97, GTG×56, TCT×52, TTA×10, ACG×8, GTA×8, TAT×8, TGG×5, GAT×3, AAC×1, AGA×1, CGA×1, GCA×1, TAC×1, TCA×1"
1434,nonsynonymous-only,0,1,18,6756,"D×2, K×2, N×2, S×2, Y×2, C×1, E×1, F×1, G×1, H×1, I×1, Q×1, T×1","AAC×2293, AGC×1023, TGC×920, AGT×829, ATC×793, CAT×538, GAT×198, AAT×74, ACT×52, CAA×11, AAA×8, GAC×6, GAA×3, TTC×3, TAT×2, AAG×1, GGC×1, TAC×1"
1435,nonsynonymous-only,0,1,21,6756,"A×3, T×3, K×2, L×2, N×2, D×1, E×1, G×1, H×1, I×1, M×1, R×1, S×1, Y×1","AAA×1602, ACT×1208, GCT×1005, GGT×793, GCA×727, ACC×547, AAG×475, ATG×105, CTT×102, TTA×95, GCC×52, ACA×19, CAC×8, AAT×5, AGT×3, GAG×3, TAT×3, AAC×1, ATA×1, CGT×1, GAT×1"
1436,nonsynonymous-only,0,1,19,6747,"I×3, V×3, C×2, F×2, L×2, E×1, K×1, M×1, Q×1, S×1, T×1, Y×1","ATT×2559, ATA×1003, TTC×920, ATC×649, TTA×538, GTG×499, ATG×186, GTT×113, AAA×106, CAG×97, ACA×53, TCT×9, TTG×9, GAG×1, GTA×1, TAT×1, TGC×1, TGT×1, TTT×1"
1437,nonsynonymous-only,0,1,24,6756,"L×6, V×4, I×3, P×2, E×1, F×1, G×1, K×1, N×1, Q×1, S×1, T×1, Y×1","CTT×1602, GTG×1202, CTC×1001, CTG×792, CAG×727, ATT×545, TTG×481, GTT×200, TTT×95, ATC×52, GTA×12, TAT×9, TTA×9, CCA×8, GGG×8, AAT×3, CTA×3, AAA×1, ACT×1, ATA×1, CCC×1, GAA×1, GTC×1, TCC×1"
1438,nonsynonymous-only,0,1,16,6065,"G×3, S×3, K×2, T×2, A×1, E×1, I×1, M×1, Q×1, R×1","AGT×2257, AAA×1375, GGA×1019, ACT×730, GGT×549, GCT×96, AGA×18, AGC×5, CAA×5, ATG×3, GAG×3, AAG×1, ACG×1, ATA×1, GGG×1, TCG×1"
1439,nonsynonymous-only,0,1,4,194,"G×2, E×1, N×1","GAA×97, GGA×95, AAT×1, GGT×1"
1440,nonsynonymous-only,0,1,2,192,"S×1, T×1","TCT×97, ACT×95"
1442,nonsynonymous-only,0,1,3,105,"K×1, L×1, Q×1","TTA×95, CAA×9, AAA×1"
1443,nonsynonymous-only,0,1,13,3306,"L×2, V×2, E×1, I×1, K×1, N×1, P×1, Q×1, R×1, T×1, Y×1","AAA×2123, TTA×755, CAA×229, ATA×95, GTG×52, CTA×37, AAT×9, ACA×1, AGA×1, CCA×1, GAA×1, GTT×1, TAT×1"
1444,nonsynonymous-only,0,1,11,3809,"R×3, G×2, K×2, E×1, Q×1, T×1, Y×1","GGA×2884, GAA×584, AGA×239, AGG×53, GGG×28, AAA×14, AAG×3, ACA×1, CAG×1, CGT×1, TAT×1"
1445,nonsynonymous-only,0,1,13,2919,"R×3, T×2, A×1, C×1, D×1, L×1, P×1, Q×1, S×1, W×1","CGG×923, GCT×792, TCG×577, AGG×539, CTA×51, TGG×20, AGA×8, GAT×3, CAG×2, ACA×1, ACT×1, CCA×1, TGT×1"
1446,nonsynonymous-only,0,1,5,21,"G×2, C×1, K×1, S×1","AAA×9, GGA×9, GGC×1, TCT×1, TGC×1"
1448,nonsynonymous-only,0,1,3,10,"K×1, P×1, Q×1","AAA×8, CAA×1, CCA×1"
1449,nonsynonymous-only,0,1,15,2953,"S×3, A×2, I×2, C×1, L×1, M×1, N×1, P×1, R×1, T×1, V×1","ATG×1204, TGT×920, GTT×590, GCA×98, ACT×95, AGG×11, TCC×8, TTG×8, TCA×6, ATT×4, AGT×3, GCT×3, AAT×1, ATA×1, CCT×1"
1450,nonsynonymous-only,0,1,17,4487,"F×2, N×2, S×2, Y×2, A×1, C×1, D×1, E×1, G×1, H×1, I×1, P×1, Q×1","AAC×1350, AAT×1211, TTT×920, TAT×538, TAC×279, CAT×96, AGT×53, TTC×11, TCG×8, TGT×8, CAG×3, GAC×3, GCT×3, ATT×1, CCT×1, GAG×1, GGT×1"
1451,nonsynonymous-only,0,1,11,4486,"L×6, F×2, I×1, P×1, S×1","CTT×1537, TTT×1213, TTA×939, CTG×538, CTC×97, TTG×96, TTC×52, ATA×9, CCA×3, CTA×1, TCA×1"
1452,nonsynonymous-only,0,1,11,4488,"S×3, F×2, V×2, A×1, C×1, I×1, L×1","TCT×2577, TTT×921, TCA×539, TGT×279, GTA×95, CTT×52, AGT×8, GCC×8, ATT×6, TTC×2, GTT×1"
1453,nonsynonymous-only,0,1,13,4393,"G×4, A×1, D×1, E×1, K×1, P×1, R×1, S×1, T×1, V×1","GGT×1307, GGC×1306, AGA×920, GGA×543, AAA×282, CCA×11, ACA×8, GTT×8, GAG×3, AGT×2, GAT×1, GCG×1, GGG×1"
1454,nonsynonymous-only,0,1,2,929,"A×1, I×1","ATA×921, GCG×8"
1455,nonsynonymous-only,0,1,2,9,"F×1, L×1","CTT×8, TTT×1"
1456,nonsynonymous-only,0,1,2,921,"K×1, L×1","AAA×920, CTG×1"
1457,nonsynonymous-only,0,1,2,921,"N×1, W×1","AAT×920, TGG×1"
1458,nonsynonymous-only,0,1,19,7022,"V×4, A×3, I×3, E×2, T×2, D×1, F×1, G×1, K×1, S×1","GTC×2173, ATA×1205, GTA×793, TTC×701, GAG×657, GCG×654, GTG×602, ACG×102, GAA×96, GAC×11, TCA×10, GTT×5, AAG×3, ACT×3, ATC×3, ATT×1, GCA×1, GCC×1, GGC×1"
1459,nonsynonymous-only,0,1,12,7001,"K×2, N×2, S×2, C×1, E×1, I×1, L×1, R×1, V×1","AAC×2578, AAA×2150, ATT×920, AGA×603, AAG×481, GTA×102, AGC×99, CTA×52, AAT×9, GAA×5, AGT×1, TGC×1"
1460,nonsynonymous-only,0,1,15,6994,"D×2, G×2, I×2, N×2, S×2, A×1, K×1, T×1, V×1, Y×1","AAC×1753, AAG×1281, GCC×1250, ATT×920, GAT×727, ACC×690, GAC×110, AGC×104, AAT×96, TAT×52, GTC×7, AGT×1, ATC×1, GGA×1, GGC×1"
1461,nonsynonymous-only,0,1,11,6994,"E×2, K×2, N×2, A×1, I×1, R×1, S×1, T×1","AAC×3462, AAG×1253, ATA×792, GAG×728, AAA×490, AAT×103, ACA×95, GAA×55, AGA×14, AGT×1, GCT×1"
1462,nonsynonymous-only,0,1,13,5719,"G×2, K×2, V×2, D×1, E×1, F×1, N×1, P×1, R×1, Y×1","CCT×1252, GGA×1212, AGG×926, GAA×742, AAA×685, GTA×538, AAT×147, TAT×102, GTT×98, AAG×12, GGG×3, GAC×1, TTT×1"
1464,nonsynonymous-only,0,1,3,1534,"I×1, K×1, S×1","AGT×1253, ATT×280, AAA×1"
1465,nonsynonymous-only,0,1,6,1552,"L×2, F×1, I×1, S×1, T×1","TTA×1252, TCA×279, TTG×18, ACG×1, ATT×1, TTT×1"
1466,nonsynonymous-only,0,1,5,1551,"A×1, F×1, I×1, L×1, V×1","TTA×1531, ATT×17, GCA×1, GTT×1, TTT×1"
1467,nonsynonymous-only,0,1,9,1608,"G×2, R×2, S×2, A×1, M×1, T×1","ATG×1252, ACA×279, TCC×52, GCG×18, GGT×3, AGA×1, CGA×1, GGA×1, TCT×1"
1468,nonsynonymous-only,0,1,11,1807,"T×3, A×2, I×2, D×1, P×1, S×1, V×1","GCC×1250, ACA×298, ATT×154, GTT×96, GCT×3, ACC×1, ACG×1, ATA×1, CCT×1, GAC×1, TCC×1"
1469,nonsynonymous-only,0,1,19,5301,"S×4, A×3, F×1, G×1, I×1, K×1, L×1, M×1, N×1, P×1, R×1, T×1, V×1, Y×1","GCT×2130, ACT×1256, AAT×920, AAA×682, ATG×102, GCA×101, TTT×52, CTT×18, TCT×14, GGT×9, AGA×8, TAT×2, AGT×1, ATT×1, CCT×1, GCC×1, GTT×1, TCA×1, TCC×1"
1470,nonsynonymous-only,0,1,12,4847,"I×3, F×2, V×2, A×1, H×1, K×1, M×1, N×1","ATT×1538, ATC×1257, TTC×999, TTT×499, CAT×219, GTA×105, ATG×97, GCA×95, ATA×14, AAT×11, AAA×9, GTC×4"
1471,nonsynonymous-only,0,1,2,104,"A×1, T×1","GCT×102, ACT×2"
1472,nonsynonymous-only,0,1,5,205,"T×2, I×1, L×1, R×1","ACG×97, ACT×95, AGG×9, ATT×3, CTT×1"
1473,nonsynonymous-only,0,1,3,194,"L×1, S×1, Y×1","CTC×97, AGC×95, TAC×2"
1474,nonsynonymous-only,0,1,10,2335,"S×2, A×1, E×1, I×1, L×1, P×1, Q×1, T×1, W×1","ACG×1064, CCG×792, TCT×316, GCG×139, ATT×10, TCG×9, TGG×2, CAA×1, GAA×1, TTA×1"
1475,nonsynonymous-only,0,1,16,3109,"F×2, K×2, L×2, N×2, Y×2, C×1, G×1, H×1, Q×1, S×1, V×1","CTT×1203, GGT×756, CAG×546, TTG×228, TTC×102, TTT×101, AAC×95, TGT×36, AAG×13, TCG×11, TAC×9, TAT×4, AAA×2, AAT×1, CAC×1, GTG×1"
1476,nonsynonymous-only,0,1,12,3112,"D×2, I×2, S×2, V×2, F×1, K×1, N×1, T×1","AGC×1759, GTT×1020, GAC×102, ACT×98, ATC×97, AGT×14, ATT×11, AAG×3, AAT×3, GAT×2, TTT×2, GTG×1"
1477,nonsynonymous-only,0,1,14,2948,"H×2, I×2, R×2, Y×2, D×1, F×1, K×1, L×1, M×1, N×1","ATT×1213, AAT×766, CGA×629, CTT×102, ATC×97, GAT×97, TTT×24, TAT×9, CAT×4, ATG×2, CAC×2, AAA×1, CGT×1, TAC×1"
1478,nonsynonymous-only,0,1,16,3109,"C×2, F×2, L×2, Y×2, A×1, D×1, H×1, I×1, N×1, P×1, S×1, V×1","TAC×1203, TGC×890, TTT×551, TTC×229, TAT×198, ATT×10, GAT×8, GCT×6, CAC×4, CTT×3, TGT×2, AAT×1, CCC×1, CTA×1, GTC×1, TCT×1"
1479,nonsynonymous-only,0,1,14,3105,"G×2, K×2, Q×2, R×2, S×2, E×1, I×1, T×1, Y×1","ACA×1203, CGA×792, AAA×624, GGA×228, AGA×97, ATA×95, AAG×54, AGC×3, TAT×3, TCA×2, CAA×1, CAG×1, GAA×1, GGT×1"
1480,nonsynonymous-only,0,1,15,3096,"L×2, N×2, T×2, C×1, D×1, E×1, G×1, I×1, K×1, R×1, S×1, V×1","AGC×1418, AAC×779, AGA×554, ACA×102, AAT×98, TTA×95, GAC×14, AAG×9, TGT×9, ACC×8, GGA×4, ATT×3, CTT×1, GAA×1, GTC×1"
1481,nonsynonymous-only,0,1,9,2428,"C×2, R×2, G×1, I×1, K×1, S×1, Y×1","AGA×1432, TGC×785, GGT×104, TGT×91, CGC×7, TAT×6, AAA×1, AGT×1, ATT×1"
1482,nonsynonymous-only,0,1,3,794,"Q×1, V×1, Y×1","TAT×792, CAG×1, GTG×1"
1484,nonsynonymous-only,0,1,2,1004,"D×1, L×1","TTG×1003, GAT×1"
1485,nonsynonymous-only,0,1,2,1004,"D×1, E×1","GAA×1003, GAC×1"
1486,nonsynonymous-only,0,1,11,3356,"G×2, K×2, D×1, E×1, F×1, H×1, I×1, N×1, P×1","AAA×1252, ATC×1003, GGC×710, CAT×279, GGT×82, GAA×18, AAG×8, AAT×1, CCC×1, GAC×1, TTC×1"
1487,nonsynonymous-only,0,1,14,4964,"A×4, L×2, P×2, S×2, F×1, K×1, N×1, V×1","CCA×1548, TTT×1025, TTA×1003, GTT×792, GCA×540, CCG×18, AAA×11, AAT×9, AGC×5, GCC×4, TCA×4, TTG×3, GCG×1, GCT×1"
1488,nonsynonymous-only,0,1,22,4964,"A×3, D×2, K×2, L×2, N×2, P×2, T×2, V×2, E×1, G×1, M×1, R×1, S×1","GAA×1355, GGC×1002, GAT×934, GCC×791, AAG×563, GCG×265, GCA×14, AAA×9, ATG×9, AGA×5, AAT×3, TTA×3, CTA×2, AAC×1, ACC×1, ACT×1, CCA×1, CCT×1, GAC×1, GTA×1, GTC×1, TCA×1"
1489,nonsynonymous-only,0,1,17,6397,"I×3, L×3, S×2, T×2, V×2, E×1, F×1, K×1, M×1, R×1","ATT×1661, TTA×1266, ATC×991, ATG×986, TCT×894, GAA×279, TCC×228, ATA×32, AGG×17, GTC×11, AAA×9, CTG×8, CTA×6, GTT×4, ACA×3, ACT×1, TTT×1"
1490,nonsynonymous-only,0,1,18,6397,"L×5, A×2, D×2, G×2, I×2, V×2, F×1, T×1, Y×1","TTA×1254, CTT×1204, GAC×999, GCT×920, GTT×764, GGT×690, ACA×279, GAT×105, GGC×102, ATT×33, TAT×23, CTA×8, CTG×8, CTC×3, GCC×2, ATA×1, GTA×1, TTT×1"
1491,nonsynonymous-only,0,1,14,6397,"I×3, F×2, L×2, V×2, G×1, H×1, M×1, S×1, T×1","ATT×2877, CTT×1252, ACT×998, TTC×920, GTT×218, ATG×102, ATA×12, AGT×8, TTG×3, GGT×2, GTA×2, ATC×1, CAT×1, TTT×1"
1492,nonsynonymous-only,0,1,14,6897,"L×4, S×2, V×2, F×1, H×1, I×1, M×1, P×1, Y×1","TTA×3490, TTT×1615, CTT×1112, ATG×539, TAT×102, CCT×10, TCC×9, TTG×9, ATT×3, CTA×3, GTG×2, CAT×1, GTA×1, TCT×1"
1493,nonsynonymous-only,0,1,8,6821,"D×2, E×2, G×2, V×2","GAT×3190, GGT×2477, GAG×920, GAC×124, GAA×103, GTT×4, GTA×2, GGA×1"
1494,nonsynonymous-only,0,1,11,7287,"G×3, E×2, L×2, D×1, I×1, S×1, V×1","GAA×2547, GAG×1674, GGA×1214, GTT×792, GGG×471, GAT×466, ATA×102, GGT×15, CTG×3, TTA×2, AGT×1"
1495,nonsynonymous-only,0,1,20,5970,"A×4, V×3, I×2, L×2, P×2, S×2, F×1, H×1, K×1, M×1, R×1","CAT×1252, GCG×1202, GCA×1005, GTG×785, GTT×583, GCC×437, CGT×279, GCT×118, ATA×97, TTA×97, CCA×67, GTA×11, ATC×8, CCT×8, CTG×8, AAG×5, AGT×3, ATG×2, TCT×2, TTC×1"
1496,nonsynonymous-only,0,1,12,5968,"I×3, T×3, F×2, S×2, L×1, V×1","ACT×2525, ATT×1266, GTT×1003, AGT×539, ATA×279, TTT×212, ACC×114, TTC×11, ATC×9, ACA×4, TCA×3, TTG×3"
1497,nonsynonymous-only,0,1,17,5968,"S×5, A×3, F×2, I×2, G×1, H×1, K×1, N×1, T×1","TCT×1478, GCT×1332, ACG×1003, GCC×712, GCA×541, TCC×363, TTT×279, AAT×199, AGT×23, TCA×16, AGC×9, ATC×5, TTC×3, GGA×2, AAA×1, ATA×1, CAT×1"
1498,nonsynonymous-only,0,1,16,5968,"A×3, G×3, S×3, I×2, N×2, F×1, H×1, V×1","TTT×1378, GCC×1228, GCA×1204, GCT×1027, TCT×538, GTT×279, AAC×108, GGA×95, TCA×52, AAT×21, GGC×18, GGT×8, AGT×7, CAC×3, ATC×1, ATT×1"
1499,nonsynonymous-only,0,1,16,5969,"L×4, I×2, P×2, S×2, V×2, Y×2, F×1, T×1","TTA×1370, TTG×1307, TAC×1039, CTC×792, ATT×550, TAT×446, CCT×274, CTT×103, ACA×52, GTT×12, ATA×6, GTA×6, CCC×5, TTT×4, AGT×2, AGC×1"
1500,nonsynonymous-only,0,1,13,5969,"A×2, D×2, G×2, V×2, E×1, M×1, N×1, R×1, Y×1","GAT×1896, GAC×1406, GTG×1003, GCA×793, GTA×444, GAG×279, GGA×103, GCG×36, TAT×3, AAC×2, ATG×2, CGT×1, GGT×1"
1501,nonsynonymous-only,0,1,15,5487,"P×3, I×2, L×2, A×1, E×1, F×1, K×1, S×1, T×1, V×1, Y×1","GAA×1308, CCC×1260, TAC×1003, ACA×793, CCA×562, AAA×343, TTT×106, AGC×97, TTA×5, ATA×3, CCT×2, CTT×2, ATT×1, GCC×1, GTG×1"
1502,nonsynonymous-only,0,1,3,13,"I×1, N×1, S×1","ATA×11, AAT×1, TCT×1"
1503,nonsynonymous-only,0,1,2,2,"G×1, I×1","ATC×1, GGT×1"
1504,nonsynonymous-only,0,1,2,2,"A×1, T×1","ACT×1, GCC×1"
1508,nonsynonymous-only,0,1,2,54,"E×1, G×1","GAA×53, GGA×1"
1509,nonsynonymous-only,0,1,2,2,"I×1, S×1","AGT×1, ATT×1"
1510,nonsynonymous-only,0,1,2,2,"G×1, L×1","CTA×1, GGT×1"
1511,nonsynonymous-only,0,1,2,2,"H×1, I×1","ATA×1, CAC×1"
1512,nonsynonymous-only,0,1,3,13,"L×2, F×1","CTC×11, CTA×1, TTT×1"
1513,nonsynonymous-only,0,1,14,4456,"L×3, G×2, N×2, S×2, C×1, D×1, E×1, K×1, V×1","GAC×1203, TGC×920, TCC×792, AAT×727, GGC×563, GGG×119, CTC×102, AAC×11, AAA×8, TTA×5, GAA×3, AGC×1, CTA×1, GTC×1"
1514,nonsynonymous-only,0,1,13,6196,"D×2, K×2, N×2, R×2, S×2, C×1, I×1, Q×1","AAC×2173, GAT×1504, CGA×1202, AGC×960, AAA×218, GAC×95, AAT×28, AAG×6, ATC×4, CAA×3, AGA×1, AGT×1, TGT×1"
1515,nonsynonymous-only,0,1,9,4467,"N×2, Q×2, A×1, G×1, L×1, R×1, S×1","AGA×2033, AGT×910, CAA×721, AAT×682, AAC×95, GGT×10, GCG×8, CAG×6, TTA×2"
1516,nonsynonymous-only,0,1,18,5481,"G×3, S×3, I×2, R×2, T×2, C×1, F×1, K×1, N×1, P×1, V×1","AAA×1205, CCC×918, AAT×829, TGC×690, AGA×684, GTA×544, GGG×269, ATT×197, CGC×102, GGA×11, GGT×10, AGC×7, ACA×5, TCA×3, TCC×3, ACC×2, ATA×1, TTT×1"
1517,nonsynonymous-only,0,1,16,4934,"A×2, K×2, S×2, C×1, E×1, F×1, G×1, I×1, L×1, N×1, R×1, T×1, Y×1","AGT×2000, ATT×921, GGA×730, CTC×682, AAG×262, AAT×106, AGG×97, GCT×95, AAA×26, ACA×5, AGC×3, TGT×3, GAA×1, GCG×1, TAT×1, TTT×1"
1518,nonsynonymous-only,0,1,14,5483,"S×3, A×2, Y×2, D×1, F×1, G×1, I×1, N×1, T×1, V×1","GTT×1206, AGT×921, AAT×786, ATT×730, GCT×690, ACT×647, GAT×281, TAC×103, TCT×102, TAT×8, GGT×5, GCG×2, AGC×1, TTT×1"
1519,nonsynonymous-only,0,1,15,5945,"L×3, T×3, S×2, A×1, E×1, F×1, P×1, R×1, V×1, Y×1","ACA×1993, CTA×1706, CCA×1261, AGA×727, GAA×97, GTT×95, TAT×16, TCA×14, ACG×13, TCT×8, TTA×5, CTT×4, TTT×3, ACT×2, GCA×1"
1520,nonsynonymous-only,0,1,14,5937,"R×3, L×2, N×2, S×2, A×1, E×1, K×1, Q×1, T×1","AGA×1302, AGC×1266, CAA×923, GAA×730, CGA×682, AAA×636, AAT×138, AAC×132, AGG×102, GCA×11, CTA×8, ACA×5, TCA×1, TTA×1"
1525,nonsynonymous-only,0,1,4,838,"I×1, N×1, S×1, T×1","AGT×727, ACA×102, ATT×8, AAT×1"
1526,nonsynonymous-only,0,1,6,1631,"D×2, A×1, P×1, Q×1, S×1","GAC×792, CAA×727, GCT×102, TCT×8, CCT×1, GAT×1"
1527,nonsynonymous-only,0,1,15,1931,"I×3, R×2, V×2, A×1, C×1, G×1, K×1, N×1, Q×1, S×1, Y×1","GTG×727, GGC×634, GCT×374, AGA×102, ATA×53, AGC×12, ATC×8, ATT×5, TGC×5, AAC×3, GTA×3, AAG×2, AGG×1, CAA×1, TAT×1"
1528,nonsynonymous-only,0,1,15,5207,"V×3, F×2, L×2, S×2, A×1, C×1, I×1, N×1, T×1, Y×1","TTT×1348, GTA×1203, GTT×860, TTA×737, GCT×492, GTG×279, ACT×102, AGT×97, CTG×52, TGC×18, TAT×11, ATT×3, TTC×3, AAT×1, TCG×1"
1529,nonsynonymous-only,0,1,15,5112,"E×2, A×1, C×1, D×1, F×1, G×1, I×1, K×1, L×1, Q×1, R×1, S×1, T×1, Y×1","GAT×1252, CAA×1206, AGA×810, GAA×748, TCA×537, AAA×339, ACA×102, GGA×97, TGT×8, TAT×5, ATT×3, TTT×2, CTA×1, GAG×1, GCA×1"
1530,nonsynonymous-only,0,1,17,5554,"T×4, I×3, A×2, K×2, E×1, G×1, Q×1, R×1, V×1, W×1","AAA×2182, GCA×1978, ATA×542, AGA×453, ACG×205, ACA×59, AAG×52, ACT×19, ATT×18, GTA×16, GAA×9, CAA×5, GCG×5, GGA×5, TGG×3, ATC×2, ACC×1"
1531,nonsynonymous-only,0,1,11,5203,"Y×2, A×1, C×1, F×1, I×1, L×1, M×1, S×1, T×1, V×1","TTT×2006, CTT×1252, TGT×793, GTT×727, ACT×268, ATT×126, TCT×16, TAC×5, TAT×5, ATG×3, GCT×2"
1532,nonsynonymous-only,0,1,17,5648,"S×3, C×2, D×2, I×2, N×2, K×1, M×1, Q×1, T×1, V×1, Y×1","AAC×1254, ACC×1203, TGC×793, GAC×727, GAT×537, ATG×445, AAA×402, AAT×103, ATC×103, TAT×56, AGC×11, GTT×5, CAG×3, TGT×3, AGT×1, ATT×1, TCT×1"
1533,nonsynonymous-only,0,1,19,5542,"R×3, A×2, G×2, H×2, Q×2, E×1, K×1, L×1, M×1, P×1, T×1, W×1, Y×1","CAC×1889, GGA×1248, TGG×727, GAA×539, TAC×446, ACT×224, CAA×110, CAT×104, AGG×97, GCT×55, CCC×52, AGA×28, CAG×8, AAA×7, ATG×2, CTC×2, GCA×2, CGA×1, GGG×1"
1534,nonsynonymous-only,0,1,14,2980,"C×2, L×2, R×2, S×2, E×1, I×1, K×1, P×1, T×1, Y×1","ACA×1354, CTT×783, TGC×445, AAA×240, TAT×51, ATA×39, TGT×36, CGG×18, CCT×7, AGC×2, CTA×2, CGA×1, GAG×1, TCT×1"
1535,nonsynonymous-only,0,1,10,2926,"P×2, R×2, E×1, H×1, K×1, L×1, S×1, T×1","ACG×1252, AAA×827, GAA×445, CCA×278, AGG×102, CAT×18, AGA×1, AGC×1, CCT×1, TTA×1"
1536,nonsynonymous-only,0,1,13,2977,"T×2, Y×2, A×1, D×1, E×1, I×1, L×1, N×1, R×1, S×1, V×1","GAT×1252, TCC×790, GAA×445, GCT×265, GTA×102, CTG×51, ATT×36, TAT×18, ACT×14, AAT×1, ACA×1, CGG×1, TAC×1"
1537,nonsynonymous-only,0,1,5,388,"F×1, P×1, R×1, S×1, V×1","TCA×279, CCA×102, AGA×5, GTA×1, TTT×1"
1538,nonsynonymous-only,0,1,2,2,"V×1, Y×1","GTT×1, TAT×1"
1539,nonsynonymous-only,0,1,2,2,"D×1, F×1","GAC×1, TTT×1"
1540,nonsynonymous-only,0,1,2,2,"L×1, V×1","GTA×1, TTG×1"
1541,nonsynonymous-only,0,1,2,2,"F×1, S×1","TCC×1, TTC×1"
1542,nonsynonymous-only,0,1,2,2,"C×1, S×1","AGT×1, TGT×1"
1543,nonsynonymous-only,0,1,2,2,"Q×1, W×1","CAA×1, TGG×1"
1548,nonsynonymous-only,0,1,8,3192,"K×2, E×1, G×1, L×1, Q×1, V×1, W×1","AAG×1252, CAA×920, GTT×682, AAA×330, GAA×5, GGC×1, TGG×1, TTA×1"
1549,nonsynonymous-only,0,1,12,4476,"G×2, E×1, F×1, I×1, K×1, N×1, P×1, R×1, S×1, T×1, V×1","GGA×1247, TTC×1235, AAT×920, ATT×682, AGA×279, GTT×87, AAA×18, GGC×3, GAA×2, ACC×1, AGC×1, CCT×1"
1550,nonsynonymous-only,0,1,15,7416,"T×4, I×2, K×2, A×1, E×1, G×1, L×1, M×1, R×1, S×1","ACT×1934, ACG×1710, ATA×1224, AAA×1082, ATG×738, AAG×329, ATC×297, CTA×51, AGA×36, ACC×8, ACA×3, AGT×1, GAA×1, GCA×1, GGC×1"
1551,nonsynonymous-only,0,1,16,4883,"K×2, S×2, A×1, E×1, F×1, G×1, I×1, L×1, N×1, Q×1, R×1, T×1, V×1, Y×1","AAA×1466, AGT×1431, GGA×699, CAG×682, AAT×446, GAA×64, GTA×39, AAG×17, TAT×14, ACT×8, GCA×8, ATA×3, CTA×3, AGA×1, AGC×1, TTT×1"
1552,nonsynonymous-only,0,1,18,6212,"L×4, I×2, P×2, R×2, A×1, F×1, G×1, Q×1, S×1, V×1, W×1, Y×1","TTA×2656, CTT×1252, CGA×921, CAG×684, TGG×229, GCA×213, GGA×95, CCA×75, ATA×36, GTT×17, TTG×17, CTG×6, TTT×4, TAT×3, ATT×1, CCG×1, CGG×1, TCA×1"
1553,nonsynonymous-only,0,1,15,7277,"L×3, S×3, F×2, V×2, A×1, C×1, E×1, I×1, K×1","TTT×1474, GTT×1253, CTA×1178, TGT×920, GTA×727, TCC×706, TTA×653, GCA×279, ATA×33, TCT×27, CTT×18, TCA×6, AAA×1, GAA×1, TTC×1"
1554,nonsynonymous-only,0,1,16,4549,"I×3, S×3, L×2, V×2, A×1, F×1, G×1, K×1, Q×1, W×1","TTA×1473, TTT×1205, ATA×728, ATT×680, GGA×274, TCG×97, TTG×57, GTG×18, AAG×5, TCT×4, GTT×3, AGT×1, ATC×1, CAA×1, GCA×1, TGG×1"
1555,nonsynonymous-only,0,1,16,5126,"L×4, S×3, T×2, A×1, C×1, E×1, G×1, P×1, R×1, W×1","TGG×1203, TTA×1031, TTG×887, GAA×727, CCA×672, ACG×228, GGA×226, AGA×58, CTG×51, TCA×23, TGT×8, ACA×6, TCT×3, CTA×1, GCG×1, TCG×1"
1556,synonymous-only,1,0,2,279,S×2,"AGT×278, AGC×1"
1557,nonsynonymous-only,0,1,3,297,"F×1, S×1, T×1","TCA×265, TTT×18, ACA×14"
1558,nonsynonymous-only,0,1,4,302,"A×1, F×1, M×1, V×1","GCC×174, GTC×105, TTT×18, ATG×5"
1559,nonsynonymous-only,0,1,17,5933,"L×4, R×3, F×2, P×2, T×2, K×1, Q×1, S×1, Y×1","TTA×2467, CGA×1000, CGG×920, CTA×682, CAA×445, ACA×218, TTT×95, TTC×51, CCA×18, ACG×10, CGT×8, TTG×8, TCA×5, CCT×3, AAA×1, CTG×1, TAT×1"
1560,nonsynonymous-only,0,1,14,7064,"S×4, L×3, F×2, H×1, N×1, P×1, T×1, V×1","CTC×1932, CCC×1446, CTT×994, TCG×915, TTA×898, TCA×673, CAC×104, TTC×64, GTC×21, TTT×9, ACG×5, AAT×1, TCC×1, TCT×1"
1561,nonsynonymous-only,0,1,16,7059,"A×2, I×2, L×2, T×2, C×1, E×1, F×1, K×1, M×1, N×1, R×1, S×1","ATC×3140, GCC×1002, TTA×910, GCA×790, GAA×445, AAC×272, ATA×234, TTC×227, ACC×12, CTA×10, AAA×7, AGA×5, ATG×2, ACG×1, TCC×1, TGC×1"
1562,nonsynonymous-only,0,1,17,7074,"I×3, D×2, H×2, N×2, V×2, C×1, E×1, M×1, Q×1, S×1, T×1","GAC×2178, GAA×1532, TGC×920, CAA×790, GAT×644, AAT×448, CAT×217, ATA×116, GTC×106, ATG×51, AAC×28, ATT×22, CAC×11, ATC×8, ACT×1, AGT×1, GTT×1"
1563,nonsynonymous-only,0,1,19,5785,"R×3, F×2, I×2, L×2, S×2, C×1, K×1, N×1, Q×1, T×1, V×1, W×1, Y×1","TGG×1291, CTA×1203, CGG×899, TCT×790, TAT×632, ATT×445, CGT×227, TTG×113, AAT×95, CGC×52, GTA×9, TGT×9, ACG×8, TTC×5, AAA×3, ATA×1, CAG×1, TCC×1, TTT×1"
1564,nonsynonymous-only,0,1,4,1291,"I×1, K×1, M×1, T×1","AAA×1003, ACC×235, ATC×52, ATG×1"
1565,nonsynonymous-only,0,1,3,1282,"N×1, R×1, S×1","AGC×992, AGA×279, AAC×11"
1566,nonsynonymous-only,0,1,2,1282,"K×1, R×1","AGA×1003, AAA×279"
1568,nonsynonymous-only,0,1,3,1004,"S×1, T×1, Y×1","TCA×1002, ACA×1, TAC×1"
1572,nonsynonymous-only,0,1,2,279,"D×1, S×1","AGC×278, GAC×1"
1575,nonsynonymous-only,0,1,3,280,"D×1, F×1, N×1","AAC×266, GAC×13, TTC×1"
1576,nonsynonymous-only,0,1,18,7803,"D×2, I×2, K×2, N×2, Q×2, T×2, E×1, H×1, R×1, S×1, V×1, Y×1","AAC×1988, AAT×1328, AGA×1252, AAG×920, AAA×853, CAG×536, AGC×445, GTA×266, CAC×97, CAA×69, GAA×22, ATA×13, GAT×9, ACC×1, ACT×1, ATC×1, GAC×1, TAC×1"
1577,nonsynonymous-only,0,1,6,2781,"C×2, D×1, E×1, R×1, Y×1","TGC×2254, TAC×279, GAA×228, TGT×18, CGC×1, GAT×1"
1578,nonsynonymous-only,0,1,2,279,"K×1, Y×1","AAA×228, TAT×51"
1579,nonsynonymous-only,0,1,4,381,"T×2, A×1, F×1","ACA×217, ACG×102, TTC×51, GCA×11"
1580,nonsynonymous-only,0,1,17,6731,"C×2, H×2, R×2, S×2, A×1, E×1, F×1, G×1, L×1, N×1, P×1, Q×1, Y×1","CAT×1339, TTT×1247, CCT×1019, CGC×1001, AAT×779, AGT×519, TGT×269, TGC×228, TCT×185, TAT×108, GGA×18, GCT×10, CTT×5, CAA×1, CAC×1, CGA×1, GAG×1"
1581,nonsynonymous-only,0,1,19,4412,"S×3, T×3, A×2, E×1, F×1, G×1, H×1, I×1, K×1, N×1, P×1, R×1, V×1, Y×1","ACG×1261, GCG×1194, TCA×1174, GGA×279, ACT×217, GAA×108, AAT×97, AAA×17, ACA×11, GCT×11, TCC×11, AGA×10, CAT×8, CCA×6, TTT×3, TAT×2, ATC×1, GTA×1, TCG×1"
1582,nonsynonymous-only,0,1,17,6785,"I×3, K×2, L×2, N×2, T×2, D×1, E×1, F×1, M×1, R×1, S×1","ATT×2257, ATA×1258, AAA×1066, GAT×790, ATC×536, GAA×445, AGT×279, AAG×96, AAT×20, CTT×9, TTT×9, AGG×8, TTA×5, ACA×4, AAC×1, ACG×1, ATG×1"
1583,nonsynonymous-only,0,1,21,6829,"L×5, C×2, F×2, R×2, Y×2, E×1, G×1, H×1, N×1, Q×1, S×1, V×1, W×1","TGG×2321, TGT×1737, TAC×1004, TTA×725, TTG×455, TTT×229, CAT×102, TTC×97, GTT×95, CTG×18, TGC×12, GGA×11, CTT×8, CGC×3, CGG×3, CTC×3, TAT×2, AAC×1, CAG×1, GAA×1, TCT×1"
1584,nonsynonymous-only,0,1,15,5879,"R×3, G×2, I×2, A×1, F×1, K×1, M×1, Q×1, S×1, W×1, Y×1","AGA×2169, CAA×1252, AAA×1004, TGG×790, AGC×445, TTC×106, GGA×89, CGG×9, GCT×8, AGG×2, ATA×1, ATG×1, ATT×1, GGG×1, TAT×1"
1585,nonsynonymous-only,0,1,5,1291,"F×1, H×1, I×1, R×1, T×1","CAT×997, TTC×279, ATT×8, CGT×6, ACC×1"
1586,nonsynonymous-only,0,1,3,288,"S×1, T×1, V×1","AGT×279, ACA×8, GTT×1"
1587,nonsynonymous-only,0,1,2,9,"L×1, V×1","TTA×8, GTA×1"
1588,nonsynonymous-only,0,1,2,9,"L×1, R×1","CTT×8, CGG×1"
1590,nonsynonymous-only,0,1,3,736,"F×2, S×1","TTT×727, TCC×8, TTC×1"
1591,nonsynonymous-only,0,1,3,736,"A×1, I×1, P×1","CCC×727, ATC×8, GCC×1"
1593,synonymous-only,1,0,2,9,G×2,"GGT×8, GGC×1"
1595,nonsynonymous-only,0,1,19,8446,"I×3, V×3, G×2, K×2, T×2, E×1, F×1, M×1, N×1, Q×1, R×1, S×1","AAA×2587, GTT×1531, ATT×1455, GAA×923, ATA×793, CAA×681, ATG×217, AGA×104, TCA×97, AAG×13, ACG×11, GTG×9, AAT×6, ATC×6, GGG×5, TTT×5, ACA×1, GGA×1, GTA×1"
1596,nonsynonymous-only,0,1,14,6734,"L×3, S×3, F×2, I×2, V×2, R×1, W×1","TTG×1930, TTA×1908, TTC×1307, TCC×807, TCG×445, TTT×219, ATA×95, CTT×8, TCT×5, ATT×3, GTC×3, TGG×2, AGA×1, GTT×1"
1597,nonsynonymous-only,0,1,14,8147,"L×4, F×2, S×2, A×1, C×1, K×1, M×1, Q×1, Y×1","TTG×3281, TTA×1180, TGC×1094, TCA×937, CTG×790, TAC×591, TTT×117, ATG×97, AAA×51, TTC×4, TCG×2, CAA×1, CTA×1, GCA×1"
1598,nonsynonymous-only,0,1,18,8393,"L×3, S×3, F×2, I×2, P×2, V×2, C×1, H×1, N×1, Y×1","AAT×2175, TTT×1482, TCT×1457, ATT×1206, CCC×790, CAT×671, CTG×279, TAT×110, TCC×97, TGT×83, TTA×25, TTC×9, ATA×3, CCG×2, CTA×1, GTC×1, GTG×1, TCA×1"
1599,nonsynonymous-only,0,1,17,5078,"F×2, L×2, S×2, V×2, Y×2, A×1, C×1, D×1, E×1, K×1, R×1, W×1","GAA×1517, TAC×1261, TAT×682, TGT×538, GAT×445, AAA×287, TTC×228, TTG×96, TGG×11, TTT×4, TCT×3, AGA×1, GCA×1, GTC×1, GTT×1, TCA×1, TTA×1"
1600,nonsynonymous-only,0,1,14,7753,"I×2, T×2, C×1, E×1, F×1, K×1, M×1, N×1, P×1, S×1, V×1, W×1","AAA×1271, ATG×1205, ATC×1199, CCA×1003, TGG×790, ACC×727, GTC×682, ATT×673, AAC×97, TGT×95, ACA×8, GAG×1, TCT×1, TTC×1"
1601,nonsynonymous-only,0,1,5,1653,"K×2, M×1, P×1, T×1","AAG×1252, ACG×280, CCA×95, ATG×18, AAA×8"
1602,nonsynonymous-only,0,1,4,401,"D×2, K×1, M×1","GAC×297, ATG×95, GAT×8, AAG×1"
1603,nonsynonymous-only,0,1,4,401,"A×1, E×1, S×1, T×1","TCA×279, GCA×113, GAA×8, ACG×1"
1604,nonsynonymous-only,0,1,4,383,"L×2, F×1, I×1","CTA×279, ATT×95, CTT×8, TTT×1"
1605,nonsynonymous-only,0,1,4,31,"K×1, L×1, Q×1, R×1","CAG×11, AAG×8, CGT×8, CTT×4"
1606,nonsynonymous-only,0,1,7,405,"L×2, Y×2, H×1, N×1, R×1","AAC×279, CTC×95, CAT×11, TAC×8, TAT×8, CTT×3, CGC×1"
1607,nonsynonymous-only,0,1,5,386,"H×2, K×1, N×1, S×1","AAC×279, CAT×95, CAC×8, AGT×3, AAA×1"
1610,nonsynonymous-only,0,1,4,107,"F×2, I×1, V×1","TTT×95, ATT×8, TTC×3, GTT×1"
1611,nonsynonymous-only,0,1,4,107,"R×2, F×1, S×1","AGG×95, TTC×8, CGT×3, AGC×1"
1612,nonsynonymous-only,0,1,9,404,"R×2, T×2, V×2, C×1, G×1, S×1","ACT×278, GGC×85, GTT×18, GTC×9, CGT×8, TGC×3, ACG×1, AGC×1, CGA×1"
1613,nonsynonymous-only,0,1,6,2007,"L×2, C×1, I×1, V×1, Y×1","ATA×921, TAT×683, TTG×279, GTC×95, TTA×21, TGT×8"
1614,nonsynonymous-only,0,1,12,1886,"N×2, D×1, E×1, G×1, I×1, K×1, L×1, M×1, R×1, V×1, Y×1","AAT×1163, GAA×536, AGA×95, AAC×41, GAT×20, ATC×11, GGA×8, AAA×5, GTC×3, ATG×2, TAT×1, TTA×1"
1615,nonsynonymous-only,0,1,10,1982,"G×3, A×1, D×1, E×1, F×1, K×1, P×1, S×1","GGA×1030, GGG×434, CCA×279, GGT×119, GAA×95, AAA×11, GCT×8, TTT×3, AGC×2, GAT×1"
1616,nonsynonymous-only,0,1,15,3232,"R×4, G×2, K×2, A×1, E×1, F×1, L×1, N×1, Q×1, Y×1","AAA×1789, AGG×920, GAA×281, AGA×96, TTT×95, CAG×18, TTA×11, GCA×8, AAT×5, GGA×3, CGA×2, AAG×1, CGC×1, GGG×1, TAT×1"
1617,nonsynonymous-only,0,1,12,2315,"I×3, V×3, L×2, M×1, R×1, S×1, W×1","ATT×1270, ATA×540, ATC×268, GTT×114, AGA×95, TTG×11, ATG×8, GTC×4, TGG×2, GTG×1, TCG×1, TTA×1"
1618,nonsynonymous-only,0,1,12,2313,"V×3, I×2, T×2, E×1, F×1, H×1, K×1, S×1","GTT×1252, GTA×536, ATT×279, AAA×112, GTC×96, CAT×18, TTC×9, GAA×6, AGT×2, ACA×1, ACT×1, ATA×1"
1619,nonsynonymous-only,0,1,11,2316,"E×2, G×2, C×1, D×1, K×1, Q×1, R×1, S×1, T×1","CAA×1252, GAA×557, GAG×280, GGT×107, AGA×95, GAT×8, AAA×6, AGT×6, ACG×3, GGA×1, TGT×1"
1620,nonsynonymous-only,0,1,15,2318,"Q×2, S×2, V×2, Y×2, D×1, E×1, F×1, G×1, I×1, N×1, R×1","GAT×1257, CGT×537, GTA×275, AGT×99, TCA×96, ATT×23, AAT×11, CAG×8, GTG×4, TAT×3, CAA×1, GAA×1, GGG×1, TAC×1, TTC×1"
1621,nonsynonymous-only,0,1,14,2318,"R×4, G×3, L×3, D×1, I×1, M×1, P×1","TTA×1255, GGA×635, CCT×276, GAT×95, CGA×18, ATG×11, CTC×8, GGT×5, AGA×4, ATA×3, CGT×3, AGG×2, GGC×2, CTT×1"
1622,nonsynonymous-only,0,1,11,2309,"I×2, K×2, N×2, D×1, E×1, H×1, Q×1, S×1","AAC×1253, AAT×634, ATT×279, AAG×96, GAA×11, GAT×11, AAA×9, CAA×8, ATA×3, CAC×3, TCT×2"
1623,nonsynonymous-only,0,1,10,2317,"H×2, Q×2, Y×2, A×1, D×1, L×1, N×1","GCT×1252, CAT×643, TAT×282, TAC×95, CAA×18, CTT×14, GAT×8, CAC×3, AAC×1, CAG×1"
1624,nonsynonymous-only,0,1,13,2317,"I×2, P×2, A×1, E×1, F×1, G×1, H×1, K×1, N×1, R×1, S×1","GCT×1252, AAT×633, CCT×279, GGA×95, TTT×18, AAA×14, CCA×11, AGA×4, CAT×4, ATA×3, ATT×2, GAA×1, TCT×1"
1625,nonsynonymous-only,0,1,7,1773,"E×2, G×2, D×1, L×1, R×1","GAA×1359, GGA×279, GAG×101, GGT×18, CTA×11, AGA×3, GAT×2"
1626,nonsynonymous-only,0,1,11,1778,"L×4, E×1, F×1, K×1, N×1, Q×1, R×1, S×1","AAA×1253, CAA×279, CTA×97, AAT×95, CGA×18, TTA×13, GAA×8, CTT×5, TTT×5, TCT×3, CTG×2"
1627,nonsynonymous-only,0,1,5,1377,"T×2, A×1, I×1, V×1","GCA×1252, ATT×105, ACA×18, ACC×1, GTT×1"
1628,nonsynonymous-only,0,1,6,1376,"D×1, E×1, K×1, L×1, Q×1, S×1","CAA×1252, GAT×96, AAA×18, TTG×8, AGC×1, GAA×1"
1629,nonsynonymous-only,0,1,4,1376,"A×1, L×1, Q×1, T×1","TTA×1270, ACA×96, GCA×9, CAA×1"
1630,nonsynonymous-only,0,1,3,1252,"T×2, K×1","ACG×1217, ACA×31, AAG×4"
1631,nonsynonymous-only,0,1,3,1270,"F×2, L×1","CTA×1252, TTT×14, TTC×4"
1632,nonsynonymous-only,0,1,2,1270,"L×1, Q×1","CAA×1252, TTA×18"
1633,nonsynonymous-only,0,1,2,1271,"D×1, E×1","GAT×1253, GAA×18"
1634,nonsynonymous-only,0,1,4,1271,"L×2, S×2","TTG×1231, TTA×21, TCA×18, TCT×1"
1635,nonsynonymous-only,0,1,3,1271,"L×1, M×1, P×1","TTG×1252, CCG×18, ATG×1"
1636,nonsynonymous-only,0,1,5,1646,"L×3, P×1, R×1","CTG×1252, TTG×279, CCA×96, TTA×18, CGG×1"
1637,nonsynonymous-only,0,1,5,1647,"F×1, K×1, L×1, N×1, S×1","TTC×1252, AAA×280, CTT×96, TCT×18, AAC×1"
1638,nonsynonymous-only,0,1,7,2577,"D×1, F×1, G×1, L×1, N×1, V×1, Y×1","TTT×1253, GAC×917, TTG×279, TAT×106, GTT×18, GGC×3, AAT×1"
1639,nonsynonymous-only,0,1,18,5808,"A×3, R×3, E×2, G×2, L×2, I×1, K×1, N×1, Q×1, S×1, W×1","GAA×1349, AAA×1204, AGA×1008, GCG×766, GGA×732, TCT×445, CGA×104, GGG×102, TTG×26, GCC×23, GAG×18, AGG×11, CAG×11, ATA×4, TTA×2, AAT×1, GCT×1, TGG×1"
1640,nonsynonymous-only,0,1,10,6547,"E×2, K×2, R×2, G×1, N×1, Q×1, W×1","AGA×1370, GAA×1367, AAG×1233, GAG×1006, AAA×910, TGG×535, AGG×113, CAA×9, AAT×3, GGA×1"
1641,nonsynonymous-only,0,1,18,3370,"I×3, L×3, F×2, K×2, V×2, D×1, G×1, M×1, N×1, P×1, T×1","TTA×823, AAA×790, CTA×536, AAG×445, GTG×279, GGG×228, TTT×116, ATT×95, GTT×18, ATA×10, GAT×8, ATC×7, CCT×4, ATG×3, CTT×3, TTC×3, AAC×1, ACA×1"
1642,nonsynonymous-only,0,1,16,3999,"I×3, A×2, D×2, N×2, K×1, L×1, Q×1, R×1, S×1, T×1, Y×1","AGT×1596, GAT×790, ATA×729, AAC×539, ATC×102, AAA×96, GCG×96, GCT×18, AAT×12, CAA×11, ACA×5, AGG×1, ATT×1, GAC×1, TAT×1, TTG×1"
1643,nonsynonymous-only,0,1,15,3769,"A×2, G×2, I×2, D×1, F×1, H×1, K×1, M×1, S×1, T×1, V×1, Y×1","ATG×1022, GCG×788, GAT×727, ATC×536, GGG×445, AAA×96, TAC×95, GCT×16, TTT×15, ATT×12, CAT×5, GTT×5, TCT×4, ACG×2, GGT×1"
1644,nonsynonymous-only,0,1,10,2380,"E×2, K×2, A×1, I×1, M×1, S×1, T×1, V×1","GAA×823, GCA×790, GAG×535, ATC×104, AAA×102, ACA×18, AGC×4, GTC×2, AAG×1, ATG×1"
1645,nonsynonymous-only,0,1,11,2290,"L×2, V×2, A×1, F×1, I×1, K×1, N×1, Q×1, Y×1","GTT×790, AAT×736, GTA×445, ATT×102, CAA×96, AAA×95, GCA×18, TTT×4, TAT×2, CTG×1, TTA×1"
1646,synonymous-only,1,0,2,26,G×2,"GGT×18, GGA×8"
1647,nonsynonymous-only,0,1,2,26,"M×1, V×1","GTG×18, ATG×8"
1650,synonymous-only,1,0,2,18,A×2,"GCA×16, GCG×2"
1651,nonsynonymous-only,0,1,2,26,"C×1, H×1","CAC×18, TGC×8"
1652,synonymous-only,1,0,2,26,L×2,"TTG×25, TTA×1"
1654,nonsynonymous-only,0,1,2,26,"Q×1, R×1","CAA×18, CGG×8"
1659,nonsynonymous-only,0,1,2,26,"E×1, K×1","GAA×18, AAG×8"
1660,nonsynonymous-only,0,1,2,26,"A×1, K×1","GCG×18, AAA×8"
1661,nonsynonymous-only,0,1,2,26,"K×1, T×1","ACA×18, AAG×8"
1662,nonsynonymous-only,0,1,2,26,"L×1, S×1","TTA×18, TCA×8"
1664,nonsynonymous-only,0,1,2,26,"E×1, N×1","AAC×18, GAA×8"
1668,nonsynonymous-only,0,1,9,773,"C×2, Y×2, D×1, F×1, G×1, L×1, W×1","TAT×545, TAC×107, GAT×95, GGC×18, TGC×3, TTA×2, TGG×1, TGT×1, TTT×1"
1669,nonsynonymous-only,0,1,9,776,"I×2, K×2, N×2, G×1, T×1, Y×1","AAA×562, AAG×107, ATC×95, AAC×4, TAC×3, ATA×2, AAT×1, ACG×1, GGA×1"
1670,nonsynonymous-only,0,1,10,777,"N×2, S×2, H×1, I×1, Q×1, R×1, T×1, V×1","CAA×536, CAT×105, ATC×95, GTG×18, AAT×9, AGC×5, AAC×3, AGA×3, AGT×2, ACC×1"
1671,nonsynonymous-only,0,1,8,777,"L×3, A×1, F×1, I×1, S×1, W×1","TTG×557, TCG×102, CTA×95, TTT×9, GCA×8, TTA×4, ATT×1, TGG×1"
1672,nonsynonymous-only,0,1,9,776,"L×3, F×2, I×2, V×2","GTC×536, TTG×102, TTA×99, TTT×19, GTA×8, ATT×5, ATA×3, TTC×3, CTA×1"
1675,nonsynonymous-only,0,1,3,29,"D×1, K×1, S×1","AAA×18, GAC×8, TCA×3"
1676,nonsynonymous-only,0,1,6,33,"A×2, S×2, E×1, I×1","GCG×14, GCA×12, ATA×3, TCT×2, GAG×1, TCG×1"
1677,nonsynonymous-only,0,1,6,664,"A×2, L×1, P×1, R×1, T×1","CTA×539, CGA×95, ACA×26, GCT×2, CCG×1, GCG×1"
1678,nonsynonymous-only,0,1,4,664,"I×2, A×1, V×1","ATT×540, GTT×95, GCC×18, ATC×11"
1679,nonsynonymous-only,0,1,7,128,"D×2, G×1, I×1, N×1, S×1, V×1","ATT×95, AAC×18, GAC×8, AGT×3, GTT×2, GAT×1, GGT×1"
1680,nonsynonymous-only,0,1,2,21,"G×1, V×1","GGC×18, GTA×3"
1685,nonsynonymous-only,0,1,3,30,"F×1, I×1, L×1","TTC×26, TTA×3, ATA×1"
1686,nonsynonymous-only,0,1,3,22,"F×1, Q×1, Y×1","CAA×18, TTT×3, TAT×1"
1687,nonsynonymous-only,0,1,3,22,"C×1, L×1, R×1","TGT×18, CTT×3, CGC×1"
1688,nonsynonymous-only,0,1,3,22,"L×2, R×1","TTA×18, AGA×3, CTA×1"
1689,nonsynonymous-only,0,1,3,22,"I×2, V×1","ATC×18, ATT×3, GTT×1"
1694,synonymous-only,1,0,2,18,H×2,"CAT×16, CAC×2"
1696,nonsynonymous-only,0,1,3,29,"K×1, L×1, V×1","AAG×18, CTG×8, GTT×3"
1697,nonsynonymous-only,0,1,6,917,"L×3, A×1, K×1, V×1","TTA×784, GTG×96, AAA×18, CTG×11, TTG×7, GCT×1"
1698,nonsynonymous-only,0,1,10,2024,"L×3, A×1, D×1, F×1, K×1, R×1, V×1, Y×1","AAG×1003, CGT×790, TTG×103, GAT×96, TTT×18, TAT×8, CTA×3, GCT×1, GTT×1, TTA×1"
1699,nonsynonymous-only,0,1,12,3205,"E×2, A×1, F×1, I×1, K×1, N×1, Q×1, R×1, S×1, T×1, V×1","GAA×1003, GCA×790, AAA×735, AGA×632, TCA×19, AAT×8, GTG×8, ACA×3, ATA×3, GAG×2, CAA×1, TTT×1"
1700,nonsynonymous-only,0,1,8,4725,"E×2, K×2, G×1, M×1, R×1, S×1","GAA×2283, AAG×1001, AAA×762, ATG×537, GAG×134, AGA×6, AGT×1, GGA×1"
1701,nonsynonymous-only,0,1,10,1382,"L×3, Q×2, E×1, G×1, R×1, S×1, Y×1","TTA×727, CAA×537, CTG×96, GGA×8, GAA×5, CAG×3, CGA×3, CTA×1, TAT×1, TCA×1"
1702,nonsynonymous-only,0,1,8,580,"K×2, N×2, E×1, F×1, M×1, R×1","ATG×536, AAG×18, AAA×8, GAG×8, AAC×5, AAT×3, AGG×1, TTT×1"
1703,nonsynonymous-only,0,1,9,557,"A×2, K×2, F×1, G×1, I×1, Q×1, R×1","ATT×536, CAA×8, GCC×4, AAG×3, GGG×2, AAA×1, CGG×1, GCT×1, TTT×1"
1704,nonsynonymous-only,0,1,6,573,"G×2, A×1, I×1, T×1, V×1","GGA×536, GTG×21, GCC×8, ACT×5, ATT×2, GGT×1"
1705,nonsynonymous-only,0,1,5,574,"G×2, I×2, R×1","GGC×554, AGA×8, GGT×6, ATT×5, ATC×1"
1706,nonsynonymous-only,0,1,8,567,"L×3, A×1, K×1, M×1, R×1, W×1","TTG×536, AAG×18, TGG×5, CTA×3, TTA×2, AGA×1, ATG×1, GCA×1"
1707,nonsynonymous-only,0,1,6,565,"E×1, K×1, M×1, R×1, T×1, V×1","ACA×536, ATG×21, AAA×5, AGA×1, GAA×1, GTA×1"
1708,nonsynonymous-only,0,1,3,564,"I×1, M×1, S×1","ATG×536, AGT×18, ATT×10"
1709,nonsynonymous-only,0,1,4,546,"E×1, H×1, K×1, Y×1","AAA×537, GAA×5, CAT×3, TAT×1"
1710,nonsynonymous-only,0,1,3,540,"L×1, N×1, S×1","AGT×434, AAT×102, TTA×4"
1711,nonsynonymous-only,0,1,3,541,"F×1, L×1, N×1","TTT×536, AAT×3, TTG×2"
