codon_index,category,syn_changes,nonsyn_changes,n_variants,n_sequences,aa_states,codon_counts
3,nonsynonymous-only,0,1,2,2745,"K×1, M×1","AAA×1650, ATG×1095"
4,nonsynonymous-only,0,1,5,8499,"T×2, I×1, K×1, M×1","ATG×6410, AAG×1095, ACG×980, ACA×10, ATA×4"
5,nonsynonymous-only,0,1,5,8499,"R×3, K×1, Q×1","AGA×2292, CGC×1982, CAA×1649, AAA×1481, CGG×1095"
6,nonsynonymous-only,0,1,4,8499,"I×1, K×1, L×1, S×1","ATT×5033, TTG×1982, TCT×1480, AAG×4"
7,nonsynonymous-only,0,1,6,8495,"E×2, D×1, K×1, R×1, V×1","GAT×2288, GAG×1981, GTT×1650, CGG×1480, GAA×1095, AAG×1"
8,nonsynonymous-only,0,1,5,5369,"K×2, T×2, N×1","AAT×2288, ACC×1953, AAA×1095, ACT×29, AAG×4"
9,nonsynonymous-only,0,1,4,5369,"I×2, V×1, Y×1","ATT×2291, TAC×1982, ATC×1095, GTT×1"
10,nonsynonymous-only,0,1,4,7019,"H×1, I×1, Q×1, Y×1","CAT×2288, CAA×1982, ATT×1654, TAT×1095"
11,nonsynonymous-only,0,1,3,7015,"H×1, Q×1, Y×1","CAA×3386, CAC×1979, TAC×1650"
12,nonsynonymous-only,0,1,6,7019,"A×2, E×1, L×1, S×1, Y×1","GCG×2287, TTA×1982, GCA×1650, TAT×1095, AGT×4, GAA×1"
13,nonsynonymous-only,0,1,5,7019,"I×2, L×2, V×1","GTT×3071, TTA×2267, ATC×1650, CTA×21, ATT×10"
15,nonsynonymous-only,0,1,4,5037,"Q×2, E×1, K×1","CAG×3815, GAG×1095, AAG×123, CAA×4"
18,nonsynonymous-only,0,1,2,2575,"E×1, K×1","GAA×1480, AAG×1095"
19,nonsynonymous-only,0,1,2,2575,"E×1, N×1","GAA×1480, AAT×1095"
20,nonsynonymous-only,0,1,3,6513,"F×1, I×1, L×1","TTT×3938, ATC×1480, TTA×1095"
21,nonsynonymous-only,0,1,6,6513,"T×2, F×1, H×1, L×1, S×1","CAC×2288, TTT×1649, TTA×1480, ACG×1072, ACA×23, TCT×1"
22,nonsynonymous-only,0,1,8,6513,"V×2, A×1, E×1, I×1, P×1, R×1, S×1","GTA×2251, GAA×1667, GCG×1471, CCA×1092, GTG×15, ATA×14, CGA×2, TCA×1"
23,nonsynonymous-only,0,1,4,6517,"L×1, M×1, P×1, Q×1","CAA×2292, CCA×1650, TTA×1480, ATG×1095"
24,nonsynonymous-only,0,1,6,6517,"N×2, L×1, S×1, T×1, Y×1","AAT×2288, TCT×1650, CTT×1480, ACC×1094, TAT×4, AAC×1"
25,nonsynonymous-only,0,1,4,6517,"K×1, L×1, P×1, Q×1","TTA×2745, CCA×2288, CAA×1480, AAA×4"
26,nonsynonymous-only,0,1,5,6517,"V×2, K×1, S×1, T×1","AGT×2288, GTC×1649, AAA×1484, ACA×1095, GTT×1"
27,nonsynonymous-only,0,1,5,6517,"S×2, H×1, N×1, R×1","AGT×2748, AGC×2279, AAT×1480, AGA×6, CAT×4"
28,nonsynonymous-only,0,1,4,6517,"D×1, E×1, K×1, Q×1","GAA×3134, AAA×2286, GAT×1095, CAA×2"
29,nonsynonymous-only,0,1,8,4867,"A×2, T×2, V×2, E×1, R×1","GAA×1682, ACT×1471, GCG×1090, GCA×593, GTA×13, ACA×9, GTG×5, AGA×4"
32,nonsynonymous-only,0,1,4,6849,"F×1, I×1, L×1, S×1","CTT×3768, ATT×1982, AGT×1095, TTC×4"
33,nonsynonymous-only,0,1,6,8503,"F×1, H×1, L×1, N×1, S×1, V×1","GTT×2292, TTA×1982, TTC×1650, AAC×1480, CAC×1095, TCT×4"
34,nonsynonymous-only,0,1,8,8499,"A×2, T×2, D×1, E×1, G×1, N×1","GCC×2195, GAA×1982, ACA×1650, GGC×1476, GAC×1095, ACC×96, AAC×4, GCT×1"
35,nonsynonymous-only,0,1,8,8499,"T×3, R×2, A×1, C×1, I×1","CGC×2277, ACC×1970, GCA×1650, AGG×1480, ACA×1095, TGC×15, ACT×11, ATC×1"
36,nonsynonymous-only,0,1,5,8499,"G×1, I×1, N×1, R×1, S×1","AGC×5068, AAC×2293, AGA×1095, GGC×40, ATC×3"
37,nonsynonymous-only,0,1,5,8499,"G×2, N×2, S×1","AAT×2762, GGC×2292, AAC×1962, GGT×1480, AGC×3"
38,nonsynonymous-only,0,1,10,8503,"S×3, F×2, I×2, N×1, T×1, V×1","TTC×3336, ACC×1969, ATT×1650, AGC×1480, GTC×41, AAC×9, TTT×9, ATC×4, TCT×4, TCC×1"
39,nonsynonymous-only,0,1,7,8503,"A×2, P×2, Q×1, R×1, T×1","GCA×3941, AGA×2575, CCG×1978, GCT×4, CCA×3, ACA×1, CAG×1"
40,nonsynonymous-only,0,1,2,4278,"I×1, M×1","ATT×2296, ATG×1982"
41,synonymous-only,1,0,2,1982,S×2,"AGC×1980, AGT×2"
42,synonymous-only,1,0,2,1982,T×2,"ACA×1961, ACG×21"
44,synonymous-only,1,0,2,1982,E×2,"GAA×1979, GAG×3"
46,nonsynonymous-only,0,1,3,4274,"A×2, K×1","AAG×2292, GCC×1981, GCA×1"
47,nonsynonymous-only,0,1,3,6849,"L×1, S×1, T×1","TTA×2575, TCA×2292, ACA×1982"
48,nonsynonymous-only,0,1,7,8503,"G×2, K×2, D×1, M×1, N×1","GAC×2929, AAA×1982, ATG×1480, AAC×1095, GGC×1012, AAG×4, GGA×1"
49,nonsynonymous-only,0,1,5,8503,"I×2, F×1, L×1, S×1","ATT×6199, CTC×2185, TTC×107, ATC×8, TCT×4"
50,nonsynonymous-only,0,1,7,8503,"D×2, Q×2, F×1, L×1, W×1","TGG×2284, CAA×1982, TTC×1650, GAT×1470, CAG×1095, TTG×12, GAC×10"
51,nonsynonymous-only,0,1,5,5928,"L×2, F×1, I×1, Y×1","CTA×2048, TTA×2035, TAT×1650, ATA×191, TTT×4"
52,nonsynonymous-only,0,1,4,3946,"Y×2, E×1, Q×1","TAC×2285, CAA×1650, TAT×7, GAA×4"
53,nonsynonymous-only,0,1,3,5928,"P×1, S×1, T×1","CCG×4274, ACG×1650, TCG×4"
54,nonsynonymous-only,0,1,7,8493,"D×1, E×1, F×1, K×1, L×1, N×1, Q×1","AAC×2292, CTC×1980, AAA×1650, CAG×1470, GAC×1095, GAG×4, TTC×2"
55,nonsynonymous-only,0,1,8,7024,"R×2, C×1, E×1, G×1, Q×1, S×1, Y×1","CGC×2284, GGT×1982, TAC×1654, CAA×1095, AGC×3, CGT×3, TGC×2, GAA×1"
56,nonsynonymous-only,0,1,6,8503,"C×2, D×1, N×1, S×1, Y×1","TGC×2571, TGT×2292, AAC×1982, AGC×1650, GAC×4, TAC×4"
58,nonsynonymous-only,0,1,4,5116,"F×1, L×1, P×1, S×1","CTT×1982, TCA×1650, CCG×1480, TTC×4"
59,nonsynonymous-only,0,1,4,8503,"L×2, I×1, R×1","AGA×3387, ATA×1982, CTA×1650, TTA×1484"
60,nonsynonymous-only,0,1,3,8503,"A×1, F×1, L×1","TTT×4288, GCT×2292, CTT×1923"
61,nonsynonymous-only,0,1,4,8503,"E×1, F×1, K×1, L×1","AAA×5116, TTC×2242, GAA×1095, CTC×50"
62,nonsynonymous-only,0,1,3,5042,"R×1, S×1, Y×1","TCA×2749, AGA×2292, TAT×1"
63,nonsynonymous-only,0,1,4,8503,"I×1, R×1, T×1, V×1","ATT×5758, GTT×1646, ACT×1095, AGG×4"
64,nonsynonymous-only,0,1,6,8503,"G×1, I×1, K×1, N×1, R×1, S×1","ATT×3462, AGT×2292, AAA×1650, GGT×714, CGT×381, AAT×4"
65,nonsynonymous-only,0,1,7,8509,"K×2, E×1, G×1, Q×1, R×1, S×1","GAG×2223, GGA×1982, CGA×1650, CAA×1480, TCG×1095, AAG×75, AAA×4"
66,nonsynonymous-only,0,1,3,7414,"G×1, K×1, R×1","AAA×4280, AGA×3130, GGA×4"
67,nonsynonymous-only,0,1,4,8509,"R×2, K×1, W×1","AGG×4726, AGA×2294, AAA×1484, TGG×5"
68,nonsynonymous-only,0,1,9,6527,"E×2, A×1, D×1, G×1, N×1, P×1, S×1, T×1","CCA×2298, GAA×1478, GCG×1080, GAT×926, AAT×710, ACG×15, GGT×14, AGT×4, GAG×2"
69,nonsynonymous-only,0,1,7,8509,"S×2, D×1, F×1, L×1, N×1, P×1","AGT×4284, TCT×1650, AAT×1471, CTT×1081, TTT×13, GAT×9, CCT×1"
70,nonsynonymous-only,0,1,6,8509,"Y×2, E×1, P×1, R×1, S×1","CGT×2298, CCA×1982, AGT×1650, TAC×1480, GAA×1095, TAT×4"
71,nonsynonymous-only,0,1,2,3077,"K×1, T×1","ACA×1982, AAA×1095"
72,nonsynonymous-only,0,1,7,8509,"K×2, D×1, E×1, I×1, N×1, S×1","AGT×2298, AAC×1982, GAT×1654, AAG×1477, ATT×1095, GAG×2, AAA×1"
73,nonsynonymous-only,0,1,5,6208,"G×2, I×1, Q×1, Y×1","GGG×1980, CAA×1651, TAC×1480, ATC×1095, GGA×2"
74,nonsynonymous-only,0,1,6,8508,"G×1, I×1, K×1, R×1, W×1, Y×1","TGG×2571, ATC×2298, AAA×1982, TAC×1650, AGG×4, GGG×3"
75,nonsynonymous-only,0,1,5,7850,"K×2, I×1, S×1, T×1","ACG×3121, AAA×1982, AAG×1639, TCG×1104, ATA×4"
76,nonsynonymous-only,0,1,5,8509,"T×2, A×1, N×1, S×1","ACC×6902, TCC×1574, GCC×31, AAC×1, ACT×1"
77,nonsynonymous-only,0,1,4,6527,"C×1, D×1, G×1, S×1","AGT×3038, GGT×2005, TGT×1480, GAT×4"
78,nonsynonymous-only,0,1,6,6527,"F×1, H×1, K×1, L×1, V×1, Y×1","GTT×2298, TTA×1650, TAT×1470, AAA×1095, CAT×10, TTC×4"
79,nonsynonymous-only,0,1,6,6527,"I×2, L×2, V×2","ATT×2298, CTT×1650, CTA×1480, ATA×1094, GTT×4, GTA×1"
80,nonsynonymous-only,0,1,2,5047,"C×1, F×1","TTT×3952, TGT×1095"
81,nonsynonymous-only,0,1,3,2749,"R×1, S×1, T×1","TCA×1650, CGC×1095, ACA×4"
82,nonsynonymous-only,0,1,3,1100,"A×1, C×1, Q×1","GCA×1095, TGT×4, CAA×1"
83,nonsynonymous-only,0,1,4,5047,"G×1, K×1, R×1, W×1","AGA×3886, GGT×1095, AAA×62, TGG×4"
84,nonsynonymous-only,0,1,7,5047,"L×2, S×2, G×1, P×1, R×1","CTA×2296, AGC×1649, GGC×1095, CGC×4, AGT×1, CCA×1, TTA×1"
85,nonsynonymous-only,0,1,3,5047,"A×1, L×1, V×1","GTT×2745, CTT×2298, GCT×4"
86,nonsynonymous-only,0,1,3,5047,"C×1, R×1, S×1","TCA×2745, AGA×2298, TGC×4"
87,nonsynonymous-only,0,1,7,6527,"A×1, E×1, G×1, L×1, R×1, T×1, V×1","GGA×2298, GTG×1479, GCA×1450, ACA×1294, AGA×4, GAA×1, TTG×1"
88,nonsynonymous-only,0,1,5,6523,"T×2, A×1, P×1, S×1","ACA×3918, CCA×1480, TCG×1095, ACG×25, GCA×5"
89,nonsynonymous-only,0,1,5,6523,"T×2, K×1, S×1, V×1","GTT×2298, AAA×1650, ACA×1480, ACC×1025, TCC×70"
90,nonsynonymous-only,0,1,5,6523,"I×2, L×1, N×1, S×1","TCC×2298, CTA×1650, ATC×1478, ATT×1095, AAC×2"
94,nonsynonymous-only,0,1,3,7025,"F×1, S×1, Y×1","TTT×3948, TAT×1982, AGT×1095"
95,nonsynonymous-only,0,1,2,4280,"L×1, W×1","TTA×2298, TGG×1982"
96,nonsynonymous-only,0,1,3,7023,"K×2, Q×1","AAA×3946, CAA×1982, AAG×1095"
97,nonsynonymous-only,0,1,5,7025,"L×2, D×1, E×1, V×1","TTA×3076, GTA×2298, GAA×1647, GAC×3, TTG×1"
98,nonsynonymous-only,0,1,6,7022,"L×2, A×1, I×1, S×1, T×1","GCA×2298, ACC×1973, CTG×1649, TCG×1092, ATC×9, CTA×1"
99,nonsynonymous-only,0,1,5,7025,"C×1, F×1, G×1, H×1, R×1","CGT×3897, TTT×1650, GGA×1095, CAT×362, TGT×21"
100,nonsynonymous-only,0,1,5,7025,"A×2, I×1, K×1, V×1","GCT×2161, GCA×1982, ATC×1650, AAA×1095, GTT×137"
101,nonsynonymous-only,0,1,5,7025,"T×2, I×1, K×1, M×1","ACA×1982, AAA×1650, ACG×1550, ATC×1095, ATG×748"
102,nonsynonymous-only,0,1,6,7025,"N×2, T×2, I×1, V×1","ATT×2298, ACC×1963, GTT×1650, AAT×1089, AAC×16, ACT×9"
103,nonsynonymous-only,0,1,6,5375,"P×3, E×1, G×1, L×1","CCC×4242, GGA×1094, CCT×25, CCA×10, CTC×3, GAA×1"
104,nonsynonymous-only,0,1,5,3393,"P×2, S×2, L×1","TCG×2170, TCA×1169, CCG×38, TTG×15, CCA×1"
105,nonsynonymous-only,0,1,3,3393,"L×2, F×1","CTT×2298, CTC×1038, TTC×57"
106,nonsynonymous-only,0,1,3,2298,"R×2, H×1","CGC×2282, CAC×15, CGT×1"
107,nonsynonymous-only,0,1,2,2298,"C×1, Y×1","TGC×2297, TAC×1"
108,nonsynonymous-only,0,1,5,5047,"K×2, L×1, Q×1, T×1","AAG×3940, ACA×1094, AAA×8, CTG×4, CAA×1"
109,nonsynonymous-only,0,1,3,5047,"G×1, K×1, R×1","AAA×2745, AGG×2298, GGG×4"
110,nonsynonymous-only,0,1,6,3397,"A×2, T×2, I×1, L×1","ACA×2224, ACT×1091, ATA×73, GCT×4, TTG×4, GCA×1"
111,nonsynonymous-only,0,1,4,5049,"S×2, F×1, L×1","TTT×3286, TCG×1652, TCT×107, TTG×4"
112,nonsynonymous-only,0,1,4,5049,"I×2, L×1, M×1","ATC×3392, ATG×1652, TTA×4, ATT×1"
113,nonsynonymous-only,0,1,3,5049,"E×1, N×1, R×1","AAC×3950, GAA×1095, AGG×4"
114,nonsynonymous-only,0,1,8,5049,"P×2, R×2, I×1, K×1, N×1, S×1","AGA×2208, AGC×1651, CCA×1094, AGG×74, AAA×16, AAT×4, ATC×1, CCC×1"
115,nonsynonymous-only,0,1,3,5049,"L×2, Q×1","CAG×2302, CTG×1652, TTG×1095"
116,nonsynonymous-only,0,1,3,3397,"N×2, V×1","AAC×2298, GTT×1095, AAT×4"
118,nonsynonymous-only,0,1,3,3782,"I×1, K×1, M×1","ATA×2298, ATG×1480, AAA×4"
119,nonsynonymous-only,0,1,3,3782,"H×1, K×1, L×1","CAT×2298, AAG×1480, CTT×4"
120,nonsynonymous-only,0,1,3,3782,"E×1, G×1, K×1","AAG×2298, GAG×1470, GGG×14"
121,nonsynonymous-only,0,1,2,4877,"K×1, N×1","AAC×2579, AAA×2298"
122,nonsynonymous-only,0,1,3,4877,"K×1, Q×1, S×1","AAG×3778, CAG×1095, AGC×4"
123,nonsynonymous-only,0,1,5,3782,"Q×2, F×1, S×1, Y×1","CAG×2239, TCC×1478, CAA×59, TAT×4, TTC×2"
124,nonsynonymous-only,0,1,8,6529,"L×4, A×1, F×1, M×1, S×1","CTA×2128, ATG×1478, TTT×1367, TCA×1094, CTT×285, TTA×170, TTG×6, GCA×1"
125,nonsynonymous-only,0,1,7,5059,"L×3, F×1, R×1, S×1, W×1","CTG×2298, TTG×1640, CGA×1095, TCG×11, TGG×10, TTC×4, TTA×1"
126,nonsynonymous-only,0,1,3,2747,"I×1, P×1, Q×1","ATC×1652, CAA×727, CCA×368"
127,nonsynonymous-only,0,1,3,2751,"A×1, K×1, V×1","GCA×1911, GTA×836, AAA×4"
128,nonsynonymous-only,0,1,5,7031,"K×2, L×1, N×1, R×1","AAA×5040, CGA×1981, AAC×6, AAG×3, CTA×1"
129,nonsynonymous-only,0,1,3,2575,"L×1, P×1, V×1","GTC×1480, CCC×1094, CTC×1"
130,nonsynonymous-only,0,1,3,2575,"H×1, Q×1, Y×1","CAC×1357, CAG×1095, TAC×123"
133,nonsynonymous-only,0,1,6,6213,"K×1, L×1, P×1, R×1, S×1, V×1","CCG×1979, GTG×1652, CTG×1480, AAG×1095, AGA×4, TCG×3"
134,nonsynonymous-only,0,1,5,8518,"I×3, L×1, M×1","ATC×2302, ATG×1986, ATT×1655, TTA×1480, ATA×1095"
135,nonsynonymous-only,0,1,6,8520,"C×1, F×1, H×1, R×1, V×1, Y×1","TTT×2874, CAT×2303, TGT×1857, GTT×1480, TAT×4, CGT×2"
136,nonsynonymous-only,0,1,4,8516,"L×2, F×1, S×1","TTG×3785, TTC×3636, TCA×1079, TTA×16"
137,nonsynonymous-only,0,1,6,8520,"D×1, I×1, K×1, R×1, S×1, T×1","CGA×2305, GAC×1984, AGT×1652, ACA×1474, AAA×1095, ATA×10"
138,nonsynonymous-only,0,1,7,8520,"H×2, K×1, M×1, N×1, R×1, T×1","ACG×2300, AAT×1984, CGG×1652, CAT×1480, AAA×1095, ATG×5, CAC×4"
139,nonsynonymous-only,0,1,4,4735,"I×1, L×1, S×1, T×1","ACA×1978, TCA×1651, TTA×1100, ATA×6"
140,nonsynonymous-only,0,1,2,7040,"L×1, S×1","TTG×3962, TCG×3078"
141,nonsynonymous-only,0,1,5,8520,"V×3, A×1, D×1","GTT×5047, GTA×1984, GTG×1481, GAT×4, GCT×4"
142,nonsynonymous-only,0,1,7,8520,"L×3, A×1, I×1, P×1, Q×1","TTG×2305, GCC×1984, ATC×1652, CCA×1474, CAG×1095, CTA×6, CTG×4"
143,nonsynonymous-only,0,1,7,8520,"A×2, E×1, K×1, L×1, M×1, T×1","ATG×3784, AAG×1988, GCG×1553, CTG×1095, GAG×98, ACG×1, GCA×1"
144,nonsynonymous-only,0,1,5,8520,"A×1, E×1, G×1, I×1, V×1","GGA×2349, GTA×1903, GCA×1737, ATT×1480, GAA×1051"
145,nonsynonymous-only,0,1,7,8520,"A×4, V×2, L×1","GCT×2304, GCG×1979, GTT×1653, CTT×1480, GCA×1098, GCC×4, GTA×2"
146,nonsynonymous-only,0,1,3,1985,"P×1, Q×1, W×1","CCA×1983, CAA×1, TGG×1"
147,nonsynonymous-only,0,1,7,8520,"K×2, L×2, P×1, Q×1, R×1","AAA×3079, CAG×2305, AAG×1480, CCC×839, CTC×812, AGG×4, CTA×1"
148,nonsynonymous-only,0,1,6,7040,"R×3, K×1, M×1, T×1","ACG×2268, AAG×1984, AGA×1652, CGC×1095, ATG×37, AGG×4"
149,nonsynonymous-only,0,1,5,8520,"R×2, L×1, P×1, V×1","CCA×5940, GTA×1480, CGG×1095, TTA×4, CGA×1"
150,nonsynonymous-only,0,1,5,8520,"S×2, F×1, L×1, W×1","TCG×3329, TCA×2305, TTC×1480, TTG×752, TGG×654"
151,nonsynonymous-only,0,1,4,8520,"L×1, N×1, R×1, S×1","AAC×4723, AGA×2305, AGC×1488, CTC×4"
152,nonsynonymous-only,0,1,5,8520,"N×2, K×1, R×1, S×1","AAT×3635, AGT×2305, AGG×1471, AAG×1108, AAC×1"
153,nonsynonymous-only,0,1,3,4559,"A×1, L×1, P×1","CCA×1990, GCA×1984, CTA×585"
154,nonsynonymous-only,0,1,5,8520,"K×2, I×1, R×1, S×1","AAG×5384, AAA×1655, AGG×1476, AGT×4, ATA×1"
155,nonsynonymous-only,0,1,5,8461,"L×1, P×1, Q×1, R×1, W×1","CCG×4292, TGG×1593, CGG×1471, CAG×1096, CTG×9"
156,nonsynonymous-only,0,1,5,8511,"Q×2, R×2, L×1","CTA×5769, CAG×1646, CGA×1093, CAA×2, CGG×1"
157,nonsynonymous-only,0,1,5,8524,"F×2, C×1, R×1, Y×1","TTT×4879, TGT×1984, CGC×1656, TAC×4, TTC×1"
158,nonsynonymous-only,0,1,3,8524,"C×1, F×1, Y×1","TAT×4880, TGT×1984, TTT×1660"
159,nonsynonymous-only,0,1,3,8524,"I×2, T×1","ATC×8506, ACC×16, ATA×2"
160,nonsynonymous-only,0,1,10,8524,"L×3, R×2, H×1, K×1, P×1, Q×1, S×1","CGC×3380, CCC×1977, CTG×1600, CAC×1499, CAG×58, CTC×6, AAG×1, CGT×1, CTT×1, TCC×1"
161,nonsynonymous-only,0,1,10,8524,"R×2, A×1, G×1, H×1, I×1, L×1, Q×1, T×1, V×1","CAA×2575, CTA×2304, CAT×1970, GCG×1506, ACG×90, GTG×59, CGT×14, ATA×4, CGA×1, GGG×1"
162,nonsynonymous-only,0,1,7,8524,"E×1, I×1, K×1, M×1, T×1, V×1, W×1","ATG×2175, TGG×1984, GTG×1656, GAG×1480, AAG×1095, ACG×133, ATA×1"
163,nonsynonymous-only,0,1,5,8524,"D×2, V×2, A×1","GCT×3809, GTA×1984, GTT×1485, GAT×1242, GAC×4"
164,nonsynonymous-only,0,1,2,5124,"C×1, Y×1","TGC×5026, TAC×98"
165,nonsynonymous-only,0,1,8,8525,"L×3, I×2, T×2, P×1","ATA×3777, CTT×1984, CTG×1650, ATT×1088, ACA×9, ACT×7, CTA×6, CCA×4"
166,nonsynonymous-only,0,1,6,8525,"F×2, R×1, S×1, V×1, Y×1","TTT×2306, TAT×1984, TCT×1656, CGA×1480, GTT×1095, TTC×4"
167,nonsynonymous-only,0,1,3,3790,"F×1, L×1, Y×1","TAC×2306, TTA×1480, TTT×4"
168,nonsynonymous-only,0,1,6,8515,"L×2, S×2, F×1, Y×1","TTA×5046, TCC×1984, TTT×1427, TCT×53, TAT×4, TTG×1"
169,nonsynonymous-only,0,1,4,8525,"L×2, M×1, Q×1","CTG×3405, ATG×1984, CAG×1656, TTG×1480"
170,nonsynonymous-only,0,1,5,8525,"E×2, D×1, G×1, V×1","GAG×4288, GTG×1656, GGA×1480, GAC×1095, GAA×6"
171,nonsynonymous-only,0,1,5,8525,"A×1, K×1, N×1, P×1, Q×1","AAA×3136, AAT×2306, CCA×1984, CAA×1095, GCA×4"
172,nonsynonymous-only,0,1,4,8525,"V×2, L×1, Q×1","GTG×3635, CAG×2575, CTG×2306, GTT×9"
173,nonsynonymous-only,0,1,8,8525,"V×3, E×2, G×2, A×1","GGG×2133, GTA×1656, GAA×1480, GCG×1366, GTT×1099, GTG×618, GAG×172, GGA×1"
174,nonsynonymous-only,0,1,6,8523,"L×2, Q×1, R×1, S×1, W×1","TGG×2032, TCG×1984, CGG×1650, CAG×1476, CTG×1104, TTG×277"
175,nonsynonymous-only,0,1,4,8526,"A×1, E×1, G×1, V×1","GGA×4599, GCA×2105, GTA×1802, GAA×20"
176,nonsynonymous-only,0,1,2,8526,"K×1, N×1","AAA×7046, AAT×1480"
177,nonsynonymous-only,0,1,7,8526,"L×2, A×1, H×1, P×1, R×1, V×1","CCT×2308, GCT×1984, GTT×1655, CTC×1480, CTT×1091, CAT×4, CGT×4"
178,nonsynonymous-only,0,1,2,6218,"F×1, I×1","TTT×5123, ATT×1095"
179,nonsynonymous-only,0,1,2,6867,"L×1, W×1","TTG×4883, TGG×1984"
180,nonsynonymous-only,0,1,6,8526,"L×2, Q×2, H×1, R×1","CAA×1984, CAT×1655, CAG×1583, CTG×1484, CTC×1095, CGG×725"
181,nonsynonymous-only,0,1,8,8526,"N×2, S×2, K×1, M×1, P×1, T×1","AAC×2944, CCT×1655, AAT×1480, AGC×1326, ATG×1091, AGT×20, AAA×6, ACG×4"
182,nonsynonymous-only,0,1,6,6542,"K×1, N×1, P×1, R×1, V×1, Y×1","AAT×2308, TAT×1655, GTA×1480, CCA×1094, AAA×4, CGA×1"
183,nonsynonymous-only,0,1,4,8526,"C×1, F×1, I×1, Y×1","TGT×2575, TAC×2308, TTT×1988, ATT×1655"
184,nonsynonymous-only,0,1,5,8526,"I×2, F×1, M×1, T×1","ACC×3788, ATG×1984, ATC×1655, TTC×1095, ATA×4"
185,nonsynonymous-only,0,1,4,8526,"I×1, N×1, S×1, V×1","AGT×3649, AAT×3397, GTT×1472, ATT×8"
186,nonsynonymous-only,0,1,6,8526,"L×2, F×1, I×1, M×1, T×1","TTT×3963, TTG×2574, ATC×1982, ATG×4, ACC×2, TTA×1"
187,nonsynonymous-only,0,1,5,6542,"I×1, P×1, Q×1, R×1, V×1","ATC×2308, GTC×1655, CCA×1147, CGA×1095, CAA×337"
188,nonsynonymous-only,0,1,7,8526,"K×2, S×2, F×1, L×1, R×1","AAG×2308, AAA×1982, TTT×1659, TTG×1480, AGC×1020, AGT×75, AGA×2"
189,nonsynonymous-only,0,1,7,7431,"Q×2, I×1, L×1, M×1, S×1, T×1","TTA×2294, CAA×1655, ATT×1480, ATG×1412, ACG×572, TCA×14, CAG×4"
190,nonsynonymous-only,0,1,7,8526,"K×2, T×2, N×1, Q×1, R×1","AAA×2311, AAC×1984, AAG×1655, CAA×1480, ACC×1093, ACA×2, AGA×1"
191,nonsynonymous-only,0,1,3,6218,"K×2, N×1","AAA×4559, AAC×1655, AAG×4"
192,nonsynonymous-only,0,1,7,6214,"L×2, S×2, C×1, P×1, Y×1","TCA×1650, TAC×1574, CCT×1480, TTG×1094, TTA×334, TGC×81, TCG×1"
193,nonsynonymous-only,0,1,4,4738,"F×1, L×1, S×1, W×1","TTG×3421, TGG×1095, TCG×218, TTT×4"
194,nonsynonymous-only,0,1,9,8526,"T×4, P×2, A×1, L×1, M×1","ACC×2225, GCC×1984, ACG×1655, ATG×1480, CCA×1092, ACA×80, CTA×7, CCC×2, ACT×1"
195,nonsynonymous-only,0,1,7,8520,"K×2, R×2, E×1, I×1, W×1","AAG×4813, TGG×1967, ATT×1655, AGG×67, CGG×12, AAA×4, GAG×2"
196,nonsynonymous-only,0,1,7,8525,"K×2, R×2, M×1, Q×1, T×1","AAA×3036, AAG×2305, CAG×1660, ATG×1473, AGA×43, ACG×7, CGG×1"
197,nonsynonymous-only,0,1,9,8525,"H×2, P×2, F×1, K×1, L×1, N×1, S×1","AAT×1984, TTC×1957, CAC×1654, CCC×1440, AAG×1095, TCC×350, CCT×31, CTC×13, CAT×1"
198,nonsynonymous-only,0,1,6,8525,"S×2, F×1, H×1, L×1, R×1","CTT×3137, CGT×2113, TCT×1976, AGT×1095, CAT×194, TTT×10"
199,nonsynonymous-only,0,1,5,8525,"L×2, I×1, S×1, T×1","TTG×4228, TTA×2113, ACA×1719, ATA×265, TCA×200"
200,nonsynonymous-only,0,1,4,4886,"F×1, L×1, S×1, W×1","TTT×2307, TCT×1480, TGG×1095, TTG×4"
201,nonsynonymous-only,0,1,5,6542,"C×1, I×1, L×1, Q×1, Y×1","ATT×2307, CAG×1656, CTT×1484, TGT×896, TAT×199"
202,nonsynonymous-only,0,1,3,8526,"L×2, I×1","TTA×8520, ATA×4, TTG×2"
203,nonsynonymous-only,0,1,2,8526,"I×1, T×1","ATT×5447, ACT×3079"
205,nonsynonymous-only,0,1,4,8526,"L×1, P×1, Q×1, R×1","CAG×3402, CCG×1987, CGC×1660, CTG×1477"
206,nonsynonymous-only,0,1,3,8526,"I×1, N×1, T×1","AAT×3967, ATT×3464, ACT×1095"
207,nonsynonymous-only,0,1,3,8526,"I×1, M×1, T×1","ATG×6193, ATT×2311, ACG×22"
208,nonsynonymous-only,0,1,6,8526,"L×2, H×1, P×1, R×1, S×1","CCA×3581, TCA×2279, CAC×1471, CGC×1104, CTA×58, TTA×33"
209,nonsynonymous-only,0,1,3,8526,"I×1, K×1, T×1","ACA×5085, ATA×1961, AAA×1480"
210,nonsynonymous-only,0,1,3,8526,"I×2, T×1","ATC×7031, ACC×1482, ATA×13"
211,nonsynonymous-only,0,1,4,8526,"H×1, L×1, P×1, Q×1","CAG×5058, CCG×1984, CAC×1480, CTG×4"
212,nonsynonymous-only,0,1,4,8526,"N×2, R×1, S×1","AAT×5771, AGC×1650, AAC×1099, CGC×6"
213,nonsynonymous-only,0,1,4,8526,"Y×2, C×1, F×1","TAT×3787, TTT×2751, TGC×1611, TAC×377"
214,nonsynonymous-only,0,1,2,3468,"C×1, Y×1","TAT×3092, TGT×376"
215,nonsynonymous-only,0,1,5,8526,"L×3, C×1, H×1","CTT×2311, CAT×1984, CTA×1656, TTG×1480, TGT×1095"
216,nonsynonymous-only,0,1,8,8526,"R×3, L×2, V×2, P×1","CGC×3175, GTC×3135, CCA×1681, CTA×303, CTC×218, CGA×9, CGG×4, GTT×1"
217,nonsynonymous-only,0,1,8,8526,"I×3, F×1, L×1, N×1, S×1, T×1","ATC×2294, TTC×1982, AAT×1656, ATA×1493, ATT×1092, CTC×4, ACT×3, TCC×2"
218,nonsynonymous-only,0,1,3,8526,"C×1, S×1, Y×1","TCT×3464, TAT×2765, TGT×2297"
219,nonsynonymous-only,0,1,3,8526,"F×1, L×1, S×1","TTG×6868, TCG×1657, TTT×1"
220,nonsynonymous-only,0,1,13,8526,"A×4, G×3, V×3, D×2, T×1","GCT×2277, GCC×1978, GCG×1463, GGC×1345, GGT×1094, GAC×311, GTT×35, GTG×9, GGG×7, GTC×4, ACC×1, GAT×1, GCA×1"
221,nonsynonymous-only,0,1,4,7043,"I×3, M×1","ATA×4285, ATC×1656, ATG×1099, ATT×3"
222,nonsynonymous-only,0,1,5,7501,"K×1, L×1, P×1, S×1, W×1","AAA×3784, CCA×1984, TTA×1656, TGG×73, TCA×4"
223,synonymous-only,1,0,2,8523,K×2,"AAG×8522, AAA×1"
224,nonsynonymous-only,0,1,5,8523,"A×2, E×1, G×1, V×1","GCG×4707, GCA×2305, GGG×1095, GTG×392, GAG×24"
225,nonsynonymous-only,0,1,5,8523,"H×1, L×1, P×1, R×1, V×1","CCT×2575, GTT×2304, CAT×1946, CTT×1660, CGT×38"
226,nonsynonymous-only,0,1,3,8523,"I×1, L×1, S×1","TTA×4000, TCA×3043, ATA×1480"
227,nonsynonymous-only,0,1,4,8523,"L×1, P×1, Q×1, R×1","CTG×5768, CGG×1561, CAG×1190, CCG×4"
228,nonsynonymous-only,0,1,5,8523,"G×2, A×1, E×1, V×1","GTG×3749, GAG×2655, GCG×1101, GGG×1017, GGC×1"
229,nonsynonymous-only,0,1,6,8523,"L×2, P×2, Q×1, R×1","CCG×2297, CTG×1985, CAG×1660, CGA×1480, CTA×1095, CCA×6"
230,nonsynonymous-only,0,1,8,8523,"N×2, I×1, L×1, M×1, P×1, R×1, S×1","TCA×2232, AAT×1984, ATT×1656, ATG×1480, CGA×1095, CCA×58, TTA×14, AAC×4"
231,nonsynonymous-only,0,1,6,8523,"P×2, K×1, M×1, Q×1, T×1","AAG×2574, ATG×2308, CAG×1984, CCG×1645, CCA×10, ACG×2"
232,nonsynonymous-only,0,1,7,8523,"I×1, K×1, N×1, P×1, Q×1, R×1, T×1","ATA×3136, ACC×2297, AAA×1984, CGA×1020, CAA×75, CCC×7, AAC×4"
233,nonsynonymous-only,0,1,6,8523,"K×2, I×1, N×1, S×1, V×1","AAA×3960, GTC×1480, AAG×1095, AGC×1037, AAC×947, ATA×4"
234,nonsynonymous-only,0,1,3,8523,"K×1, L×1, Q×1","AAG×5383, TTG×1660, CAG×1480"
235,nonsynonymous-only,0,1,7,8523,"G×3, A×1, D×1, E×1, V×1","GCT×2908, GAC×1984, GGA×1098, GGG×1009, GTT×880, GAG×641, GGT×3"
236,nonsynonymous-only,0,1,3,4735,"L×1, P×1, S×1","TCT×1984, CCT×1656, TTA×1095"
237,nonsynonymous-only,0,1,3,8287,"F×1, L×1, W×1","TGG×5533, TTC×1656, TTG×1098"
238,nonsynonymous-only,0,1,6,8524,"K×1, M×1, P×1, Q×1, S×1, T×1","AGT×2304, CCC×1984, AAA×1662, CAA×1479, ATG×1088, ACG×7"
239,nonsynonymous-only,0,1,3,8524,"K×1, V×1, W×1","AAG×4564, TGG×2304, GTG×1656"
240,nonsynonymous-only,0,1,5,8524,"Q×2, K×1, L×1, P×1","CAG×6535, CTA×1525, CCA×458, CAA×5, AAG×1"
241,nonsynonymous-only,0,1,4,8526,"I×1, K×1, M×1, R×1","ATG×4882, ATA×1988, AAG×1637, AGG×19"
242,nonsynonymous-only,0,1,9,8526,"A×2, E×1, G×1, I×1, M×1, S×1, T×1, V×1","GCG×3522, ATT×1984, GGG×1654, GCA×1095, GTG×254, ACG×7, TCG×5, ATG×4, GAG×1"
244,nonsynonymous-only,0,1,5,8526,"V×3, F×1, I×1","ATT×2576, TTT×2306, GTA×1986, GTT×1656, GTG×2"
245,synonymous-only,1,0,6,8526,L×6,"TTA×3962, CTC×3443, CTG×1095, CTA×21, TTG×4, CTT×1"
247,synonymous-only,1,0,2,8526,L×2,"TTA×8525, CTA×1"
249,synonymous-only,1,0,2,8522,E×2,"GAA×8508, GAG×14"
250,nonsynonymous-only,0,1,5,8522,"V×4, I×1","GTA×3082, GTC×2302, GTT×1656, ATT×1481, GTG×1"
251,nonsynonymous-only,0,1,2,8522,"H×1, Q×1","CAT×8518, CAG×4"
252,synonymous-only,1,0,4,8522,R×4,"CGA×4286, CGT×2482, CGG×1095, CGC×659"
253,synonymous-only,1,0,3,8522,L×3,"TTA×6864, TTG×1656, CTA×2"
254,nonsynonymous-only,0,1,6,8522,"P×2, S×2, T×2","ACG×2301, TCC×1984, AGT×1656, CCG×1481, CCA×1095, ACA×5"
255,nonsynonymous-only,0,1,7,8522,"P×3, N×2, D×1, S×1","AGC×2302, AAC×1808, CCT×1660, CCA×1483, CCC×1089, AAT×176, GAT×4"
256,synonymous-only,1,0,2,8522,E×2,"GAA×8515, GAG×7"
257,nonsynonymous-only,0,1,7,8522,"G×4, N×2, E×1","GGC×2150, AAC×1969, GGG×1657, GGT×1633, GGA×1097, AAT×15, GAG×1"
258,synonymous-only,1,0,2,8522,Q×2,"CAA×6866, CAG×1656"
259,synonymous-only,1,0,2,8521,E×2,"GAA×8520, GAG×1"
260,nonsynonymous-only,0,1,4,8521,"K×2, I×1, M×1","AAA×5335, ATG×2557, AAG×610, ATA×19"
261,nonsynonymous-only,0,1,5,8474,"L×4, I×1","TTG×3910, CTC×3463, ATT×1095, TTA×4, CTT×2"
262,synonymous-only,1,0,2,8474,F×2,"TTT×8472, TTC×2"
263,nonsynonymous-only,0,1,6,8474,"T×3, Q×2, Y×1","ACA×3910, CAG×1925, ACG×1480, TAT×1095, CAA×59, ACT×5"
264,nonsynonymous-only,0,1,3,8474,"F×2, V×1","TTT×6168, GTT×2302, TTC×4"
265,nonsynonymous-only,0,1,4,8522,"L×2, I×1, M×1","ATG×3083, TTG×2302, TTA×1656, ATT×1481"
266,nonsynonymous-only,0,1,2,8522,"D×1, V×1","GAT×8519, GTT×3"
267,nonsynonymous-only,0,1,6,8522,"Q×2, T×2, H×1, K×1","AAA×3783, ACA×1945, CAG×1577, CAC×1095, CAA×79, ACC×43"
268,synonymous-only,1,0,4,8522,G×4,"GGG×3867, GGC×2536, GGT×1710, GGA×409"
269,nonsynonymous-only,0,1,8,8522,"I×2, V×2, K×1, S×1, T×1, Y×1","GTG×2531, TAT×2302, ACC×1960, ATC×1116, ATT×540, GTA×45, AGC×24, AAA×4"
270,nonsynonymous-only,0,1,7,8522,"F×2, I×2, Y×2, L×1","TAC×2574, TTT×2302, TTC×1984, ATT×1549, ATA×107, TTA×4, TAT×2"
271,nonsynonymous-only,0,1,9,8522,"A×2, R×2, T×2, P×1, S×1, Y×1","ACA×2285, CGC×1931, TAT×1656, CGT×1533, GCG×1092, ACG×17, TCT×4, GCA×3, CCT×1"
272,nonsynonymous-only,0,1,6,8522,"P×3, R×3","CGG×3563, CCA×1485, CCT×1403, CGT×1095, CCC×581, CGA×395"
273,nonsynonymous-only,0,1,3,8523,"I×1, L×1, M×1","ATG×3963, TTA×2576, ATT×1984"
274,synonymous-only,1,0,4,8523,G×4,"GGT×5079, GGC×2022, GGA×1418, GGG×4"
275,nonsynonymous-only,0,1,2,8523,"D×1, E×1","GAA×8519, GAT×4"
276,nonsynonymous-only,0,1,7,8523,"A×2, T×2, E×1, N×1, S×1","GCC×2285, GAA×1984, ACC×1657, AGT×1481, ACA×1095, GCT×17, AAT×4"
277,nonsynonymous-only,0,1,8,8523,"G×3, V×2, A×1, E×1, N×1","GAA×2302, GGA×1984, AAT×1657, GTG×1088, GGT×934, GGC×547, GTT×7, GCA×4"
278,nonsynonymous-only,0,1,6,8523,"R×3, I×1, K×1, Q×1","AAA×5318, CGG×1657, CAA×1481, AGA×34, AGG×29, ATA×4"
279,nonsynonymous-only,0,1,7,8523,"I×1, K×1, M×1, P×1, Q×1, S×1, T×1","CAA×2302, ATG×1984, CCC×1657, ACC×1480, TCA×1095, AAA×4, ATC×1"
280,nonsynonymous-only,0,1,9,8523,"R×3, V×2, H×1, I×1, M×1, Y×1","AGA×2288, ATT×1657, TAT×1481, GTG×1281, CAT×1095, GTC×686, ATG×17, AGG×14, CGT×4"
281,nonsynonymous-only,0,1,7,8523,"H×2, E×1, N×1, P×1, Q×1, S×1","CAT×3070, AAT×2302, CCT×1656, GAA×1481, CAC×9, CAA×4, TCT×1"
282,nonsynonymous-only,0,1,8,8523,"A×4, S×2, V×2","GTA×2302, TCC×1984, GTT×1657, GCC×1479, GCG×1014, GCA×81, TCA×4, GCT×2"
283,nonsynonymous-only,0,1,8,8523,"K×2, S×2, D×1, F×1, M×1, T×1","TCG×2302, AAG×1984, ACG×1655, TCT×1480, GAT×1095, AAA×4, ATG×2, TTT×1"
284,nonsynonymous-only,0,1,4,8523,"V×2, C×1, I×1","GTT×2645, ATA×2302, GTC×1919, TGT×1657"
285,nonsynonymous-only,0,1,6,8523,"R×3, K×1, Q×1, W×1","CGG×4670, AAA×2302, CAA×1481, CGA×62, CGC×4, TGG×4"
286,nonsynonymous-only,0,1,7,8523,"L×3, I×2, F×1, V×1","ATT×2564, TTT×2302, CTA×1983, TTG×1661, GTT×9, ATC×3, TTA×1"
287,nonsynonymous-only,0,1,5,8523,"C×2, L×2, I×1","ATT×4881, CTA×1984, TGC×1649, TGT×8, CTT×1"
288,nonsynonymous-only,0,1,4,8523,"F×2, C×1, G×1","TTT×5945, GGT×1481, TGT×1095, TTC×2"
289,nonsynonymous-only,0,1,5,8523,"A×4, V×1","GCG×2978, GCA×2786, GCC×1657, GCT×1101, GTA×1"
290,synonymous-only,1,0,4,8523,T×4,"ACA×5444, ACC×1982, ACG×1095, ACT×2"
291,nonsynonymous-only,0,1,4,8523,"T×3, N×1","ACC×4279, ACG×2576, ACT×1661, AAC×7"
292,synonymous-only,1,0,2,8523,E×2,"GAA×7467, GAG×1056"
293,nonsynonymous-only,0,1,6,7042,"A×2, N×2, E×1, Y×1","AAC×1985, GAA×1657, GCA×1578, AAT×1097, GCC×724, TAC×1"
294,nonsynonymous-only,0,1,9,8523,"P×4, S×2, G×1, I×1, V×1","GTC×2292, CCG×1982, ATT×1661, TCC×1470, CCT×1092, TCA×11, GGC×10, CCC×3, CCA×2"
295,nonsynonymous-only,0,1,8,8523,"N×2, S×2, E×1, K×1, T×1, Y×1","AAT×2281, AAA×1984, TCT×1657, TCA×1481, ACT×1095, AAC×14, GAA×7, TAT×4"
296,nonsynonymous-only,0,1,7,8522,"Q×2, S×2, E×1, K×1, R×1","CAA×2299, AAA×1984, AGC×1657, GAA×1481, TCT×1095, CAG×5, CGA×1"
297,nonsynonymous-only,0,1,7,8522,"T×2, H×1, N×1, S×1, V×1, Y×1","CAT×2231, GTC×1984, AAC×1481, ACC×1286, TCT×1095, ACT×375, TAT×70"
298,nonsynonymous-only,0,1,3,8522,"L×2, F×1","TTT×5443, TTA×3078, CTA×1"
299,synonymous-only,1,0,2,8522,L×2,"TTA×5039, TTG×3483"
300,nonsynonymous-only,0,1,7,8522,"T×3, N×2, K×1, P×1","AAA×2301, CCA×1988, ACG×1657, ACC×1480, AAT×1088, AAC×7, ACT×1"
301,synonymous-only,1,0,4,8522,T×4,"ACT×2576, ACG×2301, ACC×1984, ACA×1661"
302,synonymous-only,1,0,2,8522,F×2,"TTT×8435, TTC×87"
303,nonsynonymous-only,0,1,5,8522,"I×1, L×1, N×1, V×1, Y×1","TTA×3958, TAT×1984, AAT×1481, GTG×1095, ATT×4"
304,synonymous-only,1,0,4,8522,R×4,"AGA×3958, CGC×1988, CGG×1481, CGA×1095"
305,synonymous-only,1,0,6,8522,R×6,"CGA×3274, AGG×2297, CGG×1481, CGC×1095, CGT×371, AGA×4"
306,nonsynonymous-only,0,1,5,8522,"I×2, V×2, L×1","ATT×6432, ATC×2046, GTC×38, CTG×4, GTT×2"
307,nonsynonymous-only,0,1,3,8522,"P×2, S×1","CCT×3962, CCG×2576, TCC×1984"
308,nonsynonymous-only,0,1,6,8523,"V×3, I×2, M×1","ATT×2743, GTG×2314, GTA×1972, ATG×1481, ATC×9, GTT×4"
309,nonsynonymous-only,0,1,8,8523,"I×3, S×2, Q×1, T×1, V×1","ATC×3063, ACA×2300, CAA×1657, TCG×1472, ATT×16, TCA×9, GTA×4, ATA×2"
310,nonsynonymous-only,0,1,5,8523,"V×2, I×1, L×1, S×1","ATT×4232, TTA×2302, GTC×1986, GTT×2, AGT×1"
311,nonsynonymous-only,0,1,7,8523,"A×2, T×2, K×1, Q×1, S×1","TCA×1984, GCC×1740, AAA×1657, ACA×1481, CAA×1095, GCT×562, ACT×4"
312,nonsynonymous-only,0,1,8,8523,"I×3, L×3, F×1, N×1","TTA×2376, ATT×2292, CTT×1982, ATC×1656, TTG×204, ATA×10, TTT×2, AAC×1"
313,synonymous-only,1,0,4,8523,P×4,"CCA×5446, CCG×3060, CCC×16, CCT×1"
314,nonsynonymous-only,0,1,5,8523,"N×2, S×2, A×1","AAC×3079, GCT×2302, AGT×1657, TCT×1481, AAT×4"
315,nonsynonymous-only,0,1,5,8523,"F×2, L×2, Y×1","TTA×3783, TTC×2114, CTT×1657, TTT×965, TAT×4"
316,nonsynonymous-only,0,1,8,8523,"A×2, D×2, E×1, K×1, S×1, T×1","GCC×2302, AAA×1984, GCT×1656, GAT×1476, AGT×1095, GAC×5, GAA×4, ACT×1"
317,nonsynonymous-only,0,1,5,8523,"E×2, A×1, D×1, Q×1","GAG×4286, GAA×1657, GCA×1481, GAC×1095, CAG×4"
318,nonsynonymous-only,0,1,5,8523,"R×4, W×1","CGC×5942, CGG×1480, CGT×1096, CGA×4, TGG×1"
319,nonsynonymous-only,0,1,8,8523,"P×3, T×3, A×1, S×1","TCT×2302, CCC×1984, ACT×1644, ACG×1481, CCT×1095, ACC×12, CCA×4, GCT×1"
320,nonsynonymous-only,0,1,10,8523,"A×3, L×2, Q×2, I×1, M×1, T×1","TTG×2030, ATT×1984, CAA×1657, CTA×1481, GCG×1086, ATG×272, GCA×6, CAG×4, GCC×2, ACG×1"
321,nonsynonymous-only,0,1,5,8523,"A×1, D×1, K×1, R×1, S×1","AAA×3397, CGA×1984, GCG×1657, GAT×1481, TCA×4"
322,nonsynonymous-only,0,1,3,8523,"E×2, D×1","GAA×7040, GAG×1481, GAC×2"
323,nonsynonymous-only,0,1,5,8523,"R×3, I×1, K×1","AAA×3395, CGG×1984, AGA×1660, CGT×1481, ATA×3"
324,nonsynonymous-only,0,1,5,8523,"I×1, K×1, M×1, N×1, Y×1","ATT×5380, AAA×1657, TAT×1481, ATG×4, AAT×1"
325,nonsynonymous-only,0,1,7,8523,"A×3, Q×2, D×1, T×1","CAA×3959, GCG×1980, GCC×1472, GAC×1095, GCT×9, ACG×4, CAG×4"
326,nonsynonymous-only,0,1,6,8523,"L×4, I×2","TTG×2292, ATT×1990, TTA×1667, ATC×1475, CTC×1095, CTT×4"
327,nonsynonymous-only,0,1,4,8523,"L×3, I×1","ATT×5444, TTG×1239, CTA×1095, TTA×745"
328,nonsynonymous-only,0,1,6,8525,"L×2, D×1, K×1, M×1, S×1","AAA×3079, TTG×2288, ATG×1658, TCG×1481, TTA×15, GAT×4"
329,nonsynonymous-only,0,1,7,8525,"V×2, L×1, N×1, R×1, S×1, T×1","TCC×2303, AAC×1984, CGA×1658, TTA×1481, GTG×1093, ACT×4, GTA×2"
330,nonsynonymous-only,0,1,5,8525,"F×2, A×1, L×1, M×1","TTT×3784, TTA×1984, GCA×1658, ATG×1095, TTC×4"
331,nonsynonymous-only,0,1,4,8525,"F×2, I×1, V×1","TTC×3591, TTT×2358, ATT×1483, GTT×1093"
332,nonsynonymous-only,0,1,6,8524,"H×1, I×1, L×1, Q×1, S×1, Y×1","TTA×2303, CAC×1984, TAT×1658, CAG×1481, TCA×1094, ATA×4"
333,nonsynonymous-only,0,1,7,8524,"E×2, G×1, I×1, M×1, Q×1, R×1","GAA×2303, CGA×1984, GAG×1658, CAA×1481, ATG×1080, ATT×14, GGT×4"
334,synonymous-only,1,0,2,8524,E×2,"GAA×7043, GAG×1481"
335,nonsynonymous-only,0,1,3,3465,"A×2, S×1","GCG×1948, GCA×1513, TCA×4"
336,nonsynonymous-only,0,1,7,8524,"A×1, H×1, K×1, Q×1, R×1, S×1, T×1","AGT×2302, AAA×1988, CAG×1656, ACA×1481, GCA×1094, CAC×2, AGG×1"
337,nonsynonymous-only,0,1,6,8524,"A×2, R×2, Q×1, Y×1","CAA×3961, CGA×1984, CGT×1481, GCG×1082, GCA×12, TAT×4"
338,nonsynonymous-only,0,1,6,8524,"A×1, F×1, L×1, M×1, R×1, V×1","CGG×3397, ATG×1984, GCT×1657, TTG×1481, TTT×4, GTT×1"
339,nonsynonymous-only,0,1,5,8524,"I×2, G×1, L×1, T×1","ATT×5053, ACC×1983, GGC×1481, ATC×5, CTT×2"
340,nonsynonymous-only,0,1,3,8520,"Q×2, K×1","CAA×6471, AAA×1984, CAG×65"
341,nonsynonymous-only,0,1,8,8524,"D×2, K×2, E×1, Q×1, R×1, T×1","AAG×2303, GAC×1983, AAA×1655, CAA×1481, CGG×1094, ACG×4, GAA×3, GAT×1"
342,nonsynonymous-only,0,1,3,3397,"N×1, R×1, S×1","AAT×2302, CGA×1094, AGT×1"
343,synonymous-only,1,0,2,6866,I×2,"ATC×5381, ATT×1485"
344,nonsynonymous-only,0,1,6,6866,"H×2, D×1, N×1, S×1, Y×1","AAC×1984, CAT×1691, GAT×1485, TCT×1094, CAC×611, TAT×1"
345,nonsynonymous-only,0,1,9,8524,"I×2, V×2, A×1, L×1, M×1, N×1, S×1","ATT×2448, GTG×1983, AGT×1657, ATC×1336, TTG×1094, GTT×3, AAT×1, ATG×1, GCT×1"
346,nonsynonymous-only,0,1,6,8523,"S×2, D×1, E×1, R×1, Y×1","CGT×2303, GAC×1984, TAC×1657, GAA×1481, TCA×1094, AGT×4"
347,nonsynonymous-only,0,1,4,8524,"R×2, E×1, Y×1","TAT×3965, GAA×3078, CGC×1480, CGT×1"
348,nonsynonymous-only,0,1,6,8524,"E×2, D×1, H×1, N×1, Q×1","GAA×3454, GAG×2314, CAC×1657, GAT×1094, CAG×4, AAC×1"
349,nonsynonymous-only,0,1,7,8524,"A×3, V×2, I×1, L×1","GCG×2303, ATC×1984, GCC×1656, GCA×1481, GTG×1094, TTG×4, GTC×2"
350,nonsynonymous-only,0,1,7,8524,"V×3, F×1, I×1, L×1, T×1","TTG×2303, TTT×1984, ACA×1658, GTT×1471, GTC×1094, GTG×10, ATA×4"
351,nonsynonymous-only,0,1,7,8524,"T×2, D×1, E×1, K×1, L×1, S×1","AAA×3395, ACG×1931, AGT×1658, TTG×1481, ACA×53, GAC×4, GAA×2"
352,nonsynonymous-only,0,1,8,8524,"A×3, F×1, Q×1, T×1, V×1, Y×1","CAA×2303, GCG×2073, GCA×1999, TAT×1658, GCT×484, TTT×4, GTA×2, ACA×1"
353,nonsynonymous-only,0,1,5,8524,"F×2, L×1, P×1, Q×1","TTA×5385, CCA×1508, TTC×997, TTT×484, CAA×150"
354,nonsynonymous-only,0,1,7,8524,"T×3, I×2, L×1, M×1","TTA×1988, ACG×1971, ACT×1657, ATG×1481, ATT×727, ATC×368, ACA×332"
355,nonsynonymous-only,0,1,7,8524,"L×2, A×1, E×1, F×1, G×1, N×1","TTT×3961, GAA×1972, TTA×1480, GGA×1094, GCA×12, AAC×4, CTA×1"
358,nonsynonymous-only,0,1,2,1658,"P×1, S×1","CCA×1109, TCA×549"
359,nonsynonymous-only,0,1,4,6536,"C×1, P×1, R×1, S×1","TCA×2303, CCA×1658, CGA×1481, TGT×1094"
360,nonsynonymous-only,0,1,6,8524,"C×2, F×2, L×1, R×1","TTT×2303, CGA×1984, TTA×1658, TGC×1481, TTC×1094, TGT×4"
361,nonsynonymous-only,0,1,5,6221,"C×1, L×1, R×1, T×1, Y×1","ACC×1984, TGT×1652, AGA×1485, TTA×1094, TAT×6"
362,nonsynonymous-only,0,1,4,8523,"R×2, S×1, W×1","AGG×3143, TGG×3077, AGC×2301, AGA×2"
363,nonsynonymous-only,0,1,2,8309,"K×1, Q×1","CAA×5730, AAA×2579"
364,nonsynonymous-only,0,1,4,8524,"C×2, R×1, Y×1","CGT×4243, TGT×2796, TAT×1481, TGC×4"
365,nonsynonymous-only,0,1,4,8524,"R×2, G×1, W×1","TGG×3520, GGG×2360, AGG×1560, CGG×1084"
367,nonsynonymous-only,0,1,7,8524,"N×2, A×1, K×1, R×1, S×1, V×1","AAT×3952, GTT×1927, AGG×1481, AGC×1094, GCT×57, AAC×9, AAA×4"
368,nonsynonymous-only,0,1,2,1988,"S×1, Y×1","TAT×1984, TCA×4"
369,nonsynonymous-only,0,1,6,8524,"K×2, E×1, N×1, P×1, S×1","AAG×2303, CCA×1984, GAA×1658, AGC×1481, AAT×1094, AAA×4"
370,nonsynonymous-only,0,1,5,8524,"R×2, G×1, I×1, T×1","CGG×2303, ACA×1984, ATA×1662, GGG×1481, CGA×1094"
371,nonsynonymous-only,0,1,6,8524,"I×1, K×1, L×1, M×1, R×1, T×1","CGA×2303, AAG×1984, ATA×1658, ACT×1481, ATG×1094, TTG×4"
372,nonsynonymous-only,0,1,4,5385,"C×2, F×1, L×1","TGC×3077, TTC×2303, TTA×4, TGT×1"
373,nonsynonymous-only,0,1,4,8523,"N×2, K×1, S×1","AAT×3789, AGC×1983, AAA×1657, AAC×1094"
374,nonsynonymous-only,0,1,6,7070,"L×2, F×1, M×1, S×1, W×1","TTA×3922, TCC×1983, TTG×1094, TTC×39, TGG×28, ATG×4"
375,nonsynonymous-only,0,1,3,5126,"F×1, L×1, S×1","TTT×3467, TTA×1658, TCT×1"
376,nonsynonymous-only,0,1,4,8522,"A×1, L×1, T×1, V×1","GCG×4282, CTG×2752, GTG×1487, ACG×1"
377,nonsynonymous-only,0,1,6,8522,"H×2, R×2, E×1, L×1","CAC×4017, CGT×1978, CTA×1481, CGC×1037, CAT×5, GAA×4"
378,nonsynonymous-only,0,1,6,4237,"E×2, V×2, A×1, S×1","GCA×1647, AGT×1481, GAG×1094, GAA×10, GTG×4, GTA×1"
379,nonsynonymous-only,0,1,4,4237,"A×1, D×1, G×1, H×1","GCT×1658, CAT×1485, GGT×1093, GAT×1"
380,nonsynonymous-only,0,1,2,2575,"F×1, S×1","TCC×1766, TTC×809"
381,nonsynonymous-only,0,1,2,2575,"F×1, L×1","TTT×1481, TTA×1094"
382,nonsynonymous-only,0,1,3,2575,"I×2, T×1","ATT×1481, ATC×1092, ACC×2"
383,nonsynonymous-only,0,1,2,1094,"I×1, R×1","AGA×1093, ATA×1"
386,nonsynonymous-only,0,1,6,4233,"R×3, C×1, K×1, L×1","CGG×1481, CGC×1392, AAG×1094, CGT×263, CTC×2, TGC×1"
387,nonsynonymous-only,0,1,5,4218,"T×2, K×1, Q×1, R×1","CAA×1639, ACG×1480, AGG×1094, AAA×4, ACT×1"
388,nonsynonymous-only,0,1,8,8522,"H×2, P×2, S×2, N×1, Q×1","CCT×2319, CAA×1982, TCT×1641, CAC×1471, AAT×1094, CAT×10, TCG×4, CCA×1"
389,nonsynonymous-only,0,1,4,5770,"I×2, L×1, N×1","ATT×2302, TTA×1983, AAT×1481, ATA×4"
390,nonsynonymous-only,0,1,5,3738,"C×1, L×1, Q×1, R×1, W×1","CGA×1979, TTA×1481, CAA×273, TGC×4, TGG×1"
391,nonsynonymous-only,0,1,8,8518,"K×2, T×2, E×1, L×1, M×1, R×1","AAA×1983, AAG×1868, GAA×1481, ACG×1122, TTA×1094, AGG×434, ACA×269, ATG×267"
392,nonsynonymous-only,0,1,7,8522,"H×2, C×1, R×1, S×1, T×1, Y×1","TGT×3703, ACT×1983, CAT×1131, CGA×1094, CAC×350, TAT×257, AGT×4"
393,nonsynonymous-only,0,1,5,8522,"L×1, N×1, S×1, W×1, Y×1","TTG×3478, TCG×2288, TAT×1658, TGG×1094, AAT×4"
394,nonsynonymous-only,0,1,8,8522,"P×2, S×2, T×2, I×1, V×1","CCC×1982, ATC×1671, TCC×1649, GTT×1481, ACG×1094, ACC×640, TCG×4, CCA×1"
395,nonsynonymous-only,0,1,3,7041,"N×1, S×1, Y×1","AAT×7034, AGC×4, TAT×3"
396,nonsynonymous-only,0,1,4,5122,"H×1, P×1, Q×1, S×1","CAA×1983, CAC×1658, CCG×1479, TCG×2"
397,nonsynonymous-only,0,1,6,7041,"P×2, R×2, F×1, I×1","CGG×3363, TTT×1658, CCC×1458, CCT×525, CGA×33, ATT×4"
398,nonsynonymous-only,0,1,5,8522,"T×2, A×1, K×1, V×1","AAA×2306, GTC×1983, ACA×1839, ACG×1481, GCA×913"
399,nonsynonymous-only,0,1,6,8518,"R×2, G×1, I×1, L×1, V×1","CTA×2302, GTC×1983, CGA×1656, GGA×1481, ATA×1094, CGT×2"
400,nonsynonymous-only,0,1,6,8522,"L×2, S×2, F×1, I×1","TTT×3783, ATT×1983, TCT×1646, TTA×832, TCA×262, CTT×16"
401,nonsynonymous-only,0,1,7,6864,"G×2, A×1, I×1, K×1, T×1, V×1","GCA×2302, GGC×1982, GTC×1472, AAG×1094, ATC×9, ACC×4, GGT×1"
402,nonsynonymous-only,0,1,6,6864,"D×1, K×1, L×1, N×1, S×1, V×1","TTG×2302, GAT×1982, GTT×1481, AAG×1094, AGC×4, AAT×1"
403,nonsynonymous-only,0,1,5,3081,"A×2, V×2, R×1","GCG×1673, GCA×1400, AGA×4, GTA×3, GTG×1"
405,nonsynonymous-only,0,1,2,1098,"C×1, H×1","TGC×1094, CAT×4"
407,nonsynonymous-only,0,1,2,1094,"L×1, S×1","TTG×1092, TCG×2"
408,nonsynonymous-only,0,1,2,1098,"L×1, P×1","CCA×1094, CTT×4"
409,nonsynonymous-only,0,1,6,6863,"A×1, L×1, P×1, S×1, T×1, V×1","GCA×2301, TCA×1970, CTG×1481, GTA×1094, CCA×13, ACG×4"
410,nonsynonymous-only,0,1,6,6863,"N×2, S×2, I×1, T×1","AAC×2301, ACC×1983, TCC×1481, ATC×1094, AAT×2, AGT×2"
411,nonsynonymous-only,0,1,6,8521,"E×2, K×1, N×1, Q×1, V×1","GAG×3278, AAT×1983, GAA×1655, AAA×1485, GTG×117, CAA×3"
412,nonsynonymous-only,0,1,7,8521,"D×2, G×2, K×2, R×1","AAG×2570, GGG×2122, GAT×1983, AGA×1658, GGA×179, AAA×5, GAC×4"
413,nonsynonymous-only,0,1,5,4237,"C×1, D×1, I×1, T×1, Y×1","ATT×1658, GAT×1481, TAT×995, TGT×99, ACA×4"
414,nonsynonymous-only,0,1,2,2575,"C×1, Y×1","TAT×1484, TGT×1091"
415,nonsynonymous-only,0,1,3,4723,"R×2, W×1","CGA×1983, TGG×1646, CGG×1094"
416,nonsynonymous-only,0,1,7,4739,"I×3, F×1, K×1, L×1, S×1","TTC×1983, ATC×1654, AGT×1094, AAA×4, ATA×2, ATT×1, CTC×1"
417,nonsynonymous-only,0,1,5,4738,"C×1, K×1, L×1, N×1, Y×1","CTT×1983, AAT×1657, TAT×988, TGT×106, AAA×4"
418,nonsynonymous-only,0,1,4,6537,"Q×2, K×1, R×1","CAG×2301, CGA×1693, AAA×1481, CAA×1062"
419,nonsynonymous-only,0,1,6,8520,"T×2, I×1, L×1, N×1, S×1","TCA×3957, ACA×1956, TTA×1485, AAT×1094, ATA×27, ACT×1"
420,nonsynonymous-only,0,1,9,8519,"D×2, I×2, K×2, N×1, S×1, T×1","AAG×5764, ATC×1059, AAC×1055, GAC×598, ATT×33, AGT×4, GAT×3, ACC×2, AAA×1"
421,nonsynonymous-only,0,1,4,6863,"K×1, L×1, S×1, W×1","AAG×3464, AGC×2301, TGG×1094, CTC×4"
422,nonsynonymous-only,0,1,8,8519,"C×2, Y×2, D×1, F×1, L×1, N×1","AAC×3391, TGT×1968, CTC×1452, TAC×1392, TTC×204, TGC×93, TAT×15, GAC×4"
423,nonsynonymous-only,0,1,9,6602,"L×3, P×2, H×1, Q×1, R×1, W×1","CTG×5086, CGC×1057, CCG×225, CTA×119, TGG×66, CAC×37, CCA×5, CAG×4, CTT×3"
424,nonsynonymous-only,0,1,7,8519,"N×2, I×1, K×1, M×1, R×1, S×1","ATG×3957, AAG×1983, AGC×1478, AAT×1094, ATC×4, AAC×2, AGG×1"
425,nonsynonymous-only,0,1,4,5124,"K×2, A×1, V×1","AAG×1945, AAA×1694, GCT×1481, GTC×4"
426,nonsynonymous-only,0,1,5,8415,"K×1, M×1, N×1, T×1, W×1","TGG×2476, AAA×2296, ACA×1983, ATG×1656, AAT×4"
427,nonsynonymous-only,0,1,9,8515,"I×2, A×1, C×1, D×1, H×1, N×1, V×1, Y×1","GTC×2295, CAC×1983, ATC×1481, AAT×1394, TAT×1094, GAT×262, ATT×4, GCC×1, TGT×1"
428,nonsynonymous-only,0,1,5,8515,"C×1, F×1, H×1, N×1, Y×1","TGC×3952, TTT×1983, AAT×1481, CAC×1095, TAC×4"
429,nonsynonymous-only,0,1,6,8515,"L×4, Q×1, W×1","TGG×2296, CTT×1983, CTA×1656, TTG×1481, CAA×1095, CTC×4"
430,nonsynonymous-only,0,1,3,3468,"I×1, P×1, S×1","CCG×1983, TCG×1481, ATA×4"
431,nonsynonymous-only,0,1,2,1481,"I×1, T×1","ATA×962, ACA×519"
435,synonymous-only,1,0,2,2580,I×2,"ATT×1481, ATC×1099"
436,nonsynonymous-only,0,1,2,2576,"F×1, I×1","ATT×1481, TTT×1095"
438,nonsynonymous-only,0,1,5,6219,"I×2, L×1, S×1, V×1","ATT×1983, GTT×1656, ATC×1481, AGC×1095, CTT×4"
439,nonsynonymous-only,0,1,4,6859,"F×2, L×1, Y×1","TTA×2296, TTC×1983, TTT×1485, TAT×1095"
440,nonsynonymous-only,0,1,7,8515,"A×1, I×1, M×1, P×1, R×1, S×1, T×1","ATG×3898, GCA×1983, CCA×1471, TCA×1105, ATA×51, AGA×4, ACG×3"
441,nonsynonymous-only,0,1,7,6532,"S×2, A×1, G×1, I×1, T×1, V×1","AGT×2296, AGC×1480, GCC×1152, GTC×1095, ACC×329, GGC×174, ATC×6"
442,nonsynonymous-only,0,1,6,6532,"R×2, E×1, G×1, K×1, W×1","GGA×2296, AAA×1656, AGG×1471, AGA×1095, TGG×10, GAA×4"
443,nonsynonymous-only,0,1,5,6528,"C×1, H×1, Q×1, R×1, Y×1","TAC×2866, CAA×1387, TGC×1094, CAC×912, CGA×269"
444,nonsynonymous-only,0,1,5,6390,"I×1, L×1, P×1, Q×1, V×1","CTA×3391, ATC×1656, CAA×1338, GTC×4, CCA×1"
445,nonsynonymous-only,0,1,4,5364,"Q×1, S×1, T×1, W×1","ACG×2296, TGG×1586, CAA×1481, TCG×1"
447,nonsynonymous-only,0,1,3,3464,"C×1, F×1, L×1","TTT×1982, TGT×1481, CTT×1"
448,nonsynonymous-only,0,1,2,3464,"E×1, L×1","GAA×1983, TTG×1481"
449,nonsynonymous-only,0,1,7,6859,"A×3, N×1, S×1, T×1, V×1","GCC×5343, GTC×1481, GCT×17, GCA×8, AAT×4, TCC×4, ACC×2"
450,nonsynonymous-only,0,1,6,6859,"L×2, T×2, A×1, S×1","TTA×3060, TCA×2296, ACA×803, GCA×678, TTG×18, ACG×4"
451,nonsynonymous-only,0,1,4,4867,"R×2, P×1, Q×1","CGA×2288, AGA×1481, CAA×1094, CCA×4"
452,nonsynonymous-only,0,1,3,4872,"S×2, F×1","TTC×2298, TCC×1477, TCT×1097"
453,nonsynonymous-only,0,1,6,4872,"I×3, G×1, N×1, S×1","AAT×2295, AGC×1473, ATA×1095, ATC×7, ATT×1, GGC×1"
456,nonsynonymous-only,0,1,2,1481,"H×1, Y×1","CAT×1360, TAT×121"
459,nonsynonymous-only,0,1,2,1481,"L×1, V×1","TTA×1471, GTA×10"
460,nonsynonymous-only,0,1,2,3777,"H×1, Q×1","CAT×2296, CAA×1481"
462,nonsynonymous-only,0,1,4,8515,"Y×2, C×1, N×1","TAT×3392, TAC×1983, TGT×1659, AAT×1481"
463,nonsynonymous-only,0,1,5,6848,"L×2, K×1, R×1, W×1","TTA×2296, AAA×1983, CGA×1470, TGG×1095, TTG×4"
464,nonsynonymous-only,0,1,4,8515,"R×2, K×1, S×1","AGA×4557, AGC×2296, AGG×1656, AAA×6"
465,nonsynonymous-only,0,1,2,7420,"K×1, S×1","AAA×5124, AGT×2296"
466,nonsynonymous-only,0,1,2,1485,"S×1, W×1","AGT×1481, TGG×4"
467,nonsynonymous-only,0,1,4,3463,"C×1, H×1, N×1, R×1","CAC×1974, CGC×1457, TGC×23, AAC×9"
468,nonsynonymous-only,0,1,8,6993,"R×2, A×1, C×1, E×1, Q×1, T×1, W×1","AGA×2296, TGG×1940, GAG×1656, CGG×1091, CAG×4, GCA×3, TGT×2, ACA×1"
469,nonsynonymous-only,0,1,7,8514,"L×2, F×1, I×1, P×1, S×1, V×1","CTT×2923, GTT×2297, CCC×1981, CTC×1096, TTT×211, ATT×5, TCC×1"
470,nonsynonymous-only,0,1,6,8514,"A×2, V×2, S×1, T×1","ACT×4279, GCG×1654, GTC×1480, TCT×1095, GCA×4, GTG×2"
471,nonsynonymous-only,0,1,2,4228,"Q×1, R×1","CAA×3189, CGA×1039"
472,nonsynonymous-only,0,1,5,8514,"K×2, I×1, R×1, S×1","ATC×2296, AAA×1988, AGA×1655, AGC×1480, AAG×1095"
473,nonsynonymous-only,0,1,8,7187,"G×2, L×2, K×1, Q×1, R×1, S×1","AGA×2576, CTG×1982, GGA×1398, CAG×1095, AAA×131, AGT×3, GGT×1, TTG×1"
474,nonsynonymous-only,0,1,6,4232,"F×1, I×1, L×1, M×1, P×1, T×1","ATT×1656, CTT×1479, ACG×1032, ATG×63, CCT×1, TTT×1"
475,nonsynonymous-only,0,1,4,4232,"A×1, D×1, I×1, R×1","ATC×1656, AGA×1481, GCT×1024, GAT×71"
476,nonsynonymous-only,0,1,3,4228,"K×1, Q×1, W×1","CAG×1656, AAA×1481, TGG×1091"
477,nonsynonymous-only,0,1,4,6528,"S×2, C×1, T×1","TCT×2296, AGT×1656, TGT×1481, ACC×1095"
478,nonsynonymous-only,0,1,3,5051,"E×1, K×1, Y×1","GAA×2300, TAT×1656, AAG×1095"
479,nonsynonymous-only,0,1,6,6532,"K×2, N×2, E×1, F×1","AAA×2296, GAA×1655, TTT×1481, AAC×1095, AAT×4, AAG×1"
480,nonsynonymous-only,0,1,4,3141,"R×2, G×1, Q×1","CGA×1656, AGA×1464, GGA×17, CAA×4"
481,nonsynonymous-only,0,1,5,4232,"I×2, L×1, R×1, S×1","ATC×1654, AGA×1481, TTA×1095, AGC×1, ATT×1"
482,nonsynonymous-only,0,1,2,3137,"I×1, L×1","CTT×1656, ATT×1481"
483,nonsynonymous-only,0,1,4,5437,"D×1, H×1, R×1, V×1","CGT×3946, GAT×1481, CAT×6, GTT×4"
484,nonsynonymous-only,0,1,4,6532,"F×2, L×1, V×1","TTT×3395, CTT×1652, TTC×1481, GTC×4"
485,nonsynonymous-only,0,1,2,5850,"Q×1, Y×1","TAT×5051, CAA×799"
487,nonsynonymous-only,0,1,3,2751,"H×1, S×1, Y×1","TCT×1656, TAC×1085, CAC×10"
488,nonsynonymous-only,0,1,3,2751,"H×2, N×1","CAC×1653, AAC×1095, CAT×3"
489,nonsynonymous-only,0,1,3,4232,"G×1, H×1, R×1","CAT×1656, AGA×1481, GGA×1095"
490,nonsynonymous-only,0,1,2,4232,"H×1, Y×1","TAT×2576, CAT×1656"
491,nonsynonymous-only,0,1,4,4238,"E×1, H×1, K×1, Q×1","CAT×1656, GAA×1483, CAA×1095, AAA×4"
492,nonsynonymous-only,0,1,6,6534,"C×2, F×1, I×1, L×1, N×1","TTT×2293, CTT×1656, TGC×1483, TGT×1095, AAT×4, ATT×3"
493,nonsynonymous-only,0,1,6,6534,"S×3, F×1, V×1, Y×1","TCT×2301, TCC×1647, GTA×1483, TCA×1095, TAT×4, TTT×4"
494,nonsynonymous-only,0,1,5,6534,"A×1, F×1, I×1, T×1, V×1","TTT×2578, ATT×2296, ACT×1653, GTT×4, GCT×3"
495,nonsynonymous-only,0,1,5,5051,"A×2, D×1, E×1, K×1","GAA×2300, AAA×1095, GCT×962, GCC×692, GAT×2"
496,nonsynonymous-only,0,1,4,5439,"K×1, M×1, N×1, R×1","AGA×2296, AAT×1656, AAA×1483, ATG×4"
497,nonsynonymous-only,0,1,4,5439,"I×1, L×1, M×1, N×1","ATA×2296, AAC×1656, TTA×1483, ATG×4"
498,nonsynonymous-only,0,1,5,5435,"C×2, D×2, Y×1","TGC×2294, TGT×1483, GAC×1377, GAT×279, TAC×2"
499,nonsynonymous-only,0,1,4,5047,"G×1, I×1, L×1, R×1","GGA×2129, ATC×1656, CTT×1095, AGA×167"
500,nonsynonymous-only,0,1,4,7030,"S×2, F×1, T×1","TTT×2296, ACT×1983, TCG×1656, TCT×1095"
501,nonsynonymous-only,0,1,8,7034,"D×2, N×2, E×1, K×1, S×1, T×1","GAA×2296, GAC×1954, AAA×1656, ACA×1095, GAT×19, AAC×10, AAT×3, AGT×1"
502,nonsynonymous-only,0,1,6,8517,"K×2, E×1, R×1, S×1, T×1","AAA×2264, ACA×1983, GAA×1688, AGA×1483, AAG×1095, AGT×4"
503,nonsynonymous-only,0,1,2,8517,"I×1, V×1","ATT×8513, GTT×4"
504,nonsynonymous-only,0,1,5,6221,"E×2, H×1, M×1, N×1","CAT×1983, GAA×1654, AAC×1487, ATG×1095, GAG×2"
506,nonsynonymous-only,0,1,5,4561,"I×2, L×1, T×1, V×1","ATA×1985, ACA×1481, ATT×927, GTT×144, CTT×24"
507,nonsynonymous-only,0,1,6,8517,"L×3, F×2, H×1","CTC×2294, TTG×1983, CTT×1656, TTC×1483, CAC×1097, TTT×4"
508,nonsynonymous-only,0,1,4,8517,"D×1, F×1, I×1, L×1","TTT×5762, ATT×1656, CTT×1095, GAT×4"
509,nonsynonymous-only,0,1,5,7422,"R×2, G×1, Q×1, T×1","CGA×3949, AGA×1983, ACA×1483, GGA×4, CAA×3"
511,nonsynonymous-only,0,1,3,1661,"F×1, R×1, V×1","TTT×1654, GTT×6, AGG×1"
512,nonsynonymous-only,0,1,3,1661,"C×1, I×1, M×1","ATT×1656, TGT×4, ATG×1"
513,nonsynonymous-only,0,1,2,1661,"I×1, R×1","ATT×1660, CGC×1"
516,nonsynonymous-only,0,1,4,4562,"M×1, Q×1, R×1, S×1","ATG×1983, AGG×1483, CAG×1095, TCG×1"
517,nonsynonymous-only,0,1,5,8517,"K×2, R×2, S×1","AAA×3077, AGG×2296, AAG×1657, AGT×1483, AGA×4"
518,nonsynonymous-only,0,1,5,6539,"Y×2, I×1, K×1, M×1","ATG×2296, AAG×1656, TAT×1300, ATA×1099, TAC×188"
519,nonsynonymous-only,0,1,8,8517,"L×2, R×2, C×1, N×1, P×1, Y×1","CGC×2294, CCT×1982, CGA×1656, TAC×1483, AAT×1095, TTA×4, TGC×2, CTT×1"
520,nonsynonymous-only,0,1,5,5230,"E×2, Q×1, V×1, W×1","TGG×2091, GAG×1654, CAG×1483, GAA×1, GTG×1"
521,nonsynonymous-only,0,1,5,7422,"K×2, E×1, Q×1, R×1","AAA×3611, CAA×2296, AAG×1483, AGA×28, GAA×4"
522,nonsynonymous-only,0,1,5,7418,"K×1, L×1, M×1, N×1, S×1","TCA×2296, ATG×1983, AAT×1548, CTA×1483, AAG×108"
524,nonsynonymous-only,0,1,3,1983,"I×1, T×1, V×1","ATT×1783, ACT×198, GTT×2"
526,nonsynonymous-only,0,1,4,7421,"C×1, F×1, H×1, Y×1","TGC×2299, TAC×1983, CAC×1656, TTT×1483"
527,nonsynonymous-only,0,1,4,7421,"K×2, E×1, G×1","AAA×4281, GAA×1656, GGG×1483, AAG×1"
528,nonsynonymous-only,0,1,5,5765,"T×3, I×2","ACA×2288, ACC×1983, ACT×1465, ATT×18, ATA×11"
530,nonsynonymous-only,0,1,3,3715,"L×1, R×1, S×1","TCG×2221, CGA×1483, TTG×11"
531,nonsynonymous-only,0,1,4,3786,"I×1, K×1, S×1, T×1","AGC×2298, ATC×1483, AAG×4, ACC×1"
532,nonsynonymous-only,0,1,4,5442,"N×2, V×1, Y×1","AAC×2299, TAT×1656, GTC×1483, AAT×4"
533,nonsynonymous-only,0,1,3,5442,"C×1, F×1, R×1","TTT×3782, TGT×1656, CGT×4"
534,nonsynonymous-only,0,1,3,5442,"F×1, L×1, M×1","ATG×3782, TTA×1656, TTT×4"
535,nonsynonymous-only,0,1,3,5442,"I×1, L×1, T×1","ATA×3784, TTA×1656, ACA×2"
536,nonsynonymous-only,0,1,7,8521,"R×3, L×1, P×1, S×1, W×1","TGG×2299, CGG×1976, CGC×1656, TCG×1483, CTG×823, CCG×273, CGA×11"
537,nonsynonymous-only,0,1,9,8521,"K×2, E×1, I×1, M×1, Q×1, R×1, T×1, Y×1","AAA×2751, AAG×1983, CAG×1477, ATA×1354, ACA×944, CGG×6, TAT×4, ATG×1, GAA×1"
538,nonsynonymous-only,0,1,8,8517,"K×2, L×2, S×2, F×1, I×1","TTT×2299, TCC×1982, ATA×1654, AAG×1482, TTG×1096, TTA×2, AAA×1, TCG×1"
539,nonsynonymous-only,0,1,7,8520,"L×2, S×2, F×1, K×1, W×1","TTG×3168, AAA×1982, TCC×1656, AGC×1483, TGG×226, TTT×4, TTA×1"
540,nonsynonymous-only,0,1,7,8520,"L×2, V×2, I×1, P×1, T×1","CTC×2299, CCA×1981, GTC×1619, GTT×1483, ACC×1096, ATC×41, CTA×1"
541,nonsynonymous-only,0,1,6,7424,"K×2, R×2, N×1, W×1","AAG×2288, AAA×1961, AAT×1656, TGG×1483, AGA×33, CGA×3"
542,nonsynonymous-only,0,1,5,7424,"N×2, F×1, T×1, Y×1","AAC×3770, ACA×1982, TAT×1656, AAT×12, TTC×4"
543,nonsynonymous-only,0,1,5,5941,"R×2, A×1, N×1, W×1","CGC×2285, AAC×1982, TGG×1656, CGT×14, GCG×4"
544,nonsynonymous-only,0,1,3,2756,"E×1, K×1, R×1","AAA×1658, GAA×1096, AGA×2"
545,nonsynonymous-only,0,1,5,7037,"P×2, A×1, L×1, R×1","TTA×3078, CGA×1656, CCA×1197, CCT×1105, GCT×1"
546,synonymous-only,1,0,2,4738,L×2,"TTG×2754, TTA×1984"
547,nonsynonymous-only,0,1,7,8520,"R×2, T×2, I×1, M×1, N×1","AGG×2298, ACC×1982, AAT×1656, ACA×1483, ATG×1096, ATT×4, AGA×1"
548,nonsynonymous-only,0,1,7,8520,"D×1, G×1, L×1, N×1, P×1, R×1, S×1","CGT×3138, CCA×2298, AAC×1981, TCA×1097, GGA×4, CTT×1, GAC×1"
549,nonsynonymous-only,0,1,8,8520,"L×4, C×1, F×1, P×1, T×1","TTG×2299, CTG×1982, CTT×1655, ACA×1483, CTA×1092, CCA×4, TGC×4, TTT×1"
550,nonsynonymous-only,0,1,6,8520,"I×1, M×1, N×1, R×1, S×1, T×1","ACG×3572, ATC×1656, AAC×1568, AGA×1096, AGC×414, ATG×214"
552,nonsynonymous-only,0,1,4,4565,"F×1, I×1, L×1, Q×1","CTG×2822, TTT×1096, CAG×643, ATT×4"
553,nonsynonymous-only,0,1,4,4565,"H×1, I×1, K×1, R×1","AAA×1982, ATA×1100, CGC×1091, CAC×392"
554,nonsynonymous-only,0,1,5,6221,"A×2, I×1, N×1, V×1","AAC×1982, GTT×1660, GCT×1481, ATT×1096, GCC×2"
555,nonsynonymous-only,0,1,4,4565,"F×1, L×1, Q×1, R×1","TTG×2579, CGA×1720, CAA×262, TTC×4"
557,nonsynonymous-only,0,1,3,2579,"R×2, L×1","CTT×1483, CGA×1095, CGG×1"
558,nonsynonymous-only,0,1,2,2579,"C×1, S×1","TGC×1483, AGC×1096"
559,nonsynonymous-only,0,1,3,2579,"A×1, G×1, T×1","GCT×1473, GGT×1096, ACT×10"
560,nonsynonymous-only,0,1,3,2579,"C×1, S×1, Y×1","TCA×1483, TAT×1094, TGT×2"
561,nonsynonymous-only,0,1,3,2579,"C×1, F×1, R×1","TTT×1483, CGT×1095, TGT×1"
562,nonsynonymous-only,0,1,5,4567,"E×1, I×1, K×1, Q×1, T×1","GAA×1972, ACA×1483, ATT×1096, AAA×12, CAA×4"
563,nonsynonymous-only,0,1,6,6223,"K×2, R×2, D×1, N×1","AGA×1955, AAT×1656, AAG×1483, CGT×1096, AAA×29, GAT×4"
564,nonsynonymous-only,0,1,6,8522,"C×2, G×2, F×1, Y×1","TGC×2299, TGT×1984, GGC×1656, TAC×1483, TTC×1096, GGA×4"
565,nonsynonymous-only,0,1,6,8522,"N×2, S×2, C×1, D×1","AGC×2234, TGC×1984, AGT×1721, GAT×1481, AAC×1096, AAT×6"
566,nonsynonymous-only,0,1,6,6753,"L×3, P×1, Q×1, R×1","CAA×3997, TTA×1653, CCA×1095, CGT×4, TTG×3, CTA×1"
567,nonsynonymous-only,0,1,3,4563,"T×2, I×1","ATT×2661, ACG×1483, ACT×419"
568,nonsynonymous-only,0,1,3,1984,"A×1, D×1, S×1","GCT×1980, GAT×3, TCT×1"
572,nonsynonymous-only,0,1,6,4563,"I×3, L×1, S×1, T×1","ACC×1984, TCA×1482, ATT×1052, ATA×37, ATC×7, TTA×1"
573,nonsynonymous-only,0,1,3,4563,"A×1, K×1, Y×1","GCC×1984, AAG×1483, TAT×1096"
574,nonsynonymous-only,0,1,4,4563,"N×2, A×1, K×1","AAC×1980, AAG×1483, GCA×1096, AAT×4"
575,nonsynonymous-only,0,1,7,8522,"I×2, F×1, L×1, M×1, V×1, W×1","ATT×4257, ATG×2752, GTC×1482, TTT×26, TTG×3, ATC×1, TGG×1"
576,nonsynonymous-only,0,1,6,6538,"H×1, M×1, Q×1, R×1, S×1, T×1","CAA×2299, CAT×1656, AGT×1096, ACG×1086, ATG×397, CGT×4"
577,nonsynonymous-only,0,1,3,5379,"E×1, L×1, R×1","GAA×2299, CGA×1984, TTA×1096"
578,nonsynonymous-only,0,1,9,8522,"A×2, N×2, D×1, H×1, L×1, R×1, V×1","GCC×2299, AAC×1943, GCA×1631, TTG×1483, CAC×1098, AAT×29, GTA×25, GAC×12, CGC×2"
579,nonsynonymous-only,0,1,6,8522,"S×2, F×1, I×1, N×1, P×1","ATT×3395, CCT×1656, TCC×1473, AAT×1362, AGT×626, TTC×10"
580,nonsynonymous-only,0,1,6,8522,"V×2, A×1, F×1, I×1, S×1","ATC×3143, GTC×2296, GCT×1907, AGT×1096, GTT×79, TTC×1"
581,nonsynonymous-only,0,1,5,8522,"C×1, F×1, L×1, P×1, S×1","TTT×2314, CCT×1967, TGT×1656, CTG×1483, TCT×1102"
582,nonsynonymous-only,0,1,6,8522,"F×2, I×2, L×1, S×1","TTC×2743, TTT×2299, TCC×1984, ATT×1483, TTA×9, ATC×4"
583,nonsynonymous-only,0,1,3,3399,"E×1, K×1, L×1","GAA×2299, TTG×1096, AAA×4"
584,nonsynonymous-only,0,1,4,4882,"I×1, K×1, Q×1, R×1","CAA×2299, ATA×1483, AAA×1096, AGA×4"
585,nonsynonymous-only,0,1,7,4882,"L×3, R×2, I×1, M×1","TTA×2228, ATG×1483, CGC×1091, CTA×59, TTG×12, CGT×5, ATA×4"
586,nonsynonymous-only,0,1,3,4882,"I×1, S×1, T×1","ATC×3398, TCC×1483, ACC×1"
587,nonsynonymous-only,0,1,4,7426,"Q×2, E×1, V×1","CAA×4283, GAA×1656, GTA×1483, CAG×4"
588,nonsynonymous-only,0,1,6,7424,"A×1, D×1, E×1, I×1, K×1, T×1","GAA×2297, GAT×1656, AAA×1483, GCA×1475, ACA×509, ATA×4"
589,nonsynonymous-only,0,1,8,7423,"Q×2, A×1, I×1, K×1, L×1, T×1, V×1","AAA×2296, CAG×1906, GTA×1380, ATA×1100, ACA×383, GCA×276, CAA×78, CTA×4"
590,synonymous-only,1,0,2,7033,L×2,"TTG×3952, TTA×3081"
591,nonsynonymous-only,0,1,6,8516,"G×2, K×2, I×1, T×1","AAA×3444, ACA×2297, ATT×1656, GGC×631, GGT×465, AAG×23"
592,nonsynonymous-only,0,1,4,6860,"E×2, K×2","GAG×2297, GAA×1984, AAG×1483, AAA×1096"
593,nonsynonymous-only,0,1,3,6860,"D×1, H×1, N×1","GAT×3384, CAC×1984, AAT×1492"
594,nonsynonymous-only,0,1,4,8520,"F×2, P×1, Y×1","TTC×5436, TAT×1984, CCT×1096, TTT×4"
595,nonsynonymous-only,0,1,5,8520,"K×2, E×1, P×1, Q×1","CAG×3954, AAG×2578, CCG×1984, GAG×3, AAA×1"
596,nonsynonymous-only,0,1,5,7035,"N×2, H×1, K×1, R×1","AAT×2297, CGA×1984, AAA×1393, CAT×1096, AAC×265"
597,nonsynonymous-only,0,1,4,6864,"T×2, I×1, P×1","CCT×2579, ATT×2301, ACG×1952, ACA×32"
598,nonsynonymous-only,0,1,4,5381,"L×2, M×1, V×1","TTA×3374, GTT×1984, TTG×19, ATG×4"
599,nonsynonymous-only,0,1,5,6864,"S×3, I×1, N×1","ATT×3780, TCC×1983, AAT×1096, AGT×4, TCT×1"
600,nonsynonymous-only,0,1,2,1988,"G×1, L×1","CTC×1984, GGC×4"
601,synonymous-only,1,0,2,4,N×2,"AAT×3, AAC×1"
608,nonsynonymous-only,0,1,4,3397,"H×2, S×1, Y×1","CAC×2287, AGT×1096, TAC×10, CAT×4"
609,nonsynonymous-only,0,1,2,3397,"I×1, L×1","CTT×2297, ATT×1100"
610,nonsynonymous-only,0,1,2,3393,"R×1, Y×1","TAT×2297, CGA×1096"
611,nonsynonymous-only,0,1,4,3397,"A×1, F×1, N×1, S×1","TCT×2296, AAT×1096, TTT×4, GCT×1"
612,nonsynonymous-only,0,1,3,3397,"A×1, L×1, M×1","GCT×2297, ATG×1096, CTA×4"
613,nonsynonymous-only,0,1,2,4876,"I×1, V×1","GTT×3393, ATC×1483"
614,nonsynonymous-only,0,1,3,4876,"F×2, L×1","TTT×2297, TTC×1483, TTA×1096"
615,nonsynonymous-only,0,1,4,6532,"A×1, D×1, E×1, Y×1","TAT×3780, GAA×1654, GAT×1096, GCA×2"
616,nonsynonymous-only,0,1,4,6532,"H×1, P×1, S×1, Y×1","TAT×2579, TCT×2297, CCT×1655, CAT×1"
617,nonsynonymous-only,0,1,4,5048,"A×1, L×1, P×1, T×1","GCA×2296, ACA×1656, CCA×1095, CTA×1"
618,nonsynonymous-only,0,1,2,5048,"Q×1, T×1","ACA×2752, CAA×2296"
619,nonsynonymous-only,0,1,5,5052,"E×1, M×1, R×1, T×1, V×1","ATG×2295, GTC×1656, GAG×1096, ACA×4, AGG×1"
620,nonsynonymous-only,0,1,4,5052,"F×1, I×1, M×1, N×1","AAT×2296, ATT×1657, TTT×1096, ATG×3"
621,nonsynonymous-only,0,1,3,5052,"D×2, E×1","GAA×3392, GAC×1656, GAT×4"
622,nonsynonymous-only,0,1,6,5052,"T×3, E×1, I×1, S×1","ACA×2690, GAA×1656, ACG×609, ATA×92, ACT×4, TCA×1"
623,nonsynonymous-only,0,1,3,3956,"F×1, L×1, S×1","TTT×2296, CTT×1656, TCT×4"
624,nonsynonymous-only,0,1,2,3956,"L×1, Y×1","TAT×2300, TTA×1656"
625,nonsynonymous-only,0,1,5,6535,"E×1, K×1, S×1, T×1, W×1","TCA×2296, ACA×1656, GAA×1483, AAA×1096, TGG×4"
626,nonsynonymous-only,0,1,3,6535,"D×1, E×1, Y×1","GAA×4235, GAT×2296, TAT×4"
627,nonsynonymous-only,0,1,9,8519,"V×3, A×1, E×1, I×1, M×1, N×1, T×1","ACC×2294, GTG×1878, GTT×1656, GAG×1483, ATT×1096, GTC×104, GCG×4, AAC×2, ATG×2"
628,nonsynonymous-only,0,1,3,8519,"K×1, N×1, Q×1","AAA×5380, CAA×1656, AAC×1483"
629,nonsynonymous-only,0,1,5,8519,"N×2, T×2, K×1","AAT×3430, AAC×3429, ACT×1165, ACC×491, AAA×4"
630,nonsynonymous-only,0,1,3,3396,"I×2, A×1","ATC×2296, ATT×1096, GCT×4"
631,nonsynonymous-only,0,1,3,3392,"Y×2, I×1","TAT×2293, ATT×1096, TAC×3"
633,synonymous-only,1,0,3,2296,G×3,"GGC×2286, GGT×9, GGA×1"
635,nonsynonymous-only,0,1,4,5376,"V×2, E×1, S×1","TCA×1984, GTA×1839, GAA×1096, GTC×457"
636,nonsynonymous-only,0,1,4,5380,"N×1, S×1, T×1, V×1","ACC×2296, GTC×1984, AGT×1096, AAC×4"
637,nonsynonymous-only,0,1,6,7036,"Q×2, N×1, R×1, S×1, T×1","CAG×2156, CGC×1984, AAT×1656, AGT×1096, CAA×140, ACA×4"
638,nonsynonymous-only,0,1,3,5376,"Y×2, C×1","TAT×3392, TGC×1933, TAC×51"
639,synonymous-only,1,0,2,7036,Q×2,"CAA×3956, CAG×3080"
640,nonsynonymous-only,0,1,5,5052,"A×1, D×1, L×1, M×1, V×1","GCT×2294, CTA×1656, ATG×1096, GAC×4, GTT×2"
641,nonsynonymous-only,0,1,4,5052,"A×1, E×1, S×1, V×1","GCT×2296, GTT×1656, GAG×1096, AGT×4"
642,nonsynonymous-only,0,1,4,3955,"K×2, M×1, W×1","AAG×2294, ATG×1656, TGG×3, AAA×2"
643,nonsynonymous-only,0,1,5,3956,"A×2, T×2, I×1","ACC×2161, GCT×1656, GCC×126, ATC×11, ACA×2"
644,nonsynonymous-only,0,1,3,3957,"K×1, M×1, T×1","ATG×2297, ACG×1656, AAG×4"
645,nonsynonymous-only,0,1,3,3953,"V×2, L×1","GTG×2263, CTG×1656, GTA×34"
646,nonsynonymous-only,0,1,5,3953,"D×1, E×1, I×1, N×1, S×1","GAC×2296, AAC×1644, AGC×11, ATC×1, GAA×1"
647,nonsynonymous-only,0,1,2,3953,"F×1, N×1","TTT×2297, AAC×1656"
648,nonsynonymous-only,0,1,3,3953,"L×2, C×1","CTA×1927, TGT×1656, TTA×370"
650,nonsynonymous-only,0,1,4,3953,"T×2, A×1, L×1","ACA×1748, CTT×1656, ACG×506, GCA×43"
651,synonymous-only,1,0,2,2297,L×2,"TTG×2176, CTG×121"
652,synonymous-only,1,0,2,2297,F×2,"TTT×2292, TTC×5"
653,nonsynonymous-only,0,1,5,7420,"G×2, E×1, N×1, R×1","GGG×2282, AGA×1984, AAC×1656, GAG×1483, GGC×15"
654,nonsynonymous-only,0,1,3,7420,"I×2, V×1","ATT×3780, ATA×1984, GTT×1656"
655,nonsynonymous-only,0,1,4,7420,"P×2, H×1, S×1","TCT×2297, CCG×1976, CAT×1656, CCT×1491"
656,nonsynonymous-only,0,1,3,5764,"F×2, L×1","TTT×4267, TTC×1483, TTA×14"
657,nonsynonymous-only,0,1,7,6864,"L×2, P×2, A×1, D×1, F×1","GCT×2297, CTT×1949, GAT×1483, CCT×1084, TTT×35, CCC×12, TTA×4"
658,nonsynonymous-only,0,1,5,8520,"D×2, E×1, K×1, Y×1","GAT×3953, GAA×2579, GAC×1948, TAC×36, AAG×4"
659,nonsynonymous-only,0,1,5,8520,"I×1, M×1, R×1, S×1, T×1","ATT×3139, ACG×2297, AGA×1984, TCT×1096, ATG×4"
660,nonsynonymous-only,0,1,6,8520,"E×2, G×2, D×1, K×1","GAA×4941, GGT×1969, GGC×1483, GAG×108, GAT×15, AAG×4"
661,nonsynonymous-only,0,1,6,8520,"I×2, F×1, L×1, S×1, T×1","ATC×2005, ACT×1984, CTA×1656, TTT×1483, AGT×1096, ATT×296"
662,nonsynonymous-only,0,1,5,6532,"F×1, I×1, L×1, S×1, Y×1","CTC×2297, TCC×1650, ATT×1483, TAC×1096, TTC×6"
663,nonsynonymous-only,0,1,4,6536,"F×1, Q×1, S×1, Y×1","TTT×2301, CAG×1656, AGT×1483, TAT×1096"
664,nonsynonymous-only,0,1,4,6536,"F×2, L×1, M×1","ATG×3139, TTC×1415, TTA×1100, TTT×882"
665,nonsynonymous-only,0,1,4,8520,"A×1, D×1, F×1, S×1","GAT×3953, TCT×1984, TTT×1487, GCT×1096"
666,nonsynonymous-only,0,1,8,8520,"L×2, R×2, V×2, I×1, Q×1","CTA×2297, GTA×1971, CGA×1654, TTA×1483, GTT×1096, ATA×13, CGT×4, CAA×2"
667,nonsynonymous-only,0,1,5,8520,"L×2, F×1, I×1, S×1","TTT×2301, TTA×1984, ATT×1656, TCT×1483, TTG×1096"
668,nonsynonymous-only,0,1,4,8520,"I×2, L×2","ATT×5369, CTC×1574, CTT×1506, ATA×71"
669,nonsynonymous-only,0,1,4,4239,"I×1, N×1, S×1, V×1","GTC×1656, AAT×1483, ATT×1096, TCC×4"
670,nonsynonymous-only,0,1,2,1660,"M×1, T×1","ACC×1656, ATG×4"
673,nonsynonymous-only,0,1,2,1656,"L×1, P×1","CTT×1655, CCT×1"
675,nonsynonymous-only,0,1,2,1656,"S×1, Y×1","TAT×1345, TCT×311"
676,synonymous-only,1,0,2,1656,S×2,"TCG×1652, TCA×4"
678,nonsynonymous-only,0,1,2,1656,"A×1, S×1","TCA×1655, GCA×1"
679,nonsynonymous-only,0,1,2,3139,"G×1, V×1","GTA×3138, GGA×1"
681,nonsynonymous-only,0,1,6,5134,"K×2, E×1, Q×1, R×1, W×1","CGG×1944, AAG×1483, GAA×1425, AAA×235, TGG×40, CAA×7"
682,nonsynonymous-only,0,1,7,8520,"E×2, G×1, K×1, N×1, R×1, S×1","AGT×3953, AGA×1794, AAA×1483, GAG×1096, GGA×189, AAT×4, GAA×1"
683,nonsynonymous-only,0,1,7,8520,"H×2, N×2, E×1, K×1, Y×1","CAC×3951, AAT×1984, GAA×1483, AAA×1096, AAC×4, CAT×1, TAC×1"
684,nonsynonymous-only,0,1,5,8520,"F×1, I×1, L×1, S×1, Y×1","AGC×2297, TTC×1989, TAT×1656, CTC×1482, ATC×1096"
685,nonsynonymous-only,0,1,5,4239,"E×1, K×1, L×1, P×1, Q×1","CCG×1656, CAG×1483, CTG×1096, AAA×3, GAA×1"
686,nonsynonymous-only,0,1,4,8520,"R×2, K×1, N×1","AAA×5436, AAC×1984, AGG×1096, AGA×4"
687,nonsynonymous-only,0,1,7,8520,"A×2, K×2, D×1, I×1, L×1","AAG×2297, GAT×1984, GCG×1630, ATA×1483, CTG×1096, GCA×26, AAA×4"
688,nonsynonymous-only,0,1,3,5378,"S×2, A×1","AGC×2298, TCC×1984, GCC×1096"
689,nonsynonymous-only,0,1,4,5378,"A×2, G×1, L×1","GCA×2297, TTA×1984, GGA×1096, GCG×1"
690,nonsynonymous-only,0,1,4,4287,"L×2, F×1, P×1","CTC×2297, CCA×1984, TTA×5, TTC×1"
691,nonsynonymous-only,0,1,4,2307,"I×1, K×1, R×1, S×1","AGA×1152, AGT×1135, ATT×16, AAA×4"
692,nonsynonymous-only,0,1,2,319,"L×1, R×1","CGA×315, TTA×4"
693,nonsynonymous-only,0,1,3,2307,"G×1, K×1, R×1","AGA×2298, GGA×5, AAA×4"
695,nonsynonymous-only,0,1,3,3781,"L×2, C×1","CTG×2286, TGT×1483, CTA×12"
697,nonsynonymous-only,0,1,3,4877,"C×1, H×1, R×1","CGT×2288, TGT×1493, CAT×1096"
698,nonsynonymous-only,0,1,8,6866,"A×1, C×1, D×1, G×1, I×1, T×1, V×1, Y×1","TAT×2302, GCT×1979, GTT×1470, TGT×1096, ATT×13, GAT×4, ACT×1, GGT×1"
699,nonsynonymous-only,0,1,6,8522,"C×1, D×1, H×1, P×1, R×1, Y×1","CGT×4862, CCT×1984, GAT×1657, TGT×14, TAT×4, CAT×1"
700,nonsynonymous-only,0,1,7,8522,"C×1, F×1, G×1, H×1, L×1, P×1, R×1","CGT×4278, TGT×1657, CTT×1481, GGC×1096, TTT×5, CAT×4, CCT×1"
701,nonsynonymous-only,0,1,4,8519,"C×1, G×1, N×1, S×1","TGC×5046, GGC×1975, AAT×1483, AGC×15"
702,nonsynonymous-only,0,1,4,8523,"A×1, P×1, S×1, T×1","GCA×4547, ACA×1819, CCA×1657, TCA×500"
703,nonsynonymous-only,0,1,3,8517,"Q×1, R×1, W×1","TGG×5767, CGG×2749, CAG×1"
704,nonsynonymous-only,0,1,10,6541,"C×2, I×2, E×1, G×1, K×1, L×1, R×1, Y×1","TGC×1807, ATA×1655, GGA×1483, AAA×1094, TAC×483, TGT×8, TTA×4, CGA×3, ATT×2, GAA×2"
705,nonsynonymous-only,0,1,6,7427,"C×1, F×1, G×1, I×1, R×1, V×1","CGC×2240, ATC×1984, TGC×1657, TTC×1487, GGC×58, GTC×1"
706,nonsynonymous-only,0,1,4,8523,"D×1, H×1, N×1, Y×1","GAC×4156, TAC×2538, CAC×1702, AAC×127"
707,nonsynonymous-only,0,1,4,8523,"C×1, G×1, R×1, S×1","TGC×3470, GGC×2298, AGC×1657, CGC×1098"
708,nonsynonymous-only,0,1,4,7252,"H×1, K×1, L×1, Q×1","CAG×2127, CAC×1930, AAG×1657, CTC×1538"
709,nonsynonymous-only,0,1,2,5654,"K×1, Q×1","AAG×3468, CAG×2186"
710,nonsynonymous-only,0,1,3,8523,"H×1, L×1, Y×1","TAT×6734, CAT×1785, CTT×4"
711,nonsynonymous-only,0,1,7,8523,"G×2, C×1, D×1, P×1, S×1, V×1","GGT×3393, TCA×1984, TGC×1657, GTT×1483, GGC×4, CCA×1, GAT×1"
712,nonsynonymous-only,0,1,4,6225,"E×1, K×1, S×1, T×1","GAA×3137, AGC×1985, ACA×1096, AAA×7"
713,nonsynonymous-only,0,1,6,8522,"C×1, I×1, N×1, R×1, S×1, V×1","GTA×2291, CGT×1897, TGT×1749, AAC×1483, AGT×1096, ATA×6"
714,nonsynonymous-only,0,1,8,8522,"R×3, C×1, G×1, H×1, S×1, Y×1","TGC×3638, CAC×2297, CGC×1483, GGT×1089, AGT×6, CGG×4, TAC×4, CGT×1"
715,nonsynonymous-only,0,1,6,8521,"Q×2, F×1, K×1, L×1, P×1","CAA×4280, AAA×1661, CCA×1483, TTC×1082, CTC×14, CAG×1"
716,nonsynonymous-only,0,1,6,8522,"S×2, P×1, Q×1, R×1, T×1","CCT×2295, CAA×1985, TCG×1661, AGA×1483, TCA×1096, ACT×2"
717,nonsynonymous-only,0,1,6,8522,"A×1, F×1, I×1, N×1, S×1, T×1","ATT×3081, TCT×2262, GCT×1656, ACT×1484, TTT×35, AAT×4"
718,nonsynonymous-only,0,1,5,6865,"V×2, F×1, M×1, T×1","GTT×3397, ATG×1983, TTT×1483, ACG×1, GTG×1"
719,nonsynonymous-only,0,1,6,6865,"R×2, F×1, K×1, L×1, W×1","TGG×1975, TTC×1672, AGG×1483, AAA×1100, CTC×625, CGG×10"
720,nonsynonymous-only,0,1,6,6865,"Y×2, A×1, C×1, I×1, N×1","AAC×3766, TAC×1975, TGT×1096, ATC×14, TAT×10, GCA×4"
721,nonsynonymous-only,0,1,7,5769,"L×2, D×1, I×1, K×1, N×1, V×1","AAC×2296, CTA×1980, GTC×1317, ATC×166, TTA×5, AAA×4, GAC×1"
722,nonsynonymous-only,0,1,4,5769,"C×1, G×1, N×1, Y×1","GGT×1992, TAT×1989, AAT×1483, TGT×305"
723,nonsynonymous-only,0,1,3,6865,"F×1, H×1, R×1","TTT×3085, CAT×2297, CGG×1483"
724,nonsynonymous-only,0,1,5,5733,"A×1, E×1, N×1, R×1, S×1","GCG×2297, AAC×1483, GAA×1096, CGA×853, TCA×4"
725,nonsynonymous-only,0,1,3,6865,"C×1, G×1, S×1","TGC×4286, AGC×1483, GGC×1096"
726,nonsynonymous-only,0,1,4,6865,"C×1, D×1, L×1, S×1","GAT×3468, AGT×2297, TGT×1096, TTA×4"
727,nonsynonymous-only,0,1,5,4240,"R×2, E×1, G×1, K×1","AAA×1490, GAA×1483, GGA×1096, AGA×167, CGA×4"
728,nonsynonymous-only,0,1,4,8522,"C×1, F×1, H×1, Y×1","TAT×4876, CAT×1989, TGT×1506, TTT×151"
729,nonsynonymous-only,0,1,3,8522,"A×2, D×1","GCC×8520, GAC×1, GCT×1"
730,nonsynonymous-only,0,1,6,8522,"A×1, D×1, F×1, L×1, N×1, V×1","GAT×2133, GTT×2046, CTT×1986, AAT×1825, TTT×531, GCT×1"
731,nonsynonymous-only,0,1,3,6225,"F×1, N×1, R×1","AAC×3468, TTT×1657, AGA×1100"
732,nonsynonymous-only,0,1,6,8522,"D×1, L×1, P×1, S×1, V×1, Y×1","TCA×3942, CTC×1984, GAT×1483, TAT×1100, CCA×12, GTC×1"
733,nonsynonymous-only,0,1,6,8522,"A×1, F×1, G×1, I×1, L×1, Y×1","ATC×3954, GGA×1483, TTC×1234, GCC×1096, CTC×751, TAC×4"
734,nonsynonymous-only,0,1,6,8522,"C×1, G×1, R×1, S×1, T×1, V×1","AGT×3421, GTT×1661, CGT×1233, GGT×1105, ACC×1096, TGT×6"
735,nonsynonymous-only,0,1,8,6865,"E×1, G×1, K×1, P×1, Q×1, R×1, S×1, T×1","GGA×2288, TCA×1483, CAG×1105, GAA×1096, CCG×879, AGA×9, AAA×4, ACG×1"
736,nonsynonymous-only,0,1,3,8518,"H×1, N×1, R×1","AGA×5378, CAT×1657, AAC×1483"
737,nonsynonymous-only,0,1,7,8521,"N×2, S×2, A×1, D×1, Y×1","AAC×2297, TAT×1985, GCC×1656, AAT×1473, AGC×1096, GAT×10, AGT×4"
738,nonsynonymous-only,0,1,8,8521,"R×2, V×2, F×1, G×1, I×1, L×1","ATT×2297, CGT×1985, GTT×1652, GTA×1482, TTT×1096, AGA×4, GGT×4, CTA×1"
739,nonsynonymous-only,0,1,5,7036,"R×3, A×1, K×1","AGA×3937, CGC×1984, GCG×1096, AAA×18, CGT×1"
740,synonymous-only,1,0,2,1656,C×2,"TGT×1655, TGC×1"
744,nonsynonymous-only,0,1,3,4239,"K×1, L×1, Q×1","AAA×2752, TTA×1483, CAG×4"
745,nonsynonymous-only,0,1,6,8519,"E×1, I×1, K×1, N×1, R×1, V×1","AAA×2295, GAA×1985, AAT×1656, CGA×1483, ATC×1096, GTT×4"
746,nonsynonymous-only,0,1,7,8519,"V×3, N×2, F×1, L×1","GTT×3102, GTC×2274, TTC×1656, AAC×1434, AAT×49, GTA×3, CTA×1"
747,nonsynonymous-only,0,1,5,6552,"R×2, E×1, K×1, Q×1","CGT×2299, CGA×1649, CAA×1483, GAA×1096, AAA×25"
748,nonsynonymous-only,0,1,6,8519,"A×1, F×1, R×1, S×1, T×1, V×1","ACA×3118, AGA×1985, GCA×1926, GTA×1483, TTT×4, TCA×3"
749,nonsynonymous-only,0,1,7,8519,"I×2, L×2, V×2, F×1","ATT×3778, CTT×1630, GTG×1371, GTT×1096, CTG×614, TTT×26, ATC×4"
752,nonsynonymous-only,0,1,4,3641,"L×3, F×1","TTC×1985, CTA×1652, TTA×3, CTT×1"
753,nonsynonymous-only,0,1,6,7422,"R×2, E×1, K×1, S×1, Y×1","AAA×3735, TCA×1985, TAT×1656, GAA×43, AGA×2, CGA×1"
754,nonsynonymous-only,0,1,7,8515,"A×2, E×1, G×1, R×1, S×1, V×1","GCA×2288, GCG×1984, GGA×1656, AGA×1483, AGT×1096, GTA×7, GAG×1"
755,nonsynonymous-only,0,1,6,8512,"E×1, G×1, I×1, K×1, S×1, T×1","AAA×2288, GGA×1985, ACG×1656, ATC×1483, GAA×1096, TCG×4"
756,nonsynonymous-only,0,1,4,7416,"H×1, S×1, V×1, Y×1","TCA×3944, CAC×1985, GTT×1483, TAC×4"
757,nonsynonymous-only,0,1,7,8512,"I×2, F×1, G×1, K×1, R×1, V×1","AGA×2751, GTA×2288, ATC×1900, AAA×1484, TTC×84, GGA×4, ATT×1"
758,nonsynonymous-only,0,1,6,4863,"N×2, E×1, K×1, Q×1, T×1","ACA×1985, AAC×1653, GAA×628, AAA×468, CAA×122, AAT×7"
759,nonsynonymous-only,0,1,5,8512,"E×1, G×1, K×1, R×1, W×1","TGG×2579, AAA×2288, AGG×1985, GAG×1656, GGG×4"
760,nonsynonymous-only,0,1,6,8512,"D×1, E×1, K×1, N×1, R×1, T×1","CGT×3081, AAT×2287, GAA×1656, GAT×1483, ACT×4, AAA×1"
761,nonsynonymous-only,0,1,7,8512,"D×1, F×1, H×1, N×1, T×1, W×1, Y×1","TAT×2289, CAT×1984, TGG×1656, TTT×1483, ACT×1096, AAT×2, GAT×2"
762,nonsynonymous-only,0,1,5,8512,"F×1, H×1, I×1, V×1, Y×1","TTT×3948, ATT×2564, TAT×1937, CAT×48, GTT×15"
763,nonsynonymous-only,0,1,6,8537,"A×1, D×1, I×1, N×1, S×1, T×1","AAT×2235, GCT×2010, AGT×1656, ACT×1485, ATT×1098, GAT×53"
764,nonsynonymous-only,0,1,2,1656,"H×1, N×1","AAT×1655, CAT×1"
767,nonsynonymous-only,0,1,5,6817,"R×2, E×1, G×1, L×1","GGA×4583, CGA×2218, GAA×10, AGA×5, TTG×1"
768,nonsynonymous-only,0,1,3,8536,"H×1, R×1, Y×1","TAT×5850, CAT×2682, CGT×4"
769,nonsynonymous-only,0,1,4,8537,"R×2, G×1, W×1","GGG×6249, CGG×2226, AGG×61, TGG×1"
770,nonsynonymous-only,0,1,2,8537,"F×1, V×1","TTC×8495, GTC×42"
771,nonsynonymous-only,0,1,4,8537,"I×1, L×1, P×1, S×1","ATT×4235, CCT×3477, TCT×531, CTT×294"
772,nonsynonymous-only,0,1,6,6878,"D×2, K×2, G×1, V×1","GGT×2287, GAC×2010, AAA×1483, AAG×1096, GAT×1, GTT×1"
773,nonsynonymous-only,0,1,3,5781,"F×1, L×1, T×1","TTA×2288, ACA×2010, TTC×1483"
774,nonsynonymous-only,0,1,3,5782,"L×1, T×1, V×1","CTT×2289, ACT×2010, GTT×1483"
775,nonsynonymous-only,0,1,2,5775,"L×1, W×1","TGG×3765, TTA×2010"
777,nonsynonymous-only,0,1,4,5933,"C×1, K×1, R×1, T×1","TGC×2289, AAG×1984, AGA×1656, ACC×4"
778,nonsynonymous-only,0,1,5,5934,"N×2, F×1, S×1, Y×1","TAT×2289, TTT×1984, AAT×1656, AAC×4, TCT×1"
779,nonsynonymous-only,0,1,4,5934,"L×2, E×1, Q×1","CAG×2289, GAA×1985, TTA×1656, TTG×4"
780,nonsynonymous-only,0,1,3,5934,"S×1, T×1, V×1","TCA×3945, ACC×1985, GTA×4"
781,nonsynonymous-only,0,1,8,5934,"N×2, A×1, C×1, K×1, R×1, T×1, V×1","AAC×2040, GCA×1982, GTA×1656, AAA×248, ACA×3, CGC×2, TGC×2, AAT×1"
782,nonsynonymous-only,0,1,3,8513,"F×1, N×1, V×1","GTT×4574, AAT×1985, TTT×1954"
783,nonsynonymous-only,0,1,7,8508,"S×3, F×2, P×1, V×1","TCA×2288, TCT×1983, TCC×1643, GTT×1483, TTC×1096, CCC×13, TTT×2"
784,nonsynonymous-only,0,1,8,7029,"G×2, K×2, D×1, N×1, R×1, W×1","AAT×2054, TGG×1984, GGC×1420, AGA×1096, AAG×235, GGT×230, GAC×6, AAA×4"
785,nonsynonymous-only,0,1,3,8463,"G×1, I×1, R×1","AGA×6180, GGA×2279, ATA×4"
786,nonsynonymous-only,0,1,4,4239,"N×2, K×1, R×1","AGA×1656, AAC×1483, AAT×1096, AAA×4"
791,nonsynonymous-only,0,1,3,4239,"R×2, Q×1","AGG×2579, AGA×1656, CAG×4"
792,nonsynonymous-only,0,1,3,4239,"H×1, R×1, Y×1","AGG×1660, TAT×1483, CAT×1096"
793,nonsynonymous-only,0,1,6,3143,"P×2, S×2, A×1, F×1","TCC×1657, CCG×1478, TCG×5, CCC×1, GCC×1, TTC×1"
794,nonsynonymous-only,0,1,5,4239,"C×1, F×1, I×1, N×1, V×1","AAC×1483, TTT×1428, TGT×1096, GTT×230, ATT×2"
795,nonsynonymous-only,0,1,9,8513,"A×2, L×2, E×1, F×1, K×1, T×1, V×1","TTT×3384, GCT×2289, GCG×1096, AAA×763, GAA×720, CTT×254, TTA×3, ACT×2, GTT×2"
796,nonsynonymous-only,0,1,10,8510,"D×2, G×2, A×1, I×1, N×1, T×1, V×1, Y×1","GCT×2273, GGT×1985, ATT×1653, GGC×1483, GAC×1078, AAC×15, ACT×15, GAT×4, TAC×3, GTT×1"
797,nonsynonymous-only,0,1,5,8510,"D×1, N×1, S×1, V×1, Y×1","AAT×3942, GAT×3467, AGT×1096, TAT×4, GTT×1"
798,nonsynonymous-only,0,1,5,6189,"R×2, E×1, Q×1, Y×1","CAA×1955, GAA×1655, TAC×1483, AGA×1095, CGA×1"
799,nonsynonymous-only,0,1,4,6175,"H×1, L×1, N×1, Q×1","CAA×3592, AAT×1483, CAT×1096, TTA×4"
800,nonsynonymous-only,0,1,5,8512,"C×1, D×1, G×1, P×1, Y×1","TAT×2289, CCT×1985, TGT×1659, GAC×1483, GGT×1096"
801,nonsynonymous-only,0,1,6,8512,"D×1, E×1, F×1, K×1, N×1, Q×1","GAC×4718, CAA×2289, GAG×1481, AAC×18, TTC×4, AAG×2"
802,nonsynonymous-only,0,1,4,8512,"H×1, N×1, S×1, Y×1","CAC×4469, TCT×2289, AAC×1655, TAC×99"
803,nonsynonymous-only,0,1,2,1659,"K×1, T×1","AAG×1655, ACC×4"
804,nonsynonymous-only,0,1,7,8512,"A×1, C×1, D×1, F×1, I×1, L×1, N×1","CTT×3208, TGC×1985, AAT×1479, GCC×1096, ATT×722, TTT×18, GAT×4"
805,nonsynonymous-only,0,1,7,8512,"N×2, S×2, D×1, G×1, L×1","AAC×2285, CTA×1985, GGC×1492, GAT×1487, AAT×1092, AGC×167, AGT×4"
806,nonsynonymous-only,0,1,5,8512,"C×2, F×1, I×1, S×1","TGT×2579, ATT×2289, TGC×1985, TCT×1654, TTT×5"
807,nonsynonymous-only,0,1,8,8512,"V×2, A×1, I×1, L×1, R×1, S×1, T×1","GCT×2554, GTT×1985, GTC×1535, CTT×1483, TCT×810, ATC×120, ACT×21, AGA×4"
808,nonsynonymous-only,0,1,4,7416,"G×1, N×1, R×1, Y×1","AGA×3772, GGA×1985, TAT×1655, AAT×4"
809,nonsynonymous-only,0,1,4,6853,"S×2, D×1, N×1","AGC×2579, AGT×2289, AAT×1977, GAT×8"
810,nonsynonymous-only,0,1,4,6852,"D×1, G×1, W×1, Y×1","GGC×3384, TGG×1984, TAT×1483, GAC×1"
811,nonsynonymous-only,0,1,6,6853,"P×2, S×2, A×1, T×1","CCG×3330, TCA×1925, TCG×1483, CCA×61, GCG×50, ACG×4"
812,nonsynonymous-only,0,1,6,8512,"G×1, N×1, P×1, Q×1, R×1, S×1","AGA×3943, TCA×1987, AAT×1483, CAA×1096, CCA×2, GGA×1"
813,nonsynonymous-only,0,1,6,8512,"S×2, G×1, I×1, N×1, V×1","AGT×2289, ATT×1985, AGC×1655, GGC×1483, AAC×1096, GTT×4"
814,nonsynonymous-only,0,1,8,8512,"C×1, D×1, E×1, H×1, K×1, N×1, R×1, S×1","CAT×3930, AAT×1989, AAG×1478, CGC×1093, GAT×14, GAG×5, TGC×2, AGC×1"
815,nonsynonymous-only,0,1,4,5761,"E×1, L×1, R×1, S×1","TTA×2289, GAA×1985, CGT×1483, TCA×4"
816,nonsynonymous-only,0,1,5,6223,"R×2, G×1, K×1, L×1","CGA×1985, AGA×1655, GGG×1483, TTA×1096, AAA×4"
817,nonsynonymous-only,0,1,6,8512,"I×2, T×2, A×1, R×1","ATC×2289, ACA×1985, CGA×1655, ACG×1483, ATT×1096, GCA×4"
818,nonsynonymous-only,0,1,7,8512,"D×2, I×1, K×1, N×1, S×1, T×1","GAC×2287, ACT×1985, AGT×1655, AAG×1483, GAT×1097, ATT×4, AAC×1"
819,nonsynonymous-only,0,1,5,5044,"T×2, F×1, G×1, I×1","GGC×2289, TTC×1655, ACG×670, ACA×426, ATC×4"
820,nonsynonymous-only,0,1,3,1100,"Q×1, R×1, Y×1","CAA×1094, TAT×4, CGA×2"
821,nonsynonymous-only,0,1,4,8512,"L×3, F×1","TTG×5041, CTA×1985, TTA×1482, TTC×4"
822,nonsynonymous-only,0,1,8,8508,"E×2, I×1, K×1, N×1, R×1, S×1, W×1","AGT×2266, TGG×1984, AAG×1655, GAG×1483, GAA×1096, ATT×15, AAT×8, CGG×1"
823,nonsynonymous-only,0,1,5,8512,"D×1, I×1, N×1, T×1, Y×1","ATC×2289, TAT×1985, AAT×1659, GAC×1483, ACA×1096"
824,nonsynonymous-only,0,1,5,8512,"Y×2, C×1, I×1, L×1","TGC×3639, TAT×2289, ATT×1483, CTT×1096, TAC×5"
825,nonsynonymous-only,0,1,7,6527,"H×2, P×2, Y×2, S×1","TAC×3768, CCC×1654, CAC×1094, TAT×4, TCA×4, CAT×2, CCA×1"
826,nonsynonymous-only,0,1,2,3142,"K×1, Q×1","AAA×1659, CAA×1483"
827,nonsynonymous-only,0,1,2,3138,"K×1, N×1","AAG×1655, AAT×1483"
828,nonsynonymous-only,0,1,2,3138,"I×1, R×1","CGT×1655, ATT×1483"
830,nonsynonymous-only,0,1,4,1655,"R×2, Q×1, W×1","CGG×1435, CAG×173, AGG×44, TGG×3"
832,nonsynonymous-only,0,1,6,8512,"T×2, F×1, I×1, N×1, S×1","AGT×3385, ACC×1949, ATC×1655, TTT×1483, ACA×36, AAT×4"
833,nonsynonymous-only,0,1,7,8511,"A×1, I×1, L×1, P×1, Q×1, R×1, V×1","CTT×4581, GCT×1969, CAA×1654, CCT×287, GTT×15, ATT×4, CGA×1"
834,nonsynonymous-only,0,1,4,7413,"E×1, K×1, L×1, M×1","AAA×2293, GAA×1982, ATG×1655, TTG×1483"
835,nonsynonymous-only,0,1,5,8516,"K×1, N×1, R×1, S×1, T×1","AAA×4563, AGA×2289, AAT×1658, AGT×5, ACT×1"
836,nonsynonymous-only,0,1,5,8516,"G×2, A×1, K×1, T×1","AAA×4282, GGG×1651, GCG×1483, ACT×1096, GGA×4"
838,nonsynonymous-only,0,1,3,2583,"C×1, H×1, Q×1","TGT×1483, CAT×1096, CAA×4"
839,nonsynonymous-only,0,1,4,2583,"K×2, E×1, G×1","GAG×1483, GGC×1096, AAA×2, AAG×2"
840,nonsynonymous-only,0,1,3,2583,"Q×1, R×1, Y×1","AGA×1483, TAT×1096, CAA×4"
841,nonsynonymous-only,0,1,7,8511,"T×3, I×2, A×1, L×1","ATC×3938, ACC×1949, ACA×1483, GCC×1096, ACT×35, ATA×6, TTA×4"
842,nonsynonymous-only,0,1,4,8511,"I×3, D×1","GAT×3080, ATC×2289, ATA×1655, ATT×1487"
843,nonsynonymous-only,0,1,7,8511,"V×2, A×1, F×1, I×1, L×1, S×1","GCG×2287, GTA×1984, TTA×1658, TCG×1483, ATT×1096, GTG×2, TTT×1"
844,nonsynonymous-only,0,1,9,8511,"L×2, P×2, Q×2, R×2, F×1","CCT×3909, CAG×1881, CGC×1079, TTC×922, CTC×561, CAA×103, CTT×35, CGT×17, CCA×4"
845,nonsynonymous-only,0,1,4,4739,"E×1, K×1, Q×1, Y×1","TAC×1984, GAA×1655, CAA×1096, AAA×4"
846,nonsynonymous-only,0,1,6,8512,"S×2, F×1, K×1, N×1, Q×1","TTT×4220, AAT×1654, TCT×1537, AGT×1096, CAA×4, AAG×1"
847,nonsynonymous-only,0,1,5,8512,"A×2, E×2, K×1","GCA×3759, GAA×3080, AAA×1655, GCC×14, GAG×4"
848,nonsynonymous-only,0,1,5,6528,"T×2, V×2, K×1","ACG×2750, GTA×2289, AAA×1487, ACA×1, GTG×1"
849,nonsynonymous-only,0,1,3,5045,"K×2, E×1","AAG×2294, GAA×1655, AAA×1096"
850,nonsynonymous-only,0,1,3,2755,"R×2, Q×1","CGT×1654, CAA×1100, CGC×1"
851,nonsynonymous-only,0,1,5,7029,"V×2, A×1, G×1, I×1","GTC×3942, GGC×1984, ATC×1096, GCT×4, GTT×3"
852,nonsynonymous-only,0,1,6,8512,"A×2, F×1, I×1, T×1, V×1","ATT×2755, GCT×2275, TTT×1984, GTC×1483, ACT×14, GCA×1"
853,nonsynonymous-only,0,1,4,8512,"E×1, K×1, L×1, S×1","TCA×4274, TTA×1659, AAA×1483, GAA×1096"
854,nonsynonymous-only,0,1,7,8512,"T×2, V×2, L×1, M×1, N×1","ACG×3745, GTG×1672, ACA×1659, AAT×1096, GTA×309, ATG×28, TTG×3"
855,nonsynonymous-only,0,1,5,5618,"E×1, K×1, L×1, R×1, W×1","AGG×2283, GAA×1984, TGG×1096, TTA×248, AAG×7"
858,nonsynonymous-only,0,1,2,6853,"K×1, R×1","AAA×5757, AGA×1096"
859,nonsynonymous-only,0,1,3,4870,"A×1, N×1, V×1","GCA×2579, GTT×2290, AAT×1"
860,nonsynonymous-only,0,1,4,6853,"I×2, L×1, V×1","CTC×2290, ATC×1984, GTA×1483, ATT×1096"
861,synonymous-only,1,0,2,6853,I×2,"ATT×5370, ATC×1483"
862,nonsynonymous-only,0,1,4,6853,"V×2, A×1, I×1","ATT×2290, GTC×1984, GTG×1483, GCT×1096"
863,nonsynonymous-only,0,1,6,6853,"S×2, T×2, F×1, I×1","TCC×2283, TCT×1984, ACG×1459, ATC×1096, ACA×24, TTC×7"
864,nonsynonymous-only,0,1,3,8511,"C×2, S×1","TGT×3950, TGC×2578, AGT×1983"
865,nonsynonymous-only,0,1,6,8511,"A×1, F×1, I×1, L×1, S×1, Y×1","CTA×2290, ATT×1983, AGT×1655, TTT×1483, GCT×1096, TAT×4"
866,nonsynonymous-only,0,1,5,8511,"T×3, S×2","ACT×3245, TCA×1983, ACC×1655, TCT×1096, ACA×532"
867,nonsynonymous-only,0,1,5,8511,"G×4, V×1","GGA×4234, GGC×2186, GGT×2086, GGG×4, GTT×1"
868,nonsynonymous-only,0,1,4,8511,"E×1, I×1, L×1, M×1","GAA×2579, ATG×2294, CTG×1983, ATT×1655"
869,nonsynonymous-only,0,1,5,8511,"G×4, D×1","GGG×3775, GAT×1983, GGA×1098, GGC×1045, GGT×610"
870,nonsynonymous-only,0,1,7,8511,"T×3, V×2, I×1, S×1","ACT×3360, ATT×1983, ACA×1655, GTT×772, GTC×711, ACC×26, TCT×4"
871,synonymous-only,1,0,3,8511,A×3,"GCC×5122, GCT×2295, GCG×1094"
872,nonsynonymous-only,0,1,6,8512,"I×2, A×1, K×1, R×1, V×1","ATT×2291, AAG×1983, GTT×1655, GCA×1483, CGC×1096, ATC×4"
873,nonsynonymous-only,0,1,3,8511,"K×1, Q×1, R×1","AAA×5428, CAA×1987, CGA×1096"
874,nonsynonymous-only,0,1,4,8511,"I×2, L×1, M×1","ATT×3949, ATC×1983, CTA×1483, ATG×1096"
875,nonsynonymous-only,0,1,6,8511,"Y×2, E×1, K×1, Q×1, R×1","AAA×3079, GAA×2290, AGA×1655, TAC×1474, TAT×9, CAA×4"
876,nonsynonymous-only,0,1,4,7028,"Q×2, D×1, E×1","CAG×2276, CAA×1997, GAT×1655, GAG×1100"
877,nonsynonymous-only,0,1,6,7028,"L×4, I×2","TTG×2290, ATC×1983, TTA×1655, CTT×1081, CTG×15, ATT×4"
878,nonsynonymous-only,0,1,6,7024,"L×3, I×2, C×1","TTA×2284, TGT×1983, CTT×1655, ATT×1096, CTA×5, ATA×1"
879,nonsynonymous-only,0,1,4,5928,"E×1, G×1, L×1, Q×1","CTA×2290, CAA×1983, GAA×1546, GGA×109"
880,nonsynonymous-only,0,1,6,8511,"R×2, G×1, K×1, N×1, T×1","AAA×5926, CGA×1483, GGA×1096, AGA×4, AAC×1, ACA×1"
881,nonsynonymous-only,0,1,7,8511,"I×2, S×2, T×2, Y×1","ACT×2290, TAC×1983, AGT×1655, ATC×1482, AGC×1096, ACA×4, ATT×1"
882,nonsynonymous-only,0,1,7,8511,"L×3, C×1, F×1, I×1, S×1","TTA×3119, TTT×2290, TGT×1096, TTG×1022, CTG×971, TCA×12, ATA×1"
883,nonsynonymous-only,0,1,5,7028,"P×3, L×1, Y×1","CCT×2292, TAT×1983, CCC×1656, CTT×1096, CCA×1"
884,nonsynonymous-only,0,1,7,7029,"A×3, N×2, M×1, T×1","AAT×2290, ACT×1983, GCG×1234, GCC×1096, GCA×421, AAC×4, ATG×1"
885,nonsynonymous-only,0,1,4,3080,"D×2, E×1, T×1","GAT×1523, ACA×1096, GAC×460, GAA×1"
886,nonsynonymous-only,0,1,6,8512,"N×2, I×1, L×1, S×1, V×1","ATT×4278, AGC×1654, GTT×1476, AAT×1096, CTT×7, AAC×1"
887,nonsynonymous-only,0,1,2,1487,"I×1, T×1","ATT×1483, ACT×4"
889,nonsynonymous-only,0,1,2,1487,"E×1, V×1","GAA×1483, GTA×4"
890,nonsynonymous-only,0,1,5,6529,"T×2, L×1, M×1, W×1","ACG×2262, TTA×1655, ACA×1512, TGG×1096, ATG×4"
891,nonsynonymous-only,0,1,3,4874,"H×1, K×1, N×1","AAT×2295, AAA×1483, CAT×1096"
892,nonsynonymous-only,0,1,4,4870,"L×2, V×2","GTA×2444, GTG×1330, TTA×1095, TTG×1"
893,nonsynonymous-only,0,1,4,4874,"R×2, A×1, E×1","GAA×2579, CGC×2290, GCT×4, CGT×1"
894,nonsynonymous-only,0,1,7,8513,"V×3, I×2, L×2","ATC×2291, GTC×1987, ATT×1655, CTG×1482, GTG×1096, CTT×1, GTT×1"
895,nonsynonymous-only,0,1,3,8513,"I×2, R×1","ATT×8508, ATC×4, CGT×1"
900,nonsynonymous-only,0,1,8,8512,"L×3, I×2, F×1, P×1, S×1","TTT×3387, TTG×1654, ATT×1483, CCT×1281, TCT×701, ATA×4, CTG×1, CTT×1"
901,nonsynonymous-only,0,1,6,6972,"R×2, E×1, K×1, V×1, W×1","AGA×2291, AAA×1977, GAA×1485, GTC×1096, CGA×122, TGG×1"
902,nonsynonymous-only,0,1,6,8508,"E×1, H×1, I×1, L×1, R×1, V×1","ATA×3528, GAA×2291, CGA×1483, CAT×1096, GTA×106, TTA×4"
903,nonsynonymous-only,0,1,6,6853,"C×1, E×1, K×1, Q×1, S×1, Y×1","AAG×2291, CAA×1979, GAA×1483, TGT×1078, TAT×18, TCG×4"
904,nonsynonymous-only,0,1,5,8504,"T×2, K×1, R×1, S×1","AGA×4270, TCA×1655, AAA×1096, ACG×771, ACA×712"
905,nonsynonymous-only,0,1,4,8508,"F×1, I×1, S×1, Y×1","TTT×3462, AGT×2291, ATT×1659, TAT×1096"
906,nonsynonymous-only,0,1,6,8508,"G×2, E×1, K×1, R×1, T×1","GGA×2207, GGT×1979, ACG×1655, AAA×1483, GAA×1096, AGA×88"
907,nonsynonymous-only,0,1,4,6853,"K×2, E×1, R×1","AGA×3385, AAA×1517, GAA×1252, AAG×699"
908,nonsynonymous-only,0,1,3,5117,"H×2, C×1","CAC×1979, TGC×1655, CAT×1483"
910,nonsynonymous-only,0,1,4,5433,"I×3, V×1","ATT×2286, ATC×1868, GTC×1275, ATA×4"
911,nonsynonymous-only,0,1,3,5432,"D×2, N×1","GAT×3945, GAC×1483, AAC×4"
912,nonsynonymous-only,0,1,7,5385,"C×2, N×2, R×2, Q×1","CGC×1860, CAA×1608, AAC×1458, CGT×429, AAT×25, TGT×4, TGC×1"
913,nonsynonymous-only,0,1,3,3949,"L×1, M×1, R×1","TTG×2290, AGA×1655, ATG×4"
914,nonsynonymous-only,0,1,3,3949,"H×1, K×1, Y×1","CAT×2277, AAG×1659, TAT×13"
915,nonsynonymous-only,0,1,3,3949,"F×1, I×1, S×1","TCT×2290, TTT×1655, ATC×4"
916,nonsynonymous-only,0,1,6,5045,"P×2, F×1, L×1, S×1, Y×1","TTT×2332, CTT×1054, CCC×860, TCC×772, TAC×23, CCT×4"
920,nonsynonymous-only,0,1,4,4869,"S×2, D×1, N×1","TCG×2290, GAT×1481, TCA×1096, AAT×2"
921,nonsynonymous-only,0,1,4,4869,"E×1, G×1, K×1, R×1","GAA×1927, GGA×1483, AGA×1096, AAA×363"
922,nonsynonymous-only,0,1,4,6528,"G×1, N×1, R×1, S×1","AGA×6427, GGA×96, AAT×4, AGT×1"
923,nonsynonymous-only,0,1,6,6528,"I×2, L×2, R×1, V×1","ATA×3026, AGA×2290, CTA×1061, ATT×112, TTA×35, GTA×4"
924,nonsynonymous-only,0,1,3,2294,"E×1, K×1, R×1","GAA×2285, AAA×5, CGA×4"
925,nonsynonymous-only,0,1,3,6528,"C×1, D×1, N×1","AAT×4869, GAT×1655, TGT×4"
926,nonsynonymous-only,0,1,4,5045,"A×1, C×1, R×1, Y×1","CGT×2290, TGT×1655, TAT×1096, GCT×4"
927,nonsynonymous-only,0,1,7,8507,"G×2, R×2, C×1, H×1, W×1","TGG×2291, AGA×1948, CGG×1654, GGC×1483, TGC×1096, GGA×31, CAT×4"
928,nonsynonymous-only,0,1,4,8507,"D×2, H×1, Y×1","CAT×6229, TAT×1178, GAC×1096, GAT×4"
929,nonsynonymous-only,0,1,5,8507,"C×2, H×1, N×1, Y×1","CAT×3945, TGC×3462, AAC×1094, TGT×4, TAC×2"
930,nonsynonymous-only,0,1,6,8466,"R×2, G×1, P×1, Q×1, W×1","TGG×3409, CAA×1937, CGG×1636, GGG×1469, AGG×14, CCG×1"
931,nonsynonymous-only,0,1,6,8508,"N×2, D×1, H×1, R×1, Y×1","CAC×2419, CGC×1979, TAC×1675, AAC×1339, GAT×1094, AAT×2"
932,nonsynonymous-only,0,1,8,8504,"R×3, C×1, G×1, K×1, Q×1, Y×1","CGT×2290, CGA×1945, AAA×1655, TGT×1483, TAC×1096, AGA×33, CAA×1, GGG×1"
933,nonsynonymous-only,0,1,4,8507,"G×1, K×1, Q×1, R×1","CAA×2751, AAA×2290, AGA×1983, GGA×1483"
934,nonsynonymous-only,0,1,7,8507,"P×2, C×1, D×1, K×1, L×1, S×1","GAC×2290, AAA×1979, CCC×1653, TGT×1483, TCC×1100, CCT×1, CTC×1"
935,nonsynonymous-only,0,1,8,7025,"L×2, E×1, I×1, P×1, Q×1, R×1, V×1","AGA×2290, TTA×1979, GTC×1631, CAA×1094, ATC×24, GAG×4, CCA×2, TTG×1"
936,nonsynonymous-only,0,1,6,8508,"F×2, C×1, I×1, N×1, S×1","AGT×2290, TTT×1979, TTC×1655, ATA×1483, AAT×1100, TGT×1"
937,nonsynonymous-only,0,1,5,7411,"A×2, K×1, S×1, T×1","AAA×3634, GCC×2273, TCA×1487, ACC×16, GCT×1"
938,nonsynonymous-only,0,1,4,6852,"K×1, R×1, T×1, W×1","AGA×4269, AAA×1483, TGG×1096, ACA×4"
939,nonsynonymous-only,0,1,6,8507,"N×2, C×1, P×1, S×1, Y×1","TAT×3773, AAC×1979, CCT×1655, AGT×892, TGT×205, AAT×3"
940,nonsynonymous-only,0,1,4,8507,"L×1, P×1, S×1, T×1","TCC×4859, CTC×1979, CCC×1655, ACC×14"
941,nonsynonymous-only,0,1,9,8507,"I×2, L×2, V×2, A×1, F×1, T×1","GTT×2289, GCT×1962, GTA×1632, TTA×1100, CTT×869, TTT×605, ATA×23, ACT×17, ATT×10"
942,nonsynonymous-only,0,1,4,8507,"D×1, H×1, L×1, Y×1","TAT×4895, CAT×2111, CTT×1483, GAT×18"
943,nonsynonymous-only,0,1,4,8507,"F×2, L×1, W×1","TTC×4868, TTT×1980, CTC×1655, TGG×4"
944,nonsynonymous-only,0,1,6,6528,"C×1, F×1, H×1, L×1, R×1, S×1","TTT×3945, CGT×1304, CAT×1096, TGT×178, CTT×4, AGT×1"
945,nonsynonymous-only,0,1,5,6528,"A×1, G×1, L×1, R×1, T×1","ACA×2272, AGA×1655, CTA×1483, GGA×1100, GCA×18"
946,nonsynonymous-only,0,1,4,7024,"R×2, K×1, P×1","AGA×3945, CGA×1937, AAA×1096, CCA×46"
947,nonsynonymous-only,0,1,6,8507,"F×1, H×1, L×1, R×1, V×1, Y×1","TTT×3386, CGT×1977, GTT×1655, TAT×1483, CTT×4, CAT×2"
948,nonsynonymous-only,0,1,6,8507,"D×1, F×1, L×1, N×1, P×1, T×1","ACT×2290, GAT×1655, CCT×1541, CTT×1534, TTT×1483, AAT×4"
949,nonsynonymous-only,0,1,4,7020,"C×1, F×1, I×1, T×1","ATC×2290, ACT×1979, TGC×1655, TTC×1096"
950,nonsynonymous-only,0,1,5,5045,"R×2, E×1, K×1, W×1","GAA×2286, AGG×1657, CGG×1094, AAA×4, TGG×4"
951,nonsynonymous-only,0,1,6,5928,"T×2, A×1, I×1, K×1, S×1","GCG×2289, ACA×1937, AAA×1655, ATA×42, TCA×4, ACG×1"
952,nonsynonymous-only,0,1,2,1979,"I×1, T×1","ATC×1489, ACC×490"
953,nonsynonymous-only,0,1,2,1979,"I×1, T×1","ATA×1964, ACA×15"
954,nonsynonymous-only,0,1,3,1979,"G×1, Q×1, R×1","CGA×1968, CAA×10, GGA×1"
956,nonsynonymous-only,0,1,2,1979,"L×1, S×1","TTG×1899, TCG×80"
957,nonsynonymous-only,0,1,6,7024,"A×1, E×1, I×1, L×1, Q×1, V×1","GCA×2160, CTA×1979, GAA×1655, CAG×1096, GTA×130, ATA×4"
958,nonsynonymous-only,0,1,5,7024,"L×2, A×1, F×1, K×1","TTC×2290, GCG×1979, TTA×1655, AAA×1096, TTG×4"
959,nonsynonymous-only,0,1,5,5045,"K×1, L×1, N×1, R×1, S×1","AGC×2243, CGA×1654, AAA×1100, AAC×47, CTA×1"
960,nonsynonymous-only,0,1,8,4749,"I×2, L×2, P×2, N×1, T×1","CCC×1654, ACC×1149, TTA×1095, ATC×830, TTG×15, AAT×4, ATA×1, CCT×1"
961,nonsynonymous-only,0,1,4,7024,"F×2, L×1, S×1","TTT×3945, TCT×1979, TTC×1096, TTA×4"
962,nonsynonymous-only,0,1,5,3389,"L×2, S×2, N×1","TCG×2200, AGC×1095, TTG×89, TTA×4, AAC×1"
963,nonsynonymous-only,0,1,4,7024,"I×1, N×1, P×1, T×1","AAT×5041, ACA×1978, CCA×4, ATA×1"
964,nonsynonymous-only,0,1,4,5369,"Y×2, C×1, F×1","TAT×2290, TGT×1979, TAC×1096, TTT×4"
966,nonsynonymous-only,0,1,6,4273,"T×2, A×1, D×1, I×1, K×1","GCC×2165, ACG×1977, ACC×116, ATC×6, GAC×5, AAG×4"
967,nonsynonymous-only,0,1,3,4273,"I×2, K×1","ATC×2290, AAG×1979, ATT×4"
968,nonsynonymous-only,0,1,3,4273,"I×1, M×1, T×1","ATT×2290, ATG×1979, ACT×4"
969,nonsynonymous-only,0,1,3,1983,"L×1, P×1, Q×1","CAG×1976, TTG×4, CCG×3"
970,nonsynonymous-only,0,1,3,4273,"E×1, K×1, T×1","AAG×2290, GAA×1979, ACG×4"
971,nonsynonymous-only,0,1,3,1979,"P×2, H×1","CCC×1892, CAC×86, CCA×1"
976,nonsynonymous-only,0,1,5,6852,"K×1, L×1, M×1, R×1, S×1","AAA×2290, CTT×1979, ATG×1483, AGA×1096, AGT×4"
977,nonsynonymous-only,0,1,6,8506,"S×2, A×1, D×1, M×1, N×1","AAC×2287, TCC×1979, GAC×1658, ATG×1483, GCG×1096, AGC×3"
978,nonsynonymous-only,0,1,2,8506,"E×1, K×1","AAA×7410, GAA×1096"
979,nonsynonymous-only,0,1,6,8502,"T×2, E×1, K×1, N×1, R×1","ACC×2290, ACT×1979, GAG×1653, AAT×1483, AGA×1096, AAG×1"
980,nonsynonymous-only,0,1,2,5040,"K×1, R×1","AGA×2750, AAG×2290"
981,nonsynonymous-only,0,1,5,8502,"C×1, I×1, M×1, R×1, S×1","AGT×3385, TGC×1979, ATT×1654, ATG×1483, AGG×1"
982,nonsynonymous-only,0,1,6,8502,"N×2, Y×2, D×1, I×1","TAC×3507, ATC×1979, AAC×1654, AAT×1094, TAT×266, GAT×2"
983,nonsynonymous-only,0,1,3,3079,"E×1, L×1, P×1","CCA×1979, GAA×1096, TTA×4"
984,nonsynonymous-only,0,1,4,7410,"I×1, K×1, N×1, R×1","AGA×2165, ATA×1979, AAA×1783, AAC×1483"
985,nonsynonymous-only,0,1,8,8506,"E×2, A×1, G×1, I×1, K×1, T×1, Y×1","AAG×2290, ACA×1972, TAT×1654, GGA×1471, GCC×1096, GAA×12, ATA×7, GAG×4"
986,nonsynonymous-only,0,1,6,8502,"A×1, F×1, I×1, L×1, S×1, V×1","TTG×2326, TTT×2290, GCT×1654, TCG×1136, GTT×1095, ATT×1"
987,nonsynonymous-only,0,1,6,8502,"I×2, G×1, L×1, Q×1, V×1","CAG×2290, ATA×1979, GTC×1653, CTA×1483, GGA×1096, ATC×1"
988,nonsynonymous-only,0,1,7,8502,"A×2, L×2, R×1, T×1, V×1","CTA×3866, GCA×1969, GTG×1471, CGA×1096, TTA×78, GCG×12, ACA×10"
989,nonsynonymous-only,0,1,3,2750,"S×2, C×1","TGT×1654, AGC×1095, AGT×1"
990,synonymous-only,1,0,2,1096,G×2,"GGC×1095, GGT×1"
991,nonsynonymous-only,0,1,2,1096,"N×1, S×1","AGC×1095, AAC×1"
992,nonsynonymous-only,0,1,3,4729,"I×1, K×1, L×1","TTA×1979, ATC×1654, AAA×1096"
993,nonsynonymous-only,0,1,5,4729,"T×2, G×1, M×1, R×1","ACG×1977, ATG×1655, AGA×1089, GGA×7, ACA×1"
994,nonsynonymous-only,0,1,3,7023,"N×2, S×1","AAT×5279, AGT×1740, AAC×4"
995,nonsynonymous-only,0,1,3,5365,"I×1, L×1, T×1","TTG×3075, ATA×2173, ACA×117"
996,nonsynonymous-only,0,1,5,7023,"F×2, C×1, L×1, S×1","TTC×5920, TCT×1096, TGT×4, TTT×2, TTA×1"
997,nonsynonymous-only,0,1,8,8506,"K×2, G×1, L×1, M×1, Q×1, T×1, V×1","AAG×2290, ACT×1979, GTA×1551, ATG×1483, AAA×787, CAA×309, GGA×103, TTA×4"
998,nonsynonymous-only,0,1,7,8506,"D×2, I×1, K×1, S×1, T×1, V×1","GAT×2282, TCT×1980, ACT×1653, AAG×1483, ATA×1096, GAC×8, GTT×4"
999,nonsynonymous-only,0,1,4,8506,"F×1, S×1, W×1, Y×1","TAT×3386, TCT×1979, TTT×1658, TGG×1483"
1000,nonsynonymous-only,0,1,5,8504,"Q×2, G×1, H×1, R×1","CGA×3264, CAA×2461, CAT×1658, GGA×1096, CAG×25"
1001,nonsynonymous-only,0,1,4,6848,"A×1, K×1, L×1, S×1","TCG×2290, AAG×1979, TTG×1483, GCA×1096"
1002,nonsynonymous-only,0,1,5,8506,"I×2, K×1, R×1, T×1","AAG×5241, ATC×1630, ATA×1487, AGG×124, ACC×24"
1003,nonsynonymous-only,0,1,7,7410,"R×2, A×1, G×1, L×1, Q×1, V×1","CTA×2290, GCT×1978, GGG×1633, CAA×1483, AGG×21, AGA×4, GTT×1"
1004,nonsynonymous-only,0,1,5,7410,"L×2, C×1, S×1, Y×1","TTA×2290, TGT×1974, TCA×1654, TTG×1487, TAT×5"
1005,nonsynonymous-only,0,1,3,7410,"F×1, L×1, Q×1","CAG×4269, TTC×3137, TTG×4"
1006,nonsynonymous-only,0,1,6,7410,"D×1, I×1, K×1, N×1, R×1, T×1","ACT×2290, AAA×1979, AAT×1653, ATT×1483, AGA×4, GAT×1"
1007,nonsynonymous-only,0,1,7,7410,"Q×2, H×1, I×1, N×1, P×1, Y×1","TAC×2290, AAC×1979, CAG×1653, CAC×1411, CCC×72, ATT×4, CAA×1"
1009,nonsynonymous-only,0,1,6,8506,"R×2, L×1, N×1, Q×1, V×1","CGG×2136, AAT×1979, CGA×1656, GTG×1483, CTT×1096, CAG×156"
1010,nonsynonymous-only,0,1,5,8506,"F×2, A×1, L×1, S×1","TTT×3948, TTC×1979, GCG×1483, TCA×838, TTA×258"
1011,nonsynonymous-only,0,1,2,2600,"L×1, S×1","TCA×1383, TTA×1217"
1012,nonsynonymous-only,0,1,4,8506,"I×2, L×1, M×1","ATC×4269, ATA×1654, TTA×1483, ATG×1100"
1017,nonsynonymous-only,0,1,2,1483,"L×1, P×1","CCT×1482, CTT×1"
1018,nonsynonymous-only,0,1,5,6526,"D×1, G×1, K×1, R×1, Y×1","TAC×3304, AGA×1653, AAA×1096, GAC×469, GGA×4"
1019,nonsynonymous-only,0,1,6,8506,"K×2, C×1, N×1, Q×1, R×1","AAA×4232, AAC×2290, CGT×1970, TGT×9, CAA×4, AAG×1"
1020,nonsynonymous-only,0,1,4,8506,"H×1, N×1, T×1, Y×1","AAT×4233, CAT×4205, TAT×64, ACT×4"
1021,nonsynonymous-only,0,1,5,7023,"F×2, Y×2, H×1","TAT×3623, TTC×2276, CAT×1106, TAC×14, TTT×4"
1022,nonsynonymous-only,0,1,4,3141,"S×2, F×1, T×1","TCG×1647, TTC×1483, TCT×7, ACG×4"
1023,nonsynonymous-only,0,1,5,2583,"S×2, A×1, I×1, P×1","TCA×1482, TCT×1019, GCT×77, ATT×4, CCA×1"
1024,nonsynonymous-only,0,1,2,2583,"C×1, V×1","TGT×1487, GTT×1096"
1025,nonsynonymous-only,0,1,3,2583,"S×1, V×1, Y×1","TAC×1483, GTG×1096, TCA×4"
1026,nonsynonymous-only,0,1,2,1100,"K×1, V×1","GTC×1096, AAG×4"
1027,nonsynonymous-only,0,1,2,1100,"C×1, I×1","ATT×1096, TGC×4"
1028,nonsynonymous-only,0,1,6,8506,"C×1, D×1, K×1, N×1, R×1, S×1","AGT×3633, AAT×1713, AAA×1483, CGC×1095, GAT×581, TGC×1"
1029,nonsynonymous-only,0,1,5,7410,"R×2, F×1, K×1, N×1","CGA×4269, AGA×1653, AAC×1482, TTC×4, AAA×2"
1030,nonsynonymous-only,0,1,5,8506,"I×2, G×1, K×1, S×1","AAA×3079, AGT×2933, ATT×2288, GGT×204, ATC×2"
1031,nonsynonymous-only,0,1,7,8506,"S×3, C×1, L×1, R×1, Y×1","AGC×2290, CGT×1968, CTT×1654, TCA×1483, TAT×1096, TGT×11, AGT×4"
1032,nonsynonymous-only,0,1,5,6211,"F×1, H×1, P×1, S×1, Y×1","TAC×1977, TTT×1654, TCA×1486, CCA×1092, CAC×2"
1033,nonsynonymous-only,0,1,4,8506,"N×2, D×1, K×1","AAT×3142, GAT×2290, AAA×1979, AAC×1095"
1034,nonsynonymous-only,0,1,7,8502,"K×2, E×1, L×1, P×1, S×1, T×1","TTA×2290, AAA×1945, TCA×1654, ACA×1483, CCA×1096, GAA×33, AAG×1"
1035,nonsynonymous-only,0,1,7,8506,"F×2, N×2, H×1, I×1, Y×1","ATT×2750, TTC×2290, CAT×1971, AAC×1482, TAT×8, TTT×4, AAT×1"
1036,nonsynonymous-only,0,1,2,5431,"G×1, R×1","AGA×5429, GGA×2"
1037,nonsynonymous-only,0,1,4,7410,"H×1, K×1, R×1, Y×1","CAT×3165, AAA×1979, AGA×1654, TAT×612"
1038,nonsynonymous-only,0,1,7,7410,"A×2, L×2, H×1, T×1, Y×1","TTG×2276, ACG×1979, GCG×1654, GCA×1483, CTG×14, TAC×3, CAC×1"
1039,nonsynonymous-only,0,1,5,7411,"F×1, L×1, M×1, V×1, Y×1","CTT×4022, GTG×1654, TAT×1483, TTT×251, ATG×1"
1040,nonsynonymous-only,0,1,7,7410,"V×2, A×1, M×1, R×1, T×1, Y×1","GCA×3389, CGA×1978, TAT×1483, ACA×553, GTC×4, GTA×2, ATG×1"
1041,nonsynonymous-only,0,1,8,7405,"N×2, T×2, C×1, K×1, P×1, S×1","AAC×2289, CCT×1919, ACA×1646, TGT×1483, TCT×60, AAA×6, AAT×1, ACG×1"
1042,nonsynonymous-only,0,1,5,4063,"H×2, K×1, N×1, Q×1","CAC×1969, AAC×1652, CAA×431, CAT×10, AAG×1"
1043,nonsynonymous-only,0,1,6,8500,"T×3, D×1, I×1, N×1","AAT×2930, GAT×2108, ACT×1970, ACC×1480, ACA×10, ATC×2"
1044,nonsynonymous-only,0,1,5,6521,"S×2, A×1, K×1, R×1","AAA×2290, TCA×1652, AGG×1482, GCC×1096, TCT×1"
1045,nonsynonymous-only,0,1,4,6520,"K×2, G×1, R×1","AAG×2290, AAA×1652, GGT×1482, AGA×1096"
1046,nonsynonymous-only,0,1,4,4557,"G×1, K×1, Q×1, R×1","CAG×1971, GGA×1482, AGA×1096, AAG×8"
1047,nonsynonymous-only,0,1,7,8501,"R×2, C×1, L×1, Q×1, S×1, V×1","CGA×2290, CGG×1979, TCG×1651, TGC×1482, GTA×1096, CAG×2, TTG×1"
1048,nonsynonymous-only,0,1,5,6848,"H×1, K×1, Q×1, R×1, W×1","AAA×2292, CAA×1978, CGG×1481, CAC×1096, TGG×1"
1049,nonsynonymous-only,0,1,6,8503,"D×1, G×1, I×1, L×1, N×1, V×1","AAT×3461, ATT×2747, GAT×2022, GGT×268, GTT×4, CTT×1"
1050,nonsynonymous-only,0,1,9,8503,"L×2, E×1, F×1, G×1, H×1, I×1, S×1, Y×1","TTT×2290, GAA×1979, CAT×1326, TTA×1095, GGC×1014, AGC×638, TAT×156, ATT×4, CTA×1"
1051,nonsynonymous-only,0,1,7,8498,"D×1, G×1, H×1, I×1, T×1, V×1, Y×1","ACT×2290, ATT×1974, GGT×1652, GAT×1481, CAT×961, TAT×135, GTT×5"
1052,nonsynonymous-only,0,1,6,6545,"I×2, S×2, L×1, Q×1","TCG×2290, ATA×1633, TCA×1481, CAA×1118, ATT×19, TTA×4"
1053,nonsynonymous-only,0,1,4,6850,"L×3, F×1","TTT×4867, CTT×1979, TTA×2, TTG×2"
1054,nonsynonymous-only,0,1,6,6850,"D×2, G×1, N×1, S×1, Y×1","TAT×2294, AAT×1979, GGC×1476, GAT×1096, AGC×4, GAC×1"
1055,nonsynonymous-only,0,1,5,6846,"D×1, F×1, H×1, R×1, Y×1","CAT×2286, GAT×1979, TTT×1481, TAT×1096, CGT×4"
1056,nonsynonymous-only,0,1,5,8502,"S×2, A×1, P×1, T×1","GCA×3075, TCA×2290, CCA×1652, TCT×1481, ACA×4"
1057,nonsynonymous-only,0,1,7,8490,"H×2, L×2, C×1, G×1, Q×1","TTG×2290, CAA×1967, TGT×1652, GGT×1481, CAC×1094, CTG×4, CAT×2"
1058,nonsynonymous-only,0,1,8,8502,"R×2, C×1, F×1, I×1, K×1, L×1, Q×1","TGC×2276, CGC×1979, CAG×1650, AGA×1481, ATC×1096, TTC×14, TTG×4, AAG×2"
1059,nonsynonymous-only,0,1,7,8502,"L×2, A×1, C×1, G×1, R×1, T×1","TTG×3530, GCT×1513, TGC×1481, GGG×1004, ACT×466, CTG×416, AGG×92"
1060,nonsynonymous-only,0,1,4,8502,"F×1, H×1, N×1, Y×1","TTT×3133, CAT×3070, TAT×2298, AAT×1"
1061,nonsynonymous-only,0,1,5,8502,"D×1, G×1, I×1, N×1, V×1","GTT×3385, AAT×3133, GGT×1979, GAT×4, ATT×1"
1062,nonsynonymous-only,0,1,2,5365,"G×1, R×1","AGA×4269, GGA×1096"
1063,nonsynonymous-only,0,1,3,8502,"A×1, R×1, T×1","ACG×3912, GCG×3109, AGG×1481"
1064,nonsynonymous-only,0,1,7,8502,"A×1, D×1, H×1, I×1, N×1, R×1, Y×1","GCA×2290, ATT×1652, GAC×1554, AGA×1481, TAT×1096, AAC×425, CAT×4"
1065,nonsynonymous-only,0,1,6,8502,"D×1, F×1, H×1, I×1, N×1, R×1","AAT×2646, ATT×2290, AGA×1481, TTT×1100, CAT×939, GAT×46"
1066,nonsynonymous-only,0,1,9,8502,"T×2, A×1, I×1, L×1, N×1, P×1, S×1, V×1","GCT×2571, CCG×1651, GTT×1411, ACG×1100, AGC×1081, AAC×400, ATT×279, ACT×8, CTG×1"
1067,nonsynonymous-only,0,1,5,8498,"K×2, E×1, R×1, W×1","GAA×4438, CGG×1978, AAG×1481, AAA×600, TGG×1"
1068,nonsynonymous-only,0,1,3,1485,"K×1, N×1, R×1","AAC×1082, AAA×399, AGA×4"
1069,nonsynonymous-only,0,1,5,4233,"Y×2, F×1, N×1, T×1","ACC×1652, TTT×1481, TAC×1094, AAC×4, TAT×2"
1070,nonsynonymous-only,0,1,3,2752,"S×1, T×1, Y×1","TAT×1652, ACT×1096, AGT×4"
1071,nonsynonymous-only,0,1,2,1096,"D×1, N×1","GAC×1094, AAC×2"
1073,nonsynonymous-only,0,1,4,3080,"L×2, F×1, M×1","TTG×1979, TTC×1096, ATG×4, CTG×1"
1074,nonsynonymous-only,0,1,4,4729,"K×2, N×1, R×1","AAG×1979, AAA×1652, AGA×1094, AAC×4"
1075,nonsynonymous-only,0,1,5,4731,"K×2, T×2, I×1","ACT×1978, ATT×1652, AAA×1096, AAG×4, ACC×1"
1076,nonsynonymous-only,0,1,6,8501,"R×2, G×1, I×1, M×1, Q×1","AGA×2592, ATG×1979, ATA×1652, CAA×1480, GGA×794, AGG×4"
1077,nonsynonymous-only,0,1,7,8502,"K×2, A×1, I×1, M×1, P×1, T×1","ACT×2572, ATA×2294, AAA×1791, ATG×1652, AAG×188, GCT×4, CCT×1"
1078,nonsynonymous-only,0,1,5,4731,"S×2, A×1, L×1, W×1","TCC×1978, GCG×1652, TGG×1096, TTG×4, TCT×1"
1079,nonsynonymous-only,0,1,9,8502,"S×3, P×2, L×1, Q×1, R×1, T×1","CTG×2308, CCC×2286, CGG×1480, CCG×1323, TCG×961, TCA×135, CAG×5, TCC×3, ACC×1"
1080,nonsynonymous-only,0,1,5,8502,"N×2, D×1, I×1, L×1","GAC×2275, CTA×1979, AAC×1667, AAT×1485, ATT×1096"
1081,nonsynonymous-only,0,1,8,8502,"N×2, D×1, G×1, I×1, M×1, S×1, T×1","AGC×2290, ACC×1979, ATG×1481, GGT×1095, AAT×911, AAC×741, ATC×4, GAT×1"
1082,nonsynonymous-only,0,1,5,5963,"L×2, S×2, K×1","TTA×3771, TCA×1096, TCG×1046, TTG×48, AAG×2"
1083,nonsynonymous-only,0,1,6,6212,"K×2, R×2, D×1, S×1","AGG×1969, AGC×1652, AAA×1481, AGA×1096, AAG×10, GAC×4"
1084,nonsynonymous-only,0,1,9,8498,"H×2, N×2, A×1, I×1, S×1, T×1, Y×1","AGT×3902, AAC×1979, CAC×1449, GCC×669, ACC×427, AAT×39, TAC×30, CAT×2, ATT×1"
1085,nonsynonymous-only,0,1,3,5423,"I×1, T×1, V×1","GTC×3943, ATC×1479, ACC×1"
1086,nonsynonymous-only,0,1,3,5423,"I×1, K×1, V×1","ATA×2290, AAA×1652, GTT×1481"
1087,nonsynonymous-only,0,1,4,3939,"E×1, K×1, P×1, S×1","GAA×1646, TCG×1558, CCG×732, AAA×3"
1088,nonsynonymous-only,0,1,8,7399,"L×2, R×2, K×1, P×1, S×1, W×1","AGA×2289, CCA×1947, CGG×1642, AAA×1481, CTA×32, TGG×6, AGT×1, CTG×1"
1089,nonsynonymous-only,0,1,4,7399,"S×2, L×1, V×1","GTT×2290, TTA×1979, TCT×1649, TCG×1481"
1090,nonsynonymous-only,0,1,6,5918,"A×1, C×1, I×1, T×1, V×1, Y×1","GCC×2217, ACC×1952, TGC×1648, GTC×73, ATC×27, TAC×1"
1091,nonsynonymous-only,0,1,3,5918,"K×2, R×1","AGA×2290, AAA×1979, AAG×1649"
1092,nonsynonymous-only,0,1,5,5922,"N×2, S×2, I×1","AGC×2165, AAC×1980, AGT×1770, ATT×6, AAT×1"
1095,nonsynonymous-only,0,1,4,5369,"S×2, A×1, F×1","TCT×2290, TCC×1979, TTT×1096, GCT×4"
1096,nonsynonymous-only,0,1,5,6850,"I×2, D×1, K×1, V×1","GTC×3771, AAA×1979, ATC×994, ATT×102, GAC×4"
1097,nonsynonymous-only,0,1,5,6850,"I×1, M×1, Q×1, T×1, V×1","ATA×2294, ATG×1913, GTA×1481, CAG×1096, ACG×66"
1098,nonsynonymous-only,0,1,4,7403,"E×1, K×1, L×1, R×1","AAA×3939, CTA×1979, CGC×1481, GAA×4"
1099,nonsynonymous-only,0,1,8,8499,"L×2, E×1, K×1, M×1, Q×1, R×1, T×1","ATG×2290, AAA×1893, GAG×1649, ACG×1481, TTG×1095, AGA×86, CAG×4, TTA×1"
1100,nonsynonymous-only,0,1,6,8497,"A×1, C×1, I×1, N×1, T×1, W×1","GCG×3939, ACA×1979, AAT×1481, TGG×1057, TGT×37, ATT×4"
1101,nonsynonymous-only,0,1,5,8502,"F×1, H×1, L×1, P×1, Y×1","TTT×7399, CCT×1094, CAT×4, TAT×3, CTT×2"
1102,nonsynonymous-only,0,1,6,8502,"S×2, M×1, N×1, Q×1, R×1","CGA×2294, TCT×1979, AGT×1649, ATG×1481, CAA×1096, AAT×3"
1105,nonsynonymous-only,0,1,3,1100,"E×2, L×1","GAG×1095, TTA×4, GAA×1"
1106,nonsynonymous-only,0,1,3,3079,"T×2, D×1","ACT×1834, ACC×1241, GAT×4"
1107,nonsynonymous-only,0,1,6,8502,"I×2, L×2, F×1, M×1","ATT×3407, CTT×2017, CTA×1978, ATG×1096, TTT×3, ATA×1"
1108,nonsynonymous-only,0,1,3,8502,"E×1, G×1, K×1","GAA×8499, AAA×2, GGA×1"
1109,nonsynonymous-only,0,1,7,8499,"E×1, K×1, N×1, Q×1, R×1, V×1, W×1","GTG×2290, CAG×1979, AAA×1649, CGG×1472, GAA×1096, TGG×9, AAT×4"
1110,nonsynonymous-only,0,1,8,8499,"A×3, E×1, F×1, S×1, T×1, V×1","TCC×2290, TTT×1979, GTT×1650, GCG×1471, GCT×1093, GCA×10, GAA×4, ACT×2"
1111,nonsynonymous-only,0,1,2,8499,"L×1, Y×1","TAT×7403, CTT×1096"
1112,nonsynonymous-only,0,1,5,8499,"R×2, N×1, S×1, T×1","AAT×3385, CGA×1979, AGT×1650, CGT×1481, ACC×4"
1113,nonsynonymous-only,0,1,7,8499,"I×2, L×2, V×2, M×1","ATA×1979, CTG×1743, GTC×1649, GTG×1482, ATG×1095, TTG×547, ATT×4"
1114,nonsynonymous-only,0,1,9,8499,"E×2, D×1, K×1, L×1, N×1, T×1, V×1, Y×1","TTG×2290, GAG×1685, AAT×1649, ACG×1481, GAT×1095, GAA×287, TAT×7, AAA×4, GTT×1"
1115,nonsynonymous-only,0,1,6,8499,"I×3, V×2, L×1","ATT×5524, ATA×1684, GTT×945, ATC×341, GTA×4, CTT×1"
1116,nonsynonymous-only,0,1,5,8499,"P×3, S×2","CCA×4524, TCC×1979, CCT×1650, CCG×341, TCA×5"
1117,nonsynonymous-only,0,1,5,7402,"N×2, A×1, E×1, P×1","GAA×3129, CCT×2289, AAC×1979, AAT×4, GCT×1"
1119,nonsynonymous-only,0,1,2,8498,"G×1, R×1","GGA×7069, AGA×1429"
1120,nonsynonymous-only,0,1,4,8498,"A×1, R×1, S×1, T×1","AGT×3770, ACT×1993, GCT×1639, AGA×1096"
1121,nonsynonymous-only,0,1,8,8498,"S×2, A×1, C×1, F×1, L×1, N×1, T×1","GCG×2282, CTA×1979, TTT×1649, TGC×1480, AGT×969, AAT×127, TCG×8, ACG×4"
1122,nonsynonymous-only,0,1,6,8498,"L×2, A×1, C×1, F×1, V×1","TTA×3041, CTA×1994, TGT×1979, GCA×1474, GTA×6, TTT×4"
1123,nonsynonymous-only,0,1,5,8498,"C×1, D×1, F×1, N×1, Y×1","TGT×3129, TAT×2297, GAT×1966, TTT×1096, AAT×10"
1124,nonsynonymous-only,0,1,6,8479,"L×2, Y×2, I×1, P×1","TTA×4460, TAC×1462, CTA×1457, TAT×1095, CCA×4, ATA×1"
1125,nonsynonymous-only,0,1,3,2576,"R×2, P×1","CCA×1480, CGC×1095, CGT×1"
1126,nonsynonymous-only,0,1,5,8497,"C×1, D×1, I×1, N×1, T×1","AAT×3462, ATT×2289, TGT×1649, ACA×1096, GAT×1"
1127,nonsynonymous-only,0,1,4,8497,"A×1, F×1, V×1, Y×1","GTT×4225, GCT×2289, TTT×1979, TAT×4"
1128,nonsynonymous-only,0,1,9,8496,"I×2, V×2, D×1, F×1, G×1, L×1, S×1","CTT×2323, GTC×1971, GTT×1649, TTT×1445, AGT×1096, GGC×7, GAT×3, ATC×1, ATT×1"
1129,nonsynonymous-only,0,1,4,4231,"Q×1, R×1, T×1, W×1","TGG×1652, AGA×1480, CAA×1096, ACA×3"
1130,nonsynonymous-only,0,1,4,6521,"E×1, K×1, L×1, N×1","AAA×6511, TTA×4, AAT×3, GAA×3"
1131,nonsynonymous-only,0,1,6,5037,"C×2, G×1, K×1, N×1, W×1","GGC×2289, AAC×1648, TGC×1093, AAA×3, TGT×3, TGG×1"
1132,nonsynonymous-only,0,1,7,5037,"E×1, G×1, I×1, L×1, P×1, Q×1, S×1","TTA×2289, GGA×1647, CCA×551, TCA×545, CAG×3, ATA×1, GAA×1"
1133,nonsynonymous-only,0,1,5,2747,"V×4, A×1","GTT×1644, GTG×1090, GTA×6, GTC×4, GCT×3"
1134,nonsynonymous-only,0,1,2,1098,"K×1, Y×1","TAT×1096, AAA×2"
1135,nonsynonymous-only,0,1,3,2744,"R×2, Q×1","CAA×1648, CGA×1082, AGA×14"
1138,nonsynonymous-only,0,1,3,2576,"I×1, K×1, N×1","ATT×1480, AAT×1095, AAA×1"
1139,nonsynonymous-only,0,1,6,6203,"H×2, L×2, K×1, R×1","CTC×1973, CGC×1646, AAA×1480, CAC×1096, CTA×6, CAT×2"
1140,nonsynonymous-only,0,1,4,6202,"R×2, G×1, S×1","GGT×1979, AGA×1648, AGT×1480, CGA×1095"
1141,nonsynonymous-only,0,1,3,4224,"K×2, N×1","AAG×1624, AAA×1504, AAT×1096"
1142,nonsynonymous-only,0,1,3,3127,"R×2, Q×1","CGA×1647, CAA×1479, AGA×1"
1143,nonsynonymous-only,0,1,3,2744,"F×1, H×1, Y×1","TTT×1648, TAC×1025, CAC×71"
1144,nonsynonymous-only,0,1,4,2744,"T×2, A×1, L×1","TTA×1648, ACT×1004, GCT×91, ACC×1"
1145,nonsynonymous-only,0,1,2,1096,"I×1, R×1","AGA×1092, ATA×4"
