codon_index,category,syn_changes,nonsyn_changes,n_variants,n_sequences,aa_states,codon_counts
3,nonsynonymous-only,0,1,2,3485,"K×1, M×1","ATG×2862, AAA×623"
4,nonsynonymous-only,0,1,5,6582,"T×2, I×1, K×1, M×1","ATG×3300, AAG×2862, ACG×418, ACA×1, ATA×1"
5,nonsynonymous-only,0,1,5,6582,"R×2, K×1, Q×1, W×1","CGG×2861, AAA×1747, AGA×1350, CAA×623, TGG×1"
6,nonsynonymous-only,0,1,3,6582,"I×1, K×1, S×1","ATT×4834, TCT×1747, AAG×1"
7,nonsynonymous-only,0,1,4,6581,"D×1, E×1, R×1, V×1","GAA×2862, CGG×1747, GAT×1349, GTT×623"
8,nonsynonymous-only,0,1,3,4212,"K×2, N×1","AAA×2862, AAT×1349, AAG×1"
9,synonymous-only,1,0,2,4835,I×2,"ATC×2862, ATT×1973"
10,nonsynonymous-only,0,1,3,4835,"H×1, I×1, Y×1","TAT×2862, CAT×1349, ATT×624"
11,nonsynonymous-only,0,1,2,4834,"Q×1, Y×1","CAA×4211, TAC×623"
12,nonsynonymous-only,0,1,4,6591,"A×2, S×1, Y×1","GCG×3105, TAT×2862, GCA×623, AGT×1"
13,nonsynonymous-only,0,1,7,6591,"L×3, I×2, F×1, V×1","GTT×2861, CTT×1755, TTA×1346, ATC×623, CTA×3, ATT×2, TTT×1"
14,nonsynonymous-only,0,1,3,8337,"E×1, G×1, K×1","AAA×4834, GGA×1754, GAA×1749"
15,nonsynonymous-only,0,1,6,8338,"E×2, Q×2, D×1, K×1","GAG×2862, CAG×1843, GAC×1756, GAA×1747, AAG×129, CAA×1"
16,nonsynonymous-only,0,1,4,4618,"L×2, P×1, Q×1","CAA×2862, CTA×1747, TTA×8, CCA×1"
17,synonymous-only,1,0,2,2862,T×2,"ACG×2859, ACA×3"
19,synonymous-only,1,0,2,4618,N×2,"AAT×2862, AAC×1756"
20,nonsynonymous-only,0,1,5,8337,"F×1, I×1, L×1, N×1, T×1","TTA×2862, TTT×1972, ACT×1755, ATC×1747, AAT×1"
21,nonsynonymous-only,0,1,5,6581,"T×2, F×1, H×1, L×1","ACG×2774, TTA×1747, CAC×1349, TTT×623, ACA×88"
22,nonsynonymous-only,0,1,7,8337,"V×2, A×1, E×1, I×1, L×1, P×1","CCA×2862, TTG×1756, GCG×1741, GTA×1328, GAA×628, ATA×14, GTG×8"
23,nonsynonymous-only,0,1,5,8338,"I×1, L×1, M×1, P×1, Q×1","ATG×2862, ATA×1756, TTA×1747, CAA×1350, CCA×623"
24,nonsynonymous-only,0,1,6,8338,"F×1, L×1, N×1, S×1, T×1, Y×1","ACC×2862, TTT×1756, CTT×1747, AAT×1349, TCT×623, TAT×1"
25,nonsynonymous-only,0,1,4,6582,"K×1, L×1, P×1, Q×1","TTA×3485, CAA×1747, CCA×1349, AAA×1"
26,nonsynonymous-only,0,1,5,8338,"T×2, K×1, S×1, V×1","AAA×3504, ACA×2861, AGT×1349, GTC×623, ACG×1"
27,nonsynonymous-only,0,1,7,8338,"S×2, H×1, L×1, N×1, P×1, R×1","AGT×3486, AAT×1747, CCA×1737, AGC×1346, CTA×19, AGA×2, CAT×1"
28,nonsynonymous-only,0,1,5,8338,"A×1, D×1, E×1, K×1, Q×1","GAT×2862, GAA×2371, GCA×1756, AAA×1347, CAA×2"
29,nonsynonymous-only,0,1,10,7715,"A×2, I×2, T×2, V×2, E×1, R×1","GCG×2857, ACA×1740, ACT×1740, GAA×893, GCA×454, ATA×21, GTG×5, GTA×3, AGA×1, ATT×1"
32,nonsynonymous-only,0,1,5,7715,"D×1, F×1, L×1, N×1, S×1","CTT×3096, AGT×2862, GAT×1755, AAT×1, TTC×1"
33,nonsynonymous-only,0,1,8,8342,"D×1, E×1, F×1, H×1, N×1, S×1, V×1, Y×1","CAC×2860, GAG×1755, AAC×1747, GTT×1353, TTC×623, TAC×2, GAT×1, TCT×1"
34,nonsynonymous-only,0,1,7,8341,"T×2, A×1, D×1, G×1, H×1, N×1","GAC×2860, CAC×1756, GGC×1747, GCC×1325, ACA×623, ACC×28, AAC×2"
35,nonsynonymous-only,0,1,5,8341,"R×2, A×1, C×1, T×1","ACA×4615, AGG×1747, CGC×1348, GCA×626, TGC×5"
36,nonsynonymous-only,0,1,4,8341,"G×1, N×1, R×1, S×1","AGA×4618, AGC×2246, AAC×1353, GGC×124"
37,nonsynonymous-only,0,1,5,8341,"G×2, D×1, I×1, N×1","AAT×5236, GGT×1747, GGC×1353, ATT×4, GAT×1"
38,nonsynonymous-only,0,1,6,8342,"S×2, C×1, F×1, I×1, V×1","TTC×4197, TGC×1756, AGC×1747, ATT×623, GTC×18, TCT×1"
39,nonsynonymous-only,0,1,5,8342,"A×2, H×1, Q×1, R×1","AGA×4609, GCA×1976, CAC×1755, CAA×1, GCT×1"
40,nonsynonymous-only,0,1,2,3110,"I×1, K×1","AAA×1756, ATT×1354"
41,nonsynonymous-only,0,1,2,3109,"K×1, N×1","AAT×1756, AAG×1353"
42,nonsynonymous-only,0,1,3,7718,"L×1, P×1, S×1","TTA×4609, TCA×3102, CCA×7"
43,nonsynonymous-only,0,1,7,8342,"D×1, G×1, I×1, K×1, M×1, N×1, Y×1","AAC×2862, ATT×1758, ATG×1745, GAC×1188, GGC×787, AAG×1, TAC×1"
44,nonsynonymous-only,0,1,4,6586,"F×1, I×1, L×1, S×1","ATT×5232, CTC×1230, TTC×123, TCT×1"
45,nonsynonymous-only,0,1,2,1977,"F×1, W×1","TGG×1354, TTC×623"
46,nonsynonymous-only,0,1,5,1977,"L×2, F×1, I×1, Y×1","CTA×1151, TAT×623, ATA×164, TTA×38, TTT×1"
47,nonsynonymous-only,0,1,4,1977,"Y×2, E×1, Q×1","TAC×1350, CAA×623, TAT×3, GAA×1"
48,nonsynonymous-only,0,1,5,8342,"A×1, E×1, P×1, S×1, T×1","CCG×3115, GCG×2779, TCG×1742, ACG×623, GAG×83"
49,nonsynonymous-only,0,1,7,8336,"D×1, E×1, I×1, K×1, L×1, N×1, Q×1","GAC×2862, CTC×1755, CAG×1741, AAC×1353, AAA×623, ATC×1, GAG×1"
50,nonsynonymous-only,0,1,5,6595,"C×1, G×1, Q×1, R×1, Y×1","CAA×2862, GGT×1756, CGC×1345, TAC×624, TGC×8"
51,nonsynonymous-only,0,1,6,8342,"C×2, D×1, N×1, S×1, Y×1","TGC×4608, AAC×1756, TGT×1353, AGC×623, GAC×1, TAC×1"
53,nonsynonymous-only,0,1,4,4127,"F×1, L×1, P×1, S×1","CTT×1756, CCG×1747, TCA×623, TTC×1"
54,nonsynonymous-only,0,1,4,8342,"L×2, I×1, R×1","AGA×4215, ATA×1756, TTA×1748, CTA×623"
55,nonsynonymous-only,0,1,3,8342,"A×1, F×1, L×1","TTT×5279, CTT×1710, GCT×1353"
56,nonsynonymous-only,0,1,4,8342,"E×1, F×1, K×1, L×1","AAA×4127, GAA×2862, TTC×1344, CTC×9"
57,nonsynonymous-only,0,1,3,4839,"K×1, R×1, S×1","TCA×3486, AGA×1349, AAA×4"
58,nonsynonymous-only,0,1,4,8342,"I×1, R×1, T×1, V×1","ATT×4859, ACT×2862, GTT×620, AGG×1"
59,nonsynonymous-only,0,1,6,8342,"G×1, I×1, K×1, N×1, R×1, S×1","ATT×3503, GGT×1877, AGT×1353, CGT×985, AAA×623, AAT×1"
60,nonsynonymous-only,0,1,7,8345,"K×2, E×1, G×1, Q×1, R×1, S×1","TCG×2862, GGA×1756, CAA×1747, GAG×1323, CGA×623, AAG×33, AAA×1"
61,nonsynonymous-only,0,1,3,5483,"G×1, K×1, R×1","AAA×3112, AGA×2370, GGA×1"
62,nonsynonymous-only,0,1,4,8345,"R×2, K×1, W×1","AGG×5239, AAA×1751, AGA×1352, TGG×3"
63,nonsynonymous-only,0,1,7,6589,"A×1, D×1, E×1, G×1, N×1, P×1, S×1","GCG×2862, GAA×1747, CCA×1356, GAT×329, AAT×288, GGT×6, AGT×1"
64,nonsynonymous-only,0,1,8,8345,"S×2, D×1, F×1, I×1, L×1, N×1, P×1","AGT×3113, CTT×2825, AAT×1741, TCT×623, TTT×35, GAT×6, ATT×1, CCT×1"
65,nonsynonymous-only,0,1,6,8345,"Y×2, E×1, P×1, R×1, S×1","GAA×2862, CCA×1756, TAC×1747, CGT×1356, AGT×623, TAT×1"
66,nonsynonymous-only,0,1,2,4618,"K×1, T×1","AAA×2862, ACA×1756"
67,nonsynonymous-only,0,1,7,8345,"N×2, D×1, I×1, K×1, S×1, T×1","ATT×2861, AAC×1756, AAG×1747, AGT×1355, GAT×624, AAT×1, ACT×1"
68,nonsynonymous-only,0,1,5,6988,"G×2, I×1, Q×1, Y×1","ATC×2862, GGG×1755, TAC×1747, CAA×623, GGA×1"
69,nonsynonymous-only,0,1,7,8345,"E×1, G×1, I×1, K×1, R×1, W×1, Y×1","TGG×4600, AAA×1755, ATC×1356, TAC×623, GGG×9, AGG×1, GAA×1"
70,nonsynonymous-only,0,1,6,8014,"K×2, T×2, I×1, S×1","TCG×2868, ACG×2363, AAA×1756, AAG×1025, ACA×1, ATA×1"
71,nonsynonymous-only,0,1,5,8345,"T×2, A×1, N×1, S×1","ACC×6451, TCC×1855, GCC×35, AAC×3, ACT×1"
72,nonsynonymous-only,0,1,5,8345,"C×1, D×1, G×1, R×1, S×1","AGT×3770, CGT×1756, TGT×1747, GGT×1071, GAT×1"
73,nonsynonymous-only,0,1,6,6589,"F×1, H×1, K×1, L×1, V×1, Y×1","AAA×2862, TAT×1741, GTT×1356, TTA×623, CAT×6, TTC×1"
74,nonsynonymous-only,0,1,6,6589,"I×2, L×2, V×2","ATA×2858, CTA×1747, ATT×1356, CTT×623, GTA×4, GTT×1"
75,nonsynonymous-only,0,1,3,6589,"F×2, C×1","TGT×2862, TTT×1980, TTC×1747"
76,nonsynonymous-only,0,1,3,3486,"R×1, S×1, T×1","CGC×2862, TCA×623, ACA×1"
77,nonsynonymous-only,0,1,4,2869,"A×1, C×1, Q×1, T×1","GCA×2861, CAA×6, ACA×1, TGT×1"
78,nonsynonymous-only,0,1,4,4842,"G×1, K×1, R×1, W×1","GGT×2862, AGA×1964, AAA×15, TGG×1"
79,nonsynonymous-only,0,1,6,4842,"C×1, G×1, L×1, P×1, R×1, S×1","GGC×2855, CTA×1355, AGC×623, TGC×7, CCA×1, CGC×1"
80,nonsynonymous-only,0,1,3,4842,"A×1, L×1, V×1","GTT×3485, CTT×1356, GCT×1"
81,nonsynonymous-only,0,1,3,4842,"C×1, R×1, S×1","TCA×3485, AGA×1356, TGC×1"
82,nonsynonymous-only,0,1,4,4842,"A×1, G×1, R×1, T×1","GCA×2982, GGA×1356, ACA×503, AGA×1"
83,nonsynonymous-only,0,1,5,1980,"T×3, A×1, S×1","ACA×1969, ACG×8, ACC×1, GCA×1, TCG×1"
84,nonsynonymous-only,0,1,2,1979,"K×1, V×1","GTT×1356, AAA×623"
85,nonsynonymous-only,0,1,2,1979,"L×1, S×1","TCC×1356, CTA×623"
86,nonsynonymous-only,0,1,2,1979,"F×1, S×1","TTT×1356, TCT×623"
90,nonsynonymous-only,0,1,4,3485,"D×2, N×1, V×1","GAC×2819, AAC×623, GTC×42, GAT×1"
91,nonsynonymous-only,0,1,3,4841,"H×2, C×1","CAT×2865, CAC×1353, TGT×623"
92,nonsynonymous-only,0,1,3,1979,"L×1, M×1, V×1","GTG×1234, TTA×623, ATG×122"
93,nonsynonymous-only,0,1,4,4841,"L×2, P×1, S×1","CCA×2828, CTA×1238, TCA×623, TTA×152"
94,nonsynonymous-only,0,1,2,1610,"K×1, R×1","CGA×987, AAG×623"
95,synonymous-only,1,0,2,1979,F×2,"TTC×1356, TTT×623"
96,nonsynonymous-only,0,1,3,1356,"P×2, S×1","CCT×1331, CCC×23, TCT×2"
97,nonsynonymous-only,0,1,3,1356,"C×1, H×1, R×1","CGC×1304, CAC×48, TGC×4"
99,nonsynonymous-only,0,1,5,4218,"P×2, A×1, T×1, V×1","CCA×2859, GCT×1351, ACT×4, CCG×3, GTT×1"
100,nonsynonymous-only,0,1,3,4218,"A×1, T×1, V×1","GTT×2862, GCA×1355, ACA×1"
101,nonsynonymous-only,0,1,3,4842,"K×1, R×1, W×1","AAA×2862, AGA×1979, TGG×1"
102,nonsynonymous-only,0,1,4,4842,"G×2, N×1, S×1","AGT×2862, GGA×1356, AAT×623, GGT×1"
103,nonsynonymous-only,0,1,4,6598,"C×1, D×1, H×1, Y×1","TAT×4657, CAT×1317, GAT×623, TGT×1"
104,nonsynonymous-only,0,1,5,3736,"L×2, C×1, R×1, W×1","TGG×1756, TTA×1233, CGA×623, CTA×123, TGT×1"
105,nonsynonymous-only,0,1,5,7721,"G×1, P×1, Q×1, S×1, T×1","GGA×2862, CAA×1756, CCA×1742, TCA×1360, ACA×1"
106,nonsynonymous-only,0,1,6,8345,"T×2, G×1, I×1, K×1, L×1","ACA×3719, AAA×2862, TTA×1756, ACC×4, ATA×3, GGA×1"
107,nonsynonymous-only,0,1,7,8343,"A×1, D×1, G×1, I×1, N×1, S×1, T×1","ATC×4614, ACC×1750, GAC×1276, GCC×622, GGC×75, AAC×5, TCC×1"
108,nonsynonymous-only,0,1,3,7720,"R×2, N×1","AAT×4607, CGT×1756, AGA×1357"
109,nonsynonymous-only,0,1,6,7720,"A×1, E×1, G×1, I×1, R×1, T×1","GGA×2858, GCA×1755, GAA×1748, ACA×1356, AGA×2, ATA×1"
110,nonsynonymous-only,0,1,2,4618,"S×1, T×1","TCA×2862, ACA×1756"
111,nonsynonymous-only,0,1,6,4618,"T×2, F×1, L×1, N×1, P×1","CTC×2773, ACC×1736, TTC×89, AAC×11, ACT×6, CCC×3"
112,nonsynonymous-only,0,1,4,4618,"P×3, H×1","CAC×2862, CCC×1655, CCT×90, CCA×11"
113,nonsynonymous-only,0,1,3,4618,"T×2, K×1","AAA×2862, ACG×1752, ACT×4"
114,nonsynonymous-only,0,1,4,4618,"T×2, N×1, S×1","AAC×2845, ACC×1755, AGC×17, ACT×1"
118,nonsynonymous-only,0,1,3,4219,"N×1, T×1, Y×1","ACC×2862, TAC×1356, AAC×1"
119,nonsynonymous-only,0,1,4,4219,"I×2, L×2","ATT×2861, ATA×1356, CTT×1, TTG×1"
120,nonsynonymous-only,0,1,4,4219,"G×3, R×1","GGT×2861, AGA×1356, GGA×1, GGG×1"
121,nonsynonymous-only,0,1,4,3104,"G×1, K×1, R×1, T×1","AGA×1741, AAA×1356, GGA×6, ACA×1"
122,nonsynonymous-only,0,1,4,5966,"T×2, A×1, S×1","ACC×2862, ACA×1747, AGC×1356, GCT×1"
123,nonsynonymous-only,0,1,4,5966,"S×2, I×1, N×1","AGT×4678, AGC×1232, AAC×55, ATT×1"
124,nonsynonymous-only,0,1,6,6589,"S×2, C×1, F×1, P×1, Y×1","AGT×2862, CCA×1720, TAC×1356, TTT×623, TCA×27, TGT×1"
125,nonsynonymous-only,0,1,2,7,"R×1, S×1","CGA×6, TCT×1"
126,nonsynonymous-only,0,1,2,624,"R×1, S×1","TCG×623, AGA×1"
127,nonsynonymous-only,0,1,4,3486,"T×2, K×1, Q×1","ACA×2097, ACC×765, CAA×623, AAA×1"
128,nonsynonymous-only,0,1,6,6589,"S×2, D×1, K×1, N×1, T×1","AGT×2190, GAT×1747, AAT×1356, AGC×672, AAG×623, ACA×1"
129,nonsynonymous-only,0,1,3,5977,"E×2, K×1","AAA×2863, GAG×1747, GAA×1367"
130,nonsynonymous-only,0,1,9,6601,"F×2, S×2, T×2, A×1, C×1, I×1","TCC×2981, ACC×2838, TTT×623, TCT×133, ACT×15, GCC×8, ATC×1, TGT×1, TTC×1"
131,nonsynonymous-only,0,1,4,4610,"T×3, P×1","CCA×2862, ACC×1741, ACA×6, ACT×1"
132,nonsynonymous-only,0,1,3,4610,"A×1, E×1, S×1","GAA×2862, TCT×1742, GCT×6"
136,nonsynonymous-only,0,1,4,4618,"V×3, I×1","ATT×2862, GTG×1639, GTT×116, GTA×1"
137,nonsynonymous-only,0,1,3,8357,"F×2, L×1","TTT×5547, TTC×2809, TTA×1"
138,nonsynonymous-only,0,1,6,8357,"D×2, A×1, K×1, Q×1, R×1","AAA×2862, CGA×1756, GAC×1743, GCG×1367, CAG×623, GAT×6"
139,nonsynonymous-only,0,1,5,8357,"K×1, N×1, Q×1, S×1, T×1","AAA×2862, CAA×1756, ACA×1749, AAC×1367, TCG×623"
140,nonsynonymous-only,0,1,8,8357,"V×3, L×2, Y×2, I×1","ATT×2862, TAC×1751, TTA×1748, GTA×1366, GTC×623, TAT×5, CTT×1, GTG×1"
141,nonsynonymous-only,0,1,3,8357,"I×2, V×1","ATC×4613, ATT×1996, GTA×1748"
142,synonymous-only,1,0,3,8357,G×3,"GGT×8355, GGA×1, GGC×1"
143,nonsynonymous-only,0,1,7,8357,"S×3, A×2, F×1, Y×1","TCA×2862, AGC×1756, GCC×1742, TTT×1367, TAT×623, GCT×6, TCT×1"
144,nonsynonymous-only,0,1,8,8357,"D×2, R×2, A×1, E×1, N×1, Q×1","GCT×2862, CAA×1756, AAT×1748, GAT×1366, CGC×577, CGA×46, GAA×1, GAC×1"
145,nonsynonymous-only,0,1,6,8357,"G×4, C×1, D×1","GGA×2688, GAT×1749, GGC×1585, GGG×1541, GGT×793, TGT×1"
146,synonymous-only,1,0,3,8357,S×3,"AGC×5983, TCT×1748, AGT×626"
147,nonsynonymous-only,0,1,7,8357,"A×2, L×2, M×1, T×1, V×1","TTA×3738, ATG×2861, GCC×1753, ACC×2, CTA×1, GCA×1, GTG×1"
148,nonsynonymous-only,0,1,5,8357,"A×3, K×2","AAA×6366, GCA×1367, GCC×354, GCT×269, AAG×1"
149,nonsynonymous-only,0,1,8,8357,"D×2, T×2, E×1, K×1, Q×1, V×1","ACG×2860, AAA×1756, GTG×1748, GAC×1329, CAG×623, GAT×38, ACT×2, GAG×1"
150,nonsynonymous-only,0,1,5,8357,"A×1, P×1, S×1, T×1, V×1","GCC×3123, CCG×2862, AGT×1748, ACC×623, GTT×1"
151,nonsynonymous-only,0,1,5,8357,"I×2, V×2, M×1","ATC×3442, ATT×2050, GTG×1764, GTT×1098, ATG×3"
152,nonsynonymous-only,0,1,5,8357,"E×2, A×1, K×1, Q×1","GAA×5239, CAG×1748, AAG×1367, GAG×2, GCT×1"
153,nonsynonymous-only,0,1,3,8357,"Q×2, K×1","CAA×5248, CAG×1742, AAG×1367"
154,nonsynonymous-only,0,1,8,8357,"A×3, C×2, L×2, V×1","GCC×3836, TGC×1755, TTG×1412, GCT×762, TTA×578, GCA×12, GTG×1, TGT×1"
155,synonymous-only,1,0,2,8357,K×2,"AAA×6609, AAG×1748"
156,nonsynonymous-only,0,1,9,8370,"A×4, I×1, M×1, S×1, T×1, V×1","GCC×3124, GCA×2859, GCG×1643, ATG×606, GCT×80, ATA×30, TCG×26, ACA×1, GTC×1"
157,nonsynonymous-only,0,1,4,8370,"A×3, V×1","GCT×4871, GCG×2847, GCA×651, GTA×1"
158,nonsynonymous-only,0,1,5,8370,"A×1, I×1, M×1, T×1, V×1","ATT×5977, ATG×1755, GCG×636, ACG×1, GTA×1"
159,synonymous-only,1,0,4,8370,L×4,"TTA×5972, TTG×1756, CTT×637, CTA×5"
160,synonymous-only,1,0,2,8370,Y×2,"TAT×8369, TAC×1"
161,nonsynonymous-only,0,1,5,8370,"P×4, L×1","CCG×4200, CCA×1797, CCC×1751, CCT×620, CTG×2"
162,nonsynonymous-only,0,1,9,8370,"P×3, D×2, G×2, Q×1, S×1","CCA×6332, CCT×1365, GGC×548, GGT×53, GAC×35, CCG×34, CAA×1, GAT×1, TCT×1"
163,nonsynonymous-only,0,1,6,8370,"N×2, G×1, K×1, L×1, R×1","AAA×2862, TTG×1756, AGA×1748, AAT×1308, GGT×636, AAC×60"
164,nonsynonymous-only,0,1,6,8370,"G×4, S×1, V×1","GGC×4309, GGT×3502, GGA×554, GGG×3, AGC×1, GTC×1"
165,nonsynonymous-only,0,1,4,8370,"L×3, M×1","TTG×6468, ATG×1756, TTA×145, CTA×1"
166,nonsynonymous-only,0,1,5,8370,"H×2, P×2, N×1","AAT×4229, CCT×2392, CAT×1742, CAC×6, CCC×1"
167,nonsynonymous-only,0,1,7,8370,"I×2, T×2, C×1, L×1, V×1","TGT×2862, TTA×1756, ACG×1745, ATT×1368, GTC×634, ACA×3, ATC×2"
168,nonsynonymous-only,0,1,3,8370,"L×2, I×1","TTA×6621, ATT×1748, CTT×1"
169,nonsynonymous-only,0,1,5,8370,"L×3, I×2","ATT×5216, ATC×1786, CTT×1344, CTA×23, TTA×1"
170,nonsynonymous-only,0,1,5,8370,"T×2, F×1, H×1, S×1","ACT×4229, CAT×1756, TTT×1748, ACA×636, TCT×1"
171,synonymous-only,1,0,3,8370,G×3,"GGA×5986, GGG×1748, GGT×636"
172,nonsynonymous-only,0,1,6,8370,"S×2, A×1, E×1, K×1, P×1","CCA×2861, GAA×2003, GCC×1756, AAA×1748, AGC×1, TCA×1"
173,nonsynonymous-only,0,1,4,8370,"S×3, T×1","ACA×4610, AGT×2392, TCT×1367, AGC×1"
174,nonsynonymous-only,0,1,5,8370,"G×4, C×1","GGT×4094, GGA×1913, GGG×1202, GGC×1152, TGT×9"
175,nonsynonymous-only,0,1,9,8371,"T×3, V×3, S×2, I×1","TCT×2862, GTC×1755, ACA×1742, GTG×1152, ACG×636, GTT×216, ACT×6, ATC×1, TCA×1"
176,synonymous-only,1,0,4,8371,G×4,"GGG×5763, GGC×1859, GGT×713, GGA×36"
178,nonsynonymous-only,0,1,6,8371,"S×3, T×3","ACT×2862, AGC×1756, TCT×1748, ACC×1368, AGT×636, ACA×1"
179,nonsynonymous-only,0,1,5,8371,"L×3, F×1, Y×1","TAT×2862, TTT×2393, CTT×1745, TTA×1368, CTA×3"
180,nonsynonymous-only,0,1,4,8371,"L×2, F×1, I×1","TTT×4610, TTG×1756, ATT×1368, TTA×637"
181,synonymous-only,1,0,3,8371,A×3,"GCT×4611, GCA×3351, GCG×409"
182,nonsynonymous-only,0,1,6,8371,"H×2, K×2, E×1, S×1","GAA×3117, CAT×2844, AAG×1087, AAA×669, TCC×636, CAC×18"
183,nonsynonymous-only,0,1,7,8371,"L×3, A×1, C×1, K×1, Q×1","GCC×2862, TGT×1748, CTG×1738, CAA×1368, TTA×636, TTG×18, AAA×1"
184,nonsynonymous-only,0,1,4,8371,"I×1, L×1, M×1, Y×1","ATG×4610, ATT×1757, TTA×1368, TAT×636"
185,nonsynonymous-only,0,1,4,8371,"Y×2, F×1, H×1","TTT×2862, TAT×2394, TAC×1747, CAC×1368"
186,nonsynonymous-only,0,1,7,8371,"E×2, Q×2, H×1, K×1, R×1","CAA×4143, GAG×1743, CGT×1742, CAG×723, GAA×13, CAT×6, AAG×1"
187,nonsynonymous-only,0,1,3,8371,"Y×2, F×1","TTT×6614, TAT×1755, TAC×2"
188,synonymous-only,1,0,2,2862,A×2,"GCG×2861, GCA×1"
189,nonsynonymous-only,0,1,6,6366,"L×3, K×1, P×1, Q×1","AAG×2862, CCA×1437, CTG×1280, CTA×475, CAA×311, TTG×1"
190,nonsynonymous-only,0,1,8,8371,"S×3, K×2, L×2, N×1","CTG×2805, TTG×1802, AAA×1755, TCA×1368, TCT×636, TCG×3, AAG×1, AAT×1"
191,nonsynonymous-only,0,1,5,8371,"N×2, F×1, I×1, S×1","AAC×3397, ATT×1748, AGT×1368, AAT×1221, TTC×637"
192,nonsynonymous-only,0,1,4,7007,"E×1, K×1, Q×1, R×1","CAA×4612, GAA×1756, AAA×638, AGA×1"
193,nonsynonymous-only,0,1,4,7003,"I×1, K×1, Q×1, R×1","ATT×2862, CAA×1756, AAA×1749, AGA×636"
194,nonsynonymous-only,0,1,6,4141,"I×2, L×1, P×1, S×1, T×1","CCT×1745, ATC×1542, ACT×636, ATT×214, CTT×3, AGT×1"
195,nonsynonymous-only,0,1,5,2393,"I×2, A×1, N×1, T×1","ATT×1588, ACT×612, ATC×168, GCT×24, AAT×1"
196,nonsynonymous-only,0,1,4,7736,"E×1, F×1, G×1, R×1","GGC×4618, AGA×1748, GAA×1369, TTC×1"
197,nonsynonymous-only,0,1,6,6608,"L×2, P×2, Q×1, R×1","CAA×2958, CTG×1747, CCA×1258, CGA×636, CCG×8, CTA×1"
198,nonsynonymous-only,0,1,7,8372,"E×2, F×1, G×1, N×1, R×1, S×1","AGA×5963, GAA×1725, TTC×636, GAG×31, GGA×14, AGC×2, AAC×1"
199,nonsynonymous-only,0,1,6,8372,"K×2, S×2, C×1, R×1","AAA×4617, TGC×1741, AGT×1369, AGC×637, CGC×7, AAG×1"
200,nonsynonymous-only,0,1,5,6616,"L×1, P×1, R×1, S×1, T×1","AGA×2862, CCC×1958, TCC×1136, ACC×636, CTC×24"
201,nonsynonymous-only,0,1,3,6616,"F×1, I×1, V×1","GTT×4030, TTT×2385, ATT×201"
202,nonsynonymous-only,0,1,5,8372,"L×2, C×1, H×1, Y×1","TGT×5246, CTA×1749, TAT×1166, CAT×204, TTA×7"
203,nonsynonymous-only,0,1,10,8372,"D×2, H×2, L×2, C×1, G×1, N×1, Y×1","GGT×2861, CTC×1748, CAC×1516, TTA×1369, GAC×522, TAC×239, AAC×114, CAT×1, GAT×1, TGC×1"
204,nonsynonymous-only,0,1,6,8372,"L×2, F×1, I×1, S×1, V×1","TTT×3117, GTT×2346, CTT×1756, AGT×636, ATT×516, TTA×1"
206,synonymous-only,1,0,2,8372,L×2,"CTG×4617, TTG×3755"
208,nonsynonymous-only,0,1,3,6640,"R×2, A×1","AGA×4231, CGA×1772, GCA×637"
209,nonsynonymous-only,0,1,3,8372,"L×2, I×1","TTA×3504, CTA×2862, ATA×2006"
210,nonsynonymous-only,0,1,4,8372,"C×1, F×1, R×1, Y×1","TGC×6965, TTT×1370, CGC×36, TAC×1"
211,nonsynonymous-only,0,1,4,8339,"A×2, Q×1, T×1","CAA×3729, GCA×2866, ACA×1742, GCG×2"
212,nonsynonymous-only,0,1,2,4776,"K×1, Q×1","CAA×3028, AAA×1748"
213,nonsynonymous-only,0,1,4,8372,"F×1, P×1, S×1, Y×1","TCC×6620, CCC×1748, TAC×3, TTC×1"
214,nonsynonymous-only,0,1,5,8371,"R×3, S×1, T×1","AGA×4864, CGA×1756, ACA×1748, AGC×2, AGG×1"
215,nonsynonymous-only,0,1,3,8372,"A×1, I×1, T×1","ATT×4873, ACT×2863, GCT×636"
216,nonsynonymous-only,0,1,4,8372,"A×1, F×1, I×1, T×1","TTT×3498, ATT×3117, GCT×1443, ACT×314"
217,nonsynonymous-only,0,1,5,8372,"I×2, D×1, N×1, V×1","GAT×2862, AAC×2005, ATT×1748, ATC×1436, GTC×321"
218,nonsynonymous-only,0,1,5,7736,"I×2, F×1, V×1, W×1","GTC×2862, ATC×1754, TGG×1748, TTC×1371, ATT×1"
219,nonsynonymous-only,0,1,5,8372,"A×1, G×1, H×1, S×1, Y×1","GCA×4024, TCA×2591, CAT×1470, TAT×286, GGC×1"
220,nonsynonymous-only,0,1,6,8372,"F×1, I×1, L×1, P×1, S×1, Y×1","TCT×3118, TTT×2858, TAT×1752, ATT×636, CCT×4, CTT×4"
221,nonsynonymous-only,0,1,4,8372,"I×2, L×1, V×1","CTT×3504, ATT×3501, GTT×1366, ATC×1"
222,nonsynonymous-only,0,1,2,8372,"R×1, W×1","TGG×6829, CGG×1543"
223,nonsynonymous-only,0,1,10,8372,"L×2, A×1, C×1, G×1, P×1, R×1, S×1, T×1, V×1","GTA×2861, CCA×1754, CGT×1735, CTA×1334, GCA×528, ACA×108, TTA×37, GGT×7, TGT×6, TCA×2"
224,nonsynonymous-only,0,1,5,7003,"C×1, H×1, K×1, S×1, Y×1","TGT×2863, TAC×1755, AAA×1748, TCT×636, CAC×1"
225,nonsynonymous-only,0,1,4,7736,"G×1, K×1, Q×1, R×1","AAA×3117, AGA×2466, CAA×1757, GGA×396"
227,nonsynonymous-only,0,1,5,8372,"C×1, G×1, Q×1, R×1, S×1","CGC×3630, GGC×2861, CAG×1369, TGC×492, AGC×20"
228,nonsynonymous-only,0,1,5,8372,"L×2, F×1, I×1, V×1","CTT×2861, TTT×2006, CTA×1748, ATT×1743, GTT×14"
229,nonsynonymous-only,0,1,2,8372,"H×1, Y×1","CAC×4303, TAC×4069"
230,nonsynonymous-only,0,1,4,8372,"R×2, G×1, W×1","TGG×4869, AGG×2910, GGG×588, CGG×5"
231,nonsynonymous-only,0,1,4,8372,"C×1, G×1, R×1, S×1","TGC×3117, CGC×2863, AGC×1418, GGC×974"
232,nonsynonymous-only,0,1,8,6615,"R×3, Y×2, C×1, E×1, H×1","TAC×2861, GAA×1748, CGT×1328, AGA×637, CGC×38, CAT×1, TAT×1, TGT×1"
233,nonsynonymous-only,0,1,5,6619,"E×1, F×1, I×1, Q×1, T×1","GAA×2862, ATC×1756, CAA×1364, TTC×636, ACA×1"
234,nonsynonymous-only,0,1,5,7005,"R×2, C×1, Q×1, S×1","AGA×3504, AGC×2862, CGA×629, CAA×7, TGC×3"
235,nonsynonymous-only,0,1,4,5988,"E×1, K×1, P×1, T×1","GAA×2697, AAA×1921, CCA×1369, ACA×1"
236,nonsynonymous-only,0,1,8,8372,"A×1, K×1, N×1, P×1, R×1, S×1, T×1, Y×1","AGA×2862, TCC×1747, AAA×1369, ACA×905, GCA×851, AAT×636, CCC×1, TAT×1"
237,nonsynonymous-only,0,1,3,8372,"R×2, W×1","AGG×7734, TGG×637, AGA×1"
238,nonsynonymous-only,0,1,8,8372,"D×1, F×1, G×1, I×1, L×1, S×1, T×1, Y×1","GAT×2861, CTT×2673, ACT×1756, TTT×444, GGC×380, AGC×256, ATT×1, TAT×1"
239,nonsynonymous-only,0,1,7,8371,"F×1, G×1, I×1, L×1, N×1, S×1, Y×1","TAT×2862, CTT×2390, AAT×1749, AGT×1360, GGT×8, ATT×1, TTT×1"
240,nonsynonymous-only,0,1,6,5508,"G×2, S×2, D×1, R×1","GGC×3467, GGA×1244, TCA×636, AGA×133, AGC×21, GAC×7"
241,nonsynonymous-only,0,1,5,5621,"K×2, P×1, R×1, V×1","CCA×1756, AAA×1749, GTT×1368, AAG×636, CGA×112"
242,nonsynonymous-only,0,1,4,8371,"G×2, C×1, S×1","AGC×6367, GGC×1362, TGC×636, GGA×6"
243,nonsynonymous-only,0,1,3,6982,"K×1, Q×1, R×1","AGA×6614, CAA×367, AAA×1"
244,nonsynonymous-only,0,1,3,6613,"G×1, R×1, W×1","TGG×5977, AGG×635, GGG×1"
245,nonsynonymous-only,0,1,5,8372,"F×1, G×1, Q×1, R×1, W×1","CGG×2902, CAG×2862, TTC×1756, GGG×636, TGG×216"
247,nonsynonymous-only,0,1,4,8372,"F×2, C×1, Y×1","TTC×4610, TTT×2005, TAC×1756, TGT×1"
248,nonsynonymous-only,0,1,4,8372,"C×1, F×1, S×1, Y×1","TCT×3497, TGT×2863, TAT×2011, TTT×1"
251,nonsynonymous-only,0,1,2,8372,"I×1, M×1","ATG×8371, ATA×1"
252,nonsynonymous-only,0,1,3,8371,"K×2, R×1","AAG×6619, AAA×1748, AGG×4"
253,nonsynonymous-only,0,1,4,8371,"F×2, S×1, Y×1","TAC×4619, TTC×2383, TCC×1368, TTT×1"
255,nonsynonymous-only,0,1,4,8371,"A×1, D×1, G×1, V×1","GAT×3124, GGT×2862, GTT×1605, GCT×780"
257,nonsynonymous-only,0,1,8,8371,"P×3, S×2, T×2, G×1","CCA×2862, TCC×1756, CCG×1745, ACG×1368, AGT×635, CCC×3, ACA×1, GGT×1"
258,nonsynonymous-only,0,1,8,8371,"P×4, N×2, D×1, S×1","CCC×2843, CCA×1747, AAC×1610, AGC×1368, CCT×655, AAT×146, CCG×1, GAT×1"
259,synonymous-only,1,0,2,8371,E×2,"GAA×8368, GAG×3"
260,nonsynonymous-only,0,1,6,8371,"G×4, N×2","GGA×2863, GGT×1904, AAC×1746, GGC×1212, GGG×636, AAT×10"
261,synonymous-only,1,0,2,8371,Q×2,"CAA×7735, CAG×636"
263,nonsynonymous-only,0,1,3,8375,"K×2, M×1","ATG×4614, AAA×3598, AAG×163"
264,nonsynonymous-only,0,1,5,8376,"L×4, I×1","CTC×3499, ATT×2866, TTG×2004, CTT×5, TTA×2"
266,nonsynonymous-only,0,1,6,8376,"T×3, Q×2, Y×1","TAT×2866, ACA×2005, ACG×1748, CAG×1710, CAA×46, ACT×1"
267,nonsynonymous-only,0,1,3,8376,"F×2, V×1","TTT×7007, GTT×1368, TTC×1"
268,nonsynonymous-only,0,1,4,8376,"L×2, I×1, M×1","ATG×4623, ATT×1748, TTG×1368, TTA×637"
270,nonsynonymous-only,0,1,8,8376,"Q×2, T×2, H×1, K×1, R×1, Y×1","AAA×3116, CAC×2864, ACA×1687, CAG×625, ACC×70, CAA×12, CGC×1, TAC×1"
271,synonymous-only,1,0,4,8376,G×4,"GGC×4459, GGG×2756, GGT×796, GGA×365"
272,nonsynonymous-only,0,1,10,8376,"I×2, T×2, V×2, D×1, K×1, S×1, Y×1","GTG×4409, ACC×1734, TAT×1367, ATC×428, ATT×209, GTA×205, AGC×21, AAA×1, ACT×1, GAT×1"
273,nonsynonymous-only,0,1,6,8376,"F×2, I×2, L×1, Y×1","TAC×4614, TTC×1756, TTT×1368, ATT×617, ATA×20, TTA×1"
274,nonsynonymous-only,0,1,9,8376,"R×3, A×2, T×2, S×1, Y×1","GCG×2857, CGT×1763, CGC×1739, ACA×1365, TAT×637, GCA×9, ACG×3, CGA×2, TCT×1"
275,nonsynonymous-only,0,1,6,8376,"P×3, R×3","CGT×2866, CGG×1858, CCA×1749, CCT×1251, CCC×505, CGA×147"
276,nonsynonymous-only,0,1,3,8376,"I×1, L×1, M×1","TTA×4614, ATG×2006, ATT×1756"
277,synonymous-only,1,0,4,8376,G×4,"GGT×5550, GGA×1726, GGC×1099, GGG×1"
278,nonsynonymous-only,0,1,2,8372,"D×1, E×1","GAA×8371, GAT×1"
279,nonsynonymous-only,0,1,8,8372,"A×2, T×2, E×1, G×1, N×1, S×1","ACA×2863, GAA×1756, AGT×1747, GCC×1364, ACC×637, GCT×3, AAT×1, GGT×1"
280,nonsynonymous-only,0,1,8,8372,"G×3, V×2, A×1, E×1, N×1","GTG×2854, GGA×1756, GAA×1367, GGT×1147, AAT×637, GGC×601, GTT×9, GCA×1"
281,nonsynonymous-only,0,1,6,8372,"R×3, I×1, K×1, Q×1","AAA×5932, CAA×1748, CGG×637, AGA×40, AGG×14, ATA×1"
282,nonsynonymous-only,0,1,6,8372,"K×1, M×1, P×1, Q×1, S×1, T×1","TCA×2863, ATG×1756, ACC×1748, CAA×1367, CCC×637, AAA×1"
283,nonsynonymous-only,0,1,9,8372,"R×3, V×2, H×1, I×1, M×1, Y×1","CAT×2863, TAT×1748, AGA×1363, GTG×1101, GTC×653, ATT×637, AGG×4, ATG×2, CGT×1"
284,nonsynonymous-only,0,1,6,8372,"H×2, E×1, N×1, P×1, Q×1","CAT×4609, GAA×1748, AAT×1367, CCT×636, CAC×11, CAA×1"
285,nonsynonymous-only,0,1,8,8372,"A×4, S×2, V×2","GCG×2781, TCC×1756, GCC×1747, GTA×1367, GTT×637, GCA×82, GCT×1, TCA×1"
286,nonsynonymous-only,0,1,6,8372,"K×2, S×2, D×1, T×1","GAT×2863, AAG×1756, TCT×1748, TCG×1367, ACG×637, AAA×1"
287,nonsynonymous-only,0,1,4,8372,"V×2, C×1, I×1","GTT×4658, GTC×1710, ATA×1367, TGT×637"
288,nonsynonymous-only,0,1,6,8372,"R×3, K×1, Q×1, W×1","CGG×5209, CAA×1748, AAA×1367, CGA×44, TGG×3, CGC×1"
289,nonsynonymous-only,0,1,6,8372,"I×2, L×2, F×1, V×1","ATT×4579, CTA×1756, TTT×1367, TTG×638, GTT×30, ATC×2"
290,nonsynonymous-only,0,1,4,8372,"C×2, I×1, L×1","ATT×5979, CTA×1756, TGC×636, TGT×1"
291,nonsynonymous-only,0,1,4,8372,"F×2, C×1, G×1","TTT×3758, TGT×2863, GGT×1748, TTC×3"
292,nonsynonymous-only,0,1,5,8372,"A×4, V×1","GCG×3060, GCT×2866, GCA×1808, GCC×637, GTA×1"
293,synonymous-only,1,0,3,8372,T×3,"ACA×3753, ACG×2863, ACC×1756"
294,nonsynonymous-only,0,1,6,8372,"T×4, A×1, N×1","ACG×4609, ACC×3079, ACT×642, AAC×38, ACA×3, GCG×1"
295,synonymous-only,1,0,2,8372,E×2,"GAA×5645, GAG×2727"
296,nonsynonymous-only,0,1,5,6624,"A×2, N×2, E×1","AAT×2843, AAC×1777, GCA×924, GAA×637, GCC×443"
297,nonsynonymous-only,0,1,6,6624,"P×3, G×1, I×1, V×1","CCT×2863, CCG×1755, GTC×1353, ATT×638, GGC×14, CCA×1"
298,nonsynonymous-only,0,1,8,8372,"N×2, S×2, E×1, K×1, T×1, Y×1","ACT×2863, AAA×1765, TCA×1748, AAT×1352, TCT×637, AAC×4, GAA×2, TAT×1"
299,nonsynonymous-only,0,1,5,8372,"S×2, E×1, K×1, Q×1","TCT×2863, AAA×1756, GAA×1748, CAA×1368, AGC×637"
300,nonsynonymous-only,0,1,7,8372,"T×2, H×1, N×1, S×1, V×1, Y×1","TCT×2863, GTC×1756, AAC×1748, CAT×1311, ACC×541, ACT×97, TAT×56"
301,nonsynonymous-only,0,1,2,8372,"F×1, L×1","TTA×4619, TTT×3753"
302,nonsynonymous-only,0,1,3,8372,"L×2, F×1","TTG×4307, TTA×4064, TTT×1"
303,nonsynonymous-only,0,1,8,8372,"T×3, N×2, P×2, K×1","AAT×2831, CCA×1756, ACC×1747, AAA×1367, ACG×637, AAC×32, ACT×1, CCG×1"
304,synonymous-only,1,0,4,8372,T×4,"ACT×4609, ACC×1758, ACG×1367, ACA×638"
305,synonymous-only,1,0,2,8372,F×2,"TTT×8315, TTC×57"
306,nonsynonymous-only,0,1,6,8372,"C×1, I×1, L×1, N×1, V×1, Y×1","GTG×2863, TTA×2004, TAT×1753, AAT×1748, TGT×3, ATT×1"
307,nonsynonymous-only,0,1,5,8372,"R×4, I×1","CGA×2863, AGA×2002, CGC×1757, CGG×1748, ATA×2"
308,synonymous-only,1,0,6,8372,R×6,"CGC×2863, CGA×2298, CGG×1748, AGG×1365, CGT×96, AGA×2"
309,nonsynonymous-only,0,1,4,8372,"I×2, L×1, V×1","ATT×7178, ATC×1165, GTC×28, CTG×1"
310,nonsynonymous-only,0,1,5,8372,"S×3, P×2","CCG×4611, CCT×2004, TCC×1755, TCA×1, TCT×1"
311,nonsynonymous-only,0,1,6,8373,"V×3, I×2, M×1","ATT×3489, GTA×1754, ATG×1748, GTG×1370, ATC×11, GTT×1"
312,nonsynonymous-only,0,1,8,8373,"I×3, S×2, Q×1, T×1, V×1","ATC×4583, TCG×1747, ACA×1367, CAA×637, ATT×36, ATA×1, GTA×1, TCA×1"
313,nonsynonymous-only,0,1,3,8373,"I×1, L×1, V×1","ATT×5248, GTC×1757, TTA×1368"
314,nonsynonymous-only,0,1,7,8373,"A×2, T×2, K×1, Q×1, S×1","CAA×2863, TCA×1756, ACA×1747, GCC×1063, AAA×638, GCT×305, ACT×1"
315,nonsynonymous-only,0,1,5,8373,"L×3, I×2","TTA×4442, CTT×1756, ATT×1368, ATC×637, TTG×170"
316,synonymous-only,1,0,4,8373,P×4,"CCG×4583, CCA×3777, CCC×12, CCT×1"
317,nonsynonymous-only,0,1,5,8373,"N×2, S×2, A×1","AAC×4619, TCT×1748, GCT×1368, AGT×637, AAT×1"
318,nonsynonymous-only,0,1,5,8373,"F×2, L×2, Y×1","TTA×3116, TTT×2681, TTC×1938, CTT×637, TAT×1"
319,nonsynonymous-only,0,1,7,8373,"A×2, D×2, E×1, K×1, S×1","AGT×2863, AAA×1756, GAT×1746, GCC×1368, GCT×637, GAC×2, GAA×1"
320,nonsynonymous-only,0,1,6,8373,"A×2, E×2, D×1, Q×1","GAG×3124, GAC×2863, GCA×1747, GAA×637, CAG×1, GCG×1"
321,nonsynonymous-only,0,1,6,8373,"R×4, C×1, H×1","CGC×3759, CGT×2863, CGG×1748, CAC×1, CGA×1, TGC×1"
322,nonsynonymous-only,0,1,7,8373,"P×3, T×3, S×1","CCT×2863, CCC×1756, ACG×1748, TCT×1368, ACT×624, ACC×13, CCA×1"
323,nonsynonymous-only,0,1,8,8373,"A×2, L×2, Q×2, I×1, M×1","GCG×2837, ATT×1756, CTA×1748, TTG×1104, CAA×637, ATG×264, GCA×26, CAG×1"
324,nonsynonymous-only,0,1,5,8373,"A×1, D×1, K×1, R×1, S×1","AAA×4231, CGA×1756, GAT×1748, GCG×637, TCA×1"
325,synonymous-only,1,0,2,8373,E×2,"GAA×6625, GAG×1748"
326,nonsynonymous-only,0,1,3,6625,"R×2, K×1","AAA×4231, CGG×1756, AGA×638"
327,nonsynonymous-only,0,1,3,6625,"I×1, K×1, M×1","ATT×5987, AAA×637, ATG×1"
328,nonsynonymous-only,0,1,6,8372,"Q×2, A×1, D×1, T×1, Y×1","GAC×2863, CAA×2004, GCG×1755, TAT×1748, ACG×1, CAG×1"
329,nonsynonymous-only,0,1,8,8372,"L×4, A×2, I×1, S×1","CTC×2863, ATT×1756, GCC×1740, TTG×1368, TTA×636, GCT×7, CTT×1, TCC×1"
330,nonsynonymous-only,0,1,5,8372,"L×3, I×2","CTA×2863, ATT×2007, ATC×1746, TTG×1120, TTA×636"
331,nonsynonymous-only,0,1,6,8374,"L×2, D×1, I×1, K×1, M×1","AAA×4619, ATT×1748, TTG×1366, ATG×638, TTA×2, GAT×1"
332,nonsynonymous-only,0,1,7,8373,"S×2, L×1, N×1, R×1, T×1, V×1","GTG×2863, AAC×1756, TCG×1747, TCC×1368, CGA×637, ACT×1, TTG×1"
333,nonsynonymous-only,0,1,5,8373,"F×2, A×1, L×1, M×1","TTA×3504, ATG×2863, TTT×1368, GCA×637, TTC×1"
334,nonsynonymous-only,0,1,4,8373,"F×2, I×1, V×1","TTT×2994, GTT×2837, TTC×2516, ATT×26"
335,nonsynonymous-only,0,1,6,8373,"I×2, H×1, L×1, S×1, Y×1","TCA×2863, CAC×1756, ATT×1748, TTA×1368, TAT×637, ATA×1"
336,nonsynonymous-only,0,1,7,8373,"E×2, G×1, I×1, M×1, Q×1, R×1","ATG×2838, CGA×1756, CAG×1748, GAA×1368, GAG×637, ATT×25, GGT×1"
337,nonsynonymous-only,0,1,2,8373,"E×1, Q×1","GAA×6625, CAA×1748"
339,nonsynonymous-only,0,1,4,3754,"G×1, N×1, S×1, V×1","GGC×1740, GTC×1368, AGC×645, AAT×1"
340,nonsynonymous-only,0,1,7,8373,"K×2, C×1, E×1, I×1, N×1, S×1","AAC×3116, AGC×2862, GAA×1688, AAG×637, AAA×68, ATT×1, TGC×1"
341,nonsynonymous-only,0,1,5,8373,"L×2, A×1, G×1, T×1","ACG×3514, GCG×2853, GGA×1368, CTA×637, TTA×1"
342,nonsynonymous-only,0,1,6,8373,"F×2, S×2, D×1, N×1","GAT×2863, TTC×2005, AAT×1755, TTT×1748, AGT×1, TCT×1"
343,nonsynonymous-only,0,1,6,8373,"K×2, D×1, G×1, P×1, S×1","TCA×2862, AAA×1995, GAC×1756, GGG×1748, AAG×11, CCA×1"
344,nonsynonymous-only,0,1,6,7736,"R×2, M×1, P×1, Q×1, T×1","ACG×2860, CAA×1756, CCA×1748, AGA×1368, ATG×3, CGA×1"
345,nonsynonymous-only,0,1,4,6367,"A×2, R×1, T×1","GCG×2863, AGA×1756, ACA×1720, GCA×28"
346,nonsynonymous-only,0,1,3,6367,"H×1, N×1, Y×1","AAT×4611, CAT×1755, TAT×1"
347,nonsynonymous-only,0,1,3,5987,"L×1, P×1, Q×1","CTC×2863, CAA×1756, CCA×1368"
348,nonsynonymous-only,0,1,6,8354,"C×1, F×1, H×1, Q×1, R×1, Y×1","TTT×2863, TAT×2732, CGT×1756, CAG×618, CAT×384, TGC×1"
349,nonsynonymous-only,0,1,5,8230,"G×1, L×1, R×1, S×1, V×1","GTC×2863, GGA×1756, CGA×1606, TCG×1368, TTA×637"
350,nonsynonymous-only,0,1,5,8373,"L×2, R×2, T×1","AGA×2863, CGA×1756, ACG×1748, TTA×1369, CTA×637"
351,nonsynonymous-only,0,1,3,7001,"R×2, S×1","AGA×4619, CGA×1744, TCA×638"
352,nonsynonymous-only,0,1,7,8373,"C×1, D×1, G×1, N×1, R×1, S×1, V×1","TGT×2863, AGC×1748, AAT×1732, GGC×1368, CGC×637, GAT×24, GTT×1"
353,nonsynonymous-only,0,1,6,8373,"D×1, G×1, H×1, L×1, S×1, V×1","GGT×2863, CTT×1756, AGT×1748, GTT×1368, CAC×637, GAT×1"
354,nonsynonymous-only,0,1,6,6625,"K×2, E×1, Q×1, R×1, Y×1","CAA×2862, TAC×1756, GAA×1368, AAG×637, AAA×1, AGA×1"
355,nonsynonymous-only,0,1,6,6625,"G×2, L×2, S×1, T×1","AGC×2884, GGC×1733, ACA×1368, TTA×637, GGT×2, CTT×1"
356,nonsynonymous-only,0,1,5,8373,"S×2, F×1, I×1, V×1","ATT×3150, GTT×2843, TTT×1743, TCC×523, TCA×114"
357,nonsynonymous-only,0,1,4,8373,"N×2, G×1, I×1","AAT×2863, AAC×2005, ATT×1757, GGC×1748"
358,nonsynonymous-only,0,1,8,8373,"R×2, F×1, I×1, K×1, S×1, V×1, W×1","GTT×2375, TGG×2080, AGA×1721, TTT×1244, CGG×783, ATT×134, AGC×35, AAA×1"
359,nonsynonymous-only,0,1,2,1748,"H×1, Y×1","CAT×1141, TAT×607"
360,nonsynonymous-only,0,1,2,2385,"K×1, V×1","GTT×1748, AAA×637"
361,nonsynonymous-only,0,1,2,637,"I×1, T×1","ACC×341, ATC×296"
362,nonsynonymous-only,0,1,5,8373,"T×2, L×1, M×1, V×1","GTG×2864, ATG×1756, ACG×1748, CTC×1368, ACC×637"
363,nonsynonymous-only,0,1,4,8373,"F×1, I×1, M×1, T×1","TTT×2863, ATT×2005, ACG×1756, ATG×1749"
364,nonsynonymous-only,0,1,6,8372,"L×2, I×1, M×1, N×1, Q×1","CTT×2863, AAC×1756, CAG×1748, TTG×1368, ATG×635, ATA×2"
365,nonsynonymous-only,0,1,4,7737,"K×1, L×1, M×1, W×1","AAG×3117, ATG×2863, CTG×1756, TGG×1"
366,nonsynonymous-only,0,1,4,8373,"A×1, E×1, P×1, V×1","GAA×4612, GCA×2137, CCA×1368, GTA×256"
367,nonsynonymous-only,0,1,3,8373,"I×1, M×1, T×1","ATG×3534, ACG×3091, ATA×1748"
368,nonsynonymous-only,0,1,4,7704,"L×2, S×1, W×1","TTG×3050, TCG×2810, TGG×1843, CTG×1"
369,nonsynonymous-only,0,1,6,8373,"A×2, V×2, E×1, G×1","GTC×4611, GAA×1273, GTG×1095, GCG×910, GGA×483, GCA×1"
370,nonsynonymous-only,0,1,7,8373,"N×2, A×1, K×1, R×1, S×1, V×1","AGC×2863, AAT×2003, AGG×1748, GTT×1660, GCT×96, AAC×2, AAA×1"
371,nonsynonymous-only,0,1,2,1757,"S×1, Y×1","TAT×1756, TCA×1"
372,nonsynonymous-only,0,1,6,8373,"K×2, E×1, N×1, P×1, S×1","AAT×2863, CCA×1756, AGC×1748, AAG×1368, GAA×637, AAA×1"
373,nonsynonymous-only,0,1,6,8373,"R×3, G×1, I×1, T×1","CGA×2863, ACA×1756, GGG×1747, CGG×1368, ATA×638, AGG×1"
374,nonsynonymous-only,0,1,8,8373,"R×2, I×1, K×1, L×1, M×1, Q×1, T×1","ATG×2863, AAG×1756, ACT×1748, CGA×1366, ATA×637, AGA×1, CAA×1, TTG×1"
375,nonsynonymous-only,0,1,3,5988,"C×1, F×1, L×1","TGC×4619, TTC×1368, TTA×1"
376,nonsynonymous-only,0,1,4,8373,"N×2, K×1, S×1","AAT×3117, AAC×2863, AGC×1756, AAA×637"
377,nonsynonymous-only,0,1,6,6663,"L×2, F×1, M×1, S×1, W×1","TTG×2863, TTA×1983, TCC×1756, TGG×38, TTC×22, ATG×1"
378,nonsynonymous-only,0,1,2,4142,"F×1, L×1","TTT×3505, TTA×637"
379,nonsynonymous-only,0,1,3,8373,"A×1, L×1, V×1","CTG×3500, GCG×3117, GTG×1756"
380,nonsynonymous-only,0,1,7,8373,"H×2, R×2, E×1, L×1, Q×1","CGC×2736, CAC×2130, CGT×1753, CTA×1748, CAT×4, CAA×1, GAA×1"
381,nonsynonymous-only,0,1,7,7005,"E×2, A×1, H×1, R×1, S×1, V×1","GAG×2863, AGT×1748, CGC×1670, GCA×631, CAC×86, GAA×6, GTG×1"
382,nonsynonymous-only,0,1,4,7005,"A×1, G×1, H×1, N×1","GGT×2863, AAT×1756, CAT×1749, GCT×637"
383,nonsynonymous-only,0,1,5,7005,"F×1, L×1, M×1, S×1, Y×1","TCC×3667, TAC×1756, TTC×944, TTG×637, ATG×1"
384,nonsynonymous-only,0,1,3,6367,"E×1, F×1, L×1","TTA×2863, GAA×1756, TTT×1748"
385,nonsynonymous-only,0,1,4,6367,"I×2, K×1, Q×1","ATC×2863, AAA×1753, ATT×1748, CAA×3"
387,nonsynonymous-only,0,1,2,3504,"C×1, R×1","TGC×1756, CGG×1748"
388,nonsynonymous-only,0,1,5,4142,"K×1, L×1, P×1, S×1, T×1","CCA×2224, ACG×1748, TCA×162, CTA×7, AAA×1"
389,nonsynonymous-only,0,1,6,8372,"H×2, A×1, I×1, M×1, T×1","ATG×2863, ATC×2389, CAC×1730, GCC×1367, CAT×18, ACC×5"
390,nonsynonymous-only,0,1,7,8372,"E×2, N×2, D×1, L×1, Y×1","GAA×2862, AAC×1756, AAT×1748, TAT×1367, TTG×637, GAG×1, GAT×1"
391,nonsynonymous-only,0,1,7,8372,"L×2, I×1, M×1, P×1, Q×1, T×1","TTA×3115, CAA×2863, CCG×1338, ATA×473, CTG×418, ACA×164, ATG×1"
392,nonsynonymous-only,0,1,6,8372,"E×2, N×2, L×1, S×1","GAG×3114, GAA×2864, TCG×1756, AAC×540, AAT×97, CTA×1"
393,nonsynonymous-only,0,1,9,8372,"H×2, V×2, E×1, I×1, K×1, M×1, S×1","GAA×2863, TCA×1756, GTG×1646, CAT×1344, CAC×404, GTA×194, ATG×163, AAG×1, ATA×1"
394,synonymous-only,1,0,2,7004,L×2,"TTG×3504, TTA×3500"
395,nonsynonymous-only,0,1,4,4619,"A×2, M×1, V×1","ATG×2863, GCG×1754, GCA×1, GTG×1"
396,nonsynonymous-only,0,1,2,4619,"I×1, M×1","ATT×2863, ATG×1756"
397,nonsynonymous-only,0,1,4,4618,"Q×2, R×1, T×1","ACG×2863, CGA×1524, CAA×228, CAG×3"
398,nonsynonymous-only,0,1,5,4619,"F×1, I×1, L×1, M×1, P×1","ATG×2862, CTC×1739, CCC×14, TTC×3, ATA×1"
399,nonsynonymous-only,0,1,6,8372,"D×2, N×2, S×1, Y×1","GAC×3263, AAC×1756, TAT×1748, GAT×967, AAT×637, AGC×1"
400,nonsynonymous-only,0,1,6,8372,"Q×2, E×1, H×1, P×1, S×1","CAA×3123, GAA×2863, CCG×1741, CAC×637, TCG×7, CAG×1"
401,nonsynonymous-only,0,1,4,4869,"F×1, I×1, L×1, S×1","TTA×4230, TTT×637, ATT×1, TCG×1"
402,nonsynonymous-only,0,1,7,8373,"K×2, L×2, T×2, A×1","ACG×5978, TTA×972, TTG×784, GCA×351, ACA×286, AAA×1, AAG×1"
403,nonsynonymous-only,0,1,6,8369,"R×2, D×1, E×1, G×1, K×1","GAC×2863, CGA×2392, GGA×1745, GAA×1367, AAA×1, CGT×1"
404,nonsynonymous-only,0,1,7,8373,"F×2, T×2, L×1, N×1, S×1","AAT×2863, TTC×1756, TTT×1748, ACT×1367, TCT×635, CTT×3, ACC×1"
405,nonsynonymous-only,0,1,5,5258,"I×2, L×1, T×1, V×1","ATT×1947, CTT×1756, ATC×916, ACC×638, GTG×1"
406,nonsynonymous-only,0,1,5,3503,"A×1, E×1, K×1, S×1, W×1","AAA×2863, GAA×637, AGC×1, GCG×1, TGG×1"
407,nonsynonymous-only,0,1,5,5258,"E×1, I×1, L×1, R×1, T×1","GAA×2863, ACA×1739, AGA×638, ATA×17, TTA×1"
409,nonsynonymous-only,0,1,4,4612,"R×2, H×1, Y×1","CAT×2844, CGT×1745, TAT×20, CGC×3"
410,nonsynonymous-only,0,1,5,4613,"Y×2, C×1, L×1, V×1","TAT×2863, TAC×1746, TGC×2, CTT×1, GTC×1"
411,nonsynonymous-only,0,1,2,2864,"A×1, V×1","GCA×2863, GTT×1"
415,nonsynonymous-only,0,1,8,8371,"C×2, R×2, G×1, S×1, W×1, Y×1","TGC×4196, TGT×3493, TGG×635, CGC×34, TAT×10, AGT×1, CGA×1, GGT×1"
416,nonsynonymous-only,0,1,8,6676,"I×3, P×1, Q×1, T×1, V×1, W×1","CAG×2863, CCA×1748, ATT×1367, ATC×636, TGG×59, ACC×1, ATA×1, GTA×1"
417,nonsynonymous-only,0,1,4,4873,"K×2, A×1, E×1","AAG×1757, AAA×1748, GAA×1367, GCG×1"
418,nonsynonymous-only,0,1,7,7736,"K×2, T×2, A×1, R×1, S×1","TCG×2863, AGG×1748, AAG×1707, GCA×1367, AAA×49, ACA×1, ACG×1"
419,nonsynonymous-only,0,1,4,6368,"I×1, Q×1, R×1, T×1","AGA×2863, ACA×1756, ATT×1748, CAA×1"
420,nonsynonymous-only,0,1,2,1756,"D×1, H×1","CAC×1755, GAC×1"
421,nonsynonymous-only,0,1,4,4619,"V×2, F×1, I×1","GTA×2704, TTT×1756, GTG×157, ATA×2"
422,nonsynonymous-only,0,1,7,5988,"L×3, A×1, K×1, R×1, W×1","TTG×2856, CTT×1756, AGG×1313, TGG×54, TTA×7, AAA×1, GCA×1"
423,nonsynonymous-only,0,1,7,5988,"S×2, E×1, G×1, K×1, P×1, V×1","TCG×2861, CCG×1756, GGA×1307, GAA×60, TCA×2, AAA×1, GTA×1"
424,nonsynonymous-only,0,1,8,8373,"Q×2, D×1, E×1, I×1, K×1, R×1, W×1","GAG×2862, ATA×1756, AAA×1748, CAG×1367, CAA×388, CGA×250, GAT×1, TGG×1"
425,nonsynonymous-only,0,1,5,8373,"L×3, F×1, S×1","TTA×4511, TCA×2003, TTT×1756, TTG×102, CTA×1"
426,nonsynonymous-only,0,1,5,8372,"S×2, D×1, K×1, N×1","TCG×4619, AAG×3115, AAC×386, GAC×251, AGT×1"
427,nonsynonymous-only,0,1,5,7735,"K×2, L×1, Q×1, S×1","AAA×2863, CAA×1756, AAG×1748, AGC×1367, CTC×1"
428,nonsynonymous-only,0,1,9,8372,"Y×2, C×1, D×1, F×1, H×1, L×1, N×1, P×1","TAT×2861, CAT×1749, TAC×1625, AAC×1365, CTC×569, TGC×126, TTC×68, CCT×7, GAC×2"
429,nonsynonymous-only,0,1,6,8372,"L×3, P×2, Q×1","CTG×6419, TTG×1842, CTA×73, CCG×30, CCA×7, CAG×1"
430,nonsynonymous-only,0,1,8,8372,"K×2, E×1, I×1, M×1, N×1, R×1, S×1","GAA×2863, ATG×2004, AAG×1753, AGC×1743, AGG×5, AAA×2, AAT×1, ATC×1"
431,nonsynonymous-only,0,1,5,5249,"P×2, A×1, K×1, V×1","CCG×2672, GCT×1748, AAA×637, CCA×191, GTC×1"
432,nonsynonymous-only,0,1,5,6407,"K×1, M×1, N×1, Q×1, W×1","CAA×2863, TGG×1546, AAA×1360, ATG×637, AAT×1"
433,nonsynonymous-only,0,1,6,6609,"I×2, D×1, L×1, N×1, V×1","TTA×2863, ATC×1748, GTC×1360, AAT×543, GAT×94, ATT×1"
434,nonsynonymous-only,0,1,4,6609,"C×1, N×1, V×1, Y×1","GTG×2863, TGC×1997, AAT×1748, TAC×1"
435,nonsynonymous-only,0,1,5,6609,"L×3, V×1, W×1","GTA×2863, TTG×1748, TGG×1360, CTA×637, CTC×1"
436,nonsynonymous-only,0,1,3,2864,"I×1, L×1, S×1","TCA×2862, ATA×1, TTA×1"
442,synonymous-only,1,0,2,2864,V×2,"GTA×2863, GTC×1"
443,nonsynonymous-only,0,1,4,6609,"A×1, F×1, I×1, T×1","GCT×2863, TTT×1998, ATA×1041, ACA×707"
444,nonsynonymous-only,0,1,4,5249,"I×1, L×1, R×1, V×1","ATT×2863, GTA×1748, AGA×637, TTA×1"
445,nonsynonymous-only,0,1,5,4686,"E×1, K×1, Q×1, R×1, W×1","CAG×2863, AAA×1748, TGG×69, CGA×5, GAA×1"
446,nonsynonymous-only,0,1,5,6609,"S×2, V×2, A×1","TCA×2863, GTA×1748, GTG×1360, GCA×637, TCG×1"
447,nonsynonymous-only,0,1,4,6609,"N×2, D×1, I×1","GAT×4223, ATT×1748, AAC×637, AAT×1"
448,nonsynonymous-only,0,1,7,6609,"E×2, I×2, A×1, K×1, T×1","GCC×2863, ATT×1748, ACC×1359, AAA×580, GAA×57, ATC×1, GAG×1"
449,nonsynonymous-only,0,1,2,5249,"S×1, Y×1","TAT×4611, TCT×638"
450,nonsynonymous-only,0,1,6,6609,"D×1, E×1, G×1, K×1, L×1, R×1","GAA×2863, CTT×1748, CGA×1360, GGT×606, GAT×31, AAG×1"
451,nonsynonymous-only,0,1,6,5972,"L×2, F×1, K×1, S×1, W×1","TTG×2847, TCC×1742, TGG×1360, TTA×16, TTC×6, AAA×1"
452,nonsynonymous-only,0,1,5,5972,"H×1, I×1, N×1, P×1, S×1","CCT×4221, AGC×1204, AAC×544, CAT×2, ATA×1"
453,nonsynonymous-only,0,1,6,5972,"H×2, L×1, Q×1, R×1, Y×1","TAC×2863, CAG×1742, CAC×1357, CTG×6, CAT×3, CGC×1"
454,nonsynonymous-only,0,1,4,5971,"A×1, D×1, N×1, V×1","AAT×2863, GAT×1360, GCA×1106, GTA×642"
455,nonsynonymous-only,0,1,3,5971,"L×1, P×1, S×1","CTA×2974, CCA×1637, TCA×1360"
462,nonsynonymous-only,0,1,3,5971,"K×1, R×1, T×1","AAA×4610, ACA×1360, AGA×1"
463,nonsynonymous-only,0,1,5,5971,"A×2, T×2, I×1","GCG×2859, ATT×1748, ACC×1359, GCA×4, ACT×1"
464,nonsynonymous-only,0,1,2,4223,"A×1, I×1","GCT×2863, ATT×1360"
465,nonsynonymous-only,0,1,5,8365,"L×3, F×1, I×1","CTC×2863, TTT×1997, TTG×1764, TTA×1740, ATT×1"
466,nonsynonymous-only,0,1,6,8365,"V×2, F×1, I×1, L×1, Y×1","TTA×2863, TTT×1749, GTC×1748, ATT×1360, GTT×638, TAT×7"
467,nonsynonymous-only,0,1,5,7004,"A×1, K×1, P×1, R×1, T×1","AAA×2863, ACA×2665, GCA×838, AGA×637, CCA×1"
468,nonsynonymous-only,0,1,5,8362,"G×2, A×1, K×1, R×1","GCA×4223, AAA×1757, AGA×1745, GGA×636, GGG×1"
469,nonsynonymous-only,0,1,8,8365,"D×2, N×2, E×1, K×1, S×1, V×1","GAC×2805, GAA×1755, TCC×1748, GTC×1360, AAC×637, GAT×58, AAA×1, AAT×1"
470,nonsynonymous-only,0,1,2,1748,"I×1, S×1","AGC×1741, ATC×7"
472,nonsynonymous-only,0,1,4,3746,"A×1, N×1, R×1, S×1","AGA×1748, AGT×1359, GCT×637, AAT×2"
473,nonsynonymous-only,0,1,4,3746,"Y×2, C×1, H×1","CAT×1615, TAC×1360, TGC×638, TAT×133"
474,nonsynonymous-only,0,1,4,3746,"A×1, L×1, S×1, T×1","GCA×2385, TCA×876, TTA×484, ACA×1"
475,nonsynonymous-only,0,1,4,3746,"K×2, N×1, S×1","AGT×1748, AAT×1360, AAG×637, AAA×1"
476,nonsynonymous-only,0,1,7,3746,"K×2, R×2, L×1, Q×1, V×1","TTA×1742, CGG×745, CAG×615, AAG×571, AAA×66, GTA×6, AGG×1"
477,nonsynonymous-only,0,1,4,4141,"N×2, H×1, Q×1","CAA×1748, CAC×1747, AAT×637, AAC×9"
478,nonsynonymous-only,0,1,3,2368,"C×1, W×1, Y×1","TGG×1727, TAT×637, TGT×4"
479,nonsynonymous-only,0,1,6,5256,"L×2, P×2, F×1, I×1","CTT×2816, CCC×1755, CCA×637, ATT×46, CTC×1, TTT×1"
480,nonsynonymous-only,0,1,6,8364,"V×2, E×1, G×1, N×1, T×1","GGA×2863, ACT×1756, AAT×1748, GTC×1359, GAG×637, GTT×1"
481,nonsynonymous-only,0,1,3,5242,"L×1, P×1, R×1","CCA×2863, CGA×1742, TTA×637"
482,nonsynonymous-only,0,1,2,7728,"K×1, R×1","AGA×4611, AAA×3117"
483,nonsynonymous-only,0,1,6,8365,"T×2, K×1, L×1, M×1, S×1","ACT×2863, CTG×1756, AAA×1748, ATG×1360, ACG×637, TCA×1"
484,nonsynonymous-only,0,1,3,7004,"N×2, S×1","AAT×3500, AAC×1756, AGT×1748"
485,nonsynonymous-only,0,1,3,2382,"C×1, P×1, R×1","CGC×1722, CCT×637, TGC×23"
486,nonsynonymous-only,0,1,4,3754,"C×1, H×1, S×1, Y×1","TCG×1997, CAC×1741, TAC×15, TGT×1"
487,nonsynonymous-only,0,1,5,8362,"C×1, F×1, L×1, N×1, S×1","TTT×4446, AAT×1756, CTT×1522, TCT×637, TGT×1"
488,nonsynonymous-only,0,1,5,8362,"I×1, L×1, S×1, V×1, Y×1","TAT×2863, TTA×1997, TCA×1756, GTC×1745, ATA×1"
489,nonsynonymous-only,0,1,4,4706,"C×1, H×1, R×1, Y×1","TAC×2805, CGA×1206, TGT×637, CAC×58"
490,nonsynonymous-only,0,1,3,5245,"L×1, N×1, S×1","AAC×2863, AGC×1745, CTC×637"
491,nonsynonymous-only,0,1,3,3677,"G×1, R×1, S×1","GGA×2860, TCA×637, AGA×180"
492,nonsynonymous-only,0,1,4,5248,"L×1, P×1, S×1, Y×1","TAT×2863, CTT×1748, CCA×634, TCA×3"
495,nonsynonymous-only,0,1,5,3754,"I×2, K×1, N×1, S×1","ATA×1756, ATT×1347, TCT×637, AAT×13, AAA×1"
496,nonsynonymous-only,0,1,4,3754,"F×2, L×2","TTC×1995, TTG×1756, TTA×2, TTT×1"
497,nonsynonymous-only,0,1,6,3754,"Y×2, C×1, F×1, H×1, R×1","TTT×1756, TAT×1360, CAC×631, CGC×5, TAC×1, TGT×1"
498,nonsynonymous-only,0,1,3,2393,"C×1, G×1, R×1","AGA×1755, TGC×637, GGA×1"
499,nonsynonymous-only,0,1,2,1756,"L×1, R×1","CGA×1753, CTA×3"
500,nonsynonymous-only,0,1,2,3755,"E×1, I×1","GAA×3118, ATA×637"
501,nonsynonymous-only,0,1,4,8375,"N×1, T×1, W×1, Y×1","AAT×6367, TAT×1370, ACG×637, TGG×1"
502,nonsynonymous-only,0,1,7,8374,"A×2, I×2, N×1, T×1, V×1","GTT×4611, AAC×1746, GCG×1208, ACA×538, GCA×162, ATA×99, ATC×10"
503,nonsynonymous-only,0,1,5,8374,"D×1, H×1, L×1, N×1, S×1","GAT×3115, CAT×2863, CTT×1756, TCT×637, AAT×3"
504,nonsynonymous-only,0,1,5,8375,"L×2, R×2, G×1","TTA×4599, TTG×1383, AGA×1053, GGA×703, CGA×637"
505,nonsynonymous-only,0,1,4,8375,"K×2, E×1, I×1","AAA×5952, GAA×1754, AAG×668, ATA×1"
506,nonsynonymous-only,0,1,4,6619,"E×1, K×1, S×1, V×1","TCT×2863, AAA×2007, GAA×1748, GTG×1"
507,nonsynonymous-only,0,1,3,5512,"L×2, I×1","TTA×3126, TTG×2385, ATA×1"
508,nonsynonymous-only,0,1,2,638,"N×1, T×1","AAC×637, ACA×1"
509,nonsynonymous-only,0,1,2,638,"A×1, I×1","GCT×637, ATT×1"
510,nonsynonymous-only,0,1,2,2007,"L×1, Y×1","CTT×1370, TAT×637"
511,nonsynonymous-only,0,1,2,2008,"S×1, W×1","TCG×2007, TGG×1"
513,nonsynonymous-only,0,1,2,638,"I×1, S×1","ATT×637, AGT×1"
514,nonsynonymous-only,0,1,2,638,"L×1, Y×1","TAT×637, TTG×1"
516,nonsynonymous-only,0,1,5,7004,"F×2, Y×2, L×1","TAC×2862, TTT×1756, TTC×1748, TTG×637, TAT×1"
517,nonsynonymous-only,0,1,4,7574,"K×1, Q×1, R×1, T×1","AAA×3501, ACA×1756, AGA×1370, CAA×947"
518,nonsynonymous-only,0,1,6,8375,"D×1, E×1, G×1, K×1, R×1, V×1","GAT×2863, AGA×2385, AAA×1756, GGA×1369, GAA×1, GTA×1"
519,nonsynonymous-only,0,1,4,8375,"C×1, P×1, S×1, Y×1","TAT×4612, CCT×1756, TGC×1370, AGC×637"
520,nonsynonymous-only,0,1,9,8375,"G×3, E×2, S×2, A×1, Y×1","GGA×2258, AGT×1753, GAA×1748, GCT×1370, GAG×637, GGG×552, GGC×53, AGC×3, TAT×1"
521,nonsynonymous-only,0,1,6,8375,"C×1, F×1, G×1, H×1, R×1, S×1","TTC×2863, CAC×1756, TGC×1748, AGC×1370, AGA×637, GGG×1"
522,nonsynonymous-only,0,1,7,8375,"T×2, E×1, G×1, K×1, N×1, V×1","ACC×2862, GTA×1748, GGA×1745, AAT×1370, AAA×638, GAA×11, ACT×1"
523,nonsynonymous-only,0,1,5,8374,"S×2, F×1, H×1, I×1","TTT×4611, AGT×1756, CAT×1370, ATC×625, AGC×12"
524,nonsynonymous-only,0,1,5,6630,"A×1, D×1, P×1, R×1, T×1","GAT×2863, CCA×1753, GCA×1374, ACG×637, CGA×3"
525,nonsynonymous-only,0,1,3,8375,"K×1, N×1, T×1","AAA×3759, ACA×2863, AAC×1753"
526,nonsynonymous-only,0,1,3,7737,"E×1, L×1, Q×1","CAA×3126, GAA×2863, TTA×1748"
527,nonsynonymous-only,0,1,5,7738,"C×1, E×1, K×1, N×1, S×1","AAT×2863, TGT×1748, AAA×1732, AGT×1374, GAA×21"
528,nonsynonymous-only,0,1,4,7734,"R×2, K×1, Q×1","CGA×3074, AAA×2863, CAA×1752, AGA×45"
529,nonsynonymous-only,0,1,7,8378,"A×2, L×1, P×1, R×1, T×1, V×1","TTG×2864, ACT×1753, AGA×1749, GCA×1369, GCT×602, GTT×36, CCA×5"
530,nonsynonymous-only,0,1,5,4877,"A×2, I×2, T×1","GCT×2305, ACT×1374, ATT×638, GCC×559, ATC×1"
531,nonsynonymous-only,0,1,2,2013,"L×1, V×1","TTA×1374, GTT×639"
532,nonsynonymous-only,0,1,2,639,"L×1, Y×1","TAT×638, TTA×1"
533,synonymous-only,1,0,2,2013,Y×2,"TAT×1374, TAC×639"
534,nonsynonymous-only,0,1,3,2013,"A×1, D×1, G×1","GGA×1374, GCA×638, GAT×1"
535,nonsynonymous-only,0,1,5,4877,"H×1, I×1, K×1, N×1, Y×1","AAT×2864, TAT×868, AAA×638, CAT×506, ATT×1"
536,nonsynonymous-only,0,1,4,6630,"C×1, F×1, S×1, Y×1","TGT×2864, TAT×2391, TTT×1374, AGT×1"
537,nonsynonymous-only,0,1,5,2394,"P×2, C×1, G×1, L×1","TGC×1374, CCG×621, GGA×381, CCA×17, TTA×1"
538,nonsynonymous-only,0,1,3,8378,"P×2, S×1","CCA×4617, TCA×2013, CCC×1748"
539,nonsynonymous-only,0,1,7,5514,"N×2, G×1, I×1, K×1, R×1, T×1","ACC×1753, AAC×1747, AGA×1371, ATT×638, AAT×2, GGA×2, AAA×1"
540,nonsynonymous-only,0,1,4,3761,"I×2, S×1, T×1","ATT×2386, ACC×1370, ATC×4, TCG×1"
541,nonsynonymous-only,0,1,7,5514,"A×2, G×1, L×1, R×1, T×1, V×1","CTT×1748, ACA×1419, GCT×1371, GGA×638, GCA×334, GTT×3, CGA×1"
542,nonsynonymous-only,0,1,4,8378,"N×2, S×1, Y×1","AAT×2864, AAC×2392, TAC×1748, AGC×1374"
543,nonsynonymous-only,0,1,6,6625,"D×1, H×1, I×1, L×1, N×1, Y×1","TAT×2864, ATA×1748, CAT×768, GAT×637, CTT×607, AAT×1"
544,nonsynonymous-only,0,1,3,4875,"R×2, K×1","AAA×1753, AGG×1748, AGA×1374"
545,nonsynonymous-only,0,1,6,8378,"C×1, G×1, I×1, L×1, S×1, T×1","TGT×2864, ACC×1753, AGT×1748, GGC×1374, ATC×638, TTG×1"
546,nonsynonymous-only,0,1,8,8378,"H×2, Y×2, D×1, F×1, N×1, V×1","CAC×2863, TAT×1595, GAT×1561, CAT×1372, GTC×634, AAT×193, TAC×156, TTC×4"
547,nonsynonymous-only,0,1,6,4153,"A×1, E×1, K×1, L×1, Q×1, Y×1","TAC×1748, GAA×1744, TTA×638, AAA×12, CAA×10, GCA×1"
548,nonsynonymous-only,0,1,6,8380,"R×2, E×1, K×1, Q×1, S×1","GAA×2864, CAG×1748, AGA×1736, CGA×1374, TCA×638, AAA×20"
549,nonsynonymous-only,0,1,5,8381,"K×2, N×2, C×1","AAT×3502, TGT×1756, AAG×1748, AAC×1374, AAA×1"
550,nonsynonymous-only,0,1,2,1757,"C×1, L×1","TGC×1756, TTA×1"
551,nonsynonymous-only,0,1,2,2189,"Q×1, R×1","CAA×1551, CGG×638"
552,nonsynonymous-only,0,1,2,2395,"F×1, I×1","ATT×1756, TTT×639"
553,nonsynonymous-only,0,1,2,1756,"A×1, S×1","GCT×1752, TCT×4"
554,nonsynonymous-only,0,1,2,1757,"E×1, L×1","GAA×1756, CTC×1"
555,nonsynonymous-only,0,1,2,4621,"K×1, N×1","AAT×4620, AAG×1"
556,nonsynonymous-only,0,1,5,8381,"F×1, I×1, L×1, M×1, S×1","TTT×6367, ATT×1370, ATG×639, CTT×4, TCT×1"
557,nonsynonymous-only,0,1,4,8381,"A×1, E×1, G×1, T×1","GCA×4876, ACC×1756, GGG×1748, GAA×1"
558,nonsynonymous-only,0,1,8,8381,"A×2, I×2, T×2, V×2","GCC×3088, GCG×2864, ACT×1744, GTT×638, GTC×41, ATT×4, ACC×1, ATC×1"
559,nonsynonymous-only,0,1,5,5995,"K×2, N×2, V×1","AAG×2864, AAC×1755, AAA×1374, AAT×1, GTG×1"
562,nonsynonymous-only,0,1,2,2864,"L×1, S×1","TCG×2856, TTG×8"
563,nonsynonymous-only,0,1,3,4877,"N×1, V×1, Y×1","TAT×3502, AAT×1374, GTG×1"
564,nonsynonymous-only,0,1,4,4877,"A×2, S×2","TCG×2864, TCA×1374, GCA×638, GCG×1"
565,nonsynonymous-only,0,1,3,4877,"F×1, L×1, R×1","TTT×2864, AGA×1374, TTA×639"
566,nonsynonymous-only,0,1,5,4877,"S×2, A×1, N×1, Q×1","CAA×2864, AGC×2008, AGT×3, AAC×1, GCG×1"
567,nonsynonymous-only,0,1,4,4877,"H×1, P×1, Q×1, T×1","CCC×2864, CAT×1374, ACC×638, CAG×1"
568,nonsynonymous-only,0,1,5,4877,"N×2, C×1, F×1, Y×1","AAT×1647, TGT×1372, AAC×1217, TAT×639, TTT×2"
569,nonsynonymous-only,0,1,3,4877,"L×2, F×1","TTT×2864, CTT×1375, CTG×638"
570,nonsynonymous-only,0,1,5,4877,"I×3, F×1, Y×1","ATT×2661, TTT×2011, ATA×193, ATC×10, TAT×2"
571,nonsynonymous-only,0,1,2,3503,"Q×1, Y×1","TAT×2864, CAA×639"
572,nonsynonymous-only,0,1,3,4239,"A×1, K×1, T×1","GCA×2864, ACA×1374, AAG×1"
573,nonsynonymous-only,0,1,4,5987,"I×1, M×1, N×1, T×1","ATG×2864, AAT×1749, ATT×1329, ACT×45"
574,nonsynonymous-only,0,1,6,7743,"F×1, I×1, N×1, R×1, S×1, V×1","AGT×2864, ATT×1752, CGT×1748, AAT×1375, TTT×3, GTT×1"
575,nonsynonymous-only,0,1,4,6625,"L×2, P×1, R×1","TTA×2864, CTT×1748, CCA×1375, CGA×638"
576,nonsynonymous-only,0,1,5,8381,"R×2, D×1, H×1, Y×1","CAC×2864, AGA×2012, CGA×1756, TAT×1748, GAT×1"
577,nonsynonymous-only,0,1,9,8381,"C×2, D×2, N×2, I×1, K×1, T×1","ATT×2864, GAT×1748, AAC×1733, AAA×1374, TGT×539, TGC×99, GAC×16, AAT×7, ACT×1"
578,nonsynonymous-only,0,1,4,8380,"I×2, N×1, S×1","AGT×3431, ATT×2012, ATC×1748, AAT×1189"
579,nonsynonymous-only,0,1,7,8381,"A×3, D×2, S×1, V×1","TCT×2864, GCA×1737, GCT×1688, GAC×1375, GAT×638, GTT×68, GCC×11"
580,nonsynonymous-only,0,1,2,3123,"E×1, R×1","GAA×1748, AGA×1375"
581,nonsynonymous-only,0,1,4,3761,"E×2, G×1, W×1","GAG×1745, GGA×1375, TGG×638, GAA×3"
582,nonsynonymous-only,0,1,7,8381,"F×2, L×2, H×1, R×1, Y×1","TTC×2858, TTT×2037, CGT×1746, CTT×1732, TTA×5, CAT×2, TAC×1"
583,nonsynonymous-only,0,1,5,8382,"P×2, L×1, R×1, S×1","TTG×4612, CCA×3748, CCG×11, CGA×10, TCA×1"
584,nonsynonymous-only,0,1,4,8382,"A×1, E×1, K×1, V×1","GAA×3762, AAA×2864, GTC×1688, GCC×68"
585,nonsynonymous-only,0,1,6,7744,"R×2, H×1, N×1, Q×1, Y×1","CGC×2844, CAA×1756, CAC×1748, TAT×1375, CGT×20, AAT×1"
586,nonsynonymous-only,0,1,7,7744,"T×2, A×1, F×1, I×1, M×1, Y×1","ATC×2864, ACG×1745, TTT×1375, GCA×1330, ACA×426, ATG×3, TAT×1"
587,nonsynonymous-only,0,1,6,7744,"Q×2, D×1, E×1, N×1, Y×1","CAA×2943, TAC×1748, CAG×1677, AAT×1371, GAT×4, GAG×1"
593,nonsynonymous-only,0,1,5,4621,"G×2, K×1, N×1, R×1","AAG×1735, GGC×1483, GGT×1381, AGG×21, AAT×1"
594,nonsynonymous-only,0,1,3,6369,"E×1, K×1, N×1","AAA×2865, AAC×1756, GAA×1748"
595,nonsynonymous-only,0,1,3,6368,"T×2, D×1","GAT×2864, ACT×2789, ACA×715"
596,nonsynonymous-only,0,1,4,6368,"A×2, I×1, P×1","CCT×2864, ATC×1756, GCG×1240, GCA×508"
597,nonsynonymous-only,0,1,3,4612,"K×1, L×1, R×1","AAG×2864, CGC×1747, CTC×1"
598,nonsynonymous-only,0,1,2,4612,"F×1, H×1","CAT×2864, TTT×1748"
599,nonsynonymous-only,0,1,2,4612,"A×1, P×1","CCT×2864, GCC×1748"
600,nonsynonymous-only,0,1,2,4612,"F×1, L×1","TTA×2864, TTT×1748"
601,nonsynonymous-only,0,1,3,4612,"A×2, N×1","AAT×2864, GCG×1742, GCA×6"
602,nonsynonymous-only,0,1,3,4613,"E×1, F×1, L×1","GAA×2864, CTT×1748, TTT×1"
603,nonsynonymous-only,0,1,4,5988,"H×2, S×1, Y×1","AGT×2864, CAT×1748, CAC×1372, TAC×4"
604,nonsynonymous-only,0,1,3,5988,"L×2, I×1","ATT×2865, TTA×1748, CTT×1375"
605,nonsynonymous-only,0,1,3,5987,"Q×1, R×1, Y×1","CGA×2864, CAA×1748, TAT×1375"
606,nonsynonymous-only,0,1,4,5988,"S×2, F×1, N×1","AAT×2864, AGT×1748, TCT×1375, TTT×1"
607,nonsynonymous-only,0,1,4,5988,"A×1, L×1, M×1, T×1","ATG×2864, ACG×1748, GCT×1375, CTA×1"
608,nonsynonymous-only,0,1,2,5987,"I×1, V×1","GTT×4239, ATT×1748"
609,nonsynonymous-only,0,1,3,5987,"E×1, F×1, L×1","TTA×2864, GAA×1748, TTT×1375"
610,nonsynonymous-only,0,1,6,6625,"R×2, A×1, D×1, E×1, Y×1","GAT×2864, CGT×1731, TAT×1375, GAA×636, CGA×17, GCA×2"
611,nonsynonymous-only,0,1,5,6625,"V×2, P×1, S×1, Y×1","TAT×2864, GTC×1746, TCT×1375, CCT×638, GTT×2"
612,nonsynonymous-only,0,1,3,3759,"A×1, K×1, T×1","AAA×1748, GCA×1373, ACA×638"
613,nonsynonymous-only,0,1,4,3759,"E×1, P×1, Q×1, T×1","GAA×1748, CAA×1373, ACA×637, CCA×1"
614,nonsynonymous-only,0,1,4,3761,"G×1, M×1, T×1, V×1","GGT×1748, ATG×1374, GTC×638, ACA×1"
615,nonsynonymous-only,0,1,4,3761,"H×2, I×1, N×1","AAT×1374, CAC×1296, ATT×639, CAT×452"
616,nonsynonymous-only,0,1,5,3761,"D×2, V×2, E×1","GTG×1747, GAA×1374, GAC×638, GAT×1, GTA×1"
617,nonsynonymous-only,0,1,6,3761,"T×3, E×1, I×1, K×1","ATT×1748, ACA×986, GAA×636, ACG×388, AAA×2, ACT×1"
618,nonsynonymous-only,0,1,5,3761,"V×2, F×1, L×1, S×1","GTC×1742, TTT×1374, CTT×638, GTT×6, TCT×1"
619,nonsynonymous-only,0,1,3,3761,"H×1, L×1, Y×1","CAT×1748, TAT×1375, TTA×638"
620,nonsynonymous-only,0,1,6,3761,"P×2, I×1, S×1, T×1, W×1","CCT×1747, TCA×1374, ACA×637, ATA×1, CCG×1, TGG×1"
621,nonsynonymous-only,0,1,3,3761,"D×1, E×1, Y×1","GAT×3122, GAA×638, TAT×1"
622,nonsynonymous-only,0,1,4,3761,"A×1, L×1, T×1, V×1","TTA×1748, ACC×1374, GTT×638, GCG×1"
623,nonsynonymous-only,0,1,3,7743,"N×2, K×1","AAC×4620, AAT×1748, AAA×1375"
624,nonsynonymous-only,0,1,5,7743,"G×1, K×1, N×1, R×1, S×1","AAT×3122, AGA×2864, GGT×1682, AGT×74, AAA×1"
625,nonsynonymous-only,0,1,5,7743,"V×2, A×1, F×1, I×1","GTT×2864, TTC×1756, GTC×1748, ATC×1374, GCT×1"
626,nonsynonymous-only,0,1,5,4879,"Y×2, L×1, P×1, R×1","CCT×1756, CGT×1748, TAT×1372, TAC×2, TTA×1"
627,nonsynonymous-only,0,1,6,7743,"N×2, E×1, K×1, R×1, S×1","AAC×2733, CGT×1756, AAA×1748, TCT×1374, AAT×131, GAA×1"
628,nonsynonymous-only,0,1,8,7744,"G×2, N×2, E×1, H×1, Q×1, S×1","AGC×2864, GAA×1669, GGC×1372, AAT×1311, AAC×437, CAA×88, GGT×2, CAC×1"
629,nonsynonymous-only,0,1,4,8382,"E×1, I×1, K×1, M×1","AAA×5948, ATG×1748, GAA×685, ATA×1"
630,nonsynonymous-only,0,1,9,8382,"L×2, V×2, F×1, K×1, P×1, R×1, T×1","AGA×2864, AAA×1748, CTT×1734, GTA×1138, CTA×411, GTC×236, CCA×227, TTT×23, ACA×1"
631,nonsynonymous-only,0,1,7,8382,"K×2, I×1, N×1, R×1, S×1, T×1","AAT×3502, AGT×1757, AAA×1745, ACC×1373, AAG×3, AGA×1, ATC×1"
632,nonsynonymous-only,0,1,3,4876,"Q×2, E×1","CAG×3006, GAA×1748, CAA×122"
633,nonsynonymous-only,0,1,3,4622,"K×1, L×1, S×1","AAA×2864, TCC×1757, TTG×1"
635,nonsynonymous-only,0,1,2,3759,"L×1, Q×1","CAA×3121, CTA×638"
636,nonsynonymous-only,0,1,4,3759,"V×2, A×1, D×1","GTA×1748, GCT×1371, GTT×639, GAT×1"
637,nonsynonymous-only,0,1,2,639,"F×1, M×1","ATG×638, TTT×1"
639,nonsynonymous-only,0,1,3,2395,"L×2, T×1","CTG×1739, ACG×638, CTA×18"
640,nonsynonymous-only,0,1,2,2395,"L×1, P×1","CCA×1757, CTG×638"
641,nonsynonymous-only,0,1,6,5515,"D×1, E×1, G×1, I×1, N×1, S×1","GAA×1757, ATT×1748, GAC×1325, AAC×636, GGC×46, AGC×3"
642,nonsynonymous-only,0,1,5,5515,"N×2, E×1, H×1, Y×1","GAA×1757, TAT×1748, CAT×1370, AAC×638, AAT×2"
643,nonsynonymous-only,0,1,5,5515,"G×2, C×1, L×1, Y×1","TAC×1757, CTT×1748, GGT×1371, TGT×638, GGG×1"
644,nonsynonymous-only,0,1,5,4877,"L×2, R×2, G×1","CGT×1750, CTA×1748, GGA×1300, AGA×72, CTT×7"
645,nonsynonymous-only,0,1,5,8379,"F×2, L×2, Y×1","TTA×4612, CTT×2009, TTC×1729, TTT×20, TAC×9"
646,nonsynonymous-only,0,1,4,7741,"L×2, F×1, S×1","TTG×6346, TCT×1104, TTT×290, TTA×1"
647,nonsynonymous-only,0,1,3,7741,"K×2, T×1","ACA×3128, AAA×2865, AAG×1748"
648,nonsynonymous-only,0,1,6,8379,"N×2, E×1, K×1, S×1, V×1","GTA×2864, AAC×1988, GAG×1757, AAG×1748, AGC×21, AAT×1"
649,nonsynonymous-only,0,1,4,6369,"V×2, I×1, R×1","GTT×2864, AGA×1748, GTA×1747, ATA×10"
650,nonsynonymous-only,0,1,3,6369,"I×1, L×1, T×1","ATC×2864, CTC×1757, ACA×1748"
651,nonsynonymous-only,0,1,7,8379,"L×2, C×1, R×1, S×1, T×1, Y×1","AGA×2864, TTA×1752, ACA×1748, TGT×1371, TCA×637, TTG×6, TAT×1"
652,nonsynonymous-only,0,1,4,6634,"L×2, S×1, W×1","TGG×2867, TCT×1757, TTG×1372, TTA×638"
653,nonsynonymous-only,0,1,5,7744,"A×1, G×1, I×1, R×1, V×1","AGA×4615, GTA×1734, GGA×1367, ATA×23, GCA×5"
654,nonsynonymous-only,0,1,3,7744,"F×2, L×1","TTC×4615, TTA×1757, TTT×1372"
655,nonsynonymous-only,0,1,4,7744,"L×3, P×1","CTT×4478, CTG×2813, CTC×399, CCG×54"
656,nonsynonymous-only,0,1,3,5987,"L×1, N×1, S×1","AAT×2867, TCG×1748, TTG×1372"
657,nonsynonymous-only,0,1,2,5987,"L×1, M×1","CTG×4239, ATG×1748"
658,nonsynonymous-only,0,1,3,6626,"I×1, K×1, R×1","AAA×4615, ATA×2010, AGA×1"
659,nonsynonymous-only,0,1,4,6625,"R×2, L×1, V×1","GTT×2867, TTG×2386, CGG×1371, CGT×1"
660,nonsynonymous-only,0,1,6,6625,"A×1, K×1, N×1, R×1, S×1, T×1","ACT×2867, GCT×1748, AAA×1371, AAC×592, AGC×46, AGA×1"
661,nonsynonymous-only,0,1,6,6625,"F×2, I×1, L×1, S×1, Y×1","ATT×2867, TTA×1748, TCC×1178, TAT×638, TTC×193, TTT×1"
662,nonsynonymous-only,0,1,5,3758,"S×2, L×1, N×1, P×1","TTA×1748, TCT×1371, CCC×634, TCC×4, AAT×1"
663,nonsynonymous-only,0,1,4,6625,"F×1, L×1, R×1, V×1","CTG×2867, GTA×1748, TTT×1372, AGA×638"
664,nonsynonymous-only,0,1,6,6626,"C×1, F×1, L×1, S×1, W×1, Y×1","TTT×2867, TGT×1749, TCG×759, TGG×638, TTG×612, TAT×1"
665,nonsynonymous-only,0,1,4,6626,"F×2, C×1, I×1","TGC×2867, ATC×2009, TTT×1749, TTC×1"
666,nonsynonymous-only,0,1,4,6626,"E×1, S×1, V×1, Y×1","TAT×3120, TCA×2867, GAA×638, GTT×1"
667,nonsynonymous-only,0,1,3,6626,"L×2, F×1","TTT×2867, TTA×2010, CTA×1749"
668,synonymous-only,1,0,2,3505,L×2,"CTT×2867, TTG×638"
671,nonsynonymous-only,0,1,3,2009,"R×2, F×1","CGT×1368, TTT×638, CGC×3"
672,nonsynonymous-only,0,1,2,2009,"I×1, K×1","AAA×1371, ATC×638"
673,nonsynonymous-only,0,1,3,2010,"F×1, S×1, V×1","GTC×1371, TTC×638, TCC×1"
674,nonsynonymous-only,0,1,4,3759,"T×2, M×1, N×1","AAT×1749, ACA×1371, ACT×638, ATG×1"
675,nonsynonymous-only,0,1,5,3759,"V×2, A×1, I×1, L×1","GTC×1749, GCT×1371, ATT×573, CTT×65, GTT×1"
676,nonsynonymous-only,0,1,2,3120,"G×1, K×1","GGT×1749, AAA×1371"
677,nonsynonymous-only,0,1,2,3121,"K×1, R×1","AAA×3120, AGA×1"
678,nonsynonymous-only,0,1,4,7744,"A×1, E×1, R×1, V×1","AGA×4238, GAA×1749, GCG×1737, GTG×20"
679,nonsynonymous-only,0,1,4,7744,"E×2, A×1, G×1","GAA×4616, GAG×1578, GCG×1371, GGG×179"
680,nonsynonymous-only,0,1,8,8383,"G×1, H×1, K×1, N×1, P×1, R×1, T×1, V×1","AAT×2867, AAA×1757, AGA×1749, CAC×1370, GGT×636, GTT×2, ACT×1, CCC×1"
681,nonsynonymous-only,0,1,4,8383,"F×1, P×1, S×1, T×1","CCT×2867, TCA×2010, TTT×1757, ACT×1749"
682,nonsynonymous-only,0,1,9,8383,"V×3, D×1, E×1, F×1, K×1, L×1, P×1","GAG×2867, CTG×1757, CCA×1749, GTA×638, GAT×603, GTT×528, GTC×238, TTC×2, AAA×1"
683,nonsynonymous-only,0,1,5,8383,"K×2, A×1, E×1, V×1","GAA×3121, GCT×2865, AAA×1757, AAG×638, GTT×2"
684,nonsynonymous-only,0,1,5,8383,"E×1, G×1, K×1, N×1, R×1","GGC×2867, GAA×1929, CGA×1757, AAT×1749, AAA×81"
685,nonsynonymous-only,0,1,7,8383,"N×2, R×2, E×1, F×1, S×1","CGG×2866, TTC×1757, AAT×1749, AAC×1371, AGT×638, CGA×1, GAA×1"
686,nonsynonymous-only,0,1,6,8383,"C×1, H×1, I×1, L×1, V×1, Y×1","ATT×2868, CTT×1757, GTT×1749, TGT×1369, CAC×638, TAT×2"
687,nonsynonymous-only,0,1,5,8383,"G×2, K×1, T×1, Y×1","GGC×4237, ACC×1757, GGT×1750, TAT×638, AAA×1"
690,nonsynonymous-only,0,1,7,8383,"V×3, A×2, I×1, S×1","ATT×2867, GCG×2390, GTG×1737, GTT×1371, GTA×12, GCA×5, AGT×1"
691,nonsynonymous-only,0,1,6,8383,"I×2, V×2, F×1, L×1","GTC×2867, CTC×1757, TTC×1749, ATC×1368, GTG×638, ATT×4"
692,nonsynonymous-only,0,1,5,8383,"V×2, A×1, I×1, L×1","GTC×3119, GTG×2867, CTC×1757, ATT×639, GCC×1"
693,nonsynonymous-only,0,1,7,8384,"V×3, L×2, A×1, D×1","GCT×2866, GTT×2009, GTG×1747, TTA×1736, CTA×14, GTA×11, GAT×1"
694,nonsynonymous-only,0,1,6,8384,"A×4, D×1, M×1","GCG×4616, ATG×1749, GCA×1043, GCC×636, GCT×338, GAC×2"
695,synonymous-only,1,0,2,8384,H×2,"CAT×4879, CAC×3505"
696,synonymous-only,1,0,4,8384,G×4,"GGA×3505, GGT×3117, GGG×1749, GGC×13"
697,nonsynonymous-only,0,1,9,8384,"A×2, T×2, D×1, E×1, N×1, V×1, Y×1","AAT×2867, GAA×1758, GAT×1749, GCC×1023, TAT×639, ACC×331, GCG×12, GTC×3, ACG×2"
698,nonsynonymous-only,0,1,8,8384,"A×4, S×4","AGT×2718, TCG×1758, TCT×1750, GCG×1297, GCC×635, AGC×149, GCA×74, GCT×3"
699,nonsynonymous-only,0,1,5,8384,"T×4, I×1","ACT×3526, ACC×2849, ACG×1371, ACA×636, ATA×2"
700,nonsynonymous-only,0,1,4,8384,"A×3, V×1","GCC×4796, GCT×2949, GCA×638, GTC×1"
701,nonsynonymous-only,0,1,6,8384,"S×3, T×2, R×1","AGC×3559, TCA×1793, ACA×1712, AGT×1317, AGA×2, ACT×1"
702,synonymous-only,1,0,2,8384,S×2,"AGT×7343, AGC×1041"
703,nonsynonymous-only,0,1,4,8385,"I×2, L×1, M×1","ATG×5988, ATT×2393, ATC×3, TTG×1"
704,nonsynonymous-only,0,1,6,8385,"A×2, V×2, L×1, Q×1","GTA×2867, CAA×1758, TTG×1749, GTT×1372, GCG×634, GCA×5"
705,nonsynonymous-only,0,1,6,8385,"A×2, E×1, K×1, N×1, Q×1","CAA×2867, AAA×1749, GCC×1675, GAG×1372, AAT×639, GCT×83"
706,nonsynonymous-only,0,1,7,8385,"V×4, T×2, Y×1","GTG×2859, GTT×2396, ACC×1747, TAC×1372, GTA×8, ACT×2, GTC×1"
707,nonsynonymous-only,0,1,7,8385,"A×2, T×2, V×2, G×1","GCC×3507, GTT×2849, ACC×1372, GCA×633, GTC×18, ACA×5, GGA×1"
708,nonsynonymous-only,0,1,5,8385,"N×2, K×1, Q×1, S×1","AAC×3130, TCT×2867, CAA×1748, AAT×639, AAA×1"
709,nonsynonymous-only,0,1,6,8385,"R×2, E×1, K×1, L×1, Q×1","CAA×2867, AAA×1758, GAA×1749, CTT×1372, CGG×638, CGA×1"
710,nonsynonymous-only,0,1,5,8385,"L×4, M×1","TTG×2905, CTG×1976, TTA×1754, CTT×1749, ATG×1"
711,nonsynonymous-only,0,1,6,5998,"C×2, F×2, L×1, V×1","TTA×2868, TGT×1747, TTT×975, TTC×396, TGC×11, GTC×1"
712,nonsynonymous-only,0,1,4,5998,"G×1, K×1, N×1, S×1","AAT×2867, GGT×1758, TCA×1372, AAG×1"
713,nonsynonymous-only,0,1,7,5998,"T×3, I×1, Q×1, S×1, V×1","GTT×2867, ACC×1685, ACA×1368, ATC×71, TCA×4, ACT×2, CAA×1"
714,nonsynonymous-only,0,1,5,5998,"T×2, D×1, N×1, Y×1","GAT×2867, TAT×1758, ACG×1166, ACT×206, AAT×1"
715,nonsynonymous-only,0,1,3,5998,"I×1, N×1, V×1","AAT×2867, ATT×1759, GTC×1372"
716,nonsynonymous-only,0,1,4,6001,"F×2, L×1, M×1","TTG×2867, ATG×1375, TTT×883, TTC×876"
717,nonsynonymous-only,0,1,5,6001,"D×2, H×1, K×1, R×1","AAG×2867, GAT×1756, CGT×1375, GAC×2, CAT×1"
718,synonymous-only,1,0,3,6001,A×3,"GCT×2868, GCG×1756, GCA×1377"
719,nonsynonymous-only,0,1,5,6001,"V×2, I×1, M×1, Y×1","GTG×2866, ATT×1758, GTT×1375, ATG×1, TAC×1"
720,nonsynonymous-only,0,1,5,8388,"D×2, N×2, G×1","GAT×4299, AAC×1757, GGA×1749, AAT×582, GAC×1"
721,nonsynonymous-only,0,1,5,8388,"T×2, L×1, M×1, V×1","ATG×6001, ACG×1565, GTG×599, ACA×184, TTG×39"
722,nonsynonymous-only,0,1,5,8388,"P×4, S×1","CCG×2625, CCC×1758, TCA×1748, CCT×1470, CCA×787"
723,nonsynonymous-only,0,1,4,8388,"I×3, L×1","TTA×4625, ATT×2013, ATC×1749, ATA×1"
724,nonsynonymous-only,0,1,7,8388,"F×2, T×2, D×1, G×1, N×1","GAT×2868, ACC×1756, GGA×1749, AAT×1375, TTT×636, ACG×2, TTC×2"
725,nonsynonymous-only,0,1,7,8388,"I×2, S×2, M×1, Q×1, T×1","ATG×2867, CAA×2013, ACA×1748, TCT×1035, TCC×723, ATA×1, ATT×1"
726,nonsynonymous-only,0,1,7,8388,"S×4, A×1, P×1, T×1","CCA×2867, GCG×1749, TCG×1547, TCC×1112, TCA×1107, TCT×5, ACG×1"
727,nonsynonymous-only,0,1,6,6630,"V×2, F×1, L×1, M×1, P×1","CCG×2867, ATG×1749, GTG×1368, TTT×638, GTA×7, TTA×1"
728,nonsynonymous-only,0,1,4,6630,"D×1, E×1, K×1, N×1","AAA×2867, AAT×1750, GAA×1375, GAC×638"
729,nonsynonymous-only,0,1,3,6630,"E×1, K×1, M×1","GAA×4242, ATG×2387, AAA×1"
730,nonsynonymous-only,0,1,5,6630,"P×2, A×1, T×1, V×1","GCT×2867, CCG×2386, ACA×1375, CCT×1, GTA×1"
731,nonsynonymous-only,0,1,4,6630,"L×2, E×1, V×1","TTA×3761, TTG×2867, GAA×1, GTA×1"
732,nonsynonymous-only,0,1,3,2387,"D×1, N×1, T×1","ACG×1749, GAT×619, AAT×19"
733,nonsynonymous-only,0,1,2,2387,"M×1, V×1","ATG×1749, GTT×638"
734,nonsynonymous-only,0,1,3,2387,"E×1, I×1, T×1","GAA×1749, ACT×637, ATT×1"
735,nonsynonymous-only,0,1,2,2387,"P×1, V×1","GTT×1749, CCC×638"
736,nonsynonymous-only,0,1,5,7013,"E×1, K×1, N×1, Q×1, V×1","GTA×2867, GAG×1758, CAA×1749, AAA×638, AAC×1"
737,nonsynonymous-only,0,1,5,8388,"T×2, I×1, K×1, R×1","AAA×4880, ATA×1758, ACA×1743, ACG×6, AGG×1"
738,nonsynonymous-only,0,1,6,8388,"S×2, I×1, K×1, L×1, M×1","TCG×4623, ATG×1749, AAG×1375, ATT×638, TCA×2, TTG×1"
739,nonsynonymous-only,0,1,7,8388,"S×3, Y×2, F×1, L×1","TTG×2867, TCC×2007, TCG×1758, TAT×1749, TCT×3, TTC×3, TAC×1"
740,nonsynonymous-only,0,1,7,8388,"V×3, K×2, E×1, P×1","AAG×2863, GAA×2387, CCG×1758, GTA×853, GTG×522, AAA×4, GTT×1"
741,nonsynonymous-only,0,1,8,8388,"H×2, Q×2, D×1, K×1, L×1, R×1","CAA×3124, CAG×2866, AAG×1758, CAC×621, CAT×16, CGG×1, GAC×1, TTA×1"
743,nonsynonymous-only,0,1,2,3507,"K×1, T×1","AAA×1758, ACG×1749"
744,nonsynonymous-only,0,1,5,3507,"D×2, E×2, K×1","AAA×1749, GAG×1069, GAC×686, GAT×2, GAA×1"
745,nonsynonymous-only,0,1,3,3507,"P×1, S×1, W×1","TGG×1758, CCA×1731, TCA×18"
746,nonsynonymous-only,0,1,2,3507,"L×1, S×1","CTT×1758, AGT×1749"
748,nonsynonymous-only,0,1,3,2387,"C×1, S×1, Y×1","TAC×1743, TCA×638, TGC×6"
749,nonsynonymous-only,0,1,2,2387,"A×1, L×1","GCA×1749, CTA×638"
750,nonsynonymous-only,0,1,5,5525,"E×1, K×1, R×1, S×1, Y×1","AAA×3101, TCA×1758, TAT×638, GAA×23, AGA×5"
751,nonsynonymous-only,0,1,7,8387,"A×2, E×1, G×1, R×1, S×1, V×1","AGT×2867, GCG×1754, AGA×1749, GCA×1375, GGA×638, GAG×3, GTG×1"
752,nonsynonymous-only,0,1,7,8388,"E×1, G×1, I×1, K×1, R×1, S×1, T×1","GAA×2867, GGA×1757, ATC×1749, AAA×1375, ACG×638, CGA×1, TCG×1"
753,nonsynonymous-only,0,1,4,5521,"H×1, S×1, V×1, Y×1","TCA×2013, CAC×1758, GTT×1749, TAC×1"
754,nonsynonymous-only,0,1,6,8388,"F×1, G×1, I×1, K×1, R×1, V×1","AGA×3505, AAA×1749, ATC×1697, GTA×1375, TTC×61, GGA×1"
755,nonsynonymous-only,0,1,6,5419,"N×2, E×1, K×1, Q×1, T×1","GAA×1999, ACA×1758, AAA×868, AAC×638, CAA×155, AAT×1"
756,nonsynonymous-only,0,1,5,8387,"E×1, G×1, K×1, R×1, W×1","TGG×4616, AGG×1758, AAA×1374, GAG×638, GGG×1"
757,nonsynonymous-only,0,1,7,8385,"C×1, D×1, E×1, N×1, R×1, S×1, T×1","CGT×4623, GAT×1749, AAT×1374, GAA×636, ACT×1, AGT×1, TGT×1"
758,nonsynonymous-only,0,1,6,8387,"D×1, F×1, H×1, T×1, W×1, Y×1","ACT×2867, CAT×1758, TTT×1749, TAT×1374, TGG×638, GAT×1"
759,nonsynonymous-only,0,1,5,8387,"F×1, H×1, I×1, V×1, Y×1","ATT×4607, TTT×2013, TAT×1662, CAT×96, GTT×9"
760,nonsynonymous-only,0,1,6,8399,"A×1, D×1, I×1, N×1, S×1, T×1","ATT×2868, GCT×1771, ACT×1749, AAT×1334, AGT×638, GAT×39"
764,nonsynonymous-only,0,1,4,7699,"R×2, E×1, G×1","GGA×5767, CGA×1911, GAA×12, AGA×9"
765,nonsynonymous-only,0,1,2,8400,"H×1, Y×1","TAT×6178, CAT×2222"
766,nonsynonymous-only,0,1,3,8400,"R×2, G×1","GGG×7026, CGG×1332, AGG×42"
767,nonsynonymous-only,0,1,2,8400,"F×1, V×1","TTC×8371, GTC×29"
768,nonsynonymous-only,0,1,4,8400,"I×1, L×1, P×1, S×1","ATT×5254, CCT×2526, TCT×356, CTT×264"
769,nonsynonymous-only,0,1,4,7762,"K×2, D×1, G×1","AAG×2867, GAC×1771, AAA×1749, GGT×1375"
770,nonsynonymous-only,0,1,6,7762,"F×1, H×1, L×1, N×1, T×1, Y×1","TAC×2856, ACA×1771, TTC×1749, TTA×1375, CAC×10, AAC×1"
771,nonsynonymous-only,0,1,4,7762,"F×1, L×1, T×1, V×1","GTT×3683, ACT×1771, CTT×1375, TTT×933"
772,nonsynonymous-only,0,1,3,7762,"F×1, L×1, W×1","TGG×3124, TTC×2867, TTA×1771"
773,nonsynonymous-only,0,1,2,4616,"K×1, R×1","AGA×2867, AAA×1749"
774,nonsynonymous-only,0,1,7,6630,"C×1, F×1, I×1, R×1, S×1, T×1, Y×1","AGA×3503, TAT×1749, TGC×1374, ACC×1, AGT×1, ATA×1, TTC×1"
775,nonsynonymous-only,0,1,6,6629,"N×2, C×1, I×1, V×1, Y×1","AAT×3504, GTT×1748, TAT×1374, AAC×1, ATT×1, TGT×1"
776,nonsynonymous-only,0,1,6,6629,"L×2, C×1, Q×1, V×1, Y×1","TGT×2866, GTT×1749, CAG×1375, TTA×637, TAT×1, TTG×1"
777,nonsynonymous-only,0,1,3,4880,"S×1, T×1, V×1","ACG×2867, TCA×2012, GTA×1"
778,nonsynonymous-only,0,1,2,4616,"P×1, R×1","CCA×2867, AGA×1749"
779,nonsynonymous-only,0,1,2,4616,"D×1, N×1","GAC×2867, AAC×1749"
780,nonsynonymous-only,0,1,6,8386,"A×1, F×1, K×1, R×1, T×1, Y×1","AGG×4615, AAG×1857, ACG×1276, TAT×636, GCG×1, TTT×1"
781,nonsynonymous-only,0,1,4,8386,"F×2, H×1, Y×1","TTT×3765, CAT×2866, TAT×1750, TTC×5"
782,nonsynonymous-only,0,1,5,5519,"E×1, P×1, Q×1, R×1, S×1","CCG×2383, GAA×1757, CAA×1375, TCG×3, AGA×1"
783,nonsynonymous-only,0,1,10,8375,"A×1, C×1, I×1, K×1, M×1, N×1, R×1, S×1, T×1, V×1","TGT×2867, ACC×1756, AAC×1749, ATG×1272, GCA×594, AGG×98, GTA×32, ATA×5, AAA×1, AGC×1"
784,nonsynonymous-only,0,1,5,8374,"A×2, E×1, K×1, T×1","GCG×2867, GAA×2802, GCA×1756, AAA×948, ACA×1"
785,nonsynonymous-only,0,1,5,6374,"D×2, N×2, G×1","GAC×2856, AAT×1758, GGC×1749, AAC×10, GAT×1"
786,nonsynonymous-only,0,1,5,2395,"F×1, P×1, Q×1, R×1, S×1","TCT×1750, AGA×637, TTT×6, CAG×1, CCT×1"
787,nonsynonymous-only,0,1,2,2395,"R×1, W×1","TGG×1757, AGG×638"
788,nonsynonymous-only,0,1,3,2395,"P×1, R×1, S×1","AGA×1757, TCC×637, CCC×1"
789,nonsynonymous-only,0,1,3,2395,"F×1, T×1, V×1","ACT×1757, TTT×606, GTT×32"
790,nonsynonymous-only,0,1,8,8386,"L×2, R×2, A×1, F×1, T×1, Y×1","AGA×2864, TTT×2133, TAC×1749, GCT×1375, CTT×260, AGG×3, ACT×1, TTG×1"
791,nonsynonymous-only,0,1,8,8386,"A×1, D×1, G×1, H×1, I×1, N×1, T×1, Y×1","CAT×2866, GGT×1757, AAT×1749, GCT×1370, ATT×637, ACT×5, GAT×1, TAT×1"
792,nonsynonymous-only,0,1,7,8386,"D×2, G×2, N×2, Y×1","GGT×2866, AAT×2011, GAT×1757, GAC×1749, AAC×1, GGC×1, TAT×1"
793,nonsynonymous-only,0,1,5,7012,"E×2, A×1, D×1, Q×1","GAC×2867, CAA×1757, GAG×1749, GAA×638, GCG×1"
794,nonsynonymous-only,0,1,5,7191,"H×1, L×1, N×1, Q×1, Y×1","CAC×4311, CAA×2573, TAC×305, AAT×1, TTA×1"
795,nonsynonymous-only,0,1,6,8388,"A×1, C×1, D×1, N×1, P×1, Y×1","GCC×2867, CCT×1757, AAT×1739, TAT×1375, TGT×640, GAT×10"
796,nonsynonymous-only,0,1,7,8388,"D×2, N×2, F×1, K×1, Q×1","AAT×2859, GAC×2376, GAT×1757, CAA×1375, AAC×19, AAA×1, TTC×1"
797,nonsynonymous-only,0,1,6,8388,"C×1, H×1, I×1, N×1, S×1, Y×1","TGT×4616, CAC×1757, TCT×1375, AAC×638, ATT×1, TAC×1"
798,nonsynonymous-only,0,1,3,2397,"C×1, K×1, T×1","TGC×1757, AAG×639, ACC×1"
799,nonsynonymous-only,0,1,4,2015,"L×2, F×1, I×1","CTT×1732, ATT×279, TTT×3, TTA×1"
800,nonsynonymous-only,0,1,5,2014,"N×2, S×2, G×1","AAC×1374, GGC×579, AGC×59, AAT×1, AGT×1"
801,nonsynonymous-only,0,1,3,2014,"F×1, I×1, S×1","ATT×1375, TCT×638, TTT×1"
802,nonsynonymous-only,0,1,5,2014,"A×1, I×1, R×1, T×1, V×1","GCT×1371, GTC×571, ATC×67, ACT×4, AGA×1"
803,nonsynonymous-only,0,1,3,2014,"N×1, R×1, Y×1","AGA×1375, TAT×638, AAT×1"
807,nonsynonymous-only,0,1,5,3133,"P×2, R×2, H×1","CGT×1756, CCC×1335, CGC×40, CAT×1, CCT×1"
808,nonsynonymous-only,0,1,4,6638,"A×1, E×1, L×1, W×1","TTG×2867, GAG×2013, TGG×1757, GCC×1"
809,nonsynonymous-only,0,1,4,8387,"K×2, R×1, S×1","AAG×6629, AAA×1755, AGA×2, AGT×1"
810,nonsynonymous-only,0,1,5,8382,"L×2, P×1, R×1, S×1","CGG×2867, TTG×1757, CTA×1749, TCA×1371, CCA×638"
811,nonsynonymous-only,0,1,6,8387,"F×2, A×1, L×1, P×1, V×1","CCC×2867, TTC×1750, GTC×1674, TTT×1375, TTA×638, GCC×83"
812,nonsynonymous-only,0,1,6,8387,"K×2, A×1, E×1, I×1, M×1","GCA×2867, ATC×1757, GAA×1749, ATG×1375, AAG×638, AAA×1"
813,nonsynonymous-only,0,1,4,8386,"K×1, N×1, T×1, W×1","AAT×3132, AAA×2867, TGG×1749, ACG×638"
819,nonsynonymous-only,0,1,2,3506,"F×1, R×1","TTT×1757, CGT×1749"
820,nonsynonymous-only,0,1,3,3506,"G×1, R×1, S×1","TCT×1757, GGG×1747, AGG×2"
821,nonsynonymous-only,0,1,4,8386,"A×1, M×1, T×1, V×1","ACG×3123, GCA×2867, ATG×1758, GTT×638"
822,nonsynonymous-only,0,1,6,8386,"A×2, K×1, L×1, S×1, V×1","TTA×2867, GTA×1757, AAG×1749, GCG×956, TCT×638, GCA×419"
823,nonsynonymous-only,0,1,4,8386,"L×2, F×1, I×1","TTT×3716, ATT×2867, TTG×1757, CTT×46"
824,nonsynonymous-only,0,1,6,8387,"E×2, D×1, L×1, N×1, R×1","GAT×2872, CTA×1757, AGA×1749, GAG×1370, GAA×638, AAT×1"
825,nonsynonymous-only,0,1,7,8387,"K×2, T×2, E×1, G×1, Y×1","ACG×1829, AAA×1757, GGA×1749, TAT×1376, ACA×1037, GAA×638, AAG×1"
826,nonsynonymous-only,0,1,8,8388,"L×3, Q×2, H×1, P×1, R×1","CAA×2861, CAT×1749, CCG×1698, CTA×1375, TTG×639, CAG×59, CGA×6, TTA×1"
827,nonsynonymous-only,0,1,5,8388,"L×3, F×1, P×1","TTA×3124, TTG×2890, CTG×1734, CCC×639, TTT×1"
828,nonsynonymous-only,0,1,6,7012,"E×1, K×1, L×1, P×1, Q×1, S×1","GAA×2867, AAA×1756, CCA×1734, CAA×639, TCA×15, CTG×1"
829,nonsynonymous-only,0,1,2,7013,"K×1, T×1","AAA×4146, ACA×2867"
830,nonsynonymous-only,0,1,5,7013,"L×2, A×1, N×1, Y×1","CTT×2867, AAT×1757, TAT×1749, GCG×639, TTA×1"
832,nonsynonymous-only,0,1,2,2397,"K×1, N×1","AAA×1778, AAC×619"
833,synonymous-only,1,0,2,1757,T×2,"ACC×1714, ACT×43"
835,nonsynonymous-only,0,1,5,5264,"H×2, V×2, N×1","CAC×2848, GTA×1757, GTT×639, CAT×19, AAT×1"
836,nonsynonymous-only,0,1,5,8387,"Q×2, E×1, H×1, L×1","CAG×3053, GAG×2868, CTT×1749, CAT×639, CAA×78"
837,nonsynonymous-only,0,1,5,8388,"S×2, Y×2, P×1","TCT×5319, TAC×1757, TCC×671, CCA×639, TAT×2"
838,nonsynonymous-only,0,1,3,7012,"F×1, L×1, N×1","TTT×3506, TTA×2867, AAT×639"
839,nonsynonymous-only,0,1,3,8388,"K×2, E×1","GAA×4145, AAA×2868, AAG×1375"
840,nonsynonymous-only,0,1,5,8386,"G×1, K×1, N×1, S×1, W×1","AAC×2867, GGC×1757, AGC×1749, AAA×1374, TGG×639"
841,nonsynonymous-only,0,1,3,6374,"F×1, S×1, V×1","TTT×4624, GTT×1749, AGT×1"
842,nonsynonymous-only,0,1,4,6374,"H×1, P×1, S×1, V×1","CAT×2867, TCA×1757, GTG×1749, CCA×1"
843,nonsynonymous-only,0,1,4,4617,"G×2, K×1, R×1","GGC×2865, AGA×1749, GGA×2, AAA×1"
846,nonsynonymous-only,0,1,3,3764,"N×2, I×1","AAT×2014, AAC×1749, ATT×1"
847,nonsynonymous-only,0,1,3,6631,"D×1, H×1, N×1","GAT×2867, CAT×2012, AAT×1752"
848,nonsynonymous-only,0,1,5,6631,"F×2, R×2, I×1","ATT×3506, TTC×1749, CGC×1368, CGT×7, TTT×1"
849,nonsynonymous-only,0,1,8,6631,"A×2, R×2, T×2, P×1, V×1","CGC×2859, GCC×1339, GTT×1260, ACC×639, GCT×525, CCC×7, ACT×1, CGG×1"
850,nonsynonymous-only,0,1,4,5992,"L×2, K×1, Q×1","CAA×2867, CTA×1749, TTG×1375, AAA×1"
851,nonsynonymous-only,0,1,6,6630,"I×2, K×1, S×1, T×1, V×1","AGT×2867, GTC×1749, ATT×1348, AAA×639, ATC×26, ACA×1"
852,nonsynonymous-only,0,1,4,3126,"C×1, E×1, G×1, R×1","TGC×3123, AGA×1, GAA×1, GGA×1"
853,nonsynonymous-only,0,1,5,6630,"E×1, K×1, N×1, Q×1, S×1","AAC×3506, AAA×1748, AGT×1374, CAA×1, GAA×1"
854,nonsynonymous-only,0,1,4,6630,"E×1, G×1, K×1, N×1","GAA×2867, AAC×1749, AAA×1375, GGA×639"
855,nonsynonymous-only,0,1,3,3507,"T×2, A×1","ACA×2867, ACG×639, GCA×1"
856,nonsynonymous-only,0,1,3,3507,"C×1, N×1, S×1","AAT×2867, TGT×639, AGC×1"
857,nonsynonymous-only,0,1,4,4881,"H×2, R×1, Y×1","CAT×3506, CGC×1372, CAC×2, TAT×1"
858,nonsynonymous-only,0,1,3,3763,"F×2, Q×1","CAA×1749, TTC×1374, TTT×640"
859,nonsynonymous-only,0,1,3,6629,"N×2, K×1","AAC×3741, AAA×2866, AAT×22"
860,nonsynonymous-only,0,1,7,6629,"E×2, V×2, L×1, M×1, N×1","TTG×2866, GTA×1472, GAG×1367, AAC×639, GTT×277, GAA×7, ATG×1"
861,nonsynonymous-only,0,1,4,7746,"A×1, E×1, K×1, R×1","GAA×4622, AAA×1749, GCA×1374, AGA×1"
863,nonsynonymous-only,0,1,2,2866,"K×1, N×1","AAG×2865, AAC×1"
864,nonsynonymous-only,0,1,3,7746,"S×2, K×1","AGC×4615, AAA×1757, AGT×1374"
865,nonsynonymous-only,0,1,4,7744,"S×2, N×1, Y×1","AAT×2873, AGT×1749, TAT×1748, TCT×1374"
866,nonsynonymous-only,0,1,4,7746,"H×1, N×1, R×1, Y×1","CAT×3130, TAT×2866, AAT×1749, CGT×1"
867,nonsynonymous-only,0,1,4,7746,"C×2, R×1, Y×1","TGC×2866, TGT×1757, CGT×1749, TAT×1374"
868,nonsynonymous-only,0,1,6,7746,"F×2, L×2, D×1, Y×1","TAT×2866, CTC×1756, GAC×1749, TTC×1371, TTT×3, CTA×1"
869,nonsynonymous-only,0,1,3,5989,"L×1, M×1, V×1","CTG×4240, GTG×1718, ATG×31"
870,nonsynonymous-only,0,1,6,7747,"L×2, H×1, R×1, S×1, Y×1","CGC×2866, TAT×1756, CTT×1749, TCT×1374, CAT×1, TTA×1"
871,nonsynonymous-only,0,1,3,8386,"F×1, N×1, Y×1","TTC×4623, TAC×2389, AAC×1374"
872,nonsynonymous-only,0,1,3,8386,"R×2, W×1","TGG×5362, AGG×2385, CGG×639"
873,nonsynonymous-only,0,1,6,8386,"D×1, H×1, N×1, R×1, S×1, Y×1","AGA×4615, TCT×1757, CAT×1294, AAT×639, TAT×80, GAT×1"
874,nonsynonymous-only,0,1,5,8386,"G×2, C×1, R×1, W×1","AGG×4615, GGA×1757, GGG×1375, TGG×638, TGT×1"
875,nonsynonymous-only,0,1,7,8386,"Y×2, D×1, G×1, H×1, N×1, V×1","AAC×2866, TAT×1757, GGT×1749, GAC×1372, CAC×426, TAC×215, GTC×1"
876,nonsynonymous-only,0,1,4,8386,"C×1, F×1, R×1, S×1","TGC×6926, CGC×817, AGC×641, TTC×2"
877,nonsynonymous-only,0,1,7,8388,"A×2, R×2, P×1, Q×1, Y×1","GCG×2849, CAA×1757, CGC×1749, TAT×1377, CGT×639, CCG×16, GCA×1"
878,nonsynonymous-only,0,1,4,6373,"P×2, A×1, K×1","CCG×2866, GCA×1757, AAA×1749, CCA×1"
880,nonsynonymous-only,0,1,3,4623,"E×1, Q×1, S×1","GAA×2865, CAA×1757, TCA×1"
881,nonsynonymous-only,0,1,2,6636,"R×1, T×1","AGA×3505, ACA×3131"
882,nonsynonymous-only,0,1,6,6636,"A×1, D×1, F×1, I×1, N×1, V×1","GCT×2865, AAT×1757, GTT×1327, TTT×639, ATT×47, GAT×1"
883,nonsynonymous-only,0,1,6,5520,"A×1, F×1, I×1, L×1, T×1, V×1","CTG×1757, ATA×1749, GTT×1370, ACT×639, GCT×4, TTT×1"
884,nonsynonymous-only,0,1,5,7785,"L×1, P×1, S×1, T×1, W×1","TTG×2865, TCA×1778, CCA×1728, ACT×1374, TGG×40"
885,nonsynonymous-only,0,1,4,8384,"K×1, R×1, T×1, W×1","AAA×3770, AGG×2863, ACG×1749, TGG×2"
886,nonsynonymous-only,0,1,4,8385,"N×2, I×1, K×1","AAG×3504, ATA×1757, AAT×1749, AAC×1375"
887,nonsynonymous-only,0,1,8,8384,"L×3, P×2, C×1, F×1, I×1","CTG×2863, CTT×2624, TTT×2012, CCT×880, CTC×2, ATT×1, CCG×1, TGT×1"
888,nonsynonymous-only,0,1,5,8384,"S×2, A×1, T×1, V×1","TCT×2864, ACC×2384, GTA×1757, TCC×1374, GCC×5"
889,nonsynonymous-only,0,1,9,8034,"C×2, G×1, K×1, P×1, Q×1, R×1, S×1, Y×1","TGC×3503, TAC×1757, AGT×1125, CAA×1024, CGT×613, GGT×5, CCT×4, TGT×2, AAA×1"
890,nonsynonymous-only,0,1,3,640,"G×1, Q×1, R×1","GGA×539, AGA×100, CAG×1"
891,nonsynonymous-only,0,1,2,640,"I×1, S×1","AGC×639, ATT×1"
892,nonsynonymous-only,0,1,3,2389,"T×2, D×1","GAT×1749, ACA×639, ACT×1"
893,nonsynonymous-only,0,1,5,4146,"I×2, E×1, T×1, V×1","GAA×1749, ATA×1394, ATT×639, ACA×363, GTA×1"
894,nonsynonymous-only,0,1,3,3507,"L×1, M×1, T×1","TTA×1757, ACA×1749, ATG×1"
895,nonsynonymous-only,0,1,3,5253,"K×1, N×1, R×1","AAT×2865, AAA×1750, AGA×638"
896,nonsynonymous-only,0,1,4,5252,"V×2, L×1, R×1","AGA×2864, GTG×1587, TTA×639, GTA×162"
897,nonsynonymous-only,0,1,6,6628,"L×3, E×1, F×1, M×1","CTG×2381, GAA×1749, TTA×1375, TTC×639, TTG×468, ATG×16"
898,nonsynonymous-only,0,1,5,6628,"L×3, A×1, S×1","GCA×2864, CTG×1749, CTA×1375, CTT×639, TCA×1"
899,nonsynonymous-only,0,1,7,6628,"T×2, A×1, F×1, I×1, S×1, V×1","TTT×2864, ATT×1749, ACG×1361, GTG×618, GCG×21, ACA×14, TCG×1"
900,nonsynonymous-only,0,1,5,6628,"H×1, N×1, Q×1, R×1, S×1","AGA×2864, AAT×1950, CAA×1749, AGT×64, CAT×1"
901,nonsynonymous-only,0,1,3,3764,"I×1, M×1, V×1","ATG×1750, GTA×1375, ATA×639"
902,nonsynonymous-only,0,1,2,1376,"I×1, R×1","CGC×1375, ATT×1"
903,nonsynonymous-only,0,1,4,6639,"V×3, I×1","GTG×2864, ATC×2015, GTC×1759, GTT×1"
904,nonsynonymous-only,0,1,4,8395,"I×1, N×1, R×1, V×1","ATT×6003, AAT×2388, CGT×3, GTA×1"
905,nonsynonymous-only,0,1,7,8392,"T×2, K×1, L×1, N×1, P×1, Y×1","CCT×2864, ACT×1982, TTA×1749, ACC×1149, TAC×639, AAG×7, AAT×2"
906,nonsynonymous-only,0,1,5,8392,"L×3, V×1, W×1","TTG×4613, CTA×1754, TTA×1385, GTA×639, TGG×1"
907,nonsynonymous-only,0,1,6,8389,"E×1, K×1, M×1, N×1, R×1, S×1","TCC×2864, AAA×1756, AAC×1748, GAG×1375, ATG×639, AGG×7"
908,nonsynonymous-only,0,1,6,8382,"E×2, I×1, K×1, Q×1, Y×1","ATT×2864, TAC×1754, GAG×1747, AAA×1376, CAG×639, GAA×2"
909,nonsynonymous-only,0,1,6,8382,"I×1, K×1, N×1, R×1, S×1, V×1","AAA×3503, GTA×2846, AGA×1375, AGT×566, AAT×73, ATA×19"
910,nonsynonymous-only,0,1,8,8382,"N×2, R×2, D×1, E×1, H×1, Q×1","AAT×2863, GAT×1754, GAA×1374, CAT×901, CGT×848, CGA×639, AAC×2, CAA×1"
911,nonsynonymous-only,0,1,7,8383,"L×2, V×2, C×1, M×1, S×1","ATG×2864, TTA×1766, TTG×1754, GTG×1360, TCA×622, GTA×16, TGT×1"
912,nonsynonymous-only,0,1,6,8383,"K×2, V×2, E×1, M×1","AAA×4613, GAA×1376, GTG×1109, GTA×645, AAG×639, ATG×1"
913,nonsynonymous-only,0,1,7,8383,"D×2, K×2, E×1, N×1, S×1","GAA×2857, AAC×2745, GAC×1323, AGC×758, AAA×646, GAT×53, AAG×1"
914,nonsynonymous-only,0,1,6,6634,"I×2, T×2, V×2","GTC×2844, ACG×1744, ATT×1371, GTT×659, ACA×10, ATC×6"
915,nonsynonymous-only,0,1,6,3764,"L×2, D×1, F×1, P×1, S×1","TTA×1728, GAT×1370, TCC×320, TTC×288, TTG×57, CCT×1"
916,nonsynonymous-only,0,1,6,3125,"D×2, R×2, E×1, F×1","GAC×1743, CGC×1137, CGT×233, GAT×10, GAA×1, TTC×1"
918,nonsynonymous-only,0,1,2,1370,"H×1, Y×1","CAT×1364, TAT×6"
919,nonsynonymous-only,0,1,5,7737,"S×2, L×1, P×1, T×1","CCT×2863, TTG×1790, TCG×1713, TCT×1370, ACT×1"
920,nonsynonymous-only,0,1,5,7737,"F×1, K×1, L×1, P×1, T×1","AAA×2864, ACA×1749, CCA×1746, TTT×1370, CTA×8"
921,nonsynonymous-only,0,1,4,7737,"T×2, I×1, V×1","ATT×3072, ACG×1754, ACT×1699, GTT×1212"
922,nonsynonymous-only,0,1,3,1760,"P×1, Q×1, S×1","CCG×1738, CAG×16, TCA×6"
923,nonsynonymous-only,0,1,2,3503,"K×1, W×1","AAG×1754, TGG×1749"
924,nonsynonymous-only,0,1,3,7738,"K×2, R×1","AAG×5791, AAA×1755, AGG×192"
925,nonsynonymous-only,0,1,6,8380,"C×1, I×1, K×1, N×1, P×1, T×1","ACT×2746, AAT×2388, ATT×1874, AAG×1370, CCT×1, TGT×1"
926,nonsynonymous-only,0,1,6,8380,"I×1, L×1, M×1, R×1, T×1, V×1","ATG×5231, ATT×1754, AGA×1370, TTG×21, GTG×3, ACG×1"
927,nonsynonymous-only,0,1,3,6623,"K×1, M×1, R×1","AAA×5983, AGA×639, ATG×1"
928,nonsynonymous-only,0,1,5,6623,"L×2, S×2, C×1","TTA×4613, TCG×1369, TTG×639, TCA×1, TGC×1"
929,nonsynonymous-only,0,1,5,6623,"S×2, F×1, L×1, R×1","TTG×4233, AGG×1749, TCG×639, TCA×1, TTC×1"
930,nonsynonymous-only,0,1,4,6621,"A×1, P×1, R×1, V×1","CGA×2863, CCA×1749, GCA×1418, GTA×591"
931,nonsynonymous-only,0,1,4,6622,"L×2, Q×1, S×1","CAA×2849, TCA×2008, TTG×1750, CTA×15"
932,nonsynonymous-only,0,1,6,6623,"L×3, Q×1, R×1, S×1","CTG×2861, CGG×1750, TTG×1372, TCG×638, CAG×1, CTA×1"
933,nonsynonymous-only,0,1,4,6623,"A×1, E×1, G×1, V×1","GGA×2862, GCA×1615, GAA×1501, GTA×645"
934,nonsynonymous-only,0,1,5,6623,"L×3, P×1, Q×1","TTA×2864, CTG×1749, CCG×1370, CAA×639, CTA×1"
935,nonsynonymous-only,0,1,5,5253,"K×1, P×1, S×1, T×1, W×1","CCA×2863, TGG×1749, ACA×639, AAG×1, TCA×1"
936,nonsynonymous-only,0,1,5,6623,"T×2, I×1, M×1, R×1","ATC×2865, ATG×1749, AGA×1370, ACC×638, ACT×1"
937,nonsynonymous-only,0,1,8,6623,"L×2, P×2, R×2, H×1, Q×1","CCA×2861, TTG×1749, CAG×1370, CGT×625, CAT×14, CCC×2, CGA×1, CTA×1"
938,nonsynonymous-only,0,1,5,6623,"K×2, E×1, L×1, N×1","AAA×2864, AAT×1749, AAG×1370, CTT×639, GAA×1"
939,nonsynonymous-only,0,1,5,3759,"C×1, F×1, I×1, Q×1, Y×1","ATC×1749, TGC×1365, CAA×639, TAC×5, TTC×1"
940,nonsynonymous-only,0,1,5,5513,"K×2, M×1, N×1, Q×1","AAG×1754, AAA×1749, CAG×1370, ATG×639, AAC×1"
941,nonsynonymous-only,0,1,5,8377,"E×1, I×1, K×1, T×1, V×1","ATA×3119, GAG×2098, AAA×1755, GTG×766, ACC×639"
942,nonsynonymous-only,0,1,4,8377,"F×1, P×1, S×1, Y×1","TTC×5940, CCT×1754, TCC×639, TAC×44"
943,nonsynonymous-only,0,1,6,8377,"H×2, R×2, L×1, P×1","CTT×3521, CGT×1999, CGC×1735, CCT×1087, CAC×19, CAT×16"
944,nonsynonymous-only,0,1,6,8357,"L×2, S×2, I×1, T×1","ATA×3408, TCT×1749, TCA×1734, TTA×1369, ACA×96, TTG×1"
945,nonsynonymous-only,0,1,3,8377,"F×1, L×1, S×1","TTT×7737, TCT×639, TTG×1"
946,nonsynonymous-only,0,1,6,6623,"L×2, P×2, A×1, F×1","CCA×2864, CTT×2008, CCG×1571, CTG×178, GCT×1, TTT×1"
947,nonsynonymous-only,0,1,4,5984,"C×1, S×1, W×1, Y×1","TGG×2865, TCT×1749, TAC×1362, TGC×8"
948,nonsynonymous-only,0,1,5,8377,"K×2, T×2, M×1","AAA×2864, AAG×2009, ATG×1749, ACG×1748, ACC×7"
949,nonsynonymous-only,0,1,6,8377,"T×3, I×2, S×1","ATT×4234, ACG×1751, ATA×1749, AGT×639, ACA×3, ACT×1"
950,nonsynonymous-only,0,1,4,7737,"S×2, F×1, Y×1","TCT×3233, TTT×1749, TCC×1385, TAC×1370"
951,nonsynonymous-only,0,1,5,6628,"L×2, Y×2, F×1","TTT×2864, TAC×1754, TAT×1370, TTG×639, TTA×1"
952,nonsynonymous-only,0,1,6,6628,"Q×2, L×1, M×1, P×1, R×1","CCG×2861, TTA×1754, CGA×1365, CAG×642, CAA×5, ATG×1"
953,nonsynonymous-only,0,1,6,6628,"D×2, V×2, E×1, S×1","GTG×2864, GAC×1694, AGC×1370, GAA×639, GAT×60, GTC×1"
954,synonymous-only,1,0,2,1754,N×2,"AAT×1362, AAC×392"
955,synonymous-only,1,0,2,1754,H×2,"CAT×1721, CAC×33"
956,synonymous-only,1,0,2,1754,T×2,"ACG×1744, ACA×10"
958,nonsynonymous-only,0,1,3,1754,"V×2, I×1","GTT×1669, GTC×84, ATT×1"
959,nonsynonymous-only,0,1,6,6628,"G×3, A×2, D×1","GCA×2864, GCT×1754, GGC×1314, GGA×639, GGT×56, GAT×1"
960,nonsynonymous-only,0,1,3,6628,"E×1, I×1, S×1","GAA×2864, ATT×2010, AGC×1754"
961,nonsynonymous-only,0,1,7,6628,"Q×2, V×2, E×1, K×1, T×1","AAA×2864, GTG×1742, CAG×1353, ACG×639, CAA×17, GTA×12, GAA×1"
962,nonsynonymous-only,0,1,7,6628,"L×2, N×2, I×1, K×1, T×1","ATT×2864, CTA×1365, AAC×1022, AAT×732, ACC×639, CTT×5, AAA×1"
963,nonsynonymous-only,0,1,5,6628,"L×2, F×1, I×1, V×1","ATT×2864, CTC×1754, GTT×1370, CTT×639, TTT×1"
964,nonsynonymous-only,0,1,5,6628,"F×2, I×1, L×1, Q×1","CAG×2864, TTA×2393, TTC×1340, TTT×30, ATT×1"
965,nonsynonymous-only,0,1,5,6628,"D×1, E×1, K×1, Q×1, T×1","CAA×2864, GAA×2002, GAC×1754, AAA×7, ACC×1"
966,nonsynonymous-only,0,1,3,5989,"I×1, L×1, M×1","TTA×4234, ATG×1754, ATT×1"
967,synonymous-only,1,0,2,5989,L×2,"TTA×3125, CTA×2864"
968,nonsynonymous-only,0,1,6,5989,"D×2, G×2, A×1, Q×1","GCA×2864, GAC×1804, GGC×1316, GAT×2, GGA×2, CAA×1"
969,nonsynonymous-only,0,1,3,4235,"D×1, E×1, H×1","GAG×2864, CAT×1370, GAT×1"
970,nonsynonymous-only,0,1,3,4235,"H×1, R×1, Y×1","CGG×2864, CAT×1370, TAC×1"
971,nonsynonymous-only,0,1,3,4235,"F×1, K×1, L×1","AAA×2864, TTA×1370, TTT×1"
972,nonsynonymous-only,0,1,2,4235,"D×1, E×1","GAA×4234, GAC×1"
974,nonsynonymous-only,0,1,5,7739,"D×1, E×1, K×1, Q×1, S×1","AGT×2866, GAT×1749, GAA×1748, AAA×1370, CAA×6"
975,nonsynonymous-only,0,1,5,8377,"D×2, N×2, S×1","GAT×3506, AAT×2861, AAC×1368, GAC×640, AGC×2"
976,nonsynonymous-only,0,1,4,8377,"A×2, E×1, K×1","GAA×4613, AAA×2010, GCA×1750, GCC×4"
977,nonsynonymous-only,0,1,6,5513,"A×1, E×1, G×1, K×1, R×1, T×1","GGA×1753, AAA×1749, ACC×1370, GAG×639, AGA×1, GCC×1"
978,nonsynonymous-only,0,1,3,4618,"T×2, A×1","GCC×2862, ACC×1678, ACA×78"
980,nonsynonymous-only,0,1,2,4618,"L×1, W×1","TGG×2864, TTG×1754"
981,nonsynonymous-only,0,1,2,4618,"M×1, T×1","ACG×2864, ATG×1754"
982,nonsynonymous-only,0,1,3,6628,"E×1, K×1, R×1","AAG×4235, GAA×1754, AGA×639"
983,nonsynonymous-only,0,1,9,8377,"S×3, I×1, L×1, M×1, P×1, R×1, W×1","CGG×2840, CCT×1753, ATG×1749, AGT×1370, ATT×639, TGG×23, AGC×1, CTG×1, TCT×1"
984,nonsynonymous-only,0,1,5,8354,"Y×2, F×1, N×1, Q×1","TAC×2850, CAG×2841, TTC×1754, AAC×640, TAT×269"
986,nonsynonymous-only,0,1,3,8383,"K×2, N×1","AAA×3892, AAC×3503, AAG×988"
987,nonsynonymous-only,0,1,5,8383,"E×1, G×1, I×1, K×1, L×1","GAA×2902, TTG×1754, GGA×1711, AAA×1377, ATA×639"
988,nonsynonymous-only,0,1,5,8376,"C×1, I×1, L×1, M×1, V×1","ATT×2863, ATG×1755, TTG×1749, GTT×1370, TGC×639"
989,nonsynonymous-only,0,1,3,6627,"C×1, H×1, S×1","TGT×3503, CAT×1754, TCA×1370"
990,nonsynonymous-only,0,1,8,6625,"L×4, P×3, A×1","CTA×2464, CCC×1751, GCT×1370, CCT×604, CTC×398, CTT×35, TTA×2, CCA×1"
991,nonsynonymous-only,0,1,3,6625,"K×1, M×1, N×1","AAA×4232, AAT×1754, ATG×639"
992,nonsynonymous-only,0,1,3,4618,"N×2, Y×1","TAT×2864, AAC×1751, AAT×3"
993,nonsynonymous-only,0,1,4,5257,"I×3, M×1","ATG×2863, ATC×1657, ATT×735, ATA×2"
994,nonsynonymous-only,0,1,2,2393,"D×1, M×1","GAT×1754, ATG×639"
995,nonsynonymous-only,0,1,3,2393,"S×2, N×1","AGC×1744, AGT×639, AAC×10"
997,nonsynonymous-only,0,1,4,3757,"A×1, C×1, F×1, V×1","TTC×2007, GTG×1690, GCG×59, TGT×1"
998,nonsynonymous-only,0,1,5,3757,"G×1, K×1, L×1, M×1, V×1","ATG×1749, AAG×1368, GTA×573, GGA×66, TTA×1"
999,nonsynonymous-only,0,1,5,3757,"D×2, K×1, T×1, V×1","AAG×1749, GAT×1365, ACT×639, GAC×3, GTT×1"
1000,nonsynonymous-only,0,1,3,3757,"F×1, W×1, Y×1","TGG×1749, TAT×1368, TTT×640"
1001,nonsynonymous-only,0,1,4,3757,"Q×2, H×1, R×1","CGA×1576, CAA×1517, CAT×640, CAG×24"
1002,nonsynonymous-only,0,1,3,4868,"L×2, S×1","TTA×1752, TTG×1749, TCG×1367"
1003,nonsynonymous-only,0,1,7,8372,"I×3, T×2, A×1, K×1","GCA×2864, ACG×1752, ATA×1751, AAG×1367, ATC×623, ACC×14, ATT×1"
1004,nonsynonymous-only,0,1,9,8371,"K×2, R×2, G×1, L×1, N×1, Q×1, S×1","AAG×2863, CAA×1748, AAT×1628, CTA×1367, GGG×631, AGT×124, AGG×8, AAA×1, AGA×1"
1005,nonsynonymous-only,0,1,4,8372,"L×2, F×1, S×1","TTG×3501, TTT×2864, TTA×1368, TCA×639"
1006,nonsynonymous-only,0,1,5,8372,"F×2, H×1, L×1, Q×1","TTC×4137, CAC×2864, CAG×1367, TTT×3, TTG×1"
1007,nonsynonymous-only,0,1,5,8373,"F×1, I×1, N×1, R×1, T×1","ACT×3120, TTT×2864, ATT×1749, AAT×639, AGA×1"
1008,nonsynonymous-only,0,1,8,8373,"H×2, Y×2, I×1, P×1, Q×1, S×1","CAT×2615, TCT×1752, CAC×1648, TAC×1368, CAG×638, TAT×250, CCC×101, ATT×1"
1010,nonsynonymous-only,0,1,5,8371,"R×2, Q×1, V×1, W×1","TGG×2864, CGA×2392, GTG×1749, CGG×1193, CAG×173"
1011,nonsynonymous-only,0,1,2,3755,"A×1, F×1","TTT×2006, GCG×1749"
1012,nonsynonymous-only,0,1,2,1749,"L×1, S×1","TCA×1641, TTA×108"
1013,nonsynonymous-only,0,1,4,3754,"I×2, L×1, M×1","TTA×1749, ATC×1366, ATA×638, ATG×1"
1014,nonsynonymous-only,0,1,5,3754,"L×2, R×2, Q×1","CTT×1749, CTA×1033, CAG×638, CGA×333, CGG×1"
1015,nonsynonymous-only,0,1,5,3754,"Q×2, K×1, L×1, T×1","CTG×1749, CAA×1365, AAA×638, ACA×1, CAG×1"
1016,nonsynonymous-only,0,1,4,3754,"K×1, N×1, P×1, W×1","TGG×1749, CCA×1366, AAA×638, AAC×1"
1017,nonsynonymous-only,0,1,3,3754,"F×1, L×1, T×1","ACT×1749, TTT×1363, TTA×642"
1018,nonsynonymous-only,0,1,3,2388,"F×1, P×1, Y×1","CCT×1749, TTC×638, TAC×1"
1019,nonsynonymous-only,0,1,3,2388,"D×2, Y×1","TAC×1753, GAC×634, GAT×1"
1022,nonsynonymous-only,0,1,3,4594,"E×2, K×1","AAA×2842, GAA×1643, GAG×109"
1023,nonsynonymous-only,0,1,2,1753,"G×1, V×1","GGC×1752, GTG×1"
1024,nonsynonymous-only,0,1,5,2391,"L×3, K×1, R×1","TTG×1744, AAG×638, CTG×7, CGA×1, TTA×1"
1025,nonsynonymous-only,0,1,3,3119,"S×2, F×1","TCA×1752, TCG×1366, TTT×1"
1026,nonsynonymous-only,0,1,5,3757,"E×1, K×1, N×1, Q×1, R×1","GAA×1752, AAT×1366, AAG×570, AGG×68, CAA×1"
1027,nonsynonymous-only,0,1,3,2391,"K×2, S×1","AAA×1752, TCT×638, AAG×1"
1028,nonsynonymous-only,0,1,4,3757,"L×3, F×1","CTA×3117, TTT×638, TTA×1, TTG×1"
1029,nonsynonymous-only,0,1,3,7732,"E×1, K×1, R×1","AAA×4614, GAA×1752, AGA×1366"
1030,nonsynonymous-only,0,1,4,8370,"F×2, I×1, L×1","TTT×3118, ATC×2864, TTA×1750, TTC×638"
1031,synonymous-only,1,0,2,1752,L×2,"CTA×1736, CTT×16"
1033,nonsynonymous-only,0,1,4,5506,"S×2, L×1, P×1","CCT×1752, TCT×1749, TCA×1366, TTA×639"
1034,nonsynonymous-only,0,1,6,8370,"D×2, A×1, E×1, H×1, S×1","GAC×2718, TCT×2716, CAT×1749, GAA×638, GAT×401, GCT×148"
1035,synonymous-only,1,0,2,4616,V×2,"GTT×2918, GTC×1698"
1036,nonsynonymous-only,0,1,4,4616,"I×2, M×1, V×1","GTG×2863, ATT×1741, ATC×11, ATG×1"
1037,nonsynonymous-only,0,1,3,4616,"V×2, I×1","GTC×2863, ATT×1752, GTT×1"
1038,synonymous-only,1,0,2,1752,K×2,"AAA×1744, AAG×8"
1042,synonymous-only,1,0,2,1752,N×2,"AAC×1738, AAT×14"
1043,nonsynonymous-only,0,1,6,6621,"V×3, F×2, L×1","TTC×2862, GTT×1748, CTT×1366, GTG×638, GTC×4, TTT×3"
1044,nonsynonymous-only,0,1,4,8370,"A×2, T×1, V×1","ACA×3853, GCT×2864, GCA×1652, GTC×1"
1045,nonsynonymous-only,0,1,4,8369,"K×2, N×1, T×1","AAA×6317, AAC×1366, ACA×633, AAG×53"
1046,nonsynonymous-only,0,1,3,7282,"N×2, Q×1","AAC×4131, AAT×2872, CAA×279"
1047,nonsynonymous-only,0,1,6,8376,"I×3, D×1, N×1, S×1","ATC×2846, ATT×1769, AGT×1749, AAT×1624, GAT×387, ATA×1"
1048,nonsynonymous-only,0,1,4,8369,"E×1, K×1, Q×1, S×1","CAA×2861, TCA×2387, GAA×1752, AAA×1369"
1052,nonsynonymous-only,0,1,3,2841,"A×1, T×1, V×1","GCG×2732, ACG×108, GTG×1"
1053,nonsynonymous-only,0,1,3,6595,"M×1, N×1, S×1","ATG×2841, AAT×2388, AGT×1366"
1054,nonsynonymous-only,0,1,6,6595,"D×2, N×1, P×1, S×1, T×1","CCA×2841, ACA×1749, GAC×1362, GAT×638, AAC×4, AGC×1"
1055,nonsynonymous-only,0,1,4,6595,"E×1, K×1, N×1, R×1","GAA×4207, AAC×1749, CGT×638, AAG×1"
1056,nonsynonymous-only,0,1,6,8347,"K×2, E×1, L×1, R×1, T×1","GAG×2841, ACG×1754, AGA×1749, AAG×1364, AAA×638, TTA×1"
1057,nonsynonymous-only,0,1,9,8347,"L×3, Y×2, F×1, H×1, I×1, V×1","TAC×2840, CAT×1714, CTT×1544, ATT×1189, TTG×387, TTA×251, TTT×209, GTT×177, TAT×36"
1058,nonsynonymous-only,0,1,7,8347,"A×2, T×2, I×1, L×1, R×1","ACA×2817, CGA×1752, GCA×1749, TTA×1367, GCG×638, ACC×23, ATA×1"
1059,nonsynonymous-only,0,1,9,8347,"F×2, L×2, P×1, S×1, T×1, V×1, Y×1","TTT×2818, TAT×1749, CCT×1656, CTT×1366, GTA×638, TCT×95, TTC×23, ACT×1, TTG×1"
1060,nonsynonymous-only,0,1,7,8347,"H×2, R×2, Y×2, F×1","TAT×2870, TAC×2351, CAC×1751, CGT×1365, TTT×8, CAT×1, CGG×1"
1061,nonsynonymous-only,0,1,3,3501,"T×2, C×1","TGT×1749, ACT×1681, ACA×71"
1062,nonsynonymous-only,0,1,2,1752,"K×1, Q×1","CAG×1748, AAG×4"
1063,nonsynonymous-only,0,1,2,3501,"R×1, T×1","CGG×1752, ACC×1749"
1064,nonsynonymous-only,0,1,2,3501,"Q×1, R×1","CAA×1752, AGG×1749"
1065,nonsynonymous-only,0,1,3,3501,"C×1, G×1, N×1","AAT×1752, GGT×1746, TGT×3"
1066,nonsynonymous-only,0,1,3,3500,"E×1, G×1, K×1","GGA×1749, GAA×1748, AAA×3"
1067,nonsynonymous-only,0,1,3,3501,"C×1, I×1, V×1","ATT×1750, TGC×1749, GTT×2"
1068,nonsynonymous-only,0,1,2,4601,"Q×1, R×1","CAA×2852, CGG×1749"
1069,nonsynonymous-only,0,1,3,6342,"F×1, L×1, N×1","TTT×2841, CTT×1752, AAT×1749"
1070,nonsynonymous-only,0,1,4,7708,"D×1, H×1, N×1, Y×1","GAT×2840, AAT×1752, CAT×1642, TAT×1474"
1071,nonsynonymous-only,0,1,4,7708,"D×1, H×1, N×1, Y×1","GAT×3501, TAT×2840, CAT×1366, AAT×1"
1072,nonsynonymous-only,0,1,4,8347,"A×1, P×1, S×1, T×1","GCA×4593, TCA×3115, CCA×638, ACA×1"
1073,nonsynonymous-only,0,1,6,8331,"L×2, C×1, F×1, H×1, Q×1","CAC×2841, TTT×1749, CAA×1736, TTG×1366, TGT×638, CTG×1"
1074,nonsynonymous-only,0,1,8,8347,"C×1, D×1, F×1, G×1, I×1, L×1, Q×1, R×1","ATC×2841, CGC×1752, GGC×1748, TGC×1362, CAG×638, TTC×4, GAC×1, TTG×1"
1075,nonsynonymous-only,0,1,8,8347,"L×2, A×1, F×1, G×1, R×1, T×1, W×1","GGG×2721, TTG×1791, TTT×1749, GCT×1320, ACT×432, CTG×214, AGG×119, TGG×1"
1076,nonsynonymous-only,0,1,4,8347,"F×1, H×1, S×1, Y×1","CAT×4589, TCT×1749, TAT×1371, TTT×638"
1077,nonsynonymous-only,0,1,4,8347,"D×1, G×1, N×1, V×1","GTT×4207, GGT×3501, AAT×638, GAT×1"
1078,nonsynonymous-only,0,1,2,7708,"G×1, R×1","AGA×4867, GGA×2841"
1079,nonsynonymous-only,0,1,4,8347,"A×1, C×1, T×1, V×1","GCG×4620, ACG×1977, TGC×1749, GTG×1"
1080,nonsynonymous-only,0,1,7,8347,"A×1, D×1, F×1, H×1, I×1, N×1, Y×1","TAT×2838, TTT×1749, GCA×1366, GAC×1347, ATT×638, AAC×405, CAT×4"
1081,nonsynonymous-only,0,1,6,8347,"N×2, D×1, F×1, H×1, I×1","AAT×3249, TTT×2842, ATT×1366, CAT×869, GAT×20, AAC×1"
1082,nonsynonymous-only,0,1,7,6598,"T×2, A×1, I×1, M×1, P×1, V×1","ACG×2841, GCT×2217, GTT×763, CCG×638, ATT×136, ACT×2, ATG×1"
1083,nonsynonymous-only,0,1,4,8343,"R×2, E×1, K×1","GAA×4375, CGG×1752, AGG×1749, AAA×467"
1086,nonsynonymous-only,0,1,5,6981,"E×1, I×1, P×1, R×1, T×1","ACA×2839, AGA×1752, GAA×1749, CCT×638, ATA×3"
1087,nonsynonymous-only,0,1,6,6343,"L×2, A×1, S×1, T×1, V×1","CTG×2841, CTA×1752, GCA×1293, ACA×455, GTC×1, TCA×1"
1088,nonsynonymous-only,0,1,3,4591,"D×1, R×1, T×1","ACG×2841, AGA×1749, GAT×1"
1089,nonsynonymous-only,0,1,6,6981,"E×1, I×1, N×1, S×1, T×1, V×1","GTT×2840, AAT×1996, ACT×1292, GAA×639, AGT×211, ATT×3"
1090,synonymous-only,1,0,2,2841,S×2,"TCA×2826, TCT×15"
1092,nonsynonymous-only,0,1,8,8347,"K×2, S×2, C×1, L×1, P×1, R×1","AAG×2136, TGC×1752, TCC×1746, CCA×1366, AAA×705, TTA×638, TCT×3, AGA×1"
1093,nonsynonymous-only,0,1,4,5957,"E×2, G×1, K×1","GAA×4196, AAA×1749, GAG×11, GGA×1"
1094,nonsynonymous-only,0,1,5,8347,"L×1, P×1, S×1, W×1, Y×1","CTT×4591, CCT×1750, TAT×1367, TGG×638, TCT×1"
1095,nonsynonymous-only,0,1,7,8333,"R×3, C×1, D×1, G×1, S×1","GGT×2841, AGC×1749, GAC×1366, CGA×971, AGA×767, CGC×638, TGC×1"
1096,nonsynonymous-only,0,1,7,8231,"P×2, R×2, G×1, K×1, Q×1","GGA×3491, CGA×3035, CCG×1356, CAA×327, AGA×11, CCA×10, AAA×1"
1097,nonsynonymous-only,0,1,4,8347,"T×2, I×1, L×1","TTG×2841, ACA×2004, ACT×1752, ATA×1750"
1098,nonsynonymous-only,0,1,7,8347,"A×1, C×1, I×1, N×1, S×1, T×1, V×1","GTT×2841, AAC×1752, TGT×1749, GCT×1366, ATT×415, ACT×223, TCT×1"
1099,nonsynonymous-only,0,1,5,6598,"E×1, H×1, K×1, Q×1, Y×1","CAA×2841, CAT×1737, TAT×1381, AAA×638, GAG×1"
1100,nonsynonymous-only,0,1,6,6595,"E×2, N×2, A×1, T×1","GAA×2362, GAG×1845, AAC×1698, GCA×638, AAT×51, ACA×1"
1101,nonsynonymous-only,0,1,6,8346,"M×1, P×1, Q×1, S×1, T×1, V×1","CCA×4575, GTG×1982, ACA×1749, ATG×22, TCA×17, CAA×1"
1102,nonsynonymous-only,0,1,3,3752,"S×2, L×1","TCA×2003, TCG×1748, TTA×1"
1103,nonsynonymous-only,0,1,4,3753,"Y×2, F×1, K×1","TTT×1749, TAT×916, AAG×638, TAC×450"
1104,nonsynonymous-only,0,1,4,3753,"N×2, R×2","AGA×1749, CGA×1366, AAC×637, AAT×1"
1105,nonsynonymous-only,0,1,6,5505,"N×2, C×1, E×1, G×1, K×1","AAC×1751, AAT×1749, GAG×1366, GGT×637, AAA×1, TGT×1"
1106,synonymous-only,1,0,3,2004,L×3,"TTG×1364, CTT×638, TTA×2"
1107,nonsynonymous-only,0,1,3,2004,"A×1, P×1, S×1","CCA×1329, GCA×638, TCA×37"
1108,nonsynonymous-only,0,1,2,2004,"E×1, R×1","GAA×1366, AGA×638"
1109,nonsynonymous-only,0,1,3,1367,"A×2, V×1","GCT×675, GCA×624, GTA×68"
1110,nonsynonymous-only,0,1,2,1367,"G×1, V×1","GTA×1366, GGC×1"
1111,nonsynonymous-only,0,1,4,7709,"A×1, D×1, F×1, S×1","TTT×4593, GAT×1749, TCT×1366, GCT×1"
1112,nonsynonymous-only,0,1,6,7709,"I×2, D×1, F×1, L×1, V×1","GTC×3115, ATC×2802, TTC×1750, ATT×39, TTA×2, GAC×1"
1113,nonsynonymous-only,0,1,4,7709,"Q×2, I×1, V×1","CAG×2841, CAA×1752, GTA×1749, ATA×1367"
1114,nonsynonymous-only,0,1,5,5506,"N×2, E×1, K×1, R×1","AAA×2004, CGC×1749, AAT×1688, AAC×64, GAA×1"
1115,nonsynonymous-only,0,1,6,8347,"A×1, E×1, L×1, M×1, Q×1, T×1","TTG×2841, GCT×1752, ACG×1749, ATG×1366, GAG×638, CAG×1"
1116,nonsynonymous-only,0,1,7,8346,"K×2, A×1, C×1, I×1, N×1, W×1","TGG×2547, GCG×2004, AAT×1749, AAA×1667, TGT×293, AAG×85, ATT×1"
1117,nonsynonymous-only,0,1,6,8347,"F×1, H×1, L×1, N×1, P×1, S×1","TTT×3753, CCT×2829, AAC×1752, CTT×11, CAT×1, TCT×1"
1118,nonsynonymous-only,0,1,5,8346,"I×1, M×1, Q×1, R×1, S×1","CAA×2841, ATT×1752, ATG×1749, CGA×1366, AGT×638"
1121,nonsynonymous-only,0,1,5,4594,"E×2, Y×2, L×1","GAG×2840, TAT×1696, TAC×56, GAA×1, TTA×1"
1122,nonsynonymous-only,0,1,4,4594,"T×2, A×1, D×1","ACT×3486, ACC×1106, GAT×1, GCT×1"
1123,nonsynonymous-only,0,1,5,8346,"I×2, L×2, M×1","ATG×2840, ATT×2643, CTA×1751, CTT×1110, ATA×2"
1125,nonsynonymous-only,0,1,7,8346,"E×1, K×1, N×1, Q×1, R×1, V×1, W×1","GAA×2841, CAG×1752, CGG×1743, GTG×1365, AAA×638, TGG×6, AAT×1"
1126,nonsynonymous-only,0,1,9,8346,"A×3, S×2, E×1, F×1, T×1, V×1","GCT×2826, TTT×1752, GCG×1740, TCC×1363, GTT×638, ACT×15, GCA×9, TCA×2, GAA×1"
1127,nonsynonymous-only,0,1,2,8346,"L×1, Y×1","TAT×5505, CTT×2841"
1129,nonsynonymous-only,0,1,6,8346,"C×1, F×1, H×1, N×1, S×1, Y×1","TAT×2840, TGT×2388, AAT×1752, TCT×961, TTT×404, CAT×1"
1130,nonsynonymous-only,0,1,7,8345,"G×2, V×2, D×1, Q×1, R×1","GGA×2838, AGA×1752, GAC×1749, GTT×1365, CAA×638, GTA×2, GGT×1"
1131,nonsynonymous-only,0,1,7,8346,"C×2, A×1, D×1, N×1, S×1, Y×1","GAT×4563, TGT×2266, TAT×1216, AAT×295, AGT×3, GCT×2, TGC×1"
1132,nonsynonymous-only,0,1,7,8346,"S×2, F×1, L×1, P×1, T×1, Y×1","TCC×5524, TTC×1753, ACC×666, CCC×396, TCT×5, CTC×1, TAC×1"
1133,nonsynonymous-only,0,1,7,7707,"G×1, K×1, N×1, Q×1, R×1, S×1, T×1","AGC×2823, CAA×1752, ACC×1365, AGA×1352, GGA×397, AAC×17, AAA×1"
1134,nonsynonymous-only,0,1,6,8346,"F×1, G×1, I×1, L×1, R×1, S×1","AGA×2822, AGC×1753, CTG×1752, TTT×1366, ATC×638, GGA×15"
1135,nonsynonymous-only,0,1,2,8346,"G×1, R×1","GGA×5104, AGA×3242"
1136,nonsynonymous-only,0,1,4,8346,"A×1, N×1, S×1, T×1","AGT×5641, ACT×1753, GCT×638, AAT×314"
1137,nonsynonymous-only,0,1,6,5505,"A×1, C×1, F×1, L×1, S×1, T×1","CTA×1752, TGC×1749, GCG×1360, TTT×638, TCG×5, ACG×1"
1138,nonsynonymous-only,0,1,5,5505,"L×2, A×1, C×1, F×1","TGT×1752, GCA×1749, CTA×1084, TTA×919, TTT×1"
1139,nonsynonymous-only,0,1,5,8346,"C×1, D×1, F×1, N×1, Y×1","TTT×2841, TGT×2386, GAT×1746, TAT×1368, AAT×5"
1140,nonsynonymous-only,0,1,5,8343,"L×2, Y×2, P×1","TTA×3122, TAT×2840, TAC×1747, CTA×633, CCA×1"
1141,nonsynonymous-only,0,1,3,4590,"H×1, P×1, R×1","CGC×2840, CCA×1749, CAC×1"
1142,nonsynonymous-only,0,1,5,8346,"I×2, C×1, N×1, T×1","AAT×3502, ACA×2778, ATT×1365, TGT×638, ATA×63"
1143,nonsynonymous-only,0,1,5,8283,"A×1, F×1, I×1, V×1, Y×1","GTT×5164, TTT×1752, GCT×1365, ATT×1, TAT×1"
1144,nonsynonymous-only,0,1,6,8282,"V×2, F×1, G×1, L×1, S×1","AGT×2778, GTC×1748, TTT×1694, CTT×1420, GTT×638, GGC×4"
1145,nonsynonymous-only,0,1,3,5166,"Q×1, R×1, W×1","CAA×2778, AGA×1749, TGG×639"
1146,nonsynonymous-only,0,1,3,6531,"E×1, K×1, L×1","AAA×6529, GAA×1, TTA×1"
1147,nonsynonymous-only,0,1,5,4782,"C×2, G×1, N×1, R×1","TGC×2764, GGC×1365, AAC×638, TGT×12, CGC×3"
1148,nonsynonymous-only,0,1,3,2779,"P×1, R×1, S×1","TCA×1678, CCA×1100, CGA×1"
1149,nonsynonymous-only,0,1,3,2779,"A×1, L×1, V×1","GTG×2774, GCG×4, TTG×1"
1150,nonsynonymous-only,0,1,2,4530,"S×1, Y×1","TAT×2778, TCT×1752"
1151,synonymous-only,1,0,3,4530,R×3,"CGA×2779, CGG×1743, AGG×8"
1152,nonsynonymous-only,0,1,5,5164,"V×2, K×1, N×1, R×1","AGA×2778, AAT×1747, GTT×634, GTC×4, AAA×1"
1154,nonsynonymous-only,0,1,6,5164,"K×2, N×1, Q×1, R×1, S×1","AAT×2777, AAG×1745, CAA×638, AGG×2, AAA×1, AGC×1"
1155,nonsynonymous-only,0,1,3,3416,"H×2, R×1","CAC×2771, CGC×638, CAT×7"
1156,nonsynonymous-only,0,1,4,5163,"R×2, I×1, T×1","CGA×2777, ACA×1733, AGA×638, ATA×15"
1157,nonsynonymous-only,0,1,4,5149,"K×2, I×1, N×1","AAT×2779, ATA×1732, AAG×624, AAA×14"
1159,nonsynonymous-only,0,1,3,3416,"F×1, H×1, Y×1","TAC×2731, TTT×638, CAC×47"
1160,nonsynonymous-only,0,1,4,3416,"T×2, A×1, L×1","ACT×2743, TTA×638, GCT×33, ACC×2"
