codon_index,category,syn_changes,nonsyn_changes,n_variants,n_sequences,aa_states,codon_counts
4,nonsynonymous-only,0,1,2,1404,"D×1, N×1","AAT×1403, GAT×1"
5,nonsynonymous-only,0,1,5,6248,"A×1, F×1, G×1, L×1, V×1","GTT×4077, CTC×1403, GCG×766, GGT×1, TTT×1"
8,nonsynonymous-only,0,1,5,7255,"E×1, K×1, M×1, N×1, W×1","AAA×4078, GAA×1403, ATG×1002, TGG×766, AAT×6"
9,nonsynonymous-only,0,1,6,8523,"T×2, G×1, K×1, M×1, R×1","ACG×3034, ATG×2300, GGA×1403, AAG×1008, AGA×766, ACA×12"
10,nonsynonymous-only,0,1,6,8523,"R×2, K×1, L×1, P×1, Q×1","CAA×4077, AGA×2671, CGG×1002, CCT×709, CTT×57, AAA×7"
11,nonsynonymous-only,0,1,4,8523,"I×1, N×1, T×1, V×1","ATT×6348, AAT×1403, ACC×766, GTA×6"
12,nonsynonymous-only,0,1,6,8523,"D×1, E×1, F×1, L×1, N×1, V×1","GTT×4078, CTT×1402, GAT×1268, GAA×1008, AAC×766, TTT×1"
13,nonsynonymous-only,0,1,4,3673,"S×2, K×1, N×1","AGC×1385, AAT×1268, AAA×1002, AGT×18"
14,nonsynonymous-only,0,1,4,8523,"I×2, L×1, V×1","ATT×5353, GTT×1403, ATC×1002, CTT×765"
15,nonsynonymous-only,0,1,5,8523,"H×1, I×1, S×1, T×1, Y×1","ATT×4084, ACT×1403, CAT×1268, TAT×1002, AGT×766"
16,nonsynonymous-only,0,1,4,7751,"H×1, Q×1, S×1, Y×1","TAC×4078, CAA×2269, TCA×1403, CAC×1"
18,nonsynonymous-only,0,1,2,1002,"I×1, V×1","GTT×996, ATT×6"
21,nonsynonymous-only,0,1,4,6354,"R×2, Q×1, V×1","CAA×5080, CGT×1260, CGC×8, GTA×6"
22,nonsynonymous-only,0,1,3,5086,"F×1, S×1, T×1","TCA×4078, ACG×1002, TTT×6"
23,nonsynonymous-only,0,1,3,6354,"K×2, N×1","AAC×5270, AAG×1002, AAA×82"
24,nonsynonymous-only,0,1,4,6354,"S×2, K×1, N×1","AGC×4078, AGT×1268, AAT×1002, AAA×6"
25,nonsynonymous-only,0,1,4,6354,"F×2, A×1, L×1","TTT×4078, TTC×1268, TTA×1002, GCA×6"
26,nonsynonymous-only,0,1,4,6354,"T×2, F×1, I×1","TTT×4078, ACG×2242, ACA×28, ATA×6"
27,nonsynonymous-only,0,1,6,2270,"C×1, N×1, P×1, R×1, S×1, Y×1","TAC×1257, CCA×999, AAC×10, TCA×2, CGA×1, TGC×1"
28,nonsynonymous-only,0,1,3,6355,"K×1, M×1, T×1","ACC×4078, AAA×1274, ATG×1003"
29,nonsynonymous-only,0,1,3,6355,"T×2, I×1","ATC×5346, ACC×1003, ACA×6"
31,nonsynonymous-only,0,1,4,7752,"K×2, N×1, S×1","AGT×4078, AAA×1403, AAG×1268, AAC×1003"
32,nonsynonymous-only,0,1,3,6488,"K×2, Q×1","CAG×4076, AAA×1403, AAG×1009"
33,nonsynonymous-only,0,1,3,1273,"K×1, N×1, Q×1","CAA×1262, AAC×6, AAA×5"
34,nonsynonymous-only,0,1,6,3674,"C×2, S×2, N×1, R×1","AAC×1403, TGC×995, AGA×891, AGC×365, AGT×12, TGT×8"
35,nonsynonymous-only,0,1,5,3674,"N×2, G×1, R×1, W×1","TGG×1385, AAC×1201, GGG×1003, AAT×67, AGG×18"
36,nonsynonymous-only,0,1,2,3674,"L×1, S×1","CTT×2671, AGT×1003"
37,nonsynonymous-only,0,1,6,8525,"F×2, H×1, L×1, N×1, V×1","TTC×4082, AAC×1403, GTT×1269, CAC×1003, TTA×766, TTT×2"
38,nonsynonymous-only,0,1,7,8525,"T×2, A×1, D×1, E×1, G×1, S×1","ACA×4078, GGC×1382, GCC×1231, GAC×1024, GAA×766, ACC×38, TCT×6"
39,nonsynonymous-only,0,1,8,8525,"T×3, A×2, R×2, C×1","GCA×4078, AGG×1403, CGC×1266, ACA×1003, ACC×757, ACT×9, GCT×6, TGC×3"
40,nonsynonymous-only,0,1,6,8525,"S×2, D×1, G×1, N×1, R×1","AGC×6209, AAC×1269, AGA×1003, GGC×34, TCT×6, GAC×4"
41,nonsynonymous-only,0,1,5,8525,"G×2, N×2, A×1","AAT×5096, GGT×1403, GGC×1269, AAC×751, GCT×6"
42,nonsynonymous-only,0,1,6,8525,"F×1, I×1, N×1, S×1, T×1, V×1","ATT×4084, TTC×2252, AGC×1403, ACC×765, GTC×20, AAC×1"
43,nonsynonymous-only,0,1,4,8525,"A×1, P×1, R×1, S×1","GCA×5347, AGA×2406, CCG×766, AGT×6"
44,nonsynonymous-only,0,1,5,4441,"T×2, I×1, K×1, M×1","ACA×1403, ATT×1269, ACG×1002, ATG×766, AAG×1"
45,synonymous-only,1,0,2,766,S×2,"AGC×764, AGT×2"
46,synonymous-only,1,0,2,766,T×2,"ACA×736, ACG×30"
49,nonsynonymous-only,0,1,2,2035,"I×1, S×1","TCA×1269, ATT×766"
50,nonsynonymous-only,0,1,5,6119,"D×2, A×1, G×1, K×1","GAC×4646, GCC×766, GGC×700, AAG×6, GAT×1"
51,nonsynonymous-only,0,1,5,6119,"F×1, I×1, L×1, S×1, T×1","ATT×4078, CTC×1068, ACA×766, TTC×201, TCT×6"
52,nonsynonymous-only,0,1,5,8525,"F×1, K×1, L×1, N×1, W×1","TTC×4078, AAA×1769, AAT×1403, TGG×1274, TTG×1"
53,nonsynonymous-only,0,1,9,8525,"I×3, L×2, D×1, F×1, H×1, Y×1","TAT×4078, GAT×1403, CTA×1014, CAT×1003, ATT×761, ATA×233, TTA×22, TTT×6, ATC×5"
54,nonsynonymous-only,0,1,5,7122,"Y×2, E×1, Q×1, S×1","CAA×4844, TAC×1267, TCA×1003, GAA×6, TAT×2"
55,nonsynonymous-only,0,1,6,8525,"A×1, E×1, L×1, P×1, S×1, T×1","ACG×4078, TCG×1391, CCG×1287, GCG×983, TTA×766, GAG×20"
56,nonsynonymous-only,0,1,6,8507,"D×1, E×1, K×1, N×1, Q×1, S×1","AAA×4078, CAG×1385, AAC×1270, GAC×1002, AGC×766, GAG×6"
58,synonymous-only,1,0,2,766,S×2,"TCG×765, TCA×1"
59,nonsynonymous-only,0,1,5,8525,"T×2, A×1, N×1, V×1","ACA×4078, AAT×2406, GCT×1269, GTA×766, ACG×6"
60,nonsynonymous-only,0,1,5,8525,"A×2, T×2, V×1","GCT×5068, GCC×1403, GTT×1269, ACC×766, ACT×19"
61,nonsynonymous-only,0,1,3,8525,"S×2, N×1","AGT×6342, AGC×2169, AAT×14"
62,nonsynonymous-only,0,1,6,8525,"E×1, H×1, K×1, L×1, R×1, S×1","CAC×4078, CGT×1403, GAA×1269, AAA×1003, TTA×766, TCT×6"
63,nonsynonymous-only,0,1,4,8525,"Y×2, D×1, E×1","TAT×5506, GAG×1269, GAT×1003, TAC×747"
64,nonsynonymous-only,0,1,5,8525,"L×4, F×1","TTA×6253, CTT×1237, TTG×1003, CTC×31, TTT×1"
65,nonsynonymous-only,0,1,2,8525,"N×1, S×1","AAT×7256, TCA×1269"
66,nonsynonymous-only,0,1,4,8525,"Q×2, E×1, K×1","CAG×4042, GAA×2671, CAA×1045, AAA×767"
67,nonsynonymous-only,0,1,4,8525,"L×3, G×1","TTA×7516, CTG×677, CTC×326, GGA×6"
68,nonsynonymous-only,0,1,8,8527,"V×3, F×1, I×1, K×1, L×1, N×1","AAC×4077, TTC×1403, GTG×1203, GTT×1003, TTG×766, GTA×68, ATA×6, AAA×1"
69,nonsynonymous-only,0,1,5,8527,"K×2, R×2, E×1","GAA×4844, AAA×1403, AGA×1271, CGT×1003, AAG×6"
70,nonsynonymous-only,0,1,3,8527,"D×1, E×1, K×1","GAA×6453, AAA×2037, GAT×37"
71,nonsynonymous-only,0,1,7,8527,"G×3, D×1, E×1, K×1, N×1","GGG×2921, GGA×2165, AAG×1403, GAC×1269, GGT×766, AAC×2, GAA×1"
72,nonsynonymous-only,0,1,9,8528,"K×2, R×2, V×2, E×1, I×1, Q×1","ATT×4051, AAA×1385, CAA×1271, CGC×985, GAA×767, GTT×27, AAG×18, CGT×18, GTA×6"
73,nonsynonymous-only,0,1,7,8528,"L×3, V×3, I×1","CTA×4078, GTC×2037, ATT×1403, TTG×1002, GTT×6, CTG×1, GTA×1"
74,nonsynonymous-only,0,1,5,8528,"I×1, K×1, Q×1, T×1, V×1","GTT×5349, ACT×1403, AAA×1003, CAA×767, ATT×6"
75,nonsynonymous-only,0,1,5,8528,"K×2, R×2, Q×1","AAG×4084, AAA×2274, AGA×1402, CAA×767, AGG×1"
76,nonsynonymous-only,0,1,7,8528,"I×2, L×2, S×1, T×1, V×1","ATC×4078, AGT×1403, GTT×1270, TTA×996, ACG×767, ATT×7, TTG×7"
78,nonsynonymous-only,0,1,6,8528,"E×1, I×1, K×1, R×1, W×1, Y×1","TAC×4078, TGG×2406, ATC×1271, AAA×766, AGG×6, GAA×1"
79,nonsynonymous-only,0,1,6,8125,"K×2, A×1, I×1, S×1, T×1","ACG×5461, TCG×1021, AAG×868, AAA×767, ATA×6, GCG×2"
80,nonsynonymous-only,0,1,5,8528,"T×2, A×1, N×1, S×1","ACC×6857, TCC×1565, GCC×101, AAC×3, ACT×2"
81,nonsynonymous-only,0,1,5,8528,"C×1, D×1, G×1, R×1, S×1","AGT×4023, GGT×2330, TGT×1403, CGT×766, GAT×6"
82,nonsynonymous-only,0,1,6,7761,"F×1, H×1, K×1, L×1, V×1, Y×1","TTA×4078, TAT×1385, GTT×1271, AAA×1003, CAT×18, TTC×6"
83,nonsynonymous-only,0,1,7,7761,"I×2, L×2, V×2, F×1","CTT×4078, CTA×1403, ATT×1270, ATA×1000, GTT×6, GTA×3, TTT×1"
84,nonsynonymous-only,0,1,3,6358,"C×1, F×1, Y×1","TTT×5355, TGT×1002, TAT×1"
85,nonsynonymous-only,0,1,3,5087,"R×1, S×1, T×1","TCA×4078, CGC×1003, ACA×6"
86,nonsynonymous-only,0,1,3,1010,"A×1, C×1, Q×1","GCA×1003, TGT×6, CAA×1"
87,nonsynonymous-only,0,1,4,6357,"G×1, K×1, R×1, W×1","AGA×5327, GGT×1003, AAA×22, TGG×5"
88,nonsynonymous-only,0,1,6,6358,"S×2, C×1, G×1, L×1, R×1","AGC×4077, CTA×1271, GGC×1000, CGC×6, TGC×3, AGT×1"
89,nonsynonymous-only,0,1,3,6358,"A×1, L×1, V×1","GTT×5081, CTT×1271, GCT×6"
90,nonsynonymous-only,0,1,3,6358,"C×1, R×1, S×1","TCA×5081, AGA×1271, TGC×6"
91,nonsynonymous-only,0,1,5,6358,"A×1, G×1, R×1, S×1, T×1","ACA×3180, GCA×1900, GGA×1271, AGA×6, TCA×1"
92,nonsynonymous-only,0,1,5,6358,"T×2, A×1, I×1, S×1","ACA×5339, TCG×1003, GCA×8, ATC×6, ACG×2"
93,nonsynonymous-only,0,1,4,5355,"K×2, V×1, W×1","AAA×4075, GTT×1271, TGG×6, AAG×3"
94,nonsynonymous-only,0,1,3,5355,"G×1, L×1, S×1","CTA×4078, TCC×1271, GGT×6"
95,nonsynonymous-only,0,1,3,5355,"C×1, F×1, S×1","TCT×4078, TTT×1271, TGT×6"
96,nonsynonymous-only,0,1,2,5355,"C×1, F×1","TTT×5349, TGT×6"
98,nonsynonymous-only,0,1,2,5355,"G×1, K×1","AAG×5349, GGA×6"
99,nonsynonymous-only,0,1,3,4084,"I×1, N×1, T×1","AAC×4065, ACC×13, ATC×6"
100,nonsynonymous-only,0,1,5,6358,"H×2, C×1, R×1, Y×1","TGT×4076, CAC×1262, CAT×1012, AGA×6, TAT×2"
101,nonsynonymous-only,0,1,4,5355,"I×1, L×1, M×1, V×1","TTA×4078, GTG×1157, ATG×114, ATA×6"
102,nonsynonymous-only,0,1,5,6352,"L×2, S×2, P×1","TCA×4077, CTA×1191, CCA×999, TTA×84, TCG×1"
103,nonsynonymous-only,0,1,5,6080,"R×2, K×1, N×1, S×1","AAG×4077, AGC×1003, CGA×993, AAC×6, AGG×1"
104,nonsynonymous-only,0,1,3,6352,"F×2, Q×1","TTT×4078, TTC×1271, CAG×1003"
105,nonsynonymous-only,0,1,3,2274,"P×2, L×1","CCT×1164, TTA×1003, CCC×107"
106,nonsynonymous-only,0,1,5,1271,"H×2, R×2, C×1","CGC×1226, CAC×40, TGC×3, CAT×1, CGT×1"
108,nonsynonymous-only,0,1,4,3677,"A×1, S×1, T×1, V×1","AGT×1403, GCT×1268, GTT×1003, ACT×3"
109,nonsynonymous-only,0,1,6,3678,"A×2, I×2, D×1, V×1","GCC×1401, GCA×1272, ATC×990, ATA×13, GAC×1, GTC×1"
110,nonsynonymous-only,0,1,6,7756,"N×2, G×1, K×1, R×1, T×1","AGA×5347, AAC×1400, GGG×1003, AAT×3, AAA×2, ACA×1"
111,nonsynonymous-only,0,1,5,7756,"E×1, G×1, K×1, N×1, S×1","AAT×5478, GGA×1271, AAA×1003, AGT×3, GAA×1"
112,nonsynonymous-only,0,1,6,7755,"D×1, G×1, H×1, N×1, Q×1, Y×1","GAT×4078, CAA×1403, CAT×1225, AAT×1002, TAT×46, GGT×1"
113,nonsynonymous-only,0,1,5,7118,"L×2, Q×1, R×1, W×1","CGA×4078, TTA×1071, CAA×1002, TGG×767, CTA×200"
114,nonsynonymous-only,0,1,5,4449,"G×1, Q×1, R×1, S×1, W×1","AGG×1403, TCA×1271, TGG×1002, CAA×767, GGA×6"
115,nonsynonymous-only,0,1,6,8529,"T×2, G×1, I×1, L×1, R×1","ACA×5351, AGA×1385, ATC×1002, TTA×767, GGA×18, ACC×6"
116,nonsynonymous-only,0,1,11,8529,"T×3, A×2, I×2, D×1, G×1, N×1, S×1","GCC×4072, ACA×1403, GAC×1175, ACT×938, ACC×767, GGC×93, ATT×65, GCT×6, TCC×6, AAC×3, ATC×1"
117,nonsynonymous-only,0,1,4,3677,"P×2, R×1, S×1","AGT×1403, AGA×1271, CCA×1002, CCC×1"
118,nonsynonymous-only,0,1,4,3677,"P×1, Q×1, S×1, T×1","CCA×1401, ACA×1271, CAA×1003, TCA×2"
119,nonsynonymous-only,0,1,4,3677,"K×2, C×1, D×1","TGT×1403, GAT×1271, AAA×988, AAG×15"
120,nonsynonymous-only,0,1,4,3677,"G×1, L×1, R×1, T×1","AGA×1385, ACA×1271, CTT×1003, GGA×18"
122,nonsynonymous-only,0,1,4,3676,"E×1, L×1, S×1, V×1","GTC×1403, GAA×1270, TCG×1000, TTG×3"
125,nonsynonymous-only,0,1,3,1271,"A×1, T×1, V×1","GCT×1169, GTT×70, ACT×32"
126,nonsynonymous-only,0,1,8,7762,"F×2, A×1, I×1, L×1, S×1, T×1, V×1","TTT×3997, TCT×1385, ACT×1271, ATT×1001, TTC×82, GCT×18, GTT×7, CTT×1"
127,nonsynonymous-only,0,1,4,6491,"D×1, G×1, L×1, V×1","GAT×4079, GTT×1403, GGT×1003, CTA×6"
128,nonsynonymous-only,0,1,4,4852,"R×2, C×1, E×1","CGC×4078, TGC×767, GAA×6, CGT×1"
129,nonsynonymous-only,0,1,3,7126,"K×1, N×1, T×1","AAA×5356, ACC×1003, AAC×767"
130,nonsynonymous-only,0,1,6,7129,"K×1, L×1, M×1, N×1, Q×1, S×1","AGT×5082, ATG×1263, AAC×762, CTG×11, CAG×6, AAA×5"
131,nonsynonymous-only,0,1,3,1770,"S×2, P×1","AGT×1003, CCC×765, TCC×2"
132,nonsynonymous-only,0,1,3,1770,"H×1, N×1, Y×1","CAC×1761, AAC×5, TAC×4"
133,nonsynonymous-only,0,1,2,1770,"D×1, Y×1","GAC×1769, TAC×1"
134,nonsynonymous-only,0,1,2,1003,"K×1, Q×1","AAG×727, CAG×276"
136,nonsynonymous-only,0,1,2,1003,"N×1, S×1","AAC×990, AGC×13"
142,nonsynonymous-only,0,1,5,7129,"F×2, C×1, S×1, Y×1","TTT×4079, TCC×1272, TAT×1003, TGT×773, TTC×2"
143,nonsynonymous-only,0,1,3,8533,"F×1, I×1, V×1","TTT×6546, ATT×1274, GTT×713"
144,nonsynonymous-only,0,1,6,7103,"S×2, C×1, Q×1, R×1, Y×1","TCA×4079, TGC×1273, CAA×976, TCG×768, AGA×6, TAC×1"
145,nonsynonymous-only,0,1,7,8533,"E×1, H×1, I×1, K×1, T×1, V×1, Y×1","GTC×4076, CAC×1391, GAA×1274, AAA×1003, ACA×768, TAC×18, ATC×3"
146,nonsynonymous-only,0,1,8,8533,"I×2, C×1, G×1, H×1, N×1, R×1, T×1","GGT×4079, ATT×1403, CGT×1252, AAT×1003, ATA×768, TGT×21, ACT×6, CAT×1"
147,nonsynonymous-only,0,1,5,8533,"D×1, H×1, N×1, S×1, Y×1","CAT×4845, AGT×1403, AAT×1257, TAT×1011, GAT×17"
148,nonsynonymous-only,0,1,3,8533,"R×2, W×1","TGG×5360, CGG×1770, AGG×1403"
149,nonsynonymous-only,0,1,6,7765,"F×2, L×2, C×1, I×1","TTA×4043, TGC×1403, TTT×1274, TTC×1003, CTA×36, ATC×6"
150,nonsynonymous-only,0,1,4,7247,"S×2, P×1, Q×1","TCG×4079, CAA×1397, AGC×1003, CCA×768"
151,nonsynonymous-only,0,1,4,7130,"R×3, W×1","CGG×3903, TGG×2283, AGG×942, CGA×2"
152,nonsynonymous-only,0,1,4,4339,"E×1, F×1, K×1, Q×1","TTC×1403, GAG×1320, AAG×957, CAG×659"
153,nonsynonymous-only,0,1,7,8533,"H×2, F×1, L×1, P×1, R×1, Y×1","TTT×5482, CTT×1274, CAT×1002, CGC×765, CCT×6, CAC×3, TAT×1"
154,nonsynonymous-only,0,1,4,8533,"E×1, K×1, Q×1, S×1","AGC×5353, AAA×1409, GAA×1003, CAA×768"
155,nonsynonymous-only,0,1,8,8533,"R×2, S×2, G×1, K×1, N×1, P×1","TCA×2250, CCA×1828, AGT×1403, AGA×1274, AAC×1003, AAA×768, GGA×6, CGA×1"
156,nonsynonymous-only,0,1,9,8533,"G×2, A×1, C×1, D×1, E×1, N×1, R×1, S×1","GAC×4075, GAG×1403, CGC×1263, GCC×1004, AGC×768, TGC×11, GGT×6, AAC×2, GGC×1"
157,nonsynonymous-only,0,1,3,8533,"G×1, H×1, Y×1","CAT×6121, TAT×1409, GGT×1003"
158,nonsynonymous-only,0,1,6,7948,"C×1, E×1, G×1, Q×1, R×1, S×1","CGA×4740, TCA×1403, CAA×1274, GGA×524, TGC×6, GAA×1"
159,nonsynonymous-only,0,1,5,8533,"T×2, A×1, E×1, S×1","ACA×5844, GCA×1404, GAA×1274, TCA×6, ACC×5"
160,nonsynonymous-only,0,1,6,8533,"S×2, G×1, I×1, M×1, V×1","ATT×4079, GGC×1384, GTT×1274, AGC×1022, ATG×768, AGT×6"
161,nonsynonymous-only,0,1,3,7971,"E×1, K×1, Q×1","AAA×3771, CAA×2612, GAA×1588"
162,nonsynonymous-only,0,1,5,8533,"N×2, G×1, S×1, V×1","AAT×4079, AGC×3045, GGC×1396, GTC×7, AAC×6"
163,nonsynonymous-only,0,1,6,8534,"G×2, C×1, D×1, R×1, S×1","GGC×5358, CGC×2045, AGC×1079, TGC×38, GGT×12, GAC×2"
164,nonsynonymous-only,0,1,8,8534,"S×2, D×1, G×1, H×1, I×1, N×1, Y×1","AGC×4075, TAT×3444, GAT×995, AAT×8, AGT×6, GGC×4, ATC×1, CAT×1"
165,nonsynonymous-only,0,1,4,8535,"A×1, F×1, T×1, V×1","GCT×4080, TTT×3680, GTT×769, ACT×6"
166,nonsynonymous-only,0,1,3,8535,"I×1, L×1, V×1","TTA×4086, ATA×3680, GTA×769"
167,nonsynonymous-only,0,1,2,8535,"P×1, S×1","TCC×8513, CCC×22"
168,nonsynonymous-only,0,1,9,8133,"R×2, A×1, L×1, P×1, Q×1, S×1, T×1, W×1","TGG×3584, GCC×2275, ACC×1405, CCC×767, AGG×92, AGA×6, TCC×2, CAG×1, TTA×1"
169,nonsynonymous-only,0,1,8,7255,"K×2, R×2, I×1, Q×1, V×1, W×1","CGG×3971, AAG×1403, AAA×996, ATT×764, TGG×108, CAA×7, GTT×5, CGA×1"
170,nonsynonymous-only,0,1,4,8534,"R×2, G×1, W×1","TGG×5328, AGG×2406, GGG×770, CGG×30"
171,nonsynonymous-only,0,1,5,8535,"F×1, I×1, L×1, T×1, Y×1","ATT×3565, CTT×2790, TTT×1405, TAT×769, ACT×6"
172,nonsynonymous-only,0,1,5,8535,"A×2, E×1, K×1, T×1","GCC×4612, GAA×2184, GCA×1403, ACC×243, AAA×93"
173,nonsynonymous-only,0,1,8,8535,"H×2, L×2, Y×2, C×1, F×1","TGT×4055, TAC×1385, TAT×1299, TTG×1001, TTT×769, CAC×18, CAT×6, CTG×2"
174,nonsynonymous-only,0,1,5,8535,"D×1, F×1, I×1, L×1, S×1","CTT×4078, TTT×2279, GAT×1403, ATT×769, TCT×6"
175,nonsynonymous-only,0,1,4,8535,"F×1, N×1, T×1, Y×1","AAT×5852, TAT×1403, ACT×1274, TTT×6"
176,nonsynonymous-only,0,1,7,8535,"C×1, F×1, I×1, L×1, N×1, P×1, Y×1","TAC×6345, TTT×1352, CCA×769, CTT×51, AAC×11, ATC×6, TGC×1"
177,nonsynonymous-only,0,1,2,8535,"R×1, W×1","TGG×4455, AGG×4080"
178,nonsynonymous-only,0,1,7,4455,"E×1, I×1, K×1, N×1, R×1, S×1, T×1","GAA×1403, AGA×1274, ACC×1001, AGC×768, AAG×6, ATC×2, AAC×1"
179,nonsynonymous-only,0,1,5,8536,"I×1, K×1, N×1, Q×1, T×1","AAG×4080, AAC×2406, ATC×1274, CAG×775, ACG×1"
180,nonsynonymous-only,0,1,3,8536,"L×1, R×1, W×1","TGG×6126, AGG×2406, TTG×4"
181,nonsynonymous-only,0,1,8,8535,"C×1, D×1, F×1, G×1, N×1, R×1, S×1, Y×1","TAC×4081, AAC×1403, GGT×1143, TTC×1009, CGT×606, TGT×163, AGT×129, GAT×1"
182,nonsynonymous-only,0,1,4,8536,"R×2, G×1, W×1","GGG×5172, AGG×1398, TGG×1197, CGG×769"
183,nonsynonymous-only,0,1,3,4295,"E×1, K×1, Q×1","GAA×3448, CAA×835, AAA×12"
184,nonsynonymous-only,0,1,4,8536,"I×1, K×1, N×1, V×1","AAG×4850, AAC×2283, ATC×1402, GTC×1"
185,nonsynonymous-only,0,1,6,8536,"L×2, F×1, H×1, I×1, S×1","TTT×4081, CTT×2042, TCT×1403, TTA×1003, ATT×6, CAT×1"
186,nonsynonymous-only,0,1,3,8535,"F×1, L×1, N×1","TTT×7261, AAT×1273, TTA×1"
187,nonsynonymous-only,0,1,3,8534,"C×1, G×1, S×1","AGC×4087, TGC×3679, GGC×768"
188,nonsynonymous-only,0,1,5,7125,"G×1, I×1, K×1, R×1, S×1","ATC×4080, TCA×1003, AGA×835, AAA×769, GGA×438"
189,nonsynonymous-only,0,1,10,8534,"T×2, A×1, C×1, K×1, L×1, M×1, N×1, R×1, V×1","CTT×4080, ATG×1403, ACA×1273, TGC×993, GCT×396, ACT×365, CGC×10, GTT×7, AAA×6, AAT×1"
190,nonsynonymous-only,0,1,6,8534,"I×2, D×1, H×1, N×1, Y×1","ATA×4080, TAT×1403, ATT×1273, CAT×1003, GAT×769, AAT×6"
191,nonsynonymous-only,0,1,5,8534,"T×2, V×2, L×1","TTA×4855, GTA×1403, ACA×1272, GTT×1003, ACG×1"
192,nonsynonymous-only,0,1,3,7759,"P×2, S×1","TCA×5083, CCG×1386, CCA×1290"
193,nonsynonymous-only,0,1,5,8534,"I×2, V×2, F×1","GTT×4100, ATT×2256, TTT×1403, GTA×769, ATA×6"
194,nonsynonymous-only,0,1,4,8534,"L×2, C×1, S×1","TTG×4080, TGC×2412, TTA×1273, TCT×769"
195,nonsynonymous-only,0,1,5,7261,"E×1, H×1, K×1, N×1, S×1","TCT×4080, GAA×1501, CAT×1032, AAT×377, AAA×271"
196,nonsynonymous-only,0,1,5,5858,"A×1, E×1, F×1, K×1, V×1","TTC×4086, GCT×869, AAA×767, GTT×134, GAA×2"
197,nonsynonymous-only,0,1,6,6777,"R×2, E×1, F×1, K×1, L×1","AAA×4080, TTC×1402, GAA×1003, CGA×285, AGA×6, CTC×1"
198,nonsynonymous-only,0,1,8,8534,"K×2, E×1, P×1, Q×1, R×1, S×1, T×1","AGA×4080, AAA×1405, AGT×1273, CCA×999, ACA×769, CAA×4, AAG×3, GAA×1"
199,nonsynonymous-only,0,1,5,7264,"N×2, Q×1, S×1, T×1","ACT×4080, AAT×1772, AAC×1403, AGT×6, CAA×3"
200,nonsynonymous-only,0,1,7,8534,"A×1, C×1, H×1, L×1, N×1, T×1, Y×1","ACT×4023, CTT×1403, AAT×1279, TGT×1003, CAT×664, TAT×105, GCT×57"
201,nonsynonymous-only,0,1,7,4454,"R×2, E×1, F×1, G×1, V×1, W×1","AGA×1403, GAA×1272, GGC×1003, TGG×663, CGG×106, TTC×6, GTA×1"
202,nonsynonymous-only,0,1,6,7126,"P×3, Q×1, R×1, W×1","CGA×4080, CCA×1210, CAA×1066, CCT×768, CCC×1, TGG×1"
203,nonsynonymous-only,0,1,5,8534,"F×1, G×1, I×1, N×1, R×1","TTC×4080, AGA×3655, GGA×792, AAC×6, ATC×1"
204,nonsynonymous-only,0,1,7,8534,"S×2, C×1, E×1, G×1, K×1, R×1","AGC×4084, AAA×1759, TGC×1403, AGT×1273, GAA×13, AGG×1, GGC×1"
205,nonsynonymous-only,0,1,7,8534,"T×2, I×1, L×1, P×1, R×1, S×1","ACC×4061, CCC×1552, TCC×1101, AGA×1003, ATT×769, CTC×29, ACT×19"
206,nonsynonymous-only,0,1,5,8534,"L×2, F×1, I×1, V×1","TTT×5489, GTT×2152, CTA×764, ATT×124, TTA×5"
207,nonsynonymous-only,0,1,3,7765,"C×1, H×1, Y×1","TGT×6485, TAT×1149, CAT×131"
208,nonsynonymous-only,0,1,7,7767,"L×2, N×2, C×1, D×1, G×1","GAC×3220, CTC×1403, TTA×1273, GGT×1003, AAC×859, TGC×6, AAT×3"
209,nonsynonymous-only,0,1,7,8536,"L×2, F×1, I×1, N×1, S×1, V×1","AGT×4081, TTT×2676, GTT×927, CTT×769, ATT×76, TTA×6, AAT×1"
211,synonymous-only,1,0,2,8536,L×2,"TTG×6764, CTG×1772"
213,nonsynonymous-only,0,1,3,7162,"R×2, A×1","GCA×4088, AGA×2276, CGA×798"
214,nonsynonymous-only,0,1,3,8536,"L×2, I×1","ATA×5361, TTA×2172, CTA×1003"
215,nonsynonymous-only,0,1,3,8536,"C×1, F×1, R×1","TGC×7254, TTT×1279, CGC×3"
216,nonsynonymous-only,0,1,4,8489,"A×1, H×1, Q×1, T×1","CAA×6082, ACA×1387, GCA×1019, CAC×1"
217,nonsynonymous-only,0,1,2,7150,"K×1, Q×1","CAA×5747, AAA×1403"
218,nonsynonymous-only,0,1,3,8536,"P×1, S×1, Y×1","TCC×7127, CCC×1406, TAC×3"
219,nonsynonymous-only,0,1,5,8522,"R×2, A×1, S×1, T×1","AGA×6317, ACA×1400, CGA×769, AGC×33, GCA×3"
220,nonsynonymous-only,0,1,3,8536,"A×1, I×1, T×1","GCT×4082, ATT×3445, ACT×1009"
221,nonsynonymous-only,0,1,4,8536,"A×1, F×1, I×1, T×1","TTT×5085, ATT×2676, GCT×618, ACT×157"
222,nonsynonymous-only,0,1,5,8536,"I×2, D×1, N×1, V×1","AAC×5355, ATT×1403, GAT×1003, ATC×618, GTC×157"
223,nonsynonymous-only,0,1,4,4453,"F×1, I×1, V×1, W×1","TGG×1402, TTC×1279, GTC×1003, ATC×769"
224,nonsynonymous-only,0,1,6,8536,"A×1, E×1, G×1, H×1, S×1, Y×1","TCA×5624, GCA×2136, CAT×631, TAT×138, GGC×6, GAA×1"
225,nonsynonymous-only,0,1,5,8536,"F×1, I×1, L×1, S×1, Y×1","ATT×4082, TCT×2045, TAT×1406, TTT×1000, CTT×3"
226,nonsynonymous-only,0,1,3,8536,"I×1, L×1, V×1","ATT×5088, CTT×2172, GTT×1276"
227,nonsynonymous-only,0,1,2,8536,"R×1, W×1","TGG×7871, CGG×665"
228,nonsynonymous-only,0,1,10,8536,"L×2, A×1, C×1, G×1, P×1, R×1, S×1, T×1, V×1","GCA×3264, CGT×1386, CTA×1264, GTA×1003, ACA×816, CCA×769, TGT×16, TTA×9, TCA×8, GGT×1"
230,nonsynonymous-only,0,1,5,7591,"K×1, L×1, P×1, S×1, W×1","TTA×4082, AAA×2676, CCA×769, TGG×58, TCA×6"
232,nonsynonymous-only,0,1,6,8536,"A×2, V×2, E×1, G×1","GCG×5866, GCA×1272, GGG×1003, GTG×381, GAG×13, GTA×1"
233,nonsynonymous-only,0,1,5,8536,"H×1, L×1, P×1, R×1, V×1","CTT×4088, CCT×2406, GTT×1273, CAT×751, CGT×18"
234,nonsynonymous-only,0,1,3,8536,"I×1, L×1, S×1","TTA×5247, TCA×1886, ATA×1403"
235,nonsynonymous-only,0,1,3,8536,"L×1, Q×1, R×1","CGG×3836, CTG×3451, CAG×1249"
236,nonsynonymous-only,0,1,4,8536,"A×1, E×1, G×1, V×1","GAG×4424, GTG×2662, GCG×1009, GGG×441"
237,nonsynonymous-only,0,1,6,8536,"L×2, P×2, Q×1, R×1","CAG×4088, CGA×1403, CCG×1253, CTA×1003, CTG×770, CCA×19"
238,nonsynonymous-only,0,1,8,8536,"N×2, I×1, L×1, M×1, P×1, R×1, S×1","ATT×4082, ATG×1403, TCA×1246, CGA×1003, AAT×769, CCA×24, AAC×6, TTA×3"
239,nonsynonymous-only,0,1,5,8535,"P×2, K×1, M×1, Q×1","CCG×4062, AAG×2405, ATG×1279, CAG×769, CCA×20"
240,nonsynonymous-only,0,1,7,8535,"I×1, K×1, N×1, P×1, Q×1, R×1, T×1","ATA×5484, ACC×1272, CGA×949, AAA×769, CAA×54, AAC×6, CCC×1"
241,nonsynonymous-only,0,1,6,8535,"K×2, I×1, N×1, S×1, V×1","AAA×5355, GTC×1402, AAG×1003, AAC×419, AGC×350, ATA×6"
242,nonsynonymous-only,0,1,3,8535,"K×1, L×1, Q×1","TTG×4088, AAG×3045, CAG×1402"
243,nonsynonymous-only,0,1,8,8535,"G×3, A×1, D×1, E×1, R×1, V×1","GCT×2280, GGG×2227, GAG×1850, GGA×1003, GAC×769, GTT×401, GGT×4, AGG×1"
244,nonsynonymous-only,0,1,5,5857,"H×1, L×1, P×1, S×1, W×1","CCT×4079, TTA×1003, TCT×771, TGG×3, CAT×1"
245,nonsynonymous-only,0,1,4,8414,"F×2, L×1, W×1","TTC×4082, TGG×3323, TTG×1008, TTT×1"
246,nonsynonymous-only,0,1,6,8535,"K×1, M×1, P×1, Q×1, S×1, T×1","AAA×4091, CAA×1399, AGT×1273, ATG×939, CCC×769, ACG×64"
247,nonsynonymous-only,0,1,4,8536,"V×2, K×1, W×1","GTG×4081, AAG×3180, TGG×1274, GTA×1"
248,nonsynonymous-only,0,1,4,8536,"Q×2, L×1, P×1","CAG×7761, CTA×589, CCA×180, CAA×6"
249,nonsynonymous-only,0,1,4,8537,"I×1, K×1, M×1, R×1","AAG×4070, ATG×3680, ATA×775, AGG×12"
250,nonsynonymous-only,0,1,8,8537,"A×2, G×1, I×1, M×1, S×1, T×1, V×1","GGG×4082, GCG×2505, GCA×1003, ATT×769, GTG×166, ATG×6, TCG×4, ACG×2"
252,nonsynonymous-only,0,1,5,8537,"V×3, F×1, I×1","GTT×4082, ATT×2405, TTT×1275, GTA×772, GTG×3"
253,synonymous-only,1,0,5,8537,L×5,"TTA×5357, CTC×2164, CTG×1003, CTA×7, TTG×6"
257,synonymous-only,1,0,2,8536,E×2,"GAA×8533, GAG×3"
258,nonsynonymous-only,0,1,4,8536,"V×3, I×1","GTT×4083, GTA×1778, ATT×1402, GTC×1273"
259,nonsynonymous-only,0,1,2,8536,"H×1, Q×1","CAT×8535, CAG×1"
260,synonymous-only,1,0,4,8536,R×4,"CGT×4877, CGA×2043, CGG×1003, CGC×613"
261,synonymous-only,1,0,3,8536,L×3,"TTA×4451, TTG×4082, CTA×3"
262,nonsynonymous-only,0,1,7,8536,"P×2, S×2, T×2, N×1","AGT×4080, CCG×1401, ACG×1274, CCA×1004, TCC×769, ACA×6, AAT×2"
263,nonsynonymous-only,0,1,9,8536,"P×4, N×2, D×1, K×1, S×1","CCT×4086, CCA×1398, AGC×1274, CCC×998, AAC×696, AAT×72, GAT×6, CCG×5, AAA×1"
264,synonymous-only,1,0,2,8536,E×2,"GAA×8533, GAG×3"
265,nonsynonymous-only,0,1,7,8536,"G×4, N×2, A×1","GGG×4083, GGT×1502, GGC×1174, GGA×1007, AAC×765, AAT×4, GCG×1"
266,nonsynonymous-only,0,1,3,8536,"Q×2, K×1","CAA×4454, CAG×4081, AAG×1"
268,nonsynonymous-only,0,1,4,8536,"K×2, I×1, M×1","AAA×4542, ATG×2336, AAG×1589, ATA×69"
269,nonsynonymous-only,0,1,5,8535,"L×3, I×2","TTG×5355, CTC×2171, ATT×1002, TTA×6, ATA×1"
270,synonymous-only,1,0,2,8535,F×2,"TTT×8532, TTC×3"
271,nonsynonymous-only,0,1,6,8535,"T×3, Q×2, Y×1","ACA×5355, ACG×1402, TAT×1003, CAG×758, CAA×11, ACT×6"
272,nonsynonymous-only,0,1,4,8535,"F×2, I×1, V×1","TTT×7255, GTT×1273, TTC×6, ATT×1"
273,nonsynonymous-only,0,1,4,8538,"L×2, I×1, M×1","TTA×4083, ATG×1779, ATT×1402, TTG×1274"
274,nonsynonymous-only,0,1,3,8538,"D×1, E×1, N×1","GAT×8536, AAT×1, GAA×1"
275,nonsynonymous-only,0,1,6,8538,"Q×2, T×2, H×1, K×1","CAG×4069, AAA×2676, CAC×1003, ACA×766, CAA×14, ACC×10"
276,synonymous-only,1,0,4,8538,G×4,"GGT×4082, GGC×2409, GGG×1877, GGA×170"
278,nonsynonymous-only,0,1,7,8538,"I×2, F×1, H×1, L×1, V×1, Y×1","CAT×2863, GTA×2294, TTT×1274, TAT×1220, CTT×770, ATA×111, ATT×6"
279,nonsynonymous-only,0,1,7,8538,"I×2, L×1, P×1, R×1, S×1, Y×1","TTA×3820, CCG×2171, TAC×1274, CGC×1003, ATA×263, ATC×6, TCG×1"
280,nonsynonymous-only,0,1,5,8538,"S×2, A×1, P×1, T×1","TCG×4083, TCC×1433, ACG×1271, GCG×1006, CCC×745"
281,nonsynonymous-only,0,1,7,8538,"D×2, F×1, H×1, I×1, N×1, Y×1","GAT×4397, ATT×1402, TTT×1003, AAT×960, TAT×541, CAT×229, GAC×6"
282,nonsynonymous-only,0,1,3,8538,"G×1, R×1, W×1","GGG×5363, AGG×2405, TGG×770"
283,nonsynonymous-only,0,1,3,2423,"R×2, G×1","AGA×1381, CGA×1036, GGA×6"
289,nonsynonymous-only,0,1,8,8537,"L×2, P×2, K×1, Q×1, S×1, V×1","CCA×4081, GTG×1402, CCG×1272, CAG×1003, AAG×770, TCA×6, CTG×2, CTA×1"
290,nonsynonymous-only,0,1,7,7544,"A×1, D×1, E×1, I×1, K×1, L×1, V×1","ATC×4088, AAA×1274, GTC×942, GAA×770, GCC×459, TTA×10, GAC×1"
291,nonsynonymous-only,0,1,5,8531,"N×2, E×1, G×1, K×1","GGC×4100, AAA×2163, AAC×1256, AAT×1003, GAA×9"
292,nonsynonymous-only,0,1,5,8530,"P×2, H×1, K×1, W×1","CCA×4082, CCT×1402, AAA×1274, CAC×1003, TGG×769"
293,nonsynonymous-only,0,1,7,8531,"C×1, E×1, F×1, G×1, I×1, M×1, S×1","TTC×4082, ATG×1402, GAA×1271, ATC×1003, TGC×585, TCC×185, GGA×3"
294,nonsynonymous-only,0,1,5,8531,"I×1, K×1, L×1, M×1, T×1","CTG×4082, ATG×2277, AAG×1402, ATT×762, ACT×8"
295,nonsynonymous-only,0,1,6,8531,"P×2, L×1, Q×1, R×1, Y×1","TTA×4082, CCT×1402, TAT×1274, CGG×865, CCA×770, CAG×138"
296,nonsynonymous-only,0,1,7,8537,"R×3, C×1, K×1, L×1, M×1","CGT×4079, CTG×1402, CGA×1274, ATG×1003, AGG×770, AAG×6, TGT×3"
297,nonsynonymous-only,0,1,3,7263,"F×1, S×1, V×1","GTC×4082, TTC×2443, TCC×738"
298,nonsynonymous-only,0,1,8,8537,"G×4, A×1, D×1, K×1, N×1","GGT×4082, AAA×1402, AAT×1274, GGA×999, GGC×739, GAC×31, GCT×6, GGG×4"
299,nonsynonymous-only,0,1,4,8530,"Y×2, C×1, L×1","TGT×4081, TTA×3678, TAC×770, TAT×1"
300,nonsynonymous-only,0,1,4,8537,"A×1, F×1, L×1, Y×1","GCT×4082, TTT×2283, TTG×1402, TAT×770"
301,nonsynonymous-only,0,1,2,8537,"L×1, V×1","TTG×6132, GTG×2405"
302,nonsynonymous-only,0,1,4,8537,"L×1, P×1, Q×1, R×1","CCA×4081, CGA×2040, CAA×1407, CTA×1009"
303,nonsynonymous-only,0,1,3,8537,"P×1, Q×1, R×1","CAA×6764, CGA×1003, CCA×770"
304,nonsynonymous-only,0,1,4,7135,"L×1, P×1, R×1, T×1","CTG×4088, CCG×2031, CGG×1003, ACG×13"
305,nonsynonymous-only,0,1,3,7135,"K×2, R×1","AAG×5354, AGA×972, AAA×809"
306,nonsynonymous-only,0,1,7,8535,"I×2, K×1, N×1, P×1, Q×1, T×1","AAA×4080, AAT×1402, ATC×996, CAG×858, ACC×777, CCG×416, ATA×6"
307,nonsynonymous-only,0,1,9,8537,"P×2, R×2, F×1, H×1, L×1, Q×1, S×1","TTT×4088, CCT×1378, TCA×1274, CTA×1002, CGA×766, CAT×24, CAA×2, CGG×2, CCA×1"
308,nonsynonymous-only,0,1,8,8537,"I×2, L×2, K×1, N×1, Q×1, T×1","CTA×4082, CAG×1402, ATC×1275, CTT×1003, AAA×770, ACC×3, AAC×1, ATT×1"
309,nonsynonymous-only,0,1,9,8536,"K×2, N×2, A×1, E×1, L×1, S×1, T×1","GCA×4065, AAA×1408, AAC×1238, CTT×1003, AAG×770, AAT×33, ACA×9, GAA×8, AGC×2"
310,nonsynonymous-only,0,1,6,8536,"I×1, L×1, N×1, P×1, S×1, T×1","CCT×3688, CTT×1403, ACT×1401, ATT×1273, TCT×770, AAT×1"
311,nonsynonymous-only,0,1,2,8536,"F×1, Y×1","TTT×6763, TAT×1773"
312,nonsynonymous-only,0,1,2,776,"C×1, Y×1","TAC×756, TGC×20"
313,nonsynonymous-only,0,1,7,8536,"I×1, K×1, L×1, P×1, Q×1, R×1, T×1","CGA×4082, CCA×1401, AAA×1273, ATA×997, CAA×776, ACA×6, CTA×1"
314,nonsynonymous-only,0,1,4,8536,"H×1, L×1, P×1, R×1","CAT×4088, CTT×2404, CGT×1273, CCT×771"
315,nonsynonymous-only,0,1,4,8536,"L×2, F×1, S×1","TTT×6125, TTA×1358, TTG×1003, TCA×50"
316,nonsynonymous-only,0,1,3,3181,"C×1, F×1, I×1","ATC×2172, TGC×1003, TTC×6"
317,nonsynonymous-only,0,1,4,8536,"A×1, D×1, E×1, G×1","GAC×5078, GGC×1402, GAA×1280, GCC×776"
318,nonsynonymous-only,0,1,6,8536,"G×2, A×1, D×1, E×1, V×1","GAA×4460, GGA×2648, GCA×1003, GTA×393, GGG×26, GAC×6"
319,nonsynonymous-only,0,1,5,8536,"F×2, C×1, P×1, S×1","TTC×6753, TCC×1006, TTT×770, TGC×6, CCC×1"
320,nonsynonymous-only,0,1,5,8536,"L×2, M×1, P×1, R×1","CTA×4082, CGA×2405, CTG×1278, CCG×770, ATG×1"
321,nonsynonymous-only,0,1,5,6493,"L×2, C×1, F×1, S×1","TTC×4082, TGT×1402, TTA×1000, TTG×6, TCA×3"
322,nonsynonymous-only,0,1,7,8530,"S×2, H×1, K×1, L×1, Q×1, R×1","AAA×4082, CGA×1400, CAT×1273, TCA×997, TCG×770, TTA×6, CAA×2"
323,nonsynonymous-only,0,1,4,7263,"S×2, F×1, L×1","TTA×5486, TTC×1003, TCT×770, TCA×4"
324,nonsynonymous-only,0,1,8,8536,"H×2, L×2, K×1, N×1, P×1, Y×1","AAA×4082, CAT×1401, CCA×1050, AAT×1003, CAC×770, CTA×223, CTT×6, TAT×1"
325,nonsynonymous-only,0,1,4,8536,"C×1, F×1, S×1, Y×1","TCC×4081, TAC×2228, TTC×2037, TGC×190"
326,nonsynonymous-only,0,1,6,8536,"Q×2, H×1, L×1, P×1, R×1","CAA×4093, CGA×1756, CAT×1402, CAG×1272, CCA×12, CTG×1"
327,nonsynonymous-only,0,1,4,8536,"I×1, L×1, T×1, V×1","GTC×4082, CTT×2675, ACT×1773, ATT×6"
328,nonsynonymous-only,0,1,5,5862,"L×2, M×1, S×1, Y×1","TTG×4082, TCA×937, TTA×836, ATG×6, TAT×1"
329,nonsynonymous-only,0,1,7,8536,"I×1, K×1, L×1, M×1, N×1, P×1, V×1","CTG×4082, ATG×1401, CCG×1273, GTG×1003, AAG×770, AAC×6, ATT×1"
330,nonsynonymous-only,0,1,5,8536,"H×1, N×1, R×1, S×1, T×1","AAC×4082, AGC×2049, CAC×1401, ACC×1003, CGC×1"
331,nonsynonymous-only,0,1,8,8536,"A×3, D×1, G×1, S×1, T×1, V×1","GCA×4081, GGA×1402, GCT×1273, GTC×1003, GCC×769, GAC×6, ACC×1, TCA×1"
332,nonsynonymous-only,0,1,8,8536,"L×4, P×2, H×1, R×1","CTC×4069, CGC×1402, CTT×1037, CTG×1003, CCA×770, CTA×236, CCC×13, CAC×6"
333,nonsynonymous-only,0,1,6,5861,"F×1, K×1, P×1, Q×1, R×1, S×1","AAG×4082, CGA×1000, TTC×770, AGT×6, CAA×2, CCA×1"
334,nonsynonymous-only,0,1,5,8536,"E×1, K×1, M×1, Q×1, R×1","CGG×4081, AAG×2276, ATG×1402, GAG×770, CAG×7"
335,nonsynonymous-only,0,1,4,8536,"K×1, N×1, S×1, T×1","AAA×6360, AGC×1402, AAC×770, ACA×4"
336,nonsynonymous-only,0,1,3,7131,"E×1, G×1, K×1","GAA×4085, AAA×2276, GGA×770"
337,nonsynonymous-only,0,1,6,7134,"L×2, C×1, F×1, N×1, S×1","AAC×4081, TTG×1770, TTC×1273, TGC×6, TTA×3, AGC×1"
338,nonsynonymous-only,0,1,4,7134,"N×1, R×1, S×1, T×1","AAT×5355, ACC×1003, CGA×770, AGC×6"
339,nonsynonymous-only,0,1,3,1779,"F×1, L×1, S×1","TCC×1003, TTT×770, TTA×6"
341,nonsynonymous-only,0,1,6,8536,"K×2, L×2, I×1, M×1","ATG×5484, TTG×1272, AAG×1003, AAA×770, ATA×6, TTA×1"
342,nonsynonymous-only,0,1,8,7533,"L×2, N×1, P×1, Q×1, R×1, S×1, Y×1","CGA×4074, CCA×1401, TCC×1272, AAC×770, CAA×8, CTT×6, CTA×1, TAC×1"
343,nonsynonymous-only,0,1,6,8529,"S×2, A×1, F×1, L×1, W×1","GCA×4082, TCA×1401, TTT×1273, TGG×996, TTA×771, TCT×6"
344,nonsynonymous-only,0,1,3,8536,"F×2, L×1","TTT×6765, TTC×1765, TTA×6"
345,nonsynonymous-only,0,1,4,7127,"H×1, L×1, Q×1, Y×1","TAT×4082, TTA×1273, CAA×1002, CAC×770"
346,nonsynonymous-only,0,1,6,7134,"E×2, L×1, R×1, V×1, W×1","GAG×4082, GAA×1273, TGG×884, CGA×770, TTG×119, GTG×6"
347,nonsynonymous-only,0,1,2,7134,"E×1, K×1","GAA×6125, AAG×1009"
348,nonsynonymous-only,0,1,6,7134,"A×2, Q×2, H×1, S×1","CAG×5084, AGT×1273, GCG×759, GCA×11, CAA×6, CAC×1"
349,nonsynonymous-only,0,1,4,7533,"I×1, K×1, L×1, Q×1","CAA×5355, TTA×1402, AAA×770, ATA×6"
350,nonsynonymous-only,0,1,4,8536,"R×2, A×1, F×1","GCT×4082, CGG×2276, TTT×1408, CGA×770"
351,nonsynonymous-only,0,1,4,8536,"I×1, M×1, V×1, Y×1","ATT×7759, ATG×770, TAT×6, GTT×1"
352,nonsynonymous-only,0,1,4,8536,"Q×2, L×1, T×1","CAA×6358, CAG×1402, ACC×770, CTA×6"
353,nonsynonymous-only,0,1,6,8536,"K×2, E×1, N×1, Q×1, R×1","AAA×4850, CAA×1402, AAG×1273, CGG×1003, AAC×6, GAA×2"
360,nonsynonymous-only,0,1,3,2675,"Q×2, Y×1","CAA×1380, TAT×1273, CAG×22"
361,nonsynonymous-only,0,1,3,1273,"L×1, P×1, S×1","CCA×1269, CTA×2, TCA×2"
362,nonsynonymous-only,0,1,6,8509,"E×1, H×1, K×1, Q×1, T×1, Y×1","CAG×4061, AAA×1402, GAA×1003, TAT×949, ACA×770, CAT×324"
363,nonsynonymous-only,0,1,5,8536,"S×3, L×2","TTA×4082, TTG×1408, TCG×1273, TCT×1003, TCA×770"
364,nonsynonymous-only,0,1,6,8536,"L×3, I×1, M×1, T×1","CTA×4082, ATA×1402, TTA×1273, CTT×1003, ACG×770, ATG×6"
365,nonsynonymous-only,0,1,7,7259,"L×3, S×2, C×1, W×1","TCA×4078, TCG×1306, TGT×1003, TGG×770, TTG×96, TTA×4, CTA×2"
366,nonsynonymous-only,0,1,7,8536,"R×2, G×1, N×1, Q×1, T×1, V×1","CGC×4076, AAC×1402, GGC×1273, CAG×1003, ACG×770, CGT×6, GTT×6"
367,nonsynonymous-only,0,1,6,8536,"V×2, A×1, H×1, I×1, K×1","CAC×4082, AAG×1773, GCG×1396, GTT×1273, ATC×6, GTG×6"
368,nonsynonymous-only,0,1,7,8536,"K×2, D×1, E×1, M×1, R×1, S×1","AAG×5484, GAA×1272, ATG×1003, AAA×769, AGT×6, AGA×1, GAC×1"
369,nonsynonymous-only,0,1,5,8530,"L×1, Q×1, S×1, T×1, W×1","TTA×4082, CAG×1402, ACA×1273, TGG×1003, TCT×770"
370,nonsynonymous-only,0,1,6,8530,"S×2, C×1, F×1, I×1, L×1","TCC×3575, TCA×1510, TTT×1384, ATT×1273, TTA×770, TGT×18"
371,nonsynonymous-only,0,1,7,8536,"R×2, K×1, N×1, Q×1, T×1, W×1","AAC×5355, TGG×1402, AAG×1003, CGG×753, CAG×16, ACT×6, CGA×1"
372,nonsynonymous-only,0,1,7,8536,"H×2, F×1, I×1, L×1, R×1, V×1","TTT×4088, CGT×1960, GTT×1169, CAT×771, CTT×443, ATT×104, CAC×1"
373,nonsynonymous-only,0,1,4,3451,"Y×2, L×1, S×1","TAC×1273, TCA×959, TAT×776, TTA×443"
374,nonsynonymous-only,0,1,5,6487,"C×2, K×1, L×1, S×1","AAA×4082, TGT×1401, TTG×661, TCG×342, TGC×1"
375,nonsynonymous-only,0,1,8,7263,"T×2, E×1, I×1, K×1, N×1, Q×1, Y×1","ATC×2128, ACC×1949, TAT×1402, GAA×1003, AAA×767, ACA×6, AAC×5, CAA×3"
376,nonsynonymous-only,0,1,5,7263,"T×2, I×1, M×1, V×1","ACC×4081, ACG×1402, GTG×1009, ATG×770, ATC×1"
377,nonsynonymous-only,0,1,4,8536,"F×1, I×1, M×1, T×1","ATT×5355, ATG×1408, TTT×1003, ACG×770"
378,nonsynonymous-only,0,1,6,8530,"L×2, I×1, M×1, N×1, Q×1","ATG×4057, CAG×1402, TTG×1273, CTT×1003, AAC×770, ATA×25"
379,nonsynonymous-only,0,1,3,4454,"K×1, L×1, M×1","AAG×2681, ATG×1003, CTG×770"
380,nonsynonymous-only,0,1,4,8536,"A×1, E×1, P×1, V×1","GCA×4757, GAA×2411, CCA×1273, GTA×95"
381,nonsynonymous-only,0,1,4,8536,"I×1, M×1, R×1, T×1","ATG×5116, ACG×2017, ATA×1402, AGG×1"
382,nonsynonymous-only,0,1,4,4833,"L×2, S×1, W×1","TTG×2599, TGG×1239, TCG×989, CTG×6"
383,nonsynonymous-only,0,1,6,8536,"A×2, V×2, E×1, G×1","GTG×4450, GTC×2405, GCG×905, GAA×554, GGA×216, GCA×6"
384,nonsynonymous-only,0,1,8,8536,"K×2, N×2, A×1, R×1, S×1, V×1","AAT×5344, AGG×1401, AGC×1003, GTT×754, GCT×16, AAC×11, AAA×6, AAG×1"
385,nonsynonymous-only,0,1,2,776,"S×1, Y×1","TAT×770, TCA×6"
386,nonsynonymous-only,0,1,6,8536,"K×2, E×1, N×1, P×1, S×1","GAA×4082, AGC×1402, AAG×1273, AAT×1003, CCA×770, AAA×6"
387,nonsynonymous-only,0,1,5,8536,"R×2, G×1, I×1, T×1","ATA×4088, GGG×1402, CGG×1273, CGA×1003, ACA×770"
388,nonsynonymous-only,0,1,6,8536,"I×1, K×1, L×1, M×1, R×1, T×1","ATA×4082, ACT×1402, CGA×1273, ATG×1003, AAG×770, TTG×6"
389,nonsynonymous-only,0,1,3,3053,"C×1, F×1, L×1","TGC×1773, TTC×1273, TTA×7"
390,nonsynonymous-only,0,1,2,2172,"N×1, S×1","AAT×1402, AGC×770"
391,nonsynonymous-only,0,1,2,800,"S×1, W×1","TCC×770, TGG×30"
393,nonsynonymous-only,0,1,2,2172,"A×1, V×1","GTG×1402, GCG×770"
397,nonsynonymous-only,0,1,2,1402,"F×1, S×1","TTC×844, TCC×558"
398,nonsynonymous-only,0,1,7,8536,"I×2, F×1, L×1, N×1, V×1, Y×1","ATT×4081, TTT×2675, CTT×1003, GTC×768, TAT×6, ATC×2, AAT×1"
399,nonsynonymous-only,0,1,8,8536,"V×3, A×1, I×1, L×1, M×1, T×1","ATT×5484, ATG×1217, GTG×1003, GCA×741, CTG×56, ACA×29, GTT×5, GTC×1"
400,nonsynonymous-only,0,1,7,8536,"I×2, S×2, T×2, C×1","ACT×5085, AGC×1272, ATC×1231, ATT×770, ACC×171, TGT×6, AGT×1"
401,nonsynonymous-only,0,1,5,8536,"A×3, G×1, T×1","GCA×5381, GGA×1408, GCG×976, ACG×770, GCT×1"
402,nonsynonymous-only,0,1,4,7263,"R×2, K×1, S×1","CGC×5464, CGA×1023, AAA×770, AGT×6"
403,nonsynonymous-only,0,1,5,5861,"G×2, A×1, N×1, S×1","AGC×4082, GGG×1002, AAC×770, GCA×6, GGA×1"
404,nonsynonymous-only,0,1,2,4858,"F×1, Y×1","TTT×4852, TAT×6"
405,synonymous-only,1,0,2,4858,A×2,"GCC×4839, GCT×19"
406,nonsynonymous-only,0,1,6,5091,"A×2, K×1, L×1, S×1, V×1","GCC×3070, CTT×1003, GTC×933, GCT×78, AAA×6, TCC×1"
407,nonsynonymous-only,0,1,3,7766,"N×2, S×1","AAT×6436, AGC×1273, AAC×57"
408,nonsynonymous-only,0,1,6,7766,"L×3, H×1, Q×1, R×1","CTT×4082, TTA×1402, CTA×1273, CAG×1001, CGA×6, CAT×2"
409,nonsynonymous-only,0,1,6,7766,"D×2, E×1, F×1, M×1, Y×1","GAT×3131, GAA×1402, TTT×1273, ATG×1003, GAC×951, TAT×6"
410,nonsynonymous-only,0,1,7,7766,"H×2, A×1, E×1, K×1, R×1, Y×1","AAA×4082, AGA×1273, GAA×1003, CAT×968, CAC×433, GCT×6, TAT×1"
411,nonsynonymous-only,0,1,8,7766,"C×1, G×1, H×1, K×1, L×1, Q×1, R×1, S×1","CGT×2403, TTG×1402, AGT×1061, CAA×1003, CAT×951, TGT×728, GGT×212, AAA×6"
412,nonsynonymous-only,0,1,4,7766,"V×2, E×1, I×1","GTT×6616, GAG×1003, ATT×141, GTA×6"
413,nonsynonymous-only,0,1,6,7762,"I×3, E×1, F×1, R×1","ATT×4075, ATC×1401, CGA×1269, GAA×1003, ATA×13, TTT×1"
414,nonsynonymous-only,0,1,6,7766,"P×2, R×2, L×1, S×1","CCA×4356, CGT×1402, TTA×1003, TCA×994, CGA×6, CCT×5"
416,nonsynonymous-only,0,1,2,2405,"D×1, R×1","CGG×1402, GAT×1003"
417,nonsynonymous-only,0,1,3,6487,"D×1, H×1, Y×1","CAC×4082, GAT×1402, TAC×1003"
418,nonsynonymous-only,0,1,7,7766,"L×2, R×2, D×1, F×1, I×1","TTT×4082, TTG×1385, CGG×1259, GAT×1003, TTA×17, CGA×14, ATT×6"
419,nonsynonymous-only,0,1,5,7766,"A×1, G×1, K×1, S×1, T×1","GCA×2979, TCG×1402, AAA×1279, ACA×1103, GGA×1003"
420,nonsynonymous-only,0,1,4,7760,"L×2, R×2","CGA×5073, TTA×1402, CTA×1273, CGT×12"
421,nonsynonymous-only,0,1,5,7766,"F×1, I×1, L×1, P×1, S×1","TCT×4064, CCT×1402, TTT×1273, ATT×1003, CTT×24"
422,nonsynonymous-only,0,1,7,7766,"A×2, V×2, D×1, N×1, T×1","ACC×4083, GTC×1402, GCA×1272, AAC×1002, GCC×5, GAC×1, GTA×1"
423,nonsynonymous-only,0,1,5,7766,"E×1, G×1, L×1, Q×1, S×1","GAA×4077, CAA×1407, TTG×1273, GGA×1003, AGC×6"
424,nonsynonymous-only,0,1,4,7766,"K×2, Q×1, R×1","AGA×4088, AAA×1402, AAG×1273, CAA×1003"
427,nonsynonymous-only,0,1,2,2405,"L×1, S×1","TTA×2121, TCA×284"
428,synonymous-only,1,0,2,2405,K×2,"AAA×1402, AAG×1003"
429,synonymous-only,1,0,2,1408,I×2,"ATT×1402, ATC×6"
430,nonsynonymous-only,0,1,2,1408,"K×1, L×1","AAA×1402, TTA×6"
431,nonsynonymous-only,0,1,3,2681,"E×1, N×1, R×1","GAA×1402, AAC×1273, CGA×6"
432,nonsynonymous-only,0,1,4,2681,"V×2, E×1, I×1","GTA×1331, GAG×1217, GTG×130, ATA×3"
433,nonsynonymous-only,0,1,4,2681,"G×2, K×1, P×1","CCT×1402, GGG×1163, GGA×110, AAG×6"
434,nonsynonymous-only,0,1,2,2681,"E×1, T×1","GAG×1402, ACA×1279"
435,nonsynonymous-only,0,1,7,7766,"G×2, V×2, F×1, Q×1, R×1","TTT×4082, CGC×1400, GTC×1272, GGC×1004, CAA×6, GGT×1, GTA×1"
436,nonsynonymous-only,0,1,6,7766,"L×4, I×1, K×1","CTG×3856, TTG×1516, AAA×1273, ATT×1003, TTA×100, CTA×18"
437,nonsynonymous-only,0,1,5,8536,"D×1, E×1, K×1, M×1, N×1","GAT×5484, GAG×1273, ATG×1003, AAT×770, AAA×6"
438,nonsynonymous-only,0,1,4,8535,"K×1, Q×1, R×1, Y×1","CAA×8521, CGA×7, AAA×6, TAC×1"
439,nonsynonymous-only,0,1,8,8534,"L×2, P×2, S×2, F×1, T×1","TCG×2263, TCA×1817, CCT×1470, TTT×1402, CTT×1001, CCC×573, ACA×6, CTC×2"
440,nonsynonymous-only,0,1,6,8534,"I×2, A×1, D×1, N×1, V×1","ATC×4080, GTC×2172, GAT×1272, GCC×1003, ATT×6, AAT×1"
441,nonsynonymous-only,0,1,9,8534,"D×2, K×2, S×2, V×2, R×1","AGA×2275, AAA×1806, GTA×1272, AGT×1002, GAT×789, GTC×770, GAC×613, AAG×6, AGC×1"
442,nonsynonymous-only,0,1,4,3181,"S×2, I×1, N×1","AGT×1402, AAT×1003, ATT×770, TCT×6"
445,nonsynonymous-only,0,1,5,4453,"R×2, D×1, E×1, K×1","AAA×1402, GAA×1272, AGA×1003, CGA×770, GAT×6"
446,nonsynonymous-only,0,1,4,4453,"C×1, N×1, R×1, S×1","AGT×3676, TGC×770, CGT×6, AAT×1"
447,nonsynonymous-only,0,1,7,4453,"N×2, D×1, I×1, L×1, Q×1, V×1","AAT×1402, CTG×1272, ATT×964, GAC×630, AAC×140, GTT×39, CAA×6"
448,nonsynonymous-only,0,1,3,2411,"I×1, V×1, Y×1","TAT×1408, GTC×998, ATC×5"
449,nonsynonymous-only,0,1,6,8534,"L×3, G×1, P×1, S×1","CTA×4075, TTA×1413, CTG×1272, GGA×1003, TCA×761, CCA×10"
450,nonsynonymous-only,0,1,6,8533,"T×2, A×1, P×1, S×1, V×1","GCT×4867, GTT×1461, TCT×1402, ACC×770, ACT×27, CCT×6"
451,nonsynonymous-only,0,1,8,8533,"F×2, P×2, H×1, I×1, N×1, V×1","CCT×3764, TTC×1384, TTT×1290, ATC×857, AAT×770, CCC×316, GTC×146, CAT×6"
453,nonsynonymous-only,0,1,3,1272,"E×2, K×1","GAG×1232, AAG×39, GAA×1"
456,nonsynonymous-only,0,1,3,2275,"F×1, P×1, S×1","CCT×1272, TCT×991, TTT×12"
460,nonsynonymous-only,0,1,2,1272,"I×1, L×1","CTC×1262, ATC×10"
461,nonsynonymous-only,0,1,2,1272,"M×1, T×1","ACG×1270, ATG×2"
466,nonsynonymous-only,0,1,3,2275,"H×2, R×1","CAT×1272, CGC×902, CAC×101"
467,nonsynonymous-only,0,1,2,2275,"F×1, N×1","TTT×1272, AAT×1003"
469,nonsynonymous-only,0,1,2,2275,"L×1, W×1","TTA×1272, TGG×1003"
470,nonsynonymous-only,0,1,2,2275,"S×1, Y×1","AGC×1272, TAT×1003"
471,nonsynonymous-only,0,1,3,2275,"H×1, S×1, Y×1","AGT×1272, CAC×994, TAC×9"
473,synonymous-only,1,0,2,1272,E×2,"GAG×1270, GAA×2"
475,synonymous-only,1,0,2,1272,L×2,"CTC×759, CTT×513"
476,nonsynonymous-only,0,1,2,1273,"K×1, Q×1","AAA×1272, CAA×1"
477,nonsynonymous-only,0,1,4,2675,"P×2, S×2","CCA×1384, TCG×672, TCA×601, CCT×18"
478,nonsynonymous-only,0,1,3,2675,"G×2, E×1","GAA×1273, GGC×737, GGT×665"
479,nonsynonymous-only,0,1,3,2675,"T×2, S×1","AGT×1273, ACC×1219, ACT×183"
480,nonsynonymous-only,0,1,2,2675,"L×1, N×1","AAC×1402, CTG×1273"
481,nonsynonymous-only,0,1,2,7758,"K×1, N×1","AAA×6755, AAT×1003"
482,nonsynonymous-only,0,1,6,7764,"I×3, L×1, M×1, N×1","ATG×4079, ATT×1402, AAT×1273, CTT×1003, ATC×6, ATA×1"
483,nonsynonymous-only,0,1,4,6761,"D×1, K×1, N×1, V×1","AAT×3765, GAT×1588, GTT×1402, AAG×6"
484,nonsynonymous-only,0,1,4,6760,"C×1, R×1, S×1, W×1","TGC×4079, TGG×1402, CGT×1273, TCT×6"
485,nonsynonymous-only,0,1,2,1273,"F×1, L×1","TTT×1272, CTT×1"
487,nonsynonymous-only,0,1,7,3445,"K×2, A×1, I×1, M×1, N×1, T×1","AAG×1401, AAT×1267, ACG×393, GCG×377, AAA×5, ATG×1, ATT×1"
488,nonsynonymous-only,0,1,4,8534,"I×2, F×1, L×1","ATT×5868, ATC×1387, TTT×1273, TTA×6"
489,nonsynonymous-only,0,1,7,8534,"C×1, E×1, I×1, L×1, P×1, Q×1, R×1","CGT×4068, CAG×2405, CTA×1272, CCT×770, TGT×12, GAA×6, ATA×1"
490,nonsynonymous-only,0,1,6,8534,"L×3, S×2, P×1","TTA×4850, CTA×1402, TTG×1273, TCA×1002, TCG×6, CCA×1"
491,nonsynonymous-only,0,1,4,6361,"D×2, K×1, N×1","GAT×5076, AAA×1273, AAT×6, GAC×6"
495,synonymous-only,1,0,2,1002,L×2,"TTG×995, TTA×7"
496,nonsynonymous-only,0,1,6,7763,"A×1, E×1, I×1, P×1, T×1, V×1","GCA×4078, ATA×1349, ACA×1326, CCT×1002, GTC×6, GAA×2"
497,nonsynonymous-only,0,1,4,7757,"N×2, C×1, Y×1","AAC×4079, TGC×2675, TAC×1002, AAT×1"
498,nonsynonymous-only,0,1,6,7763,"K×2, E×1, G×1, N×1, R×1","AAA×3719, AAG×1402, GGA×1165, AAT×1002, GAA×371, AGA×104"
499,nonsynonymous-only,0,1,5,7763,"C×1, F×1, L×1, N×1, S×1","TCT×4080, TTT×2657, CTA×1002, TGT×18, AAT×6"
500,nonsynonymous-only,0,1,5,6361,"D×1, E×1, G×1, T×1, Y×1","GGT×4003, GAA×1273, TAT×1002, GAT×77, ACG×6"
501,nonsynonymous-only,0,1,4,2281,"E×2, K×1, P×1","AAA×1255, GAG×1002, GAA×18, CCA×6"
502,nonsynonymous-only,0,1,2,6361,"F×1, I×1","TTT×4080, ATT×2281"
503,nonsynonymous-only,0,1,3,6361,"I×1, N×1, V×1","GTT×4085, AAC×1273, ATT×1003"
504,nonsynonymous-only,0,1,3,6355,"G×1, R×1, S×1","AGA×4080, TCT×1273, GGA×1002"
505,nonsynonymous-only,0,1,6,6361,"G×2, D×1, F×1, K×1, R×1","GGA×4077, TTC×1273, GAT×1002, AAA×6, GGG×2, AGA×1"
506,nonsynonymous-only,0,1,5,8533,"D×2, N×2, K×1","AAC×4078, AAA×1772, AAT×1410, GAC×1271, GAT×2"
507,nonsynonymous-only,0,1,5,8533,"A×2, E×1, G×1, R×1","AGA×5353, GAA×2172, GCG×1001, GGT×6, GCA×1"
508,nonsynonymous-only,0,1,4,1008,"A×3, T×1","GCT×1001, GCA×4, ACA×2, GCG×1"
513,synonymous-only,1,0,2,1002,D×2,"GAC×990, GAT×12"
514,synonymous-only,1,0,3,1002,G×3,"GGC×869, GGA×132, GGT×1"
515,nonsynonymous-only,0,1,3,7131,"L×2, M×1","TTG×5114, ATG×1273, TTA×744"
516,nonsynonymous-only,0,1,5,7131,"C×1, D×1, E×1, H×1, R×1","CGC×5348, GAC×1002, GAA×770, CAC×6, TGC×5"
517,nonsynonymous-only,0,1,3,7260,"E×1, K×1, Q×1","AAA×4086, GAA×2172, CAA×1002"
518,nonsynonymous-only,0,1,6,8532,"K×2, D×1, E×1, N×1, Q×1","GAA×6482, CAA×1273, GAC×760, AAC×10, AAA×5, AAG×2"
519,nonsynonymous-only,0,1,6,7260,"L×2, E×1, K×1, T×1, V×1","GAA×3894, AAA×1588, CTA×1001, ACA×770, GTA×6, CTG×1"
520,nonsynonymous-only,0,1,5,3180,"V×2, E×1, I×1, L×1","GTC×1370, ATT×1002, CTT×770, GTT×32, GAA×6"
521,nonsynonymous-only,0,1,2,2409,"A×1, N×1","GCT×1401, AAT×1008"
522,nonsynonymous-only,0,1,4,2409,"D×2, N×1, Q×1","GAC×1217, AAT×1002, GAT×184, CAA×6"
524,synonymous-only,1,0,2,1002,I×2,"ATT×999, ATC×3"
529,nonsynonymous-only,0,1,2,1008,"N×1, V×1","AAT×1002, GTT×6"
530,synonymous-only,1,0,2,1008,V×2,"GTT×1002, GTC×6"
531,nonsynonymous-only,0,1,4,8532,"C×1, H×1, L×1, Y×1","TAT×4087, CAT×2275, TGT×1400, CTT×770"
532,nonsynonymous-only,0,1,5,8526,"L×2, P×2, A×1","CCA×4080, CCG×1687, GCA×1273, TTA×1002, CTG×484"
533,nonsynonymous-only,0,1,4,8532,"K×2, E×1, I×1","GAG×4080, AAA×2281, AAG×1401, ATA×770"
534,nonsynonymous-only,0,1,6,8515,"L×2, Q×2, F×1, S×1","TTA×4080, CTG×1306, CAA×1255, TCT×1002, TTT×776, CAG×96"
536,nonsynonymous-only,0,1,3,1268,"R×2, C×1","CGA×1227, AGA×35, TGT×6"
537,nonsynonymous-only,0,1,3,5353,"A×1, P×1, T×1","ACG×4080, GCA×1268, CCA×5"
538,nonsynonymous-only,0,1,3,5359,"I×1, N×1, T×1","AAT×4086, ACT×1272, ATT×1"
539,nonsynonymous-only,0,1,4,5353,"L×2, P×1, S×1","CCT×4078, TTA×1273, CTT×1, TCT×1"
540,synonymous-only,1,0,2,4080,S×2,"TCG×4058, TCA×22"
541,nonsynonymous-only,0,1,3,5353,"F×1, S×1, Y×1","TCT×4079, TAT×1273, TTT×1"
542,nonsynonymous-only,0,1,2,5353,"G×1, L×1","TTA×4080, GGA×1273"
543,nonsynonymous-only,0,1,3,5353,"C×1, H×1, Y×1","TGT×4080, TAT×831, CAT×442"
544,nonsynonymous-only,0,1,2,5353,"F×1, L×1","CTC×4080, TTT×1273"
545,nonsynonymous-only,0,1,3,6355,"C×1, L×1, S×1","TCA×4080, TGC×1273, CTA×1002"
546,nonsynonymous-only,0,1,4,6355,"L×1, P×1, Q×1, S×1","CCA×4076, TCA×1276, CAA×1002, CTA×1"
547,nonsynonymous-only,0,1,4,6355,"G×1, K×1, R×1, S×1","TCA×4080, AGA×2256, AAA×18, GGA×1"
548,nonsynonymous-only,0,1,4,6355,"I×1, L×1, S×1, T×1","TCA×4080, ACC×1266, TTA×1002, ATC×7"
549,nonsynonymous-only,0,1,4,6355,"A×1, S×1, V×1, W×1","TCT×4080, GCT×1270, TGG×1002, GTT×3"
550,nonsynonymous-only,0,1,5,6355,"F×1, I×1, L×1, S×1, V×1","TTC×4080, AGC×1273, ATT×875, GTT×116, CTT×11"
551,nonsynonymous-only,0,1,7,6361,"H×2, D×1, L×1, N×1, R×1, Y×1","CAC×5065, CAT×734, CTT×539, TAC×9, CGC×7, GAT×6, AAC×1"
552,nonsynonymous-only,0,1,2,2275,"L×1, R×1","AGA×1273, CTT×1002"
553,nonsynonymous-only,0,1,4,6129,"G×2, C×1, R×1","TGC×4080, GGC×1273, CGC×770, GGT×6"
554,nonsynonymous-only,0,1,4,5483,"H×1, N×1, Q×1, Y×1","CAA×2438, CAT×1273, TAC×1002, AAC×770"
555,nonsynonymous-only,0,1,4,3174,"L×2, I×1, R×1","TTA×1402, AGA×1002, ATT×765, CTT×5"
556,nonsynonymous-only,0,1,3,7757,"E×1, K×1, R×1","CGA×5353, GAA×1402, AAA×1002"
557,nonsynonymous-only,0,1,6,7525,"N×2, H×1, I×1, S×1, Y×1","CAT×3343, AAT×1402, AAC×1273, AGC×769, TAT×737, ATC×1"
558,nonsynonymous-only,0,1,5,8527,"L×2, F×1, I×1, V×1","CTC×4080, ATT×2274, GTT×1402, CTT×744, TTT×27"
559,nonsynonymous-only,0,1,4,2043,"I×2, A×1, V×1","GCA×1273, ATT×756, GTT×9, ATA×5"
560,nonsynonymous-only,0,1,3,2043,"A×1, V×1, Y×1","GCC×1239, TAC×770, GTC×34"
562,nonsynonymous-only,0,1,2,2675,"I×1, N×1","ATT×1402, AAT×1273"
563,nonsynonymous-only,0,1,2,1284,"S×1, W×1","TCA×1273, TGG×11"
564,nonsynonymous-only,0,1,4,7829,"K×2, R×2","AGA×5353, AAG×1402, AAA×770, CGA×304"
565,nonsynonymous-only,0,1,3,8527,"K×1, N×1, S×1","AAT×6484, AGC×1273, AAA×770"
566,nonsynonymous-only,0,1,3,2043,"H×2, N×1","CAT×1273, CAC×769, AAC×1"
567,nonsynonymous-only,0,1,6,7517,"A×1, C×1, F×1, Q×1, T×1, W×1","ACG×4077, TTT×1403, TGT×1272, TGG×756, CAA×6, GCG×3"
568,nonsynonymous-only,0,1,6,7531,"L×2, P×2, F×1, S×1","CTT×5349, CCC×766, CCA×714, CTA×688, TTT×10, TCC×4"
569,nonsynonymous-only,0,1,6,8533,"D×2, F×1, I×1, K×1, T×1","ATT×4080, AAG×1402, TTT×1273, GAC×1002, ACT×770, GAT×6"
570,nonsynonymous-only,0,1,5,6490,"R×2, G×1, I×1, Q×1","CGA×4072, ATA×1402, CAA×1009, GGA×6, CGC×1"
571,nonsynonymous-only,0,1,3,3045,"K×1, R×1, T×1","ACA×1273, CGA×1002, AAA×770"
572,nonsynonymous-only,0,1,6,8533,"F×1, I×1, L×1, M×1, T×1, V×1","TTT×4080, ATT×2252, ATG×1402, CTG×770, ACT×23, GTT×6"
573,nonsynonymous-only,0,1,4,7260,"C×1, I×1, N×1, R×1","ATT×5082, CGT×1402, AAC×770, TGT×6"
577,nonsynonymous-only,0,1,4,1772,"D×2, K×1, N×1","AAG×1002, GAC×761, AAC×5, GAT×4"
578,nonsynonymous-only,0,1,2,1772,"K×1, T×1","AAA×1002, ACA×770"
579,synonymous-only,1,0,2,8533,I×2,"ATT×7260, ATC×1273"
580,nonsynonymous-only,0,1,5,4453,"C×1, H×1, L×1, Q×1, Y×1","TTA×1402, CAA×1279, TAT×1001, CAT×770, TGT×1"
581,nonsynonymous-only,0,1,4,7763,"E×1, K×1, N×1, R×1","AAA×5482, GAA×1273, AAT×1002, AGA×6"
582,nonsynonymous-only,0,1,5,8533,"I×2, E×1, F×1, K×1","GAA×4080, ATT×1402, AAA×1273, TTT×1002, ATA×776"
583,nonsynonymous-only,0,1,6,8536,"A×2, L×2, E×1, M×1","GCG×4079, TTG×2046, ATG×1402, GCA×1002, TTA×6, GAG×1"
584,nonsynonymous-only,0,1,7,8536,"S×2, A×1, F×1, R×1, T×1, W×1","AGA×4079, TCG×1402, ACA×1276, GCG×1002, TTT×770, TGG×6, AGT×1"
585,nonsynonymous-only,0,1,5,8536,"E×2, K×2, R×1","GAA×4086, AAG×2401, GAG×1277, AGA×770, AAA×2"
586,nonsynonymous-only,0,1,8,8536,"R×3, D×1, K×1, L×1, N×1, Q×1","AAA×4079, AAT×1402, GAT×1276, CGG×1002, CGA×768, AGA×6, CTA×2, CAA×1"
587,nonsynonymous-only,0,1,5,6364,"A×1, F×1, L×1, R×1, S×1","TCA×3958, TTC×1276, TTA×1002, GCA×122, AGA×6"
588,nonsynonymous-only,0,1,7,8530,"S×2, L×1, N×1, P×1, Q×1, R×1","CGA×4080, CCC×1402, CAG×1276, TCG×1001, AAT×768, AGT×2, TTG×1"
589,nonsynonymous-only,0,1,2,2278,"N×1, Y×1","AAT×1276, TAT×1002"
590,nonsynonymous-only,0,1,2,2278,"I×1, S×1","ATT×1276, TCG×1002"
591,synonymous-only,1,0,2,1276,L×2,"TTA×1262, TTG×14"
593,synonymous-only,1,0,2,1276,V×2,"GTC×1271, GTT×5"
594,nonsynonymous-only,0,1,2,1276,"H×1, Y×1","CAC×1274, TAC×2"
595,nonsynonymous-only,0,1,2,2046,"L×1, P×1","CTT×1276, CCT×770"
596,nonsynonymous-only,0,1,2,1657,"W×1, Y×1","TAT×1276, TGG×381"
597,nonsynonymous-only,0,1,4,3048,"K×1, Q×1, R×1, S×1","TCT×1276, CAA×1002, AAA×737, AGA×33"
598,nonsynonymous-only,0,1,6,7129,"A×1, I×1, M×1, P×1, T×1, V×1","GCT×5183, CCC×1002, ATG×770, GTT×169, ACT×4, ATT×1"
599,nonsynonymous-only,0,1,5,7135,"I×2, N×2, V×1","ATT×4851, GTT×1276, AAT×607, AAC×395, ATC×6"
600,nonsynonymous-only,0,1,4,8537,"F×1, I×1, T×1, V×1","GTT×4087, TTT×2278, ATT×2103, ACT×69"
601,nonsynonymous-only,0,1,7,8537,"I×3, L×2, F×1, Y×1","TAT×5357, CTT×1402, ATT×894, TTT×770, ATA×101, ATC×7, TTA×6"
602,nonsynonymous-only,0,1,3,8537,"Y×2, S×1","TAC×6259, TCT×1276, TAT×1002"
603,nonsynonymous-only,0,1,5,8537,"A×1, D×1, G×1, I×1, K×1","GCA×6359, ATA×1402, AAA×770, GGT×4, GAT×2"
606,nonsynonymous-only,0,1,2,769,"P×1, S×1","TCA×768, CCA×1"
607,synonymous-only,1,0,2,769,R×2,"CGG×764, CGA×5"
609,synonymous-only,1,0,2,769,S×2,"TCC×753, TCG×16"
611,nonsynonymous-only,0,1,2,2155,"P×1, V×1","GTT×1402, CCA×753"
612,nonsynonymous-only,0,1,6,6242,"I×1, K×1, L×1, N×1, R×1, T×1","AAT×4080, ATT×1163, AAA×683, ACT×240, AGA×70, TTA×6"
613,nonsynonymous-only,0,1,4,6242,"T×2, I×1, V×1","ATC×4081, ACC×1402, ACA×753, GTT×6"
614,nonsynonymous-only,0,1,5,6242,"R×2, H×1, N×1, Y×1","CGT×4046, AGA×1402, AAC×753, CAT×35, TAT×6"
615,nonsynonymous-only,0,1,2,5489,"Q×1, S×1","CAA×4087, AGC×1402"
616,nonsynonymous-only,0,1,3,6242,"I×1, L×1, Y×1","TTA×4834, TAT×1402, ATT×6"
621,nonsynonymous-only,0,1,2,753,"N×1, S×1","AAC×621, AGC×132"
624,nonsynonymous-only,0,1,4,6242,"G×2, K×1, R×1","GGA×4081, GGG×1402, AAA×753, CGA×6"
625,nonsynonymous-only,0,1,5,7518,"N×2, D×1, I×1, T×1","AAC×4837, ACT×1379, AAT×1276, ATT×23, GAC×3"
626,nonsynonymous-only,0,1,5,6116,"D×1, E×1, L×1, Q×1, R×1","GAT×4081, GAA×1276, CGA×664, CAA×89, CTT×6"
628,nonsynonymous-only,0,1,5,7521,"K×2, I×1, L×1, N×1","ATC×5483, AAC×1276, AAG×750, AAA×6, TTG×6"
629,nonsynonymous-only,0,1,6,7521,"V×2, D×1, F×1, I×1, M×1","GTC×5475, ATT×958, ATG×756, GTT×318, TTC×8, GAT×6"
630,nonsynonymous-only,0,1,4,7521,"L×2, A×1, F×1","TTA×5357, TTT×1402, TTG×756, GCA×6"
631,nonsynonymous-only,0,1,5,7515,"F×1, L×1, M×1, P×1, S×1","TCA×4081, ATG×1402, TTC×1276, CCA×660, CTA×96"
632,nonsynonymous-only,0,1,4,3440,"I×1, K×1, N×1, R×1","ATA×1402, AGA×1276, AAT×756, AAA×6"
633,nonsynonymous-only,0,1,5,3440,"C×1, F×1, L×1, S×1, Y×1","TCG×1402, TAC×1275, TGC×756, TTA×6, TTC×1"
634,nonsynonymous-only,0,1,4,2678,"Q×2, P×1, R×1","CAG×1388, CAA×1276, CGG×13, CCG×1"
636,synonymous-only,1,0,2,4087,S×2,"TCG×4081, TCC×6"
637,nonsynonymous-only,0,1,2,4087,"S×1, V×1","GTT×4081, TCA×6"
639,nonsynonymous-only,0,1,2,5489,"R×1, W×1","TGG×4087, AGA×1402"
640,nonsynonymous-only,0,1,5,6245,"A×1, K×1, N×1, Q×1, T×1","CAG×4081, GCG×1397, AAT×756, AAA×6, ACG×5"
641,nonsynonymous-only,0,1,2,6245,"F×1, S×1","TTT×6239, TCG×6"
642,nonsynonymous-only,0,1,6,7247,"G×2, C×1, I×1, S×1, T×1","AGT×5077, GGA×1402, ACC×755, GGT×6, TGT×6, ATC×1"
643,nonsynonymous-only,0,1,5,7247,"L×2, A×1, S×1, T×1","CTA×4081, ACA×1402, TTA×1002, GCC×756, AGT×6"
644,nonsynonymous-only,0,1,7,7246,"C×2, N×2, F×1, G×1, H×1","TGC×4081, CAC×2404, AAC×752, AAT×4, GGC×2, TGT×2, TTC×1"
645,nonsynonymous-only,0,1,4,7247,"V×2, F×1, I×1","ATT×5836, GTA×1402, GTT×6, TTT×3"
646,nonsynonymous-only,0,1,4,6491,"S×2, K×1, Q×1","AAG×4081, CAA×1402, AGT×1002, AGC×6"
648,synonymous-only,1,0,2,2158,N×2,"AAC×2101, AAT×57"
649,nonsynonymous-only,0,1,5,3160,"S×2, C×1, L×1, N×1","CTT×1002, TGC×776, AGC×626, AAT×535, AGT×221"
650,nonsynonymous-only,0,1,4,2404,"A×1, S×1, T×1, Y×1","GCG×1013, TCT×960, ACG×389, TAT×42"
652,nonsynonymous-only,0,1,9,7247,"L×2, A×1, C×1, F×1, H×1, N×1, T×1, Y×1","CAC×4045, TGC×1402, AAC×1002, CTC×734, TAC×36, TTC×16, CTT×6, ACA×3, GCA×3"
653,nonsynonymous-only,0,1,6,8523,"L×2, A×1, F×1, I×1, V×1","CTA×4081, CTT×2152, ATA×1276, GCA×999, GTA×9, TTT×6"
654,nonsynonymous-only,0,1,5,8523,"P×2, S×2, C×1","TCT×5363, TGC×1402, TCC×1002, CCA×753, CCG×3"
655,nonsynonymous-only,0,1,8,8523,"A×2, V×2, I×1, L×1, N×1, T×1","GTT×4081, GCT×1384, ATT×1274, AAT×1002, GTC×745, ACT×20, GCC×11, TTA×6"
656,nonsynonymous-only,0,1,3,7521,"L×1, Q×1, S×1","TCA×5489, CTG×1276, CAA×756"
657,nonsynonymous-only,0,1,6,8523,"T×2, A×1, F×1, K×1, V×1","ACG×4081, GCA×2436, TTT×1402, GTA×424, ACA×174, AAA×6"
658,nonsynonymous-only,0,1,5,8523,"Q×2, E×1, K×1, T×1","AAG×6359, ACA×1402, CAG×737, CAA×19, GAA×6"
659,nonsynonymous-only,0,1,3,5635,"K×1, M×1, S×1","ATG×4081, AAG×1402, TCA×152"
660,nonsynonymous-only,0,1,5,7767,"Y×2, H×1, P×1, S×1","TAT×3341, TAC×1402, CCC×1275, TCC×1009, CAT×740"
661,nonsynonymous-only,0,1,3,1408,"D×1, N×1, R×1","GAT×1401, AGA×6, AAT×1"
662,nonsynonymous-only,0,1,4,5089,"A×1, L×1, T×1, Y×1","TTG×4081, GCA×1001, TAC×6, ACA×1"
663,nonsynonymous-only,0,1,5,6491,"G×1, S×1, T×1, V×1, Y×1","GTT×4080, ACG×1402, TCC×1002, TAT×6, GGT×1"
664,nonsynonymous-only,0,1,6,6491,"S×3, F×2, C×1","TCC×4079, TGT×1367, TTT×1002, AGT×35, TTC×6, TCG×2"
665,nonsynonymous-only,0,1,4,7247,"K×1, Q×1, R×1, S×1","AGA×4084, AAA×1758, CAA×1402, AGT×3"
666,nonsynonymous-only,0,1,6,7521,"G×1, I×1, K×1, R×1, T×1, V×1","AAA×3371, AGA×2150, GTA×1194, ACA×716, ATA×82, GGA×8"
667,nonsynonymous-only,0,1,7,8517,"R×2, S×2, K×1, L×1, T×1","AGA×4061, AGG×1402, TCA×1275, AAG×1002, ACA×756, AGC×20, TTA×1"
668,nonsynonymous-only,0,1,6,8516,"S×2, I×1, L×1, T×1, Y×1","ACC×4080, TCA×1402, AGC×1275, TAT×1002, CTA×756, ATC×1"
669,nonsynonymous-only,0,1,7,8522,"C×2, S×2, Y×2, R×1","TAC×4081, TGC×1275, TCG×1002, CGT×953, TCC×756, TGT×449, TAT×6"
670,nonsynonymous-only,0,1,7,7247,"N×2, A×1, D×1, E×1, K×1, T×1","AAC×4079, GAT×1394, AAA×1002, GCG×754, AAT×10, GAG×6, ACG×2"
671,nonsynonymous-only,0,1,8,8522,"D×2, C×1, G×1, N×1, S×1, W×1, Y×1","AGT×4081, TGT×1402, GAC×1241, TAT×1002, AAC×756, GGC×33, TGG×6, GAT×1"
672,nonsynonymous-only,0,1,7,8521,"S×2, G×1, H×1, N×1, P×1, Q×1","CAT×5355, GGT×1748, CCA×1384, TCA×18, AGT×10, CAA×5, AAT×1"
673,nonsynonymous-only,0,1,3,2163,"F×1, L×1, S×1","TCC×1402, TTC×756, TTG×5"
674,nonsynonymous-only,0,1,2,761,"N×1, P×1","CCT×756, AAT×5"
675,nonsynonymous-only,0,1,3,2163,"F×1, K×1, R×1","TTT×1402, CGT×756, AAA×5"
676,nonsynonymous-only,0,1,8,8522,"G×2, D×1, E×1, K×1, L×1, N×1, Q×1","GAC×4081, AAA×1402, GGT×1274, TTA×1002, GAA×728, CAA×29, AAT×5, GGG×1"
677,nonsynonymous-only,0,1,7,7121,"G×2, K×2, D×1, E×1, R×1","GAA×4080, GGA×1230, GAT×1002, AAA×762, AGA×45, AAG×1, GGT×1"
678,nonsynonymous-only,0,1,5,7766,"C×1, I×1, L×1, S×1, Y×1","CTT×5356, TGT×1402, TAT×1002, ATT×5, TCT×1"
679,nonsynonymous-only,0,1,6,7766,"P×2, F×1, L×1, S×1, V×1","TTA×4086, CCG×1402, TCT×1066, CCA×1002, TTT×209, GTT×1"
680,nonsynonymous-only,0,1,5,6364,"T×2, A×1, H×1, I×1","ACA×6355, CAT×5, ACT×2, ATA×1, GCA×1"
681,nonsynonymous-only,0,1,7,7766,"E×2, K×2, L×1, N×1, S×1","GAA×4081, AAA×1402, AAC×1250, GAG×1002, AGC×25, TTA×5, AAG×1"
682,nonsynonymous-only,0,1,6,7766,"A×1, F×1, H×1, I×1, V×1, Y×1","GTT×4284, TTT×1003, ATT×995, TAT×912, CAT×490, GCT×82"
683,nonsynonymous-only,0,1,3,6491,"E×1, Q×1, S×1","CAA×4081, GAA×2405, TCT×5"
684,nonsynonymous-only,0,1,6,6492,"T×3, I×1, K×1, S×1","ACT×2853, AAA×1403, ACC×1228, ACA×845, ATA×158, AGT×5"
685,nonsynonymous-only,0,1,5,6492,"A×2, K×1, R×1, T×1","AAA×4081, AGA×1403, GCA×675, GCG×327, ACA×6"
686,nonsynonymous-only,0,1,6,7767,"F×2, I×1, K×1, L×1, M×1","TTA×4081, ATT×1405, TTT×1270, AAA×1002, TTC×5, ATG×4"
687,nonsynonymous-only,0,1,7,7767,"G×2, A×1, D×1, E×1, S×1, T×1","GCA×4061, TCA×1403, GGG×1272, GAA×1002, ACA×20, GAT×6, GGC×3"
688,nonsynonymous-only,0,1,3,7767,"I×1, S×1, T×1","ACT×4087, ATT×2277, AGT×1403"
689,synonymous-only,1,0,3,6765,S×3,"AGT×4081, AGC×1403, TCT×1281"
690,nonsynonymous-only,0,1,3,6765,"F×1, L×1, Y×1","TAT×4087, CTT×1403, TTT×1275"
691,nonsynonymous-only,0,1,5,6765,"A×1, G×1, R×1, T×1, W×1","GGC×4081, AGA×1402, GCT×1275, TGG×6, ACA×1"
692,nonsynonymous-only,0,1,3,5362,"Y×2, D×1","TAC×4081, GAT×1275, TAT×6"
693,nonsynonymous-only,0,1,3,5362,"A×2, T×1","GCT×4081, ACG×1275, GCG×6"
694,nonsynonymous-only,0,1,3,5362,"E×2, K×1","GAA×5333, GAG×22, AAA×7"
695,nonsynonymous-only,0,1,4,6364,"I×2, K×1, Q×1","CAA×4081, ATC×1116, AAA×1008, ATT×159"
696,nonsynonymous-only,0,1,4,6364,"L×2, A×1, I×1","CTG×4081, CTC×1275, ATA×1002, GCT×6"
697,nonsynonymous-only,0,1,2,7767,"F×1, L×1","TTA×6492, TTT×1275"
698,nonsynonymous-only,0,1,7,7767,"F×2, A×1, E×1, L×1, S×1, T×1","ACT×4075, TCT×1403, TTG×1002, TTC×721, TTT×554, GAA×6, GCT×6"
701,nonsynonymous-only,0,1,2,2678,"F×1, S×1","TCT×1403, TTT×1275"
703,nonsynonymous-only,0,1,5,7522,"R×2, H×1, I×1, S×1","AGT×4838, ATT×1403, CGT×1273, CAT×6, CGC×2"
704,nonsynonymous-only,0,1,5,8524,"E×1, K×1, N×1, Q×1, S×1","GAA×5484, AAA×2277, CAG×757, AGC×4, AAC×2"
705,nonsynonymous-only,0,1,7,8524,"V×2, E×1, K×1, M×1, S×1, T×1","ACG×4080, GAA×1403, GTC×1275, GTA×1002, TCC×757, AAG×6, ATG×1"
706,nonsynonymous-only,0,1,5,8524,"A×1, E×1, F×1, T×1, V×1","TTC×4081, GAG×1403, ACA×1281, GTT×1002, GCT×757"
707,nonsynonymous-only,0,1,7,8524,"A×2, I×2, N×1, T×1, V×1","ATT×4081, AAC×1403, GCT×1275, ATC×1002, GCC×746, ACC×11, GTT×6"
708,nonsynonymous-only,0,1,4,8524,"G×1, K×1, N×1, R×1","AGA×5841, AAC×1403, AAA×1275, GGA×5"
709,nonsynonymous-only,0,1,6,8524,"I×1, K×1, R×1, S×1, W×1, Y×1","TAT×4081, ATA×1403, AAA×1275, TGG×1002, AGA×757, TCA×6"
710,nonsynonymous-only,0,1,3,4443,"E×1, I×1, R×1","AGA×2283, GAG×1403, ATA×757"
711,nonsynonymous-only,0,1,9,8524,"A×2, F×2, P×2, I×1, N×1, T×1","ACT×3655, ATT×1403, GCG×1275, TTC×1002, CCG×752, GCT×425, TTT×6, CCT×5, AAT×1"
712,nonsynonymous-only,0,1,6,7516,"I×2, F×1, H×1, L×1, P×1","ATC×4050, CCT×1403, CAC×1275, TTT×750, ATT×31, TTA×7"
713,nonsynonymous-only,0,1,6,7522,"F×2, L×1, P×1, R×1, S×1","CCA×4081, TTC×1403, TCA×1275, CTT×738, TTT×19, AGA×6"
714,nonsynonymous-only,0,1,6,7516,"D×2, V×2, F×1, Y×1","GAT×6062, GAC×738, GTT×501, GTC×159, TTC×37, TAC×19"
715,nonsynonymous-only,0,1,3,8525,"E×1, G×1, R×1","GGA×4081, GAA×3681, AGA×763"
716,nonsynonymous-only,0,1,7,8525,"S×2, D×1, E×1, F×1, G×1, I×1","TCG×4082, ATT×1403, GAA×1275, TCT×1002, GGT×753, TTT×6, GAT×4"
717,nonsynonymous-only,0,1,4,7768,"N×2, E×1, G×1","AAT×4088, GGC×1403, AAC×1275, GAA×1002"
718,nonsynonymous-only,0,1,4,7768,"C×1, F×1, S×1, Y×1","TAT×4085, TTT×1409, TGT×1272, AGT×1002"
719,nonsynonymous-only,0,1,7,7768,"G×2, Y×2, C×1, D×1, I×1","TGT×4082, ATT×1403, GGC×1255, TAC×1002, GGT×19, TAT×6, GAC×1"
720,nonsynonymous-only,0,1,3,4088,"F×1, H×1, Y×1","CAC×4080, TTC×6, TAC×2"
721,nonsynonymous-only,0,1,6,7250,"H×1, L×1, N×1, S×1, V×1, Y×1","CAT×4081, AGT×1403, TAT×1002, CTC×757, GTT×6, AAT×1"
722,nonsynonymous-only,0,1,4,7250,"L×2, F×1, M×1","TTA×5844, ATG×1403, TTG×2, TTT×1"
723,nonsynonymous-only,0,1,4,7250,"S×2, A×1, F×1","TCT×4838, TTT×1409, GCT×1002, TCG×1"
724,nonsynonymous-only,0,1,6,7250,"V×2, I×1, L×1, P×1, S×1","TCA×4082, TTA×1403, GTT×1002, GTA×753, CCA×6, ATA×4"
725,nonsynonymous-only,0,1,6,7250,"L×4, S×1, W×1","CTA×3480, TCT×1403, TTG×1002, TTA×760, CTC×599, TGG×6"
726,nonsynonymous-only,0,1,6,7250,"F×2, I×2, L×2","TTC×4082, ATT×1350, CTC×1191, CTT×568, ATA×53, TTT×6"
727,nonsynonymous-only,0,1,5,6493,"G×2, E×1, I×1, N×1","GGG×4081, AAT×1403, ATT×1002, GAA×6, GGT×1"
728,nonsynonymous-only,0,1,4,6493,"F×1, N×1, S×1, V×1","TTC×4082, GTC×1403, TCT×1002, AAT×6"
729,nonsynonymous-only,0,1,6,6493,"G×2, I×1, L×1, N×1, S×1","AGT×4081, GGT×1401, TTA×1002, AAC×6, GGG×2, ATT×1"
730,nonsynonymous-only,0,1,5,7250,"G×2, F×1, K×1, R×1","AAA×5485, AGA×1002, GGA×669, GGG×88, TTC×6"
731,nonsynonymous-only,0,1,3,7250,"E×1, G×1, K×1","GAA×3798, GGA×3447, AAA×5"
732,nonsynonymous-only,0,1,2,1759,"I×1, N×1","AAT×1002, ATT×757"
733,nonsynonymous-only,0,1,2,1759,"P×1, S×1","CCT×1002, TCT×757"
734,nonsynonymous-only,0,1,6,7250,"E×2, K×2, V×2","GTC×4081, AAG×1403, GAG×1002, GAA×757, AAA×6, GTA×1"
735,nonsynonymous-only,0,1,5,7250,"T×2, A×1, K×1, N×1","ACT×4082, AAC×1403, GCT×1002, ACG×757, AAG×6"
736,nonsynonymous-only,0,1,5,7250,"I×2, G×1, K×1, S×1","ATC×4079, TCC×1403, GGC×1002, ATT×760, AAA×6"
737,nonsynonymous-only,0,1,6,7249,"R×3, L×2, P×1","CGA×4080, AGA×1403, CGG×1002, CCT×757, TTA×6, CTA×1"
738,nonsynonymous-only,0,1,2,2160,"K×1, Y×1","AAA×1403, TAC×757"
742,nonsynonymous-only,0,1,2,2405,"C×1, H×1","TGT×1403, CAT×1002"
743,nonsynonymous-only,0,1,7,8525,"A×1, C×1, G×1, I×1, S×1, V×1, Y×1","GGT×4021, GTT×1396, TAT×1281, TGT×1002, GCT×757, AGT×61, ATT×7"
744,nonsynonymous-only,0,1,6,8525,"C×1, D×1, H×1, P×1, R×1, Y×1","GAT×4082, CGT×3674, CCT×757, TAT×6, TGT×5, CAT×1"
745,nonsynonymous-only,0,1,7,8525,"C×1, F×1, G×1, H×1, L×1, P×1, R×1","TGT×4082, CGT×2031, CTT×1402, GGC×1002, TTT×6, CAT×1, CCT×1"
746,nonsynonymous-only,0,1,4,8522,"C×1, G×1, N×1, S×1","TGC×6356, AAT×1403, GGC×752, AGC×11"
747,nonsynonymous-only,0,1,4,8525,"A×1, P×1, S×1, T×1","CCA×4081, GCA×3162, ACA×953, TCA×329"
748,nonsynonymous-only,0,1,2,8525,"R×1, W×1","CGG×5079, TGG×3446"
749,nonsynonymous-only,0,1,10,7769,"C×2, E×1, G×1, I×1, K×1, L×1, R×1, V×1, Y×1","ATA×4081, GGA×1403, AAA×1000, TGC×951, TAC×321, TTA×6, TGT×3, GAA×2, CGA×1, GTA×1"
750,nonsynonymous-only,0,1,5,7523,"C×1, F×1, G×1, I×1, R×1","TGC×4082, TTC×1409, CGC×1248, ATC×757, GGC×27"
751,nonsynonymous-only,0,1,4,8525,"D×1, H×1, N×1, Y×1","CAC×4092, TAC×2401, GAC×1980, AAC×52"
752,nonsynonymous-only,0,1,5,8525,"C×1, G×1, I×1, R×1, S×1","AGC×4081, TGC×2170, GGC×1275, CGC×998, ATC×1"
753,nonsynonymous-only,0,1,4,7418,"H×1, K×1, L×1, Q×1","AAG×4082, CTC×1446, CAG×1177, CAC×713"
754,nonsynonymous-only,0,1,2,3799,"K×1, Q×1","AAG×2160, CAG×1639"
755,nonsynonymous-only,0,1,3,8525,"H×1, L×1, Y×1","TAT×7573, CAT×946, CTT×6"
756,nonsynonymous-only,0,1,5,8525,"G×2, C×1, S×1, V×1","TGC×4082, GGT×2277, GTT×1403, TCA×757, GGC×6"
757,nonsynonymous-only,0,1,4,7250,"E×1, K×1, S×1, T×1","GAA×5485, ACA×1002, AGC×757, AAA×6"
758,nonsynonymous-only,0,1,5,8525,"C×1, N×1, R×1, S×1, V×1","TGT×4135, AAC×1403, GTA×1275, AGT×1002, CGT×710"
759,nonsynonymous-only,0,1,7,8525,"R×2, C×1, G×1, H×1, S×1, Y×1","TGC×4822, CGC×1403, CAC×1275, GGT×996, TAC×17, AGT×6, CGG×6"
760,nonsynonymous-only,0,1,6,8524,"E×1, F×1, K×1, L×1, P×1, Q×1","AAA×4077, CAA×2031, CCA×1403, TTC×996, GAA×11, CTC×6"
761,nonsynonymous-only,0,1,8,8525,"S×3, L×1, P×1, Q×1, R×1, T×1","TCG×4084, AGA×1403, CCT×1273, TCA×1002, CAA×757, TTG×3, ACT×2, TCC×1"
762,nonsynonymous-only,0,1,6,8525,"A×1, F×1, I×1, N×1, S×1, T×1","GCT×4082, ATT×1759, ACT×1403, TCT×1257, TTT×18, AAT×6"
763,nonsynonymous-only,0,1,3,8525,"F×1, M×1, V×1","GTT×6365, TTT×1403, ATG×757"
764,nonsynonymous-only,0,1,7,8525,"R×3, F×1, K×1, L×1, W×1","AAA×4794, AGG×1403, TTC×935, TGG×756, CTC×340, AGA×296, CGG×1"
765,nonsynonymous-only,0,1,7,8525,"Y×2, A×1, C×1, F×1, I×1, N×1","TGT×4341, AAC×2675, TTT×743, TAC×733, TAT×24, GCA×6, ATC×3"
766,nonsynonymous-only,0,1,9,7523,"A×2, L×2, G×1, I×1, K×1, N×1, V×1","GCC×4079, AAC×1275, GTC×1252, CTA×755, ATC×151, AAA×6, GCT×2, TTA×2, GGC×1"
767,nonsynonymous-only,0,1,5,7523,"C×1, D×1, G×1, N×1, Y×1","AAT×5484, GGT×1075, TAT×763, TGT×200, GAT×1"
768,nonsynonymous-only,0,1,4,8525,"C×1, F×1, H×1, R×1","TTT×5846, CGG×1403, CAT×1275, TGT×1"
769,nonsynonymous-only,0,1,6,8182,"A×1, E×1, N×1, P×1, R×1, S×1","TCA×4073, AAC×1403, GCG×1276, GAA×1002, CGA×413, CCA×15"
770,nonsynonymous-only,0,1,4,8525,"C×1, G×1, I×1, S×1","ATC×4082, TGC×2038, AGC×1403, GGC×1002"
771,nonsynonymous-only,0,1,6,8526,"C×1, D×1, F×1, L×1, S×1, V×1","GTT×4081, GAT×2160, AGT×1276, TGT×1002, TTA×6, TTT×1"
772,nonsynonymous-only,0,1,3,2411,"E×1, G×1, R×1","GAA×1403, GGA×1002, CGA×6"
773,nonsynonymous-only,0,1,2,8526,"H×1, Y×1","CAT×4845, TAT×3681"
775,nonsynonymous-only,0,1,7,8526,"A×1, D×1, F×1, G×1, L×1, N×1, V×1","GTT×6085, GAT×1175, CTT×758, TTT×399, AAT×107, GCT×1, GGT×1"
776,nonsynonymous-only,0,1,3,7250,"K×1, N×1, R×1","AGA×5069, AAC×2160, AAA×21"
777,nonsynonymous-only,0,1,4,2033,"L×2, S×1, V×1","TCA×1276, CTC×752, GTC×4, CTT×1"
778,nonsynonymous-only,0,1,7,8526,"I×2, C×1, F×1, L×1, M×1, V×1","GTT×4082, ATG×1403, ATC×1276, TGC×1002, TTC×392, CTC×365, ATT×6"
779,nonsynonymous-only,0,1,10,8526,"T×3, C×1, E×1, G×1, H×1, I×1, R×1, S×1","ACT×4080, GAA×1403, AGT×1055, CAC×1002, CGT×634, GGT×343, ACG×6, ACC×1, ATT×1, TGT×1"
780,nonsynonymous-only,0,1,9,8525,"P×2, R×2, G×1, L×1, Q×1, T×1, V×1","CCC×4082, GTT×1403, GGA×1272, CGA×1002, CCG×410, CAG×343, TTA×6, ACG×4, AGA×3"
781,nonsynonymous-only,0,1,5,8526,"K×2, N×1, Q×1, R×1","AAA×4081, AGA×2033, CAA×1404, AAG×1002, AAT×6"
782,nonsynonymous-only,0,1,6,8526,"K×2, T×2, N×1, Y×1","AAA×4088, ACA×1385, AAC×1276, AAG×1002, TAT×757, ACG×18"
783,nonsynonymous-only,0,1,6,8526,"R×2, I×1, L×1, M×1, V×1","ATT×5358, ATG×1403, CTT×1002, CGT×756, GTA×6, CGC×1"
784,nonsynonymous-only,0,1,7,8526,"R×2, S×2, C×1, E×1, Y×1","TCC×3988, TAT×1403, AGA×1276, TGC×1002, CGC×757, TCT×94, GAA×6"
785,nonsynonymous-only,0,1,6,8526,"E×2, K×1, N×1, R×1, V×1","GAA×5488, AAA×1275, GTA×1002, CGA×757, GAG×3, AAT×1"
786,nonsynonymous-only,0,1,6,8526,"H×2, Q×2, K×1, S×1","CAC×4008, AGT×2033, CAA×1403, AAA×1002, CAT×74, CAG×6"
787,nonsynonymous-only,0,1,4,7769,"L×1, P×1, S×1, V×1","TTA×5485, CCG×1267, TCG×1011, GTT×6"
788,nonsynonymous-only,0,1,8,7769,"L×2, C×1, F×1, I×1, R×1, V×1, Y×1","ATT×4082, CGA×1403, TTG×1002, TAC×911, TGC×363, GTA×5, TTC×2, CTA×1"
789,nonsynonymous-only,0,1,5,7769,"N×2, H×1, K×1, R×1","CAC×4082, AAT×1354, AAC×1325, AAG×1002, CGT×6"
790,nonsynonymous-only,0,1,4,6366,"C×1, F×1, Q×1, Y×1","TAT×4081, TGT×1276, CAG×1002, TTT×7"
791,nonsynonymous-only,0,1,5,6366,"E×1, I×1, K×1, L×1, M×1","ATG×4082, AAA×1253, TTG×1002, GAA×23, ATC×6"
792,nonsynonymous-only,0,1,4,2278,"A×2, E×1, V×1","GCA×1276, GTG×998, GAG×3, GCG×1"
793,nonsynonymous-only,0,1,4,7763,"K×2, T×1, V×1","ACG×4082, GTA×1403, AAA×1276, AAG×1002"
794,nonsynonymous-only,0,1,2,6761,"I×1, S×1","TCA×5358, ATT×1403"
795,nonsynonymous-only,0,1,6,7769,"A×1, M×1, R×1, S×1, T×1, V×1","AGA×4082, ACG×1385, GTA×1276, ATG×1002, GCG×18, TCG×6"
796,nonsynonymous-only,0,1,4,5491,"N×2, Q×1, Y×1","AAC×4077, CAA×1403, TAC×6, AAT×5"
797,nonsynonymous-only,0,1,4,7524,"K×2, E×1, G×1","GAG×4081, AAA×3435, GGA×6, AAG×2"
798,nonsynonymous-only,0,1,6,8522,"E×2, D×1, G×1, K×1, N×1","GAA×6145, AAT×1281, GAG×441, AAA×337, GAC×316, GGA×2"
799,nonsynonymous-only,0,1,4,8526,"G×1, S×1, W×1, Y×1","TGG×5841, TCG×1403, TAT×1276, GGG×6"
800,nonsynonymous-only,0,1,5,8526,"L×2, F×1, R×1, T×1","TTT×5358, TTA×1403, CGT×1002, CTT×757, ACT×6"
801,nonsynonymous-only,0,1,6,8526,"N×2, S×2, D×1, T×1","AGT×4082, AAT×2569, ACT×1002, TCT×757, AAC×91, GAT×25"
802,nonsynonymous-only,0,1,4,7250,"F×1, I×1, N×1, Q×1","AAT×5485, ATT×1002, CAG×757, TTT×6"
803,nonsynonymous-only,0,1,2,2160,"G×1, R×1","GGG×1403, CGG×757"
804,nonsynonymous-only,0,1,3,2161,"D×1, G×1, I×1","ATT×1403, GAC×757, GGT×1"
805,nonsynonymous-only,0,1,4,2161,"L×2, T×2","TTA×1382, ACA×741, TTG×21, ACT×17"
810,synonymous-only,1,0,2,757,I×2,"ATT×738, ATC×19"
812,synonymous-only,1,0,6,7268,L×6,"CTT×4082, CTG×1403, CTC×775, TTG×694, TTA×311, CTA×3"
813,nonsynonymous-only,0,1,8,7268,"T×4, V×3, F×1","TTT×4082, ACG×1114, GTG×1001, GTC×775, ACC×196, ACT×91, GTA×7, ACA×2"
814,nonsynonymous-only,0,1,3,8546,"D×2, N×1","GAT×6976, GAC×1568, AAC×2"
815,nonsynonymous-only,0,1,4,8547,"I×2, M×1, V×1","ATG×7269, ATC×1241, ATA×33, GTC×4"
816,synonymous-only,1,0,2,8547,G×2,"GGT×8524, GGG×23"
817,synonymous-only,1,0,3,8547,S×3,"TCA×6488, TCC×1844, TCT×215"
818,nonsynonymous-only,0,1,4,8550,"L×3, F×1","TTG×4305, TTA×2408, CTG×1836, TTT×1"
819,nonsynonymous-only,0,1,6,4461,"I×1, N×1, R×1, S×1, T×1, V×1","AAT×1403, GTT×1280, AGT×996, ACA×775, AGA×6, ATT×1"
820,nonsynonymous-only,0,1,5,4461,"T×2, Q×1, S×1, Y×1","TCG×1403, TAC×1281, CAA×775, ACG×617, ACT×385"
821,nonsynonymous-only,0,1,2,4461,"F×1, L×1","TTT×3686, CTT×775"
822,nonsynonymous-only,0,1,3,3058,"G×1, S×1, Y×1","GGT×1281, TCA×1002, TAT×775"
823,nonsynonymous-only,0,1,4,8538,"N×2, E×1, K×1","AAA×6249, AAT×1281, GAA×1002, AAC×6"
824,nonsynonymous-only,0,1,5,8538,"A×1, E×1, Q×1, S×1, Y×1","GAA×5085, TAT×1403, GCT×1281, AGT×763, CAA×6"
825,nonsynonymous-only,0,1,5,8538,"I×2, L×2, V×1","ATT×5085, GTT×1403, ATC×1281, TTG×763, CTT×6"
826,nonsynonymous-only,0,1,7,8538,"V×2, G×1, I×1, K×1, S×1, Y×1","TAT×4083, GTT×1403, AGT×1281, GTA×1001, AAA×763, GGT×6, ATA×1"
827,nonsynonymous-only,0,1,8,7135,"P×2, Q×2, L×1, M×1, R×1, T×1","CAG×4069, CAA×1294, CGC×1002, CCG×762, ACG×3, ATG×3, CCA×1, CTG×1"
830,nonsynonymous-only,0,1,6,7536,"R×2, K×1, Q×1, T×1, Y×1","TAT×4083, AGG×1403, ACG×1202, CAA×763, AAG×79, CGT×6"
831,nonsynonymous-only,0,1,5,7536,"F×2, I×1, L×1, Y×1","TTT×5319, TAT×1403, ATT×763, TTC×45, TTA×6"
832,nonsynonymous-only,0,1,10,8538,"P×3, Q×2, E×1, F×1, K×1, L×1, S×1","CCG×5474, CAA×1280, CAG×1002, CTT×759, CCC×8, GAA×6, TTT×4, TCG×3, AAA×1, CCA×1"
833,nonsynonymous-only,0,1,9,8322,"N×2, A×1, G×1, I×1, M×1, R×1, T×1, V×1","GCA×3606, AAC×1403, ATG×1204, ACA×1003, GGA×763, GTA×259, AGG×73, AAT×6, ATA×5"
834,nonsynonymous-only,0,1,5,8322,"G×2, C×1, E×1, K×1","GAA×6625, GGC×1000, AAA×695, GGT×1, TGC×1"
835,nonsynonymous-only,0,1,4,6494,"I×2, E×1, G×1","GAA×4083, GGC×1403, ATT×1002, ATC×6"
836,nonsynonymous-only,0,1,3,5091,"D×1, E×1, R×1","GAA×4083, GAT×1002, AGA×6"
837,nonsynonymous-only,0,1,4,4089,"G×3, D×1","GGT×4084, GAT×2, GGC×2, GGG×1"
838,nonsynonymous-only,0,1,4,4089,"P×3, S×1","CCT×3822, CCG×263, CCA×3, TCT×1"
839,nonsynonymous-only,0,1,3,4089,"L×2, F×1","TTT×4083, TTA×3, TTG×3"
840,nonsynonymous-only,0,1,7,8537,"L×4, R×2, T×1","TTA×4082, ACA×1403, CTG×1281, CGG×999, TTG×766, CGA×3, CTA×3"
841,nonsynonymous-only,0,1,6,8537,"L×2, I×1, M×1, T×1, V×1","TTA×4082, ATG×1403, CTA×1281, ACA×1002, GTG×763, ATT×6"
842,nonsynonymous-only,0,1,6,8539,"I×2, V×2, M×1, T×1","ATG×4084, ACG×1403, ATT×1305, GTA×1001, ATC×745, GTC×1"
843,nonsynonymous-only,0,1,6,8539,"D×2, N×2, S×2","AAT×4329, AGC×2671, GAC×1001, AAC×518, AGT×13, GAT×7"
844,nonsynonymous-only,0,1,6,8539,"N×2, T×2, M×1, Y×1","AAT×5365, ACA×1388, ATG×1002, AAC×763, ACG×15, TAT×6"
845,nonsynonymous-only,0,1,6,8539,"V×3, I×1, L×1, M×1","GTG×5065, ATG×1403, ATC×1281, CTG×763, GTA×21, GTT×6"
846,nonsynonymous-only,0,1,6,8539,"T×3, I×1, N×1, S×1","ACA×4084, ACC×1614, ATT×1403, AAT×1281, ACT×151, TCT×6"
847,nonsynonymous-only,0,1,4,6256,"T×2, V×2","ACA×4090, GTC×1402, ACT×763, GTT×1"
848,nonsynonymous-only,0,1,5,6256,"S×2, A×1, L×1, P×1","AGC×4069, TTA×1403, GCC×763, AGT×15, CCT×6"
849,nonsynonymous-only,0,1,5,8539,"L×2, E×1, P×1, Y×1","TTG×3874, TTA×1497, GAA×1403, CCA×1002, TAT×763"
850,nonsynonymous-only,0,1,6,8539,"A×3, I×1, T×1, V×1","GCT×5487, ACA×1280, ATT×1002, GCG×763, GTT×6, GCA×1"
851,nonsynonymous-only,0,1,7,8539,"L×4, V×2, I×1","CTG×3867, TTG×2030, ATT×1403, GTT×727, GTG×275, CTA×217, TTA×20"
852,nonsynonymous-only,0,1,5,7776,"L×2, E×1, R×1, S×1","TCT×4084, CGA×1403, CTA×1281, CTT×1002, GAA×6"
853,nonsynonymous-only,0,1,3,7776,"E×1, I×1, M×1","ATA×4090, GAA×2283, ATG×1403"
854,nonsynonymous-only,0,1,3,3686,"A×2, V×1","GCA×1395, GTG×1281, GCG×1010"
855,nonsynonymous-only,0,1,4,3686,"A×3, S×1","GCC×2261, AGC×1403, GCG×21, GCA×1"
856,nonsynonymous-only,0,1,3,2405,"V×2, R×1","GTG×1398, CGC×1002, GTA×5"
857,nonsynonymous-only,0,1,2,2405,"G×1, K×1","GGA×1403, AAA×1002"
860,nonsynonymous-only,0,1,2,3168,"E×1, L×1","GAA×2166, TTA×1002"
861,nonsynonymous-only,0,1,3,3168,"A×1, I×1, V×1","ATT×1765, GTT×1292, GCT×111"
862,nonsynonymous-only,0,1,9,7137,"G×3, A×1, D×1, E×1, K×1, V×1, W×1","GAG×5357, GAT×1002, GGT×747, GGC×16, AAG×4, GGG×4, GCC×3, GTC×3, TGG×1"
863,nonsynonymous-only,0,1,6,8539,"T×2, H×1, K×1, R×1, S×1","AAG×5365, AGG×1403, CAT×763, ACA×526, ACG×476, AGT×6"
864,nonsynonymous-only,0,1,6,8530,"I×1, P×1, Q×1, R×1, S×1, T×1","CCA×4084, CAA×1761, ACA×1402, TCA×1278, CGA×4, ATA×1"
866,nonsynonymous-only,0,1,2,1403,"I×1, T×1","ACC×1400, ATC×3"
868,nonsynonymous-only,0,1,5,6495,"H×1, I×1, K×1, R×1, T×1","AGA×4082, ATA×1403, CAC×1002, AAA×7, ACA×1"
869,nonsynonymous-only,0,1,5,8539,"A×1, F×1, I×1, R×1, T×1","CGA×4084, TTC×2405, ATC×1281, ACG×763, GCA×6"
870,nonsynonymous-only,0,1,6,8539,"D×1, I×1, M×1, N×1, S×1, T×1","AGT×4084, AAC×2166, GAC×1281, ACG×992, ATG×10, ATT×6"
871,nonsynonymous-only,0,1,6,8539,"F×2, G×1, I×1, N×1, S×1","TTC×4082, TTT×1405, GGC×1281, AGT×1002, AAC×763, ATC×6"
872,nonsynonymous-only,0,1,6,8539,"F×1, I×1, L×1, P×1, V×1, Y×1","TTT×4847, CTT×2082, GTT×934, ATT×347, CCT×323, TAT×6"
873,nonsynonymous-only,0,1,4,2173,"F×1, L×1, R×1, S×1","TTG×1403, TCT×763, TTC×6, AGA×1"
874,nonsynonymous-only,0,1,6,8533,"I×1, K×1, L×1, M×1, R×1, V×1","AGA×4084, AAA×2405, GTA×1276, ATG×763, TTA×3, ATA×2"
875,nonsynonymous-only,0,1,6,8539,"A×1, I×1, N×1, S×1, T×1, V×1","ATT×4084, GCG×1403, TCT×1281, ACT×1002, GTA×763, AAT×6"
876,nonsynonymous-only,0,1,5,8539,"A×1, F×1, I×1, L×1, Y×1","GCC×4084, TTG×2166, ATT×1281, TTC×1002, TAC×6"
877,nonsynonymous-only,0,1,4,5855,"L×1, M×1, P×1, S×1","CCA×4084, ATG×1002, CTA×763, TCA×6"
878,nonsynonymous-only,0,1,2,6256,"E×1, K×1","AAA×4853, GAG×1403"
879,nonsynonymous-only,0,1,5,5493,"N×2, S×2, H×1","AGC×4079, AAC×1402, AAT×6, AGT×5, CAC×1"
880,nonsynonymous-only,0,1,2,5487,"N×1, V×1","GTT×4084, AAT×1403"
881,nonsynonymous-only,0,1,5,5493,"N×2, F×1, K×1, Y×1","AAC×3956, TTC×1403, AAA×124, TAT×6, AAT×4"
882,nonsynonymous-only,0,1,4,5487,"A×1, G×1, S×1, V×1","GGT×3838, GTT×891, GCT×512, AGT×246"
883,nonsynonymous-only,0,1,6,6256,"R×2, S×2, K×1, L×1","TCA×4084, CTA×1403, CGC×734, AGC×26, AAA×6, CGT×3"
884,nonsynonymous-only,0,1,3,6768,"V×2, S×1","TCC×4084, GTC×2682, GTA×2"
885,nonsynonymous-only,0,1,4,7537,"C×1, K×1, L×1, S×1","AAA×4847, TGC×1403, TTA×1281, AGT×6"
886,nonsynonymous-only,0,1,3,3453,"K×1, P×1, Q×1","AAA×3441, CAA×6, CCA×6"
887,nonsynonymous-only,0,1,4,6134,"E×1, I×1, K×1, M×1","ATG×4084, GAA×1281, ATT×763, AAA×6"
888,nonsynonymous-only,0,1,6,6373,"A×1, E×1, G×1, K×1, L×1, T×1","GGA×4068, AAA×1281, CTA×1002, GAA×16, ACA×3, GCA×3"
889,nonsynonymous-only,0,1,5,7136,"C×2, N×2, I×1","AAT×5365, TGC×1001, AAC×763, ATT×6, TGT×1"
890,nonsynonymous-only,0,1,3,7110,"H×1, N×1, R×1","CAT×5348, CGA×1739, AAT×23"
891,nonsynonymous-only,0,1,6,7136,"R×2, C×1, F×1, I×1, Y×1","ATT×4084, CGC×1280, TAT×1002, TGT×763, TTT×6, CGT×1"
892,nonsynonymous-only,0,1,7,8539,"T×3, A×2, S×1, V×1","ACC×4090, ACG×1403, GCC×1262, TCG×1002, ACA×763, GCT×18, GTC×1"
893,nonsynonymous-only,0,1,7,4455,"A×1, I×1, K×1, L×1, P×1, S×1, V×1","TCA×1471, TTG×1281, CCA×934, GTA×719, ATA×43, AAA×6, GCA×1"
894,nonsynonymous-only,0,1,6,8539,"I×2, K×2, L×1, T×1","AAA×5487, ATT×1253, AAG×1002, CTT×763, ATC×28, ACA×6"
895,nonsynonymous-only,0,1,5,2698,"C×2, R×2, E×1","CGT×1336, TGC×1281, TGT×67, GAA×8, AGA×6"
896,nonsynonymous-only,0,1,4,7421,"E×1, K×1, N×1, S×1","AAC×5085, AGT×1281, AAA×1049, GAA×6"
897,nonsynonymous-only,0,1,3,7775,"E×1, G×1, K×1","GGA×4083, AAA×2690, GAA×1002"
898,nonsynonymous-only,0,1,4,6495,"T×2, A×1, S×1","ACG×4084, AGC×1403, ACA×1002, GCA×6"
899,nonsynonymous-only,0,1,4,6495,"S×2, C×1, N×1","TGT×4084, AGT×1403, AAT×1002, AGC×6"
900,nonsynonymous-only,0,1,6,8539,"H×2, L×1, N×1, R×1, Y×1","CAT×5062, AAT×1403, CGC×1280, CTT×763, TAT×30, CAC×1"
901,nonsynonymous-only,0,1,3,7537,"F×2, R×1","TTT×4090, TTC×2044, CGT×1403"
902,nonsynonymous-only,0,1,5,8539,"D×1, I×1, K×1, N×1, S×1","AAC×5371, GAC×1403, AAA×1002, AGT×761, ATT×2"
903,nonsynonymous-only,0,1,7,7136,"E×2, G×1, L×1, M×1, N×1, R×1","AAC×4084, GAG×1279, TTG×1002, GGA×640, AGA×123, ATG×6, GAA×2"
904,nonsynonymous-only,0,1,3,3046,"A×1, E×1, K×1","GCA×1281, GAA×1002, AAA×763"
905,nonsynonymous-only,0,1,2,1765,"K×1, N×1","AAC×1002, AAA×763"
907,synonymous-only,1,0,2,2283,S×2,"AGT×1281, AGC×1002"
908,nonsynonymous-only,0,1,3,3046,"N×1, S×1, Y×1","TCT×1281, AAT×1006, TAT×759"
909,nonsynonymous-only,0,1,2,3046,"H×1, Y×1","CAT×2044, TAT×1002"
910,nonsynonymous-only,0,1,3,3046,"C×2, Y×1","TAT×1281, TGC×1002, TGT×763"
911,nonsynonymous-only,0,1,4,3046,"F×2, L×1, Y×1","TTC×1278, TAT×1002, CTC×763, TTT×3"
913,nonsynonymous-only,0,1,6,4455,"L×2, C×1, R×1, S×1, Y×1","CTT×1403, TCT×1281, CGC×1001, TAT×763, TTA×6, TGC×1"
914,nonsynonymous-only,0,1,3,8539,"F×1, N×1, Y×1","TAC×5493, TTC×1765, AAC×1281"
915,nonsynonymous-only,0,1,4,8539,"R×3, W×1","CGG×4079, TGG×3214, AGG×1241, CGA×5"
916,nonsynonymous-only,0,1,6,8539,"D×1, H×1, N×1, R×1, S×1, Y×1","AAT×4084, AGA×2405, CAT×1187, TCT×763, TAT×94, GAT×6"
917,nonsynonymous-only,0,1,4,8539,"G×2, R×1, W×1","TGG×4084, AGG×2405, GGG×1287, GGA×763"
918,nonsynonymous-only,0,1,8,8539,"Y×2, D×1, G×1, H×1, I×1, N×1, V×1","CAC×2212, TAC×1872, GGT×1403, GAC×1281, AAC×1002, TAT×763, ATC×3, GTC×3"
919,nonsynonymous-only,0,1,4,8539,"C×1, F×1, R×1, S×1","AGC×4084, TGC×3835, CGC×619, TTC×1"
920,nonsynonymous-only,0,1,6,8539,"R×2, A×1, P×1, Q×1, Y×1","CGT×4084, CGC×1403, TAT×1287, GCG×994, CAA×763, CCG×8"
921,nonsynonymous-only,0,1,4,3174,"P×2, A×1, K×1","AAA×1403, CCG×1002, GCA×763, CCA×6"
923,nonsynonymous-only,0,1,3,1771,"E×1, Q×1, S×1","GAA×1002, CAA×763, TCA×6"
924,nonsynonymous-only,0,1,3,7136,"K×1, R×1, T×1","AGA×5077, ACA×2044, AAA×15"
925,nonsynonymous-only,0,1,7,7136,"A×1, D×1, F×1, I×1, N×1, S×1, V×1","TTT×4083, GTT×1264, GCT×1002, AAT×763, ATT×17, GAT×6, TCT×1"
926,nonsynonymous-only,0,1,8,8539,"A×1, D×1, F×1, I×1, L×1, T×1, V×1, Y×1","ACT×4084, ATA×1403, GTT×1278, TAT×993, CTG×763, GAT×9, TTT×6, GCT×3"
927,nonsynonymous-only,0,1,6,3601,"P×2, R×1, S×1, T×1, W×1","CCA×1395, ACT×1279, TCA×771, TGG×148, AGA×6, CCT×2"
928,nonsynonymous-only,0,1,5,8539,"T×2, G×1, K×1, M×1","AAA×6128, ACG×1402, GGA×1002, ACA×6, ATG×1"
929,nonsynonymous-only,0,1,5,8532,"N×2, I×1, K×1, S×1","AAG×4084, AAT×1402, AAC×1281, AGC×1002, ATA×763"
930,nonsynonymous-only,0,1,5,8532,"L×2, C×1, F×1, P×1","TTT×5366, CTT×1723, TGT×1002, CCT×437, CTC×4"
931,nonsynonymous-only,0,1,6,8538,"A×1, I×1, L×1, S×1, T×1, V×1","ACC×5453, TCC×1281, CTT×1002, GTA×763, GCC×37, ATC×2"
932,nonsynonymous-only,0,1,3,1402,"G×1, R×1, S×1","AGT×946, CGT×455, GGT×1"
934,nonsynonymous-only,0,1,4,5923,"C×1, H×1, Q×1, R×1","TGC×4084, CAC×1002, CAA×836, CGA×1"
935,nonsynonymous-only,0,1,4,5092,"G×1, K×1, Q×1, R×1","GGA×3049, AGA×1035, AAA×1002, CAG×6"
936,nonsynonymous-only,0,1,3,6773,"I×1, N×1, S×1","AGC×4084, AAC×1402, ATT×1287"
937,nonsynonymous-only,0,1,5,3691,"I×1, K×1, N×1, P×1, T×1","ACT×2027, AAA×1402, ATT×250, AAT×10, CCT×2"
938,nonsynonymous-only,0,1,4,3691,"G×1, N×1, S×1, V×1","AGT×1402, AAC×1281, GGC×1002, GTA×6"
939,nonsynonymous-only,0,1,2,1402,"G×1, R×1","GGA×1308, AGA×94"
941,nonsynonymous-only,0,1,2,2165,"D×1, Y×1","GAT×1402, TAC×763"
943,nonsynonymous-only,0,1,6,8538,"C×1, F×1, H×1, I×1, N×1, Y×1","ATT×4090, AAT×1402, TGT×1281, TTT×1002, TAT×524, CAT×239"
944,nonsynonymous-only,0,1,5,7775,"A×1, K×1, R×1, S×1, T×1","AAA×4084, GCA×1402, ACG×1281, AGA×1002, AGC×6"
945,nonsynonymous-only,0,1,5,8554,"C×1, D×1, H×1, I×1, S×1","GAT×4084, AGT×1781, ATT×1402, CAT×1281, TGT×6"
946,nonsynonymous-only,0,1,4,8555,"D×1, H×1, P×1, Y×1","TAT×5487, CAT×2050, GAT×1002, CCG×16"
947,nonsynonymous-only,0,1,5,7152,"S×2, Y×2, R×1","TCC×5085, TAC×2044, TAT×16, CGC×6, TCT×1"
948,nonsynonymous-only,0,1,7,7537,"F×1, I×1, L×1, P×1, S×1, T×1, V×1","TTG×4084, ACG×1402, TTT×1281, CCT×485, TCT×278, ATA×6, GTT×1"
949,nonsynonymous-only,0,1,7,4561,"K×2, R×2, C×1, E×1, G×1","AGA×2678, TGT×1002, AAA×766, CGA×110, GGA×3, AAG×1, GAA×1"
950,nonsynonymous-only,0,1,6,8538,"E×1, I×1, L×1, N×1, P×1, V×1","ATA×4636, AAC×1402, GAA×1282, CCA×1002, GTA×210, TTA×6"
951,nonsynonymous-only,0,1,6,4453,"I×1, K×1, L×1, Q×1, S×1, V×1","AAG×1281, TTG×1002, CAA×762, GTT×760, ATT×642, TCG×6"
952,nonsynonymous-only,0,1,3,6129,"Q×1, R×1, S×1","TCA×4084, AGA×2043, CAA×2"
953,nonsynonymous-only,0,1,4,7535,"F×1, I×1, K×1, S×1","ATT×4090, AAA×1402, AGT×1281, TTT×762"
954,nonsynonymous-only,0,1,6,7535,"G×2, T×2, A×1, R×1","ACG×4084, GGA×1248, GGT×762, GCA×751, ACA×651, AGA×39"
955,nonsynonymous-only,0,1,5,3451,"E×1, K×1, R×1, S×1, Y×1","TAT×1402, AGA×1280, GAA×494, AAA×274, AGC×1"
956,nonsynonymous-only,0,1,3,5482,"C×1, K×1, R×1","TGC×4084, CGA×1392, AAA×6"
957,nonsynonymous-only,0,1,2,5486,"Q×1, R×1","AGA×4084, CAA×1402"
958,nonsynonymous-only,0,1,6,6773,"I×2, F×1, L×1, T×1, V×1","GTC×3086, CTT×1354, ATT×1278, ATC×1001, TTT×48, ACT×6"
959,nonsynonymous-only,0,1,4,6773,"D×1, H×1, N×1, V×1","GAT×6765, GTA×6, AAT×1, CAT×1"
960,nonsynonymous-only,0,1,5,7609,"R×2, E×1, G×1, Q×1","CAA×3924, GGA×1402, GAA×1002, CGC×965, CGT×316"
961,nonsynonymous-only,0,1,3,6373,"K×1, L×1, R×1","AGA×5091, TTG×1281, AAA×1"
962,nonsynonymous-only,0,1,5,6373,"S×2, H×1, K×1, Y×1","AAG×4084, CAT×1276, AGT×1002, TCC×6, TAT×5"
963,nonsynonymous-only,0,1,3,6373,"F×1, L×1, S×1","TTT×4136, TCT×1281, CTT×956"
964,nonsynonymous-only,0,1,7,6373,"S×3, A×1, F×1, P×1, Y×1","CCC×2501, TCC×1555, TTT×1281, GCC×1002, TAC×27, TCA×6, TCT×1"
967,synonymous-only,1,0,2,2283,S×2,"TCG×1281, TCA×1002"
968,nonsynonymous-only,0,1,3,2283,"E×1, K×1, R×1","GAA×1020, AGA×1002, AAA×261"
969,nonsynonymous-only,0,1,3,7775,"G×1, N×1, R×1","AGA×7665, GGA×104, AAT×6"
970,nonsynonymous-only,0,1,6,7775,"I×2, L×2, R×1, V×1","ATA×4978, AGA×1281, CTA×995, ATT×508, TTA×7, GTA×6"
971,nonsynonymous-only,0,1,3,1287,"E×1, K×1, R×1","GAA×1280, CGA×6, AAA×1"
972,nonsynonymous-only,0,1,3,7775,"C×1, D×1, N×1","GAT×4084, AAT×3685, TGT×6"
973,nonsynonymous-only,0,1,7,7135,"A×1, C×1, H×1, I×1, R×1, V×1, Y×1","TGT×4084, CGT×1280, TAT×1002, GTT×757, GCT×6, ATT×5, CAT×1"
974,nonsynonymous-only,0,1,9,8537,"R×4, G×2, C×1, H×1, W×1","CGG×4082, GGC×1402, TGG×1281, TGC×1002, AGA×752, GGA×10, CAT×6, AGG×1, CGA×1"
975,nonsynonymous-only,0,1,4,8537,"D×2, H×1, Y×1","CAT×6928, GAC×1002, TAT×601, GAT×6"
976,nonsynonymous-only,0,1,5,8537,"C×2, H×1, N×1, Y×1","CAT×5365, TGC×2164, AAC×994, TAC×8, TGT×6"
977,nonsynonymous-only,0,1,6,8517,"R×2, G×1, L×1, Q×1, W×1","CGG×4062, TGG×2310, GGG×1399, CAA×742, AGG×3, TTG×1"
978,nonsynonymous-only,0,1,5,8537,"D×1, H×1, N×1, R×1, Y×1","TAC×4093, CAC×1469, AAC×1211, GAT×1002, CGC×762"
979,nonsynonymous-only,0,1,6,8531,"R×3, C×1, K×1, Y×1","AAA×4084, TGT×1402, CGT×1281, TAC×1002, CGA×747, AGA×15"
980,nonsynonymous-only,0,1,5,8537,"G×1, H×1, K×1, Q×1, R×1","CAA×5085, GGA×1402, AAA×1281, AGA×768, CAC×1"
981,nonsynonymous-only,0,1,6,8537,"C×1, D×1, K×1, L×1, P×1, S×1","CCC×4080, TGT×1402, GAC×1281, TCC×1008, AAA×762, CTC×4"
982,nonsynonymous-only,0,1,7,7150,"L×2, E×1, I×1, Q×1, R×1, V×1","GTC×4002, AGA×1281, CAA×1001, TTA×762, ATC×82, TTG×16, GAG×6"
983,nonsynonymous-only,0,1,6,8553,"F×2, C×1, I×1, N×1, S×1","TTC×4084, ATA×1402, AGT×1281, AAT×1008, TTT×762, TGT×16"
984,nonsynonymous-only,0,1,4,7535,"A×1, K×1, S×1, T×1","AAA×4846, TCA×1408, GCC×1277, ACC×4"
985,nonsynonymous-only,0,1,4,4453,"K×1, R×1, T×1, W×1","AGA×2043, AAA×1402, TGG×1002, ACA×6"
986,nonsynonymous-only,0,1,7,8537,"N×2, A×1, C×1, P×1, S×1, Y×1","CCT×4083, TAT×2683, AGT×771, AAC×762, TGT×232, AAT×5, GCT×1"
987,nonsynonymous-only,0,1,5,8537,"L×1, P×1, S×1, T×1, V×1","CCC×4083, TCC×3675, CTC×761, ACC×17, GTC×1"
988,nonsynonymous-only,0,1,9,8537,"I×2, L×2, V×2, A×1, F×1, T×1","GTA×3993, GTT×1278, TTA×1008, CTT×941, GCT×760, TTT×448, ATA×91, ATT×16, ACT×2"
989,nonsynonymous-only,0,1,4,8537,"D×1, H×1, L×1, Y×1","TAT×6116, CTT×1402, CAT×1013, GAT×6"
992,nonsynonymous-only,0,1,2,762,"D×1, H×1","GAC×742, CAC×20"
994,nonsynonymous-only,0,1,3,762,"L×2, P×1","CTA×607, TTA×152, CCA×3"
998,nonsynonymous-only,0,1,6,8537,"L×2, P×2, A×1, S×1","CTT×5365, CCG×1263, CCA×1181, TCA×583, CTG×139, GCT×6"
999,nonsynonymous-only,0,1,5,4453,"C×1, H×1, S×1, W×1, Y×1","TAC×2038, TCT×1402, TGG×1008, TGC×4, CAC×1"
1000,nonsynonymous-only,0,1,5,8537,"K×2, E×1, M×1, T×1","AAG×5365, ATG×1402, AAA×1007, GAA×757, ACC×6"
1001,nonsynonymous-only,0,1,5,8537,"I×2, C×1, S×1, T×1","AGT×4084, ATT×2283, ATA×1402, TGT×762, ACT×6"
1002,nonsynonymous-only,0,1,5,4447,"C×1, F×1, R×1, S×1, Y×1","TTT×1402, TAC×1281, TCT×1002, TGC×740, CGC×22"
1003,nonsynonymous-only,0,1,4,7775,"L×2, F×1, Y×1","TTG×5485, TAT×1281, TTT×1003, TTA×6"
1004,nonsynonymous-only,0,1,7,8537,"R×3, Q×2, M×1, P×1","CAG×4081, ATG×1408, CGA×1279, CCG×999, CGT×762, CGG×6, CAA×2"
1006,nonsynonymous-only,0,1,2,1408,"E×1, K×1","GAA×1402, AAG×6"
1007,nonsynonymous-only,0,1,2,1408,"I×1, K×1","AAA×1402, ATA×6"
1008,nonsynonymous-only,0,1,3,1409,"L×2, K×1","TTA×1402, TTG×6, AAA×1"
1009,nonsynonymous-only,0,1,6,7775,"K×2, G×1, N×1, R×1, V×1","AAG×5085, AAT×1402, GGG×1278, AAA×6, GTG×3, AGG×1"
1010,nonsynonymous-only,0,1,5,7775,"A×1, E×1, N×1, Q×1, V×1","GAA×4084, GTA×1491, GCA×1192, CAG×1002, AAT×6"
1011,nonsynonymous-only,0,1,5,7775,"L×3, F×1, K×1","TTA×4090, TTC×1281, CTG×1204, AAA×1002, TTG×198"
1012,nonsynonymous-only,0,1,5,7775,"K×1, L×1, N×1, R×1, S×1","CGA×4084, AAA×2404, AGC×1278, TTA×6, AAC×3"
1013,nonsynonymous-only,0,1,8,7259,"P×3, L×2, R×2, S×1","CCC×4084, CGG×1356, TTA×1002, CCT×384, TCT×378, CGA×46, CCA×6, TTG×3"
1014,nonsynonymous-only,0,1,5,8537,"F×2, I×2, L×1","TTT×5371, ATT×1401, TTC×1002, CTT×762, ATC×1"
1015,nonsynonymous-only,0,1,6,4447,"S×2, A×1, L×1, R×1, Y×1","GCT×1402, TCG×1234, AGC×1002, AGA×762, TTG×41, TAC×6"
1016,nonsynonymous-only,0,1,5,8537,"S×2, H×1, K×1, N×1","AAT×6367, AGT×1368, CAT×762, AGC×34, AAG×6"
1017,nonsynonymous-only,0,1,3,2689,"D×1, I×1, Y×1","GAT×1402, TAT×1281, ATT×6"
1019,nonsynonymous-only,0,1,4,2683,"A×1, I×1, T×1, V×1","GTG×1402, GCC×1195, ACC×85, ATC×1"
1020,nonsynonymous-only,0,1,3,2683,"A×2, I×1","ATC×1281, GCG×1250, GCA×152"
1021,nonsynonymous-only,0,1,2,2689,"I×1, T×1","ATT×2683, ACT×6"
1022,nonsynonymous-only,0,1,3,1409,"D×1, L×1, W×1","GAT×1402, TTG×6, TGG×1"
1023,nonsynonymous-only,0,1,4,3451,"T×3, K×1","ACA×1402, AAG×1281, ACG×767, ACC×1"
1024,nonsynonymous-only,0,1,4,3451,"K×2, I×1, L×1","ATT×1402, AAA×1281, AAG×762, TTA×6"
1025,nonsynonymous-only,0,1,2,2164,"M×1, V×1","GTT×1402, ATG×762"
1026,nonsynonymous-only,0,1,2,2164,"H×1, Q×1","CAT×1402, CAG×762"
1027,nonsynonymous-only,0,1,3,2165,"S×2, E×1","TCA×1343, GAA×763, TCC×59"
1028,nonsynonymous-only,0,1,6,8537,"H×2, Q×2, L×1, P×1","CAA×5370, CTA×1402, CAG×1002, CCC×744, CAC×18, CAT×1"
1029,nonsynonymous-only,0,1,3,4453,"S×2, N×1","AGT×2164, AAC×1281, AGC×1008"
1031,synonymous-only,1,0,2,1402,V×2,"GTC×1289, GTT×113"
1035,nonsynonymous-only,0,1,2,2164,"M×1, V×1","GTG×1402, ATG×762"
1036,nonsynonymous-only,0,1,2,2164,"D×1, E×1","GAC×1402, GAA×762"
1037,nonsynonymous-only,0,1,3,2164,"S×2, P×1","TCC×1401, CCT×762, TCT×1"
1038,nonsynonymous-only,0,1,2,2164,"F×1, L×1","TTA×1402, TTC×762"
1039,nonsynonymous-only,0,1,4,8537,"R×2, K×1, Q×1","AGA×4082, CAA×3445, AAA×1008, AGG×2"
1040,nonsynonymous-only,0,1,5,8537,"E×2, K×1, N×1, R×1","GAA×5086, AAA×1402, GAG×1281, AAC×762, AGA×6"
1041,nonsynonymous-only,0,1,4,8537,"L×2, A×1, E×1","TTA×6767, GAA×1002, TTG×762, GCA×6"
1042,nonsynonymous-only,0,1,6,8537,"V×2, I×1, L×1, M×1, T×1","ACT×4090, ATT×1402, CTA×1281, GTA×999, ATG×762, GTG×3"
1045,nonsynonymous-only,0,1,2,2164,"L×1, S×1","TTA×1402, TCC×762"
1047,nonsynonymous-only,0,1,5,6772,"K×2, M×1, N×1, R×1","AAG×4080, AAA×2359, AGA×324, ATG×6, AAT×3"
1048,nonsynonymous-only,0,1,6,8530,"K×2, H×1, I×1, T×1, Y×1","ATA×5085, ACA×1401, AAG×1281, CAT×761, AAA×1, TAT×1"
1049,nonsynonymous-only,0,1,5,8121,"C×1, F×1, R×1, S×1, V×1","TGC×4083, GTT×1402, TTT×1281, AGC×1002, CGA×353"
1050,nonsynonymous-only,0,1,7,7768,"H×2, C×1, F×1, Q×1, R×1, Y×1","TGT×4081, CAT×1403, CAG×1280, CGT×1001, CAC×1, TAT×1, TTT×1"
1051,nonsynonymous-only,0,1,3,4083,"H×1, L×1, P×1","CCT×3976, CTT×103, CAT×4"
1054,nonsynonymous-only,0,1,4,7249,"I×1, L×1, N×1, T×1","ATC×4083, AAT×1402, ACG×1002, TTA×762"
1055,nonsynonymous-only,0,1,4,7249,"T×2, K×1, M×1","ATG×4083, ACA×1402, AAG×1002, ACG×762"
1056,nonsynonymous-only,0,1,5,8530,"N×2, R×1, S×1, W×1","AGT×4141, AAT×1985, AAC×1402, CGG×999, TGG×3"
1057,nonsynonymous-only,0,1,5,4444,"I×1, L×1, Q×1, R×1, T×1","AGA×1402, ATA×1206, CAG×999, TTG×762, ACA×75"
1058,nonsynonymous-only,0,1,5,8530,"F×2, H×1, Q×1, Y×1","TTC×6125, CAT×1373, CAA×1002, TAT×29, TTT×1"
1059,nonsynonymous-only,0,1,7,8530,"A×1, G×1, K×1, Q×1, R×1, T×1, V×1","GTA×3954, AAG×2280, GCA×1401, ACT×762, GGA×130, CAG×2, AGG×1"
1060,nonsynonymous-only,0,1,7,8536,"D×2, K×1, S×1, T×1, V×1, Y×1","ACT×4083, TAT×1402, GAT×1279, AAA×1002, TCT×762, GTT×6, GAC×2"
1061,nonsynonymous-only,0,1,3,8536,"F×1, S×1, Y×1","TTT×5091, TAT×2683, TCT×762"
1062,nonsynonymous-only,0,1,6,8536,"Q×2, C×1, H×1, R×1, V×1","CAT×4089, TGT×1402, CAA×1274, GTC×1002, CGA×762, CAG×7"
1063,nonsynonymous-only,0,1,3,2333,"S×2, K×1","TCG×1281, AAG×762, TCA×290"
1064,nonsynonymous-only,0,1,7,8536,"I×3, K×1, N×1, R×1, T×1","ATC×3986, AAG×1984, ACC×1494, AAT×1002, AGG×59, ATA×10, ATT×1"
1065,nonsynonymous-only,0,1,7,8536,"A×2, R×2, G×1, I×1, L×1","GGG×3994, AGG×1491, CTA×1281, ATA×1002, GCT×761, AGA×6, GCC×1"
1066,nonsynonymous-only,0,1,6,7134,"L×2, C×1, S×1, W×1, Y×1","TCA×4080, TTA×1284, TGG×1002, TGT×760, TTG×6, TAT×2"
1067,nonsynonymous-only,0,1,4,7134,"F×1, L×1, Q×1, S×1","TTC×4083, CAG×2043, AGC×1002, TTG×6"
1068,nonsynonymous-only,0,1,5,7134,"N×2, K×1, R×1, T×1","AAT×4082, AAA×1764, ACT×1281, AGA×6, AAC×1"
1069,nonsynonymous-only,0,1,6,7134,"H×1, I×1, N×1, Q×1, V×1, Y×1","CAG×4082, TAC×1281, GTT×1002, AAC×762, ATT×6, CAT×1"
1070,nonsynonymous-only,0,1,2,1003,"R×1, S×1","TCA×1002, CGA×1"
1071,nonsynonymous-only,0,1,5,7134,"R×2, L×1, N×1, Q×1","CGA×4089, CGG×1190, CTT×1002, AAT×762, CAG×91"
1072,nonsynonymous-only,0,1,4,7134,"F×2, L×1, S×1","TTT×5370, TTC×762, TCA×732, TTA×270"
1073,nonsynonymous-only,0,1,3,2436,"L×2, W×1","TGG×1402, TTA×1033, TTG×1"
1074,nonsynonymous-only,0,1,3,8536,"I×2, M×1","ATA×4083, ATG×2410, ATC×2043"
1075,nonsynonymous-only,0,1,7,8532,"L×2, R×2, E×1, P×1, Q×1","CAG×4083, CCG×1402, CTA×1077, GAA×998, CTG×762, CGA×204, CGG×6"
1076,nonsynonymous-only,0,1,6,8536,"T×2, E×1, K×1, M×1, Q×1","AAA×5085, GAA×1402, CAA×1281, ACG×761, ACA×6, ATG×1"
1077,nonsynonymous-only,0,1,6,8536,"K×1, L×1, N×1, P×1, Q×1, S×1","AAA×5084, TCA×2011, CCA×1281, TTA×153, AAC×6, CAA×1"
1078,nonsynonymous-only,0,1,2,1281,"F×1, L×1","TTT×1278, TTA×3"
1079,nonsynonymous-only,0,1,2,1281,"Q×1, R×1","CAA×899, CGA×382"
1080,nonsynonymous-only,0,1,5,8536,"L×2, F×1, S×1, Y×1","TTC×5485, TCG×1281, TTG×1000, TTA×764, TAC×6"
1081,nonsynonymous-only,0,1,8,8536,"D×2, I×2, N×2, S×1, Y×1","GAC×4077, ATT×1402, AAT×1281, ATC×952, AAC×762, AGC×50, GAT×6, TAC×6"
1082,nonsynonymous-only,0,1,6,7265,"C×1, G×1, K×1, L×1, Q×1, W×1","AAG×4845, TGG×1400, TGT×1002, CAG×11, TTG×6, GGG×1"
1083,nonsynonymous-only,0,1,4,3051,"C×1, F×1, L×1, S×1","CTA×1281, TGT×1002, TCG×762, TTC×6"
1084,nonsynonymous-only,0,1,6,7134,"K×2, R×2, E×1, G×1","AAG×3625, AGA×1281, GGT×1002, AAA×768, AGG×457, GAG×1"
1085,nonsynonymous-only,0,1,6,7134,"F×1, H×1, M×1, S×1, T×1, V×1","TCT×4083, TTT×1281, CAT×1002, ACG×757, GTG×6, ATG×5"
1086,nonsynonymous-only,0,1,3,1770,"L×1, R×1, S×1","TCG×1002, TTA×762, CGA×6"
1087,nonsynonymous-only,0,1,3,3172,"F×1, L×1, Q×1","TTT×1408, CTA×1002, CAA×762"
1088,nonsynonymous-only,0,1,5,4453,"Q×2, K×1, L×1, R×1","AAA×1743, CTG×1402, CAG×1281, AGA×21, CAA×6"
1089,nonsynonymous-only,0,1,4,4453,"I×1, K×1, T×1, V×1","ACA×1617, ATA×1428, GTA×1402, AAG×6"
1090,nonsynonymous-only,0,1,6,8536,"F×2, S×2, D×1, L×1","TTT×5361, GAT×1402, TCC×1000, TTG×768, TCT×3, TTC×2"
1091,nonsynonymous-only,0,1,3,8536,"A×1, K×1, N×1","AAT×4083, GCT×2683, AAA×1770"
1092,nonsynonymous-only,0,1,3,1281,"C×2, Y×1","TGC×901, TAC×379, TGT×1"
1093,nonsynonymous-only,0,1,4,7127,"R×2, K×1, Q×1","CAA×5085, AAA×1280, CGC×642, CGT×120"
1094,nonsynonymous-only,0,1,5,8535,"F×2, L×2, P×1","TTA×6487, CTA×1005, TTC×762, CCA×275, TTT×6"
1095,nonsynonymous-only,0,1,10,8532,"A×2, D×2, K×2, E×1, G×1, R×1, T×1","GAA×4083, AAG×1403, AAA×1280, GCG×959, GAC×737, ACG×38, GAT×25, AGA×3, GGA×3, GCA×1"
1096,nonsynonymous-only,0,1,2,763,"E×1, L×1","CTC×762, GAG×1"
1097,nonsynonymous-only,0,1,3,763,"I×1, R×1, T×1","ACA×759, ATA×3, CGG×1"
1098,nonsynonymous-only,0,1,8,8525,"L×2, S×2, C×1, H×1, R×1, Y×1","AGC×4083, AGA×1402, AGT×1280, TGC×997, CTC×737, CAC×24, CTA×1, TAC×1"
1099,nonsynonymous-only,0,1,6,8525,"D×1, G×1, N×1, Q×1, R×1, S×1","GGT×4083, AGA×1402, GAC×1277, CAG×998, AGC×762, AAC×3"
1100,nonsynonymous-only,0,1,7,8525,"G×3, E×1, K×1, N×1, S×1","GGC×4842, GAA×1280, AGC×1062, AAG×998, AAC×340, GGA×2, GGT×1"
1101,nonsynonymous-only,0,1,4,8524,"K×2, N×1, S×1","AAC×4061, AAG×2682, AGT×998, AAA×783"
1102,nonsynonymous-only,0,1,6,8524,"I×1, K×1, M×1, N×1, T×1, V×1","AAA×4421, ATT×1080, AAC×1063, ACA×998, ATG×762, GTT×200"
1103,nonsynonymous-only,0,1,8,8530,"F×1, H×1, K×1, L×1, P×1, Q×1, R×1, S×1","CGA×2794, TTT×1402, CAA×1288, TTA×1284, CAT×995, AAA×762, CCT×3, TCA×2"
1104,nonsynonymous-only,0,1,5,8530,"F×2, S×2, L×1","TTC×4112, TTT×1727, TCC×1402, CTT×1286, TCT×3"
1105,nonsynonymous-only,0,1,6,8530,"C×1, I×1, K×1, N×1, R×1, T×1","AAA×5484, CGT×1280, ACA×904, AAC×762, ATA×94, TGT×6"
1106,nonsynonymous-only,0,1,6,8530,"L×3, F×1, M×1, S×1","ATG×4082, CTT×1402, TTT×1280, TCA×998, TTA×762, CTA×6"
1107,nonsynonymous-only,0,1,5,6130,"I×2, M×1, N×1, T×1","ATC×5361, ATG×762, ACA×3, ATA×3, AAC×1"
1108,nonsynonymous-only,0,1,5,5368,"I×2, V×2, A×1","GTA×4085, ATT×1273, GTT×7, GCA×2, ATA×1"
1109,nonsynonymous-only,0,1,3,5368,"H×1, N×1, S×1","AAT×4082, CAT×1280, AGT×6"
1111,nonsynonymous-only,0,1,3,1286,"F×2, C×1","TGC×1279, TTT×6, TTC×1"
1112,nonsynonymous-only,0,1,7,8530,"H×2, L×2, Q×1, R×1, Y×1","CGG×5482, TTG×2027, CAC×761, CTG×251, TAT×6, CAG×2, CAT×1"
1113,nonsynonymous-only,0,1,6,8530,"N×2, C×1, H×1, I×1, Y×1","TAT×5364, AAT×1402, ATT×998, AAC×762, TGT×3, CAT×1"
1114,nonsynonymous-only,0,1,7,8530,"A×2, I×1, L×1, M×1, T×1, V×1","ATG×6371, GTT×1280, GCG×647, GCA×115, TTG×85, ACG×26, ATT×6"
1115,nonsynonymous-only,0,1,9,8529,"L×3, F×1, G×1, H×1, R×1, S×1, Y×1","TCC×4081, TTA×1401, AGA×1279, CAC×998, CTC×760, TAC×6, CTA×2, GGA×1, TTC×1"
1116,nonsynonymous-only,0,1,6,8530,"T×3, A×1, K×1, M×1","ATG×4844, AAA×1402, ACG×1209, ACA×998, GCG×71, ACT×6"
1117,nonsynonymous-only,0,1,7,8515,"S×2, V×2, A×1, H×1, Y×1","TCA×4214, CAC×1386, GCA×1280, TCG×851, GTA×762, TAC×16, GTT×6"
1118,nonsynonymous-only,0,1,8,7768,"G×2, I×2, V×2, A×1, T×1","GTT×4078, ATC×1401, ATT×1280, GGC×992, GTC×7, GGT×6, GCT×3, ACC×1"
1119,nonsynonymous-only,0,1,5,7768,"V×2, A×1, I×1, M×1","GTT×6179, ATG×998, GCT×400, ATT×185, GTA×6"
1120,nonsynonymous-only,0,1,4,2279,"E×1, K×1, L×1, Y×1","TTG×998, GAA×880, AAA×400, TAC×1"
1121,nonsynonymous-only,0,1,3,5366,"F×1, L×1, S×1","TTG×4086, TCC×1279, TTC×1"
1122,nonsynonymous-only,0,1,3,7126,"N×1, R×1, S×1","AAC×4095, AGC×1751, AGA×1280"
1123,nonsynonymous-only,0,1,6,7126,"A×1, D×1, E×1, G×1, I×1, V×1","GAT×4080, ATA×1280, GTA×997, GGA×602, GAA×160, GCA×7"
1124,nonsynonymous-only,0,1,3,1766,"F×1, P×1, Q×1","TTT×1004, CAA×464, CCA×298"
1125,nonsynonymous-only,0,1,5,7126,"C×1, L×1, P×1, S×1, Y×1","TCC×4080, CCC×1279, TAC×1004, TGC×762, CTC×1"
1126,nonsynonymous-only,0,1,3,5846,"G×1, S×1, V×1","GGA×5077, TCG×762, GTA×7"
1127,nonsynonymous-only,0,1,3,5846,"A×1, K×1, M×1","ATG×5078, GCG×762, AAG×6"
1128,nonsynonymous-only,0,1,5,5084,"N×2, I×1, K×1, R×1","AAC×4079, ATA×997, AAA×6, AAT×1, AGA×1"
1129,nonsynonymous-only,0,1,3,5084,"H×1, L×1, Q×1","CTA×4080, CAC×998, CAG×6"
1130,nonsynonymous-only,0,1,2,4848,"L×1, S×1","TTG×4842, TCG×6"
1131,nonsynonymous-only,0,1,3,4848,"K×2, M×1","AAA×4080, AAG×762, ATG×6"
1132,nonsynonymous-only,0,1,3,4848,"I×1, N×1, T×1","ATT×4080, ACT×762, AAC×6"
1133,nonsynonymous-only,0,1,3,4848,"I×1, K×1, M×1","ATA×4080, ATG×762, AAG×6"
1134,nonsynonymous-only,0,1,4,4848,"K×2, M×1, R×1","ATG×4080, AAA×667, AAG×95, AGG×6"
1135,nonsynonymous-only,0,1,4,4848,"A×1, I×1, S×1, T×1","GCG×4079, TCC×762, ATA×6, ACG×1"
1136,nonsynonymous-only,0,1,4,4848,"L×2, P×2","CCG×3209, CTG×1632, TTG×6, CCA×1"
1139,nonsynonymous-only,0,1,2,387,"L×1, S×1","TCG×378, TTG×9"
1140,nonsynonymous-only,0,1,5,6128,"R×2, A×1, K×1, T×1","ACA×5359, AGG×757, AGA×6, AAG×5, GCA×1"
1141,nonsynonymous-only,0,1,5,6128,"I×2, A×1, N×1, T×1","ATT×2821, GCT×1280, ACT×1259, AAC×762, ATA×6"
1142,nonsynonymous-only,0,1,3,6768,"K×1, S×1, Y×1","AAA×5482, TAT×1280, TCT×6"
1143,nonsynonymous-only,0,1,7,8528,"E×2, A×1, L×1, P×1, S×1, T×1","GCA×4080, TCG×1402, GAA×1280, ACG×998, CCA×747, CTA×15, GAG×6"
1144,nonsynonymous-only,0,1,6,8528,"V×2, I×1, L×1, M×1, T×1","GTG×5304, ATG×1458, GTT×997, TTA×762, ACA×6, ATT×1"
1145,nonsynonymous-only,0,1,7,8528,"S×4, I×1, L×1, T×1","TCA×6348, TCG×1402, ACC×747, ATC×15, TCT×8, AGC×6, TTA×2"
1146,nonsynonymous-only,0,1,6,7126,"K×2, Y×2, E×1, R×1","AAG×4071, GAA×998, TAT×822, AAA×771, TAC×458, AGG×6"
1147,nonsynonymous-only,0,1,6,7123,"K×2, N×2, R×2","AAC×4826, CGA×1280, AAG×683, AAA×315, AAT×13, CGC×6"
1148,nonsynonymous-only,0,1,7,7117,"E×2, C×1, D×1, G×1, H×1, V×1","GGT×4075, GAG×1294, GAA×983, CAT×762, GAT×1, GTG×1, TGT×1"
1149,nonsynonymous-only,0,1,4,7123,"L×2, F×1, H×1","CTT×5075, TTG×1280, TTT×762, CAT×6"
1151,nonsynonymous-only,0,1,2,998,"Q×1, R×1","CGA×735, CAA×263"
1154,nonsynonymous-only,0,1,5,7123,"Q×2, E×1, K×1, P×1","CAA×5072, CAG×1280, CCA×764, GAA×6, AAA×1"
1155,nonsynonymous-only,0,1,7,7123,"E×2, K×2, D×1, G×1, Q×1","GAG×4808, AAG×1280, AAA×762, GAA×249, GAT×17, CAG×6, GGG×1"
1156,nonsynonymous-only,0,1,3,2225,"L×1, P×1, Q×1","CCA×998, CAG×617, CTG×610"
1158,synonymous-only,1,0,2,2278,L×2,"CTG×1280, TTA×998"
1159,nonsynonymous-only,0,1,2,998,"F×1, S×1","TCC×908, TTC×90"
1161,nonsynonymous-only,0,1,5,7763,"D×1, E×1, K×1, S×1, T×1","AAA×5200, ACG×1402, GAT×998, GAA×157, TCA×6"
1162,nonsynonymous-only,0,1,7,8525,"C×1, E×1, H×1, K×1, N×1, R×1, S×1","AGA×4077, CAC×1402, AAT×1280, TGT×998, AAA×741, GAA×21, TCG×6"
1163,nonsynonymous-only,0,1,6,8525,"G×2, E×1, H×1, S×1, V×1","GGC×6318, GAA×1402, CAT×762, GTC×35, AGC×6, GGT×2"
1164,nonsynonymous-only,0,1,2,998,"F×1, L×1","CTC×995, TTC×3"
1166,nonsynonymous-only,0,1,4,3450,"L×2, S×1, Y×1","TAT×1402, TCG×1280, CTA×762, CTT×6"
1167,nonsynonymous-only,0,1,10,8528,"C×1, D×1, H×1, I×1, N×1, R×1, S×1, T×1, V×1, Y×1","TGT×4077, GTT×1402, ACC×1278, GAC×997, TAC×744, CAC×18, AGA×6, TCA×3, ATC×2, AAC×1"
1168,nonsynonymous-only,0,1,8,8528,"A×1, D×1, H×1, L×1, N×1, P×1, S×1, Y×1","CAT×4074, AAT×1406, GCT×1048, TAT×1008, CCT×444, TCT×317, GAT×228, CTT×3"
1169,nonsynonymous-only,0,1,2,1760,"G×1, R×1","GGA×998, AGA×762"
1170,nonsynonymous-only,0,1,6,8525,"T×2, K×1, M×1, R×1, S×1","AAA×4083, ACG×1401, AGT×1280, AGA×998, ACA×762, ATG×1"
1171,nonsynonymous-only,0,1,7,8519,"S×2, V×2, G×1, I×1, N×1","AGT×4077, GGC×1402, GTC×1280, AGC×990, GTT×762, AAC×7, ATT×1"
1172,nonsynonymous-only,0,1,5,8525,"L×2, I×1, S×1, V×1","TTA×4839, GTA×1382, CTA×1280, TCT×998, ATA×26"
1173,nonsynonymous-only,0,1,2,2170,"S×1, Y×1","TCG×2164, TAC×6"
1174,nonsynonymous-only,0,1,6,8525,"C×1, F×1, H×1, N×1, S×1, Y×1","TGT×5480, TAT×997, TCT×901, AAT×762, TTT×379, CAT×6"
1175,nonsynonymous-only,0,1,8,8519,"G×2, Q×2, V×2, D×1, R×1","CAA×4076, GAC×1402, GTT×1279, GGA×996, AGA×762, GGT×2, CAG×1, GTA×1"
1176,nonsynonymous-only,0,1,7,8528,"Y×2, A×1, C×1, D×1, N×1, S×1","TAT×4130, GAT×3350, TGT×949, AAT×93, TAC×3, GCT×2, AGT×1"
1177,nonsynonymous-only,0,1,6,8528,"T×2, F×1, K×1, P×1, S×1","ACC×4092, TCC×3312, TTC×768, CCC×352, AAA×3, ACA×1"
1178,nonsynonymous-only,0,1,8,4448,"C×1, G×1, K×1, N×1, Q×1, R×1, S×1, T×1","ACC×1280, AGA×1050, AGC×979, CAA×762, GGA×352, AAC×18, AAA×6, TGC×1"
1179,nonsynonymous-only,0,1,7,8528,"F×1, G×1, I×1, L×1, R×1, S×1, T×1","ATC×4077, AGC×1400, TTT×1286, AGA×987, CTG×762, GGA×13, ACA×3"
1180,nonsynonymous-only,0,1,2,8525,"G×1, R×1","GGA×7164, AGA×1361"
1181,nonsynonymous-only,0,1,4,8524,"A×1, N×1, S×1, T×1","GCT×4066, AGT×3432, ACT×779, AAT×247"
1182,nonsynonymous-only,0,1,7,8525,"L×2, A×1, C×1, F×1, S×1, T×1","TTT×4077, TGC×1402, GCG×1277, TTA×998, CTA×762, ACG×6, TCG×3"
1183,nonsynonymous-only,0,1,6,8525,"L×2, A×1, C×1, F×1, V×1","TTA×4322, GCA×1389, CTA×1035, TTT×1004, TGT×762, GTA×13"
1184,nonsynonymous-only,0,1,5,8525,"Y×2, C×1, D×1, N×1","TGT×5479, TAT×2278, GAT×760, AAT×6, TAC×2"
1185,nonsynonymous-only,0,1,6,8519,"L×2, R×2, P×1, Y×1","CTA×3904, TTA×2215, TAC×1396, CGC×993, CCA×6, CGT×5"
1186,nonsynonymous-only,0,1,2,2400,"P×1, T×1","CCA×1402, ACA×998"
1187,nonsynonymous-only,0,1,3,7527,"C×1, I×1, N×1","TGT×4077, AAT×2170, ATT×1280"
1188,nonsynonymous-only,0,1,4,8525,"A×1, F×1, V×1, Y×1","GTT×6477, GCT×1280, TTT×762, TAT×6"
1189,nonsynonymous-only,0,1,7,8521,"V×2, A×1, F×1, G×1, L×1, S×1","GTT×4077, CTT×1382, TTT×1300, AGT×997, GTC×759, GCT×3, GGC×3"
1190,nonsynonymous-only,0,1,4,6482,"C×1, Q×1, R×1, W×1","TGG×4082, AGA×1402, CAA×997, TGT×1"
1191,nonsynonymous-only,0,1,3,7762,"E×1, K×1, L×1","AAA×7750, GAA×6, TTA×6"
1192,nonsynonymous-only,0,1,5,6354,"C×2, G×1, N×1, W×1","AAC×4076, GGC×1280, TGC×995, TGT×2, TGG×1"
1193,nonsynonymous-only,0,1,6,6354,"G×1, I×1, L×1, P×1, S×1, V×1","GGA×4075, TTA×1280, CCA×509, TCA×488, ATA×1, GTA×1"
1194,nonsynonymous-only,0,1,5,5072,"V×4, A×1","GTT×4059, GTG×989, GTC×16, GTA×6, GCG×2"
1195,nonsynonymous-only,0,1,2,998,"K×1, Y×1","TAT×997, AAA×1"
1196,nonsynonymous-only,0,1,3,5072,"R×2, Q×1","CAA×4075, CGA×995, AGA×2"
1197,nonsynonymous-only,0,1,5,6474,"R×2, C×1, H×1, N×1","CGC×4073, AAT×1402, AGA×997, CAC×1, TGC×1"
1199,nonsynonymous-only,0,1,2,997,"K×1, N×1","AAT×996, AAA×1"
1200,nonsynonymous-only,0,1,3,1759,"L×2, H×1","CAC×997, CTC×761, CTA×1"
1201,nonsynonymous-only,0,1,2,1759,"G×1, R×1","CGA×997, GGT×762"
1202,nonsynonymous-only,0,1,3,6474,"D×1, K×1, N×1","GAT×4075, AAA×1402, AAT×997"
1203,nonsynonymous-only,0,1,3,5477,"F×1, Q×1, R×1","TTT×4075, CAA×1401, CGA×1"
1204,nonsynonymous-only,0,1,3,998,"H×1, Q×1, Y×1","TAC×865, CAC×132, CAA×1"
1205,nonsynonymous-only,0,1,3,998,"A×1, N×1, T×1","ACT×919, GCT×78, AAT×1"
1206,nonsynonymous-only,0,1,2,998,"K×1, R×1","AGA×996, AAA×2"
1207,nonsynonymous-only,0,1,3,998,"K×1, L×1, V×1","TTA×996, AAG×1, GTT×1"
1215,nonsynonymous-only,0,1,2,2,"G×1, K×1","AAG×1, GGA×1"
1217,nonsynonymous-only,0,1,2,2,"P×1, S×1","CCA×1, TCC×1"
1220,nonsynonymous-only,0,1,2,2,"T×1, W×1","ACC×1, TGG×1"
1222,nonsynonymous-only,0,1,2,2,"N×1, S×1","AAT×1, TCT×1"
