codon_index,category,syn_changes,nonsyn_changes,n_variants,n_sequences,aa_states,codon_counts
3,nonsynonymous-only,0,1,2,2168,"K×1, M×1","ATG×1190, AAA×978"
4,nonsynonymous-only,0,1,4,4658,"I×1, K×1, M×1, T×1","ATG×2875, AAG×1190, ACG×591, ATA×2"
5,nonsynonymous-only,0,1,3,4658,"R×2, Q×1","AGA×2490, CGG×1190, CAA×978"
6,nonsynonymous-only,0,1,2,4658,"I×1, K×1","ATT×4656, AAG×2"
7,nonsynonymous-only,0,1,3,4656,"D×1, E×1, V×1","GAT×2488, GAA×1190, GTT×978"
8,nonsynonymous-only,0,1,3,3680,"K×2, N×1","AAT×2488, AAA×1190, AAG×2"
9,synonymous-only,1,0,2,4658,I×2,"ATT×3468, ATC×1190"
10,nonsynonymous-only,0,1,3,4658,"H×1, I×1, Y×1","CAT×2488, TAT×1190, ATT×980"
11,nonsynonymous-only,0,1,2,4656,"Q×1, Y×1","CAA×3678, TAC×978"
13,nonsynonymous-only,0,1,2,1190,"I×1, V×1","GTT×1180, ATT×10"
16,nonsynonymous-only,0,1,5,7252,"R×2, H×1, Q×1, Y×1","CGC×2607, CGT×2474, CAA×2168, TAT×2, CAT×1"
17,nonsynonymous-only,0,1,4,4764,"L×2, S×1, T×1","TTG×2594, ACG×1190, TCA×978, TTA×2"
18,nonsynonymous-only,0,1,6,7252,"E×2, K×2, N×1, T×1","AAC×3335, GAG×2588, AAG×1195, AAA×131, ACA×2, GAA×1"
19,nonsynonymous-only,0,1,5,7250,"S×2, T×2, N×1","ACC×2590, AGT×2488, AAT×1190, AGC×978, ACT×4"
20,nonsynonymous-only,0,1,5,7250,"F×2, H×1, L×1, Y×1","TAC×2593, TTC×2488, TTA×1190, TTT×978, CAC×1"
21,nonsynonymous-only,0,1,4,4762,"T×2, F×1, Q×1","CAA×2594, ACG×1161, TTT×978, ACA×29"
23,nonsynonymous-only,0,1,2,2168,"M×1, T×1","ATG×1190, ACC×978"
24,nonsynonymous-only,0,1,3,2168,"I×1, N×1, T×1","ACC×1189, ATC×978, AAC×1"
27,nonsynonymous-only,0,1,4,3786,"S×2, N×1, T×1","ACT×2591, AGT×1190, AAT×3, AGC×2"
28,nonsynonymous-only,0,1,7,4658,"R×2, C×1, D×1, H×1, N×1, S×1","CGT×2451, GAT×1190, TCA×978, CGA×20, CAT×16, AAT×2, TGT×1"
29,nonsynonymous-only,0,1,8,8491,"A×2, L×2, I×1, M×1, T×1, V×1","TTG×2593, ACA×2470, ATG×1239, GCG×1185, GTG×983, GCA×18, ATA×2, TTA×1"
30,nonsynonymous-only,0,1,3,8491,"G×1, I×1, K×1","AAA×4707, ATA×2594, GGA×1190"
31,nonsynonymous-only,0,1,5,8491,"S×2, F×1, N×1, V×1","TTT×3572, TCC×2488, TCT×1239, GTC×1190, AAC×2"
32,nonsynonymous-only,0,1,6,5897,"T×2, K×1, M×1, R×1, S×1","AAG×2488, CGG×1239, ACG×1181, TCA×978, ACA×9, ATG×2"
33,nonsynonymous-only,0,1,4,6003,"K×2, Q×1, T×1","AAA×2596, AAG×1239, ACA×1190, CAG×978"
34,nonsynonymous-only,0,1,6,8489,"E×1, K×1, L×1, P×1, Q×1, S×1","CAA×4647, CCA×2557, GAA×1241, CTA×41, AAA×2, TCA×1"
35,nonsynonymous-only,0,1,7,8491,"S×2, A×1, E×1, Q×1, R×1, T×1","GCA×3568, GAA×2429, AGA×1875, AGC×604, AGT×9, ACA×4, CAG×2"
36,nonsynonymous-only,0,1,8,8491,"I×3, N×2, A×1, K×1, T×1","ACA×2547, AAC×2436, ATC×1238, ATT×1193, ATA×1022, AAT×51, GCA×3, AAG×1"
37,nonsynonymous-only,0,1,2,2490,"L×1, S×1","CTT×2488, TCT×2"
38,nonsynonymous-only,0,1,3,2491,"D×1, L×1, V×1","GTT×2488, CTG×2, GAT×1"
39,nonsynonymous-only,0,1,3,2489,"A×2, T×1","GCC×2410, ACC×77, GCT×2"
40,nonsynonymous-only,0,1,2,2489,"C×1, R×1","CGC×2473, TGC×16"
41,nonsynonymous-only,0,1,7,8490,"N×2, S×2, D×1, I×1, K×1","AAC×4651, GAT×2590, AGC×1235, AAT×5, AAA×4, AGT×4, ATC×1"
42,nonsynonymous-only,0,1,4,8491,"D×1, E×1, G×1, V×1","GAG×2595, GGC×2489, GTT×2429, GAC×978"
44,nonsynonymous-only,0,1,4,7303,"C×1, F×1, H×1, R×1","CAC×2592, CGC×2489, TTC×2217, TGC×5"
45,nonsynonymous-only,0,1,4,7303,"K×2, N×1, Y×1","AAG×2594, AAT×2489, AAA×1240, TAT×980"
46,nonsynonymous-only,0,1,3,4812,"K×1, Q×1, R×1","AAA×3830, CAA×978, AGA×4"
47,nonsynonymous-only,0,1,5,7301,"L×2, M×1, T×1, V×1","TTG×2593, GTC×2489, ATG×1239, ACG×978, TTA×2"
48,nonsynonymous-only,0,1,5,7303,"K×2, R×2, P×1","CCA×2595, AAA×2217, AGA×1318, AGG×1171, AAG×2"
51,nonsynonymous-only,0,1,6,6325,"L×3, F×1, Q×1, S×1","CTG×3713, TTC×2584, CTT×12, TCC×11, CAG×3, TTG×2"
52,nonsynonymous-only,0,1,5,7515,"A×1, D×1, N×1, T×1, V×1","GCT×3345, AAT×2595, ACA×1190, GAT×330, GTT×55"
53,nonsynonymous-only,0,1,2,3679,"F×1, I×1","ATA×2489, TTC×1190"
54,nonsynonymous-only,0,1,8,7515,"R×3, S×2, A×1, I×1, P×1","GCC×2595, CCC×2485, CGG×1234, AGC×1163, AGA×27, CGA×5, TCC×4, ATC×2"
55,nonsynonymous-only,0,1,5,7515,"A×1, E×1, G×1, Q×1, V×1","GCT×2594, GAA×2489, CAG×1239, GGA×1192, GTT×1"
56,nonsynonymous-only,0,1,9,7515,"P×2, D×1, E×1, G×1, L×1, Q×1, R×1, V×1","CGG×2594, CCG×2487, GAG×1201, CCA×1190, GGG×37, CTG×2, GTA×2, CAG×1, GAT×1"
57,nonsynonymous-only,0,1,7,5898,"R×2, G×1, I×1, L×1, M×1, Q×1","CTG×2489, CGG×1237, ATG×1189, CAG×978, CGA×2, GGG×2, ATA×1"
58,nonsynonymous-only,0,1,3,7254,"L×2, P×1","CCA×2595, TTA×2489, CTA×2170"
59,nonsynonymous-only,0,1,7,8493,"V×4, A×1, I×1, Q×1","GCT×2595, GTG×2489, CAG×1239, GTA×1190, GTC×972, ATC×6, GTT×2"
60,nonsynonymous-only,0,1,5,8493,"K×1, L×1, N×1, T×1, Y×1","AAG×3679, TAT×2595, AAC×1239, ACT×978, CTT×2"
61,nonsynonymous-only,0,1,3,7254,"I×1, S×1, T×1","ACT×2519, AGC×2489, ATT×2246"
62,nonsynonymous-only,0,1,2,2489,"F×1, S×1","TTT×2454, TCT×35"
63,nonsynonymous-only,0,1,4,8493,"I×2, N×1, Q×1","ATA×2595, CAG×2489, ATC×2170, AAT×1239"
64,nonsynonymous-only,0,1,6,8493,"N×2, D×1, K×1, S×1, Y×1","AAT×5089, GAT×1237, AAC×1190, AGT×973, AAG×2, TAT×2"
65,nonsynonymous-only,0,1,5,3788,"E×1, R×1, S×1, W×1, Y×1","TAT×2595, TGG×820, TCG×370, GAA×2, CGA×1"
66,nonsynonymous-only,0,1,5,6002,"F×1, P×1, S×1, T×1, W×1","TGG×2595, TCG×1236, TTC×1190, ACG×978, CCG×3"
67,nonsynonymous-only,0,1,6,8496,"K×2, E×1, Q×1, R×1, V×1","AAA×2595, GAA×2495, CAG×1236, GTG×1190, AAG×978, AGG×2"
68,nonsynonymous-only,0,1,4,7260,"K×2, M×1, T×1","AAG×7252, ATG×5, AAA×2, ACG×1"
69,nonsynonymous-only,0,1,9,8499,"G×3, E×2, C×1, D×1, T×1, V×1","GTG×2595, ACC×2495, TGC×1239, GGC×1182, GGA×509, GAA×465, GAC×8, GGG×4, GAG×2"
70,nonsynonymous-only,0,1,5,8497,"A×1, F×1, K×1, Q×1, V×1","AAG×5090, CAG×1239, GCT×1167, TTC×978, GTT×23"
71,nonsynonymous-only,0,1,5,6331,"S×2, L×1, P×1, Y×1","TCC×2593, TCG×2495, CCG×1239, TAC×2, TTA×2"
72,nonsynonymous-only,0,1,3,8499,"K×1, L×1, N×1","TTA×4714, AAC×2595, AAA×1190"
73,nonsynonymous-only,0,1,5,7260,"K×2, E×1, N×1, R×1","AAA×2600, AAG×2490, AAT×1190, AGA×979, GAG×1"
74,nonsynonymous-only,0,1,4,7260,"L×1, R×1, S×1, Y×1","CGG×2595, TTA×2497, TAT×1190, TCA×978"
75,nonsynonymous-only,0,1,7,7260,"E×1, G×1, I×1, K×1, L×1, N×1, R×1","GAA×2589, AAT×2495, CTG×1181, ATA×978, CGG×9, GGA×6, AAG×2"
76,nonsynonymous-only,0,1,7,7260,"D×1, H×1, K×1, L×1, Q×1, R×1, V×1","AAA×2595, CAA×1800, GTC×1190, CAC×977, CTA×695, GAT×2, CGC×1"
77,nonsynonymous-only,0,1,6,7260,"D×1, G×1, I×1, K×1, N×1, V×1","GAC×4547, AAC×2590, GTC×86, GGC×30, AAA×5, ATC×2"
78,nonsynonymous-only,0,1,4,7259,"R×2, P×1, Q×1","CAG×2658, CCG×2595, CGG×2004, CGA×2"
80,nonsynonymous-only,0,1,2,1190,"N×1, S×1","AAT×1189, AGT×1"
82,nonsynonymous-only,0,1,2,1190,"L×1, S×1","TCG×1189, TTG×1"
85,nonsynonymous-only,0,1,5,4665,"L×2, S×1, W×1, Y×1","TTA×2495, TGG×1187, TAC×978, TTG×3, TCG×2"
86,nonsynonymous-only,0,1,2,4665,"F×1, R×1","TTT×3475, CGT×1190"
87,nonsynonymous-only,0,1,3,4665,"F×2, L×1","TTT×3473, TTC×1190, TTA×2"
88,nonsynonymous-only,0,1,5,4665,"D×2, H×1, N×1, S×1","GAT×2481, AGC×1190, CAT×980, GAC×10, AAT×4"
89,nonsynonymous-only,0,1,4,5904,"I×1, K×1, M×1, V×1","AAA×3473, ATG×1239, ATC×1190, GTT×2"
90,nonsynonymous-only,0,1,6,5904,"N×2, D×1, E×1, G×1, V×1","GAC×3569, AAT×1239, GAA×978, AAC×58, GTC×58, GGC×2"
91,nonsynonymous-only,0,1,4,5904,"Y×2, A×1, H×1","TAC×2495, TAT×1239, CAT×1190, GCG×980"
92,nonsynonymous-only,0,1,4,4714,"L×2, F×1, S×1","TTA×2495, TCA×1239, TTT×978, CTT×2"
93,nonsynonymous-only,0,1,7,5904,"Q×2, A×1, E×1, K×1, L×1, P×1","GAG×2495, AAG×1239, CCA×1168, CAA×758, CAG×220, CTA×22, GCA×2"
94,nonsynonymous-only,0,1,5,5904,"Q×2, E×1, K×1, S×1","GAA×2497, AAA×1239, AGC×1190, CAA×976, CAG×2"
95,nonsynonymous-only,0,1,5,5904,"Q×2, R×2, S×1","CAG×3657, AGA×1239, CAA×978, CGG×28, TCT×2"
96,nonsynonymous-only,0,1,4,4665,"F×1, G×1, L×1, N×1","TTT×2495, TTA×1190, AAC×978, GGG×2"
97,nonsynonymous-only,0,1,4,4665,"K×1, P×1, V×1, Y×1","CCT×2495, AAA×1190, TAT×978, GTT×2"
98,nonsynonymous-only,0,1,4,5904,"F×1, I×1, L×1, V×1","TTT×2496, ATT×1239, GTT×1192, CTT×977"
99,nonsynonymous-only,0,1,7,8499,"I×3, F×1, L×1, T×1, V×1","ATT×2595, TTT×2495, ACT×1239, ATC×1188, TTA×978, ATA×2, GTT×2"
100,nonsynonymous-only,0,1,5,8499,"G×2, K×2, R×1","AAA×3473, GGC×2595, AGA×1239, GGG×1190, AAG×2"
101,nonsynonymous-only,0,1,5,8499,"E×1, K×1, N×1, R×1, S×1","AGT×3734, AAT×2595, AAA×1190, AGA×978, GAA×2"
103,nonsynonymous-only,0,1,3,3734,"G×2, A×1","GCA×2495, GGA×1236, GGT×3"
104,nonsynonymous-only,0,1,3,3734,"C×1, H×1, R×1","CGT×3343, CAT×378, TGT×13"
105,nonsynonymous-only,0,1,3,3734,"A×1, P×1, V×1","GCT×2351, CCT×1239, GTT×144"
106,nonsynonymous-only,0,1,5,4916,"V×2, I×1, M×1, T×1","ACG×1703, GTT×1236, ATC×1182, ATG×792, GTC×3"
107,nonsynonymous-only,0,1,3,4916,"I×2, N×1","ATT×2495, ATC×1239, AAT×1182"
108,nonsynonymous-only,0,1,6,4916,"E×1, G×1, L×1, P×1, R×1, Y×1","CCC×2493, TAT×1239, GGA×1180, CTC×2, AGA×1, GAA×1"
109,nonsynonymous-only,0,1,4,4923,"S×2, L×1, P×1","TCA×2508, TCG×2351, CCG×48, TTG×16"
110,nonsynonymous-only,0,1,4,4923,"L×2, F×1, V×1","CTT×2495, GTG×1239, CTC×1152, TTC×37"
111,nonsynonymous-only,0,1,3,3684,"C×1, H×1, R×1","CGC×2479, CAC×1204, TGC×1"
113,synonymous-only,1,0,2,2495,K×2,"AAG×2493, AAA×2"
114,nonsynonymous-only,0,1,2,3684,"K×1, R×1","AGG×2495, AAA×1189"
115,nonsynonymous-only,0,1,4,3684,"T×2, A×1, I×1","ACA×2421, ACT×1176, ATA×74, GCT×13"
116,nonsynonymous-only,0,1,2,4662,"F×1, S×1","TTT×4455, TCT×207"
117,synonymous-only,1,0,2,4662,I×2,"ATC×4661, ATT×1"
118,nonsynonymous-only,0,1,4,4662,"D×1, E×1, K×1, N×1","AAC×2495, GAA×1188, AAA×978, GAT×1"
119,nonsynonymous-only,0,1,7,4662,"P×2, R×2, K×1, M×1, V×1","AGA×2429, CCA×1173, GTT×978, AGG×50, CCC×16, AAA×15, ATG×1"
120,nonsynonymous-only,0,1,3,4664,"L×1, Q×1, S×1","CAG×2497, TTG×1189, TCC×978"
121,nonsynonymous-only,0,1,5,5903,"N×2, K×1, S×1, V×1","AAC×3729, GTT×1189, AAG×978, AAT×6, AGC×1"
122,nonsynonymous-only,0,1,6,5903,"E×1, K×1, M×1, N×1, R×1, S×1","AGA×2495, AAT×1236, GAA×1189, AAA×980, ATG×2, AGT×1"
123,nonsynonymous-only,0,1,4,4925,"K×1, P×1, Q×1, Y×1","TAC×2495, CAA×1239, CCA×1189, AAA×2"
124,nonsynonymous-only,0,1,4,4665,"I×1, L×1, S×1, V×1","ATA×2495, GTA×1190, TCG×978, CTT×2"
125,nonsynonymous-only,0,1,6,5904,"R×2, G×1, K×1, M×1, V×1","AGA×2494, AGG×1239, GTC×1190, ATG×978, GGG×2, AAA×1"
126,nonsynonymous-only,0,1,5,5904,"G×1, K×1, N×1, R×1, T×1","AAA×2495, AGA×1236, ACG×1190, AAC×980, GGA×3"
127,nonsynonymous-only,0,1,6,5904,"I×2, T×2, R×1, S×1","AGC×3471, ACA×2091, ACC×337, ATC×2, CGC×2, ATA×1"
128,nonsynonymous-only,0,1,3,1192,"S×2, Y×1","AGT×933, AGC×257, TAT×2"
130,nonsynonymous-only,0,1,5,3785,"T×2, A×1, I×1, N×1","ACC×3762, ATC×18, ACT×2, GCC×2, AAC×1"
131,nonsynonymous-only,0,1,6,7521,"C×1, H×1, P×1, R×1, T×1, V×1","CGT×2594, ACT×2495, CAT×1239, CCA×1190, GTT×2, TGT×1"
132,nonsynonymous-only,0,1,7,8499,"V×3, A×2, E×1, L×1","GAA×3685, GCA×2595, GTA×1236, GTT×791, GCT×187, GTG×3, CTA×2"
133,nonsynonymous-only,0,1,8,8499,"F×2, D×1, E×1, I×1, N×1, T×1, V×1","ACA×2594, AAT×2495, GAT×1239, GTT×1190, TTT×972, TTC×6, GAA×2, ATA×1"
134,nonsynonymous-only,0,1,8,8509,"E×2, T×2, D×1, K×1, N×1, P×1","GAA×3695, ACC×2574, GAG×1239, GAT×978, AAC×13, ACT×6, AAA×2, CCC×2"
135,nonsynonymous-only,0,1,9,8509,"P×3, S×2, D×1, F×1, Q×1, R×1","TCC×3677, CCC×2505, GAT×1190, CGC×978, CCT×77, TCT×66, CCA×13, CAG×2, TTC×1"
136,nonsynonymous-only,0,1,6,4812,"T×4, K×1, M×1","ACG×2590, ACC×1236, AAA×978, ACT×4, ACA×3, ATG×1"
137,nonsynonymous-only,0,1,6,4812,"S×2, T×2, A×1, I×1","ACC×2586, TCT×1236, AGT×978, ACT×6, ATC×3, GCT×3"
138,nonsynonymous-only,0,1,2,4812,"D×1, V×1","GAT×3573, GTT×1239"
139,nonsynonymous-only,0,1,5,4816,"V×3, F×1, S×1","GTG×2426, AGT×1239, TTT×978, GTT×168, GTA×5"
140,nonsynonymous-only,0,1,3,8511,"F×2, L×1","TTT×7339, TTC×1170, TTA×2"
141,nonsynonymous-only,0,1,7,8511,"A×2, D×2, K×1, Q×1, R×1","CGA×2597, GCG×2505, GAC×1237, AAA×1190, CAG×978, GAT×3, GCC×1"
142,nonsynonymous-only,0,1,6,8511,"N×2, K×1, Q×1, S×1, T×1","CAA×2597, AAC×2504, ACA×1241, AAA×1190, TCG×978, AAT×1"
143,nonsynonymous-only,0,1,8,8511,"V×3, L×2, Y×2, I×1","TAC×2593, GTA×2492, TTA×1239, ATT×1190, GTC×978, GTG×13, TAT×4, CTT×2"
144,nonsynonymous-only,0,1,3,8511,"I×2, V×1","ATC×3787, ATT×3485, GTA×1239"
145,synonymous-only,1,0,3,8511,G×3,"GGT×8507, GGA×2, GGC×2"
146,nonsynonymous-only,0,1,8,8511,"S×3, A×2, F×1, T×1, Y×1","AGC×2597, TTT×2505, GCC×1237, TCA×1190, TAT×978, TCT×2, ACC×1, GCT×1"
147,nonsynonymous-only,0,1,8,8511,"R×2, A×1, D×1, E×1, N×1, Q×1, S×1","CAA×2597, GAT×2505, AAT×1239, GCT×1189, CGC×881, CGA×97, GAA×2, TCT×1"
148,nonsynonymous-only,0,1,6,8511,"G×4, D×2","GGG×2578, GGC×2228, GGT×1348, GAT×1239, GGA×1117, GAC×1"
149,synonymous-only,1,0,3,8511,S×3,"AGC×6294, TCT×1239, AGT×978"
150,nonsynonymous-only,0,1,7,8511,"L×3, A×1, M×1, S×1, T×1","TTA×4721, GCC×2582, ATG×1190, ACC×14, CTA×2, TCC×1, TTG×1"
151,nonsynonymous-only,0,1,5,8511,"A×3, K×2","AAA×5026, GCA×2505, GCC×581, GCT×397, AAG×2"
152,nonsynonymous-only,0,1,8,8511,"D×2, T×2, E×1, K×1, Q×1, V×1","AAA×2597, GAC×2453, GTG×1239, ACG×1189, CAG×978, GAT×52, GAG×2, ACT×1"
153,nonsynonymous-only,0,1,7,8511,"P×2, V×2, A×1, S×1, T×1","GCC×5101, AGT×1239, CCG×1190, ACC×977, GTT×2, CCC×1, GTC×1"
154,nonsynonymous-only,0,1,5,8511,"I×2, V×2, M×1","ATC×5637, ATT×1676, GTG×661, GTT×529, ATG×8"
155,nonsynonymous-only,0,1,6,8511,"E×2, Q×2, A×1, K×1","GAA×4764, AAG×2505, CAG×1238, GCT×2, CAA×1, GAG×1"
156,nonsynonymous-only,0,1,3,8511,"Q×2, K×1","CAA×4770, AAG×2505, CAG×1236"
157,nonsynonymous-only,0,1,8,8511,"A×3, L×2, C×1, V×1, Y×1","TTG×2645, TGC×2596, GCC×2042, TTA×838, GCT×385, GCA×2, GTG×2, TAC×1"
158,synonymous-only,1,0,2,8511,K×2,"AAA×7272, AAG×1239"
159,nonsynonymous-only,0,1,8,8516,"A×4, I×1, M×1, S×1, T×1","GCC×5103, GCG×1212, GCA×1189, ATG×920, ATA×63, GCT×18, TCG×9, ACA×2"
160,nonsynonymous-only,0,1,5,8516,"A×3, T×1, V×1","GCT×6340, GCG×1183, GCA×987, GTA×5, ACT×1"
161,nonsynonymous-only,0,1,6,8516,"V×2, A×1, I×1, M×1, T×1","ATT×4933, ATG×2597, GCG×982, GTA×2, ACT×1, GTG×1"
162,synonymous-only,1,0,4,8516,L×4,"TTA×4931, TTG×2597, CTT×985, CTA×3"
163,synonymous-only,1,0,2,8516,Y×2,"TAT×8497, TAC×19"
164,synonymous-only,1,0,4,8516,P×4,"CCG×3678, CCC×2588, CCA×1279, CCT×971"
165,nonsynonymous-only,0,1,7,8516,"P×3, D×2, G×2","CCA×5005, CCT×2505, GGC×888, GAC×58, GGT×37, CCG×21, GAT×2"
166,nonsynonymous-only,0,1,7,8516,"L×2, N×2, G×1, K×1, R×1","TTG×2596, AAT×2370, AGA×1239, AAA×1190, GGT×983, AAC×137, CTG×1"
167,nonsynonymous-only,0,1,4,8516,"G×3, S×1","GGC×3855, GGT×3838, GGA×822, AGC×1"
168,nonsynonymous-only,0,1,5,8517,"L×3, I×1, M×1","TTG×5709, ATG×2597, TTA×208, CTA×2, ATA×1"
169,nonsynonymous-only,0,1,5,8517,"H×2, P×2, N×1","AAT×3695, CCT×3581, CAT×1236, CAC×3, CCC×2"
170,nonsynonymous-only,0,1,6,8517,"I×2, C×1, L×1, T×1, V×1","TTA×2598, ATT×2507, ACG×1239, TGT×1190, GTC×980, ATC×3"
171,nonsynonymous-only,0,1,5,8517,"L×4, I×1","TTA×7274, ATT×1239, CTT×2, CTA×1, TTG×1"
172,nonsynonymous-only,0,1,5,8517,"L×3, I×2","ATT×3397, ATC×2613, CTT×2499, CTA×6, TTA×2"
173,nonsynonymous-only,0,1,5,8517,"T×2, F×1, H×1, S×1","ACT×3695, CAT×2598, TTT×1239, ACA×983, TCT×2"
174,synonymous-only,1,0,3,8517,G×3,"GGA×6296, GGG×1238, GGT×983"
175,nonsynonymous-only,0,1,6,8517,"A×1, E×1, K×1, P×1, S×1, T×1","GAA×3488, GCC×2597, AAA×1239, CCA×1190, AGC×2, ACC×1"
176,nonsynonymous-only,0,1,3,8517,"S×2, T×1","AGT×3583, TCT×2505, ACA×2429"
177,nonsynonymous-only,0,1,5,8516,"G×4, C×1","GGT×2906, GGG×2325, GGC×1863, GGA×1415, TGT×7"
178,nonsynonymous-only,0,1,9,8517,"T×3, V×3, S×2, M×1","GTC×2598, GTG×2226, ACA×1245, TCT×1190, ACG×972, GTT×278, ACT×3, ATG×3, TCA×2"
179,synonymous-only,1,0,4,8517,G×4,"GGG×4675, GGC×2753, GGT×1076, GGA×13"
181,nonsynonymous-only,0,1,7,8517,"T×4, S×3","AGC×2598, ACC×2505, TCT×1239, ACT×1184, AGT×983, ACG×6, ACA×2"
182,nonsynonymous-only,0,1,4,8517,"L×2, F×1, Y×1","TTT×3583, TTA×2505, CTT×1239, TAT×1190"
183,nonsynonymous-only,0,1,4,8516,"L×2, F×1, I×1","TTG×2598, ATT×2504, TTT×2429, TTA×985"
184,synonymous-only,1,0,3,8516,A×3,"GCA×5243, GCT×2431, GCG×842"
185,nonsynonymous-only,0,1,6,8516,"H×2, K×2, E×1, S×1","GAA×3745, AAG×1647, CAT×1182, TCC×983, AAA×951, CAC×8"
186,nonsynonymous-only,0,1,8,8516,"L×3, A×1, C×1, K×1, M×1, Q×1","CTG×2577, CAA×2504, TGT×1239, GCC×1190, TTA×983, TTG×20, AAA×2, ATG×1"
187,nonsynonymous-only,0,1,4,8516,"I×1, L×1, M×1, Y×1","ATT×2600, TTA×2504, ATG×2429, TAT×983"
188,nonsynonymous-only,0,1,4,8516,"Y×2, F×1, H×1","TAT×3584, CAC×2504, TAC×1238, TTT×1190"
189,nonsynonymous-only,0,1,8,8516,"E×2, Q×2, C×1, H×1, K×1, R×1","CAA×3630, GAG×2587, CGT×1237, CAG×1047, GAA×11, AAG×2, CAT×1, TGT×1"
190,nonsynonymous-only,0,1,3,8516,"Y×2, F×1","TTT×5916, TAT×2593, TAC×7"
191,synonymous-only,1,0,2,1192,A×2,"GCG×1190, GCA×2"
192,nonsynonymous-only,0,1,6,5029,"L×2, I×1, K×1, P×1, Q×1","CTG×1904, AAG×1190, CCA×942, CTA×694, CAA×297, ATT×2"
193,nonsynonymous-only,0,1,6,8516,"K×2, L×2, S×2","AAA×2596, TCA×2506, TTG×1306, CTG×1123, TCT×983, AAG×2"
194,nonsynonymous-only,0,1,6,8516,"N×2, E×1, F×1, I×1, S×1","AGT×2504, AAC×2000, AAT×1788, ATT×1239, TTC×983, GAA×2"
195,nonsynonymous-only,0,1,3,6027,"E×1, K×1, Q×1","GAA×2598, CAA×2440, AAA×989"
196,nonsynonymous-only,0,1,4,4820,"E×1, K×1, Q×1, R×1","CAA×2598, AAA×1238, AGA×983, GAA×1"
197,nonsynonymous-only,0,1,3,3581,"I×2, T×1","ATC×2202, ACT×983, ATT×396"
198,nonsynonymous-only,0,1,6,4773,"I×2, A×1, C×1, N×1, T×1","ATT×2265, TGT×1190, ACT×932, ATC×333, GCT×51, AAT×2"
199,nonsynonymous-only,0,1,4,7533,"E×1, F×1, G×1, R×1","GGC×3788, GAA×2504, AGA×1239, TTC×2"
200,nonsynonymous-only,0,1,6,7264,"L×2, P×2, Q×1, R×1","CTG×2574, CCA×2417, CAA×1266, CGA×983, CCG×21, CTA×3"
201,nonsynonymous-only,0,1,7,8516,"E×2, F×1, G×1, N×1, R×1, S×1","AGA×4876, GAA×2521, TTC×983, GAG×77, GGA×56, AAC×2, AGC×1"
202,nonsynonymous-only,0,1,5,5918,"S×2, C×1, K×1, R×1","AGT×2504, TGC×1236, AAA×1190, AGC×985, CGC×3"
203,nonsynonymous-only,0,1,6,5918,"I×1, L×1, P×1, R×1, S×1, T×1","TCC×2149, CCC×1564, AGA×1190, ACC×974, CTC×32, ATC×9"
204,nonsynonymous-only,0,1,3,8516,"F×1, I×1, V×1","GTT×3490, ATT×2802, TTT×2224"
205,nonsynonymous-only,0,1,5,8516,"L×2, C×1, H×1, Y×1","TGT×3412, CTA×2587, TAT×2290, CAT×216, TTA×11"
206,nonsynonymous-only,0,1,9,8516,"H×2, L×2, C×1, D×1, G×1, N×1, Y×1","TTA×2504, CAC×2187, CTC×1239, GGT×1190, GAC×778, TAC×402, AAC×205, CAT×9, TGC×2"
207,nonsynonymous-only,0,1,6,8516,"L×2, F×1, I×1, S×1, V×1","TTT×3744, CTT×2597, GTT×1037, AGT×983, ATT×153, TTA×2"
209,synonymous-only,1,0,2,8516,L×2,"TTG×4728, CTG×3788"
210,nonsynonymous-only,0,1,3,8516,"C×1, R×1, Y×1","TGC×8514, CGC×1, TAC×1"
211,nonsynonymous-only,0,1,4,7284,"R×2, A×1, Q×1","AGA×3694, CGA×2604, GCA×985, CAA×1"
212,nonsynonymous-only,0,1,3,8516,"L×2, I×1","TTA×3837, ATA×3489, CTA×1190"
213,nonsynonymous-only,0,1,3,8516,"C×1, F×1, R×1","TGC×5960, TTT×2506, CGC×50"
214,nonsynonymous-only,0,1,3,8452,"A×1, Q×1, T×1","CAA×6023, ACA×1238, GCA×1191"
215,nonsynonymous-only,0,1,2,6204,"K×1, Q×1","CAA×4965, AAA×1239"
216,nonsynonymous-only,0,1,4,8516,"F×1, P×1, S×1, Y×1","TCC×7262, CCC×1241, TAC×12, TTC×1"
217,nonsynonymous-only,0,1,4,8514,"R×2, S×1, T×1","AGA×4674, CGA×2598, ACA×1239, AGC×3"
218,nonsynonymous-only,0,1,3,8516,"A×1, I×1, T×1","ATT×6341, ACT×1192, GCT×983"
219,nonsynonymous-only,0,1,4,8516,"A×1, F×1, I×1, T×1","ATT×3743, TTT×2173, GCT×2117, ACT×483"
220,nonsynonymous-only,0,1,5,8516,"I×2, D×1, N×1, V×1","AAC×3487, ATC×2114, ATT×1239, GAT×1190, GTC×486"
221,nonsynonymous-only,0,1,5,7533,"V×2, F×1, I×1, W×1","ATC×2598, TTC×2506, TGG×1239, GTC×1189, GTT×1"
222,nonsynonymous-only,0,1,5,8516,"A×1, G×1, H×1, S×1, Y×1","GCA×3456, TCA×2460, CAT×2150, TAT×448, GGC×2"
223,nonsynonymous-only,0,1,6,8516,"F×1, I×1, L×1, P×1, S×1, Y×1","TCT×5089, TAT×1251, TTT×1186, ATT×983, CTT×4, CCT×3"
224,nonsynonymous-only,0,1,3,8516,"I×1, L×1, V×1","CTT×3837, GTT×2490, ATT×2189"
225,nonsynonymous-only,0,1,3,8516,"R×2, W×1","TGG×6305, CGG×2209, CGA×2"
226,nonsynonymous-only,0,1,10,8516,"L×2, A×1, C×1, G×1, P×1, R×1, S×1, T×1, V×1","CCA×2593, CTA×2458, CGT×1232, GTA×1190, GCA×783, ACA×201, TTA×50, GGT×6, TCA×2, TGT×1"
227,nonsynonymous-only,0,1,6,6012,"C×1, E×1, F×1, K×1, S×1, Y×1","TAC×2597, AAA×1238, TGT×1192, TCT×983, GAA×1, TTC×1"
228,nonsynonymous-only,0,1,4,7533,"G×1, K×1, Q×1, R×1","AAA×3743, CAA×2600, AGA×1020, GGA×170"
230,nonsynonymous-only,0,1,5,8516,"C×1, G×1, Q×1, R×1, S×1","CGC×4490, CAG×2504, GGC×1190, TGC×296, AGC×36"
231,nonsynonymous-only,0,1,5,8516,"L×2, F×1, I×1, V×1","TTT×3489, ATT×2564, CTA×1239, CTT×1190, GTT×34"
232,nonsynonymous-only,0,1,2,8516,"H×1, Y×1","TAC×4955, CAC×3561"
233,nonsynonymous-only,0,1,5,8516,"G×2, R×2, W×1","TGG×6339, AGG×1239, GGG×933, CGG×4, GGA×1"
234,nonsynonymous-only,0,1,5,8516,"A×1, C×1, G×1, R×1, S×1","TGC×3716, AGC×2175, GGC×1430, CGC×1192, GCC×3"
235,nonsynonymous-only,0,1,6,5918,"R×3, E×1, H×1, Y×1","CGT×2448, GAA×1239, TAC×1190, AGA×985, CGC×55, CAT×1"
236,nonsynonymous-only,0,1,5,7261,"E×1, F×1, I×1, Q×1, T×1","ATC×2598, CAA×2488, GAA×1190, TTC×983, ACA×2"
237,nonsynonymous-only,0,1,5,6016,"R×2, C×1, Q×1, S×1","AGA×3837, AGC×1190, CGA×975, CAA×8, TGC×6"
238,nonsynonymous-only,0,1,4,6294,"E×1, K×1, P×1, T×1","AAA×2754, CCA×2504, GAA×1034, ACA×2"
239,nonsynonymous-only,0,1,7,8516,"A×1, K×1, N×1, R×1, S×1, T×1, Y×1","AAA×2504, ACA×1356, GCA×1242, TCC×1239, AGA×1190, AAT×983, TAT×2"
240,nonsynonymous-only,0,1,2,8516,"R×1, W×1","AGG×7531, TGG×985"
241,nonsynonymous-only,0,1,7,8516,"D×1, F×1, G×1, L×1, S×1, T×1, V×1","CTT×2879, ACT×2598, GAT×1190, TTT×866, GGC×586, AGC×396, GTC×1"
242,nonsynonymous-only,0,1,4,8516,"L×1, N×1, S×1, Y×1","CTT×3581, AGT×2503, AAT×1242, TAT×1190"
243,nonsynonymous-only,0,1,7,7326,"G×3, S×2, D×1, R×1","GGC×3799, GGA×2312, TCA×983, AGA×196, AGC×25, GAC×10, GGT×1"
244,nonsynonymous-only,0,1,5,7353,"K×2, P×1, R×1, V×1","CCA×2599, GTT×2505, AAA×1241, AAG×983, CGA×25"
245,nonsynonymous-only,0,1,5,8521,"G×2, C×1, S×1, V×1","AGC×5030, GGC×2505, TGC×983, GGA×2, GTC×1"
246,nonsynonymous-only,0,1,3,6493,"K×1, Q×1, R×1","AGA×5920, CAA×571, AAA×2"
247,nonsynonymous-only,0,1,3,5918,"G×1, R×1, W×1","TGG×4935, AGG×971, GGG×12"
248,nonsynonymous-only,0,1,5,8525,"F×1, G×1, Q×1, R×1, W×1","CGG×3487, TTC×2599, CAG×1190, GGG×983, TGG×266"
250,nonsynonymous-only,0,1,5,8525,"F×2, Y×2, L×1","TTT×3493, TAC×2599, TTC×2429, CTT×2, TAT×2"
251,nonsynonymous-only,0,1,3,8525,"C×1, S×1, Y×1","TCT×3810, TAT×3523, TGT×1192"
255,nonsynonymous-only,0,1,3,8523,"K×2, R×1","AAG×7268, AAA×1239, AGG×16"
256,nonsynonymous-only,0,1,3,8523,"F×1, S×1, Y×1","TAC×3791, TCC×2510, TTC×2222"
258,nonsynonymous-only,0,1,5,8523,"V×2, A×1, D×1, G×1","GAT×5109, GTT×1689, GGT×1190, GCT×533, GTC×2"
259,synonymous-only,1,0,2,5028,Y×2,"TAT×2598, TAC×2430"
260,nonsynonymous-only,0,1,7,8523,"R×3, H×1, P×1, Q×1, V×1","CCA×2599, CGA×2510, CGC×1238, CAC×1190, GTC×983, CAG×2, CGT×1"
261,nonsynonymous-only,0,1,6,8523,"A×1, L×1, M×1, P×1, Q×1, T×1","GCG×2510, ACG×2353, CAG×1239, CCG×1190, CTG×983, ATG×248"
262,nonsynonymous-only,0,1,3,8523,"K×2, R×1","AAG×5924, AAA×2595, AGA×4"
263,nonsynonymous-only,0,1,6,8523,"A×1, D×1, G×1, I×1, T×1, V×1","ACC×2586, GCC×2338, GTC×1411, GAC×1190, GGC×985, ATC×13"
264,nonsynonymous-only,0,1,2,8523,"K×1, R×1","AAG×7540, AGG×983"
266,nonsynonymous-only,0,1,4,7333,"N×2, C×1, S×1","AAT×3150, AAC×2599, TGC×1239, AGT×345"
267,nonsynonymous-only,0,1,4,8525,"C×1, F×1, S×1, Y×1","TCT×3834, TGT×3495, TTT×1194, TAT×2"
268,nonsynonymous-only,0,1,4,8525,"F×2, L×1, S×1","TTA×4734, TTC×2599, TTT×1190, TCA×2"
269,nonsynonymous-only,0,1,7,8525,"H×1, I×1, L×1, N×1, Q×1, R×1, S×1","CAG×2510, AGT×2489, CGT×1239, ATT×1190, CAT×985, AAT×110, CTT×2"
270,nonsynonymous-only,0,1,3,8525,"F×1, L×1, S×1","TTA×5028, TTT×3495, TCA×2"
271,nonsynonymous-only,0,1,2,7540,"L×1, W×1","TGG×6301, TTG×1239"
272,nonsynonymous-only,0,1,3,8525,"I×2, L×1","ATA×6349, ATC×2175, TTA×1"
273,nonsynonymous-only,0,1,7,8525,"K×2, M×1, P×1, Q×1, R×1, T×1","AAG×3764, CAG×2533, ACG×1189, AGG×969, CCG×68, AAA×1, ATG×1"
274,nonsynonymous-only,0,1,6,6013,"A×2, V×2, E×1, G×1","GCG×2368, GGA×2077, GTA×938, GAA×522, GTG×61, GCA×47"
275,nonsynonymous-only,0,1,7,8525,"A×1, C×1, K×1, L×1, P×1, S×1, Y×1","CCT×2557, TAT×2548, TGT×2391, TCA×618, TTA×367, GCT×42, AAA×2"
276,nonsynonymous-only,0,1,5,7335,"F×1, L×1, S×1, T×1, Y×1","TTT×3449, TCC×2599, ACC×1239, TAT×46, TTA×2"
277,nonsynonymous-only,0,1,6,4941,"A×2, T×2, S×1, V×1","ACA×2496, GTC×1239, GCG×1180, ACG×14, GCA×10, TCT×2"
278,nonsynonymous-only,0,1,7,8525,"P×3, R×3, H×1","CGG×3245, CCT×1833, CAT×1239, CGT×1190, CCC×766, CGA×250, CCA×2"
279,nonsynonymous-only,0,1,3,7286,"I×1, L×1, M×1","ATG×3497, ATT×2599, TTA×1190"
280,nonsynonymous-only,0,1,5,8525,"G×3, A×1, E×1","GGT×5113, GGC×2171, GAG×1187, GCG×52, GGG×2"
281,nonsynonymous-only,0,1,3,8524,"D×1, E×1, K×1","GAA×7283, AAA×1239, GAT×2"
282,nonsynonymous-only,0,1,8,8524,"A×2, T×2, V×2, E×1, N×1","GAA×2599, GCC×2497, GTG×1237, ACA×1190, ACC×985, GCT×12, AAT×2, GTT×2"
283,nonsynonymous-only,0,1,8,8524,"V×3, A×2, E×1, G×1, N×1","GGA×2599, GAA×2509, GTG×1187, AAT×985, GTC×754, GCC×485, GTT×3, GCA×2"
284,nonsynonymous-only,0,1,6,8524,"R×3, K×2, I×1","AAA×7440, CGG×985, AGA×72, AGG×24, ATA×2, AAG×1"
285,nonsynonymous-only,0,1,7,8524,"P×2, S×2, K×1, M×1, Q×1","ATG×2599, CAA×2509, CCT×1237, TCA×1190, CCC×985, AAA×2, TCT×2"
286,nonsynonymous-only,0,1,8,8524,"R×3, V×2, H×1, I×1, M×1","AGA×2493, GTG×1682, ATG×1256, CAT×1190, ATT×985, GTC×900, AGG×16, CGT×2"
287,nonsynonymous-only,0,1,5,7285,"H×2, N×1, P×1, Q×1","CAT×3759, AAT×2509, CCT×985, CAC×30, CAA×2"
288,nonsynonymous-only,0,1,8,8524,"A×4, S×2, V×2","TCC×2599, GTA×2509, GCC×1238, GCG×1114, GTT×985, GCA×76, TCA×2, GCT×1"
289,nonsynonymous-only,0,1,7,8524,"K×2, S×2, D×1, M×1, T×1","AAG×2599, TCG×2509, TCT×1239, GAT×1190, ACG×984, AAA×2, ATG×1"
290,nonsynonymous-only,0,1,4,8524,"V×2, C×1, I×1","GTC×2539, ATA×2509, GTT×2491, TGT×985"
291,nonsynonymous-only,0,1,6,8524,"R×4, K×1, Q×1","CGG×4715, AAA×2509, CAA×1239, CGA×58, CGC×2, AGG×1"
292,nonsynonymous-only,0,1,6,8524,"I×2, L×2, F×1, V×1","CTA×2599, TTT×2509, ATT×2375, TTG×987, GTT×51, ATC×3"
293,nonsynonymous-only,0,1,3,8524,"C×1, I×1, L×1","ATT×4940, CTA×2599, TGC×985"
294,nonsynonymous-only,0,1,4,8524,"F×2, C×1, G×1","TTT×6094, GGT×1239, TGT×1190, TTC×1"
295,synonymous-only,1,0,4,8524,A×4,"GCG×3203, GCA×3137, GCT×1199, GCC×985"
296,nonsynonymous-only,0,1,4,8524,"T×3, A×1","ACA×4734, ACC×2599, ACG×1190, GCA×1"
297,nonsynonymous-only,0,1,5,8524,"T×4, N×1","ACC×5098, ACG×2429, ACT×987, AAC×9, ACA×1"
298,synonymous-only,1,0,2,8524,E×2,"GAA×7408, GAG×1116"
299,nonsynonymous-only,0,1,7,8524,"A×2, N×2, S×2, E×1","AAC×2600, GCA×1772, TCC×1235, AAT×1191, GAA×985, GCC×737, TCA×4"
300,nonsynonymous-only,0,1,7,8524,"P×3, G×1, I×1, S×1, V×1","CCG×2597, GTC×2486, TCA×1239, CCT×1190, ATT×987, GGC×23, CCA×2"
301,nonsynonymous-only,0,1,7,8524,"N×2, E×1, K×1, S×1, T×1, Y×1","AAA×2602, AAT×2488, GAA×1242, ACT×1192, TCT×983, AAC×15, TAT×2"
302,nonsynonymous-only,0,1,4,7285,"S×2, K×1, Q×1","AAA×2599, CAA×2511, TCT×1190, AGC×985"
304,nonsynonymous-only,0,1,3,8524,"L×2, F×1","CTT×4622, TTT×3901, CTC×1"
305,nonsynonymous-only,0,1,3,8524,"F×1, I×1, V×1","TTT×4735, ATT×3788, GTT×1"
306,nonsynonymous-only,0,1,5,8524,"A×1, E×1, K×1, N×1, T×1","GAA×3698, ACC×2485, AAC×2224, GCC×116, AAA×1"
307,nonsynonymous-only,0,1,4,8524,"D×1, H×1, N×1, Y×1","AAC×5110, CAC×1248, TAC×1181, GAC×985"
308,nonsynonymous-only,0,1,5,8524,"A×1, F×1, I×1, L×1, V×1","CTT×2599, GTT×2507, TTT×2429, ATT×988, GCT×1"
309,nonsynonymous-only,0,1,5,7359,"C×1, F×1, L×1, Q×1, Y×1","TTT×3494, TTA×2599, TGT×1190, CAA×74, TAT×2"
310,nonsynonymous-only,0,1,3,8524,"A×1, K×1, S×1","TCG×3840, AAG×3494, GCG×1190"
311,nonsynonymous-only,0,1,4,8524,"A×1, K×1, P×1, T×1","CCG×2601, AAG×2509, ACG×2175, GCG×1239"
312,nonsynonymous-only,0,1,6,8524,"D×1, G×1, H×1, N×1, T×1, Y×1","GAT×3696, AAT×3396, CAT×1190, TAT×200, GGT×40, ACT×2"
313,nonsynonymous-only,0,1,5,8524,"A×1, F×1, P×1, S×1, Y×1","TCC×3782, TTC×2599, CCC×2140, GCC×2, TAC×1"
314,nonsynonymous-only,0,1,4,8524,"C×1, D×1, R×1, Y×1","CGT×2599, TGT×2511, GAT×2429, TAT×985"
315,nonsynonymous-only,0,1,9,8526,"D×2, N×2, C×1, H×1, S×1, V×1, Y×1","AAT×2575, GAC×2506, GTC×1239, TAT×1160, TCA×985, CAT×30, GAT×25, AAC×4, TGT×2"
316,nonsynonymous-only,0,1,7,8526,"D×1, H×1, I×1, N×1, R×1, S×1, Y×1","CGT×2599, ATT×2511, GAT×1238, CAT×1178, AAT×986, TAT×12, AGT×2"
317,nonsynonymous-only,0,1,4,7541,"S×2, L×1, Y×1","CTC×2599, AGC×2511, TAC×1241, TCA×1190"
318,nonsynonymous-only,0,1,6,8526,"F×1, H×1, I×1, N×1, T×1, Y×1","ACT×2599, ATT×2429, CAT×1920, AAT×985, TAT×591, TTT×2"
319,nonsynonymous-only,0,1,4,8526,"A×1, P×1, S×1, T×1","TCC×5106, ACC×2273, CCC×985, GCC×162"
320,nonsynonymous-only,0,1,7,8526,"K×2, C×1, E×1, I×1, Q×1, S×1","GAA×3772, AGC×2505, ATC×1240, AAG×985, CAA×15, TGC×5, AAA×4"
321,nonsynonymous-only,0,1,4,8526,"L×2, F×1, S×1","CTT×3789, TTT×3750, TCT×985, TTA×2"
322,nonsynonymous-only,0,1,5,7474,"Q×2, C×1, R×1, S×1","CAA×2598, AGC×2511, AGA×1240, TGC×984, CAG×141"
323,nonsynonymous-only,0,1,5,6350,"R×3, C×1, T×1","AGA×2598, CGA×2511, TGC×1238, ACA×2, CGC×1"
324,nonsynonymous-only,0,1,4,8525,"A×2, P×1, T×1","GCG×5110, ACG×2223, CCG×1190, GCA×2"
325,nonsynonymous-only,0,1,6,8525,"D×1, H×1, L×1, P×1, S×1, T×1","CCC×2598, CTC×2511, GAC×1237, TCC×1190, CAC×987, ACC×2"
326,nonsynonymous-only,0,1,8,8524,"A×1, C×1, F×1, H×1, P×1, S×1, T×1, Y×1","CAT×2598, TTT×2253, GCT×1239, TGC×1189, TCA×977, TAT×258, CCA×8, ACA×2"
327,nonsynonymous-only,0,1,6,8526,"S×2, E×1, K×1, R×1, V×1","GAA×3693, TCG×2599, AGA×1239, AGC×985, AAA×8, GTC×2"
328,nonsynonymous-only,0,1,2,7287,"G×1, R×1","AGA×6302, GGA×985"
329,nonsynonymous-only,0,1,7,8526,"K×2, T×2, A×1, N×1, Q×1","AAA×3701, ACG×2598, GCG×1239, AAG×983, CAG×3, AAT×1, ACA×1"
330,nonsynonymous-only,0,1,5,8526,"N×2, D×1, K×1, L×1","AAT×3702, GAT×2599, TTA×1239, AAA×985, AAC×1"
331,nonsynonymous-only,0,1,6,7336,"A×1, C×1, I×1, S×1, T×1, Y×1","TGC×3835, TCA×2511, ACA×984, TAC×3, GCA×2, ATA×1"
332,nonsynonymous-only,0,1,7,8525,"A×1, D×1, H×1, I×1, N×1, P×1, Y×1","ATT×3495, GAT×2598, CAT×1236, CCT×1190, TAT×3, GCT×2, AAT×1"
333,nonsynonymous-only,0,1,6,8525,"D×1, F×1, H×1, N×1, P×1, Y×1","TTT×2599, GAT×2507, CAT×1236, CCT×1190, AAT×988, TAT×5"
334,nonsynonymous-only,0,1,5,8523,"F×2, E×1, K×1, Y×1","TTT×2511, AAA×2179, GAA×1610, TTC×1239, TAT×984"
335,nonsynonymous-only,0,1,8,8526,"A×2, V×2, I×1, K×1, S×1, Y×1","AAA×2599, GTC×2502, GTT×1240, AGT×1190, GCG×982, ATC×8, GCA×3, TAC×2"
336,nonsynonymous-only,0,1,5,8526,"D×1, F×1, I×1, L×1, S×1","CTT×5110, ATT×1239, GAT×1190, AGC×985, TTT×2"
337,nonsynonymous-only,0,1,6,8526,"D×1, F×1, G×1, I×1, L×1, Y×1","ATT×3584, TTT×2511, TAT×1239, GGT×1168, GAT×22, CTT×2"
338,nonsynonymous-only,0,1,7,8526,"F×2, L×2, P×1, S×1, Y×1","CTT×2483, TCA×2062, CCA×1776, TTC×1190, TTA×985, TTT×28, TAT×2"
339,nonsynonymous-only,0,1,5,7541,"R×2, A×1, N×1, P×1","CCG×2599, AGA×2511, GCA×1239, AAT×1190, AGG×2"
340,nonsynonymous-only,0,1,2,8511,"G×1, R×1","AGA×6349, GGA×2162"
341,nonsynonymous-only,0,1,5,8527,"G×1, K×1, S×1, T×1, V×1","AGC×3793, AAG×2511, GGC×1236, ACA×985, GTC×2"
342,nonsynonymous-only,0,1,6,8527,"S×2, A×1, E×1, K×1, N×1","GAA×2539, TCA×2510, AAC×1239, AGC×1191, GCA×986, AAA×62"
343,nonsynonymous-only,0,1,5,8527,"T×2, A×1, S×1, Y×1","ACG×6348, GCG×1190, AGC×985, ACA×2, TAT×2"
344,nonsynonymous-only,0,1,5,8527,"A×1, D×1, F×1, N×1, Y×1","GAT×3701, AAT×2599, TTT×1241, TAT×985, GCT×1"
345,nonsynonymous-only,0,1,4,8527,"D×1, G×1, I×1, S×1","TCA×4687, GAC×2599, GGG×1239, ATC×2"
346,nonsynonymous-only,0,1,5,8524,"K×1, P×1, Q×1, R×1, T×1","AAA×3489, CAA×2598, CCA×1239, ACG×1191, AGA×7"
347,nonsynonymous-only,0,1,8,8527,"A×2, S×2, T×2, E×1, R×1","AGA×2599, GAA×2511, GCG×1190, ACA×1186, AGC×973, GCA×53, AGT×12, ACG×3"
348,nonsynonymous-only,0,1,4,8527,"H×1, N×1, S×1, Y×1","CAT×2597, TAT×2513, AAT×2432, AGT×985"
349,nonsynonymous-only,0,1,5,7286,"L×2, P×1, Q×1, Y×1","CAA×2599, CCA×2508, CTC×1191, TAC×985, CTA×3"
350,nonsynonymous-only,0,1,5,8527,"C×1, F×1, H×1, R×1, Y×1","TAT×4043, CGT×2599, TTT×1191, CAT×692, TGT×2"
351,nonsynonymous-only,0,1,5,8356,"G×1, H×1, R×1, S×1, V×1","GGA×2599, TCG×2511, GTC×1191, CGA×1070, CAC×985"
352,nonsynonymous-only,0,1,6,8527,"R×2, A×1, L×1, T×1, V×1","CGA×2599, TTA×2513, ACG×1239, AGA×1191, GCC×984, GTC×1"
353,nonsynonymous-only,0,1,4,6012,"R×2, S×1, T×1","AGA×3790, CGA×1235, ACA×985, TCA×2"
354,nonsynonymous-only,0,1,7,8526,"S×2, C×1, D×1, G×1, N×1, V×1","AAT×2586, GGC×2510, AGC×1239, TGT×1191, AGT×985, GAT×13, GTT×2"
355,nonsynonymous-only,0,1,7,8526,"D×1, G×1, I×1, L×1, S×1, V×1, Y×1","CTT×2599, GTT×2509, AGT×1238, GGT×1192, TAT×985, GAT×2, ATT×1"
356,nonsynonymous-only,0,1,8,8526,"E×1, F×1, G×1, P×1, Q×1, R×1, V×1, Y×1","TAC×2599, GAA×2507, CAA×1311, TTT×1236, CCA×865, GGA×3, GTT×3, AGA×2"
357,nonsynonymous-only,0,1,6,8526,"G×2, T×2, L×1, S×1","GGC×3763, ACA×2510, AGC×1264, ACT×985, CTT×2, GGT×2"
358,nonsynonymous-only,0,1,3,8526,"F×1, I×1, V×1","ATT×5126, GTT×2055, TTT×1345"
359,nonsynonymous-only,0,1,6,8526,"N×2, H×1, I×1, R×1, Y×1","ATT×2601, AAC×2510, AAT×1191, AGA×985, CAT×881, TAT×358"
360,nonsynonymous-only,0,1,9,8526,"R×2, A×1, F×1, I×1, K×1, S×1, V×1, W×1","GTT×3438, AGA×2566, AAA×987, TGG×885, ATT×308, CGG×306, AGC×33, GCT×2, TTT×1"
361,nonsynonymous-only,0,1,7,8526,"K×2, I×1, P×1, Q×1, S×1, Y×1","AAA×2599, TAC×2510, ATA×1239, AAG×1191, CCA×639, TCA×346, CAG×2"
362,nonsynonymous-only,0,1,4,5924,"C×1, P×1, R×1, S×1","TCA×2510, CGA×1238, TGT×1191, CCA×985"
363,nonsynonymous-only,0,1,6,8525,"C×2, F×2, L×1, R×1","CGA×2598, TTT×2510, TGC×1238, TTC×1192, TTA×985, TGT×2"
364,nonsynonymous-only,0,1,5,6015,"C×1, L×1, R×1, T×1, Y×1","ACC×2598, AGA×1241, TTA×1191, TGT×982, TAT×3"
365,nonsynonymous-only,0,1,3,8525,"R×1, S×1, W×1","TGG×3789, AGC×2510, AGG×2226"
366,nonsynonymous-only,0,1,2,8140,"K×1, Q×1","CAA×5708, AAA×2432"
367,nonsynonymous-only,0,1,5,8525,"C×2, H×1, R×1, Y×1","CGT×5057, TGT×2226, TAT×1239, TGC×2, CAT×1"
368,nonsynonymous-only,0,1,4,8525,"R×2, G×1, W×1","TGG×3511, GGG×2773, CGG×1179, AGG×1062"
369,nonsynonymous-only,0,1,6,6739,"R×2, E×1, K×1, Q×1, S×1","TCA×2430, AAG×1833, CGA×1708, GAG×765, CAA×2, AGA×1"
370,nonsynonymous-only,0,1,7,8525,"A×1, F×1, G×1, I×1, L×1, N×1, T×1","ATT×3494, TTT×2498, GGT×1239, GCT×1191, CTT×100, AAT×2, ACT×1"
371,nonsynonymous-only,0,1,5,7286,"K×2, E×1, I×1, Q×1","ATC×2598, GAA×2510, AAA×1191, AAG×985, CAA×2"
372,nonsynonymous-only,0,1,4,8525,"I×1, K×1, Q×1, S×1","AGC×3748, CAA×2598, ATC×1192, AAA×987"
373,nonsynonymous-only,0,1,7,7540,"G×2, D×1, E×1, Q×1, R×1, Y×1","CAA×2598, GGC×2508, GGG×1238, GAA×1191, GAC×2, TAT×2, AGG×1"
374,nonsynonymous-only,0,1,5,8525,"C×1, D×1, S×1, T×1, Y×1","AGT×2598, GAT×2510, ACT×1239, TGT×1193, TAT×985"
375,nonsynonymous-only,0,1,4,7284,"A×1, K×1, S×1, V×1","GCA×3787, TCA×2510, AAA×985, GTA×2"
376,nonsynonymous-only,0,1,6,8523,"I×2, A×1, N×1, T×1, V×1","GCT×2595, ATT×2510, AAT×2224, ACT×1191, ATA×2, GTT×1"
383,nonsynonymous-only,0,1,2,1239,"F×1, S×1","TTC×726, TCC×513"
386,nonsynonymous-only,0,1,4,2226,"T×2, C×1, I×1","ATC×1147, ACT×985, ACC×92, TGT×2"
387,nonsynonymous-only,0,1,6,8524,"A×2, D×1, E×1, G×1, L×1","TTG×2596, GAG×2511, GGA×1241, GAC×1191, GCA×979, GCG×6"
388,nonsynonymous-only,0,1,4,8524,"R×2, C×1, S×1","CGC×7326, TGC×1195, AGT×2, CGA×1"
389,nonsynonymous-only,0,1,10,8522,"A×2, I×2, T×2, D×1, P×1, S×1, V×1","ACA×3742, GTC×2588, GCG×1134, AGC×985, ACG×57, ATC×7, ATA×5, GCA×2, CCA×1, GAC×1"
390,nonsynonymous-only,0,1,3,2178,"F×1, R×1, Y×1","AGG×1191, TTT×985, TAT×2"
392,nonsynonymous-only,0,1,2,1191,"A×1, P×1","CCT×1190, GCT×1"
394,nonsynonymous-only,0,1,3,1193,"L×1, N×1, S×1","TCA×1190, AAT×2, TTA×1"
395,nonsynonymous-only,0,1,6,2177,"R×3, D×1, L×1, Y×1","GAT×1187, CGC×813, CGT×170, TAT×3, CGA×2, CTC×2"
396,nonsynonymous-only,0,1,4,4678,"G×1, L×1, Q×1, Y×1","CTA×2509, GGA×1190, CAA×977, TAT×2"
397,nonsynonymous-only,0,1,5,5925,"A×1, F×1, P×1, S×1, T×1","TTT×3748, ACA×1190, TCT×978, CCT×7, GCT×2"
398,nonsynonymous-only,0,1,2,4940,"K×1, R×1","AGA×4938, AAA×2"
399,nonsynonymous-only,0,1,6,5113,"G×2, Q×1, S×1, T×1, V×1","AGT×2103, ACA×1239, GGA×1190, GGT×406, CAA×173, GTA×2"
400,nonsynonymous-only,0,1,9,5925,"T×2, A×1, F×1, I×1, L×1, M×1, R×1, V×1","GTT×2174, ATT×1526, TTT×991, ACG×638, CTT×248, ACA×173, ATG×173, AGG×1, GCT×1"
401,nonsynonymous-only,0,1,5,3416,"C×1, G×1, N×1, R×1, Y×1","GGT×1239, AAT×1190, TGT×984, CGA×2, TAT×1"
402,nonsynonymous-only,0,1,3,2177,"A×1, D×1, Y×1","GAT×1190, TAT×985, GCT×2"
404,nonsynonymous-only,0,1,2,1192,"D×1, I×1","GAT×1190, ATT×2"
405,nonsynonymous-only,0,1,3,2177,"G×1, K×1, Q×1","GGA×1190, CAA×985, AAA×2"
406,nonsynonymous-only,0,1,5,5923,"S×2, F×1, P×1, R×1","TCA×2768, TCC×1216, CGA×1190, CCA×726, TTC×23"
407,nonsynonymous-only,0,1,3,5925,"I×1, L×1, V×1","ATT×3699, GTA×1239, CTT×987"
408,nonsynonymous-only,0,1,4,5925,"C×1, N×1, T×1, Y×1","AAC×4938, TGC×529, TAC×456, ACC×2"
409,nonsynonymous-only,0,1,5,5925,"G×2, E×1, S×1, T×1","GGA×3672, GGG×1239, ACG×985, GAA×27, AGC×2"
410,nonsynonymous-only,0,1,6,5925,"I×2, N×1, Q×1, R×1, T×1","AAC×2509, ATT×1239, CAA×1190, ATC×984, AGA×2, ACT×1"
411,nonsynonymous-only,0,1,3,5923,"Y×2, C×1","TAT×3700, TGT×1238, TAC×985"
412,nonsynonymous-only,0,1,3,3750,"H×1, L×1, R×1","TTG×2509, CGT×1239, CAT×2"
413,nonsynonymous-only,0,1,5,3750,"Y×2, C×1, H×1, L×1","CAT×2508, TAC×1238, CTT×2, TAT×1, TGC×1"
414,nonsynonymous-only,0,1,2,1241,"L×1, T×1","CTG×1239, ACG×2"
415,nonsynonymous-only,0,1,4,3750,"S×3, N×1","AGC×2508, TCC×1239, AAT×2, AGT×1"
416,nonsynonymous-only,0,1,2,5925,"E×1, K×1","AAA×4940, GAA×985"
417,nonsynonymous-only,0,1,6,5925,"R×3, D×1, E×1, K×1","CGA×2357, AAG×1239, GAA×1190, AGA×985, CGT×152, GAC×2"
418,nonsynonymous-only,0,1,5,3416,"G×2, D×1, I×1, T×1","GAT×1239, GGC×1188, ATT×985, ACA×2, GGT×2"
419,nonsynonymous-only,0,1,3,2177,"F×1, I×1, S×1","ATT×1192, TCT×941, TTT×44"
422,synonymous-only,1,0,2,1190,L×2,"CTT×1179, CTC×11"
423,nonsynonymous-only,0,1,4,3416,"A×1, I×1, K×1, S×1","ATT×1239, GCC×1190, TCA×985, AAA×2"
424,nonsynonymous-only,0,1,5,5925,"D×1, I×1, K×1, N×1, S×1","GAC×2357, AAA×1239, AGT×1190, ATC×985, AAC×154"
425,nonsynonymous-only,0,1,4,8521,"D×1, K×1, N×1, S×1","AAT×5670, AGT×2509, GAT×339, AAA×3"
426,nonsynonymous-only,0,1,5,7279,"Q×2, L×1, R×1, Y×1","CAA×3149, TAC×2596, CGA×1190, CAG×341, CTA×3"
427,nonsynonymous-only,0,1,5,8516,"E×1, I×1, R×1, T×1, V×1","GAA×3786, AGA×3746, ACT×981, GTC×2, ATT×1"
428,nonsynonymous-only,0,1,10,8516,"S×3, A×2, V×2, I×1, K×1, N×1","AAA×2596, GCA×2501, AGT×1391, GTA×1116, AGC×805, GTG×70, AAC×23, GCG×8, ATA×4, TCT×2"
429,nonsynonymous-only,0,1,6,8516,"L×3, A×1, S×1, T×1","ACC×3654, CTT×2596, TTG×1186, TCC×982, GCC×94, TTA×4"
430,nonsynonymous-only,0,1,8,3907,"C×2, R×2, S×2, Q×1, W×1","TGC×2593, TCG×1188, CGA×94, CAA×24, TGT×3, AGA×2, TCA×2, TGG×1"
431,nonsynonymous-only,0,1,2,1237,"A×1, G×1","GCG×1236, GGG×1"
433,nonsynonymous-only,0,1,2,1237,"G×1, R×1","GGA×1130, AGA×107"
435,nonsynonymous-only,0,1,2,2427,"I×1, S×1","ATT×1238, AGT×1189"
436,nonsynonymous-only,0,1,3,4938,"C×1, R×1, Y×1","TGT×3838, TAT×1098, CGT×2"
437,nonsynonymous-only,0,1,4,5896,"R×2, K×1, Q×1","AGA×2485, CGA×2427, AAA×982, CAA×2"
438,nonsynonymous-only,0,1,5,4357,"K×1, N×1, Q×1, W×1, Y×1","AAG×2485, AAT×1190, CAG×542, TGG×138, TAT×2"
439,nonsynonymous-only,0,1,4,4659,"I×2, L×1, S×1","TCT×2485, ATC×1176, ATT×996, TTA×2"
440,nonsynonymous-only,0,1,5,4659,"A×2, P×1, V×1, W×1","GCT×2484, TGG×1190, GCC×982, CCT×2, GTT×1"
441,nonsynonymous-only,0,1,5,4659,"G×2, H×1, N×1, Y×1","GGC×2484, AAC×1190, TAT×982, CAT×2, GGA×1"
442,nonsynonymous-only,0,1,3,1192,"H×1, R×1, T×1","CGC×1157, CAC×33, ACT×2"
446,nonsynonymous-only,0,1,2,1191,"V×1, W×1","TGG×1189, GTC×2"
447,nonsynonymous-only,0,1,3,4658,"F×1, L×1, Y×1","TTT×3468, TAT×1189, CTT×1"
448,nonsynonymous-only,0,1,3,2173,"H×1, L×1, R×1","CAC×1189, AGA×982, TTA×2"
449,nonsynonymous-only,0,1,4,2535,"E×1, K×1, Q×1, W×1","AAA×1237, CAA×1189, TGG×107, GAA×2"
450,nonsynonymous-only,0,1,5,5895,"V×2, A×1, M×1, S×1","GTG×2485, GTA×1237, ATG×1189, GCA×982, TCG×2"
451,nonsynonymous-only,0,1,3,4913,"D×1, I×1, N×1","GAT×2485, ATT×1237, AAT×1191"
452,nonsynonymous-only,0,1,4,4913,"E×1, I×1, L×1, T×1","ACC×2485, ATT×1237, CTT×1189, GAG×2"
455,nonsynonymous-only,0,1,3,4910,"L×2, R×1","CGA×2484, CTT×1237, CTA×1189"
456,nonsynonymous-only,0,1,3,4911,"F×1, S×1, W×1","TGG×2485, TCC×1234, TTC×1192"
457,nonsynonymous-only,0,1,5,4911,"S×2, H×1, N×1, P×1","CCT×2482, AGT×1189, AGC×860, AAC×377, CAT×3"
458,nonsynonymous-only,0,1,5,4911,"H×2, L×1, N×1, Q×1","CAC×2480, CAG×2423, CAT×4, CTG×3, AAC×1"
459,nonsynonymous-only,0,1,4,4911,"A×1, D×1, M×1, V×1","GAT×2485, ATG×1189, GCA×751, GTA×486"
460,nonsynonymous-only,0,1,5,7509,"P×2, L×1, Q×1, S×1","CCA×3740, TCA×2485, CCT×1189, CTA×94, CAA×1"
461,nonsynonymous-only,0,1,6,8491,"I×2, T×2, M×1, R×1","ATC×2596, ATA×2485, ACA×2076, ATG×1189, ACG×143, AGA×2"
462,nonsynonymous-only,0,1,4,8491,"N×2, K×1, Q×1","AAC×2596, CAA×2485, AAT×2171, AAA×1239"
463,nonsynonymous-only,0,1,7,8491,"L×3, P×2, C×1, Y×1","CCA×2484, CCG×1817, CTG×1761, TTG×1237, TGC×1176, TAC×15, CTA×1"
464,nonsynonymous-only,0,1,7,8493,"F×2, A×1, I×1, L×1, S×1, V×1","TTT×3722, TCG×2596, CTT×1189, GTT×915, ATT×67, GCC×2, TTC×2"
470,nonsynonymous-only,0,1,4,8493,"L×2, S×2","TTA×3675, TCA×3193, TTG×986, TCG×639"
471,nonsynonymous-only,0,1,4,8493,"L×2, F×1, Q×1","TTG×3785, TTT×2487, CAA×1239, TTA×982"
472,nonsynonymous-only,0,1,5,5897,"E×2, D×1, K×1, S×1","AAG×2485, GAG×2171, GAT×1237, AGT×2, GAA×2"
473,nonsynonymous-only,0,1,7,5894,"E×1, G×1, I×1, K×1, P×1, Q×1, S×1","CAG×2484, CCA×1236, ATA×1189, GAA×979, GGA×3, AAA×2, TCA×1"
474,nonsynonymous-only,0,1,6,5895,"S×2, A×1, K×1, M×1, T×1","TCA×2485, GCT×1234, AAG×1189, ACA×982, TCT×3, ATG×2"
475,nonsynonymous-only,0,1,4,5895,"R×2, E×1, V×1","AGA×3722, CGG×1189, GAG×982, GTG×2"
476,nonsynonymous-only,0,1,7,5895,"D×2, L×2, I×1, Q×1, V×1","GTT×2483, CTC×1189, GAC×1150, CTT×980, GAT×87, ATT×4, CAG×2"
477,nonsynonymous-only,0,1,8,5895,"A×3, L×1, M×1, S×1, T×1, V×1","ACT×2484, ATG×1237, TCT×1189, GCG×979, GTG×2, TTG×2, GCA×1, GCT×1"
478,nonsynonymous-only,0,1,2,3811,"H×1, Q×1","CAA×3809, CAC×2"
479,nonsynonymous-only,0,1,6,5895,"K×2, V×2, I×1, R×1","ATC×2485, GTT×1234, AAG×1189, AGA×982, GTG×3, AAA×2"
480,nonsynonymous-only,0,1,3,2171,"K×1, Q×1, R×1","CAG×1189, AGA×900, AAA×82"
482,nonsynonymous-only,0,1,5,6004,"G×2, D×1, I×1, N×1","GAT×2596, AAT×1237, GGC×1131, ATC×982, GGA×58"
483,nonsynonymous-only,0,1,9,8489,"A×2, K×2, E×1, L×1, N×1, Q×1, T×1","AAA×2483, GCG×2159, GAA×1237, TTG×1189, CAG×982, GCA×436, AAG×1, AAT×1, ACA×1"
484,nonsynonymous-only,0,1,9,8491,"I×2, T×2, V×2, A×1, D×1, S×1","ACT×2578, GTC×2484, ATC×1234, GAC×1189, AGT×984, ACC×14, ATT×4, GCT×3, GTT×1"
485,nonsynonymous-only,0,1,4,6006,"E×1, Q×1, R×1, Y×1","CAA×3785, GAA×1237, TAT×982, AGA×2"
486,nonsynonymous-only,0,1,3,8490,"E×1, K×1, P×1","GAA×3408, CCA×2596, AAA×2486"
487,nonsynonymous-only,0,1,6,8490,"I×1, K×1, L×1, M×1, R×1, S×1","ATG×5079, AAA×1237, CTA×1189, CGA×982, TCA×2, ATA×1"
488,nonsynonymous-only,0,1,6,8490,"I×2, V×2, N×1, S×1","ATT×3785, ATC×3465, GTC×1223, GTT×14, AAT×2, AGC×1"
489,nonsynonymous-only,0,1,6,8481,"A×2, L×1, N×1, T×1, V×1","GTT×2486, ACG×1372, GCT×1228, GCG×1224, AAT×1189, CTT×982"
490,nonsynonymous-only,0,1,7,5997,"D×2, H×1, I×1, N×1, R×1, V×1","ATT×2596, AAT×1189, GAC×1097, CGT×981, GAT×131, GTC×2, CAT×1"
491,nonsynonymous-only,0,1,2,3578,"L×1, P×1","CCT×2596, CTT×982"
495,nonsynonymous-only,0,1,4,982,"H×2, Q×1, Y×1","CAC×965, CAT×15, CAA×1, TAC×1"
496,nonsynonymous-only,0,1,2,982,"D×1, H×1","CAT×981, GAT×1"
497,nonsynonymous-only,0,1,4,4694,"L×2, H×1, P×1","TTA×2484, CAT×982, CCG×774, CTG×454"
498,nonsynonymous-only,0,1,3,2212,"K×2, H×1","AAG×1228, CAT×982, AAA×2"
499,nonsynonymous-only,0,1,6,5894,"L×2, F×1, I×1, Q×1, Y×1","TTT×2473, TAT×1189, CTG×1137, CTT×982, CAG×100, ATT×13"
500,nonsynonymous-only,0,1,8,5893,"S×2, Y×2, C×1, F×1, H×1, T×1","TCT×2478, ACT×1236, TAC×1175, TCC×981, CAC×12, TAT×7, TGT×2, TTC×2"
501,nonsynonymous-only,0,1,3,4655,"I×1, N×1, T×1","ATT×2484, AAC×1189, ACT×982"
502,nonsynonymous-only,0,1,6,4658,"A×2, E×1, G×1, N×1, R×1","GAA×2485, GGA×1188, GCT×512, GCC×470, AAT×2, AGA×1"
503,nonsynonymous-only,0,1,5,8489,"D×2, N×1, R×1, Y×1","AGA×3720, GAC×2565, TAT×1189, AAT×982, GAT×33"
504,nonsynonymous-only,0,1,5,8489,"G×1, I×1, K×1, N×1, Q×1","AAA×3831, ATA×2485, CAA×1189, AAC×982, GGT×2"
505,nonsynonymous-only,0,1,5,8487,"C×2, D×2, E×1","GAA×2596, TGC×2485, TGT×2424, GAC×799, GAT×183"
506,nonsynonymous-only,0,1,7,7252,"V×2, E×1, G×1, I×1, R×1, S×1","GTG×2582, GGA×2277, TCA×1189, ATC×982, AGA×201, GTA×14, GAA×7"
507,nonsynonymous-only,0,1,5,8488,"L×2, C×1, F×1, S×1","TTT×4909, TTA×2499, TCG×982, TTG×96, TGT×2"
508,nonsynonymous-only,0,1,4,8486,"E×1, G×1, K×1, R×1","GAA×5080, AAA×2171, AGA×1227, GGA×8"
509,nonsynonymous-only,0,1,4,7300,"E×1, K×1, Q×1, R×1","GAA×3638, AAA×2425, AGA×1235, CAA×2"
510,nonsynonymous-only,0,1,4,7300,"D×1, F×1, I×1, N×1","ATT×4702, GAC×2523, AAC×73, TTT×2"
511,nonsynonymous-only,0,1,3,3580,"D×1, E×1, T×1","ACA×2596, GAA×982, GAT×2"
512,nonsynonymous-only,0,1,3,3580,"G×1, L×1, R×1","CTT×2596, CGC×982, GGA×2"
513,nonsynonymous-only,0,1,5,8487,"F×1, L×1, P×1, S×1, T×1","TCT×6265, TTC×1235, TTA×982, ACT×4, CCT×1"
514,nonsynonymous-only,0,1,4,7254,"F×1, L×1, S×1, V×1","TTC×4655, TCC×2596, GTT×2, TTA×1"
515,nonsynonymous-only,0,1,6,7253,"D×2, C×1, G×1, N×1, Y×1","GAT×3574, GAC×2486, TAC×1189, TGT×2, AAT×1, GGT×1"
516,nonsynonymous-only,0,1,2,3578,"D×1, I×1","ATT×2596, GAT×982"
519,nonsynonymous-only,0,1,2,983,"D×1, F×1","TTT×982, GAT×1"
524,nonsynonymous-only,0,1,4,8487,"K×2, E×1, Q×1","CAA×2595, GAG×2484, AAA×2217, AAG×1191"
525,nonsynonymous-only,0,1,7,8488,"D×1, E×1, H×1, I×1, N×1, P×1, Y×1","GAT×3717, CAT×2585, ATT×1189, GAA×982, CCT×11, AAT×3, TAT×1"
526,nonsynonymous-only,0,1,5,8488,"A×1, I×1, L×1, M×1, V×1","GCG×3465, TTG×2596, ATG×2424, ATT×2, GTG×1"
527,nonsynonymous-only,0,1,9,8488,"K×2, A×1, D×1, G×1, L×1, M×1, N×1, R×1","AAG×2592, CTA×2484, AAT×1238, AGA×982, GAT×950, GGT×207, GCT×32, ATG×2, AAA×1"
528,nonsynonymous-only,0,1,8,8488,"A×2, E×1, G×1, L×1, P×1, S×1, T×1","CCT×2561, GCA×2483, GCG×1235, TCA×1189, GAA×982, CTT×35, GGA×2, ACA×1"
529,nonsynonymous-only,0,1,6,8486,"K×2, C×1, I×1, P×1, Y×1","TAT×3807, ATC×2484, CCT×1189, AAA×981, TGT×24, AAG×1"
530,nonsynonymous-only,0,1,7,8486,"L×2, A×1, F×1, I×1, M×1, S×1","TTA×2585, ATG×2484, TTT×1235, TTG×1189, TCA×955, GCA×27, ATA×11"
531,nonsynonymous-only,0,1,4,8486,"I×1, K×1, Q×1, R×1","CAA×5080, AAA×1235, ATA×1189, CGA×982"
532,nonsynonymous-only,0,1,5,8486,"K×2, N×2, Q×1","AAG×2595, AAC×2471, AAT×2230, CAG×1189, AAA×1"
533,nonsynonymous-only,0,1,4,8488,"A×1, K×1, V×1, Y×1","AAA×6269, TAT×1235, GCT×924, GTT×60"
534,nonsynonymous-only,0,1,6,8488,"V×3, I×2, K×1","GTC×3648, AAA×2596, ATA×1189, ATT×984, GTA×69, GTT×2"
535,nonsynonymous-only,0,1,6,7506,"E×2, N×2, D×1, H×1","CAC×2581, GAG×2479, GAA×1237, AAT×1189, AAC×15, GAC×5"
536,nonsynonymous-only,0,1,5,7444,"C×1, E×1, Q×1, R×1, W×1","TGG×3720, CAA×2484, GAA×1237, TGT×2, CGG×1"
537,nonsynonymous-only,0,1,3,2486,"F×1, L×1, S×1","CTT×2482, TCG×2, TTT×2"
538,nonsynonymous-only,0,1,2,3470,"F×1, Y×1","TAT×2484, TTT×986"
539,nonsynonymous-only,0,1,5,4705,"D×2, I×1, N×1, Y×1","GAT×2481, AAC×1235, ATT×984, GAC×3, TAT×2"
540,nonsynonymous-only,0,1,3,4705,"M×1, P×1, T×1","ATG×2484, CCA×1235, ACG×986"
541,nonsynonymous-only,0,1,7,5894,"D×2, E×1, I×1, Q×1, T×1, V×1","GAT×1521, ACA×1233, GAA×1189, CAA×984, GAC×963, ATA×2, GTA×2"
542,nonsynonymous-only,0,1,4,5894,"F×1, I×1, L×1, N×1","ATT×3673, TTC×1235, AAT×984, TTA×2"
543,nonsynonymous-only,0,1,4,5894,"V×2, F×1, I×1","TTT×3719, GTT×996, ATC×984, GTG×195"
544,nonsynonymous-only,0,1,7,8490,"T×2, A×1, D×1, H×1, R×1, Y×1","ACT×2596, GCT×2484, ACA×1235, GAC×1189, CGT×937, CAT×47, TAT×2"
546,nonsynonymous-only,0,1,6,8490,"E×1, G×1, I×1, K×1, L×1, R×1","AAA×2610, GAA×2470, GGA×1235, CGA×1189, TTA×984, ATT×2"
547,nonsynonymous-only,0,1,5,6066,"L×2, P×1, R×1, S×1","CTG×2592, CCG×2477, TTG×988, TCG×7, CGC×2"
548,nonsynonymous-only,0,1,4,4705,"E×2, L×2","CTA×2469, TTA×1250, GAA×984, GAG×2"
549,nonsynonymous-only,0,1,6,5894,"L×2, T×2, A×1, I×1","GCC×2484, ATT×1189, TTA×1126, ACG×984, CTA×109, ACC×2"
550,nonsynonymous-only,0,1,6,8490,"I×2, F×1, L×1, P×1, T×1","ACT×2596, ATT×2173, ATA×1386, CCA×1235, TTA×1098, TTT×2"
551,nonsynonymous-only,0,1,7,8490,"D×2, E×2, N×2, A×1","GAC×2544, GAG×2484, GAA×2219, GAT×1227, AAC×13, AAT×2, GCC×1"
552,nonsynonymous-only,0,1,7,8490,"A×2, T×2, S×1, V×1, W×1","ACA×2596, GCC×2480, GCT×1235, GTC×1191, TCG×984, ACC×2, TGG×2"
553,nonsynonymous-only,0,1,5,8490,"T×2, I×1, M×1, S×1","ATT×6315, ACT×1179, TCT×984, ACC×10, ATG×2"
554,nonsynonymous-only,0,1,5,8490,"D×1, H×1, K×1, W×1, Y×1","CAT×2598, GAC×2484, TGG×1235, AAG×1189, TAT×984"
555,synonymous-only,1,0,2,1235,D×2,"GAC×1226, GAT×9"
558,nonsynonymous-only,0,1,2,2219,"I×1, N×1","AAT×1235, ATT×984"
559,synonymous-only,1,0,2,2219,R×2,"CGT×1235, CGG×984"
560,nonsynonymous-only,0,1,4,3410,"F×1, I×1, L×1, N×1","CTT×1235, ATT×1189, TTT×984, AAT×2"
561,nonsynonymous-only,0,1,2,3410,"N×1, Y×1","TAT×2426, AAT×984"
562,nonsynonymous-only,0,1,5,8490,"N×2, D×1, G×1, S×1","AAT×3785, AAC×2484, GAT×1235, GGC×984, AGT×2"
563,nonsynonymous-only,0,1,6,8490,"I×2, F×1, L×1, N×1, S×1","ATT×5066, ATC×1235, TTT×1191, AGT×984, CTT×13, AAT×1"
564,nonsynonymous-only,0,1,4,5892,"A×2, L×1, S×1","GCA×4905, TTA×984, GCC×2, TCA×1"
565,nonsynonymous-only,0,1,4,5892,"A×2, E×1, V×1","GCC×2421, GAA×1235, GCG×1189, GTC×1047"
566,nonsynonymous-only,0,1,4,4908,"E×2, K×2","AAA×2484, GAG×1234, AAG×1189, GAA×1"
567,nonsynonymous-only,0,1,3,4908,"R×2, N×1","AAT×2484, CGT×1235, CGG×1189"
568,nonsynonymous-only,0,1,3,4910,"L×2, S×1","TCA×2485, TTG×1236, TTA×1189"
569,nonsynonymous-only,0,1,4,4909,"E×1, L×1, R×1, S×1","AGA×2485, GAA×1235, TCG×1185, TTG×4"
570,nonsynonymous-only,0,1,4,2426,"H×2, W×1, Y×1","CAC×1233, TAT×1189, CAT×2, TGG×2"
571,nonsynonymous-only,0,1,3,2426,"K×1, S×1, T×1","ACG×1235, TCG×1189, AAA×2"
572,nonsynonymous-only,0,1,2,1191,"F×1, S×1","TTT×1189, TCG×2"
575,synonymous-only,1,0,2,1189,N×2,"AAT×686, AAC×503"
576,nonsynonymous-only,0,1,4,5022,"C×1, F×1, L×1, Y×1","TTA×2596, TAC×1235, TTT×1189, TGT×2"
577,nonsynonymous-only,0,1,7,5022,"I×3, N×2, D×1, S×1","GAC×2596, ATT×1142, AAC×1117, AAT×118, ATA×41, ATC×6, AGT×2"
578,nonsynonymous-only,0,1,3,5020,"D×1, E×1, Y×1","GAT×2589, GAA×1235, TAT×1196"
579,nonsynonymous-only,0,1,4,5020,"T×2, A×1, E×1","GAA×2596, GCA×1189, ACT×663, ACA×572"
580,nonsynonymous-only,0,1,5,5020,"A×2, I×1, M×1, V×1","ATA×2595, ATG×1189, GCG×793, GCA×442, GTA×1"
581,nonsynonymous-only,0,1,6,6006,"R×2, S×2, H×1, T×1","ACC×2583, CGC×1235, AGT×1189, CAT×984, TCC×13, CGT×2"
582,nonsynonymous-only,0,1,3,5020,"L×2, F×1","TTA×2497, TTG×1288, TTT×1235"
583,nonsynonymous-only,0,1,7,8489,"A×2, E×2, H×1, T×1, V×1","GCC×3717, GAA×2585, CAC×1191, GCA×978, GAG×11, GTA×6, ACC×1"
584,nonsynonymous-only,0,1,5,8489,"F×1, I×1, N×1, P×1, S×1","ATT×3672, AAT×2596, TTT×1235, CCT×984, AGT×2"
585,nonsynonymous-only,0,1,9,8489,"A×3, V×2, D×1, F×1, I×1, S×1","GAT×2596, GTC×2478, GCG×1231, AGT×1189, ATC×986, GCA×3, GTT×3, TTC×2, GCT×1"
587,nonsynonymous-only,0,1,4,8489,"F×1, L×1, S×1, Y×1","TTT×6940, TCA×1235, CTT×312, TAT×2"
588,nonsynonymous-only,0,1,4,6006,"F×1, I×1, L×1, Q×1","TTT×3831, CTT×1188, CAA×986, ATT×1"
589,nonsynonymous-only,0,1,4,8489,"E×1, K×1, R×1, T×1","ACA×6314, GAA×1189, CGA×984, AAG×2"
590,nonsynonymous-only,0,1,4,3674,"T×2, I×1, N×1","ATT×2426, ACG×1189, ACT×57, AAT×2"
591,nonsynonymous-only,0,1,6,7505,"N×2, D×1, H×1, S×1, Y×1","AAC×2596, AAT×2482, AGT×1235, CAT×1188, GAT×3, TAT×1"
592,nonsynonymous-only,0,1,4,7505,"T×2, L×1, P×1","CCA×3673, CTA×2597, ACG×1234, ACA×1"
593,nonsynonymous-only,0,1,5,7504,"A×1, D×1, I×1, R×1, V×1","GTC×2594, AGA×2482, ATT×2424, GAT×2, GCC×2"
594,nonsynonymous-only,0,1,5,7504,"T×2, E×1, K×1, R×1","ACG×2596, AAA×2482, GAA×1235, AGG×1189, ACT×2"
595,nonsynonymous-only,0,1,5,6313,"R×2, E×1, I×1, K×1","GAA×2583, ATT×2482, CGT×1228, AAA×13, CGA×7"
596,nonsynonymous-only,0,1,3,6314,"V×2, D×1","GTC×3830, GAC×2483, GTT×1"
597,nonsynonymous-only,0,1,4,6314,"D×1, K×1, Q×1, R×1","CAA×2591, AGA×2482, AAA×1236, GAT×5"
598,nonsynonymous-only,0,1,4,4907,"E×1, G×1, K×1, R×1","GGA×2481, GAA×1237, AGA×1188, AAA×1"
599,nonsynonymous-only,0,1,4,4907,"S×2, F×1, G×1","TTT×2483, GGT×1235, TCC×1188, TCT×1"
600,nonsynonymous-only,0,1,5,6311,"H×2, P×1, Q×1, S×1","CAA×2589, CCA×2483, CAC×922, CAT×315, TCA×2"
601,nonsynonymous-only,0,1,5,6265,"A×1, D×1, E×1, K×1, V×1","AAA×2579, GAA×2493, GCA×1189, GAT×2, GTA×2"
602,nonsynonymous-only,0,1,6,7249,"C×2, N×1, Q×1, S×1, Y×1","CAA×2591, TAT×2483, TCC×1189, TGT×809, TGC×175, AAT×2"
603,nonsynonymous-only,0,1,4,7249,"F×1, I×1, T×1, Y×1","TTT×3672, ACT×2591, ATT×984, TAT×2"
604,nonsynonymous-only,0,1,4,8484,"D×1, E×1, K×1, N×1","AAT×5067, GAT×2226, AAA×1189, GAG×2"
605,nonsynonymous-only,0,1,3,7295,"C×1, W×1, Y×1","TGT×3718, TAT×2591, TGG×986"
606,nonsynonymous-only,0,1,5,4704,"F×1, L×1, P×1, Q×1, S×1","CCA×3703, TTT×984, CTA×8, TCA×7, CAA×2"
607,nonsynonymous-only,0,1,4,3575,"P×3, R×1","CCA×3566, CGA×7, CCG×1, CCT×1"
608,nonsynonymous-only,0,1,3,3575,"E×1, L×1, T×1","ACC×2590, GAA×984, TTA×1"
609,nonsynonymous-only,0,1,3,2174,"F×1, K×1, Q×1","AAA×2000, CAA×173, TTC×1"
610,nonsynonymous-only,0,1,5,4764,"A×1, C×1, E×1, T×1, V×1","ACA×1978, GTA×1189, GAA×983, GCA×613, TGC×1"
612,nonsynonymous-only,0,1,2,3,"E×1, F×1","GAA×2, TTT×1"
613,nonsynonymous-only,0,1,2,3672,"L×1, S×1","TTA×2483, TCG×1189"
614,nonsynonymous-only,0,1,3,4909,"F×2, K×1","TTC×2483, TTT×1235, AAA×1191"
615,nonsynonymous-only,0,1,3,4907,"C×1, K×1, Y×1","TGC×2483, AAA×1235, TAT×1189"
616,nonsynonymous-only,0,1,3,3674,"C×1, G×1, N×1","TGT×2483, GGT×1189, AAT×2"
617,nonsynonymous-only,0,1,2,4909,"C×1, F×1","TTT×3674, TGT×1235"
618,nonsynonymous-only,0,1,4,4909,"L×1, P×1, R×1, T×1","TTA×2483, CCG×1235, AGA×1189, ACA×2"
621,nonsynonymous-only,0,1,6,7248,"Y×2, C×1, F×1, L×1, S×1","CTG×2590, TGC×2483, TCC×1189, TAC×983, TTC×2, TAT×1"
622,nonsynonymous-only,0,1,3,8481,"K×1, N×1, T×1","AAA×3825, ACA×2483, AAC×2173"
623,nonsynonymous-only,0,1,7,8483,"N×2, Y×2, H×1, R×1, S×1","AAC×2590, AAT×2483, AGA×1189, AGT×984, TAT×919, CAT×316, TAC×2"
624,nonsynonymous-only,0,1,6,8483,"E×1, H×1, N×1, Q×1, R×1, V×1","GAA×3718, CGA×2212, GTT×1189, CAT×984, CAA×378, AAT×2"
625,nonsynonymous-only,0,1,2,1237,"G×1, K×1","AAA×1235, GGA×2"
626,nonsynonymous-only,0,1,8,8500,"K×2, N×2, R×2, G×1, Y×1","AAC×3580, AAG×2555, AGA×1233, CGA×984, AAT×92, AAA×52, GGA×2, TAC×2"
627,nonsynonymous-only,0,1,6,7311,"I×2, F×1, M×1, T×1, V×1","ATT×3028, ATG×2606, ACT×984, GTT×690, TTC×2, ATA×1"
628,synonymous-only,1,0,2,5092,L×2,"TTG×2607, TTA×2485"
629,nonsynonymous-only,0,1,4,5092,"L×2, F×1, P×1","TTC×2483, CCA×2187, CTA×420, TTG×2"
630,nonsynonymous-only,0,1,3,5092,"N×1, R×1, V×1","AAT×2607, AGA×2483, GTA×2"
631,nonsynonymous-only,0,1,5,6273,"C×1, F×1, Q×1, R×1, Y×1","TGC×2604, TAC×2476, CAA×794, CGA×395, TTC×4"
632,nonsynonymous-only,0,1,5,4658,"Q×2, E×1, K×1, L×1","CAA×2483, AAG×1189, CAG×983, GAA×2, CTG×1"
633,synonymous-only,1,0,2,7265,K×2,"AAA×6281, AAG×984"
634,nonsynonymous-only,0,1,2,2485,"S×1, Y×1","TAT×2483, AGC×2"
637,nonsynonymous-only,0,1,3,5092,"F×1, T×1, Y×1","TAC×2607, TTC×2483, ACA×2"
638,nonsynonymous-only,0,1,4,5092,"R×2, H×1, W×1","CGC×2606, TGG×2483, CAT×2, CGA×1"
639,nonsynonymous-only,0,1,3,7246,"K×1, Q×1, S×1","CAA×6055, AAA×1189, AGC×2"
640,nonsynonymous-only,0,1,8,8500,"T×2, H×1, K×1, L×1, N×1, S×1, Y×1","AGT×3718, CAT×2571, AAT×1189, ACT×689, ACC×295, CTT×30, TAT×6, AAG×2"
641,nonsynonymous-only,0,1,8,8500,"N×2, H×1, I×1, K×1, L×1, S×1, T×1","TTA×2607, AAC×1999, AGC×1235, ATT×1189, AAA×984, CAC×483, ACA×2, AAT×1"
642,nonsynonymous-only,0,1,7,8500,"L×2, P×2, I×1, T×1, V×1","ACG×2606, CCA×2483, CTT×1235, ATT×1189, TTA×984, GTT×2, CCG×1"
643,nonsynonymous-only,0,1,8,8500,"A×1, E×1, G×1, I×1, K×1, R×1, T×1, V×1","AAA×2581, GTA×2263, AGA×1261, GAA×1189, GCA×981, ATA×220, ACA×3, GGA×2"
644,nonsynonymous-only,0,1,6,8496,"Q×2, S×2, F×1, T×1","TCA×2485, CAA×1629, TTT×1235, AGT×1189, ACT×984, CAG×974"
645,nonsynonymous-only,0,1,6,8500,"C×2, S×2, I×1, R×1","TGC×2508, AGC×2482, AGT×2174, ATC×1235, TGT×99, AGA×2"
646,nonsynonymous-only,0,1,5,8499,"F×2, C×1, S×1, Y×1","TCC×2576, TGC×2483, TAT×2173, TTC×1243, TTT×24"
647,nonsynonymous-only,0,1,4,6015,"F×1, G×1, Q×1, Y×1","TTC×2607, TAT×1235, CAG×1189, GGC×984"
648,nonsynonymous-only,0,1,7,7309,"D×2, Y×2, G×1, Q×1, R×1","CAG×2586, GAC×2370, TAT×1235, TAC×984, GGC×111, CGG×21, GAT×2"
649,nonsynonymous-only,0,1,5,6074,"A×1, H×1, N×1, P×1, S×1","TCC×2525, CAT×2482, GCT×984, CCC×82, AAT×1"
650,nonsynonymous-only,0,1,6,7311,"E×2, K×2, G×1, R×1","GGT×2485, AAG×1855, AGA×1235, GAA×982, AAA×752, GAG×2"
651,nonsynonymous-only,0,1,4,7311,"G×1, H×1, Q×1, R×1","CAC×2607, GGA×2439, AGA×1281, CAA×984"
652,nonsynonymous-only,0,1,5,6076,"L×3, N×1, S×1","AGT×2487, CTT×2484, CTG×984, AAT×120, CTA×1"
653,nonsynonymous-only,0,1,2,2485,"F×1, S×1","TCT×2062, TTT×423"
654,nonsynonymous-only,0,1,3,5091,"K×1, R×1, T×1","AAG×2553, ACA×2485, AGG×53"
655,nonsynonymous-only,0,1,3,7310,"N×2, S×1","AAC×7263, AGC×46, AAT×1"
656,nonsynonymous-only,0,1,7,7310,"A×1, D×1, F×1, I×1, N×1, T×1, V×1","ACT×2606, ATT×1948, AAC×1235, TTT×984, GTT×403, GCT×133, GAT×1"
657,nonsynonymous-only,0,1,4,6075,"F×1, I×1, S×1, V×1","ATC×2606, GTT×2484, AGT×984, TTT×1"
658,nonsynonymous-only,0,1,6,8499,"R×2, E×1, G×1, H×1, W×1","CGC×2605, TGG×2485, AGA×1235, GGA×1189, GAA×984, CAC×1"
659,nonsynonymous-only,0,1,4,8499,"D×1, E×1, H×1, T×1","GAT×4893, GAA×2606, ACG×984, CAT×16"
660,nonsynonymous-only,0,1,4,8499,"F×1, Q×1, R×1, S×1","TTC×3469, CGG×2540, TCC×2424, CAG×66"
661,nonsynonymous-only,0,1,3,7335,"F×1, I×1, R×1","TTT×6326, ATT×984, CGA×25"
662,nonsynonymous-only,0,1,5,8499,"R×2, C×1, I×1, P×1","CCC×2606, TGC×2485, CGA×1235, ATC×1189, AGA×984"
663,nonsynonymous-only,0,1,2,3590,"S×1, Y×1","TCG×2606, TAT×984"
664,nonsynonymous-only,0,1,2,130,"R×1, S×1","TCA×129, CGA×1"
665,nonsynonymous-only,0,1,3,3590,"A×1, K×1, T×1","AAA×2606, ACT×939, GCT×45"
666,nonsynonymous-only,0,1,3,3590,"I×2, T×1","ACT×2567, ATC×980, ATT×43"
668,nonsynonymous-only,0,1,2,2606,"L×1, S×1","TCA×2604, TTA×2"
671,nonsynonymous-only,0,1,2,2606,"C×1, Y×1","TGC×2548, TAC×58"
673,nonsynonymous-only,0,1,5,7266,"E×1, G×1, K×1, M×1, Y×1","AAG×2606, GGA×2485, TAC×1189, ATG×984, GAA×2"
674,nonsynonymous-only,0,1,3,8501,"D×1, N×1, Y×1","AAT×6326, TAT×1189, GAT×986"
675,nonsynonymous-only,0,1,6,8501,"L×1, P×1, R×1, S×1, T×1, W×1","ACC×2606, CCT×2153, TGG×1235, TTA×1191, CGA×984, TCT×332"
676,nonsynonymous-only,0,1,5,8501,"A×1, F×1, I×1, L×1, V×1","CTT×3720, GTT×2595, GCT×1189, ATT×986, TTT×11"
677,nonsynonymous-only,0,1,6,8501,"F×1, I×1, S×1, T×1, V×1, Y×1","TCT×2545, TTT×2536, TAT×1235, GTT×1189, ATT×984, ACT×12"
678,nonsynonymous-only,0,1,5,3820,"L×2, I×1, R×1, V×1","CGA×1594, TTG×1189, GTC×984, TTA×51, ATT×2"
679,nonsynonymous-only,0,1,8,8501,"S×2, F×1, L×1, Q×1, T×1, V×1, Y×1","CAG×2606, TCT×2484, TAT×1235, CTC×1188, ACC×984, TCG×2, GTC×1, TTT×1"
680,nonsynonymous-only,0,1,5,8501,"R×2, F×1, I×1, V×1","ATT×4658, AGG×2594, GTT×1235, AGA×12, TTT×2"
681,nonsynonymous-only,0,1,4,8501,"Y×2, F×1, S×1","TAT×3471, TAC×2606, TTT×1235, TCT×1189"
682,nonsynonymous-only,0,1,7,7312,"S×3, L×2, F×1, I×1","TCT×2606, TCG×2484, ATC×1235, CTT×980, CTA×4, TTC×2, TCA×1"
683,nonsynonymous-only,0,1,5,4833,"H×2, Q×1, R×1, Y×1","TAT×3841, CAC×983, CAA×6, CAT×2, CGC×1"
684,nonsynonymous-only,0,1,7,6141,"L×2, S×2, G×1, K×1, Y×1","CTG×2567, AGT×2485, TAT×853, TCT×131, AAA×64, CTA×39, GGT×2"
685,nonsynonymous-only,0,1,6,7310,"S×2, Y×2, C×1, H×1","TAT×2606, CAC×2484, TGT×1235, TCG×983, TAC×1, TCA×1"
686,nonsynonymous-only,0,1,5,7310,"G×1, R×1, S×1, V×1, Y×1","TAC×2606, AGC×2485, CGG×1235, GGT×983, GTT×1"
688,nonsynonymous-only,0,1,3,4704,"A×1, K×1, V×1","AAA×3720, GTA×983, GCA×1"
689,nonsynonymous-only,0,1,6,7310,"A×2, K×2, E×1, V×1","GCG×2550, AAA×2485, GAA×1235, AAG×984, GTG×55, GCA×1"
690,nonsynonymous-only,0,1,4,8501,"E×2, G×1, K×1","GAG×6088, GAA×2051, GGG×192, AAA×170"
691,nonsynonymous-only,0,1,4,8499,"R×2, K×1, S×1","AAA×3795, CGC×2485, AGA×1235, AGT×984"
692,nonsynonymous-only,0,1,6,8525,"I×2, F×1, H×1, L×1, T×1","ACT×3720, TTT×2605, ATC×1189, CAC×984, ATT×24, CTT×3"
693,nonsynonymous-only,0,1,7,8527,"Q×2, H×1, K×1, L×1, P×1, Y×1","CTG×3795, CAG×2473, CCA×1235, TAT×984, AAG×24, CAT×14, CAA×2"
694,nonsynonymous-only,0,1,9,7292,"L×3, K×2, M×1, P×1, R×1, S×1","AAA×2606, ATG×1298, AGG×1189, CCG×981, TTG×819, TCG×372, TTA×24, AAG×2, CTG×1"
695,nonsynonymous-only,0,1,5,8526,"K×2, R×2, L×1","CGA×2606, AAG×2486, AAA×2221, CTG×1189, AGG×24"
696,nonsynonymous-only,0,1,5,7542,"K×2, A×1, F×1, I×1","TTC×2606, AAA×2510, ATA×1235, GCC×1189, AAG×2"
697,nonsynonymous-only,0,1,5,7518,"G×1, K×1, L×1, M×1, T×1","CTT×2606, ACT×2486, ATG×1235, GGA×1189, AAA×2"
698,nonsynonymous-only,0,1,5,7518,"L×2, M×1, T×1, V×1","ACC×2606, GTG×2479, TTG×2424, ATG×7, TTA×2"
699,nonsynonymous-only,0,1,6,7518,"A×2, K×2, V×2","AAG×2606, GCG×2483, GTG×1238, GCA×1187, AAA×2, GTA×2"
700,nonsynonymous-only,0,1,10,8502,"L×3, R×3, C×1, Q×1, V×1, Y×1","CGC×2602, TTA×2486, TGT×1224, TTG×1189, CGG×961, CAG×23, TAT×11, CGA×2, CTC×2, GTA×2"
701,nonsynonymous-only,0,1,4,7518,"L×2, S×2","TCG×4895, TCC×2606, TTG×15, TTA×2"
702,nonsynonymous-only,0,1,7,8502,"S×4, F×1, L×1, W×1","TCG×5089, TCT×1232, TGG×1189, TTG×984, TCC×3, TTT×3, TCA×2"
703,nonsynonymous-only,0,1,3,7252,"L×2, W×1","TTG×3470, TGG×2593, CTG×1189"
704,nonsynonymous-only,0,1,6,8503,"C×1, H×1, L×1, P×1, R×1, T×1","CGC×3787, CAC×1977, TGC×1235, CCC×969, CTC×520, ACC×15"
705,nonsynonymous-only,0,1,2,8503,"M×1, T×1","ATG×6330, ACG×2173"
706,nonsynonymous-only,0,1,8,8503,"V×3, G×2, A×1, D×1, E×1","GTG×4575, GGG×1235, GAA×1188, GAT×984, GTA×495, GCG×23, GTT×2, GGA×1"
707,nonsynonymous-only,0,1,8,8503,"I×2, L×1, M×1, N×1, P×1, R×1, S×1","AAT×2607, CCG×2410, ATT×1237, ATA×1189, ATG×981, CGG×63, TCG×13, TTG×3"
708,nonsynonymous-only,0,1,6,8503,"A×1, L×1, P×1, Q×1, R×1, V×1","CGA×4932, CTA×1239, GTA×1130, CCA×982, CAA×161, GCA×59"
709,nonsynonymous-only,0,1,5,8503,"H×1, L×1, P×1, Q×1, R×1","CTG×3850, CGG×2486, CCG×1183, CAG×982, CAT×2"
710,nonsynonymous-only,0,1,4,8503,"P×2, L×1, Q×1","CCA×4883, CTA×1341, CCT×1295, CAA×984"
711,nonsynonymous-only,0,1,4,8503,"A×1, L×1, Q×1, V×1","CAA×3842, GTA×2346, GCA×2314, CTA×1"
712,nonsynonymous-only,0,1,3,8503,"A×2, V×1","GTA×6546, GCA×1955, GCT×2"
713,nonsynonymous-only,0,1,5,8504,"C×1, F×1, L×1, S×1, W×1","TGG×3678, TTC×2605, TGT×1235, TTG×984, TCC×2"
714,nonsynonymous-only,0,1,5,7269,"K×1, L×1, Q×1, R×1, Y×1","AAG×2607, TTG×2487, TAC×1189, CGA×978, CAA×8"
715,nonsynonymous-only,0,1,7,8502,"K×2, L×1, M×1, N×1, P×1, S×1","CCG×2498, AGT×2474, AAA×1235, AAG×1189, ATG×986, CTG×109, AAT×11"
716,nonsynonymous-only,0,1,6,8490,"L×2, P×1, S×1, T×1, W×1","TTG×3586, ACA×2485, CCG×1235, TGG×1177, TTA×5, TCG×2"
717,nonsynonymous-only,0,1,8,8502,"P×2, E×1, F×1, L×1, Q×1, R×1, S×1","CCA×5091, CCC×1235, TTT×1185, CAA×983, TCT×4, GAA×2, CGA×1, CTA×1"
718,nonsynonymous-only,0,1,6,8502,"T×2, I×1, K×1, L×1, N×1","ACA×2607, ACC×2483, AAG×1235, CTC×1189, ATC×986, AAC×2"
719,nonsynonymous-only,0,1,6,8502,"F×2, N×2, E×1, G×1","AAT×3796, TTC×2425, AAC×1235, GGC×984, TTT×60, GAA×2"
720,nonsynonymous-only,0,1,3,8502,"C×1, F×1, Y×1","TGT×4662, TAT×2605, TTT×1235"
721,nonsynonymous-only,0,1,4,5092,"A×1, F×1, S×1, V×1","GTG×2586, TTT×1825, TCT×660, GCG×21"
722,nonsynonymous-only,0,1,7,7313,"E×1, H×1, I×1, M×1, Q×1, S×1, V×1","GTA×2607, CAA×2469, GAA×1235, ATG×904, ATT×80, CAT×16, AGC×2"
723,nonsynonymous-only,0,1,10,8502,"C×2, H×1, K×1, L×1, P×1, Q×1, R×1, S×1, W×1","CCT×2567, CAA×2485, TGT×1189, CGT×1094, TGC×983, CAT×141, TCT×34, CTT×6, AAA×2, TGG×1"
724,nonsynonymous-only,0,1,7,7314,"L×2, R×2, I×1, Q×1, W×1","ATA×2609, CAA×2218, CGG×2188, CTG×296, CGA×1, TGG×1, TTA×1"
728,nonsynonymous-only,0,1,6,7315,"S×2, C×1, E×1, F×1, L×1","TGC×2487, TTG×1408, GAA×1235, TCG×1199, TTC×984, TCC×2"
729,nonsynonymous-only,0,1,5,8504,"M×1, N×1, Q×1, R×1, V×1","ATG×2609, GTG×2487, CAG×1235, AGG×1189, AAT×984"
730,nonsynonymous-only,0,1,5,8504,"L×2, R×2, Q×1","CGA×3842, CAG×2489, CTG×1187, CGT×984, CTT×2"
731,nonsynonymous-only,0,1,4,7269,"L×2, T×1, W×1","TTG×3471, TTA×2607, TGG×1189, ACG×2"
732,nonsynonymous-only,0,1,2,8504,"I×1, T×1","ATA×4911, ACA×3593"
734,nonsynonymous-only,0,1,5,8504,"R×2, L×1, P×1, Q×1","CGT×2858, CCT×2607, CGA×2323, CTT×550, CAA×166"
736,nonsynonymous-only,0,1,4,6285,"I×2, P×1, R×1","CCT×2603, ATC×2487, ATA×1191, CGT×4"
737,nonsynonymous-only,0,1,6,6285,"L×2, C×1, K×1, N×1, P×1","AAT×2486, CTT×1617, TGC×1189, CCT×990, TTA×2, AAA×1"
738,nonsynonymous-only,0,1,7,7269,"R×2, H×1, L×1, P×1, Q×1, Y×1","CAG×2104, CCG×1553, CGG×1426, CAC×1189, TAC×984, CTG×11, CGT×2"
739,nonsynonymous-only,0,1,5,7238,"S×2, R×1, W×1, Y×1","TGG×2458, TCC×2161, TCA×1426, CGA×1189, TAC×4"
740,nonsynonymous-only,0,1,6,8504,"E×1, I×1, K×1, M×1, P×1, Q×1","AAG×3676, GAG×2607, ATG×1235, CAA×982, ATA×2, CCA×2"
741,nonsynonymous-only,0,1,4,8504,"K×2, E×1, I×1","AAA×3471, ATA×2607, GAA×1235, AAG×1191"
742,nonsynonymous-only,0,1,5,8502,"H×1, L×1, N×1, S×1, V×1","TCG×2607, CAT×2487, GTT×1235, CTT×1189, AAT×984"
743,nonsynonymous-only,0,1,5,6017,"C×1, F×1, K×1, Q×1, S×1","TCG×2607, CAA×1235, TGC×1189, TTC×984, AAG×2"
744,nonsynonymous-only,0,1,7,8503,"T×2, K×1, P×1, R×1, S×1, V×1","CCG×2607, AAA×2486, ACA×1232, GTA×1189, CGA×984, ACG×3, AGC×2"
745,nonsynonymous-only,0,1,5,8503,"K×2, M×1, R×1, T×1","AAG×5093, ATG×1235, AAA×1189, ACA×984, AGG×2"
746,nonsynonymous-only,0,1,9,5914,"L×3, S×3, F×2, Y×1","TCC×2475, TAT×1235, TCG×1189, CTT×961, TTT×23, TTA×18, TTC×10, TTG×2, TCT×1"
747,nonsynonymous-only,0,1,7,8503,"V×2, E×1, K×1, L×1, N×1, Y×1","AAA×2607, GTA×1560, GAA×1235, TTG×1189, AAT×984, GTG×926, TAC×2"
748,nonsynonymous-only,0,1,8,8503,"D×2, E×1, K×1, Q×1, R×1, S×1, V×1","CAA×3720, GAG×1806, AAG×1189, TCA×984, GAC×799, GAT×2, GTT×2, CGA×1"
749,nonsynonymous-only,0,1,5,8503,"L×3, Q×1, W×1","TGG×2607, TTG×2486, TTA×1237, CAG×1189, CTA×984"
750,nonsynonymous-only,0,1,5,6017,"L×2, R×1, S×1, Y×1","CTT×2607, CGA×1235, TTG×1189, TAT×984, TCA×2"
751,nonsynonymous-only,0,1,2,2,"G×1, V×1","GGA×1, GTG×1"
754,nonsynonymous-only,0,1,9,7313,"A×1, E×1, G×1, I×1, L×1, M×1, S×1, T×1, V×1","CTC×2607, GCA×2482, ACC×1220, GGA×984, ATC×15, GTA×2, ATG×1, GAA×1, TCA×1"
755,nonsynonymous-only,0,1,7,8499,"K×2, S×2, M×1, R×1, T×1","AGC×2604, AAA×2484, AAG×2424, ACG×983, AGA×2, AGT×1, ATG×1"
756,nonsynonymous-only,0,1,3,6075,"G×2, S×1","TCA×3468, GGG×2605, GGA×2"
757,nonsynonymous-only,0,1,7,8501,"L×2, M×1, R×1, S×1, T×1, V×1","ACA×2607, GTA×2484, TTA×1232, ATG×1189, AGA×984, TTG×3, TCG×2"
758,nonsynonymous-only,0,1,6,6017,"H×1, K×1, L×1, N×1, R×1, Y×1","CAT×2484, CGC×1235, AAG×1189, AAC×984, CTT×123, TAC×2"
759,nonsynonymous-only,0,1,6,8501,"E×1, G×1, H×1, I×1, K×1, R×1","AAA×4220, CAC×2607, GAG×984, AGA×687, GGA×2, ATA×1"
760,nonsynonymous-only,0,1,2,1235,"K×1, R×1","AAG×1234, AGG×1"
762,nonsynonymous-only,0,1,2,1235,"C×1, R×1","CGT×1234, TGT×1"
764,nonsynonymous-only,0,1,2,1235,"I×1, T×1","ATA×1149, ACA×86"
765,nonsynonymous-only,0,1,2,2221,"M×1, W×1","ATG×2219, TGG×2"
766,nonsynonymous-only,0,1,6,6017,"A×2, G×2, D×1, V×1","GCG×3795, GGA×1234, GTT×984, GAC×2, GCA×1, GGG×1"
767,nonsynonymous-only,0,1,5,7515,"F×1, I×1, L×1, S×1, Y×1","TCA×2607, TTA×2483, TTT×1235, TAC×1189, ATA×1"
768,nonsynonymous-only,0,1,5,7518,"C×1, F×1, L×1, S×1, Y×1","TTA×2544, TTT×2486, TAT×2417, TCA×64, TGT×7"
769,nonsynonymous-only,0,1,4,6026,"Y×2, C×1, F×1","TGC×2617, TAC×1237, TAT×1189, TTC×983"
770,nonsynonymous-only,0,1,3,6803,"F×1, S×1, W×1","TGG×3203, TCG×2617, TTT×983"
771,nonsynonymous-only,0,1,6,8491,"L×2, P×1, R×1, S×1, W×1","TGG×3656, TCG×2617, CGG×1046, TTG×983, CCG×161, CTG×28"
772,nonsynonymous-only,0,1,4,8510,"T×2, A×1, I×1","ATA×5667, ACA×2835, ACG×7, GCA×1"
773,nonsynonymous-only,0,1,2,8449,"S×1, W×1","TGG×6026, TCG×2423"
774,nonsynonymous-only,0,1,2,8510,"G×1, V×1","GTT×8471, GGT×39"
775,nonsynonymous-only,0,1,4,8510,"P×2, H×1, L×1","CCC×4172, CAT×3407, CTC×672, CCT×259"
776,nonsynonymous-only,0,1,2,2487,"L×1, W×1","TGG×2486, TTG×1"
777,nonsynonymous-only,0,1,10,8513,"N×2, A×1, E×1, F×1, H×1, I×1, K×1, T×1, V×1","CAC×2616, TTT×2487, ATT×1235, GTA×1173, AAG×982, GAA×10, GCA×6, ACC×2, AAC×1, AAT×1"
778,nonsynonymous-only,0,1,4,4790,"K×1, L×1, N×1, R×1","AAC×2619, AAA×982, CGT×886, CTT×303"
779,nonsynonymous-only,0,1,2,8512,"F×1, L×1","TTT×8510, TTG×2"
781,nonsynonymous-only,0,1,4,5893,"E×1, K×1, S×1, V×1","GTA×2487, GAA×1235, AAG×1189, TCA×982"
782,nonsynonymous-only,0,1,5,8492,"K×2, I×1, M×1, V×1","AAG×2599, ATG×2487, ATA×1238, AAA×1189, GTA×979"
783,nonsynonymous-only,0,1,4,7257,"L×3, F×1","TTT×3580, CTA×2487, TTG×1189, CTT×1"
784,nonsynonymous-only,0,1,7,8494,"S×2, C×1, E×1, L×1, P×1, Y×1","GAA×2599, TCA×2487, TTG×1235, TAC×1189, TCC×974, CCC×8, TGC×2"
785,nonsynonymous-only,0,1,7,8494,"G×2, V×2, A×1, F×1, T×1","ACC×2599, GTC×2487, TTT×1235, GCC×1189, GGC×887, GGT×95, GTT×2"
786,nonsynonymous-only,0,1,5,8478,"A×1, E×1, K×1, R×1, T×1","GCA×2594, AAA×2487, AGA×2157, GAA×1235, ACA×5"
787,nonsynonymous-only,0,1,4,5025,"E×1, K×1, N×1, Q×1","AAT×2599, GAA×1235, CAG×1189, AAA×2"
788,nonsynonymous-only,0,1,2,1237,"I×1, T×1","ACA×1235, ATA×2"
790,nonsynonymous-only,0,1,4,3722,"I×3, F×1","TTT×2487, ATC×1233, ATA×1, ATT×1"
791,nonsynonymous-only,0,1,2,3722,"Q×1, R×1","CAA×2487, CGA×1235"
792,nonsynonymous-only,0,1,10,8494,"I×2, S×2, T×2, K×1, L×1, M×1, R×1","TTG×2598, ATG×2247, ATT×1189, AAG×982, ACG×691, ACA×544, AGG×221, ATA×19, TCA×2, TCG×1"
793,nonsynonymous-only,0,1,4,8494,"E×2, D×1, K×1","GAG×2601, GAA×2487, AAG×2217, GAT×1189"
794,nonsynonymous-only,0,1,4,8494,"V×2, A×1, N×1","GTG×3676, AAC×2599, GCG×1235, GTC×984"
795,nonsynonymous-only,0,1,6,4818,"F×1, H×1, I×1, L×1, R×1, S×1","TTT×2233, ATT×1235, CTT×887, TCT×366, CGT×95, CAT×2"
796,nonsynonymous-only,0,1,2,984,"C×1, F×1","TTT×982, TGT×2"
797,nonsynonymous-only,0,1,2,2217,"Q×1, Y×1","CAA×1235, TAT×982"
798,nonsynonymous-only,0,1,2,1186,"L×1, Q×1","CAG×1184, TTA×2"
799,nonsynonymous-only,0,1,4,6323,"L×2, R×1, S×1","TCA×2596, TTA×2490, CGA×1235, TTG×2"
800,nonsynonymous-only,0,1,5,8495,"I×2, A×1, T×1, V×1","GCA×3717, ACA×2895, ATA×1876, GTA×5, ATT×2"
801,nonsynonymous-only,0,1,6,8495,"I×1, M×1, Q×1, R×1, T×1, W×1","ACC×2599, ATA×2487, CAA×1228, TGG×1189, ATG×985, CGA×7"
802,nonsynonymous-only,0,1,2,2489,"F×1, S×1","TCA×2487, TTT×2"
803,nonsynonymous-only,0,1,2,3582,"P×1, Q×1","CCA×2599, CAA×983"
804,nonsynonymous-only,0,1,2,3582,"L×1, Q×1","CTG×2599, CAA×983"
805,nonsynonymous-only,0,1,3,3582,"A×1, P×1, V×1","CCT×2599, GCT×981, GTT×2"
808,nonsynonymous-only,0,1,2,983,"C×1, Y×1","TGT×889, TAT×94"
809,nonsynonymous-only,0,1,10,8495,"L×3, V×3, A×2, T×2","GCG×2596, CTC×1753, CTA×1714, GTC×1234, ACG×1189, CTT×3, ACA×2, GCA×2, GTA×1, GTG×1"
810,nonsynonymous-only,0,1,5,7512,"P×3, L×2","TTA×3722, TTG×2599, CCA×1183, CCG×6, CCT×2"
811,nonsynonymous-only,0,1,7,8495,"E×2, A×1, D×1, I×1, L×1, T×1","GAA×3822, ACA×2486, ATT×1189, GAG×994, TTA×2, GAT×1, GCA×1"
812,nonsynonymous-only,0,1,8,8494,"V×3, L×2, A×1, I×1, K×1","ATT×2599, TTG×2481, GCT×1235, AAG×982, GTT×930, GTG×260, TTA×6, GTA×1"
813,nonsynonymous-only,0,1,5,5895,"L×3, I×1, P×1","CTA×2487, ATT×1235, CTT×1189, CCA×982, TTA×2"
814,nonsynonymous-only,0,1,3,5895,"E×1, L×1, R×1","GAA×3678, CGA×1235, TTA×982"
815,nonsynonymous-only,0,1,6,5895,"A×2, I×1, K×1, M×1, V×1","GTG×2487, ATG×1235, GCG×1188, AAG×982, ATA×2, GCT×1"
816,nonsynonymous-only,0,1,3,1237,"A×2, G×1","GCA×1231, GCG×4, GGT×2"
817,nonsynonymous-only,0,1,2,1237,"Q×1, S×1","AGC×1235, CAG×2"
818,nonsynonymous-only,0,1,2,1237,"L×1, V×1","GTG×1235, TTA×2"
819,nonsynonymous-only,0,1,2,1237,"G×1, I×1","GGA×1235, ATT×2"
820,nonsynonymous-only,0,1,2,1237,"Q×1, R×1","CGA×1235, CAA×2"
821,nonsynonymous-only,0,1,4,2426,"S×2, K×1, P×1","CCG×1189, AGT×1159, AGC×76, AAG×2"
822,nonsynonymous-only,0,1,4,4913,"L×2, Q×1, R×1","CGA×2486, TTA×1233, CAA×1192, TTG×2"
823,nonsynonymous-only,0,1,4,5895,"E×2, L×1, N×1","GAA×3469, GAG×1235, AAC×1189, TTA×2"
824,nonsynonymous-only,0,1,8,8494,"V×3, A×1, C×1, D×1, R×1, S×1","GTC×4974, GAC×1235, CGC×1188, GTT×982, GCC×97, GTG×15, TCT×2, TGC×1"
825,nonsynonymous-only,0,1,3,8494,"I×2, S×1","ATT×4913, ATC×2599, TCT×982"
826,nonsynonymous-only,0,1,5,8494,"Y×2, F×1, N×1, S×1","AAT×3788, TAT×2489, TAC×1233, TTT×982, TCT×2"
827,nonsynonymous-only,0,1,2,4706,"E×1, Q×1","GAA×3471, CAA×1235"
829,nonsynonymous-only,0,1,3,2487,"T×2, M×1","ACG×2485, ACT×1, ATG×1"
830,nonsynonymous-only,0,1,7,7512,"A×2, T×2, I×1, L×1, V×1","ACG×2600, GCG×1736, GCA×1564, ATA×1235, ACA×374, TTA×2, GTA×1"
831,nonsynonymous-only,0,1,6,7512,"F×2, I×1, L×1, N×1, V×1","AAC×2599, TTT×2486, TTC×1235, ATT×1189, CTC×2, GTT×1"
832,nonsynonymous-only,0,1,6,8494,"E×2, D×1, G×1, K×1, N×1","AAC×3834, GAG×2469, GGA×1189, GAA×984, GAT×16, AAA×2"
833,nonsynonymous-only,0,1,5,8494,"F×1, K×1, L×1, N×1, Y×1","TTT×3834, TAT×2487, AAC×1189, TTG×982, AAA×2"
834,nonsynonymous-only,0,1,7,8494,"L×3, A×1, P×1, S×1, T×1","TCT×2599, CTA×2487, CTT×1235, ACT×1188, CCC×982, TTA×2, GCT×1"
835,nonsynonymous-only,0,1,7,8494,"L×2, I×1, M×1, Q×1, S×1, T×1","ATG×2598, TTA×2487, TTG×1235, TCA×1189, CAA×982, ATA×2, ACG×1"
836,nonsynonymous-only,0,1,6,8486,"K×1, L×1, P×1, Q×1, R×1, V×1","GTA×2599, CCA×2487, AAA×2217, CGA×1180, TTA×2, CAA×1"
837,nonsynonymous-only,0,1,5,8494,"V×2, A×1, K×1, L×1","GTC×3675, TTG×2599, GCG×2217, AAA×2, GTA×1"
838,nonsynonymous-only,0,1,6,8494,"L×4, F×1, I×1","TTA×3469, CTA×2599, TTG×1235, TTT×938, CTT×251, ATA×2"
839,nonsynonymous-only,0,1,3,982,"T×2, K×1","ACG×896, ACA×65, AAG×21"
842,nonsynonymous-only,0,1,3,3581,"T×2, P×1","ACC×2526, CCA×982, ACA×73"
843,nonsynonymous-only,0,1,6,3583,"V×2, A×1, N×1, S×1, T×1","GCT×2554, AAT×981, GTT×44, GTC×2, ACT×1, TCT×1"
844,nonsynonymous-only,0,1,5,7325,"E×2, K×2, Q×1","GAA×3576, AAG×2511, GAG×1235, CAA×2, AAA×1"
845,nonsynonymous-only,0,1,3,7304,"K×1, R×1, W×1","AAA×5087, AGA×1235, TGG×982"
846,nonsynonymous-only,0,1,6,8518,"E×1, I×1, K×1, N×1, Q×1, T×1","AAA×6271, ACA×1235, GAA×982, ATA×25, AAT×3, CAA×2"
847,nonsynonymous-only,0,1,5,7259,"I×2, F×1, L×1, T×1","ATC×3468, TTT×2599, ACT×1189, TTA×2, ATA×1"
848,nonsynonymous-only,0,1,4,4660,"I×3, F×1","ATC×2487, TTC×1189, ATA×982, ATT×2"
849,nonsynonymous-only,0,1,7,5895,"A×1, G×1, L×1, M×1, P×1, S×1, V×1","GCG×2481, TCG×1234, ATG×1189, TTA×984, GTG×5, CCG×1, GGG×1"
850,nonsynonymous-only,0,1,7,5895,"F×2, L×2, P×2, A×1","CCT×3407, GCT×1189, TTC×808, CTC×426, CTT×62, CCA×2, TTT×1"
852,synonymous-only,1,0,2,1189,P×2,"CCG×1188, CCA×1"
855,nonsynonymous-only,0,1,3,1189,"A×1, P×1, V×1","GCC×1181, GTC×7, CCC×1"
856,nonsynonymous-only,0,1,4,8494,"D×1, K×1, N×1, S×1","AAA×4770, GAT×2487, AGT×1235, AAC×2"
857,nonsynonymous-only,0,1,6,8494,"L×2, I×1, K×1, P×1, V×1","CCG×2549, TTG×2420, CTG×1352, GTG×1189, ATA×982, AAG×2"
858,nonsynonymous-only,0,1,6,8492,"Q×2, K×1, M×1, P×1, R×1","ATG×2599, CAG×2485, AAA×2171, CAA×1224, CCA×11, AGA×2"
859,nonsynonymous-only,0,1,4,6007,"R×2, K×1, Y×1","TAC×2599, AAA×1237, CGA×1189, CGG×982"
860,nonsynonymous-only,0,1,2,2173,"N×1, S×1","AAC×2171, AGC×2"
861,nonsynonymous-only,0,1,3,2173,"K×2, V×1","AAA×1189, GTG×982, AAG×2"
862,nonsynonymous-only,0,1,4,4660,"S×2, A×1, L×1","TCG×2468, TCA×2188, CTA×2, GCG×2"
863,nonsynonymous-only,0,1,4,8494,"L×2, F×1, S×1","CTT×5086, TCA×1235, TTG×1189, TTT×984"
864,nonsynonymous-only,0,1,2,4911,"K×1, Q×1","CAA×2487, AAA×2424"
865,synonymous-only,1,0,2,2599,R×2,"AGG×2598, AGA×1"
867,nonsynonymous-only,0,1,2,3788,"F×1, L×1","TTC×2599, TTG×1189"
868,nonsynonymous-only,0,1,7,8492,"R×2, C×1, E×1, I×1, Q×1, S×1","AGT×2598, CGA×2487, CGT×1212, GAA×1189, CAA×982, TGT×23, ATT×1"
869,nonsynonymous-only,0,1,6,7303,"G×2, K×1, N×1, R×1, S×1","GGC×2478, GGA×2136, AAC×1189, AAA×1030, AGA×461, AGC×9"
870,synonymous-only,1,0,2,7509,K×2,"AAA×6320, AAG×1189"
871,nonsynonymous-only,0,1,3,7509,"S×2, K×1","AAA×2598, AGT×2487, AGC×2424"
872,nonsynonymous-only,0,1,4,7509,"S×2, N×1, Y×1","TAT×2591, TCT×2487, AGT×1235, AAT×1196"
873,nonsynonymous-only,0,1,3,7509,"H×1, N×1, Y×1","CAT×5085, AAT×1235, TAT×1189"
874,nonsynonymous-only,0,1,4,7509,"C×2, R×1, Y×1","TGT×2598, TAT×2487, CGT×1235, TGC×1189"
875,nonsynonymous-only,0,1,6,7510,"F×2, D×1, L×1, M×1, Y×1","CTC×2594, TTC×2477, GAC×1235, TAT×1189, TTT×13, ATG×2"
876,nonsynonymous-only,0,1,5,5895,"L×2, M×1, R×1, V×1","CTG×3675, GTG×2203, ATG×14, TTG×2, CGG×1"
877,nonsynonymous-only,0,1,5,7511,"L×2, R×1, S×1, Y×1","TAT×2598, TCT×2487, CTT×1235, CGC×1189, TTA×2"
878,nonsynonymous-only,0,1,3,8493,"F×1, N×1, Y×1","TTC×3787, AAC×2487, TAC×2219"
879,nonsynonymous-only,0,1,3,8493,"R×2, W×1","TGG×4413, AGG×3098, CGG×982"
880,nonsynonymous-only,0,1,6,8493,"D×1, H×1, N×1, R×1, S×1, Y×1","TCT×2598, AGA×2424, CAT×2382, AAT×983, TAT×104, GAT×2"
881,nonsynonymous-only,0,1,4,8493,"G×2, R×1, W×1","GGA×2598, GGG×2489, AGG×2424, TGG×982"
882,nonsynonymous-only,0,1,7,8493,"Y×2, D×1, G×1, H×1, I×1, N×1","TAT×2598, GAC×2486, GGT×1235, AAC×1189, CAC×630, TAC×353, ATC×2"
883,nonsynonymous-only,0,1,3,8493,"C×1, R×1, S×1","TGC×6760, AGC×982, CGC×751"
884,nonsynonymous-only,0,1,6,8493,"R×2, A×1, P×1, Q×1, Y×1","CAA×2598, TAT×2489, CGC×1235, GCG×1182, CGT×982, CCG×7"
885,nonsynonymous-only,0,1,4,5024,"P×2, A×1, K×1","GCA×2598, AAA×1235, CCG×1189, CCA×2"
887,nonsynonymous-only,0,1,3,3789,"E×1, Q×1, S×1","CAA×2598, GAA×1189, TCA×2"
888,nonsynonymous-only,0,1,2,7258,"R×1, T×1","ACA×5085, AGA×2173"
889,nonsynonymous-only,0,1,8,7263,"V×2, A×1, D×1, F×1, I×1, N×1, S×1","AAT×2598, GTT×2453, GCT×1189, TTT×982, ATT×33, AGT×5, GAT×2, GTA×1"
890,nonsynonymous-only,0,1,8,7262,"A×1, D×1, F×1, L×1, P×1, T×1, V×1, Y×1","CTG×2598, GTT×2473, TAT×1176, ACT×982, GAT×13, GCT×13, CCG×5, TTT×2"
891,nonsynonymous-only,0,1,4,5140,"P×1, S×1, T×1, W×1","TCA×2598, ACT×2485, TGG×56, CCT×1"
892,nonsynonymous-only,0,1,3,7255,"G×1, K×1, T×1","AAA×6065, GGA×1189, ACA×1"
893,nonsynonymous-only,0,1,5,7262,"I×1, K×1, N×1, S×1, T×1","ATA×2603, AAC×2486, AGC×1189, AAG×982, ACC×2"
894,nonsynonymous-only,0,1,5,7262,"C×1, F×1, I×1, L×1, P×1","TTT×3465, CCT×1371, CTT×1227, TGT×1192, ATT×7"
895,nonsynonymous-only,0,1,7,7262,"V×2, A×1, I×1, L×1, S×1, T×1","GTA×2597, TCC×2486, CTT×1189, ACC×977, GCC×7, GTG×5, ATA×1"
896,nonsynonymous-only,0,1,5,6679,"A×1, C×1, K×1, Q×1, Y×1","TAC×2598, CAA×1909, GCC×1189, TGC×982, AAA×1"
898,nonsynonymous-only,0,1,5,5898,"K×2, D×1, L×1, N×1","AAT×2490, CTA×1235, AAA×1189, AAG×982, GAT×2"
899,nonsynonymous-only,0,1,4,4709,"H×2, Y×2","TAC×3724, CAC×981, TAT×3, CAT×1"
900,nonsynonymous-only,0,1,5,3407,"C×1, I×1, N×1, Q×1, T×1","CAA×1235, ACT×999, AAT×985, ATT×186, TGT×2"
901,nonsynonymous-only,0,1,4,4916,"G×1, N×1, Q×1, R×1","CGA×3701, GGC×1189, CAA×24, AAT×2"
902,nonsynonymous-only,0,1,7,8495,"I×3, E×1, M×1, R×1, T×1","ATG×2490, ATA×1952, ATC×1233, ATT×1191, AGA×981, ACA×646, GAA×2"
903,nonsynonymous-only,0,1,2,2218,"L×1, S×1","TTA×2210, TCA×8"
904,nonsynonymous-only,0,1,8,8495,"P×3, A×1, E×1, F×1, K×1, R×1","AAA×2598, CGC×2490, GAA×1189, TTC×981, CCA×641, CCC×593, GCT×2, CCG×1"
905,nonsynonymous-only,0,1,5,8495,"V×3, I×1, L×1","GTC×2600, ATC×2490, GTT×1233, GTG×1189, CTT×983"
906,nonsynonymous-only,0,1,4,8495,"I×2, A×1, V×1","ATT×7512, GTG×950, GCG×31, ATC×2"
907,nonsynonymous-only,0,1,6,7260,"T×2, A×1, N×1, P×1, S×1","ACT×3436, ACC×1652, CCT×1189, AAT×920, AGT×61, GCA×2"
908,nonsynonymous-only,0,1,5,7260,"L×3, I×1, Y×1","CTA×2594, TTA×2494, TTG×1188, ATA×982, TAC×2"
909,nonsynonymous-only,0,1,5,8490,"D×1, E×1, I×1, K×1, S×1","AAA×2593, GAG×2490, GAT×1237, TCC×1189, ATC×981"
910,nonsynonymous-only,0,1,6,8490,"Y×2, E×1, I×1, K×1, N×1","TAC×2593, AAA×2490, GAA×1235, ATT×1189, AAT×981, TAT×2"
911,nonsynonymous-only,0,1,7,8490,"R×2, I×1, K×1, T×1, V×1, Y×1","AAA×2593, AGA×2490, ACA×1235, GTA×1185, TAC×981, ATA×4, CGT×2"
912,nonsynonymous-only,0,1,6,8490,"D×1, E×1, K×1, N×1, Q×1, V×1","GAT×2593, GAA×2488, AAA×1237, AAT×1189, GTA×981, CAA×2"
913,nonsynonymous-only,0,1,4,8490,"V×2, L×1, M×1","GTG×3501, TTG×2595, ATG×2170, GTA×224"
914,nonsynonymous-only,0,1,5,8490,"V×2, E×1, K×1, Q×1","GAA×3727, GTG×1595, AAA×1189, GTA×998, CAG×981"
915,nonsynonymous-only,0,1,7,7509,"D×2, A×1, E×1, K×1, L×1, N×1","AAC×2593, GAC×2407, CTG×1235, GAA×1186, GAT×82, AAA×5, GCC×1"
916,nonsynonymous-only,0,1,7,7509,"I×2, T×2, V×2, N×1","ATT×3708, ACG×2579, GTC×1180, ATC×17, ACA×14, GTT×9, AAT×2"
918,nonsynonymous-only,0,1,3,3724,"R×2, Q×1","CGC×2125, CAA×1235, CGT×364"
919,nonsynonymous-only,0,1,2,3724,"L×1, M×1","TTG×2489, ATG×1235"
920,nonsynonymous-only,0,1,3,3724,"H×1, Q×1, Y×1","CAT×2476, CAA×1235, TAT×13"
921,nonsynonymous-only,0,1,2,3724,"F×1, S×1","TCT×2489, TTT×1235"
922,nonsynonymous-only,0,1,3,3726,"F×1, I×1, T×1","TTT×2489, ATT×1235, ACT×2"
923,nonsynonymous-only,0,1,8,5896,"V×3, D×2, A×1, E×1, I×1","GTT×2342, GAA×1235, GCC×1188, GAT×981, ATT×146, GTA×2, GAC×1, GTC×1"
924,nonsynonymous-only,0,1,2,2197,"Q×1, R×1","CGA×1235, CAA×962"
925,nonsynonymous-only,0,1,3,2218,"E×1, I×1, R×1","GAA×1235, AGA×982, ATA×1"
926,nonsynonymous-only,0,1,5,3406,"K×2, T×2, S×1","AAA×1189, AAG×980, ACG×788, ACA×447, TCC×2"
927,nonsynonymous-only,0,1,3,3406,"F×2, L×1","TTT×2215, TTC×1189, CTT×2"
929,synonymous-only,1,0,2,1235,K×2,"AAG×629, AAA×606"
931,synonymous-only,1,0,2,1235,I×2,"ATC×1187, ATT×48"
932,synonymous-only,1,0,2,1235,D×2,"GAC×1234, GAT×1"
933,synonymous-only,1,0,2,1235,N×2,"AAC×1215, AAT×20"
934,nonsynonymous-only,0,1,3,1235,"L×2, F×1","TTG×1232, TTC×2, TTA×1"
936,nonsynonymous-only,0,1,6,5895,"E×2, K×1, P×1, Q×1, T×1","AAA×2489, GAA×2232, CCA×957, GAG×192, ACA×23, CAA×2"
937,nonsynonymous-only,0,1,4,5895,"D×2, E×1, M×1","GAA×4704, GAC×1109, GAT×80, ATG×2"
938,nonsynonymous-only,0,1,5,5895,"E×2, Y×2, F×1","TAT×3355, GAG×2486, TTT×49, GAA×3, TAC×2"
939,nonsynonymous-only,0,1,4,5895,"E×2, D×1, K×1","AAA×2489, GAA×2424, GAG×980, GAT×2"
940,nonsynonymous-only,0,1,3,5895,"I×2, V×1","ATT×3404, ATC×2489, GTG×2"
941,nonsynonymous-only,0,1,7,8488,"L×3, V×2, I×1, K×1","TTA×2539, GTT×2490, AAG×1235, ATT×1189, GTC×979, TTG×54, CTC×2"
942,nonsynonymous-only,0,1,8,8488,"A×2, D×2, G×2, E×1, M×1","GAC×2578, GGC×2314, GCC×1235, GCG×1188, GGT×1155, GAT×15, ATG×2, GAG×1"
943,nonsynonymous-only,0,1,4,8488,"I×2, T×2","ATT×3825, ATC×3474, ACA×1182, ACT×7"
944,nonsynonymous-only,0,1,9,8488,"A×4, I×2, V×2, T×1","GCC×2556, ATT×2507, GCG×1231, ACT×1189, ATC×961, GCT×34, GCA×4, GTC×3, GTT×3"
945,nonsynonymous-only,0,1,5,8488,"G×4, N×1","GGC×2686, AAC×2593, GGG×1189, GGA×1020, GGT×1000"
946,nonsynonymous-only,0,1,6,8488,"T×3, A×2, I×1","GCC×2553, ACC×2489, ACT×1237, ATT×1189, ACA×980, GCA×40"
947,nonsynonymous-only,0,1,5,8488,"V×2, E×1, N×1, T×1","GAA×2595, GTA×2489, GTG×1235, ACC×1189, AAC×980"
948,nonsynonymous-only,0,1,6,8488,"K×2, N×2, D×1, E×1","GAA×2592, AAG×2489, GAT×1237, AAT×1190, AAC×979, AAA×1"
949,nonsynonymous-only,0,1,7,8488,"P×3, I×1, N×1, T×1, V×1","AAT×2593, ACA×2488, GTT×1235, CCC×1189, CCG×977, CCA×5, ATA×1"
950,nonsynonymous-only,0,1,5,8488,"E×1, K×1, R×1, S×1, Y×1","GAA×3724, TAT×2593, AAA×1189, TCT×980, AGA×2"
951,nonsynonymous-only,0,1,6,8488,"V×2, I×1, L×1, S×1, Y×1","TTA×2593, GTG×2472, TAT×1235, ATT×1191, TCA×980, GTA×17"
952,nonsynonymous-only,0,1,4,7299,"K×1, N×1, P×1, Q×1","AAA×2593, CCA×2489, CAA×1237, AAT×980"
953,nonsynonymous-only,0,1,7,8488,"D×2, G×2, E×1, N×1, Q×1","GAA×2593, GAT×2489, AAT×1235, GAC×980, GGA×872, GGT×317, CAA×2"
954,nonsynonymous-only,0,1,6,8488,"T×2, V×2, I×1, L×1","ATT×3726, ACC×2591, GTT×1169, CTC×980, GTA×20, ACG×2"
955,nonsynonymous-only,0,1,6,8488,"P×4, S×2","CCG×3460, TCG×2567, CCT×1638, CCC×787, TCA×26, CCA×10"
956,nonsynonymous-only,0,1,6,8488,"F×2, L×2, Y×2","CTC×2566, TTT×2489, TAT×2058, TTC×1235, TAC×113, CTG×27"
957,nonsynonymous-only,0,1,3,8488,"I×2, F×1","ATT×6273, TTT×1235, ATC×980"
958,synonymous-only,1,0,2,2593,L×2,"TTG×2573, TTA×20"
959,synonymous-only,1,0,2,2593,T×2,"ACG×2560, ACC×33"
960,synonymous-only,1,0,2,2593,T×2,"ACG×2592, ACA×1"
961,synonymous-only,1,0,2,2593,S×2,"TCC×1928, TCT×665"
963,nonsynonymous-only,0,1,5,8488,"L×2, V×2, M×1","TTA×6046, GTC×1234, ATG×1189, TTG×18, GTT×1"
964,nonsynonymous-only,0,1,5,8488,"D×2, E×1, Q×1, Y×1","GAC×2537, CAA×2489, GAA×2169, TAT×1235, GAT×58"
965,nonsynonymous-only,0,1,5,8488,"N×2, D×1, E×1, H×1","GAT×3724, AAT×3048, GAG×980, AAC×734, CAC×2"
966,nonsynonymous-only,0,1,2,2424,"F×1, I×1","ATT×1235, TTC×1189"
968,nonsynonymous-only,0,1,3,2424,"S×2, D×1","GAT×1235, TCC×1188, TCA×1"
969,nonsynonymous-only,0,1,2,2424,"D×1, G×1","GAT×1235, GGT×1189"
970,synonymous-only,1,0,2,2424,E×2,"GAA×2419, GAG×5"
971,nonsynonymous-only,0,1,2,2424,"A×1, K×1","AAA×1235, GCA×1189"
972,nonsynonymous-only,0,1,2,2424,"E×1, L×1","TTA×1235, GAA×1189"
973,nonsynonymous-only,0,1,2,2424,"K×1, N×1","AAT×1235, AAA×1189"
974,nonsynonymous-only,0,1,2,2424,"I×1, V×1","GTA×1235, ATT×1189"
975,nonsynonymous-only,0,1,3,2424,"L×2, I×1","ATT×1189, CTG×1018, TTG×217"
976,nonsynonymous-only,0,1,4,5017,"I×1, K×1, Q×1, T×1","ATA×2556, AAA×1235, CAG×1189, ACA×37"
977,nonsynonymous-only,0,1,3,5017,"R×2, Q×1","CGA×2593, CGG×1221, CAA×1203"
978,nonsynonymous-only,0,1,5,3828,"I×3, M×1, T×1","ATG×2589, ATT×1233, ATA×3, ATC×2, ACG×1"
980,nonsynonymous-only,0,1,6,8488,"S×2, A×1, D×1, N×1, T×1","ACT×3678, GCT×2593, AGT×1215, GAT×980, AGC×20, AAT×2"
981,nonsynonymous-only,0,1,4,8486,"C×1, D×1, I×1, S×1","AGC×3782, ATC×2489, GAT×1235, TGC×980"
982,nonsynonymous-only,0,1,7,8488,"R×2, V×2, E×1, K×1, W×1","GAA×3721, GTG×2564, AGA×1189, AGG×980, GTA×29, AAA×3, TGG×2"
983,nonsynonymous-only,0,1,5,5895,"A×1, K×1, S×1, T×1, V×1","GCG×3673, GTG×1235, AAA×980, ACG×5, TCA×2"
984,nonsynonymous-only,0,1,7,5895,"A×2, R×2, E×1, G×1, W×1","GGG×2474, GAA×1189, GCG×1110, AGG×980, GCA×125, TGG×15, AGA×2"
985,nonsynonymous-only,0,1,4,4660,"H×1, N×1, R×1, Y×1","CAT×2354, AGA×1189, AAT×980, TAT×137"
986,nonsynonymous-only,0,1,3,4658,"R×1, S×1, Y×1","TCA×2489, AGA×1189, TAC×980"
987,nonsynonymous-only,0,1,7,5895,"D×2, A×1, K×1, S×1, T×1, Y×1","GCT×2434, TAC×1235, AGT×1189, GAC×979, ACT×55, AAA×2, GAT×1"
988,nonsynonymous-only,0,1,7,8488,"S×2, C×1, D×1, I×1, N×1, P×1","AGT×2471, AAT×2423, CCT×2388, TCT×1185, TGT×18, ATT×2, GAT×1"
989,nonsynonymous-only,0,1,5,8488,"C×1, E×1, F×1, L×1, Y×1","TTT×3469, CTT×2593, TGT×1235, GAA×1189, TAT×2"
990,nonsynonymous-only,0,1,5,7223,"R×2, K×1, S×1, Y×1","AGA×3563, CGA×2412, TCA×1235, AAA×11, TAC×2"
991,nonsynonymous-only,0,1,7,8488,"A×2, F×1, H×1, I×1, M×1, Y×1","CAT×2594, ATT×2489, TTC×1235, GCC×1188, ATG×980, GCT×1, TAT×1"
992,nonsynonymous-only,0,1,7,8488,"D×2, F×1, I×1, P×1, T×1, V×1","GTT×3782, ATT×2489, ACT×1112, GAC×979, CCT×123, TTT×2, GAT×1"
993,nonsynonymous-only,0,1,3,5017,"G×1, K×1, R×1","AGA×2593, AAG×1235, GGA×1189"
994,nonsynonymous-only,0,1,2,3782,"P×1, R×1","CGA×3776, CCA×6"
995,nonsynonymous-only,0,1,3,3782,"S×2, R×1","AGA×2593, AGC×1184, AGT×5"
996,nonsynonymous-only,0,1,10,7508,"G×2, V×2, A×1, C×1, D×1, I×1, K×1, T×1","TGC×2593, GCC×2347, GGC×1184, GTC×1142, ACC×123, GTT×98, GAC×8, ATC×6, GGT×5, AAG×2"
997,nonsynonymous-only,0,1,5,7508,"I×2, R×2, S×1","AGG×2590, ATC×2489, ATT×1237, AGC×1189, CGG×3"
998,nonsynonymous-only,0,1,3,6319,"I×1, N×1, T×1","AAC×2593, ATT×2489, ACT×1237"
999,nonsynonymous-only,0,1,4,3830,"L×1, P×1, S×1, T×1","CCA×2485, TCT×1235, ACA×108, TTG×2"
1002,synonymous-only,1,0,2,1235,S×2,"TCC×1233, TCT×2"
1003,synonymous-only,1,0,2,3830,L×2,"TTG×2593, TTA×1237"
1004,nonsynonymous-only,0,1,6,8488,"E×2, K×1, M×1, Q×1, V×1","ATG×2593, GAA×2489, CAA×1235, AAG×1189, GAG×980, GTG×2"
1005,nonsynonymous-only,0,1,5,8488,"K×2, E×1, R×1, T×1","AAA×4911, GAA×2593, AGA×980, AAG×2, ACA×2"
1006,nonsynonymous-only,0,1,7,8488,"K×2, F×1, I×1, L×1, P×1, Q×1","CCT×2593, CAA×2488, TTA×1235, TTT×1189, ATT×980, AAG×2, AAA×1"
1007,nonsynonymous-only,0,1,5,8488,"F×1, I×1, N×1, P×1, V×1","AAC×3469, TTC×2593, ATT×1235, GTC×1189, CCT×2"
1008,nonsynonymous-only,0,1,3,6544,"L×1, Q×1, S×1","CAA×5082, CTC×1235, TCA×227"
1009,nonsynonymous-only,0,1,6,8488,"N×2, E×1, K×1, M×1, R×1","AAC×2593, GAG×2489, ATG×1235, AAT×1189, AGA×980, AAG×2"
1010,nonsynonymous-only,0,1,2,982,"S×1, Y×1","TAT×980, AGC×2"
1012,nonsynonymous-only,0,1,2,3573,"D×1, V×1","GAT×2593, GTC×980"
1013,nonsynonymous-only,0,1,3,3573,"L×2, A×1","GCA×2593, CTA×909, TTA×71"
1014,nonsynonymous-only,0,1,5,8487,"Y×2, C×1, N×1, S×1","TAC×3724, TCC×2592, TAT×1189, TGT×980, AAC×2"
1015,nonsynonymous-only,0,1,3,5997,"G×1, K×1, Q×1","CAA×2593, AAA×2215, GGA×1189"
1016,nonsynonymous-only,0,1,3,984,"C×1, K×1, S×1","TCA×980, AAA×2, TGT×2"
1017,nonsynonymous-only,0,1,4,7508,"I×1, K×1, L×1, T×1","ACA×3821, AAA×3678, ATA×7, TTA×2"
1018,nonsynonymous-only,0,1,3,8488,"L×1, S×1, V×1","GTT×5895, TCG×1471, TTG×1122"
1019,nonsynonymous-only,0,1,3,6271,"I×1, L×1, S×1","TCA×3677, ATA×2593, TTA×1"
1020,nonsynonymous-only,0,1,2,2593,"A×1, T×1","GCA×2579, ACA×14"
1023,synonymous-only,1,0,2,2592,T×2,"ACG×2591, ACA×1"
1024,nonsynonymous-only,0,1,4,6268,"H×1, N×1, S×1, Y×1","AAT×4952, CAT×1009, TAT×180, AGT×127"
1025,nonsynonymous-only,0,1,3,5079,"I×1, L×1, T×1","TTG×2592, ATA×2362, ACA×125"
1026,nonsynonymous-only,0,1,4,8483,"F×1, I×1, L×1, W×1","TTC×6057, ATC×1236, TGG×1189, CTC×1"
1027,nonsynonymous-only,0,1,5,8483,"K×2, G×1, T×1, V×1","ACT×2592, AAG×2487, AAA×2424, GTA×883, GGA×97"
1028,nonsynonymous-only,0,1,6,8483,"D×2, K×1, S×1, T×1, Y×1","TCT×2592, GAT×2479, TAC×1235, AAA×1189, ACT×980, GAC×8"
1029,nonsynonymous-only,0,1,5,8483,"F×1, K×1, N×1, S×1, Y×1","TCT×2592, TAT×2487, AAA×1235, AAT×1189, TTT×980"
1030,nonsynonymous-only,0,1,4,8485,"Q×2, H×1, R×1","CGA×2592, CAA×2447, CAT×2171, CAG×1275"
1031,nonsynonymous-only,0,1,4,6314,"I×1, K×1, S×1, T×1","AAG×2592, TCG×2487, ACA×1212, ATA×23"
1032,nonsynonymous-only,0,1,8,8485,"I×2, A×1, C×1, K×1, R×1, S×1, T×1","AAG×4902, TGC×1235, TCT×1066, ATC×975, AGG×177, GCT×123, ACC×5, ATA×2"
1033,nonsynonymous-only,0,1,8,8485,"A×2, R×2, G×1, I×1, L×1, V×1","GCT×2589, CTA×2487, ATA×1235, GTT×1189, GGG×968, AGG×12, GCC×3, AGA×2"
1034,nonsynonymous-only,0,1,6,8485,"L×2, C×1, S×1, V×1, Y×1","TTA×3722, TGT×2582, GTG×1189, TCA×980, TAT×10, TTG×2"
1035,nonsynonymous-only,0,1,5,8485,"L×2, F×1, Q×1, V×1","CAG×5079, TTG×1237, GTC×1188, TTC×980, CTC×1"
1036,nonsynonymous-only,0,1,7,8485,"N×2, I×1, K×1, L×1, R×1, T×1","AAA×2592, ACT×2487, TTG×1235, ATT×1189, AAT×979, AGA×2, AAC×1"
1037,nonsynonymous-only,0,1,5,8485,"I×1, N×1, Q×1, R×1, Y×1","AAC×3827, TAC×2487, CGC×1189, CAG×980, ATT×2"
1039,nonsynonymous-only,0,1,6,8481,"R×2, G×1, K×1, N×1, Q×1","AAT×2592, CGG×2316, GGG×1235, AAA×1189, CGA×982, CAG×167"
1040,nonsynonymous-only,0,1,3,7246,"F×2, Y×1","TTT×3465, TTC×2592, TAT×1189"
1041,nonsynonymous-only,0,1,4,2434,"L×1, P×1, S×1, W×1","TGG×1235, CCA×1188, TTA×10, TCA×1"
1042,nonsynonymous-only,0,1,4,8481,"I×2, M×1, N×1","ATC×5075, ATG×1237, AAC×1189, ATA×980"
1043,nonsynonymous-only,0,1,7,7289,"L×3, R×2, P×1, Q×1","CTG×2592, CTA×1994, CCG×1235, CAG×977, CGA×488, CGG×2, TTA×1"
1044,nonsynonymous-only,0,1,7,7290,"Q×2, T×2, E×1, K×1, M×1","ACG×2571, CAA×2481, GAA×1235, AAA×978, ATG×21, ACA×2, CAG×2"
1045,nonsynonymous-only,0,1,7,7290,"L×2, E×1, K×1, N×1, P×1, S×1","TCA×3604, CCA×2482, AAA×975, TTA×223, GAA×3, AAC×2, CTA×1"
1046,nonsynonymous-only,0,1,3,6055,"F×1, L×1, S×1","TTA×3572, TTT×2469, TCA×14"
1047,nonsynonymous-only,0,1,3,3572,"F×1, L×1, Y×1","TTA×2592, TTC×978, TAC×2"
1048,nonsynonymous-only,0,1,5,3572,"D×2, N×1, S×1, Y×1","AAC×2585, GAC×971, AGC×7, TAC×7, GAT×2"
1053,nonsynonymous-only,0,1,2,3572,"K×1, R×1","AAG×3570, CGA×2"
1054,nonsynonymous-only,0,1,2,5077,"F×1, S×1","TCG×5075, TTT×2"
1055,nonsynonymous-only,0,1,5,6055,"K×2, N×1, Q×1, R×1","AAA×2592, AAT×2483, AAG×824, AGG×154, CAA×2"
1056,nonsynonymous-only,0,1,4,3572,"K×1, M×1, S×1, T×1","ACG×2563, TCT×978, ATG×29, AAG×2"
1057,nonsynonymous-only,0,1,5,6055,"L×3, F×1, S×1","TTA×2590, CTA×2483, TTT×978, TCA×2, TTG×2"
1058,nonsynonymous-only,0,1,3,5077,"K×1, Q×1, R×1","CAA×2592, AGA×2483, AAA×2"
1059,nonsynonymous-only,0,1,5,7290,"F×2, K×1, L×1, R×1","AAA×2516, TTT×2483, TTC×2213, AGA×76, TTA×2"
1060,nonsynonymous-only,0,1,4,7290,"I×2, N×1, T×1","ATT×3720, ACA×2581, AAT×978, ATA×11"
1061,nonsynonymous-only,0,1,3,6312,"L×1, Q×1, W×1","TTG×2592, CAG×2483, TGG×1237"
1062,nonsynonymous-only,0,1,5,7290,"K×2, I×1, L×1, T×1","AAA×2592, ACA×1756, CTT×1235, AAG×978, ATA×729"
1063,nonsynonymous-only,0,1,6,7290,"F×2, S×2, L×1, N×1","AAC×2592, TTT×2465, TTC×1235, AGC×978, TCT×18, TTA×2"
1064,nonsynonymous-only,0,1,5,7290,"A×1, G×1, L×1, V×1, W×1","GCT×4788, TGG×1235, GGT×978, GTT×287, CTT×2"
1065,nonsynonymous-only,0,1,5,6055,"C×2, G×1, S×1, Y×1","TCG×2592, TGC×1806, GGC×978, TAC×677, TGT×2"
1066,nonsynonymous-only,0,1,5,7288,"I×1, K×1, M×1, N×1, T×1","AAA×2486, ACC×2478, ATG×1235, AAC×975, ATC×114"
1067,nonsynonymous-only,0,1,5,7288,"L×2, K×1, P×1, S×1","TCA×2592, CTA×2100, CTT×1235, AAA×978, CCA×383"
1068,nonsynonymous-only,0,1,5,6053,"H×1, K×1, Q×1, R×1, Y×1","CAC×2587, AAA×2483, CGA×589, CAA×389, TAC×5"
1069,nonsynonymous-only,0,1,4,5980,"F×1, L×1, S×1, T×1","TCA×2544, TTA×2424, TTC×978, ACA×34"
1070,nonsynonymous-only,0,1,4,8477,"K×2, A×1, T×1","GCG×3712, AAA×3461, AAG×1235, ACG×69"
1071,nonsynonymous-only,0,1,6,8477,"E×2, V×2, A×1, M×1","GCA×2589, GTG×2466, ATG×2167, GAG×1235, GTA×17, GAA×3"
1072,nonsynonymous-only,0,1,5,8477,"K×2, I×1, P×1, T×1","AAA×2592, ACG×2483, AAG×1235, CCA×1189, ATC×978"
1073,nonsynonymous-only,0,1,4,3402,"K×2, E×1, V×1","GAA×1189, GTA×978, AAG×929, AAA×306"
1074,nonsynonymous-only,0,1,3,4759,"E×1, N×1, S×1","AAT×3559, GAG×1189, AGT×11"
1075,nonsynonymous-only,0,1,3,3178,"L×1, S×1, W×1","TTA×2588, TGG×586, TCA×4"
1076,nonsynonymous-only,0,1,3,2215,"Q×2, R×1","CAA×1235, CGG×978, CAG×2"
1077,nonsynonymous-only,0,1,6,5885,"D×1, E×1, G×1, H×1, P×1, Y×1","GAT×2155, GAA×1235, CAT×1184, TAT×978, GGT×328, CCT×5"
1078,nonsynonymous-only,0,1,8,5887,"L×2, F×1, I×1, M×1, S×1, T×1, V×1","TTT×3667, ATG×952, CTT×929, ATT×306, ACG×17, TTG×9, TCT×5, GTT×2"
1079,nonsynonymous-only,0,1,5,4652,"I×2, T×2, S×1","ACT×2483, ACA×985, TCC×978, ATA×204, ATT×2"
1080,nonsynonymous-only,0,1,2,1191,"F×1, S×1","TCA×1189, TTT×2"
1081,nonsynonymous-only,0,1,5,7246,"V×2, A×1, I×1, T×1","ACT×2592, GTT×2483, ATT×1191, GTC×978, GCC×2"
1082,nonsynonymous-only,0,1,4,3465,"D×1, I×1, L×1, S×1","TTA×2483, AGT×978, ATA×2, GAT×2"
1083,nonsynonymous-only,0,1,4,4652,"S×2, C×1, L×1","TCA×2482, TTA×1189, TGT×980, TCG×1"
1084,nonsynonymous-only,0,1,5,7246,"C×1, F×1, K×1, L×1, Y×1","TGC×3781, TTC×2483, TTA×978, AAA×2, TAC×2"
1085,nonsynonymous-only,0,1,4,7246,"I×2, T×2","ACA×3745, ATT×3463, ATA×36, ACT×2"
1086,nonsynonymous-only,0,1,6,7244,"E×2, V×2, H×1, T×1","ACG×2592, GTG×2471, CAT×1189, GAA×975, GTT×14, GAG×3"
1087,nonsynonymous-only,0,1,8,7244,"R×3, H×1, L×1, P×1, Q×1, V×1","CTT×2126, CGC×2024, CGG×1104, CGA×978, CAC×568, CCT×357, CAG×85, GTT×2"
1088,nonsynonymous-only,0,1,5,7243,"L×2, A×1, S×1, V×1","TCA×2591, GTA×2496, GCA×1178, TTA×959, TTG×19"
1089,nonsynonymous-only,0,1,3,7241,"C×1, I×1, W×1","TGT×3672, TGG×2591, ATC×978"
1090,nonsynonymous-only,0,1,3,2169,"L×1, R×1, W×1","TGG×1189, CGG×978, TTG×2"
1091,nonsynonymous-only,0,1,3,7244,"N×2, S×1","AGC×3786, AAC×2480, AAT×978"
1092,nonsynonymous-only,0,1,4,6053,"G×2, E×1, V×1","GGC×2483, GGA×1881, GAA×1688, GTA×1"
1093,nonsynonymous-only,0,1,4,6053,"P×2, N×1, Q×1","AAT×2483, CCA×1317, CAA×1275, CCT×978"
1094,nonsynonymous-only,0,1,6,6055,"C×2, Y×2, H×1, I×1","TGC×3316, TGT×1520, ATT×978, TAT×227, TAC×12, CAT×2"
1098,nonsynonymous-only,0,1,4,6053,"K×2, E×1, L×1","AAG×2590, GAA×1747, AAA×1714, TTA×2"
1099,nonsynonymous-only,0,1,6,7288,"F×1, I×1, R×1, S×1, T×1, Y×1","ACT×2590, TCC×2482, TTC×1235, ATT×978, CGT×2, TAC×1"
1100,nonsynonymous-only,0,1,5,7284,"I×1, K×1, M×1, Q×1, R×1","ATG×2590, AGA×2483, CAA×1231, ATA×978, AAA×2"
1101,nonsynonymous-only,0,1,6,7288,"K×2, E×1, I×1, M×1, T×1","ATA×2483, AAA×2309, ACT×1235, ATG×978, AAG×281, GAA×2"
1102,nonsynonymous-only,0,1,3,3570,"A×1, S×1, T×1","TCC×2590, GCG×978, ACA×2"
1103,nonsynonymous-only,0,1,7,7290,"L×2, P×2, R×1, S×1, V×1","CTG×2797, CCC×2482, CGG×1235, CCG×771, CTA×2, GTC×2, TCC×1"
1104,nonsynonymous-only,0,1,5,7290,"D×2, N×2, L×1","CTA×2590, GAC×2472, AAT×1235, AAC×991, GAT×2"
1105,nonsynonymous-only,0,1,8,8479,"N×2, E×1, I×1, K×1, M×1, S×1, T×1","ACC×2590, AGC×2483, ATG×1235, ATT×1189, AAT×565, AAC×413, AAA×2, GAA×2"
1106,nonsynonymous-only,0,1,5,6277,"L×2, K×1, Q×1, S×1","TTA×4907, TCG×1327, TTG×38, AAG×3, CAA×2"
1107,nonsynonymous-only,0,1,8,5995,"K×2, R×2, E×1, L×1, S×1, W×1","AGG×2577, AAA×1235, CGG×1188, AGC×978, AAG×13, GAG×2, CTG×1, TGG×1"
1108,nonsynonymous-only,0,1,6,8477,"N×2, D×1, H×1, S×1, Y×1","AGT×3430, AAC×2590, AAT×1220, CAC×1184, TAC×51, GAT×2"
1109,nonsynonymous-only,0,1,5,5887,"I×2, D×1, T×1, V×1","GTC×3461, ATC×1234, GAT×1189, ATT×2, ACC×1"
1110,nonsynonymous-only,0,1,5,5887,"A×1, I×1, K×1, T×1, V×1","ATA×2485, GTT×1235, ACA×1187, AAA×978, GCA×2"
1111,nonsynonymous-only,0,1,4,4650,"E×1, L×1, P×1, S×1","TCG×1780, CTG×1189, GAA×978, CCG×703"
1112,nonsynonymous-only,0,1,10,8477,"R×3, L×2, I×1, K×1, P×1, T×1, W×1","CCA×2549, AGA×2483, AAA×1235, ACG×1189, CGG×971, CTA×41, TGG×4, ATA×2, CTG×2, CGA×1"
1113,nonsynonymous-only,0,1,4,8477,"S×2, L×1, V×1","GTT×3672, TTA×2590, TCG×1235, TCT×980"
1114,nonsynonymous-only,0,1,8,7242,"S×2, A×1, C×1, E×1, I×1, T×1, V×1","ACC×2560, GCC×2387, TCA×1182, TGC×978, GTC×95, ATC×31, TCT×7, GAG×2"
1115,nonsynonymous-only,0,1,5,7242,"K×2, E×1, R×1, T×1","AAA×2590, AGA×2483, GAA×1189, AAG×978, ACA×2"
1116,nonsynonymous-only,0,1,7,7242,"I×2, K×2, S×2, N×1","AAC×2590, AGC×2354, AGT×1107, AAG×908, AAA×281, ATC×1, ATT×1"
1117,nonsynonymous-only,0,1,6,6264,"E×2, C×1, H×1, R×1, S×1","CAT×2590, TGT×1396, GAA×1185, AGT×1087, GAG×4, AGG×2"
1118,nonsynonymous-only,0,1,4,6264,"F×1, I×1, L×1, R×1","TTT×2590, ATC×2483, CTT×1189, CGC×2"
1119,nonsynonymous-only,0,1,4,7497,"C×1, G×1, S×1, Y×1","TGT×3718, TCC×2588, GGT×1189, TAC×2"
1120,nonsynonymous-only,0,1,3,3779,"K×1, Q×1, R×1","AAA×2590, CGA×1063, CAA×126"
1124,synonymous-only,1,0,2,1189,E×2,"GAG×702, GAA×487"
1128,nonsynonymous-only,0,1,2,1189,"P×1, S×1","CCA×1125, TCA×64"
1129,nonsynonymous-only,0,1,5,7499,"V×2, I×1, M×1, T×1","ATG×2524, ATA×2485, GTA×1235, GTG×1189, ACG×66"
1130,nonsynonymous-only,0,1,5,8477,"E×1, I×1, K×1, L×1, R×1","AAA×3461, CTA×2590, CGC×1235, ATT×1189, GAA×2"
1131,nonsynonymous-only,0,1,7,8477,"E×1, K×1, M×1, Q×1, R×1, T×1, V×1","AAA×2492, ATG×2483, ACG×1235, GTG×1189, GAG×978, AGA×98, CAG×2"
1132,nonsynonymous-only,0,1,9,8477,"A×3, I×2, N×1, S×1, T×1, V×1","GCG×3460, ACA×2588, AAT×1235, GCC×1091, TCC×88, GCT×10, ATA×2, ATT×2, GTG×1"
1133,nonsynonymous-only,0,1,2,2592,"F×1, H×1","TTT×2590, CAT×2"
1136,nonsynonymous-only,0,1,2,1191,"F×1, I×1","ATT×1189, TTC×2"
1137,nonsynonymous-only,0,1,7,8477,"Y×2, E×1, L×1, M×1, R×1, S×1","TAT×2514, CGA×2483, ATG×1235, GAG×1189, AGT×978, TAC×76, TTA×2"
1138,nonsynonymous-only,0,1,8,8477,"P×2, T×2, D×1, L×1, S×1, V×1","CCG×2479, ACT×2201, ACC×1578, TTA×1235, GTC×978, CCT×2, GAT×2, TCG×2"
1139,nonsynonymous-only,0,1,5,8477,"I×2, L×2, M×1","CTA×2589, ATT×2473, CTT×2225, ATG×1189, ATA×1"
1140,nonsynonymous-only,0,1,3,8477,"E×2, G×1","GAA×8475, GAG×1, GGA×1"
1141,nonsynonymous-only,0,1,7,8477,"E×1, K×1, N×1, Q×1, R×1, V×1, W×1","CAG×2590, GTG×2483, CGG×1230, GAA×1189, AAA×978, TGG×5, AAT×2"
1142,nonsynonymous-only,0,1,8,8477,"A×3, E×1, F×1, S×1, T×1, V×1","TTT×2590, TCC×2483, GCG×1234, GCT×1182, GTT×978, ACT×7, GAA×2, GCA×1"
1143,nonsynonymous-only,0,1,3,8477,"Y×2, L×1","TAT×7287, CTT×1189, TAC×1"
1144,nonsynonymous-only,0,1,5,8477,"R×2, N×1, S×1, T×1","AAT×3672, CGA×2590, CGT×1235, AGT×978, ACC×2"
1145,nonsynonymous-only,0,1,7,8477,"I×2, L×2, V×2, M×1","ATA×2590, CTG×1946, GTG×1235, ATG×1187, GTC×978, TTG×537, ATT×4"
1146,nonsynonymous-only,0,1,8,8477,"E×2, D×1, K×1, L×1, N×1, T×1, Y×1","TTG×2483, GAG×2103, ACG×1235, GAT×1191, AAT×978, GAA×482, TAT×3, AAA×2"
1147,nonsynonymous-only,0,1,6,8477,"I×3, V×2, L×1","ATT×6085, GTT×1036, ATA×1013, ATC×340, GTA×2, CTT×1"
1148,nonsynonymous-only,0,1,7,8477,"P×3, S×3, L×1","CCA×4565, TCC×2590, CCT×978, CCG×339, CTA×2, TCA×2, TCG×1"
1149,nonsynonymous-only,0,1,7,8477,"A×2, N×2, E×1, P×1, T×1","AAC×2590, CCT×2483, GAA×2213, GCA×1168, GCG×14, ACA×7, AAT×2"
1150,nonsynonymous-only,0,1,9,8477,"A×3, E×2, L×2, S×1, W×1","TGG×2590, TTG×2483, GAA×1189, TCG×978, GCG×892, GCA×341, TTA×2, GAG×1, GCT×1"
1151,synonymous-only,1,0,2,8477,E×2,"GAA×7506, GAG×971"
1152,nonsynonymous-only,0,1,5,7288,"L×3, V×2","CTC×2590, GTG×2480, GTT×1238, CTT×978, CTA×2"
1153,nonsynonymous-only,0,1,5,7288,"R×2, A×1, F×1, Y×1","TAT×2590, CGC×2205, GCG×1235, TTT×978, CGT×280"
1154,nonsynonymous-only,0,1,8,8477,"V×3, H×1, L×1, N×1, R×1, Y×1","TAT×4649, GTG×2569, CAT×1234, GTT×12, GTA×9, TTG×2, AAT×1, CGT×1"
1155,nonsynonymous-only,0,1,5,8477,"I×2, V×2, F×1","ATT×5034, GTT×1324, TTT×1189, GTC×889, ATC×41"
1156,nonsynonymous-only,0,1,5,8477,"H×1, I×1, N×1, T×1, Y×1","TAT×6051, ACC×1226, ATC×1189, AAC×9, CAT×2"
1157,nonsynonymous-only,0,1,4,8477,"A×1, D×1, E×1, Q×1","GAA×5075, CAA×1235, GCA×1189, GAT×978"
1158,nonsynonymous-only,0,1,5,8477,"I×1, L×1, M×1, Q×1, V×1","ATT×2592, TTG×2483, ATG×1235, CAG×1189, GTG×978"
1159,nonsynonymous-only,0,1,7,8475,"L×5, F×2","TTG×3568, CTC×2466, TTA×1189, TTT×1152, TTC×83, CTT×16, CTA×1"
1160,nonsynonymous-only,0,1,5,8475,"A×1, F×1, L×1, S×1, V×1","TTT×3461, TCT×2581, TTA×1235, GTC×1189, GCT×9"
1161,nonsynonymous-only,0,1,6,5886,"G×2, K×2, A×1, E×1","GAA×3718, AAA×1181, GGA×977, AAG×8, GCA×1, GGG×1"
1162,nonsynonymous-only,0,1,3,3402,"N×2, K×1","AAT×2423, AAA×978, AAC×1"
1163,nonsynonymous-only,0,1,3,1189,"A×2, V×1","GCT×686, GCC×500, GTC×3"
1165,nonsynonymous-only,0,1,3,1189,"C×1, R×1, Y×1","TGT×1178, TAT×10, CGT×1"
1166,synonymous-only,1,0,2,1189,I×2,"ATC×1182, ATA×7"
1167,nonsynonymous-only,0,1,4,5987,"E×2, M×1, S×1","TCG×2583, GAA×2424, GAG×978, ATG×2"
1168,nonsynonymous-only,0,1,6,8478,"V×2, D×1, F×1, I×1, L×1","GTG×2590, CTT×2482, ATT×1236, GAT×1189, TTT×979, GTT×2"
1169,nonsynonymous-only,0,1,2,3402,"K×1, N×1","AAA×2424, AAC×978"
1170,nonsynonymous-only,0,1,4,3402,"G×1, I×1, N×1, S×1","AGT×1234, ATC×1182, AAC×985, GGT×1"
1171,nonsynonymous-only,0,1,4,3402,"T×2, A×1, K×1","AAA×1235, ACC×1189, GCA×975, ACA×3"
1172,nonsynonymous-only,0,1,2,3400,"E×1, Q×1","GAA×2167, CAA×1233"
1173,nonsynonymous-only,0,1,5,2168,"I×2, N×1, S×1, Y×1","ATT×1188, AGC×973, AAC×5, ATC×1, TAT×1"
1174,synonymous-only,1,0,2,2167,D×2,"GAT×2109, GAC×58"
1175,nonsynonymous-only,0,1,3,2167,"T×2, F×1","ACA×1146, TTT×978, ACG×43"
1176,nonsynonymous-only,0,1,2,1189,"L×1, Q×1","CTA×1188, CAA×1"
