codon_index,category,syn_changes,nonsyn_changes,n_variants,n_sequences,aa_states,codon_counts
2,nonsynonymous-only,0,1,2,12,"K×1, W×1","TGG×10, AAA×2"
4,nonsynonymous-only,0,1,2,12,"L×1, V×1","GTA×10, TTA×2"
5,nonsynonymous-only,0,1,2,12,"L×1, T×1","CTC×10, ACT×2"
6,nonsynonymous-only,0,1,2,12,"I×1, L×1","CTT×10, ATT×2"
7,nonsynonymous-only,0,1,3,27,"V×2, M×1","ATG×16, GTA×10, GTC×1"
8,nonsynonymous-only,0,1,4,27,"D×1, I×1, N×1, V×1","GTC×14, AAC×10, GAC×2, ATT×1"
9,nonsynonymous-only,0,1,3,17,"F×1, P×1, S×1","TCC×14, TTC×2, CCT×1"
10,nonsynonymous-only,0,1,2,3,"H×1, S×1","CAT×2, TCT×1"
11,nonsynonymous-only,0,1,2,3,"G×1, I×1","GGT×2, ATT×1"
12,nonsynonymous-only,0,1,2,3,"I×1, R×1","ATC×2, CGC×1"
13,nonsynonymous-only,0,1,2,17,"L×1, Q×1","CAG×14, TTG×3"
14,nonsynonymous-only,0,1,3,17,"K×1, P×1, T×1","AAA×14, ACC×2, CCC×1"
15,nonsynonymous-only,0,1,2,16,"A×1, W×1","TGG×14, GCT×2"
16,nonsynonymous-only,0,1,2,16,"I×1, K×1","AAA×14, ATA×2"
17,nonsynonymous-only,0,1,2,16,"G×1, W×1","GGT×14, TGG×2"
19,nonsynonymous-only,0,1,2,16,"I×1, Y×1","TAT×14, ATT×2"
22,synonymous-only,1,0,2,16,L×2,"TTG×14, TTA×2"
23,synonymous-only,1,0,2,16,N×2,"AAT×14, AAC×2"
24,nonsynonymous-only,0,1,3,23,"G×1, T×1, V×1","GTA×14, GGC×7, ACA×2"
25,nonsynonymous-only,0,1,2,16,"D×1, Y×1","GAC×14, TAC×2"
26,nonsynonymous-only,0,1,2,45,"E×1, V×1","GAA×38, GTA×7"
27,nonsynonymous-only,0,1,3,45,"C×1, H×1, Y×1","TAT×22, CAT×16, TGT×7"
28,nonsynonymous-only,0,1,3,23,"E×1, K×1, T×1","GAG×14, AAA×7, ACG×2"
29,nonsynonymous-only,0,1,4,72,"F×1, L×1, R×1, T×1","TTG×27, AGG×22, TTT×16, ACG×7"
30,nonsynonymous-only,0,1,4,71,"C×1, L×1, P×1, W×1","TGG×35, TGT×20, TTG×14, CCG×2"
31,nonsynonymous-only,0,1,7,81,"I×3, E×1, K×1, M×1, R×1","ATT×23, AAA×17, ATG×15, AGA×10, GAA×7, ATA×5, ATC×4"
32,nonsynonymous-only,0,1,6,173,"E×2, G×2, K×2","GAA×122, GGG×16, AAA×15, GGA×11, AAG×5, GAG×4"
33,nonsynonymous-only,0,1,4,564,"E×1, K×1, N×1, Y×1","AAT×433, TAT×99, AAA×27, GAA×5"
34,nonsynonymous-only,0,1,5,142,"L×3, F×1, S×1","TCG×62, TTG×37, CTA×22, TTT×16, CTT×5"
37,nonsynonymous-only,0,1,10,1005,"A×1, D×1, F×1, G×1, I×1, N×1, P×1, S×1, T×1, Y×1","GGC×543, GCC×306, TAC×99, CCT×26, ATA×14, TTT×10, GAC×3, ACA×2, AAC×1, TCT×1"
38,nonsynonymous-only,0,1,11,775,"D×2, C×1, E×1, F×1, G×1, H×1, K×1, N×1, R×1, Y×1","AAA×543, AAT×141, TGT×37, TAT×22, CAT×14, TTT×7, CGT×5, GAC×2, GAT×2, GAA×1, GGT×1"
39,nonsynonymous-only,0,1,13,5012,"G×4, D×2, E×2, Y×2, A×1, N×1, V×1","GGC×2666, GAG×688, GAC×605, AAT×306, GGA×284, GGG×109, GGT×98, GAA×95, GAT×59, GTC×58, GCC×42, TAC×1, TAT×1"
40,nonsynonymous-only,0,1,8,1526,"N×2, C×1, E×1, I×1, K×1, S×1, T×1","GAA×1178, AAA×226, AAC×59, TGC×26, TCA×16, AAT×9, ACC×7, ATC×5"
41,nonsynonymous-only,0,1,11,1342,"T×3, F×2, I×1, K×1, N×1, Q×1, V×1, Y×1","ACT×1175, TTC×73, ACG×60, ACA×20, TTT×4, AAT×2, ATT×2, CAA×2, GTA×2, AAA×1, TAT×1"
42,nonsynonymous-only,0,1,6,1281,"D×1, I×1, K×1, M×1, R×1, W×1","AAA×1209, TGG×53, ATA×15, GAC×2, AGA×1, ATG×1"
43,nonsynonymous-only,0,1,3,1187,"L×2, F×1","TTG×1175, TTT×7, TTA×5"
44,nonsynonymous-only,0,1,3,1701,"F×1, L×1, V×1","GTC×1180, CTT×517, TTT×4"
45,nonsynonymous-only,0,1,3,491,"I×1, L×1, M×1","TTA×482, ATA×8, ATG×1"
46,nonsynonymous-only,0,1,5,494,"A×1, K×1, N×1, Q×1, T×1","AAC×481, AAG×7, CAA×3, ACC×2, GCT×1"
48,nonsynonymous-only,0,1,10,212,"N×2, A×1, F×1, K×1, M×1, Q×1, S×1, T×1, Y×1","TAC×79, AAG×51, AAT×38, AAC×26, ATG×7, TTC×4, ACA×3, GCC×2, CAG×1, TCA×1"
49,nonsynonymous-only,0,1,11,1495,"G×2, I×2, D×1, E×1, K×1, N×1, Q×1, R×1, S×1","AAA×1310, GAA×106, AAC×29, CAA×19, ATC×11, AGC×6, ATT×5, GGA×3, CGA×2, GAC×2, GGC×2"
50,nonsynonymous-only,0,1,19,2709,"A×2, D×2, N×2, T×2, Y×2, E×1, G×1, H×1, I×1, K×1, L×1, R×1, S×1, V×1","AAT×1551, TAT×486, GAT×228, ACC×119, ACT×58, AGT×46, TAC×44, AAC×43, AAA×37, ATT×30, GTT×22, GCT×12, CTT×11, GGC×10, GCC×5, CGT×3, GAG×2, CAT×1, GAC×1"
51,nonsynonymous-only,0,1,20,2508,"F×2, G×2, I×2, K×2, T×2, V×2, Y×2, C×1, E×1, N×1, Q×1, R×1, S×1","ACA×1675, AAA×389, ATC×75, TTC×63, GGA×56, TAT×51, AGA×37, ATA×27, GGC×25, CAA×24, GAA×22, AAG×18, AAT×15, TTT×12, TAC×8, ACG×4, GTA×3, AGC×2, GTC×1, TGC×1"
52,nonsynonymous-only,0,1,10,245,"K×2, A×1, E×1, I×1, L×1, P×1, Q×1, R×1, V×1","AAA×96, CAG×45, CCA×38, AAG×25, ATA×15, GCG×15, AGA×5, CTA×2, GAA×2, GTA×2"
62,nonsynonymous-only,0,1,6,332,"S×4, C×1, I×1","AGT×146, TCT×132, AGC×21, ATT×20, TCA×12, TGT×1"
65,synonymous-only,1,0,2,20,K×2,"AAG×15, AAA×5"
66,nonsynonymous-only,0,1,2,20,"L×1, S×1","TCC×15, CTT×5"
67,nonsynonymous-only,0,1,2,20,"Q×1, R×1","CGA×15, CAA×5"
76,nonsynonymous-only,0,1,2,66,"K×1, R×1","AGA×51, AAA×15"
77,nonsynonymous-only,0,1,2,66,"E×1, V×1","GTG×51, GAA×15"
78,nonsynonymous-only,0,1,2,66,"K×1, R×1","AGA×51, AAA×15"
81,nonsynonymous-only,0,1,2,15,"G×1, V×1","GTA×12, GGA×3"
83,nonsynonymous-only,0,1,3,16,"I×1, T×1, V×1","ACC×14, ATC×1, GTC×1"
84,nonsynonymous-only,0,1,2,15,"I×1, T×1","ACA×12, ATA×3"
89,nonsynonymous-only,0,1,9,85,"F×2, Y×2, G×1, M×1, Q×1, V×1, W×1","CAA×26, GTT×22, TGG×15, TAC×7, ATG×5, TAT×5, TTT×3, GGA×1, TTC×1"
90,nonsynonymous-only,0,1,19,1824,"I×2, L×2, P×2, Q×2, S×2, T×2, A×1, D×1, E×1, K×1, M×1, N×1, R×1","TCA×543, TCT×306, TTG×273, AAA×223, ATG×192, GAA×84, CAA×65, CTA×48, CAG×38, ATT×20, GCA×11, ACT×6, CCA×4, ACA×3, CGA×3, AAT×2, ATA×1, CCT×1, GAC×1"
91,nonsynonymous-only,0,1,22,4387,"G×3, S×3, D×2, K×2, N×2, Y×2, C×1, E×1, H×1, I×1, P×1, Q×1, R×1, V×1","AAT×1685, TAT×1177, AAA×534, GTT×285, AGT×257, GAT×110, GAC×72, GGA×61, GAA×57, AGC×50, TAC×49, AAC×13, ATT×12, CCA×6, GGT×5, CAC×4, AAG×3, GGC×3, CAA×1, CGT×1, TCA×1, TGT×1"
92,nonsynonymous-only,0,1,19,1742,"R×4, I×3, V×3, N×2, P×2, T×2, C×1, G×1, S×1","GTT×1186, CGT×210, AGC×55, ATA×53, AAC×48, AAT×38, ATC×34, CGA×23, CCC×22, TGT×22, ACC×14, AGA×8, GTC×7, ACA×5, CCG×5, GGC×5, ATT×3, GTA×3, CGG×1"
93,nonsynonymous-only,0,1,15,1687,"C×2, F×2, I×2, S×2, Y×2, L×1, N×1, T×1, V×1, W×1","TTT×1432, AAT×41, ATC×38, CTG×38, TAT×37, TGT×26, TGC×25, GTT×11, TTC×11, AGT×7, ATA×5, TAC×5, TCG×5, TGG×4, ACA×2"
95,synonymous-only,1,0,2,38,F×2,"TTT×36, TTC×2"
97,nonsynonymous-only,0,1,12,1958,"L×4, Q×2, E×1, K×1, N×1, S×1, T×1, V×1","TTA×882, ACA×456, GTA×442, AAT×51, AAA×40, CTT×38, CAA×15, CTA×15, GAA×15, TCA×2, CAG×1, TTG×1"
98,nonsynonymous-only,0,1,22,3231,"L×4, S×3, D×2, R×2, V×2, Y×2, A×1, E×1, H×1, I×1, N×1, Q×1, T×1","CTC×1177, TTA×776, GTT×692, TAT×138, GTA×88, AAT×61, GAA×51, TAC×45, ACG×38, TCA×34, CAA×33, ATT×30, AGA×23, CGT×15, GAT×15, GAC×6, CTA×2, CTT×2, TCG×2, CAT×1, GCA×1, TCC×1"
99,nonsynonymous-only,0,1,14,4889,"K×2, L×2, S×2, G×1, I×1, P×1, Q×1, R×1, T×1, V×1, W×1","TGG×1854, AAA×1589, AAG×437, TTG×419, TCA×309, AGA×93, CAA×51, GGA×49, TTA×34, ATA×22, TCG×13, ACA×12, GTA×5, CCA×2"
100,nonsynonymous-only,0,1,25,5938,"L×4, R×3, S×3, K×2, N×2, Q×2, A×1, D×1, E×1, F×1, P×1, T×1, V×1, W×1, Y×1","AAG×1857, AGA×1769, AAA×958, CAA×596, TTG×288, TTA×86, GAA×77, CAG×58, GTA×47, TAT×38, CTA×25, GCA×23, CCG×18, TGG×15, AAC×13, AAT×12, CGG×12, TCA×11, CTT×10, TTC×8, TCG×6, CGA×5, GAT×3, ACA×2, AGT×1"
101,nonsynonymous-only,0,1,28,8114,"L×4, R×3, S×3, G×2, I×2, K×2, N×2, T×2, D×1, E×1, F×1, H×1, Q×1, V×1, W×1, Y×1","AAA×4617, AGA×902, CAA×849, AAG×562, AAC×367, ACT×165, AGC×148, TGG×119, ATT×63, GGA×53, AGT×49, CGC×38, CAC×37, AAT×28, GTG×22, TTT×22, GAA×13, GAC×13, TTA×11, TAC×9, TCA×9, GGC×8, ATC×3, ACG×2, CTT×2, CGG×1, CTA×1, CTC×1"
102,nonsynonymous-only,0,1,26,7841,"G×4, A×3, E×2, K×2, N×2, Q×2, R×2, S×2, V×2, D×1, I×1, L×1, M×1, T×1","AGA×2373, AAA×1467, AGG×1171, GAG×564, AAT×544, GCG×399, ATA×248, AGC×218, GGG×198, AAG×193, GAA×151, AAC×142, GCA×51, GGA×25, ACG×23, TTG×21, ATG×12, GTG×12, AGT×7, CAA×6, GCC×5, GGC×4, GGT×3, GAC×2, CAG×1, GTA×1"
103,nonsynonymous-only,0,1,38,6293,"R×4, S×4, G×3, I×3, L×3, T×3, V×3, D×2, E×2, K×2, N×2, A×1, C×1, F×1, H×1, Q×1, W×1, Y×1","ATT×1854, AAC×1162, GAC×559, ACA×457, TGG×374, ATC×311, GAG×244, AGG×233, GGA×167, GGT×153, TTA×145, AGA×93, GAA×64, TTT×60, TCT×56, AAG×42, GGG×42, AAT×41, ACG×38, ACT×25, CGT×25, TTG×23, GAT×22, CTA×21, AGC×15, TCA×10, AAA×9, CAG×8, CAT×7, GCT×7, GTG×7, ATA×5, TGT×5, AGT×4, TAT×2, CGC×1, GTA×1, GTC×1"
104,nonsynonymous-only,0,1,14,2597,"V×4, E×2, Q×2, G×1, K×1, L×1, M×1, R×1, W×1","GGC×1853, GAG×427, CTG×193, GTA×60, GTG×21, CAG×13, GTT×12, GAA×10, AAA×2, ATG×2, CAA×1, CGG×1, GTC×1, TGG×1"
105,nonsynonymous-only,0,1,13,1523,"L×4, I×2, P×2, Q×2, D×1, F×1, V×1","TTT×1228, CAA×192, CTA×34, CTT×22, GAC×15, CCA×8, CTG×7, TTG×7, ATA×5, ATT×2, CAG×1, CCG×1, GTT×1"
106,nonsynonymous-only,0,1,12,1535,"L×3, R×2, G×1, K×1, M×1, Q×1, S×1, T×1, W×1","TTG×1178, CGG×140, CAG×64, CTG×54, GGG×51, TCG×15, CGC×12, ACG×7, CTA×7, TGG×5, AAG×1, ATG×1"
107,nonsynonymous-only,0,1,21,2719,"A×4, G×4, V×4, E×2, L×2, Q×2, D×1, K×1, S×1","GGG×1199, GGA×481, GAA×242, GTG×212, GCA×165, GTC×80, GTT×78, GTA×58, CTA×51, GCG×40, GAG×28, GCT×20, GAT×17, GGT×15, CAG×12, AAA×7, AGC×5, GCC×4, CAA×3, GGC×1, TTA×1"
108,nonsynonymous-only,0,1,26,2763,"L×3, E×2, G×2, I×2, K×2, P×2, Q×2, R×2, T×2, V×2, A×1, F×1, H×1, M×1, N×1","ATA×1241, AAG×605, AAA×418, GTT×118, ACT×56, ATT×55, CAA×55, CCA×48, CCG×38, AGA×28, CTA×22, TTG×21, TTT×20, GAA×9, AAT×8, CAG×5, CGA×4, CAT×2, GGG×2, GTA×2, ACA×1, ATG×1, GAG×1, GCC×1, GGA×1, TTA×1"
109,nonsynonymous-only,0,1,26,3482,"L×3, S×3, G×2, K×2, N×2, P×2, V×2, Y×2, A×1, E×1, I×1, M×1, Q×1, R×1, T×1, W×1","TCG×1178, GTA×606, GGA×381, AAG×342, GAA×290, TTA×252, TGG×72, CTG×63, ATA×56, CAG×50, ACC×38, GCA×36, CCG×18, TCA×18, AGT×15, AAA×13, CCA×13, AAT×12, AAC×10, ATG×5, TAT×5, AGG×4, TTG×2, GGG×1, GTG×1, TAC×1"
110,nonsynonymous-only,0,1,21,3527,"L×5, H×2, I×2, P×2, R×2, V×2, C×1, F×1, M×1, N×1, S×1, T×1","CTA×1172, AGT×827, CTT×415, AAT×339, CAT×227, CCT×137, ATT×130, CGT×123, GTT×61, CTC×35, CAC×15, ATA×13, ACT×8, ATG×7, GTA×6, CGC×3, TTA×3, TTT×3, CCA×1, TGT×1, TTG×1"
111,nonsynonymous-only,0,1,25,6442,"G×4, I×3, T×3, V×3, D×2, S×2, C×1, E×1, K×1, L×1, M×1, N×1, P×1, Y×1","AGT×2305, TCC×1177, GGT×913, ATT×879, GAA×418, GGC×230, AAG×143, GGA×127, ATA×76, GGG×65, GTA×22, ATC×17, GAT×15, TGT×15, GTT×9, CTA×7, AAT×6, CCC×5, GAC×5, ACT×2, ATG×2, ACA×1, ACG×1, GTC×1, TAC×1"
112,nonsynonymous-only,0,1,28,6618,"L×4, S×4, I×3, P×3, N×2, V×2, C×1, D×1, F×1, G×1, H×1, K×1, R×1, T×1, W×1, Y×1","TAT×2295, ATT×1347, TTA×1092, CAT×419, ACT×412, AAT×230, ATA×178, TGT×144, AAC×122, CTA×88, TTG×57, TTT×54, CCG×38, ATC×35, TCC×22, TGG×16, GAT×15, GGC×13, TCT×7, CCT×6, GTT×6, AAA×5, CGG×5, TCA×5, AGT×4, CCC×1, CTG×1, GTA×1"
113,nonsynonymous-only,0,1,20,6506,"L×4, S×4, I×3, F×2, T×2, V×2, M×1, Q×1, Y×1","TTG×2512, TTA×1556, TTC×903, TAC×484, ATG×319, TCA×251, GTT×150, TTT×102, ATA×88, GTA×39, ATC×24, TCC×24, ATT×22, TCT×11, CTG×7, ACG×5, TCG×5, ACT×2, CAA×1, CTA×1"
114,nonsynonymous-only,0,1,27,6440,"L×5, T×4, G×3, E×2, K×2, Q×2, R×2, F×1, H×1, M×1, N×1, S×1, V×1, Y×1","CTC×1848, CAA×1087, AAG×594, TTG×549, ATG×491, AAA×328, CTG×308, TCG×308, AGG×193, GAG×168, GGG×164, ACG×85, GTG×61, CTT×55, GAA×40, TTA×37, AGA×32, GGA×27, TAT×23, CAG×8, CAT×8, TTC×8, ACA×5, GGC×5, AAT×4, ACT×3, ACC×1"
115,nonsynonymous-only,0,1,2,8,"G×1, P×1","CCT×4, GGA×4"
116,nonsynonymous-only,0,1,4,34,"K×1, N×1, S×1, Y×1","AGC×22, AAG×4, AAT×4, TAT×4"
119,nonsynonymous-only,0,1,5,79,"D×1, H×1, K×1, M×1, Y×1","ATG×51, GAC×21, AAA×4, CAC×2, TAC×1"
120,nonsynonymous-only,0,1,6,128,"C×1, I×1, L×1, M×1, S×1, Y×1","TCC×51, TGT×47, ATG×22, ATT×4, TTG×3, TAT×1"
121,nonsynonymous-only,0,1,6,128,"T×2, A×1, D×1, I×1, K×1","ATA×48, ACA×26, GCA×25, GAT×24, ACT×4, AAA×1"
122,nonsynonymous-only,0,1,8,126,"S×2, C×1, F×1, L×1, N×1, R×1, V×1","TCC×51, GTA×38, TGT×21, CGA×7, CTG×4, AAT×3, TCG×1, TTT×1"
123,nonsynonymous-only,0,1,10,250,"F×2, R×2, Y×2, E×1, K×1, S×1, T×1","TTC×53, AGG×52, TCG×38, AGA×35, TAT×35, TAC×23, TTT×7, ACT×4, AAA×2, GAA×1"
124,nonsynonymous-only,0,1,27,7209,"S×4, E×2, F×2, H×2, K×2, L×2, N×2, Y×2, C×1, D×1, I×1, M×1, P×1, Q×1, R×1, T×1, W×1","TAT×3453, CTC×1167, AGT×851, AAT×476, ATT×420, TAC×202, TCT×191, ACT×98, CAC×72, AGC×63, TGC×54, CAA×38, CAT×24, TCC×22, AAA×17, TTC×13, GAA×11, CTT×10, GAG×8, TTT×8, CGT×4, ATG×2, AAC×1, AAG×1, CCT×1, GAC×1, TGG×1"
125,nonsynonymous-only,0,1,32,5892,"L×6, P×4, V×4, S×3, A×2, F×2, I×2, T×2, E×1, H×1, K×1, M×1, N×1, Q×1, Y×1","CTT×2088, TTA×1263, TTT×631, TTG×603, GTA×463, TTC×194, CCA×109, ATT×95, CTA×87, CTG×68, ACG×53, CAT×51, AAA×50, CTC×25, TCA×18, AAC×12, CCC×10, GAA×10, GTC×9, ATG×8, GCA×8, CCT×6, GCG×5, GTT×5, TCT×4, ACA×3, CAA×3, CCG×3, TAC×3, TCG×3, ATA×1, GTG×1"
126,nonsynonymous-only,0,1,29,7110,"G×4, V×4, S×3, A×2, C×2, E×2, I×2, K×2, N×2, R×2, D×1, L×1, Q×1, T×1","ATT×1856, AAC×1192, GGT×1158, GGC×603, AGT×446, GGA×435, TCT×418, AGA×293, AAA×191, GTT×145, GGG×103, GCC×75, GTC×38, CAA×36, GAA×24, TGC×23, GTA×22, AAT×10, AAG×7, CGC×7, GAC×7, GAG×7, ACG×5, CTT×2, GCT×2, TGT×2, AGC×1, ATA×1, GTG×1"
127,nonsynonymous-only,0,1,7,460,"A×2, F×1, I×1, S×1, T×1, Y×1","TAT×418, TTC×24, GCT×5, TCT×5, ATC×3, GCA×3, ACT×2"
128,nonsynonymous-only,0,1,8,475,"G×2, D×1, K×1, L×1, R×1, S×1, T×1","AAA×423, ACT×20, AGA×15, GGC×8, CTT×5, GAT×2, GGT×1, TCT×1"
129,nonsynonymous-only,0,1,9,464,"F×2, A×1, D×1, H×1, I×1, L×1, Q×1, V×1","GAC×418, TTA×20, ATA×6, CAG×5, TTC×5, GTC×4, TTT×3, GCT×2, CAT×1"
130,nonsynonymous-only,0,1,6,20,"S×2, C×1, D×1, G×1, L×1","TCT×5, TTA×5, TGT×4, TCA×3, GAT×2, GGA×1"
131,nonsynonymous-only,0,1,2,9,"E×1, I×1","GAG×5, ATC×4"
132,nonsynonymous-only,0,1,3,187,"A×1, C×1, K×1","AAA×145, TGT×38, GCT×4"
133,nonsynonymous-only,0,1,4,431,"K×1, L×1, N×1, W×1","TTG×193, TGG×149, AAG×51, AAC×38"
134,nonsynonymous-only,0,1,18,581,"S×4, F×2, G×2, A×1, C×1, H×1, I×1, K×1, N×1, Q×1, T×1, V×1, Y×1","TAT×211, GCG×126, ATT×82, AAT×39, TGT×31, TTT×25, ACG×19, TTC×18, GTT×10, GGT×7, TCC×3, AGC×2, AGT×2, TCT×2, AAA×1, CAA×1, CAT×1, GGC×1"
135,nonsynonymous-only,0,1,28,2995,"P×3, R×3, C×2, E×2, G×2, K×2, L×2, N×2, Q×2, S×2, Y×2, A×1, H×1, V×1, W×1","CGA×1411, AGA×585, AAC×418, GGA×253, CAG×83, GAA×51, TAT×42, CAA×24, CCA×18, AAT×17, TCA×16, AGC×15, CCC×10, TGT×9, GCG×7, GTA×7, CCT×5, CTA×5, AAA×4, CAC×4, AAG×2, AGG×2, GGC×2, GAG×1, TAC×1, TGC×1, TGG×1, TTA×1"
136,nonsynonymous-only,0,1,31,2620,"L×4, P×3, R×3, S×3, T×3, C×2, F×2, I×2, Q×2, Y×2, G×1, H×1, K×1, N×1, W×1","TTA×494, TCC×484, GGA×419, AGA×319, TAT×207, CCC×201, CAA×150, CGA×121, CTT×51, CGG×38, ATC×24, TTT×16, ATT×15, TGT×15, TCG×12, AAC×7, ACA×7, CCG×6, TAC×6, TTC×6, AAA×5, ACC×5, ACT×2, CCT×2, TCA×2, CAG×1, CAT×1, CTA×1, CTC×1, TGC×1, TGG×1"
137,nonsynonymous-only,0,1,35,2754,"R×5, S×4, A×2, C×2, F×2, I×2, K×2, L×2, Q×2, T×2, Y×2, D×1, E×1, G×1, H×1, N×1, P×1, V×1, W×1","TTT×485, AAA×448, AGT×324, TAC×219, TGG×198, AAT×162, GCT×156, TAT×111, TCG×107, ATT×97, TGT×75, ACG×74, GGC×54, ACT×33, CTA×30, CGA×28, TGC×26, CAA×23, CAT×22, GAT×18, CGC×10, CTT×10, CAG×8, CCT×7, CGT×7, GAA×4, AGC×3, ATC×3, AAG×2, AGA×2, GCA×2, TCT×2, TTC×2, CGG×1, GTA×1"
138,nonsynonymous-only,0,1,28,3807,"I×3, R×3, S×3, D×2, F×2, G×2, N×2, Y×2, A×1, C×1, E×1, H×1, K×1, L×1, P×1, Q×1, V×1","AAC×1104, AAA×614, AGA×493, ATT×420, TAC×316, AGT×193, TTT×150, GAC×93, GAA×68, CAC×64, AAT×58, GAT×43, ATC×41, CTT×38, TTC×18, GGA×16, ATA×15, GCT×12, TCT×9, CAA×8, TAT×8, CCT×6, CGC×5, GGC×4, GTT×4, TGC×4, AGC×2, CGT×1"
139,nonsynonymous-only,0,1,4,93,"S×2, D×1, G×1","GGT×53, GAC×38, AGT×1, TCG×1"
140,synonymous-only,1,0,2,54,R×2,"CGC×53, CGG×1"
141,nonsynonymous-only,0,1,3,55,"F×1, N×1, Y×1","TTC×53, AAT×1, TAT×1"
142,nonsynonymous-only,0,1,2,93,"P×1, S×1","CCA×92, TCA×1"
143,nonsynonymous-only,0,1,2,92,"F×1, R×1","CGA×53, TTT×39"
144,nonsynonymous-only,0,1,24,4408,"G×4, R×3, A×2, D×2, E×2, K×2, N×2, C×1, I×1, P×1, Q×1, S×1, T×1, V×1","GGA×1384, GGT×655, GGG×515, AAT×486, GAC×426, GGC×341, AGA×227, AAA×79, AGT×71, GAT×57, CGA×51, AAG×23, GAG×18, ATA×15, GAA×12, AGG×11, CCA×9, AAC×6, ACA×6, CAA×6, GTA×4, GCT×3, GCC×2, TGC×1"
145,nonsynonymous-only,0,1,24,4357,"R×3, T×3, V×3, E×2, G×2, I×2, K×2, L×2, N×2, Q×1, S×1, W×1","AAA×2370, GGG×447, AAG×384, GAA×207, GGT×193, CGA×162, AGG×116, AGA×103, AAT×102, ATT×59, ACA×40, GAG×38, CAA×36, CTA×25, GTA×23, TGG×11, ACG×10, ATC×10, GTC×7, AAC×4, TCG×4, ACT×3, TTA×2, GTT×1"
146,nonsynonymous-only,0,1,36,3695,"R×6, S×6, T×4, E×2, K×2, N×2, P×2, Q×2, V×2, Y×2, A×1, D×1, F×1, G×1, M×1, W×1","AGA×994, CAA×658, TGG×556, AAG×290, AGG×281, AAA×201, TAT×171, TCA×60, CGT×53, GAA×52, CGA×41, TCG×38, GTG×36, ACG×28, CGC×28, AAC×26, CGG×25, AGT×21, ACT×19, ACA×16, CAG×16, CCT×16, GAT×14, AAT×12, TCT×12, TCC×9, CCA×4, GGA×4, ACC×3, ATG×3, GAG×2, GCA×2, AGC×1, GTA×1, TAC×1, TTT×1"
147,nonsynonymous-only,0,1,12,164,"L×3, I×2, K×2, F×1, N×1, T×1, V×1, Y×1","AAT×46, CTT×38, AAA×37, TTG×15, CTG×8, ACT×5, ATT×5, AAG×3, GTT×2, TAT×2, TTT×2, ATA×1"
148,nonsynonymous-only,0,1,8,93,"F×2, C×1, D×1, H×1, N×1, P×1, Y×1","TTC×38, GAT×20, TAT×14, TGT×13, TTT×5, AAT×1, CAT×1, CCC×1"
149,nonsynonymous-only,0,1,6,70,"E×1, H×1, K×1, Q×1, S×1, Y×1","AAA×45, TCG×13, CAA×5, GAA×5, CAT×1, TAT×1"
151,nonsynonymous-only,0,1,2,6,"I×1, Y×1","ATT×5, TAT×1"
152,nonsynonymous-only,0,1,8,335,"I×3, V×3, A×1, F×1","TTT×193, ATT×60, GCT×38, GTT×28, GTA×8, ATC×5, ATA×2, GTC×1"
153,nonsynonymous-only,0,1,2,39,"N×1, Y×1","AAC×38, TAT×1"
158,nonsynonymous-only,0,1,2,20,"G×1, R×1","GGG×15, CGA×5"
159,nonsynonymous-only,0,1,3,20,"L×1, P×1, Q×1","CCG×12, CAG×5, CTG×3"
160,synonymous-only,1,0,2,20,F×2,"TTC×15, TTT×5"
161,nonsynonymous-only,0,1,2,20,"E×1, I×1","ATA×15, GAA×5"
162,nonsynonymous-only,0,1,4,28,"K×2, E×1, S×1","AAA×13, AGC×7, AAG×5, GAA×3"
166,synonymous-only,1,0,3,20,A×3,"GCT×12, GCA×5, GCC×3"
167,nonsynonymous-only,0,1,2,20,"L×1, S×1","TCA×12, TTA×8"
169,nonsynonymous-only,0,1,5,147,"A×1, K×1, Q×1, R×1, T×1","AGA×58, ACG×48, GCA×39, AAG×1, CAA×1"
170,nonsynonymous-only,0,1,25,4980,"R×5, A×2, E×2, K×2, Q×2, T×2, Y×2, D×1, F×1, H×1, L×1, N×1, P×1, V×1, W×1","GAA×1201, CAA×1071, AAT×683, TAT×665, CGT×341, CGA×238, AAA×181, ACA×172, GAG×54, TGG×53, GAC×49, GCA×38, TTA×37, CGG×35, AGA×31, TAC×29, CGC×26, GCT×25, TTT×22, CAG×13, AAG×7, ACG×3, CAC×2, CCG×2, GTC×2"
171,nonsynonymous-only,0,1,34,4816,"R×5, A×4, T×4, I×3, V×3, D×2, G×2, K×2, P×2, E×1, F×1, L×1, N×1, Q×1, S×1, Y×1","AAA×1647, GCT×1176, GTC×482, ACA×384, ACT×330, ATA×172, AAC×105, AAG×63, ATC×58, CCT×51, ATT×43, GAT×43, GTG×37, GCA×31, AGA×26, CTT×23, ACG×21, TTT×21, GGG×15, GCG×14, ACC×12, CGT×12, GAA×11, GTA×8, CGC×7, CAA×6, CCC×5, CGA×3, GAC×3, GGA×2, TAT×2, CGG×1, GCC×1, TCT×1"
172,nonsynonymous-only,0,1,31,5221,"T×4, I×3, S×3, A×2, F×2, G×2, K×2, L×2, V×2, Y×2, E×1, H×1, M×1, N×1, P×1, R×1, W×1","AGC×1325, ACT×772, TTT×612, AGT×438, ATG×426, ACG×312, TGG×306, CAC×145, ACA×117, ACC×89, TAT×86, ATT×81, AAA×60, TAC×60, TTA×57, AAG×50, GTA×41, GCT×40, GTC×40, ATA×38, TTG×34, ATC×25, GAA×18, GGC×15, TTC×14, AGA×11, GGA×4, GCA×2, AAT×1, CCC×1, TCA×1"
173,nonsynonymous-only,0,1,33,5112,"R×6, G×4, S×4, I×3, D×2, K×2, L×2, V×2, A×1, E×1, F×1, M×1, N×1, Q×1, T×1, W×1","AAA×1447, AAG×800, GGA×729, AGA×493, ATC×482, CGT×357, GTC×134, ATT×115, CAA×108, GAA×77, TGG×70, CGA×57, TTA×37, GGG×29, ATA×27, CGC×22, GGC×20, CGG×14, AGG×12, AAC×11, GAC×11, GGT×11, TCA×9, TCC×9, ATG×7, AGC×5, TCG×5, TTC×5, GTT×4, GAT×2, ACA×1, CTA×1, GCC×1"
174,nonsynonymous-only,0,1,12,625,"K×2, L×2, N×2, D×1, E×1, I×1, S×1, T×1, V×1","AAG×418, GTA×53, AAC×38, TTA×35, ATA×30, AGT×15, GAA×15, ACG×8, AAA×6, AAT×5, CTC×1, GAC×1"
175,nonsynonymous-only,0,1,6,140,"S×2, G×1, I×1, K×1, W×1","AAG×53, TGG×53, ATT×27, AGC×5, AGT×1, GGG×1"
176,nonsynonymous-only,0,1,3,70,"L×1, P×1, S×1","CTG×38, CCA×27, TCG×5"
179,nonsynonymous-only,0,1,4,93,"F×1, Q×1, R×1, S×1","TTC×51, CAG×38, CGT×2, TCG×2"
180,nonsynonymous-only,0,1,6,109,"H×2, D×1, G×1, Q×1, V×1","GTT×51, CAC×38, CAT×15, CAA×2, GGC×2, GAT×1"
181,nonsynonymous-only,0,1,6,114,"F×1, L×1, M×1, N×1, T×1, V×1","TTG×56, GTC×40, ATG×10, ACG×5, TTT×2, AAC×1"
182,nonsynonymous-only,0,1,29,5787,"L×4, V×4, R×3, T×3, E×2, G×2, K×2, N×2, A×1, D×1, I×1, M×1, P×1, Q×1, S×1","GTG×1995, GAG×1171, GAA×505, ACA×438, ACC×377, AAA×263, CAG×193, ATG×171, CTA×119, CGG×115, AAG×71, AAC×54, ATA×53, GTC×51, AGA×43, CTG×36, GTA×33, AGG×25, ACG×18, GCG×14, AAT×10, CCA×10, GGG×7, TTG×5, GTT×4, TCA×3, CTC×1, GAC×1, GGA×1"
183,nonsynonymous-only,0,1,29,5749,"I×3, T×3, V×3, D×2, N×2, R×2, S×2, Y×2, A×1, C×1, E×1, G×1, H×1, K×1, L×1, M×1, P×1, Q×1","GAT×2758, GTT×859, ACT×537, AAA×442, GGT×384, CTT×121, TAT×108, GCT×101, CGT×93, AAT×82, GTG×51, CAT×48, AGT×40, AAC×28, GAC×19, ATA×18, CGC×15, ATC×13, ATT×13, ATG×4, TCT×3, TGT×3, CAA×2, GTC×2, ACA×1, ACG×1, CCT×1, GAG×1, TAC×1"
184,nonsynonymous-only,0,1,24,5813,"L×4, S×4, I×3, F×2, R×2, V×2, Y×2, A×1, M×1, P×1, Q×1, W×1","TTA×1791, TTG×1218, GTA×487, TTT×469, TCA×424, TCG×393, TCT×308, TTC×282, CTA×172, CCC×108, TAC×59, ATA×28, ATT×26, TCC×13, TGG×8, ATG×7, CGG×5, CTG×5, AGG×3, GCA×2, TAT×2, ATC×1, CAG×1, GTG×1"
185,nonsynonymous-only,0,1,26,5838,"A×2, I×2, K×2, L×2, P×2, Q×2, R×2, S×2, D×1, E×1, F×1, G×1, M×1, N×1, T×1, V×1, W×1, Y×1","AAA×2330, CGA×734, AGA×652, ATA×498, CCA×275, ATT×234, CAA×223, GAA×194, CTA×182, GCA×152, GTA×76, AGT×70, TGG×53, GGA×40, CTT×26, AAT×23, ACA×22, ATG×15, TCA×13, GCT×9, AAG×8, GAT×5, CAG×1, CCT×1, TAC×1, TTT×1"
186,nonsynonymous-only,0,1,6,147,"F×2, G×1, I×1, R×1, S×1","TTC×53, ATC×51, TTT×38, AGG×3, AGC×1, GGA×1"
197,nonsynonymous-only,0,1,5,179,"A×3, I×1, T×1","GCT×78, ATT×51, ACT×26, GCC×23, GCA×1"
198,nonsynonymous-only,0,1,5,179,"D×2, G×2, F×1","GGC×108, TTT×51, GAT×18, GAC×1, GGT×1"
199,nonsynonymous-only,0,1,2,53,"T×1, Y×1","ACC×51, TAT×2"
200,nonsynonymous-only,0,1,9,518,"F×2, N×2, D×1, G×1, I×1, L×1, S×1","TTT×119, GGC×98, AGC×74, AAC×59, CTT×56, ATT×51, AAT×38, GAT×15, TTC×8"
201,nonsynonymous-only,0,1,31,4692,"R×4, S×4, G×3, E×2, K×2, L×2, P×2, Q×2, T×2, A×1, D×1, F×1, H×1, I×1, N×1, V×1, Y×1","AAA×1253, CGA×709, AGC×542, AGA×430, ACA×359, TCA×316, GAT×266, CCA×137, TTG×119, TTT×110, CAA×91, GCA×91, TTA×55, AAG×54, AGG×30, GTA×26, AAT×21, CCG×20, GGG×16, ACG×8, ATT×7, GAA×7, TCG×7, GAG×4, GGA×3, TCC×3, CAG×2, CAT×2, TAT×2, CGT×1, GGC×1"
202,nonsynonymous-only,0,1,26,7618,"S×4, T×3, A×2, E×2, G×2, K×2, Q×2, R×2, D×1, I×1, L×1, M×1, N×1, P×1, V×1","AAA×2446, GAA×2003, AAG×1703, GGT×431, ACA×320, ACG×214, AGA×130, GCA×82, TCA×56, ATG×51, AGG×43, ATA×25, GAG×24, CAG×19, AGC×14, AAC×12, TTG×11, TCT×9, AGT×6, CAA×5, GCG×5, GAC×4, ACT×2, CCG×1, GGA×1, GTC×1"
203,nonsynonymous-only,0,1,8,592,"A×3, D×2, K×1, M×1, V×1","AAG×377, ATG×128, GAT×38, GCT×17, GAC×15, GTT×10, GCC×4, GCA×3"
204,nonsynonymous-only,0,1,12,592,"H×2, I×2, R×2, S×2, C×1, D×1, K×1, T×1","ATC×368, GAT×128, ACT×38, AGA×15, TGT×15, ATT×8, CAC×6, CAT×4, CGT×4, AAG×2, AGC×2, TCA×2"
206,nonsynonymous-only,0,1,7,346,"R×2, E×1, G×1, K×1, T×1, W×1","AAA×208, GAA×51, CGA×39, ACC×22, GGA×18, AGA×5, TGG×3"
207,nonsynonymous-only,0,1,25,8311,"G×3, R×3, C×2, D×2, H×2, I×2, N×2, S×2, A×1, L×1, P×1, T×1, V×1, W×1, Y×1","GGC×3762, AGC×2863, TGC×496, ATA×418, AAT×194, AAC×180, GGT×53, CGC×51, TAT×51, TGT×42, CCG×37, TGG×37, ACC×33, AGG×27, AGT×24, AGA×15, CAC×7, GAC×6, GTC×4, CAT×3, GAT×3, GCT×2, ATC×1, CTG×1, GGA×1"
208,nonsynonymous-only,0,1,15,3079,"I×2, K×2, A×1, C×1, D×1, G×1, H×1, M×1, N×1, Q×1, T×1, W×1, Y×1","TAT×2048, GAT×457, CAT×390, GGA×52, TGG×38, AAT×36, ATT×27, ATG×14, CAA×7, ATA×4, TGT×2, AAA×1, AAG×1, ACG×1, GCA×1"
209,nonsynonymous-only,0,1,4,25,"A×1, I×1, L×1, V×1","GCT×16, GTT×7, ATC×1, CTT×1"
210,nonsynonymous-only,0,1,24,4344,"T×4, E×2, F×2, G×2, I×2, P×2, S×2, A×1, D×1, K×1, L×1, M×1, N×1, Q×1, R×1","AGA×1860, GAA×1175, GGG×361, GCA×216, ATC×192, TTT×145, GAG×76, ATA×57, ACG×53, GAC×53, CTT×48, ACA×43, CCA×25, TCA×19, CAA×7, ACC×3, AAA×2, AAC×2, AGC×2, ACT×1, ATG×1, CCT×1, GGA×1, TTC×1"
211,nonsynonymous-only,0,1,22,6061,"R×3, D×2, E×2, I×2, K×2, Q×2, T×2, A×1, F×1, N×1, P×1, S×1, V×1, Y×1","AAA×3396, ACA×591, ATA×437, AAG×347, CAA×325, TCA×296, GAA×199, ATT×166, GCA×79, GAG×73, CGA×70, AGA×31, GTT×22, AAC×9, GAT×5, AGG×3, CCA×3, TAT×3, GAC×2, TTC×2, ACT×1, CAG×1"
212,nonsynonymous-only,0,1,18,1110,"A×3, S×3, I×2, K×2, N×2, T×2, F×1, L×1, Q×1, V×1","TTT×409, ATT×306, GCT×194, ACT×112, TCT×28, ATA×15, AAT×12, TCG×9, GTT×5, AGT×4, GCC×4, AAG×3, AAA×2, AAC×2, TTA×2, ACA×1, CAA×1, GCG×1"
213,nonsynonymous-only,0,1,5,471,"C×1, N×1, P×1, R×1, Y×1","CGT×437, TAT×23, TGT×8, AAT×2, CCT×1"
215,nonsynonymous-only,0,1,4,476,"T×3, I×1","ACG×418, ACT×38, ACA×15, ATT×5"
216,nonsynonymous-only,0,1,3,438,"D×1, N×1, S×1","AGC×418, AAC×15, GAC×5"
217,nonsynonymous-only,0,1,2,20,"F×1, V×1","GTC×15, TTT×5"
218,nonsynonymous-only,0,1,3,46,"F×1, S×1, W×1","TTC×27, TGG×14, TCG×5"
220,nonsynonymous-only,0,1,4,22,"H×2, A×1, T×1","CAC×15, ACG×3, CAT×3, GCG×1"
221,nonsynonymous-only,0,1,9,76,"I×2, D×1, K×1, N×1, P×1, R×1, T×1, Y×1","AGA×37, AAT×23, ATA×5, ATT×3, CCT×3, GAT×2, AAA×1, ACT×1, TAT×1"
222,nonsynonymous-only,0,1,14,2374,"G×2, R×2, S×2, Y×2, C×1, D×1, I×1, K×1, N×1, Q×1","AGC×878, TGC×596, CAA×483, AGA×293, AAC×54, GGC×19, GAC×15, TAT×14, GGA×8, AAA×4, AGT×4, CGC×3, TAC×2, ATC×1"
223,nonsynonymous-only,0,1,27,2505,"S×4, I×3, T×3, V×3, A×2, G×2, L×2, P×2, C×1, D×1, E×1, F×1, H×1, R×1","TTA×1149, GCT×455, ATT×267, GTT×74, ATA×62, ATC×59, GAT×56, GAA×54, TCT×48, GTA×47, TTT×42, CCA×37, GTC×37, CCT×30, CAT×21, ACT×20, AGA×18, TCA×7, AGT×6, CTA×4, TCC×4, GCA×3, ACA×1, ACC×1, GGA×1, GGT×1, TGC×1"
224,nonsynonymous-only,0,1,10,89,"F×1, G×1, I×1, K×1, L×1, P×1, R×1, S×1, T×1, Y×1","ACA×27, AAA×25, AGA×18, GGA×9, ATT×3, CTA×3, AGC×1, CCA×1, TAC×1, TTT×1"
225,nonsynonymous-only,0,1,5,67,"E×2, G×1, K×1, S×1","AAA×38, GAA×15, GAG×10, TCA×3, GGA×1"
226,nonsynonymous-only,0,1,5,56,"I×2, A×1, L×1, R×1","ATT×37, CTT×15, ATC×2, AGA×1, GCT×1"
227,nonsynonymous-only,0,1,3,18,"E×1, L×1, R×1","TTA×15, CGT×2, GAA×1"
228,nonsynonymous-only,0,1,2,3,"I×1, S×1","TCA×2, ATT×1"
230,nonsynonymous-only,0,1,2,3,"F×1, I×1","TTC×2, ATA×1"
231,nonsynonymous-only,0,1,5,41,"C×1, L×1, Q×1, R×1, S×1","CAA×36, AGT×2, CGA×1, TGT×1, TTA×1"
232,nonsynonymous-only,0,1,7,65,"R×2, S×2, D×1, K×1, M×1","AAA×37, TCT×17, ATG×7, AGA×1, AGT×1, CGG×1, GAT×1"
233,nonsynonymous-only,0,1,8,488,"R×2, D×1, E×1, K×1, L×1, Q×1, S×1","GAA×416, CGA×38, AAA×15, CGC×7, GAT×7, AGT×3, CAA×1, CTT×1"
234,nonsynonymous-only,0,1,36,4763,"R×5, S×5, L×3, A×2, E×2, G×2, I×2, K×2, Q×2, T×2, V×2, Y×2, C×1, D×1, M×1, N×1, W×1","ATT×1228, TCA×1062, AAA×490, CGA×318, GGA×236, TTA×230, AAG×192, AGC×181, TGC×145, GAT×90, TCG×80, GTA×67, TGG×66, AGA×59, GCG×51, GGG×37, AGG×36, ACA×31, GAA×30, GAG×29, TCT×25, CGT×17, ACG×11, CGC×11, CTA×9, TAT×7, CAA×6, TAC×5, GTG×3, TCC×3, ATG×2, TTG×2, AAT×1, ATA×1, CAG×1, GCA×1"
235,nonsynonymous-only,0,1,33,5054,"A×4, I×3, L×3, R×3, S×3, T×3, C×2, G×2, P×2, V×2, D×1, E×1, F×1, K×1, N×1, Y×1","GCT×1197, GTT×712, ATT×681, AAA×541, ATA×309, TCT×231, AAT×206, ATC×151, ACT×144, CTC×134, TTT×128, GAT×107, GAA×88, GCG×55, GGC×54, AGC×45, ACC×39, CGT×37, GCC×37, GGA×35, CTT×30, TGT×23, AGG×19, ACA×18, AGT×9, TTG×7, GCA×6, GTA×5, CCC×2, AGA×1, CCT×1, TAT×1, TGC×1"
236,nonsynonymous-only,0,1,27,4889,"L×3, A×2, K×2, N×2, R×2, S×2, T×2, Y×2, C×1, D×1, E×1, F×1, G×1, H×1, I×1, M×1, P×1, V×1","AAA×1860, AGA×948, TAT×866, AAT×492, AAG×116, CGA×69, ACA×57, ATG×57, GCA×56, CCA×48, ACT×43, GGA×41, CTC×35, TGT×35, ATT×31, GCT×29, AAC×25, GAA×25, TAC×16, TCT×10, AGC×9, TTA×8, GAT×6, TTT×4, CAT×1, CTT×1, GTT×1"
237,nonsynonymous-only,0,1,28,3999,"G×3, R×3, T×3, D×2, E×2, K×2, N×2, S×2, A×1, C×1, H×1, I×1, M×1, P×1, Q×1, V×1, Y×1","AAT×2086, GAT×589, ATT×485, AAA×145, GAA×122, GTT×87, AGT×63, AAG×53, ACT×44, TGT×44, GGT×42, GCT×40, ACC×38, AGG×35, CGT×25, ACA×21, CAT×19, TAT×18, AAC×16, GAG×8, GGG×5, AGA×4, AGC×3, CAA×2, GAC×2, ATG×1, CCT×1, GGA×1"
238,nonsynonymous-only,0,1,27,4017,"G×3, R×3, S×3, D×2, E×2, K×2, P×2, Q×2, C×1, I×1, L×1, N×1, T×1, V×1, W×1, Y×1","CCA×1084, AGA×646, GAT×543, GGA×506, GAA×429, AAA×154, TAT×119, CAA×93, ACA×86, TGG×63, ATA×59, TTA×54, GAG×38, AGG×37, TCT×27, GGT×19, CAG×18, TCA×17, CGA×9, AGT×4, CCG×3, TGC×3, GGG×2, AAC×1, AAG×1, GAC×1, GTA×1"
239,nonsynonymous-only,0,1,4,192,"D×1, F×1, M×1, R×1","AGG×145, ATG×27, GAT×15, TTT×5"
240,nonsynonymous-only,0,1,5,165,"E×2, A×1, K×1, T×1","ACA×117, GCA×28, GAG×13, AAA×5, GAA×2"
241,nonsynonymous-only,0,1,3,165,"F×1, K×1, N×1","AAT×145, TTT×15, AAA×5"
242,nonsynonymous-only,0,1,3,165,"C×1, F×1, L×1","TGC×145, CTA×15, TTC×5"
243,nonsynonymous-only,0,1,5,168,"F×2, L×2, I×1","TTC×87, ATC×63, TTT×15, CTG×2, TTG×1"
244,nonsynonymous-only,0,1,4,187,"K×1, L×1, P×1, Q×1","CTA×160, CAA×20, CCA×6, AAA×1"
245,nonsynonymous-only,0,1,5,317,"G×2, R×2, S×1","GGT×166, AGA×139, GGA×6, AGG×5, AGT×1"
254,nonsynonymous-only,0,1,2,20,"N×1, Y×1","TAT×15, AAT×5"
255,nonsynonymous-only,0,1,2,20,"Q×1, R×1","CGA×15, CAA×5"
278,nonsynonymous-only,0,1,3,8,"F×1, L×1, R×1","TTT×5, CTG×2, AGA×1"
279,nonsynonymous-only,0,1,7,121,"L×2, K×1, M×1, N×1, S×1, V×1","AAT×48, GTA×38, CTA×24, TCA×5, ATG×4, AAA×1, TTG×1"
280,nonsynonymous-only,0,1,9,124,"K×2, L×2, R×2, N×1, Q×1, Y×1","CGA×48, AAT×38, TAT×21, TTA×5, AAA×3, AAG×3, AGA×3, CTT×2, CAA×1"
281,nonsynonymous-only,0,1,22,1435,"L×4, H×2, I×2, Q×2, S×2, T×2, D×1, F×1, G×1, M×1, N×1, P×1, V×1, Y×1","TTA×577, CTT×370, TTT×245, CTC×54, ATC×48, GAT×45, ATT×26, TCT×21, TAT×15, CAT×8, GGT×5, AGT×4, CTA×4, AAT×3, ACT×2, CAC×2, ACC×1, ATG×1, CAA×1, CAG×1, CCT×1, GTA×1"
282,nonsynonymous-only,0,1,4,5,"L×2, S×1, Y×1","CTG×2, CTA×1, TAT×1, TCA×1"
283,nonsynonymous-only,0,1,6,17,"E×1, I×1, K×1, M×1, Q×1, R×1","AGA×9, ATG×4, AAA×1, ATA×1, CAA×1, GAA×1"
284,nonsynonymous-only,0,1,3,9,"R×1, W×1, Y×1","TAC×7, AGG×1, TGG×1"
285,nonsynonymous-only,0,1,2,2,"S×1, V×1","AGT×1, GTA×1"
287,nonsynonymous-only,0,1,6,34,"T×3, A×1, I×1, M×1","ACT×23, GCG×7, ACC×1, ACG×1, ATG×1, ATT×1"
288,nonsynonymous-only,0,1,19,582,"I×2, K×2, Q×2, S×2, A×1, C×1, D×1, G×1, L×1, N×1, R×1, T×1, V×1, W×1, Y×1","AAC×160, AGG×57, TGT×53, GTA×51, GAC×50, AAA×44, ATT×39, ACG×38, AAG×31, CAG×19, TGG×16, AGT×7, GCT×7, TAT×3, GGG×2, TTG×2, AGC×1, ATA×1, CAA×1"
289,nonsynonymous-only,0,1,35,4426,"S×5, G×3, I×3, L×3, V×3, D×2, E×2, K×2, N×2, T×2, Y×2, A×1, C×1, F×1, M×1, Q×1, R×1","GAT×1103, CAA×700, GCT×588, TCA×318, GGT×273, AAC×240, AAA×196, GTT×168, GAA×128, AAG×85, TTA×82, ATT×80, ACT×76, GGC×57, GGG×38, ATA×35, TAT×29, ACA×28, ATC×28, GAC×28, GAG×25, TTT×23, GTC×22, TAC×15, AAT×14, ATG×10, CTA×9, TCC×8, AGT×7, TCT×6, AGC×2, CTC×2, AGG×1, GTG×1, TGT×1"
290,nonsynonymous-only,0,1,32,7106,"A×4, G×3, R×3, D×2, E×2, I×2, K×2, L×2, N×2, S×2, T×2, V×2, C×1, H×1, M×1, Q×1","ACA×2110, AAA×1307, TTA×1189, GAA×685, AAT×582, GCA×438, AGA×196, AAG×85, GAT×84, GGA×71, ACG×52, GAC×50, CGT×46, GAG×36, AAC×31, CAA×30, GCG×28, GCC×21, GTG×17, ATA×9, ATC×8, GGG×5, GTA×5, ATG×4, AGG×3, AGT×3, GGT×3, AGC×2, GCT×2, TTG×2, CAT×1, TGT×1"
291,nonsynonymous-only,0,1,23,7051,"G×4, D×2, E×2, K×2, N×2, R×2, V×2, A×1, H×1, I×1, M×1, Q×1, S×1, T×1","AAA×3026, GAA×2008, GGA×663, ACA×306, AAC×244, AAT×227, AAG×198, AGA×84, GAT×61, AGC×54, ATA×48, ATG×31, GGG×25, GAG×18, GGC×12, GGT×12, GCT×10, CAA×9, AGG×8, GTT×3, CAT×2, GAC×1, GTC×1"
292,nonsynonymous-only,0,1,34,6688,"A×4, L×4, V×4, G×3, I×3, T×3, E×2, N×2, S×2, D×1, F×1, K×1, M×1, Q×1, R×1, Y×1","AAA×1945, ACA×1388, ATA×479, AAT×469, TTT×464, GCT×328, AAC×247, GCA×220, TAC×167, ATG×138, ATT×127, GGC×126, ACC×83, TTA×78, AGT×57, AGC×55, GCG×54, GGA×44, GGT×39, GTC×39, GAG×29, CGG×27, GAT×17, ATC×14, CAA×13, GTT×11, CTA×7, CTT×7, GTA×6, ACG×3, GCC×3, GTG×2, GAA×1, TTG×1"
293,nonsynonymous-only,0,1,29,5470,"S×5, L×4, R×3, E×2, F×2, I×2, Q×2, A×1, G×1, H×1, K×1, N×1, P×1, T×1, V×1, Y×1","GCA×2046, CAA×1209, TTA×544, CTA×538, TCA×306, ATT×150, ATA×119, CAG×81, GAA×73, AAA×66, CCA×62, AGA×58, TTG×50, ACA×27, TCT×25, TTT×24, TTC×14, GTA×13, AAT×11, GGA×10, GAG×9, AGG×7, TAT×7, CAT×5, CTG×5, TCG×5, AGC×4, CGA×1, TCC×1"
294,nonsynonymous-only,0,1,44,5329,"L×6, R×5, S×4, A×3, T×3, V×3, E×2, F×2, H×2, I×2, K×2, N×2, P×2, Q×2, Y×2, D×1, M×1","TAT×2294, AAT×718, AAC×659, GCT×484, CAA×172, CTA×165, CCC×150, ACA×110, GAT×78, AGA×72, AAA×68, ATA×42, CGC×42, AAG×32, TTG×28, GTA×23, CAG×19, ACC×18, GAG×17, AGG×13, CAC×12, TTT×12, ACT×11, CGT×11, GTT×10, TCA×10, TCC×9, GAA×8, ATG×7, ATT×6, CAT×6, CTT×4, GTC×3, TCG×3, CGA×2, CTG×2, TAC×2, CCT×1, CTC×1, GCA×1, GCC×1, TCT×1, TTA×1, TTC×1"
295,nonsynonymous-only,0,1,6,92,"I×1, K×1, N×1, R×1, S×1, T×1","AAC×53, ATA×27, ACT×7, AGG×3, AAA×1, TCT×1"
296,nonsynonymous-only,0,1,7,97,"C×1, D×1, H×1, K×1, Q×1, W×1, Y×1","TAT×53, CAG×27, TGT×7, AAA×5, TGG×3, CAC×1, GAC×1"
329,nonsynonymous-only,0,1,3,438,"L×1, Q×1, S×1","CTA×418, CAA×15, TCG×5"
330,nonsynonymous-only,0,1,3,438,"E×1, K×1, R×1","GAA×418, AAA×15, AGA×5"
331,synonymous-only,1,0,2,438,L×2,"TTG×433, TTA×5"
332,nonsynonymous-only,0,1,3,438,"E×1, K×1, N×1","GAA×418, AAC×15, AAG×5"
333,nonsynonymous-only,0,1,3,438,"S×2, R×1","AGT×418, AGA×15, AGC×5"
334,nonsynonymous-only,0,1,3,438,"E×1, I×1, Q×1","CAA×418, GAA×15, ATA×5"
335,nonsynonymous-only,0,1,3,438,"I×1, L×1, R×1","TTA×418, ATA×15, AGA×5"
340,nonsynonymous-only,0,1,5,539,"L×3, P×1, V×1","CTA×418, CTG×100, GTG×15, TTA×5, CCA×1"
341,nonsynonymous-only,0,1,5,121,"I×1, M×1, N×1, S×1, T×1","ATT×51, ACT×49, ATG×15, AAT×5, AGT×1"
349,synonymous-only,1,0,2,20,K×2,"AAG×15, AAA×5"
350,nonsynonymous-only,0,1,2,20,"L×1, S×1","TCA×15, TTA×5"
351,nonsynonymous-only,0,1,2,20,"G×1, R×1","AGA×15, GGA×5"
358,nonsynonymous-only,0,1,6,149,"Q×2, R×2, K×1, L×1","CAA×100, CGG×25, AAA×15, CGT×5, CAG×3, CTG×1"
359,nonsynonymous-only,0,1,9,149,"E×2, G×2, I×1, K×1, M×1, N×1, V×1","GAG×49, GGA×35, ATA×28, AAA×15, GGT×8, ATG×5, GAA×5, AAT×3, GTT×1"
360,nonsynonymous-only,0,1,5,152,"I×2, F×1, L×1, N×1","ATT×102, CTG×29, TTT×15, AAT×3, ATC×3"
361,nonsynonymous-only,0,1,26,2273,"L×3, R×3, A×2, E×2, G×2, K×2, N×2, V×2, Y×2, C×1, F×1, P×1, Q×1, S×1, W×1","CCT×1179, GAA×432, CAA×194, GTG×123, TAT×98, AGA×51, GGT×38, TTA×32, CTA×30, AAA×25, GGG×18, AAG×15, GAG×11, TTT×5, TTG×4, GTC×3, TGG×3, CGG×2, TAC×2, TGT×2, AAC×1, AAT×1, CGA×1, GCA×1, GCG×1, TCA×1"
362,nonsynonymous-only,0,1,28,2358,"L×4, I×3, S×3, F×2, N×2, P×2, R×2, T×2, V×2, C×1, E×1, H×1, K×1, M×1, W×1","TCA×821, TGT×425, TTA×248, ATC×215, TCG×202, GTG×121, GAG×66, TTG×55, TTT×51, CTG×38, AGC×25, AAA×24, ATG×14, ATT×11, AGA×7, ACT×6, AAT×5, CCA×5, CCC×4, AAC×3, TGG×3, CAT×2, GTC×2, ACG×1, ATA×1, CGT×1, CTC×1, TTC×1"
363,nonsynonymous-only,0,1,26,2756,"R×4, S×4, I×3, E×2, K×2, L×2, N×2, Q×2, C×1, D×1, P×1, T×1, Y×1","TCG×1177, AGC×474, AAA×366, GAA×292, CAA×95, CGA×72, AGG×65, AAG×54, ATT×36, AAC×31, AAT×26, ACA×18, AGT×9, GAT×8, CGC×6, ATA×5, CAG×5, TTG×4, CCA×3, GAG×3, CTA×2, AGA×1, ATC×1, TAT×1, TCA×1, TGC×1"
364,nonsynonymous-only,0,1,25,3170,"I×3, L×3, R×3, G×2, K×2, Q×2, T×2, C×1, E×1, M×1, N×1, P×1, S×1, V×1, W×1","AAA×1259, ATA×572, TGT×425, AGA×126, ACA×120, GTA×114, CCA×113, GGA×95, AAG×61, CAG×58, CAA×54, CTA×46, CTT×30, TTA×26, ATC×15, CGA×15, TCA×12, TGG×8, AGG×7, GGG×5, ACT×3, ATT×2, GAA×2, AAC×1, ATG×1"
365,nonsynonymous-only,0,1,34,3514,"L×6, T×4, I×3, P×3, V×3, A×2, E×2, Q×2, R×2, S×2, F×1, G×1, K×1, M×1, W×1","ATA×1356, CTC×490, GCT×425, CTA×230, CTG×153, AGC×146, ATG×102, ATT×92, CAG×72, AGA×68, AAA×60, TTC×56, TCC×52, ATC×36, CTT×30, GAA×27, CCG×20, CCA×19, ACT×13, TTG×12, GTA×11, TTA×11, ACA×7, GTG×6, GGA×5, ACC×3, GAG×3, CAA×2, TGG×2, ACG×1, CCT×1, CGG×1, GCG×1, GTT×1"
366,nonsynonymous-only,0,1,24,3326,"I×3, L×3, T×3, K×2, N×2, Q×2, V×2, A×1, E×1, G×1, P×1, R×1, S×1, W×1","AAC×1182, GTT×487, AAT×449, AAA×256, ATA×188, AAG×125, AGA×107, ACA×97, ACT×79, CAA×66, ACG×40, ATT×30, CTA×30, GCA×28, GTA×27, AGC×26, GGA×24, CCA×23, TTA×20, CAG×16, ATC×10, CTC×7, GAA×7, TGG×2"
367,nonsynonymous-only,0,1,24,957,"V×3, A×2, E×2, I×2, K×2, N×2, P×2, S×2, T×2, F×1, G×1, M×1, Q×1, R×1","CCA×425, AAA×213, ACT×51, AGT×43, ATA×33, CCT×27, CGT×26, GTT×24, CAA×22, GCA×15, ACG×13, ATT×13, GAA×13, AAG×10, ATG×10, TTT×5, GTG×4, GCG×2, GTA×2, TCT×2, AAC×1, AAT×1, GAG×1, GGA×1"
368,nonsynonymous-only,0,1,13,395,"H×2, L×2, S×2, E×1, F×1, G×1, I×1, P×1, Q×1, R×1","GGC×137, GAA×55, TTG×55, CAC×50, TCT×25, CTT×23, CAT×20, CAA×9, TCA×8, ATA×5, TTT×4, CGA×3, CCT×1"
370,nonsynonymous-only,0,1,3,28,"K×1, M×1, W×1","ATG×21, AAG×5, TGG×2"
371,nonsynonymous-only,0,1,7,705,"I×2, A×1, E×1, S×1, T×1, Y×1","ATT×364, TAT×273, AGT×58, ACA×4, ATC×4, GAA×1, GCT×1"
372,nonsynonymous-only,0,1,14,850,"S×4, E×2, T×2, A×1, D×1, M×1, Q×1, R×1, Y×1","CGT×306, TCT×273, GAG×91, GAA×86, ACT×51, GAT×27, ACG×4, AGC×2, CAA×2, TAT×2, TCA×2, TCG×2, ATG×1, GCC×1"
373,nonsynonymous-only,0,1,19,887,"L×5, S×3, E×2, N×2, P×2, I×1, K×1, Q×1, R×1, V×1","CAA×306, TCA×296, CTA×61, AAT×59, TCC×37, TCG×33, AGA×25, TTA×23, CCT×21, CTC×10, AAA×5, ATA×2, CTG×2, TTG×2, AAC×1, CCC×1, GAA×1, GAG×1, GTA×1"
374,nonsynonymous-only,0,1,20,1545,"G×3, A×2, D×2, E×2, I×2, K×2, N×2, R×2, S×2, C×1","AAT×549, AAA×236, GCT×192, GAA×174, AAC×89, AGT×73, AAG×58, ATT×51, GGT×33, GAT×31, GCA×13, AGC×12, GGC×11, ATC×6, CGA×5, GGG×4, AGA×3, GAC×3, GAG×1, TGT×1"
375,nonsynonymous-only,0,1,26,1610,"G×4, S×4, I×3, A×2, F×2, N×2, R×2, D×1, K×1, L×1, Q×1, T×1, V×1, Y×1","AGT×593, AGC×204, GGC×191, TTT×96, TAT×78, GAT×60, GGA×59, AAT×54, ACT×53, TCA×44, GGT×41, ATC×38, CAA×25, ATA×23, AGA×16, TTG×7, GGG×6, AAA×5, TTC×5, ATT×3, TCC×3, GCT×2, AAC×1, CGT×1, GCA×1, GTT×1"
376,nonsynonymous-only,0,1,33,1722,"S×4, G×3, T×3, A×2, D×2, I×2, K×2, L×2, N×2, Q×2, R×2, V×2, E×1, F×1, H×1, M×1, Y×1","ACG×306, GAA×245, ACA×235, AAT×223, AAA×167, TAT×72, AAC×58, GAT×58, ATC×51, ACT×48, CAG×44, CTG×29, GGA×24, GAC×21, GCT×21, TTT×18, CAT×16, TCT×15, AGT×14, CAA×13, CGG×9, TCA×8, GCA×6, GTT×5, GGG×4, TCG×3, AAG×2, GGC×2, AGA×1, ATG×1, ATT×1, GTA×1, TTA×1"
377,nonsynonymous-only,0,1,33,3712,"L×4, T×4, A×3, I×3, V×3, D×2, F×2, H×2, K×2, S×2, E×1, M×1, P×1, Q×1, R×1, Y×1","CTC×1174, ATG×691, ACC×518, GAT×200, AAA×166, ATT×166, ATA×119, ACT×103, ACG×79, ATC×63, AGA×61, GTT×51, AAG×49, GAA×49, CTA×38, ACA×31, GCC×27, TTA×26, GCA×22, GCT×14, GAC×12, CCA×11, TTC×9, CAC×7, CTT×6, TCG×6, TAT×5, GTA×3, GTG×2, CAA×1, CAT×1, TCT×1, TTT×1"
378,nonsynonymous-only,0,1,37,4130,"L×6, S×4, T×4, R×3, A×2, I×2, K×2, N×2, P×2, Y×2, C×1, D×1, F×1, G×1, H×1, M×1, Q×1, V×1","ACC×1215, ACT×567, AAA×464, ACG×409, ACA×319, CTG×273, TTA×202, CTA×163, AAT×75, GTG×72, TCA×72, CCT×51, AAG×40, ATA×32, TCG×25, TTG×22, CCA×16, GCC×16, AGA×13, AAC×11, TCT×11, CGA×9, AGT×8, TGT×8, CAC×7, GAT×5, TTT×4, ATC×3, CGT×3, GGG×3, TAT×3, ATG×2, CTC×2, CTT×2, CAA×1, GCG×1, TAC×1"
379,nonsynonymous-only,0,1,24,5277,"L×5, S×4, A×2, F×2, I×2, V×2, Y×2, D×1, H×1, M×1, P×1, R×1","TTT×1650, ATA×1179, TAT×608, CGT×469, GAT×425, TTC×321, CTT×167, ATT×141, TTA×91, CTC×80, CAT×73, TCC×21, GTT×17, CTA×8, GTA×7, CCT×5, TAC×4, ATG×3, GCA×2, TCT×2, GCT×1, TCA×1, TCG×1, TTG×1"
380,nonsynonymous-only,0,1,12,209,"K×2, N×2, A×1, C×1, E×1, F×1, L×1, T×1, W×1, Y×1","AAA×61, GAG×53, GCA×21, AAC×15, AAT×13, TGC×11, TTC×11, TGG×10, TAC×8, CTC×3, AAG×2, ACA×1"
381,nonsynonymous-only,0,1,7,156,"V×2, F×1, L×1, N×1, R×1, S×1","GTC×53, AGG×38, GTT×23, TCG×21, AAT×15, TTG×4, TTC×2"
382,nonsynonymous-only,0,1,4,50,"A×1, C×1, N×1, T×1","GCT×23, ACC×21, AAT×4, TGC×2"
384,nonsynonymous-only,0,1,5,76,"S×2, F×1, L×1, P×1","TTC×37, TCT×21, CCG×15, TCA×2, CTC×1"
385,nonsynonymous-only,0,1,6,72,"H×1, M×1, N×1, P×1, R×1, T×1","CAC×38, ATG×21, ACA×5, AGA×3, CCA×3, AAT×2"
386,nonsynonymous-only,0,1,8,146,"I×2, A×1, D×1, G×1, K×1, T×1, V×1","AAG×51, GCT×37, GGT×21, ATT×16, ATA×15, GTT×3, GAC×2, ACT×1"
387,nonsynonymous-only,0,1,6,125,"F×2, H×1, L×1, Q×1, Y×1","CAA×51, CTC×38, CAT×15, TTC×15, TAT×4, TTT×2"
388,nonsynonymous-only,0,1,6,64,"G×2, R×2, E×1, S×1","GGG×37, GGA×18, CGA×5, GAA×2, AGG×1, TCA×1"
389,nonsynonymous-only,0,1,32,6509,"R×5, T×3, A×2, C×2, E×2, I×2, K×2, L×2, N×2, S×2, G×1, H×1, M×1, P×1, Q×1, V×1, W×1, Y×1","GAA×2135, AGA×1056, AAG×762, GGA×515, AAA×511, ATT×425, AGG×424, TGT×200, AGC×70, CAT×66, CGG×51, ATA×37, TAT×35, CTA×27, GCA×27, AAT×25, ACG×24, ACT×22, AGT×21, ATG×15, CAG×13, ACA×9, CGA×9, TTA×8, CCA×7, AAC×4, TGG×4, TGC×3, CGT×1, GAG×1, GCT×1, GTG×1"
390,nonsynonymous-only,0,1,32,7483,"S×4, R×3, V×3, G×2, H×2, I×2, K×2, L×2, N×2, T×2, A×1, C×1, D×1, F×1, M×1, P×1, Q×1, Y×1","GAT×2006, ATG×1177, TTT×809, AGT×720, ATT×711, GTT×545, CAA×307, AAT×267, TGT×248, TAT×115, TCG×103, AAA×90, GGT×74, CCA×70, GCT×55, CGC×53, AAG×33, AGG×21, AAC×19, TCT×13, CTT×9, CGT×8, AGC×7, ACT×6, TTG×6, CAC×3, ATA×2, CAT×2, ACC×1, GGA×1, GTA×1, GTC×1"
391,nonsynonymous-only,0,1,38,7303,"L×5, S×5, A×3, G×3, I×3, R×3, V×3, C×2, F×2, T×2, Y×2, D×1, K×1, M×1, N×1, Q×1","ATA×1992, TTA×1482, GAT×1178, TTT×746, ACA×469, TTG×309, AGC×180, GTG×144, CTA×138, AAA×80, ACT×74, GCA×72, ATC×68, ATT×59, GGC×57, GTA×51, TCA×23, TGC×22, CGC×21, CTG×19, TGT×18, CTT×17, CGA×15, TTC×13, AGG×12, TAC×9, TAT×8, GCG×5, AAC×4, GTC×4, GCT×3, GGT×3, TCT×3, ATG×1, CAA×1, GGG×1, TCC×1, TCG×1"
392,nonsynonymous-only,0,1,4,131,"G×1, Q×1, S×1, W×1","AGC×52, CAG×38, TGG×23, GGC×18"
393,nonsynonymous-only,0,1,5,97,"E×2, C×1, N×1, S×1","AGT×53, AAC×23, TGT×17, GAA×3, GAG×1"
394,nonsynonymous-only,0,1,2,70,"G×1, R×1","AGA×45, GGA×25"
395,nonsynonymous-only,0,1,2,70,"I×1, T×1","ATA×43, ACA×27"
397,nonsynonymous-only,0,1,2,70,"A×1, T×1","GCA×47, ACA×23"
398,nonsynonymous-only,0,1,2,70,"I×1, V×1","ATC×53, GTC×17"
399,nonsynonymous-only,0,1,4,70,"N×1, R×1, S×1, Y×1","AGT×36, TAT×17, CGT×14, AAT×3"
400,nonsynonymous-only,0,1,4,70,"C×2, H×1, R×1","CGC×28, TGC×23, TGT×17, CAC×2"
402,synonymous-only,1,0,2,70,K×2,"AAA×53, AAG×17"
403,nonsynonymous-only,0,1,3,70,"R×2, K×1","AGA×52, AGG×17, AAA×1"
404,synonymous-only,1,0,2,70,S×2,"TCG×53, TCA×17"
405,nonsynonymous-only,0,1,3,70,"K×2, T×1","ACG×53, AAG×16, AAA×1"
406,nonsynonymous-only,0,1,2,70,"K×1, Y×1","TAT×53, AAG×17"
408,nonsynonymous-only,0,1,3,70,"I×1, L×1, V×1","GTT×42, CTA×17, ATT×11"
409,nonsynonymous-only,0,1,3,70,"C×1, F×1, Y×1","TAC×50, TTC×17, TGC×3"
410,nonsynonymous-only,0,1,3,70,"A×1, G×1, S×1","GGT×45, GCT×24, AGT×1"
411,nonsynonymous-only,0,1,2,70,"P×1, S×1","TCC×43, CCC×27"
412,nonsynonymous-only,0,1,3,123,"F×1, I×1, T×1","ACT×53, TTT×53, ATT×17"
414,nonsynonymous-only,0,1,42,7602,"R×5, L×4, S×4, T×4, I×3, V×3, A×2, C×2, E×2, G×2, K×2, N×2, Y×2, D×1, F×1, H×1, Q×1, W×1","CAT×1935, TAT×788, AGT×632, GGT×544, GAA×521, TGT×510, CTA×425, CGG×329, AAA×253, ACT×245, GTA×166, ATA×147, TTA×127, GAT×103, AGA×100, TTT×75, CGT×71, CGA×66, AAG×63, ATC×62, TGG×54, TCA×51, ACC×47, AAC×46, AAT×45, ATT×39, GAG×27, GCT×20, ACA×18, CTT×17, ACG×15, CAA×14, TAC×11, GCA×8, TTG×7, TCT×5, TGC×4, AGG×3, TCC×3, GGA×2, GTC×2, GTT×2"
415,nonsynonymous-only,0,1,23,4572,"L×4, I×3, V×3, A×2, F×2, N×2, S×2, E×1, G×1, M×1, T×1, Y×1","TTT×2280, AAT×543, CTT×470, ATT×384, TAC×306, ATG×219, GTA×113, GAG×109, ATA×60, GTG×22, ATC×15, GCG×11, CTG×10, GGA×8, TTG×8, AAC×3, ACA×2, GTT×2, TCA×2, TTA×2, GCA×1, TCG×1, TTC×1"
416,nonsynonymous-only,0,1,25,4466,"I×3, L×3, R×3, A×2, F×2, T×2, V×2, C×1, D×1, G×1, K×1, M×1, P×1, Q×1, Y×1","TTT×3138, GCT×824, GAT×116, ATA×110, ACA×71, GCC×44, GTC×38, TTC×30, TTA×23, CAG×16, TAT×15, GGT×12, CTT×5, CGT×4, ACT×3, ATT×3, GTA×3, ATG×2, CCT×2, CGG×2, AAA×1, AGA×1, ATC×1, TGC×1, TTG×1"
417,nonsynonymous-only,0,1,8,235,"S×3, Q×2, I×1, R×1, Y×1","TCT×110, AGA×53, CAA×26, CAG×25, TCA×18, ATA×1, TAC×1, TCG×1"
418,nonsynonymous-only,0,1,2,104,"N×1, T×1","ACA×53, AAC×51"
419,nonsynonymous-only,0,1,2,51,"G×1, R×1","AGG×41, GGG×10"
421,nonsynonymous-only,0,1,3,68,"L×2, V×1","TTA×52, TTG×15, GTT×1"
422,nonsynonymous-only,0,1,3,68,"E×1, K×1, T×1","GAA×52, AAA×15, ACA×1"
423,nonsynonymous-only,0,1,2,16,"F×1, M×1","ATG×15, TTC×1"
425,nonsynonymous-only,0,1,5,102,"E×2, R×2, K×1","GAA×72, AGA×15, GAG×9, AAG×3, AGG×3"
426,nonsynonymous-only,0,1,4,74,"E×1, L×1, P×1, W×1","CCA×36, CTA×16, GAA×15, TGG×7"
427,nonsynonymous-only,0,1,28,6090,"L×6, I×3, F×2, K×2, P×2, T×2, V×2, Y×2, A×1, D×1, E×1, M×1, N×1, Q×1, W×1","TTT×2284, ATA×1331, GAA×709, TTG×502, GTT×305, CTA×209, CTT×104, CCT×92, TAT×67, TTC×67, ACG×59, AAA×58, CCA×49, ATC×47, ATT×41, CTC×41, TGG×30, ATG×28, TTA×21, TAC×13, CTG×11, ACA×6, GAT×5, CAG×4, GTA×3, AAT×2, AAG×1, GCA×1"
428,nonsynonymous-only,0,1,42,4971,"L×4, P×4, R×4, A×3, I×3, S×3, T×3, D×2, E×2, K×2, N×2, Q×2, V×2, C×1, G×1, H×1, M×1, W×1, Y×1","CCT×1349, GAA×1082, CCA×698, GAC×492, AGT×164, ATT×164, GAT×153, AAC×107, AAG×101, ACA×99, GTA×75, CTA×52, AAT×41, TCA×40, TTA×40, GCT×37, CTT×36, GAG×35, AGA×24, ATG×22, CCG×19, GTG×18, CAG×17, CAA×16, ACT×14, TAT×14, CAT×9, GGT×9, AGG×7, CTC×6, TGT×6, CCC×5, AAA×4, ATC×4, GCA×4, GCC×2, ACG×1, ATA×1, CGA×1, CGT×1, TCT×1, TGG×1"
429,nonsynonymous-only,0,1,33,6503,"A×3, R×3, T×3, D×2, E×2, H×2, K×2, N×2, Q×2, S×2, Y×2, C×1, F×1, G×1, I×1, L×1, M×1, P×1, W×1","AGA×1911, TAC×1303, TAT×972, GAA×612, GAT×363, AAA×281, TGG×238, AAT×188, ACA×114, CAA×93, CAT×63, AAC×43, GAG×43, TGT×40, ATG×34, CAG×26, TCT×25, GGA×21, GCT×20, AAG×15, CCA×15, AGT×14, TTT×12, CGT×10, ACT×9, CAC×8, GCA×8, GCC×8, ACC×5, CTA×5, GAC×2, ATA×1, CGC×1"
430,nonsynonymous-only,0,1,25,7188,"A×3, C×2, D×2, F×2, H×2, K×2, R×2, Y×2, E×1, G×1, L×1, N×1, P×1, Q×1, T×1, W×1","TAT×2177, CTT×1876, GCC×1176, TAC×786, CAC×377, TTT×304, TGT×193, CCC×63, AAT×59, CGT×53, GAG×38, GAT×22, AAA×16, AAG×15, CAA×8, CAT×4, TGG×4, AGA×3, GGA×3, ACG×2, GAC×2, GCA×2, TGC×2, TTC×2, GCG×1"
431,nonsynonymous-only,0,1,34,7195,"R×6, I×3, L×3, T×3, C×2, E×2, F×2, K×2, N×2, Q×2, V×2, A×1, H×1, M×1, S×1, Y×1","AAA×2092, CAG×1853, CAA×1188, AAG×498, CTG×428, GAA×243, CGA×202, TAT×110, ACA×79, CTT×77, ATG×75, AGA×49, ATT×45, AAT×44, TTC×38, GTA×34, CTA×24, CGT×16, CGC×15, CGG×13, ATC×12, ATA×11, AGG×10, GAG×10, ACG×6, CAT×6, ACT×4, AAC×3, GCA×2, GTG×2, TCC×2, TGT×2, TGC×1, TTT×1"
432,nonsynonymous-only,0,1,25,3505,"L×5, S×3, A×2, C×2, K×2, N×2, R×2, T×2, E×1, G×1, I×1, Q×1, V×1","GTA×1862, TGC×542, CAA×306, GGA×273, AAG×119, ACA×59, CTT×54, CTA×52, TTG×50, AGA×48, CGT×34, GCT×27, TCT×25, TTA×22, TCA×6, ATT×5, AAT×4, GCA×4, CTG×3, GAG×3, AAC×2, ACT×2, AAA×1, TCG×1, TGT×1"
433,nonsynonymous-only,0,1,20,3200,"G×4, R×4, T×3, Q×2, I×1, K×1, M×1, S×1, V×1, W×1, Y×1","ATG×1764, TGG×543, AGG×306, CGG×193, GTG×85, GGT×70, CAG×60, AGA×47, GGG×34, CGA×33, ACT×16, GGC×12, ACC×10, GGA×10, ACG×8, TAT×4, AAG×2, AGC×1, ATC×1, CAA×1"
434,nonsynonymous-only,0,1,16,2542,"L×4, S×4, Q×2, Y×2, I×1, P×1, T×1, V×1","ACA×1853, TAC×542, CAA×66, TCG×26, TTA×17, CCT×13, TCT×6, TTG×4, CAG×3, GTC×3, TCA×3, CTG×2, ATA×1, CTT×1, TAT×1, TCC×1"
435,nonsynonymous-only,0,1,8,2622,"T×4, A×1, I×1, K×1, S×1","ATT×1854, AAA×543, AGT×123, ACT×88, ACC×6, ACA×4, ACG×2, GCC×2"
436,nonsynonymous-only,0,1,12,247,"S×5, G×2, I×2, L×1, T×1, V×1","GTC×68, ACT×64, ATC×51, TTA×25, TCT×17, GGA×9, TCA×5, AGT×2, ATT×2, GGT×2, AGC×1, TCC×1"
437,nonsynonymous-only,0,1,8,246,"R×3, T×2, C×1, G×1, S×1","TGC×119, AGA×67, CGA×25, GGA×25, ACC×4, TCA×4, ACA×1, CGT×1"
438,nonsynonymous-only,0,1,18,695,"S×6, L×2, N×2, T×2, Y×2, F×1, I×1, R×1, W×1","TCA×247, TGG×116, TTT×71, TTG×57, ATT×48, TCT×37, TCC×33, AGT×25, AAC×18, TAT×12, TCG×12, AAT×6, CGG×3, TTA×3, ACA×2, ACC×2, TAC×2, AGC×1"
439,nonsynonymous-only,0,1,24,1003,"R×5, L×4, S×3, T×3, H×2, P×2, A×1, F×1, I×1, K×1, N×1","ACC×199, CTA×143, TTA×71, TCA×70, TTG×56, ACG×54, TCT×54, ATT×52, AAC×51, CCG×51, CGA×51, CAC×34, AGA×27, CGC×25, TCG×20, ACA×11, CAT×10, CTG×8, AGG×6, AAA×3, CCC×2, CGT×2, GCG×2, TTC×1"
440,nonsynonymous-only,0,1,31,4442,"L×4, T×4, R×3, S×3, V×3, D×2, K×2, N×2, Q×2, Y×2, A×1, E×1, G×1, P×1","GAC×1094, AAT×927, AAA×701, AAC×368, GAT×190, GTC×168, GTT×141, AAG×137, TAT×119, GAA×97, AGG×65, GTA×63, GGA×57, ACT×54, AGA×47, TTA×42, CAG×35, CCT×28, TTG×18, CAA×16, ACA×13, ACG×12, AGC×11, GCT×11, CGA×10, TCA×6, AGT×5, CTA×3, ACC×2, CTG×1, TAC×1"
441,nonsynonymous-only,0,1,42,4814,"S×4, T×4, A×3, I×3, L×3, P×3, R×3, D×2, E×2, G×2, H×2, K×2, N×2, Q×2, Y×2, F×1, M×1, V×1","AAT×1215, ACA×686, CAT×548, TTA×459, GCA×276, GAA×272, ACC×222, TAC×220, GCT×114, AAC×108, ATA×77, GAG×71, CGA×56, ACG×51, CTG×43, ACT×39, GTA×39, ATG×33, GAT×31, TCT×29, TTT×27, GCG×25, TCA×25, AAA×24, ATC×23, AGT×15, AAG×14, AGA×12, GAC×12, CAC×8, TCC×8, CGT×7, CCA×6, CCT×4, ATT×3, CAA×3, CAG×3, CTT×2, CCG×1, GGA×1, GGT×1, TAT×1"
442,nonsynonymous-only,0,1,39,7776,"L×4, P×4, T×4, V×4, A×3, I×3, S×3, D×2, Q×2, R×2, E×1, F×1, G×1, H×1, K×1, M×1, N×1, W×1","TTT×2706, GTT×1543, TGG×1179, GTA×671, CAA×262, AGG×166, GAT×162, AAA×119, TTG×87, AAT×86, ACA×83, CCG×76, ACT×73, ATT×68, TCT×65, TTA×59, ATA×42, GTG×39, CTA×38, GCT×37, GTC×32, CCA×28, ACG×24, GAC×24, GCG×21, CCT×19, GGC×15, CAT×13, GAA×13, CCC×7, ATG×4, GCA×4, ACC×3, TCG×3, ATC×1, CAG×1, CGA×1, CTC×1, TCC×1"
443,nonsynonymous-only,0,1,28,7663,"G×4, R×4, T×3, A×2, D×2, E×2, H×2, K×2, N×2, S×2, I×1, Q×1, W×1","GAC×1885, AAA×1459, AGT×1236, AAG×1023, AGA×842, AGG×509, GAA×141, AAT×119, CAA×94, CAT×75, AGC×53, GGT×53, AAC×30, ACT×29, TGG×27, ACA×23, CGA×23, CGT×12, GAG×8, CAC×6, GAT×4, GGG×4, GCA×2, GCT×2, ACG×1, ATA×1, GGA×1, GGC×1"
444,nonsynonymous-only,0,1,39,7820,"L×4, R×4, S×4, G×3, P×3, V×3, A×2, E×2, I×2, K×2, Q×2, T×2, C×1, D×1, H×1, M×1, N×1, Y×1","TGT×1854, GAA×1761, GTT×1178, AGT×865, AAA×413, AAG×307, GGC×150, AGC×140, GTG×138, GAT×102, AGA×93, GAG×93, CAA×86, CAG×74, CTC×58, AAT×53, CTT×53, ATA×50, GGA×48, CCA×42, CAT×41, TTA×37, CCT×28, GCC×28, CCC×24, GTA×22, TTG×19, CGT×18, GGT×17, ATT×8, ACA×4, AGG×4, TAC×3, ACT×2, GCT×2, TCT×2, ATG×1, CGG×1, TCA×1"
445,nonsynonymous-only,0,1,42,7846,"S×6, R×5, G×4, T×4, I×3, V×3, A×2, D×2, K×2, N×2, Q×2, E×1, F×1, H×1, L×1, M×1, P×1, W×1","GGA×1939, TCA×1207, GGT×543, AAA×505, TCC×502, ATC×431, AGA×411, CGA×385, GAA×233, GCA×229, AGT×218, AAG×189, AGC×134, TCT×127, CTT×107, TTT×88, CGT×86, CAT×70, GTA×57, TGG×54, ATT×42, GAT×40, GCT×33, ACA×26, GGC×26, CAG×23, GTC×21, GTT×19, AAT×16, ACG×16, GGG×16, ATA×12, CCT×8, CGG×8, TCG×8, ATG×6, CAA×4, ACT×2, GAC×2, AAC×1, ACC×1, AGG×1"
446,nonsynonymous-only,0,1,8,2391,"T×3, V×2, A×1, E×1, M×1","ACA×2286, ACT×53, ACG×35, GCA×10, ATG×3, GAA×2, GTA×1, GTC×1"
447,nonsynonymous-only,0,1,4,2387,"F×2, I×1, S×1","TTT×2291, TTC×57, ATT×38, TCT×1"
448,nonsynonymous-only,0,1,2,2292,"F×1, G×1","GGA×2291, TTC×1"
450,nonsynonymous-only,0,1,4,2304,"D×1, F×1, G×1, R×1","TTC×1854, GGC×436, AGG×13, GAC×1"
451,nonsynonymous-only,0,1,6,2307,"G×3, K×1, M×1, N×1","GGG×1851, AAC×437, AAA×13, GGA×3, ATG×2, GGC×1"
452,nonsynonymous-only,0,1,6,2307,"L×2, D×1, G×1, S×1, V×1","CTT×1854, GGT×434, GTT×13, GAT×3, CTG×2, AGT×1"
453,nonsynonymous-only,0,1,36,6598,"L×4, T×4, I×3, R×3, V×3, C×2, E×2, F×2, K×2, Q×2, S×2, D×1, G×1, H×1, M×1, N×1, P×1, Y×1","ATT×2365, AAA×644, ATC×625, CTA×556, TTT×511, TTA×271, GTA×253, ATA×241, AGA×156, ACG×148, CAA×122, AAT×96, CTT×80, CAG×72, GTT×71, TGC×57, TTC×55, GAA×54, ACC×41, ATG×33, AGC×32, AGT×28, CAT×23, AAG×19, GTG×10, CGT×9, TGT×8, TAT×5, ACT×3, GAG×3, GGT×2, ACA×1, CCT×1, CGC×1, CTC×1, GAT×1"
454,nonsynonymous-only,0,1,40,4073,"R×6, S×4, V×3, C×2, E×2, F×2, I×2, K×2, L×2, N×2, P×2, Q×2, T×2, Y×2, A×1, G×1, H×1, M×1, W×1","ACA×1345, AAA×560, CAT×500, AGC×445, AAT×151, CTC×150, TGT×134, GAA×120, CAA×80, CCA×70, AGA×68, TTC×54, TCT×53, TAT×51, TCA×41, TTT×35, CGC×28, GTA×23, TAC×22, TGC×21, ATT×19, CGA×17, AAG×15, TTG×14, AGG×12, AAC×8, GCA×8, CCT×4, CGG×4, CGT×4, ATG×3, TGG×3, AGT×2, GGC×2, GTT×2, ACT×1, ATA×1, CAG×1, GAG×1, GTG×1"
455,nonsynonymous-only,0,1,34,6090,"R×4, S×4, G×3, T×3, D×2, E×2, I×2, K×2, N×2, Q×2, Y×2, A×1, C×1, F×1, H×1, P×1, W×1","GCG×1854, AAA×1559, GAC×546, AGC×508, AGT×374, AGA×346, TCG×194, TGT×159, ACG×69, CAA×66, ATA×58, ACA×42, TAT×40, ACT×33, CGA×32, CGC×32, GAA×27, ATT×24, GGT×23, TCA×21, AAG×18, TAC×13, CGT×10, GGC×8, TTC×8, CAG×5, CCG×5, AAT×4, GAT×4, AAC×2, CAC×2, GGG×2, GAG×1, TGG×1"
456,nonsynonymous-only,0,1,33,5682,"S×4, I×3, T×3, C×2, E×2, F×2, H×2, K×2, L×2, N×2, Y×2, A×1, D×1, G×1, Q×1, R×1, V×1, W×1","AAT×1915, CAT×854, TAT×683, TAC×625, CAA×226, AAC×191, TGT×169, ACG×168, CTA×147, AGC×128, ATT×119, GCG×86, AAA×80, CAC×55, AGT×44, TTT×37, TGC×34, TTA×28, TGG×23, CGC×17, ATC×13, GAA×8, GAC×6, GGT×6, TCA×4, TTC×4, ACC×3, ACA×2, GTA×2, TCG×2, AAG×1, ATA×1, GAG×1"
457,nonsynonymous-only,0,1,35,3265,"R×4, L×3, S×3, T×3, A×2, G×2, H×2, K×2, N×2, P×2, Q×2, Y×2, C×1, E×1, F×1, M×1, V×1, W×1","TAT×1435, TGT×426, AGA×424, AAA×155, TCG×147, GAA×105, TTC×104, TAC×70, CAA×57, CGC×53, TCA×50, CCA×38, AAG×29, CAG×26, TTG×24, AAT×18, CAC×17, AAC×13, ACA×13, ACG×13, CAT×11, CCG×8, CTA×7, ACC×4, CGA×3, CGG×3, TTA×3, GGA×2, AGC×1, ATG×1, GCA×1, GCG×1, GGG×1, GTA×1, TGG×1"
458,nonsynonymous-only,0,1,34,5692,"I×3, R×3, S×3, T×3, A×2, D×2, F×2, K×2, L×2, N×2, V×2, Y×2, E×1, G×1, H×1, M×1, P×1, Q×1","ACG×2154, ATC×1180, ATG×760, AGA×558, AAT×189, CGG×164, GGA×112, AAG×109, AAC×72, GAA×60, TTC×54, GCG×43, AGT×39, GTT×33, CAT×29, CCA×22, AAA×19, GCA×15, GTA×13, ACA×12, TCG×12, ATT×9, ACT×7, GAC×6, TTA×5, TAT×3, CAG×2, CTA×2, GAT×2, TAC×2, TTT×2, AGC×1, ATA×1, CGA×1"
459,nonsynonymous-only,0,1,14,2503,"S×3, L×2, V×2, F×1, I×1, K×1, N×1, R×1, T×1, Y×1","ATC×1857, ACT×439, AAT×75, TTA×44, TTT×37, TAT×15, AAA×10, CTA×10, AGT×9, GTT×2, TCC×2, AGG×1, GTG×1, TCT×1"
460,nonsynonymous-only,0,1,8,2375,"R×3, P×2, M×1, S×1, T×1","AGG×1846, ACG×267, ATG×170, CGC×78, AGA×8, AGC×3, CCT×2, CCG×1"
461,nonsynonymous-only,0,1,7,2392,"G×1, H×1, I×1, N×1, R×1, T×1, Y×1","AAT×1926, CGT×328, CAT×109, ACT×15, ATT×7, TAT×5, GGT×2"
462,nonsynonymous-only,0,1,5,1874,"I×2, A×1, G×1, V×1","ATA×1854, GCA×12, ATT×3, GTA×3, GGT×2"
463,nonsynonymous-only,0,1,15,3629,"G×3, A×2, D×2, E×1, I×1, L×1, M×1, P×1, Q×1, T×1, V×1","GCC×1834, ATA×543, CCC×437, GGC×334, GAC×240, CAG×72, GCT×59, ATG×56, GTC×20, GAG×16, GAT×7, ACT×4, CTG×3, GGA×3, GGT×1"
464,nonsynonymous-only,0,1,13,3633,"R×2, A×1, D×1, F×1, K×1, L×1, M×1, Q×1, S×1, T×1, V×1, Y×1","GCA×1303, GTA×551, CAG×543, ACG×373, TTA×317, TTT×307, ATG×64, TAC×62, AGA×48, CGA×39, AAA×15, TCA×8, GAT×3"
465,nonsynonymous-only,0,1,21,3775,"L×4, S×3, V×3, I×2, D×1, E×1, G×1, K×1, M×1, N×1, Q×1, T×1, W×1","ATT×1856, GTA×1243, CTT×306, GAT×74, CTA×59, CAA×58, TTA×53, TCA×35, GTG×33, AGT×22, ATG×15, GAA×8, AAA×3, AAC×2, AGC×2, ACA×1, ATA×1, CTG×1, GGT×1, GTT×1, TGG×1"
466,nonsynonymous-only,0,1,39,6673,"L×5, V×4, I×3, R×3, S×3, T×3, F×2, H×2, K×2, N×2, P×2, Q×2, A×1, C×1, D×1, G×1, M×1, Y×1","CGA×1945, CTA×1417, GTA×483, GCA×425, CTT×379, CTG×272, TTT×198, AGG×192, TAT×174, ATA×167, TCT×135, TTC×122, ATT×107, ACT×90, TCG×90, TGT×83, ACG×72, CAC×68, GAC×57, TCC×28, TTA×28, ATC×26, TTG×25, ATG×16, GTT×16, AAT×14, ACC×11, CAA×10, GTC×5, CAG×4, GGA×4, AAG×2, CAT×2, AAA×1, AAC×1, CCA×1, CCC×1, CGC×1, GTG×1"
467,nonsynonymous-only,0,1,27,6452,"L×5, S×4, P×3, F×2, T×2, V×2, Y×2, A×1, H×1, I×1, K×1, N×1, Q×1, W×1","TTA×2402, TCA×1075, TTT×723, TTG×667, CCG×378, TGG×314, TTC×236, TCC×208, CCC×110, CAA×76, TAT×75, ACA×62, TCT×35, CAC×18, CTG×18, AAC×12, ATT×10, GCA×9, CTA×5, TCG×4, AAA×3, GTA×3, TAC×3, CTT×2, GTG×2, ACC×1, CCA×1"
468,nonsynonymous-only,0,1,40,7014,"L×5, A×4, G×4, R×3, T×3, V×3, D×2, E×2, K×2, N×2, Q×2, S×2, C×1, F×1, I×1, M×1, W×1, Y×1","GTC×2036, AAA×1652, AAT×1182, GAA×563, ATA×519, GTA×147, AGA×125, CAA×121, ACA×116, GGG×108, GAT×106, AAC×59, ATG×43, CAG×34, GAC×26, AGC×25, CGG×23, GAG×22, TTG×21, GGT×15, ACG×14, GCT×8, CTC×7, AAG×6, TTA×6, GGC×5, TGG×4, AGT×3, TAT×3, ACC×2, CGA×2, GCA×2, GGA×2, CTA×1, CTT×1, GCC×1, GCG×1, GTT×1, TGT×1, TTT×1"
469,nonsynonymous-only,0,1,36,7901,"I×3, L×3, R×3, S×3, A×2, C×2, D×2, E×2, G×2, H×2, N×2, T×2, V×2, Y×2, F×1, K×1, M×1, Q×1","GAA×1858, AAC×1290, TTC×1239, ATC×629, CAC×467, GGC×457, AAT×448, ATA×273, TAC×217, GGG×166, TGT×145, GAC×131, ACC×123, TGC×103, GTT×53, AGC×45, AAA×36, GAT×36, CAT×30, TAT×26, ACT×22, CTT×22, TTA×20, CGC×13, CGT×11, ATT×10, CTC×9, AGA×7, GAG×4, AGT×3, GCT×2, GTC×2, ATG×1, CAG×1, GCG×1, TCA×1"
470,nonsynonymous-only,0,1,27,6644,"L×4, T×4, I×3, F×2, K×2, N×2, R×2, V×2, A×1, E×1, G×1, M×1, S×1, W×1","AAA×2098, ACA×1920, ATA×928, AGA×490, ATG×398, CTG×182, ACC×109, AAG×105, ACT×70, TTA×56, TTC×54, GTG×52, GCG×49, ATC×43, AAT×18, GGA×14, TCA×13, GAA×12, ATT×7, GTA×7, TTG×5, AGG×4, AAC×3, ACG×2, TGG×2, TTT×2, CTA×1"
471,nonsynonymous-only,0,1,18,2609,"L×4, R×3, Y×2, E×1, F×1, H×1, I×1, K×1, Q×1, S×1, T×1, W×1","TTG×1854, CAA×490, AAA×77, TGG×56, TAC×38, TAT×21, TTA×21, TCA×16, CAC×10, CGT×8, CTA×5, AGG×3, ACT×2, ATC×2, CGA×2, CTT×2, GAG×1, TTT×1"
472,nonsynonymous-only,0,1,12,2522,"N×2, R×2, S×2, E×1, G×1, K×1, L×1, P×1, T×1","CCA×2284, AGA×65, AGT×56, AAC×38, AGG×28, AAT×21, GAG×13, CTA×9, AAA×5, ACA×1, GGG×1, TCA×1"
473,nonsynonymous-only,0,1,7,164,"F×1, I×1, K×1, N×1, R×1, T×1, Y×1","TAT×70, TTT×54, CGA×23, AAT×13, ATT×2, AAA×1, ACA×1"
474,nonsynonymous-only,0,1,2,3,"M×1, S×1","ATG×2, AGT×1"
475,nonsynonymous-only,0,1,8,209,"F×2, L×2, C×1, E×1, T×1, Y×1","ACT×110, GAG×54, TTT×21, TTC×10, TAT×9, CTT×3, CTA×1, TGT×1"
476,nonsynonymous-only,0,1,19,2079,"L×3, R×3, D×2, E×2, S×2, V×2, H×1, K×1, M×1, N×1, Y×1","TTG×1694, CTG×157, GAA×110, GAC×44, ATG×15, TCA×12, AAC×10, TTA×7, AGG×5, CGC×5, CAC×4, GAG×4, GAT×4, AGT×2, CGA×2, AAG×1, GTC×1, GTG×1, TAC×1"
477,nonsynonymous-only,0,1,16,2530,"I×2, S×2, D×1, E×1, F×1, G×1, H×1, K×1, L×1, N×1, R×1, T×1, V×1, Y×1","CGT×1854, GAT×437, ATT×110, TTT×54, AGT×35, ATC×18, GTT×5, TTA×4, AAA×3, ACA×3, GAG×2, AAT×1, AGC×1, CAT×1, GGC×1, TAT×1"
478,nonsynonymous-only,0,1,26,6924,"L×4, S×4, C×2, F×2, K×2, N×2, Q×2, Y×2, D×1, E×1, G×1, H×1, R×1, W×1","TCT×1914, CAC×1179, TAC×1071, TAT×706, TTT×500, TGG×468, TGC×346, TTG×244, TTC×196, AAT×78, AAC×62, GAA×47, CAG×27, TCC×15, TGT×15, AAG×13, CTA×13, GGT×10, CAA×8, TCA×3, TTA×3, CGA×2, AAA×1, AGC×1, CTC×1, GAT×1"
479,nonsynonymous-only,0,1,15,2803,"S×2, E×1, F×1, H×1, I×1, K×1, L×1, M×1, N×1, P×1, R×1, T×1, V×1, Y×1","TTT×1854, CAT×437, GTA×425, ATC×27, AAT×20, AAG×15, GAA×10, TCG×5, TAC×3, TCA×2, ACT×1, ATG×1, CCG×1, CGA×1, CTG×1"
480,nonsynonymous-only,0,1,9,2332,"V×3, N×2, E×1, H×1, M×1, Y×1","TAT×1854, CAT×437, GAA×15, GTA×12, GTT×5, AAT×3, GTC×3, AAC×2, ATG×1"
481,nonsynonymous-only,0,1,2,440,"A×1, R×1","GCA×425, AGA×15"
482,nonsynonymous-only,0,1,5,453,"L×1, P×1, Q×1, R×1, W×1","TTA×425, CCA×12, CGA×11, CAA×4, TGG×1"
483,nonsynonymous-only,0,1,8,543,"C×1, F×1, H×1, L×1, R×1, S×1, W×1, Y×1","TGT×425, TGG×54, AGG×15, TTT×15, CAT×13, TAT×11, TCA×7, TTA×3"
484,nonsynonymous-only,0,1,4,494,"P×2, G×1, R×1","CCA×425, GGA×28, AGA×26, CCT×15"
485,nonsynonymous-only,0,1,2,69,"G×1, L×1","GGA×54, CTG×15"
486,nonsynonymous-only,0,1,4,494,"F×1, S×1, V×1, Y×1","TCG×425, GTG×54, TTC×14, TAC×1"
487,nonsynonymous-only,0,1,3,494,"E×1, G×1, N×1","AAT×425, GGA×54, GAG×15"
488,nonsynonymous-only,0,1,2,440,"L×1, Q×1","TTA×425, CAA×15"
489,nonsynonymous-only,0,1,4,819,"Q×2, K×1, P×1","CAA×800, AAA×15, CCA×3, CAG×1"
490,nonsynonymous-only,0,1,43,8020,"L×6, R×5, S×5, P×4, A×2, D×2, F×2, H×2, I×2, K×2, N×2, Q×2, T×2, C×1, G×1, V×1, W×1, Y×1","CAA×2450, CAT×1197, CTT×688, CCA×569, CTA×491, GTT×458, CGA×389, CCT×268, GAT×249, CTG×218, TTT×194, CAG×92, CCC×81, AAC×59, CGT×56, AGA×54, TAT×53, GGT×52, AGT×45, ATT×41, AGC×38, CTC×37, AAT×28, TCT×27, GCA×25, ACC×20, ATC×20, AAG×15, TTA×14, TTC×13, CCG×11, TTG×11, TGG×10, CAC×9, GCC×8, AAA×7, ACT×6, TGT×6, CGG×4, TCG×3, TCA×2, AGG×1, GAC×1"
491,nonsynonymous-only,0,1,35,6532,"P×4, G×3, I×3, L×3, S×3, C×2, F×2, H×2, K×2, N×2, R×2, T×2, A×1, D×1, Q×1, V×1, Y×1","TTC×1852, ATT×1047, CAT×737, TTT×575, TCT×497, AAT×445, GGA×260, TAT×229, AGT×172, TGT×122, AAG×120, CTT×102, ACT×76, ATA×54, GTC×53, CGT×32, GAT×29, GGC×22, GCT×17, AAC×16, CCA×16, ATC×15, CAA×11, ACC×8, AAA×6, CCT×4, CCC×3, CAC×2, GGT×2, TGC×2, TTG×2, AGA×1, AGC×1, CCG×1, TTA×1"
492,nonsynonymous-only,0,1,21,7497,"L×4, A×3, S×3, F×2, Q×2, E×1, I×1, K×1, M×1, T×1, V×1, W×1","TTG×2634, TTA×2594, TTT×607, TCG×572, CTA×414, GAG×166, ATA×145, GCG×119, TTC×54, CAG×52, ATG×38, TCA×27, TGG×27, CTG×18, GTA×13, CAA×7, GCC×3, ACG×2, GCA×2, TCT×2, AAG×1"
493,nonsynonymous-only,0,1,34,7662,"V×4, G×3, R×3, S×3, A×2, E×2, F×2, I×2, K×2, L×2, N×2, Q×2, D×1, H×1, M×1, T×1, Y×1","TTA×2128, GAA×1539, GTG×786, GGA×675, ATG×543, TCC×425, AAA×328, ATC×307, GTA×178, CGA×121, TCA×119, GGT×75, ATA×64, GAG×58, AGA×55, GCG×50, GGG×38, TTC×36, GTT×28, GTC×25, GAC×22, AAG×13, GCA×10, AGG×8, CAG×8, AAT×7, CAA×6, TAT×3, ACA×2, AAC×1, AGC×1, CAT×1, CTC×1, TTT×1"
494,nonsynonymous-only,0,1,14,613,"L×2, T×2, D×1, G×1, H×1, I×1, N×1, P×1, Q×1, R×1, S×1, Y×1","AAT×178, TAT×167, CCA×111, AGT×60, ACA×53, CAT×25, ATT×5, CAA×4, CTA×3, CTC×2, GGT×2, ACT×1, CGA×1, GAT×1"
495,nonsynonymous-only,0,1,10,439,"T×3, F×2, I×2, L×1, M×1, Y×1","TAT×145, TTT×116, ATG×64, TTC×51, TTA×25, ACA×19, ATT×10, ATA×4, ACT×3, ACG×2"
496,nonsynonymous-only,0,1,9,294,"H×2, L×2, P×2, E×1, Q×1, R×1","CCT×168, GAA×47, CAT×28, CCA×17, CGT×17, CAA×9, CTT×6, CAC×1, CTC×1"
497,nonsynonymous-only,0,1,7,63,"F×2, C×1, H×1, L×1, S×1, Y×1","CTA×24, TAT×23, TCA×7, TGT×3, TTT×3, CAT×2, TTC×1"
498,nonsynonymous-only,0,1,8,155,"A×1, I×1, K×1, L×1, P×1, S×1, T×1, W×1","ATT×54, ACT×29, TTG×26, AAA×24, GCT×10, AGT×7, CCA×3, TGG×2"
499,nonsynonymous-only,0,1,35,6544,"S×5, R×4, A×3, I×3, T×3, V×3, D×2, F×2, G×2, K×2, N×2, E×1, M×1, P×1, Q×1","AAA×3098, ATC×1273, AGG×470, GAT×421, ATA×367, GTA×147, AGA×110, ATG×104, AGC×77, AAC×63, AAG×53, GAA×53, GAC×51, ACT×46, AAT×45, ATT×33, TCG×32, ACA×22, GCA×14, GCT×11, AGT×10, ACC×8, TCT×7, CCG×6, GTT×5, CGC×4, CAA×3, CGA×2, GGT×2, TTC×2, GCC×1, GGA×1, GTC×1, TCC×1, TTT×1"
500,nonsynonymous-only,0,1,31,4589,"L×4, R×4, S×4, F×2, G×2, K×2, N×2, Y×2, A×1, C×1, H×1, I×1, M×1, P×1, Q×1, T×1, W×1","AAA×1577, TAC×548, TGC×546, ACA×474, AGA×375, TTG×184, TTA×119, ATA×111, CAC×69, TGG×68, GGA×60, CTC×59, CAA×57, CGA×57, AAG×40, CGT×38, TAT×38, CTA×27, TTT×27, GCA×23, CCC×21, AAT×20, TTC×12, AAC×11, TCA×9, AGC×7, GGT×7, AGT×2, ATG×1, CGC×1, TCC×1"
501,nonsynonymous-only,0,1,33,7055,"G×3, I×3, R×3, T×3, D×2, H×2, K×2, L×2, N×2, Q×2, S×2, A×1, C×1, E×1, M×1, P×1, V×1, Y×1","AGC×2167, AAC×1372, AAT×1018, AAA×652, GAC×538, AGA×500, AGT×110, CAT×70, ATA×63, CTG×58, ATT×51, CAC×50, GGT×49, GAT×47, GGA×43, AGG×35, AAG×34, ATG×33, GGC×28, GAA×25, ATC×24, TAT×21, ACG×10, GTA×10, CCA×8, CTT×8, CAA×6, GCA×6, ACA×5, CAG×5, CGA×5, ACC×3, TGT×1"
502,nonsynonymous-only,0,1,11,339,"L×4, F×2, S×2, C×1, N×1, Y×1","TCA×88, TAC×74, TTT×59, TCT×53, TTG×26, CTG×22, TTC×6, AAC×5, CTA×3, TTA×2, TGT×1"
503,nonsynonymous-only,0,1,14,213,"D×2, K×2, V×2, A×1, F×1, I×1, M×1, N×1, R×1, S×1, T×1","ACT×53, AAC×50, AGC×41, ATA×25, AGG×10, GTT×10, AAG×6, ATG×5, TTT×5, AAA×3, GAT×2, GAC×1, GCT×1, GTA×1"
504,nonsynonymous-only,0,1,15,1810,"F×2, I×2, L×2, N×2, T×2, A×1, P×1, Q×1, S×1, Y×1","TCT×1173, CTT×367, ATT×54, CCT×54, CAA×48, TAC×32, TTC×24, TTT×21, ACC×10, ATC×10, GCT×6, CTC×5, AAC×3, ACT×2, AAT×1"
505,nonsynonymous-only,0,1,8,1759,"S×3, L×2, D×1, F×1, Q×1","TCT×1179, TTT×379, CAA×92, TTG×54, TCG×27, TTA×22, TCA×5, GAT×1"
506,nonsynonymous-only,0,1,21,3942,"L×5, S×4, F×2, P×2, R×2, Y×2, H×1, K×1, M×1, Q×1","TCC×1844, TTA×1270, TCG×371, CTG×183, TAT×67, AAA×62, CCA×55, TTT×26, CTT×18, TTC×10, ATG×9, TTG×8, TCA×5, CCT×3, TCT×3, CAG×2, CGC×2, CAC×1, CGT×1, CTC×1, TAC×1"
507,nonsynonymous-only,0,1,36,7812,"S×6, I×3, T×3, V×3, A×2, C×2, D×2, E×2, K×2, N×2, R×2, F×1, G×1, H×1, M×1, P×1, Q×1, Y×1","AAT×1990, AAG×1864, AAA×667, AAC×564, GAG×489, GAT×410, TCT×408, ATC×267, AGT×265, TCA×150, GAA×141, ATT×134, TCG×76, AGA×61, TCC×57, CAA×41, GTA×33, GCA×32, TAC×25, ATA×23, GTT×23, ACG×18, GAC×18, GCT×13, ACT×10, ACA×7, AGC×7, TTT×6, CAC×3, ATG×2, GTG×2, TGT×2, AGG×1, CCT×1, GGG×1, TGC×1"
508,nonsynonymous-only,0,1,28,7315,"T×4, R×3, A×2, D×2, E×2, G×2, H×2, K×2, N×2, S×2, V×2, I×1, Q×1, Y×1","AGA×1494, AAG×1333, AAA×1097, GAT×501, CGT×483, AGT×471, GCT×406, GGG×386, AAT×318, ACT×189, GAA×137, CAA×124, GAC×79, GAG×78, AAC×65, GCG×48, AGC×27, AGG×24, CAT×13, GTA×13, ACC×11, GGA×5, ACA×3, CAC×3, ACG×2, ATC×2, TAC×2, GTG×1"
509,nonsynonymous-only,0,1,7,1910,"I×2, V×2, A×1, G×1, T×1","ATC×1854, GTT×46, ATT×4, GCT×2, GTC×2, ACC×1, GGA×1"
513,nonsynonymous-only,0,1,3,7,"D×1, E×1, K×1","GAT×4, GAA×2, AAA×1"
514,nonsynonymous-only,0,1,3,7,"S×2, G×1","GGT×4, AGT×2, AGC×1"
515,nonsynonymous-only,0,1,3,7,"D×1, N×1, Y×1","GAC×4, TAC×2, AAC×1"
517,nonsynonymous-only,0,1,2,5,"S×1, V×1","GTT×4, TCG×1"
518,nonsynonymous-only,0,1,6,63,"L×2, M×1, S×1, T×1, V×1","ATG×53, TTA×4, ACA×3, GTG×1, TCT×1, TTG×1"
519,nonsynonymous-only,0,1,6,141,"A×1, C×1, G×1, I×1, T×1, V×1","GGT×54, ATT×53, GCT×23, GTT×9, ACT×1, TGT×1"
520,nonsynonymous-only,0,1,32,5011,"R×4, S×4, I×3, C×2, E×2, F×2, H×2, K×2, L×2, Q×2, T×2, Y×2, D×1, N×1, V×1","TTT×1858, AAC×639, AGG×425, CAA×414, ATC×359, AGC×273, ATA×201, TTC×157, AGA×125, CTC×78, CAC×68, TAC×65, AAA×54, GAC×46, TCG×43, TGT×37, TTA×33, CAG×31, CAT×21, AAG×18, ATT×18, ACC×11, TGC×9, TAT×5, TCA×5, CGG×4, CGT×4, GAA×4, AGT×2, GAG×2, ACT×1, GTC×1"
521,nonsynonymous-only,0,1,31,6257,"S×4, A×2, C×2, D×2, F×2, G×2, H×2, L×2, N×2, P×2, R×2, Y×2, E×1, I×1, K×1, T×1, V×1","TCC×2276, AAC×842, AGT×530, TAC×430, TTA×425, TGC×381, CTC×167, AGC×150, ATC×142, ACC×140, TAT×120, TGT×115, TTC×98, AAA×82, GCC×63, GAT×56, CCC×52, CAT×47, CAC×37, GAA×25, TCT×19, AAT×14, AGA×10, GGA×10, CGT×9, GAC×5, GCA×5, TTT×3, CCT×2, GGC×1, GTA×1"
522,nonsynonymous-only,0,1,41,6061,"L×4, S×4, G×3, I×3, T×3, A×2, C×2, D×2, E×2, F×2, H×2, K×2, N×2, Q×2, R×2, Y×2, P×1, V×1","TAT×1933, AAG×463, GGT×444, CAA×426, AGC×344, ACC×306, TGT×292, AGA×270, TGC×207, GAC×199, AAT×187, CTG×145, GAT×127, GGC×117, AAA×116, AGT×99, CCC×75, GAA×39, AAC×33, CAC×33, TTT×33, TCA×29, CTT×22, TCC×21, TTC×20, ACA×13, GCA×13, TTA×13, ATT×7, CGC×7, CTC×7, ATC×6, TAC×3, ACT×2, GAG×2, GGA×2, GTC×2, ATA×1, CAG×1, CAT×1, GCG×1"
523,nonsynonymous-only,0,1,7,468,"P×2, T×2, H×1, S×1, Y×1","CCT×425, TCG×21, TAT×13, ACA×3, CCG×3, CAT×2, ACT×1"
524,nonsynonymous-only,0,1,8,468,"Q×2, Y×2, C×1, D×1, F×1, L×1","TAT×425, TAC×20, GAC×15, CAG×3, CTC×2, CAA×1, TGC×1, TTC×1"
526,nonsynonymous-only,0,1,8,368,"K×2, Y×2, C×1, E×1, F×1, Q×1","GAA×194, AAG×70, TTT×44, TAT×25, CAA×15, TGC×11, TAC×8, AAA×1"
528,synonymous-only,1,0,2,15,L×2,"TTG×14, CTG×1"
530,nonsynonymous-only,0,1,3,39,"H×1, P×1, Y×1","CAC×21, TAT×15, CCC×3"
531,nonsynonymous-only,0,1,6,89,"S×2, F×1, I×1, L×1, T×1","ATA×46, TCA×23, TTA×15, ACA×2, TCT×2, TTT×1"
533,nonsynonymous-only,0,1,3,143,"A×1, D×1, T×1","GCT×110, ACT×18, GAT×15"
534,nonsynonymous-only,0,1,8,194,"R×2, E×1, G×1, H×1, K×1, T×1, Y×1","GAA×76, AGA×49, TAC×27, AAA×20, CGC×18, CAT×2, ACG×1, GGA×1"
535,nonsynonymous-only,0,1,22,5030,"L×3, D×2, F×2, H×2, I×2, Y×2, A×1, C×1, E×1, M×1, N×1, Q×1, R×1, S×1, T×1","TAT×2465, CAT×609, TTT×578, ATC×481, GAT×332, GAA×167, TAC×78, TGT×74, CTT×66, AAT×57, ATT×26, ACT×25, TTC×25, CAC×18, CAA×8, ATG×6, TTG×4, CTG×3, GAC×3, AGT×2, CGT×2, GCT×1"
536,nonsynonymous-only,0,1,18,1714,"R×3, T×3, I×2, K×2, S×2, A×1, F×1, H×1, N×1, P×1, V×1","ACA×777, GCA×329, AAA×327, AAT×54, ATA×39, CGA×32, TTT×29, GTA×28, ATT×20, AGA×19, CGG×18, ACG×13, ACT×8, TCT×8, AAG×5, TCA×5, CAC×2, CCA×1"
537,nonsynonymous-only,0,1,4,168,"E×1, I×1, L×1, S×1","ATT×54, TCT×54, CTT×40, GAA×20"
538,nonsynonymous-only,0,1,2,108,"F×1, N×1","AAC×54, TTC×54"
542,nonsynonymous-only,0,1,2,54,"F×1, V×1","GTT×28, TTT×26"
543,synonymous-only,1,0,2,54,R×2,"CGC×28, CGG×26"
545,nonsynonymous-only,0,1,5,227,"N×2, T×2, S×1","AAC×160, ACG×28, ACA×26, AGC×12, AAT×1"
546,nonsynonymous-only,0,1,3,227,"L×1, W×1, Y×1","TGG×119, TAT×54, TTA×54"
547,nonsynonymous-only,0,1,2,108,"F×1, P×1","CCC×54, TTT×54"
548,nonsynonymous-only,0,1,3,108,"A×1, D×1, K×1","AAA×54, GCC×45, GAC×9"
549,nonsynonymous-only,0,1,10,169,"E×2, H×2, Q×2, K×1, R×1, V×1, Y×1","CAT×52, CAA×41, GAG×29, CAG×16, AAG×10, TAC×9, GAA×5, CGC×4, GTA×2, CAC×1"
550,nonsynonymous-only,0,1,21,3411,"A×2, D×2, I×2, L×2, S×2, Y×2, C×1, E×1, F×1, G×1, H×1, N×1, P×1, Q×1, W×1","CAT×1854, AAT×890, AGT×248, ATT×115, TAT×59, TGT×57, ATC×38, CTC×28, CTT×28, GAG×25, TTT×24, GCC×10, CCT×8, GAC×5, GCT×5, TAC×5, TGG×4, CAG×3, GAT×2, TCT×2, GGT×1"
551,nonsynonymous-only,0,1,43,7173,"L×5, S×5, A×4, G×3, I×3, T×3, V×3, C×2, F×2, K×2, Q×2, Y×2, D×1, E×1, H×1, M×1, N×1, P×1, W×1","ATG×1853, ATC×774, AAC×761, TAC×688, GGC×647, TGC×601, AGC×424, GTC×413, ACC×225, TTC×74, ACG×70, TCC×66, GCC×59, TTA×57, GTA×54, AGT×53, TTG×40, AAA×38, TGT×38, TGG×26, GGT×25, AAG×24, CTG×21, TTT×19, GCT×18, TAT×15, CAC×12, CTT×11, GCG×9, TCT×9, GTT×8, ATT×7, CAG×7, TCA×7, CTA×6, ATA×3, CCT×3, ACA×2, GAA×2, CAA×1, GAC×1, GCA×1, GGA×1"
552,nonsynonymous-only,0,1,24,7884,"S×3, E×2, K×2, L×2, N×2, R×2, T×2, V×2, A×1, C×1, G×1, M×1, Q×1, W×1, Y×1","AAA×4024, GAG×1191, AGA×651, AAG×643, TTA×473, GAA×406, AAC×183, TTG×73, AGG×72, AGT×55, CAA×27, AGC×21, TAT×21, AAT×13, ATG×7, TCG×7, GGA×4, GTA×3, TGG×3, ACA×2, GCA×2, ACG×1, GTG×1, TGT×1"
553,nonsynonymous-only,0,1,33,4833,"I×3, R×3, S×3, A×2, D×2, K×2, L×2, N×2, T×2, V×2, Y×2, C×1, F×1, G×1, H×1, M×1, P×1, Q×1, W×1","AAG×2502, ATT×512, TCT×378, ATC×321, AAT×309, ATG×277, TTT×80, AGA×79, AGT×79, AAA×53, GGA×53, CCT×46, GTT×36, AAC×35, CGA×24, AGC×11, GAT×6, TGC×6, ACA×4, GCT×3, ACG×2, CAA×2, CAT×2, CTT×2, GAC×2, GTA×2, AGG×1, ATA×1, CTA×1, GCG×1, TAC×1, TAT×1, TGG×1"
554,nonsynonymous-only,0,1,2,29,"R×1, W×1","AGA×27, TGG×2"
555,nonsynonymous-only,0,1,33,4577,"L×6, R×3, S×3, F×2, H×2, I×2, K×2, P×2, T×2, A×1, D×1, G×1, M×1, N×1, Q×1, V×1, W×1, Y×1","TTA×1941, CTG×678, TTG×392, CTT×301, ATG×245, TGG×199, CCC×164, TCG×161, CTA×89, TTT×68, ATT×54, ATA×51, AAG×42, TTC×34, TAC×33, CAG×19, TCA×19, ACA×16, CGG×15, AGA×12, AGG×9, TCT×9, CAT×6, CCG×4, GAC×3, GGC×3, CAC×2, CTC×2, GCG×2, AAA×1, AAC×1, ACC×1, GTT×1"
556,nonsynonymous-only,0,1,17,1960,"L×4, S×3, F×2, Y×2, C×1, I×1, K×1, Q×1, R×1, W×1","TCT×547, TCA×373, CAA×300, TTG×244, TTC×164, TTT×125, TGT×58, TCC×40, TTA×38, TAT×26, AAA×14, CGT×11, CTA×8, TGG×5, CTC×4, ATT×2, TAC×1"
557,nonsynonymous-only,0,1,15,640,"T×3, I×2, N×2, S×2, A×1, D×1, E×1, K×1, Q×1, V×1","ATT×221, GCA×200, GTT×55, TCT×43, ATA×27, AAA×21, AAT×21, GAA×17, ACC×15, ACT×12, CAG×2, GAT×2, TCA×2, AAC×1, ACG×1"
558,nonsynonymous-only,0,1,8,323,"L×5, E×1, F×1, P×1","TTA×228, GAG×27, CTG×24, TTG×22, TTT×10, CTT×8, CCT×3, CTA×1"
560,nonsynonymous-only,0,1,2,12,"G×1, R×1","GGC×8, AGG×4"
561,nonsynonymous-only,0,1,4,13,"V×2, F×1, I×1","ATT×5, GTT×4, TTT×3, GTC×1"
562,nonsynonymous-only,0,1,10,229,"L×2, S×2, A×1, I×1, P×1, T×1, V×1, W×1","TCT×69, CCT×41, ACT×38, TTA×27, GCA×21, GTT×18, TGG×8, ATC×4, TTG×2, AGC×1"
564,nonsynonymous-only,0,1,4,37,"A×1, C×1, L×1, Y×1","TTG×21, TAC×13, TGC×2, GCT×1"
565,nonsynonymous-only,0,1,30,8312,"L×5, T×4, I×3, R×3, V×3, E×2, K×2, N×2, P×2, A×1, G×1, M×1, Q×1","ACA×2898, ATG×1188, ATA×951, GTG×497, GCA×468, AAA×435, CCA×425, AAG×332, AAC×273, CCG×260, CTG×169, AGA×110, ATT×57, TTA×57, ACG×33, CTA×26, ACT×21, ATC×20, GAA×19, GGA×14, AGG×13, GTA×13, CTC×10, TTG×9, ACC×5, GAG×5, AAT×1, CAG×1, CGA×1, GTT×1"
566,nonsynonymous-only,0,1,27,8195,"T×4, S×3, D×2, H×2, I×2, K×2, N×2, R×2, V×2, A×1, E×1, F×1, L×1, M×1, Y×1","AAT×2337, GTT×1890, ATT×1280, AGT×949, ATA×432, AAA×381, ACT×227, CAT×172, GCT×144, GAT×101, AAC×93, ACA×65, GAA×26, ATG×22, AGC×14, TTT×10, ACC×9, AAG×8, TAT×8, CAC×7, ACG×6, AGG×5, GTA×3, AGA×2, GAC×2, CTT×1, TCT×1"
567,nonsynonymous-only,0,1,40,5160,"G×4, R×4, S×3, T×3, V×3, A×2, C×2, E×2, F×2, H×2, K×2, L×2, N×2, Q×2, Y×2, D×1, I×1, M×1","ACG×1958, GGT×590, ATA×554, TTA×442, GGC×284, AAG×200, AGG×190, AAA×141, TAT×134, TTG×72, GGA×63, CAG×58, GTA×58, TCC×38, TTT×38, GTG×37, TAC×34, TCA×27, TTC×27, GGG×26, ACA×24, GAG×24, CAC×20, CAA×19, CAT×18, TGT×17, AAC×15, CGG×13, CGT×8, GCG×8, TCT×6, GAA×5, AGA×3, GCT×3, AAT×1, ACT×1, ATG×1, GAC×1, GTT×1, TGC×1"
568,nonsynonymous-only,0,1,31,4125,"V×4, A×3, I×3, S×3, D×2, K×2, N×2, P×2, T×2, Y×2, E×1, F×1, G×1, L×1, Q×1, R×1","GTT×1846, AAA×512, GAT×437, GAA×289, ATT×182, TTA×146, GAC×108, CCT×75, TTT×70, AGT×59, GTA×57, CCG×54, GGA×50, CAA×48, ACA×42, GTG×31, GCA×29, TAT×14, ATC×13, GCG×11, GTC×11, AAG×10, ATA×10, AAT×5, CGC×5, ACT×3, GCC×3, TAC×2, AAC×1, AGC×1, TCC×1"
569,nonsynonymous-only,0,1,26,3496,"L×5, A×2, I×2, K×2, Q×2, R×2, S×2, T×2, Y×2, F×1, M×1, P×1, V×1, W×1","GCC×1687, CTA×578, CGA×193, TTG×190, ACC×167, CAA×139, AAG×117, AAA×90, TTA×86, TCT×84, TAT×28, TAC×27, TGG×15, CAG×14, ATG×13, ATC×12, CGG×12, CCA×11, CTG×11, TTT×6, ATT×5, ACT×3, CTT×3, GTT×2, TCA×2, GCT×1"
570,nonsynonymous-only,0,1,15,2837,"P×3, R×3, K×2, Q×2, V×2, E×1, I×1, N×1","CCG×1846, AAA×561, ATA×157, CAG×87, AGA×59, GTA×53, GAG×27, CAA×18, CGT×11, CCT×7, CGG×5, AAT×3, AAG×1, CCA×1, GTG×1"
571,nonsynonymous-only,0,1,11,2797,"K×2, Q×2, R×2, F×1, L×1, N×1, P×1, Y×1","TTT×1854, CAG×472, AAG×251, TTG×119, CGA×53, AAA×26, AAT×15, TAC×3, CGC×2, CAA×1, CCT×1"
572,nonsynonymous-only,0,1,5,75,"E×2, D×1, I×1, N×1","GAT×32, GAG×26, ATT×15, AAT×1, GAA×1"
573,nonsynonymous-only,0,1,2,16,"E×1, I×1","ATA×15, GAA×1"
575,nonsynonymous-only,0,1,3,19,"I×1, T×1, V×1","GTT×15, ATT×3, ACT×1"
576,synonymous-only,1,0,2,19,F×2,"TTT×15, TTC×4"
578,nonsynonymous-only,0,1,11,372,"V×3, A×2, D×2, E×1, G×1, M×1, N×1","GCG×138, GTG×98, GAC×77, GTA×22, GAT×15, GAA×12, GCA×4, AAC×3, ATG×1, GGG×1, GTC×1"
579,nonsynonymous-only,0,1,21,1316,"G×2, I×2, K×2, L×2, Q×2, R×2, T×2, V×2, F×1, M×1, N×1, S×1, Y×1","GTG×545, ATG×167, TTA×138, ATT×136, TAT×70, TTG×57, ATA×54, AGA×28, AAG×22, TTT×21, AAT×15, GGT×15, CAA×12, GGA×10, ACT×9, GTA×8, AAA×4, CGA×2, ACG×1, AGT×1, CAG×1"
580,nonsynonymous-only,0,1,26,2089,"L×4, R×4, A×2, G×2, I×2, P×2, Q×2, S×2, V×2, E×1, F×1, K×1, M×1","AAA×822, CTA×322, ATG×217, GGG×165, AGG×145, TCG×70, CGA×62, GCT×54, CTC×43, TTA×38, CTG×25, GTG×25, CAA×22, TCA×18, ATC×9, CAG×9, CCA×9, GGA×9, CCC×7, GTA×5, ATA×4, AGA×2, CGC×2, GAG×2, GCG×2, TTT×1"
581,nonsynonymous-only,0,1,39,3297,"L×4, A×3, G×3, I×3, P×3, R×3, V×3, E×2, K×2, N×2, Q×2, S×2, T×2, C×1, D×1, F×1, W×1, Y×1","AAA×896, GTT×546, GTG×309, ACA×247, GTA×222, TTG×211, AAG×131, GAC×119, TAT×112, TTT×54, CCA×53, GAG×43, GCG×39, CCG×34, GGA×34, AGC×30, GGG×29, CAA×27, ATT×24, ACT×20, AGT×17, AGG×15, AAT×12, AAC×10, ATC×10, GAA×9, CTG×8, CGG×7, CCT×6, CTA×6, CTT×4, GGC×4, CAG×2, GCA×2, AGA×1, ATA×1, GCT×1, TGG×1, TGT×1"
582,nonsynonymous-only,0,1,30,4112,"S×4, I×3, A×2, D×2, H×2, K×2, N×2, R×2, V×2, C×1, E×1, F×1, G×1, L×1, P×1, Q×1, T×1, Y×1","GTT×777, TAT×546, AGA×487, CTT×387, AAT×301, CAC×280, CGT×256, TCA×195, AAA×160, GGT×141, GCT×79, CAT×65, CCT×61, CAA×59, GAA×59, ATT×55, TGT×40, ATC×25, GAT×24, TCT×23, GCC×17, ACT×16, GTG×15, ATA×12, AGT×10, AAG×8, GAC×8, TTC×4, AAC×1, AGC×1"
583,nonsynonymous-only,0,1,27,4091,"S×5, L×4, I×3, T×3, K×2, P×2, V×2, C×1, E×1, F×1, M×1, Q×1, R×1","ATG×1553, CTC×549, AAA×461, ATA×400, ACG×275, CAA×180, ATC×121, ACT×104, GAG×93, ATT×73, ACA×59, GTC×54, TGT×54, AAG×37, CTA×23, AGA×15, AGT×11, TCA×8, CCA×6, AGC×3, CCT×3, TTG×3, TCT×2, CTT×1, GTT×1, TCG×1, TTT×1"
584,nonsynonymous-only,0,1,28,3257,"R×5, L×4, S×3, P×2, Q×2, C×1, D×1, E×1, F×1, G×1, H×1, I×1, K×1, N×1, V×1, W×1, Y×1","AAA×728, CAG×546, CTA×466, TTC×307, CAA×280, AAC×203, AGC×145, TCA×110, AGA×97, TTA×95, GAA×53, CCA×42, CGT×36, CGA×34, TAT×28, ATA×23, TGG×15, AGT×11, CAC×11, CTC×7, CTG×7, GTA×3, CCC×2, CGC×2, CGG×2, GGA×2, GAT×1, TGC×1"
585,nonsynonymous-only,0,1,34,3890,"L×4, R×3, V×3, A×2, E×2, G×2, I×2, K×2, N×2, Q×2, T×2, C×1, D×1, F×1, H×1, M×1, P×1, S×1, W×1","GAA×655, AGT×566, TGG×493, CAG×307, AAT×292, GTG×250, AAA×241, AGA×148, CGG×136, GGC×110, ATA×98, GTT×96, GAG×64, CTA×52, GTA×48, GGT×40, AAG×36, CTG×36, CCT×30, ACT×29, ATG×24, TTC×24, ATT×23, CAA×20, CAT×13, GAT×13, CGT×11, ACA×10, CTC×7, CTT×6, GCA×4, AAC×3, TGT×3, GCT×2"
586,nonsynonymous-only,0,1,33,4209,"L×5, S×4, T×4, I×3, P×3, R×3, V×3, A×2, K×2, E×1, F×1, G×1, M×1","ATA×1335, GAA×502, CTG×485, TTA×305, ACA×247, TCA×172, CTT×168, ATC×159, GCT×141, AGA×101, ACG×89, AAG×72, ATG×69, ACC×42, ATT×38, GCA×38, ACT×37, CTA×37, CCA×33, AAA×31, TTG×30, TCG×18, CCT×15, CCG×12, GTT×12, TCC×6, TTT×4, GGG×3, GTG×3, TCT×2, CGA×1, CGG×1, GTA×1"
587,nonsynonymous-only,0,1,41,3790,"L×6, S×4, V×4, R×3, T×3, C×2, E×2, F×2, I×2, K×2, N×2, P×2, Q×2, Y×2, A×1, H×1, M×1","TTA×611, AAG×560, TAC×441, TTT×343, TCT×306, GTT×216, CAG×208, CCC×150, ATT×118, CAA×111, CTT×105, TTC×98, AAA×96, ATA×42, GTC×42, TGT×35, GAG×33, CAT×30, CCT×29, TCG×28, TTG×26, ACA×19, ACT×17, CGA×17, CTA×14, ATG×13, TCA×13, GTG×10, AGC×9, CTC×9, TAT×8, AAC×7, AAT×7, AGA×4, CGG×3, CTG×3, TGC×3, ACG×2, GAA×2, GCG×1, GTA×1"
588,nonsynonymous-only,0,1,35,3106,"L×5, S×4, I×3, R×3, C×2, H×2, N×2, P×2, T×2, V×2, Y×2, A×1, F×1, G×1, K×1, M×1, Q×1","TAC×750, ATT×563, AGC×434, TTA×274, CAT×178, TTT×158, TGT×132, CAA×111, CTT×97, ATA×75, TCA×65, AAT×54, CTA×39, TAT×33, CGT×21, CGC×20, CAC×18, TCT×17, ATG×15, ATC×10, ACA×7, TGC×7, ACT×6, AAC×3, AGT×3, CCT×3, AAA×2, CCA×2, GTC×2, TTG×2, AGG×1, CTC×1, GCT×1, GGT×1, GTA×1"
589,nonsynonymous-only,0,1,34,3811,"L×4, G×3, S×3, T×3, V×3, F×2, H×2, I×2, K×2, Q×2, Y×2, A×1, C×1, M×1, N×1, P×1, W×1","CAA×1205, TTT×516, GGA×323, GGT×316, TTA×307, AAA×210, AAT×205, TGT×119, TGG×111, CAC×77, ACT×68, TCA×66, CCA×46, ATT×44, CTC×38, AAG×26, TAC×20, CAG×18, GTG×18, CTG×12, ACG×10, CAT×10, ATA×8, GTC×8, GCA×6, TTC×6, ATG×3, CTT×3, GGG×3, GTT×3, ACC×2, TCT×2, AGT×1, TAT×1"
590,nonsynonymous-only,0,1,39,4527,"L×6, S×5, R×4, D×2, E×2, H×2, I×2, K×2, N×2, T×2, V×2, Y×2, C×1, F×1, G×1, P×1, Q×1, W×1","GAA×917, AAA×740, TCA×546, TAC×445, TTA×367, CTG×245, CTC×194, AAC×167, CAC×147, AAG×104, CAT×91, ATT×90, CTA×58, AGA×53, TTG×51, ATA×43, TCG×42, AAT×39, CCC×24, CTT×23, ACT×21, GTA×21, GAT×19, ACA×13, AGG×10, GAG×10, GGA×10, AGT×8, TCT×8, TAT×5, CAA×3, CGA×3, TGT×3, TGG×2, AGC×1, CGG×1, GAC×1, GTT×1, TTT×1"
591,nonsynonymous-only,0,1,13,1066,"G×2, I×2, A×1, F×1, K×1, L×1, M×1, Q×1, R×1, S×1, V×1","AGT×400, ATC×286, GGT×187, ATG×90, GGG×35, TTC×24, CGG×14, CAG×12, GTT×10, ATA×3, AAG×2, CTG×2, GCT×1"
592,nonsynonymous-only,0,1,11,442,"L×3, H×2, I×1, K×1, N×1, Q×1, R×1, T×1","ATA×167, AAA×153, AGA×57, CAT×35, CAC×10, AAT×9, CTT×5, ACT×2, CAA×2, CTA×1, CTC×1"
593,nonsynonymous-only,0,1,8,110,"R×3, L×1, Q×1, S×1, W×1, Y×1","AGG×54, TAC×17, CAA×15, TTA×9, AGA×8, TGG×3, CGA×2, TCT×2"
594,nonsynonymous-only,0,1,7,115,"E×2, A×1, F×1, K×1, L×1, T×1","GAA×49, GCA×33, GAG×15, CTC×8, AAA×5, TTC×3, ACA×2"
595,nonsynonymous-only,0,1,4,76,"N×2, G×1, R×1","AAT×54, GGC×15, CGT×4, AAC×3"
596,nonsynonymous-only,0,1,9,405,"L×2, S×2, I×1, M×1, T×1, V×1, W×1","TTG×203, ACG×57, ATG×49, ATA×38, CTG×27, GTG×15, TCG×12, TCA×2, TGG×2"
597,nonsynonymous-only,0,1,3,44,"M×1, S×1, Y×1","ATG×27, TAC×15, TCA×2"
598,nonsynonymous-only,0,1,2,17,"K×1, N×1","AAA×15, AAT×2"
599,nonsynonymous-only,0,1,2,17,"N×1, S×1","AAT×15, AGT×2"
601,nonsynonymous-only,0,1,3,499,"F×1, L×1, S×1","TTC×427, TCC×57, TTA×15"
602,nonsynonymous-only,0,1,4,542,"I×2, A×1, F×1","ATT×470, GCT×54, ATC×15, TTT×3"
603,nonsynonymous-only,0,1,3,542,"F×1, I×1, N×1","ATC×522, AAT×15, TTC×5"
604,nonsynonymous-only,0,1,12,610,"T×2, E×1, F×1, K×1, L×1, M×1, P×1, Q×1, S×1, V×1, Y×1","ACG×427, GAA×54, ACC×35, TTC×34, TCG×22, ATG×15, GTC×8, CAA×5, AAA×3, CTA×3, CCG×2, TAT×2"
605,nonsynonymous-only,0,1,9,649,"K×2, C×1, E×1, H×1, Q×1, R×1, S×1, W×1","CAT×427, CGT×90, TGC×56, AAA×43, GAA×15, CAA×8, AAG×5, TGG×3, AGC×2"
606,nonsynonymous-only,0,1,12,996,"A×2, L×2, S×2, C×1, F×1, I×1, P×1, T×1, V×1","TTA×579, TCA×207, GCT×90, ACA×70, TCT×22, CTA×7, GCA×6, TGT×5, ATA×3, GTT×3, CCG×2, TTT×2"
607,nonsynonymous-only,0,1,2,68,"F×1, L×1","TTC×53, CTC×15"
608,nonsynonymous-only,0,1,3,206,"I×2, G×1","ATT×149, GGT×53, ATC×4"
609,nonsynonymous-only,0,1,6,153,"R×3, K×2, L×1","AAA×51, AAG×49, CGT×33, CTA×15, AGA×4, CGA×1"
610,nonsynonymous-only,0,1,4,149,"N×2, Q×2","CAG×92, AAC×37, AAT×12, CAA×8"
611,nonsynonymous-only,0,1,4,149,"I×3, K×1","ATT×85, ATA×43, AAA×15, ATC×6"
612,nonsynonymous-only,0,1,5,149,"F×2, Y×2, L×1","TTT×57, TTC×43, TAT×33, CTG×15, TAC×1"
613,nonsynonymous-only,0,1,5,149,"G×2, N×2, C×1","AAT×97, GGG×26, TGT×15, GGA×8, AAC×3"
614,nonsynonymous-only,0,1,4,137,"K×2, L×1, W×1","AAG×92, TTA×34, AAA×8, TGG×3"
615,nonsynonymous-only,0,1,4,394,"L×3, I×1","TTG×323, TTA×55, ATC×15, CTG×1"
617,nonsynonymous-only,0,1,2,331,"E×1, M×1","ATG×312, GAG×19"
618,nonsynonymous-only,0,1,5,327,"R×2, H×1, P×1, Q×1","CGA×166, CCG×139, CAT×15, CAG×6, CGT×1"
619,nonsynonymous-only,0,1,2,15,"H×1, R×1","CGC×14, CAT×1"
620,nonsynonymous-only,0,1,7,53,"L×3, H×1, P×1, Q×1, R×1","CGA×21, CTC×15, CAA×9, CTA×3, CCC×2, TTA×2, CAC×1"
621,nonsynonymous-only,0,1,8,1969,"E×2, A×1, I×1, K×1, N×1, R×1, V×1","AAA×1853, AGA×48, ATA×21, AAC×15, GTG×13, GAG×12, GCG×5, GAA×2"
622,nonsynonymous-only,0,1,12,2601,"D×2, N×2, V×2, A×1, I×1, K×1, P×1, S×1, T×1","AAG×1854, AGT×437, ACC×111, GTT×101, GAT×28, ATA×21, AAC×18, AAT×15, GCT×10, GAC×3, CCT×2, GTC×1"
623,nonsynonymous-only,0,1,32,4995,"L×5, I×3, R×3, C×2, D×2, F×2, H×2, N×2, S×2, V×2, A×1, K×1, M×1, P×1, Q×1, T×1, Y×1","AAA×1986, ATA×558, CGA×438, AAT×393, TTG×333, ATG×312, TTC×204, GAT×195, TGT×109, GTT×59, TCC×54, ACA×48, AAC×45, TTT×29, CAA×27, TTA×27, CGT×25, CTG×23, CGC×22, CAT×21, GTA×21, CTA×15, GCT×15, ATC×11, GAC×10, CCC×7, ATT×2, TGC×2, CAC×1, CTT×1, TAT×1, TCA×1"
624,nonsynonymous-only,0,1,31,6579,"L×6, P×4, S×4, A×3, C×2, F×2, H×2, I×2, R×2, Y×2, Q×1, W×1","TGG×1863, TAT×1187, TTC×655, TAC×550, CTT×501, AGT×306, TCT×304, TTT×196, TTA×149, TGT×127, CTG×107, TCA×105, CAA×104, TGC×74, GCT×66, TTG×52, CAT×50, CCT×44, TCC×42, CGA×17, CTA×16, ATA×15, CTC×13, CAC×6, CCC×6, CCA×5, CCG×5, ATT×4, CGT×4, GCA×3, GCC×3"
625,nonsynonymous-only,0,1,38,7484,"L×5, T×4, I×3, P×3, R×3, V×3, D×2, E×2, K×2, N×2, S×2, A×1, F×1, G×1, H×1, M×1, Q×1, Y×1","ATG×1856, ACA×1365, CTC×518, AAT×500, AGG×437, GCA×427, GTG×379, AGA×292, ATA×287, ATC×162, CCA×147, CAC×124, TTA×119, GAG×115, CAA×109, AGT×74, AAG×67, GGA×67, GTT×64, ATT×59, AAA×53, GAA×53, AAC×39, CTA×29, GTA×29, CTG×27, AGC×21, ACG×14, GAC×13, ACT×11, CGT×7, TTC×5, CTT×4, TAC×4, ACC×3, CCC×2, CCG×1, GAT×1"
626,nonsynonymous-only,0,1,34,7395,"L×5, R×3, T×3, E×2, G×2, K×2, N×2, P×2, Q×2, S×2, V×2, A×1, C×1, H×1, I×1, M×1, W×1, Y×1","CAT×1901, GAA×1305, AAG×714, CCG×555, GTG×485, ACT×437, ATG×351, AAA×250, AGT×249, ACG×245, TGG×163, CAG×156, AAT×101, GGC×90, TTA×81, CTA×76, GAG×55, AGG×54, ATA×26, AAC×25, CCA×24, AGA×16, CTT×9, TGT×6, CAA×3, CGA×3, TCA×3, ACA×2, CTG×2, GCA×2, GGA×2, TTG×2, GTT×1, TAT×1"
627,nonsynonymous-only,0,1,29,7714,"L×5, S×4, A×2, C×2, F×2, H×2, I×2, P×2, V×2, Y×2, Q×1, R×1, T×1, W×1","TAT×3252, TTT×1261, TCT×728, CTC×608, TCC×414, TCA×274, TGT×238, CTT×180, TGG×171, CTG×111, GCG×87, CCT×59, CGC×56, GCT×40, ATA×37, CAC×34, TAC×23, CAT×22, TTC×22, TTA×20, CTA×18, ACT×15, CAA×14, ATT×13, TGC×7, GTT×5, TCG×3, CCG×1, GTA×1"
628,nonsynonymous-only,0,1,21,7123,"T×4, L×3, C×2, F×2, H×2, S×2, V×2, I×1, P×1, W×1, Y×1","TTG×2719, TTC×881, TTA×754, ACC×483, GTG×477, TCA×428, ACG×423, TCG×284, ACT×272, TGT×111, TAC×107, TGG×67, TTT×45, CAT×38, CAC×15, TGC×8, GTA×6, ACA×2, ATT×1, CCA×1, CTG×1"
629,nonsynonymous-only,0,1,2,23,"D×1, F×1","TTC×21, GAC×2"
630,nonsynonymous-only,0,1,2,23,"I×1, Y×1","TAC×21, ATC×2"
632,nonsynonymous-only,0,1,3,88,"E×1, K×1, W×1","AAA×48, TGG×38, GAA×2"
633,nonsynonymous-only,0,1,5,89,"C×1, K×1, P×1, R×1, S×1","CCA×38, AGA×27, AAA×21, TCA×2, TGC×1"
634,nonsynonymous-only,0,1,4,61,"C×1, F×1, H×1, Y×1","TGC×37, TAC×21, TTT×2, CAC×1"
635,nonsynonymous-only,0,1,2,4,"Q×1, W×1","CAG×3, TGG×1"
636,nonsynonymous-only,0,1,28,8219,"T×4, I×3, L×3, A×2, D×2, K×2, N×2, S×2, V×2, F×1, G×1, H×1, M×1, P×1, Q×1","AGC×2331, ATT×1081, ACT×1049, ATC×939, AAG×759, AAT×675, AAA×620, AGT×147, ATA×135, ATG×94, GAC×92, GCT×73, AAC×66, ACG×53, GAT×48, TTG×15, CAA×9, GTT×6, CAC×5, CTT×5, GGT×4, CCT×3, TTT×3, ACC×2, CTA×2, ACA×1, GCG×1, GTC×1"
637,nonsynonymous-only,0,1,33,7706,"L×5, T×4, A×3, I×3, E×2, K×2, S×2, V×2, D×1, F×1, G×1, H×1, M×1, P×1, Q×1, R×1, W×1, Y×1","GCA×1845, CAA×1181, ATG×1074, GAG×889, AGG×475, ATC×443, TTC×403, ATT×261, ATA×196, TTG×178, TCG×167, ACG×163, AAG×100, GGG×71, GTG×59, TGG×55, AAA×38, ACT×33, TCT×28, ACC×10, CAC×9, GAT×9, GCT×8, CTC×2, ACA×1, CCC×1, CTA×1, CTG×1, CTT×1, GAA×1, GCG×1, GTT×1, TAC×1"
638,nonsynonymous-only,0,1,40,8062,"S×5, L×4, P×4, V×4, A×3, R×3, E×2, G×2, H×2, Q×2, T×2, Y×2, F×1, I×1, M×1, N×1, W×1","CAA×2559, CTG×1571, CTT×722, ACG×702, ACT×483, CTA×266, GTA×246, CCG×239, CAG×193, TCG×183, CAC×167, ATA×111, CGG×105, CGA×81, GGG×72, GTG×68, TGG×55, TCT×38, ATG×27, CAT×21, GCA×21, GTT×21, CCA×19, GCG×13, AAT×11, TTC×10, GAG×9, GCC×9, CCC×7, GAA×6, GGA×6, TCA×4, CCT×3, CGT×3, GTC×3, TTG×3, TAC×2, AGT×1, TAT×1, TCC×1"
639,nonsynonymous-only,0,1,33,7564,"L×5, R×5, S×5, G×3, C×2, F×2, I×2, K×2, N×2, Y×2, H×1, T×1, W×1","TGG×1718, TTA×1432, GGG×1186, TTG×963, GGC×536, CAC×415, AAA×263, AGA×143, TCA×141, TAT×129, GGT×112, TGT×112, TTT×75, ACA×54, TCT×46, AGG×33, AAG×31, TCG×29, ATT×25, AAC×24, CGC×22, TTC×21, TAC×16, AAT×9, CTG×8, AGC×7, ATA×4, CGG×3, CGA×2, CTA×2, AGT×1, CTT×1, TGC×1"
640,nonsynonymous-only,0,1,4,152,"I×2, T×1, V×1","ATC×112, ACT×38, ATT×1, GTA×1"
641,nonsynonymous-only,0,1,4,41,"A×1, P×1, Q×1, S×1","GCG×38, CAG×1, CCG×1, TCC×1"
647,nonsynonymous-only,0,1,4,29,"H×1, L×1, P×1, Q×1","CAC×17, CAA×6, CCA×4, CTC×2"
648,nonsynonymous-only,0,1,9,43,"K×2, V×2, A×1, E×1, M×1, R×1, Y×1","TAC×11, GAG×9, GTG×7, AGG×6, AAG×5, AAA×2, ATG×1, GCG×1, GTC×1"
649,nonsynonymous-only,0,1,10,53,"G×3, D×2, E×2, K×1, T×1, V×1","AAA×22, GGA×10, GAC×8, GAG×5, GGC×2, GGG×2, ACT×1, GAA×1, GAT×1, GTG×1"
650,nonsynonymous-only,0,1,24,3637,"R×3, S×3, K×2, L×2, N×2, T×2, Y×2, C×1, E×1, F×1, H×1, I×1, M×1, Q×1, W×1","AAA×1251, TTG×713, AAG×533, CAG×435, AGA×206, TGG×172, TGC×73, TTA×54, GAG×52, ATG×37, CAT×37, TAC×18, CGA×15, AAT×9, AGG×9, AAC×6, TCG×5, TCA×4, ACG×2, TTC×2, ACA×1, AGC×1, ATC×1, TAT×1"
651,nonsynonymous-only,0,1,4,46,"D×1, L×1, N×1, S×1","AAT×24, CTA×15, AGC×4, GAC×3"
652,nonsynonymous-only,0,1,5,48,"F×1, I×1, L×1, P×1, Y×1","TTA×24, ATC×15, TAT×4, TTC×4, CCT×1"
653,nonsynonymous-only,0,1,37,5881,"A×4, G×4, T×3, V×3, D×2, E×2, F×2, I×2, K×2, N×2, Q×2, R×2, S×2, Y×2, H×1, L×1, M×1","ATT×1519, AAT×827, GAT×751, AAA×568, GGG×345, GAA×313, GGT×278, GAG×216, GCA×163, GAC×155, GTT×137, AAG×122, GGA×89, GTG×87, CAC×52, AGA×45, AGC×43, AGT×38, CAG×15, CTG×15, AAC×12, ATG×11, TAT×11, ACT×10, CAA×10, GCT×10, TTT×10, ATA×7, ACC×5, GTA×4, TAC×4, AGG×2, GCC×2, GCG×2, ACG×1, GGC×1, TTC×1"
654,nonsynonymous-only,0,1,33,3478,"L×4, S×4, I×3, T×3, C×2, F×2, G×2, H×2, K×2, Q×2, V×2, Y×2, D×1, M×1, W×1","GTA×1180, TTA×1047, ATA×400, ATG×104, TGT×70, TCA×68, TAT×64, CTC×61, TTC×59, CTT×58, GTT×54, CAT×53, ACA×41, TTG×35, TAC×31, CAA×28, TGC×23, CAC×16, ATT×14, TCT×14, TGG×11, ACT×10, AAG×9, ATC×8, TTT×8, ACC×3, AAA×2, GGC×2, AGC×1, CAG×1, GAT×1, GGA×1, TCC×1"
655,nonsynonymous-only,0,1,27,4708,"L×5, P×4, S×4, F×2, Q×2, R×2, Y×2, C×1, I×1, M×1, T×1, V×1, W×1","TTG×1531, ATG×1179, TTA×447, TTC×391, TTT×292, CCA×218, TGG×102, TCA×98, TCG×83, CAG×56, TCT×51, CGA×45, TCC×45, CCT×39, CCG×32, CAA×21, CTT×19, GTA×12, ATA×10, CTA×10, TAC×7, TGT×7, ACC×5, TAT×3, CCC×2, CTG×2, AGA×1"
656,nonsynonymous-only,0,1,37,6083,"L×5, T×4, I×3, P×3, R×3, S×3, V×3, G×2, H×2, K×2, N×2, A×1, E×1, M×1, Q×1, Y×1","AGG×1181, ATG×874, ACT×526, GTA×434, TCA×377, AAA×331, CAA×317, CTT×273, ATA×249, ATT×248, ATC×160, AAG×137, AAC×133, ACA×124, AGA×123, AAT×104, GGC×67, CCA×63, TAT×54, GTG×42, ACG×41, AGT×32, CCG×32, ACC×31, AGC×24, GTC×23, CTA×22, CCT×18, TTG×14, GAA×10, CTG×6, TTA×5, CAT×2, CGA×2, GCT×2, CAC×1, GGA×1"
657,nonsynonymous-only,0,1,5,34,"E×1, G×1, H×1, L×1, Y×1","TAT×24, TTG×4, GGG×3, CAT×2, GAG×1"
659,nonsynonymous-only,0,1,2,25,"L×1, N×1","AAC×24, CTA×1"
660,nonsynonymous-only,0,1,4,29,"K×2, I×1, R×1","AAG×24, AAA×2, AGA×2, ATA×1"
661,nonsynonymous-only,0,1,13,6048,"H×2, K×2, Y×2, E×1, N×1, Q×1, R×1, S×1, T×1, W×1","AAA×2375, CAA×2110, AGA×1096, GAA×307, TAT×90, CAC×27, TAC×26, AAG×5, AAT×4, CAT×4, TGG×2, ACA×1, TCA×1"
662,nonsynonymous-only,0,1,15,1779,"S×4, L×2, Q×2, A×1, C×1, K×1, M×1, P×1, T×1, Y×1","TTA×1179, ACG×370, CCG×62, TAT×28, TCC×27, CAA×26, TCG×26, TCA×15, CTG×11, GCG×8, AAA×7, ATG×7, CAG×6, TCT×4, TGT×3"
663,nonsynonymous-only,0,1,7,1596,"T×2, K×1, M×1, S×1, V×1, Y×1","ACG×1175, TCT×370, ATG×32, ACT×9, AAG×7, TAT×2, GTG×1"
664,nonsynonymous-only,0,1,6,1192,"A×2, L×2, R×1, V×1","CTG×1175, GTG×7, GCA×6, CGA×2, CTA×1, GCC×1"
665,nonsynonymous-only,0,1,12,487,"L×4, Q×2, R×2, H×1, S×1, W×1, Y×1","CGT×194, CAA×66, CAG×54, CTA×54, CTG×35, TTG×35, CAT×22, CGG×13, CTT×8, TAT×4, TCG×1, TGG×1"
666,nonsynonymous-only,0,1,12,900,"L×3, Q×2, C×1, K×1, M×1, P×1, T×1, V×1, Y×1","CAG×428, TTG×194, CTA×112, TTA×55, AAA×30, GTA×21, TAT×20, CAA×14, TGT×13, ATG×5, CCA×5, ACG×3"
667,nonsynonymous-only,0,1,14,1026,"I×3, K×2, N×2, T×2, D×1, L×1, P×1, R×1, S×1","ATA×529, TTG×195, AAA×96, ACG×54, ACA×36, AAC×34, AAT×24, CCC×21, AGG×13, AAG×11, GAT×5, AGT×4, ATC×3, ATT×1"
668,nonsynonymous-only,0,1,18,1014,"L×4, R×4, F×1, H×1, I×1, K×1, P×1, Q×1, S×1, T×1, V×1, Y×1","AAG×476, ATA×199, CTA×97, TTA×66, AGA×54, CAA×26, ACC×21, TTG×18, TTC×15, CAC×11, TAC×8, CGC×7, CTT×6, CGA×3, TCA×3, GTG×2, AGG×1, CCT×1"
669,nonsynonymous-only,0,1,6,231,"L×4, P×1, Q×1","CCT×111, CAA×56, TTG×41, TTA×20, CTG×2, CTA×1"
670,nonsynonymous-only,0,1,37,4386,"R×6, G×4, S×3, T×3, A×2, D×2, E×2, H×2, I×2, K×2, N×2, P×2, Q×2, Y×2, M×1","CAC×1106, AAG×716, AGA×616, GAA×413, AAA×181, TAT×168, ATT×160, TAC×145, ACA×111, CAA×90, GAG×89, CAT×77, GGT×69, AAC×65, GGA×63, ACC×59, GGG×54, ACG×43, CGA×38, AAT×15, TCT×12, CCA×11, CGT×9, AGG×8, CCC×8, GGC×8, CGC×7, GAC×7, GCA×7, TCC×7, CAG×6, CGG×6, ATA×5, GAT×3, ATG×2, GCT×1, TCA×1"
671,nonsynonymous-only,0,1,36,4172,"R×5, L×3, C×2, D×2, E×2, F×2, G×2, I×2, K×2, N×2, Q×2, S×2, T×2, Y×2, H×1, M×1, P×1, V×1","AAT×1560, AAA×769, AAG×603, TTT×283, CGA×193, TTA×135, AAC×95, CAA×64, CGT×61, CGG×53, GAA×52, TGT×50, TAT×41, GGC×37, AGA×29, GAT×29, TTC×19, AGT×18, ATC×15, TCT×11, ATG×8, CAT×8, CGC×7, CTA×7, TAC×6, ACA×5, CTT×4, ATT×2, ACT×1, CAG×1, CCG×1, GAC×1, GAG×1, GGT×1, GTA×1, TGC×1"
674,nonsynonymous-only,0,1,3,112,"I×1, L×1, Q×1","ATA×54, CAA×53, CTG×5"
675,nonsynonymous-only,0,1,30,3522,"L×6, S×3, F×2, H×2, Q×2, R×2, T×2, V×2, A×1, E×1, G×1, K×1, M×1, N×1, P×1, W×1, Y×1","AAA×1184, TCA×601, CAA×456, TTA×423, TAC×168, CTT×90, CTA×77, CTG×73, TTC×71, CAC×68, TTG×65, CCA×64, TTT×54, GGA×38, GCA×14, AGA×11, TCG×11, CAT×9, TGG×8, ACT×7, TCT×7, CTC×5, ACA×4, GTA×4, ATG×3, CGC×3, AAC×1, CAG×1, GAA×1, GTG×1"
676,nonsynonymous-only,0,1,37,3316,"S×6, L×5, T×3, E×2, F×2, G×2, I×2, K×2, N×2, Q×2, R×2, V×2, A×1, C×1, H×1, M×1, Y×1","TCA×1351, CTA×358, AAG×257, AGT×246, AAA×230, CAA×160, CTG×120, TTA×92, TTC×90, TTT×56, ACG×39, CTT×38, CAG×33, AAT×26, GGG×25, GTT×25, GTG×23, GCA×21, ATG×19, ATA×16, GAA×13, TGC×12, ATC×10, TAC×9, AGG×8, TCC×8, CGA×6, AGC×5, ACA×4, GGA×4, TCG×4, CAT×2, TTG×2, AAC×1, ACC×1, GAG×1, TCT×1"
677,nonsynonymous-only,0,1,6,189,"Y×2, C×1, F×1, L×1, P×1","TTC×154, TAT×19, TAC×7, CCA×5, CTG×3, TGC×1"
678,nonsynonymous-only,0,1,6,17,"L×2, F×1, Q×1, R×1, S×1","CTA×8, TTT×4, CAA×2, CGT×1, CTC×1, TCA×1"
679,nonsynonymous-only,0,1,5,20,"S×2, A×1, L×1, N×1","AAT×10, AGC×4, AGT×4, CTT×1, GCG×1"
680,nonsynonymous-only,0,1,2,5,"L×1, Q×1","TTA×4, CAG×1"
686,synonymous-only,1,0,2,42,C×2,"TGC×26, TGT×16"
689,nonsynonymous-only,0,1,4,156,"E×1, G×1, R×1, S×1","GGA×129, AGA×21, GAA×4, TCT×2"
691,nonsynonymous-only,0,1,8,1259,"I×2, T×2, F×1, G×1, S×1, V×1","ATC×611, GGC×306, AGC×273, ATT×28, ACT×26, ACC×9, TTC×4, GTC×2"
692,nonsynonymous-only,0,1,22,2061,"R×3, E×2, F×2, K×2, L×2, Q×2, S×2, A×1, C×1, M×1, P×1, T×1, V×1, W×1","AAA×1366, AGA×261, TGG×119, ACG×73, TTC×67, AGG×61, CAA×28, CTC×23, TCG×20, AAG×18, GAA×6, CCG×5, CGA×4, AGT×2, ATG×1, CAG×1, GAG×1, GCT×1, GTG×1, TGT×1, TTG×1, TTT×1"
693,nonsynonymous-only,0,1,29,4022,"T×3, A×2, E×2, F×2, G×2, I×2, K×2, N×2, R×2, V×2, C×1, D×1, H×1, L×1, P×1, Q×1, S×1, Y×1","CAA×1166, AAA×866, TTC×484, AAT×384, GAT×277, ATA×197, GAA×132, CCA×108, TTT×90, GTA×85, ATC×47, TAT×28, AGG×27, CAT×26, ACG×24, GGA×24, TCA×11, GAG×7, GGG×7, TGC×7, ACC×5, ACT×4, AGA×4, GCA×3, GCG×3, AAG×2, GTC×2, AAC×1, CTA×1"
694,nonsynonymous-only,0,1,25,4094,"A×3, R×3, S×3, E×2, P×2, T×2, C×1, D×1, F×1, G×1, H×1, K×1, L×1, N×1, Q×1, Y×1","CAC×1182, AGT×797, GCT×480, TCA×447, TGT×346, CGT×247, AAA×176, GAG×91, AAT×74, TAT×59, GAT×58, ACA×29, AGA×25, TTT×24, GGT×19, GAA×16, CCC×5, ACT×4, GCA×4, TTG×3, CAA×2, CCA×2, GCG×2, CGC×1, TCG×1"
695,nonsynonymous-only,0,1,31,4317,"S×4, T×4, R×3, A×2, E×2, G×2, I×2, K×2, L×2, C×1, M×1, N×1, P×1, Q×1, V×1, W×1, Y×1","GCT×1118, AAA×682, TGG×623, AAG×566, AGG×248, AGA×234, GTT×205, ACC×119, GGG×82, CCA×71, TGC×70, TCT×65, GGA×34, GAA×29, TCG×27, ATC×24, TTA×24, GAG×23, ATA×15, ACG×9, TCA×9, ACA×7, CAA×7, AAT×6, ACT×6, ATG×4, TAT×4, AGT×2, CTA×2, CGG×1, GCG×1"
696,nonsynonymous-only,0,1,23,2292,"I×2, K×2, N×2, P×2, Q×2, S×2, A×1, D×1, E×1, F×1, G×1, H×1, M×1, R×1, T×1, V×1, Y×1","AAC×1306, AGA×248, CAA×165, ATC×157, TTT×81, ACT×61, AAA×50, GAT×44, TCT×37, AAG×29, ATT×24, GAG×22, GGA×19, ATG×15, AAT×14, CCT×8, GCT×3, AGT×2, CAG×2, CAT×2, CCG×1, GTT×1, TAT×1"
697,nonsynonymous-only,0,1,24,2290,"S×5, R×4, C×2, F×2, G×2, A×1, E×1, H×1, K×1, L×1, M×1, T×1, W×1, Y×1","AGG×1189, AAA×501, TCT×139, TGG×91, AGT×80, AGA×54, TGT×51, TTT×41, GAA×30, CAT×22, GCA×19, CGA×15, TCG×14, GGT×12, GGA×10, CTT×6, ACA×4, AGC×2, CGT×2, TAT×2, TCA×2, TTC×2, ATG×1, TGC×1"
698,nonsynonymous-only,0,1,15,304,"N×2, R×2, S×2, A×1, C×1, D×1, G×1, I×1, K×1, Q×1, T×1, Y×1","AGA×73, GGA×48, CAA×47, GCC×28, ACC×26, AAG×23, GAC×22, AAT×18, AAC×10, CGA×3, TAC×2, AGC×1, ATT×1, TCG×1, TGC×1"
699,nonsynonymous-only,0,1,2,19,"E×1, K×1","GAA×18, AAG×1"
700,nonsynonymous-only,0,1,2,54,"H×1, Y×1","CAC×28, TAC×26"
703,nonsynonymous-only,0,1,4,73,"C×2, W×1, Y×1","TGG×54, TGC×17, TAT×1, TGT×1"
704,nonsynonymous-only,0,1,2,55,"E×1, Q×1","GAG×54, CAA×1"
705,nonsynonymous-only,0,1,6,202,"D×1, G×1, I×1, S×1, T×1, Y×1","ACC×111, GAT×54, TAC×19, AGC×10, ATC×7, GGC×1"
706,nonsynonymous-only,0,1,14,1639,"C×2, L×2, S×2, Y×2, A×1, F×1, H×1, I×1, T×1, V×1","CTT×1181, TAT×150, GCC×111, TCC×60, CTC×54, TGC×32, TGT×19, GTG×18, ACT×5, TCT×3, CAT×2, TTT×2, ATT×1, TAC×1"
707,nonsynonymous-only,0,1,10,420,"H×2, Y×2, E×1, F×1, K×1, Q×1, R×1, V×1","TAC×153, GAG×111, TAT×55, AAA×50, CGA×19, CAC×12, CAT×12, CAA×5, TTT×2, GTT×1"
708,nonsynonymous-only,0,1,37,5412,"A×4, V×4, I×3, L×3, R×3, T×3, E×2, F×2, K×2, N×2, P×2, S×2, C×1, D×1, H×1, M×1, Q×1","ATT×1634, GTT×888, GTA×389, AGG×379, ATC×350, GTG×313, TTT×248, ACC×215, AAA×174, CCT×169, AAT×150, ATA×142, GTC×92, TTA×79, TCC×37, GCT×36, ACT×15, AAC×12, CCC×10, TTC×10, CTT×9, ACG×8, GCG×7, TGT×7, GAG×6, CAA×5, CTA×4, GCC×4, AAG×3, AGA×3, CAT×3, CGG×3, GAA×3, TCT×2, ATG×1, GAT×1, GCA×1"
709,nonsynonymous-only,0,1,25,4172,"R×4, D×2, E×2, G×2, K×2, N×2, Q×2, S×2, C×1, H×1, I×1, P×1, T×1, V×1, Y×1","AAA×1616, GAA×632, AAC×392, CGT×377, AGA×251, CGA×203, AAG×195, AAT×81, TAT×75, GGA×61, GGT×54, AGG×51, AGT×50, GAG×44, GAT×28, TGT×21, CAA×14, ATC×7, GTT×6, ACA×5, CCA×3, GAC×2, TCC×2, CAG×1, CAT×1"
710,nonsynonymous-only,0,1,29,5294,"R×4, S×3, A×2, E×2, H×2, I×2, K×2, N×2, Q×2, T×2, V×2, D×1, F×1, G×1, M×1","AAA×1418, TTT×1183, AAG×642, GTT×548, AGA×547, GAA×205, CAC×166, GAG×114, AGG×73, GCA×57, GCG×53, ATG×49, ACA×43, CAA×41, GAC×37, AAT×23, ATA×22, AAC×21, GTA×13, ACT×10, CAG×9, TCT×6, ATC×3, CGC×3, GGT×3, AGC×2, CAT×1, CGT×1, TCA×1"
711,nonsynonymous-only,0,1,42,5728,"R×6, L×5, S×4, T×4, I×3, D×2, E×2, G×2, K×2, N×2, Q×2, V×2, A×1, F×1, M×1, P×1, W×1, Y×1","AAG×1806, GAA×892, AAA×583, AAT×467, CAA×431, AGT×273, ACA×207, GTC×200, AAC×182, ACT×141, TCG×53, ATC×47, CGC×47, ATT×39, GCA×39, TTA×39, TAC×35, ATA×33, GAC×27, GGT×24, GAG×22, GAT×21, AGC×13, CTT×13, AGA×11, CTA×11, CGA×10, GGA×10, ATG×9, CAG×9, ACG×8, ACC×5, AGG×4, TGG×4, CGG×3, TCC×3, GTA×2, CCT×1, CGT×1, CTC×1, CTG×1, TTC×1"
712,nonsynonymous-only,0,1,37,4843,"R×6, S×4, I×3, T×3, V×3, A×2, D×2, E×2, K×2, L×2, N×2, Q×2, C×1, F×1, G×1, M×1","AAA×1287, AAG×641, GAA×543, ACA×521, GAG×470, CAG×397, TGT×195, CAA×122, GAT×99, AAT×91, ATT×83, GTA×72, GAC×39, AGA×36, AGC×26, CTT×26, TTA×25, CGG×23, CGT×23, ATA×22, TCA×22, GTT×21, AAC×13, AGG×9, ATG×8, CGC×6, TTC×6, ACT×3, ATC×3, AGT×2, GCA×2, TCC×2, ACC×1, CGA×1, GCC×1, GGA×1, GTG×1"
713,nonsynonymous-only,0,1,42,4570,"G×4, L×3, P×3, R×3, S×3, T×3, C×2, D×2, E×2, F×2, H×2, I×2, K×2, N×2, Q×2, Y×2, A×1, M×1, W×1","AAA×1475, CAA×889, GGA×480, CTA×445, AAT×196, TTG×166, CGT×118, CGA×114, GAA×79, GGG×72, TAT×66, TCT×58, GAT×54, TAC×53, AAG×51, AGA×49, CCA×28, ATA×27, AAC×22, GAC×18, TGG×15, TTT×15, GGT×13, ACT×10, CCC×9, TGT×7, CCT×6, AGT×5, ATG×4, ACC×3, ACG×3, CAC×3, CAG×3, TCC×3, GAG×2, GCC×2, GGC×2, ATC×1, CAT×1, TGC×1, TTA×1, TTC×1"
714,nonsynonymous-only,0,1,31,5674,"R×3, S×3, T×3, C×2, E×2, F×2, K×2, L×2, N×2, Q×2, Y×2, A×1, D×1, G×1, H×1, P×1, V×1","TGT×1215, AAA×1134, GAA×975, AGA×485, TTT×429, AAC×386, CAG×189, AAT×132, TCG×119, TAC×104, ACC×91, CCT×83, CAA×66, TTC×47, AGT×28, GAT×27, GAG×26, AAG×24, TAT×24, TTA×15, TTG×13, CGA×12, TGC×12, CGT×9, ACT×8, ACG×6, CAT×4, GTT×4, TCA×3, GCC×2, GGT×2"
715,nonsynonymous-only,0,1,29,2862,"A×4, V×3, C×2, D×2, F×2, I×2, N×2, S×2, T×2, Y×2, E×1, H×1, K×1, L×1, P×1, Q×1","GTT×862, ACA×415, GCA×369, ATT×335, TTT×215, TTC×146, CCT×76, GAT×72, TGC×54, AAT×51, AGT×48, TAT×48, GCC×42, ACT×29, GCG×28, GAA×15, TGT×12, GTC×10, GCT×6, TAC×6, ATA×5, CAG×5, CAT×4, AAG×2, GTG×2, TCC×2, AAC×1, CTT×1, GAC×1"
716,nonsynonymous-only,0,1,15,565,"L×4, I×2, K×2, S×2, F×1, P×1, Q×1, R×1, T×1","ATT×395, ACT×53, TCT×38, AAA×23, TCA×16, AGA×15, CAA×5, TTA×5, ATC×4, CCT×3, TTT×3, CTC×2, AAG×1, CTA×1, CTG×1"
717,nonsynonymous-only,0,1,3,69,"K×1, N×1, T×1","AAC×38, AAG×28, ACG×3"
718,nonsynonymous-only,0,1,2,57,"A×1, N×1","GCT×54, AAT×3"
721,nonsynonymous-only,0,1,2,57,"M×1, S×1","ATG×54, TCA×3"
722,nonsynonymous-only,0,1,14,1030,"L×3, K×2, C×1, E×1, F×1, G×1, I×1, M×1, N×1, R×1, T×1","TTT×428, AAG×264, ATC×145, TTG×54, GAA×33, GGA×28, CTC×26, ATG×22, AGG×12, AAA×8, AAC×3, ACT×3, CTA×3, TGC×1"
723,nonsynonymous-only,0,1,14,1082,"R×3, E×2, K×2, L×2, I×1, T×1, V×1, W×1, Y×1","CTC×428, ATA×194, AAA×153, TAT×119, TGG×54, AAG×47, GAA×28, AGA×23, CGA×15, ACA×12, TTA×3, CGG×2, GAG×2, GTT×2"
724,nonsynonymous-only,0,1,27,5950,"L×4, R×3, T×3, H×2, I×2, N×2, S×2, A×1, C×1, D×1, G×1, K×1, P×1, Q×1, V×1, Y×1","GTT×1185, AGT×830, ATT×762, ACA×574, AAT×568, AAG×504, ACG×437, CGG×379, ATA×134, CTA×119, GAT×91, CAT×54, ACT×50, TAT×46, AAC×38, GCT×34, TGT×33, CCT×27, TCG×27, CAC×18, CTT×14, TTA×7, CTG×5, AGG×4, CAG×4, CGT×4, GGT×2"
725,nonsynonymous-only,0,1,27,8206,"S×4, I×3, L×3, V×3, D×2, F×2, H×2, R×2, T×2, A×1, C×1, K×1, Y×1","TTT×2756, ATT×2037, TCT×867, CGT×711, TCC×566, CAT×526, CTT×182, TTG×119, ATC×107, ACT×100, ATA×91, GTC×40, ACC×24, GAC×22, GTT×19, TTC×12, CAC×10, AGC×5, AGA×2, GAT×2, TGT×2, AAA×1, CTC×1, GCC×1, GTA×1, TAC×1, TCA×1"
726,nonsynonymous-only,0,1,30,5323,"G×3, I×3, L×3, S×3, T×3, C×2, E×2, F×2, R×2, Y×2, A×1, K×1, M×1, Q×1, W×1","GGA×1471, TCT×1194, ATA×1106, TCA×377, GAA×258, ATG×152, TGC×112, ACA×103, TTG×93, ACT×83, TAT×72, TTA×69, TTC×54, GAG×37, CAA×27, ATC×24, TAC×18, ATT×16, CTA×15, TTT×14, TGG×6, ACG×5, AGG×4, GGG×4, TCG×4, AAA×1, AGA×1, GCA×1, GGT×1, TGT×1"
727,nonsynonymous-only,0,1,38,8196,"L×6, R×5, I×3, P×3, V×3, A×2, E×2, H×2, K×2, Q×2, S×2, T×2, C×1, F×1, M×1, N×1","GAA×1855, CTA×1766, CAA×1188, AAA×673, ATC×428, TTT×379, CGC×306, CAG×271, TTA×188, ATT×185, AGC×139, CGA×110, ATG×91, CTG×81, CAT×80, GAG×54, CGT×50, ATA×45, AAG×42, CCA×40, ACA×39, GCC×38, TGC×27, GCG×23, CTT×22, AAC×16, CCT×16, CAC×10, GTA×8, AGT×7, CGG×5, AGA×3, GTG×3, GTT×3, TTG×2, ACC×1, CCG×1, CTC×1"
728,nonsynonymous-only,0,1,36,7667,"L×4, R×4, S×3, A×2, E×2, I×2, K×2, N×2, P×2, Q×2, T×2, Y×2, D×1, F×1, G×1, H×1, M×1, V×1, W×1","ATC×2275, AAG×1517, AAA×1451, AAC×429, CGA×383, TTA×339, TGG×213, TTG×209, AGG×167, TCA×167, ATA×111, CAA×111, ACG×51, CTA×28, GGT×28, AAT×27, GTG×27, CGG×21, TAC×19, AGA×14, CAG×14, TCG×14, GAC×9, CCG×7, TAT×7, AGC×6, TTC×5, ATG×4, CAC×4, GAA×3, GAG×2, ACA×1, CCA×1, CTG×1, GCA×1, GCG×1"
729,nonsynonymous-only,0,1,27,8422,"L×5, I×3, R×3, T×3, V×3, K×2, S×2, A×1, G×1, M×1, N×1, P×1, Q×1","AAG×2485, ATG×1406, AGG×1265, ACG×1051, AAA×604, ACA×413, AGT×197, AGA×178, ATC×173, CTA×119, GCG×113, CTC×91, GTG×44, CCG×36, AAC×34, ACC×33, ATT×29, GTT×28, AGC×22, TTA×22, CTG×20, CAG×17, ATA×14, GGG×12, GTA×10, CGG×4, TTG×2"
730,nonsynonymous-only,0,1,25,8426,"I×3, R×3, S×3, D×2, K×2, L×2, N×2, V×2, C×1, F×1, G×1, H×1, T×1, Y×1","AAT×3320, CGT×1625, AAC×851, ATA×547, ATT×486, AGA×429, CAT×243, AGC×201, AGT×174, ATC×169, GTC×144, GTT×61, AAA×53, ACT×49, AGG×37, AAG×9, CTG×8, GGT×5, TAT×5, TCA×5, CTT×1, GAC×1, GAT×1, TGC×1, TTC×1"
731,nonsynonymous-only,0,1,7,641,"L×2, C×1, F×1, S×1, T×1, Y×1","TAT×298, CTA×223, TGT×43, ACT×38, TTA×26, TTC×12, TCT×1"
732,nonsynonymous-only,0,1,8,639,"P×2, S×2, F×1, G×1, Q×1, Y×1","TCC×282, CCA×165, TTC×113, GGT×38, CCT×27, TAC×12, CAA×1, TCA×1"
733,nonsynonymous-only,0,1,7,391,"L×2, S×2, M×1, P×1, Y×1","TCT×166, TTG×103, TCG×43, CTT×38, ATG×27, TAT×13, CCT×1"
734,nonsynonymous-only,0,1,3,313,"G×1, S×1, T×1","AGT×166, ACA×146, GGT×1"
735,nonsynonymous-only,0,1,5,693,"L×1, P×1, R×1, S×1, W×1","CGA×379, TCA×167, CCG×103, CTG×43, TGG×1"
736,nonsynonymous-only,0,1,38,5187,"S×5, L×3, R×3, T×3, A×2, D×2, E×2, F×2, G×2, H×2, I×2, K×2, N×2, Y×2, M×1, P×1, Q×1, W×1","ACA×1405, AAA×545, TCA×518, GCA×505, GGA×484, CTT×428, ACG×188, CGA×176, GAA×140, CAA×127, CTA×103, GAG×68, TAC×50, TCG×49, GAC×47, AAG×41, ATG×38, AAC×30, AAT×29, AGG×26, GGT×25, CCA×20, AGA×18, CAT×18, TGG×18, TTC×17, TTA×15, ACT×11, AGC×11, CAC×11, ATA×6, GCG×6, TAT×6, GAT×4, ATT×1, TCC×1, TCT×1, TTT×1"
737,nonsynonymous-only,0,1,39,6462,"R×4, S×4, T×4, I×3, A×2, C×2, D×2, E×2, G×2, K×2, N×2, P×2, V×2, Y×2, H×1, M×1, Q×1, W×1","AAA×1274, GCG×1230, GAA×1122, ACA×574, AAT×416, GTG×378, ACC×223, ATC×214, ATG×203, AAC×181, AGC×149, AGA×91, ACT×65, CGA×50, GAT×49, GAC×36, TCA×29, AGT×25, GCA×17, ATA×16, GTA×15, CCA×12, TGT×11, CAT×10, GGT×10, ATT×9, ACG×8, TGC×8, CGC×6, AAG×5, CGT×5, TAT×5, CAA×4, GGA×4, CCT×3, TAC×2, GAG×1, TCG×1, TGG×1"
738,nonsynonymous-only,0,1,24,6503,"L×3, F×2, G×2, I×2, N×2, S×2, V×2, A×1, C×1, E×1, H×1, M×1, P×1, R×1, T×1, Y×1","ATT×2912, AGT×1398, TTT×791, AAT×457, GCT×233, GTT×162, TTG×97, GGT×79, ACT×76, CTT×69, ATC×62, AAC×39, GAG×36, ATG×29, CGT×24, CCT×13, TCT×12, GTA×4, TAC×3, TGT×2, TTC×2, CAT×1, CTG×1, GGG×1"
739,nonsynonymous-only,0,1,11,743,"L×2, R×2, S×2, I×1, M×1, P×1, T×1, V×1","AGA×184, ATG×177, TTG×146, TTA×119, CCA×28, ATA×27, CGA×26, GTG×19, ACA×7, TCA×7, AGT×3"
740,nonsynonymous-only,0,1,7,682,"R×2, K×1, L×1, M×1, T×1, W×1","AAA×250, AGG×165, TTA×119, ACG×103, ATG×43, AGA×1, TGG×1"
742,nonsynonymous-only,0,1,2,54,"Q×1, R×1","CGA×28, CAA×26"
745,nonsynonymous-only,0,1,14,727,"L×2, R×2, S×2, Y×2, C×1, F×1, H×1, I×1, N×1, W×1","AGT×437, TCG×120, AAC×54, CTA×53, CAT×24, TAC×10, ATT×7, TAT×5, TGT×5, TTT×5, CGA×3, TGG×2, CGT×1, TTG×1"
746,nonsynonymous-only,0,1,25,3135,"L×4, R×3, S×3, C×2, F×2, H×2, K×2, Y×2, E×1, G×1, N×1, Q×1, W×1","TGG×956, TGC×476, TCA×461, TTA×433, TTT×168, TGT×110, TAC×104, TTG×95, CGA×72, TCT×58, TAT×57, CTC×44, TTC×28, AAC×18, TCC×12, CAA×11, CAC×10, GGG×7, AAA×5, AAG×4, CAT×2, AGA×1, CGG×1, CTT×1, GAG×1"
747,nonsynonymous-only,0,1,44,7950,"L×6, R×4, I×3, P×3, S×3, T×3, V×3, A×2, C×2, D×2, H×2, K×2, N×2, Q×2, E×1, F×1, G×1, M×1, W×1","AAG×1942, CGG×1178, ATA×1015, TGC×550, AAA×383, TTA×376, AGC×368, CCA×310, AGA×276, AAT×197, ATT×185, ACT×179, AAC×173, ATG×163, CTC×126, AGT×123, GGC×69, GAT×56, GTT×31, GCT×27, CAC×26, CTG×20, CTA×19, CAA×18, GTC×18, ACG×17, CAT×13, TTG×13, CTT×11, TTT×11, CAG×10, TGG×7, ATC×6, AGG×5, CCG×5, GTA×5, GCA×4, ACA×3, CGC×3, TGT×3, CCT×2, GAG×2, GAC×1, TCA×1"
748,nonsynonymous-only,0,1,42,7819,"L×5, P×4, R×4, S×4, I×3, V×3, C×2, F×2, H×2, K×2, Q×2, T×2, Y×2, A×1, D×1, M×1, N×1, W×1","TTC×1862, TTT×1543, TTA×623, CAG×563, TCT×399, TGT×381, CTT×369, CAT×338, ATG×306, CAC×217, GTA×184, CCA×168, TGG×147, GCT×130, ATT×125, ATA×73, TCC×55, TAT×46, CTA×38, CCT×36, TAC×35, CCG×28, ACG×17, CTG×17, CAA×16, AAT×13, AGA×12, TGC×12, GTC×11, AAA×9, ACT×7, TCA×7, AAG×6, AGG×4, CCC×4, CGT×4, TTG×4, TCG×3, ATC×2, CGC×2, GAT×2, GTG×1"
749,nonsynonymous-only,0,1,37,6471,"L×5, R×5, S×4, V×4, A×2, C×2, F×2, G×2, H×2, P×2, Q×2, Y×2, M×1, T×1, W×1","TGT×2255, TTT×807, CTG×539, GTG×481, TCA×441, TCG×324, TTG×307, GGA×194, CTT×167, TAC×154, TAT×146, CAC×119, ATG×74, TTC×61, CAA×44, CTA×44, TTA×42, CCA×38, TCC×38, GCC×27, AGG×24, TGG×24, CAG×18, CGA×18, AGA×16, CGT×13, GCA×13, TCT×13, TGC×11, GTA×4, GTC×4, GTT×3, ACA×2, CAT×2, CCT×2, CGG×1, GGG×1"
750,nonsynonymous-only,0,1,25,5897,"I×3, L×3, R×3, K×2, N×2, S×2, T×2, A×1, E×1, F×1, H×1, M×1, Q×1, V×1, W×1","ATG×3004, ATA×583, GAA×440, CAG×428, ATC×409, AAC×286, ACA×230, TTC×113, AAG×96, TTA×71, GCA×62, ACG×45, AAT×40, AAA×27, TTG×20, TGG×15, AGC×9, AGA×6, TCA×5, AGG×2, CAC×2, ATT×1, CGC×1, CTA×1, GTA×1"
751,nonsynonymous-only,0,1,25,3663,"S×4, R×3, F×2, K×2, L×2, N×2, A×1, C×1, D×1, E×1, G×1, H×1, I×1, M×1, T×1, V×1","GGA×1785, GCA×539, AGA×430, AAT×263, TTT×194, TTG×111, AAC×73, ACA×56, TTC×32, TCC×29, TTA×28, AAA×22, TCA×20, ATA×17, AGT×16, AAG×12, CGA×11, GTA×11, AGG×3, ATG×3, CAC×2, GAA×2, TGC×2, AGC×1, GAT×1"
752,nonsynonymous-only,0,1,17,933,"A×3, I×2, K×2, S×2, T×2, C×1, F×1, G×1, L×1, M×1, N×1","TTG×487, GCT×196, GCG×80, GGG×31, ACG×28, TCG×26, AGC×24, ACC×18, ATG×13, ATT×12, AAG×7, AAC×4, GCA×2, TGC×2, AAA×1, ATA×1, TTT×1"
770,nonsynonymous-only,0,1,6,501,"N×2, E×1, F×1, H×1, V×1","AAT×483, GTC×12, TTT×3, AAC×1, CAT×1, GAA×1"
771,nonsynonymous-only,0,1,6,751,"L×3, Q×2, N×1","CAA×485, CAG×207, CTG×29, CTA×26, AAT×3, CTT×1"
772,nonsynonymous-only,0,1,10,862,"A×2, I×2, E×1, F×1, L×1, M×1, P×1, V×1","GCC×480, TTG×202, ATG×75, GAG×54, CCG×32, ATC×10, GTC×4, TTC×3, ATA×1, GCT×1"
773,nonsynonymous-only,0,1,16,2265,"L×4, K×2, N×2, S×2, C×1, H×1, I×1, M×1, Q×1, V×1","AAC×1151, AAA×506, CTA×202, AGC×123, CAA×85, CTT×72, AGT×49, TTA×47, TGT×10, ATA×6, ATG×3, CAT×3, GTA×3, AAG×2, CTG×2, AAT×1"
774,nonsynonymous-only,0,1,9,2319,"E×2, L×2, G×1, K×1, N×1, Q×1, S×1","GAA×1848, AAA×291, TTA×109, TTG×60, AAC×3, GAG×3, TCA×3, CAG×1, GGA×1"
775,nonsynonymous-only,0,1,23,5149,"S×3, A×2, D×2, E×2, K×2, L×2, N×2, Q×2, Y×2, I×1, R×1, T×1, V×1","GAT×1318, GAA×844, AAA×607, AGC×486, ACT×337, AAG×335, AAC×277, AGT×198, AGG×172, AAT×129, GAG×128, CAA×108, TAT×85, GAC×50, CTG×18, TAC×18, CAG×13, GCA×13, TCT×4, ATT×3, CTA×2, GCT×2, GTA×2"
776,nonsynonymous-only,0,1,26,5098,"I×3, A×2, D×2, E×2, H×2, K×2, N×2, Q×2, S×2, T×2, C×1, G×1, P×1, V×1, Y×1","GAT×1401, ATT×1290, AGT×736, AGC×445, AAT×386, ACC×328, GAC×134, ATA×91, GTT×38, AAG×35, AAC×33, CAT×33, ATC×26, GAG×24, GAA×21, ACT×19, AAA×15, GCA×15, CAC×8, CAG×6, TAT×5, CAA×2, GCT×2, GGC×2, TGC×2, CCT×1"
777,nonsynonymous-only,0,1,30,5135,"L×5, S×3, C×2, F×2, H×2, I×2, K×2, T×2, Y×2, E×1, G×1, M×1, N×1, P×1, Q×1, R×1, W×1","CAA×1214, TAT×711, AGT×585, TTA×544, TAC×499, TCT×440, CAT×236, AAA×198, TTG×162, AAG×91, GAA×87, TTT×76, TGT×68, CGT×49, ACT×38, CTT×30, CTA×24, CCA×18, TTC×17, CTG×13, AAT×9, ATT×5, GGG×5, ATG×3, CAC×3, TGC×3, TGG×3, ATA×2, ACG×1, TCG×1"
778,nonsynonymous-only,0,1,44,4519,"L×5, S×5, T×4, I×3, R×3, D×2, E×2, F×2, G×2, K×2, N×2, P×2, Q×2, V×2, Y×2, A×1, C×1, H×1, M×1","ACG×827, ATT×633, TAT×564, GTT×530, ACA×402, CCA×278, AAT×242, TAC×212, ACT×99, ATA×99, TCA×70, CTT×61, TTG×51, GCT×49, GAA×46, CGC×44, TTT×42, AAC×41, CAA×39, GAT×38, AGA×25, CCT×24, AGC×16, ATC×14, GAG×14, TCT×9, TTC×7, AGT×6, GAC×6, GTG×5, AAA×3, GGT×3, TCG×3, ATG×2, CAC×2, CGA×2, CTA×2, GGA×2, TGC×2, AAG×1, ACC×1, CAG×1, CTC×1, TTA×1"
779,nonsynonymous-only,0,1,30,3797,"L×4, T×3, C×2, E×2, F×2, G×2, H×2, N×2, Q×2, S×2, Y×2, A×1, D×1, K×1, R×1, V×1","CAA×1518, CTA×539, GAG×311, TGT×238, AAC×199, TAT×155, ACA×150, AAA×94, CTT×90, TTT×84, AAT×69, GAT×66, GAA×64, ACC×54, ACT×35, TTG×27, TGC×24, AGT×21, TAC×21, CAC×7, GTA×6, CGA×5, TTA×5, GGA×4, GGT×3, CAT×2, GCC×2, TCC×2, CAG×1, TTC×1"
780,nonsynonymous-only,0,1,28,2731,"L×5, G×3, R×3, E×2, H×2, K×2, N×2, Q×2, Y×2, C×1, D×1, I×1, P×1, V×1","AAA×490, TAT×476, CTA×441, AAT×257, ATA×237, CTG×206, CAC×100, CAT×84, TGT×74, AAG×69, CGC×49, GGT×41, TAC×38, CAA×37, CGA×34, TTG×24, AAC×18, GAA×16, CCA×7, GGG×6, CAG×5, GAC×5, GGA×5, CTT×4, CTC×3, CGT×2, GAG×2, GTG×1"
781,nonsynonymous-only,0,1,15,1896,"C×2, F×2, L×2, Y×2, G×1, H×1, K×1, N×1, Q×1, S×1, V×1","TGT×529, TAC×484, TTT×407, TAT×312, TTA×57, GGG×35, TCA×24, CTA×18, GTC×10, AAT×8, CAA×3, TGC×3, TTC×3, AAA×2, CAT×1"
782,nonsynonymous-only,0,1,12,1460,"L×5, S×2, T×2, H×1, P×1, R×1","TCT×823, ACC×306, CAC×196, TTA×58, CCC×54, AGT×10, ACG×5, AGG×3, TTG×2, CTC×1, CTG×1, CTT×1"
783,nonsynonymous-only,0,1,4,808,"E×1, I×1, K×1, L×1","TTA×555, AAA×196, GAA×54, ATT×3"
786,nonsynonymous-only,0,1,11,148,"F×2, N×2, C×1, G×1, H×1, L×1, P×1, R×1, Y×1","TAC×68, AAC×25, TTT×25, GGA×10, TGC×6, AAT×5, TTA×3, AGA×2, CAT×2, CCC×1, TTC×1"
787,nonsynonymous-only,0,1,16,318,"L×3, S×3, V×2, A×1, F×1, I×1, K×1, M×1, N×1, T×1, Y×1","TTT×112, TTA×88, CTG×27, TAT×26, AAA×15, CTA×10, GCA×9, ATG×8, AGC×7, GTG×4, ACT×3, GTA×3, AGT×2, ATA×2, AAC×1, TCA×1"
788,nonsynonymous-only,0,1,23,945,"L×4, P×3, T×3, A×2, I×2, Q×2, R×2, C×1, N×1, S×1, V×1, W×1","CTG×280, CCG×204, CCA×90, ACA×74, CTT×57, CGC×47, TTA×37, TGG×27, ACG×24, GCA×16, TCA×15, CAA×13, CCT×13, ATA×11, ATT×9, GCT×8, CTC×5, AAT×4, AGA×3, ACT×2, CAG×2, GTT×2, TGT×2"
789,nonsynonymous-only,0,1,30,2834,"L×5, I×3, G×2, H×2, K×2, S×2, T×2, V×2, C×1, D×1, E×1, F×1, N×1, P×1, Q×1, R×1, W×1, Y×1","TTA×1195, GTA×575, ACT×469, TTC×88, AAA×84, AGA×62, CAC×54, ATC×47, TCA×41, TGC×40, CTT×27, TAC×27, ATA×23, ATT×22, CAA×16, GTC×14, CCA×10, CAT×7, CTA×6, AAG×5, AAT×3, GAA×3, GAC×3, GGA×3, TCC×3, ACA×2, CTC×2, CTG×1, GGC×1, TGG×1"
790,nonsynonymous-only,0,1,23,2631,"C×2, E×2, I×2, K×2, N×2, R×2, S×2, Y×2, A×1, D×1, G×1, M×1, P×1, T×1, V×1","TAT×1185, GTT×432, GAG×188, AAT×146, AAC×99, AAG×71, AGA×69, AGT×64, AGC×62, ACG×57, TAC×52, AAA×47, ATA×44, GGG×27, TGT×24, ATC×23, ATG×13, AGG×12, TGC×7, GAA×3, GAC×3, GCT×2, CCT×1"
791,nonsynonymous-only,0,1,23,3163,"L×3, C×2, F×2, I×2, N×2, R×2, S×2, A×1, D×1, G×1, H×1, P×1, T×1, V×1, Y×1","TTT×1243, ACT×688, CTT×476, ATT×447, AAT×75, GCA×54, GAT×25, TCG×25, GGT×19, TAT×19, CTA×15, TGT×15, TCT×10, AAC×8, ATA×7, CGC×7, TTC×7, TGC×6, CCA×5, CGT×5, CAT×3, TTG×3, GTT×1"
792,nonsynonymous-only,0,1,23,2489,"I×3, L×3, S×3, T×3, F×2, K×2, V×2, E×1, M×1, R×1, W×1, Y×1","TTA×584, AAA×577, GTG×465, ATA×305, TCA×136, ACG×108, ATG×59, TCG×59, CTA×47, ACA×33, ATC×27, GTA×19, TTG×16, TCC×15, ACC×12, TTT×8, TTC×7, TAC×4, GAG×3, ATT×2, AAG×1, AGA×1, TGG×1"
793,nonsynonymous-only,0,1,4,32,"E×1, H×1, L×1, Q×1","TTA×24, CAT×4, CAA×3, GAA×1"
794,nonsynonymous-only,0,1,40,8187,"L×6, S×4, V×4, A×3, I×3, C×2, F×2, G×2, N×2, P×2, Q×2, T×2, Y×2, K×1, M×1, R×1, W×1","GTA×1581, CTG×1187, ATT×1126, TTT×669, AGC×441, AGA×437, AGT×366, TTA×366, CTT×356, GCA×277, TGT×273, TTG×171, ACT×167, TTC×163, AAC×99, TAT×94, TCT×62, AAT×54, CTA×47, ATA×44, CCC×38, ATG×28, CAG×24, CTC×21, GCT×21, CAA×18, GTG×16, ATC×9, GTC×6, TAC×6, ACG×4, GTT×4, AAA×3, GCC×2, GGC×2, CCT×1, GGT×1, TCC×1, TGC×1, TGG×1"
795,nonsynonymous-only,0,1,25,8432,"L×6, I×3, F×2, S×2, T×2, V×2, Y×2, A×1, D×1, E×1, G×1, K×1, N×1","TTC×2339, TTT×1776, CTA×1238, ATC×616, GTT×568, ATT×501, TCT×354, TTG×267, TCC×188, TAT×147, GTA×119, CTG×58, GCT×55, GAA×51, CTC×39, TTA×36, AAG×24, AAT×15, CTT×14, ACT×9, GAT×8, GGA×6, TAC×2, ACC×1, ATA×1"
796,nonsynonymous-only,0,1,37,7606,"R×6, L×5, G×3, A×2, H×2, I×2, K×2, Q×2, T×2, V×2, Y×2, C×1, E×1, F×1, M×1, N×1, S×1, W×1","GGG×1855, AAA×1185, AGA×920, CGC×488, AGG×471, TTA×466, CAT×394, TAT×381, TGG×347, CGA×231, CAA×181, ATG×156, TTT×146, CGT×66, GGT×54, AGT×53, GTA×50, GCA×41, AAG×30, CTG×22, GTT×11, TGT×11, GCC×8, ATT×6, CGG×6, CTT×6, TTG×4, AAT×3, ACC×3, TAC×3, CAC×2, ACA×1, ATA×1, CAG×1, CTA×1, GAG×1, GGA×1"
797,nonsynonymous-only,0,1,21,3303,"L×3, S×3, C×2, P×2, R×2, Y×2, A×1, F×1, H×1, N×1, Q×1, T×1, W×1","TCA×1870, CGA×420, GCA×378, TAT×201, CTA×119, TGC×92, TTT×52, TGT×43, TAC×38, CTT×30, TGG×24, CAT×8, TCC×8, CAG×5, AAT×4, ACC×4, CCT×3, AGA×1, CCA×1, TCT×1, TTA×1"
798,synonymous-only,1,0,2,438,A×2,"GCA×410, GCG×28"
799,nonsynonymous-only,0,1,3,438,"A×2, T×1","ACT×368, GCT×69, GCC×1"
801,nonsynonymous-only,0,1,4,461,"L×2, M×1, S×1","CTG×437, TCG×14, TTG×6, ATG×4"
802,nonsynonymous-only,0,1,4,462,"A×1, E×1, G×1, H×1","GGA×437, GCA×14, GAA×8, CAC×3"
803,nonsynonymous-only,0,1,6,2312,"L×2, M×1, N×1, S×1, V×1","ATG×1855, TTG×437, TTA×15, AAT×2, GTA×2, TCA×1"
804,nonsynonymous-only,0,1,5,2297,"A×1, C×1, H×1, R×1, V×1","TGC×1835, GTT×437, CGC×20, GCT×3, CAT×2"
806,nonsynonymous-only,0,1,7,2297,"F×2, E×1, G×1, H×1, K×1, Y×1","GAA×1839, TAT×434, AAA×16, CAT×4, TTC×2, GGA×1, TTT×1"
807,nonsynonymous-only,0,1,13,2783,"S×3, A×1, C×1, D×1, F×1, I×1, L×1, N×1, T×1, V×1, Y×1","CTT×1909, TTT×475, GAT×198, ATT×83, TAT×54, GTT×38, AAT×17, ACT×3, TCT×2, AGT×1, GCT×1, TCC×1, TGT×1"
808,nonsynonymous-only,0,1,30,6237,"L×3, S×3, V×3, A×2, D×2, G×2, H×2, I×2, N×2, T×2, Y×2, C×1, F×1, K×1, M×1, P×1","AAC×1898, TTT×1186, ATT×1173, ACT×636, GTT×278, TCT×185, CAT×152, TAT×125, TAC×82, AGC×74, GAT×54, GGT×54, GTC×53, AAT×45, ATC×44, TGC×44, GCT×41, CTT×29, CTC×21, AGT×16, AAA×15, GTG×8, GAC×6, TTG×6, ATG×4, CAC×4, ACC×1, CCT×1, GCC×1, GGC×1"
809,nonsynonymous-only,0,1,28,6242,"G×3, L×3, S×3, V×3, C×2, F×2, I×2, N×2, R×2, A×1, D×1, H×1, P×1, T×1, Y×1","GGT×2434, ATT×1150, GTT×608, TTC×499, AGC×311, TTT×222, GAT×203, CTT×193, GCT×111, GGC×104, TAT×76, TGC×70, ATC×49, AGG×34, AGT×33, GTC×31, TCT×30, TGT×27, CAT×15, TTA×8, AAC×6, AAT×5, CCT×5, CTA×5, GTA×5, GGA×4, ACT×3, CGC×1"
810,nonsynonymous-only,0,1,16,2987,"L×3, S×3, R×2, C×1, D×1, F×1, G×1, I×1, P×1, V×1, W×1","GGA×1855, AGT×440, GAT×196, TGC×112, TTC×91, TTA×74, GTA×52, TGG×51, CGA×38, CCA×28, TCA×26, AGC×18, CGG×3, ATA×1, CTC×1, CTT×1"
811,nonsynonymous-only,0,1,5,54,"V×2, A×1, L×1, T×1","ACT×37, GTC×10, GTT×5, CTG×1, GCT×1"
812,nonsynonymous-only,0,1,2,54,"M×1, T×1","ACA×38, ATG×16"
813,nonsynonymous-only,0,1,3,16,"T×2, W×1","ACG×10, ACT×5, TGG×1"
815,nonsynonymous-only,0,1,6,193,"F×2, Y×2, L×1, N×1","CTA×91, TTT×53, TAT×30, TAC×14, AAT×3, TTC×2"
816,nonsynonymous-only,0,1,10,247,"F×2, L×2, A×1, E×1, H×1, I×1, M×1, V×1","CTT×76, GCT×54, CAC×38, GAG×24, ATG×19, ATC×15, TTT×15, TTA×3, TTC×2, GTT×1"
817,nonsynonymous-only,0,1,26,6830,"L×5, S×4, T×4, I×2, V×2, Y×2, A×1, C×1, G×1, K×1, M×1, N×1, P×1","GTT×1857, ACA×1788, ACT×1245, ACG×459, GCA×327, TGT×250, TTA×229, AGT×182, TTG×168, ACC×91, CTA×55, ATG×38, TAT×38, GGT×24, CTT×19, GTA×18, TCA×17, TCG×13, AAA×3, CTC×3, AAT×1, AGC×1, ATA×1, ATT×1, CCT×1, TAC×1"
818,nonsynonymous-only,0,1,17,8446,"S×5, G×4, A×2, D×2, V×2, Q×1, R×1","GGA×2726, GAC×1873, GGT×1789, GGC×930, GGG×513, AGT×253, GTA×162, AGC×125, GCA×29, TCT×19, GAT×16, TCA×5, TCC×2, CAA×1, CGT×1, GCT×1, GTC×1"
819,nonsynonymous-only,0,1,27,8509,"L×5, A×4, I×3, V×3, C×2, D×2, T×2, F×1, G×1, K×1, M×1, N×1, Q×1","ATG×2152, TTT×1858, TTG×1087, CTT×561, ATA×512, CTA×508, TGT×451, TTA×416, ACA×412, GCT×180, GAT×115, TGC×110, GTA×41, AAT×37, GCA×24, GAC×10, GTT×8, ATC×5, GCC×5, GCG×4, CTC×3, ACC×2, ATT×2, GGT×2, GTG×2, AAA×1, CAA×1"
820,nonsynonymous-only,0,1,18,8501,"R×6, G×3, C×2, L×2, A×1, K×1, P×1, Q×1, T×1","AGA×1872, CAA×1859, CGT×1553, AGG×965, CGA×849, CGG×613, CGC×605, TGT×67, CTA×27, GGA×21, GGG×21, AAA×19, CTG×9, ACA×8, GCC×5, TGC×4, CCG×2, GGT×2"
821,nonsynonymous-only,0,1,36,8509,"L×5, R×4, V×4, A×3, I×3, S×3, T×3, E×2, K×2, P×2, C×1, F×1, M×1, Q×1, Y×1","GCT×1860, AAA×1666, TTT×797, ATA×595, GTT×487, CTA×476, AGA×439, CTT×375, ATT×364, TTA×307, GTG×195, CTG×166, AAG×165, TAT×143, AGT×92, GTA×87, CGT×45, GCA×45, ATC×44, ATG×40, TCT×21, GTC×18, ACG×15, GCG×15, GAG×10, CGC×9, AGC×8, GAA×6, ACA×4, CTC×4, CCC×3, CCT×3, ACT×2, CAG×1, CGA×1, TGC×1"
822,nonsynonymous-only,0,1,26,8498,"S×6, A×4, G×4, E×2, K×2, N×2, Q×2, D×1, I×1, R×1, V×1","GGT×2249, TCT×2040, AGT×891, GGA×760, GGC×676, TCC×376, CAG×367, AGC×279, GTT×166, GGG×158, CAA×120, GCG×104, GAA×65, GCA×53, AAT×40, TCA×37, GAG×35, GCT×32, AAA×18, AGA×13, AAG×10, GCC×3, AAC×2, TCG×2, ATT×1, GAC×1"
824,synonymous-only,1,0,2,182,R×2,"CGT×179, CGG×3"
826,nonsynonymous-only,0,1,3,182,"S×2, A×1","TCA×166, GCA×15, TCT×1"
827,nonsynonymous-only,0,1,14,8466,"R×3, D×2, E×2, I×1, K×1, N×1, Q×1, S×1, T×1, V×1","GAA×5374, GTT×1854, GAG×793, CAA×372, AGA×26, GAT×18, CGA×9, AAA×5, AGG×5, ACT×4, GAC×3, AAT×1, ATT×1, TCA×1"
828,nonsynonymous-only,0,1,29,8467,"L×6, A×4, S×4, T×4, V×4, G×3, I×3, M×1","TTA×2322, GCT×952, TTG×894, GCA×825, GTT×772, GCC×687, CTG×597, GTA×345, ATT×202, ATA×191, GCG×169, CTT×111, ATG×77, ACT×72, CTA×58, CTC×36, ACG×29, AGC×25, GTG×24, ATC×20, ACC×14, ACA×8, GGC×8, TCC×7, AGT×6, GGA×6, GGT×6, GTC×2, TCT×2"
829,nonsynonymous-only,0,1,28,8469,"L×6, T×4, S×3, A×2, C×2, I×2, V×2, Y×2, F×1, G×1, H×1, M×1, Q×1","TTG×2405, TTA×1849, ATG×1355, TTT×438, CAA×349, ACT×335, CTT×261, TGC×246, ATT×216, GCT×211, ATA×170, TAT×125, CTA×105, GTT×94, CTC×73, CTG×69, GTG×45, TGT×44, GCA×24, TAC×22, ACG×8, ACA×7, TCA×7, GGA×4, TCT×3, CAT×2, ACC×1, AGT×1"
830,nonsynonymous-only,0,1,22,6418,"A×4, G×4, S×3, E×2, P×2, H×1, I×1, K×1, M×1, N×1, T×1, V×1","GCT×1939, GGG×1229, GCG×755, GCA×753, GGA×567, GTT×378, GCC×276, GGC×252, GGT×79, ACC×55, AAT×27, ATG×27, TCG×24, AAA×19, CAT×10, CCC×10, TCT×7, AGT×5, CCT×3, ATT×1, GAA×1, GAG×1"
831,nonsynonymous-only,0,1,15,8273,"L×6, I×3, V×2, F×1, M×1, S×1, T×1","TTA×1964, TTC×1855, TTG×1364, CTG×976, CTA×586, CTT×548, TCC×379, ATT×188, ATG×177, CTC×58, ACA×54, ATA×48, ATC×38, GTT×28, GTC×10"
832,nonsynonymous-only,0,1,28,8273,"R×6, T×4, E×2, K×2, N×2, Q×2, V×2, C×1, H×1, I×1, M×1, P×1, S×1, W×1, Y×1","ACG×2359, CGT×1112, AAT×1081, ACT×886, AAA×571, AAG×398, CAA×351, GAG×339, CAG×315, ACA×263, CGA×159, CGG×86, ATG×73, AGA×70, GAA×62, AGG×34, ACC×32, AAC×30, TGG×12, GTT×11, CAT×7, ATT×5, TAT×5, CGC×4, GTG×3, CCG×2, TCT×2, TGT×1"
833,nonsynonymous-only,0,1,13,1002,"P×4, I×2, T×2, V×2, K×1, L×1, S×1","TCG×377, CCT×242, CCA×123, AAA×55, ATT×54, ATC×37, CCG×24, CTT×24, ACA×22, GTC×21, GTT×18, ACT×4, CCC×1"
834,nonsynonymous-only,0,1,4,472,"G×2, K×1, Q×1","AAA×410, GGT×29, GGC×26, CAA×7"
838,nonsynonymous-only,0,1,17,7326,"G×4, K×2, L×2, Q×2, D×1, E×1, N×1, P×1, R×1, S×1, V×1","GGA×2763, AAA×1870, GGG×1612, CAA×477, GAG×250, GGT×208, GTA×38, GGC×32, TTG×23, AAT×15, CCG×13, AAG×11, CAG×6, TCG×4, TTA×2, CGA×1, GAT×1"
841,nonsynonymous-only,0,1,18,5742,"R×4, K×2, T×2, A×1, C×1, E×1, G×1, I×1, L×1, Q×1, S×1, V×1, W×1","AGA×2499, GGA×1937, TGC×428, CGA×402, CTG×167, AAA×113, CAA×58, GTA×47, ACA×29, ATA×20, GAA×18, GCA×12, AAG×5, ACG×3, AGC×1, AGG×1, CGG×1, TGG×1"
842,nonsynonymous-only,0,1,13,7969,"H×2, R×2, Y×2, C×1, D×1, F×1, L×1, N×1, P×1, S×1","TAT×2950, AAT×1897, TGT×979, CAT×487, TTT×410, TAC×377, TCT×328, GAT×266, CTT×223, CCT×30, CGT×20, CAC×1, CGA×1"
843,nonsynonymous-only,0,1,6,1897,"D×1, F×1, K×1, S×1, T×1, Y×1","AAA×1855, ACG×21, GAT×11, TAT×4, TCG×4, TTT×2"
844,nonsynonymous-only,0,1,11,1897,"D×2, R×2, S×2, C×1, E×1, F×1, L×1, Y×1","GAT×1336, GAC×501, GAG×18, TTC×11, TGC×9, TCA×6, AGC×4, CGG×4, CTA×3, TAT×3, AGG×2"
845,nonsynonymous-only,0,1,7,1874,"R×3, C×1, F×1, L×1, S×1","CGC×1496, CGT×340, CGA×19, CTC×11, TGT×4, TTC×3, AGT×1"
846,nonsynonymous-only,0,1,6,1875,"K×2, E×1, F×1, I×1, Y×1","TAT×1855, GAA×11, ATC×4, AAA×3, AAG×1, TTC×1"
847,nonsynonymous-only,0,1,6,1877,"V×2, E×1, K×1, R×1, S×1","GTG×1854, AAA×14, GAA×5, AGT×2, AGA×1, GTA×1"
848,nonsynonymous-only,0,1,8,1906,"P×2, A×1, D×1, H×1, L×1, S×1, V×1","CCT×1854, GCC×18, CCC×14, GTC×13, TCT×3, CAC×2, CTT×1, GAT×1"
849,nonsynonymous-only,0,1,11,2419,"S×3, F×2, T×2, D×1, N×1, R×1, Y×1","TTT×2278, TTC×43, ACT×27, CGT×27, AGT×18, ACG×14, AAC×3, AGC×3, TAT×3, GAT×2, TCT×1"
850,synonymous-only,1,0,2,38,H×2,"CAT×31, CAC×7"
851,synonymous-only,1,0,2,38,D×2,"GAT×34, GAC×4"
852,nonsynonymous-only,0,1,4,289,"G×2, E×1, R×1","AGA×199, GGA×88, GAA×1, GGC×1"
853,nonsynonymous-only,0,1,28,8290,"L×5, I×3, P×3, R×3, F×2, H×2, S×2, V×2, Y×2, C×1, K×1, N×1, Q×1","TTT×4570, TTC×1864, CTT×925, CAT×328, TAT×165, TTG×148, CAC×68, ATT×38, CTA×31, CAA×24, TGT×18, ATA×17, CGA×15, CCT×12, TTA×12, CCA×11, TCT×9, CCG×8, CGT×7, CTG×6, TAC×6, AAT×2, AAA×1, AGT×1, ATC×1, CGC×1, GTA×1, GTT×1"
854,nonsynonymous-only,0,1,36,6345,"R×6, S×4, L×3, C×2, E×2, F×2, H×2, I×2, K×2, N×2, Q×2, Y×2, D×1, G×1, T×1, V×1, W×1","ATT×1857, AAA×910, AAC×622, CAA×538, TTC×498, TTT×491, AGA×318, TAT×204, AAG×123, GAC×118, TCA×86, AGC×82, GTT×76, TTA×61, CGA×54, TAC×53, TGG×40, AAT×37, CAC×32, AGG×27, ATC×26, ACG×21, GAA×15, TGT×14, CGT×10, TGC×7, TTG×7, TCG×6, CAG×3, CGG×2, GGA×2, AGT×1, CAT×1, CGC×1, CTA×1, GAG×1"
855,nonsynonymous-only,0,1,13,2573,"K×2, N×2, T×2, C×1, E×1, F×1, G×1, Q×1, S×1, Y×1","TGC×1855, GAA×197, ACG×193, ACA×91, AAA×70, TTT×59, TAC×27, AAT×24, AAG×20, AGC×20, GGC×10, AAC×6, CAA×1"
856,nonsynonymous-only,0,1,10,2361,"A×1, E×1, H×1, I×1, K×1, P×1, R×1, T×1, V×1, Y×1","ACA×2285, CCA×24, CAT×15, AAA×14, GCA×10, AGA×5, ATA×3, TAC×3, GAA×1, GTA×1"
857,nonsynonymous-only,0,1,9,1921,"F×2, D×1, E×1, I×1, K×1, M×1, R×1, Y×1","AGA×1862, TTT×24, GAC×15, AAA×12, TAC×3, GAG×2, ATA×1, ATG×1, TTC×1"
858,nonsynonymous-only,0,1,10,1921,"N×2, Q×2, R×2, C×1, L×1, P×1, S×1","CGC×1854, AAC×24, AGT×15, CCG×11, CTG×5, AAT×4, CAG×4, CGA×2, CAA×1, TGC×1"
859,nonsynonymous-only,0,1,9,1921,"S×2, D×1, E×1, G×1, L×1, R×1, T×1, V×1","CTT×1855, ACC×24, TCA×18, GGA×9, GAA×7, GTA×4, GAT×2, AGG×1, TCG×1"
861,nonsynonymous-only,0,1,2,15,"P×1, S×1","TCA×10, CCA×5"
862,nonsynonymous-only,0,1,4,53,"A×1, E×1, S×1, V×1","GCA×21, TCA×15, GTA×10, GAA×7"
863,nonsynonymous-only,0,1,2,53,"I×1, T×1","ATC×38, ACG×15"
864,nonsynonymous-only,0,1,4,53,"D×1, I×1, N×1, V×1","GTT×37, GAT×10, AAT×5, ATT×1"
865,nonsynonymous-only,0,1,2,53,"R×1, S×1","AGA×38, AGT×15"
866,nonsynonymous-only,0,1,3,53,"F×1, T×1, Y×1","TAT×38, ACT×10, TTT×5"
867,nonsynonymous-only,0,1,3,53,"R×1, S×1, T×1","TCA×37, AGA×15, ACA×1"
868,nonsynonymous-only,0,1,2,38,"R×1, W×1","CGG×33, TGG×5"
869,nonsynonymous-only,0,1,5,89,"D×1, K×1, N×1, R×1, Y×1","GAC×30, AAA×26, CGG×25, AAC×7, TAC×1"
870,nonsynonymous-only,0,1,29,6263,"R×5, L×4, A×2, E×2, I×2, K×2, Q×2, S×2, T×2, F×1, G×1, H×1, P×1, V×1, W×1","GGA×1903, AAA×1371, CAA×901, GCA×488, AAG×352, TCA×289, TGG×286, AGG×136, CGA×134, GAA×101, ACA×59, TTA×50, TCG×47, AGA×31, TTC×31, ATC×20, CCA×18, CAC×14, CTC×8, CGG×5, ACG×4, ATA×4, CAG×3, GCG×2, TTG×2, CGC×1, CTT×1, GAG×1, GTA×1"
871,nonsynonymous-only,0,1,40,5360,"L×4, S×4, R×3, V×3, A×2, C×2, D×2, E×2, G×2, H×2, I×2, K×2, N×2, P×2, Q×2, Y×2, F×1, T×1","ATA×1459, AGT×921, AAC×659, AAT×526, GGT×484, TAC×288, TAT×219, AGC×187, AGA×126, GAC×65, TTC×40, CGA×38, TTA×38, CAG×33, AAA×30, AAG×25, GCA×23, CAT×22, GTT×22, ACA×21, ATC×19, CCA×17, GGA×13, GAG×12, CAA×11, CAC×10, TTG×10, GAT×7, GCT×7, TCA×6, GAA×5, TGT×4, CCT×3, CTA×3, CTC×2, CGT×1, GTA×1, GTC×1, TCT×1, TGC×1"
872,nonsynonymous-only,0,1,2,4,"L×1, R×1","CTG×3, CGG×1"
880,nonsynonymous-only,0,1,15,518,"C×2, P×2, S×2, A×1, F×1, H×1, I×1, L×1, N×1, T×1, V×1, Y×1","GTT×193, TTT×146, TGC×43, ATT×42, TAT×36, TCT×16, CCT×9, TCA×9, CCA×6, TGT×5, AAT×4, ACT×3, CAT×3, GCT×2, CTT×1"
881,nonsynonymous-only,0,1,10,658,"I×2, T×2, N×1, Q×1, R×1, S×1, W×1, Y×1","TGG×379, TAT×196, CAA×56, ATT×14, AAC×4, ATA×4, CGA×2, ACA×1, ACT×1, TCA×1"
882,nonsynonymous-only,0,1,9,450,"R×2, H×1, K×1, L×1, P×1, Q×1, S×1, W×1","CGG×377, TGG×55, AGT×4, CAG×4, CTC×4, AAA×2, CGA×2, CAC×1, CCC×1"
883,nonsynonymous-only,0,1,4,23,"A×1, I×1, R×1, V×1","GTA×9, GCA×7, AGA×6, ATA×1"
884,nonsynonymous-only,0,1,4,23,"A×2, I×1, T×1","GCC×11, ACT×6, ATT×3, GCT×3"
885,nonsynonymous-only,0,1,3,22,"C×1, F×1, I×1","TGC×19, ATC×2, TTC×1"
886,nonsynonymous-only,0,1,4,23,"R×2, E×1, K×1","AGG×14, AGA×5, AAG×3, GAG×1"
887,nonsynonymous-only,0,1,6,28,"K×2, G×1, M×1, S×1, T×1","AGT×14, ATG×5, AAA×4, ACT×3, AAG×1, GGT×1"
888,nonsynonymous-only,0,1,4,18,"F×1, K×1, P×1, R×1","AAA×10, CCC×5, TTC×2, AGA×1"
889,nonsynonymous-only,0,1,6,38,"S×3, C×1, F×1, L×1","TCC×14, TCT×12, TCA×5, TTA×5, TGC×1, TTT×1"
890,nonsynonymous-only,0,1,5,27,"R×2, C×1, S×1, Y×1","AGG×14, TGC×5, AGT×4, AGA×3, TAT×1"
891,nonsynonymous-only,0,1,7,48,"L×4, S×2, I×1","TTA×16, CTG×10, CTA×8, ATA×5, TCA×4, AGC×3, CTT×2"
892,nonsynonymous-only,0,1,25,8465,"S×5, D×2, N×2, R×2, T×2, Y×2, A×1, C×1, F×1, G×1, H×1, I×1, K×1, L×1, P×1, V×1","TAT×3011, TAC×1874, AAT×804, CAT×572, AGT×509, TCA×380, TGT×248, AAC×224, ATT×215, GAT×205, CGT×110, AGC×68, TCT×62, TCG×48, ACG×47, AGA×38, TTT×16, GAC×9, AAG×6, GTT×6, CCT×3, CTT×3, GGT×3, ACT×2, GCT×2"
893,nonsynonymous-only,0,1,27,6248,"R×4, T×4, S×3, E×2, K×2, Q×2, Y×2, A×1, C×1, D×1, G×1, L×1, N×1, P×1, W×1","TTA×1856, CAA×1791, AAA×1512, TCA×444, AGA×212, GAA×154, TGG×75, GAT×51, GAG×41, CAG×23, AGG×18, ACG×11, CCA×11, CGG×8, ACA×6, TAC×6, AGT×5, ACC×4, CGA×4, TGT×4, AAC×2, AAG×2, ACT×2, GGA×2, TCG×2, GCA×1, TAT×1"
894,nonsynonymous-only,0,1,28,5670,"L×5, R×3, A×2, E×2, K×2, P×2, Q×2, S×2, T×2, F×1, H×1, I×1, V×1, W×1, Y×1","GAG×1848, AAA×1434, TTC×1184, CAA×527, CAG×170, TCA×83, ACA×65, GCA×62, GAA×55, ACG×43, CGG×37, TAT×25, CTT×23, CAT×21, CCA×15, GCG×15, TGG×15, CGA×11, ATA×10, CTG×7, TTA×6, TTG×4, AGA×3, CTA×2, GTT×2, AAG×1, CCG×1, TCG×1"
895,nonsynonymous-only,0,1,2,54,"K×1, Y×1","TAC×53, AAG×1"
898,nonsynonymous-only,0,1,14,588,"A×3, T×3, E×2, K×2, D×1, G×1, I×1, L×1","GCA×365, GAG×55, AAG×53, GCT×44, CTT×27, ACT×21, AAA×5, ACG×4, GGA×4, GAA×3, GAT×3, ATT×2, ACC×1, GCC×1"
899,nonsynonymous-only,0,1,15,587,"L×4, G×2, S×2, Y×2, C×1, H×1, K×1, M×1, Q×1","GGA×378, CAT×82, AGT×53, TAT×24, TTG×21, ATG×7, CAG×5, AAA×4, TAC×3, TCC×3, TGC×2, TTA×2, CTA×1, CTG×1, GGT×1"
900,nonsynonymous-only,0,1,4,85,"I×2, F×1, T×1","ATA×55, ATT×24, TTT×4, ACT×2"
901,nonsynonymous-only,0,1,3,61,"E×1, I×1, V×1","GTT×55, GAG×4, ATC×2"
902,nonsynonymous-only,0,1,2,6,"S×1, Y×1","TAT×4, TCA×2"
903,nonsynonymous-only,0,1,2,6,"G×1, I×1","GGC×4, ATA×2"
904,nonsynonymous-only,0,1,6,93,"S×4, A×1, P×1","TCT×74, TCA×10, CCA×4, GCA×2, TCG×2, TCC×1"
905,nonsynonymous-only,0,1,27,4690,"L×6, V×4, I×3, T×3, R×2, A×1, C×1, F×1, K×1, M×1, N×1, P×1, W×1, Y×1","CGT×1177, ATG×897, ACT×495, TGT×428, CTA×285, ATT×218, TGG×189, TTT×167, CTT×132, TAT×119, TTA×88, CTC×87, GCT×68, GTA×66, GTT×56, AAT×38, GTC×37, ATC×31, TTG×31, CTG×29, ATA×20, AAA×15, CGA×7, CCA×4, ACA×3, GTG×2, ACG×1"
906,nonsynonymous-only,0,1,24,2519,"A×3, L×3, S×3, D×2, F×2, H×2, N×2, Y×2, C×1, E×1, I×1, T×1, V×1","CTT×550, GCT×498, AAT×430, TAT×421, TTT×343, AGC×60, TAC×46, GCC×41, GAC×26, TTC×24, AGT×20, GAT×19, CAC×8, GTT×8, ATC×4, CAT×4, AAC×3, CTG×3, GCA×3, ACT×2, TCT×2, TTG×2, GAA×1, TGT×1"
907,nonsynonymous-only,0,1,9,1119,"I×2, R×2, Y×2, D×1, E×1, H×1","ATC×518, CAT×428, ATT×66, TAC×50, AGG×24, TAT×23, GAT×5, GAA×4, AGA×1"
908,nonsynonymous-only,0,1,5,489,"S×2, V×2, R×1","AGT×483, GTC×3, AGC×1, CGA×1, GTT×1"
909,nonsynonymous-only,0,1,2,489,"E×1, T×1","ACA×484, GAA×5"
910,nonsynonymous-only,0,1,6,489,"N×2, S×2, E×1, T×1","AAT×411, AGC×66, AAC×5, AGT×4, GAA×2, ACA×1"
912,nonsynonymous-only,0,1,17,695,"L×3, I×2, P×2, S×2, E×1, F×1, G×1, K×1, Q×1, T×1, V×1, W×1","CTA×205, ATA×152, ATT×136, GTA×54, TTA×54, AAA×27, TGG×25, TTG×18, TTC×8, CCT×6, TCA×3, GGC×2, ACA×1, CAG×1, CCA×1, GAA×1, TCG×1"
913,nonsynonymous-only,0,1,36,5218,"L×5, I×3, R×3, S×3, A×2, D×2, E×2, G×2, K×2, N×2, Q×2, T×2, V×2, H×1, M×1, P×1, W×1","ATT×1204, AAA×1197, AAT×877, TGG×469, GAA×308, AAG×304, ATG×172, CAA×103, AGA×73, AAC×71, TCG×53, GAC×37, CGA×35, GAG×33, AGG×31, GGA×30, GAT×28, ACG×26, GTA×25, TCA×21, ACA×18, TTG×17, CTT×16, CTA×14, GCA×13, ATA×12, CTG×10, CAT×6, CAG×4, TTA×4, AGC×2, ATC×1, CCA×1, GCG×1, GGC×1, GTG×1"
914,nonsynonymous-only,0,1,38,5661,"L×5, V×4, I×3, T×3, A×2, D×2, E×2, F×2, K×2, P×2, Q×2, S×2, Y×2, G×1, H×1, M×1, N×1, R×1","ATG×1320, ATA×827, ACG×801, AAT×440, CCA×428, AAG×376, GAA×273, CTA×196, CTG×172, TTA×155, ATC×134, TAT×68, GAG×64, ATT×50, GAC×47, CGG×40, TCA×37, GTA×35, CTT×31, GGA×26, CAA×23, ACC×16, AGC×14, GCA×14, TTG×14, GTT×11, GTC×9, CAT×8, CCT×6, AAA×5, GTG×5, TTT×4, TAC×3, TTC×3, ACA×2, GCC×2, CAG×1, GAT×1"
915,nonsynonymous-only,0,1,39,5656,"L×5, R×5, V×4, P×3, T×3, A×2, E×2, I×2, K×2, N×2, Q×2, S×2, Y×2, D×1, H×1, M×1","GTG×1216, AAA×830, TAT×531, GAG×449, CAC×368, AAT×283, CTG×219, GAT×196, CGC×186, TAC×169, AGC×153, ACC×151, CAA×136, CAG×112, AAG×96, GAA×89, ATG×82, AAC×80, GTC×38, ATA×33, GTT×29, AGG×24, CGA×21, CTC×18, AGT×15, CCA×15, GCG×15, AGA×14, GCA×13, CTA×12, TTA×12, ACA×11, CGG×10, CCC×8, CCG×8, ACG×6, TTG×6, ATC×1, GTA×1"
916,nonsynonymous-only,0,1,39,5661,"R×5, L×4, T×4, V×4, A×3, I×3, D×2, E×2, K×2, N×2, Q×2, S×2, C×1, M×1, P×1, W×1","AAA×1832, AAG×815, GAG×550, AAT×433, AGA×260, ATT×259, GTA×255, GCC×124, ATA×112, AAC×103, GAA×100, TTG×91, TTA×74, CTA×68, ATG×61, ATC×54, GAC×44, ACA×43, ACC×37, AGT×36, AGG×34, CGA×33, GAT×30, CGG×28, CGT×28, CCA×25, GTC×25, TCG×22, GCA×21, ACG×13, ACT×11, CAG×10, CAA×9, GTG×9, CTG×4, GCG×4, TGG×2, GTT×1, TGT×1"
917,nonsynonymous-only,0,1,42,5614,"L×6, A×4, V×4, G×3, I×3, S×3, T×3, E×2, F×2, K×2, N×2, R×2, H×1, M×1, P×1, Q×1, W×1, Y×1","ATA×1015, AGT×673, ATG×532, AAC×445, ATT×357, AAT×319, CTT×248, AAG×244, ACA×233, GCC×193, TAC×166, CTG×146, GTA×120, TTC×119, TCC×100, ACT×86, GCA×74, AAA×69, CAA×65, GGT×55, CTC×53, GTT×36, ATC×30, TCG×27, GAA×23, TTA×22, TTG×22, TGG×21, AGA×18, CCT×18, GTG×17, CTA×16, GTC×12, CAT×11, AGG×9, GGA×6, GGC×4, GAG×3, GCT×3, ACC×2, GCG×1, TTT×1"
918,nonsynonymous-only,0,1,13,2114,"S×3, N×2, V×2, A×1, D×1, I×1, L×1, M×1, T×1","AAC×705, AGC×489, TCC×428, ATT×259, GTC×160, AAT×49, ATG×7, GCT×5, AGT×3, CTA×3, GTT×3, GAC×2, ACT×1"
919,nonsynonymous-only,0,1,8,1730,"L×2, Q×2, F×1, P×1, R×1, S×1","CTA×687, CGA×498, CAG×428, TCT×54, TTG×43, TTT×10, CAA×7, CCA×3"
923,nonsynonymous-only,0,1,2,4,"D×1, P×1","GAT×3, CCC×1"
924,nonsynonymous-only,0,1,8,631,"S×2, T×2, C×1, E×1, P×1, R×1","ACT×440, ACA×130, TCC×47, AGA×7, GAA×3, TCT×2, CCG×1, TGT×1"
925,nonsynonymous-only,0,1,36,4838,"L×4, V×4, G×3, I×3, R×3, T×3, E×2, K×2, N×2, P×2, S×2, A×1, D×1, F×1, H×1, M×1, Q×1","GGC×1743, GGT×466, ATA×445, TTG×416, TTT×343, CTA×204, GCT×201, GTA×170, AGC×152, TTA×117, ATG×115, GTT×97, CGT×74, CTT×71, GGA×55, ATT×33, AGG×27, AAC×21, GAA×13, CCA×11, AAA×9, GAT×9, GTG×9, ACT×6, ATC×6, GAG×5, ACC×3, CAT×3, CCT×3, GTC×3, AAG×2, AAT×2, ACA×1, AGA×1, AGT×1, CAA×1"
926,nonsynonymous-only,0,1,39,6494,"L×5, R×5, V×4, I×3, S×3, A×2, E×2, F×2, K×2, P×2, T×2, Y×2, C×1, D×1, G×1, N×1, Q×1","CGC×1860, AGA×735, TTT×554, ACT×521, AAG×450, TAC×362, GAA×280, ATA×254, GTC×252, GTA×245, ATT×232, CGA×207, CTA×102, AAA×87, TGT×64, ACA×40, CAA×39, GGA×38, AAC×28, CGT×23, GTT×18, TAT×17, CCA×15, ATC×13, CGG×10, CTC×8, GCT×7, AGT×6, CTT×5, TCT×5, TTA×5, GCC×3, CCG×2, TTC×2, GAC×1, GAG×1, GTG×1, TCG×1, TTG×1"
927,nonsynonymous-only,0,1,36,6556,"L×4, S×4, V×4, A×3, G×3, I×3, F×2, K×2, P×2, T×2, Y×2, C×1, D×1, N×1, Q×1, R×1","GCG×1851, ATA×634, ACT×618, ATT×517, AAA×489, TTC×465, TTA×378, TGT×312, TTT×249, AGT×197, CGA×175, TCA×151, GTT×81, GTC×55, TAC×53, TAT×47, TCC×39, ACC×34, CCG×34, GAT×29, GGG×27, ATC×24, GGA×15, CTC×12, CTT×12, GTA×11, AAT×9, CTA×9, CAA×7, GCC×7, GCA×4, GTG×4, TCG×3, AAG×2, CCC×1, GGT×1"
928,nonsynonymous-only,0,1,36,6496,"S×5, P×4, T×4, V×4, L×3, A×2, D×2, E×2, G×2, N×2, Q×2, R×2, H×1, K×1","CTA×1844, ACA×896, CAA×657, GAT×640, AAC×487, GAA×274, AAT×253, AAA×228, GTG×194, CCG×143, GGC×118, CAG×117, GTT×87, CCA×67, GTA×62, GCT×55, TTA×53, ACC×47, ACT×47, GTC×39, TCC×38, ACG×35, GAG×23, AGT×22, TTG×15, TCA×11, GAC×10, TCT×8, AGG×7, AGC×5, AGA×3, CAC×3, CCC×3, CCT×3, GCA×1, GGT×1"
929,nonsynonymous-only,0,1,42,6631,"S×5, P×4, T×4, V×4, A×3, G×3, L×3, D×2, E×2, F×2, Q×2, R×2, Y×2, C×1, H×1, I×1, K×1","TTA×1846, GAT×706, ACG×608, TCA×448, CAA×442, ACT×415, ATT×370, TCT×348, GAG×320, CCT×168, GAA×152, ACA×128, GCG×74, AGT×67, ACC×58, GGG×54, TGT×53, GGA×51, GAC×40, CCG×38, TTT×32, AAA×28, CCC×27, GTA×24, TAT×24, AGC×22, GTG×17, TAC×15, CTA×14, TCG×9, GCT×6, GCA×5, TTC×4, TTG×4, GGC×3, GTT×3, CAT×2, CCA×2, CAG×1, CGA×1, CGT×1, GTC×1"
930,nonsynonymous-only,0,1,33,8084,"L×4, P×4, S×4, T×4, A×3, I×3, E×2, G×2, K×2, V×2, D×1, M×1, Q×1","ACA×2653, ATG×1871, CCA×1505, CCT×641, CTC×196, ATC×167, ACG×154, GTT×146, CCG×139, ACT×88, ATT×76, AAG×62, GAA×60, TCG×55, TTA×53, ACC×45, GCT×38, GCA×30, CCC×28, ATA×25, GGA×17, CAA×7, TCC×6, AAA×5, GGC×5, AGT×3, GTA×2, TCA×2, CTG×1, CTT×1, GAC×1, GAG×1, GCG×1"
931,nonsynonymous-only,0,1,13,6060,"S×4, G×2, K×2, T×2, E×1, N×1, Q×1","AAA×4843, AAG×900, GGC×91, GGA×55, GAA×53, ACA×49, ACT×26, AGT×15, TCG×12, TCA×5, AAT×4, CAG×4, TCT×3"
932,nonsynonymous-only,0,1,27,5825,"S×5, T×4, P×3, F×2, G×2, L×2, N×2, A×1, I×1, K×1, M×1, R×1, V×1, Y×1","ACT×1608, ACA×1185, ACC×768, AAT×646, AAC×580, ACG×442, TCA×191, TTC×91, AGA×55, CTA×54, TAT×47, CCT×32, ATG×29, TTT×17, AGC×15, AGT×11, ATA×10, TCC×9, TTA×9, CCA×6, TCT×6, AAA×4, GTA×4, GGG×3, CCG×1, GCT×1, GGT×1"
933,nonsynonymous-only,0,1,41,4568,"S×5, T×4, V×4, A×3, I×3, P×3, R×3, D×2, E×2, G×2, K×2, L×2, N×2, Q×2, F×1, W×1","AAA×1006, AGA×703, GAA×659, TCT×434, CCC×386, GTT×230, GAT×185, ACA×157, TCC×99, GCT×79, AAG×76, ATA×69, CTT×59, GAG×57, GTA×56, ACT×55, CCT×34, GGT×27, AAT×26, AGC×21, ATC×15, TTT×14, AGG×13, ATT×11, ACC×10, GTG×10, AGT×9, TCA×9, GGC×8, CCA×7, CAA×6, GAC×6, CTA×5, ACG×4, CAG×4, CGA×4, GCA×4, TGG×4, AAC×3, GTC×3, GCC×1"
934,nonsynonymous-only,0,1,27,4625,"S×6, A×4, L×3, H×2, K×2, N×2, T×2, D×1, E×1, M×1, Q×1, V×1, Y×1","AGT×1035, AAT×575, TCT×496, GCA×467, TCC×456, AAA×356, GCC×296, GCT×292, TCA×156, GTA×91, GCG×73, AGC×70, ACA×51, GAT×43, ACG×42, CAT×33, CAA×27, TAT×14, ATG×12, AAG×11, AAC×10, TCG×5, TTA×4, TTG×4, CAC×3, GAA×2, CTG×1"
935,nonsynonymous-only,0,1,25,4621,"S×5, G×4, R×3, A×2, C×1, D×1, E×1, F×1, H×1, I×1, K×1, N×1, T×1, V×1, W×1","TCT×1558, AGT×1368, AGC×520, TCA×321, GGT×258, AAA×149, GGG×136, GGA×85, TTC×55, TCC×45, AAT×32, ACT×27, TGT×24, AGA×8, CGT×8, CGA×5, GCA×5, GGC×4, GAT×3, GCG×3, GAA×2, TGG×2, ATT×1, CAT×1, GTA×1"
936,nonsynonymous-only,0,1,6,672,"K×2, E×1, M×1, R×1, S×1","AAA×518, AAG×90, ATG×36, AGA×26, AGC×1, GAA×1"
943,nonsynonymous-only,0,1,2,24,"K×1, S×1","AAG×23, TCC×1"
944,nonsynonymous-only,0,1,9,261,"S×4, A×1, E×1, G×1, M×1, N×1","GAA×112, AAT×47, GGT×35, AGT×29, ATG×27, TCC×7, TCT×2, GCC×1, TCG×1"
945,nonsynonymous-only,0,1,9,261,"V×2, C×1, D×1, E×1, F×1, H×1, L×1, Y×1","GTT×109, TTC×55, CTC×35, GAT×27, TGT×21, GAA×7, GTC×4, TAT×2, CAT×1"
946,nonsynonymous-only,0,1,18,7711,"R×6, L×4, K×2, Q×2, C×1, P×1, S×1, W×1","CAA×2468, CGT×2277, AGA×1349, CGA×786, AGG×295, AAA×259, CGG×90, CAG×55, CTG×42, CGC×34, TGT×18, AAG×14, CTA×12, TTA×4, TGG×3, CTT×2, TCG×2, CCA×1"
947,nonsynonymous-only,0,1,36,5575,"R×4, T×4, V×4, I×3, P×3, D×2, H×2, K×2, N×2, S×2, Y×2, A×1, E×1, F×1, L×1, M×1, Q×1","AAA×1993, ACG×1490, ACC×294, ATA×276, ACA×271, AGA×218, AAT×124, ACT×117, AAG×110, GAT×93, GTT×83, CAT×82, TAC×74, GTA×67, CGA×58, GAA×50, TAT×41, ATG×27, CAA×25, ATT×14, AAC×9, CGT×8, CCA×7, GCC×7, GTC×7, CCT×5, TTA×5, TTT×5, ATC×4, GAC×3, AGG×2, TCT×2, CAC×1, CCC×1, GTG×1, TCG×1"
948,nonsynonymous-only,0,1,10,441,"V×4, L×3, A×2, I×1","GTA×300, GCT×74, GTT×30, CTT×15, CTG×12, GTG×4, ATA×2, GCA×2, CTC×1, GTC×1"
949,nonsynonymous-only,0,1,9,374,"P×3, V×3, I×1, L×1, T×1","CCC×189, ATC×74, GTA×51, GTG×24, ACC×17, CTA×12, CCT×5, CCG×1, GTT×1"
950,synonymous-only,1,0,3,374,V×3,"GTC×192, GTA×148, GTT×34"
951,nonsynonymous-only,0,1,8,539,"T×4, I×1, K×1, Q×1, R×1","ACA×170, CAA×137, ATA×55, AAA×54, ACG×50, ACT×35, ACC×28, CGA×10"
952,nonsynonymous-only,0,1,29,7718,"L×5, S×4, P×3, C×2, F×2, Q×2, R×2, Y×2, A×1, D×1, E×1, H×1, I×1, T×1, W×1","TAT×2424, TTT×2106, TTG×551, TAC×449, TGC×430, CGG×276, TCA×234, CCA×213, TTA×208, ACA×147, TTC×93, CCT×74, TCT×73, TCG×65, CCG×59, CAG×53, CTG×53, TGG×44, GAT×43, CTA×41, TGT×29, CAA×21, CGA×8, ATA×7, TCC×6, CAC×4, GCA×4, CTC×2, GAA×1"
953,nonsynonymous-only,0,1,43,8124,"L×6, S×5, R×4, I×3, P×3, V×3, A×2, C×2, D×2, H×2, K×2, N×2, Q×2, Y×2, E×1, F×1, M×1","CAA×1975, ATT×1460, CTT×1088, CTC×640, AAA×515, CGT×341, CGG×329, CTA×322, TTA×301, TAT×241, GAG×147, ATG×137, GCA×131, CAC×105, CAG×55, TTT×48, AGT×45, CAT×36, CCA×32, GAT×25, GTT×20, GTA×19, TTG×17, TCT×12, AGC×11, CGA×10, AAT×9, TGT×7, AAG×6, GAC×6, AAC×5, ATC×4, CGC×4, TAC×4, TCA×4, TGC×3, ATA×2, CCT×2, GTC×2, CCC×1, CTG×1, GCT×1, TCC×1"
954,nonsynonymous-only,0,1,23,4437,"S×4, V×4, L×3, A×2, F×2, R×2, Y×2, H×1, K×1, P×1, W×1","TTG×3498, TCC×210, GTA×194, TTC×116, TGG×87, TTA×81, TCA×69, TCG×45, GTT×32, TTT×24, GTC×21, GTG×21, GCC×18, TAT×5, CCC×3, CTC×3, TAC×3, AGA×2, AAG×1, AGT×1, CAC×1, CGA×1, GCG×1"
955,nonsynonymous-only,0,1,7,385,"G×2, A×1, D×1, N×1, S×1, V×1","GGT×334, GTT×42, AAT×3, AGT×2, GGC×2, GAT×1, GCT×1"
956,nonsynonymous-only,0,1,2,6,"C×1, G×1","GGT×3, TGT×3"
957,nonsynonymous-only,0,1,3,6,"F×1, L×1, Y×1","TAT×3, TTT×2, CTT×1"
958,nonsynonymous-only,0,1,7,23,"A×2, V×2, E×1, G×1, N×1","GGG×9, GCG×8, AAT×2, GAA×1, GCA×1, GTC×1, GTG×1"
959,nonsynonymous-only,0,1,6,24,"A×1, C×1, D×1, G×1, N×1, V×1","GCC×9, GAC×8, GGC×3, GTC×2, AAC×1, TGC×1"
960,nonsynonymous-only,0,1,8,24,"I×3, S×2, A×1, M×1, T×1","ATG×9, ATC×4, ACT×3, ATT×3, TCC×2, ATA×1, GCC×1, TCT×1"
961,nonsynonymous-only,0,1,37,6499,"L×3, P×3, R×3, S×3, T×3, A×2, D×2, E×2, H×2, I×2, K×2, N×2, Q×2, V×2, F×1, G×1, W×1, Y×1","AAC×1811, GAT×1232, GAA×916, TGG×552, GTT×441, GGA×288, AGA×158, GCA×158, AAA×138, TCT×116, AAT×113, ACT×78, AAG×59, GAC×58, ATT×57, TTT×54, GTA×52, ACA×43, ACC×29, GCT×29, CAA×28, AGC×22, CCT×17, TCA×17, GAG×11, CCA×6, CAC×3, CCC×2, CTT×2, TAC×2, ATA×1, CAG×1, CAT×1, CGA×1, CGG×1, CTG×1, TTG×1"
962,nonsynonymous-only,0,1,39,8400,"S×5, P×4, T×4, A×3, R×3, C×2, D×2, E×2, F×2, I×2, K×2, N×2, Q×2, G×1, H×1, L×1, Y×1","AAA×2252, GAA×1218, GAT×835, TCA×716, CAA×643, AAG×567, TCG×470, AGA×385, ATA×206, TCC×146, TCT×120, AAT×106, CCA×91, ACA×89, GAG×71, GGG×55, CAT×54, CTA×38, GCT×36, CAG×35, ATC×32, CCG×30, TGC×30, AAC×29, TGT×27, TAC×25, ACG×16, TTT×15, GAC×13, GCC×12, ACT×9, TTC×9, AGT×4, CCC×4, CCT×4, ACC×3, AGG×3, CGT×1, GCG×1"
963,nonsynonymous-only,0,1,21,3100,"A×3, T×3, I×2, S×2, V×2, D×1, E×1, G×1, K×1, L×1, M×1, N×1, Q×1, R×1","ACA×2167, ATT×223, ATA×193, GAA×91, GCC×91, ACG×84, ATG×55, GCA×54, ACT×32, AGA×30, GTT×29, AAT×18, TCA×14, CAA×5, GCT×4, TTA×3, GAT×2, GTA×2, AAA×1, AGT×1, GGG×1"
964,nonsynonymous-only,0,1,18,2849,"I×3, V×3, E×2, F×2, S×2, A×1, K×1, L×1, M×1, N×1, T×1","TCC×1855, GCA×518, ACA×241, GTT×51, GAA×31, AAA×30, TTA×25, TTT×25, TCA×22, ATA×21, ATT×13, TTC×7, ATG×3, GTA×2, GTC×2, AAC×1, ATC×1, GAG×1"
965,nonsynonymous-only,0,1,10,2344,"R×2, V×2, I×1, K×1, L×1, M×1, P×1, Q×1","GTA×1854, ATG×440, CTT×24, CAG×14, CGG×5, CCG×3, AAG×1, ATA×1, CGA×1, GTG×1"
966,nonsynonymous-only,0,1,10,2383,"A×1, C×1, D×1, F×1, G×1, H×1, L×1, Q×1, S×1, Y×1","TGT×1747, CAA×440, TAT×108, GCA×38, GAT×15, GGT×12, TCT×12, TTT×8, TTA×2, CAT×1"
967,nonsynonymous-only,0,1,9,2384,"I×2, T×2, A×1, F×1, L×1, P×1, S×1","CTT×1855, TTT×440, CCC×38, ATA×29, ATC×12, ACC×3, GCG×3, TCG×3, ACT×1"
968,nonsynonymous-only,0,1,16,2761,"S×3, K×2, N×2, A×1, C×1, D×1, E×1, H×1, I×1, R×1, T×1, Y×1","TGT×1856, TCT×440, AAT×223, ATT×49, ACT×41, AAG×37, AAC×30, GAC×23, AGT×17, AGC×16, AGA×12, GCT×7, TAT×4, AAA×3, CAT×2, GAG×1"
969,nonsynonymous-only,0,1,30,5036,"L×5, P×4, R×4, S×3, H×2, Q×2, V×2, Y×2, A×1, C×1, F×1, I×1, T×1, W×1","TAC×1184, CGC×745, CAA×640, CTG×533, CGA×510, CAG×299, CTT×153, TCT×141, TTT×119, CTC×108, TGG×99, TTA×83, CCG×76, TAT×65, CTA×56, CAT×41, CCT×41, TGT×31, CAC×30, GCA×22, CGG×19, TCA×12, CGT×9, CCA×6, ACA×5, GTA×3, TCG×3, ATA×1, CCC×1, GTT×1"
970,nonsynonymous-only,0,1,33,6841,"L×6, S×5, P×3, A×2, C×2, F×2, K×2, Q×2, R×2, Y×2, I×1, M×1, T×1, V×1, W×1","TCA×3360, TTG×1205, TAC×493, CTT×484, TTC×295, TCG×170, TCT×121, TTA×119, CAG×112, TTT×92, AAA×77, CCG×54, TGC×52, CTC×51, CTA×24, AGC×18, TAT×17, CAA×12, GCG×12, ATA×11, CGA×10, TCC×8, CTG×7, GCC×7, ATG×6, AAG×5, CCT×5, TGG×5, AGA×2, CCA×2, GTA×2, TGT×2, ACT×1"
971,nonsynonymous-only,0,1,4,23,"R×2, T×2","AGG×18, ACT×3, ACC×1, CGC×1"
972,synonymous-only,1,0,3,5,L×3,"TTG×3, CTG×1, CTT×1"
974,synonymous-only,1,0,2,18,K×2,"AAG×13, AAA×5"
976,nonsynonymous-only,0,1,4,169,"L×3, P×1","TTG×112, CTG×38, TTA×18, CCA×1"
977,nonsynonymous-only,0,1,6,196,"S×2, L×1, P×1, T×1, V×1","GTC×112, TCT×36, TTG×27, TCC×18, CCT×2, ACA×1"
978,nonsynonymous-only,0,1,40,8003,"L×6, S×4, V×4, I×3, A×2, D×2, E×2, F×2, H×2, K×2, Q×2, R×2, T×2, Y×2, C×1, M×1, N×1","ATG×1926, TTA×1494, CTT×864, ATC×740, TAT×460, AAG×440, CGA×427, ATA×291, GTA×221, CTA×214, ATT×131, AGT×112, TTG×102, GCA×74, GAT×64, GAC×57, GTT×56, TCG×55, CTC×42, TGT×32, GAA×30, TAC×30, GCT×29, ACT×27, AAT×15, TTC×12, CAA×11, GTC×11, TCA×8, CAG×5, ACA×4, CAC×4, CTG×4, AAA×3, AGA×2, TCT×2, CAT×1, GAG×1, GTG×1, TTT×1"
979,nonsynonymous-only,0,1,20,7486,"L×6, I×3, A×2, F×2, M×1, P×1, Q×1, S×1, T×1, V×1, W×1","TTA×2194, GTG×1863, ATA×1226, TTT×584, GCA×426, TTG×337, TCA×194, CTT×173, CTA×137, CTG×102, CTC×84, CCA×55, TGG×42, CAA×17, ATG×16, GCG×16, ATT×10, ATC×5, ACA×4, TTC×1"
980,nonsynonymous-only,0,1,38,7643,"L×5, R×5, S×5, A×3, T×3, D×2, E×2, K×2, N×2, V×2, G×1, H×1, I×1, M×1, Q×1, W×1, Y×1","AAA×2633, AAC×2063, GAA×613, TTA×482, AAG×409, AGA×311, AAT×207, ACG×159, TAT×144, AGG×131, CAA×76, TCC×58, ATG×56, GAT×56, AGT×49, TCG×37, TGG×23, GCT×15, GGA×12, GCA×11, TCA×11, ACA×9, CGT×9, CTT×8, AGC×7, GAG×7, GCG×7, GTA×7, ACT×6, CAT×6, CGA×6, CTG×5, CTA×2, GAC×2, GTT×2, TTG×2, ATA×1, CGG×1"
981,nonsynonymous-only,0,1,32,7491,"I×3, L×3, R×3, A×2, D×2, E×2, K×2, N×2, Q×2, T×2, V×2, C×1, F×1, G×1, H×1, S×1, W×1, Y×1","AAA×4488, ATA×557, GAA×529, GTA×431, GAT×329, AAT×247, GAG×143, CGC×112, CAA×105, AAG×91, AAC×74, TGT×53, GAC×42, ACA×39, GGT×38, ATT×35, CAT×34, CAG×23, GCT×19, AGG×16, CTA×15, ACT×13, CTG×10, CTC×8, GCA×8, TGG×7, AGA×6, TTT×6, AGT×4, TAT×4, ATC×3, GTC×2"
982,nonsynonymous-only,0,1,23,7873,"L×3, R×3, S×3, C×2, F×2, Y×2, E×1, G×1, I×1, M×1, N×1, Q×1, T×1, W×1","TGG×2662, TCA×1967, TAC×1261, ATA×440, AAT×426, TTA×337, ACA×193, TAT×146, CAA×109, TTT×99, ATG×61, CGC×38, GAG×38, CTG×23, AGA×15, TCG×15, TTG×14, TCC×11, TTC×7, TGT×6, GGG×3, AGG×1, TGC×1"
983,nonsynonymous-only,0,1,31,7910,"R×6, L×5, P×3, E×2, H×2, K×2, N×2, Q×2, C×1, F×1, I×1, M×1, S×1, W×1, Y×1","AAA×3283, CGC×1847, AGA×607, CAA×533, TGC×440, GAA×369, CAG×171, AAG×163, TTG×112, TGG×91, ATG×38, CGA×37, ATT×35, AGC×28, TTA×27, AAT×22, GAG×22, TAT×15, CGG×12, AGG×9, CGT×9, CTA×9, CTG×9, CCA×5, CTC×5, CAC×4, CCC×3, CCG×2, AAC×1, CAT×1, TTT×1"
984,nonsynonymous-only,0,1,16,1593,"T×3, E×2, K×2, N×2, D×1, I×1, M×1, Q×1, R×1, S×1, V×1","GAA×895, AAA×455, ACA×55, GAG×53, CGT×49, ACT×33, ATG×24, AAC×7, AAG×6, ATA×4, GAT×4, GTC×4, AAT×1, ACC×1, AGC×1, CAA×1"
985,nonsynonymous-only,0,1,4,218,"F×1, I×1, L×1, T×1","ATT×113, TTT×55, ACC×49, CTT×1"
987,nonsynonymous-only,0,1,3,55,"G×2, D×1","GAC×29, GGC×16, GGT×10"
989,nonsynonymous-only,0,1,3,104,"I×1, L×1, S×1","TTA×56, TCA×47, ATA×1"
991,nonsynonymous-only,0,1,43,7192,"R×5, L×4, T×4, I×3, S×3, A×2, F×2, G×2, H×2, K×2, N×2, Q×2, V×2, Y×2, C×1, D×1, E×1, M×1, P×1, W×1","AAC×1995, ATC×1223, AGC×888, TTA×493, ACC×419, GAA×386, TAC×270, GGC×257, AAA×221, CAA×155, CTT×141, AAT×119, TGG×111, AAG×97, CAG×94, CAC×82, CTC×33, ATA×31, GCC×25, AGA×23, TGC×22, GAC×18, TTG×14, TTC×13, CGG×10, TCC×10, GCT×9, ATG×4, ACA×3, AGG×3, GTC×3, TCT×3, ACG×2, ATT×2, CCG×2, GTA×2, TAT×2, TTT×2, ACT×1, CAT×1, CGA×1, CGT×1, GGA×1"
992,nonsynonymous-only,0,1,19,2353,"I×3, K×2, N×2, R×2, S×2, T×2, D×1, E×1, G×1, M×1, P×1, Q×1","AAT×746, ATG×441, AGG×306, AAG×299, AAA×198, ATA×192, AAC×59, CAA×57, AGT×21, GAA×7, ACA×6, ATT×6, ACT×5, CCA×3, AGC×2, ATC×2, AGA×1, GAT×1, GGT×1"
993,nonsynonymous-only,0,1,21,2347,"L×3, A×2, E×2, F×2, I×2, T×2, V×2, C×1, G×1, K×1, M×1, R×1, S×1","CTC×550, GCA×481, ATA×349, ATG×316, TTG×156, GTA×139, ACG×62, AAA×58, TTA×56, GAA×49, TCA×39, TTT×25, TTC×22, GCT×14, ACA×9, TGC×7, ATC×6, GAG×5, AGA×2, GGT×1, GTT×1"
994,nonsynonymous-only,0,1,14,1024,"G×3, T×2, A×1, F×1, H×1, I×1, L×1, N×1, R×1, S×1, V×1","ACA×439, ATT×194, GGC×184, GCT×59, TCT×49, CTT×25, CGT×22, TTT×21, GGT×12, GTT×8, CAT×7, ACG×2, AAT×1, GGA×1"
995,nonsynonymous-only,0,1,2,441,"R×1, S×1","AGA×426, AGT×15"
997,nonsynonymous-only,0,1,2,475,"F×1, S×1","TCG×426, TTC×49"
998,nonsynonymous-only,0,1,5,529,"H×1, K×1, L×1, S×1, Y×1","TAT×426, TCG×47, AAG×40, CAT×15, CTC×1"
999,nonsynonymous-only,0,1,7,641,"R×2, C×1, Q×1, S×1, T×1, Y×1","TCT×426, TAC×80, AGG×49, ACT×38, TGC×32, CAA×15, CGC×1"
1000,nonsynonymous-only,0,1,20,1372,"L×4, R×4, K×2, C×1, F×1, I×1, N×1, Q×1, S×1, T×1, V×1, W×1, Y×1","TTT×378, TGT×193, GTT×192, CAA×140, CTC×112, TAT×104, TTG×65, AGC×53, CTT×48, AGG×22, CGT×18, CGC×12, ACT×10, CGA×9, AAG×8, ATT×3, TTA×2, AAA×1, AAT×1, TGG×1"
1001,nonsynonymous-only,0,1,26,5223,"R×4, V×3, E×2, I×2, K×2, Q×2, S×2, C×1, F×1, G×1, H×1, L×1, M×1, N×1, P×1, W×1","GAG×1249, CAA×1141, CAG×774, TGG×505, AGG×426, ATG×306, TTG×265, GTA×193, AAG×114, CGG×50, AAC×38, GGG×38, ATT×25, GTG×23, TCA×21, ATA×12, AGA×9, GAA×9, TGC×8, CGA×6, CCT×4, CAC×2, TTT×2, AAA×1, GTT×1, TCG×1"
1002,nonsynonymous-only,0,1,34,6013,"R×4, A×3, C×2, D×2, E×2, F×2, I×2, K×2, N×2, Q×2, V×2, G×1, H×1, L×1, M×1, P×1, S×1, T×1, W×1, Y×1","AAA×2459, AGA×442, AAC×440, AAG×405, CGT×342, GTG×306, GAG×275, GAA×162, ATG×160, GAT×143, GTA×131, GGA×107, CAT×99, GCT×75, TGT×72, CCA×61, CAA×59, TTC×58, GAC×53, AAT×52, ATA×39, GCA×20, CAG×19, CGA×7, TTT×6, GCC×5, TGG×4, TTA×4, ATC×2, TAC×2, ACA×1, CGG×1, TCA×1, TGC×1"
1006,nonsynonymous-only,0,1,2,23,"E×1, N×1","GAA×21, AAT×2"
1009,nonsynonymous-only,0,1,29,4818,"A×2, D×2, E×2, G×2, K×2, L×2, N×2, Q×2, R×2, S×2, T×2, V×2, F×1, I×1, M×1, W×1, Y×1","GAA×2455, AAA×596, GGA×410, GAG×377, GTT×309, ATG×147, AAT×138, AGA×92, AAG×78, CGA×56, CAA×44, ACA×22, ATA×16, GCA×13, ACT×11, AGT×9, TCA×8, CTA×7, GCC×6, AAC×5, GTA×5, GAT×3, TTT×3, GGG×2, TAT×2, CAG×1, GAC×1, TGG×1, TTA×1"
1010,nonsynonymous-only,0,1,34,4126,"L×5, R×4, T×3, C×2, D×2, E×2, I×2, P×2, Q×2, S×2, Y×2, A×1, F×1, H×1, K×1, N×1, W×1","CGG×945, TAT×570, GCT×529, TTA×492, CGC×257, ATC×163, ACT×147, AAA×133, GAA×124, GAG×115, ATA×100, CTT×84, TGC×71, CAA×62, TTG×56, TGT×44, TTT×44, AAC×43, CCT×32, CCA×22, TAC×17, AGA×16, ACA×12, GAC×10, CAT×8, AGT×7, TGG×6, TCA×5, CTC×3, ACC×2, CAG×2, CTA×2, GAT×2, CGA×1"
1011,nonsynonymous-only,0,1,22,3955,"L×6, V×3, F×2, S×2, Y×2, H×1, I×1, M×1, N×1, Q×1, R×1, W×1","CTT×1437, TAT×954, TTA×576, TAC×200, TTT×195, ATA×115, CTA×113, CAG×74, TTC×42, GTG×36, CTC×35, TCC×35, GTC×29, CAT×24, TGG×21, TTG×19, AAT×16, ATG×12, CTG×11, CGA×6, GTA×4, AGT×1"
1012,nonsynonymous-only,0,1,31,3907,"L×6, I×3, V×3, A×2, E×2, F×2, G×2, K×2, S×2, D×1, M×1, N×1, P×1, Q×1, R×1, T×1","TTT×837, TTA×594, TTC×590, ATG×485, CTT×372, TTG×267, CTC×199, GAT×108, CCA×106, CTA×62, GGA×44, ATA×43, ATC×33, GTA×30, TCG×21, GCT×19, GTG×18, GAA×14, CAA×11, AAA×10, GCA×9, ATT×8, CTG×8, AGA×5, GTC×4, ACG×3, AAG×2, AAT×2, GAG×1, GGG×1, TCT×1"
1013,nonsynonymous-only,0,1,23,3569,"I×3, R×3, A×2, K×2, Q×2, S×2, T×2, E×1, F×1, G×1, H×1, L×1, N×1, P×1","AAA×1708, AGA×1124, TTT×294, CAT×117, CAA×79, AAG×78, TCT×32, ATA×27, TTA×22, CCT×21, CAG×19, GCT×9, CGG×7, GCA×7, AAC×6, GGT×6, ATC×3, GAA×3, ACT×2, TCA×2, ACA×1, ATT×1, CGA×1"
1014,nonsynonymous-only,0,1,27,2156,"L×4, I×3, V×3, F×2, R×2, S×2, C×1, E×1, G×1, H×1, K×1, M×1, N×1, P×1, Q×1, T×1, Y×1","AAA×485, GTT×269, CTT×253, CTA×192, TCT×167, GGA×119, ATC×113, CAA×97, TTA×77, TCA×55, TGT×49, TTG×45, ATT×43, TTT×35, ATG×29, ATA×28, CAT×27, TTC×21, GTG×12, ACA×10, TAC×10, GTC×8, AGA×5, GAA×3, CGT×2, AAT×1, CCT×1"
1015,nonsynonymous-only,0,1,24,2200,"G×4, T×3, D×2, E×2, I×2, K×2, N×2, Y×2, A×1, F×1, R×1, S×1, V×1","GGT×880, TAT×280, GAG×165, ACT×137, GAT×121, GGA×120, ATT×91, AAA×64, AAT×60, GGC×56, ACC×49, ATA×41, GGG×29, GTA×24, AAC×20, GAA×20, AGT×17, AGA×8, GAC×7, GCA×7, AAG×1, ACA×1, TAC×1, TTT×1"
1016,nonsynonymous-only,0,1,29,1682,"L×6, I×3, S×3, E×2, F×2, Q×2, T×2, Y×2, C×1, D×1, K×1, M×1, N×1, P×1, V×1","CTA×211, ATT×171, TAT×157, ATG×154, TTA×151, CAA×147, CTC×137, TAC×78, AAA×74, CTT×68, TTT×59, GAG×55, TGT×49, GTA×38, CCA×37, TTC×32, ATA×29, ATC×6, AAC×5, TCA×4, ACA×3, CAG×3, GAA×3, GAC×3, TTG×3, TCT×2, ACG×1, AGC×1, CTG×1"
1017,nonsynonymous-only,0,1,24,1018,"I×3, A×2, D×2, E×2, G×2, K×2, N×2, R×2, T×2, F×1, Q×1, S×1, V×1, Y×1","GAT×204, ACA×151, AAA×150, AAT×102, GAA×94, ATT×55, TAT×49, AAC×32, ACT×32, GTA×25, ATA×24, TCT×22, GCT×21, GGT×18, AAG×12, GGC×7, GAG×6, TTC×5, AGA×2, ATC×2, CAA×2, AGG×1, GAC×1, GCA×1"
1018,nonsynonymous-only,0,1,9,398,"R×2, F×1, P×1, Q×1, S×1, T×1, W×1, Y×1","CAA×184, AGA×104, TAT×55, ACA×21, TTC×21, CGA×8, CCA×2, TGG×2, TCA×1"
1031,nonsynonymous-only,0,1,5,249,"S×2, F×1, I×1, T×1","TCA×170, ACA×55, TCG×13, TTT×10, ATA×1"
1032,nonsynonymous-only,0,1,16,1773,"G×4, K×2, R×2, D×1, E×1, H×1, I×1, N×1, T×1, W×1, Y×1","GGG×830, GGT×260, GGA×195, AAA×122, CGT×118, AGA×97, ATA×78, CAT×33, GGC×12, TGG×7, ACA×6, TAT×5, AAG×3, AAT×3, GAT×3, GAA×1"
1033,nonsynonymous-only,0,1,18,1844,"I×3, L×3, T×3, F×2, S×2, M×1, P×1, R×1, V×1, Y×1","ATA×1278, ATT×197, CTA×77, ATG×62, AGC×48, ACC×39, CTT×30, ACA×27, TAT×22, ATC×15, TTT×13, TTC×8, CCT×6, CGA×6, TTA×6, GTT×5, ACT×3, AGT×2"
1034,nonsynonymous-only,0,1,23,1855,"L×5, I×3, R×3, F×2, N×2, S×2, A×1, C×1, K×1, P×1, T×1, V×1","ATT×1252, TTC×140, GCT×77, TTT×73, TTG×61, CTG×55, ACT×50, TGT×27, AGA×26, AAC×16, TCT×16, ATA×12, AAT×10, ATC×7, CCT×7, CTA×6, GTG×6, TTA×6, TCC×3, CTT×2, AAA×1, CGA×1, CGG×1"
1035,nonsynonymous-only,0,1,22,1793,"T×4, I×3, K×2, L×2, N×2, V×2, A×1, E×1, F×1, H×1, M×1, Q×1, Y×1","TTA×1200, ACC×151, ATT×90, CTA×72, AAC×65, ACT×36, AAT×29, GTA×27, AAA×22, GTT×20, TTT×15, ACA×10, ATA×10, ACG×9, AAG×7, ATG×7, TAC×7, CAG×6, GAA×6, CAT×2, ATC×1, GCT×1"
1036,nonsynonymous-only,0,1,15,1809,"S×3, E×2, K×2, N×2, G×1, I×1, L×1, P×1, Q×1, R×1","AGC×835, AAA×323, AAT×263, AGA×137, AAC×92, AAG×81, CAA×26, ATT×15, GAA×11, CCA×7, TCC×6, GGC×5, TCA×4, GAG×3, CTT×1"
1037,nonsynonymous-only,0,1,12,191,"G×3, T×3, A×1, K×1, L×1, M×1, Q×1, V×1","TTA×54, GCA×49, GGA×29, GGG×26, ACA×11, GGC×6, ACG×4, ATG×3, CAG×3, GTG×3, ACT×2, AAG×1"
1038,nonsynonymous-only,0,1,8,162,"S×2, V×2, H×1, M×1, N×1, Y×1","AAT×49, TCT×39, GTA×29, GTG×16, TAT×15, ATG×10, CAT×3, AGT×1"
1039,synonymous-only,1,0,2,55,P×2,"CCG×29, CCC×26"
1043,synonymous-only,1,0,2,55,V×2,"GTA×45, GTG×10"
1044,synonymous-only,1,0,2,55,Q×2,"CAA×29, CAG×26"
1045,synonymous-only,1,0,2,55,K×2,"AAG×29, AAA×26"
1048,synonymous-only,1,0,2,55,G×2,"GGT×29, GGG×26"
1051,synonymous-only,1,0,2,55,S×2,"AGT×29, AGC×26"
1052,synonymous-only,1,0,2,55,P×2,"CCT×29, CCA×26"
1056,synonymous-only,1,0,2,55,S×2,"AGC×39, AGT×16"
1058,synonymous-only,1,0,2,55,Y×2,"TAT×29, TAC×26"
1061,synonymous-only,1,0,2,55,I×2,"ATT×29, ATC×26"
1065,synonymous-only,1,0,2,56,T×2,"ACC×30, ACT×26"
1066,synonymous-only,1,0,2,55,L×2,"CTT×29, CTA×26"
1068,nonsynonymous-only,0,1,2,55,"A×1, N×1","GCT×29, AAT×26"
1069,nonsynonymous-only,0,1,2,57,"E×1, I×1","GAA×55, ATC×2"
1070,nonsynonymous-only,0,1,7,142,"A×1, E×1, F×1, G×1, L×1, T×1, V×1","TTT×55, ACT×37, GAG×24, GTT×21, CTT×2, GGA×2, GCT×1"
1071,nonsynonymous-only,0,1,11,223,"L×2, Q×2, T×2, F×1, K×1, N×1, S×1, Y×1","TAC×55, TCA×38, ACA×35, AAA×27, ACT×26, TTT×22, CAA×11, TTA×3, AAT×2, CAG×2, CTA×2"
1072,nonsynonymous-only,0,1,26,1551,"L×4, T×3, D×2, H×2, I×2, K×2, Q×2, R×2, C×1, E×1, G×1, M×1, N×1, V×1, Y×1","ATT×440, CTG×191, CGC×167, ACC×140, CGT×140, CAC×93, AAT×67, AAA×55, CTA×53, GAC×42, CAA×28, CAT×27, AAG×25, CTC×22, GAT×16, CAG×11, GTA×8, ACA×7, TTA×5, ACT×3, TAT×3, ATC×2, GGT×2, TGT×2, ATG×1, GAG×1"
1073,nonsynonymous-only,0,1,33,3771,"G×4, S×4, T×4, D×2, F×2, K×2, L×2, N×2, Q×2, V×2, A×1, C×1, E×1, H×1, I×1, P×1, R×1","GAT×1109, TTT×949, GAA×426, AAC×177, GTA×159, AAT×143, GGC×113, ACA×89, AGT×66, AAA×60, GGA×60, TCT×54, TTA×43, CAT×42, GAC×33, ACG×30, TTC×29, GCA×25, CAA×24, AAG×23, ACC×22, AGC×15, CCT×15, GGT×14, TCA×14, AGG×7, ATA×7, ACT×6, TGC×6, GTT×5, GGG×3, CAG×2, CTT×1"
1074,nonsynonymous-only,0,1,35,5686,"S×4, I×3, P×3, V×3, A×2, D×2, E×2, G×2, K×2, L×2, N×2, Q×2, R×2, T×2, F×1, H×1","GGG×1855, AAG×1252, AAA×685, GTG×440, GAA×349, AGC×218, CCC×114, AAC×103, GAC×88, GAT×86, CAA×65, TCA×50, ATA×40, CGA×38, AAT×37, TCT×34, CAG×26, AGT×24, ATT×24, GTC×24, AGA×22, GCA×21, CCT×20, CCA×15, GAG×13, ATC×9, CAC×7, ACT×6, GCT×6, GGT×4, CTT×3, TTT×3, GTT×2, TTA×2, ACA×1"
1075,nonsynonymous-only,0,1,31,6678,"G×4, S×4, A×2, D×2, E×2, K×2, L×2, N×2, Q×2, T×2, F×1, H×1, I×1, M×1, R×1, V×1, Y×1","ATT×1859, GAC×1195, AAA×588, CTT×550, AAT×539, ACA×484, AGT×379, GTG×203, GAA×153, CAA×121, TAT×113, GAT×108, GAG×101, GGA×53, AAG×48, AGA×38, CAT×31, TTT×24, AAC×17, GGG×15, ACT×10, TCA×9, GCA×6, TCT×6, TTG×6, GCG×5, GGC×5, GGT×4, CAG×3, TCG×3, ATG×2"
1076,nonsynonymous-only,0,1,35,7776,"G×4, S×3, T×3, V×3, D×2, E×2, H×2, I×2, K×2, N×2, Q×2, R×2, Y×2, A×1, F×1, L×1, P×1","GAA×2372, TAT×937, CAA×742, GAG×652, ATA×550, GGA×448, AAG×396, AAT×310, TAC×251, AAA×227, CAG×175, GAT×166, GAC×126, TTT×81, GGG×73, GGT×70, TTA×61, GCT×32, CAT×23, TCT×17, ACG×14, GTG×11, AGC×9, ACT×5, CCA×5, AGA×4, AGT×4, ATT×3, GGC×3, GTT×3, CGT×2, AAC×1, ACA×1, CAC×1, GTA×1"
1077,nonsynonymous-only,0,1,31,8000,"L×6, P×4, I×3, R×3, F×2, H×2, S×2, Y×2, A×1, C×1, E×1, N×1, Q×1, T×1, V×1","TTT×2956, TAT×2256, TAC×549, CGT×431, CTC×348, TTC×303, CTT×287, TTA×262, CGA×112, TCT×82, CAT×76, CTG×72, TTG×45, TCC×42, CCG×29, ATA×27, GCC×27, CTA×23, CCA×22, CAC×14, GTT×11, CGC×9, ACC×4, AAT×3, CCC×2, CCT×2, GAA×2, ATC×1, ATT×1, CAG×1, TGC×1"
1078,nonsynonymous-only,0,1,31,8014,"L×6, T×4, V×4, I×3, R×2, S×2, A×1, C×1, E×1, F×1, G×1, H×1, M×1, N×1, P×1, Y×1","GTC×2354, ATT×2329, GTT×778, GTA×738, TCT×417, CTT×311, TTA×156, ACA×152, TTT×150, TTG×109, ATA×85, GTG×81, CTC×74, GCT×60, ACT×37, ATC×28, CTG×27, AGA×21, CAT×21, CCT×21, CTA×18, ACG×14, AAT×8, CGT×7, TGT×6, ACC×3, ATG×3, GGA×3, GAA×1, TAT×1, TCC×1"
1079,nonsynonymous-only,0,1,23,8015,"L×5, S×4, I×3, P×3, F×2, T×2, V×2, M×1, Y×1","TTA×3631, TTT×2448, ATA×701, TTC×282, ATC×261, GTC×196, ATT×126, ATG×63, TCT×57, ACT×50, CTT×43, CTA×35, ACC×31, TCG×22, CTG×16, CCC×13, CCA×8, TCA×8, TTG×8, TAT×7, TCC×5, CCT×3, GTT×1"
1080,nonsynonymous-only,0,1,41,8008,"S×6, R×4, T×4, G×3, I×3, L×3, P×3, V×3, A×2, D×2, K×2, N×2, E×1, H×1, Q×1, Y×1","AAC×1863, AGT×1451, AAT×866, ACA×607, GAT×567, ACT×518, TCT×411, TCC×309, GTC×203, TTG×145, ATC×139, ACC×129, GTT×120, GGC×91, ATT×84, AGC×79, GAA×68, CAA×61, TCA×40, TAT×38, CTT×27, ACG×23, CCT×23, TTA×22, GTA×21, GGT×19, ATA×14, GAC×14, CGG×9, TCG×9, GCT×7, CAT×6, CCA×5, CGC×5, AGG×4, CCC×3, AAA×2, AGA×2, GGA×2, AAG×1, GCA×1"
1081,nonsynonymous-only,0,1,20,2307,"S×3, F×2, G×2, N×2, P×2, Y×2, E×1, K×1, L×1, Q×1, R×1, V×1, W×1","TAT×765, GGT×549, AAT×251, GTG×193, CAA×183, AAG×91, GAG×87, AAC×59, TCG×38, AGA×19, TTC×18, TAC×17, TGG×11, CCT×10, TTT×6, TTG×4, AGT×2, GGG×2, CCC×1, TCT×1"
1082,nonsynonymous-only,0,1,28,2266,"A×3, S×3, T×3, D×2, G×2, K×2, L×2, N×2, V×2, C×1, F×1, H×1, I×1, M×1, P×1, R×1","AAT×817, GGA×605, CTA×189, GCT×151, AAG×91, AAC×61, ATT×49, TCT×47, AAA×46, TCC×42, CCT×38, ACT×28, TTT×18, AGT×17, GAT×17, GAC×12, GCC×7, TTA×7, GGC×5, GTG×5, GTA×3, AGG×2, ATG×2, CAC×2, TGT×2, ACA×1, ACG×1, GCA×1"
1083,nonsynonymous-only,0,1,19,2109,"G×4, S×3, V×3, I×2, T×2, A×1, D×1, L×1, M×1, R×1","GGT×562, ACA×550, TCA×274, ATG×252, ATT×167, GTG×62, AGA×59, GAT×55, GTT×25, ACG×22, GTA×17, GGC×14, GCT×12, AGT×11, ATC×10, TCG×7, GGG×6, GGA×2, TTA×2"
1084,nonsynonymous-only,0,1,15,1609,"S×3, F×2, I×2, L×2, P×2, V×2, Q×1, T×1","TTG×550, TTA×306, GTT×274, ACA×221, ATT×60, CCT×47, TCT×45, ATA×29, GTG×26, CCA×18, TTT×18, TTC×10, TCA×2, TCG×2, CAA×1"
1085,nonsynonymous-only,0,1,11,1396,"L×4, P×3, A×2, I×1, V×1","GCT×476, CCT×409, CCG×307, GTG×91, GCG×38, ATT×29, CTC×16, CTT×10, TTA×10, CTG×9, CCA×1"
1086,nonsynonymous-only,0,1,7,938,"D×2, K×2, E×1, H×1, N×1","AAG×567, GAC×166, CAT×141, GAG×29, GAT×27, AAT×6, AAA×2"
1087,nonsynonymous-only,0,1,30,4393,"L×4, R×4, P×3, S×3, I×2, Q×2, T×2, A×1, D×1, E×1, H×1, K×1, M×1, N×1, V×1, W×1, Y×1","CTC×1053, TCT×550, ATT×484, TGG×428, CAA×323, TCA×297, AAT×216, AGA×192, GAT×170, CTA×168, CCA×112, TTG×96, CAG×54, CGC×54, TTA×53, ATA×34, GAA×33, GCA×18, TCG×13, CCT×12, ATG×10, CGA×7, GTA×7, ACT×2, CAC×2, AAA×1, ACA×1, CCG×1, CGT×1, TAC×1"
1088,nonsynonymous-only,0,1,29,4506,"S×5, R×3, E×2, G×2, I×2, K×2, N×2, T×2, V×2, D×1, H×1, L×1, M×1, P×1, Q×1, Y×1","GAA×1229, AAA×662, ACA×562, GAT×540, AAG×487, ATG×304, AGA×182, GGA×147, GTT×68, ATA×61, TCC×52, AGT×48, ACG×38, GGT×19, AAC×18, AAT×17, TCT×12, CAA×10, CTT×10, AGG×8, CCT×8, AGC×6, TCA×5, CGA×3, GTA×3, ATT×2, CAT×2, TAT×2, GAG×1"
1089,nonsynonymous-only,0,1,40,4809,"G×4, S×4, A×3, I×3, R×3, V×3, D×2, E×2, F×2, K×2, L×2, N×2, T×2, Y×2, H×1, M×1, P×1, Q×1","ATT×1173, ACG×573, GGT×498, ATG×428, AAA×389, ACA×344, GCA×314, GAA×224, GAT×113, AAT×96, TAC×94, TAT×89, GGA×83, AGG×81, AAC×72, TCA×38, CTA×31, GAG×29, GGG×20, TTC×18, GGC×13, ATC×11, CAT×9, AGT×8, GAC×8, TCC×8, GTG×7, TTA×6, AGC×5, GTT×5, CCT×4, TTT×4, CAA×3, GCT×3, ATA×2, CGG×2, AAG×1, AGA×1, GCG×1, GTA×1"
1090,nonsynonymous-only,0,1,20,4631,"D×2, E×2, H×2, N×2, P×2, S×2, T×2, Y×2, C×1, G×1, I×1, K×1","TAC×1912, CAT×551, GAC×544, AAT×520, ACC×483, AAC×349, GAA×71, TGC×43, GAT×34, AAG×32, GGC×24, TAT×22, CAC×10, CCT×9, TCC×8, ACT×6, CCA×6, GAG×5, AGC×1, ATC×1"
1091,nonsynonymous-only,0,1,29,2440,"T×4, G×3, S×3, A×2, D×2, H×2, L×2, N×2, V×2, E×1, F×1, I×1, K×1, Q×1, R×1, Y×1","GGT×509, GGC×474, GTT×434, AGT×327, AAA×196, CGC×90, TTC×49, GAC×45, AAT×42, GCT×39, CAA×33, ACT×30, ACG×28, GCC×26, TAT×25, GAT×22, AGC×13, GTC×12, CTC×11, GAA×9, ATT×8, AAC×5, ACA×5, CAT×3, ACC×1, CAC×1, CTA×1, GGG×1, TCT×1"
1092,nonsynonymous-only,0,1,25,1884,"L×3, F×2, I×2, K×2, N×2, R×2, S×2, A×1, D×1, E×1, G×1, H×1, M×1, P×1, Q×1, V×1, W×1","TGG×550, GCG×305, AAG×275, AAA×196, GGC×149, GAA×55, CAT×49, CGT×49, CTA×43, ATC×33, CAA×33, AGC×27, AGT×27, CTT×24, TTT×24, CCT×16, GAC×8, CTG×7, AAC×5, AAT×3, TTC×2, ATG×1, ATT×1, CGC×1, GTG×1"
1093,nonsynonymous-only,0,1,21,1184,"I×3, G×2, L×2, P×2, Q×2, R×2, A×1, H×1, K×1, N×1, S×1, T×1, V×1, Y×1","CCA×306, ACA×304, TTG×196, ATA×68, GTC×55, CCC×49, CTC×49, TAT×49, GCA×35, GGG×24, AGA×20, AGG×7, ATT×7, ATC×5, CAC×3, AAC×2, AAA×1, CAA×1, CAG×1, GGA×1, TCG×1"
1094,nonsynonymous-only,0,1,7,80,"K×2, P×2, T×2, N×1","AAA×42, ACG×27, AAG×5, AAT×2, CCA×2, ACC×1, CCG×1"
1097,nonsynonymous-only,0,1,3,132,"K×1, N×1, Y×1","AAC×112, TAC×18, AAA×2"
1099,nonsynonymous-only,0,1,2,55,"L×1, V×1","GTA×53, CTC×2"
1101,nonsynonymous-only,0,1,19,681,"S×4, R×3, K×2, L×2, C×1, F×1, H×1, I×1, M×1, N×1, T×1, Y×1","ATG×428, AAG×54, CTT×38, AGA×36, AGT×34, TCG×24, ACT×15, AGG×8, TTC×8, ATC×7, TAC×7, AAC×6, TCT×5, AAA×3, CAC×3, TGC×2, CGA×1, TCC×1, TTG×1"
1102,nonsynonymous-only,0,1,12,88,"L×3, R×2, H×1, I×1, M×1, Q×1, S×1, T×1, V×1","ACG×34, CTA×12, TTG×9, CAA×8, GTA×7, TCG×6, ATG×4, CAC×3, CTT×2, ATC×1, CGC×1, CGT×1"
1103,nonsynonymous-only,0,1,25,2480,"L×6, P×4, S×3, F×2, I×2, Y×2, C×1, H×1, N×1, R×1, V×1, W×1","TCA×1193, TTC×483, CTT×166, CCT×158, TGG×120, CTA×72, ATT×69, TTA×39, TAC×27, TTG×26, CCA×25, ATA×17, CTG×16, AAC×15, CCG×9, GTA×9, TAT×9, TGC×6, CCC×5, TCC×5, TTT×4, CTC×3, CAC×2, AGG×1, TCT×1"
1104,nonsynonymous-only,0,1,27,2567,"L×5, I×3, V×3, C×2, F×2, H×2, N×2, R×2, Y×2, E×1, K×1, M×1, P×1","AAC×1117, CGA×484, GTA×153, ATT×145, AAT×138, CCC×119, TAC×108, CAC×81, ATC×40, ATG×29, TAT×21, ATA×20, CTT×19, TTG×12, TTA×11, TTT×11, GTT×10, CAT×9, CTC×9, TTC×8, AGA×6, CTA×6, GTC×5, TGC×3, AAA×1, GAA×1, TGT×1"
1105,nonsynonymous-only,0,1,32,2607,"S×4, A×3, R×3, V×3, C×2, D×2, H×2, I×2, N×2, P×2, Q×2, Y×2, G×1, K×1, L×1","AAT×1212, AGT×472, TCG×167, CGT×141, ATC×119, ATT×85, TGC×50, GCA×45, TAT×39, GTT×32, GAT×27, GGT×24, CAT×23, GCT×23, GAC×19, GTC×18, CAA×17, TAC×17, CTA×15, TGT×14, CCA×9, TCA×9, CCT×6, CGC×6, CAG×5, CAC×3, AAA×2, AAC×2, AGA×2, AGC×2, GCG×1, GTG×1"
1106,nonsynonymous-only,0,1,27,2606,"A×4, L×4, P×4, R×4, H×2, S×2, T×2, C×1, I×1, K×1, N×1, Q×1","CAA×1606, CTA×258, AAT×167, CCA×143, TCA×119, CCT×113, CCG×40, TTA×32, ATA×27, CTT×17, AGG×12, CCC×12, GCG×8, CAT×7, GCA×7, GCC×7, TCT×6, ACC×5, AGA×5, ACA×3, CGA×3, CTC×2, GCT×2, TGT×2, AAG×1, CAC×1, CGT×1"
1107,nonsynonymous-only,0,1,29,2599,"L×5, V×4, R×3, T×3, D×2, G×2, N×2, P×2, Q×2, E×1, H×1, K×1, S×1","GAA×1189, GAC×508, ACA×173, CGA×141, AAT×140, AAC×97, GTT×62, CAA×42, TTA×39, ACC×28, GAT×28, GTG×25, CTT×23, GTA×19, ACT×15, CAC×15, GTC×12, CAG×11, CTA×8, CGT×6, CTG×4, GGA×3, AAA×2, CCA×2, CCC×2, TTG×2, AGA×1, AGT×1, GGT×1"
1108,nonsynonymous-only,0,1,27,2231,"S×5, T×3, V×3, A×2, H×2, I×2, L×2, R×2, Y×2, F×1, M×1, Q×1, W×1","TTA×1183, GCT×173, TCC×143, TCA×120, CAC×82, ACT×79, TTC×71, TTG×70, CAT×69, TAT×38, ATA×34, CGA×27, GTT×21, TCT×21, GTA×16, ATT×15, ACC×10, GCA×10, GTG×9, TGG×8, AGA×7, TAC×7, ATG×6, ACA×5, CAA×4, TCG×2, AGT×1"
1109,nonsynonymous-only,0,1,35,2242,"L×5, S×4, V×4, A×3, P×3, T×3, E×2, I×2, R×2, Y×2, D×1, F×1, K×1, M×1, N×1","CGT×1184, GTT×264, GTA×192, TCT×119, AGA×54, GCT×54, AAG×44, ACA×38, TTA×36, ATT×32, CCA×31, ATA×30, CCT×28, CTT×25, GAG×17, ACT×14, GTG×14, TTG×12, TCA×7, TTT×7, CTA×6, GCA×5, AGC×4, GCC×4, GTC×3, TAC×3, TAT×3, AAC×2, AGT×2, CCC×2, GAA×2, ACG×1, ATG×1, CTC×1, GAT×1"
1110,nonsynonymous-only,0,1,8,1345,"R×2, E×1, G×1, I×1, K×1, L×1, V×1","ATA×1184, AAA×54, TTA×38, GAA×35, CGA×17, AGA×12, GTA×4, GGA×1"
1111,nonsynonymous-only,0,1,35,4163,"L×4, R×4, S×4, G×3, I×3, P×3, E×2, F×2, H×2, K×2, Y×2, C×1, N×1, Q×1, T×1","TGT×1051, CAA×752, TTA×468, CGA×462, AGC×379, CTA×229, TAT×161, CAC×137, AAA×91, CCA×61, AAC×49, CCT×49, TTG×39, TAC×37, TCA×26, GAG×25, TCG×23, CAT×18, CGT×17, GAA×15, GGA×14, ACT×9, AGG×7, AAG×6, ATT×6, CCG×6, GGG×6, TTT×5, TTC×4, ATC×3, GGC×3, ATA×2, AGA×1, CTT×1, TCT×1"
1112,nonsynonymous-only,0,1,39,7396,"L×6, S×6, P×4, A×2, C×2, F×2, G×2, H×2, K×2, V×2, D×1, E×1, I×1, M×1, N×1, Q×1, R×1, W×1, Y×1","TTA×3504, TTC×1227, CGT×511, CTC×431, TTG×228, AAA×213, TTT×186, AGT×155, TCC×107, TCT×103, AGC×90, CTA×88, CCG×74, TCG×69, TGT×55, CTT×54, GGC×51, CCC×49, ATG×32, GTG×22, CAC×21, GGA×15, TAT×15, AAT×13, CCA×13, ATA×9, CAA×9, CCT×9, GAA×7, AAG×6, CTG×6, GAT×6, TGC×6, TCA×5, GTA×2, TGG×2, CAT×1, GCA×1, GCC×1"
1113,nonsynonymous-only,0,1,26,3047,"A×2, G×2, H×2, I×2, K×2, L×2, N×2, P×2, Q×2, D×1, E×1, R×1, S×1, T×1, V×1, W×1, Y×1","AAA×704, AAC×661, AAT×443, ATA×440, AAG×223, CCA×112, GCC×91, GAA×72, CAA×42, CAC×37, ATC×35, ACA×33, GGG×28, AGA×26, GTT×25, CAG×23, GCT×14, AGC×11, TTA×8, TGG×5, CAT×4, GGA×4, CTA×2, TAC×2, CCC×1, GAC×1"
1114,nonsynonymous-only,0,1,10,243,"K×2, L×2, V×2, P×1, S×1, T×1, Y×1","TCA×71, TTG×53, CCT×38, CTA×28, TAC×24, AAA×21, AAG×3, ACA×3, GTA×1, GTT×1"
1115,nonsynonymous-only,0,1,3,28,"G×1, L×1, Q×1","CAA×24, GGG×3, CTC×1"
1116,nonsynonymous-only,0,1,2,54,"A×1, V×1","GCC×53, GTC×1"
1117,nonsynonymous-only,0,1,2,54,"A×1, S×1","TCG×53, GCG×1"
1120,nonsynonymous-only,0,1,2,54,"F×1, L×1","CTT×53, TTT×1"
1121,nonsynonymous-only,0,1,2,54,"H×1, T×1","ACT×53, CAT×1"
1122,nonsynonymous-only,0,1,2,54,"P×1, Y×1","TAC×53, CCG×1"
1123,nonsynonymous-only,0,1,4,81,"A×1, I×1, S×1, V×1","GTA×53, AGT×24, ATT×3, GCA×1"
1124,nonsynonymous-only,0,1,9,144,"S×2, A×1, D×1, G×1, H×1, L×1, Q×1, V×1","TTA×53, TCA×38, GTT×24, GGT×21, GCT×3, AGT×2, CAG×1, CAT×1, GAT×1"
1125,nonsynonymous-only,0,1,21,1747,"A×3, I×3, T×3, F×2, R×2, V×2, H×1, L×1, M×1, N×1, S×1, Y×1","ATG×467, CGC×423, ATT×242, CTT×132, ATC×109, TAT×70, GTC×54, AAT×49, ACC×39, GCA×36, ATA×29, TCT×27, CGT×17, GCC×15, GCT×14, ACT×7, TTC×6, GTT×4, CAC×3, TTT×3, ACG×1"
1126,nonsynonymous-only,0,1,31,2631,"L×3, S×3, D×2, E×2, G×2, I×2, K×2, N×2, R×2, T×2, V×2, Y×2, A×1, F×1, P×1, Q×1, W×1","AAA×552, TTA×464, GAA×321, TGG×196, GCA×170, TCG×156, GAT×136, CCA×127, GAG×101, AAG×87, GTA×74, CAA×57, GTC×27, TAT×19, AGA×17, CTA×17, TAC×17, AGC×12, ACG×11, TCA×11, CGC×10, ATA×8, GGA×8, GGC×8, AAC×6, ATC×6, AAT×5, ACA×4, TTC×2, GAC×1, TTG×1"
1127,nonsynonymous-only,0,1,33,2645,"L×4, A×3, R×3, S×3, E×2, I×2, K×2, P×2, Q×2, T×2, C×1, D×1, F×1, G×1, H×1, M×1, N×1, W×1","AAA×561, CAC×428, ATA×400, CAG×318, ACG×147, CCG×141, ATG×100, TCA×98, CAA×84, ACA×69, TGG×55, TTA×37, TCG×33, AAC×29, GAA×29, CTA×24, GCT×18, CTG×14, TTG×14, CCA×10, GAG×7, TGC×7, TTC×6, AGT×3, GCG×3, AAG×2, AGA×2, AGG×1, ATT×1, CGG×1, GAT×1, GCA×1, GGT×1"
1128,nonsynonymous-only,0,1,34,2941,"L×4, T×4, V×4, I×3, S×3, F×2, G×2, K×2, N×2, Y×2, A×1, C×1, D×1, E×1, H×1, M×1","ATC×667, ATT×520, GTC×440, AAT×332, TAT×194, AAA×112, TTG×91, TTC×55, GGT×54, GTT×54, ACC×50, ATG×50, GAT×41, TTA×40, AAG×27, CTC×25, TGT×25, ACT×24, AGT×21, ATA×21, GTA×16, AGC×13, GCT×12, GTG×11, TTT×11, CAT×10, CTA×5, TCT×5, ACG×4, GGC×3, TAC×3, AAC×2, ACA×2, GAA×1"
1129,nonsynonymous-only,0,1,33,4820,"L×4, I×3, S×3, T×3, V×3, F×2, K×2, N×2, P×2, Q×2, R×2, A×1, C×1, H×1, M×1, Y×1","TTA×1831, ATG×513, TTG×487, GCT×380, CTG×232, ATA×225, CAT×141, AGA×130, ACG×115, AAA×91, GTT×87, TTT×81, ACA×72, GTA×60, CAA×56, AAG×55, CTA×53, ACT×52, AGC×47, CAG×22, CCA×22, TCT×12, AAC×11, TAT×8, TGT×7, ATT×6, TTC×6, AAT×4, CGA×4, AGT×3, ATC×3, GTC×3, CCG×1"
1130,nonsynonymous-only,0,1,29,3914,"S×5, G×3, A×2, C×2, E×2, F×2, K×2, L×2, Q×2, R×2, D×1, N×1, T×1, W×1, Y×1","TGT×1438, GCA×481, CAA×396, TTA×389, TCA×234, TGC×197, AAA×186, TCG×157, GAA×115, CGA×89, ACA×55, TGG×38, AGA×25, TTG×23, AAT×18, TCC×17, TAC×15, TTC×7, TTT×6, GGT×5, AGT×4, GAG×4, AAG×3, CAG×3, GGC×3, GAC×2, GCG×2, AGC×1, GGA×1"
1131,nonsynonymous-only,0,1,2,3,"F×1, L×1","TTT×2, TTA×1"
1132,nonsynonymous-only,0,1,2,39,"E×1, Q×1","GAG×38, CAA×1"
1133,nonsynonymous-only,0,1,3,41,"F×1, P×1, S×1","TTT×38, TCT×2, CCT×1"
1135,nonsynonymous-only,0,1,2,3,"F×1, Y×1","TTT×2, TAT×1"
1136,nonsynonymous-only,0,1,2,3,"C×1, L×1","TTG×2, TGC×1"
1137,nonsynonymous-only,0,1,2,3,"S×1, V×1","TCT×2, GTT×1"
1138,nonsynonymous-only,0,1,2,3,"G×1, R×1","CGA×2, GGA×1"
1141,nonsynonymous-only,0,1,2,3,"Q×1, T×1","ACG×2, CAA×1"
1142,nonsynonymous-only,0,1,2,4,"A×1, S×1","TCC×3, GCG×1"
1143,nonsynonymous-only,0,1,3,4,"H×1, L×1, R×1","TTG×2, CAC×1, CGT×1"
1144,nonsynonymous-only,0,1,2,2,"E×1, G×1","GAA×1, GGA×1"
1145,nonsynonymous-only,0,1,28,6578,"R×6, G×4, A×2, D×2, K×2, N×2, S×2, T×2, Y×2, E×1, F×1, I×1, Q×1","AAG×2516, AAA×2173, ACG×437, AAT×367, AGA×321, CGT×238, AGT×151, GAA×120, TAT×58, CGC×55, AAC×45, CGA×24, CGG×13, GAC×13, GGT×9, GCA×8, TTC×7, AGG×4, GGA×4, TAC×4, GCG×3, ATA×2, ACT×1, AGC×1, CAA×1, GAT×1, GGC×1, GGG×1"
1146,nonsynonymous-only,0,1,32,4893,"L×5, R×5, S×4, C×2, H×2, I×2, K×2, P×2, Q×2, T×2, F×1, G×1, M×1, Y×1","TTC×1877, TGC×505, TTG×440, AGC×337, TGT×248, AAA×221, GGC×158, TCG×152, CAA×141, CAG×136, ACA×119, ATT×95, TTA×75, CGA×57, CCA×53, AGG×50, ATG×46, AGA×43, CAT×35, CTA×33, CAC×14, TCA×12, TAT×11, CGG×8, CTG×7, CGT×6, CTC×6, ATA×3, TCT×2, AAG×1, ACT×1, CCG×1"
1147,nonsynonymous-only,0,1,19,2828,"I×2, K×2, N×2, T×2, V×2, A×1, D×1, E×1, F×1, L×1, R×1, S×1, W×1, Y×1","ATT×1908, GCA×407, GTA×192, ACT×141, TGG×40, ACA×39, AAG×27, TTC×21, AGA×13, ATA×11, AAT×7, GAA×6, CTA×5, AAA×4, AAC×2, AGT×2, GAC×1, GTG×1, TAT×1"
1148,nonsynonymous-only,0,1,29,5109,"S×4, G×3, A×2, C×2, D×2, F×2, I×2, K×2, N×2, R×2, Y×2, H×1, L×1, Q×1, T×1","AAA×1863, AGC×758, GGC×615, GAT×479, ATT×428, CAA×170, TAC×166, TGT×139, GCT×90, TTC×73, TAT×57, GGA×53, AAT×49, TCT×33, GAC×24, TGC×23, TTT×17, ACT×15, GGT×15, GCA×11, TTA×10, AGT×4, ATC×4, AAC×3, CAC×3, AAG×2, AGA×2, TCC×2, CGA×1"
1149,nonsynonymous-only,0,1,21,2641,"S×4, E×2, K×2, N×2, P×2, A×1, F×1, G×1, H×1, L×1, Q×1, R×1, T×1, W×1","AGA×1189, AAG×665, CAA×266, GAA×235, AAA×143, AAT×31, CTA×27, TGG×26, GGA×12, AGC×8, CCT×6, GCT×6, CAT×5, GAG×5, TCA×5, TTT×4, AGT×2, CCA×2, TCG×2, AAC×1, ACG×1"
1150,nonsynonymous-only,0,1,17,1171,"R×3, I×2, T×2, E×1, G×1, H×1, K×1, L×1, N×1, Q×1, S×1, V×1, Y×1","AAA×659, AAT×193, CTA×153, ATA×49, ATT×36, AGG×27, GTA×13, TCA×12, AGA×7, ACA×4, CGA×4, TAT×4, CAT×3, GAA×3, ACC×2, CAG×1, GGA×1"
1151,nonsynonymous-only,0,1,4,69,"I×1, Q×1, R×1, Y×1","CAA×56, ATT×7, CGA×5, TAC×1"
1152,nonsynonymous-only,0,1,26,1991,"I×3, V×3, D×2, H×2, L×2, N×2, S×2, T×2, A×1, E×1, F×1, G×1, K×1, M×1, P×1, R×1","GTC×580, AAC×417, AGC×330, AAA×196, GCT×78, CTT×65, ATA×61, CAC×55, ACC×39, AAT×25, GAT×21, GTA×21, CCA×18, ACA×15, GTT×14, ATG×13, ATC×11, CTA×10, ATT×7, AGA×6, GAA×3, AGT×2, CAT×1, GAC×1, GGT×1, TTT×1"
1153,nonsynonymous-only,0,1,27,2027,"A×2, C×2, F×2, I×2, K×2, L×2, R×2, S×2, T×2, V×2, D×1, E×1, G×1, H×1, M×1, P×1, W×1","TTT×562, ATG×356, ATT×315, AAA×234, GAT×210, GTT×83, AAG×55, CAT×39, CGT×35, TGT×29, TTC×18, CCC×15, TTA×15, CGC×13, CTT×8, GTA×8, GCG×7, GGT×7, GCT×4, TCC×3, TGG×3, ACT×2, TCT×2, ACC×1, ATC×1, GAG×1, TGC×1"
1154,nonsynonymous-only,0,1,29,2932,"L×4, R×4, P×3, H×2, I×2, Q×2, S×2, T×2, A×1, C×1, F×1, G×1, K×1, N×1, V×1, W×1","GTG×809, TGG×498, CTA×402, CAA×285, TTG×263, CTG×120, AAA×117, ATA×81, GCC×74, AGG×54, CAG×39, TTC×31, AAC×30, TGC×26, CAT×25, TCG×13, GGA×12, ACA×11, CCC×10, AGC×9, CCA×9, ACG×6, CCG×2, AGA×1, ATC×1, CAC×1, CGA×1, CGG×1, TTA×1"
1155,nonsynonymous-only,0,1,29,3610,"I×3, S×3, T×3, V×3, A×2, E×2, F×2, G×2, N×2, C×1, D×1, H×1, K×1, L×1, P×1, Y×1","ACT×1138, ATT×825, AAT×407, GAA×275, ATA×260, TAT×118, TGT×88, AGT×84, ACC×79, GCA×68, AGC×58, TTC×55, AAC×46, GTA×31, CTC×21, GTT×17, GGT×13, ACA×6, AAA×4, CAC×3, GAG×3, GCT×2, GGA×2, GTC×2, ATC×1, CCT×1, GAT×1, TCT×1, TTT×1"
1156,nonsynonymous-only,0,1,15,2940,"C×2, K×2, L×2, S×2, E×1, F×1, Q×1, R×1, V×1, W×1, Y×1","CAA×1259, TAC×683, TGG×347, TTA×326, TCA×99, TGC×82, TTG×66, AAG×21, TCG×19, GTG×15, AAA×11, TGT×6, TTC×3, AGG×2, GAA×1"
1157,nonsynonymous-only,0,1,34,5000,"L×4, I×3, P×3, R×3, S×3, T×3, E×2, K×2, N×2, Q×2, Y×2, F×1, G×1, H×1, M×1, V×1","AAC×1363, CAG×753, ATT×541, CAA×476, AAA×470, GAG×216, ACA×194, CTC×144, AAG×136, ATA×129, CTG×105, CTA×87, CGG×76, ATG×74, AGA×44, TTC×37, AAT×27, ACG×27, AGC×20, CCG×15, CCC×14, CAC×12, CCA×12, TAT×7, GTG×5, AGT×4, ATC×3, CTT×2, TAC×2, ACT×1, AGG×1, GAA×1, GGC×1, TCC×1"
1158,nonsynonymous-only,0,1,4,19,"A×1, I×1, T×1, V×1","ATT×13, GCT×3, GTA×2, ACA×1"
1174,nonsynonymous-only,0,1,3,5,"V×2, L×1","CTC×2, GTA×2, GTG×1"
1175,nonsynonymous-only,0,1,3,18,"K×1, L×1, R×1","AAG×14, AGA×2, TTG×2"
1176,nonsynonymous-only,0,1,6,270,"K×2, C×1, N×1, R×1, Y×1","TGT×196, TAT×55, AAA×14, AAC×2, CGA×2, AAG×1"
1177,nonsynonymous-only,0,1,9,270,"C×2, V×2, I×1, L×1, N×1, T×1, W×1","GTC×184, TGC×29, TGT×26, CTC×13, GTT×12, ATA×2, TGG×2, AAC×1, ACG×1"
1178,nonsynonymous-only,0,1,8,270,"R×3, I×2, E×1, P×1, Q×1","CGT×208, CGA×29, AGA×26, ATC×2, GAG×2, ATT×1, CAA×1, CCT×1"
1179,nonsynonymous-only,0,1,12,1690,"F×2, L×2, S×2, C×1, I×1, M×1, P×1, Q×1, Y×1","TGC×551, TTC×385, TAC×281, TTT×214, TCA×114, CCA×37, TTA×36, TCC×32, TTG×26, ATC×12, ATG×1, CAA×1"
1180,nonsynonymous-only,0,1,28,4142,"L×4, R×4, I×3, K×2, P×2, Q×2, S×2, T×2, A×1, E×1, F×1, M×1, N×1, V×1, W×1","CGG×1817, CAG×990, ATC×368, ATG×274, TCA×163, CTG×112, AAA×101, CCA×63, CAA×55, TGG×38, ATT×37, TCG×33, CTT×21, ACA×13, GAA×12, GTC×9, ATA×7, GCC×6, CTC×5, TTC×4, CGC×3, AAC×2, ACC×2, CCG×2, CTA×2, AAG×1, AGG×1, CGA×1"
1181,nonsynonymous-only,0,1,15,2950,"R×3, K×2, L×2, P×2, E×1, G×1, I×1, S×1, T×1, V×1","AAA×1883, ATA×330, ACA×306, TCA×115, CCA×84, GAA×63, GTA×58, AAG×37, AGA×36, CTA×22, CCC×7, CGA×6, AGG×1, GGA×1, TTG×1"
1182,nonsynonymous-only,0,1,13,434,"P×4, D×1, E×1, H×1, I×1, K×1, N×1, Q×1, S×1, Y×1","GAT×141, AAA×92, AAT×50, CCA×41, ATA×27, CCG×24, GAA×24, CCT×21, CAC×6, TCA×4, CCC×2, CAA×1, TAC×1"
1183,nonsynonymous-only,0,1,3,8,"A×2, S×1","GCC×6, GCT×1, TCC×1"
1186,synonymous-only,1,0,2,2,R×2,"AGG×1, CGT×1"
1187,nonsynonymous-only,0,1,4,57,"G×1, I×1, T×1, V×1","ATA×45, GTA×10, ACC×1, GGA×1"
1188,nonsynonymous-only,0,1,6,86,"A×2, K×1, N×1, S×1, T×1","GCA×55, ACA×22, AAC×5, GCG×2, AAA×1, TCC×1"
1189,nonsynonymous-only,0,1,6,93,"A×2, F×1, G×1, I×1, Y×1","GGT×55, TTT×24, GCT×7, TAT×5, ATT×1, GCC×1"
1190,nonsynonymous-only,0,1,28,7045,"R×3, S×3, H×2, I×2, K×2, L×2, P×2, Q×2, T×2, V×2, D×1, F×1, G×1, N×1, W×1, Y×1","TCA×2218, AAC×1228, TGG×1068, TAC×673, TCG×437, TTC×244, CAG×230, GAC×198, CAC×143, ATC×91, AAG×90, ACA×83, CAA×55, CCA×38, ACG×34, AAA×33, AGG×32, TCT×29, GGT×27, CCG×24, CGG×19, CTC×17, GTG×11, CAT×8, ATT×6, AGA×3, CTA×3, GTA×3"
1191,nonsynonymous-only,0,1,32,8306,"A×4, L×3, R×3, S×3, C×2, D×2, F×2, H×2, I×2, N×2, Y×2, G×1, K×1, P×1, T×1, V×1","TCC×2193, CGT×1190, GAT×829, AAT×762, CTT×644, TTG×639, TGT×512, CAC×245, CCC×213, TAC×160, GCT×156, ACC×137, TAT×137, ATC×119, ATT×64, TTT×60, AGT×52, AGC×43, TGC×39, GCC×33, AAC×24, CTG×12, GTT×10, AGG×8, CAT×8, AAG×5, GCG×4, GGT×3, GAC×2, CGC×1, GCA×1, TTC×1"
1192,nonsynonymous-only,0,1,11,8504,"T×3, A×1, K×1, L×1, M×1, P×1, Q×1, R×1, S×1","CCA×3036, TCA×2762, ACA×2153, GCA×517, AAA×16, ACG×12, CTA×3, CAA×2, ACC×1, AGA×1, ATG×1"
1193,nonsynonymous-only,0,1,26,7292,"L×4, R×4, S×4, C×2, F×2, H×2, Q×2, Y×2, E×1, G×1, K×1, W×1","CAT×1903, CGG×1587, TGG×1119, TGC×619, CGC×553, TTC×392, TAC×225, TTT×225, TTG×96, TAT×94, CGA×93, TCA×90, CAA×85, CAC×63, TGT×38, CTT×29, TCT×27, TTA×13, AGG×11, GGG×10, CTC×8, AGC×6, AAG×3, CAG×1, GAG×1, TCG×1"
1194,nonsynonymous-only,0,1,23,8548,"A×3, S×3, L×2, N×2, Y×2, D×1, F×1, G×1, H×1, I×1, K×1, M×1, P×1, R×1, T×1, V×1","GTT×2305, TTT×2202, CCT×973, ATT×817, CTT×625, GAT×402, ACT×311, GCT×252, GGC×192, CGG×147, TTG×91, AAC×48, TCT×48, GCC×29, GCG×26, TAC×21, AGC×20, ATG×20, TAT×10, CAT×4, AAA×3, AAT×1, TCA×1"
1195,nonsynonymous-only,0,1,14,7794,"E×2, F×2, L×2, A×1, K×1, N×1, P×1, Q×1, S×1, T×1, W×1","AAG×2625, ACG×2423, GCG×1382, TCG×1016, CAG×220, AAT×55, CCG×33, GAG×15, GAA×14, TTC×4, TTG×3, TTT×2, CTA×1, TGG×1"
1196,nonsynonymous-only,0,1,15,8394,"A×2, I×2, Q×2, T×2, E×1, K×1, L×1, P×1, R×1, S×1, V×1","ACA×3748, CCA×2346, TCA×927, GCA×914, CAA×264, AAA×109, GCT×29, AGA×25, ATA×11, ATT×9, GTT×6, CTG×3, ACG×1, CAG×1, GAA×1"
1197,nonsynonymous-only,0,1,14,8506,"C×2, F×2, H×2, L×2, Y×2, D×1, G×1, K×1, N×1","TAC×5161, TTC×1843, CAC×683, GAC×433, TGC×173, CTC×63, TTT×56, AAC×41, TGT×29, AAA×13, CAT×4, TAT×4, CTT×2, GGG×1"
1198,nonsynonymous-only,0,1,28,7926,"I×3, L×3, V×3, F×2, P×2, T×2, A×1, C×1, D×1, E×1, G×1, H×1, K×1, N×1, Q×1, R×1, S×1, W×1, Y×1","ATT×1905, CCA×1595, ACA×1420, TCA×1084, GCA×473, CTT×417, TTA×267, TTT×195, AAT×144, TAT×138, CCG×119, CTA×50, GTT×28, TGG×20, GTA×16, TTC×15, GGT×14, AGG×5, GAT×5, AAG×3, CAA×3, ATA×2, ATC×2, TGC×2, ACT×1, CAT×1, GAA×1, GTC×1"
1199,nonsynonymous-only,0,1,20,8204,"R×4, C×2, D×2, H×2, L×2, Y×2, F×1, G×1, I×1, Q×1, S×1, W×1","TGC×6169, CGC×600, GGC×271, CGG×262, TGT×247, TGG×129, TTC×129, TTG×83, CGT×80, GAT×55, CAC×45, TAT×33, CTG×26, GAC×26, AGC×23, CAT×15, ATC×6, TAC×3, CAG×1, CGA×1"
1200,nonsynonymous-only,0,1,24,7756,"L×3, C×2, G×2, I×2, N×2, R×2, S×2, D×1, E×1, F×1, H×1, K×1, P×1, Q×1, V×1, Y×1","GAC×1911, AAC×1822, TTC×1681, CTC×492, AAG×479, CTA×390, TGC×233, ATC×218, AGC×149, GTC×89, TAC×86, CAC×55, CAG×43, TGT×29, GAG×24, TTA×23, CGC×10, GGC×10, AAT×4, AGT×3, ATA×2, CCT×1, CGT×1, GGG×1"
1201,nonsynonymous-only,0,1,32,8304,"S×5, A×3, L×3, T×3, D×2, I×2, K×2, P×2, Y×2, C×1, F×1, H×1, M×1, N×1, R×1, V×1, W×1","ACA×1833, TTT×1433, GTT×1171, TAT×726, ATT×676, CTT×631, AAT×594, GCT×438, TCG×152, ACT×132, TCT×121, AGT×67, TCA×61, ACG×53, GCA×46, AAG×38, AAA×27, TTA×22, GAT×21, CCT×14, TAC×13, AGA×8, ATG×6, AGC×5, CAT×4, TGT×3, ATA×2, CCA×2, CTA×2, GAC×1, GCG×1, TGG×1"
1202,nonsynonymous-only,0,1,28,8311,"L×4, S×3, C×2, E×2, G×2, H×2, I×2, V×2, A×1, F×1, M×1, N×1, P×1, Q×1, R×1, T×1, Y×1","TTT×2738, ATT×1459, CTT×989, GTT×921, AAT×594, TCT×494, GCT×392, AGT×247, AGC×141, TTG×56, ACT×52, TAT×41, GGC×31, CAT×29, CAC×26, GTG×26, TTA×23, GAG×12, TGC×9, CCT×8, TGT×7, CAA×6, CTA×3, CGC×2, GAA×2, ATC×1, ATG×1, GGT×1"
1203,nonsynonymous-only,0,1,30,8213,"S×4, L×3, A×2, D×2, F×2, I×2, N×2, T×2, V×2, Y×2, C×1, G×1, H×1, K×1, P×1, Q×1, R×1","ATT×2983, AAT×2431, GTT×714, TAT×396, ATA×299, GTA×280, GGC×163, ACG×147, ACT×136, AGC×132, CTT×103, TTT×97, TGC×78, GAT×68, TTA×51, TCT×27, TTC×26, CAA×18, CCT×18, AGT×11, CGC×7, TCG×7, AAA×6, TAC×4, CTA×3, GCT×3, AAC×2, CAT×1, GAC×1, GCG×1"
1204,nonsynonymous-only,0,1,4,74,"S×2, K×1, Q×1","AGC×53, CAA×12, AAA×6, TCA×3"
1205,nonsynonymous-only,0,1,4,43,"E×1, G×1, K×1, R×1","GGA×24, GAG×15, AGA×3, AAG×1"
1206,nonsynonymous-only,0,1,3,19,"C×1, K×1, R×1","TGC×11, CGC×5, AAA×3"
1208,nonsynonymous-only,0,1,3,24,"G×1, Q×1, R×1","AGA×10, CAA×8, GGA×6"
1209,nonsynonymous-only,0,1,3,24,"A×1, G×1, T×1","GCA×10, GGA×8, ACA×6"
1211,nonsynonymous-only,0,1,4,268,"T×2, A×1, S×1","GCA×202, ACA×39, ACC×26, TCA×1"
1212,nonsynonymous-only,0,1,38,5833,"S×5, G×3, I×3, P×3, R×3, V×3, A×2, D×2, E×2, H×2, K×2, N×2, Y×2, C×1, M×1, Q×1, T×1","AGC×1715, TGC×623, TAT×553, ATC×541, CCT×475, GCA×424, ATT×340, AGT×251, CAA×174, AGG×124, AAA×93, ACA×77, TCT×75, TCA×61, GAG×56, CAT×51, AAT×42, GGA×23, AAG×22, GTT×18, GGC×16, TAC×14, CAC×13, CCC×9, AGA×6, TCC×6, GTC×5, AAC×4, GCT×4, ATG×3, CGA×3, GAC×3, ATA×2, GAA×2, GAT×2, CCA×1, GGG×1, GTG×1"
1213,nonsynonymous-only,0,1,17,7555,"G×3, R×3, C×2, E×2, K×2, M×1, Q×1, V×1, W×1, Y×1","TGG×3170, AGG×2552, AGA×526, GGG×404, ATG×196, TGC×165, CGG×133, TGT×116, AAG×89, GGC×71, TAC×68, GGA×19, CAA×17, AAA×13, GAA×11, GAG×4, GTG×1"
1214,nonsynonymous-only,0,1,35,7912,"R×5, L×4, S×4, G×3, C×2, D×2, F×2, N×2, Q×2, T×2, Y×2, E×1, H×1, K×1, V×1, W×1","CGC×1923, AGC×1461, GGA×571, TGT×547, AAT×490, AGT×431, ACA×427, GAC×287, CAA×272, TAC×258, TGC×217, AGA×156, AAC×137, TAT×130, GGT×124, GGC×84, CGA×81, TTC×54, CAT×49, CTG×40, CTT×37, CAG×29, CGT×25, GAT×24, ACG×14, GTG×9, TCG×8, TTG×8, AAG×5, TTT×5, CTC×4, TGG×2, CGG×1, GAG×1, TCA×1"
1215,nonsynonymous-only,0,1,3,202,"F×2, S×1","TCC×147, TTT×29, TTC×26"
1217,nonsynonymous-only,0,1,2,55,"P×1, S×1","TCG×29, CCA×26"
1219,synonymous-only,1,0,2,55,H×2,"CAT×29, CAC×26"
1220,synonymous-only,1,0,2,55,E×2,"GAG×29, GAA×26"
1221,nonsynonymous-only,0,1,5,250,"E×1, G×1, P×1, R×1, S×1","GGA×150, GAA×55, AGA×32, CCG×12, TCG×1"
1222,nonsynonymous-only,0,1,3,37,"F×1, K×1, Y×1","TTT×26, TAT×10, AAG×1"
1223,nonsynonymous-only,0,1,5,65,"C×1, I×1, N×1, P×1, S×1","CCA×16, ATC×14, TCC×13, AAC×12, TGT×10"
1224,nonsynonymous-only,0,1,8,65,"E×1, H×1, K×1, M×1, N×1, R×1, V×1, Y×1","GTG×15, AGG×13, CAC×11, AAG×10, AAC×8, GAG×4, TAC×3, ATG×1"
1225,nonsynonymous-only,0,1,10,605,"I×2, V×2, A×1, F×1, L×1, P×1, R×1, S×1","GTC×480, GTT×82, ATT×21, CTT×9, CCT×5, ATC×4, CGA×1, GCT×1, TCT×1, TTT×1"
1226,nonsynonymous-only,0,1,36,6452,"R×5, I×3, L×3, S×3, C×2, F×2, G×2, H×2, K×2, N×2, Y×2, A×1, D×1, E×1, P×1, Q×1, T×1, V×1, W×1","GCG×1855, ACT×677, TTT×601, GGA×534, GAA×499, TGC×465, AGA×425, AAA×366, CAA×172, TCA×150, AAT×137, CTA×116, AGT×91, TAT×61, TAC×59, TGT×53, ATT×26, CCT×26, TTC×22, GAT×19, CGC×17, CGA×15, CGG×14, TCT×9, GGC×7, CTT×6, TTA×6, TGG×5, ATC×4, CAT×4, ATA×3, AAG×2, CAC×2, GTT×2, AAC×1, AGG×1"
1227,nonsynonymous-only,0,1,40,8325,"S×5, G×4, L×4, I×3, V×3, A×2, C×2, D×2, E×2, K×2, N×2, T×2, Y×2, F×1, H×1, M×1, Q×1, R×1","GAC×1861, GTA×773, ATA×757, GGT×638, AGA×517, AAT×510, ATC×431, CAG×431, GAT×388, GGA×338, GTT×299, TGT×229, ACG×182, AGT×164, TGC×103, ACA×92, TCA×65, TAC×64, TAT×60, AAG×58, TTC×54, CAT×48, GAA×36, AAC×33, AGC×33, TCG×29, GCG×26, TTA×20, TCT×15, ATG×14, GCA×14, CTA×13, GAG×13, GGC×7, GGG×4, ATT×2, AAA×1, CTC×1, CTT×1, GTC×1"
1228,nonsynonymous-only,0,1,19,8442,"S×3, C×2, N×2, Y×2, A×1, D×1, F×1, G×1, H×1, I×1, L×1, P×1, Q×1, R×1","AGT×2229, CGT×1613, CAT×1176, TAT×827, TGT×827, AAT×726, GAT×541, TTT×245, TAC×63, TCT×57, GGT×54, AAC×45, CTT×13, CCT×8, GCT×6, ATT×5, CAA×5, AGC×1, TGC×1"
1229,nonsynonymous-only,0,1,24,7407,"S×4, F×2, G×2, K×2, P×2, A×1, C×1, E×1, I×1, L×1, M×1, N×1, Q×1, R×1, T×1, V×1, Y×1","TCA×2997, TTC×1424, AAA×514, CCA×503, AAG×468, GGC×308, AGC×244, ATC×231, CAA×126, ACA×118, GAA×94, GCA×66, TAT×66, CTC×64, TCG×46, ATG×38, AGA×27, TGC×24, TCT×21, TTT×15, AAT×6, GTA×5, CCG×1, GGA×1"
1230,nonsynonymous-only,0,1,26,7991,"S×5, I×3, R×3, G×2, K×2, V×2, A×1, C×1, D×1, E×1, L×1, N×1, Q×1, T×1, Y×1","AGA×3836, AAC×1343, GGA×1020, GAC×406, GTC×381, ATA×196, TCG×192, AAA×172, AAG×96, ACA×77, TGC×54, AGG×44, TCA×38, TTG×38, GCA×29, TAT×15, GAA×13, CAA×10, AGC×8, AGT×6, GTA×4, TCC×4, ATC×3, CGA×3, GGG×2, ATT×1"
1231,nonsynonymous-only,0,1,31,8248,"S×4, L×3, P×3, T×3, A×2, G×2, K×2, R×2, C×1, D×1, E×1, F×1, I×1, M×1, N×1, Q×1, V×1, W×1","TCG×2104, ATT×1870, ACG×1390, AAG×723, ATG×428, GCT×361, CAG×314, TTT×196, ACA×135, GCG×132, TTG×91, CCG×84, GTT×68, TGC×54, CCT×53, AGC×48, GAG×40, ACT×35, TCA×35, GAT×25, CCA×18, CGA×10, CGC×10, GGC×7, TCT×6, AAA×4, GGA×2, TGG×2, AAT×1, CTG×1, CTT×1"
1232,nonsynonymous-only,0,1,6,268,"I×3, L×1, Q×1, V×1","ATA×196, ATT×39, GTT×16, CAG×8, CTA×5, ATC×4"
1241,nonsynonymous-only,0,1,3,51,"I×2, A×1","ATC×38, ATT×12, GCT×1"
1243,nonsynonymous-only,0,1,2,13,"L×1, S×1","TTA×12, TCA×1"
1244,synonymous-only,1,0,5,49,S×5,"TCA×17, TCG×12, AGC×10, TCC×7, TCT×3"
1245,nonsynonymous-only,0,1,6,304,"Q×2, L×1, P×1, R×1, S×1","TTA×196, CAA×36, CAG×29, CCA×26, AGA×13, TCC×4"
1246,nonsynonymous-only,0,1,8,278,"S×3, A×2, R×2, N×1","AGT×215, TCG×29, AGA×12, GCA×9, AGC×7, AAT×4, CGA×1, GCG×1"
1247,nonsynonymous-only,0,1,9,169,"V×4, L×3, E×1, K×1","CTA×68, TTA×48, GTA×13, GAA×12, GTT×12, GTG×7, CTC×4, GTC×4, AAA×1"
1248,nonsynonymous-only,0,1,4,165,"T×2, N×1, R×1","AAT×61, AGG×55, ACT×36, ACC×13"
1249,nonsynonymous-only,0,1,9,177,"L×4, V×2, I×1, K×1, M×1","ATG×61, ATA×39, AAA×29, TTA×22, TTG×10, GTG×7, GTC×5, CTT×3, CTG×1"
1250,nonsynonymous-only,0,1,21,8407,"R×6, G×4, T×4, N×2, S×2, A×1, H×1, K×1","GGA×5102, GGT×1601, GGC×561, GGG×371, AAC×249, AAT×246, ACA×71, AGC×38, ACC×30, CGA×26, ACG×25, ACT×19, CAT×13, AAA×12, CGT×9, AGA×8, CGG×7, AGT×6, CGC×6, AGG×5, GCT×2"
1251,nonsynonymous-only,0,1,5,420,"H×2, Q×2, E×1","CAT×379, CAA×18, CAG×18, CAC×4, GAG×1"
1252,nonsynonymous-only,0,1,4,41,"F×2, K×1, V×1","TTC×24, TTT×12, GTT×4, AAG×1"
1253,nonsynonymous-only,0,1,29,7972,"S×6, A×4, T×4, I×3, E×2, K×2, N×2, V×2, L×1, Q×1, R×1, W×1","GCT×1957, AAG×1449, TCT×1091, GAA×724, GCA×658, AGT×625, TCA×364, AAA×289, ACA×224, ACT×84, GAG×76, TGG×74, GCC×61, TCG×61, TCC×50, AGG×38, AGC×32, GTA×23, ATC×21, ATA×20, ACC×15, AAT×11, ACG×8, GCG×7, GTT×6, AAC×1, ATT×1, CAA×1, CTG×1"
1254,nonsynonymous-only,0,1,25,7955,"S×6, L×4, D×2, E×2, G×2, N×2, R×2, T×2, C×1, H×1, K×1","AAT×3392, GAT×917, GAC×623, TCT×612, CGT×550, AGT×507, TCG×399, TCA×232, AAC×200, AGC×127, GAG×119, AGA×74, TCC×61, GGA×33, GGT×30, CAT×23, AAA×17, GAA×16, TTG×11, CTA×4, TTA×4, ACA×1, ACT×1, CTT×1, TGC×1"
1255,nonsynonymous-only,0,1,36,7885,"L×5, S×4, T×4, V×4, A×3, I×3, P×3, K×2, Q×2, R×2, Y×2, F×1, M×1","TTA×2403, ATT×2135, ATA×916, ATG×443, TAT×441, GTG×344, AGT×288, GTT×244, ACA×118, AAA×96, GTA×70, ATC×67, TCT×52, CCA×40, GTC×40, AGA×38, ACC×34, AAG×21, TTG×15, ACG×12, GCG×12, GCT×12, CAA×11, ACT×9, CCT×6, TTC×4, GCA×3, CCC×2, CTC×2, AGC×1, CAG×1, CGA×1, CTG×1, CTT×1, TAC×1, TCC×1"
1257,nonsynonymous-only,0,1,3,469,"L×1, P×1, R×1","CTT×377, AGA×91, CCT×1"
1258,nonsynonymous-only,0,1,23,8065,"R×3, D×2, H×2, L×2, N×2, S×2, Y×2, C×1, F×1, G×1, I×1, K×1, P×1, T×1, W×1","AAC×3113, TAT×1260, GAC×1061, CAC×891, AAT×657, TAC×361, CGC×292, AGA×127, ACA×119, AGT×84, CAT×23, CTT×15, TGG×13, GAT×12, TGT×9, CGT×7, GGA×5, CCC×4, TTT×4, AAA×3, CTC×3, AGC×1, ATT×1"
1259,nonsynonymous-only,0,1,20,8348,"D×2, G×2, H×2, N×2, S×2, V×2, Y×2, A×1, I×1, K×1, P×1, Q×1, R×1","AAC×5598, TAC×1195, CAC×577, GAC×527, GTC×119, AAT×91, AAA×54, AGC×42, AGA×36, GCT×26, GAT×24, TAT×24, CCG×11, ATT×8, CAT×5, CAA×4, GGT×3, GTT×2, AGT×1, GGC×1"
1260,nonsynonymous-only,0,1,3,12,"D×1, G×1, S×1","GAT×8, TCT×3, GGG×1"
1261,nonsynonymous-only,0,1,10,198,"K×2, R×2, A×1, E×1, G×1, I×1, N×1, V×1","AAA×68, AGA×43, GAA×21, AAG×19, AAC×14, GCT×13, ATA×11, AGG×5, GGA×2, GTA×2"
1262,nonsynonymous-only,0,1,11,197,"S×3, F×2, L×2, H×1, N×1, P×1, Y×1","TAT×86, TTC×26, TCT×18, CCT×15, TCC×14, TTT×14, CTT×9, TCA×8, AAC×3, CAT×3, TTA×1"
1263,nonsynonymous-only,0,1,13,449,"I×2, N×2, R×2, S×2, D×1, G×1, K×1, M×1, T×1","ATA×126, ATG×76, ACG×68, TCA×61, AGA×38, GGC×27, AAT×20, ATT×15, AAG×9, AGT×6, AAC×1, AGG×1, GAT×1"
1264,nonsynonymous-only,0,1,24,4315,"L×4, R×3, S×3, E×2, K×2, Q×2, G×1, I×1, M×1, N×1, T×1, V×1, W×1, Y×1","TGG×1886, AAG×668, CTA×437, GAG×385, CAA×225, TAC×167, AAA×106, GAA×89, TTG×64, CTG×54, CGG×48, TTA×46, ATG×42, CGA×26, ACA×15, AGA×13, TCA×12, CAG×11, ATC×9, GTC×4, GGA×3, TCG×3, AAC×1, AGC×1"
1265,synonymous-only,1,0,3,391,T×3,"ACC×320, ACT×58, ACA×13"
1266,nonsynonymous-only,0,1,4,391,"L×2, T×2","TTA×377, ACT×12, ACC×1, CTT×1"
1268,nonsynonymous-only,0,1,2,14,"D×1, N×1","GAT×13, AAC×1"
1269,nonsynonymous-only,0,1,27,8320,"T×4, V×4, I×3, R×3, F×2, H×2, K×2, L×2, Y×2, M×1, N×1, S×1","ATA×2287, ACT×1796, GTT×1213, AAA×626, TTA×448, ACA×356, ATT×326, ACC×242, CGC×236, ATC×206, ACG×179, CGT×141, AAG×80, ATG×66, TAT×25, GTA×20, GTC×18, CAT×16, TTC×11, CAC×8, AGT×5, TAC×5, GTG×3, TTT×3, AAT×2, CGA×1, CTT×1"
1270,nonsynonymous-only,0,1,15,8271,"P×4, H×2, L×2, Y×2, C×1, D×1, E×1, F×1, S×1","TAT×6976, TAC×892, CAT×119, CCT×61, TTC×61, CCA×47, CAC×38, CTA×29, GAA×25, TTG×7, CCG×5, TGT×4, CCC×3, GAT×2, TCG×2"
1271,nonsynonymous-only,0,1,11,202,"L×3, D×2, N×2, F×1, I×1, K×1, S×1","GAT×64, AAC×32, ATC×27, AGC×25, CTT×22, AAT×21, CTG×5, AAA×2, TTT×2, GAC×1, TTG×1"
1274,nonsynonymous-only,0,1,30,8221,"L×4, S×3, V×3, A×2, C×2, G×2, H×2, P×2, T×2, D×1, F×1, I×1, N×1, Q×1, R×1, W×1, Y×1","CGC×1901, GCG×1189, GAC×905, CAC×841, CTC×647, GGC×615, TGC×550, TTG×417, GCC×201, AAC×191, CTG×182, ATC×123, TAC×92, GTC×83, TCG×54, TCC×52, TTC×47, CAT×38, GTG×27, ACC×20, CCC×15, TTA×13, TCA×6, ACT×4, TGT×3, CAG×1, CCT×1, GGG×1, GTA×1, TGG×1"
1275,nonsynonymous-only,0,1,22,8197,"T×4, I×3, A×2, K×2, R×2, V×2, E×1, G×1, H×1, M×1, Q×1, S×1, W×1","ATG×3592, ATA×959, ATT×864, ATC×650, ACC×603, GGA×375, ACT×355, ACA×241, ACG×233, AAG×168, GTT×48, GCA×41, AAA×27, GAA×13, GTA×9, TGG×6, AGA×3, GCT×3, AGG×2, CAA×2, CAT×2, TCG×1"
1276,nonsynonymous-only,0,1,26,5369,"R×5, L×4, S×3, C×2, F×2, K×2, V×2, Y×2, H×1, N×1, Q×1, W×1","TTT×1649, TGC×939, TTA×685, TAT×650, TCA×590, TGT×226, TCT×211, CAA×131, CGT×90, AAG×48, AAT×47, GTA×29, AAA×17, CAT×15, CTA×8, TAC×5, CTT×4, GTG×4, TCC×4, TGG×4, CGA×3, TTC×3, AGA×2, AGG×2, CGG×2, CTC×1"
1277,nonsynonymous-only,0,1,38,4337,"L×6, T×4, G×3, P×3, A×2, F×2, H×2, I×2, Q×2, R×2, S×2, V×2, C×1, D×1, E×1, M×1, N×1, Y×1","CTG×995, ATC×798, TTC×531, CAA×321, CCC×311, CAT×193, CTC×185, TTG×140, ATA×119, CTA×93, TTT×62, CAC×61, CAG×57, CGT×57, TAC×53, CCG×52, CGA×50, ATG×43, CCA×42, GTC×36, ACC×25, CTT×23, TTA×18, GCT×15, TGC×9, GGA×8, GGT×8, TCA×7, GTG×6, GAC×4, ACG×3, GAA×3, ACA×2, GGC×2, TCG×2, AAC×1, ACT×1, GCG×1"
1278,nonsynonymous-only,0,1,39,5873,"L×6, R×6, P×3, T×3, E×2, I×2, K×2, Q×2, S×2, V×2, Y×2, A×1, C×1, F×1, H×1, M×1, N×1, W×1","AAG×1315, AGG×885, ATG×781, CAA×583, CAG×489, CTC×311, AAA×193, CTG×193, ACG×169, CGA×161, ATA×133, CTA×126, GAA×119, TGG×59, TTT×54, CGG×49, AGA×41, CAC×37, CTT×28, AAC×23, ATC×23, TTG×19, TTA×15, ACA×11, TGT×10, CCG×7, AGT×6, CCA×5, GTC×5, CGT×4, ACC×3, GTA×3, TCG×3, CGC×2, GAG×2, TAC×2, TAT×2, CCT×1, GCC×1"
1279,nonsynonymous-only,0,1,6,179,"S×2, D×1, I×1, N×1, P×1","AAC×60, AGC×54, CCC×52, TCC×10, ATA×2, GAC×1"
1280,nonsynonymous-only,0,1,3,56,"C×1, N×1, T×1","AAC×53, TGC×2, ACT×1"
1282,nonsynonymous-only,0,1,3,5,"D×2, G×1","GAT×2, GGC×2, GAC×1"
1283,nonsynonymous-only,0,1,2,5,"G×1, R×1","AGA×3, GGA×2"
1284,synonymous-only,1,0,2,3,R×2,"CGA×2, CGT×1"
1285,synonymous-only,1,0,2,3,F×2,"TTT×2, TTC×1"
1287,synonymous-only,1,0,2,3,A×2,"GCG×2, GCA×1"
1288,nonsynonymous-only,0,1,2,3,"Q×1, V×1","GTT×2, CAA×1"
1289,nonsynonymous-only,0,1,5,32,"L×2, A×1, I×1, K×1","ATA×23, AAA×3, TTG×3, GCG×2, TTA×1"
1290,nonsynonymous-only,0,1,4,446,"L×3, M×1","CTA×226, TTA×216, CTC×3, ATG×1"
1291,nonsynonymous-only,0,1,10,565,"E×2, N×2, S×2, D×1, I×1, R×1, T×1","GAG×435, AAT×61, AGA×54, GAA×5, ACC×3, AAC×2, TCC×2, AGC×1, ATT×1, GAT×1"
1292,nonsynonymous-only,0,1,36,7244,"A×4, S×4, T×4, V×4, G×3, R×3, D×2, I×2, K×2, N×2, E×1, F×1, L×1, M×1, Q×1, Y×1","AAG×1912, GAA×1605, GTT×567, AAT×470, GTA×453, ACC×312, AGC×298, TTT×190, GGA×177, GCA×175, ATG×172, ACA×125, GTG×107, GCT×95, TAT×91, AGT×74, TCT×70, CGA×53, AGA×45, AAC×41, CAA×41, AAA×38, TTA×38, ATT×36, ACG×20, ACT×10, GCC×7, TCC×6, GCG×4, GGT×4, GAT×2, GGG×2, AGG×1, ATC×1, GAC×1, GTC×1"
1293,nonsynonymous-only,0,1,26,7326,"I×3, R×3, S×3, E×2, G×2, K×2, N×2, Q×2, T×2, A×1, D×1, L×1, M×1, P×1","AAA×2904, GAA×1515, ACT×487, AAT×485, CAG×472, CAA×404, TCC×266, ATA×171, AAG×150, GAG×140, CCT×78, AGA×74, AAC×68, ATT×35, GAT×28, ATG×10, GCA×10, TCT×8, CGT×7, ACA×4, TTG×3, AGT×2, ATC×2, CGG×1, GGA×1, GGT×1"
1294,nonsynonymous-only,0,1,5,2337,"D×1, F×1, S×1, V×1, Y×1","GTT×1855, GAT×440, TAT×38, TTT×3, TCT×1"
1295,nonsynonymous-only,0,1,4,2296,"N×2, Y×2","TAC×1855, AAC×360, AAT×80, TAT×1"
1297,nonsynonymous-only,0,1,3,5,"T×2, V×1","ACA×3, ACG×1, GTA×1"
1299,nonsynonymous-only,0,1,3,379,"D×2, N×1","GAC×219, GAT×159, AAT×1"
1301,synonymous-only,1,0,2,2,D×2,"GAC×1, GAT×1"
1302,nonsynonymous-only,0,1,2,3,"G×1, T×1","GGC×2, ACA×1"
1303,nonsynonymous-only,0,1,2,3,"D×1, E×1","GAA×2, GAC×1"
1304,nonsynonymous-only,0,1,2,3,"E×1, N×1","GAA×2, AAT×1"
1305,synonymous-only,1,0,2,3,P×2,"CCT×2, CCA×1"
1306,nonsynonymous-only,0,1,33,7886,"L×3, R×3, T×3, V×3, A×2, D×2, E×2, F×2, I×2, K×2, N×2, S×2, Y×2, H×1, M×1, Q×1","AAA×4226, GAA×797, GAG×628, GAT×503, CGA×317, CAA×306, ACT×274, TTA×158, AAG×121, GTT×71, AGA×61, ATT×58, GTA×58, ATA×53, CAC×33, TTT×32, AAT×31, TTC×31, ATG×22, GCT×22, TTG×21, CGG×12, GCA×11, ACA×9, TCA×7, GAC×6, TAT×6, AAC×3, TAC×3, AGT×2, GTG×2, ACC×1, CTA×1"
1307,nonsynonymous-only,0,1,35,7556,"R×5, S×4, T×4, G×3, V×3, A×2, D×2, E×2, I×2, K×2, N×2, Q×2, L×1, Y×1","AAA×3072, GAA×2442, GAT×474, CGT×427, AAG×327, CGA×153, AGA×91, TCA×84, GAG×66, ACT×54, AGC×50, ACG×38, GCA×38, CAG×37, AAT×36, GTG×34, AGG×28, ATT×20, GAC×15, GCG×8, GTT×8, GGC×7, GTA×7, AGT×6, TAT×5, AAC×4, ACA×4, ACC×4, GGT×4, CAA×3, GGA×3, CGG×2, TCT×2, TTA×2, ATC×1"
1308,nonsynonymous-only,0,1,35,7393,"S×6, L×5, A×4, T×4, V×4, I×3, P×3, N×2, D×1, F×1, M×1, Y×1","ATT×2308, ACA×1404, GCA×999, ACC×359, GTC×308, ACT×300, ATA×277, CCT×225, TCT×217, GCT×200, TAT×119, GTA×104, TTA×100, ACG×96, ATG×64, CCA×55, TTT×47, CTC×44, TCG×33, TCA×27, GTT×26, CTG×18, GCC×10, GCG×9, ATC×8, GAT×8, GTG×8, AAT×5, CCG×4, AGC×3, TTG×3, AAC×2, AGT×1, CTA×1, TCC×1"
1309,nonsynonymous-only,0,1,40,7505,"L×6, A×4, G×4, T×4, I×3, P×3, R×3, S×3, N×2, V×2, D×1, E×1, F×1, K×1, M×1, Y×1","ATC×1861, GCT×1688, GCA×1135, ACA×511, ATG×440, ATT×257, GTA×180, GAA×162, ACC×153, CTG×149, GCC×115, TTA×87, GGT×86, CGA×74, TTG×72, ACT×60, CCA×59, AAT×54, GTT×54, GCG×42, AGT×38, CTT×27, TTT×26, AGC×25, TAT×25, AAA×23, CTA×23, CGT×17, GGC×14, ATA×10, CCG×9, TCA×6, GGA×4, GGG×4, AAC×3, AGG×3, CCT×3, ACG×2, CTC×2, GAT×2"
1310,nonsynonymous-only,0,1,33,7519,"S×4, V×4, R×3, T×3, A×2, D×2, E×2, I×2, K×2, N×2, Q×2, F×1, G×1, H×1, L×1, Y×1","GAA×2584, GAT×1937, AAT×833, CGC×364, AAA×332, GTA×237, AAC×229, GTG×141, ACT×137, TCT×117, CGT×101, AGA×93, CAA×79, AAG×61, GAC×57, TTT×45, TAT×35, AGC×29, GCA×28, AGT×23, CTT×16, GAG×8, GCT×7, ACC×6, ATT×6, CAT×3, GTT×3, CAG×2, GTC×2, ACA×1, ATC×1, GGT×1, TCC×1"
1311,nonsynonymous-only,0,1,17,3292,"R×3, E×2, K×2, S×2, V×2, A×1, H×1, L×1, N×1, Q×1, W×1","CGT×1912, AAA×521, CAT×440, GAA×282, TTG×49, TGG×32, GAG×23, CAA×6, AGA×5, AAG×4, AGG×4, GCT×4, AAT×3, GTC×2, GTT×2, TCT×2, TCG×1"
1312,nonsynonymous-only,0,1,12,1438,"L×5, F×2, I×2, A×1, M×1, T×1","TTG×723, CTG×306, CTT×151, ATG×75, TTA×66, TTC×49, ATT×25, TTT×23, ACT×10, ATC×6, CTA×3, GCT×1"
1313,nonsynonymous-only,0,1,18,1372,"S×4, A×3, T×3, D×2, K×2, E×1, G×1, N×1, R×1","AAT×538, ACA×308, AAG×245, AGT×76, GAA×54, GAC×49, AGA×36, AAA×32, ACT×10, GCC×6, GAT×4, TCA×3, ACC×2, GCA×2, GCG×2, GGT×2, TCC×2, TCT×1"
1314,nonsynonymous-only,0,1,10,82,"G×4, S×2, A×1, D×1, E×1, N×1","TCC×49, GGT×12, AGT×6, GGA×5, GGC×3, GAG×2, GGG×2, AAT×1, GAT×1, GCT×1"
1315,nonsynonymous-only,0,1,7,28,"N×2, S×2, E×1, I×1, V×1","AGC×8, AGT×7, AAT×6, AAC×2, GAA×2, GTT×2, ATT×1"
1316,nonsynonymous-only,0,1,2,3,"D×1, E×1","GAG×2, GAT×1"
1317,nonsynonymous-only,0,1,2,3,"M×1, Q×1","CAA×2, ATG×1"
1318,nonsynonymous-only,0,1,2,3,"A×1, E×1","GAG×2, GCG×1"
1319,synonymous-only,1,0,2,3,L×2,"TTG×2, TTA×1"
1320,nonsynonymous-only,0,1,5,26,"L×2, S×2, F×1","TCA×11, TTG×7, TTA×3, TTC×3, TCC×2"
1323,nonsynonymous-only,0,1,13,1236,"R×3, C×1, F×1, H×1, I×1, K×1, L×1, N×1, S×1, V×1, Y×1","AAT×571, AAG×558, AGC×58, AGG×28, CAT×9, AGA×4, GTT×2, ATT×1, CGT×1, CTG×1, TAT×1, TGT×1, TTT×1"
1324,nonsynonymous-only,0,1,10,1236,"S×2, C×1, D×1, H×1, I×1, K×1, N×1, R×1, V×1","AAT×550, TGT×306, AGT×274, CAT×58, AAG×36, AGA×4, GAT×4, GTG×2, ATT×1, TCT×1"
1325,nonsynonymous-only,0,1,8,1427,"E×1, F×1, G×1, H×1, K×1, Q×1, R×1, S×1","GAA×550, CGA×440, CAT×306, TTC×58, AAA×38, GGA×27, CAA×6, TCA×2"
1326,nonsynonymous-only,0,1,10,684,"F×2, L×2, Y×2, C×1, K×1, R×1, S×1","TCA×318, TGT×267, CTT×58, TTC×24, CGT×6, TTT×5, CTG×2, TAC×2, AAA×1, TAT×1"
1327,nonsynonymous-only,0,1,10,396,"D×2, G×2, A×1, C×1, E×1, K×1, R×1, V×1","GCA×306, GGA×37, GAG×30, CGA×7, AAG×4, GAC×3, GAT×3, GGG×2, GTC×2, TGC×2"
1330,nonsynonymous-only,0,1,5,247,"T×2, C×1, H×1, N×1","ACT×187, AAT×29, CAT×26, ACC×3, TGT×2"
1332,nonsynonymous-only,0,1,6,643,"K×2, L×2, I×1, Q×1","AAA×306, TTA×274, AAG×58, ATT×2, CAG×2, CTT×1"
1333,nonsynonymous-only,0,1,8,646,"L×4, A×1, G×1, P×1, Q×1","GCG×306, CTA×216, CAA×60, CTG×55, GGA×3, TTA×3, CCA×2, CTC×1"
1334,nonsynonymous-only,0,1,5,644,"N×2, I×1, K×1, S×1","AAA×307, ATC×210, AAC×118, AGC×6, AAT×3"
1335,nonsynonymous-only,0,1,6,646,"K×1, P×1, Q×1, R×1, V×1, Y×1","AAA×317, TAC×306, GTA×17, AGA×3, CAA×2, CCA×1"
1336,nonsynonymous-only,0,1,4,646,"I×2, T×2","ACA×329, ATA×254, ATT×61, ACT×2"
1337,nonsynonymous-only,0,1,6,641,"E×1, K×1, L×1, M×1, S×1, W×1","GAG×306, TGG×265, ATG×58, TCG×8, AAA×3, TTG×1"
1338,nonsynonymous-only,0,1,5,583,"R×2, E×1, L×1, S×1","AGA×306, CTT×251, TCT×20, CGT×3, GAA×3"
1339,nonsynonymous-only,0,1,9,628,"R×2, K×1, L×1, M×1, Q×1, T×1, V×1, W×1","AGA×306, CGG×247, GTG×35, CAG×18, CTG×8, ATG×7, AAA×3, ACT×3, TGG×1"
1340,nonsynonymous-only,0,1,18,1380,"T×4, K×2, Q×2, R×2, S×2, E×1, G×1, H×1, L×1, M×1, V×1","ATG×551, AGT×307, AGG×254, ACT×58, AAG×46, AGA×43, CAG×38, ACC×25, AAA×16, GGA×15, GAG×10, GTA×4, AGC×3, CAT×3, CTT×3, CAA×2, ACA×1, ACG×1"
1341,nonsynonymous-only,0,1,26,4350,"S×4, L×3, P×3, F×2, N×2, Q×2, C×1, H×1, I×1, K×1, M×1, R×1, T×1, V×1, W×1, Y×1","TGG×1254, TTT×968, TCA×594, TTG×483, TTA×366, TAT×155, ATA×146, CAA×119, TCT×77, CCC×41, TCG×40, CGA×31, CAG×17, CTG×13, AAT×12, AAG×7, TCC×6, AAC×4, CCA×4, CCT×3, ACG×2, ATG×2, TGT×2, TTC×2, CAT×1, GTA×1"
1342,nonsynonymous-only,0,1,28,3901,"L×6, P×4, R×4, H×2, I×2, K×2, Q×2, S×2, E×1, M×1, V×1, W×1","ATA×1277, GTA×538, AAA×439, CTG×389, CAA×225, ATG×215, AGA×178, TCA×150, CGA×128, CCA×120, CAG×82, CTA×63, CTT×21, AAG×20, CCC×8, TTG×7, TTA×6, AGG×5, CCT×5, CGG×4, CTC×4, GAA×4, TCG×4, CAC×3, CAT×2, TGG×2, ATT×1, CCG×1"
1343,nonsynonymous-only,0,1,28,2467,"T×4, I×2, K×2, L×2, N×2, R×2, S×2, V×2, A×1, C×1, D×1, E×1, F×1, H×1, M×1, P×1, Q×1, Y×1","AAT×528, GCT×484, ACG×464, AAA×236, ATT×127, ATA×112, ACT×75, AAG×69, AGC×67, TTC×54, GAA×48, AGT×43, CCT×27, TAT×27, CAA×26, CTT×18, ATG×15, GTG×15, AAC×5, AGA×5, AGG×5, GAT×4, CAT×3, CTA×3, ACA×2, ACC×2, GTC×2, TGT×1"
1344,nonsynonymous-only,0,1,8,78,"F×1, I×1, K×1, N×1, R×1, S×1, T×1, V×1","AGT×38, AAA×9, AAT×9, AGA×8, ACA×7, TTT×4, GTA×2, ATC×1"
1345,nonsynonymous-only,0,1,8,72,"D×1, H×1, I×1, K×1, L×1, Q×1, S×1, Y×1","TAT×42, CAA×13, ATC×6, CTA×3, GAT×3, AAA×2, AGC×2, CAT×1"
1346,nonsynonymous-only,0,1,8,33,"I×2, N×2, A×1, K×1, P×1, R×1","AAA×8, AGA×8, AAT×4, CCG×4, AAC×3, GCG×3, ATA×2, ATC×1"
1347,nonsynonymous-only,0,1,6,29,"L×2, E×1, F×1, G×1, Y×1","TTG×12, TTA×6, GAG×4, GGA×3, TAC×2, TTT×2"
1348,nonsynonymous-only,0,1,3,10,"Q×2, V×1","GTT×4, CAA×3, CAG×3"
1349,nonsynonymous-only,0,1,2,7,"F×1, Q×1","TTC×4, CAA×3"
1352,nonsynonymous-only,0,1,7,52,"S×3, A×1, E×1, I×1, V×1","TCG×26, TCA×13, GAA×4, GCA×4, GTA×3, AGT×1, ATA×1"
1353,nonsynonymous-only,0,1,5,52,"D×1, N×1, S×1, V×1, Y×1","TCC×25, GAC×21, TAT×4, AAC×1, GTC×1"
1354,nonsynonymous-only,0,1,7,56,"L×2, S×2, F×1, Q×1, R×1","CTA×26, CGG×15, TCA×4, TTT×4, CAG×3, TCG×2, TTG×2"
1355,nonsynonymous-only,0,1,6,345,"N×2, K×1, R×1, S×1, T×1","AAT×189, AAC×141, AAA×6, ACT×4, AGA×4, AGT×1"
1356,nonsynonymous-only,0,1,5,345,"A×1, G×1, K×1, R×1, T×1","GCT×167, ACA×147, GGT×23, AAA×4, AGG×4"
1357,nonsynonymous-only,0,1,13,2702,"A×3, L×2, V×2, K×1, N×1, P×1, R×1, S×1, T×1","CCT×1855, GTT×608, AAA×147, AAT×27, GCT×26, GTC×21, AGC×4, CTC×4, AGA×3, CTT×3, ACT×2, GCC×1, GCG×1"
1358,nonsynonymous-only,0,1,19,4162,"D×2, G×2, I×2, N×2, T×2, Y×2, A×1, H×1, L×1, P×1, R×1, S×1, V×1","CGT×1865, AAT×1621, GAT×484, CAT×49, AAC×40, GAC×37, AGT×26, GGT×8, GCC×6, CCT×5, ACC×4, GGA×4, ATC×3, ATT×2, CTT×2, GTT×2, TAC×2, ACT×1, TAT×1"
1359,nonsynonymous-only,0,1,21,3308,"L×3, P×3, S×3, A×2, F×2, I×2, C×1, G×1, N×1, Q×1, R×1, V×1","GCA×1855, GTA×440, TTA×336, ATA×309, TCA×47, TCC×47, TTC×38, CCG×34, TCG×32, GCT×30, CTG×27, TTG×24, TTT×22, CCA×20, CCT×20, AAT×16, TGT×4, CAA×3, ATT×2, CGC×1, GGA×1"
1360,nonsynonymous-only,0,1,21,854,"L×5, F×2, P×2, R×2, S×2, A×1, D×1, K×1, M×1, Q×1, T×1, V×1, Y×1","TTA×368, CTA×276, CTG×76, TCA×36, TTT×34, TAC×21, ACG×9, TCG×9, ATG×4, CCG×3, TTG×3, AAA×2, CCA×2, CGG×2, GAC×2, GTG×2, CAG×1, CGT×1, CTT×1, GCA×1, TTC×1"
1361,nonsynonymous-only,0,1,3,6,"A×1, F×1, S×1","TTT×3, TCC×2, GCC×1"
1369,nonsynonymous-only,0,1,6,68,"D×1, F×1, I×1, L×1, T×1, V×1","ACT×59, CTC×3, GAT×2, TTT×2, ATT×1, GTT×1"
1370,nonsynonymous-only,0,1,6,68,"I×2, F×1, L×1, M×1, T×1","ACT×57, ATG×3, ATT×3, TTA×2, TTC×2, ATC×1"
1371,synonymous-only,1,0,2,5,P×2,"CCT×3, CCA×2"
1372,synonymous-only,1,0,2,5,F×2,"TTC×3, TTT×2"
1375,synonymous-only,1,0,2,5,I×2,"ATA×3, ATC×2"
1378,nonsynonymous-only,0,1,2,5,"A×1, K×1","GCA×3, AAA×2"
1379,nonsynonymous-only,0,1,11,103,"R×3, L×2, A×1, G×1, H×1, I×1, K×1, T×1","CGA×58, ATT×27, CTA×3, GCA×3, ACA×2, AGA×2, CAT×2, CGT×2, TTG×2, AAA×1, GGT×1"
1380,nonsynonymous-only,0,1,22,500,"R×3, A×2, E×2, G×2, I×2, N×2, C×1, D×1, F×1, K×1, L×1, M×1, Q×1, S×1, T×1","GGT×176, AAC×58, GAA×44, AAT×29, AGG×29, CGG×27, GGA×27, GCA×23, TGC×21, CTC×10, ATT×9, AAA×8, ATC×8, GAT×7, TTT×6, ACA×5, GAG×4, TCT×3, ATG×2, CAA×2, AGA×1, GCG×1"
1381,nonsynonymous-only,0,1,35,4527,"R×6, L×4, G×3, C×2, D×2, E×2, K×2, N×2, P×2, Q×2, S×2, Y×2, F×1, H×1, T×1, W×1","AAC×1216, AAA×725, GGA×430, TTG×426, TAT×247, CGG×183, AAG×174, AAT×167, AGG×167, AGA×157, GAA×130, GGC×81, CAA×78, CGC×70, GAT×55, AGT×33, TTA×25, CCC×24, CGA×20, TGT×19, TGG×18, TAC×16, CTG×12, GGT×12, GAG×11, CAG×7, AGC×6, GAC×4, TGC×4, CAT×3, CTT×3, ACA×1, CCT×1, CGT×1, TTC×1"
1382,nonsynonymous-only,0,1,36,4748,"S×5, L×4, R×4, G×3, A×2, C×2, F×2, I×2, T×2, V×2, D×1, E×1, H×1, K×1, M×1, N×1, Q×1, Y×1","TTA×1049, TTT×746, TCT×599, GGT×427, AAA×383, GGA×352, TCA×177, CTT×161, TTC×142, GAA×89, TAT×86, AGT×56, CGC×53, GCG×53, TGC×49, GAT×47, GTT×42, CAA×37, ATT×25, ATA×22, TGT×22, CGA×20, CAC×18, AAT×12, AGC×12, CTC×12, CTA×9, GCA×9, ACC×8, GTA×8, CGT×7, GGC×7, ATG×3, TCC×3, AGA×2, ACT×1"
1383,nonsynonymous-only,0,1,23,5649,"L×6, I×3, V×3, S×2, A×1, D×1, F×1, K×1, M×1, Q×1, R×1, T×1, W×1","TTA×1618, TTG×1534, GTA×748, TTT×476, ATG×463, CTA×217, ATA×137, TCA×88, CTT×78, CGA×60, GTG×47, GTT×39, TCC×34, ATT×31, GCA×24, CTC×18, CAA×13, TGG×12, CTG×5, ACA×4, AAG×1, ATC×1, GAT×1"
1384,nonsynonymous-only,0,1,21,2714,"T×3, V×3, A×2, E×2, I×2, K×2, N×2, D×1, G×1, M×1, Q×1, R×1","AAA×1016, AAG×431, GGA×306, GAA×298, AAC×167, GTG×112, GTA×94, ATG×91, GCT×60, AAT×52, GCA×24, ATT×13, CAA×12, AGA×11, GAG×8, GAT×7, ACA×5, ACG×3, ATC×2, ACT×1, GTT×1"
1385,nonsynonymous-only,0,1,17,2431,"S×3, E×2, K×2, N×2, Q×2, D×1, G×1, H×1, R×1, V×1, Y×1","AAT×1243, AAA×791, GGT×142, CAT×111, AGC×34, GAA×30, AGT×29, TCT×18, AAC×7, AAG×6, CGA×6, GTA×5, CAA×3, GAG×3, CAG×1, GAC×1, TAT×1"
1386,nonsynonymous-only,0,1,17,212,"A×3, L×2, S×2, C×1, E×1, G×1, I×1, K×1, M×1, N×1, R×1, T×1, V×1","TCA×63, AGA×30, TCG×28, ACA×25, GCA×20, GAA×10, GCG×6, GGA×6, AAG×4, AAT×4, CTA×4, ATA×3, TGC×3, GTA×2, TTG×2, ATG×1, GCT×1"
1387,nonsynonymous-only,0,1,15,325,"L×4, R×3, C×2, F×1, G×1, H×1, I×1, K×1, V×1","TGC×112, CTC×90, TGT×33, CAC×28, AAA×20, CGC×20, CGA×6, ATA×4, CGT×4, CTG×2, TTA×2, CTT×1, GGC×1, GTC×1, TTC×1"
1388,nonsynonymous-only,0,1,4,43,"D×2, K×1, N×1","GAC×34, GAT×4, AAC×3, AAA×2"
1389,nonsynonymous-only,0,1,2,7,"D×1, K×1","AAA×5, GAT×2"
1390,nonsynonymous-only,0,1,3,7,"D×1, G×1, S×1","GAT×4, GGA×2, AGT×1"
1391,nonsynonymous-only,0,1,3,7,"A×1, M×1, V×1","GTA×4, GCC×2, ATG×1"
1392,nonsynonymous-only,0,1,3,7,"I×1, P×1, V×1","ATC×4, CCA×2, GTC×1"
1393,nonsynonymous-only,0,1,3,7,"E×1, K×1, P×1","GAG×4, CCA×2, AAA×1"
1394,nonsynonymous-only,0,1,3,7,"F×1, S×1, Y×1","TTT×4, TCT×2, TAT×1"
1395,nonsynonymous-only,0,1,4,10,"T×2, F×1, I×1","ACT×4, ATT×3, ACC×2, TTT×1"
1396,nonsynonymous-only,0,1,2,5,"P×1, V×1","GTC×3, CCA×2"
1397,nonsynonymous-only,0,1,3,10,"P×1, Q×1, R×1","CCA×4, CGA×4, CAG×2"
1398,nonsynonymous-only,0,1,4,10,"K×2, E×1, R×1","AGA×4, AAA×2, AAG×2, GAA×2"
1399,nonsynonymous-only,0,1,4,10,"F×2, L×2","TTT×4, CTG×2, TTA×2, TTC×2"
1422,nonsynonymous-only,0,1,2,6,"E×1, S×1","AGC×4, GAA×2"
1424,nonsynonymous-only,0,1,2,6,"R×1, T×1","AGG×4, ACG×2"
1425,nonsynonymous-only,0,1,2,6,"K×1, N×1","AAT×4, AAA×2"
1426,nonsynonymous-only,0,1,2,6,"F×1, S×1","TCC×4, TTT×2"
1437,nonsynonymous-only,0,1,4,34,"I×1, P×1, T×1, V×1","ATT×18, ACG×11, CCC×4, GTT×1"
1438,nonsynonymous-only,0,1,5,38,"I×2, L×2, E×1","CTT×17, ATT×9, ATC×6, GAA×4, CTG×2"
1439,nonsynonymous-only,0,1,18,400,"I×2, L×2, S×2, V×2, Y×2, C×1, D×1, F×1, H×1, K×1, N×1, P×1, T×1","TGT×184, TTC×106, ATA×18, CTT×16, TCG×15, TAT×11, AAG×8, TCA×8, CCT×7, ATC×6, CAT×4, GTC×4, TAC×4, AAT×2, ACT×2, CTC×2, GAT×2, GTA×1"
1440,nonsynonymous-only,0,1,16,538,"L×4, R×3, V×2, A×1, E×1, H×1, I×1, K×1, P×1, Q×1","ATA×173, CTA×114, TTA×99, GTA×54, CAA×43, CTG×13, CAT×9, CCA×7, CGA×7, TTG×6, GTG×5, AAA×2, GAA×2, GCA×2, CGC×1, CGT×1"
1441,nonsynonymous-only,0,1,14,1630,"A×2, I×2, S×2, T×2, D×1, F×1, M×1, N×1, V×1, Y×1","ACT×1105, ATT×267, AGT×105, AAT×87, ATA×26, GCC×9, GAT×8, GCT×6, GTT×6, TAT×6, ATG×2, ACC×1, TCT×1, TTT×1"
1442,nonsynonymous-only,0,1,14,1377,"E×2, K×2, A×1, C×1, D×1, F×1, G×1, I×1, N×1, R×1, V×1, Y×1","TGT×1103, TAT×129, GCA×62, GTG×26, GAA×24, AAA×7, GGG×6, AGA×4, ATT×4, GAC×4, GAG×4, AAG×2, AAC×1, TTT×1"
1443,nonsynonymous-only,0,1,6,99,"E×1, H×1, I×1, L×1, M×1, Y×1","ATA×58, TTG×24, ATG×10, CAC×4, GAA×2, TAT×1"
1444,nonsynonymous-only,0,1,7,35,"L×2, V×2, E×1, N×1, R×1","CGA×20, GTC×6, TTA×4, AAT×2, GAA×1, GTA×1, TTG×1"
1445,nonsynonymous-only,0,1,5,33,"K×2, N×1, T×1, W×1","AAC×20, AAA×6, AAG×4, ACT×2, TGG×1"
1446,nonsynonymous-only,0,1,2,6,"E×1, N×1","AAT×4, GAA×2"
1496,nonsynonymous-only,0,1,2,6,"F×1, H×1","CAT×4, TTT×2"
1497,nonsynonymous-only,0,1,2,6,"L×1, Y×1","TAT×4, CTT×2"
1498,nonsynonymous-only,0,1,2,6,"S×1, T×1","TCA×4, ACT×2"
1500,nonsynonymous-only,0,1,2,6,"D×1, H×1","GAT×4, CAT×2"
1501,nonsynonymous-only,0,1,4,41,"D×1, E×1, N×1, Y×1","AAT×34, GAT×4, GAA×2, TAT×1"
1502,nonsynonymous-only,0,1,3,37,"E×1, F×1, Q×1","CAG×34, GAG×2, TTT×1"
1503,nonsynonymous-only,0,1,5,43,"Y×2, C×1, H×1, W×1","TAT×33, TGG×6, CAC×2, TAC×1, TGC×1"
1504,nonsynonymous-only,0,1,7,48,"I×2, L×2, F×1, S×1, V×1","ATT×33, TCA×6, TTT×4, TTA×2, ATC×1, CTG×1, GTT×1"
1505,nonsynonymous-only,0,1,4,48,"K×2, E×1, W×1","AAA×40, GAG×6, AAG×1, TGG×1"
1506,nonsynonymous-only,0,1,3,44,"Q×2, R×1","CGA×42, CAA×1, CAG×1"
1507,nonsynonymous-only,0,1,5,49,"K×2, L×1, R×1, T×1","AAG×33, AAA×9, AGA×4, ACT×2, TTA×1"
1508,nonsynonymous-only,0,1,5,15,"K×2, H×1, L×1, M×1","AAG×7, ATG×4, AAA×2, CAC×1, TTG×1"
1509,nonsynonymous-only,0,1,5,14,"S×2, A×1, E×1, P×1","AGC×6, GCA×4, GAA×2, CCC×1, TCA×1"
1510,nonsynonymous-only,0,1,4,14,"I×1, K×1, R×1, S×1","AGA×6, AGT×4, AAA×2, ATA×2"
1511,nonsynonymous-only,0,1,5,14,"L×2, P×2, I×1","CTC×6, ATT×4, CTA×2, CCA×1, CCT×1"
1514,nonsynonymous-only,0,1,2,6,"A×1, Y×1","TAT×4, GCT×2"
1516,nonsynonymous-only,0,1,2,6,"N×1, Q×1","AAC×4, CAA×2"
1517,synonymous-only,1,0,2,6,N×2,"AAT×4, AAC×2"
1518,nonsynonymous-only,0,1,4,14,"L×2, I×1, Q×1","CTA×6, TTA×4, ATA×2, CAA×2"
1519,nonsynonymous-only,0,1,3,8,"N×1, W×1, Y×1","TGG×6, AAC×1, TAT×1"
1520,nonsynonymous-only,0,1,2,4,"K×1, Q×1","AAA×2, CAG×2"
1521,nonsynonymous-only,0,1,5,14,"R×2, G×1, N×1, S×1","AGT×6, AAT×4, CGT×2, CGC×1, GGC×1"
1522,nonsynonymous-only,0,1,5,14,"L×2, A×1, Q×1, S×1","CTG×6, GCG×4, CAG×2, TCT×1, TTG×1"
1523,nonsynonymous-only,0,1,3,12,"K×1, L×1, V×1","CTA×6, AAA×4, GTT×2"
1524,nonsynonymous-only,0,1,3,12,"D×1, E×1, K×1","AAA×6, GAT×4, GAA×2"
1525,nonsynonymous-only,0,1,3,13,"T×2, A×1","GCT×7, ACT×4, ACC×2"
1526,nonsynonymous-only,0,1,4,8,"I×1, N×1, R×1, T×1","AGG×4, AAT×2, ACT×1, ATT×1"
1527,nonsynonymous-only,0,1,4,8,"E×1, L×1, P×1, T×1","TTA×4, GAA×2, ACA×1, CCC×1"
1528,nonsynonymous-only,0,1,4,8,"H×1, L×1, Q×1, R×1","CAA×4, CGT×2, CAT×1, CTA×1"
1529,nonsynonymous-only,0,1,3,8,"L×1, V×1, Y×1","TAT×4, GTT×3, CTG×1"
1530,nonsynonymous-only,0,1,2,5,"K×1, N×1","AAC×4, AAA×1"
1531,nonsynonymous-only,0,1,2,5,"L×1, V×1","GTA×4, TTG×1"
1535,nonsynonymous-only,0,1,2,6,"I×1, S×1","TCT×4, ATT×2"
1543,nonsynonymous-only,0,1,2,6,"E×1, K×1","GAA×4, AAA×2"
1544,nonsynonymous-only,0,1,2,6,"A×1, G×1","GCA×4, GGA×2"
1545,nonsynonymous-only,0,1,2,6,"D×1, Q×1","CAA×4, GAC×2"
1546,nonsynonymous-only,0,1,2,6,"E×1, S×1","TCT×4, GAA×2"
