codon_index,category,syn_changes,nonsyn_changes,n_variants,n_sequences,aa_states,codon_counts
6,nonsynonymous-only,0,1,2,120,"M×1, T×1","ATG×119, ACT×1"
7,nonsynonymous-only,0,1,5,120,"H×1, I×1, L×1, N×1, P×1","CTT×47, ATT×39, AAT×28, CCT×5, CAC×1"
8,nonsynonymous-only,0,1,3,120,"I×1, L×1, S×1","CTA×84, ATT×34, TCA×2"
9,nonsynonymous-only,0,1,2,92,"L×1, V×1","GTA×86, TTA×6"
11,nonsynonymous-only,0,1,2,86,"D×1, G×1","GGA×84, GAC×2"
12,nonsynonymous-only,0,1,3,87,"L×2, K×1","AAA×84, TTA×2, TTG×1"
13,nonsynonymous-only,0,1,3,87,"G×1, L×1, W×1","TTA×84, GGG×2, TGG×1"
14,nonsynonymous-only,0,1,4,87,"G×1, I×1, L×1, S×1","TCA×60, TTA×24, GGC×2, ATC×1"
15,nonsynonymous-only,0,1,3,87,"E×1, I×1, V×1","GTC×84, ATC×2, GAG×1"
16,nonsynonymous-only,0,1,4,99,"G×2, E×1, R×1","AGA×84, GGT×12, GGA×2, GAA×1"
17,nonsynonymous-only,0,1,3,15,"L×2, F×1","CTC×12, TTT×2, CTT×1"
18,synonymous-only,1,0,2,19,P×2,"CCT×12, CCA×7"
19,nonsynonymous-only,0,1,2,19,"P×1, Q×1","CCA×12, CAA×7"
20,nonsynonymous-only,0,1,3,103,"E×1, K×1, R×1","AGA×89, GAA×12, AAA×2"
21,nonsynonymous-only,0,1,6,106,"K×1, L×1, M×1, S×1, T×1, V×1","TCA×60, TTA×24, ATG×12, AAA×5, GTG×3, ACA×2"
22,nonsynonymous-only,0,1,3,102,"A×1, E×1, V×1","GCA×49, GTA×41, GAA×12"
23,nonsynonymous-only,0,1,6,102,"K×2, R×2, S×2","AAA×47, AGA×37, AGG×12, AGT×3, AAG×2, AGC×1"
24,nonsynonymous-only,0,1,4,99,"K×1, N×1, T×1, Y×1","AAA×84, TAC×12, ACT×2, AAC×1"
25,nonsynonymous-only,0,1,2,13,"L×1, P×1","TTA×12, CCA×1"
28,nonsynonymous-only,0,1,2,38,"D×1, Q×1","CAA×37, GAC×1"
30,nonsynonymous-only,0,1,5,103,"E×1, F×1, L×1, M×1, S×1","ATG×84, TTT×12, CTT×3, AGT×2, GAA×2"
31,nonsynonymous-only,0,1,9,296,"V×2, E×1, F×1, G×1, K×1, M×1, Q×1, R×1","ATG×188, AAG×84, TTT×12, GTG×4, GTA×3, GGC×2, CAA×1, CGA×1, GAA×1"
32,nonsynonymous-only,0,1,8,637,"K×2, N×2, D×1, E×1, M×1, R×1","AAT×438, AAC×131, AAA×48, GAA×12, GAT×4, AGA×2, AAG×1, ATG×1"
33,nonsynonymous-only,0,1,9,325,"C×2, L×2, A×1, G×1, R×1, W×1, Y×1","TGG×188, TGC×86, GGT×28, TGT×13, CGT×5, GCC×2, CTA×1, TAT×1, TTA×1"
34,nonsynonymous-only,0,1,8,758,"E×2, K×2, R×2, G×1, N×1","GAG×533, GAA×120, AGG×61, AAG×23, AGA×12, AAA×5, GGA×3, AAT×1"
35,nonsynonymous-only,0,1,12,655,"G×3, E×2, R×2, D×1, K×1, N×1, Q×1, T×1","CAA×340, GAT×227, GGT×47, GGC×16, CGA×12, ACT×4, GAG×3, AGA×2, AAC×1, AAG×1, GAA×1, GGA×1"
36,nonsynonymous-only,0,1,8,112,"F×2, S×2, I×1, K×1, M×1, T×1","TTT×84, ATC×16, ATG×3, TTC×3, AGC×2, AGT×2, AAA×1, ACC×1"
37,nonsynonymous-only,0,1,3,15,"F×1, I×1, M×1","ATG×12, ATT×2, TTT×1"
38,nonsynonymous-only,0,1,2,15,"K×1, S×1","AGT×14, AAA×1"
39,nonsynonymous-only,0,1,2,15,"F×1, Y×1","TTT×12, TAC×3"
40,nonsynonymous-only,0,1,4,89,"F×2, L×1, S×1","TTG×46, TCG×40, TTC×2, TTT×1"
41,nonsynonymous-only,0,1,4,101,"E×1, G×1, K×1, R×1","GGG×86, AAG×12, AGG×2, GAG×1"
42,nonsynonymous-only,0,1,2,14,"G×1, K×1","GGG×12, AAA×2"
43,nonsynonymous-only,0,1,5,485,"F×1, G×1, L×1, V×1, W×1","TTG×382, GGC×84, TTT×12, GTA×6, TGG×1"
44,nonsynonymous-only,0,1,6,405,"L×2, F×1, T×1, V×1, Y×1","GTT×382, TAT×13, TTT×6, CTT×2, ACT×1, CTA×1"
45,nonsynonymous-only,0,1,10,573,"L×2, T×2, C×1, E×1, I×1, K×1, M×1, Q×1","AAG×382, CAA×87, ATG×29, CTA×28, TGC×25, ACA×12, ATA×6, TTA×2, ACG×1, GAA×1"
46,nonsynonymous-only,0,1,8,6558,"C×2, K×1, L×1, N×1, R×1, W×1, Y×1","TGG×5808, AGA×386, TGC×196, TGT×138, CTA×25, AAA×2, AAC×2, TAC×1"
47,nonsynonymous-only,0,1,3,139,"L×1, P×1, R×1","CTT×88, CCT×50, AGA×1"
68,nonsynonymous-only,0,1,2,39,"E×1, Q×1","GAA×30, CAA×9"
69,nonsynonymous-only,0,1,2,39,"K×1, Q×1","AAA×30, CAA×9"
70,nonsynonymous-only,0,1,4,39,"C×1, S×1, T×1, Y×1","TCA×29, TAT×8, ACA×1, TGT×1"
71,nonsynonymous-only,0,1,3,39,"S×2, R×1","AGA×29, AGT×9, AGC×1"
72,nonsynonymous-only,0,1,2,30,"D×1, K×1","AAA×29, GAT×1"
73,nonsynonymous-only,0,1,2,30,"D×1, K×1","AAA×29, GAT×1"
74,nonsynonymous-only,0,1,2,30,"G×1, W×1","TGG×29, GGA×1"
75,nonsynonymous-only,0,1,2,30,"I×1, S×1","AGC×29, ATT×1"
76,nonsynonymous-only,0,1,2,30,"A×1, T×1","GCA×29, ACA×1"
77,nonsynonymous-only,0,1,2,30,"E×1, G×1","GAA×29, GGA×1"
79,nonsynonymous-only,0,1,2,30,"D×1, L×1","CTT×29, GAT×1"
85,synonymous-only,1,0,2,30,E×2,"GAG×29, GAA×1"
87,nonsynonymous-only,0,1,2,30,"K×1, R×1","AAA×29, AGA×1"
88,nonsynonymous-only,0,1,2,30,"L×1, S×1","TTA×29, TCA×1"
92,nonsynonymous-only,0,1,2,30,"I×1, P×1","CCC×29, ATC×1"
93,nonsynonymous-only,0,1,3,32,"D×1, E×1, I×1","GAC×29, GAA×2, ATT×1"
94,nonsynonymous-only,0,1,3,1132,"E×1, K×1, R×1","GAA×1097, AGA×30, AAA×5"
107,nonsynonymous-only,0,1,3,5,"F×1, I×1, Y×1","TAT×3, ATC×1, TTC×1"
108,nonsynonymous-only,0,1,22,2357,"E×2, G×2, I×2, K×2, N×2, Q×2, T×2, Y×2, C×1, D×1, F×1, H×1, R×1, W×1","AAC×637, AAA×508, AAT×330, AAG×286, AGA×118, TAC×117, TGG×84, ACG×59, GAA×47, GGT×34, ACA×28, TGT×23, CAA×15, TAT×15, GAG×12, ATT×11, CAC×10, TTC×10, CAG×8, GAC×3, ATC×1, GGC×1"
109,nonsynonymous-only,0,1,11,583,"V×3, F×2, D×1, E×1, I×1, K×1, N×1, R×1","GAA×343, ATT×87, GAT×84, AAT×36, GTA×16, TTC×7, GTC×3, AAA×2, AGA×2, GTT×2, TTT×1"
110,nonsynonymous-only,0,1,6,432,"K×2, E×1, I×1, M×1, T×1","AAG×341, ATA×84, AAA×3, ATG×2, ACA×1, GAA×1"
127,nonsynonymous-only,0,1,2,4,"A×1, V×1","GCG×2, GTA×2"
128,nonsynonymous-only,0,1,2,4,"P×1, T×1","ACG×2, CCG×2"
130,nonsynonymous-only,0,1,4,429,"E×1, G×1, K×1, N×1","GAA×380, AAA×47, AAT×1, GGA×1"
131,nonsynonymous-only,0,1,5,429,"N×2, H×1, M×1, Y×1","CAT×341, ATG×84, AAC×2, AAT×1, TAT×1"
132,nonsynonymous-only,0,1,3,427,"F×1, S×1, Y×1","TAC×341, TCC×84, TTT×2"
133,nonsynonymous-only,0,1,4,87,"A×1, N×1, T×1, V×1","ACA×47, GCA×37, GTC×2, AAC×1"
148,synonymous-only,1,0,2,7,S×2,"TCT×5, TCA×2"
152,nonsynonymous-only,0,1,12,754,"I×3, T×3, D×1, K×1, N×1, P×1, S×1, V×1","ACA×269, ATT×168, ATA×136, CCT×86, AAT×58, GTT×19, ACG×7, AAA×3, ACT×3, ATC×2, GAT×2, TCA×1"
153,nonsynonymous-only,0,1,12,116,"R×3, K×2, S×2, I×1, L×1, N×1, Q×1, T×1","TCT×84, AAA×12, ATT×4, CAA×4, AAG×3, CGC×2, TTA×2, AAT×1, ACT×1, AGC×1, AGG×1, CGA×1"
154,nonsynonymous-only,0,1,10,1773,"A×2, Y×2, I×1, K×1, P×1, Q×1, V×1, W×1","TGG×1104, GTA×340, ATT×189, GCC×84, CAG×22, TAT×17, TAC×11, AAG×2, CCC×2, GCA×2"
155,nonsynonymous-only,0,1,27,3560,"L×4, S×4, I×3, F×2, N×2, P×2, T×2, V×2, A×1, E×1, K×1, M×1, R×1, Y×1","TCC×1090, ATA×683, TTT×569, ATT×445, TTA×187, CCA×119, GTA×100, ATG×71, ATC×60, CTT×56, GTT×48, AAT×35, AGC×29, AAA×24, CCT×10, CTC×8, GCA×6, TCA×6, GAA×4, ACA×2, ACT×2, AAC×1, AGG×1, TAT×1, TCG×1, TTC×1, TTG×1"
156,nonsynonymous-only,0,1,28,4308,"G×3, V×3, C×2, D×2, E×2, F×2, I×2, K×2, N×2, R×2, S×2, Y×2, H×1, Q×1","AAA×2203, AAT×616, GAA×353, GTA×341, AAG×121, AGA×107, TCA×83, CAA×78, AGT×71, GTT×70, GAC×69, TAT×59, ATA×35, AAC×32, AGG×20, TTT×15, GGT×8, GGA×6, TGT×5, GAG×3, GAT×3, TAC×3, TGC×2, ATT×1, CAT×1, GGC×1, GTG×1, TTC×1"
157,nonsynonymous-only,0,1,33,4306,"S×4, V×4, I×3, D×2, E×2, H×2, K×2, L×2, N×2, Q×2, R×2, T×2, F×1, P×1, W×1, Y×1","AAA×1665, CAA×807, TCT×468, GTT×316, TTT×188, GTG×166, AAG×160, ATT×136, TTA×84, CCA×51, GAA×40, AAC×35, CAC×31, AAT×27, CAG×21, GAT×18, ATA×15, AGT×14, TCA×14, GTA×12, CAT×8, GAG×7, GAC×5, CGA×3, TCG×3, TGG×3, CTT×2, GTC×2, ACA×1, ACT×1, ATC×1, CGT×1, TAT×1"
158,nonsynonymous-only,0,1,24,4060,"R×3, S×3, F×2, G×2, I×2, N×2, Q×2, Y×2, C×1, D×1, K×1, L×1, T×1, W×1","TAT×1718, TAC×1381, TGT×250, TTA×121, TTT×103, AGT×84, CGT×71, ATA×51, TCA×44, GAC×41, AAA×39, CAA×38, TGG×32, GGG×24, AGC×23, AAC×15, TTC×10, ACA×6, CAG×3, ATT×2, AAT×1, AGA×1, AGG×1, GGA×1"
159,nonsynonymous-only,0,1,30,3619,"T×4, A×3, I×3, V×3, D×2, G×2, K×2, L×2, N×2, Q×2, R×2, E×1, H×1, M×1","AAA×2330, AAG×286, CAA×275, ATG×239, GCT×111, ACA×102, GGC×71, CTG×31, ATA×30, GCA×29, AAC×22, ATC×21, ACT×11, GTA×9, AGA×8, GCC×7, ACG×6, GGA×6, ATT×4, GTC×4, CAC×3, GAA×3, CGA×2, CTT×2, GTT×2, AAT×1, ACC×1, CAG×1, GAC×1, GAT×1"
160,nonsynonymous-only,0,1,2,5,"D×1, V×1","GAT×4, GTT×1"
161,nonsynonymous-only,0,1,3,5,"P×2, Q×1","CCG×3, CAG×1, CCC×1"
164,nonsynonymous-only,0,1,17,1612,"T×4, I×3, K×2, L×2, P×2, R×2, M×1, Q×1","ACA×447, ACT×341, ATA×305, ATG×146, AAG×105, ATC×48, AGA×41, CCT×38, ACC×37, TTA×31, ATT×22, CCA×21, AGG×19, ACG×5, AAA×4, CAG×1, CTA×1"
165,nonsynonymous-only,0,1,9,653,"L×4, S×2, D×1, P×1, Q×1","CTA×378, TTA×187, CTG×47, TCC×23, CCC×12, GAC×3, CAA×1, CTT×1, TCA×1"
166,nonsynonymous-only,0,1,5,650,"L×2, Q×1, T×1, W×1","ACG×342, CAG×188, CTT×84, TGG×35, TTA×1"
168,nonsynonymous-only,0,1,2,32,"K×1, R×1","AAA×30, AGA×2"
169,nonsynonymous-only,0,1,3,32,"I×2, F×1","ATT×29, ATA×2, TTT×1"
170,nonsynonymous-only,0,1,2,31,"G×1, Y×1","GGT×29, TAC×2"
171,nonsynonymous-only,0,1,4,32,"G×2, I×1, N×1","GGT×21, GGG×8, ATT×2, AAT×1"
172,nonsynonymous-only,0,1,2,32,"I×1, L×1","ATA×30, CTA×2"
173,nonsynonymous-only,0,1,4,32,"H×2, F×1, Y×1","CAC×26, CAT×3, TTC×2, TAT×1"
178,nonsynonymous-only,0,1,3,32,"K×1, N×1, P×1","AAA×29, AAC×2, CCA×1"
179,nonsynonymous-only,0,1,3,32,"A×1, I×1, L×1","GCC×29, CTT×2, ATA×1"
180,nonsynonymous-only,0,1,2,31,"C×1, G×1","GGT×29, TGT×2"
181,nonsynonymous-only,0,1,3,34,"E×1, M×1, T×1","GAA×29, ATG×3, ACC×2"
182,nonsynonymous-only,0,1,2,34,"L×1, T×1","TTG×32, ACG×2"
183,nonsynonymous-only,0,1,2,34,"D×1, M×1","GAT×31, ATG×3"
184,nonsynonymous-only,0,1,2,32,"L×1, Y×1","TTA×29, TAC×3"
185,nonsynonymous-only,0,1,3,34,"S×2, T×1","ACT×29, TCA×3, AGC×2"
186,nonsynonymous-only,0,1,2,31,"K×1, R×1","AAA×29, AGA×2"
187,nonsynonymous-only,0,1,3,34,"E×2, Q×1","CAA×29, GAA×3, GAG×2"
188,nonsynonymous-only,0,1,4,34,"S×2, L×1, T×1","TCG×24, TCA×5, ACA×3, TTA×2"
189,nonsynonymous-only,0,1,3,34,"L×1, Q×1, W×1","TGG×29, CAG×3, CTT×2"
190,nonsynonymous-only,0,1,3,34,"I×1, K×1, R×1","AAA×29, ATA×3, AGG×2"
191,nonsynonymous-only,0,1,3,34,"E×1, Q×1, T×1","GAA×29, CAA×3, ACA×2"
192,nonsynonymous-only,0,1,4,34,"N×2, S×2","AGC×21, AGT×8, AAT×3, AAC×2"
193,nonsynonymous-only,0,1,3,34,"D×2, F×1","GAC×29, TTT×3, GAT×2"
194,nonsynonymous-only,0,1,3,32,"R×2, S×1","CGC×21, CGG×8, TCC×3"
195,nonsynonymous-only,0,1,3,32,"Q×2, K×1","CAG×21, CAA×8, AAG×3"
196,nonsynonymous-only,0,1,3,1163,"F×1, S×1, T×1","TTT×1155, TCT×5, ACT×3"
197,nonsynonymous-only,0,1,3,1163,"F×1, L×1, Y×1","TTT×1096, TAT×35, TTA×32"
198,nonsynonymous-only,0,1,3,1163,"L×2, R×1","CTT×784, CGT×376, TTA×3"
199,nonsynonymous-only,0,1,2,32,"D×1, M×1","GAT×29, ATG×3"
200,nonsynonymous-only,0,1,2,32,"I×1, N×1","AAT×29, ATT×3"
206,nonsynonymous-only,0,1,2,32,"K×1, S×1","AAA×29, AGT×3"
207,nonsynonymous-only,0,1,2,34,"I×1, M×1","ATA×26, ATG×8"
208,nonsynonymous-only,0,1,3,34,"K×1, Q×1, R×1","AAA×29, AGA×3, CAA×2"
209,nonsynonymous-only,0,1,2,31,"L×1, T×1","ACT×29, CTC×2"
210,nonsynonymous-only,0,1,2,207,"K×1, R×1","AAA×178, AGA×29"
211,nonsynonymous-only,0,1,3,207,"E×1, K×1, R×1","AGA×128, AAA×50, GAA×29"
212,nonsynonymous-only,0,1,3,210,"I×1, K×1, R×1","AAA×131, AGA×50, ATA×29"
213,nonsynonymous-only,0,1,5,210,"A×3, F×1, M×1","ATG×156, GCC×28, GCG×20, GCT×3, TTC×3"
219,nonsynonymous-only,0,1,4,34,"K×2, N×1, S×1","AAG×21, AAT×8, AGT×3, AAA×2"
220,nonsynonymous-only,0,1,4,34,"L×2, R×1, V×1","CTA×21, TTA×8, GTG×3, CGG×2"
221,nonsynonymous-only,0,1,3,34,"G×1, L×1, R×1","GGT×29, CTT×3, AGA×2"
224,nonsynonymous-only,0,1,4,69,"L×2, S×2","TCA×31, TTA×29, TTG×6, TCC×3"
225,nonsynonymous-only,0,1,2,8,"F×1, R×1","TTC×5, AGA×3"
230,nonsynonymous-only,0,1,4,34,"T×2, D×1, L×1","ACT×21, ACC×8, GAC×3, CTC×2"
231,nonsynonymous-only,0,1,2,34,"M×1, T×1","ATG×32, ACC×2"
232,nonsynonymous-only,0,1,3,32,"G×2, R×1","AGG×29, GGG×2, GGA×1"
233,nonsynonymous-only,0,1,3,34,"A×2, M×1","GCC×23, GCT×8, ATG×3"
234,nonsynonymous-only,0,1,3,34,"I×1, K×1, V×1","GTT×29, ATT×3, AAG×2"
235,nonsynonymous-only,0,1,3,34,"D×1, H×1, N×1","CAT×29, GAT×3, AAC×2"
236,nonsynonymous-only,0,1,4,34,"E×1, K×1, R×1, S×1","AAA×21, AGA×8, GAA×3, TCA×2"
237,synonymous-only,1,0,2,31,K×2,"AAG×21, AAA×10"
238,nonsynonymous-only,0,1,3,31,"A×2, I×1","GCT×21, GCC×8, ATC×2"
239,nonsynonymous-only,0,1,3,32,"L×1, P×1, S×1","TCA×21, TTA×8, CCT×3"
240,nonsynonymous-only,0,1,3,34,"F×1, I×1, N×1","TTT×29, ATC×3, AAT×2"
241,nonsynonymous-only,0,1,3,34,"K×1, M×1, N×1","ATG×29, AAT×3, AAA×2"
242,nonsynonymous-only,0,1,3,34,"G×1, K×1, R×1","GGA×29, AGA×3, AAA×2"
243,nonsynonymous-only,0,1,3,34,"L×1, S×1, V×1","TTG×29, GTG×3, TCA×2"
244,nonsynonymous-only,0,1,2,41,"K×1, N×1","AAA×39, AAC×2"
245,nonsynonymous-only,0,1,5,1137,"V×2, N×1, Q×1, S×1","TCA×1096, GTA×29, AAT×7, GTT×3, CAG×2"
246,nonsynonymous-only,0,1,6,1222,"N×2, G×1, K×1, S×1, V×1","AAT×716, AAC×416, AAA×51, AGT×29, GGT×7, GTT×3"
247,nonsynonymous-only,0,1,3,1377,"E×1, K×1, N×1","AAA×1191, GAA×185, AAC×1"
250,synonymous-only,1,0,2,32,L×2,"TTA×29, CTA×3"
251,nonsynonymous-only,0,1,2,32,"K×1, T×1","AAA×29, ACA×3"
252,nonsynonymous-only,0,1,2,32,"K×1, R×1","AGG×29, AAA×3"
254,nonsynonymous-only,0,1,2,32,"N×1, R×1","AGA×29, AAT×3"
255,nonsynonymous-only,0,1,2,32,"F×1, L×1","CTG×29, TTT×3"
256,nonsynonymous-only,0,1,2,32,"E×1, Y×1","TAC×29, GAA×3"
257,nonsynonymous-only,0,1,22,8088,"G×3, E×2, K×2, L×2, N×2, Q×2, R×2, T×2, A×1, C×1, I×1, S×1, Y×1","AAA×3746, AAG×2677, GAA×1047, GAG×171, GGA×144, AGA×85, AAT×77, TTA×26, GGG×22, AAC×17, ACC×16, GGC×13, ACA×10, TGC×10, ATA×9, CAA×8, GCA×3, CTA×2, TCA×2, AGG×1, CAG×1, TAC×1"
258,nonsynonymous-only,0,1,30,8142,"R×4, A×3, T×3, E×2, G×2, I×2, K×2, N×2, Q×2, V×2, D×1, H×1, L×1, S×1, W×1, Y×1","AAA×3343, GGA×1154, GAG×544, AGA×512, ATA×386, AAG×342, AAT×342, GAC×259, TTA×239, AGG×210, GCA×176, ATC×134, GAA×114, CAA×95, GCG×87, ACT×43, AAC×37, ACG×37, CAC×33, ACA×22, GGG×10, TGG×7, CGG×4, GTG×4, CAG×2, GCC×2, AGC×1, CGA×1, GTC×1, TAC×1"
259,nonsynonymous-only,0,1,28,6122,"R×4, S×3, G×2, K×2, L×2, P×2, Q×2, T×2, V×2, Y×2, A×1, C×1, E×1, I×1, W×1","AGA×2071, TGG×1000, AGG×967, CGG×415, ACA×381, CGT×345, GGG×202, GCA×200, AAG×104, TCG×91, TAT×74, AAA×57, GTA×44, GGA×43, GTG×34, CAA×31, TCA×16, CCG×10, TGT×8, TTA×8, ATA×6, GAA×5, ACT×3, CAG×3, AGT×1, CCA×1, CTA×1, TAC×1"
260,nonsynonymous-only,0,1,40,3382,"L×4, S×4, V×4, I×3, R×3, A×2, C×2, D×2, F×2, H×2, K×2, N×2, E×1, G×1, M×1, P×1, Q×1, T×1, W×1, Y×1","AAA×577, GGA×353, GTC×306, GAA×241, AGC×216, TCA×187, GAC×156, ATG×152, AAC×133, ATA×130, CAC×115, ACA×104, ATC×98, ATT×77, TAC×60, TTG×57, TTA×48, AAT×45, CTT×45, AGA×43, GCC×42, GTG×37, AAG×34, TCT×24, TTC×24, CGA×14, GCA×12, CCA×10, GTT×10, CAA×8, CTC×8, GTA×4, AGT×3, TGC×2, TGG×2, AGG×1, CAT×1, GAT×1, TGT×1, TTT×1"
261,nonsynonymous-only,0,1,2,8,"C×1, K×1","AAA×6, TGT×2"
264,nonsynonymous-only,0,1,7,123,"D×1, E×1, K×1, P×1, R×1, T×1, V×1","CCA×96, AAA×15, GAT×5, GTC×3, ACG×2, AGG×1, GAG×1"
265,nonsynonymous-only,0,1,9,508,"E×2, G×2, Y×2, D×1, H×1, K×1","GAG×368, GAC×96, GAA×14, TAC×11, TAT×10, GGG×5, CAC×2, AAA×1, GGA×1"
266,nonsynonymous-only,0,1,15,966,"F×2, K×2, Q×2, R×2, Y×2, C×1, G×1, S×1, T×1, W×1","CAG×379, CGT×167, AGC×107, TTT×96, TGC×93, CGC×40, TAT×25, TGG×16, TTC×15, ACG×10, AAG×6, CAA×6, TAC×3, GGC×2, AAA×1"
267,nonsynonymous-only,0,1,15,1039,"L×5, A×2, G×1, K×1, M×1, P×1, Q×1, S×1, V×1, W×1","TTA×442, TGG×138, CTA×116, TTG×94, TCG×84, GCG×54, CTG×26, CCA×25, ATG×18, CAG×15, GGA×15, GCA×4, GTG×4, CTC×3, AAG×1"
268,nonsynonymous-only,0,1,15,940,"L×2, Q×2, S×2, A×1, E×1, F×1, H×1, K×1, P×1, V×1, W×1, Y×1","TTT×472, GAA×152, TAT×82, CTG×73, TGG×58, AAA×25, GTA×20, CCG×19, TCA×15, TCT×11, CAG×5, CAT×3, CAA×2, GCA×2, TTA×1"
269,nonsynonymous-only,0,1,3,40,"E×1, N×1, V×1","GTG×35, GAG×3, AAC×2"
270,nonsynonymous-only,0,1,2,5,"E×1, K×1","AAA×3, GAA×2"
273,nonsynonymous-only,0,1,2,5,"S×1, T×1","ACT×3, AGT×2"
274,nonsynonymous-only,0,1,9,665,"Y×2, A×1, C×1, F×1, H×1, P×1, S×1, V×1","CAT×382, TAC×138, GCT×96, TAT×24, TTC×15, TGC×5, CCT×3, GTT×1, TCC×1"
275,nonsynonymous-only,0,1,12,513,"E×2, V×2, C×1, G×1, I×1, N×1, Q×1, R×1, S×1, T×1","GAG×379, AGA×93, CAA×16, AAC×7, GTA×5, AGT×3, GAA×3, ACT×2, TGT×2, ATT×1, GGC×1, GTT×1"
276,nonsynonymous-only,0,1,23,3603,"L×3, R×3, F×2, Y×2, A×1, C×1, D×1, G×1, H×1, I×1, K×1, N×1, P×1, Q×1, S×1, T×1, V×1","TAT×1068, AAT×754, TTT×396, GAT×347, TGT×195, ACT×192, CGT×182, AGT×118, AAA×112, GCT×77, TTG×49, AGA×46, CAT×27, TAC×9, ATT×8, CCT×8, CTT×4, CGA×3, GGT×3, TTC×2, CAG×1, GTT×1, TTA×1"
277,nonsynonymous-only,0,1,30,5873,"T×4, V×4, I×3, L×3, S×3, A×2, F×2, Y×2, C×1, D×1, E×1, K×1, M×1, Q×1, R×1","TTT×2045, TTA×803, CAA×529, ACT×525, TCG×346, TTC×319, TCA×291, GAA×222, TTG×209, TAT×137, ATA×103, ATC×71, GAT×71, GTA×55, TGT×35, TCC×24, ATT×16, GCA×16, GTT×13, GTC×7, GTG×7, ACG×6, CGA×6, GCT×6, ATG×3, CTT×3, ACA×2, AAG×1, ACC×1, TAC×1"
278,nonsynonymous-only,0,1,27,4051,"R×5, S×5, V×4, E×2, G×2, K×2, N×2, D×1, H×1, P×1, Q×1, T×1","AAA×948, GGA×599, AGT×385, CGA×368, AAG×350, CAA×291, GTT×256, TCT×156, GTC×136, GAA×111, AGC×85, ACT×70, CGT×60, AGA×53, GAG×35, GTA×35, TCA×29, CGG×19, AAT×15, GAC×14, AGG×12, GTG×10, AAC×6, TCG×3, CCG×2, GGG×2, CAT×1"
279,nonsynonymous-only,0,1,11,211,"I×2, L×2, A×1, E×1, N×1, P×1, Q×1, S×1, T×1","CAA×136, AAC×31, GAA×15, GCA×7, TCA×5, CTT×4, ATT×3, CCG×3, TTA×3, ACC×2, ATA×2"
280,nonsynonymous-only,0,1,5,55,"I×2, L×2, Q×1","CTG×31, TTG×15, ATC×4, ATT×3, CAA×2"
288,nonsynonymous-only,0,1,2,4,"S×1, V×1","TCA×3, GTC×1"
289,nonsynonymous-only,0,1,2,4,"C×1, K×1","AAG×3, TGC×1"
290,nonsynonymous-only,0,1,3,5,"C×1, F×1, Y×1","TGT×3, TAC×1, TTT×1"
291,nonsynonymous-only,0,1,3,5,"K×1, P×1, T×1","CCA×3, AAG×1, ACC×1"
292,nonsynonymous-only,0,1,2,4,"Q×1, S×1","TCA×3, CAA×1"
293,nonsynonymous-only,0,1,2,4,"K×1, W×1","TGG×3, AAG×1"
294,nonsynonymous-only,0,1,3,5,"I×1, N×1, S×1","TCG×3, AAC×1, ATA×1"
296,nonsynonymous-only,0,1,4,89,"S×1, V×1, W×1, Y×1","GTG×84, AGC×3, TAT×1, TGG×1"
297,nonsynonymous-only,0,1,12,3083,"L×2, S×2, T×2, C×1, I×1, R×1, V×1, W×1, Y×1","TGG×2452, AGT×524, GTT×84, ATT×7, TAT×6, AGA×3, ACG×2, ACT×1, CTT×1, TCA×1, TGT×1, TTA×1"
298,nonsynonymous-only,0,1,11,3229,"V×3, S×2, G×1, H×1, K×1, N×1, P×1, T×1","CCT×2070, AAC×524, GTG×382, AGT×152, AAG×84, GTT×9, GTC×3, GGT×2, ACG×1, CAT×1, TCA×1"
299,nonsynonymous-only,0,1,18,3684,"G×3, D×2, F×2, R×2, S×2, C×1, E×1, K×1, L×1, M×1, N×1, Y×1","GAG×2453, TGC×528, CTC×150, GAC×137, TTT×118, GGC×110, AAC×90, GAT×41, AAA×26, AGT×8, ATG×7, AGC×4, GGT×3, TAT×3, CGC×2, TTC×2, AGA×1, GGG×1"
300,nonsynonymous-only,0,1,30,6679,"L×5, V×4, I×3, E×2, K×2, P×2, R×2, T×2, A×1, F×1, G×1, M×1, N×1, Q×1, S×1, Y×1","TTA×2347, ATA×1775, CTA×946, AAA×371, AAG×251, GTA×224, AAC×179, AGA×117, ATT×76, ATC×75, ACA×57, CAG×57, TTT×39, TAC×31, ATG×28, TCA×24, GGA×14, CTT×10, GAG×9, GCA×9, GTC×8, GTG×7, GTT×7, CCA×5, CTG×5, AGG×2, CCG×2, TTG×2, ACG×1, GAA×1"
301,nonsynonymous-only,0,1,28,6510,"L×5, I×3, S×3, T×3, A×2, F×2, P×2, Y×2, C×1, H×1, N×1, Q×1, R×1, V×1","TTT×3353, TCG×1098, TAT×522, TCT×521, TTA×271, ATT×123, TTG×107, GCA×79, CCT×65, ACA×59, TTC×50, CCA×40, CTT×30, TCA×29, TGT×29, CTA×27, CTG×24, ATA×16, TAC×16, CAT×15, AAT×14, GCT×6, ACC×4, GTT×4, ACT×3, CGT×3, ATC×1, CAG×1"
302,nonsynonymous-only,0,1,19,817,"I×3, R×3, V×3, G×2, L×2, E×1, K×1, M×1, N×1, Q×1, T×1","CTG×318, AAA×147, GTA×86, ATC×62, ATA×44, CAG×24, GAA×24, GTT×23, GTG×21, ACC×19, AGG×15, GGG×15, ATG×8, AAC×4, CGC×2, GGA×2, ATT×1, CGG×1, CTT×1"
303,nonsynonymous-only,0,1,5,114,"L×1, P×1, S×1, T×1, W×1","TCG×42, ACA×36, TGG×33, TTA×2, CCG×1"
304,nonsynonymous-only,0,1,3,69,"A×1, I×1, T×1","ATT×39, ACT×29, GCT×1"
305,nonsynonymous-only,0,1,2,33,"K×1, R×1","AGA×29, AAG×4"
307,nonsynonymous-only,0,1,2,86,"I×1, V×1","ATA×85, GTC×1"
312,nonsynonymous-only,0,1,2,85,"F×1, S×1","TTT×84, TCA×1"
313,nonsynonymous-only,0,1,2,85,"I×1, T×1","ATT×84, ACT×1"
314,nonsynonymous-only,0,1,4,129,"F×1, K×1, Q×1, S×1","TTT×84, AAA×43, CAG×1, TCC×1"
315,nonsynonymous-only,0,1,20,838,"L×3, S×3, T×3, Q×2, R×2, D×1, E×1, F×1, K×1, M×1, P×1, W×1","CGG×265, CTG×101, ACC×84, TGG×80, CAG×69, AAG×61, ACG×51, GAT×43, TCA×16, TCG×15, AGG×14, ACA×10, CCA×9, TTC×8, CAA×6, TTG×2, AGT×1, ATG×1, CTT×1, GAG×1"
316,nonsynonymous-only,0,1,30,4757,"A×4, G×4, V×4, I×3, D×2, E×2, K×2, L×2, R×2, T×2, M×1, P×1, S×1","ATC×1097, GTA×805, GCG×536, GTT×467, GAA×387, ATA×290, GCT×148, GAT×138, GTG×133, ACC×118, ATG×117, ATT×87, GAC×86, GCA×65, CCA×60, GGA×51, ACA×50, TCA×26, GTC×22, GGT×19, CTT×15, GCC×10, AGG×8, GGG×5, AGA×4, AAA×3, AAG×3, GAG×3, GGC×3, CTA×1"
317,nonsynonymous-only,0,1,31,4449,"L×6, R×4, G×3, P×3, S×3, E×2, K×2, C×1, F×1, I×1, M×1, Q×1, T×1, V×1, W×1","CTT×1075, TTG×539, GGA×457, AAG×423, AAA×345, GGG×327, CCG×255, ATG×182, TTA×163, CTA×157, CTG×138, CGA×101, GAA×36, TCC×32, CAG×28, GTA×28, CCA×23, CCT×22, GAG×20, TTC×20, CTC×19, GGT×13, TCA×13, TGC×9, TGG×6, ATA×5, TCG×5, ACG×3, AGA×2, AGG×2, CGG×1"
318,nonsynonymous-only,0,1,31,4665,"T×4, A×3, I×3, L×3, S×3, E×2, K×2, R×2, V×2, D×1, G×1, H×1, M×1, N×1, Q×1, Y×1","ATT×1671, TTA×502, ATC×461, AAG×414, GCG×380, ATG×260, ACA×243, ACC×141, AAT×102, ATA×89, GCA×75, AGG×71, GAA×61, AGA×38, TCA×36, TAT×34, ACG×20, AGT×14, GAG×14, GAC×9, TCG×9, ACT×4, GGC×3, GTA×3, AAA×2, CAC×2, GCT×2, GTG×2, CAG×1, CTG×1, TTG×1"
319,nonsynonymous-only,0,1,9,561,"I×2, S×2, C×1, D×1, G×1, L×1, N×1","ATT×382, GGC×77, GAC×59, AGT×24, TGC×6, AAT×5, CTT×5, AGC×2, ATC×1"
320,nonsynonymous-only,0,1,9,2632,"L×2, P×2, R×2, F×1, I×1, N×1","CTC×2067, CGG×357, AAC×138, TTC×29, CGA×25, ATC×6, CCC×5, CTT×4, CCG×1"
321,nonsynonymous-only,0,1,6,2494,"D×1, I×1, R×1, S×1, V×1, Y×1","GTT×2076, GAT×382, TAT×29, AGT×5, ATT×1, CGG×1"
322,nonsynonymous-only,0,1,3,35,"F×1, P×1, T×1","TTC×29, ACG×5, CCC×1"
326,synonymous-only,1,0,2,33,I×2,"ATA×29, ATT×4"
327,synonymous-only,1,0,2,33,S×2,"AGC×29, AGT×4"
329,nonsynonymous-only,0,1,2,33,"L×1, T×1","CTT×29, ACT×4"
330,nonsynonymous-only,0,1,2,33,"I×1, T×1","ACG×29, ATA×4"
331,nonsynonymous-only,0,1,2,33,"K×1, N×1","AAA×29, AAT×4"
332,nonsynonymous-only,0,1,2,33,"D×1, N×1","AAT×29, GAT×4"
334,nonsynonymous-only,0,1,3,68,"L×1, P×1, V×1","CTC×36, CCC×28, GTA×4"
340,nonsynonymous-only,0,1,2,37,"E×1, K×1","AAA×30, GAA×7"
342,nonsynonymous-only,0,1,2,33,"A×1, V×1","GTG×29, GCT×4"
343,nonsynonymous-only,0,1,2,33,"I×1, M×1","ATG×29, ATT×4"
344,nonsynonymous-only,0,1,2,33,"L×1, S×1","TCA×29, TTA×4"
348,synonymous-only,1,0,2,29,R×2,"AGA×21, CGA×8"
350,nonsynonymous-only,0,1,3,32,"A×1, E×1, N×1","AAT×29, GAA×2, GCC×1"
351,nonsynonymous-only,0,1,4,478,"L×2, S×1, W×1","TGG×446, TTA×29, TCG×2, CTG×1"
352,nonsynonymous-only,0,1,41,6596,"L×5, R×4, I×3, T×3, V×3, A×2, E×2, F×2, G×2, H×2, K×2, N×2, P×2, Q×2, Y×2, C×1, M×1, S×1","ATC×2159, AAC×1100, ATT×941, TAC×385, CAA×358, ACA×342, CGC×162, GCC×146, CAC×126, TAT×105, TTC×88, GGA×84, CAT×79, AAG×75, CAG×70, CTC×41, CCA×38, AGA×34, TTA×34, AAA×30, AGT×30, ACT×27, AAT×24, CTT×18, GAA×16, CTA×11, CTG×10, ATA×9, GGT×8, GTT×8, GTC×7, GTA×6, TGC×6, CGT×5, ACC×4, CCC×3, GCA×3, ATG×1, CGA×1, GAG×1, TTT×1"
353,nonsynonymous-only,0,1,33,6099,"S×4, R×3, T×3, E×2, F×2, K×2, L×2, Q×2, V×2, A×1, C×1, D×1, G×1, H×1, I×1, M×1, N×1, P×1, W×1, Y×1","TTA×2385, TCT×1100, AAA×542, TTT×451, TCG×382, ATG×154, GAT×152, GTT×139, AAG×135, ATA×113, GAA×90, CCA×71, CTA×55, TTC×48, GCT×42, TAT×42, GGA×40, TGT×29, TGG×28, CAA×25, ACC×19, TCA×12, AGA×10, ACT×8, CAT×6, GTA×5, AAT×4, ACA×4, CGA×4, AGG×1, AGT×1, CAG×1, GAG×1"
354,nonsynonymous-only,0,1,27,7169,"L×4, R×3, C×2, F×2, G×2, N×2, P×2, Q×2, S×2, I×1, K×1, M×1, T×1, W×1, Y×1","TTG×2538, CTA×1147, CTG×904, TTA×552, CAG×498, AAG×320, CAA×170, ATA×152, AGG×144, TCG×127, AAT×118, TGG×105, CGA×73, CGG×54, ATG×53, CCG×51, ACG×37, TGT×31, AAC×29, TAC×25, GGT×8, TCA×7, GGA×6, TTC×6, CCA×5, TGC×5, TTT×4"
355,nonsynonymous-only,0,1,15,3115,"K×2, S×2, V×2, A×1, E×1, G×1, H×1, I×1, N×1, Q×1, R×1, T×1","TCG×2071, AAA×390, CAA×388, AAT×84, GGA×84, GTA×41, GCG×21, GAA×10, AGA×8, GTC×7, AGC×4, CAC×4, AAG×1, ACG×1, ATA×1"
356,nonsynonymous-only,0,1,25,7258,"T×4, I×3, E×2, K×2, L×2, Q×2, R×2, V×2, A×1, F×1, M×1, N×1, S×1, Y×1","AAA×4580, ACA×1249, AAG×685, ATC×188, AAC×100, GCA×84, AGG×82, GAA×72, GTA×40, ACG×25, ACT×25, ATA×23, AGA×19, ATG×18, ACC×16, CAA×16, CTA×13, GTC×11, ATT×5, TTA×2, CAG×1, GAG×1, TAT×1, TCG×1, TTT×1"
357,nonsynonymous-only,0,1,40,7378,"S×6, R×5, T×4, P×3, A×2, D×2, E×2, G×2, K×2, L×2, N×2, Q×2, V×2, Y×2, H×1, I×1","GAG×2086, CCG×1120, AAA×922, AGA×825, AAG×731, CAA×575, TAT×382, AAT×267, AGG×82, GAA×68, AAC×57, CAC×43, ACT×37, ACG×27, TCT×20, GAT×16, TCA×16, CCT×12, GTC×12, CAG×11, TCG×8, ACA×7, AGC×6, AGT×6, TAC×6, GGA×5, CGC×4, CTG×4, TCC×4, ACC×3, CCA×3, GAC×3, GCG×2, GTA×2, ATT×1, CGA×1, CGT×1, GCC×1, GGG×1, TTG×1"
358,nonsynonymous-only,0,1,20,3836,"I×3, T×3, G×2, N×2, S×2, A×1, E×1, K×1, L×1, M×1, R×1, V×1, Y×1","GCT×2071, TAT×382, ATC×371, GGA×341, ATT×223, ACA×142, ATG×104, ACT×84, AAA×40, GGT×22, AGT×20, AAC×11, ATA×7, CTG×6, AAT×5, AGA×3, ACG×1, AGC×1, GAG×1, GTG×1"
359,nonsynonymous-only,0,1,13,632,"G×2, K×2, N×2, V×2, A×1, D×1, E×1, S×1, T×1","GAT×345, GTA×109, GCA×51, GTC×48, AAG×43, GAA×14, AAC×6, ACG×6, AAA×3, AGC×3, AAT×2, GGA×1, GGC×1"
360,nonsynonymous-only,0,1,12,504,"D×2, L×2, V×2, A×1, F×1, H×1, N×1, R×1, S×1","GCC×308, CGC×87, TCA×40, GTC×37, AAT×14, GAC×6, GAT×4, TTT×3, CTG×2, CAT×1, CTT×1, GTT×1"
361,nonsynonymous-only,0,1,8,402,"L×2, D×1, F×1, K×1, M×1, P×1, S×1","ATG×345, CCA×40, TTT×7, CTA×3, GAT×3, AAG×2, TCT×1, TTG×1"
367,nonsynonymous-only,0,1,2,2,"A×1, V×1","GCA×1, GTG×1"
368,nonsynonymous-only,0,1,2,2,"K×1, S×1","AAA×1, AGT×1"
369,nonsynonymous-only,0,1,2,2,"H×1, N×1","AAT×1, CAT×1"
371,nonsynonymous-only,0,1,5,10,"D×2, F×1, L×1, S×1","GAT×4, AGC×2, TTG×2, GAC×1, TTT×1"
372,nonsynonymous-only,0,1,13,639,"I×2, S×2, V×2, F×1, G×1, L×1, P×1, R×1, T×1, Y×1","TTT×313, ATT×112, GGA×84, AGA×71, TTA×26, GTA×19, ACA×5, ATA×2, CCG×2, TAT×2, AGT×1, GTT×1, TCC×1"
373,nonsynonymous-only,0,1,29,4028,"S×4, T×3, A×2, E×2, I×2, K×2, L×2, N×2, P×2, R×2, C×1, D×1, G×1, Q×1, V×1, W×1","AGA×1107, TCG×482, ATA×475, ACA×395, TCA×253, GTA×195, ACG×158, TTA×127, AAT×118, AAG×115, GCA×100, AAA×98, GAG×81, TGG×72, CCG×69, GCG×68, ACC×34, GAA×26, AGC×13, ATT×10, CGA×8, GAC×8, AAC×5, CAA×4, CCA×2, TCC×2, GGA×1, TGT×1, TTG×1"
374,nonsynonymous-only,0,1,35,4451,"S×5, T×4, A×3, G×3, V×3, D×2, K×2, N×2, R×2, Y×2, C×1, E×1, F×1, H×1, L×1, P×1, Q×1","AGC×1142, AAA×841, AAC×539, TGT×524, TAC×296, GAT×157, AAT×145, AGG×126, ACC×119, GAA×106, GAC×98, AGT×60, TAT×49, CAC×47, ACT×32, TCT×29, TCG×28, AGA×22, AAG×15, GCT×15, GGG×12, GTA×12, GCG×8, CAG×5, TTC×5, GGT×4, GTT×4, ACG×2, CTA×2, GGC×2, ACA×1, CCA×1, GCC×1, GTC×1, TCA×1"
375,nonsynonymous-only,0,1,32,3297,"I×3, L×3, R×3, S×3, V×3, C×2, K×2, N×2, T×2, A×1, D×1, E×1, F×1, H×1, M×1, Q×1, W×1, Y×1","AAC×815, TAC×651, CAC×542, ATT×341, AAG×166, TTT×146, ATG×140, AAT×91, TGT×85, AAA×65, ATA×57, GAC×48, TTA×40, GTC×23, GAG×15, TGC×14, CTA×11, ACC×10, TCG×8, CAA×5, AGT×4, ATC×4, GCG×3, AGA×2, CGT×2, GTA×2, GTT×2, ACA×1, AGG×1, CTT×1, TCT×1, TGG×1"
376,nonsynonymous-only,0,1,28,3641,"A×2, E×2, F×2, G×2, H×2, K×2, L×2, Q×2, R×2, S×2, T×2, Y×2, M×1, P×1, V×1, W×1","CAA×1128, GAG×735, TAT×524, AAA×209, GAA×185, ACG×169, GGG×135, TCG×130, GCG×116, CAG×98, AAG×62, TTC×31, CCG×23, TTG×20, TCT×16, GGA×15, CTC×12, GCA×7, ATG×4, CAC×4, TGG×4, CGG×3, TAC×3, CAT×2, GTA×2, TTT×2, ACA×1, AGG×1"
377,nonsynonymous-only,0,1,32,4545,"L×4, S×4, T×4, A×2, E×2, K×2, N×2, Q×2, R×2, V×2, C×1, D×1, F×1, G×1, I×1, P×1","ACG×1472, CAG×918, AAG×593, GCG×275, CAA×215, GAG×176, AAA×175, ATC×120, GTA×100, AAC×90, TTC×66, TGT×59, CTG×37, ACA×32, ACT×32, GAA×28, GTC×27, TTA×27, ACC×19, TCG×19, AAT×17, GAC×16, AGG×10, CTA×4, CTC×4, GCA×4, CCG×3, GGA×2, TCA×2, AGC×1, AGT×1, CGA×1"
378,nonsynonymous-only,0,1,5,219,"L×1, P×1, Q×1, S×1, W×1","TCA×111, CCA×56, CAG×34, TTA×16, TGG×2"
386,nonsynonymous-only,0,1,7,511,"S×2, F×1, G×1, K×1, P×1, Q×1","CAA×275, AAG×138, CCA×70, AGC×16, TCT×6, GGG×5, TTT×1"
387,nonsynonymous-only,0,1,24,4793,"L×5, I×3, T×3, R×2, S×2, A×1, D×1, E×1, F×1, G×1, H×1, M×1, N×1, V×1","ATT×2320, TTT×1038, CTG×524, CTT×316, GTT×304, ATA×113, AGT×53, GAG×29, ACT×20, TTA×20, GGA×14, AAT×9, ACC×7, AGA×5, ATC×5, TCT×5, ATG×3, CTA×2, ACA×1, AGG×1, CAT×1, GAT×1, GCC×1, TTG×1"
388,nonsynonymous-only,0,1,26,3996,"R×5, S×3, F×2, H×2, L×2, N×2, P×2, Q×2, Y×2, C×1, E×1, K×1, W×1","CAG×2084, TTC×363, TGG×340, CAA×266, GAA×218, TCG×176, CTC×140, TAT×72, TGC×60, CAC×59, TTT×59, AAA×33, TCC×30, CCC×19, CGG×17, CGA×14, CGC×14, AAT×6, TAC×6, AGA×4, CGT×4, CTT×4, CCA×3, AAC×2, CAT×2, TCA×1"
389,nonsynonymous-only,0,1,9,35,"E×1, K×1, L×1, M×1, N×1, R×1, T×1, V×1, Y×1","ATG×9, TAT×8, CTG×6, AAG×3, AGG×3, GAA×2, GTG×2, AAC×1, ACG×1"
390,nonsynonymous-only,0,1,13,93,"D×2, I×2, L×2, R×2, V×2, A×1, E×1, G×1","CGG×54, GAA×7, GGA×6, GTA×6, CTG×5, ATA×4, ATT×3, CTA×3, AGA×1, GAC×1, GAT×1, GCA×1, GTC×1"
391,nonsynonymous-only,0,1,9,64,"N×2, R×2, F×1, I×1, K×1, M×1, V×1","AGG×35, AAA×13, AAC×7, AGA×4, AAT×1, ATC×1, ATG×1, GTC×1, TTT×1"
392,nonsynonymous-only,0,1,2,37,"H×1, R×1","CAT×35, CGT×2"
394,nonsynonymous-only,0,1,3,36,"G×2, E×1","GGA×31, GGG×4, GAA×1"
399,nonsynonymous-only,0,1,2,36,"R×1, V×1","CGT×35, GTT×1"
400,nonsynonymous-only,0,1,2,36,"D×1, G×1","GGA×35, GAT×1"
401,nonsynonymous-only,0,1,3,107,"C×1, G×1, Y×1","GGT×71, TAT×35, TGT×1"
402,nonsynonymous-only,0,1,5,165,"F×1, K×1, N×1, S×1, V×1","TCT×71, AAA×43, AAT×36, GTT×8, TTT×7"
403,nonsynonymous-only,0,1,16,2853,"S×3, T×3, A×2, C×1, F×1, I×1, K×1, L×1, N×1, Q×1, W×1","AAA×2071, TGC×382, CTG×138, ACT×72, AAT×43, ACA×36, TCT×35, ACC×21, GCT×16, CAA×14, ATT×8, TGG×7, AGC×6, GCA×2, TCA×1, TTT×1"
404,nonsynonymous-only,0,1,34,8023,"G×4, L×4, R×4, A×3, C×2, E×2, F×2, I×2, K×2, N×2, Q×2, D×1, M×1, S×1, T×1, Y×1","ACA×2210, AAA×1943, GAA×1104, GGA×728, CAA×695, AGA×223, GCA×216, AAG×142, TGT×100, AAT×86, TAT×84, ATT×78, CGA×56, TTG×56, GCT×44, CTA×42, CAG×34, AGG×29, GCC×29, ATA×24, CGT×22, TGC×18, TTC×13, TTT×10, AAC×9, AGT×9, TTA×6, GGG×4, GAG×3, ATG×2, CTC×1, GAT×1, GGC×1, GGT×1"
405,nonsynonymous-only,0,1,28,8041,"S×5, R×4, T×4, A×3, E×2, K×2, N×2, Q×2, G×1, H×1, L×1, Y×1","AAA×4401, AGA×1419, AAG×406, ACA×393, CGT×350, TTA×340, CAA×195, AAC×188, CGA×105, GGA×63, ACT×36, GAA×29, TCT×20, AAT×16, GCT×15, ACG×12, TCA×12, AGG×10, CAT×9, GCA×7, AGT×4, CAG×4, ACC×2, AGC×1, GAG×1, GCG×1, TAT×1, TCC×1"
406,nonsynonymous-only,0,1,24,7868,"S×5, A×3, E×2, L×2, N×2, Q×2, T×2, D×1, F×1, K×1, M×1, R×1, Y×1","AAA×2138, GAA×2002, GAG×1074, GCG×673, GCA×512, ACG×357, TAT×348, ACA×192, GAT×167, CAA×121, ATG×101, TCG×86, TTG×26, AAT×23, TCA×11, AGA×7, TCT×7, TTA×7, AAC×6, CAG×4, AGC×2, TCC×2, GCT×1, TTT×1"
407,nonsynonymous-only,0,1,20,7943,"A×4, L×4, G×2, I×2, T×2, V×2, D×1, K×1, M×1, S×1","GCA×3689, GCG×1361, GCT×1266, GCC×421, GGG×353, ATG×342, TTG×138, GTG×95, TTA×84, ACT×56, GGA×54, ATT×29, GTA×29, ACA×8, AAG×5, CTA×5, ATA×4, TCT×2, CTT×1, GAT×1"
408,nonsynonymous-only,0,1,34,7952,"R×4, I×3, S×3, D×2, E×2, H×2, K×2, L×2, N×2, Q×2, T×2, A×1, C×1, F×1, G×1, M×1, V×1, W×1, Y×1","TAT×2071, AAT×1640, CAG×868, AAA×865, CAA×819, TGC×383, TGG×238, GAA×201, AAG×199, AGA×103, GAT×88, TCT×72, AGG×70, ATT×56, GAG×50, ATC×41, GCA×29, TTA×29, CTT×25, ATA×14, GGA×14, AGT×10, ATG×9, GAC×9, CGT×8, AAC×7, ACT×6, CAC×6, GTT×6, ACA×5, CAT×4, TTT×4, CGA×2, AGC×1"
409,nonsynonymous-only,0,1,6,162,"G×2, D×1, I×1, K×1, Q×1","GAC×100, GGC×38, ATT×15, GGG×4, CAA×3, AAA×2"
410,nonsynonymous-only,0,1,6,67,"R×2, I×1, L×1, M×1, N×1","AAT×43, CTT×9, ATG×6, ATA×4, CGA×3, CGC×2"
411,nonsynonymous-only,0,1,30,4290,"L×6, R×4, A×2, E×2, I×2, K×2, Q×2, S×2, D×1, F×1, H×1, M×1, N×1, T×1, V×1, Y×1","AAA×1456, CTC×549, GAA×411, CTT×364, CGT×252, ATT×204, TTG×151, GAT×148, TAT×145, TTA×136, ACA×118, CTA×72, CAT×59, GCA×58, AGG×48, TTT×24, AAG×17, GCT×14, CAA×12, GTT×12, ATA×10, CAG×8, AGA×6, GAG×4, ATG×3, TCT×3, AAT×2, CGC×2, CTG×1, TCG×1"
412,nonsynonymous-only,0,1,25,3769,"A×4, G×4, E×2, Q×2, S×2, V×2, Y×2, D×1, F×1, H×1, K×1, L×1, T×1, W×1","GCA×1548, GCT×1161, GAA×274, GCG×172, GAT×129, GGA×112, GAG×99, GCC×77, AAA×53, GTT×49, GTA×30, GGG×22, CAA×9, GGC×7, CAG×6, TAC×6, TCG×3, ACA×2, CAC×2, GGT×2, TCA×2, TAT×1, TGG×1, TTA×1, TTT×1"
413,nonsynonymous-only,0,1,24,4234,"L×5, A×3, E×2, F×2, H×2, R×2, Y×2, D×1, I×1, K×1, M×1, Q×1, S×1","TTG×1092, TAT×954, GCT×583, TTT×387, GAA×191, TTA×189, TCT×138, ATG×121, CTT×121, GCC×100, CTC×81, GCA×52, TTC×52, CGT×43, GAT×43, TAC×25, CTA×21, CAC×13, CAG×11, AAA×6, CAT×4, CGA×3, GAG×3, ATT×1"
414,nonsynonymous-only,0,1,37,3514,"L×4, R×4, S×4, A×3, I×3, T×3, V×3, D×2, E×2, K×2, N×2, G×1, H×1, P×1, Q×1, W×1","CTA×1107, CTT×354, GAA×327, AAT×279, ATA×221, GAC×196, GCT×182, TCA×171, GAT×102, GCG×82, TTG×64, GCA×54, CAA×43, ATT×42, TTA×42, CGT×38, TCT×36, TCG×35, AAA×34, GTA×22, AGG×16, GAG×10, AAG×9, AGA×6, CAT×6, CGC×6, TGG×6, CCT×5, ATC×4, GTC×4, ACA×3, ACC×3, AAC×1, ACT×1, AGT×1, GGT×1, GTT×1"
415,nonsynonymous-only,0,1,13,1204,"D×2, E×2, K×2, N×2, Q×2, H×1, R×1, Y×1","GAA×597, CAG×256, GAG×119, AAA×99, GAT×46, AAT×35, GAC×23, CAA×7, AAC×6, AAG×6, TAT×6, CGC×3, CAC×1"
416,nonsynonymous-only,0,1,23,1163,"L×6, I×3, V×3, A×2, F×2, Y×2, C×1, K×1, M×1, T×1, W×1","TTT×290, TTA×211, TTC×149, TAT×137, ATT×115, ATA×68, CTG×43, CTT×21, CTA×19, GTA×18, TGG×17, ATG×12, GCT×10, TAC×10, CTC×9, TTG×8, AAG×6, GTT×5, ATC×4, GCC×4, GTC×4, TGT×2, ACT×1"
417,nonsynonymous-only,0,1,12,157,"L×3, S×2, Y×2, C×1, E×1, G×1, Q×1, T×1","GAA×54, TAT×45, TTA×19, CAA×15, TCT×7, CTA×4, CTT×3, TAC×3, TGC×3, AGC×2, ACT×1, GGA×1"
419,nonsynonymous-only,0,1,2,6,"I×1, S×1","ATC×5, AGT×1"
420,nonsynonymous-only,0,1,2,5,"R×1, S×1","CGT×3, AGT×2"
421,nonsynonymous-only,0,1,2,5,"K×1, S×1","TCA×3, AAA×2"
423,nonsynonymous-only,0,1,4,13,"A×2, F×2","GCA×4, GCT×4, TTC×3, TTT×2"
425,nonsynonymous-only,0,1,6,625,"F×2, L×2, C×1, S×1","TTT×589, TCT×29, TTC×4, CTT×1, TGT×1, TTG×1"
426,nonsynonymous-only,0,1,3,6,"C×1, H×1, S×1","AGT×3, TGT×2, CAT×1"
427,nonsynonymous-only,0,1,2,76,"F×1, S×1","TCC×75, TTC×1"
428,nonsynonymous-only,0,1,10,188,"K×2, N×2, S×2, E×1, P×1, Q×1, R×1","AGT×78, AAT×63, AAC×20, AAG×10, AGC×4, GAG×4, AGA×3, CCC×3, AAA×2, CAA×1"
429,nonsynonymous-only,0,1,30,3834,"S×5, A×3, L×3, T×3, F×2, Q×2, R×2, Y×2, C×1, D×1, E×1, I×1, K×1, P×1, V×1, W×1","TCC×1064, AAA×726, TTG×390, TGG×359, GAT×259, TCA×194, TAC×153, GAA×148, ACA×114, CAA×106, TAT×90, TCT×44, TTC×42, ATT×35, ACT×32, TCG×25, TGC×11, GCG×7, GCT×7, CAG×6, CTC×5, TTA×4, AGC×3, CCG×2, GTA×2, TTT×2, ACG×1, AGA×1, CGA×1, GCA×1"
430,nonsynonymous-only,0,1,22,3259,"R×3, D×2, G×2, H×2, K×2, N×2, S×2, Y×2, C×1, E×1, I×1, Q×1, T×1","AAA×1043, AAT×778, AGA×409, AAG×269, CAT×182, GAC×125, GAA×121, ATT×85, GAT×69, TAT×50, GGG×41, CAG×29, AAC×23, TAC×7, AGG×6, AGT×4, TCA×4, TGT×4, ACG×3, CGA×3, CAC×2, GGT×2"
431,nonsynonymous-only,0,1,30,3444,"S×4, L×3, R×3, E×2, G×2, I×2, K×2, Q×2, T×2, C×1, D×1, F×1, H×1, M×1, N×1, P×1, W×1","TTA×976, TGG×364, AAA×309, AAC×305, CAA×283, AGG×250, CTA×191, CTT×144, TTT×119, TCG×72, AGA×56, GAA×55, ATC×54, CCA×49, AAG×44, GAC×42, TCA×28, AGT×16, ATG×14, CAG×14, ATA×10, ACA×9, GGG×9, GGA×8, CAT×5, GAG×5, ACG×4, AGC×3, CGA×3, TGT×3"
432,nonsynonymous-only,0,1,35,3062,"L×4, T×4, A×3, S×3, C×2, D×2, E×2, G×2, I×2, K×2, N×2, R×2, F×1, H×1, V×1, W×1, Y×1","GAT×523, AAA×472, AAC×443, TCA×257, AAG×242, TTC×197, GGT×154, CTC×119, AGT×84, AAT×74, AGA×62, ACC×54, GTC×51, TAT×47, CAT×46, CGG×43, TTG×35, TGG×27, ATC×20, GAA×18, ACA×16, CTA×16, GCG×14, GAC×12, ACG×10, AGC×5, GGC×4, TGT×4, TGC×3, ACT×2, ATT×2, GAG×2, GCC×2, CTT×1, GCT×1"
433,nonsynonymous-only,0,1,32,2306,"A×3, I×3, L×3, S×3, T×3, D×2, F×2, K×2, N×2, R×2, V×2, C×1, E×1, G×1, M×1, P×1","TTT×524, GTC×340, ACA×314, GCG×202, ATT×164, AAA×123, ATC×108, GAC×71, TCT×71, CTA×70, AGA×54, ATG×48, AAG×43, GAT×40, AGT×35, GCT×25, GAG×19, GTG×16, TGT×7, CGT×6, TCA×5, CCG×4, ACT×3, GGT×3, AAC×2, AAT×2, TTG×2, ACG×1, ATA×1, CTC×1, GCA×1, TTC×1"
434,nonsynonymous-only,0,1,18,966,"G×4, E×2, R×2, A×1, I×1, K×1, L×1, N×1, P×1, Q×1, S×1, T×1, V×1","GAA×532, GGG×100, AAA×71, CTA×61, ACT×40, ATT×38, CCA×23, GGC×20, GGA×19, AGG×17, GCT×16, GAG×11, CAA×5, GGT×4, TCA×4, AAT×3, AGA×1, GTC×1"
435,nonsynonymous-only,0,1,15,493,"L×3, D×2, N×2, A×1, E×1, G×1, I×1, K×1, S×1, T×1, V×1","AAT×222, CTT×88, GCA×47, ACA×37, GAC×37, AAC×17, GAT×14, TTA×14, ATA×4, CTA×4, GAA×3, GGT×2, GTC×2, AAA×1, AGC×1"
436,nonsynonymous-only,0,1,8,487,"R×2, E×1, G×1, I×1, L×1, Q×1, T×1","ATA×220, CAA×88, TTA×84, CGA×37, ACA×19, AGA×18, GGA×17, GAA×4"
437,nonsynonymous-only,0,1,2,5,"M×1, N×1","AAT×4, ATG×1"
438,nonsynonymous-only,0,1,2,34,"N×1, T×1","ACT×29, AAT×5"
439,nonsynonymous-only,0,1,2,34,"S×1, Y×1","AGT×29, TAT×5"
440,nonsynonymous-only,0,1,2,34,"E×1, Q×1","GAA×29, CAA×5"
441,nonsynonymous-only,0,1,2,34,"A×1, I×1","GCA×29, ATA×5"
442,nonsynonymous-only,0,1,2,34,"E×1, I×1","ATA×29, GAG×5"
445,nonsynonymous-only,0,1,2,35,"K×1, R×1","AGA×29, AAA×6"
449,nonsynonymous-only,0,1,3,105,"L×1, R×1, W×1","TGG×70, TTA×29, CGA×6"
450,nonsynonymous-only,0,1,7,192,"F×2, I×1, N×1, R×1, S×1, Y×1","TTC×84, AAT×70, TAT×29, AGA×6, ATC×1, TCT×1, TTT×1"
451,nonsynonymous-only,0,1,8,276,"I×3, V×2, K×1, N×1, T×1","AAT×84, AAG×70, ATA×58, ATT×30, ACT×24, GTT×6, ATC×3, GTA×1"
452,nonsynonymous-only,0,1,11,276,"L×2, S×2, A×1, E×1, G×1, H×1, K×1, N×1, Y×1","TAC×85, TCA×70, TTA×55, CAT×24, GAA×24, AAT×5, GGT×5, AAG×4, AGT×2, GCA×1, TTG×1"
453,nonsynonymous-only,0,1,14,201,"F×2, S×2, T×2, Y×2, A×1, E×1, K×1, L×1, R×1, V×1","TAC×57, ACG×56, ACA×35, GTC×24, TTC×12, TTT×7, TCA×3, AAA×1, AGA×1, CTT×1, GAA×1, GCC×1, TAT×1, TCT×1"
454,nonsynonymous-only,0,1,15,745,"D×2, G×2, L×2, S×2, V×2, C×1, E×1, F×1, N×1, R×1","TGC×447, AGT×85, CTC×70, GGT×55, GTT×24, CTA×20, GAA×14, GAC×9, TTT×7, AGA×6, GGG×4, AAC×1, AGC×1, GAT×1, GTC×1"
455,nonsynonymous-only,0,1,16,1774,"V×4, I×2, S×2, A×1, F×1, G×1, K×1, L×1, R×1, W×1, Y×1","TTT×1172, GTT×211, ATC×118, TCC×84, TAT×72, AGG×29, TTA×25, ATT×20, GCT×20, TGG×8, AAG×6, GTA×3, GGC×2, GTC×2, GTG×1, TCT×1"
456,nonsynonymous-only,0,1,13,1821,"D×2, E×2, K×2, R×2, G×1, I×1, Q×1, S×1, T×1","AGA×1374, AAA×229, CAA×71, AAG×53, GAA×43, ACA×20, GGA×12, AGT×8, GAT×6, CGA×2, ATA×1, GAC×1, GAG×1"
457,nonsynonymous-only,0,1,13,1839,"D×2, K×2, N×2, S×2, A×1, C×1, E×1, T×1, V×1","AAC×1107, AAT×369, GAT×105, GAC×73, AAG×59, GTT×32, GAG×25, AAA×24, GCT×17, AGC×14, AGT×11, ACT×2, TGC×1"
458,nonsynonymous-only,0,1,15,1765,"E×2, I×2, N×2, T×2, D×1, G×1, H×1, K×1, R×1, S×1, Y×1","ACA×1097, GGA×176, TAT×118, AAA×97, ATT×77, ATA×63, AGA×58, GAA×29, GAG×25, AGC×11, AAC×6, AAT×4, ACC×2, CAT×1, GAC×1"
459,nonsynonymous-only,0,1,7,53,"G×2, R×2, C×1, F×1, L×1","AGA×28, TGC×10, TTT×6, CGC×4, GGC×3, CTA×1, GGT×1"
460,nonsynonymous-only,0,1,7,40,"L×2, A×1, G×1, K×1, M×1, V×1","AAA×28, TTA×6, GGC×2, ATG×1, GCC×1, GTA×1, TTG×1"
461,nonsynonymous-only,0,1,3,87,"I×1, V×1, Y×1","ATT×81, GTT×3, TAT×3"
462,nonsynonymous-only,0,1,18,1855,"G×4, E×2, R×2, S×2, D×1, H×1, I×1, K×1, N×1, Q×1, T×1, Y×1","ACT×1097, AAA×186, CAA×156, GGT×140, GAA×95, ATA×70, TCT×29, GAG×24, GGA×16, AGA×14, CGT×10, TAT×6, GGG×4, GAT×3, CAT×2, AAT×1, AGC×1, GGC×1"
463,nonsynonymous-only,0,1,16,1561,"G×3, S×3, E×2, N×2, Q×2, V×2, K×1, R×1","TCC×1097, GGA×153, GAA×139, CGA×70, GTT×26, AAA×18, AGC×15, GGC×10, GGT×8, AGT×6, CAG×6, GAG×6, GTA×3, AAT×2, AAC×1, CAA×1"
464,nonsynonymous-only,0,1,15,355,"L×5, N×2, G×1, I×1, K×1, P×1, Q×1, R×1, S×1, Y×1","TAC×152, AAC×111, CGA×29, TTG×14, CTA×8, AAA×7, AAT×7, ATT×7, CTT×7, CAA×6, CCT×2, GGA×2, CTG×1, TCA×1, TTA×1"
465,nonsynonymous-only,0,1,10,61,"S×4, A×2, T×2, L×1, M×1","GCA×29, TCC×8, ACA×6, GCT×6, TCG×5, TCT×2, TTG×2, ACT×1, ATG×1, TCA×1"
466,nonsynonymous-only,0,1,4,44,"E×1, K×1, N×1, T×1","AAA×29, AAT×8, ACA×6, GAA×1"
467,nonsynonymous-only,0,1,7,60,"D×2, G×1, I×1, N×1, V×1, Y×1","AAT×29, GAT×14, TAT×7, GGA×6, GAC×2, ATT×1, GTA×1"
468,nonsynonymous-only,0,1,7,78,"L×4, Q×1, R×1, T×1","CTA×37, CGA×14, CTT×10, CAG×7, TTA×5, ACA×3, TTG×2"
469,nonsynonymous-only,0,1,9,77,"G×2, V×2, D×1, F×1, K×1, R×1, S×1","GGT×24, AGA×14, GTA×14, TTT×12, GGC×5, GTT×4, AGT×2, AAA×1, GAT×1"
470,nonsynonymous-only,0,1,11,143,"E×2, I×2, T×2, V×2, A×1, D×1, G×1","GTG×71, ATA×29, GTT×16, GAC×10, GAA×4, GCT×4, ACT×3, GGT×3, ACA×1, ATT×1, GAG×1"
471,nonsynonymous-only,0,1,34,2091,"R×4, G×3, I×3, E×2, F×2, K×2, N×2, Q×2, S×2, T×2, V×2, Y×2, A×1, C×1, D×1, H×1, P×1, W×1","ATC×849, GTC×249, ACT×154, AAG×152, CAC×148, GAA×80, AAA×72, GCA×71, AAT×55, AGA×40, GAG×30, GAT×28, GGA×25, TGT×25, TAT×20, AGG×19, AAC×10, TTT×10, CGT×7, GGC×6, ACC×5, CAG×5, CAA×4, CCC×4, GGT×4, TCC×4, CGC×3, GTT×3, ATA×2, TCT×2, TTC×2, ATT×1, TAC×1, TGG×1"
472,nonsynonymous-only,0,1,22,2200,"R×3, A×2, I×2, K×2, L×2, N×2, Q×2, E×1, G×1, M×1, P×1, S×1, T×1, W×1","GAA×1162, AAA×585, CAA×142, TTA×54, TTG×47, AGA×44, GCA×42, TCA×41, TGG×28, AAT×17, GGA×7, GCG×6, ATA×5, AAG×3, ACA×3, AGG×3, ATG×3, CGA×3, AAC×2, ATC×1, CAG×1, CCA×1"
473,nonsynonymous-only,0,1,30,6131,"I×3, R×3, S×3, T×3, A×2, D×2, E×2, G×2, K×2, N×2, Q×2, C×1, L×1, M×1, V×1","GAT×2072, AAT×1119, AAA×771, AGA×411, ATA×361, AGC×271, ACA×176, ATG×156, TTA×119, AAG×106, GAA×87, GCA×77, CAA×61, AGG×60, GTG×54, GAG×46, CGA×35, AAC×28, GAC×28, ACG×26, CAG×18, TCA×10, TGT×9, GGA×8, ATT×7, ATC×6, ACT×3, GGG×3, GCG×2, TCC×1"
474,nonsynonymous-only,0,1,36,6288,"R×5, I×3, S×3, C×2, D×2, E×2, G×2, K×2, N×2, Q×2, T×2, V×2, A×1, H×1, L×1, M×1, P×1, W×1, Y×1","ATA×2143, AAA×1630, AAT×598, AGA×315, AGC×271, ACG×211, GCA×179, AGG×167, GAT×153, CAG×136, AAG×105, GGA×51, GAA×50, AAC×45, TAT×44, TCA×27, TGC×25, CAT×24, GTA×22, ATT×21, TGG×13, CGC×12, GAG×8, TCG×7, GGG×6, GTT×6, ACA×5, TGT×4, GAC×3, ATC×1, ATG×1, CAA×1, CCA×1, CGA×1, CGG×1, CTG×1"
475,nonsynonymous-only,0,1,41,6636,"L×5, R×5, S×4, V×4, E×2, F×2, G×2, I×2, N×2, P×2, Q×2, T×2, A×1, C×1, D×1, H×1, K×1, W×1, Y×1","CAA×3365, TGG×931, AAA×393, CTA×353, TTA×301, CGT×242, TTC×200, CGA×162, ATA×133, TAT×102, CCA×77, AGT×70, TCA×57, ACG×29, AGC×28, TTG×25, CCT×18, GTT×18, GTA×16, TTT×16, CGG×12, TGC×10, GAT×9, AAC×8, GAA×8, GGG×8, GTG×8, AGA×5, ATC×4, CTC×4, CTG×4, CAG×3, CAT×3, TCG×3, AAT×2, ACA×2, GGA×2, GTC×2, CGC×1, GAG×1, GCA×1"
476,nonsynonymous-only,0,1,41,6490,"L×6, S×6, P×3, R×3, V×3, E×2, F×2, H×2, K×2, N×2, Q×2, T×2, Y×2, D×1, G×1, I×1, W×1","CAT×2081, CTC×1085, AAA×689, CTA×403, CAC×329, GGC×264, TTC×204, TTT×155, CCT×154, GAA×144, CAA×136, CTT×134, TTG×94, TAT×78, TGG×71, TTA×68, CCC×52, AAT×48, TCA×47, CAG×37, CGA×31, TCG×27, TAC×24, ATT×21, AGC×20, AAG×18, TCT×15, GAG×11, AAC×10, CTG×9, CCA×8, CGC×4, GTT×4, AGA×3, AGT×3, ACG×2, ACT×2, GTG×2, GAT×1, GTA×1, TCC×1"
477,nonsynonymous-only,0,1,44,6896,"L×6, S×5, P×4, R×4, I×3, T×3, V×3, C×2, F×2, H×2, N×2, Q×2, A×1, E×1, G×1, M×1, W×1, Y×1","TTT×2110, ACC×1103, CTG×410, TTG×380, TGG×344, TCT×270, CCT×260, GTA×227, ATT×199, CTT×196, CAA×138, GTC×137, ACT×120, GTT×99, TTC×99, CGG×93, CTA×92, TTA×90, AAT×76, ATG×70, GAA×50, ACA×44, CAC×35, CGC×27, ATC×25, AAC×24, AGT×24, TAT×20, TGC×18, CCA×17, GCA×16, AGA×14, TCA×12, AGC×9, CTC×9, TCC×9, CAT×7, CCG×6, GGT×5, TGT×5, ATA×3, CAG×2, CCC×1, CGA×1"
478,nonsynonymous-only,0,1,40,5933,"L×4, V×4, A×3, I×3, S×3, C×2, D×2, E×2, F×2, H×2, K×2, N×2, P×2, R×2, Y×2, G×1, Q×1, T×1","TTT×2174, AAT×600, GTT×594, AGC×524, ATT×454, CTA×332, AAA×217, ACT×141, GTC×139, CCA×131, AAC×90, ATC×74, CTT×61, AGT×54, CAC×48, ATA×44, GCC×43, CAA×24, GTA×22, TTG×22, TGC×21, CCT×18, GAA×17, AGA×14, TAT×14, GCT×8, GGA×8, TTC×8, GTG×6, TAC×6, TCT×4, TGT×4, CAT×3, CTC×3, GAC×3, GAG×3, AAG×2, AGG×1, GAT×1, GCA×1"
479,nonsynonymous-only,0,1,37,4513,"L×6, P×4, S×4, R×3, E×2, F×2, G×2, I×2, K×2, Q×2, V×2, A×1, C×1, M×1, T×1, W×1, Y×1","TCG×1993, GTA×498, TTG×262, TTA×239, TCA×224, GTG×183, CTA×175, CAA×171, TTT×123, ATA×93, TAT×71, CCT×54, AAA×53, TCT×46, TGG×44, GCA×39, CCA×38, CAG×35, CTT×30, GGA×24, GAG×22, AGA×21, TGC×14, CTC×10, TTC×10, AAG×9, CGG×9, CGA×5, ATG×4, CTG×3, AGC×2, CCC×2, CCG×2, GAA×2, ACA×1, ATC×1, GGT×1"
480,nonsynonymous-only,0,1,22,1283,"I×3, L×3, E×2, P×2, T×2, V×2, A×1, F×1, G×1, K×1, M×1, Q×1, R×1, W×1","ATA×383, ATG×362, TTT×85, ATC×76, CAA×71, GAA×47, ACG×42, GGA×37, ACT×35, CCG×35, AGA×31, ATT×22, GTG×16, GCA×14, GAG×8, CTG×4, CTT×4, AAA×3, CCC×3, GTT×2, TTA×2, TGG×1"
481,nonsynonymous-only,0,1,4,86,"E×1, I×1, K×1, Q×1","AAA×41, CAA×35, ATC×8, GAA×2"
482,nonsynonymous-only,0,1,21,2325,"S×4, D×2, F×2, L×2, N×2, T×2, V×2, A×1, G×1, I×1, Q×1, Y×1","GAT×1094, AGC×523, TAT×235, AGT×153, ACA×55, CTT×49, AAC×45, AAT×38, ATT×38, GTA×20, ACT×16, CAA×14, TCA×14, GCT×10, GAC×8, GGT×3, TCT×3, TTA×2, TTC×2, TTT×2, GTT×1"
483,nonsynonymous-only,0,1,18,2253,"I×3, T×3, D×2, N×2, V×2, A×1, E×1, F×1, K×1, L×1, M×1","GAA×1096, ATA×521, AAC×228, ATT×157, ATG×91, GAC×57, AAA×44, AAT×19, GTA×9, ATC×7, GTT×7, TTG×5, ACT×4, ACC×3, TTT×2, ACG×1, GAT×1, GCA×1"
484,nonsynonymous-only,0,1,14,1897,"L×5, I×2, Q×2, F×1, P×1, R×1, S×1, W×1","TGG×1096, CTC×522, TTC×154, CTG×70, TTA×14, CAA×10, TTG×9, CGA×7, CCA×6, ATA×3, CTA×3, ATC×1, CAG×1, TCA×1"
485,nonsynonymous-only,0,1,30,2249,"I×3, L×3, T×3, G×2, K×2, N×2, R×2, S×2, V×2, Y×2, A×1, C×1, D×1, F×1, M×1, Q×1, W×1","ATC×979, GTT×503, ATT×145, TAC×137, ATA×135, TAT×68, AGG×52, GTG×45, TGC×44, GGC×42, CAA×15, AAC×13, ACT×13, TCT×9, TTT×8, ACG×7, CTA×7, AAA×4, ATG×4, TGG×3, TTG×3, AAG×2, AAT×2, CGA×2, GAC×2, ACC×1, CTC×1, GCG×1, GGA×1, TCA×1"
486,nonsynonymous-only,0,1,22,611,"A×4, I×3, V×3, E×2, L×2, T×2, G×1, K×1, M×1, Q×1, R×1, S×1","AAG×193, GTA×178, GAA×76, ATA×61, GCG×29, ATG×24, GAG×12, GGC×7, GTC×7, ACC×6, GTG×4, CAA×2, CTG×2, GCT×2, ACG×1, AGG×1, AGT×1, ATC×1, ATT×1, CTC×1, GCA×1, GCC×1"
487,nonsynonymous-only,0,1,22,1002,"I×3, L×3, V×3, K×2, Q×2, R×2, T×2, A×1, E×1, G×1, P×1, S×1","GAA×261, AGA×259, CGA×135, ATA×115, AAA×79, AAG×43, CTG×34, TTA×27, ACG×14, ATC×8, ATT×7, CCA×4, GGA×3, ACA×2, AGC×2, CAG×2, GTA×2, CAA×1, CTA×1, GCA×1, GTC×1, GTT×1"
488,nonsynonymous-only,0,1,26,2206,"R×5, L×3, P×3, C×2, H×2, I×2, S×2, F×1, G×1, K×1, Q×1, T×1, V×1, Y×1","CCA×564, CGA×398, TTA×394, TGT×354, TTT×161, ATT×139, GTA×34, CAC×28, TCA×26, CGG×21, AAA×18, ATA×16, ACT×13, CTC×10, CGC×6, TGC×5, CAT×4, CAA×3, TAC×3, TCT×3, AGG×1, CCG×1, CCT×1, CGT×1, CTA×1, GGT×1"
489,nonsynonymous-only,0,1,20,4372,"C×2, D×2, L×2, N×2, P×2, S×2, Y×2, A×1, F×1, G×1, H×1, K×1, R×1","AAT×1014, CTT×752, AAA×639, GAT×365, GCT×343, CGT×263, CAT×248, GGT×238, GAC×181, AGT×82, TTT×75, TAT×63, TGT×33, CCT×28, TGC×26, TCT×9, TAC×7, AAC×3, CCC×2, CTA×1"
490,nonsynonymous-only,0,1,27,6829,"I×3, S×3, V×3, D×2, F×2, G×2, L×2, Y×2, H×1, K×1, M×1, N×1, P×1, Q×1, R×1, T×1","TTA×2596, TTG×1430, GTC×639, GTA×455, AAT×367, TTC×219, TCG×204, ATA×184, TCC×176, TCA×127, TTT×127, CAA×71, TAT×68, AAA×47, AGA×37, GAT×20, CCA×16, ACA×10, GGA×9, ATG×8, GTT×7, GGC×6, ATT×2, ATC×1, CAT×1, GAC×1, TAC×1"
491,nonsynonymous-only,0,1,38,7363,"T×4, V×4, G×3, L×3, R×3, E×2, F×2, I×2, K×2, N×2, P×2, S×2, Y×2, D×1, H×1, M×1, Q×1, W×1","AAG×3395, TGG×1097, GTG×679, AAC×458, CCA×344, AAA×273, GTA×268, GAG×116, ACC×95, ATG×76, GGC×71, ACA×62, ACT×55, CAC×51, AGG×47, CAG×44, GTT×41, GGA×31, AGA×25, CTG×25, ACG×24, ATC×24, CTT×16, ATA×6, TTT×6, TTC×5, AAT×4, CGG×4, TAT×4, AGC×3, CCG×3, GAT×3, GAA×2, GGG×2, AGT×1, CTC×1, GTC×1, TAC×1"
492,nonsynonymous-only,0,1,34,7515,"L×4, R×4, T×4, I×3, G×2, K×2, N×2, Q×2, S×2, V×2, A×1, C×1, D×1, F×1, M×1, W×1, Y×1","ACT×2100, ATA×1319, ATT×1081, AAG×674, AAT×383, TTG×359, GAT×347, CTT×344, CGG×197, GGG×84, GCT×71, AAA×63, ATG×56, ACC×54, ACG×48, AGT×48, AGA×45, TTA×41, AGC×38, CAG×27, AGG×26, GTG×22, ATC×20, TTT×16, CGA×14, TGG×11, CTG×6, GGC×4, TAC×4, TGT×4, AAC×3, ACA×2, CAA×2, GTT×2"
493,nonsynonymous-only,0,1,23,6756,"S×5, L×4, I×3, F×2, T×2, Y×2, A×1, C×1, N×1, P×1, W×1","TCA×2087, TTT×2061, CCT×1105, TTA×702, TGT×191, TCT×92, TTG×87, TTC×71, TAT×57, ATA×54, CTT×47, TCC×43, TAC×34, ATT×33, CTA×27, TCG×23, TGG×16, AGT×9, AAT×6, ACT×4, GCT×3, ACA×2, ATC×2"
494,nonsynonymous-only,0,1,30,2107,"L×5, I×3, S×3, T×3, V×3, E×2, H×2, A×1, F×1, G×1, K×1, M×1, P×1, Q×1, R×1, W×1","TTG×411, TCG×339, ACG×256, ATA×225, GAA×166, TGG×156, ACA×73, ATG×67, AAA×52, ATC×52, TCT×52, GCA×40, CAT×34, GTC×33, ACC×27, CTA×23, TTA×23, GTG×15, CTT×13, GTA×9, TCA×9, CAA×7, CCA×6, GAG×5, CAC×4, CTG×4, CGA×2, TTT×2, ATT×1, GGA×1"
496,nonsynonymous-only,0,1,4,68,"H×1, L×1, Q×1, Y×1","TAT×39, CAA×24, CAT×4, CTA×1"
497,nonsynonymous-only,0,1,2,68,"D×1, N×1","GAT×43, AAT×25"
500,nonsynonymous-only,0,1,2,26,"L×1, M×1","CTA×25, ATG×1"
501,nonsynonymous-only,0,1,7,1193,"N×2, D×1, L×1, M×1, S×1, T×1","ACG×1096, AAT×60, GAT×25, TTA×8, AAC×2, AGT×1, ATG×1"
502,nonsynonymous-only,0,1,12,1229,"G×2, S×2, F×1, H×1, I×1, L×1, M×1, P×1, R×1, T×1","CCC×1093, GGA×58, ATG×25, AGC×21, GGC×14, TTT×10, ACA×2, CAC×2, AGT×1, ATC×1, CGC×1, CTC×1"
503,nonsynonymous-only,0,1,7,1190,"S×2, I×1, K×1, L×1, M×1, N×1","AAG×1100, ATA×52, AAC×24, ATG×11, AGT×1, TCA×1, TTG×1"
504,nonsynonymous-only,0,1,42,5256,"L×4, S×4, T×4, G×3, I×3, R×3, D×2, E×2, H×2, K×2, N×2, Q×2, V×2, Y×2, A×1, C×1, F×1, M×1, P×1","ACA×1079, ATA×1039, ATG×468, AAT×458, AAA×427, TTA×295, AGC×255, AAG×210, AGT×164, ATC×90, TAT×82, CAA×71, ATT×66, TAC×64, ACC×61, GGT×58, CTC×54, AAC×50, CCC×43, CTG×34, ACT×31, ACG×25, GTA×19, GTT×19, AGA×17, GGC×15, AGG×13, CAG×9, GAA×7, TGT×5, GAC×4, GAT×4, CAC×3, CAT×3, GCC×3, TCA×3, CTA×2, TTC×2, CGG×1, GAG×1, GGA×1, TCC×1"
505,nonsynonymous-only,0,1,31,5529,"L×5, I×3, S×3, V×3, F×2, G×2, T×2, A×1, C×1, D×1, H×1, K×1, M×1, N×1, P×1, Q×1, R×1, Y×1","ATT×1700, TGT×761, ACT×631, AGT×613, ATC×440, TTT×384, AAT×272, TCT×201, CAG×152, TAT×143, GTT×57, CTA×40, GTC×24, AAA×18, CGT×17, GTG×11, CCA×9, CTG×9, TTG×9, ATG×6, CTT×6, GCT×6, GGT×6, TTC×5, CAT×2, GAT×2, ACC×1, AGC×1, ATA×1, CTC×1, GGC×1"
506,nonsynonymous-only,0,1,32,5481,"S×5, G×4, I×3, L×3, T×3, D×2, F×2, N×2, A×1, E×1, K×1, M×1, Q×1, R×1, V×1, Y×1","GGA×1555, GGT×1189, GGC×611, ATT×392, TTT×322, AGA×296, ATA×272, GAA×152, GGG×123, CAG×97, AGC×60, TAT×54, ACG×51, CTA×43, TTG×43, TCA×35, TCC×35, TTC×35, GTA×19, AAA×18, AAC×14, GAT×14, ACA×8, TTA×8, TCG×7, AAT×6, ACT×6, ATC×6, ATG×5, GCC×2, TCT×2, GAC×1"
507,nonsynonymous-only,0,1,29,4922,"L×4, S×4, F×2, G×2, K×2, N×2, T×2, V×2, A×1, C×1, D×1, I×1, M×1, P×1, R×1, W×1, Y×1","GTG×1103, TGG×610, TTG×580, AAC×382, TGC×352, AAT×262, ATA×235, TTA×189, TAC×160, AGG×152, TCC×142, TTC×139, AAG×98, TCA×95, ACA×89, GTA×78, ATG×48, GGG×38, TTT×34, CTA×28, AAA×25, TCG×23, TCT×16, ACC×15, GGT×13, GCT×8, GAT×4, CTG×3, CCA×1"
508,nonsynonymous-only,0,1,49,6482,"L×6, R×5, P×4, S×4, T×4, I×3, C×2, D×2, F×2, G×2, H×2, K×2, N×2, Q×2, V×2, Y×2, A×1, M×1, W×1","GGT×2453, ACG×679, TTA×366, AAT×341, AAA×314, GCT×256, TGC×238, CAA×185, CTT×185, CAG×150, ATA×138, AAC×137, ATG×114, CTA×110, GTA×97, ATC×92, CAT×62, CTC×56, CCA×53, TGT×51, ATT×46, GTT×43, ACC×42, AGT×37, TTT×34, GAT×24, TCG×24, AGC×23, TAC×18, AAG×16, AGG×16, TAT×12, CAC×9, GAC×9, ACA×8, CGG×8, CTG×6, TTG×6, AGA×5, TGG×4, CCG×3, CCT×3, GGC×3, ACT×1, CCC×1, CGC×1, CGT×1, TCA×1, TTC×1"
509,nonsynonymous-only,0,1,29,6676,"I×3, S×3, A×2, D×2, K×2, L×2, N×2, R×2, T×2, V×2, Y×2, C×1, F×1, G×1, H×1, P×1","AAT×3125, ATT×1127, GGT×513, ATC×383, AGT×245, ACA×197, GTT×186, ACT×153, CAT×131, TAT×94, CTT×73, GAT×71, GTG×58, TGT×56, ATA×43, GAC×41, GCA×39, AAC×33, AGC×30, CCT×25, TTT×24, AAG×14, CGT×5, TCT×4, GCT×2, AAA×1, AGA×1, TAC×1, TTG×1"
510,nonsynonymous-only,0,1,5,142,"C×1, F×1, G×1, I×1, S×1","GGT×71, TTC×42, TGT×22, ATT×6, TCC×1"
511,nonsynonymous-only,0,1,3,43,"K×1, M×1, R×1","AGG×39, AAG×3, ATG×1"
512,nonsynonymous-only,0,1,3,49,"I×1, S×1, T×1","ATC×40, TCT×6, ACC×3"
513,nonsynonymous-only,0,1,3,83,"A×1, Q×1, Y×1","CAA×43, GCT×35, TAC×5"
514,nonsynonymous-only,0,1,6,124,"K×2, F×1, G×1, N×1, V×1","AAT×78, AAG×22, AAA×13, GGT×5, TTT×5, GTT×1"
515,nonsynonymous-only,0,1,40,4364,"R×6, L×4, G×3, I×3, T×3, C×2, E×2, F×2, H×2, K×2, N×2, Q×2, S×2, V×2, M×1, P×1, Y×1","AAA×1794, AAG×408, GGG×344, TTA×344, CGA×322, CAG×206, AGA×169, CAC×151, TAT×97, ACA×56, GAA×54, CAA×53, CGC×38, TGT×34, CGT×33, ACG×31, ATG×29, ATA×28, GTA×28, AAC×21, AAT×17, CAT×15, ATT×14, CTA×14, CCG×11, GGA×10, TTC×9, ATC×7, GGC×6, CGG×5, TGC×3, AGG×2, CTT×2, TCA×2, TCC×2, ACT×1, GAG×1, GTG×1, TTG×1, TTT×1"
516,nonsynonymous-only,0,1,38,4568,"L×6, S×6, T×4, I×3, P×3, R×3, A×2, K×2, N×2, Q×2, D×1, E×1, G×1, M×1, V×1","AAA×695, AAT×608, ATC×422, GAA×408, AAG×363, TCA×336, TTG×308, ACC×202, CAA×192, CTT×119, AAC×106, ATA×97, GCT×93, ATT×91, GGA×70, ACA×59, TCG×56, TCT×53, GAT×51, TCC×51, ACG×32, AGA×30, CCT×24, TTA×21, ATG×20, AGG×16, AGT×11, GCA×7, CCA×5, CTA×4, ACT×3, AGC×3, CAG×3, CGT×3, CTG×2, GTT×2, CCC×1, CTC×1"
517,nonsynonymous-only,0,1,40,4080,"S×6, R×5, G×4, T×4, V×3, A×2, D×2, I×2, K×2, L×2, N×2, Q×2, C×1, E×1, F×1, H×1","ACA×740, AAT×534, GTA×347, CAT×256, CTT×224, ACT×217, AAC×184, AGG×177, ACC×157, GAT×153, GGG×137, GTC×119, GCC×99, GTT×94, GGA×89, TCA×64, ACG×62, CAG×54, AGT×49, CGG×47, GCT×37, TCT×33, AGA×29, CAA×26, GGC×25, AAA×21, CGA×17, GGT×17, ATT×14, TTT×14, TCC×9, GAC×7, AAG×6, CGT×6, AGC×5, GAA×3, TTA×3, ATC×2, TCG×2, TGT×1"
518,nonsynonymous-only,0,1,31,4008,"L×4, S×4, T×4, V×4, A×3, H×2, I×2, P×2, K×1, M×1, N×1, Q×1, W×1, Y×1","GTT×1104, GTA×476, ACA×454, TCA×359, CAA×238, ATG×209, GTC×159, ACG×141, AAA×135, TTA×110, CAC×85, GCT×84, GTG×74, ACT×63, GCA×63, CTT×62, ATA×43, ATT×34, TAT×29, CCG×16, TCG×13, CAT×12, TTG×11, CCA×10, TCT×8, AGC×7, GCC×3, AAT×2, CTG×2, ACC×1, TGG×1"
519,nonsynonymous-only,0,1,14,1096,"A×2, E×2, K×2, V×2, D×1, F×1, N×1, Q×1, R×1, T×1","AAA×344, AAG×224, GAT×125, GTT×94, AAT×84, CAA×70, GCT×63, GTA×57, GAG×28, AGA×2, GCC×2, ACT×1, GAA×1, TTT×1"
520,nonsynonymous-only,0,1,9,371,"I×2, E×1, L×1, N×1, P×1, Q×1, S×1, V×1","ATC×292, GAA×43, CCT×14, GTC×14, AGC×2, ATA×2, CAA×2, AAC×1, CTT×1"
521,nonsynonymous-only,0,1,7,285,"A×1, D×1, E×1, I×1, K×1, P×1, R×1","GAC×222, ATC×43, AAA×14, CGA×2, GAA×2, CCA×1, GCT×1"
522,nonsynonymous-only,0,1,5,281,"A×1, E×1, K×1, S×1, V×1","GTA×222, AGC×43, GAA×13, GCA×2, AAA×1"
523,nonsynonymous-only,0,1,5,463,"G×2, E×1, R×1, W×1","TGG×225, GGA×180, GAA×41, GGG×14, AGA×3"
524,nonsynonymous-only,0,1,5,240,"R×2, H×1, I×1, P×1","CGT×214, CCT×14, CAT×8, ATC×2, CGC×2"
525,nonsynonymous-only,0,1,4,238,"I×2, L×2","TTA×216, ATT×14, TTG×6, ATA×2"
526,nonsynonymous-only,0,1,4,238,"R×2, P×1, Q×1","CGG×217, CGC×18, CCA×2, CAG×1"
527,nonsynonymous-only,0,1,2,238,"F×1, S×1","TCC×205, TTC×33"
528,nonsynonymous-only,0,1,2,238,"H×1, L×1","CTT×224, CAT×14"
531,nonsynonymous-only,0,1,2,238,"N×1, S×1","AGT×224, AAT×14"
534,nonsynonymous-only,0,1,8,312,"S×3, T×3, L×1, N×1","AAT×236, ACT×46, TTA×13, ACC×6, AGT×6, ACA×2, TCA×2, AGC×1"
535,nonsynonymous-only,0,1,5,298,"S×3, G×2","GGT×242, TCT×31, TCA×12, GGA×11, AGT×2"
536,nonsynonymous-only,0,1,8,298,"R×3, T×2, F×1, N×1, S×1","TTT×238, CGA×38, ACA×13, CGT×3, AGA×2, TCA×2, AAC×1, ACC×1"
537,nonsynonymous-only,0,1,8,311,"S×4, N×2, F×1, Y×1","TTC×238, AAC×29, AAT×14, AGT×14, TCT×8, AGC×4, TAC×2, TCA×2"
538,nonsynonymous-only,0,1,9,309,"R×4, T×3, K×1, P×1","AAA×236, ACG×34, AGA×13, AGG×7, ACA×5, CGT×5, ACC×4, CGA×3, CCC×2"
539,nonsynonymous-only,0,1,13,809,"K×2, N×2, Q×2, D×1, G×1, I×1, L×1, M×1, R×1, T×1","AAC×361, AAT×293, ATG×34, AAA×29, AAG×28, AGA×20, CAA×18, CTT×16, GGC×3, ACT×2, ATT×2, CAG×2, GAT×1"
540,nonsynonymous-only,0,1,13,809,"P×3, S×3, A×2, E×2, I×2, R×1","GAA×368, ATA×246, GAG×128, TCT×27, CCG×13, GCG×10, ATT×7, GCA×3, CCT×2, CGA×2, CCA×1, TCA×1, TCC×1"
541,nonsynonymous-only,0,1,9,844,"P×4, Q×2, H×1, K×1, Y×1","CAA×437, AAA×238, CAG×78, CCT×30, CCA×22, CAT×16, CCG×14, CCC×7, TAT×2"
542,nonsynonymous-only,0,1,31,4407,"R×5, S×4, T×4, V×4, A×3, E×2, I×2, K×2, D×1, G×1, L×1, Q×1, W×1","AAG×1082, AAA×894, AGG×574, ACA×393, GCG×324, AGA×307, ACG×147, ATT×119, GTA×99, TCT×88, GTG×65, ATC×54, ACT×40, GAA×31, TGG×30, CGA×27, AGT×24, GCC×24, GTT×24, CGT×16, CAA×10, GAG×8, GGT×8, TCA×5, TTA×4, ACC×3, GAC×2, GTC×2, AGC×1, CGC×1, GCA×1"
543,nonsynonymous-only,0,1,46,4438,"L×6, P×4, R×4, A×3, G×3, I×3, S×3, T×3, D×2, E×2, K×2, N×2, Q×2, V×2, Y×2, H×1, M×1, W×1","GAA×1309, GTG×417, AGT×353, TAT×348, AGA×207, AGG×206, AAG×172, GAG×171, AAA×163, TCT×119, CAC×97, GTA×91, CCA×85, CAA×67, ATA×65, GCA×61, GGT×55, CCT×54, TTG×53, CTC×52, CCC×43, ATC×29, GAT×28, GCC×26, GGC×22, AAT×17, CCG×16, CGA×16, AAC×15, ATT×15, GGA×11, CGT×8, TAC×8, ACA×7, TGG×6, CTA×5, GCT×5, ACT×4, CTT×3, ACC×2, CAG×2, ATG×1, CTG×1, GAC×1, TCC×1, TTA×1"
544,nonsynonymous-only,0,1,40,5453,"S×6, R×4, T×4, V×4, A×3, G×3, I×3, D×2, K×2, L×2, N×2, P×2, Q×2, W×1","TCA×1157, TCC×588, CGA×483, AGC×482, GCA×343, GGT×278, AAC×268, AGT×208, CCT×197, GCT×172, AAA×163, CTT×135, AGA×124, ATA×124, GTC×122, GTT×115, TCT×107, GTA×62, ATC×53, AAT×49, ACA×35, TGG×35, ATT×26, AAG×21, ACG×20, CAA×16, ACC×15, GGA×8, GGG×8, CAG×7, CGC×7, GCC×7, ACT×4, GTG×4, CGG×2, CTA×2, GAC×2, TCG×2, CCA×1, GAT×1"
545,nonsynonymous-only,0,1,26,8031,"S×5, G×4, T×4, I×3, A×2, R×2, V×2, K×1, M×1, P×1, Y×1","ACA×3710, ACT×1117, ATC×481, ACG×388, ATT×379, GCA×370, ACC×356, ATA×332, GTT×236, AGC×215, TCA×84, TCT×76, GGA×63, GGC×63, AGA×56, TAC×49, GTG×14, TCC×11, CCT×9, ATG×7, GGT×6, AAA×2, AGG×2, GCT×2, GGG×2, TCG×1"
546,nonsynonymous-only,0,1,34,7486,"A×4, L×4, V×4, I×3, F×2, K×2, N×2, R×2, S×2, T×2, Y×2, C×1, E×1, P×1, Q×1, W×1","ATT×2120, AAA×1158, TAT×944, TTC×696, GTT×410, TTT×359, TAC×307, TCC×267, CCA×236, GTA×153, CGT×118, TCT×117, GAA×97, TGT×84, CTC×47, TTG×45, ATC×39, CTT×39, GTC×35, GCT×34, CGC×31, TTA×31, AAG×24, ATA×24, AAT×14, GCA×13, GCG×12, TGG×10, CAA×6, GTG×6, ACA×5, GCC×3, AAC×1, ACT×1"
547,nonsynonymous-only,0,1,27,4878,"S×5, I×3, L×3, D×2, H×2, K×2, N×2, Q×2, R×2, V×2, A×1, T×1","ATT×2457, GAT×773, AAA×474, CAC×344, GTC×157, AGA×153, GTT×98, GAC×83, AAG×72, AAT×62, TCG×40, ATC×25, GCG×25, AGC×24, AGG×22, CAG×21, CAA×14, CAT×10, ATA×6, AAC×4, ACG×3, TCA×3, TCC×3, CTC×2, AGT×1, CTT×1, TTA×1"
548,nonsynonymous-only,0,1,4,110,"E×1, G×1, N×1, S×1","AGC×88, GAA×16, AAT×5, GGT×1"
550,nonsynonymous-only,0,1,2,87,"F×1, S×1","TTC×86, TCA×1"
551,synonymous-only,1,0,2,87,L×2,"TTA×63, CTA×24"
552,nonsynonymous-only,0,1,2,87,"L×1, S×1","CTA×86, TCA×1"
554,nonsynonymous-only,0,1,2,87,"C×1, Y×1","TAC×86, TGT×1"
556,nonsynonymous-only,0,1,3,87,"F×1, L×1, S×1","TCT×47, TTT×39, CTT×1"
560,nonsynonymous-only,0,1,2,87,"H×1, Y×1","TAT×86, CAT×1"
563,nonsynonymous-only,0,1,2,122,"I×1, L×1","TTA×86, ATA×36"
565,nonsynonymous-only,0,1,4,122,"E×1, G×1, K×1, M×1","GGA×62, ATG×35, GAA×24, AAA×1"
566,nonsynonymous-only,0,1,2,122,"I×1, L×1","CTT×86, ATT×36"
567,synonymous-only,1,0,2,87,L×2,"TTA×86, CTG×1"
570,nonsynonymous-only,0,1,2,87,"L×1, W×1","TGG×86, TTA×1"
571,nonsynonymous-only,0,1,3,87,"E×1, G×1, R×1","AGA×43, GGA×43, GAA×1"
572,nonsynonymous-only,0,1,2,87,"G×1, K×1","GGA×86, AAA×1"
573,synonymous-only,1,0,2,87,V×2,"GTG×86, GTA×1"
574,nonsynonymous-only,0,1,2,87,"G×1, W×1","GGA×86, TGG×1"
576,nonsynonymous-only,0,1,2,87,"N×1, R×1","AGA×86, AAT×1"
577,nonsynonymous-only,0,1,3,87,"G×1, H×1, R×1","CAT×43, CGT×43, GGT×1"
578,nonsynonymous-only,0,1,2,87,"F×1, L×1","TTG×86, TTT×1"
579,nonsynonymous-only,0,1,2,87,"G×1, V×1","GGA×86, GTA×1"
585,nonsynonymous-only,0,1,3,21,"D×1, K×1, P×1","AAA×19, CCA×1, GAC×1"
586,nonsynonymous-only,0,1,4,88,"L×1, N×1, P×1, V×1","GTT×44, CTT×24, CCT×19, AAT×1"
587,nonsynonymous-only,0,1,3,88,"D×1, L×1, T×1","ACC×86, CTT×1, GAT×1"
588,nonsynonymous-only,0,1,4,432,"Y×2, F×1, S×1","TAT×344, TTT×86, AGT×1, TAC×1"
589,nonsynonymous-only,0,1,7,675,"A×2, V×2, D×1, L×1, T×1","GTT×347, GCT×159, GCC×90, CTA×35, GAT×27, GTA×16, ACA×1"
590,nonsynonymous-only,0,1,38,6756,"R×6, G×4, A×3, I×3, S×3, D×2, E×2, K×2, N×2, Q×2, T×2, V×2, Y×2, C×1, H×1, P×1","GAC×2089, AAA×1814, AGC×513, AAT×412, GGG×354, GGA×276, TCG×191, GGC×155, AAG×142, GAT×140, GCA×118, AGA×89, AGG×71, AAC×60, ATA×54, ACG×42, TGT×37, CGG×31, CAA×29, GAA×19, CAC×17, CGA×14, TAC×14, CAG×11, GAG×11, CGT×10, TCA×9, CGC×7, GCG×6, GGT×6, TAT×4, ATC×2, ATT×2, GCT×2, GTT×2, ACA×1, CCA×1, GTA×1"
591,nonsynonymous-only,0,1,30,6610,"R×4, S×4, C×2, D×2, H×2, K×2, N×2, Q×2, Y×2, A×1, E×1, F×1, G×1, I×1, L×1, P×1, T×1","TGT×2304, TAT×890, TAC×749, CAT×699, GAC×388, CGA×352, CGC×293, AAC×235, CAC×166, AAA×137, AAG×90, CGT×69, ACA×30, GAA×30, TGC×30, CAA×28, AGT×23, TCA×22, AAT×18, ATC×10, TTC×10, AGG×8, GGT×8, AGC×7, TCC×5, CAG×2, CCA×2, CTC×2, GAT×2, GCA×1"
592,nonsynonymous-only,0,1,26,4570,"R×4, S×3, E×2, K×2, N×2, Q×2, T×2, Y×2, C×1, G×1, H×1, L×1, M×1, V×1, W×1","GGA×2025, AAG×675, GAA×547, AGA×342, TAC×247, AAT×165, TAT×160, AAA×122, CAA×67, TCT×51, AGC×43, CAG×19, ACG×16, CGA×14, CTA×14, TCA×14, ATG×13, ACA×12, GAG×7, AAC×6, TGG×4, CAT×2, GTA×2, AGG×1, CGG×1, TGT×1"
593,nonsynonymous-only,0,1,37,6445,"R×5, A×3, G×3, I×3, L×3, S×3, D×2, E×2, K×2, N×2, T×2, V×2, Y×2, F×1, H×1, M×1","ACA×2083, ATC×1099, ACG×577, GAA×420, CAT×367, GAC×281, GCG×270, AAT×196, GCA×171, TTG×138, GAT×128, AGC×120, AAG×88, GGT×87, AAC×83, AGA×74, TAT×41, AAA×40, CTT×36, GTT×23, ATT×19, GGA×17, CGA×15, GTA×13, TCG×10, CGT×8, AGG×6, CTG×6, AGT×4, ATA×4, CGC×4, GCT×4, ATG×3, GGG×3, TAC×3, GAG×2, TTC×2"
594,nonsynonymous-only,0,1,35,4229,"L×4, S×4, T×4, G×3, C×2, I×2, P×2, Q×2, R×2, Y×2, A×1, D×1, F×1, H×1, K×1, M×1, N×1, V×1","TGC×856, ACG×520, TTA×490, TAT×419, CAG×310, TTT×286, ACT×271, CGC×245, AAT×244, TCT×172, ACA×91, ATT×66, GGC×40, TGT×34, GGG×31, CAA×24, ATA×18, TTG×18, GTT×17, AGC×10, GCT×9, TCG×9, ATG×8, CTT×7, ACC×6, CAT×6, CCT×5, CTA×4, CGT×3, GGT×3, AAA×2, CCG×2, GAT×1, TAC×1, TCC×1"
595,nonsynonymous-only,0,1,2,81,"L×1, P×1","TTA×46, CCT×35"
596,nonsynonymous-only,0,1,4,98,"S×2, T×2","ACA×43, ACG×41, TCT×10, TCC×4"
597,nonsynonymous-only,0,1,5,558,"H×2, Q×1, R×1, V×1","CAC×372, CAA×127, CGA×43, CAT×10, GTG×6"
598,nonsynonymous-only,0,1,12,1214,"H×2, N×2, Q×2, R×2, E×1, F×1, K×1, S×1","GAA×425, CAT×343, CGA×138, CAC×87, CAA×86, TTT×71, CAG×42, AAT×14, AAA×5, AAC×1, CGT×1, TCA×1"
599,nonsynonymous-only,0,1,25,2033,"R×4, C×2, H×2, K×2, N×2, Q×2, S×2, Y×2, A×1, D×1, E×1, F×1, G×1, P×1, V×1","CGG×566, AAT×434, GAA×316, GAT×154, CAA×104, CGC×70, TGT×62, TAT×54, AGG×51, TTC×43, TAC×41, AAA×39, CAG×27, AGC×18, CCA×14, CGA×11, GGA×7, AAG×6, AAC×5, CAT×4, GCT×3, CAC×1, GTT×1, TCA×1, TGC×1"
600,nonsynonymous-only,0,1,34,2118,"S×5, L×3, D×2, E×2, H×2, K×2, N×2, Q×2, R×2, T×2, Y×2, A×1, C×1, F×1, G×1, I×1, M×1, P×1, V×1","CAG×382, AAT×331, GAC×258, CAC×218, AAA×177, GCT×140, TAT×120, GAA×71, AGC×49, GAT×44, AAC×41, ATG×41, ACT×40, GTA×35, CAT×24, TAC×24, TGT×22, TCG×16, TTC×15, TCT×14, AAG×9, CGC×9, AGT×7, TCA×6, TTG×6, TTA×4, ATC×3, GGT×3, AGG×2, CAA×2, CTC×2, ACG×1, CCT×1, GAG×1"
601,nonsynonymous-only,0,1,32,4387,"L×3, R×3, S×3, T×3, C×2, E×2, I×2, K×2, N×2, Q×2, Y×2, A×1, D×1, F×1, H×1, M×1, P×1","CAA×1171, GAA×956, ACA×382, TCG×271, ACT×236, CAG×192, AAC×181, AGT×177, AAG×144, ATC×138, TTA×103, AGA×89, ATA×54, CCG×48, TAT×43, TTT×41, CTT×40, TTG×29, AAA×22, GAT×18, CGA×17, CGC×7, TGT×5, TAC×4, ACG×3, GCG×3, TCT×3, TGC×3, AAT×2, ATG×2, CAT×2, GAG×1"
602,nonsynonymous-only,0,1,37,4907,"R×4, G×3, L×3, S×3, T×3, C×2, E×2, I×2, K×2, Q×2, V×2, Y×2, A×1, D×1, F×1, H×1, M×1, N×1, W×1","AAA×1276, ATT×1184, ACC×363, TTT×355, TAT×292, TAC×258, ACT×165, GAG×154, GCT×147, CGT×138, AAG×91, AGA×70, CTT×60, GAA×60, ATC×58, AAT×51, GAC×41, TCT×23, CAG×22, TGG×17, AGT×16, TCA×12, TGT×10, CTC×9, CAA×6, GGT×6, CGA×5, ATG×3, GGA×3, GTA×3, ACA×2, CAT×2, AGG×1, GGG×1, GTT×1, TGC×1, TTA×1"
603,nonsynonymous-only,0,1,34,4919,"T×4, A×3, I×3, L×3, P×3, R×3, S×3, V×3, E×2, K×2, C×1, F×1, G×1, M×1, Q×1","TCA×1243, ACA×1194, ATG×524, AAA×285, AGG×258, GCA×249, AGA×239, GAA×171, TTC×135, ATA×114, TTA×83, ACC×58, CTA×54, CCA×48, GTA×44, CGA×43, GCG×41, TCG×40, AAG×34, ACG×14, GAG×8, GTT×7, ATC×6, ATT×5, CCT×4, GTG×4, TGC×3, ACT×2, CCG×2, GGG×2, TTG×2, CAG×1, GCC×1, TCC×1"
604,nonsynonymous-only,0,1,29,7004,"R×4, S×3, C×2, D×2, F×2, H×2, K×2, N×2, Y×2, E×1, G×1, I×1, L×1, Q×1, T×1, V×1, W×1","GAT×2466, CAT×1981, TAT×1231, AGT×345, TTT×154, TTC×139, GAC×132, AAT×103, CAA×93, ATT×89, TAC×86, AAC×56, GTT×40, GAA×20, TGC×19, CAC×13, CTT×6, TGG×5, ACG×4, TCT×4, CGG×3, TCG×3, TGT×3, AAA×2, AAG×2, AGA×2, AGG×1, CGT×1, GGC×1"
605,nonsynonymous-only,0,1,28,7078,"L×4, V×3, A×2, F×2, I×2, N×2, S×2, T×2, Y×2, C×1, D×1, H×1, K×1, P×1, Q×1, R×1","GTT×2177, TTT×1693, ATC×1180, ATT×514, AAT×264, ACT×222, TAT×215, CTT×151, GCC×90, AAA×88, AAC×86, TCT×70, GAT×68, TTC×68, ACA×65, AGA×49, CCT×38, CAC×14, CTA×4, GCT×4, GTC×4, CTC×3, TAC×3, AGT×2, CAA×2, TGT×2, GTG×1, TTA×1"
606,nonsynonymous-only,0,1,17,893,"T×3, F×2, R×2, S×2, A×1, D×1, E×1, G×1, H×1, K×1, L×1, N×1","TCT×332, AAA×199, GGA×137, TTT×98, AGT×45, ACA×42, GCA×18, AGA×7, GAT×4, AAT×2, ACG×2, ACT×2, CAC×1, CGA×1, CTC×1, GAA×1, TTC×1"
607,nonsynonymous-only,0,1,10,596,"K×2, C×1, D×1, E×1, I×1, N×1, S×1, T×1, V×1","AAA×344, ACG×177, GAA×54, TCA×7, AAG×5, AAT×5, ATA×1, GAC×1, GTC×1, TGT×1"
608,nonsynonymous-only,0,1,18,733,"F×2, Y×2, A×1, C×1, D×1, E×1, G×1, H×1, I×1, L×1, N×1, P×1, R×1, S×1, T×1, V×1","TCA×212, ACA×151, CGC×114, TAC×68, TGC×67, CCA×44, GCA×40, GAA×9, TAT×9, AAT×4, CAT×4, GAT×4, GGA×2, ATT×1, CTT×1, GTT×1, TTC×1, TTT×1"
609,nonsynonymous-only,0,1,15,733,"L×2, S×2, A×1, E×1, F×1, H×1, I×1, K×1, N×1, P×1, T×1, V×1, Y×1","TTT×507, GTT×118, ATT×62, CTT×13, AAT×7, TAC×7, CCG×6, CAT×4, TCG×3, AAA×1, ACG×1, AGT×1, CTC×1, GAG×1, GCT×1"
611,nonsynonymous-only,0,1,4,89,"K×2, I×1, R×1","AGG×86, AAA×1, AAG×1, ATA×1"
612,nonsynonymous-only,0,1,5,93,"G×3, I×1, V×1","GTT×44, GGT×43, GGA×4, ATC×1, GGG×1"
613,nonsynonymous-only,0,1,3,93,"C×1, L×1, S×1","TCG×88, CTA×4, TGC×1"
614,nonsynonymous-only,0,1,4,93,"E×1, L×1, Q×1, R×1","CAA×45, GAA×43, TTA×4, AGA×1"
615,nonsynonymous-only,0,1,4,91,"F×1, I×1, R×1, Y×1","TAC×86, TTT×3, AGG×1, ATA×1"
616,nonsynonymous-only,0,1,4,95,"I×2, L×1, V×1","ATA×44, GTA×43, ATC×7, TTA×1"
617,nonsynonymous-only,0,1,2,87,"E×1, F×1","TTT×86, GAA×1"
618,nonsynonymous-only,0,1,3,3,"P×1, Q×1, S×1","AGT×1, CAG×1, CCG×1"
619,nonsynonymous-only,0,1,35,7202,"R×6, A×4, P×4, S×3, D×2, E×2, K×2, L×2, Q×2, T×2, C×1, F×1, H×1, N×1, V×1, Y×1","GCT×2193, CCA×1377, CCC×765, CCT×581, CAT×382, CGA×352, TCT×310, AAG×216, GAT×167, CTG×152, TAT×88, ACA×86, CAA×80, CGT×71, GCC×52, AGA×51, GAA×46, AGG×32, TTT×29, AAA×28, CCG×24, GAC×22, GTT×20, TCA×18, TGC×13, AAT×11, GAG×9, TCG×8, GCG×7, ACT×4, CGC×2, CGG×2, GCA×2, CAG×1, CTA×1"
620,nonsynonymous-only,0,1,39,7113,"R×5, A×4, L×4, I×3, V×3, E×2, F×2, H×2, K×2, N×2, T×2, Y×2, C×1, D×1, M×1, Q×1, S×1, W×1","TAT×3075, TTA×871, ACA×575, TGG×484, CAA×383, TTG×265, ATC×212, TCA×170, TTC×120, ATA×100, AAT×88, GTT×88, ATG×85, CTA×78, ACT×76, CTT×70, GCA×68, GCT×61, TTT×50, AAA×45, ATT×36, CAC×22, AAC×14, CGC×14, GAA×11, GAT×11, TAC×8, GAG×5, GTA×5, AAG×4, CAT×4, CGG×3, GCG×3, CGA×2, CGT×2, TGT×2, AGA×1, GCC×1, GTG×1"
621,nonsynonymous-only,0,1,2,18,"C×1, Y×1","TAC×14, TGC×4"
622,nonsynonymous-only,0,1,3,22,"L×1, P×1, S×1","TCG×14, CCT×4, CTA×4"
623,nonsynonymous-only,0,1,18,4167,"R×4, C×2, F×2, G×2, L×2, S×2, I×1, K×1, Q×1, W×1","TGG×2242, CGG×705, AGG×507, TTA×233, AAA×156, TTT×156, GGA×73, AGA×44, TCA×11, CGA×10, TCG×8, TTC×8, CAA×6, TGC×3, CTA×2, ATT×1, GGG×1, TGT×1"
624,nonsynonymous-only,0,1,11,1006,"K×2, L×2, R×2, A×1, E×1, H×1, N×1, W×1","GAA×527, AAA×171, TTA×152, CGA×97, CAT×22, TGG×16, AGA×10, AAC×6, AAG×2, GCT×2, CTA×1"
625,nonsynonymous-only,0,1,9,715,"T×3, I×2, K×1, N×1, P×1, Y×1","AAT×527, ACA×71, TAC×49, ATA×34, ATT×22, AAG×4, ACG×4, ACC×2, CCT×2"
626,nonsynonymous-only,0,1,2,8,"L×1, Y×1","CTT×4, TAT×4"
628,nonsynonymous-only,0,1,6,587,"Q×2, F×1, L×1, P×1, Y×1","CTT×542, CAA×19, TTT×16, CAG×4, CCG×4, TAT×2"
629,nonsynonymous-only,0,1,8,988,"Q×2, D×1, E×1, H×1, K×1, N×1, Y×1","GAG×527, CAG×380, CAA×49, AAT×14, AAA×7, CAT×4, TAC×4, GAT×3"
630,nonsynonymous-only,0,1,35,5332,"L×6, A×3, I×3, R×3, T×3, G×2, K×2, Q×2, V×2, Y×2, C×1, E×1, H×1, M×1, N×1, S×1, W×1","CAA×734, AAA×616, CGT×526, CAG×383, ATG×364, TTG×358, AAT×295, ACA×236, ATT×235, GTA×218, GAA×198, TAT×178, TAC×140, TTA×127, AAG×96, ATA×95, ACT×93, GGG×93, CTT×64, ATC×51, GCT×47, GCG×43, GGA×36, TGC×30, TGG×29, CAT×15, CTG×11, CTA×6, ACC×4, CGG×3, AGG×2, GCA×2, GTG×2, CTC×1, TCC×1"
631,nonsynonymous-only,0,1,35,5076,"R×5, A×4, L×4, D×2, G×2, K×2, P×2, Q×2, S×2, V×2, Y×2, C×1, E×1, H×1, I×1, M×1, N×1","AAA×2002, TTA×533, CAA×485, AAG×353, CCA×284, CAG×282, GAA×251, ATG×194, AGA×94, TAC×93, TTG×90, CGA×60, GCT×52, ATC×43, TAT×43, GAC×41, CAT×31, TGT×29, GGA×23, GTA×22, AAC×14, GCA×12, CGC×9, GAT×7, CCT×6, CGG×4, GGG×4, AGG×3, CTA×3, CTT×2, GTG×2, TCC×2, GCC×1, GCG×1, TCA×1"
632,nonsynonymous-only,0,1,6,107,"L×2, F×1, I×1, N×1, P×1","CTC×71, CTT×22, TTT×5, AAC×4, CCT×4, ATA×1"
636,nonsynonymous-only,0,1,3,3,"C×1, N×1, R×1","AAT×1, CGT×1, TGC×1"
637,nonsynonymous-only,0,1,4,7,"F×2, I×1, L×1","TTT×4, ATT×1, CTC×1, TTC×1"
639,nonsynonymous-only,0,1,2,7,"I×1, L×1","ATT×6, CTT×1"
641,nonsynonymous-only,0,1,2,2,"K×1, M×1","AAA×1, ATG×1"
642,nonsynonymous-only,0,1,2,2,"L×1, R×1","CGC×1, CTC×1"
643,nonsynonymous-only,0,1,2,2,"G×1, L×1","CTC×1, GGC×1"
644,nonsynonymous-only,0,1,4,278,"K×2, H×1, Q×1","AAG×232, AAA×44, CAC×1, CAG×1"
645,nonsynonymous-only,0,1,5,278,"L×2, C×1, H×1, S×1","CAT×189, TTG×67, TTA×20, TCT×1, TGC×1"
646,nonsynonymous-only,0,1,3,278,"R×2, G×1","CGA×189, AGA×87, GGA×2"
647,nonsynonymous-only,0,1,5,277,"L×2, K×1, Q×1, R×1","CAA×189, TTA×43, TTG×43, AAA×1, CGA×1"
648,nonsynonymous-only,0,1,4,88,"N×2, E×1, F×1","AAC×43, AAT×43, GAG×1, TTT×1"
649,nonsynonymous-only,0,1,3,3,"I×1, L×1, V×1","ATA×1, CTA×1, GTA×1"
650,nonsynonymous-only,0,1,2,3,"F×1, R×1","TTT×2, CGT×1"
651,nonsynonymous-only,0,1,3,3,"G×1, H×1, N×1","AAT×1, CAC×1, GGC×1"
653,nonsynonymous-only,0,1,6,131,"R×2, L×1, Q×1, V×1, W×1","CGG×76, TGG×43, CAG×5, CGT×5, CTA×1, GTT×1"
654,nonsynonymous-only,0,1,3,124,"I×1, K×1, M×1","ATA×122, AAA×1, ATG×1"
655,nonsynonymous-only,0,1,5,124,"L×2, A×1, D×1, I×1","GCT×86, CTG×35, ATT×1, CTT×1, GAT×1"
657,nonsynonymous-only,0,1,2,9,"L×1, Q×1","TTA×8, CAA×1"
658,nonsynonymous-only,0,1,5,102,"E×2, A×1, S×1, T×1","GCA×71, GAG×22, ACA×4, TCA×4, GAA×1"
659,nonsynonymous-only,0,1,5,102,"E×1, K×1, L×1, M×1, Q×1","TTA×71, AAA×22, ATG×4, GAA×4, CAA×1"
660,nonsynonymous-only,0,1,41,7687,"S×6, R×5, T×4, I×3, V×3, A×2, D×2, E×2, K×2, N×2, Q×2, Y×2, C×1, F×1, H×1, L×1, M×1, P×1","GAG×2101, TCT×1515, AGT×675, AAT×566, GTC×441, AAC×364, GAA×309, TCA×204, GAC×167, AAA×156, TCC×137, GTA×128, CTA×118, ATT×88, CCC×85, GAT×83, GCT×75, ACA×58, TCG×54, ATA×47, CAG×43, ATC×35, ACT×32, CAA×31, GTT×26, CAC×25, GCA×22, TAC×19, CGA×17, CGC×11, AGA×10, CGT×8, TTT×8, AAG×6, ACC×6, AGC×5, ACG×4, TGT×4, ATG×2, CGG×1, TAT×1"
661,nonsynonymous-only,0,1,34,7646,"A×4, G×4, S×4, R×3, D×2, E×2, H×2, K×2, N×2, T×2, Y×2, F×1, I×1, M×1, Q×1, V×1","CGA×2073, TCT×1097, AAA×800, AAG×756, GAT×497, GAC×483, AGT×380, AAT×293, GAA×201, GCT×188, GAG×136, ACT×118, ATT×117, AGG×97, TAT×86, CAA×79, GCG×53, GGT×46, AGA×36, AGC×20, CAC×20, ACC×16, TTC×13, GGG×9, CAT×8, AAC×6, GGC×4, TCG×4, TAC×3, GCA×2, GGA×2, ATG×1, GCC×1, GTG×1"
662,nonsynonymous-only,0,1,23,8046,"L×5, V×4, I×3, T×3, Y×2, F×1, G×1, H×1, K×1, M×1, N×1","ATT×3000, TTA×2013, ATA×755, ATC×683, GTA×326, GTG×275, TAT×166, AAT×152, GTC×127, CTT×118, GGC×118, AAA×85, GTT×70, ATG×35, ACA×31, TTT×18, TTG×17, CTG×16, ACT×14, CTA×12, CAT×11, TAC×3, ACC×1"
663,nonsynonymous-only,0,1,19,1453,"G×3, T×3, K×2, N×2, R×2, V×2, C×1, D×1, E×1, S×1, Y×1","GTG×524, GGT×343, AGT×234, AGA×61, GAT×59, TGT×54, AAT×46, ACC×39, AAA×27, GGC×18, CGT×10, AAC×8, GTT×7, TAC×7, ACA×6, ACG×4, GGG×4, AAG×1, GAG×1"
664,nonsynonymous-only,0,1,12,412,"D×2, P×2, T×2, F×1, I×1, N×1, S×1, V×1, Y×1","GTT×199, GAT×114, AGC×35, AAT×18, TTT×16, GAC×7, TAT×6, CCG×5, ACA×4, ACT×4, ATT×3, CCA×1"
665,nonsynonymous-only,0,1,7,44,"L×3, I×2, E×1, H×1","ATT×23, CTA×6, TTA×6, ATC×4, CTC×3, CAT×1, GAA×1"
666,nonsynonymous-only,0,1,9,44,"V×3, I×2, D×1, K×1, L×1, Y×1","GTC×16, GTA×12, CTC×6, ATC×3, ATT×2, GTT×2, AAA×1, GAT×1, TAT×1"
667,nonsynonymous-only,0,1,7,43,"V×3, I×1, M×1, S×1, T×1","ATG×14, GTA×12, ATT×7, GTT×6, GTC×2, ACT×1, TCT×1"
668,nonsynonymous-only,0,1,2,2,"S×1, T×1","ACC×1, TCC×1"
672,nonsynonymous-only,0,1,2,6,"K×1, Y×1","TAT×5, AAA×1"
673,nonsynonymous-only,0,1,2,2,"D×1, G×1","GAT×1, GGT×1"
674,nonsynonymous-only,0,1,2,2,"Q×1, Y×1","CAG×1, TAT×1"
675,nonsynonymous-only,0,1,2,2,"K×1, Y×1","AAA×1, TAT×1"
676,nonsynonymous-only,0,1,2,8,"K×1, R×1","AAA×7, CGA×1"
677,nonsynonymous-only,0,1,3,8,"I×1, K×1, T×1","ACT×5, AAA×2, ATT×1"
678,nonsynonymous-only,0,1,9,1245,"A×2, L×2, V×2, I×1, R×1, S×1","ATA×1097, CTT×45, TCG×43, TTG×43, GCT×6, CGA×4, GTG×4, GCG×2, GTT×1"
679,nonsynonymous-only,0,1,42,3713,"R×6, L×4, P×4, A×3, S×3, T×3, V×3, E×2, G×2, H×2, I×2, N×2, Q×2, D×1, K×1, M×1, Y×1","AGA×1097, CAA×400, CAT×296, AAA×273, AAC×202, GAC×166, GTG×151, CTC×150, TCA×118, CTT×94, CTA×85, CTG×80, GGT×70, GAA×62, AGC×59, CAC×57, ATT×54, CAG×35, CCA×35, GTC×34, ACA×22, ATA×22, CGT×22, CCC×21, GCT×21, TCT×14, ATG×11, GAG×9, GCA×9, CCG×7, GTA×7, CGC×5, CCT×4, CGA×4, CGG×4, GGG×4, ACC×3, AGG×2, AAT×1, ACT×1, GCG×1, TAT×1"
680,nonsynonymous-only,0,1,37,4157,"L×6, S×5, P×4, R×3, C×2, F×2, H×2, Q×2, T×2, V×2, Y×2, D×1, I×1, K×1, M×1, N×1","TTA×1152, CAG×524, CTG×472, CTT×375, ATG×244, CGG×187, TTT×155, CAC×138, CGA×133, CCA×110, TAT×95, CCC×87, CTA×69, TCC×58, CAA×57, AAA×50, TTG×47, TTC×44, ACG×32, GAT×30, TGT×18, AAT×14, TCA×13, CCT×12, CCG×9, GTC×9, TAC×6, TGC×6, CGC×2, TCG×2, ACA×1, AGC×1, ATC×1, CAT×1, CTC×1, GTA×1, TCT×1"
681,nonsynonymous-only,0,1,42,4262,"L×5, R×4, G×3, I×3, S×3, V×3, A×2, F×2, H×2, K×2, N×2, Q×2, Y×2, C×1, D×1, E×1, M×1, P×1, T×1, W×1","CCT×876, CTT×476, AAG×443, ATC×344, TTG×280, TTC×263, ATA×240, ATT×149, CTA×135, CAG×129, AAA×87, GAG×75, CAC×70, ACT×63, CAT×62, CTG×59, AAT×57, TAC×55, TGG×45, AGT×44, ATG×44, GTC×44, TCT×31, GTT×24, AAC×22, TTT×22, GGT×20, GGG×19, GGA×18, CAA×14, AGG×13, CGG×12, TGC×5, GAT×4, TAT×4, CGT×3, GCC×3, GTG×3, TCC×2, AGA×1, GCT×1, TTA×1"
682,nonsynonymous-only,0,1,25,6938,"S×4, T×4, I×3, A×2, D×2, L×2, N×2, C×1, F×1, G×1, K×1, M×1, V×1","ACG×1840, ATA×1478, ATT×1160, AAA×382, AAC×375, ATG×367, AGT×239, GAT×189, ATC×150, TTT×143, TTA×135, TCA×119, TCC×70, AAT×48, ACT×43, GTT×38, ACC×30, CTT×29, GAC×24, ACA×23, GCC×23, TCT×18, TGT×10, GCT×3, GGT×2"
683,nonsynonymous-only,0,1,10,236,"R×2, C×1, E×1, I×1, K×1, L×1, N×1, S×1, T×1","GAA×71, TGC×70, ATT×49, AAA×14, TCA×14, CGA×6, AGA×5, AAC×4, ACT×2, TTA×1"
684,nonsynonymous-only,0,1,14,207,"T×3, I×2, D×1, G×1, H×1, L×1, M×1, Q×1, R×1, S×1, Y×1","CAT×70, ATC×31, ATA×16, TAT×15, GAT×14, GGA×14, ACC×11, AGC×9, ACG×8, AGA×5, ATG×5, TTG×4, CAA×3, ACA×2"
685,nonsynonymous-only,0,1,11,300,"I×2, T×2, H×1, K×1, M×1, P×1, R×1, S×1, V×1","ATT×75, ATG×74, AAA×44, AGA×31, GTA×27, ATA×15, TCT×12, ACA×10, CCT×6, CAC×5, ACG×1"
688,nonsynonymous-only,0,1,7,77,"D×1, N×1, P×1, Q×1, S×1, T×1, V×1","AGT×34, ACT×16, CCA×14, CAG×4, GAT×4, AAT×3, GTT×2"
689,nonsynonymous-only,0,1,27,7936,"L×3, R×3, E×2, G×2, K×2, Q×2, S×2, T×2, Y×2, D×1, F×1, H×1, I×1, N×1, P×1, V×1","CAG×2566, CAA×2546, CGA×1114, GAG×390, GTA×238, AAG×229, AAA×220, TAT×198, GAA×155, TTG×59, GGG×52, CCA×44, TAC×34, GGA×29, AAC×15, TTA×11, TCA×10, ACA×6, AGA×6, GAC×3, TCC×3, CAC×2, TTC×2, ACT×1, ATT×1, CGG×1, CTG×1"
690,nonsynonymous-only,0,1,32,8428,"S×5, R×4, A×3, L×3, D×2, E×2, K×2, N×2, Q×2, F×1, G×1, H×1, I×1, M×1, T×1, W×1","GAA×3567, AAA×2211, AAG×513, CAA×468, GAT×391, GAG×338, AAT×145, AGC×140, CAG×124, AGG×106, CGA×94, ACA×52, AGA×46, AGT×45, GCA×41, GAC×36, ATA×25, TTG×14, AAC×13, CTA×8, GGG×7, TCA×7, TCC×6, TGG×6, CTG×5, CAC×4, CGT×4, GCT×4, ATG×3, TTT×3, GCG×1, TCG×1"
691,nonsynonymous-only,0,1,34,8313,"L×5, S×4, V×4, A×3, I×3, F×2, K×2, Q×2, T×2, C×1, H×1, M×1, P×1, R×1, W×1, Y×1","TTT×2600, TAT×2186, TCT×549, TTA×455, TTC×429, TTG×286, TGG×271, CTG×210, ATC×207, ATA×162, GCC×154, CAA×129, ATT×127, ACT×112, GTA×78, GTG×57, CTT×51, CAC×43, TCC×33, AAA×32, GTT×32, CTA×26, GTC×25, ACA×13, GCT×11, CAG×10, TGC×7, GCA×6, AAG×3, CGA×3, TCG×3, ATG×1, CCT×1, TCA×1"
692,nonsynonymous-only,0,1,8,411,"L×2, R×2, H×1, P×1, Q×1, T×1","CTC×207, CCC×134, CTA×35, CAA×20, CAC×8, ACT×4, CGG×2, CGT×1"
693,nonsynonymous-only,0,1,5,31,"I×2, A×1, S×1, T×1","ATT×9, GCA×9, ATC×6, TCT×6, ACT×1"
694,nonsynonymous-only,0,1,11,635,"L×4, D×1, E×1, F×1, M×1, S×1, T×1, W×1","CTT×335, ATG×72, GAT×71, TTG×54, GAA×35, TTC×24, TCG×22, TTA×9, ACA×6, CTA×6, TGG×1"
695,nonsynonymous-only,0,1,9,634,"F×2, Y×2, C×1, H×1, L×1, R×1, W×1","TTC×319, TTT×165, CGC×71, TTA×35, TAC×21, TGG×15, CAC×6, TAT×1, TGC×1"
696,nonsynonymous-only,0,1,19,718,"V×4, T×3, A×2, I×2, L×2, S×2, E×1, F×1, M×1, Y×1","ATT×311, GTT×102, ACA×75, TCT×71, TAT×35, TTC×22, ACT×21, ACC×20, TTG×13, GCA×9, GAA×8, GTG×8, GCT×6, TCA×6, CTG×3, ATA×2, ATG×2, GTA×2, GTC×2"
697,nonsynonymous-only,0,1,31,6930,"L×6, T×4, V×4, I×3, A×2, R×2, S×2, D×1, F×1, H×1, M×1, N×1, P×1, Q×1, W×1","GCA×1645, ATT×1395, TTA×626, GTT×624, GTA×527, GTG×497, ACC×342, TTG×239, CTG×207, CTT×123, CTA×118, TGG×118, AGG×71, ATA×51, ATG×50, GTC×49, TTT×44, CGA×36, ACA×34, TCA×25, ACT×22, TCT×20, CTC×16, ATC×15, CAC×10, CCC×8, AAT×7, ACG×7, GCT×2, CAG×1, GAC×1"
698,nonsynonymous-only,0,1,37,7310,"R×5, A×3, G×3, T×3, V×3, D×2, I×2, K×2, N×2, Q×2, S×2, Y×2, C×1, E×1, H×1, L×1, M×1, P×1","ATT×2370, AAT×1672, GAC×777, AAA×497, GAT×490, ATG×388, ACT×260, GCC×186, AAC×183, GTC×104, GTT×70, GGC×43, AGA×42, GTA×35, AAG×27, ATC×24, CAC×22, ACC×20, GGT×15, CAG×13, ACA×10, CGT×8, CTT×8, GAA×7, CGG×6, CAA×5, AGC×4, CCC×4, GCA×4, TAT×4, TGC×4, CGA×2, GGA×2, AGT×1, CGC×1, GCT×1, TAC×1"
699,nonsynonymous-only,0,1,40,8250,"L×5, S×4, I×3, R×3, A×2, C×2, D×2, E×2, G×2, H×2, K×2, N×2, Q×2, T×2, V×2, Y×2, F×1","CGA×2072, GAA×1674, AAA×1372, ATA×539, AAC×422, CAG×382, GAG×293, TTA×212, GGG×189, GAC×161, ACA×157, AAG×139, AGC×135, GTA×78, AGA×74, TTG×44, ACT×43, TCT×43, TTC×43, ATC×27, GAT×27, AAT×20, CAA×14, CAC×12, CTC×11, TAC×11, CGC×10, CTT×10, ATT×7, GCT×7, TGT×4, AGT×3, CAT×3, TAT×3, GGA×2, TCA×2, TGC×2, CTA×1, GCA×1, GTC×1"
700,nonsynonymous-only,0,1,13,878,"R×3, F×2, K×2, L×2, S×2, C×1, W×1","AAG×316, TCA×226, TGG×90, CGT×54, CGA×51, AAA×39, TTT×36, TTA×26, TGT×24, TCG×10, TTC×4, AGG×1, CTC×1"
701,nonsynonymous-only,0,1,7,748,"G×4, I×1, T×1, V×1","GGA×345, GTT×236, GGC×84, GGG×45, ACA×25, GGT×11, ATT×2"
702,nonsynonymous-only,0,1,8,752,"I×3, K×2, V×2, F×1","ATT×395, TTC×238, ATA×68, GTT×23, AAG×16, AAA×9, ATC×2, GTC×1"
703,nonsynonymous-only,0,1,7,516,"D×2, K×2, N×1, S×1, T×1","GAT×363, AAT×117, AAA×24, GAC×5, ACG×4, TCA×2, AAG×1"
704,nonsynonymous-only,0,1,7,752,"G×4, L×1, R×1, S×1","GGC×268, AGA×238, GGT×168, GGA×40, TCG×25, GGG×9, TTA×4"
705,nonsynonymous-only,0,1,14,755,"L×3, E×2, I×2, K×2, D×1, R×1, S×1, T×1, V×1","GTT×307, CTA×236, GAG×58, GAA×56, AAA×24, ACA×24, ATT×21, CGT×16, CTC×4, TCT×3, ATC×2, TTA×2, AAG×1, GAT×1"
706,nonsynonymous-only,0,1,21,917,"A×4, S×4, E×2, F×2, G×2, V×2, D×1, I×1, N×1, R×1, T×1","AAT×305, TTC×236, ACT×51, GAT×46, GTG×43, TTT×43, GTC×42, GAG×41, TCT×28, GAA×25, GCT×15, GCA×8, TCC×8, GCC×5, ATC×4, GCG×4, GGG×4, AGT×3, CGC×2, GGA×2, TCA×2"
707,nonsynonymous-only,0,1,17,878,"L×3, E×2, Q×2, S×2, Y×2, A×1, I×1, K×1, R×1, T×1, V×1","GTT×349, GCC×236, AAA×69, CGA×50, AGT×43, ATA×41, GAA×25, TAC×24, CAA×19, CTA×4, GAG×4, TTA×4, TCC×3, ACC×2, CAG×2, CTT×2, TAT×1"
708,nonsynonymous-only,0,1,28,2024,"G×4, L×3, T×3, F×2, I×2, N×2, R×2, S×2, A×1, C×1, E×1, K×1, M×1, Q×1, V×1, Y×1","GGT×322, AGC×296, ATT×256, AAT×192, CTC×140, TTA×139, TTC×119, ATG×86, GGG×74, GGC×67, TTT×60, GGA×59, CTT×43, CGC×40, AAC×39, GCA×25, ACA×19, ACT×9, AAA×7, TAT×7, CAA×5, ACG×4, AGT×4, GAA×4, AGA×3, ATC×2, GTT×2, TGC×1"
709,nonsynonymous-only,0,1,24,1884,"R×3, S×3, C×2, F×2, G×2, H×2, K×2, L×2, N×2, Y×2, Q×1, T×1","TAT×771, TAC×357, TGT×179, CGA×162, TTG×119, AAT×67, CAG×43, TTC×40, CAT×35, TTT×26, AAA×24, AAG×19, CAC×14, ACA×4, AGT×4, CGT×4, TCT×4, GGT×3, CGG×2, GGC×2, TGC×2, AAC×1, TCC×1, TTA×1"
710,nonsynonymous-only,0,1,40,7352,"L×5, R×4, S×4, A×3, C×2, F×2, G×2, I×2, K×2, P×2, T×2, V×2, Y×2, D×1, E×1, H×1, M×1, Q×1, W×1","TCG×2082, GAC×1096, ATA×753, ATG×377, GCT×366, CAA×351, TTT×328, TTG×314, CTG×258, ATT×194, GGG×149, TTA×123, TTC×123, CAC×102, ACA×98, CCG×90, CGA×81, GCA×72, AAA×64, TGG×58, AAG×57, TCA×44, TAC×29, GTA×28, GCC×24, CGC×22, TCC×17, TCT×12, GGA×7, AGA×6, CTC×6, CTA×5, TGT×4, GTG×3, CGG×2, TAT×2, TGC×2, ACT×1, CCA×1, GAA×1"
711,nonsynonymous-only,0,1,33,7813,"R×4, L×3, P×3, S×3, V×3, E×2, G×2, I×2, K×2, N×2, T×2, A×1, H×1, M×1, Q×1, W×1","AAA×4218, AAG×1296, ATG×487, AGG×402, AGA×380, CAA×263, GTG×213, CGA×78, AAC×70, GTA×53, CCT×52, ACA×48, ATC×48, TCA×43, CTA×40, CCA×25, AGC×21, ATA×15, CGT×12, CCG×6, GAA×6, GGG×6, GTC×6, AAT×5, GGA×4, TGG×4, CTT×3, ACG×2, CAC×2, GAG×2, AGT×1, CTG×1, GCA×1"
712,nonsynonymous-only,0,1,15,1083,"R×5, I×2, K×2, N×2, H×1, Q×1, S×1, T×1","AAT×345, ACT×345, AGT×120, CAC×62, AAC×48, AGG×48, AGA×35, CAA×24, AAA×19, CGG×16, AAG×13, CGC×4, ATT×2, ATA×1, CGT×1"
713,nonsynonymous-only,0,1,3,10,"D×1, F×1, Q×1","GAT×5, CAG×3, TTC×2"
714,nonsynonymous-only,0,1,2,5,"L×1, Q×1","CAG×3, CTG×2"
715,nonsynonymous-only,0,1,4,11,"E×1, F×1, I×1, V×1","TTC×4, GAA×3, ATT×2, GTA×2"
716,nonsynonymous-only,0,1,20,1070,"S×3, F×2, I×2, K×2, R×2, Y×2, A×1, C×1, E×1, G×1, L×1, P×1, T×1","TAC×345, TAT×206, AGG×141, TTC×126, TCA×73, AGT×43, TGC×39, TTT×31, AAG×13, ACT×10, CCA×10, AAA×9, ATA×5, AGC×4, GAA×4, ATC×3, GGC×3, CGT×2, GCA×2, TTA×1"
717,nonsynonymous-only,0,1,33,2357,"S×6, T×4, V×3, A×2, G×2, I×2, K×2, R×2, C×1, D×1, E×1, F×1, L×1, M×1, N×1, P×1, Q×1, Y×1","AGT×371, AGC×347, ATA×256, GTT×243, ATT×146, AAA×138, GCT×114, GGC×97, AGA×95, GTA×70, GTC×70, TCC×54, ACA×51, CAG×46, ATG×45, TCT×45, CCT×43, CGA×28, GGA×15, ACC×14, AAC×13, GAA×13, ACG×10, ACT×6, GCC×6, GAC×4, TCA×4, TTC×4, CTC×3, TCG×2, TGC×2, AAG×1, TAC×1"
718,nonsynonymous-only,0,1,21,2262,"L×6, E×2, K×2, Q×2, S×2, A×1, G×1, I×1, N×1, R×1, T×1, V×1","TTA×576, AAA×407, CTA×238, TCA×238, TTG×227, ATA×169, AGA×95, GAA×68, GTA×64, AGT×52, GAG×44, ACA×30, CTG×24, AAG×10, CTT×7, CAG×4, AAT×2, CTC×2, GCG×2, GGG×2, CAA×1"
719,nonsynonymous-only,0,1,28,3696,"L×4, S×4, H×2, Q×2, R×2, Y×2, A×1, C×1, E×1, F×1, G×1, I×1, K×1, N×1, P×1, T×1, V×1, W×1","CAA×1637, TAC×637, CTA×267, CGC×193, TCA×183, TAT×180, TGG×118, CCA×86, TGC×72, CGA×63, GAA×58, TCT×45, TTC×44, ATC×36, CAC×17, AAA×14, CTC×10, TTA×10, GGA×7, GCA×4, ACC×3, CAG×2, CAT×2, GTG×2, TCC×2, TCG×2, AAT×1, TTG×1"
720,nonsynonymous-only,0,1,30,3742,"R×4, S×4, A×3, E×2, G×2, I×2, K×2, L×2, N×2, Q×2, T×2, Y×2, C×1","ATA×1105, AAA×578, TCT×362, TCA×281, AGT×238, CAA×214, TAC×181, CGA×119, GAA×118, GGT×106, AAG×80, GCC×53, AGG×45, GCA×43, ACA×41, CAG×37, ACG×32, AGA×22, TTA×20, GGA×12, AAC×10, TGC×10, TAT×9, CTG×8, ATC×7, GAG×7, AAT×1, CGT×1, GCG×1, TCC×1"
721,nonsynonymous-only,0,1,35,3867,"L×4, V×4, R×3, S×3, C×2, D×2, F×2, H×2, I×2, K×2, T×2, Y×2, E×1, M×1, N×1, Q×1, W×1","TAC×1097, CTT×451, TAT×394, CAT×343, ATA×230, CAG×212, AGC×159, CGG×127, TGG×115, AAA×88, GTC×88, TTA×71, TTT×61, AAG×56, GAT×51, AGG×42, GAC×36, TCA×32, CTA×25, GTT×23, ACG×22, AGA×21, ATT×20, TTC×20, GTA×19, TCT×17, TGC×14, GTG×10, ATG×6, TTG×5, GAA×3, TGT×3, AAT×2, ACA×2, CAC×2"
722,nonsynonymous-only,0,1,4,74,"A×1, L×1, M×1, T×1","ACT×28, ATG×25, CTT×20, GCT×1"
723,nonsynonymous-only,0,1,30,1345,"S×6, A×3, G×3, E×2, H×2, I×2, L×2, N×2, C×1, D×1, F×1, K×1, M×1, R×1, V×1, Y×1","GAA×452, TTC×174, TTA×134, AAT×120, AAA×86, TAT×78, TCA×62, ATT×43, ATG×36, GAT×35, ATC×22, CAT×20, TCC×11, GGT×10, AAC×8, GGA×8, TCT×7, GCG×6, AGT×5, AGC×4, GCA×4, GTG×4, CGA×3, CTC×3, GAG×2, GCT×2, TCG×2, TGC×2, CAC×1, GGC×1"
724,nonsynonymous-only,0,1,27,943,"A×3, G×3, S×3, E×2, F×2, I×2, L×2, V×2, Y×2, D×1, K×1, N×1, Q×1, R×1, T×1","AAA×230, GTT×164, GGG×114, GAA×105, GCT×63, CGA×54, CAA×52, GGA×38, TCT×33, TAT×15, TTA×10, TTC×10, GCG×8, TCA×8, ATC×7, AAT×6, TCG×5, ACG×4, TTG×4, GAG×3, ATT×2, GGT×2, TAC×2, GAT×1, GCA×1, GTG×1, TTT×1"
725,nonsynonymous-only,0,1,16,946,"L×6, F×2, I×2, A×1, K×1, M×1, P×1, S×1, T×1","AAA×237, ACA×202, ATA×156, TTA×112, ATG×66, CTA×53, ATC×36, GCA×19, TTG×19, CTT×13, TCA×11, TTT×10, CCA×4, TTC×4, CTG×3, CTC×1"
726,nonsynonymous-only,0,1,7,411,"G×2, T×2, F×1, I×1, M×1","ACA×129, ATA×127, GGA×108, ACT×29, GGT×10, ATG×4, TTT×4"
727,nonsynonymous-only,0,1,4,360,"F×2, L×1, Q×1","CAG×139, CTA×118, TTC×53, TTT×50"
728,nonsynonymous-only,0,1,6,220,"A×2, S×2, L×1, Q×1","CTG×80, GCA×75, TCA×29, CAG×22, GCG×10, TCG×4"
729,nonsynonymous-only,0,1,6,220,"S×2, F×1, I×1, L×1, V×1","GTT×89, TCA×88, ATT×19, TCG×13, TTT×10, TTG×1"
730,nonsynonymous-only,0,1,26,927,"R×4, T×4, S×3, E×2, H×2, K×2, L×2, N×2, Y×2, G×1, I×1, P×1","AAA×205, CGC×119, GAG×118, AGT×108, CAT×95, TTA×67, GAA×41, AAG×29, GGT×22, AGC×21, TCA×21, ACA×20, AGA×14, ATT×7, AAT×6, ACC×6, ACG×6, CTT×4, ACT×3, AGG×3, TAC×3, AAC×2, CAC×2, CGT×2, TAT×2, CCT×1"
731,nonsynonymous-only,0,1,29,1444,"S×4, I×3, T×3, V×3, F×2, L×2, N×2, P×2, R×2, Y×2, C×1, D×1, H×1, M×1","TAT×475, CTT×203, ATT×191, ACG×146, AAT×93, ACT×73, CGT×72, TAC×30, TCT×30, TTA×28, TTT×20, GAT×14, ACA×12, CAT×12, AAC×8, CCT×7, TGT×7, GTC×3, TTC×3, AGC×2, ATA×2, CCA×2, CGC×2, GTT×2, TCA×2, TCC×2, ATC×1, ATG×1, GTG×1"
732,nonsynonymous-only,0,1,29,1627,"L×3, R×3, S×3, F×2, H×2, I×2, P×2, T×2, V×2, C×1, D×1, G×1, K×1, M×1, N×1, Q×1, Y×1","CTC×263, GTA×171, ATA×167, TCA×161, CGA×158, ATG×124, GTG×106, TTA×103, ATT×71, CAC×54, CTA×42, CCA×40, TAC×28, TTT×25, TCC×21, CGT×18, CAT×14, TTC×13, AGG×11, CAA×10, AAC×5, AAA×4, ACC×4, GGG×4, TGC×4, ACT×2, CCC×2, GAT×1, TCT×1"
733,nonsynonymous-only,0,1,36,4487,"R×4, S×4, L×3, V×3, A×2, D×2, E×2, I×2, K×2, N×2, Q×2, Y×2, C×1, F×1, G×1, H×1, M×1, T×1","AAT×1289, GGA×557, GTT×314, ATA×281, GTG×259, CAG×257, AGA×190, GTA×176, TAT×165, GAA×142, TTC×135, AGC×118, AAA×81, AAG×81, TGT×71, CAA×60, AAC×48, CGA×45, GAC×33, ACA×32, AGG×26, GAT×25, ATT×24, TAC×22, TCT×11, CGG×9, CAT×8, ATG×7, AGT×6, TTG×6, CTG×3, GAG×2, GCA×1, GCT×1, TCA×1, TTA×1"
734,nonsynonymous-only,0,1,40,4594,"A×4, L×4, V×4, P×3, R×3, S×3, T×3, E×2, I×2, K×2, N×2, Q×2, Y×2, C×1, D×1, G×1, H×1","AAA×729, CCA×490, CAA×413, CTA×359, CAG×328, CTT×287, AGT×256, AAC×227, ATT×218, GAA×215, GTT×166, CCC×156, GCC×133, ACC×88, GTC×71, GAG×61, GCT×58, TAT×47, CCT×44, ATA×43, ACT×40, TGT×33, GAT×18, TAC×14, AGA×11, AGC×11, CTG×11, GTA×11, AAT×10, AAG×8, AGG×8, CGA×7, GCA×7, CAT×6, GGT×3, GCG×2, TCT×2, ACG×1, GTG×1, TTG×1"
735,nonsynonymous-only,0,1,28,4549,"L×6, A×3, R×3, T×3, V×3, I×2, K×2, S×2, D×1, M×1, P×1, Q×1","ATA×870, GTA×589, CGA×516, GTT×348, CCA×337, CTA×266, ACA×260, GTG×246, AGA×176, AAA×160, CTT×159, ACG×156, CTG×126, GCT×80, ATG×66, GCC×59, TTA×38, CAA×30, TCA×30, ACC×16, ATT×5, CTC×4, GAT×4, CGG×2, GCG×2, TCG×2, AAG×1, TTG×1"
736,nonsynonymous-only,0,1,27,4550,"L×6, P×4, S×4, F×2, H×2, V×2, Y×2, A×1, C×1, I×1, Q×1, W×1","TTC×936, TTA×574, CTT×558, TCA×394, CTA×390, CAT×342, TCC×331, TTT×267, TTG×184, TCT×134, CTG×126, CCT×78, CTC×59, TAT×42, TGT×29, GTT×22, CAA×19, CAC×19, ATT×10, CCC×9, GCT×7, CCG×6, CCA×5, TGG×5, GTC×2, TAC×1, TCG×1"
737,nonsynonymous-only,0,1,41,4463,"L×6, S×4, I×3, P×3, T×3, V×3, A×2, E×2, G×2, H×2, K×2, N×2, Q×2, D×1, M×1, R×1, W×1, Y×1","AAA×1144, AAC×510, TTG×500, AAT×474, ATT×286, ATA×242, CAT×152, CAC×139, TCC×138, AGC×137, ATG×135, GAG×102, GGT×71, AAG×61, CTC×55, CAA×53, TTA×49, GTT×43, CAG×25, ACT×22, ATC×21, CTG×20, GAC×14, ACA×13, GCT×8, TGG×8, GTC×7, ACC×5, CCA×4, CTT×4, GGA×4, CCC×3, CTA×3, GCC×2, TCA×2, TCT×2, AGA×1, CCT×1, GAA×1, GTG×1, TAC×1"
738,nonsynonymous-only,0,1,28,2859,"G×4, L×4, A×2, D×2, I×2, K×2, N×2, R×2, T×2, V×2, C×1, S×1, W×1, Y×1","CGT×772, AGT×527, CTT×333, AAT×176, ATT×172, AGA×166, ACG×148, GTT×134, AAA×126, ATC×100, GGA×69, GAC×52, CTG×20, TTA×16, CTA×15, GCA×9, GTC×6, ACC×4, AAC×2, AAG×2, GGC×2, GGG×2, GAT×1, GCT×1, GGT×1, TAT×1, TGG×1, TGT×1"
739,nonsynonymous-only,0,1,20,3115,"L×5, S×3, C×2, F×2, I×2, Y×2, G×1, N×1, P×1, V×1","GGC×1097, TAT×1090, TCA×297, TTT×169, GTA×118, CTT×74, CTG×60, ATT×49, TCC×35, ATA×29, CTC×22, TAC×21, TGT×18, TTC×12, TTG×8, TGC×7, TTA×4, TCT×3, AAT×1, CCT×1"
740,nonsynonymous-only,0,1,18,2986,"I×3, S×3, T×3, F×2, L×2, A×1, E×1, K×1, M×1, W×1","ATA×1097, GCT×525, TTT×386, ATG×347, TTC×135, TTA×121, AAA×118, ATT×72, TCA×60, TGG×40, ACA×35, GAG×29, TCG×7, TTG×6, TCT×4, ATC×2, ACG×1, ACT×1"
741,nonsynonymous-only,0,1,16,2203,"I×2, Q×2, T×2, D×1, E×1, F×1, G×1, H×1, K×1, N×1, P×1, V×1, Y×1","AAA×1099, AAT×314, GTA×277, ATA×203, CAG×101, CAT×78, TTC×43, TAT×41, CAA×27, GAC×9, ACA×2, ACT×2, CCA×2, GAA×2, GGA×2, ATT×1"
742,nonsynonymous-only,0,1,21,2439,"L×4, S×3, C×2, I×2, Y×2, H×1, K×1, M×1, N×1, P×1, Q×1, R×1, T×1","TTG×1097, TAT×345, ATA×256, CAA×178, AGT×163, ATG×71, TGT×60, CTA×57, TAC×43, TGC×41, CTT×35, CGC×26, AAA×22, AAC×18, ATC×7, TTA×5, AGC×4, CAT×4, CCT×4, ACT×2, TCC×1"
743,nonsynonymous-only,0,1,6,661,"H×2, F×1, Q×1, R×1, Y×1","CAC×345, CGT×224, CAA×86, TTT×4, CAT×1, TAT×1"
744,nonsynonymous-only,0,1,24,3214,"R×5, S×5, L×3, K×2, Q×2, A×1, C×1, I×1, M×1, N×1, T×1, V×1","ATG×1132, TCT×527, GCA×375, CAA×212, TTG×189, CGA×152, CGG×122, AGA×98, TTA×86, AAA×81, CGT×60, AAG×47, CAG×44, CTA×36, GTA×22, ACT×8, TCG×8, AGT×4, ATC×4, AAT×3, CGC×1, TCA×1, TCC×1, TGC×1"
745,nonsynonymous-only,0,1,33,3369,"S×5, A×4, R×4, T×4, E×2, G×2, I×2, K×2, N×2, V×2, F×1, L×1, M×1, W×1","AGG×1097, CGT×528, TTT×345, TCC×256, TTG×189, GCT×182, AAA×168, ATT×123, ACG×91, AAG×75, GCG×43, GTA×42, TGG×36, GCC×35, ACA×33, GAA×23, GTG×18, CGA×15, GGT×14, ACT×11, ATG×8, ATC×7, GAG×7, TCA×5, AGC×4, AAC×3, AGA×3, ACC×2, TCG×2, AAT×1, GCA×1, GGC×1, TCT×1"
746,nonsynonymous-only,0,1,27,5445,"S×5, A×4, T×4, V×4, I×3, L×3, G×1, K×1, M×1, R×1","ATG×1302, GTT×969, ATA×726, ATT×617, GTA×362, GCT×349, CTT×291, AGT×154, GTC×142, ATC×114, TCG×95, AGA×86, AGC×77, TTA×49, ACT×24, GCA×20, TCA×17, GTG×15, GCC×10, GCG×7, AAA×4, ACA×4, ACC×3, ACG×3, TTG×3, GGC×1, TCT×1"
747,nonsynonymous-only,0,1,25,5317,"L×6, I×3, S×3, C×2, F×2, R×2, Y×2, M×1, N×1, P×1, T×1, V×1","TTT×1113, ATT×1110, TTC×570, TGT×527, CTT×431, TTA×385, CGC×344, TTG×232, ATG×149, CTA×132, ACC×103, GTG×43, ATC×42, TCC×36, CTC×21, TCT×19, CCT×18, TCG×13, ATA×9, AAT×8, CTG×5, TAC×4, CGT×1, TAT×1, TGC×1"
748,nonsynonymous-only,0,1,29,5280,"R×4, A×3, D×2, E×2, G×2, K×2, L×2, N×2, Q×2, S×2, C×1, H×1, I×1, T×1, V×1, Y×1","AAA×1530, AAC×1153, GAC×679, GAT×460, AAT×426, GAA×231, GAG×225, AAG×166, TTA×118, CGC×61, CGT×51, CGA×47, AGA×32, CAA×23, AGT×15, GTA×14, TAT×8, AGC×6, CAC×6, CAG×6, ATC×4, GCC×4, GCT×4, GCG×3, GGG×3, ACT×2, CTC×1, GGA×1, TGT×1"
749,nonsynonymous-only,0,1,5,127,"C×1, F×1, I×1, R×1, S×1","TCA×71, CGA×26, TGT×22, ATT×4, TTT×4"
750,nonsynonymous-only,0,1,16,7343,"R×3, S×3, C×2, L×2, F×1, G×1, K×1, T×1, W×1, Y×1","TGC×4485, AGC×841, TTG×440, TAT×407, GGC×348, TCT×345, CGC×191, CGG×127, TGG×74, CTG×44, TCC×14, CGT×11, TTC×6, TGT×5, ACC×4, AAA×1"
751,nonsynonymous-only,0,1,32,4566,"S×4, R×3, G×2, H×2, I×2, L×2, P×2, T×2, V×2, Y×2, A×1, C×1, D×1, E×1, F×1, K×1, M×1, N×1, Q×1","TGT×943, GGT×792, AGT×550, TTT×529, TAT×357, TCA×356, AAT×186, ACA×145, GAT×117, AGC×103, ATT×92, GTT×89, CGA×46, GGA×41, CGT×39, AGA×30, TCT×29, TTA×25, CCA×20, GAA×20, CAC×18, CCT×8, CAT×6, ATA×5, AAA×4, CAA×3, GCA×3, GTA×3, ACT×2, CTA×2, TAC×2, ATG×1"
752,nonsynonymous-only,0,1,8,548,"A×2, C×2, R×2, S×1, Y×1","AGA×353, TGT×103, TAC×43, GCA×30, AGT×8, GCC×6, TGC×3, CGC×2"
754,nonsynonymous-only,0,1,4,66,"K×1, Q×1, S×1, T×1","TCG×43, CAA×16, AAA×6, ACA×1"
755,nonsynonymous-only,0,1,3,15,"F×2, L×1","TTA×8, TTT×6, TTC×1"
756,nonsynonymous-only,0,1,2,7,"L×1, S×1","TTG×6, TCA×1"
758,nonsynonymous-only,0,1,2,6,"R×1, W×1","TGG×5, AGG×1"
759,nonsynonymous-only,0,1,3,111,"E×2, K×1","GAG×108, GAA×2, AAA×1"
760,nonsynonymous-only,0,1,3,106,"I×2, R×1","ATA×103, AGG×2, ATC×1"
761,nonsynonymous-only,0,1,10,657,"L×4, C×1, F×1, H×1, N×1, Q×1, S×1","CTG×344, TGT×103, CAT×86, TTG×70, TTT×36, AAC×10, AGT×4, CAA×2, CTA×1, CTT×1"
762,nonsynonymous-only,0,1,15,808,"L×4, V×3, F×2, I×2, A×1, E×1, S×1, Y×1","TTA×345, ATT×156, ATC×103, TTG×54, CTT×36, CTG×31, GAA×24, TCA×16, TAT×15, GTT×10, GCT×8, GTC×4, TTT×4, GTA×1, TTC×1"
763,nonsynonymous-only,0,1,44,3818,"L×6, R×4, S×4, T×4, I×3, P×3, A×2, C×2, G×2, K×2, N×2, V×2, Y×2, E×1, F×1, H×1, M×1, Q×1, W×1","GTT×531, AAA×442, TTA×359, TTT×356, AAG×283, ACA×252, AAT×153, AGT×134, CAA×117, ACG×103, AGG×95, GGT×78, AGA×75, CTA×70, GAA×70, AAC×66, TCC×53, ATA×51, TGT×50, CTT×48, TTG×46, TAC×44, TAT×42, ACT×41, GGC×41, CTC×39, TGG×31, AGC×29, CAC×25, TCT×21, ATG×18, GCT×17, ATT×13, ATC×4, CCT×4, CGC×4, ACC×2, CCC×2, CTG×2, GTA×2, TGC×2, CCA×1, CGA×1, GCA×1"
764,nonsynonymous-only,0,1,28,2729,"R×4, S×3, I×2, K×2, L×2, N×2, P×2, Q×2, A×1, C×1, E×1, F×1, M×1, T×1, V×1, W×1, Y×1","AAG×642, TTG×384, AGA×349, CAG×347, TGG×252, TGC×192, AAA×116, GCG×83, CAA×72, GTG×58, CCG×36, GAG×35, ATG×34, ATC×23, AAT×16, CTA×16, CGT×14, TAC×11, AGG×10, CCA×8, CGA×8, ACG×6, AAC×5, TCA×3, TCC×3, TCG×3, ATA×2, TTC×1"
765,nonsynonymous-only,0,1,34,3886,"A×4, G×4, V×3, D×2, E×2, I×2, K×2, N×2, Q×2, R×2, S×2, T×2, C×1, H×1, L×1, M×1, Y×1","AAT×776, AAA×636, GAT×455, ATT×438, GCA×185, GAC×175, AAG×167, GTT×158, GGG×133, GAA×122, AGC×121, GGT×107, AGA×73, GAG×61, GGA×60, AAC×46, GTG×36, GCT×27, ATG×22, AGT×19, ATA×18, CAC×16, ACT×6, TGT×6, ACC×4, GCC×4, GTA×4, CTA×3, CAA×2, GGC×2, AGG×1, CAG×1, GCG×1, TAC×1"
776,nonsynonymous-only,0,1,3,90,"I×1, R×1, T×1","ACA×43, ATA×43, AGG×4"
777,nonsynonymous-only,0,1,5,359,"L×2, F×1, S×1, V×1","TTG×341, TCG×7, TTT×6, GTT×4, TTA×1"
778,nonsynonymous-only,0,1,30,2897,"L×5, S×5, P×4, F×2, Q×2, V×2, Y×2, A×1, C×1, H×1, I×1, K×1, M×1, R×1, W×1","TTG×623, TTC×492, TCA×447, TTA×363, TGG×337, CCA×206, TTT×83, TCG×39, CGA×35, CCT×34, CTG×23, CCG×22, CTT×22, TCT×22, TAC×20, TGT×18, ATA×15, GTA×15, TAT×14, ATG×12, CAA×9, GCA×8, TCC×8, AAG×7, CTA×7, GTG×6, AGT×4, CAT×3, CAG×2, CCC×1"
779,nonsynonymous-only,0,1,40,4300,"L×5, R×4, T×4, I×3, P×3, V×3, A×2, G×2, H×2, K×2, N×2, Q×2, S×2, D×1, E×1, M×1, Y×1","ATG×776, AAG×527, ACT×445, AAA×313, ATA×260, GGC×226, ATT×192, CAA×171, ATC×169, AAT×134, AAC×131, GTG×91, TAT×88, AGA×85, TTG×76, ACA×73, CTT×68, GGA×63, CCA×61, GAA×61, ACG×44, CCT×42, CGA×36, CTA×36, AGC×24, CCG×22, GTC×20, AGG×11, GCT×11, TTA×11, CAC×8, AGT×6, CTG×6, GCA×3, GTA×3, CAG×2, GAT×2, ACC×1, CAT×1, CGG×1"
780,nonsynonymous-only,0,1,30,5185,"L×4, I×3, P×3, A×2, C×2, E×2, K×2, R×2, S×2, T×2, V×2, G×1, M×1, N×1, Q×1","ACA×1149, CAA×780, ATA×675, AAA×512, AGA×435, AAC×341, AAG×294, GTA×169, GAG×155, GCA×134, GTG×107, TTG×88, CCA×83, CTA×76, GAA×50, ATG×41, GGA×32, TCA×12, TTA×9, ATT×8, ACG×7, AGC×7, CCG×6, TGC×5, CCT×4, CTG×2, ATC×1, CGA×1, GCG×1, TGT×1"
781,nonsynonymous-only,0,1,27,7843,"T×4, V×4, I×3, D×2, F×2, K×2, L×2, N×2, S×2, A×1, M×1, R×1, Y×1","ATC×2710, GTT×1921, ACC×1154, GTC×508, ATA×496, GTA×350, TTC×240, ATT×93, AAG×64, ATG×53, AGC×44, AAC×43, ACT×31, CTG×31, AAA×28, ACA×22, TTA×17, TCA×8, GAC×7, AAT×6, ACG×4, TTT×4, GTG×3, GCT×2, TAT×2, AGA×1, GAT×1"
782,nonsynonymous-only,0,1,8,1537,"Q×2, K×1, L×1, M×1, N×1, R×1, S×1","AAA×1098, CAG×156, CTA×136, CAA×120, TCA×14, AAT×8, CGA×3, ATG×2"
783,nonsynonymous-only,0,1,9,1381,"L×2, P×2, S×2, M×1, Q×1, W×1","TCA×1098, CTA×87, CCT×77, CTT×62, CAA×37, CCA×8, ATG×7, TGG×3, TCG×2"
784,nonsynonymous-only,0,1,2,178,"L×1, P×1","TTA×156, CCA×22"
785,nonsynonymous-only,0,1,3,228,"I×1, L×1, M×1","ATG×178, TTG×49, ATC×1"
787,nonsynonymous-only,0,1,5,2153,"S×2, A×1, P×1, T×1","GCG×2049, CCA×57, ACG×24, TCA×22, TCC×1"
788,nonsynonymous-only,0,1,7,2357,"C×2, F×2, L×1, S×1, Y×1","TTC×2229, TGT×71, TCC×22, TGC×22, TTT×6, TAT×5, CTC×2"
789,nonsynonymous-only,0,1,26,3570,"T×3, A×2, D×2, I×2, L×2, N×2, S×2, V×2, E×1, F×1, G×1, H×1, M×1, P×1, Q×1, R×1, W×1","TTT×2104, CAA×376, TGG×348, CTA×242, ACT×137, AAC×128, ATA×52, ATT×33, GGA×29, ACA×24, ATG×16, CTT×15, AGC×13, GTA×11, CAC×6, GAC×6, GTT×6, TCT×6, GAT×5, AAT×4, GCT×3, GCG×2, ACC×1, CCA×1, CGC×1, GAA×1"
790,nonsynonymous-only,0,1,32,7277,"L×6, R×4, S×4, P×3, Q×2, T×2, V×2, A×1, F×1, G×1, H×1, I×1, K×1, M×1, N×1, Y×1","TTA×2120, CCT×1098, CTA×748, CAT×643, CAA×563, CCA×407, ATG×355, TAT×265, CAG×196, AAA×167, CGG×157, CTG×82, CTT×59, TTG×57, CTC×51, GTA×49, TCA×46, GCA×44, AGA×29, TTT×29, CGA×23, AAT×20, ACA×14, TCG×14, TCT×12, AGT×9, ACG×6, CCG×5, GGA×4, CGT×3, ATA×1, GTT×1"
791,nonsynonymous-only,0,1,27,6247,"L×4, S×4, I×3, P×3, C×2, H×2, Q×2, R×2, K×1, M×1, N×1, W×1, Y×1","TCA×2461, AGC×1081, CAA×838, TTA×560, TTG×278, TGG×196, ATC×162, CCT×153, CTA×84, TGC×81, CAC×77, ATA×55, AAA×50, CAG×50, AGT×25, TGT×20, ATT×17, TAT×16, CAT×14, AAT×9, CCA×8, CGA×5, CGC×2, CTG×2, ATG×1, CCC×1, TCG×1"
792,nonsynonymous-only,0,1,5,28,"A×2, N×1, R×1, S×1","GCA×16, AAC×4, AGA×4, AGC×3, GCC×1"
794,nonsynonymous-only,0,1,35,5718,"T×4, V×4, A×3, I×3, R×3, S×3, D×2, E×2, G×2, K×2, N×2, H×1, L×1, P×1, Q×1, Y×1","ACA×1136, AAA×832, GTT×676, GAA×602, AGA×549, GGA×380, AAT×232, AAC×204, TAC×177, TCG×155, ACG×110, GAT×103, GCG×103, AGG×63, ACT×59, ACC×46, ATC×42, ATT×38, GTG×35, GTC×34, GCT×31, ATA×29, CGG×16, AGC×15, AGT×12, CAA×9, AAG×8, GAG×6, CAC×4, CCA×3, GAC×3, GCC×2, GGG×2, GTA×1, TTA×1"
795,nonsynonymous-only,0,1,30,1862,"G×4, L×4, S×4, C×2, D×2, I×2, N×2, R×2, T×2, A×1, F×1, H×1, V×1, W×1, Y×1","ATC×407, AGT×326, TAT×251, TGT×195, TCC×139, TGG×86, ATT×78, CGT×61, CAT×53, CTT×50, TGC×46, AGC×34, GAT×24, GCT×22, AGA×19, GGA×17, AAC×12, CTC×6, TTG×6, ACT×5, GTT×5, TTT×5, GGT×4, TCT×3, GGC×2, TTA×2, AAT×1, ACA×1, GAC×1, GGG×1"
796,nonsynonymous-only,0,1,8,152,"D×1, G×1, L×1, N×1, Q×1, R×1, S×1, Y×1","GAT×84, CGT×35, AGT×15, AAT×5, CTG×5, CAA×4, GGT×2, TAT×2"
797,nonsynonymous-only,0,1,3,54,"A×1, N×1, Y×1","TAT×46, AAT×4, GCG×4"
800,nonsynonymous-only,0,1,7,525,"C×1, D×1, I×1, L×1, M×1, Q×1, T×1","CAA×382, ATC×86, ACG×31, ATG×15, TTA×6, TGT×4, GAT×1"
801,nonsynonymous-only,0,1,20,600,"S×3, D×2, F×2, H×2, L×2, N×2, A×1, C×1, G×1, K×1, Q×1, R×1, V×1","CAC×345, TCT×86, AAC×41, CGC×37, TGC×15, TTA×15, GAT×12, CTG×10, AGT×8, GGT×7, AAA×4, AGC×4, GCT×3, GTT×3, TTC×3, TTT×3, AAT×1, CAG×1, CAT×1, GAC×1"
802,nonsynonymous-only,0,1,16,625,"E×2, L×2, N×2, A×1, F×1, G×1, I×1, K×1, M×1, R×1, S×1, T×1, Y×1","GAA×384, ATA×99, AAA×31, GGA×31, CTG×15, GAG×15, GCA×13, ACG×10, AGC×6, ATG×5, AAT×4, CTA×4, TAC×4, TTC×2, AAC×1, CGA×1"
803,nonsynonymous-only,0,1,38,4903,"L×6, S×4, V×4, P×3, D×2, F×2, H×2, I×2, K×2, Q×2, R×2, A×1, E×1, G×1, M×1, N×1, W×1, Y×1","CTA×1119, TTA×945, GTA×720, AAA×415, CTT×253, GCA×238, TTG×182, TTC×126, GGA×119, ATA×118, AAG×103, CCA×79, CTG×77, TTT×75, CAC×53, CAA×45, TAC×45, ATT×30, GTT×20, ATG×19, GTG×16, GAA×14, AGG×12, TCG×12, GAT×11, CAT×10, TGG×8, AAT×7, TCA×6, TCT×6, CTC×5, CAG×4, CGC×4, GAC×3, AGC×1, CCG×1, CCT×1, GTC×1"
804,nonsynonymous-only,0,1,44,7564,"L×6, P×4, R×4, I×3, T×3, V×3, A×2, D×2, E×2, G×2, K×2, Q×2, S×2, Y×2, C×1, F×1, H×1, M×1, N×1","TTC×2102, ACA×1099, AAA×762, TTG×432, CAA×399, AGA×382, ATG×350, TTA×285, CTA×262, GAG×256, CAG×204, ATA×152, GTT×148, CTG×143, GAA×111, CGC×71, ATC×57, GTG×48, CCA×41, TCC×31, GCA×30, CTT×23, CCT×22, TCA×20, AAG×14, TAC×14, ATT×13, GGG×13, CGA×12, ACG×11, CAC×11, TGC×10, ACC×8, CTC×4, GCT×4, GGA×4, AAT×3, GAC×3, AGG×2, CCC×2, GAT×2, TAT×2, CCG×1, GTA×1"
805,nonsynonymous-only,0,1,48,7492,"L×6, S×5, R×4, V×4, G×3, I×3, A×2, C×2, D×2, E×2, F×2, H×2, K×2, Q×2, T×2, Y×2, N×1, P×1, W×1","TTA×2226, GGC×1091, TTC×566, TGC×532, AGC×504, TCA×500, AAG×488, GTA×252, GAA×189, CAT×156, AGT×118, CAC×94, GGA×87, CTT×78, AAC×69, TTT×69, TAT×47, CCT×43, GTT×40, ACG×34, ATC×33, GTC×30, CTA×28, GTG×25, TAC×21, AGA×17, ATA×16, GAT×14, TCC×14, CGA×13, AGG×12, AAA×11, TGT×11, GAC×9, GGT×8, TTG×8, CAA×6, CAG×6, CTG×6, CGT×4, GAG×4, TGG×4, GCC×3, GCA×2, ACC×1, ATT×1, CTC×1, TCG×1"
806,nonsynonymous-only,0,1,26,7511,"L×5, P×3, V×3, A×2, E×2, Q×2, R×2, S×2, F×1, H×1, K×1, T×1, W×1","TTA×2559, CTA×1333, TTT×1098, CAA×614, AAA×445, CCA×434, GCT×195, CAG×192, GAA×159, GTG×141, GAG×123, GTT×52, TTG×40, ACA×33, CTC×22, GTC×19, TCT×16, TCA×11, CAC×10, CGA×5, CCT×4, CTT×2, AGA×1, CCC×1, GCC×1, TGG×1"
807,nonsynonymous-only,0,1,2,91,"A×1, F×1","TTT×87, GCT×4"
809,nonsynonymous-only,0,1,5,143,"A×1, I×1, P×1, S×1, T×1","ACC×87, ATT×34, CCC×16, GCT×4, AGT×2"
810,nonsynonymous-only,0,1,5,143,"L×2, F×1, I×1, M×1","CTT×87, ATT×34, ATG×16, TTT×4, CTG×2"
811,nonsynonymous-only,0,1,6,109,"L×4, H×1, S×1","CTA×44, CTT×24, CAT×19, TCT×16, CTC×4, TTG×2"
812,nonsynonymous-only,0,1,2,91,"R×1, T×1","AGG×87, ACG×4"
814,nonsynonymous-only,0,1,2,130,"E×1, K×1","GAA×87, AAA×43"
816,nonsynonymous-only,0,1,5,127,"Q×2, D×1, I×1, N×1","AAT×44, GAT×43, CAA×30, CAG×6, ATA×4"
817,nonsynonymous-only,0,1,5,166,"N×2, D×1, H×1, R×1","GAT×87, AAC×30, CAC×29, CGC×14, AAT×6"
818,nonsynonymous-only,0,1,7,170,"L×2, I×1, Q×1, R×1, T×1, V×1","ATT×76, GTT×43, CAG×35, CGG×6, ACT×4, CTT×4, CTG×2"
819,nonsynonymous-only,0,1,4,131,"L×1, P×1, Q×1, R×1","CCT×87, TTA×36, CAA×4, CGC×4"
821,nonsynonymous-only,0,1,28,8313,"L×6, R×5, S×3, V×3, K×2, N×2, A×1, C×1, E×1, G×1, H×1, I×1, P×1","AAA×4481, AAG×842, GTT×527, AAT×517, AGA×422, TTG×256, CTT×244, AAC×243, CTC×156, AGG×124, CTG×120, AGT×92, ATA×64, AGC×57, CGA×54, GAA×37, CGC×18, TGT×16, GTA×11, TCA×9, TTA×6, CCC×5, GCA×5, CAT×2, GGA×2, CGG×1, CTA×1, GTG×1"
822,nonsynonymous-only,0,1,33,4169,"L×5, V×4, I×3, R×3, A×2, E×2, G×2, H×2, K×2, N×2, S×2, D×1, P×1, Q×1, T×1","AAA×1120, CGC×525, ATC×484, GAA×361, AAG×310, AAC×282, GTA×159, AAT×120, GCC×109, AGA×93, CAA×89, CTA×70, GTG×65, ATA×49, AGC×48, ATT×43, GTT×41, TTA×37, GGA×32, GTC×23, GAC×22, CGA×16, CTT×16, GAG×15, CAC×13, CTC×10, CAT×4, ACC×3, CCA×3, AGT×2, GCA×2, GGG×2, CTG×1"
823,nonsynonymous-only,0,1,38,3912,"R×5, L×4, S×4, V×4, G×3, E×2, I×2, K×2, N×2, P×2, Q×2, T×2, D×1, F×1, M×1, W×1","AAA×401, AGT×394, ACA×357, CAG×334, AGA×303, AAG×274, GAG×250, ACC×219, AGC×213, GTA×195, ATA×135, GAT×119, TTA×92, CTA×79, ATC×73, CAA×61, GAA×53, AAT×42, GTC×42, CTG×39, GTT×36, AAC×34, GGA×34, GGT×34, CGG×19, CCG×16, AGG×14, GTG×14, GGG×9, CGT×6, TTG×6, CGA×5, CCT×4, TTC×2, ATG×1, TCA×1, TCG×1, TGG×1"
824,nonsynonymous-only,0,1,16,840,"V×3, E×2, G×2, K×2, R×2, A×1, D×1, L×1, N×1, Y×1","TAT×265, GTC×204, AAA×121, AAT×57, GGA×47, GAC×42, AAG×31, AGA×28, CGA×15, GCC×10, GAA×6, GGC×5, GTG×4, GAG×2, GTA×2, TTA×1"
825,nonsynonymous-only,0,1,13,854,"L×4, R×4, K×2, F×1, Q×1, V×1","CTC×302, TTG×257, CAG×100, GTG×99, AAG×28, CGG×24, TTA×21, CGC×11, AGG×4, TTT×4, AAA×2, CGA×1, CTA×1"
826,nonsynonymous-only,0,1,5,94,"C×1, E×1, K×1, T×1, Y×1","GAA×33, TGT×31, ACC×15, AAA×12, TAT×3"
827,nonsynonymous-only,0,1,3,52,"N×2, I×1","ATC×31, AAT×15, AAC×6"
828,nonsynonymous-only,0,1,2,83,"I×1, V×1","ATA×45, GTG×38"
829,nonsynonymous-only,0,1,2,77,"L×1, Y×1","TTG×48, TAT×29"
830,nonsynonymous-only,0,1,6,86,"L×2, A×1, F×1, P×1, S×1","CTA×39, TCC×24, CCA×6, GCC×6, TTA×6, TTC×5"
831,nonsynonymous-only,0,1,9,714,"L×5, I×2, V×1, W×1","TTG×345, CTA×233, ATA×48, TTA×43, CTT×36, GTG×4, ATC×3, CTG×1, TGG×1"
832,nonsynonymous-only,0,1,14,1346,"L×3, F×2, V×2, A×1, D×1, E×1, G×1, P×1, S×1, W×1","TTT×349, TTA×311, TCC×252, GGG×195, CTG×77, TGG×54, GAG×49, TTC×24, TTG×20, CCA×7, GAT×4, GCG×2, GTC×1, GTT×1"
833,nonsynonymous-only,0,1,23,1669,"R×4, L×3, H×2, I×2, K×2, V×2, Y×2, C×1, E×1, F×1, N×1, P×1, S×1","AAG×366, CTC×344, TTT×256, ATA×246, CCA×118, CGG×51, TCG×48, AGA×44, CTT×39, CTG×31, TGC×28, GTG×22, CGA×19, AGG×16, AAT×14, CAT×7, AAA×6, GAA×6, ATT×3, GTA×2, CAC×1, TAC×1, TAT×1"
834,nonsynonymous-only,0,1,19,2364,"S×3, I×2, K×2, L×2, N×2, Q×2, R×2, E×1, G×1, H×1, T×1","AAG×836, ATT×394, GAA×311, AGT×244, AAA×142, AAT×101, CAA×80, AGC×57, AGA×47, GGA×43, ATA×36, ACT×16, AAC×14, CAG×14, AGG×11, TTG×11, TCG×3, CAC×2, CTA×2"
835,nonsynonymous-only,0,1,25,2223,"L×4, R×3, F×2, I×2, K×2, Q×2, Y×2, A×1, E×1, M×1, N×1, S×1, T×1, V×1, W×1","TTG×1120, TTT×345, CTA×244, AAG×201, TTA×97, CGA×53, TTC×38, TAT×26, AAC×23, AAA×14, ACG×9, AGG×7, CGG×7, ATC×6, ATG×6, CAA×6, GAG×6, TCA×5, ATA×2, CTG×2, TGG×2, CAG×1, GCA×1, GTA×1, TAC×1"
836,nonsynonymous-only,0,1,7,1128,"K×2, E×1, I×1, N×1, S×1, V×1","AAG×610, ATA×345, AAA×67, AGC×65, GTA×36, AAC×4, GAG×1"
837,nonsynonymous-only,0,1,4,382,"I×2, L×1, T×1","ATC×345, ACA×25, ATA×11, TTA×1"
838,nonsynonymous-only,0,1,3,382,"F×1, N×1, R×1","AAC×345, TTT×36, CGC×1"
839,nonsynonymous-only,0,1,3,381,"K×1, M×1, T×1","ACG×343, ATG×36, AAG×2"
840,nonsynonymous-only,0,1,3,37,"D×1, G×1, N×1","GGT×30, GAT×6, AAC×1"
841,nonsynonymous-only,0,1,2,37,"N×1, Y×1","TAT×36, AAT×1"
847,nonsynonymous-only,0,1,2,37,"N×1, R×1","AAT×36, CGT×1"
848,nonsynonymous-only,0,1,2,37,"H×1, Y×1","CAC×36, TAT×1"
849,nonsynonymous-only,0,1,3,9,"F×1, I×1, K×1","AAG×4, ATT×4, TTC×1"
850,nonsynonymous-only,0,1,16,730,"L×5, P×3, H×1, I×1, N×1, Q×1, R×1, S×1, T×1, V×1","CTG×311, CAG×90, CAT×67, CCT×62, TTA×37, ACT×36, CTC×31, CCG×22, CGT×20, ATT×15, CTA×14, GTG×8, TTG×7, TCC×5, AAC×4, CCA×1"
851,nonsynonymous-only,0,1,18,884,"L×4, K×2, R×2, S×2, Y×2, C×1, F×1, H×1, I×1, V×1, W×1","TCA×273, ATA×227, CGA×118, TTA×82, TAT×57, CTG×42, CTA×33, TGG×16, GTG×14, TCG×6, AAA×4, AAG×4, TTG×3, CAT×1, CGG×1, TAC×1, TGT×1, TTC×1"
852,nonsynonymous-only,0,1,35,2692,"L×4, A×3, R×3, V×3, H×2, I×2, K×2, N×2, Q×2, S×2, T×2, C×1, D×1, E×1, F×1, G×1, M×1, W×1, Y×1","AGA×613, ACA×309, AAC×286, AAG×251, AAA×163, GCT×138, TCA×118, ATG×114, ATT×114, GAC×107, CAT×71, ATA×54, TTA×50, GTG×37, CTC×31, GTA×30, TGC×29, CAA×23, GCA×23, CTA×17, TTC×17, GCG×16, AGG×13, GGA×13, CTG×10, GTC×10, ACG×8, AGC×7, GAA×4, TAC×4, TGG×4, CGA×3, AAT×2, CAC×2, CAG×1"
853,nonsynonymous-only,0,1,37,3841,"L×6, R×4, S×4, I×3, P×3, E×2, K×2, N×2, Q×2, V×2, A×1, C×1, F×1, G×1, M×1, T×1, Y×1","GTA×1141, ATA×729, CAA×361, GTT×311, AAA×238, AAT×188, AGA×129, AAG×127, CCA×98, ATT×71, CAG×60, AGC×53, CCC×51, CGA×47, CGG×36, GAG×29, ATG×28, CTT×28, CCT×16, AGG×15, AAC×14, CTA×11, ACA×10, GGA×10, CTG×9, ATC×6, TAC×4, TTA×4, GCA×3, TCG×3, TTT×3, TCA×2, TGC×2, AGT×1, CTC×1, GAA×1, TTG×1"
854,nonsynonymous-only,0,1,31,3461,"R×5, S×3, A×2, E×2, G×2, I×2, K×2, L×2, N×2, T×2, D×1, F×1, M×1, Q×1, V×1, W×1, Y×1","ATA×1164, CAA×586, AAA×450, AGA×251, TTT×249, GGC×161, AAG×100, CGT×71, TCA×54, AGG×45, TGG×44, ATG×42, CGA×38, AGC×35, GAA×28, TTG×25, AAC×21, AAT×20, TAT×16, GCG×15, GCA×12, ACA×8, GAC×6, TTA×6, GAG×4, AGT×3, CGG×3, ACG×1, ATC×1, GGT×1, GTG×1"
855,nonsynonymous-only,0,1,36,4877,"L×5, R×4, I×3, T×3, A×2, E×2, F×2, K×2, P×2, Q×2, S×2, D×1, G×1, H×1, M×1, N×1, V×1, Y×1","ATG×1248, AAA×1183, AAG×823, ATC×402, AAC×192, AGA×175, TTG×165, ACC×145, GCA×102, GAA×91, CAC×50, CAG×47, TAC×43, AGG×33, CCG×32, CTG×28, CCT×20, CAA×12, TTC×10, GTA×9, ATT×8, TCG×8, ACG×7, CGA×7, CGG×6, ATA×5, CTA×5, GGA×4, GAG×3, GCG×3, TTT×3, AGC×2, GAC×2, TTA×2, ACT×1, CTC×1"
856,nonsynonymous-only,0,1,31,4488,"L×4, G×3, T×3, E×2, F×2, I×2, K×2, Q×2, R×2, S×2, V×2, A×1, H×1, M×1, P×1, W×1","TTC×1113, AAA×632, ATA×549, GAA×532, TTA×429, TTG×329, AAG×193, TGG×151, CTA×119, ACA×84, TCA×66, GTA×54, AGA×49, ATT×43, ATG×37, GGA×15, GAG×14, GGG×12, GTG×12, CAG×10, GCG×7, ACC×6, ACG×6, CGA×6, CAC×4, GGC×4, CAA×3, CCC×3, CTC×3, TTT×2, TCC×1"
857,nonsynonymous-only,0,1,31,5578,"I×3, L×3, R×3, S×3, D×2, F×2, K×2, N×2, T×2, V×2, A×1, C×1, E×1, G×1, H×1, P×1, Y×1","AAT×1358, GTT×1099, AGT×1033, GAT×649, ATT×443, ACA×212, TAT×125, CAT×118, TCT×118, AAC×96, ACT×44, ATA×44, GCT×42, AGC×36, GAC×28, AAG×21, CCT×17, AAA×16, CTT×11, TTG×11, CTG×9, CGT×7, TTT×7, GGT×6, GTG×6, ATC×5, GAG×4, TGT×4, TTC×4, AGG×3, CGG×2"
858,nonsynonymous-only,0,1,28,5644,"I×3, P×3, S×3, F×2, H×2, L×2, R×2, T×2, V×2, Y×2, A×1, C×1, G×1, M×1, N×1","TTT×1507, TCT×884, CAT×599, CGT×508, CTT×368, ATT×365, ATA×260, ACT×180, CCT×167, TAT×167, ATC×150, TCC×64, TGT×62, CCC×47, GTT×47, CCG×43, GTC×36, AAT×35, ACC×32, GGT×29, TTC×28, CAC×25, ATG×16, GCT×15, CGC×4, TAC×4, CTC×1, TCG×1"
859,nonsynonymous-only,0,1,29,4873,"S×4, G×3, L×3, T×3, C×2, E×2, I×2, K×2, R×2, A×1, D×1, F×1, M×1, W×1, Y×1","TCT×1126, GGA×896, ATA×813, GAA×628, TTG×249, ACA×184, AAG×153, AAA×122, GAT×118, TGC×103, TTA×93, ACT×74, GAG×55, ATG×40, TCA×36, TTT×26, ACG×25, TAT×21, TCG×20, GCA×17, ATT×16, GGG×16, CTA×15, TGT×10, TGG×6, AGC×5, CGA×3, AGA×2, GGT×1"
860,nonsynonymous-only,0,1,34,4932,"R×5, L×4, P×3, A×2, H×2, I×2, K×2, N×2, Q×2, S×2, T×2, V×2, D×1, E×1, M×1, W×1","CTA×1494, CAA×1013, CAG×415, AAA×279, ATG×244, CTT×184, CTG×175, CAC×162, CGC×134, GAT×118, CGA×117, ATT×102, ATA×82, CCA×74, GAG×71, CAT×66, GCC×36, ACA×34, CCT×32, CGT×27, CCC×16, TGG×15, GCG×12, AAC×9, GTA×4, AGT×3, CGG×3, AAG×2, AAT×2, ACG×2, AGA×2, AGC×1, CTC×1, GTG×1"
869,nonsynonymous-only,0,1,3,8,"F×1, T×1, Y×1","TAT×5, ACT×2, TTT×1"
870,synonymous-only,1,0,2,8,Y×2,"TAT×6, TAC×2"
871,nonsynonymous-only,0,1,2,5,"I×1, R×1","ATC×4, AGA×1"
872,nonsynonymous-only,0,1,2,2,"M×1, S×1","ATG×1, TCG×1"
873,nonsynonymous-only,0,1,3,5,"D×1, K×1, S×1","AGC×3, AAG×1, GAT×1"
877,nonsynonymous-only,0,1,2,2,"F×1, L×1","TTA×1, TTC×1"
878,synonymous-only,1,0,2,2,L×2,"CTC×1, TTA×1"
879,nonsynonymous-only,0,1,2,2,"K×1, S×1","AAA×1, TCG×1"
880,synonymous-only,1,0,2,2,K×2,"AAA×1, AAG×1"
882,nonsynonymous-only,0,1,3,89,"P×2, S×1","CCA×44, CCG×44, TCT×1"
883,nonsynonymous-only,0,1,4,125,"I×1, K×1, R×1, T×1","AGA×87, AAA×36, ACA×1, ATA×1"
884,nonsynonymous-only,0,1,4,125,"A×2, G×1, T×1","GCA×87, ACG×36, GCG×1, GGG×1"
885,nonsynonymous-only,0,1,3,89,"K×1, S×1, V×1","AAA×87, AGT×1, GTG×1"
886,nonsynonymous-only,0,1,3,88,"P×2, R×1","CCT×63, CCA×24, CGA×1"
888,nonsynonymous-only,0,1,7,140,"C×1, F×1, K×1, L×1, Q×1, S×1, Y×1","TTT×44, CTT×43, CAA×34, AAA×16, TAT×1, TCA×1, TGC×1"
889,nonsynonymous-only,0,1,6,126,"C×1, H×1, L×1, R×1, S×1, Y×1","TAT×87, AGG×34, AGT×2, CAT×1, CTT×1, TGC×1"
890,nonsynonymous-only,0,1,22,4753,"R×4, A×2, K×2, N×2, S×2, T×2, D×1, E×1, G×1, H×1, I×1, Q×1, W×1, Y×1","AGA×1784, AAA×1442, GGA×366, AAC×338, TAC×265, GAA×135, AGG×103, CGG×87, ACA×63, AGC×59, CGA×40, ACC×31, CAC×16, TCA×8, AAG×4, GCA×3, TGG×3, CAA×2, AAT×1, ATC×1, GAC×1, GCC×1"
891,nonsynonymous-only,0,1,18,6524,"R×2, S×2, Y×2, A×1, D×1, E×1, G×1, H×1, I×1, K×1, L×1, N×1, P×1, Q×1, T×1","AGC×2431, GGA×1114, CGA×916, AGA×521, TCA×425, ACA×408, CAA×279, GCA×155, CTA×118, GAA×57, AAC×39, CCA×23, AAA×21, TAT×8, GAC×3, TAC×3, ATA×2, CAC×1"
892,nonsynonymous-only,0,1,9,855,"I×2, T×2, V×2, L×1, M×1, N×1","ATT×433, ATG×190, ATA×112, CTT×63, GTG×34, AAT×8, ACA×7, ACT×5, GTT×3"
893,synonymous-only,1,0,2,355,R×2,"CGG×348, CGC×7"
899,nonsynonymous-only,0,1,3,363,"F×1, L×1, Y×1","TTT×198, CTT×157, TAT×8"
900,nonsynonymous-only,0,1,13,1174,"T×3, A×1, E×1, G×1, H×1, I×1, K×1, N×1, P×1, S×1, Y×1","ACG×383, CAT×348, ACA×149, GAA×72, TCT×63, ACT×41, ATA×40, AAT×36, CCT×24, TAT×11, GCG×5, AAG×1, GGG×1"
901,nonsynonymous-only,0,1,10,2745,"F×2, S×2, T×2, V×2, A×1, I×1","TCC×2437, TTT×164, ATT×73, GTA×36, TTC×18, GTT×8, ACT×6, ACA×1, GCT×1, TCA×1"
902,nonsynonymous-only,0,1,30,6410,"S×5, T×3, A×2, D×2, E×2, G×2, K×2, N×2, R×2, Y×2, F×1, H×1, I×1, P×1, Q×1, W×1","AAG×2090, ACA×1335, GGA×534, CGA×355, TCA×347, GAA×338, ACG×308, AAA×255, CAA×230, GCA×225, AAC×86, TCG×70, TAC×36, GAG×27, AAT×24, CCA×23, AGA×18, GAC×17, ATA×15, TTC×14, GGT×13, AGC×11, TAT×8, ACT×7, TGG×6, AGT×5, GAT×5, GCG×4, TCT×3, CAC×1"
903,nonsynonymous-only,0,1,10,2589,"K×2, N×2, R×2, E×1, Q×1, S×1, T×1","AGA×1508, AAA×975, CAA×43, AAG×37, AAC×6, GAA×6, AAT×4, ACA×4, AGG×4, AGC×2"
904,nonsynonymous-only,0,1,11,2582,"I×3, V×2, A×1, D×1, F×1, L×1, S×1, T×1","ATC×2454, ATA×43, GTA×36, ATT×17, ACT×13, TCT×6, CTT×4, TTT×4, GCT×2, GTT×2, GAT×1"
905,nonsynonymous-only,0,1,6,86,"K×2, T×2, F×1, I×1","TTT×43, AAG×36, AAA×4, ACA×1, ACT×1, ATA×1"
914,nonsynonymous-only,0,1,2,11,"I×1, T×1","ACC×7, ATC×4"
916,nonsynonymous-only,0,1,10,492,"A×2, G×2, D×1, E×1, F×1, K×1, V×1, Y×1","GCT×189, GAA×140, GCA×93, AAA×36, GTA×14, GGC×9, TTT×4, GAC×3, GGA×3, TAT×1"
917,nonsynonymous-only,0,1,8,840,"D×1, I×1, K×1, L×1, N×1, R×1, S×1, T×1","ACT×351, AAA×189, AAT×157, ATT×89, AGT×36, AGA×9, CTT×6, GAT×3"
918,nonsynonymous-only,0,1,9,466,"L×2, R×2, E×1, G×1, K×1, Q×1, S×1","AAA×189, GAA×87, CTA×71, CTG×68, AGA×42, CGT×4, GGT×3, AGT×1, CAA×1"
919,nonsynonymous-only,0,1,30,8220,"L×6, V×4, S×3, A×2, C×2, F×2, H×2, I×2, G×1, M×1, P×1, Q×1, R×1, W×1, Y×1","TTC×2753, TTT×2465, GTA×543, GTT×507, ATT×352, TAT×348, TTG×172, CAC×149, TTA×144, CTT×135, CTG×132, TGG×101, CAG×87, CTA×59, AGA×58, GTC×45, CAT×41, TCA×28, CTC×24, GTG×21, ATG×15, TGT×12, TCT×10, CCT×6, GCG×3, TGC×3, ATA×2, GCA×2, TCC×2, GGA×1"
920,nonsynonymous-only,0,1,29,8213,"L×6, I×3, T×3, V×3, A×2, E×2, P×2, Y×2, F×1, H×1, M×1, R×1, S×1, W×1","CTA×2089, TTA×2018, GTG×727, TTT×573, ATA×514, ATG×371, TTG×330, ACG×305, TAT×271, ATT×180, CCA×137, CTT×122, TCA×86, CTC×71, GAG×71, CTG×63, ATC×62, CCT×46, GTT×45, GCG×43, TAC×28, GTA×27, GAA×16, GCA×6, AGA×4, ACA×3, CAT×2, TGG×2, ACC×1"
921,nonsynonymous-only,0,1,25,5217,"S×3, D×2, E×2, G×2, H×2, K×2, N×2, V×2, Y×2, C×1, I×1, P×1, Q×1, R×1, T×1","TGT×2073, AAT×1039, AAC×482, AAA×460, GTC×346, CAG×246, TAC×191, TCT×89, CAT×72, AGA×57, GAC×41, GTA×31, TAT×24, CCA×16, GAG×10, GAT×7, GGA×7, GAA×6, CAC×5, TCA×4, AGC×3, ATT×3, AAG×2, ACT×2, GGC×1"
922,nonsynonymous-only,0,1,22,2023,"A×2, G×2, H×2, N×2, R×2, S×2, V×2, Y×2, D×1, E×1, I×1, K×1, L×1, T×1","ACA×527, AGA×345, AGT×341, AAA×225, ATT×161, TCA×103, GTT×77, GAA×72, GCG×38, CAT×31, AAC×29, GTC×22, CAC×19, GGA×9, GGT×7, GCT×5, TAC×4, GAT×3, CGT×2, AAT×1, CTT×1, TAT×1"
923,nonsynonymous-only,0,1,5,768,"A×1, D×1, E×1, I×1, N×1","GCT×527, ATC×153, GAT×43, GAA×41, AAT×4"
932,nonsynonymous-only,0,1,8,731,"C×2, N×2, S×2, D×1, T×1","AGC×482, AGT×143, AAT×56, GAT×29, TGT×11, ACC×4, TGC×4, AAC×2"
933,nonsynonymous-only,0,1,10,1078,"L×4, I×2, V×2, F×1, T×1","ATT×527, GTA×178, CTA×156, CTC×118, ATA×47, TTA×40, TTC×4, TTG×4, ACA×2, GTT×2"
934,nonsynonymous-only,0,1,12,1081,"S×3, A×2, E×2, D×1, F×1, L×1, V×1, Y×1","GCC×527, TTG×195, TCC×151, GTG×118, GAA×29, TAC×22, GCT×16, GAG×14, GAT×5, TCG×2, TCT×1, TTC×1"
935,nonsynonymous-only,0,1,10,955,"I×2, K×2, N×2, D×1, E×1, R×1, T×1","AAT×527, ATC×175, AAC×158, ATA×34, ACA×17, AAA×16, AAG×12, GAT×9, GAA×6, AGG×1"
936,nonsynonymous-only,0,1,2,14,"H×1, P×1","CAT×10, CCT×4"
937,nonsynonymous-only,0,1,42,7485,"S×6, A×3, L×3, R×3, C×2, D×2, E×2, F×2, G×2, H×2, I×2, N×2, Q×2, T×2, V×2, Y×2, K×1, M×1, W×1","TCA×2093, GGT×996, AGC×564, CAA×374, AAA×360, TGG×335, CAC×308, TGT×262, GCT×259, TTG×223, TAT×213, TGC×188, GTT×153, AAT×142, AAC×132, ATT×125, GGC×105, TTC×88, ATC×84, TCT×79, GCC×71, GAC×63, GAT×38, ATG×36, ACT×31, TAC×26, CTG×18, CGT×17, CTT×16, GAA×14, ACA×12, CGC×10, AGA×9, TTT×9, CAG×8, GAG×6, AGT×4, CAT×4, GCG×4, GTG×2, TCC×2, TCG×2"
938,nonsynonymous-only,0,1,27,7358,"S×4, C×2, F×2, H×2, I×2, N×2, R×2, T×2, Y×2, A×1, D×1, G×1, K×1, L×1, Q×1, V×1","TAT×2254, TTT×1630, AGC×687, CAA×530, TGT×339, GAT×335, ATT×212, AAT×164, CAC×153, TTC×121, ACC×118, TGC×109, AAC×106, TAC×104, CAT×84, CTT×83, AGT×76, CGC×67, GTT×51, CGT×43, ACT×36, TCT×33, TCC×17, ATA×2, GGT×2, AAA×1, GCT×1"
939,nonsynonymous-only,0,1,25,6574,"L×3, R×3, S×3, E×2, K×2, P×2, Q×2, A×1, D×1, F×1, G×1, I×1, M×1, N×1, T×1","GAA×2678, AGA×1690, ACA×379, TCT×345, TCA×296, TTA×191, CGA×154, TTG×151, AAA×136, ATA×119, CCG×87, AAG×69, CCA×65, GGA×59, CAA×40, GCA×38, CGC×22, CTA×14, GAG×11, ATG×9, TCC×9, GAC×7, AAC×2, CAG×2, TTT×1"
940,nonsynonymous-only,0,1,36,6666,"S×4, V×4, I×3, T×3, A×2, G×2, H×2, K×2, N×2, Q×2, R×2, Y×2, C×1, D×1, E×1, F×1, L×1, M×1","AAA×3566, AGA×689, ATT×388, GTT×382, AAG×266, GCG×188, TGT×188, ATA×153, TCG×137, AGT×118, AAT×91, GCA×69, ACA×64, CAA×50, GTG×42, TCA×42, CAG×32, GGG×27, GGA×25, ACC×22, TAT×20, ATC×16, AAC×15, GTC×15, CAT×13, CGA×10, CAC×8, GAG×7, ACG×6, GTA×5, ATG×3, GAT×2, TCT×2, TTG×2, TTT×2, TAC×1"
941,nonsynonymous-only,0,1,34,6588,"R×4, L×3, S×3, D×2, G×2, H×2, I×2, K×2, Q×2, T×2, Y×2, A×1, C×1, E×1, F×1, M×1, N×1, V×1, W×1","GAA×2119, CGA×1127, AAG×877, AAA×647, CAA×338, TGG×317, AGA×269, GAC×156, TTT×146, CTG×120, ATA×117, AGG×106, CAG×78, CGG×39, GGG×34, ACA×23, GGA×14, AGT×10, AAC×9, AGC×8, CAT×7, ATC×6, GAT×4, TCT×4, GCG×2, TAT×2, TTA×2, ACT×1, ATG×1, CAC×1, CTA×1, GTA×1, TAC×1, TGC×1"
942,nonsynonymous-only,0,1,35,3310,"L×4, R×4, S×4, A×3, G×3, V×3, F×2, I×2, T×2, C×1, H×1, K×1, M×1, P×1, Q×1, W×1, Y×1","AGA×1273, TTT×550, GCT×355, CGA×227, GGA×165, GTA×156, TTA×135, TCC×71, ATA×64, CTA×64, AAA×35, GCG×32, TGG×30, GCC×29, CAA×19, TTG×17, TCA×15, TGC×14, CGG×10, GTT×10, TTC×9, ACA×6, GGT×6, CAC×3, TCT×3, ATC×2, TAC×2, ACC×1, AGT×1, ATG×1, CCA×1, CGC×1, CTG×1, GGC×1, GTC×1"
943,nonsynonymous-only,0,1,36,4380,"L×6, S×5, I×3, R×3, A×2, F×2, N×2, P×2, Q×2, T×2, C×1, E×1, H×1, K×1, V×1, W×1, Y×1","TAT×1174, AGT×852, CTT×384, TTC×366, TTG×283, TTA×261, TTT×225, CCT×160, CTA×127, CGA×78, TCA×75, TCT×52, CAA×42, TGT×40, AAT×37, ACC×28, ATT×22, GTA×22, ACT×16, AGA×16, TGG×16, GCA×15, ATC×14, AAG×13, GAA×12, CAG×8, GCC×8, AAC×6, ATA×4, CAT×4, CCC×4, CGT×4, CTC×4, CTG×4, TCC×3, TCG×1"
944,nonsynonymous-only,0,1,3,22,"D×1, G×1, N×1","AAT×16, GGT×5, GAT×1"
945,nonsynonymous-only,0,1,2,6,"A×1, Q×1","GCG×5, CAG×1"
975,nonsynonymous-only,0,1,5,102,"N×2, F×1, H×1, S×1","AAC×71, CAT×22, AAT×4, AGT×4, TTT×1"
976,nonsynonymous-only,0,1,32,4837,"L×4, I×3, T×3, C×2, F×2, K×2, N×2, Q×2, R×2, V×2, Y×2, A×1, E×1, G×1, H×1, M×1, S×1","AAA×1141, ATG×829, ATA×572, GAA×529, TTA×464, AAG×232, TAT×215, ATT×168, ATC×92, ACG×76, ACA×60, AAC×56, ACC×53, TCA×48, TGT×44, TTG×39, AAT×30, CTA×30, GTG×28, TTT×26, TTC×21, TAC×18, CAA×17, CAC×10, TGC×10, GTC×8, AGA×7, CAG×4, GCC×4, CTG×3, AGG×2, GGC×1"
977,nonsynonymous-only,0,1,24,1892,"V×4, T×3, D×2, G×2, H×2, N×2, S×2, A×1, E×1, F×1, I×1, K×1, L×1, M×1","ACA×500, AAT×325, AGT×204, TTG×188, GAT×183, GGT×150, ACT×110, AAC×46, TTT×37, ATG×28, GGC×22, AGC×21, CAT×17, GTA×13, GAA×9, CAC×8, GTT×8, AAA×7, GTC×5, GAC×4, ATA×3, GTG×2, ACG×1, GCT×1"
978,nonsynonymous-only,0,1,13,804,"C×2, F×2, L×2, N×2, A×1, I×1, P×1, T×1, Y×1","ACT×529, ATA×153, TTA×37, AAC×31, TAC×21, TTT×13, TTG×8, GCT×3, TGC×3, TTC×3, AAT×1, CCC×1, TGT×1"
979,nonsynonymous-only,0,1,10,777,"F×2, L×2, S×2, K×1, M×1, T×1, Y×1","ATG×541, AAA×153, CTT×24, TAT×23, TCC×23, TTC×7, TTT×3, ACG×1, CTC×1, TCA×1"
980,nonsynonymous-only,0,1,6,127,"I×2, T×2, L×1, S×1","ATT×87, ACG×16, TTA×14, ACT×8, ATC×1, TCC×1"
981,nonsynonymous-only,0,1,36,4269,"L×5, S×4, I×3, R×3, T×3, D×2, F×2, H×2, N×2, Q×2, A×1, C×1, E×1, G×1, K×1, M×1, P×1, Y×1","AAT×858, GAC×603, ATT×460, CAT×369, AGT×310, TTC×269, CAC×219, TGT×189, ATA×156, CTA×134, AAC×119, GCA×114, AGA×70, ATG×64, GAT×44, AAA×41, GAA×40, TTT×31, TTA×28, ATC×27, CTT×24, TCT×19, TTG×18, GGT×15, ACT×13, CAG×9, TAC×5, ACC×4, CGT×4, TCA×4, CTC×3, CCT×2, ACG×1, AGC×1, CAA×1, CGC×1"
982,nonsynonymous-only,0,1,27,3286,"L×4, R×3, E×2, F×2, H×2, K×2, P×2, Q×2, V×2, Y×2, I×1, M×1, N×1, S×1","TTA×684, CTT×545, TTT×545, TAC×483, AGA×180, TAT×170, CCA×142, CAA×71, GTT×55, AAA×54, CTC×54, TTG×54, AAG×49, CAG×36, CCG×34, TTC×22, CAC×20, ATC×16, AGG×15, CAT×15, ATG×14, AGC×9, GAA×6, AAT×4, CGA×4, GTC×4, GAG×1"
983,nonsynonymous-only,0,1,46,5260,"L×6, R×6, S×5, I×3, A×2, C×2, D×2, G×2, H×2, N×2, P×2, Q×2, T×2, V×2, Y×2, E×1, F×1, K×1, W×1","CAA×1277, GAC×633, GAT×561, AGT×362, CCA×328, AAA×278, CTA×248, TAT×226, TGG×187, TAC×179, ACC×135, CAC×105, CCG×81, AAT×75, TCT×73, CGC×71, CTT×65, TTA×53, AAC×49, ATT×43, CAG×43, AGC×21, TGT×17, CGA×16, CAT×14, CTG×14, CGG×11, GCA×11, GCT×11, GAA×10, GTT×10, TCG×9, TGC×9, AGG×7, AGA×5, ATA×4, TTT×4, CTC×3, GGT×3, TTG×3, ACG×1, ATC×1, CGT×1, GGC×1, GTA×1, TCA×1"
984,nonsynonymous-only,0,1,21,4897,"L×5, C×2, F×2, I×2, K×2, Y×2, H×1, N×1, Q×1, R×1, S×1, V×1","GTT×1102, TAT×1071, TGT×935, TTT×499, AAA×498, TTC×251, TAC×212, TGC×76, TTG×53, ATT×41, ATC×32, AAC×31, AAG×29, CTA×28, TTA×22, CTT×5, CAA×4, CGA×3, CAT×2, TCT×2, CTC×1"
985,nonsynonymous-only,0,1,37,5318,"L×5, R×5, A×4, T×4, V×4, I×3, S×3, E×2, Y×2, F×1, K×1, M×1, P×1, Q×1","ATA×1115, GCT×565, GTT×385, GCG×358, ATT×354, CTG×339, GTA×328, ATG×261, ACA×260, CGA×157, TCG×136, GCA×100, CTA×80, TCT×79, ACC×78, CCA×68, GTC×65, ATC×62, GCC×61, TTG×60, ACG×59, CAA×58, ACT×57, CGT×42, TAC×38, GTG×36, TCA×36, TTT×31, AAA×28, TTA×6, GAA×5, TAT×5, GAG×2, AGA×1, AGG×1, CGG×1, CTC×1"
986,nonsynonymous-only,0,1,6,542,"S×2, C×1, E×1, M×1, N×1","AGC×463, ATG×36, TCC×29, GAA×6, TGC×5, AAC×3"
987,nonsynonymous-only,0,1,4,388,"D×1, I×1, N×1, S×1","AAC×304, AGC×70, GAC×8, ATC×6"
988,nonsynonymous-only,0,1,2,6,"K×1, R×1","AAA×5, AGA×1"
989,nonsynonymous-only,0,1,4,2526,"I×2, T×1, V×1","GTT×2073, ACT×382, ATT×42, ATC×29"
990,nonsynonymous-only,0,1,5,2562,"T×2, G×1, H×1, L×1","ACG×2109, GGG×382, TTA×36, CAC×29, ACT×6"
993,nonsynonymous-only,0,1,20,1189,"L×3, F×2, I×2, K×2, Y×2, C×1, H×1, M×1, N×1, P×1, R×1, S×1, T×1, V×1","TTC×313, ATG×246, ACT×123, CAC×72, ATC×71, TAC×59, CCT×53, AAA×43, TAT×42, TGT×41, TTT×37, CTT×30, AAT×29, CTC×16, AAG×4, ATT×3, GTA×3, TTA×2, CGT×1, TCC×1"
994,nonsynonymous-only,0,1,28,7104,"S×4, L×3, C×2, F×2, G×2, P×2, V×2, Y×2, A×1, D×1, H×1, I×1, N×1, Q×1, R×1, T×1, W×1","TTT×2821, TGC×1961, TGG×382, TAT×332, TCT×246, CAA×215, GTA×204, TAC×172, TCA×149, GGT×104, TTA×94, AAT×88, AGT×71, TGT×71, CTC×54, CTT×47, TCC×22, CCA×16, TTC×15, CAT×11, ACT×7, GAC×6, GCT×5, ATT×3, CCT×2, CGT×2, GGC×2, GTT×2"
995,nonsynonymous-only,0,1,21,6231,"L×5, S×4, C×2, F×2, P×2, Y×2, I×1, M×1, Q×1, W×1","CCC×2071, TTC×1186, TTT×815, TTA×654, TCA×440, TCT×233, TAT×184, TGC×165, ATT×154, TCC×99, TGT×96, TCG×44, TTG×29, CAA×22, CTT×10, ATG×9, TGG×9, TAC×4, CTA×3, CCA×2, CTC×2"
996,nonsynonymous-only,0,1,43,7251,"L×5, G×4, I×3, S×3, T×3, V×3, A×2, C×2, D×2, E×2, F×2, K×2, N×2, R×2, Y×2, H×1, M×1, P×1, Q×1","GTT×2134, CTC×997, ATT×738, GCT×659, GAT×596, ATG×455, GGT×257, TCT×247, AAT×141, TTT×121, CAC×112, TGT×89, GAC×78, AAA×61, ATC×57, AAG×51, AAC×45, CAG×43, GGC×41, GAA×37, GTG×37, TGC×35, GGA×27, TAC×25, AGT×22, AGA×19, AGC×19, GGG×17, GAG×16, CCT×15, ATA×10, GTC×10, ACG×9, GCC×7, TAT×5, ACA×4, CTT×4, TTC×3, TTG×3, CGT×2, ACT×1, CTA×1, TTA×1"
997,nonsynonymous-only,0,1,24,7290,"L×5, S×4, P×3, C×2, F×2, H×2, R×2, Y×2, I×1, Q×1","TTT×3253, TGC×1212, TAC×860, TAT×591, TTA×476, TTC×193, TGT×158, CTG×153, TCT×99, CAT×75, CGC×71, TTG×62, CTA×30, AGT×14, CAA×11, CGG×10, TCC×6, CCA×5, CAC×3, CCC×3, TCA×2, ATA×1, CCT×1, CTC×1"
998,nonsynonymous-only,0,1,30,6141,"L×6, S×4, F×2, N×2, P×2, Q×2, R×2, A×1, C×1, G×1, H×1, I×1, K×1, T×1, V×1, W×1, Y×1","TTT×3064, TGT×660, TAT×539, TTG×421, CTC×257, TGG×237, AAC×118, CCT×103, GGT×88, CTT×80, TTA×80, CTG×70, TCA×60, CAT×45, TCC×44, AAT×43, TTC×43, CTA×40, TCT×35, CAG×31, ACT×18, ATT×16, GTT×16, CGT×11, CCC×8, CAA×5, TCG×5, CGC×2, AAG×1, GCA×1"
999,nonsynonymous-only,0,1,12,3098,"L×4, T×2, I×1, K×1, M×1, R×1, V×1, W×1","ATG×2073, GTA×383, TTG×314, AAG×87, TTA×73, ACA×71, ACC×49, CTC×22, CTT×22, TGG×2, ATC×1, CGA×1"
1002,nonsynonymous-only,0,1,5,420,"H×1, K×1, L×1, N×1, Y×1","AAT×348, TTG×49, TAC×16, AAG×6, CAC×1"
1003,nonsynonymous-only,0,1,13,663,"D×2, L×2, P×2, R×2, T×2, H×1, Q×1, W×1","CAG×254, CTG×90, CCG×86, GAT×70, GAC×69, CGT×31, CGG×22, CAT×16, TGG×16, ACT×5, CTT×2, ACC×1, CCT×1"
1004,nonsynonymous-only,0,1,10,675,"A×1, D×1, F×1, G×1, I×1, N×1, S×1, T×1, V×1, W×1","AAT×348, ATT×153, GTG×86, TTT×47, ACT×16, GAT×14, TGG×5, GCT×2, GGG×2, TCT×2"
1005,nonsynonymous-only,0,1,7,737,"L×2, A×1, F×1, I×1, N×1, S×1","TTT×528, GCG×153, ATT×36, TCG×16, TTA×2, AAT×1, CTA×1"
1008,nonsynonymous-only,0,1,16,3088,"R×3, K×2, L×2, Y×2, C×1, D×1, H×1, I×1, Q×1, T×1, W×1","AAA×2175, CAT×341, TAT×267, CGT×119, TGT×64, AGA×43, GAT×31, ACT×15, CTA×9, CGA×6, TGG×6, ATT×5, CTT×3, AAG×2, CAA×1, TAC×1"
1009,nonsynonymous-only,0,1,10,3483,"D×2, E×1, G×1, H×1, K×1, L×1, N×1, V×1, Y×1","GAA×2073, AAC×661, GAC×581, GAT×63, TAC×63, GGC×16, CTT×15, CAC×6, AAA×4, GTT×1"
1010,nonsynonymous-only,0,1,15,6949,"R×5, S×3, G×2, F×1, I×1, M×1, V×1, W×1","TGG×2619, ATG×2073, AGG×1566, GGG×433, CGG×121, GGA×56, ATC×45, AGC×17, AGA×6, AGT×4, CGA×3, TCG×2, TTC×2, CGT×1, GTC×1"
1011,nonsynonymous-only,0,1,4,357,"A×1, E×1, I×1, P×1","GCA×351, GAA×4, ATA×1, CCA×1"
1013,synonymous-only,1,0,2,5,F×2,"TTC×4, TTT×1"
1014,nonsynonymous-only,0,1,2,5,"K×1, R×1","AGA×4, AAA×1"
1022,nonsynonymous-only,0,1,2,5,"A×1, V×1","GCA×4, GTA×1"
1023,nonsynonymous-only,0,1,2,5,"C×1, L×1","TGT×4, CTT×1"
1024,nonsynonymous-only,0,1,2,5,"A×1, T×1","GCT×4, ACT×1"
1032,nonsynonymous-only,0,1,19,8403,"R×6, L×3, C×2, A×1, G×1, H×1, I×1, K×1, M×1, Q×1, T×1","CAT×2073, CGT×1932, AGA×1360, AGG×881, CGA×625, CGC×596, CAA×348, CGG×327, TGT×104, CTA×53, AAA×39, TTA×16, ACA×15, TGC×10, GGA×9, CTG×6, GCC×5, ATG×3, ATA×1"
1033,nonsynonymous-only,0,1,32,8438,"R×4, V×4, I×3, L×3, S×3, A×2, E×2, F×2, K×2, T×2, Y×2, M×1, N×1, P×1","TAT×2192, AAA×1605, TTT×1097, GTT×540, ATT×454, ATA×436, AGA×356, GTG×320, GTA×309, CTA×215, AAG×169, AGT×163, GCA×137, TTA×136, CGT×49, TCT×43, CCA×34, GTC×33, ACG×29, ATG×22, ACA×18, AGC×18, ATC×11, GAG×10, CGA×9, GCG×9, GAA×8, CGC×6, AAT×4, TAC×3, TTC×2, TTG×1"
1034,nonsynonymous-only,0,1,28,8443,"S×6, A×4, G×4, E×2, I×2, N×2, Q×2, D×1, H×1, K×1, L×1, V×1, Y×1","TTG×2073, GGT×1911, AGT×932, GGA×596, GGC×558, CAA×454, TCC×374, AGC×330, TCT×280, GGG×196, TCA×195, GAA×143, GCG×102, GCA×99, GAG×42, AAT×38, GCT×35, AAA×34, GTA×16, ATT×8, CAG×7, TAT×6, CAT×5, GAT×3, AAC×2, TCG×2, ATC×1, GCC×1"
1035,nonsynonymous-only,0,1,2,35,"A×1, T×1","GCT×29, ACT×6"
1036,nonsynonymous-only,0,1,4,43,"N×2, H×1, R×1","CGT×29, CAT×6, AAC×4, AAT×4"
1037,nonsynonymous-only,0,1,3,391,"F×1, L×1, V×1","CTT×352, TTT×33, GTT×6"
1038,nonsynonymous-only,0,1,3,358,"A×1, Q×1, T×1","CAG×323, GCA×29, ACA×6"
1039,nonsynonymous-only,0,1,2,370,"E×1, Q×1","CAA×341, GAG×29"
1040,nonsynonymous-only,0,1,32,5786,"L×6, A×4, G×4, S×4, T×4, I×3, V×3, C×1, D×1, F×1, M×1","TTG×943, GCT×746, GCA×588, CTG×521, TTA×492, GCC×441, GTA×335, ATA×333, GCG×324, CTT×205, ATT×188, GTT×184, TGT×121, TTT×63, ACT×58, ATG×58, CTC×43, CTA×38, GAT×16, AGC×13, ATC×12, GGC×12, ACG×11, GGA×9, GGT×8, TCC×8, AGT×4, GGG×4, ACA×3, ACC×2, TCA×2, GTC×1"
1041,nonsynonymous-only,0,1,31,6168,"L×6, T×4, I×3, V×3, A×2, C×2, F×2, Q×2, S×2, Y×2, E×1, H×1, M×1","TTA×1569, ATG×1288, TTG×527, TTT×477, CTT×430, GTT×250, GCT×222, ATA×215, ATT×196, CAA×184, CTA×182, ACT×128, TAT×101, CTG×94, GCA×91, CTC×60, TAC×44, TGT×37, GTC×16, GTG×15, ACA×8, TCA×8, ACG×6, TGC×6, TTC×4, CAT×3, ACC×2, GAA×2, ATC×1, CAG×1, TCT×1"
1042,nonsynonymous-only,0,1,23,8240,"A×4, G×4, P×3, D×2, I×2, E×1, K×1, L×1, M×1, Q×1, S×1, T×1, V×1","GCA×2848, GCT×1409, GGG×1161, GCG×851, GGA×736, GTT×345, GCC×298, GGC×235, CCT×93, GGT×86, GAC×58, AAA×34, GAT×16, ATG×15, ATT×14, CCC×14, CCA×9, ACA×4, CAA×4, TCT×4, CTT×3, GAA×2, ATA×1"
1043,nonsynonymous-only,0,1,18,8104,"L×6, I×3, T×2, F×1, M×1, P×1, Q×1, S×1, V×1, W×1","CAA×2073, TTA×1603, TTG×1167, CTG×966, CTA×584, CTT×475, ATT×372, TCC×359, ATG×158, ACA×88, CTC×82, ATC×61, GTT×49, ATA×43, TTT×16, TGG×4, CCC×3, ACG×1"
1044,nonsynonymous-only,0,1,32,8192,"R×6, T×4, G×3, E×2, K×2, N×2, P×2, Q×2, V×2, Y×2, H×1, I×1, L×1, S×1, W×1","GGG×1591, CGT×1017, AAT×829, ACT×750, AAA×553, ACG×506, CAG×461, CAA×450, ACA×418, AAG×390, GGC×343, GAG×173, CGA×147, GGT×118, AGA×104, CGG×101, GAA×73, AGG×38, ACC×25, AAC×21, ATT×14, GTT×14, CCG×10, TGG×9, TCT×7, GTG×6, TAT×6, TAC×5, CCC×4, TTA×4, CGC×3, CAT×2"
1045,nonsynonymous-only,0,1,27,8188,"P×4, G×3, I×3, T×3, V×3, E×2, K×2, S×2, L×1, N×1, R×1, W×1, Y×1","TGG×4181, GAG×2065, CCA×519, CCT×374, TCG×361, ATC×210, AAG×90, CCG×57, ACA×51, TCA×44, GTT×37, ATT×36, GGT×34, GTA×26, GTC×20, AAT×16, AAA×13, ATA×13, CCC×8, GGG×8, TAC×7, GAA×5, TTA×4, ACC×3, GGA×3, ACT×2, CGG×1"
1046,nonsynonymous-only,0,1,4,90,"K×2, D×1, E×1","AAA×70, AAG×14, GAT×5, GAA×1"
1047,synonymous-only,1,0,2,5,N×2,"AAC×3, AAT×2"
1048,synonymous-only,1,0,2,5,L×2,"CTT×3, TTA×2"
1049,nonsynonymous-only,0,1,2,5,"F×1, V×1","TTT×3, GTG×2"
1050,synonymous-only,1,0,2,5,I×2,"ATT×3, ATA×2"
1051,synonymous-only,1,0,2,5,D×2,"GAT×3, GAC×2"
1052,synonymous-only,1,0,2,5,E×2,"GAA×3, GAG×2"
1053,nonsynonymous-only,0,1,2,5,"L×1, V×1","GTC×3, CTG×2"
1054,nonsynonymous-only,0,1,2,5,"A×1, T×1","ACT×3, GCT×2"
1055,nonsynonymous-only,0,1,2,10,"I×1, V×1","ATT×7, GTT×3"
1056,nonsynonymous-only,0,1,3,6,"A×1, Q×1, S×1","GCA×3, CAA×2, TCA×1"
1057,nonsynonymous-only,0,1,3,6,"E×1, K×1, N×1","GAA×3, AAT×2, AAA×1"
1058,nonsynonymous-only,0,1,3,6,"G×1, N×1, T×1","AAT×3, GGA×2, ACA×1"
1071,nonsynonymous-only,0,1,2,5,"L×1, S×1","TCA×4, TTA×1"
1073,nonsynonymous-only,0,1,5,24,"S×3, F×1, N×1","TCT×14, AAT×4, AGC×3, TTC×2, AGT×1"
1074,nonsynonymous-only,0,1,26,8194,"G×3, C×2, D×2, H×2, K×2, N×2, P×2, R×2, S×2, T×2, Y×2, E×1, I×1, V×1","GAT×4143, CCG×1950, GAC×451, GGA×348, TGC×345, TGT×240, AAC×205, CCT×123, AGC×105, AAT×46, AAG×45, GTA×36, AAA×34, CAT×34, TAT×34, AGA×16, AGG×8, AGT×7, GGC×5, GGG×5, ACA×4, CAC×3, GAG×3, ACG×2, ATA×1, TAC×1"
1075,nonsynonymous-only,0,1,5,64,"F×2, A×1, I×1, V×1","TTT×42, GTC×15, GCG×4, ATC×2, TTC×1"
1080,nonsynonymous-only,0,1,4,64,"M×1, T×1, V×1, Y×1","ATG×36, TAT×15, ACG×9, GTG×4"
1081,nonsynonymous-only,0,1,22,8259,"R×3, A×2, D×2, F×2, G×2, N×2, S×2, Y×2, E×1, I×1, K×1, T×1, V×1","GAT×6539, AAC×544, GAC×536, AAT×247, GAG×189, ACA×50, CGT×42, AGT×39, TTT×22, GGA×15, GGT×8, TCT×6, CGA×4, GCC×4, TAT×4, CGC×2, GCT×2, TAC×2, AAA×1, ATT×1, GTC×1, TTC×1"
1082,nonsynonymous-only,0,1,3,162,"M×1, T×1, W×1","TGG×104, ACG×54, ATG×4"
1083,nonsynonymous-only,0,1,3,162,"T×2, F×1","ACC×89, TTT×58, ACT×15"
1085,nonsynonymous-only,0,1,5,102,"K×2, C×1, H×1, Y×1","AAA×54, TGT×41, AAG×4, TAT×2, CAC×1"
1087,nonsynonymous-only,0,1,3,67,"L×2, P×1","CTA×54, CCA×9, CTG×4"
1088,nonsynonymous-only,0,1,5,138,"Y×2, H×1, N×1, S×1","CAT×55, AAT×51, TAT×17, TCT×11, TAC×4"
1089,nonsynonymous-only,0,1,40,5541,"R×4, S×4, G×3, L×3, T×3, V×3, A×2, D×2, E×2, F×2, I×2, K×2, N×2, Q×2, Y×2, C×1, H×1","AAA×963, GAA×799, AAC×600, ACC×403, TCT×386, GAC×332, GAG×327, AAG×298, AGA×198, GAT×167, ACT×123, AGT×118, CAT×114, CAA×99, AAT×75, GCC×69, ACA×59, GTC×55, TAT×45, ATA×42, TCA×37, TTA×33, TTC×27, TTT×24, CGC×22, AGG×21, GGA×20, GCA×18, GGT×17, ATC×12, GGC×9, TCG×7, GTT×4, TAC×4, TGT×4, GTA×3, TTG×3, CAG×2, CGT×1, CTT×1"
1090,nonsynonymous-only,0,1,12,791,"L×2, N×2, R×2, F×1, K×1, Q×1, S×1, T×1, V×1","CGA×313, CAA×245, AAT×106, TTA×36, AGA×25, AAC×20, AGC×16, TTC×13, ACA×8, GTC×4, TTG×4, AAA×1"
1096,nonsynonymous-only,0,1,7,76,"I×1, K×1, L×1, P×1, R×1, S×1, T×1","TCA×47, CTA×11, CCA×8, AAA×4, ACA×2, AGA×2, ATT×2"
1097,nonsynonymous-only,0,1,36,4349,"R×5, L×4, S×3, C×2, E×2, G×2, I×2, K×2, Q×2, V×2, A×1, D×1, F×1, H×1, M×1, N×1, P×1, T×1, W×1, Y×1","AAA×1694, GCA×541, ACA×415, TGG×293, GAA×262, AGG×253, CGA×136, AAG×109, CAA×109, ATG×88, GGA×75, CAT×63, TCA×59, TTC×48, TCG×46, CGG×37, ATC×25, CTC×23, ATA×12, TAT×11, CCA×8, CAG×7, TGT×6, AGA×5, AGT×4, GGT×4, AAT×3, TTG×3, CTA×2, GTG×2, CGC×1, GAG×1, GAT×1, GTC×1, TGC×1, TTA×1"
1098,nonsynonymous-only,0,1,39,5475,"S×4, R×3, T×3, A×2, D×2, E×2, F×2, H×2, I×2, K×2, L×2, N×2, P×2, Q×2, V×2, Y×2, C×1, G×1, M×1","ATA×1167, AAA×761, AAC×579, AAT×567, GGT×526, AGT×434, TAC×344, GAC×287, TAT×174, GAG×119, GAT×75, CAG×73, ACA×67, AGA×66, GTT×31, TCA×30, CAT×26, CAA×21, TCT×17, AAG×15, ATT×15, CCA×13, TTA×10, CAC×8, GCT×8, ACG×6, GAA×6, CTT×5, AGC×4, AGG×4, GCA×3, GTA×3, TTC×3, ACT×2, CCT×2, ATG×1, CGT×1, TGT×1, TTT×1"
1100,nonsynonymous-only,0,1,2,6,"F×1, P×1","TTC×5, CCG×1"
1101,nonsynonymous-only,0,1,3,10,"P×2, A×1","CCT×5, GCG×4, CCG×1"
1102,nonsynonymous-only,0,1,25,5424,"S×5, L×4, A×2, C×2, F×2, V×2, Y×2, D×1, H×1, I×1, Q×1, R×1, W×1","TCG×1214, TTA×1044, TTT×726, TCA×622, TGT×327, GTT×267, TAC×247, TCC×190, TTC×146, TAT×131, GCT×117, TTG×116, GTA×65, CGA×56, TCT×50, TGC×32, CTT×29, ATT×18, CTG×8, CAT×5, GCA×4, AGT×3, CAA×3, GAT×2, TGG×2"
1103,nonsynonymous-only,0,1,48,5783,"L×6, R×4, S×4, V×4, A×3, I×3, P×3, C×2, E×2, F×2, G×2, H×2, K×2, Q×2, T×2, D×1, M×1, N×1, W×1, Y×1","ATA×2063, TTT×459, CTA×444, GAC×347, TGT×244, AAA×204, AAG×190, AGA×174, GCG×155, GAA×140, CTG×139, ATG×130, CAT×129, GCA×112, CTT×102, AAT×95, CCA×75, CAG×69, GTA×69, CGA×52, TCA×49, GAG×41, TGG×41, CAA×34, TCT×33, TCG×28, ACG×22, TTG×20, GTC×17, TAT×13, TTC×13, CGT×12, GTG×11, CCG×10, GCC×8, GTT×8, CAC×4, CTC×4, TTA×4, ACA×3, ATT×3, CGC×3, AGC×2, CCC×2, GGC×2, GGG×2, ATC×1, TGC×1"
1104,nonsynonymous-only,0,1,22,6630,"L×3, S×3, F×2, P×2, Q×2, C×1, E×1, G×1, I×1, K×1, R×1, T×1, V×1, W×1, Y×1","TTG×2845, TCA×1512, ATA×602, TTA×589, CCG×351, AGA×264, TTC×152, TTT×94, TGC×43, GTA×36, GAA×34, ACA×21, TAT×19, TCG×19, CTG×16, TCC×12, GGA×7, AAA×4, CCA×4, TGG×3, CAA×2, CAG×1"
1105,nonsynonymous-only,0,1,6,147,"V×2, A×1, I×1, N×1, T×1","AAC×43, ATT×38, GTT×34, GCA×16, ACT×15, GTG×1"
1106,nonsynonymous-only,0,1,6,116,"K×1, Q×1, S×1, T×1, V×1, W×1","AAG×50, ACG×43, TCA×15, TGG×5, GTT×2, CAG×1"
1110,nonsynonymous-only,0,1,7,71,"V×2, A×1, C×1, E×1, L×1, Y×1","GTC×41, GTA×15, GAA×5, TAT×4, TGT×3, GCC×2, CTC×1"
1111,nonsynonymous-only,0,1,21,8264,"R×4, E×2, I×2, K×2, N×2, Q×2, V×2, L×1, M×1, P×1, S×1, T×1","AAA×2524, AAT×2517, CTA×1098, AGA×730, ATG×497, AAG×394, ATA×101, GTA×87, GAA×77, ACA×69, AGT×43, ATT×25, CAA×22, AAC×14, AGG×14, CCA×14, GTG×14, GAG×13, CAG×5, CGA×4, CGG×2"
1112,nonsynonymous-only,0,1,4,42,"K×1, Q×1, R×1, S×1","TCC×36, AAG×4, AGA×1, CAG×1"
1113,nonsynonymous-only,0,1,4,11,"G×1, N×1, R×1, S×1","AGC×5, GGG×4, AAT×1, AGA×1"
1114,synonymous-only,1,0,2,2,Q×2,"CAA×1, CAG×1"
1118,nonsynonymous-only,0,1,34,7659,"L×5, G×4, S×3, A×2, C×2, F×2, I×2, R×2, T×2, Y×2, E×1, K×1, M×1, N×1, P×1, Q×1, V×1, W×1","GCG×1796, GTG×1096, ACT×524, GGA×486, TGG×465, TCA×432, CAG×337, GCA×275, TGC×268, TTA×256, AAC×246, GGG×227, TTG×181, TCT×177, TGT×142, ATA×130, CTA×106, CTG×92, TTC×89, TTT×79, TAT×72, GGT×49, TCG×34, AGG×23, CCG×18, AAG×15, CGG×13, TAC×10, ACG×6, GGC×5, GAG×4, ATT×3, ATG×2, CTC×1"
1119,nonsynonymous-only,0,1,40,7096,"L×6, S×4, A×3, I×3, R×3, T×3, F×2, H×2, K×2, P×2, Q×2, V×2, D×1, E×1, M×1, N×1, W×1, Y×1","TTG×2068, GTG×729, ATT×641, TTA×559, GCT×527, GCG×372, CGG×347, ACT×299, GTA×228, CTA×174, AAA×153, TTT×141, ATA×122, AGT×118, ATG×111, CAA×94, ACA×65, TCA×61, CGA×58, AAC×49, GAC×36, CTT×32, CTC×17, CAG×15, CAT×12, CCA×12, TCT×12, TAC×10, AAG×6, CAC×6, CTG×5, TCG×4, TTC×4, ACG×2, GAA×2, AGG×1, ATC×1, CCG×1, GCA×1, TGG×1"
1120,nonsynonymous-only,0,1,36,6944,"L×5, I×3, R×3, S×3, T×3, E×2, H×2, K×2, N×2, V×2, A×1, C×1, D×1, F×1, G×1, M×1, P×1, W×1, Y×1","CTA×2072, ATT×1145, ATC×866, ATA×818, AAG×455, TTA×261, ACA×226, CGA×207, AAT×183, TTC×139, ATG×120, GAG×98, GAA×67, GTA×54, AAC×47, TCC×42, GAC×41, AAA×23, GGC×15, TTG×11, GTG×8, ACG×7, AGA×6, CAC×6, CTG×6, CAT×5, TGG×3, ACC×2, AGC×2, TAC×2, TCA×2, AGG×1, CCT×1, CTC×1, GCG×1, TGC×1"
1121,nonsynonymous-only,0,1,10,2936,"I×2, R×2, C×1, E×1, F×1, G×1, L×1, Y×1","GAA×2071, AGA×383, ATT×351, TAT×71, TGC×36, TTT×8, GGC×6, CGA×5, TTA×4, ATC×1"
1122,nonsynonymous-only,0,1,4,81,"A×1, C×1, D×1, L×1","CTG×71, GCG×5, GAT×4, TGT×1"
1124,nonsynonymous-only,0,1,9,2561,"S×2, T×2, C×1, D×1, I×1, R×1, V×1","GTT×2071, ACC×381, AGC×71, GAT×22, ACA×6, AGT×4, CGC×3, ATC×2, TGC×1"
1125,nonsynonymous-only,0,1,12,2591,"L×4, I×2, S×2, F×1, P×1, T×1, W×1","CTG×2052, CCA×351, TCG×77, TCA×33, CTA×32, CTT×19, TTC×10, TGG×5, ACA×4, ATT×4, ATC×2, CTC×2"
1126,nonsynonymous-only,0,1,11,2611,"F×2, L×2, E×1, I×1, M×1, Q×1, T×1, V×1, Y×1","TAT×2071, CTG×383, TTC×71, TTT×40, ATT×14, GAG×9, CAG×6, GTT×6, ATG×4, CTT×4, ACT×3"
1127,nonsynonymous-only,0,1,6,732,"D×1, E×1, I×1, K×1, T×1, V×1","AAA×359, GAA×312, ATC×35, GAC×22, ACA×3, GTC×1"
1128,nonsynonymous-only,0,1,37,3673,"R×5, S×4, G×3, I×3, T×3, E×2, K×2, N×2, Q×2, Y×2, A×1, C×1, D×1, F×1, H×1, M×1, P×1, V×1, W×1","TAC×701, AAG×515, ATC×345, AAT×344, ATG×244, TGC×239, TGG×219, CCA×163, CGT×129, ATT×80, AGG×71, TCA×64, ACA×62, AAA×60, AGC×54, ACG×50, GCA×46, CAA×45, AGA×42, GGA×41, GTT×23, GAT×22, CGA×17, ACT×15, GAA×15, GAG×15, CAC×14, AGT×6, CGG×6, TCG×6, AAC×5, CAG×4, ATA×3, TAT×3, GGT×2, TTT×2, GGC×1"
1129,nonsynonymous-only,0,1,34,4568,"L×4, R×4, C×2, G×2, H×2, K×2, N×2, P×2, Q×2, S×2, Y×2, A×1, D×1, E×1, I×1, M×1, T×1, V×1, W×1","AAA×1795, CAG×345, AAG×340, AAT×340, CAA×336, ACA×202, GAA×185, TTA×164, TTG×137, CCA×133, AAC×125, AGA×61, TCA×56, ATC×52, CGG×49, GCA×44, TGG×38, CAT×30, CCG×28, GTA×22, TGT×20, GGG×15, GGC×9, AGC×8, CTC×7, CAC×6, CGA×4, AGG×3, ATG×3, GAC×3, TAC×3, CTA×2, TAT×2, TGC×1"
1130,nonsynonymous-only,0,1,31,3825,"L×4, R×4, S×4, G×2, I×2, K×2, P×2, Q×2, Y×2, A×1, C×1, E×1, F×1, N×1, V×1, W×1","AGA×1349, TGG×525, AAA×395, TTA×229, CCG×228, TAC×156, TAT×141, GAA×120, GTA×117, TTG×90, AAC×68, GGA×64, CGG×63, CAA×60, TGC×44, CTG×43, CGA×33, TCA×26, CCT×18, TCC×13, AAG×10, ATA×10, AGG×4, CAG×4, CTA×3, GCG×3, TCG×3, GGC×2, TTC×2, AGC×1, ATC×1"
1131,nonsynonymous-only,0,1,20,3752,"L×5, I×2, P×2, S×2, T×2, V×2, C×1, F×1, K×1, R×1, Y×1","ACT×2071, TTT×508, TTA×284, GTT×267, CCG×227, ATT×137, TCT×71, GTC×41, TCA×36, CGT×22, CCT×18, CTG×17, ATA×15, TTG×11, CTA×10, CTT×9, TAT×5, AAA×1, ACG×1, TGC×1"
1132,nonsynonymous-only,0,1,15,100,"D×2, G×2, S×2, Y×2, A×1, C×1, H×1, K×1, N×1, P×1, Q×1","AAG×36, GGA×11, TCA×10, TAT×8, TAC×7, TGT×5, CAT×4, CCA×4, GCA×4, TCT×4, AAT×2, GAC×2, CAA×1, GAT×1, GGT×1"
1133,nonsynonymous-only,0,1,11,216,"K×2, T×2, A×1, I×1, L×1, Q×1, R×1, S×1, V×1","TTA×135, TCG×20, CGA×18, ACA×10, GTA×9, AAG×8, ACG×7, ATA×4, AAA×3, CAG×1, GCG×1"
1134,nonsynonymous-only,0,1,2,14,"K×1, T×1","ACG×10, AAG×4"
1135,nonsynonymous-only,0,1,5,195,"D×1, E×1, G×1, K×1, R×1","AAA×104, GAA×70, AGA×14, GAC×6, GGT×1"
1136,nonsynonymous-only,0,1,6,196,"F×1, L×1, N×1, T×1, W×1, Y×1","TTC×103, CTA×70, TGG×14, AAC×7, ACC×1, TAC×1"
1137,nonsynonymous-only,0,1,5,190,"F×1, L×1, Q×1, S×1, Y×1","TAC×104, TCT×70, TTT×10, CTT×5, CAA×1"
1138,nonsynonymous-only,0,1,20,1437,"I×3, L×3, K×2, N×2, C×1, D×1, G×1, M×1, P×1, Q×1, R×1, S×1, V×1, Y×1","ATT×744, TGT×181, AAT×134, GAT×70, AGT×68, CGT×61, TAT×53, TTA×46, AAC×21, AAA×14, CAG×13, CTT×8, AAG×5, ATA×5, GTT×4, ATC×3, ATG×2, CCC×2, CTA×2, GGT×1"
1139,nonsynonymous-only,0,1,23,1515,"G×3, A×2, F×2, I×2, N×2, R×2, S×2, C×1, D×1, H×1, L×1, P×1, T×1, V×1, Y×1","GAC×450, ATC×181, CTC×153, AAT×152, AAC×126, TAT×110, GTT×104, GGT×67, AGT×36, ACT×30, CGT×26, AGC×18, TGT×16, CAT×13, ATA×7, CGC×6, GCT×4, TTT×4, CCT×3, GGA×3, GGC×3, GCA×2, TTC×1"
1140,nonsynonymous-only,0,1,27,1390,"L×3, P×3, C×2, F×2, H×2, I×2, N×2, R×2, S×2, Y×2, A×1, E×1, K×1, T×1, W×1","TAT×536, AAA×159, TGG×118, TTT×110, TCC×94, AAT×70, ATC×67, TAC×57, CAT×38, CAC×30, TTC×27, CTC×22, ATT×11, TCT×10, TGT×8, CTG×6, ACC×5, CTT×4, CCC×3, CCT×3, TGC×3, AAC×2, AGA×2, GCA×2, CCA×1, CGT×1, GAG×1"
1141,nonsynonymous-only,0,1,15,914,"R×3, G×2, S×2, T×2, A×1, H×1, I×1, K×1, L×1, P×1","AAA×527, TCA×214, CTA×70, ACA×23, CAC×23, CCA×17, AGA×12, AGG×8, CGA×7, GGA×5, ACG×3, TCT×2, ATT×1, GCA×1, GGG×1"
1142,nonsynonymous-only,0,1,4,17,"F×1, I×1, R×1, V×1","TTC×10, ATC×4, AGA×2, GTG×1"
1144,nonsynonymous-only,0,1,3,97,"L×1, P×1, T×1","ACT×71, CCT×22, CTA×4"
1145,nonsynonymous-only,0,1,5,183,"F×1, H×1, K×1, N×1, Q×1","CAA×77, CAT×43, AAT×41, AAA×14, TTT×8"
1146,nonsynonymous-only,0,1,28,4178,"S×5, L×3, C×2, G×2, N×2, R×2, Y×2, D×1, E×1, F×1, H×1, I×1, M×1, P×1, Q×1, T×1, V×1","GGT×1809, TTT×408, TCG×368, ATG×345, GGC×262, TCT×245, AAT×188, CTG×92, AGC×88, TAC×62, TTA×53, TGT×43, ACT×36, CGG×36, TGC×34, TAT×31, GTA×16, GAG×15, CTA×14, AAC×12, CGA×10, TCC×3, CAA×2, TCA×2, ATT×1, CAC×1, CCT×1, GAC×1"
1147,nonsynonymous-only,0,1,31,4916,"S×4, I×3, C×2, E×2, F×2, K×2, L×2, N×2, R×2, A×1, D×1, G×1, M×1, P×1, Q×1, T×1, V×1, W×1, Y×1","ATT×2108, AAT×679, TAC×432, TCC×390, TTT×383, AGT×146, TGT×143, CTC×120, ATA×88, GGG×88, TGC×60, TTG×48, AAA×46, ACC×32, GAA×32, AAC×22, TGG×16, GAG×15, TTC×13, AAG×9, AGG×9, CCC×9, GTC×6, TCT×6, ATG×4, CAA×3, GCC×3, ATC×2, TCA×2, AGA×1, GAT×1"
1148,nonsynonymous-only,0,1,30,4512,"R×6, S×4, K×2, L×2, N×2, P×2, Q×2, Y×2, A×1, C×1, D×1, E×1, F×1, I×1, V×1, W×1","CGG×2086, AGA×547, CCA×383, CAG×359, TCA×269, AAC×259, AAA×89, CAA×89, TAC×81, AAG×57, GTC×52, ATC×41, CCC×36, AGG×33, GAA×25, TTA×23, TTC×19, CTA×15, GCT×10, CGC×9, GAC×8, CGT×6, TAT×4, TCT×3, AGC×2, TCG×2, TGC×2, AAT×1, CGA×1, TGG×1"
1149,nonsynonymous-only,0,1,24,7333,"S×4, A×2, F×2, I×2, N×2, P×2, T×2, V×2, Y×2, C×1, D×1, H×1, L×1","GTC×2072, GCC×1075, TCC×917, ACC×786, TAC×740, AAC×655, ATC×417, AGC×228, TTC×92, CAC×72, GAC×72, CCC×56, ATT×45, CCG×36, TGC×17, AGT×16, TCA×9, TTA×9, TAT×8, GTG×6, TTT×2, AAT×1, ACA×1, GCA×1"
1150,nonsynonymous-only,0,1,9,885,"D×2, Y×2, E×1, H×1, N×1, Q×1, S×1","TAC×405, GAT×297, AAC×58, GAC×38, AGC×36, GAG×26, CAC×17, CAG×4, TAT×4"
1151,nonsynonymous-only,0,1,3,13,"M×1, S×1, W×1","TGG×8, TCG×3, ATG×2"
1152,nonsynonymous-only,0,1,2,5,"C×1, S×1","AGT×3, TGT×2"
1154,nonsynonymous-only,0,1,2,5,"F×1, I×1","TTT×3, ATT×2"
1155,nonsynonymous-only,0,1,2,5,"D×1, N×1","AAT×3, GAT×2"
1157,nonsynonymous-only,0,1,2,5,"S×1, T×1","TCC×3, ACC×2"
1158,nonsynonymous-only,0,1,2,12,"E×1, S×1","GAG×9, TCG×3"
1159,nonsynonymous-only,0,1,5,109,"L×2, F×1, Q×1, Y×1","TAC×71, CTG×22, TTT×9, CAG×4, CTC×3"
1160,nonsynonymous-only,0,1,13,1028,"P×3, E×2, K×2, Q×2, G×1, I×1, L×1, R×1","ATA×433, CAA×387, AAA×90, CCA×32, GAA×23, GAG×20, CAG×17, GGA×8, CTA×6, AGA×4, CCC×4, AAG×3, CCG×1"
1161,nonsynonymous-only,0,1,10,658,"I×2, K×2, S×2, M×1, R×1, T×1, W×1","AAG×436, AAA×67, TCA×44, TCT×44, ATA×41, ATG×10, ACT×5, ATT×5, TGG×5, AGA×1"
1162,nonsynonymous-only,0,1,10,57,"L×3, C×1, D×1, E×1, I×1, Q×1, V×1, Y×1","GAC×16, TTA×10, GAA×9, CAA×6, CTT×5, CTA×4, TGC×3, ATA×2, GTA×1, TAC×1"
1165,nonsynonymous-only,0,1,19,852,"S×4, T×3, V×3, F×2, G×2, A×1, D×1, E×1, H×1, N×1","ACT×312, TTC×246, TCA×72, ACC×53, GAA×35, GGA×31, ACA×24, AGT×24, GTC×10, AAT×9, AGC×9, CAT×6, TCT×5, TTT×5, GTG×4, GAC×2, GGC×2, GTA×2, GCG×1"
1166,nonsynonymous-only,0,1,18,962,"V×3, A×2, I×2, L×2, S×2, E×1, F×1, G×1, H×1, K×1, P×1, T×1","GTT×392, CCT×206, ACA×120, GTA×57, ATA×51, CTT×38, GAA×29, GTG×16, TTA×14, ATC×13, AAA×12, TCG×5, CAT×2, GCC×2, GGA×2, GCG×1, TCC×1, TTC×1"
1167,nonsynonymous-only,0,1,31,7357,"A×4, R×3, S×3, T×3, D×2, E×2, I×2, K×2, N×2, Q×2, V×2, F×1, G×1, L×1, P×1","CGA×2061, AAA×1909, GAA×775, AGT×494, AGA×429, GAG×355, GGA×348, GTA×290, GCT×152, ACA×119, AAG×104, ATA×76, GAT×62, ACT×38, TTT×24, TCA×22, AGG×15, AAC×13, CAA×13, ATT×10, AAT×9, GCG×9, GCC×7, CTT×5, AGC×4, GCA×4, CAG×3, CCA×3, GTG×2, ACG×1, GAC×1"
1168,nonsynonymous-only,0,1,40,7307,"S×5, A×4, T×4, V×3, D×2, H×2, I×2, K×2, L×2, N×2, P×2, Q×2, R×2, E×1, F×1, G×1, M×1, W×1, Y×1","ACT×2686, TCT×870, ACC×530, AAA×518, AGT×472, GCA×363, TCA×336, ACG×310, CCG×169, GCT×154, AAT×139, GCG×89, GTA×88, GCC×76, ACA×71, AAG×68, AGC×62, GGT×61, CAA×57, CGA×31, ATG×24, GAA×21, AAC×14, CAT×12, CTG×12, GAT×12, TTA×10, CGG×9, CCA×8, TCG×8, ATA×6, TGG×6, CAC×3, TTT×3, ATT×2, CAG×2, GAC×2, GTG×1, GTT×1, TAT×1"
1169,nonsynonymous-only,0,1,11,653,"A×3, L×3, S×3, T×1, Y×1","GCG×304, TCG×129, GCT×88, TTG×54, GCA×44, TCT×16, CTG×6, TAT×6, TCC×4, ACC×1, TTA×1"
1170,nonsynonymous-only,0,1,2,8,"H×1, N×1","AAC×4, CAT×4"
1171,nonsynonymous-only,0,1,2,8,"S×1, Y×1","TAT×4, TCC×4"
1173,nonsynonymous-only,0,1,8,245,"A×1, C×1, F×1, I×1, L×1, Q×1, S×1, Y×1","CAG×183, TTA×44, AGT×6, ATT×4, TTC×4, TGT×2, GCT×1, TAT×1"
1174,nonsynonymous-only,0,1,6,1002,"F×2, L×2, C×1, S×1","TCC×645, TTA×241, TTC×80, TGC×31, TTG×4, TTT×1"
1175,nonsynonymous-only,0,1,10,975,"K×2, C×1, D×1, H×1, I×1, N×1, Q×1, S×1, T×1","CAA×527, TCA×153, AAT×113, AAG×88, GAT×70, CAC×15, ATC×4, AAA×2, TGC×2, ACT×1"
1176,nonsynonymous-only,0,1,8,1012,"C×1, F×1, I×1, L×1, S×1, V×1, W×1, Y×1","TTC×647, TCT×183, ATC×154, TGT×16, CTT×4, GTA×4, TAC×2, TGG×2"
1177,nonsynonymous-only,0,1,33,5248,"R×4, G×3, I×3, L×3, S×3, H×2, K×2, P×2, Q×2, Y×2, C×1, D×1, E×1, F×1, N×1, V×1, W×1","TAT×1953, AAA×639, CAA×610, GGG×422, AAG×396, CAT×381, TGT×330, TGG×139, GAA×73, CGT×69, TAC×49, ATT×43, CAG×17, GGT×15, CGA×14, TTT×13, TTA×11, ATC×10, GGA×10, TCA×10, CTT×9, AAC×5, ATA×5, CCA×4, GAT×4, TCT×4, CAC×3, AGA×2, CCT×2, GTA×2, TTG×2, CGG×1, TCG×1"
1178,nonsynonymous-only,0,1,23,7483,"R×3, S×3, L×2, N×2, Q×2, T×2, V×2, A×1, E×1, G×1, I×1, K×1, M×1, P×1","ACG×3158, TCG×1809, AAG×686, ACA×352, TTG×294, AAT×246, CAG×212, GCG×164, CCG×157, TCA×139, GAG×80, TCT×58, TTA×54, AGA×25, ATG×15, AAC×10, GGA×8, GTA×8, AGG×2, ATC×2, CAA×2, CGG×1, GTG×1"
1179,nonsynonymous-only,0,1,10,766,"D×2, N×2, S×2, C×1, G×1, V×1, Y×1","AGT×489, AGC×229, GAT×16, TGT×16, TAT×8, AAC×3, AAT×2, GAC×1, GGT×1, GTG×1"
1180,nonsynonymous-only,0,1,6,31,"A×1, H×1, I×1, P×1, R×1, S×1","AGT×16, CCA×8, CAT×3, ATC×2, CGT×1, GCC×1"
1181,nonsynonymous-only,0,1,3,19,"R×2, W×1","CGG×16, TGG×2, CGC×1"
1182,nonsynonymous-only,0,1,3,19,"I×1, R×1, Y×1","ATT×16, TAT×2, CGG×1"
1184,nonsynonymous-only,0,1,3,24,"I×2, P×1","CCA×16, ATA×4, ATT×4"
1185,nonsynonymous-only,0,1,8,2497,"G×2, V×2, A×1, E×1, I×1, P×1","GGA×2071, GTA×369, GGT×16, GTC×14, CCT×8, GCT×8, GAA×6, ATT×5"
1186,nonsynonymous-only,0,1,30,5090,"L×5, R×4, S×4, H×2, K×2, P×2, T×2, A×1, E×1, I×1, M×1, N×1, Q×1, V×1, W×1, Y×1","AAG×1218, AAA×950, CCG×458, CGA×458, AAC×349, ATA×270, TCG×245, CAA×187, CGG×162, CAC×159, CTA×135, TTA×105, CCA×83, TGG×54, AGA×51, GAA×46, CTG×43, TCA×29, ACA×17, AGC×16, ATG×15, TTG×10, CTT×8, AGG×5, ACG×4, CAT×4, GCA×4, GTA×2, TAT×2, TCC×1"
1187,nonsynonymous-only,0,1,4,30,"L×2, F×1, S×1","TTT×16, CTT×6, TTA×6, TCC×2"
1188,nonsynonymous-only,0,1,4,33,"E×1, I×1, L×1, P×1","GAA×16, ATT×9, CCT×6, TTA×2"
1189,nonsynonymous-only,0,1,6,100,"E×1, G×1, I×1, M×1, R×1, S×1","AGA×44, ATG×44, GAG×9, AGT×1, ATA×1, GGC×1"
1190,nonsynonymous-only,0,1,17,934,"E×2, G×2, P×2, S×2, T×2, A×1, D×1, H×1, K×1, Q×1, R×1, Y×1","ACC×318, CCC×234, TCC×160, GGA×97, GCC×44, GAA×23, CGA×21, AAA×7, AGC×7, GAC×5, CAA×4, GGT×4, TAT×4, ACA×2, CAC×2, CCA×1, GAG×1"
1191,nonsynonymous-only,0,1,42,7179,"S×6, A×4, L×4, T×4, I×3, V×3, E×2, G×2, K×2, P×2, Q×2, Y×2, C×1, D×1, F×1, H×1, M×1, N×1","GCA×2129, TAT×1178, TCT×917, ATT×444, CCA×355, ACT×323, ATA×181, AGC×150, GAT×150, TTA×139, GCG×134, ACA×100, AAA×96, GTT×90, TTT×89, TCA×72, CCT×71, AGT×66, CTA×59, GTA×54, TCG×49, CTT×46, GAG×44, GCC×43, AAT×34, GCT×32, TCC×28, ACC×22, AAG×19, GTC×12, CAG×10, GGA×9, GAA×7, GGT×7, ATG×4, CAA×4, TTG×4, TGT×3, ACG×2, ATC×1, CAC×1, TAC×1"
1192,nonsynonymous-only,0,1,30,8025,"L×5, S×4, V×4, I×3, P×3, F×2, N×2, D×1, G×1, H×1, K×1, M×1, Q×1, T×1","GTT×2103, TTT×1763, ATT×868, TTA×623, TCC×436, AGT×432, TTC×379, CTT×354, GAT×139, CTA×136, GTC×118, ATC×117, ATA×103, ATG×79, AAC×58, TTG×51, GTG×49, CCA×36, CAA×35, TCA×30, CAC×29, GTA×29, CTG×28, ACT×8, CCC×8, TCT×6, AAT×5, AAG×1, CCT×1, GGT×1"
1193,nonsynonymous-only,0,1,25,8292,"R×3, S×3, T×3, V×3, D×2, G×2, N×2, A×1, F×1, H×1, I×1, K×1, P×1, Y×1","GAC×4062, GAT×2287, AAT×529, AGC×393, GGT×276, CCT×121, TAT×117, AGT×109, CAT×96, AGA×88, CGT×64, GGC×45, AAC×32, GTA×24, CGA×9, ATC×8, GTT×7, GCT×6, AAG×4, ACA×4, ACC×3, ACT×3, TCT×2, TTT×2, GTG×1"
1194,nonsynonymous-only,0,1,40,8137,"S×5, A×4, T×4, P×3, R×3, D×2, E×2, K×2, L×2, N×2, Q×2, Y×2, C×1, F×1, G×1, I×1, M×1, V×1, W×1","TTT×2159, AAC×1636, GAT×713, GGA×489, TGG×487, GCG×358, TAT×357, AGA×308, AAT×164, GCA×162, GAA×158, AAG×154, GTT×138, TCT×129, GAC×88, AAA×81, TCC×69, ACT×59, GCT×57, ACA×55, TCA×53, CCT×41, CAA×39, GAG×34, CCA×23, TAC×23, ACC×22, CCC×21, TGC×16, CTC×9, CAG×7, AGC×6, ATG×6, TTA×6, AGT×3, ATT×3, ACG×1, CGA×1, CGT×1, GCC×1"
1195,nonsynonymous-only,0,1,42,8114,"R×4, S×4, T×4, A×3, G×3, L×3, C×2, D×2, E×2, F×2, I×2, K×2, N×2, Q×2, V×2, H×1, P×1, Y×1","CAA×2997, TCA×774, GAA×766, AAA×726, AAG×540, GAT×400, TCG×361, CGT×348, AAT×262, TCT×118, ACA×116, CAT×98, GGG×83, GAG×53, TGC×52, GCT×41, CGA×36, CTA×36, TAT×34, CCA×26, ATC×25, TTA×25, ACG×24, CAG×21, TGT×19, ACT×18, GAC×18, AGA×17, GTT×15, TCC×15, ATA×13, TTT×10, TTC×9, ACC×5, GCA×3, AAC×2, GGT×2, GTA×2, CGG×1, GCC×1, GGA×1, TTG×1"
1196,nonsynonymous-only,0,1,37,8177,"T×4, V×4, A×3, G×3, I×3, L×3, P×3, S×3, K×2, N×2, C×1, D×1, E×1, F×1, H×1, M×1, R×1","GCT×2097, TTA×1318, ACT×1086, ACG×1018, ACA×718, ATT×427, GAC×349, GCC×246, ATA×209, GTA×144, CTT×122, GTT×101, ACC×77, GCA×47, CCC×38, GGC×36, TCA×22, CTC×19, GTC×16, AAG×12, ATC×10, CCA×9, CGA×9, CAC×8, AAA×6, AAC×6, CCG×6, GGG×4, TTC×4, GGT×3, TCT×3, ATG×2, AAT×1, AGT×1, GAA×1, GTG×1, TGC×1"
1197,nonsynonymous-only,0,1,15,1388,"L×3, A×2, T×2, D×1, E×1, I×1, K×1, P×1, R×1, S×1, W×1","ACA×533, TTG×348, AAA×133, GCA×99, CCT×88, ACC×36, ATA×36, TTA×35, GAT×22, TCA×22, GAA×16, TGG×16, CTC×2, CGA×1, GCT×1"
1198,nonsynonymous-only,0,1,4,98,"K×2, G×1, L×1","GGG×34, AAG×33, AAA×16, TTG×15"
1199,nonsynonymous-only,0,1,12,818,"K×2, R×2, V×2, A×1, D×1, E×1, N×1, S×1, T×1","AGA×318, GAA×229, ACA×95, AAG×63, AGC×36, GTG×31, AAA×18, GTA×15, GAC×7, CGA×3, AAT×2, GCA×1"
1200,nonsynonymous-only,0,1,28,7990,"L×6, T×4, I×3, V×3, A×2, F×2, S×2, C×1, H×1, M×1, P×1, R×1, Y×1","TCT×2162, CTC×1257, GCT×702, TTT×647, ATT×444, CTT×441, GCA×397, ATA×317, CTA×311, GTT×262, ATC×206, TTC×206, ACT×151, TTA×102, ATG×99, TTG×73, ACC×49, TGC×41, GTA×27, GTG×25, TAT×19, AGA×14, ACG×8, CCT×8, ACA×7, AGT×7, CAT×7, CTG×1"
1201,nonsynonymous-only,0,1,44,7825,"S×5, G×4, L×4, R×4, T×4, A×3, I×3, D×2, E×2, K×2, N×2, Q×2, V×2, C×1, H×1, M×1, W×1, Y×1","GTT×2071, ACT×1372, TAT×674, AAT×621, GGT×520, CGG×457, ATG×384, GGC×244, GAA×218, GAT×205, AAG×139, GTA×120, TGG×109, AAA×104, GGG×70, GAG×69, CAA×68, CAC×62, AGA×53, AGG×46, GCC×23, ATT×21, GCA×21, ACA×17, TCT×15, TCC×14, CAG×12, CGA×11, TCA×10, ACG×9, TGT×9, CTT×8, GCT×8, AGC×7, ATA×6, CTA×6, GAC×6, ACC×4, GGA×4, AGT×2, CTG×2, TTG×2, AAC×1, ATC×1"
1202,nonsynonymous-only,0,1,20,3158,"S×3, C×2, E×2, K×2, N×2, R×2, A×1, D×1, G×1, H×1, L×1, Q×1, Y×1","TTA×2071, CAA×383, AGA×259, AAA×107, AAG×65, TCA×53, AAC×52, CAC×47, GAA×38, GCA×31, GAT×9, TAC×9, TGC×9, CGA×8, AAT×5, TGT×4, TCC×3, GAG×2, GGT×2, TCG×1"
1203,nonsynonymous-only,0,1,11,713,"C×2, T×2, D×1, G×1, I×1, K×1, L×1, N×1, V×1","AAC×349, AAG×271, TGT×33, GTT×31, ACG×9, ACC×6, ATT×4, CTC×4, TGC×3, GGA×2, GAC×1"
1204,nonsynonymous-only,0,1,6,669,"D×2, K×1, N×1, T×1, Y×1","GAT×353, AAA×273, TAC×36, GAC×4, ACA×2, AAT×1"
1205,nonsynonymous-only,0,1,5,178,"R×2, Y×2, L×1","AGA×88, CGT×42, TTA×36, TAC×9, TAT×3"
1206,nonsynonymous-only,0,1,10,595,"T×3, P×2, F×1, K×1, M×1, S×1, W×1","ACG×347, TGG×88, TCA×87, ACT×36, AAA×15, CCT×14, TTT×4, ATG×2, ACA×1, CCA×1"
1207,nonsynonymous-only,0,1,13,866,"I×2, N×2, S×2, D×1, E×1, F×1, H×1, L×1, T×1, Y×1","AGC×348, AAT×211, ATT×102, ATC×88, GAA×36, ACT×22, AGT×18, TTT×15, CTT×14, GAT×5, TAT×4, CAT×2, AAC×1"
1208,nonsynonymous-only,0,1,26,8464,"L×5, A×3, V×3, F×2, I×2, S×2, T×2, C×1, D×1, H×1, N×1, P×1, R×1, Y×1","TTC×2071, ATT×1552, AAT×1114, TTT×1043, CTT×914, CTC×387, TCT×220, ACT×212, ATC×185, GTT×146, TAT×107, AGT×100, GCC×88, CCT×71, TGC×71, GCT×69, CAT×38, GCA×36, ACC×10, GAT×10, CTA×8, TTG×6, TTA×3, CGT×1, GTA×1, GTC×1"
1209,nonsynonymous-only,0,1,37,8024,"S×5, G×3, I×3, L×3, R×3, T×3, A×2, D×2, E×2, K×2, N×2, F×1, H×1, M×1, P×1, Q×1, V×1, Y×1","AAA×3105, ACG×2015, AAT×410, AGT×351, TTT×345, GAA×308, GAG×187, ATT×166, ATC×153, AGA×130, AAC×106, AAG×106, GGA×83, ATG×78, TTA×74, CTA×66, CAA×58, GGG×45, ATA×37, GGC×35, AGC×25, ACA×24, GCA×21, CCA×19, ACT×16, GAT×14, TCA×14, TCT×6, CGC×5, TAT×5, GTG×4, CTT×3, GAC×3, TCG×3, CGT×2, CAC×1, GCT×1"
1210,nonsynonymous-only,0,1,36,7659,"S×4, A×3, R×3, V×3, D×2, E×2, G×2, I×2, K×2, N×2, P×2, Q×2, T×2, C×1, L×1, M×1, W×1, Y×1","GAA×2754, AAA×2695, AGA×691, TGT×279, AAT×268, GGA×203, CCG×104, ACA×95, AAC×75, TAT×74, CAA×65, CGA×64, GTC×58, ACT×31, AGG×31, TGG×20, CAG×17, GAG×15, ATG×14, GAC×14, GAT×14, AAG×12, AGC×12, ATT×9, TCA×9, GCA×8, CTT×7, TCT×6, CCA×5, ATA×2, GCG×2, GCT×2, AGT×1, GGC×1, GTA×1, GTT×1"
1211,nonsynonymous-only,0,1,29,8006,"L×6, S×4, V×4, I×3, D×2, P×2, F×1, G×1, H×1, K×1, M×1, N×1, T×1, Y×1","AAG×2071, ATA×1726, ATG×1402, ACA×463, TCA×375, AAC×269, GTT×254, TTG×237, TTA×212, GTG×183, ATT×180, CTG×108, CTC×104, GAT×70, TCT×53, TTT×47, GAC×44, CCG×42, TAT×39, ATC×36, TCG×35, CTA×27, GTC×10, CAT×8, TCC×4, GGG×3, GTA×2, CCA×1, CTT×1"
1215,nonsynonymous-only,0,1,35,7848,"A×4, S×4, P×3, T×3, V×3, C×2, E×2, L×2, Q×2, R×2, Y×2, D×1, G×1, H×1, I×1, K×1, N×1","GAA×3390, CAA×1283, AGA×697, AGC×691, AAA×361, GAG×326, ACA×291, TTG×243, ATT×104, GCA×80, TCA×71, GCG×66, GTG×49, CAT×43, TGC×43, GAT×20, ACT×10, GCT×10, CCG×9, GCC×9, GTA×8, TCG×8, AAC×5, CCA×5, CGA×4, ACG×3, CCT×3, CTG×3, GTT×3, TAC×3, TAT×3, CAG×1, GGA×1, TCT×1, TGT×1"
1216,nonsynonymous-only,0,1,34,7404,"A×3, G×3, I×3, S×3, T×3, V×3, D×2, E×2, K×2, N×2, R×2, Y×2, F×1, M×1, P×1, Q×1","ATA×2095, AAA×1482, AGA×748, AAG×736, AAT×522, AAC×326, GCA×276, GAA×272, ATT×249, GTT×158, GGA×74, ATC×71, ACG×70, TTC×52, AGT×47, GTA×45, CAA×35, ACA×31, GAC×28, GTC×17, ACT×13, GCG×10, GGT×9, TAT×9, GAT×7, AGG×6, GGC×3, TCT×3, AGC×2, CCA×2, GAG×2, TAC×2, ATG×1, GCT×1"
1217,nonsynonymous-only,0,1,33,6989,"A×3, S×3, T×3, D×2, E×2, G×2, I×2, K×2, L×2, N×2, R×2, Y×2, C×1, F×1, H×1, M×1, P×1, V×1","AAG×2150, TCA×1166, ACA×585, AAA×543, AGA×468, ATG×415, GGA×385, GAC×165, AAT×159, AGC×131, ATT×127, GAA×114, CCA×79, AAC×78, TAC×70, GTC×59, AGT×50, GAT×50, TGT×39, GCA×32, ACG×29, CAT×19, TAT×17, GCT×11, GGT×10, GCG×9, TTT×8, ACT×6, TTG×6, ATC×5, CGA×2, CTG×1, GAG×1"
1218,nonsynonymous-only,0,1,19,2791,"S×3, T×3, I×2, L×2, P×2, A×1, E×1, H×1, M×1, N×1, R×1, V×1","ATC×1471, ACC×595, CCA×362, ACA×73, CGT×70, AAT×62, AGT×52, GTT×28, CCG×21, CAT×14, CTA×13, TTA×10, ATG×6, AGC×5, GCT×4, TCA×2, ACT×1, ATT×1, GAG×1"
1219,nonsynonymous-only,0,1,20,2891,"P×3, S×3, A×2, F×2, H×2, Q×2, C×1, D×1, L×1, N×1, V×1, Y×1","GCT×1626, CCA×425, GTT×424, CAG×82, CAT×68, CAA×55, TTC×54, TCC×52, GAT×21, TGT×20, GCC×16, CCT×14, TCG×13, TAC×5, CAC×4, TTT×4, AAT×3, AGC×2, CTT×2, CCG×1"
1220,nonsynonymous-only,0,1,3,2464,"H×1, M×1, T×1","ATG×2454, ACA×6, CAT×4"
1221,nonsynonymous-only,0,1,4,2460,"C×2, E×1, W×1","TGC×2071, GAA×383, TGG×5, TGT×1"
1224,nonsynonymous-only,0,1,4,2468,"I×2, K×1, L×1","TTG×2071, ATT×389, AAA×4, ATA×4"
1225,nonsynonymous-only,0,1,5,2085,"D×1, F×1, I×1, P×1, V×1","GTT×2068, TTC×6, ATA×4, CCT×4, GAT×3"
1226,nonsynonymous-only,0,1,3,2085,"F×1, H×1, L×1","CAT×2077, TTA×4, TTC×4"
1227,nonsynonymous-only,0,1,7,2174,"L×2, S×2, E×1, G×1, K×1","TTG×2071, TCA×58, TCG×34, GAG×4, GGG×4, AAG×2, TTA×1"
1228,nonsynonymous-only,0,1,24,3655,"L×4, G×3, R×3, E×2, I×2, N×2, S×2, D×1, F×1, H×1, K×1, Q×1, T×1","CAC×2064, GGC×367, TTG×312, ATC×246, GAG×135, CTC×104, TTA×90, TTC×83, GAC×44, GGG×36, CAA×35, CTT×34, GGT×25, AAT×16, TCA×16, CGG×15, CGC×7, AGC×6, AAG×5, AGG×5, GAA×4, ACA×3, AAC×2, ATA×1"
1229,nonsynonymous-only,0,1,7,370,"K×2, N×2, R×1, S×1, Y×1","AAA×182, AAC×86, AAT×43, TAC×29, AGA×15, AGC×11, AAG×4"
1230,nonsynonymous-only,0,1,15,315,"R×3, K×2, L×2, N×2, A×1, E×1, F×1, G×1, S×1, Y×1","CTC×135, GCC×43, TAC×36, AGG×32, AAG×28, AGA×11, TTA×6, GAG×5, TTC×5, AAC×4, AGT×4, AAT×2, CGC×2, AAA×1, GGA×1"
1231,nonsynonymous-only,0,1,12,326,"H×2, S×2, Y×2, C×1, F×1, I×1, L×1, N×1, R×1","CGT×139, CAC×48, CTT×43, TAT×41, TAC×36, AGC×6, TCC×4, AAC×3, TGC×2, TTC×2, ATC×1, CAT×1"
1232,nonsynonymous-only,0,1,8,290,"A×1, D×1, G×1, I×1, L×1, N×1, S×1, T×1","CTT×137, GCT×48, ACT×46, ATT×44, AAC×6, GAC×6, GGT×2, AGT×1"
1233,nonsynonymous-only,0,1,5,194,"I×1, L×1, M×1, R×1, S×1","AGA×140, ATA×46, TCG×4, ATG×2, TTG×2"
1234,nonsynonymous-only,0,1,9,203,"A×2, L×2, V×2, I×1, S×1, T×1","ACT×137, TTA×46, TCA×6, GTG×4, ATT×3, CTG×2, GCA×2, GTA×2, GCG×1"
1235,nonsynonymous-only,0,1,6,195,"I×2, K×1, L×1, M×1, Q×1","CTA×137, ATG×46, CAA×6, ATA×3, AAG×2, ATT×1"
1236,nonsynonymous-only,0,1,2,46,"L×1, S×1","TTA×38, TCA×8"
1237,nonsynonymous-only,0,1,9,2174,"K×2, A×1, D×1, E×1, G×1, R×1, S×1, Y×1","GAC×2069, GCT×34, AGG×29, AGC×16, GGG×16, AAA×3, AAG×3, GAG×2, TAC×2"
1238,nonsynonymous-only,0,1,16,2980,"L×3, A×2, K×2, R×2, H×1, I×1, Q×1, S×1, T×1, V×1, W×1","GCC×2071, AGA×365, AGG×227, GTA×137, TTG×62, ACA×27, ATA×21, CAA×20, CTT×16, TGG×16, GCA×6, CAT×4, TCT×3, AAA×2, TTA×2, AAG×1"
1239,nonsynonymous-only,0,1,28,5604,"L×4, R×3, T×3, E×2, G×2, H×2, I×2, K×2, N×2, Q×2, M×1, P×1, S×1, V×1","TTA×2225, AAG×1687, AAA×742, ATG×288, AGA×180, ATA×78, CAA×53, ATC×47, ACA×44, ACG×41, GAA×32, GTA×30, CAC×27, AGG×25, AAC×21, GGA×16, CAT×14, CTA×12, CCA×9, GAG×9, AAT×6, AGT×6, CTG×6, GGT×2, ACC×1, CAG×1, CGG×1, TTG×1"
1240,nonsynonymous-only,0,1,26,6411,"I×3, S×3, T×3, K×2, L×2, N×2, R×2, C×1, D×1, E×1, G×1, H×1, P×1, Q×1, V×1, Y×1","AAG×2288, AAC×1174, AAA×953, AAT×631, ATT×395, TCG×348, ATA×128, AGA×76, GAA×70, CTG×47, ATC×43, AGG×40, AGT×37, GAT×35, TAT×34, GTG×30, ACA×29, TTG×13, GGC×9, ACG×7, TGT×6, AGC×5, CAG×4, CAT×4, CCT×3, ACT×2"
1241,nonsynonymous-only,0,1,31,6291,"S×5, V×3, C×2, D×2, G×2, K×2, N×2, T×2, Y×2, A×1, E×1, F×1, H×1, I×1, L×1, M×1, P×1, W×1","GAT×2172, CTT×911, GGC×864, GCC×459, TAT×378, TGG×183, ATT×178, AAC×165, AAA×148, ATG×137, TGT×103, ACT×102, TCT×70, AGT×67, AAT×53, TAC×50, GAA×48, CAT×46, TCA×29, AGC×26, TGC×24, TTT×19, GTA×18, GGT×15, GTT×9, AAG×7, GTC×4, ACG×3, CCT×1, GAC×1, TCG×1"
1242,nonsynonymous-only,0,1,33,6345,"L×5, S×4, I×3, T×3, C×2, F×2, K×2, N×2, Y×2, A×1, D×1, G×1, H×1, P×1, R×1, V×1, W×1","TAC×2100, TTT×906, ATT×627, AGA×529, TTC×457, TCT×411, TAT×232, AGT×227, ATC×211, GCT×155, TTG×95, CTT×93, ACT×63, TGT×45, CAC×34, ACG×29, AAT×28, ACC×19, TTA×18, GTA×14, AAA×11, TGC×8, CCA×6, TCA×6, CTA×5, CTC×5, GAT×4, AAG×2, AAC×1, ATA×1, GGT×1, TCG×1, TGG×1"
1243,nonsynonymous-only,0,1,27,5898,"L×5, V×3, F×2, K×2, N×2, R×2, S×2, Y×2, C×1, G×1, H×1, I×1, M×1, Q×1, W×1","TTA×2777, TCA×641, CAG×527, TAT×418, TTT×398, TTC×272, GTT×183, TGT×142, ATG×133, ATA×92, TGG×63, TTG×63, CTC×45, TAC×33, CTT×30, AAC×23, AGA×14, AAT×10, AAG×9, CGA×6, TCC×6, GTA×5, GGG×3, AAA×2, CAC×1, CTA×1, GTC×1"
1244,nonsynonymous-only,0,1,32,6121,"L×5, R×3, S×3, E×2, F×2, G×2, I×2, K×2, N×2, T×2, A×1, C×1, H×1, M×1, P×1, Q×1, Y×1","GAG×3031, TTG×488, CGT×432, AGG×349, AAG×255, AAT×251, ATC×244, AAA×196, CAA×191, AGA×185, AAC×157, AGC×101, TGT×56, GAA×41, CAT×35, CTC×29, GCG×20, CTA×7, CTG×7, TCC×6, TTC×6, ATA×5, TAC×5, ACT×4, AGT×4, ACA×3, CCT×3, CTT×3, GGA×3, ATG×2, GGG×1, TTT×1"
1245,nonsynonymous-only,0,1,25,5927,"S×4, E×2, F×2, K×2, L×2, Q×2, R×2, V×2, A×1, C×1, I×1, M×1, N×1, T×1, W×1","AAT×2092, AAG×1106, TTT×455, GAG×411, AGA×351, AAA×346, GAA×329, AGG×182, CTG×154, GTA×135, TCG×104, TTG×85, TGG×49, GCA×30, TGT×24, AGT×21, ATG×19, ACG×8, TCT×8, ATA×5, TCA×5, CAA×3, CAG×3, GTG×1, TTC×1"
1246,nonsynonymous-only,0,1,33,6471,"R×4, V×4, G×3, I×3, A×2, D×2, E×2, K×2, L×2, S×2, F×1, M×1, N×1, P×1, T×1, W×1, Y×1","GGC×1799, GGA×1027, GCT×538, ATC×418, ATA×379, AAA×304, GTA×295, AGC×262, TTA×228, GAA×222, ATT×189, GTC×156, AGA×152, ATG×144, GAG×79, AGG×66, CGA×42, GTT×40, GAT×35, TTC×16, TGG×14, AAG×13, ACA×12, GGT×11, GCA×9, CTA×6, AAT×5, CGG×3, GTG×2, TAC×2, CCA×1, GAC×1, TCT×1"
1247,nonsynonymous-only,0,1,29,4015,"L×5, S×4, R×3, F×2, I×2, Q×2, T×2, Y×2, C×1, E×1, H×1, K×1, P×1, V×1, W×1","CGC×2071, TAC×339, TCG×267, AAA×228, TAT×197, TCT×191, TTG×172, TTA×95, TCA×80, TTC×74, GTA×70, TTT×36, ATT×32, CTG×29, CTT×29, TCC×22, CAT×20, ACT×19, CAA×15, TGG×6, CAG×5, ACA×4, GAA×3, TGC×3, AGG×2, CCA×2, CTA×2, ATA×1, CGG×1"
1248,nonsynonymous-only,0,1,37,5113,"S×5, L×4, T×4, G×3, I×3, R×3, E×2, F×2, H×2, V×2, Y×2, A×1, C×1, K×1, N×1, W×1","GCG×2086, TTT×1123, ATC×563, AAA×164, TCT×159, TAC×153, AAC×121, CTC×73, TCA×69, ATT×64, TTC×61, GAA×50, TCG×44, TGG×44, GTG×39, TAT×35, ACA×31, ATA×31, GAG×26, CAC×24, CAT×23, GGT×21, AGC×19, ACC×16, GGA×16, CTT×13, TGT×11, TTG×7, AGG×6, GGG×5, TCC×5, CGG×4, ACG×3, ACT×1, CGT×1, CTA×1, GTA×1"
1249,nonsynonymous-only,0,1,25,3761,"L×5, H×2, I×2, K×2, Q×2, R×2, T×2, Y×2, D×1, E×1, M×1, N×1, P×1, S×1","CTA×2158, CTG×317, CAC×246, AAA×201, GAC×104, CAT×91, ATA×88, CCA×80, GAA×70, ACC×66, TTG×59, AAG×54, CAA×38, CAG×35, TTA×35, ATC×22, CGT×20, TAC×18, AGA×15, ATG×15, TAT×10, AGT×9, ACA×4, CTT×4, AAT×2"
1250,nonsynonymous-only,0,1,24,2943,"R×4, G×2, I×2, K×2, L×2, N×2, S×2, A×1, D×1, E×1, H×1, P×1, T×1, V×1, W×1","TTA×2059, ACT×226, AAT×159, AGG×114, ATA×76, TCG×70, AGA×47, GAA×40, AAG×24, AAA×22, GTT×22, CAT×20, GAT×17, CTA×14, GCT×10, CCG×5, CGG×4, CGT×3, TGG×3, AAC×2, AGT×2, GGT×2, ATT×1, GGC×1"
1251,nonsynonymous-only,0,1,23,3212,"L×4, A×2, K×2, Q×2, R×2, S×2, T×2, V×2, G×1, I×1, M×1, P×1, W×1","ATG×2122, TGG×213, GCA×154, CTA×142, CAA×103, ATA×90, CAG×88, TTG×52, TCA×43, GTA×42, AAG×30, TCG×24, GGG×22, GTT×20, AAA×17, ACA×14, AGG×13, AGA×9, CCA×4, ACG×3, CTG×3, GCC×3, TTA×1"
1252,nonsynonymous-only,0,1,20,5041,"L×3, T×3, A×2, I×2, K×2, S×2, V×2, F×1, M×1, N×1, R×1","ACA×2114, ATA×1251, ATG×556, AAA×245, TTA×163, ACG×158, ACT×133, ATC×121, GCG×73, GTG×46, AGA×43, AAG×36, GTA×29, TTT×22, CTA×19, CTT×14, TCC×8, AAT×7, TCA×2, GCA×1"
1253,nonsynonymous-only,0,1,27,4929,"L×5, R×3, E×2, K×2, N×2, P×2, Q×2, V×2, A×1, H×1, I×1, S×1, T×1, W×1, Y×1","AAA×2809, AGG×1125, CAA×201, TAC×159, CCC×104, AGA×90, AAG×70, TGG×67, ATA×55, GTG×55, AAT×31, GAA×29, ACA×23, CAC×22, TTG×16, CGA×14, CCA×12, CTA×10, CAG×9, TTA×9, AAC×8, CTC×3, GCG×3, GAG×2, AGT×1, CTT×1, GTA×1"
1254,nonsynonymous-only,0,1,14,568,"T×4, F×2, I×2, A×1, N×1, Q×1, V×1, W×1, Y×1","ACC×134, TTT×131, ACG×104, TAC×67, TTC×41, GCT×33, ATT×19, AAC×17, ATC×11, ACT×4, ACA×3, GTT×2, CAA×1, TGG×1"
1255,nonsynonymous-only,0,1,6,130,"R×2, H×1, I×1, K×1, Y×1","ATA×88, AAA×24, CAC×15, AGA×1, AGG×1, TAC×1"
1256,nonsynonymous-only,0,1,3,26,"H×2, S×1","CAT×16, CAC×9, TCC×1"
1257,nonsynonymous-only,0,1,4,130,"F×1, L×1, Q×1, S×1","TTT×104, CAG×24, CTG×1, TCT×1"
1258,nonsynonymous-only,0,1,6,288,"G×1, L×1, P×1, R×1, S×1, T×1","CCA×88, TCA×87, AGA×73, TTA×28, ACA×9, GGA×3"
1260,nonsynonymous-only,0,1,18,747,"T×3, I×2, N×2, R×2, V×2, A×1, E×1, F×1, K×1, L×1, P×1, S×1","TCC×259, ATT×156, AAC×138, AAA×63, ATC×47, ACC×30, GTT×18, AAT×9, CCA×6, CGA×6, ACT×4, GAA×3, GTC×2, TTC×2, ACA×1, AGA×1, CTG×1, GCA×1"
1261,nonsynonymous-only,0,1,14,662,"L×3, S×3, C×1, D×1, F×1, G×1, N×1, T×1, V×1, Y×1","TTT×259, GAT×142, TGT×69, CTT×56, TCT×52, AAT×51, ACA×11, AGT×6, TCA×6, TTA×4, GGT×2, TAT×2, CTA×1, GTA×1"
1262,nonsynonymous-only,0,1,9,954,"S×3, R×2, C×1, G×1, W×1, Y×1","TGG×588, TAT×154, CGG×114, TCT×55, TGC×18, TCA×13, AGG×6, AGT×4, GGG×2"
1263,nonsynonymous-only,0,1,16,1093,"G×2, Q×2, R×2, C×1, E×1, F×1, H×1, I×1, K×1, N×1, T×1, V×1, Y×1","GTT×489, TTT×154, ATT×137, GGA×119, GAA×56, AAA×54, CAA×34, TGT×21, AAT×6, GGT×6, CAG×4, CGT×4, TAT×4, ACT×2, AGA×2, CAT×1"
1264,nonsynonymous-only,0,1,22,4157,"L×3, R×3, E×2, K×2, S×2, T×2, C×1, D×1, F×1, G×1, P×1, Q×1, W×1, Y×1","TCA×2157, AAA×613, AAG×441, TGT×383, TGG×137, CAA×111, AGG×67, GAG×67, TTA×37, TCG×36, CCA×22, TTG×20, GGA×18, GAA×14, AGA×12, ACG×5, CTT×5, TTT×5, CGA×3, GAT×2, ACA×1, TAC×1"
1265,nonsynonymous-only,0,1,29,4885,"R×5, L×3, D×2, E×2, F×2, I×2, K×2, N×2, Q×2, C×1, G×1, H×1, M×1, S×1, T×1, Y×1","AAA×2042, AAC×548, GAA×374, AAT×357, CGT×316, CAA×300, ATG×154, TTC×135, CAT×131, CTT×128, AGA×108, GAT×68, GAC×52, TAT×42, CGA×24, TGT×21, AAG×20, GAG×19, GGC×15, ACA×11, TTT×6, ATA×3, ATC×2, CAG×2, CGG×2, TCA×2, CGC×1, CTC×1, CTG×1"
1266,nonsynonymous-only,0,1,30,6966,"L×4, R×4, G×3, I×3, P×3, V×3, Q×2, A×1, C×1, K×1, M×1, S×1, T×1, W×1, Y×1","AAA×2562, CTA×1115, ACA×1061, AGG×499, GGA×465, AGA×263, ATT×228, CAA×228, CCA×89, TGC×88, GCA×86, TAT×59, TCA×27, GGT×24, CCG×23, TGG×20, CAG×19, ATA×18, CTG×18, ATC×16, CCT×15, CGA×14, GGG×8, ATG×6, TTA×6, CGG×4, GTA×2, CTT×1, GTC×1, GTT×1"
1267,nonsynonymous-only,0,1,32,7269,"L×4, T×4, A×3, I×3, P×3, S×3, V×3, F×2, N×2, Y×2, C×1, D×1, K×1","ACA×2069, TTT×1342, ATT×676, ACT×560, GTT×416, ACG×354, CTT×345, CCT×325, TTC×235, GTA×159, CCC×147, ATA×132, CCA×88, GCT×78, TGT×70, GCA×51, ACC×48, ATC×39, CTC×26, AGC×22, TCG×21, AAT×20, TTA×18, GCG×8, TCT×8, GAT×3, AAC×2, CTA×2, GTG×2, AAA×1, TAC×1, TAT×1"
1268,nonsynonymous-only,0,1,34,7855,"L×5, S×5, P×4, G×3, C×2, F×2, I×2, N×2, T×2, Y×2, D×1, H×1, K×1, R×1, V×1","TAT×2123, TCC×2108, TGT×887, TTT×650, CAT×470, CCT×465, TCA×163, TGC×138, CCC×110, TCT×93, AAT×92, ACT×89, ACC×70, GGT×60, GGC×54, ATT×44, AGT×40, AAC×34, TTC×28, CCA×20, TCG×18, ATA×17, CCG×16, GAT×12, CGT×11, CTT×11, CTG×6, TTA×6, TTG×6, GGA×5, GTT×4, AAA×2, CTA×2, TAC×1"
1269,nonsynonymous-only,0,1,30,7867,"L×4, R×4, T×4, V×3, C×2, D×2, F×2, I×2, S×2, Y×2, H×1, N×1, P×1","TTT×2863, GTA×2082, CTT×662, TAT×639, ATT×489, GAT×246, ACC×139, CGT×136, TGT×118, GTT×71, TTC×66, AAT×58, ACT×53, TTG×31, ACG×30, TCT×27, CAT×23, CGA×23, AGA×22, CGC×21, ACA×17, TCA×14, CCT×7, CTC×7, GTC×7, TAC×7, ATC×4, GAC×2, TGC×2, TTA×1"
1270,nonsynonymous-only,0,1,33,7369,"R×4, S×4, L×3, C×2, F×2, H×2, I×2, K×2, P×2, Q×2, Y×2, A×1, D×1, E×1, N×1, V×1, W×1","TGT×2268, AAG×1096, TAC×773, TAT×520, TTC×408, CGT×359, AAA×319, TGG×258, CAC×212, ATC×202, ATT×183, TCG×148, CGA×106, TTA×102, TTT×83, GAG×61, AGA×57, CCC×55, TGC×35, CGC×25, CTC×22, CAG×19, TCA×12, CAT×9, CCA×8, GCA×7, CAA×6, TCT×6, TTG×5, GTC×2, AAC×1, GAC×1, TCC×1"
1271,nonsynonymous-only,0,1,42,7488,"L×6, S×5, T×4, I×3, R×3, V×3, F×2, G×2, N×2, P×2, Q×2, A×1, C×1, D×1, H×1, K×1, M×1, W×1, Y×1","CTT×2242, TTC×1623, AAA×553, AGA×504, CAA×475, CGT×321, TAT×259, CTA×251, CAG×185, TTA×158, GGA×154, TCA×151, TTT×100, CCA×88, TCG×71, AAC×68, GTA×52, CGA×41, ACG×39, ATA×20, ATT×16, GTT×13, ACT×11, GGT×11, GTC×10, CTG×9, ACC×8, AGT×8, CTC×8, ATC×6, TCC×6, TTG×6, ATG×4, CAC×4, TCT×3, CCC×2, GCC×2, TGG×2, AAT×1, ACA×1, GAT×1, TGT×1"
1272,nonsynonymous-only,0,1,25,2096,"R×6, A×2, D×2, E×2, S×2, T×2, C×1, F×1, I×1, L×1, N×1, P×1, V×1, W×1, Y×1","GAA×642, AAT×528, ACT×195, ACC×159, TTC×104, TAC×98, GAT×54, AGT×50, TGT×44, CGT×43, CCC×36, GAG×36, TCG×22, GAC×20, AGG×16, CGC×15, CGA×11, TGG×10, GCG×5, AGA×2, CTC×2, ATA×1, CGG×1, GCA×1, GTG×1"
1273,nonsynonymous-only,0,1,24,1370,"G×3, S×3, F×2, I×2, K×2, N×2, R×2, T×2, Y×2, A×1, C×1, Q×1, W×1","TAT×462, GGT×230, TCT×177, TGT×144, AGT×93, CAA×48, TAC×44, ATT×42, GCT×36, AAC×16, TTC×16, GGC×14, TGG×12, CGG×11, TTT×6, ATA×4, ACT×3, AAA×2, AAT×2, ACA×2, GGA×2, TCG×2, AAG×1, AGG×1"
1274,nonsynonymous-only,0,1,17,1107,"A×2, I×2, S×2, T×2, V×2, F×1, K×1, M×1, N×1, Q×1, R×1, W×1","TGG×528, GTC×198, ATC×170, ATG×50, AAC×36, ATA×31, ACG×22, CAG×22, GCC×16, TCC×14, ACA×10, AGG×2, GTG×2, TCG×2, TTT×2, AAG×1, GCA×1"
1275,nonsynonymous-only,0,1,9,906,"S×2, A×1, E×1, K×1, L×1, Q×1, T×1, Y×1","TAC×528, GAA×158, GCC×71, ACC×43, AGC×36, TTG×31, AAA×22, TCG×15, CAG×2"
1276,nonsynonymous-only,0,1,6,177,"V×2, E×1, I×1, L×1, Q×1","TTG×71, GTC×43, GAA×36, CAG×22, ATC×4, GTT×1"
1278,nonsynonymous-only,0,1,6,437,"T×3, H×1, K×1, S×1","ACG×379, CAT×36, ACA×15, TCT×5, AAG×1, ACT×1"
1279,nonsynonymous-only,0,1,8,1085,"H×2, D×1, I×1, M×1, N×1, T×1, Y×1","ATG×528, TAT×348, ACA×154, CAT×43, AAT×5, CAC×4, ATT×2, GAT×1"
1280,nonsynonymous-only,0,1,21,1668,"A×3, L×3, S×3, D×2, N×2, T×2, F×1, G×1, H×1, K×1, Q×1, R×1","TTC×524, GAT×383, TTA×354, GCT×154, ACA×96, GCA×70, CAT×24, AGC×17, AAA×13, AAC×6, GAC×5, GCG×5, CAG×4, TCC×4, AAT×2, CGG×2, ACG×1, CTA×1, CTT×1, GGA×1, TCT×1"
1281,nonsynonymous-only,0,1,30,3704,"L×6, R×4, P×3, F×2, I×2, K×2, Q×2, S×2, Y×2, A×1, C×1, E×1, H×1, V×1","TCA×2088, CGA×550, CTA×447, GTA×154, TTG×73, CAG×55, CTC×52, TTA×46, AAA×40, ATA×36, CAA×29, CCG×25, TAC×19, CTT×18, AGA×14, CCA×12, TCC×10, CGG×8, ATT×5, CCC×5, TTT×4, TGC×3, CAT×2, GAA×2, TAT×2, AAG×1, CGC×1, CTG×1, GCA×1, TTC×1"
1282,nonsynonymous-only,0,1,42,4193,"S×5, L×4, R×4, A×3, V×3, E×2, F×2, G×2, H×2, I×2, K×2, N×2, P×2, T×2, C×1, M×1, Q×1, W×1, Y×1","TCA×2071, AGT×501, TGG×352, AGA×193, AAA×177, AAT×154, AGG×139, TTA×71, TAT×61, ATA×40, TGT×40, ATC×34, CCA×32, ATG×31, CTC×31, GAA×31, GGT×28, GAG×25, CGT×23, TCT×19, CGA×17, TTT×17, AAG×14, CAC×13, CCT×13, CTG×10, TTC×10, GTA×8, GGA×7, ACA×4, GTT×4, TTG×4, ACC×3, CAA×3, CAT×3, AAC×2, GCA×2, TCC×2, AGC×1, GCC×1, GCG×1, GTG×1"
1283,nonsynonymous-only,0,1,17,5299,"I×2, K×2, N×2, R×2, A×1, E×1, G×1, H×1, Q×1, T×1, V×1, W×1, Y×1","TGG×2113, AAA×1832, CAA×573, AAG×460, AAC×88, GAA×73, ACA×67, ATA×33, GTA×20, AGA×14, AAT×10, CAC×5, GGG×5, CGG×2, GCA×2, ATC×1, TAC×1"
1284,nonsynonymous-only,0,1,30,3199,"R×4, S×4, T×4, F×2, I×2, K×2, Q×2, V×2, A×1, C×1, D×1, L×1, M×1, P×1, W×1, Y×1","TTT×1098, GAC×528, ATG×352, AAA×331, GTC×148, AAG×144, TTC×118, CAA×81, ACA×78, CGA×64, AGG×44, TCA×37, AGT×30, CAG×22, TCG×19, ACG×18, TGG×15, ACT×12, TCT×11, TAC×10, AGA×8, ATT×7, ATC×6, GCG×6, TGC×5, ACC×2, GTG×2, CCG×1, CGC×1, CTG×1"
1285,nonsynonymous-only,0,1,34,5546,"A×4, L×4, R×3, T×3, V×3, C×2, F×2, G×2, I×2, S×2, D×1, E×1, H×1, M×1, N×1, P×1, Y×1","ACA×2072, ACC×1093, ATT×946, GAC×361, ATG×164, CTT×154, AAT×132, CGT×124, ATA×89, GCC×51, TTT×50, CCC×47, GTT×32, GGA×31, CTA×30, GAA×27, GTG×24, CAT×17, GCG×17, TTG×16, GCA×14, ACT×12, GCT×10, TAT×9, AGT×6, TCC×3, TGT×3, TTA×3, GGG×2, GTA×2, TGC×2, AGA×1, AGG×1, TTC×1"
1286,nonsynonymous-only,0,1,42,5513,"L×5, G×4, R×4, T×4, A×3, S×3, D×2, F×2, H×2, I×2, K×2, N×2, V×2, Y×2, E×1, M×1, W×1","AAT×2089, TAT×1178, TAC×686, GGT×353, GAA×183, CGT×154, GCC×141, TGG×137, GAT×101, AAA×80, TTC×47, GCT×37, AAC×36, ATG×33, CAC×31, ATA×30, CAT×25, TCT×23, AGT×18, ATC×17, GGC×17, CGC×16, GTA×16, ACG×8, TCC×8, ACA×7, AAG×6, CTG×6, GGG×5, CGG×4, CTA×4, ACT×3, CTC×2, GCA×2, GGA×2, TTT×2, ACC×1, AGG×1, GAC×1, GTC×1, TTA×1, TTG×1"
1287,nonsynonymous-only,0,1,23,4749,"L×5, R×3, E×2, H×2, K×2, P×2, Q×2, Y×2, C×1, N×1, S×1","CAC×2086, CAA×1688, AAA×226, AAT×159, CTT×148, CAT×121, TCA×64, AAG×40, CGC×39, TTA×31, TAT×29, CTG×24, CAG×23, CGA×23, CTA×15, GAA×9, GAG×7, CCA×6, TAC×6, CTC×2, AGG×1, CCC×1, TGC×1"
1288,nonsynonymous-only,0,1,25,4370,"I×3, L×3, P×3, T×3, A×2, F×2, R×2, G×1, K×1, M×1, S×1, V×1, W×1, Y×1","GCC×2152, ACA×1100, CGT×528, TTC×183, ACC×98, GGG×70, TCC×53, ATC×50, ATG×42, TAT×25, TTA×16, ATA×15, CCC×11, CCA×8, ATT×3, CCT×3, TTT×3, ACG×2, CTA×2, AAA×1, AGA×1, CTC×1, GCA×1, GTC×1, TGG×1"
1289,nonsynonymous-only,0,1,20,936,"S×4, C×2, N×2, R×2, T×2, A×1, F×1, I×1, K×1, L×1, P×1, W×1, Y×1","TCT×289, TCC×271, TGT×154, ACT×70, AAA×33, AAC×25, TTC×23, CTT×16, ATC×13, CCA×10, ACA×9, TGG×7, TGC×4, AGG×3, AAT×2, CGG×2, TCA×2, AGC×1, GCA×1, TAC×1"
1290,nonsynonymous-only,0,1,4,24,"G×1, K×1, P×1, R×1","CCA×16, AAA×6, AGA×1, GGG×1"
1291,nonsynonymous-only,0,1,4,23,"N×2, D×1, Y×1","AAT×16, GAT×5, AAC×1, TAT×1"
1292,nonsynonymous-only,0,1,4,23,"F×1, H×1, P×1, S×1","CCT×16, TTT×5, CAC×1, TCT×1"
1293,nonsynonymous-only,0,1,4,23,"A×1, N×1, T×1, Y×1","ACC×16, GCC×5, AAC×1, TAT×1"
1294,nonsynonymous-only,0,1,2,6,"I×1, S×1","ATT×5, AGT×1"
1295,nonsynonymous-only,0,1,2,2,"L×1, S×1","CTA×1, TCA×1"
1296,nonsynonymous-only,0,1,2,2,"K×1, R×1","AAA×1, AGA×1"
1297,nonsynonymous-only,0,1,2,2,"I×1, S×1","ATT×1, TCT×1"
1298,nonsynonymous-only,0,1,2,2,"F×1, I×1","ATT×1, TTC×1"
1299,nonsynonymous-only,0,1,2,2,"G×1, N×1","AAT×1, GGC×1"
1300,nonsynonymous-only,0,1,2,2,"P×1, S×1","CCT×1, TCA×1"
1301,nonsynonymous-only,0,1,2,2,"C×1, S×1","TCA×1, TGC×1"
1302,nonsynonymous-only,0,1,2,2,"I×1, V×1","ATA×1, GTC×1"
1303,nonsynonymous-only,0,1,2,2,"I×1, T×1","ACC×1, ATT×1"
1305,nonsynonymous-only,0,1,2,2,"K×1, N×1","AAA×1, AAT×1"
1312,nonsynonymous-only,0,1,3,94,"I×1, P×1, T×1","CCT×71, ACT×22, ATC×1"
1313,nonsynonymous-only,0,1,3,95,"A×1, P×1, R×1","CGC×71, CCA×22, GCT×2"
1314,nonsynonymous-only,0,1,4,95,"C×1, L×1, S×1, Y×1","TTA×71, AGT×22, TAT×1, TGT×1"
1315,nonsynonymous-only,0,1,14,358,"L×5, V×4, I×2, Y×2, T×1","CTT×154, CTA×76, TAC×32, GTA×24, ACG×16, GTG×13, TAT×11, GTT×10, GTC×7, TTG×6, ATA×4, CTG×3, ATT×1, TTA×1"
1316,nonsynonymous-only,0,1,32,3029,"S×5, G×4, T×4, R×3, C×2, D×2, H×2, N×2, V×2, Y×2, A×1, E×1, F×1, K×1","TCA×951, GGT×459, GAC×254, GGA×248, TCT×239, CGT×138, CAT×107, CAC×90, AAT×80, TAT×80, ACG×71, AGA×50, GAT×47, ACA×43, AGT×29, GCT×24, AAA×22, AAC×19, GAA×19, TTT×16, GGC×9, GTT×7, GGG×6, TAC×5, AGC×4, TCG×4, CGC×3, ACC×1, ACT×1, GTA×1, TGC×1, TGT×1"
1317,nonsynonymous-only,0,1,38,3878,"L×4, R×4, S×4, T×4, A×3, G×3, I×3, V×3, K×2, N×2, P×2, D×1, E×1, Q×1, Y×1","AGA×1104, AAA×481, AAC×364, GAA×357, TTA×345, GGA×314, CAA×141, ATT×111, GGG×89, GTT×83, TAT×74, AAT×57, CCT×56, AAG×47, ACA×47, AGT×31, ATA×24, CTC×23, GTA×19, CGT×18, ACG×14, ACC×11, GTG×10, ACT×8, CCA×8, CGA×8, TTG×7, CTT×6, GCC×6, AGG×3, GCG×3, ATC×2, TCT×2, GAC×1, GCA×1, GGT×1, TCC×1, TCG×1"
1318,nonsynonymous-only,0,1,34,6063,"G×4, P×4, R×4, L×3, S×3, T×3, C×2, D×2, I×2, F×1, H×1, K×1, N×1, Q×1, V×1, Y×1","ACA×2333, ATT×1106, ATA×389, CGA×378, CCG×297, AGT×219, TCA×210, CCT×170, GGC×116, GAT×106, TAC×101, CTT×88, TCC×84, CAT×59, GAC×51, TTA×47, GGA×44, GGG×44, ACT×36, AAT×35, CGT×34, CCA×22, ACC×20, CGC×16, CTA×14, AGA×10, CAA×10, TTT×10, AAA×8, CCC×2, GGT×1, GTT×1, TGC×1, TGT×1"
1319,nonsynonymous-only,0,1,49,6027,"L×6, S×6, A×4, P×4, T×4, V×4, I×3, R×3, F×2, K×2, N×2, Q×2, Y×2, C×1, E×1, G×1, M×1, W×1","GGG×2071, ACG×1114, GTC×330, TTG×296, AAG×246, ACC×189, ACT×174, AGC×161, TCC×137, TAT×126, CCG×118, GTA×100, TAC×90, ATT×88, ATG×78, ATC×73, TTC×71, CCA×65, GTG×50, ACA×48, AGA×46, CAA×46, GCT×45, TCG×39, GAA×34, CCC×22, TCT×22, CGA×20, AGG×16, TGG×15, TTT×15, CAG×11, AAT×9, GTT×9, TCA×8, AAA×7, CTC×7, GCA×6, GCC×4, TTA×4, CTA×3, TGT×3, AAC×2, AGT×2, CCT×2, CTT×2, ATA×1, CTG×1, GCG×1"
1320,nonsynonymous-only,0,1,43,6621,"L×5, P×4, R×4, S×4, V×4, A×3, I×3, F×2, H×2, Q×2, T×2, Y×2, D×1, E×1, G×1, K×1, M×1, N×1","ATT×2139, TAT×1312, GCT×632, CCT×496, GTT×288, CAA×243, GCC×229, TCT×153, AAT×135, TCC×114, TTG×91, CCA×81, ACT×79, CAC×71, CTT×47, CCC×45, CCG×44, TCG×41, TAC×40, GTC×37, GAT×36, TTA×35, TCA×32, CTA×24, CGT×22, TTT×20, ACA×19, AGA×18, ATG×16, GTG×15, GCA×13, TTC×11, GTA×7, ATA×6, ATC×6, CGA×6, CAG×5, GAA×5, CTC×3, CAT×2, AAA×1, AGG×1, GGA×1"
1321,nonsynonymous-only,0,1,39,6821,"R×6, S×4, I×3, P×3, A×2, D×2, E×2, H×2, K×2, L×2, N×2, Q×2, Y×2, F×1, M×1, T×1, V×1, W×1","GAA×2071, AAT×965, ATG×923, AAC×438, AAG×405, CAA×368, ATA×234, TAC×184, TGG×183, CCA×177, ATT×168, AAA×144, GAC×128, TAT×93, CAG×88, TCT×50, AGT×31, ATC×28, GCC×17, AGG×15, CAT×13, GAT×13, CCT×12, CGT×11, AGA×10, CTG×9, TCC×7, AGC×6, GAG×6, ACA×5, CAC×4, CCC×4, CGG×3, TTT×3, CGA×1, CGC×1, CTT×1, GCT×1, GTC×1"
1322,nonsynonymous-only,0,1,39,6884,"R×5, S×5, T×4, G×3, L×3, D×2, F×2, H×2, I×2, K×2, N×2, Y×2, A×1, C×1, E×1, M×1, Q×1","TAT×2431, TTT×1022, CAT×603, GAT×476, ATT×280, TCT×263, AGA×261, AAT×211, CAG×186, AAC×156, AAG×143, TAC×141, AAA×100, TTC×80, ACG×71, ACA×69, ACT×57, GAC×49, GCT×48, TCA×42, AGT×34, ATA×30, ACC×21, AGC×18, AGG×18, CTG×14, GGT×9, CGT×8, GGG×8, TCC×7, TTA×7, TGC×6, CGC×4, GGC×3, CGA×2, GAA×2, TTG×2, ATG×1, CAC×1"
1323,nonsynonymous-only,0,1,41,7071,"R×5, A×4, T×4, V×4, I×3, S×3, D×2, E×2, H×2, K×2, L×2, Q×2, C×1, F×1, G×1, N×1, W×1, Y×1","GTC×2457, CGC×1118, GTA×449, ACA×398, CAT×360, ATT×311, GAG×245, ACG×171, TGG×167, ACT×150, GCT×143, CTG×139, CAC×136, ACC×117, AAA×113, GCA×73, CAA×64, CGA×44, CGT×44, TTT×43, GTT×39, AAG×35, GAT×35, GCG×33, GAA×30, AGA×23, CAG×23, GAC×22, GTG×16, AAT×15, ATA×13, CGG×8, TCG×7, CTA×5, GCC×5, TAT×5, TCT×5, ATC×4, TCA×3, GGT×2, TGC×1"
1324,nonsynonymous-only,0,1,30,7161,"L×6, T×4, V×4, I×3, A×2, F×2, Y×2, C×1, K×1, M×1, P×1, R×1, S×1, W×1","TTA×2653, CTG×971, ATT×467, ACA×358, GTT×331, ATA×326, ACG×307, ATG×305, TTG×282, GTA×231, TTT×178, CTA×160, ATC×159, TGG×140, CTT×55, AGA×48, GTG×42, TGC×41, ACC×37, GTC×20, ACT×13, CCA×8, GCT×8, CTC×7, TAT×6, TCA×3, AAA×2, GCC×1, TAC×1, TTC×1"
1325,nonsynonymous-only,0,1,46,6801,"R×6, A×4, G×4, L×4, S×4, D×2, E×2, H×2, I×2, K×2, N×2, Q×2, T×2, V×2, Y×2, C×1, F×1, P×1, W×1","AAC×2129, TTA×1291, AAA×783, TGT×383, CAA×369, CAT×260, AGA×166, CGC×141, CAC×139, AAG×126, ATA×118, AAT×102, ACT×88, AGT×71, CCA×70, ACA×68, CAG×53, TCA×50, GAT×44, GCT×44, GAC×41, TGG×31, TCT×30, TAT×25, GCA×24, TTT×22, CTT×18, GAG×16, GAA×14, GCC×12, GGT×12, GTC×12, GGC×6, GTA×6, GCG×5, AGG×4, CGA×4, CGG×4, TAC×4, AGC×3, CGT×3, CTA×3, GGA×3, TTG×2, ATC×1, GGG×1"
1326,nonsynonymous-only,0,1,36,7505,"R×6, S×5, G×4, C×2, E×2, K×2, N×2, Q×2, Y×2, A×1, D×1, H×1, I×1, L×1, M×1, T×1, V×1, W×1","CAA×2079, AAA×1004, TGT×997, AAG×787, CGT×470, TAT×270, CAT×229, GGC×215, GAA×213, AAT×183, AGA×183, GGT×163, AGC×111, TGC×107, CGA×73, TCA×63, GAT×50, CGC×49, AGT×40, CGG×39, CAG×37, TCC×35, GAG×28, AAC×24, GCT×18, ATG×9, TCT×9, GGA×5, GGG×4, ATT×3, AGG×2, CTA×2, ACG×1, GTG×1, TAC×1, TGG×1"
1327,nonsynonymous-only,0,1,40,6379,"R×5, A×4, S×4, V×4, I×3, L×3, T×3, C×2, H×2, N×2, Y×2, D×1, F×1, G×1, K×1, Q×1, W×1","CTA×2081, ATT×1049, ATA×475, TGT×447, TCG×352, ATC×336, TGG×268, TTA×226, GTA×154, GTT×154, CGA×114, AAA×102, TTT×93, CAC×73, AGA×64, GCT×64, TAT×48, TGC×41, TAC×40, CAT×37, AAC×21, GGT×21, CGG×18, GTG×15, AAT×14, ACG×14, ACA×13, GAC×10, AGT×5, CGT×5, CTT×5, GCA×4, ACT×3, AGG×3, CAG×3, GTC×3, AGC×1, GCC×1, GCG×1, TCT×1"
1328,nonsynonymous-only,0,1,39,6291,"L×5, R×4, S×4, V×4, G×3, I×3, C×2, E×2, K×2, Q×2, T×2, A×1, F×1, H×1, M×1, N×1, Y×1","ATT×2536, CTT×876, GGC×528, GTA×448, TTG×285, TCG×246, AAG×226, ATA×148, GGT×141, GTG×76, GCT×75, CAA×58, GTC×54, AAA×51, GAG×48, GTT×48, TTA×48, TCA×45, TTT×39, TCT×38, TGT×37, ATC×35, CTA×33, TGC×33, ACT×28, GAA×28, ACC×21, AAT×13, GGA×9, CTC×8, AGT×7, CGC×7, CAC×5, AGA×3, CAG×3, CGT×3, CGA×2, ATG×1, TAT×1"
1329,nonsynonymous-only,0,1,35,6231,"R×5, G×4, A×3, I×3, D×2, E×2, K×2, N×2, Q×2, S×2, T×2, V×2, F×1, L×1, M×1, Y×1","AAA×3116, AGA×668, GAG×643, AAG×390, GAA×244, GTG×244, ACA×173, CAA×170, AGG×84, GAT×54, GGG×44, GGT×44, AAT×42, ATT×41, GCC×40, CGA×39, GGA×38, CGT×30, GCA×23, AGT×21, CAG×21, GCT×14, ATC×9, GTA×9, ATA×6, AAC×5, GGC×4, TAT×4, ACT×2, AGC×2, CTT×2, GAC×2, ATG×1, CGC×1, TTC×1"
1330,nonsynonymous-only,0,1,13,2219,"K×2, R×2, S×2, T×2, F×1, G×1, I×1, N×1, V×1","AAA×2112, AGG×35, AAG×22, AGT×17, ACA×11, GTT×5, ACT×4, ATT×4, TCA×3, AAT×2, CGT×2, GGA×1, TTT×1"
1331,nonsynonymous-only,0,1,3,56,"K×2, L×1","AAA×34, AAG×16, TTG×6"
1332,nonsynonymous-only,0,1,3,51,"E×1, F×1, Y×1","GAA×34, TAT×16, TTT×1"
1333,nonsynonymous-only,0,1,2,2,"L×1, Y×1","CTT×1, TAT×1"
1335,nonsynonymous-only,0,1,2,2,"I×1, V×1","ATA×1, GTA×1"
1345,nonsynonymous-only,0,1,5,2458,"H×2, F×1, K×1, R×1","CAT×2073, CGC×351, CAC×32, AAA×1, TTT×1"
1346,nonsynonymous-only,0,1,5,397,"R×2, E×1, P×1, W×1","AGA×379, AGG×10, TGG×5, CCT×2, GAA×1"
1347,nonsynonymous-only,0,1,38,8142,"L×5, V×4, A×3, I×3, R×3, S×3, T×3, F×2, K×2, N×2, Q×2, D×1, E×1, G×1, H×1, M×1, P×1","ATG×2548, GCA×1255, AAG×396, TTC×393, AGT×352, CAG×348, AGG×316, AAT×262, ACT×232, ACA×229, ATA×225, GTG×221, TCA×207, ATT×188, AGA×173, AAA×147, GTA×119, TTG×102, GTT×97, CTA×87, AGC×46, ATC×40, GCT×25, TTT×24, GTC×23, ACG×20, CTC×13, CAT×11, TTA×10, CGT×7, CTG×7, AAC×6, GCC×4, GAC×3, CCG×2, GAA×2, CAA×1, GGC×1"
1348,nonsynonymous-only,0,1,33,5292,"L×6, R×5, S×3, A×2, C×2, G×2, K×2, Q×2, Y×2, F×1, H×1, I×1, N×1, P×1, V×1, W×1","CGG×2015, TGG×780, CAG×383, AGA×340, TTG×262, CAA×185, AGC×161, TGT×156, TTC×156, TGC×155, AAC×137, AAG×88, CCC×82, AGG×62, TTA×51, CTA×47, TCC×44, CAT×34, CTG×23, GGC×20, ATA×19, CTC×19, TAT×19, AAA×13, CGA×11, GTC×10, CGC×8, GCC×4, CTT×2, GGG×2, TCA×2, GCT×1, TAC×1"
1349,nonsynonymous-only,0,1,9,561,"S×3, A×1, K×1, L×1, P×1, Q×1, T×1","TTA×423, CCC×44, TCC×44, AGC×43, ACA×3, AAA×1, CAA×1, GCA×1, TCA×1"
1350,nonsynonymous-only,0,1,25,1715,"R×5, G×3, D×2, E×2, I×2, K×2, N×2, S×2, C×1, L×1, T×1, V×1, Y×1","AGA×430, ACT×265, AAA×220, AAC×134, ATT×134, CTG×88, AAT×78, CGC×73, AGC×53, TAT×51, TGT×41, GAG×34, AAG×23, CGT×22, AGG×18, GGG×18, GAC×16, GAA×7, ATA×2, GGT×2, GTA×2, AGT×1, CGA×1, GAT×1, GGA×1"
1351,nonsynonymous-only,0,1,20,935,"L×3, S×3, F×2, K×2, N×2, R×2, C×1, D×1, E×1, I×1, T×1, W×1","AAA×444, TGG×118, GAT×71, TTG×70, TCT×43, TTT×42, ACT×31, AGT×22, AAT×20, TTA×16, AAG×15, GAA×15, CTT×10, AGG×5, TGT×4, AAC×3, ATT×2, TTC×2, AGA×1, TCG×1"
1352,nonsynonymous-only,0,1,18,1504,"L×3, K×2, Q×2, R×2, T×2, E×1, G×1, H×1, I×1, M×1, P×1, V×1","ATG×360, CAG×360, CAA×280, CTG×164, AAA×90, AGA×56, AAG×45, CGG×45, ACG×43, CTA×19, GAA×15, CCG×7, ACA×6, GTG×5, TTG×4, ATA×3, CAC×1, GGC×1"
1353,nonsynonymous-only,0,1,28,3578,"T×4, V×4, I×3, A×2, G×2, K×2, N×2, P×2, S×2, D×1, E×1, L×1, M×1, R×1","GTT×1107, ACT×843, ATG×406, ATA×291, GTG×235, ATT×120, ACC×75, GTC×73, GAG×62, AGG×60, AAG×58, GTA×53, CCG×41, ATC×30, AAT×28, ACG×23, AAC×12, GGG×11, GAC×9, GGC×9, GCC×8, AGC×7, ACA×6, AGT×4, AAA×3, GCA×2, CCT×1, CTT×1"
1354,nonsynonymous-only,0,1,21,2046,"L×4, S×4, E×2, C×1, F×1, G×1, H×1, I×1, K×1, Q×1, R×1, T×1, W×1, Y×1","TAC×831, TGC×339, TTC×249, TTG×187, TCA×132, CAA×79, TTA×76, AGA×42, TCC×38, CTC×18, AAA×11, TGG×11, ACC×8, GAG×6, CTG×5, GAA×4, AGC×3, CAC×3, ATT×2, GGA×1, TCG×1"
1355,nonsynonymous-only,0,1,29,1847,"L×5, R×4, I×3, P×3, T×3, N×2, Q×2, S×2, A×1, F×1, G×1, H×1, M×1","ATT×528, CAG×269, ATC×192, AAC×188, CTC×138, CAA×97, TTC×88, TTG×71, ATG×68, TCC×41, CCC×36, CTA×33, ACA×20, ACG×20, ATA×18, AAT×6, CGC×6, CAC×5, CCA×3, CGA×3, CTG×3, CTT×3, GCC×3, AGC×2, GGC×2, ACC×1, AGA×1, AGG×1, CCG×1"
1356,nonsynonymous-only,0,1,9,204,"R×2, D×1, F×1, I×1, L×1, S×1, T×1, Y×1","GAC×71, AGG×40, TTC×40, TAC×22, CTC×19, ACA×8, ATT×2, AGA×1, TCA×1"
1357,nonsynonymous-only,0,1,2,17,"N×1, T×1","ACT×16, AAT×1"
1361,nonsynonymous-only,0,1,2,2,"L×1, S×1","CTT×1, TCA×1"
1362,nonsynonymous-only,0,1,2,2,"D×1, R×1","AGA×1, GAC×1"
1363,nonsynonymous-only,0,1,2,2,"E×1, K×1","AAA×1, GAA×1"
1364,synonymous-only,1,0,2,2,N×2,"AAC×1, AAT×1"
1365,nonsynonymous-only,0,1,2,2,"K×1, N×1","AAA×1, AAC×1"
1366,nonsynonymous-only,0,1,2,2,"C×1, Y×1","TAT×1, TGT×1"
1367,nonsynonymous-only,0,1,2,2,"L×1, R×1","AGA×1, TTA×1"
1368,nonsynonymous-only,0,1,3,4,"S×2, F×1","TCC×2, TCT×1, TTC×1"
1369,nonsynonymous-only,0,1,3,4,"G×1, H×1, N×1","GGC×2, AAC×1, CAC×1"
1374,nonsynonymous-only,0,1,2,9,"E×1, G×1","GAA×8, GGA×1"
1375,nonsynonymous-only,0,1,2,12,"I×1, P×1","CCA×8, ATA×4"
1376,nonsynonymous-only,0,1,15,1161,"L×4, S×3, T×2, V×2, C×1, F×1, I×1, M×1","TTA×414, TTG×351, TCA×180, ATT×43, TCC×41, TCG×40, GTT×37, CTC×22, ATG×14, ACA×5, ACG×5, CTG×5, GTA×2, TGT×1, TTT×1"
1377,nonsynonymous-only,0,1,14,1818,"E×2, K×2, L×2, G×1, H×1, I×1, M×1, P×1, Q×1, T×1, W×1","ACA×444, AAA×396, ATA×281, CTG×228, CCA×140, GGA×104, CTA×76, GAA×43, AAG×41, CAT×37, ATG×16, GAG×8, TGG×3, CAA×1"
1378,nonsynonymous-only,0,1,4,113,"C×1, I×1, K×1, M×1","ATC×104, AAG×4, TGC×4, ATG×1"
1379,nonsynonymous-only,0,1,2,8,"H×1, L×1","CAC×4, TTG×4"
1380,nonsynonymous-only,0,1,9,208,"L×3, S×2, F×1, M×1, N×1, P×1","CTG×123, TCA×36, TTT×16, CTT×15, CCA×6, AAC×4, TCG×4, CTC×3, ATG×1"
1381,nonsynonymous-only,0,1,27,4603,"L×3, P×3, R×3, A×2, E×2, I×2, K×2, N×2, T×2, V×2, G×1, M×1, Q×1, S×1","ACA×1432, AAA×1011, CTA×624, GAA×292, ATA×193, GAG×183, CAA×161, AAG×147, TCA×108, ATG×105, GTA×92, GCA×83, AGA×35, GGA×29, AGG×23, CCA×18, GTT×16, CCG×14, ATT×9, CTT×9, CGA×5, GCG×4, TTA×4, ACG×3, AAC×1, AAT×1, CCC×1"
1382,nonsynonymous-only,0,1,21,6189,"L×4, F×2, P×2, S×2, Y×2, A×1, C×1, D×1, G×1, I×1, Q×1, R×1, V×1, W×1","TTC×2742, TTA×1149, TTG×698, TCA×456, CCA×254, TTT×209, ATT×173, TAC×120, CTA×95, GAT×88, TAT×64, CGA×44, TCC×38, CTT×24, CAA×17, GTT×10, CCC×3, TGG×2, GCT×1, GGT×1, TGT×1"
1383,nonsynonymous-only,0,1,42,8055,"L×4, P×4, R×4, S×4, T×4, V×4, G×3, I×3, A×2, H×2, K×2, D×1, E×1, F×1, M×1, N×1, Q×1","ATC×2080, CCG×1255, GTT×530, AAA×398, GCT×373, GAT×319, CTG×292, GAA×270, CTT×261, AGA×260, GTG×198, ACT×189, CAA×184, GGC×159, AAG×141, CAC×139, CAT×127, CTC×122, CCA×101, ACC×92, GGA×62, ATA×60, CGC×50, ACG×47, GTA×45, ATG×44, CCT×44, GCA×44, AAT×43, CCC×22, ATT×20, CTA×17, ACA×14, AGC×13, TCC×13, TTC×12, AGG×4, CGT×4, AGT×3, GTC×2, GGT×1, TCA×1"
1384,nonsynonymous-only,0,1,5,792,"F×2, N×1, S×1, Y×1","TTT×664, TTC×72, TAT×39, AAT×16, TCT×1"
1385,nonsynonymous-only,0,1,10,789,"S×3, H×2, C×1, F×1, I×1, R×1, T×1","CAC×272, TCT×225, CAT×216, ACA×34, ATT×16, TCG×16, TCC×5, TGT×2, TTT×2, CGA×1"
1386,nonsynonymous-only,0,1,4,53,"C×1, D×1, T×1, Y×1","GAT×34, ACT×16, TGT×2, TAC×1"
1387,nonsynonymous-only,0,1,3,53,"R×2, Y×1","TAC×50, CGC×2, CGG×1"
1388,synonymous-only,1,0,2,52,L×2,"TTG×36, TTA×16"
1389,nonsynonymous-only,0,1,3,36,"A×1, I×1, V×1","GTA×19, ATA×15, GCA×2"
1391,nonsynonymous-only,0,1,3,37,"A×2, E×1","GAG×34, GCG×2, GCA×1"
1392,nonsynonymous-only,0,1,12,8083,"H×2, K×2, Q×2, Y×2, D×1, G×1, N×1, R×1","CAC×4131, CAT×3670, CGT×183, TAT×34, AAA×20, AAG×17, GAT×16, CAG×5, AAT×2, GGA×2, TAC×2, CAA×1"
1393,nonsynonymous-only,0,1,2,7,"F×1, V×1","TTC×6, GTT×1"
1396,nonsynonymous-only,0,1,2,8,"F×1, S×1","TTT×7, TCA×1"
1397,nonsynonymous-only,0,1,5,64,"G×2, Q×1, R×1, W×1","AGG×50, TGG×7, CAA×5, GGA×1, GGC×1"
1398,nonsynonymous-only,0,1,4,68,"K×2, G×1, N×1","AAT×34, GGG×16, AAA×11, AAG×7"
1399,nonsynonymous-only,0,1,5,54,"C×1, L×1, R×1, T×1, W×1","TGG×34, TTG×16, TGC×2, ACC×1, CGA×1"
1400,nonsynonymous-only,0,1,2,2,"I×1, T×1","ACG×1, ATA×1"
1401,nonsynonymous-only,0,1,2,2,"N×1, P×1","AAC×1, CCC×1"
1402,nonsynonymous-only,0,1,2,17,"Q×1, R×1","CAA×16, CGA×1"
1403,nonsynonymous-only,0,1,2,18,"M×1, N×1","AAT×16, ATG×2"
1404,nonsynonymous-only,0,1,2,17,"Q×1, R×1","CAA×16, CGA×1"
1405,nonsynonymous-only,0,1,2,17,"S×1, Y×1","TCC×16, TAC×1"
1406,nonsynonymous-only,0,1,2,17,"I×1, N×1","AAT×16, ATA×1"
1407,nonsynonymous-only,0,1,2,19,"I×1, L×1","CTC×16, ATC×3"
1412,nonsynonymous-only,0,1,2,2,"L×1, V×1","GTT×1, TTA×1"
1414,nonsynonymous-only,0,1,2,2,"F×1, L×1","CTA×1, TTT×1"
1415,nonsynonymous-only,0,1,2,2,"D×1, H×1","CAT×1, GAT×1"
1417,nonsynonymous-only,0,1,2,2,"K×1, M×1","AAA×1, ATG×1"
1418,nonsynonymous-only,0,1,2,2,"A×1, T×1","ACA×1, GCA×1"
1419,nonsynonymous-only,0,1,2,2,"E×1, N×1","AAT×1, GAA×1"
1420,nonsynonymous-only,0,1,2,2,"A×1, T×1","ACC×1, GCC×1"
1421,nonsynonymous-only,0,1,2,2,"H×1, L×1","CAT×1, CTA×1"
1422,synonymous-only,1,0,2,2,S×2,"TCA×1, TCG×1"
1424,nonsynonymous-only,0,1,2,2,"M×1, N×1","AAT×1, ATG×1"
1426,nonsynonymous-only,0,1,2,2,"E×1, H×1","CAC×1, GAG×1"
1427,nonsynonymous-only,0,1,3,3,"H×1, L×1, R×1","CAC×1, CGC×1, CTT×1"
1428,nonsynonymous-only,0,1,3,3,"L×1, S×1, V×1","AGT×1, CTA×1, GTT×1"
1429,nonsynonymous-only,0,1,25,6579,"R×4, L×3, S×3, A×2, K×2, Q×2, V×2, C×1, F×1, G×1, H×1, P×1, W×1, Y×1","TAC×2825, TTA×755, TTC×643, TGC×610, TCA×506, CTC×382, GCA×243, GTC×113, CAG×94, TTG×94, CGG×91, CCA×89, AGG×34, GCC×25, TGG×20, AAA×12, AAG×9, CAA×8, CAC×8, TCC×8, GGC×4, AGA×2, CGA×2, GTA×1, TCG×1"
1430,nonsynonymous-only,0,1,15,8500,"G×3, V×3, D×2, E×2, A×1, I×1, M×1, S×1, T×1","GAC×3119, GCC×2524, GTC×1425, GGC×1113, ATG×88, GAA×87, GAT×57, ACC×29, GAG×19, ATC×17, GTG×16, GGA×3, GGT×1, GTT×1, TCT×1"
1431,nonsynonymous-only,0,1,13,8500,"T×3, I×2, V×2, A×1, F×1, K×1, M×1, R×1, S×1","ATA×5745, ATT×1268, ACA×694, GCT×339, ATG×142, ACT×119, AAA×103, AGA×75, GTT×7, ACG×4, TTT×2, GTA×1, TCA×1"
1432,nonsynonymous-only,0,1,8,283,"P×2, R×2, H×1, I×1, L×1, N×1","CGT×92, CGC×81, CTC×45, CCC×44, CAT×14, AAT×4, CCT×2, ATA×1"
1433,nonsynonymous-only,0,1,6,56,"L×2, H×1, M×1, S×1, T×1","TTA×44, CAC×4, CTT×4, TCG×2, ACG×1, ATG×1"
1434,nonsynonymous-only,0,1,6,279,"K×2, D×1, E×1, N×1, R×1","GAC×183, AAG×46, AAA×44, CGG×4, AAT×1, GAA×1"
1435,nonsynonymous-only,0,1,6,281,"G×1, I×1, K×1, L×1, M×1, R×1","ATA×186, ATG×44, CTG×44, AAA×4, GGG×2, CGG×1"
1436,nonsynonymous-only,0,1,4,273,"C×1, I×1, L×1, N×1","CTT×182, AAT×88, ATC×2, TGT×1"
1437,nonsynonymous-only,0,1,7,295,"L×2, R×2, F×1, M×1, Y×1","ATG×182, TTA×88, TTT×16, CGG×4, CGC×2, TAT×2, TTG×1"
1438,nonsynonymous-only,0,1,4,293,"E×1, L×1, Q×1, S×1","CAA×230, CTA×46, GAG×16, TCA×1"
1439,nonsynonymous-only,0,1,6,291,"N×2, D×1, I×1, P×1, V×1","GTA×182, AAT×88, AAC×16, CCT×2, GAC×2, ATA×1"
1440,nonsynonymous-only,0,1,4,290,"C×1, F×1, S×1, Y×1","TGC×182, TTC×46, TCA×44, TAC×18"
1441,nonsynonymous-only,0,1,5,288,"N×2, K×1, R×1, T×1","AAT×197, AAG×44, AGG×44, ACG×2, AAC×1"
1442,nonsynonymous-only,0,1,5,310,"A×1, E×1, K×1, S×1, Y×1","TAC×170, AAA×88, GCA×34, GAA×16, AGT×2"
1443,nonsynonymous-only,0,1,2,104,"N×1, R×1","AAC×88, CGT×16"
1445,nonsynonymous-only,0,1,3,52,"F×1, H×1, L×1","TTA×44, TTT×7, CAT×1"
1446,nonsynonymous-only,0,1,35,7898,"L×6, V×4, A×3, T×3, G×2, I×2, N×2, P×2, R×2, S×2, D×1, E×1, H×1, K×1, M×1, Q×1, W×1","ATG×3306, TTG×2427, ACG×728, TGG×434, AAC×191, AAT×157, GTT×111, ATT×97, ATA×62, TTA×47, CCA×44, CTA×44, TCA×38, AAG×29, ACT×23, ACA×20, GAG×19, GGG×17, GCC×16, GTG×15, CTG×14, CCC×10, CTC×9, CGC×7, GAT×7, TCG×6, GCA×3, GGT×3, GTA×3, AGG×2, CAC×2, CAG×2, GCG×2, GTC×2, CTT×1"
1448,nonsynonymous-only,0,1,27,8454,"S×6, A×4, T×4, D×2, F×2, I×2, E×1, G×1, H×1, K×1, N×1, Q×1, V×1","ACA×2780, ACG×1140, TCT×836, AGT×768, GCT×732, TCG×442, TTC×348, TCA×345, AGC×276, GGA×182, GAC×118, ACT×99, GCA×93, AAT×90, TCC×61, GCC×60, TTT×34, CAA×16, ACC×10, GAA×5, ATA×4, ATT×4, GCG×4, GTT×3, CAT×2, AAG×1, GAT×1"
1449,nonsynonymous-only,0,1,32,8454,"L×6, V×4, T×3, F×2, H×2, I×2, Q×2, S×2, Y×2, C×1, D×1, G×1, M×1, N×1, R×1, W×1","TTA×1741, TTT×1604, CAT×1231, CAC×843, TTG×388, TTC×356, TCA×352, CTA×333, ATG×303, CGT×211, ATA×178, ATT×175, CTG×158, CTT×145, GTT×110, GGA×88, TAT×49, CAA×39, TCC×36, GTA×32, ACT×16, AAT×15, GAC×14, GTG×10, CTC×8, TAC×6, ACA×5, TGT×3, GTC×2, ACG×1, CAG×1, TGG×1"
1450,nonsynonymous-only,0,1,26,8511,"L×6, V×4, A×3, C×2, S×2, T×2, D×1, I×1, K×1, M×1, N×1, P×1, R×1","TTA×5213, CTA×502, CTT×365, ATA×352, GCA×313, TTG×303, GAT×270, GTG×266, ATG×156, ACA×98, CTC×98, GTA×79, GTT×72, TGC×71, CTG×66, GCT×64, TGT×62, ACT×45, TCC×34, GCC×32, GTC×16, TCA×16, CCA×11, AAG×5, AAT×1, CGT×1"
1451,nonsynonymous-only,0,1,31,7960,"L×6, A×4, I×3, R×3, F×2, K×2, S×2, T×2, V×2, Y×2, M×1, N×1, Q×1","TTA×2338, ATT×1987, TTC×571, ATC×486, ATG×417, GCA×350, ACG×305, TTT×251, GCT×154, TAC×150, CGA×137, ATA×130, CTC×103, TTG×97, GCC×75, CTT×74, TAT×73, GTG×49, AAA×38, AGA×38, AAG×32, GCG×28, AAT×22, GTT×18, CGT×13, CAA×6, CTA×6, TCA×5, CTG×3, TCG×3, ACA×1"
1452,nonsynonymous-only,0,1,33,7957,"L×4, R×4, S×3, A×2, D×2, E×2, H×2, I×2, K×2, N×2, Q×2, F×1, G×1, M×1, T×1, V×1, Y×1","AAT×2162, GAA×2141, TAT×729, GAG×580, TTA×352, GCC×215, CAA×212, AGA×211, GCT×179, AGT×178, TCA×165, GGA×163, CTA×134, AAA×120, ATT×80, CAG×67, CAC×46, ATA×36, TTT×32, GAT×30, CTT×25, AAC×23, CTC×19, CGA×12, AAG×10, CGG×10, ATG×7, AGG×5, TCT×5, GTA×4, CAT×2, GAC×2, ACG×1"
1453,nonsynonymous-only,0,1,3,40,"D×1, E×1, N×1","GAA×33, AAC×4, GAC×3"
1460,nonsynonymous-only,0,1,2,35,"L×1, V×1","CTA×33, GTA×2"
1461,nonsynonymous-only,0,1,3,51,"C×1, K×1, Q×1","AAG×33, CAA×16, TGC×2"
1462,nonsynonymous-only,0,1,3,55,"D×1, H×1, Y×1","TAC×33, CAC×20, GAT×2"
1463,nonsynonymous-only,0,1,2,22,"E×1, H×1","GAA×18, CAC×4"
1464,nonsynonymous-only,0,1,3,24,"L×2, V×1","TTG×16, CTA×4, GTA×4"
1465,nonsynonymous-only,0,1,26,6997,"L×4, S×3, K×2, P×2, Q×2, R×2, V×2, A×1, E×1, F×1, G×1, I×1, M×1, T×1, W×1, Y×1","ATG×2107, CAG×2068, TTG×464, CTG×460, GTG×448, TTA×270, AAG×251, ATA×225, TGG×163, TAT×159, ACG×152, GTA×71, AAA×33, AGA×21, GCG×21, TCA×18, TTT×15, TCG×13, CCG×11, GAG×7, CTA×6, CGG×4, CAA×3, CCA×3, TCC×3, GGG×1"
1466,nonsynonymous-only,0,1,31,7304,"A×4, T×4, V×4, G×3, I×3, E×2, K×2, L×2, Q×2, R×2, D×1, M×1, N×1","GCG×2185, GAG×1521, ATA×694, GTG×397, GAC×351, AGG×311, CAG×305, GAA×179, AAG×167, GGG×164, AAA×158, ACA×129, GTT×111, GCT×97, GTA×93, ATG×92, CTT×71, ATC×60, ACG×49, AGA×42, GCA×42, GTC×23, ACT×15, ACC×12, GGT×12, CAA×9, GGA×6, ATT×5, TTG×2, AAT×1, GCC×1"
1467,nonsynonymous-only,0,1,4,683,"G×1, K×1, M×1, T×1","ATG×467, GGA×154, ACG×61, AAA×1"
1469,nonsynonymous-only,0,1,7,136,"L×2, F×1, H×1, I×1, N×1, T×1","AAC×41, ATC×41, TTC×33, CTC×16, ACC×2, TTG×2, CAT×1"
1470,nonsynonymous-only,0,1,35,5770,"L×5, S×4, P×3, V×3, F×2, I×2, K×2, Q×2, R×2, T×2, Y×2, C×1, E×1, H×1, M×1, N×1, W×1","CCG×2070, CAA×1270, AGA×351, AAG×305, CAG×242, AAA×208, TCA×155, CTG×145, CTA×122, ACA×115, TTG×99, GTG×98, TAC×81, AAT×68, ATG×63, CAT×51, ATA×50, CTT×40, TCG×40, CCT×37, TTA×35, TGC×30, TAT×27, TCT×13, TGG×10, ATT×8, TTT×8, GTA×7, TCC×7, TTC×5, CCA×3, CGA×2, GAG×2, GTT×2, ACC×1"
1471,nonsynonymous-only,0,1,36,7016,"R×6, L×5, T×4, V×4, A×3, I×3, H×2, K×2, Q×2, D×1, M×1, N×1, P×1, S×1","ATA×3265, ACA×1178, ATT×642, GTC×529, ATC×366, ATG×246, CTA×155, CTG×93, ACC×73, GTA×72, CAA×61, AAG×46, AGA×35, CCA×30, CTC×29, CAC×24, CGC×20, AAC×18, CGA×17, CTT×17, GCA×15, TCA×15, AAA×12, CAT×10, CAG×9, GCG×8, ACT×6, GAT×6, ACG×5, CGG×4, GTT×3, GCT×2, GTG×2, AGG×1, CGT×1, TTA×1"
1473,nonsynonymous-only,0,1,11,327,"R×2, V×2, G×1, H×1, K×1, L×1, M×1, S×1, W×1","TGG×127, ATG×71, AAG×43, CAC×36, GTG×19, TCC×14, CGC×8, GTA×5, AGG×2, CTC×1, GGA×1"
1474,nonsynonymous-only,0,1,6,234,"K×2, Q×2, R×1, T×1","AAG×183, CAA×14, AGG×12, ACG×11, AAA×9, CAG×5"
1475,nonsynonymous-only,0,1,5,104,"G×1, K×1, M×1, N×1, S×1","TCG×88, ATG×9, AAG×5, AAT×1, GGA×1"
1476,nonsynonymous-only,0,1,6,226,"A×1, E×1, I×1, M×1, R×1, S×1","ATG×88, GCA×75, TCA×52, GAG×9, ATC×1, CGC×1"
1477,nonsynonymous-only,0,1,2,98,"I×1, M×1","ATG×89, ATA×9"
1478,nonsynonymous-only,0,1,4,180,"L×2, F×1, S×1","TTC×127, TTG×44, TTA×8, TCT×1"
1490,nonsynonymous-only,0,1,2,34,"L×1, W×1","TTA×33, TGG×1"
1491,nonsynonymous-only,0,1,4,52,"E×2, I×1, V×1","GAA×33, ATT×16, GTA×2, GAG×1"
1492,nonsynonymous-only,0,1,8,153,"Q×2, C×1, E×1, F×1, G×1, V×1, Y×1","GTT×71, GAA×33, TTC×22, GGC×16, CAG×8, CAA×1, TAC×1, TGC×1"
1493,nonsynonymous-only,0,1,10,257,"L×3, S×3, I×1, P×1, T×1, W×1","CCA×140, TCT×71, ATC×22, TGG×9, TTA×9, CTG×2, ACA×1, CTT×1, TCA×1, TCC×1"
1494,nonsynonymous-only,0,1,23,4373,"L×4, I×3, P×3, S×3, V×3, A×2, F×2, C×1, T×1, Y×1","GCG×2090, GCT×365, CCT×333, ACT×332, CTT×286, TTT×211, CTA×185, TTG×127, GTC×97, GTA×73, TCA×68, TTA×46, TCC×36, TTC×28, ATT×27, TCT×22, ATA×18, ATC×12, CCC×6, TGC×5, CCA×2, GTT×2, TAC×2"
1495,nonsynonymous-only,0,1,35,7981,"A×4, G×4, V×3, C×2, D×2, E×2, I×2, K×2, N×2, R×2, S×2, T×2, Y×2, H×1, M×1, Q×1, W×1","GAC×2076, AAA×1748, AAG×926, GGT×642, GGG×486, TAC×348, AGG×253, ATA×208, TGC×181, GAG×158, GGA×135, AAC×133, AGT×99, GAA×93, CAA×88, GTT×68, GAT×59, AGC×57, AAT×56, ACT×47, TAT×39, CAT×17, ATG×14, GCC×13, GCG×7, GCT×7, TGT×7, GTC×6, GCA×3, ATT×2, ACC×1, CGT×1, GGC×1, GTG×1, TGG×1"
1496,nonsynonymous-only,0,1,6,192,"G×1, L×1, R×1, S×1, T×1, V×1","TCA×104, AGA×37, GGA×32, ACA×16, TTA×2, GTA×1"
1497,nonsynonymous-only,0,1,4,45,"F×1, Q×1, S×1, T×1","ACA×36, TTT×5, AGT×2, CAG×2"
1498,nonsynonymous-only,0,1,22,5031,"S×3, C×2, D×2, E×2, K×2, A×1, F×1, G×1, H×1, N×1, P×1, R×1, T×1, V×1, W×1, Y×1","AGT×2173, TGT×620, TAT×566, CAT×511, GTT×384, AAT×153, GAT×145, CGT×139, GAC×127, GGT×97, TGG×33, GAA×16, TCC×16, TCT×15, GAG×8, AAG×7, AAA×6, CCT×6, ACT×4, TGC×2, TTT×2, GCT×1"
1499,nonsynonymous-only,0,1,34,7476,"S×5, L×4, V×3, A×2, C×2, F×2, G×2, I×2, K×2, N×2, P×2, T×2, D×1, H×1, Q×1, Y×1","TCA×3606, TTC×1436, CCA×547, TTT×435, ATC×237, AAG×168, AAA×133, CAA×120, AGC×104, ACA×99, TGC×95, GCA×78, CTC×65, TCT×59, TAT×54, CAC×53, TCG×36, AAT×34, CTT×24, ACT×16, ATT×12, GGC×12, GGT×9, GCT×6, TCC×6, CCT×5, GTT×5, TGT×5, TTG×5, TTA×4, GAC×3, AAC×2, GTA×2, GTC×1"
1500,nonsynonymous-only,0,1,25,7605,"S×4, R×3, D×2, I×2, K×2, N×2, Q×2, A×1, E×1, G×1, L×1, P×1, T×1, V×1, Y×1","AGA×3905, AAC×1217, AAA×584, GGA×542, ATT×387, GTA×252, TCG×189, AAG×133, GAA×127, ACA×68, GAT×53, CGC×36, TCA×36, TTA×15, GCA×12, ATC×11, CGA×11, CAA×9, TAT×4, AGT×3, CAG×3, CCA×3, AAT×2, GAC×2, AGC×1"
1501,nonsynonymous-only,0,1,14,3298,"A×2, G×2, R×2, S×2, E×1, F×1, I×1, K×1, P×1, T×1","ATT×2093, GCC×359, GGA×328, GAA×246, AGG×72, AGA×62, TCG×53, AGC×24, GCT×24, TTT×16, ACT×11, AAA×6, CCG×3, GGT×1"
1502,nonsynonymous-only,0,1,7,495,"S×2, I×1, L×1, R×1, V×1, Y×1","AGC×375, GTA×45, TAC×33, TTA×19, ATA×9, AGT×8, AGA×6"
1503,nonsynonymous-only,0,1,6,438,"S×2, V×2, G×1, I×1","GTG×241, GTA×142, ATC×33, TCC×16, GGT×5, AGT×1"
1504,nonsynonymous-only,0,1,3,49,"A×1, G×1, T×1","GCA×19, GGA×16, ACA×14"
1505,nonsynonymous-only,0,1,2,49,"G×1, Y×1","TAT×33, GGT×16"
1506,nonsynonymous-only,0,1,2,49,"A×1, F×1","GCT×33, TTT×16"
1507,nonsynonymous-only,0,1,2,49,"L×1, S×1","TCG×33, CTG×16"
1510,nonsynonymous-only,0,1,2,49,"I×1, S×1","TCA×33, ATA×16"
1511,nonsynonymous-only,0,1,2,49,"F×1, R×1","CGC×33, TTC×16"
1512,nonsynonymous-only,0,1,2,55,"K×1, N×1","AAC×49, AAG×6"
1513,nonsynonymous-only,0,1,3,475,"L×2, A×1","CTC×389, TTG×53, GCA×33"
1514,nonsynonymous-only,0,1,36,6260,"G×4, V×4, A×3, C×2, D×2, E×2, F×2, H×2, I×2, P×2, R×2, S×2, T×2, Y×2, L×1, N×1, Q×1","GGT×1621, GAT×902, GTT×890, GCT×622, GGC×582, AGT×247, GCC×235, GTC×215, GAC×162, TGC×145, AGC×122, AAT×95, ATT×53, CAT×47, GGA×43, GAA×37, ATC×36, GAG×31, CGC×26, CTT×26, TAC×15, TAT×15, TGT×14, TTC×14, GTG×13, GCG×9, GGG×9, GTA×9, ACT×8, CCC×7, TTT×4, CGT×2, ACA×1, CAC×1, CAG×1, CCT×1"
1515,nonsynonymous-only,0,1,4,338,"C×1, G×1, L×1, R×1","TGC×243, CTG×71, CGC×22, GGC×2"
1516,nonsynonymous-only,0,1,2,250,"F×1, S×1","TTT×243, TCT×7"
1517,nonsynonymous-only,0,1,2,245,"N×1, Y×1","AAT×243, TAT×2"
1518,nonsynonymous-only,0,1,7,652,"I×2, C×1, D×1, N×1, R×1, S×1","ATT×337, TGT×229, ATC×51, AAT×16, CGT×16, TCT×2, GAT×1"
1519,nonsynonymous-only,0,1,18,8257,"G×3, R×3, K×2, D×1, H×1, I×1, L×1, N×1, Q×1, S×1, V×1, W×1, Y×1","AGG×5656, GGG×1498, TGG×722, CGG×78, AGA×57, GAC×56, TTA×44, AAC×42, CAC×26, AAG×16, AAA×15, GGA×13, AGC×11, CAA×8, GTT×8, ATA×5, GGT×1, TAC×1"
1520,nonsynonymous-only,0,1,3,27,"I×1, K×1, S×1","ATT×16, TCG×7, AAA×4"
1523,nonsynonymous-only,0,1,2,49,"D×1, E×1","GAT×33, GAG×16"
1524,nonsynonymous-only,0,1,3,53,"G×1, K×1, R×1","GGG×33, AAA×16, CGA×4"
1525,nonsynonymous-only,0,1,2,53,"I×1, M×1","ATG×33, ATA×20"
1526,nonsynonymous-only,0,1,2,37,"L×1, T×1","TTG×33, ACG×4"
1527,nonsynonymous-only,0,1,3,53,"I×1, R×1, V×1","CGT×33, ATA×16, GTA×4"
1528,nonsynonymous-only,0,1,4,49,"S×2, K×1, L×1","TCA×19, AAG×16, TCG×13, TTG×1"
1529,nonsynonymous-only,0,1,2,49,"F×1, M×1","TTC×33, ATG×16"
1531,nonsynonymous-only,0,1,2,49,"R×1, S×1","AGA×33, TCG×16"
1532,nonsynonymous-only,0,1,2,49,"D×1, S×1","GAT×33, AGT×16"
1534,nonsynonymous-only,0,1,2,57,"L×1, V×1","GTC×41, CTC×16"
1535,nonsynonymous-only,0,1,18,8311,"T×4, H×2, I×2, R×2, S×2, A×1, F×1, K×1, L×1, M×1, N×1","ATG×3157, ATT×1450, ATA×1368, ACA×1364, ACC×294, ACG×225, ACT×212, GCA×88, AGG×53, CGT×28, TCG×16, AAG×15, TCT×15, CTT×9, AAT×7, CAT×7, CAC×2, TTT×1"
1536,nonsynonymous-only,0,1,14,1599,"L×3, P×2, Q×2, S×2, E×1, F×1, H×1, N×1, R×1","CAG×720, CAT×352, AAC×243, CTG×103, CAA×88, TTC×28, CCG×17, TTA×17, AGT×11, GAA×7, CGG×5, CTT×4, CCC×2, TCA×2"
1537,nonsynonymous-only,0,1,5,372,"D×2, E×1, Q×1, W×1","GAA×348, GAT×10, TGG×8, GAC×5, CAG×1"
1542,nonsynonymous-only,0,1,25,7559,"S×6, D×2, E×2, H×2, I×2, N×2, T×2, V×2, G×1, K×1, L×1, Q×1, R×1","AAT×3549, TCT×718, GAT×635, CGT×578, GAC×539, AGT×485, AAC×241, TCA×155, AGC×130, GAG×122, TCC×121, CAT×64, GAA×60, GTG×44, GTT×44, TCG×39, AAA×11, CAC×8, CAA×6, ATA×3, ATT×3, ACA×1, ACT×1, CTT×1, GGA×1"
1543,nonsynonymous-only,0,1,33,7403,"L×4, S×4, T×4, V×4, A×3, I×3, P×3, K×2, E×1, F×1, G×1, M×1, R×1, Y×1","TTA×2701, ATT×2086, ATA×522, ATG×383, AAA×347, GTT×311, GTG×182, ACA×137, AGT×114, ATC×111, CTT×92, TCT×76, ACC×69, GTA×58, AGA×43, AAG×39, CCA×21, GTC×18, TTT×16, ACG×14, TAT×14, ACT×7, CCT×7, GAA×6, GCG×6, CCC×5, GCA×5, AGC×4, CTC×3, CTG×2, GCT×2, GGC×1, TCC×1"
1544,nonsynonymous-only,0,1,34,7517,"L×4, S×4, A×3, R×3, D×2, E×2, H×2, K×2, N×2, Q×2, T×2, V×2, G×1, I×1, M×1, P×1","TCA×1372, AAT×1296, CAA×783, ACA×715, TCC×715, AAA×538, GAT×488, CGA×390, GAG×239, AAG×225, GTA×185, ACT×154, CCA×89, AAC×61, CAG×61, GAA×38, GCT×30, AGA×22, AGT×21, CAC×20, GCC×14, TTA×12, AGC×9, CAT×7, GCA×6, AGG×5, GGA×5, GTC×5, ATG×3, CTG×3, CTA×2, GAC×2, ATA×1, CTC×1"
1545,nonsynonymous-only,0,1,20,7130,"T×4, I×3, V×3, A×2, E×2, R×2, D×1, G×1, M×1, N×1","ACA×3073, ATA×1672, ACT×810, ACC×711, ACG×283, ATG×158, ATT×94, AAT×88, GTG×69, GCA×47, ATC×45, AGA×16, GAA×15, GTT×14, GAG×10, GGA×9, GTA×6, GAT×5, GCT×4, CGA×1"
1546,nonsynonymous-only,0,1,2,93,"D×1, G×1","GGT×89, GAC×4"
1567,synonymous-only,1,0,2,92,C×2,"TGT×48, TGC×44"
1568,nonsynonymous-only,0,1,4,96,"R×3, C×1","AGA×44, CGA×44, CGG×4, TGC×4"
1569,synonymous-only,1,0,2,88,L×2,"TTA×44, TTG×44"
1572,nonsynonymous-only,0,1,2,88,"I×1, V×1","ATA×63, GTA×25"
1575,nonsynonymous-only,0,1,3,89,"G×1, R×1, S×1","GGT×44, TCT×44, CGC×1"
1576,nonsynonymous-only,0,1,10,830,"K×2, Q×2, C×1, D×1, E×1, N×1, R×1, S×1","AGT×313, GAA×245, AAA×130, TGT×88, CAA×23, AAG×20, AAT×8, AGA×1, CAG×1, GAC×1"
1577,nonsynonymous-only,0,1,10,830,"S×4, T×2, D×1, E×1, P×1, V×1","ACA×338, GAA×245, CCA×88, TCT×52, TCG×39, TCA×35, TCC×16, ACT×8, GTA×8, GAT×1"
1578,nonsynonymous-only,0,1,13,4346,"A×4, T×4, H×2, I×2, S×1","ACT×3091, ACG×560, GCT×170, GCA×154, ACA×122, AGT×57, CAC×44, CAT×44, ATT×43, GCC×39, ACC×20, ATA×1, GCG×1"
1579,nonsynonymous-only,0,1,20,4313,"L×5, A×3, Q×2, S×2, V×2, E×1, I×1, M×1, N×1, T×1, Y×1","CAG×2083, TTA×527, CAA×400, GCT×352, TTG×209, GTA×195, GTG×158, CTA×152, TAT×84, GCC×44, GCG×44, GAA×36, ATA×8, AAT×6, ATG×6, AGT×4, CTC×2, ACC×1, CTG×1, TCA×1"
1580,nonsynonymous-only,0,1,13,1427,"G×3, D×2, K×2, N×2, S×2, E×1, R×1","AAT×461, GAA×259, GGA×253, GAT×239, GAC×84, GGT×64, AAG×22, AAC×18, AAA×14, GGG×8, AGT×3, AGA×1, TCC×1"
1581,nonsynonymous-only,0,1,3,28,"C×1, I×1, S×1","ATT×16, AGT×8, TGC×4"
1593,nonsynonymous-only,0,1,2,20,"L×1, P×1","CCC×16, TTG×4"
1594,nonsynonymous-only,0,1,34,7670,"S×4, L×3, A×2, C×2, D×2, F×2, H×2, I×2, N×2, P×2, R×2, T×2, V×2, Y×2, K×1, Q×1, W×1","TAT×3888, TTT×1596, AGT×380, CTC×310, AAG×249, CAT×239, TGT×171, TTC×114, ATT×112, TCA×104, AAT×95, GAT×62, GTC×52, ATC×45, TGC×44, AGA×28, GTT×23, CTA×22, TAC×22, CGA×21, ACT×17, CCC×16, GCC×15, CAC×12, AAC×10, TCG×7, GCG×5, ACA×2, CAG×2, CCT×2, CTT×2, AGC×1, GAC×1, TGG×1"
1595,nonsynonymous-only,0,1,32,8024,"S×4, T×4, A×3, G×3, R×3, E×2, F×2, K×2, L×2, N×2, M×1, Q×1, V×1, W×1, Y×1","GGA×2167, GCG×2071, AAA×695, AGA×530, ACA×511, ACT×377, TTG×371, GGG×270, GGT×175, TCA×152, GAA×128, ATG×118, TTA×88, AAC×87, ACG×58, AAT×49, CAA×43, TCG×35, GTA×31, ACC×20, TGG×10, GCA×7, GCT×7, AAG×6, TTC×6, AGT×3, CGA×2, TCT×2, TTT×2, AGG×1, GAG×1, TAT×1"
1596,nonsynonymous-only,0,1,26,8291,"G×3, P×3, R×3, D×2, H×2, L×2, N×2, Y×2, C×1, F×1, I×1, K×1, Q×1, S×1, V×1","CAT×3098, TGT×1124, TAC×911, AAT×674, TAT×655, GAT×654, AAC×557, CAC×434, AGT×55, CCG×28, CCT×16, CCA×13, CGG×10, GAC×10, CGT×8, TTG×8, AAG×7, GGT×7, GGG×6, ATT×4, TTT×4, GGC×3, TTA×2, AGA×1, CAG×1, GTT×1"
1597,nonsynonymous-only,0,1,18,8212,"L×6, C×2, V×2, F×1, G×1, I×1, M×1, Q×1, S×1, T×1, Y×1","TTA×3047, GTG×2070, ATA×910, CTA×860, CTT×457, CTG×419, TTG×144, ACG×111, TGC×44, TGT×44, TTC×29, ATG×21, GTA×17, CAA×16, TCA×16, CTC×5, GGC×1, TAT×1"
1598,nonsynonymous-only,0,1,28,4551,"L×4, R×3, S×3, C×2, F×2, H×2, N×2, T×2, Y×2, D×1, G×1, K×1, Q×1, V×1, W×1","TAT×873, CAC×604, CAT×532, TCG×488, ACT×424, TGC×351, TAC×301, CTA×245, TCA×154, TGG×96, CTT×89, TGT×89, CGG×43, CGT×40, AAA×36, AAT×33, GAT×33, ACC×32, CTC×28, CGC×20, AAC×8, TCT×8, GGT×7, CAA×6, TTC×4, TTT×4, GTT×2, CTG×1"
1599,nonsynonymous-only,0,1,11,486,"P×4, S×4, A×2, R×1","CCT×309, CCA×134, AGT×7, GCG×7, AGC×6, TCG×6, TCA×5, CCC×4, GCT×4, CCG×3, CGA×1"
1600,nonsynonymous-only,0,1,18,486,"G×4, R×4, H×2, K×2, N×2, D×1, E×1, S×1, T×1","CAC×134, AAT×119, AGT×68, GAA×66, AAC×58, CGT×9, AAG×7, GGT×6, GGC×5, CAT×3, AAA×2, CGA×2, GGA×2, ACT×1, AGG×1, CGC×1, GAT×1, GGG×1"
1601,nonsynonymous-only,0,1,16,305,"S×3, T×3, A×2, N×2, R×2, F×1, I×1, M×1, V×1","ACC×134, AGC×64, AGT×61, AAT×12, ATT×8, TCT×7, GCA×6, TTT×3, ACG×2, GCG×2, AAC×1, ACT×1, AGA×1, ATG×1, CGT×1, GTT×1"
1602,nonsynonymous-only,0,1,6,306,"D×2, N×2, S×2","AAT×193, TCC×64, GAT×38, GAC×5, TCT×4, AAC×2"
1603,nonsynonymous-only,0,1,13,303,"D×2, E×2, F×2, R×2, Q×1, S×1, T×1, V×1, Y×1","CGA×136, ACT×68, TTC×37, TTT×22, GAA×15, AGC×7, GAG×7, CAA×4, AGA×2, GAC×2, GAT×1, GTG×1, TAT×1"
1606,nonsynonymous-only,0,1,2,2,"R×1, S×1","AGT×1, CGT×1"
1607,nonsynonymous-only,0,1,5,91,"F×2, C×1, H×1, K×1","TTC×44, TTT×44, AAG×1, CAC×1, TGC×1"
1608,nonsynonymous-only,0,1,4,90,"Y×2, C×1, R×1","TGT×87, CGG×1, TAC×1, TAT×1"
1609,nonsynonymous-only,0,1,3,89,"T×2, E×1","ACA×44, ACC×44, GAA×1"
1610,nonsynonymous-only,0,1,2,89,"S×1, T×1","AGT×88, ACT×1"
1611,nonsynonymous-only,0,1,5,98,"K×1, N×1, S×1, T×1, V×1","AAG×88, ACT×4, AGT×4, AAC×1, GTT×1"
1612,nonsynonymous-only,0,1,4,98,"Q×2, E×1, K×1","CAG×45, CAA×44, GAA×5, AAA×4"
1613,nonsynonymous-only,0,1,3,6,"F×1, Q×1, R×1","CAA×4, CGT×1, TTC×1"
1615,nonsynonymous-only,0,1,3,386,"D×1, S×1, Y×1","TAT×383, AGT×2, GAT×1"
1616,nonsynonymous-only,0,1,31,4788,"S×4, G×3, V×3, D×2, E×2, F×2, H×2, L×2, N×2, Q×2, T×2, I×1, M×1, P×1, R×1, Y×1","CAT×1966, GAT×923, CAC×451, TCA×414, GAA×236, GAC×195, CAG×120, AAT×83, CAA×80, TTC×71, GAG×52, TTT×48, CTT×44, CCT×22, AAC×17, CTA×15, GGA×11, TAC×7, AGT×6, ATG×6, GGT×5, ACA×3, ACT×2, AGC×2, ATC×2, CGA×2, GGC×1, GTA×1, GTG×1, GTT×1, TCT×1"
1617,nonsynonymous-only,0,1,27,4819,"L×5, T×4, V×4, I×3, A×2, F×2, E×1, G×1, K×1, M×1, N×1, P×1, S×1","GTG×920, ATT×652, GTC×543, TTA×502, GTA×486, GTT×385, GGA×383, CTA×289, ATC×181, ATA×105, ACA×78, ACT×74, CTT×62, TTG×46, ACC×45, GCT×14, TCA×14, CCA×10, AAA×8, GCG×8, TTC×6, AAT×2, ACG×2, ATG×1, CTG×1, GAA×1, TTT×1"
1618,nonsynonymous-only,0,1,37,4809,"L×5, S×5, A×4, P×4, T×4, I×3, K×2, V×2, Y×2, D×1, E×1, F×1, M×1, N×1, Q×1","CTA×886, ACA×719, TCT×693, ACT×454, TTA×404, ATT×263, TTT×245, GCA×192, GCT×127, CTG×118, ACG×110, ATA×88, TCG×70, ACC×60, CCA×48, TCA×47, CCC×41, TAC×41, ATG×38, AAG×31, GTG×17, ATC×14, GAA×14, CCT×13, TAT×13, CAA×8, GCC×8, GCG×8, GTT×8, TTG×8, AAT×5, CCG×5, AGT×4, CTC×3, TCC×3, GAT×2, AAA×1"
1619,nonsynonymous-only,0,1,33,7118,"S×6, P×4, T×3, A×2, D×2, E×2, G×2, K×2, L×2, N×2, Q×2, R×2, I×1, V×1","ACA×2074, AAA×1364, GAT×668, GCA×439, AAT×430, AGA×399, TCA×392, CAG×221, AAG×174, GAC×156, AAC×149, CCT×147, GCT×80, TCG×72, GGA×71, ACT×49, CCA×48, GAA×44, GTA×36, CAA×26, ATT×16, AGC×13, AGT×12, GAG×11, TCT×9, CCC×6, CTG×6, ACC×1, CCG×1, CGA×1, GGG×1, TCC×1, TTG×1"
1620,nonsynonymous-only,0,1,34,7071,"A×4, S×4, V×4, I×3, D×2, E×2, G×2, K×2, N×2, Q×2, T×2, H×1, L×1, M×1, R×1, Y×1","GAA×2767, AAA×2361, GGA×351, GAG×268, ACT×266, GAT×224, AAT×169, CAA×155, ACA×125, AAC×72, ATG×46, GTC×45, CGA×44, ATC×24, GAC×19, GTT×19, ATA×18, GTG×17, TTA×15, AAG×13, GCA×10, TCC×10, CAT×6, ATT×5, AGC×3, CAG×3, GTA×3, TCT×3, AGT×2, GCG×2, GCT×2, TAT×2, GCC×1, GGG×1"
1621,nonsynonymous-only,0,1,35,7154,"L×5, S×4, T×4, V×4, A×3, I×3, E×2, G×2, K×2, R×2, D×1, M×1, Q×1, Y×1","GAA×3766, GTT×618, TCA×383, GTA×369, TAT×245, GGA×198, ATG×183, TTG×156, ATA×142, CTG×142, ACG×106, TTA×91, CTA×89, ATT×88, GTG×80, GCT×77, GCA×75, CAA×74, AGA×69, TCT×65, ACT×28, ACA×16, CTT×14, AAA×13, GTC×12, AAG×10, TCC×9, CGA×7, GGG×6, TCG×6, GAG×5, GAT×5, ACC×3, GCC×3, ATC×1"
1622,nonsynonymous-only,0,1,36,7527,"R×4, A×3, G×3, I×3, S×3, T×3, D×2, E×2, K×2, L×2, N×2, P×2, Q×2, C×1, M×1, Y×1","AGT×2116, GAA×1754, AAA×1040, ACT×537, AAG×358, AAT×341, GGA×321, ACA×230, AGA×116, AAC×115, CAG×108, GAT×90, TAT×71, CAA×70, CCT×68, CGT×42, GCA×29, ATT×23, TTA×16, CGA×15, GAG×13, CGG×8, CTA×8, GAC×7, GCC×6, ATA×4, ATG×4, ACC×3, ATC×2, CCA×2, GCG×2, GGC×2, GGG×2, TCT×2, TCA×1, TGT×1"
1623,nonsynonymous-only,0,1,17,265,"R×2, S×2, T×2, V×2, A×1, D×1, F×1, H×1, I×1, K×1, L×1, N×1, P×1","GTT×88, AAT×44, ACA×40, TCT×35, CCT×15, GAC×15, AGA×8, ACG×3, AGT×3, CGA×3, TTT×3, AAA×2, TTA×2, ATC×1, CAT×1, GCT×1, GTG×1"
1624,nonsynonymous-only,0,1,13,257,"A×2, D×2, F×2, T×2, I×1, K×1, M×1, R×1, V×1","AAA×45, GCC×45, AGA×44, GAC×43, ATC×29, TTC×23, GTT×15, GAT×4, TTT×3, ACT×2, ATG×2, ACC×1, GCG×1"
1625,nonsynonymous-only,0,1,4,132,"A×1, L×1, M×1, S×1","GCG×44, TCG×44, TTG×43, ATG×1"
1627,nonsynonymous-only,0,1,2,45,"G×1, R×1","AGA×44, GGT×1"
1628,nonsynonymous-only,0,1,4,90,"G×2, R×1, V×1","AGA×44, GGA×44, GGT×1, GTT×1"
1629,nonsynonymous-only,0,1,4,94,"A×1, I×1, T×1, V×1","GTT×88, ACT×4, ATT×1, GCT×1"
1630,nonsynonymous-only,0,1,6,130,"I×2, A×1, F×1, L×1, V×1","ATT×69, GCT×37, GTT×19, CTC×3, ATC×1, TTC×1"
1632,nonsynonymous-only,0,1,2,8,"H×1, T×1","ACT×4, CAC×4"
1633,nonsynonymous-only,0,1,6,130,"G×1, H×1, K×1, L×1, Q×1, S×1","AGT×44, CAT×44, AAA×36, TTA×4, CAA×1, GGA×1"
1634,nonsynonymous-only,0,1,16,746,"R×4, E×2, H×2, L×2, C×1, D×1, F×1, P×1, S×1, W×1","CGT×472, CGC×52, AGC×44, TTG×44, GAA×36, CTT×33, CAC×16, TTC×16, TGG×10, CGG×6, GAG×4, GAT×4, CCT×3, TGC×3, CAT×2, AGG×1"
1635,nonsynonymous-only,0,1,12,566,"R×3, A×2, T×2, V×2, K×1, M×1, Y×1","GCA×352, ATG×49, GTG×42, GTA×36, AGG×33, AGA×22, ACA×15, AAA×5, CGA×4, GCG×4, ACG×3, TAT×1"
1636,nonsynonymous-only,0,1,11,670,"A×2, S×2, G×1, H×1, I×1, P×1, R×1, T×1, V×1","GCA×352, GTA×94, GGA×88, ATA×55, GCG×36, AGA×20, CAC×15, ACT×4, AGT×4, CCA×1, TCT×1"
1637,nonsynonymous-only,0,1,29,7820,"G×4, R×4, T×3, A×2, D×2, E×2, K×2, N×2, S×2, V×2, F×1, I×1, M×1, Q×1","AAA×4590, GAA×887, GGA×528, GAT×391, CAA×348, AAG×347, AGA×152, GTA×104, ACA×88, GCG×87, GTG×84, TCG×70, TTC×54, CGG×14, GGT×13, CGA×10, AAT×9, GGG×9, AGG×7, GCA×7, GGC×6, AAC×4, ACG×2, ATA×2, ATG×2, GAC×2, ACC×1, AGT×1, GAG×1"
1638,nonsynonymous-only,0,1,42,7986,"S×5, A×4, R×4, T×4, G×3, V×3, D×2, E×2, H×2, I×2, K×2, L×2, N×2, Q×2, Y×2, W×1","AAA×2997, GAA×1762, GCA×505, AGA×468, GCC×329, AAG×285, AAC×252, ACC×212, CGA×152, ATT×136, ACA×129, ACT×115, AAT×77, ATA×76, GAC×50, AGG×49, GCG×48, TCA×46, CAA×37, ACG×36, TTG×34, GAT×28, GAG×25, GTG×23, CAC×22, AGT×19, TTA×19, TCG×13, TCT×7, CAG×6, TAC×5, AGC×3, CAT×3, GCT×3, GGC×3, GTA×3, GTT×3, TAT×2, CGT×1, GGA×1, GGG×1, TGG×1"
1639,nonsynonymous-only,0,1,34,8043,"S×6, L×5, T×4, V×4, A×3, I×3, K×2, P×2, E×1, F×1, G×1, M×1, R×1","ATT×2869, ACA×1467, GCA×639, ATG×590, TTA×480, TCT×313, ACG×296, ACT×227, GCT×185, GAA×175, GTC×135, TTT×111, GTT×86, CCT×83, AGA×70, CTC×60, TTG×51, CTA×37, GTG×33, ACC×32, ATC×22, TCA×18, AAG×14, TCG×9, ATA×7, AGC×6, CCA×6, CTT×6, GTA×6, GGT×4, GCG×3, AAA×1, AGT×1, TCC×1"
1640,nonsynonymous-only,0,1,6,234,"L×3, A×1, I×1, V×1","ATT×135, GTT×43, GCG×41, CTA×11, CTT×3, TTA×1"
1641,nonsynonymous-only,0,1,2,8,"F×1, N×1","AAT×4, TTT×4"
1642,nonsynonymous-only,0,1,5,92,"D×2, E×1, K×1, R×1","AAA×41, GAT×41, AGG×4, GAA×4, GAC×2"
1643,nonsynonymous-only,0,1,12,214,"A×2, L×2, S×2, T×2, E×1, F×1, K×1, P×1","ACT×41, CTG×41, TTT×35, AAA×34, CCA×29, TTG×16, GCA×4, GCT×4, TCT×4, ACC×2, GAG×2, TCA×2"
1644,nonsynonymous-only,0,1,33,6540,"A×4, G×4, T×4, I×3, V×3, K×2, N×2, P×2, R×2, S×2, D×1, E×1, F×1, L×1, M×1","ATC×2129, GCT×1122, ATG×551, ACA×536, AAA×502, GCA×341, AGT×214, ATA×188, ACC×161, GTA×140, AAG×117, AGA×88, GGT×77, GCC×62, ATT×45, AAC×43, CGT×36, AAT×35, GTT×32, ACG×31, ACT×20, AGC×18, GGC×13, GAA×10, GAC×6, GGA×5, TTT×4, CCT×3, GGG×3, TTA×3, CCG×2, GCG×2, GTC×1"
1645,nonsynonymous-only,0,1,32,6561,"R×4, G×3, S×3, A×2, D×2, E×2, K×2, N×2, Q×2, T×2, C×1, F×1, H×1, I×1, L×1, V×1, W×1, Y×1","GAA×2305, GAT×1768, CGC×617, AAA×519, AAT×399, GAG×183, AAC×125, CGT×118, CAA×86, GAC×75, GGC×63, AGA×52, AGC×45, AGT×36, TAT×36, GTA×28, TGT×24, GCA×18, GCT×15, TTA×14, ACT×8, ATT×8, AAG×5, GGA×4, ACA×2, GGT×2, AGG×1, CAC×1, CAG×1, TCC×1, TGG×1, TTT×1"
1646,nonsynonymous-only,0,1,40,6780,"L×4, R×4, I×3, S×3, T×3, A×2, C×2, D×2, E×2, G×2, H×2, K×2, N×2, Q×2, Y×2, F×1, M×1, V×1","CGT×2098, ATG×1074, AAA×708, GCT×684, CAT×414, ATT×360, AAG×286, AAT×262, AGA×248, AGT×95, TGT×65, CGA×56, CTT×54, GAC×54, GAG×40, GAT×39, TAC×35, CAA×30, GAA×29, TGC×29, TTG×18, GGC×16, TTA×15, AAC×14, ATC×9, GTC×9, CGG×8, CAG×7, CAC×5, ACG×3, AGC×3, CTA×3, TTT×3, ACA×1, ACC×1, ATA×1, GCC×1, GGG×1, TAT×1, TCA×1"
1647,nonsynonymous-only,0,1,16,587,"C×2, L×2, Q×2, R×2, D×1, E×1, F×1, G×1, S×1, T×1, W×1, Y×1","TGT×258, CGA×138, CTG×42, TTG×42, TGC×37, TGG×16, TAC×13, GGA×12, TCA×8, CAA×6, TTT×5, AGA×4, CAG×2, GAC×2, ACA×1, GAA×1"
1648,nonsynonymous-only,0,1,21,914,"L×4, F×2, I×2, N×2, S×2, V×2, A×1, D×1, Q×1, R×1, T×1, W×1, Y×1","TTC×258, AAT×194, ATT×134, GAT×86, GTT×55, AGA×54, TAT×43, AGT×37, CAA×16, AAC×13, TGG×4, TTT×4, CTA×3, TTA×3, CTG×2, GTA×2, TCC×2, ACC×1, ATC×1, CTT×1, GCC×1"
1649,nonsynonymous-only,0,1,35,5959,"L×4, G×3, R×3, S×3, C×2, D×2, F×2, H×2, P×2, Q×2, T×2, V×2, Y×2, A×1, E×1, I×1, N×1","CAT×2069, GGA×1104, TGC×574, CAG×513, GGC×401, TAC×223, ATC×165, AGC×147, ACA×134, GAA×120, TTC×75, TGT×70, CGC×54, AAC×45, TCA×45, TTA×40, TCC×36, TTT×22, CTG×21, CTT×19, GTA×16, GGT×12, CAC×10, GTC×9, CAA×8, CGA×6, TAT×4, CCT×3, CTC×3, GAC×3, CGT×2, GAT×2, GCC×2, ACG×1, CCC×1"
1650,nonsynonymous-only,0,1,6,2523,"F×2, D×1, E×1, P×1, R×1","CCT×2073, GAT×383, TTT×52, TTC×8, CGT×4, GAA×3"
1651,nonsynonymous-only,0,1,10,2777,"L×2, D×1, E×1, I×1, K×1, Q×1, R×1, S×1, V×1","CGT×2071, GTT×383, AGT×154, TTA×139, GAT×16, ATT×6, CAG×4, GAA×2, AAA×1, TTG×1"
1652,nonsynonymous-only,0,1,17,2900,"K×2, L×2, N×2, S×2, A×1, D×1, F×1, I×1, P×1, Q×1, T×1, V×1, Y×1","GCA×2094, GAT×554, TAT×140, TCT×27, ATT×16, AAC×10, AAA×9, TTG×9, AAG×8, ACA×7, AAT×5, TCG×5, CAA×4, GTT×4, TTA×4, CCT×3, TTT×1"
1653,nonsynonymous-only,0,1,11,920,"R×2, D×1, E×1, G×1, K×1, M×1, N×1, Q×1, S×1, V×1","GTA×383, GAA×222, CAA×197, CGA×70, ATG×13, AAA×9, AGC×8, CGC×6, GAT×5, GGA×5, AAT×2"
1654,nonsynonymous-only,0,1,11,129,"A×3, N×2, E×1, I×1, K×1, L×1, T×1, V×1","AAA×32, GCA×26, TTA×15, AAC×14, GAA×13, GCG×10, GTC×8, GCT×5, AAT×3, ATA×2, ACA×1"
1655,nonsynonymous-only,0,1,15,598,"R×3, E×2, N×2, D×1, F×1, G×1, K×1, L×1, Q×1, S×1, V×1","TTG×180, AAA×159, AGA×147, AAC×31, GAG×30, AAT×13, GGC×13, GAA×8, CGA×7, AGT×2, CAA×2, GAT×2, GTA×2, CGC×1, TTT×1"
1656,nonsynonymous-only,0,1,21,559,"S×4, I×3, L×3, R×2, T×2, V×2, A×1, H×1, K×1, N×1, Q×1","AGA×135, ATA×124, AAG×120, ATT×57, TCA×24, TCG×19, CAA×15, GTT×11, AGT×10, GTA×9, TCT×8, GCA×6, AAT×4, ACA×4, CTA×4, ACT×2, ATC×2, CGA×2, CAT×1, CTG×1, CTT×1"
1657,nonsynonymous-only,0,1,15,223,"S×3, K×2, V×2, A×1, D×1, E×1, I×1, M×1, N×1, R×1, W×1","TGG×72, ATG×54, GAC×27, GTC×13, TCC×13, AAA×7, AGA×7, GCG×7, AAC×6, GAA×5, TCG×4, ATC×3, AAG×2, GTG×2, TCT×1"
1658,nonsynonymous-only,0,1,14,221,"L×5, I×2, S×2, F×1, K×1, Q×1, R×1, Y×1","CTT×61, ATA×54, CGG×31, CTA×23, AAG×15, TTG×10, TCT×7, TCG×5, TAC×4, CTG×3, TTA×3, ATT×2, CAG×2, TTT×1"
1659,nonsynonymous-only,0,1,5,82,"E×1, F×1, N×1, Q×1, S×1","AAT×43, AGT×14, GAG×13, CAA×11, TTC×1"
1663,nonsynonymous-only,0,1,2,2,"A×1, S×1","GCA×1, TCA×1"
1664,nonsynonymous-only,0,1,2,2,"I×1, V×1","ATT×1, GTT×1"
1665,nonsynonymous-only,0,1,2,2,"C×1, H×1","CAC×1, TGC×1"
1666,nonsynonymous-only,0,1,2,5,"Q×1, R×1","CAA×4, CGT×1"
1668,nonsynonymous-only,0,1,6,211,"L×2, K×1, P×1, Q×1, T×1","CCG×88, CTG×88, CAA×16, AAA×14, ACG×4, CTA×1"
1669,nonsynonymous-only,0,1,28,4379,"L×4, S×4, T×4, C×2, E×2, F×2, Y×2, A×1, D×1, K×1, N×1, P×1, Q×1, R×1, W×1","CTT×943, TTT×777, TAT×775, TAC×238, ACG×231, TCT×198, TGT×175, CAA×154, CTA×153, TGC×140, AAT×118, CGT×84, TCC×70, GAG×65, GCT×59, TCA×52, TTC×42, CTC×31, TTG×19, TCG×14, CCT×11, ACT×10, ACC×7, ACA×5, GAA×3, GAT×3, AAA×1, TGG×1"
1670,nonsynonymous-only,0,1,19,1113,"R×4, E×2, K×2, N×2, V×2, D×1, H×1, L×1, M×1, Q×1, S×1, T×1","AAT×279, CGC×224, GAT×157, AAC×137, GAA×72, TTA×54, AGA×49, GTT×24, CAA×23, CAT×19, ATG×16, GAG×16, AGT×11, ACT×10, AAG×8, AAA×5, CGA×5, AGG×3, GTG×1"
1671,nonsynonymous-only,0,1,3,51,"E×1, R×1, V×1","GAA×33, GTA×16, AGA×2"
1672,nonsynonymous-only,0,1,2,49,"K×1, R×1","AGG×33, AAA×16"
1673,nonsynonymous-only,0,1,9,529,"D×2, N×2, C×1, E×1, G×1, S×1, V×1","GGT×321, AGC×121, GAC×36, GAT×30, TGC×16, AAC×2, AAT×1, GAG×1, GTT×1"
1674,nonsynonymous-only,0,1,31,2083,"L×5, I×3, P×3, S×3, T×3, A×2, K×2, N×2, V×2, D×1, E×1, H×1, M×1, Q×1, Y×1","TTA×749, TTG×268, TAT×171, ACA×142, TCT×135, GTT×104, ATT×76, ATG×64, CCA×53, AAT×45, GAC×44, GAA×41, CAA×40, ATA×35, ATC×25, CCG×23, AAC×13, AAG×13, GCA×10, GTC×7, CTG×5, AAA×4, AGT×4, CTA×4, CCT×2, ACG×1, ACT×1, CAT×1, CTT×1, GCT×1, TCA×1"
1675,nonsynonymous-only,0,1,22,1984,"A×4, G×4, V×3, E×2, K×2, T×2, I×1, M×1, N×1, R×1, W×1","GAA×469, AAG×440, ATG×291, AAA×188, GGA×154, GTG×104, GCT×57, ACT×54, AGA×51, TGG×46, GCA×32, ATA×27, ACC×20, GAG×19, GGG×12, GTA×6, GCC×4, GGT×4, GGC×3, AAT×1, GCG×1, GTT×1"
1676,nonsynonymous-only,0,1,20,2386,"F×2, G×2, K×2, N×2, R×2, S×2, Y×2, C×1, D×1, H×1, I×1, T×1, V×1","AAT×1254, GGT×278, CAT×232, AAC×202, TTT×70, AGT×63, AGC×55, TGT×47, AAA×43, ACT×40, CGT×36, GAT×19, TAC×16, TTC×16, ATT×6, GTA×3, AAG×2, TAT×2, AGG×1, GGC×1"
1677,nonsynonymous-only,0,1,23,2592,"R×4, E×2, G×2, K×2, Q×2, S×2, Y×2, D×1, H×1, I×1, N×1, T×1, V×1, W×1","AAA×775, CAA×361, CAG×242, TCG×200, CGG×183, GAG×168, GTA×153, GAA×148, TGG×102, ACA×54, AGA×48, TCA×45, CGA×37, TAT×36, GGG×11, AAG×9, TAC×9, GGA×4, CAT×3, AAT×1, AGG×1, ATA×1, GAT×1"
1678,nonsynonymous-only,0,1,33,3526,"L×4, S×3, A×2, C×2, E×2, F×2, H×2, I×2, N×2, Q×2, R×2, T×2, V×2, Y×2, K×1, P×1","GAA×1053, TTT×691, CTC×278, TAC×207, TGC×175, CTT×159, AAA×157, TGT×154, GTA×140, TAT×136, GTT×69, TTC×51, TCA×47, GCT×46, GCA×35, ATA×22, ATT×22, ACG×15, CAA×13, CGA×11, AGT×6, CCA×6, AAC×5, AGC×5, TTG×5, AGA×4, GAG×4, AAT×3, CAG×2, CTA×2, ACA×1, CAC×1, CAT×1"
1679,nonsynonymous-only,0,1,22,951,"I×3, T×3, C×2, G×2, L×2, S×2, E×1, F×1, K×1, M×1, N×1, P×1, Q×1, R×1","TTT×417, AAC×103, TTG×88, GAA×72, ACT×58, CTT×47, AAA×34, ACA×22, ATG×22, GGT×16, CCT×15, AGA×12, ATT×11, AGC×10, GGA×9, TCA×4, TGT×3, ATA×2, ATC×2, TGC×2, ACC×1, CAA×1"
1680,nonsynonymous-only,0,1,11,161,"A×2, I×2, V×2, K×1, L×1, Q×1, R×1, S×1","AAA×54, GTA×54, ATA×17, GTC×15, CAG×6, GCA×6, AGT×4, TTA×2, AGG×1, ATT×1, GCT×1"
1681,nonsynonymous-only,0,1,5,85,"K×2, P×1, R×1, T×1","AGA×60, ACA×9, AAA×8, AAG×4, CCA×4"
1682,nonsynonymous-only,0,1,7,86,"L×2, R×2, C×1, D×1, S×1","CGC×44, CGT×18, AGC×9, TGC×6, GAC×4, TTG×3, TTA×2"
1685,nonsynonymous-only,0,1,2,20,"G×1, V×1","GGA×16, GTA×4"
1693,nonsynonymous-only,0,1,3,63,"P×1, Q×1, R×1","CGA×43, CAA×16, CCA×4"
1694,nonsynonymous-only,0,1,2,20,"F×1, S×1","TCT×16, TTT×4"
1695,nonsynonymous-only,0,1,3,25,"G×1, L×1, Q×1","GGT×16, CAA×5, CTA×4"
1696,nonsynonymous-only,0,1,4,25,"A×1, L×1, S×1, V×1","GTT×16, CTT×4, GCT×3, TCA×2"
1697,nonsynonymous-only,0,1,9,438,"I×2, S×2, A×1, D×1, E×1, F×1, L×1","GAT×171, TCG×88, GAA×60, GCA×44, TCA×36, TTA×19, ATT×15, ATC×4, TTC×1"
1698,nonsynonymous-only,0,1,19,574,"A×2, I×2, L×2, P×2, Q×2, S×2, T×2, V×2, E×1, G×1, K×1","GAA×171, ATA×90, GCA×54, ACT×52, GCC×44, GTT×44, GTA×36, GGA×15, TCA×15, CAG×14, CCA×13, ACA×10, AAA×4, ATT×4, CTA×4, CAA×1, CCC×1, TCC×1, TTA×1"
1699,nonsynonymous-only,0,1,19,668,"I×2, K×2, N×2, S×2, C×1, D×1, F×1, G×1, H×1, M×1, Q×1, R×1, V×1, W×1, Y×1","TTT×177, TAT×132, AAA×108, TGC×54, AAC×37, AAT×31, AAG×24, CAA×16, ATC×15, GGA×15, GTC×15, AGC×13, TGG×10, AGA×9, ATT×4, CAT×4, GAT×2, ATG×1, TCT×1"
1700,nonsynonymous-only,0,1,31,847,"S×4, I×3, R×3, A×2, E×2, F×2, K×2, N×2, Q×2, V×2, C×1, D×1, G×1, M×1, T×1, W×1, Y×1","GAG×171, TCT×104, TTC×96, CGC×71, GAA×63, AGG×44, CGG×44, GTT×43, AAA×40, TAT×31, TGT×22, GCA×16, ATT×14, GTA×14, ATA×12, AAG×8, ATC×8, ACC×6, TTT×6, ATG×5, GCG×5, GAT×4, GGA×4, TCG×4, AAT×3, AGT×3, CAA×2, AAC×1, CAG×1, TCC×1, TGG×1"
1701,nonsynonymous-only,0,1,20,2099,"L×5, V×4, G×2, I×2, T×2, E×1, F×1, K×1, M×1, S×1","GTG×1233, ATA×254, CTA×150, TTA×97, ACA×53, GGA×44, ATG×39, AAA×37, ACG×36, GTA×27, ATT×26, GGT×26, CTT×19, AGT×18, CTG×12, TTG×11, GTT×6, TTT×6, GAA×4, GTC×1"
1702,nonsynonymous-only,0,1,18,837,"I×3, A×2, E×2, K×2, R×2, T×2, F×1, L×1, M×1, N×1, V×1","ACT×258, AGA×140, AAG×120, TTT×119, AAA×80, TTA×44, GCG×42, ATA×6, AAT×4, GAA×4, GAG×4, GTG×4, CGT×3, GCA×3, ACA×2, ATG×2, ATC×1, ATT×1"
1703,nonsynonymous-only,0,1,2,10,"D×1, E×1","GAC×6, GAG×4"
1704,nonsynonymous-only,0,1,21,746,"L×4, V×4, A×2, I×2, R×2, T×2, E×1, F×1, K×1, M×1, Q×1","GTA×302, TTT×214, ATG×56, ACG×47, CTT×44, ATA×18, ACT×13, GCT×12, AAA×6, CTA×6, GTG×4, TTA×4, TTG×4, AGG×3, ATT×3, GAG×2, GCA×2, GTC×2, GTT×2, CAG×1, CGA×1"
1705,nonsynonymous-only,0,1,8,154,"F×1, H×1, I×1, L×1, N×1, P×1, S×1, V×1","ATT×90, CCT×43, CTT×8, AAT×4, CAT×4, TTT×3, GTC×1, TCT×1"
1706,nonsynonymous-only,0,1,3,6,"I×1, S×1, V×1","ATT×3, GTT×2, TCC×1"
1708,nonsynonymous-only,0,1,3,6,"A×1, I×1, T×1","GCT×3, ATC×2, ACT×1"
1709,nonsynonymous-only,0,1,3,7,"F×1, T×1, V×1","ACT×3, GTC×2, TTT×2"
1710,nonsynonymous-only,0,1,3,7,"G×2, S×1","GGG×3, GGA×2, TCC×2"
1711,nonsynonymous-only,0,1,7,537,"K×2, E×1, I×1, N×1, R×1, T×1","AAA×520, AGG×6, AAG×3, AAT×3, ACA×2, GAA×2, ATC×1"
1712,nonsynonymous-only,0,1,12,533,"I×2, T×2, V×2, A×1, F×1, M×1, P×1, R×1, S×1","TTT×258, ATA×197, AGT×57, CCA×6, GTT×4, ATG×3, AGA×2, GCA×2, ACA×1, ACT×1, ATT×1, GTG×1"
1713,nonsynonymous-only,0,1,7,81,"V×2, A×1, G×1, K×1, L×1, S×1","GCA×57, AGT×10, GTA×7, GGA×3, AAA×2, GTC×1, TTG×1"
1714,nonsynonymous-only,0,1,6,75,"I×1, L×1, M×1, S×1, V×1, W×1","ATA×54, GTG×10, ATG×5, TGG×3, TTA×2, TCC×1"
1715,nonsynonymous-only,0,1,4,7,"E×1, Q×1, R×1, S×1","TCA×3, CAA×2, AGA×1, GAA×1"
1716,nonsynonymous-only,0,1,2,5,"K×1, N×1","AAA×4, AAC×1"
1717,nonsynonymous-only,0,1,2,4,"G×1, L×1","GGA×3, TTA×1"
1727,nonsynonymous-only,0,1,2,4,"H×1, Q×1","CAC×3, CAA×1"
1728,nonsynonymous-only,0,1,2,4,"L×1, S×1","CTA×3, TCA×1"
