gene,num_sequences,alignment_length,conservation_score,gap_percentage,pairwise_identity
ptsA,8260,462,0.9947361486016986,0.007704160246533128,99.57222721908113
ptsD,8261,832,0.992496005311141,0.15982477908243556,99.41149962528564
frpC,8261,1002,0.9922814999476137,0.03979451821450913,99.38444323340599
ptsC,8257,789,0.9922250967339488,2.291131248932235,99.36943779719692
ptsB,8260,469,0.9911534284235094,0.21321961620469082,99.28492052785715
fruR,8254,2774,0.9902128073073019,0.3822707969341819,99.20528561397074
glpC,8260,1074,0.985494415309265,0.13797394727230913,98.82051554750645
