gene,n_sequences,alignment_length,mean_conservation,median_conservation,std_conservation,highly_conserved_pct,moderately_conserved_pct,variable_pct,mean_gaps_per_position,max_gaps_per_position,positions_with_gaps_pct
ptsA,8260,462,0.9947361486016986,1.0,0.04041202793244194,98.91774891774891,1.0822510822510822,0.0,0.6363636363636364,21,9.740259740259742
ptsD,8261,832,0.992496005311141,1.0,0.04531300764869463,98.07692307692307,1.9230769230769231,0.0,13.203125,8260,100.0
frpC,8261,1002,0.9922814999476137,1.0,0.04733852065159928,98.00399201596807,1.996007984031936,0.0,3.287425149700599,4,100.0
ptsC,8257,789,0.9922250967339488,1.0,0.047512457708798785,97.9721166032953,2.027883396704689,0.0,189.1787072243346,8256,62.48415716096325
ptsB,8260,469,0.9911534284235094,1.0,0.05170914472688684,97.86780383795309,2.1321961620469083,0.0,17.611940298507463,8259,0.42643923240938164
fruR,8254,2774,0.9902128073073019,1.0,0.05388819462421966,97.1521268925739,2.8478731074260994,0.0,31.55263157894737,8253,100.0
glpC,8260,1074,0.985494415309265,1.0,0.06613726026488621,95.81005586592178,4.189944134078212,0.0,11.396648044692737,17,100.0
