gene,gene_type,n_sequences,alignment_length,variable_sites,variation_rate_percent,codon_variable_sites,codon_syn_sites,codon_nonsyn_sites,syn_fraction,nonsyn_fraction,pN_pS_site,npN_pS,nonsyn_syn_ratio,normalized_selection,selection_category
ptsA,operon,8260,462,76,16.450216450216452,60,27,33,0.45,0.55,1.2222222222222223,0.48888888888888893,1.2222222222222223,0.48888888888888893,Moderate purifying
ptsC,operon,8257,789,170,21.546261089987325,126,46,80,0.36507936507936506,0.6349206349206349,1.7391304347826086,0.6956521739130435,1.7391304347826086,0.6956521739130435,Moderate purifying
glpC,operon,8260,1074,238,22.160148975791433,181,57,124,0.3149171270718232,0.6850828729281768,2.175438596491228,0.8701754385964913,2.175438596491228,0.8701754385964913,Near neutral
ptsB,operon,8260,469,95,20.255863539445627,71,25,46,0.352112676056338,0.647887323943662,1.84,0.736,1.84,0.736,Near neutral
ptsD,operon,8261,832,174,20.91346153846154,117,12,105,0.10256410256410256,0.8974358974358975,8.75,3.5,8.75,3.5,Relaxed/positive
frpC,operon,8261,1002,175,17.465069860279442,146,47,99,0.3219178082191781,0.678082191780822,2.106382978723404,0.8425531914893616,2.106382978723404,0.8425531914893616,Near neutral
fruR,operon,8254,2774,599,21.593366979091563,422,94,328,0.22274881516587677,0.7772511848341233,3.4893617021276597,1.3957446808510638,3.4893617021276597,1.3957446808510638,Relaxed/positive
pheS,core,8580,1059,188,17.752596789423986,160,79,81,0.49375,0.50625,1.0253164556962024,0.410126582278481,1.0253164556962024,0.410126582278481,Moderate purifying
niaX,core,8580,630,129,20.476190476190474,98,39,59,0.3979591836734694,0.6020408163265306,1.5128205128205128,0.6051282051282051,1.5128205128205128,0.6051282051282051,Moderate purifying
gph_2,core,8580,1104,766,69.38405797101449,282,1,281,0.0035460992907801418,0.9964539007092199,281.0,112.4,281.0,112.4,Relaxed/positive
eutB,core,8553,1575,279,17.71428571428571,213,96,117,0.4507042253521127,0.5492957746478874,1.21875,0.4875,1.21875,0.4875,Moderate purifying
fpgS,core,8580,1335,266,19.925093632958802,209,81,128,0.3875598086124402,0.6124401913875598,1.5802469135802468,0.6320987654320988,1.5802469135802468,0.6320987654320988,Moderate purifying
mrnC,core,8578,403,57,14.1439205955335,42,11,31,0.2619047619047619,0.7380952380952381,2.8181818181818183,1.1272727272727274,2.8181818181818183,1.1272727272727274,Near neutral
ilvE,core,8536,1076,240,22.304832713754646,177,33,144,0.1864406779661017,0.8135593220338984,4.363636363636363,1.7454545454545454,4.363636363636363,1.7454545454545454,Relaxed/positive
kup,core,8491,2080,421,20.240384615384617,307,36,271,0.11726384364820847,0.8827361563517915,7.527777777777778,3.011111111111111,7.527777777777778,3.011111111111111,Relaxed/positive
prmA,core,8566,949,214,22.55005268703899,152,20,132,0.13157894736842105,0.868421052631579,6.6,2.6399999999999997,6.6,2.6399999999999997,Relaxed/positive
yjbK,core,8574,582,114,19.587628865979383,84,24,60,0.2857142857142857,0.7142857142857143,2.5,1.0,2.5,1.0,Near neutral
uvrC_1,core,8578,1829,702,38.38162930563149,384,65,319,0.16927083333333334,0.8307291666666666,4.907692307692308,1.9630769230769232,4.907692307692308,1.9630769230769232,Relaxed/positive
czrA,core,8552,288,46,15.972222222222221,39,18,21,0.46153846153846156,0.5384615384615384,1.1666666666666667,0.4666666666666667,1.1666666666666667,0.4666666666666667,Moderate purifying
ricR,core,8567,261,43,16.47509578544061,36,17,19,0.4722222222222222,0.5277777777777778,1.1176470588235294,0.4470588235294118,1.1176470588235294,0.4470588235294118,Moderate purifying
rpmA,core,8577,294,33,11.224489795918368,27,16,11,0.5925925925925926,0.4074074074074074,0.6875,0.275,0.6875,0.275,Strong purifying
yrdA,core,8579,553,171,30.92224231464738,96,7,89,0.07291666666666667,0.9270833333333334,12.714285714285714,5.085714285714285,12.714285714285714,5.085714285714285,Relaxed/positive
ackA,core,8573,1188,194,16.329966329966332,163,82,81,0.5030674846625767,0.49693251533742333,0.9878048780487805,0.3951219512195122,0.9878048780487805,0.3951219512195122,Moderate purifying
rpoN1,core,8574,1332,259,19.444444444444446,202,96,106,0.4752475247524752,0.5247524752475248,1.1041666666666667,0.4416666666666667,1.1041666666666667,0.4416666666666667,Moderate purifying
gcdB,core,8580,1116,251,22.491039426523297,211,166,45,0.7867298578199052,0.2132701421800948,0.2710843373493976,0.10843373493975902,0.2710843373493976,0.10843373493975902,Strong purifying
thrB,core,8575,957,182,19.017763845350053,140,70,70,0.5,0.5,1.0,0.4,1.0,0.4,Moderate purifying
sacY,core,8568,873,148,16.95303550973654,109,40,69,0.3669724770642202,0.6330275229357798,1.725,0.6900000000000001,1.725,0.6900000000000001,Moderate purifying
cysA,core,8567,1053,194,18.42355175688509,151,69,82,0.45695364238410596,0.543046357615894,1.1884057971014492,0.47536231884057967,1.1884057971014492,0.47536231884057967,Moderate purifying
dgaR_3,core,8580,3534,2740,77.53254102999433,1046,42,1004,0.040152963671128104,0.9598470363288719,23.904761904761905,9.561904761904762,23.904761904761905,9.561904761904762,Relaxed/positive
lspA,core,8563,486,89,18.31275720164609,72,25,47,0.3472222222222222,0.6527777777777778,1.88,0.752,1.88,0.752,Near neutral
gmk_2,core,8579,671,336,50.074515648286145,173,35,138,0.2023121387283237,0.7976878612716763,3.942857142857143,1.5771428571428572,3.942857142857143,1.5771428571428572,Relaxed/positive
recD2,core,8467,3244,520,16.029593094944513,409,183,226,0.4474327628361858,0.5525672371638142,1.2349726775956285,0.4939890710382514,1.2349726775956285,0.4939890710382514,Moderate purifying
rplB,core,8578,831,84,10.108303249097473,81,56,25,0.691358024691358,0.30864197530864196,0.44642857142857145,0.17857142857142858,0.44642857142857145,0.17857142857142858,Strong purifying
yhaN,core,8578,2712,662,24.410029498525073,472,167,305,0.3538135593220339,0.6461864406779662,1.8263473053892216,0.7305389221556886,1.8263473053892216,0.7305389221556886,Near neutral
sdhA_1,core,8564,902,491,54.434589800443455,248,11,237,0.04435483870967742,0.9556451612903226,21.545454545454547,8.618181818181819,21.545454545454547,8.618181818181819,Relaxed/positive
galK_2,core,8577,1237,570,46.079223928860145,286,34,252,0.11888111888111888,0.8811188811188811,7.411764705882353,2.9647058823529413,7.411764705882353,2.9647058823529413,Relaxed/positive
pyrDA,core,8535,1155,196,16.969696969696972,153,68,85,0.4444444444444444,0.5555555555555556,1.25,0.5,1.25,0.5,Moderate purifying
moaC,core,8562,519,148,28.516377649325626,94,20,74,0.2127659574468085,0.7872340425531915,3.7,1.48,3.7,1.48,Relaxed/positive
secE,core,8578,171,17,9.941520467836257,16,7,9,0.4375,0.5625,1.2857142857142858,0.5142857142857143,1.2857142857142858,0.5142857142857143,Moderate purifying
npr_1,core,8568,1681,1097,65.2587745389649,440,19,421,0.04318181818181818,0.9568181818181818,22.157894736842106,8.863157894736842,22.157894736842106,8.863157894736842,Relaxed/positive
rpsK,core,8578,390,26,6.666666666666667,23,12,11,0.5217391304347826,0.4782608695652174,0.9166666666666666,0.36666666666666664,0.9166666666666666,0.36666666666666664,Moderate purifying
dppE_8,core,8547,1798,1625,90.37819799777532,568,5,563,0.008802816901408451,0.9911971830985915,112.6,45.04,112.6,45.04,Relaxed/positive
znuC,core,8463,693,93,13.41991341991342,83,49,34,0.5903614457831325,0.40963855421686746,0.6938775510204082,0.27755102040816326,0.6938775510204082,0.27755102040816326,Strong purifying
guaC,core,8579,979,218,22.26762002042901,160,73,87,0.45625,0.54375,1.1917808219178083,0.47671232876712333,1.1917808219178083,0.47671232876712333,Moderate purifying
bglK,core,8324,882,190,21.541950113378686,139,46,93,0.33093525179856115,0.6690647482014388,2.0217391304347827,0.808695652173913,2.0217391304347827,0.808695652173913,Near neutral
pdhD,core,8560,1407,228,16.204690831556505,197,121,76,0.6142131979695431,0.38578680203045684,0.628099173553719,0.2512396694214876,0.628099173553719,0.2512396694214876,Strong purifying
fetA,core,8418,663,150,22.624434389140273,109,36,73,0.3302752293577982,0.6697247706422018,2.0277777777777777,0.8111111111111111,2.0277777777777777,0.8111111111111111,Near neutral
gadC_2,core,8388,1698,1027,60.482921083627794,416,17,399,0.040865384615384616,0.9591346153846154,23.470588235294116,9.388235294117646,23.470588235294116,9.388235294117646,Relaxed/positive
tcyP,core,8574,1394,212,15.208034433285508,172,83,89,0.48255813953488375,0.5174418604651163,1.072289156626506,0.42891566265060244,1.072289156626506,0.42891566265060244,Moderate purifying
yvdM,core,8568,651,169,25.960061443932414,126,46,80,0.36507936507936506,0.6349206349206349,1.7391304347826086,0.6956521739130435,1.7391304347826086,0.6956521739130435,Moderate purifying
sipT,core,8575,537,120,22.3463687150838,94,53,41,0.5638297872340425,0.43617021276595747,0.7735849056603774,0.309433962264151,0.7735849056603774,0.309433962264151,Moderate purifying
ptsI,core,8579,1836,256,13.943355119825709,204,101,103,0.4950980392156863,0.5049019607843137,1.0198019801980198,0.40792079207920795,1.0198019801980198,0.40792079207920795,Moderate purifying
cshB,core,8576,1440,357,24.791666666666668,241,101,140,0.4190871369294606,0.5809128630705395,1.386138613861386,0.5544554455445544,1.386138613861386,0.5544554455445544,Moderate purifying
bdhA_2,core,8360,1451,907,62.50861474844934,381,32,349,0.08398950131233596,0.916010498687664,10.90625,4.3625,10.90625,4.3625,Relaxed/positive
fabF_2,core,8580,1347,824,61.17297698589458,382,70,312,0.18324607329842932,0.8167539267015707,4.457142857142857,1.782857142857143,4.457142857142857,1.782857142857143,Relaxed/positive
rhaS_3,core,8359,1861,1413,75.92692101020957,487,8,479,0.01642710472279261,0.9835728952772074,59.875,23.95,59.875,23.95,Relaxed/positive
dcuD,core,8385,1464,299,20.423497267759565,227,81,146,0.3568281938325991,0.6431718061674009,1.8024691358024691,0.7209876543209877,1.8024691358024691,0.7209876543209877,Near neutral
steT,core,8570,1568,303,19.323979591836736,232,107,125,0.46120689655172414,0.5387931034482759,1.1682242990654206,0.4672897196261682,1.1682242990654206,0.4672897196261682,Moderate purifying
yfnB_2,core,8569,828,494,59.66183574879227,226,14,212,0.061946902654867256,0.9380530973451328,15.142857142857142,6.057142857142857,15.142857142857142,6.057142857142857,Relaxed/positive
yodC_2,core,8428,809,543,67.11990111248454,209,8,201,0.03827751196172249,0.9617224880382775,25.125,10.05,25.125,10.05,Relaxed/positive
cysQ,core,8531,783,167,21.328224776500637,126,48,78,0.38095238095238093,0.6190476190476191,1.625,0.65,1.625,0.65,Moderate purifying
def1,core,8577,496,90,18.14516129032258,61,20,41,0.32786885245901637,0.6721311475409836,2.05,0.82,2.05,0.82,Near neutral
ecfA1,core,8573,840,137,16.30952380952381,108,43,65,0.39814814814814814,0.6018518518518519,1.5116279069767442,0.6046511627906976,1.5116279069767442,0.6046511627906976,Moderate purifying
gatD,core,8580,693,106,15.295815295815295,91,60,31,0.6593406593406593,0.34065934065934067,0.5166666666666667,0.2066666666666667,0.5166666666666667,0.2066666666666667,Strong purifying
rplR,core,8578,357,22,6.162464985994398,20,9,11,0.45,0.55,1.2222222222222223,0.48888888888888893,1.2222222222222223,0.48888888888888893,Moderate purifying
trxB,core,8568,960,181,18.854166666666668,152,70,82,0.4605263157894737,0.5394736842105263,1.1714285714285715,0.4685714285714286,1.1714285714285715,0.4685714285714286,Moderate purifying
rex_2,core,8580,668,334,50.0,179,44,135,0.24581005586592178,0.7541899441340782,3.0681818181818183,1.2272727272727273,3.0681818181818183,1.2272727272727273,Near neutral
infC,core,8580,522,46,8.812260536398467,44,21,23,0.4772727272727273,0.5227272727272727,1.0952380952380953,0.43809523809523815,1.0952380952380953,0.43809523809523815,Moderate purifying
pgi,core,8569,1352,217,16.050295857988164,175,76,99,0.4342857142857143,0.5657142857142857,1.3026315789473684,0.5210526315789473,1.3026315789473684,0.5210526315789473,Moderate purifying
btuD_2,core,8580,4019,3303,82.18462304055734,1128,20,1108,0.01773049645390071,0.9822695035460993,55.4,22.16,55.4,22.16,Relaxed/positive
pyrE,core,8578,685,138,20.145985401459853,106,42,64,0.39622641509433965,0.6037735849056604,1.5238095238095237,0.6095238095238095,1.5238095238095237,0.6095238095238095,Moderate purifying
rimP,core,8580,474,65,13.71308016877637,56,24,32,0.42857142857142855,0.5714285714285714,1.3333333333333333,0.5333333333333333,1.3333333333333333,0.5333333333333333,Moderate purifying
obg,core,8577,1317,246,18.678815489749432,205,106,99,0.5170731707317073,0.48292682926829267,0.9339622641509434,0.3735849056603774,0.9339622641509434,0.3735849056603774,Moderate purifying
yclP,core,8555,756,158,20.8994708994709,125,57,68,0.456,0.544,1.1929824561403508,0.47719298245614034,1.1929824561403508,0.47719298245614034,Moderate purifying
yehR,core,8423,467,109,23.340471092077088,83,23,60,0.27710843373493976,0.7228915662650602,2.608695652173913,1.0434782608695652,2.608695652173913,1.0434782608695652,Near neutral
rpsC,core,8576,673,62,9.212481426448738,55,36,19,0.6545454545454545,0.34545454545454546,0.5277777777777778,0.2111111111111111,0.5277777777777778,0.2111111111111111,Strong purifying
era,core,8580,906,140,15.45253863134658,120,63,57,0.525,0.475,0.9047619047619048,0.3619047619047619,0.9047619047619048,0.3619047619047619,Moderate purifying
mapZ,core,8574,2647,606,22.893842085379674,424,107,317,0.25235849056603776,0.7476415094339622,2.9626168224299065,1.1850467289719626,2.9626168224299065,1.1850467289719626,Near neutral
miaA,core,8574,930,221,23.763440860215056,163,61,102,0.37423312883435583,0.6257668711656442,1.6721311475409837,0.6688524590163935,1.6721311475409837,0.6688524590163935,Moderate purifying
mhqA_2,core,8580,1095,826,75.43378995433791,327,7,320,0.021406727828746176,0.9785932721712538,45.714285714285715,18.285714285714285,45.714285714285715,18.285714285714285,Relaxed/positive
clpY,core,8573,1409,265,18.80766501064585,220,113,107,0.5136363636363637,0.4863636363636364,0.9469026548672567,0.3787610619469027,0.9469026548672567,0.3787610619469027,Moderate purifying
coaE,core,8579,633,146,23.06477093206951,114,44,70,0.38596491228070173,0.6140350877192983,1.5909090909090908,0.6363636363636364,1.5909090909090908,0.6363636363636364,Moderate purifying
nusB,core,8580,453,73,16.114790286975715,51,22,29,0.43137254901960786,0.5686274509803921,1.3181818181818181,0.5272727272727272,1.3181818181818181,0.5272727272727272,Moderate purifying
citX,core,8579,552,189,34.23913043478261,121,53,68,0.4380165289256198,0.5619834710743802,1.2830188679245282,0.5132075471698113,1.2830188679245282,0.5132075471698113,Moderate purifying
nadE,core,8579,846,166,19.62174940898345,126,45,81,0.35714285714285715,0.6428571428571429,1.8,0.72,1.8,0.72,Near neutral
bepA,core,8463,1266,260,20.537124802527646,201,80,121,0.39800995024875624,0.6019900497512438,1.5125,0.605,1.5125,0.605,Moderate purifying
darA,core,8579,330,39,11.818181818181818,36,26,10,0.7222222222222222,0.2777777777777778,0.38461538461538464,0.15384615384615385,0.38461538461538464,0.15384615384615385,Strong purifying
fbp,core,8572,1928,377,19.553941908713693,294,144,150,0.4897959183673469,0.5102040816326531,1.0416666666666667,0.4166666666666667,1.0416666666666667,0.4166666666666667,Moderate purifying
radA,core,8580,1371,196,14.296134208606857,168,94,74,0.5595238095238095,0.44047619047619047,0.7872340425531915,0.3148936170212766,0.7872340425531915,0.3148936170212766,Moderate purifying
glcR_1,core,8263,884,749,84.72850678733032,265,7,258,0.026415094339622643,0.9735849056603774,36.857142857142854,14.742857142857142,36.857142857142854,14.742857142857142,Relaxed/positive
rpmI,core,8579,201,14,6.965174129353234,13,6,7,0.46153846153846156,0.5384615384615384,1.1666666666666667,0.4666666666666667,1.1666666666666667,0.4666666666666667,Moderate purifying
murD,core,8580,1371,306,22.319474835886215,231,89,142,0.3852813852813853,0.6147186147186147,1.595505617977528,0.6382022471910112,1.595505617977528,0.6382022471910112,Moderate purifying
nagR_1,core,8579,1067,770,72.16494845360825,272,6,266,0.022058823529411766,0.9779411764705882,44.333333333333336,17.733333333333334,44.333333333333336,17.733333333333334,Relaxed/positive
galT_1,core,8576,1524,749,49.14698162729659,385,75,310,0.19480519480519481,0.8051948051948052,4.133333333333334,1.6533333333333335,4.133333333333334,1.6533333333333335,Relaxed/positive
ybbH_4,core,8573,1345,947,70.4089219330855,333,8,325,0.024024024024024024,0.975975975975976,40.625,16.25,40.625,16.25,Relaxed/positive
ccpB,core,8325,1016,308,30.314960629921263,192,58,134,0.3020833333333333,0.6979166666666666,2.310344827586207,0.9241379310344827,2.310344827586207,0.9241379310344827,Near neutral
codB,core,8568,1285,315,24.5136186770428,228,75,153,0.32894736842105265,0.6710526315789473,2.04,0.8160000000000001,2.04,0.8160000000000001,Near neutral
pepS,core,8571,1239,265,21.388216303470543,205,86,119,0.4195121951219512,0.5804878048780487,1.3837209302325582,0.5534883720930233,1.3837209302325582,0.5534883720930233,Moderate purifying
menH_1,core,8580,1180,731,61.94915254237288,299,18,281,0.06020066889632107,0.939799331103679,15.61111111111111,6.2444444444444445,15.61111111111111,6.2444444444444445,Relaxed/positive
yidA_2,core,8568,962,623,64.76091476091476,266,23,243,0.08646616541353383,0.9135338345864662,10.565217391304348,4.226086956521739,10.565217391304348,4.226086956521739,Relaxed/positive
asd,core,8472,1068,219,20.50561797752809,173,66,107,0.3815028901734104,0.6184971098265896,1.621212121212121,0.6484848484848484,1.621212121212121,0.6484848484848484,Moderate purifying
asD,core,8510,1636,297,18.15403422982885,221,42,179,0.19004524886877827,0.8099547511312217,4.261904761904762,1.7047619047619047,4.261904761904762,1.7047619047619047,Relaxed/positive
lutC,core,8576,720,162,22.5,122,43,79,0.3524590163934426,0.6475409836065574,1.8372093023255813,0.7348837209302326,1.8372093023255813,0.7348837209302326,Near neutral
gluP,core,8578,711,106,14.908579465541491,89,36,53,0.4044943820224719,0.5955056179775281,1.4722222222222223,0.5888888888888889,1.4722222222222223,0.5888888888888889,Moderate purifying
rplJ,core,8579,501,80,15.968063872255488,67,32,35,0.47761194029850745,0.5223880597014925,1.09375,0.4375,1.09375,0.4375,Moderate purifying
mhqR,core,8519,432,116,26.851851851851855,79,21,58,0.26582278481012656,0.7341772151898734,2.761904761904762,1.1047619047619048,2.761904761904762,1.1047619047619048,Near neutral
dnaE,core,8580,3333,674,20.22202220222022,521,232,289,0.44529750479846447,0.5547024952015355,1.2456896551724137,0.49827586206896546,1.2456896551724137,0.49827586206896546,Moderate purifying
ykoE,core,8578,575,158,27.47826086956522,104,30,74,0.28846153846153844,0.7115384615384616,2.466666666666667,0.9866666666666667,2.466666666666667,0.9866666666666667,Near neutral
nfrA1,core,8541,853,292,34.23212192262602,171,34,137,0.19883040935672514,0.8011695906432749,4.029411764705882,1.611764705882353,4.029411764705882,1.611764705882353,Relaxed/positive
gldA,core,8561,1141,210,18.404907975460123,162,46,116,0.2839506172839506,0.7160493827160493,2.5217391304347827,1.008695652173913,2.5217391304347827,1.008695652173913,Near neutral
purA,core,8579,1293,162,12.529002320185615,147,92,55,0.6258503401360545,0.3741496598639456,0.5978260869565217,0.2391304347826087,0.5978260869565217,0.2391304347826087,Strong purifying
carB,core,8574,3369,651,19.323241317898486,520,239,281,0.4596153846153846,0.5403846153846154,1.1757322175732217,0.4702928870292887,1.1757322175732217,0.4702928870292887,Moderate purifying
dhaK,core,8562,984,194,19.715447154471544,155,67,88,0.432258064516129,0.567741935483871,1.3134328358208955,0.5253731343283582,1.3134328358208955,0.5253731343283582,Moderate purifying
yfmL,core,8580,1310,274,20.916030534351147,208,49,159,0.23557692307692307,0.7644230769230769,3.2448979591836733,1.2979591836734694,3.2448979591836733,1.2979591836734694,Near neutral
nagB_1,core,8411,789,544,68.94803548795944,219,10,209,0.045662100456621,0.954337899543379,20.9,8.36,20.9,8.36,Relaxed/positive
aroF,core,8580,1028,195,18.96887159533074,150,66,84,0.44,0.56,1.2727272727272727,0.509090909090909,1.2727272727272727,0.509090909090909,Moderate purifying
yutF,core,8579,771,171,22.17898832684825,128,52,76,0.40625,0.59375,1.4615384615384615,0.5846153846153845,1.4615384615384615,0.5846153846153845,Moderate purifying
rpsS,core,8576,279,28,10.03584229390681,23,13,10,0.5652173913043478,0.43478260869565216,0.7692307692307693,0.3076923076923077,0.7692307692307693,0.3076923076923077,Moderate purifying
pepC,core,8564,1472,226,15.353260869565217,173,70,103,0.4046242774566474,0.5953757225433526,1.4714285714285715,0.5885714285714286,1.4714285714285715,0.5885714285714286,Moderate purifying
yvbW,core,8546,1356,257,18.952802359882007,203,102,101,0.5024630541871922,0.4975369458128079,0.9901960784313726,0.39607843137254906,0.9901960784313726,0.39607843137254906,Moderate purifying
coaBC_1,core,8580,818,353,43.15403422982885,183,17,166,0.09289617486338798,0.907103825136612,9.764705882352942,3.905882352941177,9.764705882352942,3.905882352941177,Relaxed/positive
nrdD,core,8577,2223,369,16.599190283400812,305,178,127,0.5836065573770491,0.4163934426229508,0.7134831460674157,0.2853932584269663,0.7134831460674157,0.2853932584269663,Strong purifying
yrrK,core,8579,423,78,18.439716312056735,58,34,24,0.5862068965517241,0.41379310344827586,0.7058823529411765,0.2823529411764706,0.7058823529411765,0.2823529411764706,Strong purifying
ykoD_2,core,8578,1983,1640,82.7029752899647,579,14,565,0.024179620034542316,0.9758203799654577,40.357142857142854,16.142857142857142,40.357142857142854,16.142857142857142,Relaxed/positive
pdxK_2,core,8580,871,496,56.946039035591276,243,28,215,0.11522633744855967,0.8847736625514403,7.678571428571429,3.0714285714285716,7.678571428571429,3.0714285714285716,Relaxed/positive
mgsA,core,8578,459,93,20.26143790849673,67,19,48,0.2835820895522388,0.7164179104477612,2.526315789473684,1.0105263157894737,2.526315789473684,1.0105263157894737,Near neutral
mioC,core,8575,459,93,20.26143790849673,62,20,42,0.3225806451612903,0.6774193548387096,2.1,0.8400000000000001,2.1,0.8400000000000001,Near neutral
apbE_1,core,8522,1086,599,55.156537753222835,305,16,289,0.05245901639344262,0.9475409836065574,18.0625,7.225,18.0625,7.225,Relaxed/positive
ulaF,core,8258,720,154,21.38888888888889,114,40,74,0.3508771929824561,0.6491228070175439,1.85,0.74,1.85,0.74,Near neutral
dltD,core,8577,1275,220,17.254901960784313,180,89,91,0.49444444444444446,0.5055555555555555,1.0224719101123596,0.40898876404494383,1.0224719101123596,0.40898876404494383,Moderate purifying
kdgR,core,8575,753,122,16.201859229747676,100,49,51,0.49,0.51,1.0408163265306123,0.4163265306122449,1.0408163265306123,0.4163265306122449,Moderate purifying
ccpA_2,core,8580,1365,981,71.86813186813187,369,16,353,0.04336043360433604,0.9566395663956639,22.0625,8.825,22.0625,8.825,Relaxed/positive
uppS,core,8580,816,131,16.05392156862745,112,56,56,0.5,0.5,1.0,0.4,1.0,0.4,Moderate purifying
gap_1,core,8334,1024,432,42.1875,251,63,188,0.250996015936255,0.749003984063745,2.984126984126984,1.1936507936507936,2.984126984126984,1.1936507936507936,Near neutral
ybiT_1,core,8577,2048,1267,61.865234375,509,19,490,0.03732809430255403,0.962671905697446,25.789473684210527,10.31578947368421,25.789473684210527,10.31578947368421,Relaxed/positive
plsY,core,8579,654,119,18.195718654434252,86,39,47,0.45348837209302323,0.5465116279069767,1.205128205128205,0.482051282051282,1.205128205128205,0.482051282051282,Moderate purifying
tenA,core,8574,703,203,28.87624466571835,133,31,102,0.23308270676691728,0.7669172932330827,3.2903225806451615,1.3161290322580645,3.2903225806451615,1.3161290322580645,Relaxed/positive
murT,core,8580,1362,251,18.4287812041116,196,84,112,0.42857142857142855,0.5714285714285714,1.3333333333333333,0.5333333333333333,1.3333333333333333,0.5333333333333333,Moderate purifying
parE,core,8575,2085,396,18.992805755395683,320,188,132,0.5875,0.4125,0.7021276595744681,0.28085106382978725,0.7021276595744681,0.28085106382978725,Strong purifying
pbpF,core,8575,2187,390,17.832647462277095,327,189,138,0.5779816513761468,0.42201834862385323,0.7301587301587301,0.292063492063492,0.7301587301587301,0.292063492063492,Strong purifying
manZ_3,core,8580,1315,974,74.06844106463878,332,9,323,0.02710843373493976,0.9728915662650602,35.888888888888886,14.355555555555554,35.888888888888886,14.355555555555554,Relaxed/positive
metQ_2,core,8580,1041,613,58.88568683957733,273,25,248,0.09157509157509157,0.9084249084249084,9.92,3.968,9.92,3.968,Relaxed/positive
scpB,core,8580,648,106,16.358024691358025,85,38,47,0.4470588235294118,0.5529411764705883,1.236842105263158,0.4947368421052632,1.236842105263158,0.4947368421052632,Moderate purifying
opuCA_1,core,8336,1209,526,43.5070306038048,296,81,215,0.27364864864864863,0.7263513513513513,2.654320987654321,1.0617283950617282,2.654320987654321,1.0617283950617282,Near neutral
selD,core,8252,2036,329,16.159135559921413,210,50,160,0.23809523809523808,0.7619047619047619,3.2,1.28,3.2,1.28,Near neutral
accA,core,8380,789,141,17.870722433460077,117,68,49,0.5811965811965812,0.4188034188034188,0.7205882352941176,0.28823529411764703,0.7205882352941176,0.28823529411764703,Strong purifying
adaB,core,8575,552,100,18.115942028985508,79,24,55,0.3037974683544304,0.6962025316455697,2.2916666666666665,0.9166666666666666,2.2916666666666665,0.9166666666666666,Near neutral
ptcA,core,8546,1020,168,16.470588235294116,135,47,88,0.34814814814814815,0.6518518518518519,1.872340425531915,0.7489361702127659,1.872340425531915,0.7489361702127659,Near neutral
atpC,core,8578,420,61,14.523809523809526,52,25,27,0.4807692307692308,0.5192307692307693,1.08,0.43200000000000005,1.08,0.43200000000000005,Moderate purifying
gor,core,8574,1353,261,19.290465631929045,215,109,106,0.5069767441860465,0.4930232558139535,0.9724770642201835,0.3889908256880734,0.9724770642201835,0.3889908256880734,Moderate purifying
bglC_1,core,8563,1545,1170,75.72815533980582,475,34,441,0.07157894736842105,0.9284210526315789,12.970588235294118,5.188235294117647,12.970588235294118,5.188235294117647,Relaxed/positive
yqeY,core,8580,573,89,15.532286212914483,66,11,55,0.16666666666666666,0.8333333333333334,5.0,2.0,5.0,2.0,Relaxed/positive
srrA_1,core,8502,873,710,81.32875143184421,262,12,250,0.04580152671755725,0.9541984732824428,20.833333333333332,8.333333333333332,20.833333333333332,8.333333333333332,Relaxed/positive
recN,core,8557,1687,317,18.790752815649082,249,124,125,0.4979919678714859,0.5020080321285141,1.0080645161290323,0.4032258064516129,1.0080645161290323,0.4032258064516129,Moderate purifying
trmFO,core,8575,1308,262,20.03058103975535,211,104,107,0.4928909952606635,0.5071090047393365,1.0288461538461537,0.4115384615384615,1.0288461538461537,0.4115384615384615,Moderate purifying
mntH_2,core,8579,1670,929,55.628742514970064,476,156,320,0.3277310924369748,0.6722689075630253,2.051282051282051,0.8205128205128205,2.051282051282051,0.8205128205128205,Near neutral
sorB_3,core,8151,655,525,80.1526717557252,184,5,179,0.02717391304347826,0.9728260869565217,35.8,14.319999999999999,35.8,14.319999999999999,Relaxed/positive
ctpA,core,8579,1473,329,22.335369993211135,252,76,176,0.30158730158730157,0.6984126984126984,2.3157894736842106,0.9263157894736842,2.3157894736842106,0.9263157894736842,Near neutral
phoP_2,core,8580,788,571,72.46192893401016,237,18,219,0.0759493670886076,0.9240506329113924,12.166666666666666,4.866666666666666,12.166666666666666,4.866666666666666,Relaxed/positive
purQ,core,8569,678,160,23.59882005899705,123,48,75,0.3902439024390244,0.6097560975609756,1.5625,0.625,1.5625,0.625,Moderate purifying
ldh_1,core,8426,1007,484,48.0635551142006,254,26,228,0.10236220472440945,0.8976377952755905,8.76923076923077,3.507692307692308,8.76923076923077,3.507692307692308,Relaxed/positive
rpmGA_2,core,8578,150,95,63.33333333333333,43,11,32,0.2558139534883721,0.7441860465116279,2.909090909090909,1.1636363636363636,2.909090909090909,1.1636363636363636,Near neutral
clsA_2,core,8388,1652,1084,65.61743341404357,474,73,401,0.1540084388185654,0.8459915611814346,5.493150684931507,2.197260273972603,5.493150684931507,2.197260273972603,Relaxed/positive
glpQ,core,8482,951,222,23.34384858044164,150,32,118,0.21333333333333335,0.7866666666666666,3.6875,1.475,3.6875,1.475,Relaxed/positive
rpoC,core,8577,3669,457,12.455710002725539,413,278,135,0.6731234866828087,0.3268765133171913,0.4856115107913669,0.19424460431654675,0.4856115107913669,0.19424460431654675,Strong purifying
ulaA_2,core,8264,1615,1011,62.600619195046434,449,18,431,0.0400890868596882,0.9599109131403119,23.944444444444443,9.577777777777778,23.944444444444443,9.577777777777778,Relaxed/positive
hcxA_1,core,8578,1321,583,44.1332323996972,308,37,271,0.12012987012987013,0.8798701298701299,7.324324324324325,2.92972972972973,7.324324324324325,2.92972972972973,Relaxed/positive
ybbW,core,8472,1525,412,27.01639344262295,277,90,187,0.3249097472924188,0.6750902527075813,2.077777777777778,0.8311111111111111,2.077777777777778,0.8311111111111111,Near neutral
bmr3,core,8567,1710,290,16.95906432748538,220,69,151,0.31363636363636366,0.6863636363636364,2.1884057971014492,0.8753623188405797,2.1884057971014492,0.8753623188405797,Near neutral
ddl,core,8517,1074,200,18.6219739292365,154,68,86,0.44155844155844154,0.5584415584415584,1.2647058823529411,0.5058823529411764,1.2647058823529411,0.5058823529411764,Moderate purifying
rsmB,core,8575,2130,274,12.863849765258218,208,88,120,0.4230769230769231,0.5769230769230769,1.3636363636363635,0.5454545454545454,1.3636363636363635,0.5454545454545454,Moderate purifying
ftsW_1,core,8578,1277,651,50.97885669537979,343,53,290,0.15451895043731778,0.8454810495626822,5.471698113207547,2.188679245283019,5.471698113207547,2.188679245283019,Relaxed/positive
msrB,core,8577,522,96,18.39080459770115,73,31,42,0.4246575342465753,0.5753424657534246,1.3548387096774193,0.5419354838709677,1.3548387096774193,0.5419354838709677,Moderate purifying
fabZ_2,core,8580,477,272,57.023060796645694,135,25,110,0.18518518518518517,0.8148148148148148,4.4,1.7600000000000002,4.4,1.7600000000000002,Relaxed/positive
ffh,core,8579,1452,234,16.115702479338843,197,108,89,0.5482233502538071,0.4517766497461929,0.8240740740740741,0.3296296296296296,0.8240740740740741,0.3296296296296296,Moderate purifying
coaA,core,8579,924,115,12.445887445887447,100,58,42,0.58,0.42,0.7241379310344828,0.2896551724137931,0.7241379310344828,0.2896551724137931,Strong purifying
pyk,core,8579,1758,209,11.888509670079635,190,97,93,0.5105263157894737,0.48947368421052634,0.9587628865979382,0.3835051546391753,0.9587628865979382,0.3835051546391753,Moderate purifying
mltG,core,8578,1395,213,15.268817204301074,179,96,83,0.5363128491620112,0.46368715083798884,0.8645833333333334,0.3458333333333333,0.8645833333333334,0.3458333333333333,Moderate purifying
fliY,core,8574,831,169,20.33694344163658,132,42,90,0.3181818181818182,0.6818181818181818,2.142857142857143,0.8571428571428571,2.142857142857143,0.8571428571428571,Near neutral
panE_1,core,8465,945,603,63.8095238095238,294,71,223,0.24149659863945577,0.7585034013605442,3.140845070422535,1.256338028169014,3.140845070422535,1.256338028169014,Near neutral
artM,core,8576,753,116,15.405046480743692,96,54,42,0.5625,0.4375,0.7777777777777778,0.3111111111111111,0.7777777777777778,0.3111111111111111,Moderate purifying
rlmI,core,8568,1175,295,25.106382978723403,193,35,158,0.18134715025906736,0.8186528497409327,4.514285714285714,1.8057142857142856,4.514285714285714,1.8057142857142856,Relaxed/positive
aldC,core,8580,705,138,19.574468085106382,108,34,74,0.3148148148148148,0.6851851851851852,2.176470588235294,0.8705882352941176,2.176470588235294,0.8705882352941176,Near neutral
tyrS1_2,core,8407,1281,571,44.57455113192818,332,106,226,0.3192771084337349,0.6807228915662651,2.1320754716981134,0.8528301886792453,2.1320754716981134,0.8528301886792453,Near neutral
cysE,core,8577,542,90,16.605166051660518,80,45,35,0.5625,0.4375,0.7777777777777778,0.3111111111111111,0.7777777777777778,0.3111111111111111,Moderate purifying
secY,core,8579,1299,155,11.932255581216321,140,82,58,0.5857142857142857,0.4142857142857143,0.7073170731707317,0.28292682926829266,0.7073170731707317,0.28292682926829266,Strong purifying
rplF,core,8575,537,60,11.1731843575419,51,24,27,0.47058823529411764,0.5294117647058824,1.125,0.45,1.125,0.45,Moderate purifying
ntpB,core,8580,1377,233,16.92084241103849,192,114,78,0.59375,0.40625,0.6842105263157895,0.2736842105263158,0.6842105263157895,0.2736842105263158,Strong purifying
yfkJ,core,8578,515,134,26.019417475728158,83,10,73,0.12048192771084337,0.8795180722891566,7.3,2.92,7.3,2.92,Relaxed/positive
potA,core,8530,1086,169,15.561694290976058,141,82,59,0.5815602836879432,0.41843971631205673,0.7195121951219512,0.28780487804878047,0.7195121951219512,0.28780487804878047,Strong purifying
buk2,core,8482,1114,256,22.980251346499102,195,73,122,0.37435897435897436,0.6256410256410256,1.6712328767123288,0.6684931506849315,1.6712328767123288,0.6684931506849315,Moderate purifying
aar,core,8512,1191,237,19.899244332493705,191,85,106,0.44502617801047123,0.5549738219895288,1.2470588235294118,0.4988235294117647,1.2470588235294118,0.4988235294117647,Moderate purifying
dnaA,core,8529,1344,141,10.491071428571429,128,93,35,0.7265625,0.2734375,0.3763440860215054,0.15053763440860216,0.3763440860215054,0.15053763440860216,Strong purifying
groL,core,8572,1710,276,16.140350877192983,209,131,78,0.6267942583732058,0.37320574162679426,0.5954198473282443,0.2381679389312977,0.5954198473282443,0.2381679389312977,Strong purifying
punA,core,8577,819,151,18.43711843711844,118,46,72,0.3898305084745763,0.6101694915254238,1.565217391304348,0.6260869565217392,1.565217391304348,0.6260869565217392,Moderate purifying
nylA,core,8567,1452,363,25.0,273,113,160,0.4139194139194139,0.5860805860805861,1.415929203539823,0.5663716814159292,1.415929203539823,0.5663716814159292,Moderate purifying
maf,core,8394,561,156,27.807486631016044,108,40,68,0.37037037037037035,0.6296296296296297,1.7,0.6799999999999999,1.7,0.6799999999999999,Moderate purifying
yecS,core,8577,650,117,18.0,90,19,71,0.2111111111111111,0.7888888888888889,3.736842105263158,1.4947368421052631,3.736842105263158,1.4947368421052631,Relaxed/positive
iscU,core,8579,536,120,22.388059701492537,82,28,54,0.34146341463414637,0.6585365853658537,1.9285714285714286,0.7714285714285715,1.9285714285714286,0.7714285714285715,Near neutral
yccU,core,8580,439,115,26.195899772209568,87,24,63,0.27586206896551724,0.7241379310344828,2.625,1.05,2.625,1.05,Near neutral
rsiV,core,8573,903,218,24.14174972314507,160,72,88,0.45,0.55,1.2222222222222223,0.48888888888888893,1.2222222222222223,0.48888888888888893,Moderate purifying
aroB,core,8515,1077,224,20.798514391829155,167,53,114,0.31736526946107785,0.6826347305389222,2.150943396226415,0.8603773584905661,2.150943396226415,0.8603773584905661,Near neutral
ypjQ,core,8424,510,89,17.45098039215686,68,33,35,0.4852941176470588,0.5147058823529411,1.0606060606060606,0.4242424242424242,1.0606060606060606,0.4242424242424242,Moderate purifying
scmP_2,core,8560,1284,870,67.7570093457944,380,29,351,0.07631578947368421,0.9236842105263158,12.10344827586207,4.841379310344828,12.10344827586207,4.841379310344828,Relaxed/positive
pdp,core,8576,1305,208,15.938697318007664,179,94,85,0.5251396648044693,0.4748603351955307,0.9042553191489362,0.3617021276595745,0.9042553191489362,0.3617021276595745,Moderate purifying
ytcD_1,core,8362,393,295,75.06361323155217,113,2,111,0.017699115044247787,0.9823008849557522,55.5,22.2,55.5,22.2,Relaxed/positive
tmpC_1,core,8578,1136,606,53.345070422535215,312,24,288,0.07692307692307693,0.9230769230769231,12.0,4.8,12.0,4.8,Relaxed/positive
sigA,core,8579,1236,156,12.62135922330097,140,87,53,0.6214285714285714,0.37857142857142856,0.6091954022988506,0.24367816091954025,0.6091954022988506,0.24367816091954025,Strong purifying
pspA_1,core,8521,799,429,53.69211514392991,183,13,170,0.07103825136612021,0.9289617486338798,13.076923076923077,5.230769230769231,13.076923076923077,5.230769230769231,Relaxed/positive
lacC_2,core,8546,1796,885,49.27616926503341,333,13,320,0.03903903903903904,0.960960960960961,24.615384615384617,9.846153846153847,24.615384615384617,9.846153846153847,Relaxed/positive
mngB,core,8162,2772,545,19.660894660894662,426,166,260,0.38967136150234744,0.6103286384976526,1.5662650602409638,0.6265060240963856,1.5662650602409638,0.6265060240963856,Moderate purifying
rpsO,core,8580,270,23,8.518518518518519,23,14,9,0.6086956521739131,0.391304347826087,0.6428571428571429,0.2571428571428572,0.6428571428571429,0.2571428571428572,Strong purifying
adhE_3,core,8567,2645,1382,52.24952741020794,674,40,634,0.05934718100890208,0.9406528189910979,15.85,6.34,15.85,6.34,Relaxed/positive
rihA,core,8373,1002,233,23.253493013972058,165,38,127,0.23030303030303031,0.7696969696969697,3.3421052631578947,1.3368421052631578,3.3421052631578947,1.3368421052631578,Relaxed/positive
pflB,core,8579,2260,224,9.91150442477876,213,158,55,0.7417840375586855,0.25821596244131456,0.34810126582278483,0.13924050632911394,0.34810126582278483,0.13924050632911394,Strong purifying
penA,core,8573,2196,548,24.95446265938069,391,183,208,0.4680306905370844,0.5319693094629157,1.1366120218579234,0.45464480874316937,1.1366120218579234,0.45464480874316937,Moderate purifying
rapA,core,8275,3213,652,20.29256146903206,510,235,275,0.46078431372549017,0.5392156862745098,1.1702127659574468,0.46808510638297873,1.1702127659574468,0.46808510638297873,Moderate purifying
QRSL1_2,core,8404,4382,1567,35.75992697398448,734,83,651,0.11307901907356949,0.8869209809264306,7.843373493975903,3.1373493975903615,7.843373493975903,3.1373493975903615,Relaxed/positive
glmS_2,core,8253,1909,928,48.611838658983764,426,34,392,0.07981220657276995,0.92018779342723,11.529411764705882,4.6117647058823525,11.529411764705882,4.6117647058823525,Relaxed/positive
proS,core,8579,1722,308,17.88617886178862,246,126,120,0.5121951219512195,0.4878048780487805,0.9523809523809523,0.38095238095238093,0.9523809523809523,0.38095238095238093,Moderate purifying
lacD_1,core,8250,1068,667,62.453183520599254,310,5,305,0.016129032258064516,0.9838709677419355,61.0,24.4,61.0,24.4,Relaxed/positive
relA,core,8579,2214,331,14.950316169828366,286,171,115,0.5979020979020979,0.4020979020979021,0.672514619883041,0.26900584795321636,0.672514619883041,0.26900584795321636,Strong purifying
cydD,core,8578,1800,388,21.555555555555557,297,131,166,0.44107744107744107,0.5589225589225589,1.2671755725190839,0.5068702290076336,1.2671755725190839,0.5068702290076336,Moderate purifying
menD,core,8577,1746,360,20.618556701030926,271,118,153,0.4354243542435424,0.5645756457564576,1.2966101694915255,0.5186440677966102,1.2966101694915255,0.5186440677966102,Moderate purifying
ccpN,core,8580,633,99,15.639810426540285,81,37,44,0.4567901234567901,0.5432098765432098,1.1891891891891893,0.4756756756756757,1.1891891891891893,0.4756756756756757,Moderate purifying
ysdC_2,core,8579,1178,647,54.92359932088286,321,37,284,0.11526479750778816,0.8847352024922118,7.675675675675675,3.07027027027027,7.675675675675675,3.07027027027027,Relaxed/positive
proC_1,core,8580,828,598,72.22222222222221,265,34,231,0.12830188679245283,0.8716981132075472,6.794117647058823,2.7176470588235295,6.794117647058823,2.7176470588235295,Relaxed/positive
mrdA,core,8572,2049,468,22.840409956076137,334,121,213,0.36227544910179643,0.6377245508982036,1.7603305785123966,0.7041322314049586,1.7603305785123966,0.7041322314049586,Near neutral
citD,core,8579,309,73,23.624595469255663,55,27,28,0.4909090909090909,0.509090909090909,1.037037037037037,0.4148148148148148,1.037037037037037,0.4148148148148148,Moderate purifying
tig,core,8580,1284,172,13.395638629283487,138,58,80,0.42028985507246375,0.5797101449275363,1.3793103448275863,0.5517241379310345,1.3793103448275863,0.5517241379310345,Moderate purifying
oppD_2,core,8573,1125,529,47.02222222222222,278,64,214,0.2302158273381295,0.7697841726618705,3.34375,1.3375,3.34375,1.3375,Relaxed/positive
manX_1,core,8580,1326,907,68.40120663650076,348,19,329,0.05459770114942529,0.9454022988505747,17.31578947368421,6.9263157894736835,17.31578947368421,6.9263157894736835,Relaxed/positive
glnQ_3,core,8579,795,591,74.33962264150942,246,31,215,0.12601626016260162,0.8739837398373984,6.935483870967742,2.774193548387097,6.935483870967742,2.774193548387097,Relaxed/positive
rplV,core,8577,405,28,6.91358024691358,26,14,12,0.5384615384615384,0.46153846153846156,0.8571428571428571,0.34285714285714286,0.8571428571428571,0.34285714285714286,Moderate purifying
tagU_4,core,8579,2208,1254,56.79347826086957,522,21,501,0.040229885057471264,0.9597701149425287,23.857142857142858,9.542857142857143,23.857142857142858,9.542857142857143,Relaxed/positive
clpE,core,8573,2265,398,17.571743929359823,316,144,172,0.45569620253164556,0.5443037974683544,1.1944444444444444,0.47777777777777775,1.1944444444444444,0.47777777777777775,Moderate purifying
ppaC,core,8577,927,188,20.28047464940669,147,60,87,0.40816326530612246,0.5918367346938775,1.45,0.58,1.45,0.58,Moderate purifying
metN_1,core,8563,1089,460,42.240587695133144,272,91,181,0.33455882352941174,0.6654411764705882,1.989010989010989,0.7956043956043957,1.989010989010989,0.7956043956043957,Near neutral
sgbH,core,8197,690,142,20.579710144927535,109,37,72,0.3394495412844037,0.6605504587155964,1.945945945945946,0.7783783783783784,1.945945945945946,0.7783783783783784,Near neutral
acpP,core,8577,261,40,15.32567049808429,27,7,20,0.25925925925925924,0.7407407407407407,2.857142857142857,1.1428571428571428,2.857142857142857,1.1428571428571428,Near neutral
gyrB_1,core,8536,2339,1094,46.77212483967507,476,45,431,0.09453781512605042,0.9054621848739496,9.577777777777778,3.831111111111111,9.577777777777778,3.831111111111111,Relaxed/positive
mtlF_2,core,8580,438,248,56.62100456621004,133,29,104,0.21804511278195488,0.7819548872180451,3.586206896551724,1.4344827586206896,3.586206896551724,1.4344827586206896,Relaxed/positive
btuD_6,core,8572,5138,3309,64.4024912417283,1132,27,1105,0.023851590106007067,0.976148409893993,40.925925925925924,16.37037037037037,40.925925925925924,16.37037037037037,Relaxed/positive
macB_2,core,8570,2378,1373,57.737594617325485,488,5,483,0.010245901639344262,0.9897540983606558,96.6,38.64,96.6,38.64,Relaxed/positive
exuR,core,8532,966,204,21.11801242236025,152,60,92,0.39473684210526316,0.6052631578947368,1.5333333333333334,0.6133333333333334,1.5333333333333334,0.6133333333333334,Moderate purifying
purM,core,8550,1078,255,23.65491651205937,198,80,118,0.40404040404040403,0.5959595959595959,1.475,0.5900000000000001,1.475,0.5900000000000001,Moderate purifying
mltF_2,core,8580,2351,1182,50.2764780944279,541,40,501,0.07393715341959335,0.9260628465804066,12.525,5.01,12.525,5.01,Relaxed/positive
hom,core,8577,1293,243,18.793503480278424,194,80,114,0.41237113402061853,0.5876288659793815,1.425,0.5700000000000001,1.425,0.5700000000000001,Moderate purifying
cspLA_2,core,8580,201,74,36.81592039800995,48,23,25,0.4791666666666667,0.5208333333333334,1.0869565217391304,0.43478260869565216,1.0869565217391304,0.43478260869565216,Moderate purifying
nrdF2,core,8558,966,112,11.594202898550725,104,76,28,0.7307692307692307,0.2692307692307692,0.3684210526315789,0.14736842105263157,0.3684210526315789,0.14736842105263157,Strong purifying
yhbY,core,8576,312,62,19.871794871794872,45,16,29,0.35555555555555557,0.6444444444444445,1.8125,0.725,1.8125,0.725,Near neutral
aqpZ,core,8574,763,240,31.45478374836173,161,48,113,0.2981366459627329,0.7018633540372671,2.3541666666666665,0.9416666666666667,2.3541666666666665,0.9416666666666667,Near neutral
secA,core,8580,2539,398,15.675462780622293,345,210,135,0.6086956521739131,0.391304347826087,0.6428571428571429,0.2571428571428572,0.6428571428571429,0.2571428571428572,Strong purifying
agaS,core,8532,1179,276,23.40966921119593,211,89,122,0.4218009478672986,0.5781990521327014,1.3707865168539326,0.5483146067415731,1.3707865168539326,0.5483146067415731,Moderate purifying
engB,core,8579,582,90,15.463917525773196,74,39,35,0.527027027027027,0.47297297297297297,0.8974358974358975,0.358974358974359,0.8974358974358975,0.358974358974359,Moderate purifying
dppE_4,core,8580,1850,1638,88.54054054054053,568,12,556,0.02112676056338028,0.9788732394366197,46.333333333333336,18.533333333333335,46.333333333333336,18.533333333333335,Relaxed/positive
dtd,core,8578,447,91,20.3579418344519,72,28,44,0.3888888888888889,0.6111111111111112,1.5714285714285714,0.6285714285714286,1.5714285714285714,0.6285714285714286,Moderate purifying
yvbK,core,8578,466,121,25.9656652360515,85,13,72,0.15294117647058825,0.8470588235294118,5.538461538461538,2.2153846153846155,5.538461538461538,2.2153846153846155,Relaxed/positive
yknY_2,core,8580,778,629,80.8483290488432,241,1,240,0.004149377593360996,0.995850622406639,240.0,96.0,240.0,96.0,Relaxed/positive
argR_1,core,8580,532,398,74.81203007518798,158,10,148,0.06329113924050633,0.9367088607594937,14.8,5.92,14.8,5.92,Relaxed/positive
glcU_2,core,8577,913,510,55.85980284775466,265,33,232,0.12452830188679245,0.8754716981132076,7.03030303030303,2.812121212121212,7.03030303030303,2.812121212121212,Relaxed/positive
rpsG,core,8579,471,39,8.280254777070063,36,24,12,0.6666666666666666,0.3333333333333333,0.5,0.2,0.5,0.2,Strong purifying
phoU,core,8580,678,82,12.094395280235988,72,48,24,0.6666666666666666,0.3333333333333333,0.5,0.2,0.5,0.2,Strong purifying
sbcD,core,8578,1269,236,18.5973207249803,187,81,106,0.43315508021390375,0.5668449197860963,1.308641975308642,0.5234567901234568,1.308641975308642,0.5234567901234568,Moderate purifying
levE_1,core,8447,651,464,71.27496159754224,165,1,164,0.006060606060606061,0.9939393939393939,164.0,65.6,164.0,65.6,Relaxed/positive
ecsA,core,8566,756,123,16.26984126984127,95,42,53,0.4421052631578947,0.5578947368421052,1.2619047619047619,0.5047619047619047,1.2619047619047619,0.5047619047619047,Moderate purifying
rnj2,core,8576,1689,302,17.88040260509177,249,118,131,0.4738955823293173,0.5261044176706827,1.1101694915254237,0.4440677966101695,1.1101694915254237,0.4440677966101695,Moderate purifying
arcC1_3,core,8580,1085,723,66.63594470046083,307,7,300,0.02280130293159609,0.9771986970684039,42.857142857142854,17.142857142857142,42.857142857142854,17.142857142857142,Relaxed/positive
cysM,core,8571,956,211,22.07112970711297,137,14,123,0.10218978102189781,0.8978102189781022,8.785714285714286,3.5142857142857147,8.785714285714286,3.5142857142857147,Relaxed/positive
spuD,core,8480,1065,187,17.558685446009388,155,67,88,0.432258064516129,0.567741935483871,1.3134328358208955,0.5253731343283582,1.3134328358208955,0.5253731343283582,Moderate purifying
xpt,core,8576,582,101,17.353951890034363,85,39,46,0.4588235294117647,0.5411764705882353,1.1794871794871795,0.4717948717948718,1.1794871794871795,0.4717948717948718,Moderate purifying
ygeW,core,8566,1303,261,20.03069838833461,172,25,147,0.14534883720930233,0.8546511627906976,5.88,2.352,5.88,2.352,Relaxed/positive
catD,core,8574,382,99,25.916230366492147,74,23,51,0.3108108108108108,0.6891891891891891,2.217391304347826,0.8869565217391304,2.217391304347826,0.8869565217391304,Near neutral
tpx,core,8578,583,112,19.210977701543737,84,30,54,0.35714285714285715,0.6428571428571429,1.8,0.72,1.8,0.72,Near neutral
pepF1,core,8198,1830,363,19.836065573770494,279,112,167,0.4014336917562724,0.5985663082437276,1.4910714285714286,0.5964285714285714,1.4910714285714286,0.5964285714285714,Moderate purifying
allC,core,8482,1227,287,23.390383048084757,222,83,139,0.3738738738738739,0.6261261261261262,1.6746987951807228,0.6698795180722892,1.6746987951807228,0.6698795180722892,Moderate purifying
azoR,core,8545,639,131,20.50078247261346,93,30,63,0.3225806451612903,0.6774193548387096,2.1,0.8400000000000001,2.1,0.8400000000000001,Near neutral
ahpC,core,8576,564,98,17.375886524822697,80,34,46,0.425,0.575,1.3529411764705883,0.5411764705882354,1.3529411764705883,0.5411764705882354,Moderate purifying
rplN,core,8573,369,27,7.317073170731707,25,17,8,0.68,0.32,0.47058823529411764,0.18823529411764706,0.47058823529411764,0.18823529411764706,Strong purifying
yueI,core,8575,453,104,22.958057395143488,82,37,45,0.45121951219512196,0.5487804878048781,1.2162162162162162,0.4864864864864865,1.2162162162162162,0.4864864864864865,Moderate purifying
tilS,core,8580,1389,275,19.798416126709864,213,91,122,0.4272300469483568,0.5727699530516432,1.3406593406593406,0.5362637362637362,1.3406593406593406,0.5362637362637362,Moderate purifying
yvcJ,core,8578,888,141,15.878378378378377,118,74,44,0.6271186440677966,0.3728813559322034,0.5945945945945946,0.23783783783783785,0.5945945945945946,0.23783783783783785,Strong purifying
feoB,core,8565,2154,441,20.473537604456823,352,162,190,0.4602272727272727,0.5397727272727273,1.1728395061728396,0.46913580246913583,1.1728395061728396,0.46913580246913583,Moderate purifying
gdnC,core,8576,337,70,20.77151335311573,55,13,42,0.23636363636363636,0.7636363636363637,3.230769230769231,1.2923076923076924,3.230769230769231,1.2923076923076924,Near neutral
mshD_1,core,8514,1059,646,61.00094428706326,253,10,243,0.039525691699604744,0.9604743083003953,24.3,9.72,24.3,9.72,Relaxed/positive
rbgA,core,8578,936,179,19.12393162393162,142,70,72,0.49295774647887325,0.5070422535211268,1.0285714285714285,0.41142857142857137,1.0285714285714285,0.41142857142857137,Moderate purifying
pstB3_1,core,8579,810,323,39.876543209876544,193,72,121,0.37305699481865284,0.6269430051813472,1.6805555555555556,0.6722222222222223,1.6805555555555556,0.6722222222222223,Moderate purifying
rcsC_2,core,8580,2313,1541,66.62343277129268,570,35,535,0.06140350877192982,0.9385964912280702,15.285714285714286,6.114285714285715,15.285714285714286,6.114285714285715,Relaxed/positive
dnaI,core,8481,933,139,14.89817792068596,119,62,57,0.5210084033613446,0.4789915966386555,0.9193548387096774,0.36774193548387096,0.9193548387096774,0.36774193548387096,Moderate purifying
licT_1,core,8320,1113,845,75.92093441150045,297,9,288,0.030303030303030304,0.9696969696969697,32.0,12.8,32.0,12.8,Relaxed/positive
dtpT,core,8554,1630,215,13.190184049079754,180,94,86,0.5222222222222223,0.4777777777777778,0.9148936170212766,0.3659574468085106,0.9148936170212766,0.3659574468085106,Moderate purifying
deoD,core,8566,723,116,16.044260027662517,93,40,53,0.43010752688172044,0.5698924731182796,1.325,0.53,1.325,0.53,Moderate purifying
gspA_2,core,8523,936,552,58.97435897435898,264,25,239,0.0946969696969697,0.9053030303030303,9.56,3.8240000000000003,9.56,3.8240000000000003,Relaxed/positive
ctsR,core,8575,468,46,9.82905982905983,40,24,16,0.6,0.4,0.6666666666666666,0.26666666666666666,0.6666666666666666,0.26666666666666666,Strong purifying
recQ_2,core,8573,1934,886,45.81178903826267,455,72,383,0.15824175824175823,0.8417582417582418,5.319444444444445,2.1277777777777778,5.319444444444445,2.1277777777777778,Relaxed/positive
ctpE_1,core,8580,2554,1302,50.97885669537979,675,110,565,0.16296296296296298,0.837037037037037,5.136363636363637,2.0545454545454547,5.136363636363637,2.0545454545454547,Relaxed/positive
purE,core,8569,532,137,25.75187969924812,93,17,76,0.1827956989247312,0.8172043010752689,4.470588235294118,1.7882352941176471,4.470588235294118,1.7882352941176471,Relaxed/positive
agaC_1,core,8492,986,803,81.44016227180528,295,2,293,0.006779661016949152,0.9932203389830508,146.5,58.6,146.5,58.6,Relaxed/positive
hpt,core,8580,546,56,10.256410256410255,54,37,17,0.6851851851851852,0.3148148148148148,0.4594594594594595,0.1837837837837838,0.4594594594594595,0.1837837837837838,Strong purifying
ntpJ_1,core,8577,1624,762,46.92118226600985,380,51,329,0.13421052631578947,0.8657894736842106,6.450980392156863,2.5803921568627453,6.450980392156863,2.5803921568627453,Relaxed/positive
lpxG_2,core,8418,987,489,49.544072948328264,238,23,215,0.09663865546218488,0.9033613445378151,9.347826086956522,3.7391304347826084,9.347826086956522,3.7391304347826084,Relaxed/positive
yfeW_2,core,8471,2420,747,30.867768595041323,326,34,292,0.10429447852760736,0.8957055214723927,8.588235294117647,3.4352941176470586,8.588235294117647,3.4352941176470586,Relaxed/positive
nrdH,core,8562,225,22,9.777777777777779,21,12,9,0.5714285714285714,0.42857142857142855,0.75,0.3,0.75,0.3,Moderate purifying
licC_2,core,8580,1778,1477,83.07086614173228,512,13,499,0.025390625,0.974609375,38.38461538461539,15.353846153846154,38.38461538461539,15.353846153846154,Relaxed/positive
pth,core,8580,567,105,18.51851851851852,79,36,43,0.45569620253164556,0.5443037974683544,1.1944444444444444,0.47777777777777775,1.1944444444444444,0.47777777777777775,Moderate purifying
queA,core,8579,1047,198,18.911174785100286,166,89,77,0.536144578313253,0.463855421686747,0.8651685393258427,0.34606741573033706,0.8651685393258427,0.34606741573033706,Moderate purifying
tag_1,core,8575,697,430,61.69296987087518,184,14,170,0.07608695652173914,0.9239130434782609,12.142857142857142,4.857142857142857,12.142857142857142,4.857142857142857,Relaxed/positive
graR,core,8577,679,110,16.200294550810014,88,39,49,0.4431818181818182,0.5568181818181818,1.2564102564102564,0.5025641025641026,1.2564102564102564,0.5025641025641026,Moderate purifying
yfcJ,core,8523,1237,275,22.23120452708165,203,111,92,0.5467980295566502,0.45320197044334976,0.8288288288288288,0.33153153153153153,0.8288288288288288,0.33153153153153153,Moderate purifying
polA,core,8577,2649,419,15.81728954322386,358,189,169,0.5279329608938548,0.4720670391061452,0.8941798941798942,0.3576719576719577,0.8941798941798942,0.3576719576719577,Moderate purifying
mutS2_2,core,8572,2483,1200,48.32863471606927,623,96,527,0.15409309791332262,0.8459069020866774,5.489583333333333,2.1958333333333333,5.489583333333333,2.1958333333333333,Relaxed/positive
pstS1_2,core,8579,903,432,47.840531561461795,246,70,176,0.2845528455284553,0.7154471544715447,2.5142857142857142,1.0057142857142858,2.5142857142857142,1.0057142857142858,Near neutral
puuR,core,8580,543,66,12.154696132596685,59,36,23,0.6101694915254238,0.3898305084745763,0.6388888888888888,0.25555555555555554,0.6388888888888888,0.25555555555555554,Strong purifying
bceB,core,8515,2386,1129,47.31768650461023,541,57,484,0.10536044362292052,0.8946395563770795,8.491228070175438,3.3964912280701753,8.491228070175438,3.3964912280701753,Relaxed/positive
zapA,core,8579,463,64,13.822894168466524,53,17,36,0.32075471698113206,0.6792452830188679,2.1176470588235294,0.8470588235294118,2.1176470588235294,0.8470588235294118,Near neutral
gpsB,core,8580,448,74,16.517857142857142,54,18,36,0.3333333333333333,0.6666666666666666,2.0,0.8,2.0,0.8,Near neutral
cysL_2,core,8407,911,550,60.37321624588364,256,25,231,0.09765625,0.90234375,9.24,3.696,9.24,3.696,Relaxed/positive
paiA_2,core,8516,626,395,63.09904153354633,167,9,158,0.05389221556886228,0.9461077844311377,17.555555555555557,7.022222222222223,17.555555555555557,7.022222222222223,Relaxed/positive
cah,core,8580,709,134,18.899858956276447,89,11,78,0.12359550561797752,0.8764044943820225,7.090909090909091,2.8363636363636364,7.090909090909091,2.8363636363636364,Relaxed/positive
pepV_2,core,8570,1463,756,51.674641148325364,377,25,352,0.06631299734748011,0.9336870026525199,14.08,5.632,14.08,5.632,Relaxed/positive
gmuC,core,8320,1409,256,18.168914123491838,195,55,140,0.28205128205128205,0.717948717948718,2.5454545454545454,1.018181818181818,2.5454545454545454,1.018181818181818,Near neutral
folK,core,8569,487,101,20.739219712525667,75,23,52,0.30666666666666664,0.6933333333333334,2.260869565217391,0.9043478260869564,2.260869565217391,0.9043478260869564,Near neutral
rmlA,core,8579,867,122,14.071510957324108,105,65,40,0.6190476190476191,0.38095238095238093,0.6153846153846154,0.24615384615384617,0.6153846153846154,0.24615384615384617,Strong purifying
spo0J,core,8580,900,121,13.444444444444445,107,70,37,0.6542056074766355,0.34579439252336447,0.5285714285714286,0.21142857142857144,0.5285714285714286,0.21142857142857144,Strong purifying
yqfL_1,core,8579,941,439,46.65249734325186,244,69,175,0.2827868852459016,0.7172131147540983,2.536231884057971,1.0144927536231885,2.536231884057971,1.0144927536231885,Near neutral
rpiA,core,8578,681,138,20.26431718061674,110,47,63,0.42727272727272725,0.5727272727272728,1.3404255319148937,0.5361702127659574,1.3404255319148937,0.5361702127659574,Moderate purifying
yhdG,core,8577,1398,251,17.954220314735338,203,95,108,0.46798029556650245,0.5320197044334976,1.1368421052631579,0.45473684210526316,1.1368421052631579,0.45473684210526316,Moderate purifying
fadA,core,8544,2418,495,20.471464019851116,385,165,220,0.42857142857142855,0.5714285714285714,1.3333333333333333,0.5333333333333333,1.3333333333333333,0.5333333333333333,Moderate purifying
urdA,core,8509,642,145,22.585669781931465,101,18,83,0.1782178217821782,0.8217821782178217,4.611111111111111,1.8444444444444443,4.611111111111111,1.8444444444444443,Relaxed/positive
manZ_7,core,8560,1346,988,73.40267459138187,342,7,335,0.02046783625730994,0.97953216374269,47.857142857142854,19.142857142857142,47.857142857142854,19.142857142857142,Relaxed/positive
luxS,core,8579,459,62,13.507625272331156,53,22,31,0.41509433962264153,0.5849056603773585,1.4090909090909092,0.5636363636363637,1.4090909090909092,0.5636363636363637,Moderate purifying
tmk,core,8563,639,87,13.615023474178404,70,32,38,0.45714285714285713,0.5428571428571428,1.1875,0.475,1.1875,0.475,Moderate purifying
mdtG,core,8516,1332,437,32.80780780780781,237,60,177,0.25316455696202533,0.7468354430379747,2.95,1.1800000000000002,2.95,1.1800000000000002,Near neutral
recR,core,8577,597,88,14.74036850921273,73,45,28,0.6164383561643836,0.3835616438356164,0.6222222222222222,0.24888888888888888,0.6222222222222222,0.24888888888888888,Strong purifying
dauR,core,8445,669,127,18.98355754857997,98,43,55,0.4387755102040816,0.5612244897959183,1.2790697674418605,0.5116279069767442,1.2790697674418605,0.5116279069767442,Moderate purifying
tsaD,core,8579,1047,221,21.10792741165234,173,82,91,0.47398843930635837,0.5260115606936416,1.1097560975609757,0.4439024390243903,1.1097560975609757,0.4439024390243903,Moderate purifying
rlmA,core,8576,846,199,23.52245862884161,141,47,94,0.3333333333333333,0.6666666666666666,2.0,0.8,2.0,0.8,Near neutral
atpG,core,8579,909,133,14.631463146314633,113,52,61,0.46017699115044247,0.5398230088495575,1.1730769230769231,0.46923076923076923,1.1730769230769231,0.46923076923076923,Moderate purifying
dus,core,8577,975,218,22.358974358974358,175,93,82,0.5314285714285715,0.4685714285714286,0.8817204301075269,0.35268817204301073,0.8817204301075269,0.35268817204301073,Moderate purifying
est,core,8580,771,149,19.32555123216602,118,52,66,0.4406779661016949,0.559322033898305,1.2692307692307692,0.5076923076923077,1.2692307692307692,0.5076923076923077,Moderate purifying
rsuA_2,core,8494,807,494,61.21437422552665,241,54,187,0.22406639004149378,0.7759336099585062,3.462962962962963,1.385185185185185,3.462962962962963,1.385185185185185,Relaxed/positive
truA_1,core,8573,898,402,44.766146993318486,204,20,184,0.09803921568627451,0.9019607843137255,9.2,3.6799999999999997,9.2,3.6799999999999997,Relaxed/positive
yedJ,core,8577,676,132,19.526627218934912,93,15,78,0.16129032258064516,0.8387096774193549,5.2,2.08,5.2,2.08,Relaxed/positive
bglF_2,core,8580,2476,2033,82.10823909531503,718,18,700,0.025069637883008356,0.9749303621169917,38.888888888888886,15.555555555555554,38.888888888888886,15.555555555555554,Relaxed/positive
ymdB,core,8574,798,125,15.664160401002505,110,63,47,0.5727272727272728,0.42727272727272725,0.746031746031746,0.2984126984126984,0.746031746031746,0.2984126984126984,Strong purifying
pucR_3,core,8545,2000,1445,72.25,573,20,553,0.034904013961605584,0.9650959860383944,27.65,11.059999999999999,27.65,11.059999999999999,Relaxed/positive
cynR_1,core,8579,1327,1007,75.8854559155991,363,19,344,0.05234159779614325,0.9476584022038568,18.105263157894736,7.242105263157894,18.105263157894736,7.242105263157894,Relaxed/positive
priA,core,8578,2433,466,19.15330867242088,380,200,180,0.5263157894736842,0.47368421052631576,0.9,0.36,0.9,0.36,Moderate purifying
spxA_1,core,8557,1198,328,27.378964941569283,130,5,125,0.038461538461538464,0.9615384615384616,25.0,10.0,25.0,10.0,Relaxed/positive
srlA,core,8559,558,87,15.591397849462366,67,34,33,0.5074626865671642,0.4925373134328358,0.9705882352941176,0.38823529411764707,0.9705882352941176,0.38823529411764707,Moderate purifying
yjbM,core,8579,675,94,13.925925925925926,83,50,33,0.6024096385542169,0.39759036144578314,0.66,0.264,0.66,0.264,Strong purifying
prmC,core,8580,837,186,22.22222222222222,137,45,92,0.3284671532846715,0.6715328467153284,2.0444444444444443,0.8177777777777777,2.0444444444444443,0.8177777777777777,Near neutral
ispF,core,8577,486,83,17.078189300411523,64,20,44,0.3125,0.6875,2.2,0.8800000000000001,2.2,0.8800000000000001,Near neutral
IMPDH,core,8580,1326,194,14.630467571644044,165,113,52,0.6848484848484848,0.3151515151515151,0.46017699115044247,0.184070796460177,0.46017699115044247,0.184070796460177,Strong purifying
glpO,core,8569,1830,385,21.03825136612022,299,136,163,0.45484949832775917,0.5451505016722408,1.1985294117647058,0.4794117647058823,1.1985294117647058,0.4794117647058823,Moderate purifying
ftsE,core,8162,687,85,12.372634643377003,76,61,15,0.8026315789473685,0.19736842105263158,0.2459016393442623,0.09836065573770492,0.2459016393442623,0.09836065573770492,Very strong purifying
RBKS,core,8470,1927,401,20.809548521017124,310,102,208,0.32903225806451614,0.6709677419354839,2.0392156862745097,0.8156862745098039,2.0392156862745097,0.8156862745098039,Near neutral
rpoA,core,8580,939,85,9.052183173588926,80,44,36,0.55,0.45,0.8181818181818182,0.32727272727272727,0.8181818181818182,0.32727272727272727,Moderate purifying
thiM,core,8579,1332,169,12.687687687687689,131,53,78,0.40458015267175573,0.5954198473282443,1.471698113207547,0.5886792452830188,1.471698113207547,0.5886792452830188,Moderate purifying
malX,core,8377,1575,362,22.984126984126984,268,98,170,0.3656716417910448,0.6343283582089553,1.7346938775510203,0.6938775510204082,1.7346938775510203,0.6938775510204082,Moderate purifying
ezrA,core,8579,1770,282,15.932203389830507,235,135,100,0.574468085106383,0.425531914893617,0.7407407407407407,0.2962962962962963,0.7407407407407407,0.2962962962962963,Strong purifying
fabI,core,8579,753,120,15.936254980079681,99,53,46,0.5353535353535354,0.46464646464646464,0.8679245283018868,0.34716981132075475,0.8679245283018868,0.34716981132075475,Moderate purifying
ktrA,core,8579,686,98,14.285714285714285,85,57,28,0.6705882352941176,0.32941176470588235,0.49122807017543857,0.19649122807017544,0.49122807017543857,0.19649122807017544,Strong purifying
rlmG,core,8569,645,128,19.844961240310077,90,34,56,0.37777777777777777,0.6222222222222222,1.6470588235294117,0.6588235294117647,1.6470588235294117,0.6588235294117647,Moderate purifying
spoIIIE,core,8580,2463,538,21.843280552172146,410,201,209,0.4902439024390244,0.5097560975609756,1.0398009950248757,0.4159203980099503,1.0398009950248757,0.4159203980099503,Moderate purifying
plsC,core,8577,682,107,15.689149560117302,88,43,45,0.48863636363636365,0.5113636363636364,1.0465116279069768,0.4186046511627907,1.0465116279069768,0.4186046511627907,Moderate purifying
rpmC,core,8576,189,14,7.4074074074074066,14,10,4,0.7142857142857143,0.2857142857142857,0.4,0.16,0.4,0.16,Strong purifying
smpB,core,8580,465,75,16.129032258064516,68,40,28,0.5882352941176471,0.4117647058823529,0.7,0.27999999999999997,0.7,0.27999999999999997,Strong purifying
proA,core,8580,1401,448,31.977159172019988,256,65,191,0.25390625,0.74609375,2.9384615384615387,1.1753846153846155,2.9384615384615387,1.1753846153846155,Near neutral
recX,core,8579,810,173,21.358024691358025,139,49,90,0.35251798561151076,0.6474820143884892,1.836734693877551,0.7346938775510204,1.836734693877551,0.7346938775510204,Near neutral
xseB,core,8580,231,36,15.584415584415584,30,11,19,0.36666666666666664,0.6333333333333333,1.7272727272727273,0.6909090909090909,1.7272727272727273,0.6909090909090909,Moderate purifying
dinG_1,core,8580,3629,2593,71.45219068613943,976,33,943,0.03381147540983607,0.9661885245901639,28.575757575757574,11.43030303030303,28.575757575757574,11.43030303030303,Relaxed/positive
yibN,core,8579,402,71,17.66169154228856,62,33,29,0.532258064516129,0.46774193548387094,0.8787878787878788,0.3515151515151515,0.8787878787878788,0.3515151515151515,Moderate purifying
sufS_2,core,8513,1326,738,55.65610859728507,347,42,305,0.12103746397694524,0.8789625360230547,7.261904761904762,2.9047619047619047,7.261904761904762,2.9047619047619047,Relaxed/positive
ecfT_1,core,8580,1271,951,74.82297403619197,334,8,326,0.023952095808383235,0.9760479041916168,40.75,16.3,40.75,16.3,Relaxed/positive
queG,core,8556,1239,267,21.54963680387409,202,85,117,0.4207920792079208,0.5792079207920792,1.3764705882352941,0.5505882352941176,1.3764705882352941,0.5505882352941176,Moderate purifying
rplD,core,8576,624,63,10.096153846153847,59,20,39,0.3389830508474576,0.6610169491525424,1.95,0.78,1.95,0.78,Near neutral
lsa(A),core,8518,1497,327,21.8436873747495,257,106,151,0.41245136186770426,0.5875486381322957,1.4245283018867925,0.569811320754717,1.4245283018867925,0.569811320754717,Moderate purifying
aldA,core,8543,1491,326,21.86452045606975,246,92,154,0.37398373983739835,0.6260162601626016,1.673913043478261,0.6695652173913044,1.673913043478261,0.6695652173913044,Moderate purifying
bbmA,core,8576,1767,427,24.16525183927561,319,98,221,0.3072100313479624,0.6927899686520376,2.2551020408163267,0.9020408163265307,2.2551020408163267,0.9020408163265307,Near neutral
eis_2,core,8579,1316,702,53.34346504559271,349,46,303,0.1318051575931232,0.8681948424068768,6.586956521739131,2.6347826086956525,6.586956521739131,2.6347826086956525,Relaxed/positive
menA_2,core,8553,973,550,56.52620760534429,281,15,266,0.05338078291814947,0.9466192170818505,17.733333333333334,7.093333333333334,17.733333333333334,7.093333333333334,Relaxed/positive
fhs1,core,8579,1671,373,22.32196289646918,287,109,178,0.3797909407665505,0.6202090592334495,1.6330275229357798,0.653211009174312,1.6330275229357798,0.653211009174312,Moderate purifying
purK_1,core,8574,1156,635,54.93079584775087,320,39,281,0.121875,0.878125,7.205128205128205,2.882051282051282,7.205128205128205,2.882051282051282,Relaxed/positive
yteP_1,core,8554,1120,757,67.58928571428572,322,44,278,0.13664596273291926,0.8633540372670807,6.318181818181818,2.5272727272727273,6.318181818181818,2.5272727272727273,Relaxed/positive
hflX,core,8548,2192,310,14.142335766423358,231,89,142,0.3852813852813853,0.6147186147186147,1.595505617977528,0.6382022471910112,1.595505617977528,0.6382022471910112,Moderate purifying
rnr,core,8578,2408,476,19.767441860465116,374,140,234,0.37433155080213903,0.6256684491978609,1.6714285714285715,0.6685714285714286,1.6714285714285715,0.6685714285714286,Moderate purifying
ndoA_1,core,8573,469,321,68.44349680170576,125,5,120,0.04,0.96,24.0,9.6,24.0,9.6,Relaxed/positive
nnrD,core,8550,1047,294,28.08022922636103,192,45,147,0.234375,0.765625,3.2666666666666666,1.3066666666666666,3.2666666666666666,1.3066666666666666,Relaxed/positive
adhE_1,core,8580,2658,1241,46.689240030097814,565,116,449,0.20530973451327433,0.7946902654867256,3.8706896551724137,1.5482758620689654,3.8706896551724137,1.5482758620689654,Relaxed/positive
rpsM,core,8579,366,24,6.557377049180328,21,11,10,0.5238095238095238,0.47619047619047616,0.9090909090909091,0.36363636363636365,0.9090909090909091,0.36363636363636365,Moderate purifying
degA_2,core,8561,1270,985,77.55905511811024,367,11,356,0.02997275204359673,0.9700272479564033,32.36363636363637,12.945454545454547,32.36363636363637,12.945454545454547,Relaxed/positive
acuI,core,8242,993,192,19.335347432024168,157,62,95,0.39490445859872614,0.6050955414012739,1.532258064516129,0.6129032258064516,1.532258064516129,0.6129032258064516,Moderate purifying
lepA,core,8574,1899,308,16.219062664560294,258,152,106,0.5891472868217055,0.4108527131782946,0.6973684210526315,0.2789473684210526,0.6973684210526315,0.2789473684210526,Strong purifying
mutL,core,8565,2139,473,22.11313697989715,363,159,204,0.4380165289256198,0.5619834710743802,1.2830188679245282,0.5132075471698113,1.2830188679245282,0.5132075471698113,Moderate purifying
secG,core,8580,237,25,10.548523206751055,21,11,10,0.5238095238095238,0.47619047619047616,0.9090909090909091,0.36363636363636365,0.9090909090909091,0.36363636363636365,Moderate purifying
eno,core,8578,1340,202,15.074626865671641,156,104,52,0.6666666666666666,0.3333333333333333,0.5,0.2,0.5,0.2,Strong purifying
sipV,core,8541,555,94,16.936936936936934,82,31,51,0.3780487804878049,0.6219512195121951,1.6451612903225807,0.6580645161290323,1.6451612903225807,0.6580645161290323,Moderate purifying
folA,core,8580,522,147,28.160919540229884,101,38,63,0.37623762376237624,0.6237623762376238,1.6578947368421053,0.6631578947368422,1.6578947368421053,0.6631578947368422,Moderate purifying
xerC_1,core,8554,4642,3217,69.30202498922878,1101,49,1052,0.04450499545867393,0.9554950045413261,21.46938775510204,8.587755102040816,21.46938775510204,8.587755102040816,Relaxed/positive
iscS_1,core,8580,1229,633,51.5052888527258,322,21,301,0.06521739130434782,0.9347826086956522,14.333333333333334,5.733333333333333,14.333333333333334,5.733333333333333,Relaxed/positive
mta,core,8575,760,177,23.289473684210527,116,15,101,0.12931034482758622,0.8706896551724138,6.733333333333333,2.6933333333333334,6.733333333333333,2.6933333333333334,Relaxed/positive
comC,core,8488,842,243,28.859857482185276,156,37,119,0.23717948717948717,0.7628205128205128,3.2162162162162162,1.2864864864864864,3.2162162162162162,1.2864864864864864,Near neutral
yxdM,core,8529,1868,500,26.76659528907923,329,94,235,0.2857142857142857,0.7142857142857143,2.5,1.0,2.5,1.0,Near neutral
kimA,core,8556,1830,333,18.19672131147541,272,167,105,0.6139705882352942,0.3860294117647059,0.6287425149700598,0.25149700598802394,0.6287425149700598,0.25149700598802394,Strong purifying
lplJ_1,core,8436,1117,619,55.416293643688455,305,40,265,0.13114754098360656,0.8688524590163934,6.625,2.65,6.625,2.65,Relaxed/positive
glnA,core,8573,1398,215,15.379113018597998,178,106,72,0.5955056179775281,0.4044943820224719,0.6792452830188679,0.27169811320754716,0.6792452830188679,0.27169811320754716,Strong purifying
nhaK,core,8568,2108,434,20.588235294117645,319,73,246,0.22884012539184953,0.7711598746081505,3.3698630136986303,1.347945205479452,3.3698630136986303,1.347945205479452,Relaxed/positive
tagU_2,core,8580,2140,1257,58.73831775700935,520,33,487,0.06346153846153846,0.9365384615384615,14.757575757575758,5.903030303030303,14.757575757575758,5.903030303030303,Relaxed/positive
rplT,core,8580,363,42,11.570247933884298,33,16,17,0.48484848484848486,0.5151515151515151,1.0625,0.425,1.0625,0.425,Moderate purifying
glnQ_1,core,8580,811,596,73.48951911220715,240,12,228,0.05,0.95,19.0,7.6,19.0,7.6,Relaxed/positive
rlmCD_1,core,8542,1413,777,54.989384288747345,399,58,341,0.14536340852130325,0.8546365914786967,5.879310344827586,2.3517241379310345,5.879310344827586,2.3517241379310345,Relaxed/positive
cydB,core,8579,1014,175,17.258382642998026,143,72,71,0.5034965034965035,0.4965034965034965,0.9861111111111112,0.3944444444444445,0.9861111111111112,0.3944444444444445,Moderate purifying
menB,core,8576,816,107,13.112745098039216,96,69,27,0.71875,0.28125,0.391304347826087,0.1565217391304348,0.391304347826087,0.1565217391304348,Strong purifying
veg,core,8580,252,28,11.11111111111111,25,7,18,0.28,0.72,2.5714285714285716,1.0285714285714287,2.5714285714285716,1.0285714285714287,Near neutral
cysS,core,8578,1413,245,17.338995046001415,199,101,98,0.507537688442211,0.49246231155778897,0.9702970297029703,0.38811881188118813,0.9702970297029703,0.38811881188118813,Moderate purifying
pfkA,core,8580,963,106,11.007268951194185,97,61,36,0.6288659793814433,0.3711340206185567,0.5901639344262295,0.2360655737704918,0.5901639344262295,0.2360655737704918,Strong purifying
atzC_1,core,8573,1550,965,62.25806451612903,403,22,381,0.05459057071960298,0.9454094292803971,17.318181818181817,6.927272727272727,17.318181818181817,6.927272727272727,Relaxed/positive
pgk,core,8579,1194,180,15.07537688442211,150,77,73,0.5133333333333333,0.4866666666666667,0.948051948051948,0.37922077922077924,0.948051948051948,0.37922077922077924,Moderate purifying
btuD_4,core,8580,4065,3048,74.98154981549816,1071,21,1050,0.0196078431372549,0.9803921568627451,50.0,20.0,50.0,20.0,Relaxed/positive
yqgQ,core,8576,219,36,16.43835616438356,27,7,20,0.25925925925925924,0.7407407407407407,2.857142857142857,1.1428571428571428,2.857142857142857,1.1428571428571428,Near neutral
pyrG,core,8580,1611,230,14.276846679081315,199,122,77,0.6130653266331658,0.3869346733668342,0.6311475409836066,0.25245901639344265,0.6311475409836066,0.25245901639344265,Strong purifying
feuB,core,8578,1059,276,26.062322946175637,196,63,133,0.32142857142857145,0.6785714285714286,2.111111111111111,0.8444444444444444,2.111111111111111,0.8444444444444444,Near neutral
modB,core,8561,685,175,25.547445255474454,126,37,89,0.29365079365079366,0.7063492063492064,2.4054054054054053,0.9621621621621621,2.4054054054054053,0.9621621621621621,Near neutral
rsmH,core,8578,960,183,19.0625,145,59,86,0.4068965517241379,0.593103448275862,1.4576271186440677,0.583050847457627,1.4576271186440677,0.583050847457627,Moderate purifying
rpsE,core,8578,501,47,9.3812375249501,43,22,21,0.5116279069767442,0.4883720930232558,0.9545454545454546,0.38181818181818183,0.9545454545454546,0.38181818181818183,Moderate purifying
sorF,core,8447,420,99,23.57142857142857,75,29,46,0.38666666666666666,0.6133333333333333,1.5862068965517242,0.6344827586206897,1.5862068965517242,0.6344827586206897,Moderate purifying
mhqA_4,core,8526,1163,824,70.8512467755804,340,26,314,0.07647058823529412,0.9235294117647059,12.076923076923077,4.8307692307692305,12.076923076923077,4.8307692307692305,Relaxed/positive
dppE_2,core,8580,1822,1647,90.39517014270034,571,6,565,0.010507880910683012,0.989492119089317,94.16666666666667,37.66666666666667,94.16666666666667,37.66666666666667,Relaxed/positive
bfmBAB,core,8479,990,235,23.737373737373737,170,72,98,0.4235294117647059,0.5764705882352941,1.3611111111111112,0.5444444444444445,1.3611111111111112,0.5444444444444445,Moderate purifying
eutL,core,8577,654,119,18.195718654434252,95,43,52,0.45263157894736844,0.5473684210526316,1.2093023255813953,0.48372093023255813,1.2093023255813953,0.48372093023255813,Moderate purifying
tlyA,core,8580,817,164,20.0734394124847,125,46,79,0.368,0.632,1.7173913043478262,0.6869565217391305,1.7173913043478262,0.6869565217391305,Moderate purifying
arcC1_1,core,8580,992,769,77.52016129032258,313,27,286,0.08626198083067092,0.9137380191693291,10.592592592592593,4.237037037037037,10.592592592592593,4.237037037037037,Relaxed/positive
opuCC,core,8564,934,144,15.417558886509635,107,21,86,0.19626168224299065,0.8037383177570093,4.095238095238095,1.638095238095238,4.095238095238095,1.638095238095238,Relaxed/positive
strA,core,8262,740,142,19.18918918918919,109,45,64,0.41284403669724773,0.5871559633027523,1.4222222222222223,0.5688888888888889,1.4222222222222223,0.5688888888888889,Moderate purifying
murF,core,8580,1431,301,21.03424178895877,225,77,148,0.3422222222222222,0.6577777777777778,1.922077922077922,0.7688311688311689,1.922077922077922,0.7688311688311689,Near neutral
atpE_1,core,8579,591,247,41.793570219966156,129,21,108,0.16279069767441862,0.8372093023255814,5.142857142857143,2.0571428571428574,5.142857142857143,2.0571428571428574,Relaxed/positive
rplL,core,8579,369,33,8.94308943089431,27,11,16,0.4074074074074074,0.5925925925925926,1.4545454545454546,0.5818181818181818,1.4545454545454546,0.5818181818181818,Moderate purifying
cysK,core,8572,934,228,24.411134903640257,174,55,119,0.3160919540229885,0.6839080459770115,2.1636363636363636,0.8654545454545455,2.1636363636363636,0.8654545454545455,Near neutral
rppH,core,8464,480,145,30.208333333333332,92,20,72,0.21739130434782608,0.782608695652174,3.6,1.44,3.6,1.44,Relaxed/positive
nagR_3,core,8515,957,692,72.3092998955068,258,16,242,0.06201550387596899,0.937984496124031,15.125,6.05,15.125,6.05,Relaxed/positive
purC,core,8573,715,158,22.097902097902097,106,16,90,0.1509433962264151,0.8490566037735849,5.625,2.25,5.625,2.25,Relaxed/positive
mraZ,core,8580,486,62,12.757201646090536,53,33,20,0.6226415094339622,0.37735849056603776,0.6060606060606061,0.24242424242424243,0.6060606060606061,0.24242424242424243,Strong purifying
pbpX,core,8572,2235,509,22.774049217002236,388,206,182,0.5309278350515464,0.4690721649484536,0.883495145631068,0.3533980582524272,0.883495145631068,0.3533980582524272,Moderate purifying
deoB,core,8575,1215,170,13.991769547325102,146,74,72,0.5068493150684932,0.4931506849315068,0.972972972972973,0.3891891891891892,0.972972972972973,0.3891891891891892,Moderate purifying
csbB,core,8572,1007,175,17.378351539225424,122,12,110,0.09836065573770492,0.9016393442622951,9.166666666666666,3.6666666666666665,9.166666666666666,3.6666666666666665,Relaxed/positive
rnz,core,8580,942,174,18.471337579617835,138,69,69,0.5,0.5,1.0,0.4,1.0,0.4,Moderate purifying
dnaG,core,8554,1887,326,17.276099629040807,254,104,150,0.4094488188976378,0.5905511811023622,1.4423076923076923,0.5769230769230769,1.4423076923076923,0.5769230769230769,Moderate purifying
femB,core,8544,1312,315,24.009146341463413,206,83,123,0.4029126213592233,0.5970873786407767,1.4819277108433735,0.5927710843373494,1.4819277108433735,0.5927710843373494,Moderate purifying
fieF,core,8580,1170,207,17.692307692307693,174,96,78,0.5517241379310345,0.4482758620689655,0.8125,0.325,0.8125,0.325,Moderate purifying
rpsU,core,8580,177,11,6.214689265536723,11,5,6,0.45454545454545453,0.5454545454545454,1.2,0.48,1.2,0.48,Moderate purifying
ywpJ,core,8560,888,154,17.34234234234234,125,54,71,0.432,0.568,1.3148148148148149,0.5259259259259259,1.3148148148148149,0.5259259259259259,Moderate purifying
rnhB,core,8576,790,158,20.0,123,19,104,0.15447154471544716,0.8455284552845529,5.473684210526316,2.1894736842105265,5.473684210526316,2.1894736842105265,Relaxed/positive
prfB,core,8578,1026,204,19.883040935672515,157,78,79,0.4968152866242038,0.5031847133757962,1.0128205128205128,0.40512820512820513,1.0128205128205128,0.40512820512820513,Moderate purifying
rph,core,8578,1362,279,20.484581497797357,212,87,125,0.41037735849056606,0.589622641509434,1.4367816091954022,0.5747126436781609,1.4367816091954022,0.5747126436781609,Moderate purifying
ycaM,core,8566,1476,253,17.14092140921409,207,115,92,0.5555555555555556,0.4444444444444444,0.8,0.32,0.8,0.32,Moderate purifying
nhaC_1,core,8418,1530,764,49.93464052287582,422,125,297,0.2962085308056872,0.7037914691943128,2.376,0.9503999999999999,2.376,0.9503999999999999,Near neutral
nth,core,8576,650,135,20.76923076923077,101,31,70,0.3069306930693069,0.693069306930693,2.2580645161290325,0.903225806451613,2.2580645161290325,0.903225806451613,Near neutral
ung,core,8576,681,138,20.26431718061674,106,44,62,0.41509433962264153,0.5849056603773585,1.4090909090909092,0.5636363636363637,1.4090909090909092,0.5636363636363637,Moderate purifying
frr,core,8579,558,80,14.336917562724013,67,34,33,0.5074626865671642,0.4925373134328358,0.9705882352941176,0.38823529411764707,0.9705882352941176,0.38823529411764707,Moderate purifying
rnj,core,8579,1290,237,18.372093023255815,197,81,116,0.41116751269035534,0.5888324873096447,1.4320987654320987,0.5728395061728395,1.4320987654320987,0.5728395061728395,Moderate purifying
pepT_2,core,8580,1308,639,48.853211009174316,342,44,298,0.1286549707602339,0.8713450292397661,6.7727272727272725,2.709090909090909,6.7727272727272725,2.709090909090909,Relaxed/positive
ymcA,core,8575,372,62,16.666666666666664,46,15,31,0.32608695652173914,0.6739130434782609,2.066666666666667,0.8266666666666668,2.066666666666667,0.8266666666666668,Near neutral
eda,core,8573,666,142,21.32132132132132,108,47,61,0.4351851851851852,0.5648148148148148,1.297872340425532,0.5191489361702127,1.297872340425532,0.5191489361702127,Moderate purifying
accC,core,8580,1377,247,17.93754538852578,199,91,108,0.457286432160804,0.542713567839196,1.1868131868131868,0.4747252747252747,1.1868131868131868,0.4747252747252747,Moderate purifying
tsaB,core,8578,720,152,21.11111111111111,108,34,74,0.3148148148148148,0.6851851851851852,2.176470588235294,0.8705882352941176,2.176470588235294,0.8705882352941176,Near neutral
ade,core,8575,1743,375,21.514629948364888,282,108,174,0.3829787234042553,0.6170212765957447,1.6111111111111112,0.6444444444444445,1.6111111111111112,0.6444444444444445,Moderate purifying
ohrA,core,8513,573,111,19.3717277486911,74,27,47,0.36486486486486486,0.6351351351351351,1.7407407407407407,0.6962962962962963,1.7407407407407407,0.6962962962962963,Moderate purifying
cspD,core,8575,208,32,15.384615384615385,24,5,19,0.20833333333333334,0.7916666666666666,3.8,1.52,3.8,1.52,Relaxed/positive
ycfH,core,8576,771,175,22.69779507133593,133,47,86,0.3533834586466165,0.6466165413533834,1.8297872340425532,0.7319148936170212,1.8297872340425532,0.7319148936170212,Near neutral
manZ_5,core,8580,1327,998,75.20723436322531,347,8,339,0.023054755043227664,0.9769452449567724,42.375,16.95,42.375,16.95,Relaxed/positive
purS,core,8484,252,65,25.793650793650798,44,10,34,0.22727272727272727,0.7727272727272727,3.4,1.3599999999999999,3.4,1.3599999999999999,Relaxed/positive
pduA,core,8573,345,40,11.594202898550725,32,21,11,0.65625,0.34375,0.5238095238095238,0.20952380952380953,0.5238095238095238,0.20952380952380953,Strong purifying
niaR,core,8578,548,76,13.86861313868613,59,28,31,0.4745762711864407,0.5254237288135594,1.1071428571428572,0.4428571428571429,1.1071428571428572,0.4428571428571429,Moderate purifying
malP,core,8505,2295,462,20.130718954248366,373,174,199,0.46648793565683644,0.5335120643431636,1.1436781609195403,0.45747126436781615,1.1436781609195403,0.45747126436781615,Moderate purifying
dapE_1,core,8568,1539,1042,67.7063027940221,421,17,404,0.040380047505938245,0.9596199524940617,23.764705882352942,9.505882352941176,23.764705882352942,9.505882352941176,Relaxed/positive
pucR_1,core,8580,2063,1562,75.71497818710615,569,13,556,0.022847100175746926,0.9771528998242531,42.76923076923077,17.107692307692307,42.76923076923077,17.107692307692307,Relaxed/positive
thiE,core,8578,645,166,25.736434108527135,121,37,84,0.30578512396694213,0.6942148760330579,2.27027027027027,0.908108108108108,2.27027027027027,0.908108108108108,Near neutral
agaA,core,8361,1149,172,14.969538729329852,146,82,64,0.5616438356164384,0.4383561643835616,0.7804878048780488,0.3121951219512195,0.7804878048780488,0.3121951219512195,Moderate purifying
yidD,core,8576,330,54,16.363636363636363,40,16,24,0.4,0.6,1.5,0.6,1.5,0.6,Moderate purifying
tadA_1,core,8572,609,419,68.80131362889983,170,9,161,0.052941176470588235,0.9470588235294117,17.88888888888889,7.155555555555556,17.88888888888889,7.155555555555556,Relaxed/positive
ychF,core,8580,1119,149,13.315460232350313,127,66,61,0.5196850393700787,0.48031496062992124,0.9242424242424242,0.3696969696969697,0.9242424242424242,0.3696969696969697,Moderate purifying
cfa,core,8531,1175,235,20.0,173,35,138,0.2023121387283237,0.7976878612716763,3.942857142857143,1.5771428571428572,3.942857142857143,1.5771428571428572,Relaxed/positive
pnuC,core,8572,747,165,22.08835341365462,123,54,69,0.43902439024390244,0.5609756097560976,1.2777777777777777,0.5111111111111111,1.2777777777777777,0.5111111111111111,Moderate purifying
murQ_2,core,8580,1796,503,28.006681514476618,243,11,232,0.04526748971193416,0.9547325102880658,21.09090909090909,8.436363636363636,21.09090909090909,8.436363636363636,Relaxed/positive
srlE,core,8535,1036,162,15.637065637065636,129,47,82,0.3643410852713178,0.6356589147286822,1.7446808510638299,0.6978723404255319,1.7446808510638299,0.6978723404255319,Moderate purifying
pbuO,core,8548,1419,270,19.027484143763214,221,102,119,0.46153846153846156,0.5384615384615384,1.1666666666666667,0.4666666666666667,1.1666666666666667,0.4666666666666667,Moderate purifying
rsmD,core,8575,774,129,16.666666666666664,94,32,62,0.3404255319148936,0.6595744680851063,1.9375,0.775,1.9375,0.775,Near neutral
murA1_1,core,8580,1397,679,48.60415175375805,371,87,284,0.23450134770889489,0.7654986522911051,3.264367816091954,1.3057471264367817,3.264367816091954,1.3057471264367817,Relaxed/positive
rplGA,core,8580,306,51,16.666666666666664,38,12,26,0.3157894736842105,0.6842105263157895,2.1666666666666665,0.8666666666666666,2.1666666666666665,0.8666666666666666,Near neutral
thyA,core,8407,954,196,20.545073375262053,147,63,84,0.42857142857142855,0.5714285714285714,1.3333333333333333,0.5333333333333333,1.3333333333333333,0.5333333333333333,Moderate purifying
rpoE,core,8579,711,74,10.40787623066104,59,28,31,0.4745762711864407,0.5254237288135594,1.1071428571428572,0.4428571428571429,1.1071428571428572,0.4428571428571429,Moderate purifying
araQ_2,core,8553,1112,879,79.04676258992805,323,2,321,0.006191950464396285,0.9938080495356038,160.5,64.2,160.5,64.2,Relaxed/positive
yclN,core,8563,951,185,19.453207150368033,151,63,88,0.41721854304635764,0.5827814569536424,1.3968253968253967,0.5587301587301587,1.3968253968253967,0.5587301587301587,Moderate purifying
dapA,core,8505,885,189,21.35593220338983,149,59,90,0.3959731543624161,0.6040268456375839,1.5254237288135593,0.6101694915254237,1.5254237288135593,0.6101694915254237,Moderate purifying
rluC,core,8575,895,161,17.988826815642458,125,54,71,0.432,0.568,1.3148148148148149,0.5259259259259259,1.3148148148148149,0.5259259259259259,Moderate purifying
murR_1,core,8382,1290,964,74.72868217054264,323,2,321,0.006191950464396285,0.9938080495356038,160.5,64.2,160.5,64.2,Relaxed/positive
mecA,core,8577,666,128,19.21921921921922,101,39,62,0.38613861386138615,0.6138613861386139,1.5897435897435896,0.6358974358974359,1.5897435897435896,0.6358974358974359,Moderate purifying
rasP,core,8575,1269,245,19.30654058313633,195,93,102,0.47692307692307695,0.5230769230769231,1.096774193548387,0.4387096774193548,1.096774193548387,0.4387096774193548,Moderate purifying
prsA,core,8578,1137,251,22.075637642919965,175,62,113,0.35428571428571426,0.6457142857142857,1.8225806451612903,0.7290322580645161,1.8225806451612903,0.7290322580645161,Near neutral
gpmA_2,core,8580,972,749,77.05761316872429,273,12,261,0.04395604395604396,0.9560439560439561,21.75,8.7,21.75,8.7,Relaxed/positive
pta_2,core,8498,1096,458,41.78832116788321,230,18,212,0.0782608695652174,0.9217391304347826,11.777777777777779,4.711111111111111,11.777777777777779,4.711111111111111,Relaxed/positive
lutA,core,8573,802,152,18.952618453865338,103,9,94,0.08737864077669903,0.912621359223301,10.444444444444445,4.177777777777778,10.444444444444445,4.177777777777778,Relaxed/positive
ntpD,core,8579,636,111,17.452830188679243,89,49,40,0.550561797752809,0.449438202247191,0.8163265306122449,0.326530612244898,0.8163265306122449,0.326530612244898,Moderate purifying
nrdR,core,8577,483,65,13.457556935817806,57,33,24,0.5789473684210527,0.42105263157894735,0.7272727272727273,0.2909090909090909,0.7272727272727273,0.2909090909090909,Strong purifying
hslO,core,8578,903,169,18.715393133997786,129,55,74,0.4263565891472868,0.5736434108527132,1.3454545454545455,0.5381818181818182,1.3454545454545455,0.5381818181818182,Moderate purifying
pepQ,core,8577,1104,263,23.82246376811594,196,68,128,0.3469387755102041,0.6530612244897959,1.8823529411764706,0.7529411764705882,1.8823529411764706,0.7529411764705882,Near neutral
emrB_1,core,8284,1584,798,50.378787878787875,405,72,333,0.17777777777777778,0.8222222222222222,4.625,1.85,4.625,1.85,Relaxed/positive
sapB_1,core,8562,810,419,51.72839506172839,217,18,199,0.08294930875576037,0.9170506912442397,11.055555555555555,4.4222222222222225,11.055555555555555,4.4222222222222225,Relaxed/positive
norG,core,8578,1452,299,20.59228650137741,243,108,135,0.4444444444444444,0.5555555555555556,1.25,0.5,1.25,0.5,Moderate purifying
ybbH_2,core,8580,1152,967,83.94097222222221,323,4,319,0.01238390092879257,0.9876160990712074,79.75,31.9,79.75,31.9,Relaxed/positive
yabJ_1,core,8497,414,293,70.77294685990339,127,17,110,0.13385826771653545,0.8661417322834646,6.470588235294118,2.588235294117647,6.470588235294118,2.588235294117647,Relaxed/positive
degV_1,core,8520,1086,504,46.408839779005525,248,29,219,0.11693548387096774,0.8830645161290323,7.551724137931035,3.020689655172414,7.551724137931035,3.020689655172414,Relaxed/positive
msmX_2,core,8541,1174,536,45.65587734241908,278,16,262,0.05755395683453238,0.9424460431654677,16.375,6.55,16.375,6.55,Relaxed/positive
cobB,core,8570,715,163,22.797202797202797,128,40,88,0.3125,0.6875,2.2,0.8800000000000001,2.2,0.8800000000000001,Near neutral
valS,core,8578,2643,466,17.631479379493,388,210,178,0.5412371134020618,0.4587628865979381,0.8476190476190476,0.33904761904761904,0.8476190476190476,0.33904761904761904,Moderate purifying
ltaS1_2,core,8158,2301,1479,64.27640156453715,645,33,612,0.05116279069767442,0.9488372093023256,18.545454545454547,7.418181818181819,18.545454545454547,7.418181818181819,Relaxed/positive
frlB,core,8215,1005,175,17.412935323383085,146,47,99,0.3219178082191781,0.678082191780822,2.106382978723404,0.8425531914893616,2.106382978723404,0.8425531914893616,Near neutral
bltD,core,8568,454,150,33.03964757709251,87,15,72,0.1724137931034483,0.8275862068965517,4.8,1.92,4.8,1.92,Relaxed/positive
pepA,core,8572,1077,183,16.991643454038996,154,96,58,0.6233766233766234,0.37662337662337664,0.6041666666666666,0.24166666666666664,0.6041666666666666,0.24166666666666664,Strong purifying
rpsQ,core,8572,267,17,6.367041198501873,17,12,5,0.7058823529411765,0.29411764705882354,0.4166666666666667,0.16666666666666669,0.4166666666666667,0.16666666666666669,Strong purifying
ydcV_1,core,8578,868,432,49.76958525345622,225,24,201,0.10666666666666667,0.8933333333333333,8.375,3.35,8.375,3.35,Relaxed/positive
aroD,core,8578,801,175,21.84769038701623,134,55,79,0.41044776119402987,0.5895522388059702,1.4363636363636363,0.5745454545454545,1.4363636363636363,0.5745454545454545,Moderate purifying
ftsY,core,8578,1344,279,20.758928571428573,220,101,119,0.4590909090909091,0.5409090909090909,1.1782178217821782,0.47128712871287126,1.1782178217821782,0.47128712871287126,Moderate purifying
wbgU_2,core,8416,1244,694,55.78778135048231,304,22,282,0.07236842105263158,0.9276315789473685,12.818181818181818,5.127272727272727,12.818181818181818,5.127272727272727,Relaxed/positive
parC,core,8575,2499,462,18.487394957983195,377,209,168,0.5543766578249337,0.44562334217506633,0.8038277511961722,0.3215311004784689,0.8038277511961722,0.3215311004784689,Moderate purifying
gsiC,core,8569,993,178,17.92547834843907,115,13,102,0.11304347826086956,0.8869565217391304,7.846153846153846,3.1384615384615384,7.846153846153846,3.1384615384615384,Relaxed/positive
celA_2,core,8576,385,230,59.74025974025974,104,5,99,0.04807692307692308,0.9519230769230769,19.8,7.92,19.8,7.92,Relaxed/positive
folE,core,8564,570,126,22.105263157894736,94,32,62,0.3404255319148936,0.6595744680851063,1.9375,0.775,1.9375,0.775,Near neutral
pcrA,core,8334,2259,396,17.52988047808765,324,159,165,0.49074074074074076,0.5092592592592593,1.0377358490566038,0.41509433962264153,1.0377358490566038,0.41509433962264153,Moderate purifying
araR,core,8578,1082,262,24.214417744916823,175,51,124,0.2914285714285714,0.7085714285714285,2.4313725490196076,0.972549019607843,2.4313725490196076,0.972549019607843,Near neutral
rodA,core,8461,1188,196,16.4983164983165,162,105,57,0.6481481481481481,0.35185185185185186,0.5428571428571428,0.21714285714285714,0.5428571428571428,0.21714285714285714,Strong purifying
rihC,core,8460,1146,373,32.54799301919721,195,28,167,0.14358974358974358,0.8564102564102564,5.964285714285714,2.3857142857142857,5.964285714285714,2.3857142857142857,Relaxed/positive
yjaB,core,8569,522,108,20.689655172413794,80,23,57,0.2875,0.7125,2.4782608695652173,0.9913043478260869,2.4782608695652173,0.9913043478260869,Near neutral
rplX,core,8574,312,26,8.333333333333332,23,7,16,0.30434782608695654,0.6956521739130435,2.2857142857142856,0.9142857142857143,2.2857142857142856,0.9142857142857143,Near neutral
manX_3,core,8580,1337,822,61.480927449513835,312,20,292,0.0641025641025641,0.9358974358974359,14.6,5.84,14.6,5.84,Relaxed/positive
pgmB,core,8573,678,160,23.59882005899705,125,59,66,0.472,0.528,1.11864406779661,0.447457627118644,1.11864406779661,0.447457627118644,Moderate purifying
oppF_2,core,8570,1134,566,49.91181657848324,275,39,236,0.14181818181818182,0.8581818181818182,6.051282051282051,2.4205128205128204,6.051282051282051,2.4205128205128204,Relaxed/positive
norW,core,8483,2073,313,15.098890496864447,248,114,134,0.4596774193548387,0.5403225806451613,1.1754385964912282,0.47017543859649125,1.1754385964912282,0.47017543859649125,Moderate purifying
comFA,core,8243,1318,413,31.33535660091047,285,64,221,0.22456140350877193,0.775438596491228,3.453125,1.38125,3.453125,1.38125,Relaxed/positive
metN2,core,8559,1173,189,16.11253196930946,157,93,64,0.5923566878980892,0.40764331210191085,0.6881720430107527,0.2752688172043011,0.6881720430107527,0.2752688172043011,Strong purifying
atpA,core,8579,1557,222,14.258188824662813,193,110,83,0.5699481865284974,0.43005181347150256,0.7545454545454545,0.3018181818181818,0.7545454545454545,0.3018181818181818,Moderate purifying
mprF_2,core,8486,2933,1837,62.632117286055234,815,63,752,0.07730061349693251,0.9226993865030675,11.936507936507937,4.7746031746031745,11.936507936507937,4.7746031746031745,Relaxed/positive
manZ_1,core,8580,1264,927,73.33860759493672,325,3,322,0.009230769230769232,0.9907692307692307,107.33333333333333,42.93333333333333,107.33333333333333,42.93333333333333,Relaxed/positive
sorA_2,core,8580,1054,869,82.44781783681215,303,4,299,0.013201320132013201,0.9867986798679867,74.75,29.9,74.75,29.9,Relaxed/positive
citF,core,8578,1539,408,26.510721247563353,322,217,105,0.6739130434782609,0.32608695652173914,0.4838709677419355,0.1935483870967742,0.4838709677419355,0.1935483870967742,Strong purifying
bglA_1,core,8580,1652,1256,76.02905569007264,504,23,481,0.04563492063492063,0.9543650793650794,20.91304347826087,8.365217391304348,20.91304347826087,8.365217391304348,Relaxed/positive
lrgA,core,8578,420,79,18.80952380952381,58,20,38,0.3448275862068966,0.6551724137931034,1.9,0.76,1.9,0.76,Near neutral
exuT,core,8533,1276,175,13.714733542319749,149,59,90,0.3959731543624161,0.6040268456375839,1.5254237288135593,0.6101694915254237,1.5254237288135593,0.6101694915254237,Moderate purifying
ntcA,core,8562,693,86,12.40981240981241,77,40,37,0.5194805194805194,0.4805194805194805,0.925,0.37,0.925,0.37,Moderate purifying
metP_1,core,8578,694,375,54.03458213256484,199,7,192,0.035175879396984924,0.964824120603015,27.428571428571427,10.971428571428572,27.428571428571427,10.971428571428572,Relaxed/positive
pyrK,core,8578,795,217,27.29559748427673,151,42,109,0.2781456953642384,0.7218543046357616,2.5952380952380953,1.0380952380952382,2.5952380952380953,1.0380952380952382,Near neutral
rpmE2,core,8579,273,30,10.989010989010989,26,16,10,0.6153846153846154,0.38461538461538464,0.625,0.25,0.625,0.25,Strong purifying
sorB_1,core,8568,563,502,89.1651865008881,176,4,172,0.022727272727272728,0.9772727272727273,43.0,17.2,43.0,17.2,Relaxed/positive
aspB,core,8580,1200,260,21.666666666666668,205,71,134,0.3463414634146341,0.6536585365853659,1.8873239436619718,0.7549295774647887,1.8873239436619718,0.7549295774647887,Near neutral
yadH,core,8276,771,152,19.714656290531778,126,72,54,0.5714285714285714,0.42857142857142855,0.75,0.3,0.75,0.3,Moderate purifying
dppE_6,core,8580,1842,1663,90.28230184581976,581,13,568,0.022375215146299483,0.9776247848537005,43.69230769230769,17.47692307692308,43.69230769230769,17.47692307692308,Relaxed/positive
polC_1,core,8568,4459,782,17.537564476339988,596,357,239,0.5989932885906041,0.401006711409396,0.6694677871148459,0.26778711484593837,0.6694677871148459,0.26778711484593837,Strong purifying
rpsI,core,8572,393,59,15.012722646310433,44,31,13,0.7045454545454546,0.29545454545454547,0.41935483870967744,0.16774193548387098,0.41935483870967744,0.16774193548387098,Strong purifying
argR_3,core,8565,546,393,71.97802197802197,164,11,153,0.06707317073170732,0.9329268292682927,13.909090909090908,5.5636363636363635,13.909090909090908,5.5636363636363635,Relaxed/positive
birA,core,8571,1008,226,22.42063492063492,173,84,89,0.48554913294797686,0.5144508670520231,1.0595238095238095,0.4238095238095238,1.0595238095238095,0.4238095238095238,Moderate purifying
aguA,core,8410,2473,221,8.93651435503437,169,56,113,0.33136094674556216,0.6686390532544378,2.017857142857143,0.8071428571428572,2.017857142857143,0.8071428571428572,Near neutral
gtaB,core,8566,1008,153,15.178571428571427,128,79,49,0.6171875,0.3828125,0.620253164556962,0.2481012658227848,0.620253164556962,0.2481012658227848,Strong purifying
hpf,core,8579,570,47,8.24561403508772,44,30,14,0.6818181818181818,0.3181818181818182,0.4666666666666667,0.18666666666666668,0.4666666666666667,0.18666666666666668,Strong purifying
trmK,core,8578,717,169,23.570432357043238,135,50,85,0.37037037037037035,0.6296296296296297,1.7,0.6799999999999999,1.7,0.6799999999999999,Moderate purifying
pduU,core,8573,348,78,22.413793103448278,47,11,36,0.23404255319148937,0.7659574468085106,3.272727272727273,1.309090909090909,3.272727272727273,1.309090909090909,Relaxed/positive
pnp_1,core,8580,2127,457,21.48566055477198,299,64,235,0.2140468227424749,0.7859531772575251,3.671875,1.46875,3.671875,1.46875,Relaxed/positive
fepC,core,8482,774,172,22.22222222222222,126,41,85,0.3253968253968254,0.6746031746031746,2.073170731707317,0.8292682926829269,2.073170731707317,0.8292682926829269,Near neutral
ompR,core,8527,913,180,19.715224534501644,127,41,86,0.3228346456692913,0.6771653543307087,2.097560975609756,0.8390243902439025,2.097560975609756,0.8390243902439025,Near neutral
znuA,core,8269,954,189,19.81132075471698,142,53,89,0.3732394366197183,0.6267605633802817,1.679245283018868,0.6716981132075472,1.679245283018868,0.6716981132075472,Moderate purifying
guaA,core,8568,1563,219,14.011516314779271,192,118,74,0.6145833333333334,0.3854166666666667,0.6271186440677966,0.25084745762711863,0.6271186440677966,0.25084745762711863,Strong purifying
pdhB,core,8579,978,131,13.394683026584866,116,68,48,0.5862068965517241,0.41379310344827586,0.7058823529411765,0.2823529411764706,0.7058823529411765,0.2823529411764706,Strong purifying
nadK,core,8579,798,120,15.037593984962406,104,68,36,0.6538461538461539,0.34615384615384615,0.5294117647058824,0.21176470588235294,0.5294117647058824,0.21176470588235294,Strong purifying
rplP,core,8577,435,26,5.977011494252873,24,16,8,0.6666666666666666,0.3333333333333333,0.5,0.2,0.5,0.2,Strong purifying
yumC,core,8580,1011,193,19.090009891196836,160,81,79,0.50625,0.49375,0.9753086419753086,0.39012345679012345,0.9753086419753086,0.39012345679012345,Moderate purifying
fruA_1,core,8579,2236,1538,68.78354203935599,626,34,592,0.054313099041533544,0.9456869009584664,17.41176470588235,6.96470588235294,17.41176470588235,6.96470588235294,Relaxed/positive
ruvA,core,8580,693,119,17.17171717171717,101,60,41,0.594059405940594,0.40594059405940597,0.6833333333333333,0.2733333333333333,0.6833333333333333,0.2733333333333333,Strong purifying
yqiK,core,8552,1474,227,15.400271370420624,193,97,96,0.5025906735751295,0.49740932642487046,0.9896907216494846,0.39587628865979385,0.9896907216494846,0.39587628865979385,Moderate purifying
rhaS_1,core,8580,1756,1363,77.61958997722095,476,14,462,0.029411764705882353,0.9705882352941176,33.0,13.2,33.0,13.2,Relaxed/positive
allE,core,8559,786,178,22.646310432569976,137,56,81,0.40875912408759124,0.5912408759124088,1.4464285714285714,0.5785714285714285,1.4464285714285714,0.5785714285714285,Moderate purifying
typA,core,8576,1836,240,13.071895424836603,218,144,74,0.6605504587155964,0.3394495412844037,0.5138888888888888,0.20555555555555555,0.5138888888888888,0.20555555555555555,Strong purifying
hrcA,core,8580,1057,149,14.096499526963102,127,60,67,0.47244094488188976,0.5275590551181102,1.1166666666666667,0.44666666666666666,1.1166666666666667,0.44666666666666666,Moderate purifying
pyrC,core,8577,1290,257,19.92248062015504,206,107,99,0.5194174757281553,0.48058252427184467,0.9252336448598131,0.37009345794392523,0.9252336448598131,0.37009345794392523,Moderate purifying
rutC,core,8458,1336,399,29.865269461077844,266,62,204,0.23308270676691728,0.7669172932330827,3.2903225806451615,1.3161290322580645,3.2903225806451615,1.3161290322580645,Relaxed/positive
rhaR_2,core,8580,1946,1640,84.27543679342241,565,7,558,0.012389380530973451,0.9876106194690265,79.71428571428571,31.885714285714283,79.71428571428571,31.885714285714283,Relaxed/positive
pheA,core,8572,852,228,26.76056338028169,166,56,110,0.3373493975903614,0.6626506024096386,1.9642857142857142,0.7857142857142857,1.9642857142857142,0.7857142857142857,Near neutral
infA,core,8578,219,7,3.1963470319634704,6,1,5,0.16666666666666666,0.8333333333333334,5.0,2.0,5.0,2.0,Relaxed/positive
yugI,core,8576,369,51,13.821138211382115,46,20,26,0.43478260869565216,0.5652173913043478,1.3,0.52,1.3,0.52,Moderate purifying
dgs,core,8573,1017,226,22.22222222222222,169,78,91,0.46153846153846156,0.5384615384615384,1.1666666666666667,0.4666666666666667,1.1666666666666667,0.4666666666666667,Moderate purifying
agaC_3,core,8293,1011,835,82.59149357072205,305,3,302,0.009836065573770493,0.9901639344262295,100.66666666666667,40.266666666666666,100.66666666666667,40.266666666666666,Relaxed/positive
map,core,8574,765,153,20.0,122,59,63,0.48360655737704916,0.5163934426229508,1.0677966101694916,0.42711864406779665,1.0677966101694916,0.42711864406779665,Moderate purifying
dnaK,core,8579,1833,261,14.238952536824879,219,133,86,0.6073059360730594,0.3926940639269406,0.6466165413533834,0.25864661654135335,0.6466165413533834,0.25864661654135335,Strong purifying
yycI,core,8573,855,149,17.42690058479532,119,56,63,0.47058823529411764,0.5294117647058824,1.125,0.45,1.125,0.45,Moderate purifying
sauU,core,8497,1479,301,20.351588911426642,225,42,183,0.18666666666666668,0.8133333333333334,4.357142857142857,1.7428571428571427,4.357142857142857,1.7428571428571427,Relaxed/positive
licC_4,core,8579,1730,1512,87.39884393063583,523,2,521,0.0038240917782026767,0.9961759082217974,260.5,104.2,260.5,104.2,Relaxed/positive
divIB,core,8578,1128,277,24.55673758865248,198,60,138,0.30303030303030304,0.696969696969697,2.3,0.9199999999999999,2.3,0.9199999999999999,Near neutral
yhgF,core,8573,2193,468,21.3406292749658,369,150,219,0.4065040650406504,0.5934959349593496,1.46,0.584,1.46,0.584,Moderate purifying
tetA,core,8551,1271,303,23.839496459480724,194,37,157,0.19072164948453607,0.8092783505154639,4.243243243243243,1.6972972972972973,4.243243243243243,1.6972972972972973,Relaxed/positive
dgaR_1,core,8580,3687,2779,75.37293192297261,1056,38,1018,0.03598484848484849,0.9640151515151515,26.789473684210527,10.715789473684211,26.789473684210527,10.715789473684211,Relaxed/positive
mro,core,8266,1053,199,18.89838556505223,154,44,110,0.2857142857142857,0.7142857142857143,2.5,1.0,2.5,1.0,Near neutral
yceM,core,8576,915,234,25.573770491803277,168,56,112,0.3333333333333333,0.6666666666666666,2.0,0.8,2.0,0.8,Near neutral
gmuE,core,8565,885,170,19.2090395480226,133,47,86,0.3533834586466165,0.6466165413533834,1.8297872340425532,0.7319148936170212,1.8297872340425532,0.7319148936170212,Near neutral
ponA,core,8327,2373,444,18.710493046776232,358,178,180,0.4972067039106145,0.5027932960893855,1.0112359550561798,0.4044943820224719,1.0112359550561798,0.4044943820224719,Moderate purifying
sutR,core,8551,555,116,20.9009009009009,94,37,57,0.39361702127659576,0.6063829787234043,1.5405405405405406,0.6162162162162163,1.5405405405405406,0.6162162162162163,Moderate purifying
lrp,core,8577,852,169,19.835680751173708,131,56,75,0.42748091603053434,0.5725190839694656,1.3392857142857142,0.5357142857142857,1.3392857142857142,0.5357142857142857,Moderate purifying
yheH,core,8435,1821,377,20.70291048874245,297,126,171,0.42424242424242425,0.5757575757575758,1.3571428571428572,0.5428571428571429,1.3571428571428572,0.5428571428571429,Moderate purifying
serS_2,core,8564,1405,535,38.07829181494662,322,77,245,0.2391304347826087,0.7608695652173914,3.1818181818181817,1.2727272727272727,3.1818181818181817,1.2727272727272727,Near neutral
sepF,core,8578,647,108,16.69242658423493,89,30,59,0.33707865168539325,0.6629213483146067,1.9666666666666666,0.7866666666666666,1.9666666666666666,0.7866666666666666,Near neutral
murJ_1,core,8580,2254,1399,62.067435669920144,540,33,507,0.06111111111111111,0.9388888888888889,15.363636363636363,6.1454545454545455,15.363636363636363,6.1454545454545455,Relaxed/positive
rqcH,core,8576,1713,331,19.322825452422652,261,92,169,0.3524904214559387,0.6475095785440613,1.8369565217391304,0.7347826086956522,1.8369565217391304,0.7347826086956522,Near neutral
dapH_2,core,8579,1282,825,64.35257410296413,330,27,303,0.08181818181818182,0.9181818181818182,11.222222222222221,4.488888888888889,11.222222222222221,4.488888888888889,Relaxed/positive
glnM,core,8577,775,155,20.0,120,53,67,0.44166666666666665,0.5583333333333333,1.2641509433962264,0.5056603773584906,1.2641509433962264,0.5056603773584906,Moderate purifying
ptsG_1,core,8579,2367,1295,54.71060414026193,632,81,551,0.1281645569620253,0.8718354430379747,6.802469135802469,2.7209876543209877,6.802469135802469,2.7209876543209877,Relaxed/positive
ettA,core,8562,1928,475,24.636929460580916,304,40,264,0.13157894736842105,0.868421052631579,6.6,2.6399999999999997,6.6,2.6399999999999997,Relaxed/positive
dcuR,core,8565,766,195,25.45691906005222,127,37,90,0.29133858267716534,0.7086614173228346,2.4324324324324325,0.972972972972973,2.4324324324324325,0.972972972972973,Near neutral
ypdA,core,8552,1770,343,19.37853107344633,284,165,119,0.5809859154929577,0.41901408450704225,0.7212121212121212,0.28848484848484846,0.7212121212121212,0.28848484848484846,Strong purifying
citN,core,8540,1478,293,19.824086603518268,237,143,94,0.6033755274261603,0.39662447257383965,0.6573426573426573,0.2629370629370629,0.6573426573426573,0.2629370629370629,Strong purifying
malT,core,8553,1070,200,18.69158878504673,144,22,122,0.1527777777777778,0.8472222222222222,5.545454545454546,2.2181818181818183,5.545454545454546,2.2181818181818183,Relaxed/positive
thiI,core,8579,1228,235,19.136807817589577,184,89,95,0.483695652173913,0.5163043478260869,1.0674157303370786,0.42696629213483145,1.0674157303370786,0.42696629213483145,Moderate purifying
tpiA,core,8576,756,106,14.02116402116402,87,40,47,0.45977011494252873,0.5402298850574713,1.175,0.47000000000000003,1.175,0.47000000000000003,Moderate purifying
cynR_3,core,8311,1345,1006,74.79553903345725,360,14,346,0.03888888888888889,0.9611111111111111,24.714285714285715,9.885714285714286,24.714285714285715,9.885714285714286,Relaxed/positive
uvrA_1,core,8570,3010,2206,73.28903654485049,845,44,801,0.05207100591715976,0.9479289940828403,18.204545454545453,7.281818181818181,18.204545454545453,7.281818181818181,Relaxed/positive
bglH_2,core,8577,1684,1329,78.91923990498813,514,13,501,0.02529182879377432,0.9747081712062257,38.53846153846154,15.415384615384616,38.53846153846154,15.415384615384616,Relaxed/positive
glpK,core,8561,1517,330,21.75346077785102,241,82,159,0.34024896265560167,0.6597510373443983,1.9390243902439024,0.775609756097561,1.9390243902439024,0.775609756097561,Near neutral
zosA_2,core,8437,2186,1647,75.34309240622142,651,28,623,0.043010752688172046,0.956989247311828,22.25,8.9,22.25,8.9,Relaxed/positive
ftsA,core,8567,1323,181,13.681027966742251,160,82,78,0.5125,0.4875,0.9512195121951219,0.3804878048780488,0.9512195121951219,0.3804878048780488,Moderate purifying
yodB,core,8574,345,35,10.144927536231885,30,20,10,0.6666666666666666,0.3333333333333333,0.5,0.2,0.5,0.2,Strong purifying
mapP,core,8577,825,186,22.545454545454547,141,55,86,0.3900709219858156,0.6099290780141844,1.5636363636363637,0.6254545454545455,1.5636363636363637,0.6254545454545455,Moderate purifying
bglF_4,core,8543,2491,2042,81.97511039743075,712,17,695,0.023876404494382022,0.976123595505618,40.88235294117647,16.352941176470587,40.88235294117647,16.352941176470587,Relaxed/positive
pbuG,core,8540,1353,233,17.2209903917221,191,110,81,0.5759162303664922,0.42408376963350786,0.7363636363636363,0.29454545454545455,0.7363636363636363,0.29454545454545455,Strong purifying
dinB_2,core,8573,1892,1390,73.46723044397463,490,9,481,0.018367346938775512,0.9816326530612245,53.44444444444444,21.377777777777776,53.44444444444444,21.377777777777776,Relaxed/positive
dusB,core,8574,1056,220,20.833333333333336,169,72,97,0.4260355029585799,0.5739644970414202,1.3472222222222223,0.538888888888889,1.3472222222222223,0.538888888888889,Moderate purifying
grpE,core,8579,609,92,15.10673234811166,74,30,44,0.40540540540540543,0.5945945945945946,1.4666666666666666,0.5866666666666667,1.4666666666666666,0.5866666666666667,Moderate purifying
sufS_1,core,8513,3034,771,25.411997363216877,359,30,329,0.08356545961002786,0.9164345403899722,10.966666666666667,4.386666666666667,10.966666666666667,4.386666666666667,Relaxed/positive
hemW,core,8575,1219,258,21.164889253486464,194,80,114,0.41237113402061853,0.5876288659793815,1.425,0.5700000000000001,1.425,0.5700000000000001,Moderate purifying
psiE,core,8579,489,52,10.633946830265849,45,24,21,0.5333333333333333,0.4666666666666667,0.875,0.35,0.875,0.35,Moderate purifying
ygfK,core,8512,3029,701,23.142951469131727,503,137,366,0.27236580516898606,0.7276341948310139,2.6715328467153285,1.0686131386861315,2.6715328467153285,1.0686131386861315,Near neutral
mtlD,core,8577,1158,200,17.271157167530223,152,68,84,0.4473684210526316,0.5526315789473685,1.2352941176470589,0.49411764705882355,1.2352941176470589,0.49411764705882355,Moderate purifying
glnP,core,8575,747,110,14.725568942436412,88,45,43,0.5113636363636364,0.48863636363636365,0.9555555555555556,0.38222222222222224,0.9555555555555556,0.38222222222222224,Moderate purifying
xseA,core,8578,1347,270,20.044543429844097,220,103,117,0.4681818181818182,0.5318181818181819,1.1359223300970873,0.45436893203883494,1.1359223300970873,0.45436893203883494,Moderate purifying
arlR,core,8194,702,76,10.826210826210826,70,36,34,0.5142857142857142,0.4857142857142857,0.9444444444444444,0.37777777777777777,0.9444444444444444,0.37777777777777777,Moderate purifying
btuF,core,8518,1071,200,18.674136321195146,153,62,91,0.40522875816993464,0.5947712418300654,1.467741935483871,0.5870967741935484,1.467741935483871,0.5870967741935484,Moderate purifying
yjdJ,core,8576,282,50,17.73049645390071,39,16,23,0.41025641025641024,0.5897435897435898,1.4375,0.575,1.4375,0.575,Moderate purifying
iphP,core,8496,772,194,25.129533678756477,136,24,112,0.17647058823529413,0.8235294117647058,4.666666666666667,1.8666666666666667,4.666666666666667,1.8666666666666667,Relaxed/positive
mdtL,core,8481,1216,305,25.082236842105267,207,64,143,0.30917874396135264,0.6908212560386473,2.234375,0.89375,2.234375,0.89375,Near neutral
rpmB,core,8578,189,18,9.523809523809524,16,6,10,0.375,0.625,1.6666666666666667,0.6666666666666667,1.6666666666666667,0.6666666666666667,Moderate purifying
ispE,core,8577,858,120,13.986013986013987,102,67,35,0.6568627450980392,0.3431372549019608,0.5223880597014925,0.208955223880597,0.5223880597014925,0.208955223880597,Strong purifying
uvrC_2,core,8578,1833,663,36.17021276595745,371,81,290,0.2183288409703504,0.7816711590296496,3.580246913580247,1.4320987654320987,3.580246913580247,1.4320987654320987,Relaxed/positive
eutC,core,8576,912,204,22.36842105263158,153,54,99,0.35294117647058826,0.6470588235294118,1.8333333333333333,0.7333333333333333,1.8333333333333333,0.7333333333333333,Near neutral
oppB,core,8558,942,110,11.67728237791932,99,69,30,0.696969696969697,0.30303030303030304,0.43478260869565216,0.17391304347826086,0.43478260869565216,0.17391304347826086,Strong purifying
gph_3,core,8447,1846,872,47.23726977248104,315,9,306,0.02857142857142857,0.9714285714285714,34.0,13.6,34.0,13.6,Relaxed/positive
fabH,core,8577,966,214,22.15320910973085,164,79,85,0.4817073170731707,0.5182926829268293,1.0759493670886076,0.430379746835443,1.0759493670886076,0.430379746835443,Moderate purifying
rimI,core,8459,543,118,21.731123388581953,93,44,49,0.4731182795698925,0.5268817204301075,1.1136363636363635,0.44545454545454544,1.1136363636363635,0.44545454545454544,Moderate purifying
pheT,core,8574,2424,498,20.544554455445542,394,167,227,0.42385786802030456,0.5761421319796954,1.3592814371257484,0.5437125748502993,1.3592814371257484,0.5437125748502993,Moderate purifying
tmcAL,core,8580,1182,233,19.712351945854483,186,74,112,0.3978494623655914,0.6021505376344086,1.5135135135135136,0.6054054054054054,1.5135135135135136,0.6054054054054054,Moderate purifying
sdhA_2,core,8564,903,443,49.05869324473976,240,40,200,0.16666666666666666,0.8333333333333334,5.0,2.0,5.0,2.0,Relaxed/positive
folP,core,8474,849,236,27.79740871613663,152,49,103,0.3223684210526316,0.6776315789473685,2.1020408163265305,0.8408163265306122,2.1020408163265305,0.8408163265306122,Near neutral
menA_1,core,8553,961,554,57.64828303850156,282,14,268,0.04964539007092199,0.950354609929078,19.142857142857142,7.657142857142857,19.142857142857142,7.657142857142857,Relaxed/positive
sugB,core,8552,924,127,13.744588744588745,110,65,45,0.5909090909090909,0.4090909090909091,0.6923076923076923,0.27692307692307694,0.6923076923076923,0.27692307692307694,Strong purifying
dgaR_4,core,8432,3487,2772,79.49526813880126,1053,45,1008,0.042735042735042736,0.9572649572649573,22.4,8.959999999999999,22.4,8.959999999999999,Relaxed/positive
fmnP,core,8481,737,125,16.960651289009498,101,50,51,0.49504950495049505,0.504950495049505,1.02,0.40800000000000003,1.02,0.40800000000000003,Moderate purifying
hepT,core,8571,987,194,19.655521783181356,148,71,77,0.4797297297297297,0.5202702702702703,1.0845070422535212,0.4338028169014085,1.0845070422535212,0.4338028169014085,Moderate purifying
rnpA,core,8579,405,52,12.839506172839506,46,19,27,0.41304347826086957,0.5869565217391305,1.4210526315789473,0.5684210526315789,1.4210526315789473,0.5684210526315789,Moderate purifying
rplC,core,8576,630,52,8.253968253968253,49,28,21,0.5714285714285714,0.42857142857142855,0.75,0.3,0.75,0.3,Moderate purifying
thrC,core,8573,1078,216,20.037105751391465,166,71,95,0.42771084337349397,0.572289156626506,1.3380281690140845,0.5352112676056338,1.3380281690140845,0.5352112676056338,Moderate purifying
gcdC,core,8183,465,85,18.27956989247312,61,24,37,0.39344262295081966,0.6065573770491803,1.5416666666666667,0.6166666666666667,1.5416666666666667,0.6166666666666667,Moderate purifying
eis_1,core,8579,1329,685,51.542513167795335,343,43,300,0.12536443148688048,0.8746355685131195,6.976744186046512,2.7906976744186047,6.976744186046512,2.7906976744186047,Relaxed/positive
zur,core,8579,435,76,17.47126436781609,61,36,25,0.5901639344262295,0.4098360655737705,0.6944444444444444,0.2777777777777778,0.6944444444444444,0.2777777777777778,Strong purifying
cimH,core,8560,1367,317,23.189465983906366,216,31,185,0.14351851851851852,0.8564814814814815,5.967741935483871,2.3870967741935485,5.967741935483871,2.3870967741935485,Relaxed/positive
mntR,core,8569,669,103,15.396113602391628,82,39,43,0.47560975609756095,0.524390243902439,1.1025641025641026,0.44102564102564107,1.1025641025641026,0.44102564102564107,Moderate purifying
fetB,core,8401,771,139,18.028534370946822,117,61,56,0.5213675213675214,0.47863247863247865,0.9180327868852459,0.36721311475409835,0.9180327868852459,0.36721311475409835,Moderate purifying
glcK,core,8572,988,170,17.20647773279352,142,93,49,0.6549295774647887,0.34507042253521125,0.5268817204301075,0.210752688172043,0.5268817204301075,0.210752688172043,Strong purifying
guaD,core,8575,1406,304,21.62162162162162,207,33,174,0.15942028985507245,0.8405797101449275,5.2727272727272725,2.109090909090909,5.2727272727272725,2.109090909090909,Relaxed/positive
alaS,core,8580,2643,477,18.047673098751417,389,199,190,0.5115681233933161,0.4884318766066838,0.9547738693467337,0.38190954773869346,0.9547738693467337,0.38190954773869346,Moderate purifying
yhhX,core,8550,1069,289,27.034611786716557,202,62,140,0.3069306930693069,0.693069306930693,2.2580645161290325,0.903225806451613,2.2580645161290325,0.903225806451613,Near neutral
rpsL,core,8580,414,35,8.454106280193237,31,24,7,0.7741935483870968,0.22580645161290322,0.2916666666666667,0.11666666666666667,0.2916666666666667,0.11666666666666667,Strong purifying
degA_1,core,8561,1247,932,74.73937449879712,359,10,349,0.027855153203342618,0.9721448467966574,34.9,13.959999999999999,34.9,13.959999999999999,Relaxed/positive
npr_2,core,8568,1511,1127,74.58636664460622,448,22,426,0.049107142857142856,0.9508928571428571,19.363636363636363,7.745454545454545,19.363636363636363,7.745454545454545,Relaxed/positive
cycB,core,8575,1292,238,18.421052631578945,190,74,116,0.3894736842105263,0.6105263157894737,1.5675675675675675,0.6270270270270271,1.5675675675675675,0.6270270270270271,Moderate purifying
pyrDB,core,8564,939,230,24.494142705005327,171,66,105,0.38596491228070173,0.6140350877192983,1.5909090909090908,0.6363636363636364,1.5909090909090908,0.6363636363636364,Moderate purifying
modA,core,8561,865,240,27.74566473988439,158,23,135,0.14556962025316456,0.8544303797468354,5.869565217391305,2.347826086956522,5.869565217391305,2.347826086956522,Relaxed/positive
sdhB,core,8569,670,129,19.25373134328358,98,30,68,0.30612244897959184,0.6938775510204082,2.2666666666666666,0.9066666666666666,2.2666666666666666,0.9066666666666666,Near neutral
dnaN,core,8556,1131,132,11.671087533156498,116,69,47,0.5948275862068966,0.4051724137931034,0.6811594202898551,0.27246376811594203,0.6811594202898551,0.27246376811594203,Strong purifying
clpB,core,8569,2624,452,17.22560975609756,350,182,168,0.52,0.48,0.9230769230769231,0.36923076923076925,0.9230769230769231,0.36923076923076925,Moderate purifying
mglA,core,8576,1578,207,13.11787072243346,179,104,75,0.5810055865921788,0.41899441340782123,0.7211538461538461,0.28846153846153844,0.7211538461538461,0.28846153846153844,Strong purifying
dpaL,core,8570,1218,284,23.316912972085387,202,63,139,0.3118811881188119,0.6881188118811881,2.2063492063492065,0.8825396825396826,2.2063492063492065,0.8825396825396826,Near neutral
pyrF,core,8576,715,186,26.013986013986013,139,37,102,0.26618705035971224,0.7338129496402878,2.7567567567567566,1.1027027027027025,2.7567567567567566,1.1027027027027025,Near neutral
malG,core,8575,864,149,17.24537037037037,121,70,51,0.5785123966942148,0.4214876033057851,0.7285714285714285,0.2914285714285714,0.7285714285714285,0.2914285714285714,Strong purifying
btuD_3,core,8580,5229,3509,67.10652132338879,1237,24,1213,0.019401778496362168,0.9805982215036378,50.541666666666664,20.216666666666665,50.541666666666664,20.216666666666665,Relaxed/positive
ecfA2,core,8562,883,140,15.855039637599095,118,59,59,0.5,0.5,1.0,0.4,1.0,0.4,Moderate purifying
tagU_1,core,8580,2002,1333,66.5834165834166,542,40,502,0.07380073800738007,0.9261992619926199,12.55,5.0200000000000005,12.55,5.0200000000000005,Relaxed/positive
cvfB,core,8578,902,199,22.06208425720621,140,39,101,0.2785714285714286,0.7214285714285714,2.58974358974359,1.035897435897436,2.58974358974359,1.035897435897436,Near neutral
ypwA,core,8552,1497,316,21.108884435537743,241,98,143,0.4066390041493776,0.5933609958506224,1.4591836734693877,0.5836734693877551,1.4591836734693877,0.5836734693877551,Moderate purifying
recG,core,8578,2043,416,20.362212432697014,338,168,170,0.4970414201183432,0.5029585798816568,1.0119047619047619,0.40476190476190477,1.0119047619047619,0.40476190476190477,Moderate purifying
rplS,core,8573,354,43,12.146892655367232,38,24,14,0.631578947368421,0.3684210526315789,0.5833333333333334,0.23333333333333334,0.5833333333333334,0.23333333333333334,Strong purifying
thrS,core,8579,1983,331,16.69188098840141,281,149,132,0.5302491103202847,0.4697508896797153,0.8859060402684564,0.35436241610738256,0.8859060402684564,0.35436241610738256,Moderate purifying
cydA,core,8578,1419,203,14.305849189570118,173,104,69,0.6011560693641619,0.3988439306358382,0.6634615384615384,0.2653846153846154,0.6634615384615384,0.2653846153846154,Strong purifying
phoR,core,8466,1780,339,19.04494382022472,262,110,152,0.4198473282442748,0.5801526717557252,1.3818181818181818,0.5527272727272727,1.3818181818181818,0.5527272727272727,Moderate purifying
opuCB,core,8566,639,93,14.553990610328638,81,46,35,0.5679012345679012,0.43209876543209874,0.7608695652173914,0.30434782608695654,0.7608695652173914,0.30434782608695654,Moderate purifying
rlmN,core,8518,1093,213,19.48764867337603,165,62,103,0.37575757575757573,0.6242424242424243,1.6612903225806452,0.6645161290322581,1.6612903225806452,0.6645161290322581,Moderate purifying
glcR_2,core,8263,927,739,79.71952535059332,276,9,267,0.03260869565217391,0.967391304347826,29.666666666666668,11.866666666666667,29.666666666666668,11.866666666666667,Relaxed/positive
rpmJ,core,8576,117,3,2.564102564102564,3,1,2,0.3333333333333333,0.6666666666666666,2.0,0.8,2.0,0.8,Near neutral
leuS,core,8576,2517,387,15.37544696066746,313,166,147,0.5303514376996805,0.4696485623003195,0.8855421686746988,0.3542168674698795,0.8855421686746988,0.3542168674698795,Moderate purifying
murE,core,8577,1536,280,18.229166666666664,225,112,113,0.49777777777777776,0.5022222222222222,1.0089285714285714,0.4035714285714286,1.0089285714285714,0.4035714285714286,Moderate purifying
mhqA_3,core,8580,1106,858,77.57685352622062,343,16,327,0.04664723032069971,0.9533527696793003,20.4375,8.175,20.4375,8.175,Relaxed/positive
gnd,core,8578,1422,212,14.908579465541491,179,86,93,0.48044692737430167,0.5195530726256983,1.0813953488372092,0.4325581395348837,1.0813953488372092,0.4325581395348837,Moderate purifying
rsmG,core,8579,904,129,14.269911504424778,87,11,76,0.12643678160919541,0.8735632183908046,6.909090909090909,2.7636363636363637,6.909090909090909,2.7636363636363637,Relaxed/positive
rpsD,core,8579,612,62,10.130718954248366,55,36,19,0.6545454545454545,0.34545454545454546,0.5277777777777778,0.2111111111111111,0.5277777777777778,0.2111111111111111,Strong purifying
dppE_1,core,8580,1936,1645,84.96900826446281,573,12,561,0.020942408376963352,0.9790575916230366,46.75,18.7,46.75,18.7,Relaxed/positive
bfmBAA,core,8483,999,221,22.12212212212212,168,58,110,0.34523809523809523,0.6547619047619048,1.896551724137931,0.7586206896551724,1.896551724137931,0.7586206896551724,Near neutral
ssrA,core,8577,393,200,50.89058524173028,92,4,88,0.043478260869565216,0.9565217391304348,22.0,8.8,22.0,8.8,Relaxed/positive
yclQ,core,8569,1039,226,21.751684311838307,176,63,113,0.35795454545454547,0.6420454545454546,1.7936507936507937,0.7174603174603175,1.7936507936507937,0.7174603174603175,Near neutral
ftsL,core,8580,408,67,16.42156862745098,56,27,29,0.48214285714285715,0.5178571428571429,1.0740740740740742,0.4296296296296297,1.0740740740740742,0.4296296296296297,Moderate purifying
gntP,core,8570,1296,270,20.833333333333336,207,95,112,0.45893719806763283,0.5410628019323671,1.1789473684210525,0.471578947368421,1.1789473684210525,0.471578947368421,Moderate purifying
thiT,core,8578,620,118,19.032258064516128,94,46,48,0.48936170212765956,0.5106382978723404,1.0434782608695652,0.41739130434782606,1.0434782608695652,0.41739130434782606,Moderate purifying
femA,core,8497,1292,241,18.653250773993808,172,35,137,0.20348837209302326,0.7965116279069767,3.914285714285714,1.5657142857142856,3.914285714285714,1.5657142857142856,Relaxed/positive
yheS,core,8526,1959,386,19.70393057682491,301,127,174,0.4219269102990033,0.5780730897009967,1.3700787401574803,0.5480314960629922,1.3700787401574803,0.5480314960629922,Moderate purifying
dhaM-2,core,8575,399,81,20.30075187969925,63,16,47,0.25396825396825395,0.746031746031746,2.9375,1.175,2.9375,1.175,Near neutral
rny,core,8578,1557,150,9.633911368015415,135,77,58,0.5703703703703704,0.42962962962962964,0.7532467532467533,0.3012987012987013,0.7532467532467533,0.3012987012987013,Moderate purifying
dhaL,core,8528,618,134,21.68284789644013,101,38,63,0.37623762376237624,0.6237623762376238,1.6578947368421053,0.6631578947368422,1.6578947368421053,0.6631578947368422,Moderate purifying
purB,core,8579,1296,214,16.51234567901235,181,104,77,0.574585635359116,0.425414364640884,0.7403846153846154,0.29615384615384616,0.7403846153846154,0.29615384615384616,Strong purifying
mraY,core,8580,966,163,16.873706004140786,135,71,64,0.5259259259259259,0.4740740740740741,0.9014084507042254,0.36056338028169016,0.9014084507042254,0.36056338028169016,Moderate purifying
perR,core,8578,444,85,19.144144144144143,69,25,44,0.36231884057971014,0.6376811594202898,1.76,0.704,1.76,0.704,Near neutral
aes,core,8471,1080,287,26.574074074074073,195,21,174,0.1076923076923077,0.8923076923076924,8.285714285714286,3.3142857142857145,8.285714285714286,3.3142857142857145,Relaxed/positive
zitB,core,8503,937,152,16.22198505869797,123,60,63,0.4878048780487805,0.5121951219512195,1.05,0.42000000000000004,1.05,0.42000000000000004,Moderate purifying
ybeY,core,8580,480,79,16.458333333333332,67,30,37,0.44776119402985076,0.5522388059701493,1.2333333333333334,0.49333333333333335,1.2333333333333334,0.49333333333333335,Moderate purifying
slyA,core,8429,564,88,15.602836879432624,70,30,40,0.42857142857142855,0.5714285714285714,1.3333333333333333,0.5333333333333333,1.3333333333333333,0.5333333333333333,Moderate purifying
hmpT,core,8578,513,117,22.807017543859647,94,31,63,0.32978723404255317,0.6702127659574468,2.032258064516129,0.8129032258064516,2.032258064516129,0.8129032258064516,Near neutral
ntpG,core,8580,312,53,16.98717948717949,45,16,29,0.35555555555555557,0.6444444444444445,1.8125,0.725,1.8125,0.725,Near neutral
rplK,core,8579,423,38,8.983451536643026,33,15,18,0.45454545454545453,0.5454545454545454,1.2,0.48,1.2,0.48,Moderate purifying
focA,core,8560,793,166,20.933165195460276,129,20,109,0.15503875968992248,0.8449612403100775,5.45,2.18,5.45,2.18,Relaxed/positive
sigV,core,8562,588,141,23.97959183673469,94,26,68,0.2765957446808511,0.723404255319149,2.6153846153846154,1.0461538461538462,2.6153846153846154,1.0461538461538462,Near neutral
menH_2,core,8580,1166,764,65.52315608919382,323,22,301,0.06811145510835913,0.9318885448916409,13.681818181818182,5.472727272727273,13.681818181818182,5.472727272727273,Relaxed/positive
nagR_2,core,8579,929,709,76.31862217438106,251,2,249,0.00796812749003984,0.9920318725099602,124.5,49.8,124.5,49.8,Relaxed/positive
galT_2,core,8576,1530,756,49.411764705882355,381,71,310,0.18635170603674542,0.8136482939632546,4.366197183098592,1.7464788732394367,4.366197183098592,1.7464788732394367,Relaxed/positive
pphA,core,8541,777,202,25.997425997426,136,35,101,0.25735294117647056,0.7426470588235294,2.8857142857142857,1.1542857142857144,2.8857142857142857,1.1542857142857144,Near neutral
apbE_2,core,8522,1075,640,59.53488372093023,319,13,306,0.04075235109717868,0.9592476489028213,23.53846153846154,9.415384615384616,23.53846153846154,9.415384615384616,Relaxed/positive
ulaG,core,8261,1092,209,19.13919413919414,162,57,105,0.35185185185185186,0.6481481481481481,1.8421052631578947,0.7368421052631579,1.8421052631578947,0.7368421052631579,Near neutral
pepT_1,core,8580,1258,602,47.85373608903021,346,97,249,0.28034682080924855,0.7196531791907514,2.5670103092783507,1.0268041237113403,2.5670103092783507,1.0268041237113403,Near neutral
gap_2,core,8334,1015,430,42.364532019704434,251,49,202,0.1952191235059761,0.8047808764940239,4.122448979591836,1.6489795918367345,4.122448979591836,1.6489795918367345,Relaxed/positive
mnmA,core,8573,1164,190,16.323024054982817,155,69,86,0.44516129032258067,0.5548387096774193,1.2463768115942029,0.49855072463768113,1.2463768115942029,0.49855072463768113,Moderate purifying
ccpA_3,core,8395,1456,1036,71.15384615384616,381,21,360,0.05511811023622047,0.9448818897637795,17.142857142857142,6.857142857142857,17.142857142857142,6.857142857142857,Relaxed/positive
yacL,core,8580,1146,123,10.732984293193718,113,75,38,0.6637168141592921,0.336283185840708,0.5066666666666667,0.2026666666666667,0.5066666666666667,0.2026666666666667,Strong purifying
comGC,core,8514,276,59,21.3768115942029,43,15,28,0.3488372093023256,0.6511627906976745,1.8666666666666667,0.7466666666666667,1.8666666666666667,0.7466666666666667,Near neutral
ybiT_2,core,8577,1943,1106,56.922285126093676,480,25,455,0.052083333333333336,0.9479166666666666,18.2,7.279999999999999,18.2,7.279999999999999,Relaxed/positive
ylaC,core,8283,567,89,15.696649029982362,66,26,40,0.3939393939393939,0.6060606060606061,1.5384615384615385,0.6153846153846154,1.5384615384615385,0.6153846153846154,Moderate purifying
prfA,core,8560,1074,149,13.873370577281191,133,93,40,0.6992481203007519,0.3007518796992481,0.43010752688172044,0.17204301075268819,0.43010752688172044,0.17204301075268819,Strong purifying
rnhA,core,8563,439,82,18.678815489749432,65,32,33,0.49230769230769234,0.5076923076923077,1.03125,0.4125,1.03125,0.4125,Moderate purifying
rho,core,8564,1293,258,19.953596287703014,208,98,110,0.47115384615384615,0.5288461538461539,1.1224489795918366,0.44897959183673464,1.1224489795918366,0.44897959183673464,Moderate purifying
rpsT,core,8580,261,31,11.877394636015326,26,11,15,0.4230769230769231,0.5769230769230769,1.3636363636363635,0.5454545454545454,1.3636363636363635,0.5454545454545454,Moderate purifying
coaBC_2,core,8580,818,350,42.78728606356968,181,18,163,0.09944751381215469,0.9005524861878453,9.055555555555555,3.6222222222222222,9.055555555555555,3.6222222222222222,Relaxed/positive
whiA,core,8579,976,129,13.217213114754097,117,63,54,0.5384615384615384,0.46153846153846156,0.8571428571428571,0.34285714285714286,0.8571428571428571,0.34285714285714286,Moderate purifying
nagB_2,core,8411,808,544,67.32673267326733,223,11,212,0.04932735426008968,0.9506726457399103,19.272727272727273,7.709090909090909,19.272727272727273,7.709090909090909,Relaxed/positive
mutS,core,8569,3220,626,19.440993788819878,406,49,357,0.1206896551724138,0.8793103448275862,7.285714285714286,2.914285714285714,7.285714285714286,2.914285714285714,Relaxed/positive
mtgA,core,8519,2633,590,22.407899734143562,438,203,235,0.4634703196347032,0.5365296803652968,1.1576354679802956,0.4630541871921182,1.1576354679802956,0.4630541871921182,Moderate purifying
yidC,core,8574,934,118,12.633832976445397,103,48,55,0.46601941747572817,0.5339805825242718,1.1458333333333333,0.4583333333333333,1.1458333333333333,0.4583333333333333,Moderate purifying
yghA,core,8562,894,203,22.706935123042506,146,56,90,0.3835616438356164,0.6164383561643836,1.6071428571428572,0.6428571428571429,1.6071428571428572,0.6428571428571429,Moderate purifying
cdaA,core,8579,885,133,15.028248587570623,106,47,59,0.44339622641509435,0.5566037735849056,1.2553191489361701,0.502127659574468,1.2553191489361701,0.502127659574468,Moderate purifying
trpS,core,8572,1135,214,18.854625550660792,162,58,104,0.35802469135802467,0.6419753086419753,1.793103448275862,0.7172413793103448,1.793103448275862,0.7172413793103448,Near neutral
glpF,core,8567,726,134,18.457300275482094,106,43,63,0.4056603773584906,0.5943396226415094,1.4651162790697674,0.586046511627907,1.4651162790697674,0.586046511627907,Moderate purifying
pucA,core,8472,1009,245,24.2814667988107,181,51,130,0.281767955801105,0.7182320441988951,2.549019607843137,1.0196078431372548,2.549019607843137,1.0196078431372548,Near neutral
ldh_2,core,8426,1046,490,46.845124282982795,256,29,227,0.11328125,0.88671875,7.827586206896552,3.1310344827586207,7.827586206896552,3.1310344827586207,Relaxed/positive
purR,core,8509,924,91,9.848484848484848,79,48,31,0.6075949367088608,0.3924050632911392,0.6458333333333334,0.25833333333333336,0.6458333333333334,0.25833333333333336,Strong purifying
peb1A,core,8580,878,186,21.184510250569478,129,27,102,0.20930232558139536,0.7906976744186046,3.7777777777777777,1.511111111111111,3.7777777777777777,1.511111111111111,Relaxed/positive
metC,core,8455,1147,252,21.970357454228424,183,46,137,0.25136612021857924,0.7486338797814208,2.9782608695652173,1.191304347826087,2.9782608695652173,1.191304347826087,Near neutral
thiD,core,8576,831,191,22.984356197352586,144,69,75,0.4791666666666667,0.5208333333333334,1.0869565217391304,0.43478260869565216,1.0869565217391304,0.43478260869565216,Moderate purifying
atpD,core,8578,1407,166,11.798152096659559,150,111,39,0.74,0.26,0.35135135135135137,0.14054054054054055,0.35135135135135137,0.14054054054054055,Strong purifying
rpmG3,core,8579,153,20,13.071895424836603,18,7,11,0.3888888888888889,0.6111111111111112,1.5714285714285714,0.6285714285714286,1.5714285714285714,0.6285714285714286,Moderate purifying
fba,core,8579,870,120,13.793103448275861,110,73,37,0.6636363636363637,0.33636363636363636,0.5068493150684932,0.20273972602739726,0.5068493150684932,0.20273972602739726,Strong purifying
accB,core,8580,495,112,22.626262626262626,81,22,59,0.2716049382716049,0.7283950617283951,2.6818181818181817,1.0727272727272728,2.6818181818181817,1.0727272727272728,Near neutral
add,core,8558,1091,228,20.89825847846013,175,70,105,0.4,0.6,1.5,0.6,1.5,0.6,Moderate purifying
srrA_2,core,8502,800,626,78.25,243,14,229,0.05761316872427984,0.9423868312757202,16.357142857142858,6.542857142857143,16.357142857142858,6.542857142857143,Relaxed/positive
recO,core,8579,819,147,17.94871794871795,111,47,64,0.42342342342342343,0.5765765765765766,1.3617021276595744,0.5446808510638298,1.3617021276595744,0.5446808510638298,Moderate purifying
bglC_2,core,8563,1561,1177,75.40038436899424,463,12,451,0.02591792656587473,0.9740820734341252,37.583333333333336,15.033333333333335,37.583333333333336,15.033333333333335,Relaxed/positive
opuCA_2,core,8336,1209,515,42.597187758478086,299,85,214,0.2842809364548495,0.7157190635451505,2.5176470588235293,1.0070588235294118,2.5176470588235293,1.0070588235294118,Near neutral
phoB,core,8254,1432,360,25.139664804469277,261,83,178,0.31800766283524906,0.6819923371647509,2.144578313253012,0.8578313253012049,2.144578313253012,0.8578313253012049,Near neutral
manZ_4,core,8580,1322,998,75.49167927382754,344,3,341,0.00872093023255814,0.9912790697674418,113.66666666666667,45.46666666666667,113.66666666666667,45.46666666666667,Relaxed/positive
metQ_3,core,8577,918,670,72.98474945533769,278,25,253,0.08992805755395683,0.9100719424460432,10.12,4.048,10.12,4.048,Relaxed/positive
liaS,core,8456,1108,210,18.95306859205776,160,76,84,0.475,0.525,1.105263157894737,0.4421052631578948,1.105263157894737,0.4421052631578948,Moderate purifying
gpmA_1,core,8580,1006,750,74.55268389662028,281,20,261,0.0711743772241993,0.9288256227758007,13.05,5.220000000000001,13.05,5.220000000000001,Relaxed/positive
pta_1,core,8498,1095,481,43.926940639269404,247,35,212,0.1417004048582996,0.8582995951417004,6.057142857142857,2.4228571428571426,6.057142857142857,2.4228571428571426,Relaxed/positive
msrC,core,8578,514,127,24.708171206225682,85,18,67,0.21176470588235294,0.788235294117647,3.7222222222222223,1.488888888888889,3.7222222222222223,1.488888888888889,Relaxed/positive
asnS,core,8579,1335,209,15.655430711610489,179,110,69,0.6145251396648045,0.3854748603351955,0.6272727272727273,0.2509090909090909,0.6272727272727273,0.2509090909090909,Strong purifying
pncB2,core,8565,1494,239,15.997322623828648,205,112,93,0.5463414634146342,0.45365853658536587,0.8303571428571429,0.3321428571428572,0.8303571428571429,0.3321428571428572,Moderate purifying
ygjK,core,8444,2449,499,20.375663536137196,340,63,277,0.18529411764705883,0.8147058823529412,4.396825396825397,1.758730158730159,4.396825396825397,1.758730158730159,Relaxed/positive
rluB,core,8511,717,145,20.2231520223152,118,59,59,0.5,0.5,1.0,0.4,1.0,0.4,Moderate purifying
ydhP,core,8574,1366,348,25.47584187408492,224,44,180,0.19642857142857142,0.8035714285714286,4.090909090909091,1.6363636363636362,4.090909090909091,1.6363636363636362,Relaxed/positive
panE_2,core,8465,1045,626,59.90430622009569,303,67,236,0.22112211221122113,0.7788778877887789,3.5223880597014925,1.408955223880597,3.5223880597014925,1.408955223880597,Relaxed/positive
murQ_1,core,8580,911,499,54.77497255762898,250,13,237,0.052,0.948,18.23076923076923,7.292307692307692,18.23076923076923,7.292307692307692,Relaxed/positive
hcxA_2,core,8578,1322,607,45.915279878971255,315,40,275,0.12698412698412698,0.873015873015873,6.875,2.75,6.875,2.75,Relaxed/positive
ftsW_2,core,8578,1295,699,53.97683397683398,349,52,297,0.1489971346704871,0.8510028653295129,5.711538461538462,2.2846153846153845,5.711538461538462,2.2846153846153845,Relaxed/positive
nox,core,8565,1347,220,16.33259094283593,181,91,90,0.5027624309392266,0.4972375690607735,0.989010989010989,0.39560439560439564,0.989010989010989,0.39560439560439564,Moderate purifying
rimM,core,8579,525,122,23.238095238095237,99,45,54,0.45454545454545453,0.5454545454545454,1.2,0.48,1.2,0.48,Moderate purifying
araQ_1,core,8553,1092,885,81.04395604395604,325,4,321,0.012307692307692308,0.9876923076923076,80.25,32.1,80.25,32.1,Relaxed/positive
yclM,core,8574,1375,241,17.527272727272727,198,90,108,0.45454545454545453,0.5454545454545454,1.2,0.48,1.2,0.48,Moderate purifying
pduL,core,8572,645,142,22.015503875968992,114,54,60,0.47368421052631576,0.5263157894736842,1.1111111111111112,0.4444444444444445,1.1111111111111112,0.4444444444444445,Moderate purifying
ftsH,core,8509,2169,283,13.047487321346244,246,134,112,0.5447154471544715,0.45528455284552843,0.835820895522388,0.33432835820895523,0.835820895522388,0.33432835820895523,Moderate purifying
ssnA,core,8555,1342,330,24.59016393442623,217,38,179,0.17511520737327188,0.8248847926267281,4.7105263157894735,1.8842105263157893,4.7105263157894735,1.8842105263157893,Relaxed/positive
trmB,core,8577,670,88,13.134328358208954,68,34,34,0.5,0.5,1.0,0.4,1.0,0.4,Moderate purifying
prs,core,8575,972,106,10.905349794238683,101,77,24,0.7623762376237624,0.2376237623762376,0.3116883116883117,0.12467532467532468,0.3116883116883117,0.12467532467532468,Strong purifying
ltaS1_1,core,8158,2405,1471,61.16424116424116,643,38,605,0.05909797822706065,0.9409020217729394,15.921052631578947,6.368421052631579,15.921052631578947,6.368421052631579,Relaxed/positive
upp,core,8580,630,67,10.634920634920634,62,41,21,0.6612903225806451,0.3387096774193548,0.5121951219512195,0.20487804878048782,0.5121951219512195,0.20487804878048782,Strong purifying
acpA,core,8579,228,26,11.403508771929824,22,13,9,0.5909090909090909,0.4090909090909091,0.6923076923076923,0.27692307692307694,0.6923076923076923,0.27692307692307694,Strong purifying
tmrB,core,8565,519,142,27.360308285163775,101,13,88,0.12871287128712872,0.8712871287128713,6.769230769230769,2.707692307692308,6.769230769230769,2.707692307692308,Relaxed/positive
msmX_1,core,8541,1360,529,38.89705882352941,266,14,252,0.05263157894736842,0.9473684210526315,18.0,7.2,18.0,7.2,Relaxed/positive
dnaB,core,8579,1410,271,19.21985815602837,211,78,133,0.3696682464454976,0.6303317535545023,1.705128205128205,0.6820512820512821,1.705128205128205,0.6820512820512821,Moderate purifying
folT,core,8568,540,110,20.37037037037037,80,32,48,0.4,0.6,1.5,0.6,1.5,0.6,Moderate purifying
oadA,core,8495,1401,258,18.41541755888651,209,128,81,0.6124401913875598,0.3875598086124402,0.6328125,0.253125,0.6328125,0.253125,Strong purifying
potB,core,8580,880,142,16.136363636363637,118,64,54,0.5423728813559322,0.4576271186440678,0.84375,0.3375,0.84375,0.3375,Moderate purifying
ntpC,core,8578,1002,225,22.45508982035928,179,66,113,0.3687150837988827,0.6312849162011173,1.7121212121212122,0.6848484848484848,1.7121212121212122,0.6848484848484848,Moderate purifying
glmU,core,8580,1377,197,14.306463326071169,171,95,76,0.5555555555555556,0.4444444444444444,0.8,0.32,0.8,0.32,Moderate purifying
hprK,core,8578,942,207,21.97452229299363,155,84,71,0.5419354838709678,0.45806451612903226,0.8452380952380952,0.3380952380952381,0.8452380952380952,0.3380952380952381,Moderate purifying
yuaF,core,8579,543,99,18.23204419889503,78,34,44,0.4358974358974359,0.5641025641025641,1.2941176470588236,0.5176470588235295,1.2941176470588236,0.5176470588235295,Moderate purifying
dap,core,8557,1170,251,21.45299145299145,193,74,119,0.38341968911917096,0.616580310880829,1.6081081081081081,0.6432432432432432,1.6081081081081081,0.6432432432432432,Moderate purifying
ybbH_1,core,8580,1127,921,81.72138420585625,324,5,319,0.015432098765432098,0.9845679012345679,63.8,25.52,63.8,25.52,Relaxed/positive
dltA,core,8528,1533,281,18.33007175472929,218,91,127,0.41743119266055045,0.5825688073394495,1.3956043956043955,0.5582417582417583,1.3956043956043955,0.5582417582417583,Moderate purifying
gshAB,core,8572,2283,429,18.791064388961892,347,178,169,0.5129682997118156,0.48703170028818443,0.949438202247191,0.3797752808988764,0.949438202247191,0.3797752808988764,Moderate purifying
lacD_2,core,8250,1180,671,56.86440677966102,320,92,228,0.2875,0.7125,2.4782608695652173,0.9913043478260869,2.4782608695652173,0.9913043478260869,Near neutral
yccF,core,8572,384,89,23.177083333333336,65,30,35,0.46153846153846156,0.5384615384615384,1.1666666666666667,0.4666666666666667,1.1666666666666667,0.4666666666666667,Moderate purifying
folD,core,8579,852,178,20.89201877934272,135,49,86,0.362962962962963,0.6370370370370371,1.7551020408163265,0.7020408163265306,1.7551020408163265,0.7020408163265306,Near neutral
bioY2,core,8578,549,142,25.865209471766846,107,57,50,0.5327102803738317,0.4672897196261682,0.8771929824561403,0.3508771929824561,0.8771929824561403,0.3508771929824561,Moderate purifying
dppA,core,8218,852,188,22.065727699530516,137,47,90,0.34306569343065696,0.656934306569343,1.9148936170212767,0.7659574468085106,1.9148936170212767,0.7659574468085106,Near neutral
celA_1,core,8576,358,261,72.90502793296089,108,1,107,0.009259259259259259,0.9907407407407407,107.0,42.8,107.0,42.8,Relaxed/positive
tmpC_2,core,8578,1090,416,38.1651376146789,261,72,189,0.27586206896551724,0.7241379310344828,2.625,1.05,2.625,1.05,Near neutral
pspA_2,core,8521,675,336,49.77777777777778,167,20,147,0.11976047904191617,0.8802395209580839,7.35,2.94,7.35,2.94,Relaxed/positive
ytcD_2,core,8362,389,286,73.52185089974293,115,8,107,0.06956521739130435,0.9304347826086956,13.375,5.35,13.375,5.35,Relaxed/positive
comEA,core,8353,743,209,28.129205921938087,139,39,100,0.2805755395683453,0.7194244604316546,2.5641025641025643,1.0256410256410258,2.5641025641025643,1.0256410256410258,Near neutral
rpsP,core,8580,285,34,11.929824561403509,29,14,15,0.4827586206896552,0.5172413793103449,1.0714285714285714,0.42857142857142855,1.0714285714285714,0.42857142857142855,Moderate purifying
aroC,core,8570,1167,243,20.822622107969153,190,96,94,0.5052631578947369,0.49473684210526314,0.9791666666666666,0.39166666666666666,0.9791666666666666,0.39166666666666666,Moderate purifying
wbgU_1,core,8416,1162,699,60.15490533562823,308,25,283,0.08116883116883117,0.9188311688311688,11.32,4.5280000000000005,11.32,4.5280000000000005,Relaxed/positive
trmR,core,8575,705,140,19.858156028368796,106,53,53,0.5,0.5,1.0,0.4,1.0,0.4,Moderate purifying
ftsX,core,8579,887,127,14.317925591882751,111,74,37,0.6666666666666666,0.3333333333333333,0.5,0.2,0.5,0.2,Strong purifying
metN_2,core,8563,1091,454,41.61319890009166,259,82,177,0.3166023166023166,0.6833976833976834,2.158536585365854,0.8634146341463416,2.158536585365854,0.8634146341463416,Near neutral
garK,core,8578,1206,269,22.30514096185738,204,81,123,0.39705882352941174,0.6029411764705882,1.5185185185185186,0.6074074074074074,1.5185185185185186,0.6074074074074074,Moderate purifying
gyrB_2,core,8536,2033,654,32.16920806689621,379,45,334,0.11873350923482849,0.8812664907651715,7.4222222222222225,2.968888888888889,7.4222222222222225,2.968888888888889,Relaxed/positive
btuD_7,core,8205,4263,3316,77.78559699741966,1118,12,1106,0.01073345259391771,0.9892665474060823,92.16666666666667,36.86666666666667,92.16666666666667,36.86666666666667,Relaxed/positive
mltF_3,core,8570,2343,1181,50.40546308151942,547,60,487,0.10968921389396709,0.8903107861060329,8.116666666666667,3.246666666666667,8.116666666666667,3.246666666666667,Relaxed/positive
purN,core,8575,574,149,25.958188153310104,100,13,87,0.13,0.87,6.6923076923076925,2.676923076923077,6.6923076923076925,2.676923076923077,Relaxed/positive
rplW,core,8576,291,26,8.934707903780069,24,12,12,0.5,0.5,1.0,0.4,1.0,0.4,Moderate purifying
manX_2,core,8580,1271,878,69.07946498819827,323,1,322,0.0030959752321981426,0.9969040247678018,322.0,128.8,322.0,128.8,Relaxed/positive
oatA,core,8569,1884,354,18.789808917197455,278,115,163,0.4136690647482014,0.5863309352517986,1.4173913043478261,0.5669565217391305,1.4173913043478261,0.5669565217391305,Moderate purifying
oppF_1,core,8570,1071,623,58.16993464052288,294,35,259,0.11904761904761904,0.8809523809523809,7.4,2.96,7.4,2.96,Relaxed/positive
tagU_5,core,8527,2097,1269,60.51502145922747,535,29,506,0.05420560747663551,0.9457943925233645,17.448275862068964,6.979310344827586,17.448275862068964,6.979310344827586,Relaxed/positive
sorA_1,core,8580,943,818,86.74443266171792,286,4,282,0.013986013986013986,0.986013986013986,70.5,28.2,70.5,28.2,Relaxed/positive
hit,core,8575,429,85,19.813519813519815,72,30,42,0.4166666666666667,0.5833333333333334,1.4,0.5599999999999999,1.4,0.5599999999999999,Moderate purifying
ykuL,core,8576,489,86,17.586912065439673,71,37,34,0.5211267605633803,0.4788732394366197,0.918918918918919,0.3675675675675676,0.918918918918919,0.3675675675675676,Moderate purifying
mprF_1,core,8486,2901,1837,63.32299207169941,803,68,735,0.08468244084682441,0.9153175591531756,10.808823529411764,4.323529411764706,10.808823529411764,4.323529411764706,Relaxed/positive
proC_2,core,8580,855,601,70.29239766081872,257,18,239,0.07003891050583658,0.9299610894941635,13.277777777777779,5.311111111111112,13.277777777777779,5.311111111111112,Relaxed/positive
citE,core,8579,906,219,24.17218543046358,177,121,56,0.6836158192090396,0.3163841807909605,0.4628099173553719,0.18512396694214878,0.4628099173553719,0.18512396694214878,Strong purifying
mrdB,core,8552,2296,274,11.933797909407666,199,51,148,0.2562814070351759,0.7437185929648241,2.9019607843137254,1.16078431372549,2.9019607843137254,1.16078431372549,Near neutral
pdhA,core,8579,1116,142,12.724014336917563,127,74,53,0.5826771653543307,0.41732283464566927,0.7162162162162162,0.2864864864864865,0.7162162162162162,0.2864864864864865,Strong purifying
levE_2,core,8447,567,465,82.01058201058201,168,3,165,0.017857142857142856,0.9821428571428571,55.0,22.0,55.0,22.0,Relaxed/positive
nusG,core,8576,552,60,10.869565217391305,47,28,19,0.5957446808510638,0.40425531914893614,0.6785714285714286,0.27142857142857146,0.6785714285714286,0.27142857142857146,Strong purifying
fni,core,8580,1055,255,24.170616113744074,192,70,122,0.3645833333333333,0.6354166666666666,1.7428571428571429,0.6971428571428572,1.7428571428571429,0.6971428571428572,Moderate purifying
rfbC,core,8578,600,109,18.166666666666668,85,39,46,0.4588235294117647,0.5411764705882353,1.1794871794871795,0.4717948717948718,1.1794871794871795,0.4717948717948718,Moderate purifying
mnaA,core,8425,1229,352,28.641171684296175,223,24,199,0.10762331838565023,0.8923766816143498,8.291666666666666,3.3166666666666664,8.291666666666666,3.3166666666666664,Relaxed/positive
murI,core,8578,828,155,18.719806763285025,123,53,70,0.43089430894308944,0.5691056910569106,1.320754716981132,0.5283018867924528,1.320754716981132,0.5283018867924528,Moderate purifying
arcC1_4,core,8526,1067,695,65.13589503280225,304,47,257,0.15460526315789475,0.8453947368421053,5.468085106382978,2.1872340425531913,5.468085106382978,2.1872340425531913,Relaxed/positive
dppE_5,core,8580,1895,1667,87.96833773087072,589,12,577,0.02037351443123939,0.9796264855687606,48.083333333333336,19.233333333333334,48.083333333333336,19.233333333333334,Relaxed/positive
argR_2,core,8580,550,397,72.18181818181819,159,12,147,0.07547169811320754,0.9245283018867925,12.25,4.9,12.25,4.9,Relaxed/positive
rpsH,core,8575,399,32,8.020050125313283,29,19,10,0.6551724137931034,0.3448275862068966,0.5263157894736842,0.21052631578947367,0.5263157894736842,0.21052631578947367,Strong purifying
glxR,core,8577,914,198,21.663019693654267,133,23,110,0.17293233082706766,0.8270676691729323,4.782608695652174,1.9130434782608696,4.782608695652174,1.9130434782608696,Relaxed/positive
truB,core,8566,922,204,22.125813449023862,144,43,101,0.2986111111111111,0.7013888888888888,2.3488372093023258,0.9395348837209303,2.3488372093023258,0.9395348837209303,Near neutral
helD,core,8571,2210,481,21.764705882352942,360,121,239,0.33611111111111114,0.6638888888888889,1.975206611570248,0.7900826446280992,1.975206611570248,0.7900826446280992,Near neutral
ndk,core,8574,541,81,14.972273567467653,54,8,46,0.14814814814814814,0.8518518518518519,5.75,2.3,5.75,2.3,Relaxed/positive
mtnN,core,8556,696,118,16.954022988505745,98,51,47,0.5204081632653061,0.47959183673469385,0.9215686274509803,0.3686274509803921,0.9215686274509803,0.3686274509803921,Moderate purifying
pstB3_2,core,8579,811,326,40.197287299630084,193,66,127,0.34196891191709844,0.6580310880829016,1.9242424242424243,0.7696969696969698,1.9242424242424243,0.7696969696969698,Near neutral
fimA,core,8570,934,188,20.12847965738758,128,29,99,0.2265625,0.7734375,3.413793103448276,1.3655172413793104,3.413793103448276,1.3655172413793104,Relaxed/positive
mshD_2,core,8514,1106,520,47.01627486437613,230,18,212,0.0782608695652174,0.9217391304347826,11.777777777777779,4.711111111111111,11.777777777777779,4.711111111111111,Relaxed/positive
rcsC_3,core,8539,2130,1529,71.78403755868544,574,28,546,0.04878048780487805,0.9512195121951219,19.5,7.8,19.5,7.8,Relaxed/positive
dnaJ,core,8569,1176,225,19.132653061224488,173,77,96,0.44508670520231214,0.5549132947976878,1.2467532467532467,0.4987012987012987,1.2467532467532467,0.4987012987012987,Moderate purifying
rhaR_1,core,8580,2238,1727,77.16711349419124,609,18,591,0.029556650246305417,0.9704433497536946,32.833333333333336,13.133333333333335,32.833333333333336,13.133333333333335,Relaxed/positive
pyrB,core,8580,1068,324,30.337078651685395,184,46,138,0.25,0.75,3.0,1.2,3.0,1.2,Near neutral
licT_2,core,8320,995,825,82.91457286432161,290,5,285,0.017241379310344827,0.9827586206896551,57.0,22.8,57.0,22.8,Relaxed/positive
ssuB,core,8562,828,176,21.256038647342994,133,48,85,0.3609022556390977,0.6390977443609023,1.7708333333333333,0.7083333333333333,1.7708333333333333,0.7083333333333333,Near neutral
purF,core,8566,2508,405,16.148325358851675,265,42,223,0.15849056603773584,0.8415094339622642,5.309523809523809,2.123809523809524,5.309523809523809,2.123809523809524,Relaxed/positive
agaC_2,core,8492,1020,824,80.7843137254902,303,7,296,0.0231023102310231,0.976897689768977,42.285714285714285,16.914285714285715,42.285714285714285,16.914285714285715,Relaxed/positive
ctpE_2,core,8580,2597,1308,50.365806700038505,680,68,612,0.1,0.9,9.0,3.6,9.0,3.6,Relaxed/positive
ntpK,core,8580,474,66,13.924050632911392,57,32,25,0.5614035087719298,0.43859649122807015,0.78125,0.3125,0.78125,0.3125,Moderate purifying
rplO,core,8578,441,42,9.523809523809524,37,18,19,0.4864864864864865,0.5135135135135135,1.0555555555555556,0.4222222222222222,1.0555555555555556,0.4222222222222222,Moderate purifying
yqeN,core,8580,1029,215,20.89407191448008,167,61,106,0.3652694610778443,0.6347305389221557,1.7377049180327868,0.6950819672131148,1.7377049180327868,0.6950819672131148,Moderate purifying
gdnD,core,8547,354,82,23.163841807909606,51,17,34,0.3333333333333333,0.6666666666666666,2.0,0.8,2.0,0.8,Near neutral
hslV,core,8579,549,94,17.122040072859747,73,39,34,0.5342465753424658,0.4657534246575342,0.8717948717948718,0.3487179487179487,0.8717948717948718,0.3487179487179487,Moderate purifying
allD,core,8572,1145,212,18.515283842794762,169,63,106,0.3727810650887574,0.6272189349112426,1.6825396825396826,0.6730158730158731,1.6825396825396826,0.6730158730158731,Moderate purifying
glyQ,core,8580,909,137,15.071507150715071,118,72,46,0.6101694915254238,0.3898305084745763,0.6388888888888888,0.25555555555555554,0.6388888888888888,0.25555555555555554,Strong purifying
yabA,core,8579,348,38,10.919540229885058,31,15,16,0.4838709677419355,0.5161290322580645,1.0666666666666667,0.42666666666666664,1.0666666666666667,0.42666666666666664,Moderate purifying
catE,core,8355,857,228,26.60443407234539,155,30,125,0.1935483870967742,0.8064516129032258,4.166666666666667,1.6666666666666667,4.166666666666667,1.6666666666666667,Relaxed/positive
mnmE,core,8580,1398,233,16.666666666666664,195,111,84,0.5692307692307692,0.4307692307692308,0.7567567567567568,0.3027027027027027,0.7567567567567568,0.3027027027027027,Moderate purifying
yjiA,core,8489,1038,274,26.39691714836224,184,49,135,0.266304347826087,0.7336956521739131,2.7551020408163267,1.1020408163265307,2.7551020408163267,1.1020408163265307,Near neutral
tgnD,core,8509,735,128,17.414965986394556,97,42,55,0.4329896907216495,0.5670103092783505,1.3095238095238095,0.5238095238095238,1.3095238095238095,0.5238095238095238,Moderate purifying
sfsA,core,8573,742,141,19.00269541778976,112,45,67,0.4017857142857143,0.5982142857142857,1.488888888888889,0.5955555555555556,1.488888888888889,0.5955555555555556,Moderate purifying
nudF,core,8573,645,147,22.790697674418606,111,43,68,0.38738738738738737,0.6126126126126126,1.5813953488372092,0.6325581395348837,1.5813953488372092,0.6325581395348837,Moderate purifying
ileS,core,8579,2811,430,15.297047314123088,356,188,168,0.5280898876404494,0.47191011235955055,0.8936170212765957,0.35744680851063826,0.8936170212765957,0.35744680851063826,Moderate purifying
ytpP,core,8579,318,81,25.471698113207548,62,18,44,0.2903225806451613,0.7096774193548387,2.4444444444444446,0.9777777777777779,2.4444444444444446,0.9777777777777779,Near neutral
gmuD,core,8554,1395,245,17.562724014336915,199,82,117,0.4120603015075377,0.5879396984924623,1.4268292682926829,0.5707317073170731,1.4268292682926829,0.5707317073170731,Moderate purifying
rmlB,core,8578,1029,161,15.646258503401361,138,81,57,0.5869565217391305,0.41304347826086957,0.7037037037037037,0.2814814814814815,0.7037037037037037,0.2814814814814815,Strong purifying
acyP,core,8579,276,58,21.014492753623188,43,18,25,0.4186046511627907,0.5813953488372093,1.3888888888888888,0.5555555555555556,1.3888888888888888,0.5555555555555556,Moderate purifying
tag_2,core,8575,662,327,49.39577039274924,156,12,144,0.07692307692307693,0.9230769230769231,12.0,4.8,12.0,4.8,Relaxed/positive
licC_3,core,8580,1747,1445,82.71322266742987,500,15,485,0.03,0.97,32.333333333333336,12.933333333333334,32.333333333333336,12.933333333333334,Relaxed/positive
nrdI,core,8572,616,63,10.227272727272728,48,8,40,0.16666666666666666,0.8333333333333334,5.0,2.0,5.0,2.0,Relaxed/positive
graS,core,8558,1027,224,21.81110029211295,169,68,101,0.40236686390532544,0.5976331360946746,1.4852941176470589,0.5941176470588235,1.4852941176470589,0.5941176470588235,Moderate purifying
glmM,core,8574,1356,220,16.224188790560472,188,115,73,0.6117021276595744,0.3882978723404255,0.6347826086956522,0.2539130434782609,0.6347826086956522,0.2539130434782609,Strong purifying
glyA,core,8576,1242,232,18.679549114331724,183,86,97,0.46994535519125685,0.5300546448087432,1.127906976744186,0.4511627906976744,1.127906976744186,0.4511627906976744,Moderate purifying
aroK,core,8579,507,130,25.64102564102564,100,32,68,0.32,0.68,2.125,0.85,2.125,0.85,Near neutral
exoA,core,8573,757,158,20.871862615587848,116,40,76,0.3448275862068966,0.6551724137931034,1.9,0.76,1.9,0.76,Near neutral
argS,core,8579,1692,289,17.080378250591018,239,128,111,0.5355648535564853,0.46443514644351463,0.8671875,0.346875,0.8671875,0.346875,Moderate purifying
ntpJ_2,core,8577,1485,759,51.11111111111111,396,68,328,0.1717171717171717,0.8282828282828283,4.823529411764706,1.9294117647058822,4.823529411764706,1.9294117647058822,Relaxed/positive
dapX,core,8575,1246,261,20.947030497592294,178,31,147,0.17415730337078653,0.8258426966292135,4.741935483870968,1.8967741935483873,4.741935483870968,1.8967741935483873,Relaxed/positive
dadD,core,8365,1215,279,22.962962962962962,214,77,137,0.3598130841121495,0.6401869158878505,1.7792207792207793,0.7116883116883117,1.7792207792207793,0.7116883116883117,Near neutral
truA_2,core,8573,779,399,51.21951219512195,200,16,184,0.08,0.92,11.5,4.6,11.5,4.6,Relaxed/positive
dinB_1,core,8573,1963,1423,72.49108507386653,500,10,490,0.02,0.98,49.0,19.6,49.0,19.6,Relaxed/positive
mgtE,core,8542,1363,184,13.499633162142333,163,90,73,0.5521472392638037,0.44785276073619634,0.8111111111111111,0.3244444444444444,0.8111111111111111,0.3244444444444444,Moderate purifying
bglF_3,core,8580,2453,2044,83.3265389319201,725,21,704,0.028965517241379312,0.9710344827586207,33.523809523809526,13.40952380952381,33.523809523809526,13.40952380952381,Relaxed/positive
tsf,core,8580,903,95,10.520487264673312,88,46,42,0.5227272727272727,0.4772727272727273,0.9130434782608695,0.3652173913043478,0.9130434782608695,0.3652173913043478,Moderate purifying
treB,core,8536,1503,327,21.756487025948104,249,113,136,0.4538152610441767,0.5461847389558233,1.2035398230088497,0.48141592920353987,1.2035398230088497,0.48141592920353987,Moderate purifying
cynR_2,core,8579,1263,921,72.92161520190024,344,18,326,0.05232558139534884,0.9476744186046512,18.11111111111111,7.2444444444444445,18.11111111111111,7.2444444444444445,Relaxed/positive
metG,core,8576,2013,279,13.859910581222056,242,134,108,0.5537190082644629,0.4462809917355372,0.8059701492537313,0.32238805970149254,0.8059701492537313,0.32238805970149254,Moderate purifying
pycA,core,8579,3436,681,19.819557625145517,526,250,276,0.4752851711026616,0.5247148288973384,1.104,0.44160000000000005,1.104,0.44160000000000005,Moderate purifying
fabD,core,8580,930,201,21.612903225806452,164,54,110,0.32926829268292684,0.6707317073170732,2.037037037037037,0.8148148148148149,2.037037037037037,0.8148148148148149,Near neutral
pyrR,core,8579,543,77,14.180478821362799,67,39,28,0.582089552238806,0.417910447761194,0.717948717948718,0.28717948717948716,0.717948717948718,0.28717948717948716,Strong purifying
spxA_2,core,8557,518,299,57.72200772200772,126,12,114,0.09523809523809523,0.9047619047619048,9.5,3.8,9.5,3.8,Relaxed/positive
bglH_1,core,8577,1709,1378,80.63194850789935,520,19,501,0.03653846153846154,0.9634615384615385,26.36842105263158,10.547368421052632,26.36842105263158,10.547368421052632,Relaxed/positive
zosA_1,core,8437,2142,1689,78.8515406162465,667,50,617,0.07496251874062969,0.9250374812593704,12.34,4.936,12.34,4.936,Relaxed/positive
hup,core,8576,276,22,7.971014492753622,19,9,10,0.47368421052631576,0.5263157894736842,1.1111111111111112,0.4444444444444445,1.1111111111111112,0.4444444444444445,Moderate purifying
tsaE,core,8577,480,86,17.916666666666668,66,24,42,0.36363636363636365,0.6363636363636364,1.75,0.7,1.75,0.7,Near neutral
rsgA,core,8575,894,173,19.351230425055927,129,53,76,0.4108527131782946,0.5891472868217055,1.4339622641509433,0.5735849056603773,1.4339622641509433,0.5735849056603773,Moderate purifying
serS_1,core,8564,1405,527,37.50889679715302,324,72,252,0.2222222222222222,0.7777777777777778,3.5,1.4,3.5,1.4,Relaxed/positive
dapH_1,core,8579,1257,815,64.83691328560064,306,13,293,0.042483660130718956,0.9575163398692811,22.53846153846154,9.015384615384615,22.53846153846154,9.015384615384615,Relaxed/positive
dut,core,8572,486,76,15.637860082304528,64,34,30,0.53125,0.46875,0.8823529411764706,0.3529411764705882,0.8823529411764706,0.3529411764705882,Moderate purifying
atpH,core,8578,543,69,12.70718232044199,60,23,37,0.38333333333333336,0.6166666666666667,1.608695652173913,0.6434782608695653,1.608695652173913,0.6434782608695653,Moderate purifying
manZ_8,core,8454,1276,988,77.4294670846395,349,5,344,0.014326647564469915,0.9856733524355301,68.8,27.52,68.8,27.52,Relaxed/positive
ykuT,core,8578,966,205,21.22153209109731,155,82,73,0.5290322580645161,0.47096774193548385,0.8902439024390244,0.35609756097560974,0.8902439024390244,0.35609756097560974,Moderate purifying
yqfL_2,core,8579,870,424,48.735632183908045,233,45,188,0.19313304721030042,0.8068669527896996,4.177777777777778,1.6711111111111112,4.177777777777778,1.6711111111111112,Relaxed/positive
fur,core,8574,465,98,21.0752688172043,62,8,54,0.12903225806451613,0.8709677419354839,6.75,2.7,6.75,2.7,Relaxed/positive
rlmH,core,8576,480,115,23.958333333333336,85,35,50,0.4117647058823529,0.5882352941176471,1.4285714285714286,0.5714285714285714,1.4285714285714286,0.5714285714285714,Moderate purifying
glnR,core,8577,390,72,18.461538461538463,54,25,29,0.46296296296296297,0.5370370370370371,1.16,0.46399999999999997,1.16,0.46399999999999997,Moderate purifying
dinG_2,core,8580,3696,2734,73.97186147186147,1020,32,988,0.03137254901960784,0.9686274509803922,30.875,12.35,30.875,12.35,Relaxed/positive
proB,core,8574,817,127,15.54467564259486,92,14,78,0.15217391304347827,0.8478260869565217,5.571428571428571,2.2285714285714286,5.571428571428571,2.2285714285714286,Relaxed/positive
ygjI,core,8508,1524,306,20.078740157480315,241,103,138,0.42738589211618255,0.5726141078838174,1.3398058252427185,0.5359223300970875,1.3398058252427185,0.5359223300970875,Moderate purifying
rpmD,core,8578,180,15,8.333333333333332,14,6,8,0.42857142857142855,0.5714285714285714,1.3333333333333333,0.5333333333333333,1.3333333333333333,0.5333333333333333,Moderate purifying
clcA,core,8555,1698,283,16.666666666666664,206,28,178,0.13592233009708737,0.8640776699029126,6.357142857142857,2.5428571428571427,6.357142857142857,2.5428571428571427,Relaxed/positive
ypdF,core,8579,1068,206,19.288389513108616,165,64,101,0.3878787878787879,0.6121212121212121,1.578125,0.63125,1.578125,0.63125,Moderate purifying
msrA,core,8574,537,111,20.670391061452513,80,27,53,0.3375,0.6625,1.962962962962963,0.7851851851851852,1.962962962962963,0.7851851851851852,Near neutral
fabZ_1,core,8580,493,270,54.76673427991886,133,16,117,0.12030075187969924,0.8796992481203008,7.3125,2.925,7.3125,2.925,Relaxed/positive
clsA_1,core,8388,1632,1181,72.36519607843137,480,23,457,0.04791666666666667,0.9520833333333333,19.869565217391305,7.947826086956522,19.869565217391305,7.947826086956522,Relaxed/positive
pucK,core,8563,1345,291,21.635687732342006,220,32,188,0.14545454545454545,0.8545454545454545,5.875,2.35,5.875,2.35,Relaxed/positive
thiN,core,8575,645,125,19.379844961240313,96,38,58,0.3958333333333333,0.6041666666666666,1.5263157894736843,0.6105263157894737,1.5263157894736843,0.6105263157894737,Moderate purifying
malY,core,8516,1227,285,23.227383863080682,216,81,135,0.375,0.625,1.6666666666666667,0.6666666666666667,1.6666666666666667,0.6666666666666667,Moderate purifying
rpoB,core,8577,3723,434,11.657265645984422,388,265,123,0.6829896907216495,0.3170103092783505,0.4641509433962264,0.18566037735849056,0.4641509433962264,0.18566037735849056,Strong purifying
ylbL,core,8577,1074,237,22.067039106145252,177,63,114,0.3559322033898305,0.6440677966101694,1.8095238095238095,0.7238095238095238,1.8095238095238095,0.7238095238095238,Near neutral
ypfD,core,8580,1248,218,17.467948717948715,178,84,94,0.47191011235955055,0.5280898876404494,1.119047619047619,0.44761904761904764,1.119047619047619,0.44761904761904764,Moderate purifying
tkt,core,8579,1995,344,17.24310776942356,294,145,149,0.4931972789115646,0.5068027210884354,1.0275862068965518,0.4110344827586207,1.0275862068965518,0.4110344827586207,Moderate purifying
ulaA_1,core,8264,1626,1142,70.23370233702337,474,35,439,0.07383966244725738,0.9261603375527426,12.542857142857143,5.017142857142857,12.542857142857143,5.017142857142857,Relaxed/positive
gyrA,core,8580,2511,342,13.620071684587815,299,189,110,0.6321070234113713,0.36789297658862874,0.582010582010582,0.2328042328042328,0.582010582010582,0.2328042328042328,Strong purifying
crtK-2,core,8515,474,111,23.417721518987342,77,22,55,0.2857142857142857,0.7142857142857143,2.5,1.0,2.5,1.0,Near neutral
srlB,core,8561,405,50,12.345679012345679,43,19,24,0.4418604651162791,0.5581395348837209,1.263157894736842,0.5052631578947369,1.263157894736842,0.5052631578947369,Moderate purifying
rsmA,core,8577,925,205,22.162162162162165,160,61,99,0.38125,0.61875,1.6229508196721312,0.6491803278688525,1.6229508196721312,0.6491803278688525,Moderate purifying
purK_2,core,8574,1158,630,54.40414507772021,320,46,274,0.14375,0.85625,5.956521739130435,2.382608695652174,5.956521739130435,2.382608695652174,Relaxed/positive
yteP_2,core,8554,1032,669,64.82558139534885,299,35,264,0.11705685618729098,0.882943143812709,7.542857142857143,3.017142857142857,7.542857142857143,3.017142857142857,Relaxed/positive
brnQ,core,8473,1356,201,14.823008849557523,161,74,87,0.45962732919254656,0.5403726708074534,1.1756756756756757,0.47027027027027024,1.1756756756756757,0.47027027027027024,Moderate purifying
ndoA_2,core,8573,451,307,68.07095343680709,123,11,112,0.08943089430894309,0.9105691056910569,10.181818181818182,4.072727272727272,10.181818181818182,4.072727272727272,Relaxed/positive
alsS,core,8561,1731,295,17.042172154823803,227,102,125,0.44933920704845814,0.5506607929515418,1.2254901960784315,0.4901960784313726,1.2254901960784315,0.4901960784313726,Moderate purifying
tyrS1_1,core,8407,1286,585,45.48989113530327,322,44,278,0.13664596273291926,0.8633540372670807,6.318181818181818,2.5272727272727273,6.318181818181818,2.5272727272727273,Relaxed/positive
rplE,core,8576,540,32,5.9259259259259265,30,19,11,0.6333333333333333,0.36666666666666664,0.5789473684210527,0.23157894736842105,0.5789473684210527,0.23157894736842105,Strong purifying
ntpA,core,8578,1800,338,18.777777777777775,278,160,118,0.5755395683453237,0.4244604316546763,0.7375,0.29500000000000004,0.7375,0.29500000000000004,Strong purifying
ecfT_2,core,8580,1123,910,81.03294746215495,322,9,313,0.027950310559006212,0.9720496894409938,34.77777777777778,13.911111111111111,34.77777777777778,13.911111111111111,Relaxed/positive
iscS_2,core,8580,1193,638,53.47862531433362,331,62,269,0.18731117824773413,0.8126888217522659,4.338709677419355,1.735483870967742,4.338709677419355,1.735483870967742,Relaxed/positive
xerC_2,core,8554,5207,3577,68.69598617246015,1236,27,1209,0.021844660194174758,0.9781553398058253,44.77777777777778,17.91111111111111,44.77777777777778,17.91111111111111,Relaxed/positive
folB,core,8577,363,67,18.457300275482094,49,18,31,0.3673469387755102,0.6326530612244898,1.7222222222222223,0.6888888888888889,1.7222222222222223,0.6888888888888889,Moderate purifying
gloA,core,8577,375,63,16.8,51,22,29,0.43137254901960786,0.5686274509803921,1.3181818181818181,0.5272727272727272,1.3181818181818181,0.5272727272727272,Moderate purifying
eriC,core,8572,1267,312,24.62509865824783,224,31,193,0.13839285714285715,0.8616071428571429,6.225806451612903,2.490322580645161,6.225806451612903,2.490322580645161,Relaxed/positive
glmS_1,core,8253,1898,949,50.0,425,33,392,0.07764705882352942,0.9223529411764706,11.878787878787879,4.751515151515152,11.878787878787879,4.751515151515152,Relaxed/positive
rnc,core,8578,693,75,10.822510822510822,66,33,33,0.5,0.5,1.0,0.4,1.0,0.4,Moderate purifying
rnmV,core,8576,600,120,20.0,96,36,60,0.375,0.625,1.6666666666666667,0.6666666666666667,1.6666666666666667,0.6666666666666667,Moderate purifying
nfo,core,8576,894,197,22.03579418344519,149,68,81,0.4563758389261745,0.5436241610738255,1.1911764705882353,0.4764705882352941,1.1911764705882353,0.4764705882352941,Moderate purifying
QRSL1_1,core,8404,4245,1469,34.60541813898704,716,88,628,0.12290502793296089,0.8770949720670391,7.136363636363637,2.8545454545454545,7.136363636363637,2.8545454545454545,Relaxed/positive
lplJ_2,core,8436,1124,569,50.622775800711736,294,66,228,0.22448979591836735,0.7755102040816326,3.4545454545454546,1.3818181818181818,3.4545454545454546,1.3818181818181818,Relaxed/positive
pflA,core,8580,765,125,16.33986928104575,101,44,57,0.43564356435643564,0.5643564356435643,1.2954545454545454,0.5181818181818182,1.2954545454545454,0.5181818181818182,Moderate purifying
cggR,core,8579,1043,145,13.902205177372961,126,60,66,0.47619047619047616,0.5238095238095238,1.1,0.44000000000000006,1.1,0.44000000000000006,Moderate purifying
scmP_1,core,8560,1414,869,61.45685997171145,379,18,361,0.047493403693931395,0.9525065963060686,20.055555555555557,8.022222222222222,20.055555555555557,8.022222222222222,Relaxed/positive
aroA,core,8514,1281,324,25.292740046838407,240,99,141,0.4125,0.5875,1.4242424242424243,0.5696969696969697,1.4242424242424243,0.5696969696969697,Moderate purifying
mutM,core,8580,845,164,19.40828402366864,127,35,92,0.2755905511811024,0.7244094488188977,2.6285714285714286,1.0514285714285714,2.6285714285714286,1.0514285714285714,Near neutral
lacC_1,core,8546,1170,860,73.50427350427351,320,16,304,0.05,0.95,19.0,7.6,19.0,7.6,Relaxed/positive
ansA,core,8564,1002,210,20.958083832335326,154,63,91,0.4090909090909091,0.5909090909090909,1.4444444444444444,0.5777777777777777,1.4444444444444444,0.5777777777777777,Moderate purifying
adhE_2,core,8580,2664,1049,39.37687687687688,464,47,417,0.10129310344827586,0.8987068965517241,8.872340425531915,3.548936170212766,8.872340425531915,3.548936170212766,Relaxed/positive
tdk,core,8575,585,71,12.136752136752136,62,37,25,0.5967741935483871,0.4032258064516129,0.6756756756756757,0.2702702702702703,0.6756756756756757,0.2702702702702703,Strong purifying
mngA,core,8550,468,102,21.794871794871796,76,23,53,0.3026315789473684,0.6973684210526315,2.3043478260869565,0.9217391304347826,2.3043478260869565,0.9217391304347826,Near neutral
ribF,core,8577,954,208,21.80293501048218,171,84,87,0.49122807017543857,0.5087719298245614,1.0357142857142858,0.4142857142857143,1.0357142857142858,0.4142857142857143,Moderate purifying
atzC_2,core,8573,1537,1006,65.45217957059207,404,19,385,0.04702970297029703,0.9529702970297029,20.263157894736842,8.105263157894736,20.263157894736842,8.105263157894736,Relaxed/positive
cspLA_1,core,8580,204,74,36.27450980392157,48,24,24,0.5,0.5,1.0,0.4,1.0,0.4,Moderate purifying
mltF_1,core,8580,2355,1178,50.02123142250531,558,84,474,0.15053763440860216,0.8494623655913979,5.642857142857143,2.257142857142857,5.642857142857143,2.257142857142857,Relaxed/positive
macB_1,core,8570,2384,1366,57.29865771812081,483,13,470,0.026915113871635612,0.9730848861283644,36.15384615384615,14.461538461538462,36.15384615384615,14.461538461538462,Relaxed/positive
pyrH,core,8580,726,83,11.432506887052343,77,61,16,0.7922077922077922,0.2077922077922078,0.26229508196721313,0.10491803278688525,0.26229508196721313,0.10491803278688525,Strong purifying
mtlF_1,core,8580,439,250,56.947608200455576,131,26,105,0.1984732824427481,0.8015267175572519,4.038461538461538,1.6153846153846154,4.038461538461538,1.6153846153846154,Relaxed/positive
pgl,core,8578,1029,215,20.89407191448008,173,74,99,0.4277456647398844,0.5722543352601156,1.337837837837838,0.5351351351351352,1.337837837837838,0.5351351351351352,Moderate purifying
uxuA,core,8314,1470,211,14.35374149659864,175,84,91,0.48,0.52,1.0833333333333333,0.4333333333333333,1.0833333333333333,0.4333333333333333,Moderate purifying
btuD_5,core,8580,3724,3085,82.84103114930183,1051,12,1039,0.011417697431018078,0.9885823025689819,86.58333333333333,34.63333333333333,86.58333333333333,34.63333333333333,Relaxed/positive
yigZ,core,8529,663,159,23.981900452488688,118,39,79,0.3305084745762712,0.6694915254237288,2.0256410256410255,0.8102564102564103,2.0256410256410255,0.8102564102564103,Near neutral
feuC,core,8574,1023,246,24.04692082111437,176,49,127,0.2784090909090909,0.7215909090909091,2.5918367346938775,1.036734693877551,2.5918367346938775,1.036734693877551,Near neutral
pcp,core,8575,651,147,22.58064516129032,101,34,67,0.33663366336633666,0.6633663366336634,1.9705882352941178,0.7882352941176471,1.9705882352941178,0.7882352941176471,Near neutral
citC,core,8579,1011,268,26.508407517309596,187,67,120,0.3582887700534759,0.6417112299465241,1.791044776119403,0.7164179104477613,1.791044776119403,0.7164179104477613,Near neutral
yyaP,core,8474,561,288,51.33689839572193,149,21,128,0.14093959731543623,0.8590604026845637,6.095238095238095,2.438095238095238,6.095238095238095,2.438095238095238,Relaxed/positive
menC,core,8574,1115,253,22.690582959641254,186,60,126,0.3225806451612903,0.6774193548387096,2.1,0.8400000000000001,2.1,0.8400000000000001,Near neutral
ysdC_1,core,8579,1173,635,54.134697357203756,312,31,281,0.09935897435897435,0.9006410256410257,9.064516129032258,3.6258064516129034,9.064516129032258,3.6258064516129034,Relaxed/positive
ykuJ,core,8575,231,13,5.627705627705628,11,5,6,0.45454545454545453,0.5454545454545454,1.2,0.48,1.2,0.48,Moderate purifying
mog,core,8577,496,154,31.048387096774192,106,30,76,0.2830188679245283,0.7169811320754716,2.533333333333333,1.0133333333333332,2.533333333333333,1.0133333333333332,Near neutral
pfkB,core,8578,927,167,18.015102481121897,133,56,77,0.42105263157894735,0.5789473684210527,1.375,0.55,1.375,0.55,Moderate purifying
divIVA,core,8579,703,71,10.099573257467995,60,27,33,0.45,0.55,1.2222222222222223,0.48888888888888893,1.2222222222222223,0.48888888888888893,Moderate purifying
oppD_1,core,8573,1112,497,44.694244604316545,270,34,236,0.1259259259259259,0.8740740740740741,6.9411764705882355,2.776470588235294,6.9411764705882355,2.776470588235294,Relaxed/positive
rlmCD_2,core,8542,1421,767,53.97607318789584,389,32,357,0.08226221079691516,0.9177377892030848,11.15625,4.4625,11.15625,4.4625,Relaxed/positive
glnQ_2,core,8580,814,591,72.60442260442261,243,15,228,0.06172839506172839,0.9382716049382716,15.2,6.08,15.2,6.08,Relaxed/positive
rplU,core,8579,357,42,11.76470588235294,33,18,15,0.5454545454545454,0.45454545454545453,0.8333333333333334,0.33333333333333337,0.8333333333333334,0.33333333333333337,Moderate purifying
tagU_3,core,8580,2020,1238,61.28712871287129,517,63,454,0.1218568665377176,0.8781431334622823,7.2063492063492065,2.8825396825396825,7.2063492063492065,2.8825396825396825,Relaxed/positive
arcC1_2,core,8580,999,734,73.47347347347348,309,43,266,0.13915857605177995,0.86084142394822,6.186046511627907,2.474418604651163,6.186046511627907,2.474418604651163,Relaxed/positive
rnj1,core,8578,1686,258,15.302491103202847,215,125,90,0.5813953488372093,0.4186046511627907,0.72,0.288,0.72,0.288,Strong purifying
trpS2,core,8551,1090,200,18.34862385321101,148,21,127,0.14189189189189189,0.8581081081081081,6.0476190476190474,2.419047619047619,6.0476190476190474,2.419047619047619,Relaxed/positive
opuCD,core,8578,663,116,17.49622926093514,98,62,36,0.6326530612244898,0.3673469387755102,0.5806451612903226,0.23225806451612904,0.5806451612903226,0.23225806451612904,Strong purifying
yidC2,core,8577,833,122,14.645858343337334,104,56,48,0.5384615384615384,0.46153846153846156,0.8571428571428571,0.34285714285714286,0.8571428571428571,0.34285714285714286,Moderate purifying
murG,core,8577,1245,184,14.779116465863455,152,70,82,0.4605263157894737,0.5394736842105263,1.1714285714285715,0.4685714285714286,1.1714285714285715,0.4685714285714286,Moderate purifying
rbfA,core,8580,351,63,17.94871794871795,51,22,29,0.43137254901960786,0.5686274509803921,1.3181818181818181,0.5272727272727272,1.3181818181818181,0.5272727272727272,Moderate purifying
vraR,core,8510,634,100,15.772870662460567,81,35,46,0.43209876543209874,0.5679012345679012,1.3142857142857143,0.5257142857142857,1.3142857142857143,0.5257142857142857,Moderate purifying
pdtaR,core,8578,640,106,16.5625,71,18,53,0.2535211267605634,0.7464788732394366,2.9444444444444446,1.1777777777777778,2.9444444444444446,1.1777777777777778,Near neutral
hndA,core,8219,492,102,20.73170731707317,82,38,44,0.4634146341463415,0.5365853658536586,1.1578947368421053,0.4631578947368421,1.1578947368421053,0.4631578947368421,Moderate purifying
dapF,core,8575,986,169,17.13995943204868,127,22,105,0.1732283464566929,0.8267716535433071,4.7727272727272725,1.909090909090909,4.7727272727272725,1.909090909090909,Relaxed/positive
efp,core,8579,585,61,10.427350427350428,50,28,22,0.56,0.44,0.7857142857142857,0.3142857142857143,0.7857142857142857,0.3142857142857143,Moderate purifying
dppE_3,core,8580,1814,1633,90.0220507166483,571,6,565,0.010507880910683012,0.989492119089317,94.16666666666667,37.66666666666667,94.16666666666667,37.66666666666667,Relaxed/positive
rpsF,core,8579,318,30,9.433962264150944,27,14,13,0.5185185185185185,0.48148148148148145,0.9285714285714286,0.37142857142857144,0.9285714285714286,0.37142857142857144,Moderate purifying
glcU_1,core,8577,932,511,54.82832618025751,244,7,237,0.028688524590163935,0.9713114754098361,33.857142857142854,13.542857142857141,33.857142857142854,13.542857142857141,Relaxed/positive
yknY_1,core,8580,924,626,67.74891774891775,237,4,233,0.016877637130801686,0.9831223628691983,58.25,23.3,58.25,23.3,Relaxed/positive
rsmI,core,8577,873,135,15.463917525773196,114,68,46,0.5964912280701754,0.40350877192982454,0.6764705882352942,0.2705882352941177,0.6764705882352942,0.2705882352941177,Strong purifying
recQ_1,core,8573,1928,889,46.10995850622407,450,42,408,0.09333333333333334,0.9066666666666666,9.714285714285714,3.8857142857142852,9.714285714285714,3.8857142857142852,Relaxed/positive
nrdE2,core,8554,2160,291,13.472222222222221,263,163,100,0.6197718631178707,0.38022813688212925,0.6134969325153374,0.24539877300613497,0.6134969325153374,0.24539877300613497,Strong purifying
purD,core,8558,1269,361,28.447596532702917,240,65,175,0.2708333333333333,0.7291666666666666,2.6923076923076925,1.076923076923077,2.6923076923076925,1.076923076923077,Near neutral
gspA_1,core,8523,998,561,56.212424849699396,270,30,240,0.1111111111111111,0.8888888888888888,8.0,3.2,8.0,3.2,Relaxed/positive
deoC,core,8580,681,152,22.3201174743025,120,50,70,0.4166666666666667,0.5833333333333334,1.4,0.5599999999999999,1.4,0.5599999999999999,Moderate purifying
pgcA,core,8579,1725,317,18.3768115942029,249,115,134,0.46184738955823296,0.5381526104417671,1.1652173913043478,0.4660869565217391,1.1652173913043478,0.4660869565217391,Moderate purifying
cmk,core,8578,690,138,20.0,107,34,73,0.3177570093457944,0.6822429906542056,2.1470588235294117,0.8588235294117647,2.1470588235294117,0.8588235294117647,Near neutral
cinA,core,8574,1275,338,26.509803921568626,244,88,156,0.36065573770491804,0.639344262295082,1.7727272727272727,0.7090909090909091,1.7727272727272727,0.7090909090909091,Near neutral
groS,core,8578,339,43,12.684365781710916,35,8,27,0.22857142857142856,0.7714285714285715,3.375,1.35,3.375,1.35,Relaxed/positive
rcsC_1,core,8580,2227,1672,75.07858105074091,600,15,585,0.025,0.975,39.0,15.6,39.0,15.6,Relaxed/positive
fsaA,core,8556,681,134,19.676945668135097,103,31,72,0.30097087378640774,0.6990291262135923,2.3225806451612905,0.9290322580645162,2.3225806451612905,0.9290322580645162,Near neutral
allB,core,8508,2874,374,13.013221990257481,263,76,187,0.2889733840304182,0.7110266159695817,2.460526315789474,0.9842105263157895,2.460526315789474,0.9842105263157895,Near neutral
rplM,core,8576,444,37,8.333333333333332,35,12,23,0.34285714285714286,0.6571428571428571,1.9166666666666667,0.7666666666666667,1.9166666666666667,0.7666666666666667,Near neutral
recA,core,8563,1047,123,11.74785100286533,110,90,20,0.8181818181818182,0.18181818181818182,0.2222222222222222,0.08888888888888888,0.2222222222222222,0.08888888888888888,Very strong purifying
dauA,core,8566,1622,409,25.21578298397041,289,40,249,0.1384083044982699,0.8615916955017301,6.225,2.4899999999999998,6.225,2.4899999999999998,Relaxed/positive
atpE_2,core,8579,585,165,28.205128205128204,104,29,75,0.27884615384615385,0.7211538461538461,2.586206896551724,1.0344827586206897,2.586206896551724,1.0344827586206897,Near neutral
der,core,8580,1311,215,16.399694889397406,184,112,72,0.6086956521739131,0.391304347826087,0.6428571428571429,0.2571428571428572,0.6428571428571429,0.2571428571428572,Strong purifying
ygaZ,core,8548,734,199,27.111716621253407,133,34,99,0.2556390977443609,0.7443609022556391,2.911764705882353,1.164705882352941,2.911764705882353,1.164705882352941,Near neutral
pepV_1,core,8570,1476,761,51.55826558265583,370,34,336,0.0918918918918919,0.9081081081081082,9.882352941176471,3.9529411764705884,9.882352941176471,3.9529411764705884,Relaxed/positive
sph,core,8577,1873,355,18.953550453817407,267,118,149,0.4419475655430712,0.5580524344569289,1.2627118644067796,0.5050847457627119,1.2627118644067796,0.5050847457627119,Moderate purifying
paiA_1,core,8516,678,403,59.43952802359882,173,14,159,0.08092485549132948,0.9190751445086706,11.357142857142858,4.542857142857143,11.357142857142858,4.542857142857143,Relaxed/positive
yfiC,core,8577,737,140,18.99592944369064,99,29,70,0.29292929292929293,0.7070707070707071,2.413793103448276,0.9655172413793103,2.413793103448276,0.9655172413793103,Near neutral
ytlR,core,8572,989,153,15.470171890798786,123,36,87,0.2926829268292683,0.7073170731707317,2.4166666666666665,0.9666666666666666,2.4166666666666665,0.9666666666666666,Near neutral
pstS1_1,core,8579,903,422,46.733111849390916,236,61,175,0.2584745762711864,0.7415254237288136,2.8688524590163933,1.1475409836065573,2.8688524590163933,1.1475409836065573,Near neutral
mnmC,core,8572,1260,310,24.6031746031746,224,72,152,0.32142857142857145,0.6785714285714286,2.111111111111111,0.8444444444444444,2.111111111111111,0.8444444444444444,Near neutral
cysL_1,core,8407,908,546,60.13215859030837,265,28,237,0.10566037735849057,0.8943396226415095,8.464285714285714,3.3857142857142852,8.464285714285714,3.3857142857142852,Relaxed/positive
gpsA,core,8579,1023,217,21.21212121212121,171,83,88,0.4853801169590643,0.5146198830409356,1.0602409638554218,0.4240963855421687,1.0602409638554218,0.4240963855421687,Moderate purifying
tgnB,core,8429,1042,270,25.911708253358924,185,58,127,0.31351351351351353,0.6864864864864865,2.189655172413793,0.8758620689655172,2.189655172413793,0.8758620689655172,Near neutral
addB,core,8580,3600,787,21.86111111111111,606,241,365,0.3976897689768977,0.6023102310231023,1.5145228215767634,0.6058091286307054,1.5145228215767634,0.6058091286307054,Moderate purifying
pstC1,core,8579,921,149,16.178067318132463,127,80,47,0.6299212598425197,0.3700787401574803,0.5875,0.23500000000000001,0.5875,0.23500000000000001,Strong purifying
rpoZ,core,8577,306,38,12.418300653594772,33,20,13,0.6060606060606061,0.3939393939393939,0.65,0.26,0.65,0.26,Strong purifying
lpxG_1,core,8418,900,477,53.0,236,19,217,0.08050847457627118,0.9194915254237288,11.421052631578947,4.568421052631579,11.421052631578947,4.568421052631579,Relaxed/positive
yfeW_1,core,8471,1984,757,38.15524193548387,316,22,294,0.06962025316455696,0.930379746835443,13.363636363636363,5.345454545454546,13.363636363636363,5.345454545454546,Relaxed/positive
licC_1,core,8580,1702,1442,84.72385428907168,492,6,486,0.012195121951219513,0.9878048780487805,81.0,32.4,81.0,32.4,Relaxed/positive
nhaC_2,core,8418,1470,749,50.95238095238095,415,131,284,0.3156626506024096,0.6843373493975904,2.16793893129771,0.867175572519084,2.16793893129771,0.867175572519084,Near neutral
yitU,core,8575,876,178,20.319634703196346,126,52,74,0.4126984126984127,0.5873015873015873,1.4230769230769231,0.5692307692307692,1.4230769230769231,0.5692307692307692,Moderate purifying
tmung,core,8524,655,163,24.885496183206108,112,35,77,0.3125,0.6875,2.2,0.8800000000000001,2.2,0.8800000000000001,Near neutral
lysS,core,8563,1557,286,18.368657675016056,226,126,100,0.5575221238938053,0.4424778761061947,0.7936507936507936,0.31746031746031744,0.7936507936507936,0.31746031746031744,Moderate purifying
mutS2_1,core,8572,2511,1199,47.74990043807248,614,114,500,0.18566775244299674,0.8143322475570033,4.385964912280702,1.7543859649122808,4.385964912280702,1.7543859649122808,Relaxed/positive
rnhC,core,8579,924,242,26.190476190476193,174,65,109,0.3735632183908046,0.6264367816091954,1.676923076923077,0.6707692307692308,1.676923076923077,0.6707692307692308,Moderate purifying
prfC,core,8576,1575,256,16.253968253968253,220,141,79,0.6409090909090909,0.35909090909090907,0.5602836879432624,0.22411347517730498,0.5602836879432624,0.22411347517730498,Strong purifying
gdpP,core,8559,1992,315,15.813253012048193,262,139,123,0.5305343511450382,0.46946564885496184,0.8848920863309353,0.35395683453237414,0.8848920863309353,0.35395683453237414,Moderate purifying
rbsD,core,8577,396,93,23.484848484848484,73,36,37,0.4931506849315068,0.5068493150684932,1.0277777777777777,0.4111111111111111,1.0277777777777777,0.4111111111111111,Moderate purifying
tagO,core,8580,1149,165,14.360313315926893,147,98,49,0.6666666666666666,0.3333333333333333,0.5,0.2,0.5,0.2,Strong purifying
pyrP,core,8559,1285,236,18.365758754863815,192,100,92,0.5208333333333334,0.4791666666666667,0.92,0.368,0.92,0.368,Moderate purifying
dapE_2,core,8568,3367,1186,35.22423522423522,442,27,415,0.06108597285067873,0.9389140271493213,15.37037037037037,6.148148148148148,15.37037037037037,6.148148148148148,Relaxed/positive
pucR_2,core,8580,2130,1600,75.11737089201877,609,16,593,0.026272577996715927,0.9737274220032841,37.0625,14.825,37.0625,14.825,Relaxed/positive
gltD,core,8444,1443,360,24.94802494802495,252,64,188,0.25396825396825395,0.746031746031746,2.9375,1.175,2.9375,1.175,Near neutral
pgsA,core,8576,1275,109,8.549019607843137,84,40,44,0.47619047619047616,0.5238095238095238,1.1,0.44000000000000006,1.1,0.44000000000000006,Moderate purifying
yvqK,core,8491,612,144,23.52941176470588,103,34,69,0.3300970873786408,0.6699029126213593,2.0294117647058822,0.8117647058823529,2.0294117647058822,0.8117647058823529,Near neutral
bglF_1,core,8580,2539,2040,80.34659314690823,707,11,696,0.015558698727015558,0.9844413012729845,63.27272727272727,25.30909090909091,63.27272727272727,25.30909090909091,Relaxed/positive
tadA_2,core,8572,623,379,60.8346709470305,164,9,155,0.054878048780487805,0.9451219512195121,17.22222222222222,6.888888888888888,17.22222222222222,6.888888888888888,Relaxed/positive
manZ_6,core,8580,1327,1004,75.65938206480783,355,15,340,0.04225352112676056,0.9577464788732394,22.666666666666668,9.066666666666666,22.666666666666668,9.066666666666666,Relaxed/positive
cdd,core,8580,441,84,19.047619047619047,63,28,35,0.4444444444444444,0.5555555555555556,1.25,0.5,1.25,0.5,Moderate purifying
trePP,core,8576,2733,741,27.113062568605926,530,209,321,0.39433962264150946,0.6056603773584905,1.5358851674641147,0.6143540669856459,1.5358851674641147,0.6143540669856459,Moderate purifying
rsuA_1,core,8494,793,425,53.593947036569986,208,13,195,0.0625,0.9375,15.0,6.0,15.0,6.0,Relaxed/positive
lytR,core,8576,729,166,22.770919067215363,128,54,74,0.421875,0.578125,1.3703703703703705,0.5481481481481482,1.3703703703703705,0.5481481481481482,Moderate purifying
accD,core,8377,867,146,16.839677047289502,118,54,64,0.4576271186440678,0.5423728813559322,1.1851851851851851,0.47407407407407404,1.1851851851851851,0.47407407407407404,Moderate purifying
atpF,core,8580,531,39,7.344632768361582,35,8,27,0.22857142857142856,0.7714285714285715,3.375,1.35,3.375,1.35,Relaxed/positive
ydhF,core,8576,937,203,21.66488794023479,148,46,102,0.3108108108108108,0.6891891891891891,2.217391304347826,0.8869565217391304,2.217391304347826,0.8869565217391304,Near neutral
murR_2,core,8382,1419,871,61.38125440451022,313,10,303,0.03194888178913738,0.9680511182108626,30.3,12.120000000000001,30.3,12.120000000000001,Relaxed/positive
murC,core,8580,1338,207,15.47085201793722,176,99,77,0.5625,0.4375,0.7777777777777778,0.3111111111111111,0.7777777777777778,0.3111111111111111,Moderate purifying
rpmH,core,8578,135,12,8.88888888888889,10,5,5,0.5,0.5,1.0,0.4,1.0,0.4,Moderate purifying
rluD,core,8576,906,201,22.185430463576157,160,73,87,0.45625,0.54375,1.1917808219178083,0.47671232876712333,1.1917808219178083,0.47671232876712333,Moderate purifying
rlmL,core,8574,1164,221,18.986254295532646,184,84,100,0.45652173913043476,0.5434782608695652,1.1904761904761905,0.47619047619047616,1.1904761904761905,0.47619047619047616,Moderate purifying
coaD,core,8579,492,86,17.479674796747968,71,28,43,0.39436619718309857,0.6056338028169014,1.5357142857142858,0.6142857142857143,1.5357142857142858,0.6142857142857143,Moderate purifying
nusA,core,8580,1228,195,15.879478827361563,161,85,76,0.5279503105590062,0.4720496894409938,0.8941176470588236,0.35764705882352943,0.8941176470588236,0.35764705882352943,Moderate purifying
gpmA_3,core,8559,982,745,75.86558044806517,279,16,263,0.05734767025089606,0.942652329749104,16.4375,6.575,16.4375,6.575,Relaxed/positive
nadD,core,8580,660,105,15.909090909090908,87,38,49,0.4367816091954023,0.5632183908045977,1.2894736842105263,0.5157894736842106,1.2894736842105263,0.5157894736842106,Moderate purifying
ypjD,core,8580,351,57,16.23931623931624,48,16,32,0.3333333333333333,0.6666666666666666,2.0,0.8,2.0,0.8,Near neutral
hisS,core,8579,1302,229,17.58832565284178,188,109,79,0.5797872340425532,0.42021276595744683,0.7247706422018348,0.28990825688073396,0.7247706422018348,0.28990825688073396,Strong purifying
yclO,core,8573,983,233,23.7029501525941,175,34,141,0.19428571428571428,0.8057142857142857,4.147058823529412,1.6588235294117648,4.147058823529412,1.6588235294117648,Relaxed/positive
mfd,core,8576,3570,651,18.235294117647058,537,261,276,0.4860335195530726,0.5139664804469274,1.0574712643678161,0.42298850574712643,1.0574712643678161,0.42298850574712643,Moderate purifying
dapB,core,8577,780,207,26.53846153846154,150,52,98,0.3466666666666667,0.6533333333333333,1.8846153846153846,0.7538461538461538,1.8846153846153846,0.7538461538461538,Near neutral
trmD,core,8580,741,152,20.51282051282051,123,69,54,0.5609756097560976,0.43902439024390244,0.782608695652174,0.3130434782608696,0.782608695652174,0.3130434782608696,Moderate purifying
aspS,core,8580,1773,436,24.591088550479416,338,189,149,0.5591715976331361,0.4408284023668639,0.7883597883597884,0.31534391534391537,0.7883597883597884,0.31534391534391537,Moderate purifying
mhqA_1,core,8580,1067,792,74.22680412371135,318,18,300,0.05660377358490566,0.9433962264150944,16.666666666666668,6.666666666666667,16.666666666666668,6.666666666666667,Relaxed/positive
murA1_2,core,8580,1345,685,50.92936802973978,364,62,302,0.17032967032967034,0.8296703296703297,4.870967741935484,1.9483870967741936,4.870967741935484,1.9483870967741936,Relaxed/positive
rpsB,core,8580,786,109,13.867684478371501,94,52,42,0.5531914893617021,0.44680851063829785,0.8076923076923077,0.3230769230769231,0.8076923076923077,0.3230769230769231,Moderate purifying
rsmE,core,8578,771,161,20.881971465629054,124,54,70,0.43548387096774194,0.5645161290322581,1.2962962962962963,0.5185185185185185,1.2962962962962963,0.5185185185185185,Moderate purifying
arcA,core,8557,1227,142,11.572942135289324,125,89,36,0.712,0.288,0.4044943820224719,0.16179775280898875,0.4044943820224719,0.16179775280898875,Strong purifying
zwf,core,8580,1527,218,14.276358873608382,186,101,85,0.543010752688172,0.45698924731182794,0.8415841584158416,0.3366336633663366,0.8415841584158416,0.3366336633663366,Moderate purifying
algC,core,8577,1538,348,22.62678803641092,247,84,163,0.340080971659919,0.659919028340081,1.9404761904761905,0.7761904761904762,1.9404761904761905,0.7761904761904762,Near neutral
clpX,core,8580,1308,181,13.837920489296637,146,69,77,0.4726027397260274,0.5273972602739726,1.1159420289855073,0.44637681159420295,1.1159420289855073,0.44637681159420295,Moderate purifying
dagK,core,8568,1098,217,19.763205828779597,172,96,76,0.5581395348837209,0.4418604651162791,0.7916666666666666,0.31666666666666665,0.7916666666666666,0.31666666666666665,Moderate purifying
mvaS,core,8579,1152,238,20.65972222222222,189,83,106,0.43915343915343913,0.5608465608465608,1.2771084337349397,0.5108433734939759,1.2771084337349397,0.5108433734939759,Moderate purifying
dgkA,core,8580,408,86,21.07843137254902,63,25,38,0.3968253968253968,0.6031746031746031,1.52,0.608,1.52,0.608,Moderate purifying
carA,core,8577,1134,224,19.753086419753085,176,79,97,0.44886363636363635,0.5511363636363636,1.2278481012658229,0.4911392405063292,1.2278481012658229,0.4911392405063292,Moderate purifying
degV_2,core,8520,1010,503,49.801980198019805,244,21,223,0.0860655737704918,0.9139344262295082,10.619047619047619,4.247619047619048,10.619047619047619,4.247619047619048,Relaxed/positive
dnaD,core,8579,717,111,15.481171548117153,85,34,51,0.4,0.6,1.5,0.6,1.5,0.6,Moderate purifying
yabJ_2,core,8497,435,296,68.04597701149426,126,15,111,0.11904761904761904,0.8809523809523809,7.4,2.96,7.4,2.96,Relaxed/positive
ybbH_3,core,8580,1158,1002,86.52849740932642,345,2,343,0.005797101449275362,0.9942028985507246,171.5,68.6,171.5,68.6,Relaxed/positive
hexR,core,8383,969,436,44.99484004127967,216,30,186,0.1388888888888889,0.8611111111111112,6.2,2.48,6.2,2.48,Relaxed/positive
sapB_2,core,8562,796,396,49.74874371859296,207,20,187,0.0966183574879227,0.9033816425120773,9.35,3.7399999999999998,9.35,3.7399999999999998,Relaxed/positive
ribZ,core,8171,1438,317,22.04450625869263,228,89,139,0.39035087719298245,0.6096491228070176,1.5617977528089888,0.6247191011235955,1.5617977528089888,0.6247191011235955,Moderate purifying
emrB_2,core,8284,1610,791,49.130434782608695,415,78,337,0.18795180722891566,0.8120481927710843,4.32051282051282,1.728205128205128,4.32051282051282,1.728205128205128,Relaxed/positive
rplI,core,8580,459,87,18.954248366013072,70,41,29,0.5857142857142857,0.4142857142857143,0.7073170731707317,0.28292682926829266,0.7073170731707317,0.28292682926829266,Strong purifying
potD,core,8473,1077,195,18.105849582172702,155,70,85,0.45161290322580644,0.5483870967741935,1.2142857142857142,0.48571428571428565,1.2142857142857142,0.48571428571428565,Moderate purifying
lutB,core,8565,2959,353,11.929705981750592,262,105,157,0.40076335877862596,0.5992366412213741,1.4952380952380953,0.5980952380952381,1.4952380952380953,0.5980952380952381,Moderate purifying
yidA_1,core,8568,956,644,67.36401673640168,268,16,252,0.05970149253731343,0.9402985074626866,15.75,6.3,15.75,6.3,Relaxed/positive
yqeH,core,8579,1122,216,19.25133689839572,175,69,106,0.3942857142857143,0.6057142857142858,1.536231884057971,0.6144927536231883,1.536231884057971,0.6144927536231883,Moderate purifying
dppC,core,8561,1066,139,13.03939962476548,120,75,45,0.625,0.375,0.6,0.24,0.6,0.24,Strong purifying
comGA,core,8574,1003,331,33.00099700897308,214,43,171,0.20093457943925233,0.7990654205607477,3.9767441860465116,1.5906976744186045,3.9767441860465116,1.5906976744186045,Relaxed/positive
plsX,core,8577,1002,188,18.7624750499002,153,82,71,0.5359477124183006,0.46405228758169936,0.8658536585365854,0.3463414634146341,0.8658536585365854,0.3463414634146341,Moderate purifying
celA_3,core,8449,349,255,73.06590257879655,106,1,105,0.009433962264150943,0.9905660377358491,105.0,42.0,105.0,42.0,Relaxed/positive
dltC,core,8574,237,25,10.548523206751055,22,11,11,0.5,0.5,1.0,0.4,1.0,0.4,Moderate purifying
ulaE,core,8302,1503,197,13.107119095143046,156,63,93,0.40384615384615385,0.5961538461538461,1.4761904761904763,0.5904761904761905,1.4761904761904763,0.5904761904761905,Moderate purifying
lpdG,core,8377,1410,319,22.624113475177303,243,90,153,0.37037037037037035,0.6296296296296297,1.7,0.6799999999999999,1.7,0.6799999999999999,Moderate purifying
ccpA_1,core,8580,1282,1010,78.78315132605304,379,11,368,0.029023746701846966,0.9709762532981531,33.45454545454545,13.381818181818181,33.45454545454545,13.381818181818181,Relaxed/positive
mreC,core,8563,891,134,15.039281705948374,114,68,46,0.5964912280701754,0.40350877192982454,0.6764705882352942,0.2705882352941177,0.6764705882352942,0.2705882352941177,Strong purifying
ybaK,core,8576,516,129,25.0,103,35,68,0.33980582524271846,0.6601941747572816,1.9428571428571428,0.7771428571428571,1.9428571428571428,0.7771428571428571,Near neutral
rlhA,core,8576,921,170,18.458197611292075,136,53,83,0.3897058823529412,0.6102941176470589,1.5660377358490567,0.6264150943396227,1.5660377358490567,0.6264150943396227,Moderate purifying
aroE,core,8576,883,168,19.026047565118912,127,44,83,0.3464566929133858,0.6535433070866141,1.8863636363636365,0.7545454545454546,1.8863636363636365,0.7545454545454546,Near neutral
ydcV_2,core,8578,883,425,48.131370328425824,224,29,195,0.12946428571428573,0.8705357142857143,6.724137931034483,2.689655172413793,6.724137931034483,2.689655172413793,Relaxed/positive
cca,core,8578,1278,269,21.04851330203443,219,99,120,0.4520547945205479,0.547945205479452,1.2121212121212122,0.48484848484848486,1.2121212121212122,0.48484848484848486,Moderate purifying
patB,core,8510,1188,317,26.68350168350168,218,71,147,0.3256880733944954,0.6743119266055045,2.0704225352112675,0.828169014084507,2.0704225352112675,0.828169014084507,Near neutral
ftsZ,core,8580,1236,155,12.540453074433659,143,106,37,0.7412587412587412,0.25874125874125875,0.3490566037735849,0.13962264150943396,0.3490566037735849,0.13962264150943396,Strong purifying
comEC,core,8543,2249,648,28.812805691418408,442,113,329,0.25565610859728505,0.744343891402715,2.911504424778761,1.1646017699115043,2.911504424778761,1.1646017699115043,Near neutral
rpsR,core,8577,240,23,9.583333333333334,21,17,4,0.8095238095238095,0.19047619047619047,0.23529411764705882,0.09411764705882353,0.23529411764705882,0.09411764705882353,Very strong purifying
pdxK_1,core,8580,873,497,56.93012600229095,241,24,217,0.0995850622406639,0.9004149377593361,9.041666666666666,3.6166666666666663,9.041666666666666,3.6166666666666663,Relaxed/positive
ykoD_1,core,8578,2005,1612,80.39900249376558,583,31,552,0.05317324185248713,0.9468267581475128,17.806451612903224,7.12258064516129,17.806451612903224,7.12258064516129,Relaxed/positive
metP_2,core,8578,709,385,54.30183356840621,198,45,153,0.22727272727272727,0.7727272727272727,3.4,1.3599999999999999,3.4,1.3599999999999999,Relaxed/positive
rpmGA_1,core,8578,163,79,48.466257668711656,43,11,32,0.2558139534883721,0.7441860465116279,2.909090909090909,1.1636363636363636,2.909090909090909,1.1636363636363636,Near neutral
sorB_2,core,8568,587,487,82.96422487223168,171,5,166,0.029239766081871343,0.9707602339181286,33.2,13.280000000000001,33.2,13.280000000000001,Relaxed/positive
acpS,core,8580,360,65,18.055555555555554,55,32,23,0.5818181818181818,0.41818181818181815,0.71875,0.2875,0.71875,0.2875,Strong purifying
mntH_1,core,8579,1648,926,56.189320388349515,480,136,344,0.2833333333333333,0.7166666666666667,2.5294117647058822,1.011764705882353,2.5294117647058822,1.011764705882353,Near neutral
phoP_1,core,8580,805,573,71.18012422360248,236,32,204,0.13559322033898305,0.864406779661017,6.375,2.55,6.375,2.55,Relaxed/positive
metQ_1,core,8580,898,674,75.05567928730513,275,14,261,0.05090909090909091,0.9490909090909091,18.642857142857142,7.457142857142857,18.642857142857142,7.457142857142857,Relaxed/positive
fhuD,core,8534,1114,221,19.83842010771993,141,22,119,0.15602836879432624,0.8439716312056738,5.409090909090909,2.1636363636363636,5.409090909090909,2.1636363636363636,Relaxed/positive
sorA_3,core,8488,928,820,88.36206896551724,282,2,280,0.0070921985815602835,0.9929078014184397,140.0,56.0,140.0,56.0,Relaxed/positive
fmt,core,8576,942,190,20.169851380042463,145,58,87,0.4,0.6,1.5,0.6,1.5,0.6,Moderate purifying
manZ_2,core,8580,1351,1024,75.79570688378978,358,7,351,0.019553072625698324,0.9804469273743017,50.142857142857146,20.057142857142857,50.142857142857146,20.057142857142857,Relaxed/positive
prs2,core,8571,988,160,16.194331983805668,134,57,77,0.4253731343283582,0.5746268656716418,1.3508771929824561,0.5403508771929825,1.3508771929824561,0.5403508771929825,Moderate purifying
scpA,core,8580,807,139,17.224287484510533,111,42,69,0.3783783783783784,0.6216216216216216,1.6428571428571428,0.6571428571428571,1.6428571428571428,0.6571428571428571,Moderate purifying
lrgB,core,8576,684,129,18.859649122807017,105,56,49,0.5333333333333333,0.4666666666666667,0.875,0.35,0.875,0.35,Moderate purifying
bglA_2,core,8580,1569,1171,74.63352453792224,489,36,453,0.0736196319018405,0.9263803680981595,12.583333333333334,5.033333333333333,12.583333333333334,5.033333333333333,Relaxed/positive
citG,core,8578,870,173,19.885057471264368,136,48,88,0.35294117647058826,0.6470588235294118,1.8333333333333333,0.7333333333333333,1.8333333333333333,0.7333333333333333,Near neutral
hexs-b,core,8580,993,153,15.407854984894259,127,64,63,0.5039370078740157,0.49606299212598426,0.984375,0.39375,0.984375,0.39375,Moderate purifying
sodA,core,8577,624,116,18.58974358974359,86,38,48,0.4418604651162791,0.5581395348837209,1.263157894736842,0.5052631578947369,1.263157894736842,0.5052631578947369,Moderate purifying
atpB,core,8578,720,73,10.13888888888889,63,32,31,0.5079365079365079,0.49206349206349204,0.96875,0.3875,0.96875,0.3875,Moderate purifying
adaA,core,8431,693,161,23.232323232323232,104,16,88,0.15384615384615385,0.8461538461538461,5.5,2.2,5.5,2.2,Relaxed/positive
wbbL,core,8578,783,152,19.4125159642401,129,59,70,0.4573643410852713,0.5426356589147286,1.1864406779661016,0.47457627118644063,1.1864406779661016,0.47457627118644063,Moderate purifying
sbnD,core,8547,1283,309,24.084177708495712,221,88,133,0.39819004524886875,0.6018099547511312,1.5113636363636365,0.6045454545454546,1.5113636363636365,0.6045454545454546,Moderate purifying
manX_4,core,8562,1370,858,62.62773722627737,334,18,316,0.05389221556886228,0.9461077844311377,17.555555555555557,7.022222222222223,17.555555555555557,7.022222222222223,Relaxed/positive
rplY,core,8578,618,96,15.53398058252427,74,23,51,0.3108108108108108,0.6891891891891891,2.217391304347826,0.8869565217391304,2.217391304347826,0.8869565217391304,Near neutral
alr,core,8579,1117,243,21.754700089525514,187,79,108,0.42245989304812837,0.5775401069518716,1.3670886075949367,0.5468354430379747,1.3670886075949367,0.5468354430379747,Moderate purifying
ptsH,core,8580,267,33,12.359550561797752,27,11,16,0.4074074074074074,0.5925925925925926,1.4545454545454546,0.5818181818181818,1.4545454545454546,0.5818181818181818,Moderate purifying
pnp_2,core,8580,2127,525,24.682651622002822,313,140,173,0.4472843450479233,0.5527156549520766,1.2357142857142858,0.49428571428571433,1.2357142857142858,0.49428571428571433,Moderate purifying
gadC_1,core,8388,1654,1278,77.26723095525998,490,14,476,0.02857142857142857,0.9714285714285714,34.0,13.6,34.0,13.6,Relaxed/positive
mtlR,core,8484,2034,409,20.108161258603737,322,140,182,0.43478260869565216,0.5652173913043478,1.3,0.52,1.3,0.52,Moderate purifying
ccmL,core,8572,264,53,20.075757575757574,44,21,23,0.4772727272727273,0.5227272727272727,1.0952380952380953,0.43809523809523815,1.0952380952380953,0.43809523809523815,Moderate purifying
hmuU,core,8580,1012,229,22.628458498023715,179,76,103,0.4245810055865922,0.5754189944134078,1.355263157894737,0.5421052631578948,1.355263157894737,0.5421052631578948,Moderate purifying
ywnA,core,8573,483,89,18.426501035196686,67,23,44,0.34328358208955223,0.6567164179104478,1.9130434782608696,0.7652173913043478,1.9130434782608696,0.7652173913043478,Near neutral
axeA,core,8542,925,233,25.189189189189186,167,56,111,0.33532934131736525,0.6646706586826348,1.9821428571428572,0.7928571428571429,1.9821428571428572,0.7928571428571429,Near neutral
guaB,core,8577,1485,186,12.525252525252526,170,111,59,0.6529411764705882,0.34705882352941175,0.5315315315315315,0.2126126126126126,0.5315315315315315,0.2126126126126126,Strong purifying
znuB,core,8580,861,131,15.21486643437863,114,63,51,0.5526315789473685,0.4473684210526316,0.8095238095238095,0.3238095238095238,0.8095238095238095,0.3238095238095238,Moderate purifying
pdhC,core,8214,1372,343,25.0,242,65,177,0.26859504132231404,0.731404958677686,2.723076923076923,1.0892307692307692,2.723076923076923,1.0892307692307692,Near neutral
ywlC,core,8580,1026,217,21.150097465886937,164,56,108,0.34146341463414637,0.6585365853658537,1.9285714285714286,0.7714285714285715,1.9285714285714286,0.7714285714285715,Near neutral
trmL,core,8577,507,88,17.357001972386588,66,33,33,0.5,0.5,1.0,0.4,1.0,0.4,Moderate purifying
gbuA,core,8574,1197,187,15.622389306599832,161,87,74,0.5403726708074534,0.45962732919254656,0.8505747126436781,0.34022988505747126,0.8505747126436781,0.34022988505747126,Moderate purifying
pduV,core,8574,538,102,18.95910780669145,67,19,48,0.2835820895522388,0.7164179104477612,2.526315789473684,1.0105263157894737,2.526315789473684,1.0105263157894737,Near neutral
eutQ,core,8578,447,122,27.293064876957494,85,32,53,0.3764705882352941,0.6235294117647059,1.65625,0.6625,1.65625,0.6625,Moderate purifying
uvrB,core,8246,2010,270,13.432835820895523,228,134,94,0.5877192982456141,0.41228070175438597,0.7014925373134329,0.28059701492537314,0.7014925373134329,0.28059701492537314,Strong purifying
greA,core,8578,626,62,9.904153354632587,54,28,26,0.5185185185185185,0.48148148148148145,0.9285714285714286,0.37142857142857144,0.9285714285714286,0.37142857142857144,Moderate purifying
rpsJ,core,8577,309,28,9.06148867313916,23,11,12,0.4782608695652174,0.5217391304347826,1.0909090909090908,0.43636363636363634,1.0909090909090908,0.43636363636363634,Moderate purifying
argR_4,core,8563,548,382,69.7080291970803,158,10,148,0.06329113924050633,0.9367088607594937,14.8,5.92,14.8,5.92,Relaxed/positive
polC_2,core,8568,4359,784,17.985776554255565,601,351,250,0.5840266222961731,0.415973377703827,0.7122507122507122,0.2849002849002849,0.7122507122507122,0.2849002849002849,Strong purifying
dppE_7,core,8580,1830,1627,88.90710382513662,572,1,571,0.0017482517482517483,0.9982517482517482,571.0,228.4,571.0,228.4,Relaxed/positive
gltX,core,8491,1458,198,13.580246913580247,164,81,83,0.49390243902439024,0.5060975609756098,1.0246913580246915,0.4098765432098766,1.0246913580246915,0.4098765432098766,Moderate purifying
rhaR_3,core,8514,2979,1826,61.29573682443773,609,5,604,0.008210180623973728,0.9917898193760263,120.8,48.32,120.8,48.32,Relaxed/positive
btuD_1,core,8580,4810,3542,73.63825363825363,1181,18,1163,0.015241320914479255,0.9847586790855207,64.61111111111111,25.844444444444445,64.61111111111111,25.844444444444445,Relaxed/positive
yqgN,core,8576,543,128,23.572744014732965,98,34,64,0.3469387755102041,0.6530612244897959,1.8823529411764706,0.7529411764705882,1.8823529411764706,0.7529411764705882,Near neutral
purH,core,8515,1571,370,23.551877784850415,258,37,221,0.1434108527131783,0.8565891472868217,5.972972972972973,2.389189189189189,5.972972972972973,2.389189189189189,Relaxed/positive
infB,core,8560,2602,417,16.026133743274404,305,48,257,0.15737704918032788,0.8426229508196721,5.354166666666667,2.1416666666666666,5.354166666666667,2.1416666666666666,Relaxed/positive
grdB,core,8220,539,169,31.3543599257885,109,11,98,0.10091743119266056,0.8990825688073395,8.909090909090908,3.5636363636363635,8.909090909090908,3.5636363636363635,Relaxed/positive
rex_1,core,8580,1235,399,32.30769230769231,189,11,178,0.0582010582010582,0.9417989417989417,16.181818181818183,6.4727272727272736,16.181818181818183,6.4727272727272736,Relaxed/positive
trxA,core,8566,315,48,15.238095238095239,36,12,24,0.3333333333333333,0.6666666666666666,2.0,0.8,2.0,0.8,Near neutral
yfnB_1,core,8569,847,504,59.50413223140496,226,15,211,0.06637168141592921,0.9336283185840708,14.066666666666666,5.626666666666667,14.066666666666666,5.626666666666667,Relaxed/positive
glyS,core,8579,2085,381,18.27338129496403,309,142,167,0.459546925566343,0.540453074433657,1.176056338028169,0.4704225352112676,1.176056338028169,0.4704225352112676,Moderate purifying
rhaS_2,core,8580,1729,1368,79.12087912087912,485,16,469,0.032989690721649485,0.9670103092783505,29.3125,11.725,29.3125,11.725,Relaxed/positive
bdhA_1,core,8360,1455,813,55.876288659793815,339,32,307,0.0943952802359882,0.9056047197640118,9.59375,3.8375,9.59375,3.8375,Relaxed/positive
cshA,core,8578,1623,201,12.384473197781885,169,93,76,0.5502958579881657,0.44970414201183434,0.8172043010752689,0.32688172043010755,0.8172043010752689,0.32688172043010755,Moderate purifying
fabF_1,core,8580,1344,819,60.9375,382,43,339,0.112565445026178,0.887434554973822,7.883720930232558,3.1534883720930234,7.883720930232558,3.1534883720930234,Relaxed/positive
ruvB,core,8576,1017,139,13.667649950835791,118,71,47,0.6016949152542372,0.3983050847457627,0.6619718309859155,0.2647887323943662,0.6619718309859155,0.2647887323943662,Strong purifying
yodC_1,core,8428,781,551,70.550576184379,210,4,206,0.01904761904761905,0.9809523809523809,51.5,20.6,51.5,20.6,Relaxed/positive
fruA_2,core,8579,2071,1180,56.97730564944471,524,63,461,0.12022900763358779,0.8797709923664122,7.317460317460317,2.926984126984127,7.317460317460317,2.926984126984127,Relaxed/positive
MroQ,core,8571,673,166,24.665676077265974,125,52,73,0.416,0.584,1.4038461538461537,0.5615384615384615,1.4038461538461537,0.5615384615384615,Moderate purifying
queT,core,8195,546,166,30.4029304029304,113,33,80,0.2920353982300885,0.7079646017699115,2.4242424242424243,0.9696969696969697,2.4242424242424243,0.9696969696969697,Near neutral
rplQ,core,8580,390,20,5.128205128205128,19,10,9,0.5263157894736842,0.47368421052631576,0.9,0.36,0.9,0.36,Moderate purifying
galK_1,core,8577,1203,647,53.78221113881961,315,44,271,0.13968253968253969,0.8603174603174604,6.159090909090909,2.463636363636364,6.159090909090909,2.463636363636364,Relaxed/positive
ppdK,core,8576,2649,540,20.385050962627407,414,160,254,0.3864734299516908,0.6135265700483091,1.5875,0.635,1.5875,0.635,Moderate purifying
nrnA,core,8578,963,204,21.18380062305296,154,51,103,0.33116883116883117,0.6688311688311688,2.019607843137255,0.807843137254902,2.019607843137255,0.807843137254902,Near neutral
yhaM,core,8580,945,182,19.25925925925926,146,88,58,0.6027397260273972,0.3972602739726027,0.6590909090909091,0.2636363636363636,0.6590909090909091,0.2636363636363636,Strong purifying
rmlD,core,8575,843,159,18.86120996441281,123,54,69,0.43902439024390244,0.5609756097560976,1.2777777777777777,0.5111111111111111,1.2777777777777777,0.5111111111111111,Moderate purifying
maa,core,8423,689,168,24.383164005805515,113,30,83,0.26548672566371684,0.7345132743362832,2.7666666666666666,1.1066666666666667,2.7666666666666666,1.1066666666666667,Near neutral
mscL,core,8543,465,115,24.731182795698924,88,45,43,0.5113636363636364,0.48863636363636365,0.9555555555555556,0.38222222222222224,0.9555555555555556,0.38222222222222224,Moderate purifying
hrtA,core,8530,672,134,19.940476190476193,108,49,59,0.4537037037037037,0.5462962962962963,1.2040816326530612,0.4816326530612245,1.2040816326530612,0.4816326530612245,Moderate purifying
mnmG,core,8580,1909,295,15.453116815086432,249,139,110,0.5582329317269076,0.44176706827309237,0.7913669064748201,0.31654676258992803,0.7913669064748201,0.31654676258992803,Moderate purifying
yheI,core,8550,1754,432,24.629418472063854,317,118,199,0.3722397476340694,0.6277602523659306,1.6864406779661016,0.6745762711864407,1.6864406779661016,0.6745762711864407,Moderate purifying
mutY,core,8576,1238,275,22.21324717285945,192,49,143,0.2552083333333333,0.7447916666666666,2.9183673469387754,1.1673469387755102,2.9183673469387754,1.1673469387755102,Near neutral
pgpH,core,8578,2208,346,15.670289855072465,296,159,137,0.5371621621621622,0.46283783783783783,0.8616352201257862,0.3446540880503145,0.8616352201257862,0.3446540880503145,Moderate purifying
speG,core,8216,555,307,55.31531531531532,141,12,129,0.0851063829787234,0.9148936170212766,10.75,4.3,10.75,4.3,Relaxed/positive
def,core,8556,564,108,19.148936170212767,85,48,37,0.5647058823529412,0.43529411764705883,0.7708333333333334,0.30833333333333335,0.7708333333333334,0.30833333333333335,Moderate purifying
rpsZ,core,8576,186,8,4.301075268817205,7,6,1,0.8571428571428571,0.14285714285714285,0.16666666666666666,0.06666666666666667,0.16666666666666666,0.06666666666666667,Very strong purifying
dgaR_2,core,8580,3439,2733,79.47077638848502,1034,38,996,0.0367504835589942,0.9632495164410058,26.210526315789473,10.484210526315788,26.210526315789473,10.484210526315788,Relaxed/positive
chbB,core,8567,333,74,22.22222222222222,50,15,35,0.3,0.7,2.3333333333333335,0.9333333333333333,2.3333333333333335,0.9333333333333333,Near neutral
gmk_1,core,8579,776,405,52.19072164948454,178,17,161,0.09550561797752809,0.9044943820224719,9.470588235294118,3.788235294117647,9.470588235294118,3.788235294117647,Relaxed/positive
bicA,core,8555,1324,312,23.564954682779458,219,53,166,0.2420091324200913,0.7579908675799086,3.1320754716981134,1.2528301886792454,3.1320754716981134,1.2528301886792454,Near neutral
licC_5,core,8550,1788,1521,85.06711409395973,534,11,523,0.020599250936329586,0.9794007490636704,47.54545454545455,19.01818181818182,47.54545454545455,19.01818181818182,Relaxed/positive
htrA,core,8503,1299,246,18.937644341801384,205,112,93,0.5463414634146342,0.45365853658536587,0.8303571428571429,0.3321428571428572,0.8303571428571429,0.3321428571428572,Moderate purifying
rplA,core,8579,705,70,9.929078014184398,62,35,27,0.5645161290322581,0.43548387096774194,0.7714285714285715,0.3085714285714286,0.7714285714285715,0.3085714285714286,Moderate purifying
metI,core,8575,672,118,17.559523809523807,94,49,45,0.5212765957446809,0.4787234042553192,0.9183673469387755,0.3673469387755102,0.9183673469387755,0.3673469387755102,Moderate purifying
tgt,core,8580,1146,153,13.350785340314136,136,82,54,0.6029411764705882,0.39705882352941174,0.6585365853658537,0.2634146341463415,0.6585365853658537,0.2634146341463415,Strong purifying
uvrA_2,core,8570,5195,2171,41.790182868142445,866,43,823,0.049653579676674366,0.9503464203233256,19.13953488372093,7.655813953488372,19.13953488372093,7.655813953488372,Relaxed/positive
pucG,core,8566,1293,289,22.351121423047175,221,102,119,0.46153846153846156,0.5384615384615384,1.1666666666666667,0.4666666666666667,1.1666666666666667,0.4666666666666667,Moderate purifying
gph_1,core,8580,1021,781,76.49363369245837,285,7,278,0.02456140350877193,0.9754385964912281,39.714285714285715,15.885714285714286,39.714285714285715,15.885714285714286,Relaxed/positive
ebgA,core,8560,3780,649,17.16931216931217,500,181,319,0.362,0.638,1.7624309392265194,0.7049723756906078,1.7624309392265194,0.7049723756906078,Near neutral
fpuD,core,8580,820,165,20.121951219512198,113,32,81,0.2831858407079646,0.7168141592920354,2.53125,1.0125,2.53125,1.0125,Near neutral
cutC,core,8577,652,142,21.779141104294478,110,44,66,0.4,0.6,1.5,0.6,1.5,0.6,Moderate purifying
dcuS,core,8564,1558,383,24.58279845956354,262,47,215,0.17938931297709923,0.8206106870229007,4.574468085106383,1.8297872340425532,4.574468085106383,1.8297872340425532,Relaxed/positive
ybhL,core,8579,687,134,19.50509461426492,110,51,59,0.4636363636363636,0.5363636363636364,1.1568627450980393,0.4627450980392157,1.1568627450980393,0.4627450980392157,Moderate purifying
fusA,core,8580,2082,193,9.269932756964456,184,123,61,0.6684782608695652,0.33152173913043476,0.4959349593495935,0.1983739837398374,0.4959349593495935,0.1983739837398374,Strong purifying
chrR,core,8574,556,118,21.223021582733814,85,19,66,0.2235294117647059,0.7764705882352941,3.473684210526316,1.3894736842105264,3.473684210526316,1.3894736842105264,Relaxed/positive
ptsG_2,core,8579,2430,1604,66.0082304526749,688,24,664,0.03488372093023256,0.9651162790697675,27.666666666666668,11.066666666666666,27.666666666666668,11.066666666666666,Relaxed/positive
codY,core,8574,819,129,15.75091575091575,104,50,54,0.4807692307692308,0.5192307692307693,1.08,0.43200000000000005,1.08,0.43200000000000005,Moderate purifying
tuf,core,8578,1188,95,7.9966329966329965,93,82,11,0.8817204301075269,0.11827956989247312,0.13414634146341464,0.05365853658536586,0.13414634146341464,0.05365853658536586,Very strong purifying
alaA,core,8579,1218,195,16.00985221674877,172,110,62,0.6395348837209303,0.36046511627906974,0.5636363636363636,0.22545454545454544,0.5636363636363636,0.22545454545454544,Strong purifying
walK,core,8525,1833,340,18.54882705946536,274,124,150,0.45255474452554745,0.5474452554744526,1.2096774193548387,0.4838709677419355,1.2096774193548387,0.4838709677419355,Moderate purifying
murJ_2,core,8580,2286,1378,60.27996500437446,543,30,513,0.055248618784530384,0.9447513812154696,17.1,6.840000000000001,17.1,6.840000000000001,Relaxed/positive
