gene,count,prevalence,product
nusA,8596,1.0,Transcription termination/antitermination protein NusA
potB,8596,1.0,Spermidine/putrescine transport system permease protein PotB
hexs-b,8596,1.0,"Hexaprenyl-diphosphate synthase large subunit ((2E,6E)-farnesyl-diphosphate specific)"
der,8596,1.0,GTPase Der
argR_1,8596,1.0,Arginine repressor
metQ_2,8596,1.0,D-methionine-binding lipoprotein MetQ
pdxK_2,8596,1.0,Pyridoxine kinase
mltF_2,8596,1.0,Membrane-bound lytic murein transglycosylase F
cah,8596,1.0,Carbonic anhydrase
dppE_5,8596,1.0,Dipeptide-binding protein DppE
deoC,8596,1.0,Deoxyribose-phosphate aldolase
phoP_1,8596,1.0,Alkaline phosphatase synthesis transcriptional regulatory protein PhoP
murA1_2,8596,1.0,UDP-N-acetylglucosamine 1-carboxyvinyltransferase
ftsL,8596,1.0,Cell division protein FtsL
aspS,8596,1.0,Aspartate--tRNA ligase
fni,8596,1.0,Isopentenyl-diphosphate delta-isomerase
glmU,8596,1.0,Bifunctional protein GlmU
licC_1,8596,1.0,Lichenan permease IIC component
dinG_2,8596,1.0,3'-5' exonuclease DinG
bglF_3,8596,1.0,PTS system beta-glucoside-specific EIIBCA component
rpsB,8596,1.0,30S ribosomal protein S2
smpB,8596,1.0,SsrA-binding protein
yqeN,8596,1.0,putative protein YqeN
cspLA_1,8596,1.0,Cold shock-like protein CspLA
acpS,8596,1.0,Holo-[acyl-carrier-protein] synthase
manZ_5,8596,1.0,PTS system mannose-specific EIID component
radA,8596,1.0,DNA repair protein RadA
ctpE_1,8596,1.0,Calcium-transporting ATPase CtpE
arcC1_1,8596,1.0,Carbamate kinase 1
dppE_6,8596,1.0,Dipeptide-binding protein DppE
arcC1_2,8596,1.0,Carbamate kinase 1
rpsP,8596,1.0,30S ribosomal protein S16
yknY_2,8596,1.0,putative ABC transporter ATP-binding protein YknY
murQ_2,8596,1.0,N-acetylmuramic acid 6-phosphate etherase
mhqA_1,8596,1.0,Putative ring-cleaving dioxygenase MhqA
ctpE_2,8596,1.0,Calcium-transporting ATPase CtpE
aldC,8596,1.0,Alpha-acetolactate decarboxylase
pflA,8596,1.0,Pyruvate formate-lyase-activating enzyme
rplQ,8596,1.0,50S ribosomal protein L17
yhaM,8596,1.0,3'-5' exoribonuclease YhaM
addB,8596,1.0,ATP-dependent helicase/deoxyribonuclease subunit B
alaS,8596,1.0,Alanine--tRNA ligase
tilS,8596,1.0,tRNA(Ile)-lysidine synthase
accB,8596,1.0,Biotin carboxyl carrier protein of acetyl-CoA carboxylase
hmuU,8596,1.0,Hemin transport system permease protein HmuU
rplGA,8596,1.0,putative ribosomal protein YlxQ
ypfD,8596,1.0,30S ribosomal protein S1
rimP,8596,1.0,Ribosome maturation factor RimP
iscS_1,8596,1.0,Cysteine desulfurase IscS
ccpA_1,8596,1.0,Catabolite control protein A
murJ_2,8596,1.0,Lipid II flippase MurJ
ccpN,8596,1.0,Transcriptional repressor CcpN
manX_3,8596,1.0,PTS system mannose-specific EIIAB component
licC_2,8596,1.0,Lichenan permease IIC component
btuD_3,8596,1.0,Vitamin B12 import ATP-binding protein BtuD
tagU_3,8596,1.0,Polyisoprenyl-teichoic acid--peptidoglycan teichoic acid transferase TagU
proC_1,8596,1.0,Pyrroline-5-carboxylate reductase
prmC,8596,1.0,Release factor glutamine methyltransferase
yfmL,8596,1.0,putative ATP-dependent RNA helicase YfmL
menH_1,8596,1.0,"2-succinyl-6-hydroxy-2,4-cyclohexadiene-1-carboxylate synthase"
secG,8596,1.0,putative protein-export membrane protein SecG
rex_1,8596,1.0,Redox-sensing transcriptional repressor Rex
proA,8596,1.0,Gamma-glutamyl phosphate reductase
ywlC,8596,1.0,Threonylcarbamoyl-AMP synthase
fpgS,8596,1.0,Folylpolyglutamate synthase
yknY_1,8596,1.0,putative ABC transporter ATP-binding protein YknY
arcC1_3,8596,1.0,Carbamate kinase 1
tagO,8596,1.0,putative undecaprenyl-phosphate N-acetylglucosaminyl 1-phosphate transferase
dppE_3,8596,1.0,Dipeptide-binding protein DppE
btuD_1,8596,1.0,Vitamin B12 import ATP-binding protein BtuD
gph_2,8596,1.0,Phosphoglycolate phosphatase
dgaR_2,8596,1.0,Transcriptional regulatory protein DagR
coaBC_1,8596,1.0,Coenzyme A biosynthesis bifunctional protein CoaBC
bglA_2,8596,1.0,Aryl-phospho-beta-D-glucosidase BglA
manZ_3,8596,1.0,PTS system mannose-specific EIID component
bglF_1,8596,1.0,PTS system beta-glucoside-specific EIIBCA component
pth,8596,1.0,Peptidyl-tRNA hydrolase
dinG_1,8596,1.0,3'-5' exonuclease DinG
sorA_2,8596,1.0,PTS system sorbose-specific EIIC component
bglA_1,8596,1.0,Aryl-phospho-beta-D-glucosidase BglA
rplI,8596,1.0,50S ribosomal protein L9
mnmG,8596,1.0,tRNA uridine 5-carboxymethylaminomethyl modification enzyme MnmG
mnmE,8596,1.0,tRNA modification GTPase MnmE
gcdB,8596,1.0,Glutaconyl-CoA decarboxylase subunit beta
gyrA,8596,1.0,DNA gyrase subunit A
yumC,8596,1.0,Ferredoxin--NADP reductase 2
pucR_1,8596,1.0,Purine catabolism regulatory protein
tsf,8596,1.0,Elongation factor Ts
yqeY,8596,1.0,putative protein YqeY
ybeY,8596,1.0,Endoribonuclease YbeY
yacL,8596,1.0,putative PIN and TRAM-domain containing protein YacL
ybbH_1,8596,1.0,putative HTH-type transcriptional regulator YbbH
ypjD,8596,1.0,putative protein YpjD
fabZ_1,8596,1.0,3-hydroxyacyl-[acyl-carrier-protein] dehydratase FabZ
fieF,8596,1.0,Ferrous-iron efflux pump FieF
veg,8596,1.0,Protein Veg
glyQ,8596,1.0,Glycine--tRNA ligase alpha subunit
tig,8596,1.0,Trigger factor
pnp_1,8596,1.0,Polyribonucleotide nucleotidyltransferase
xseB,8596,1.0,Exodeoxyribonuclease 7 small subunit
dppE_4,8596,1.0,Dipeptide-binding protein DppE
glnQ_2,8596,1.0,Glutamine transport ATP-binding protein GlnQ
rnz,8596,1.0,Ribonuclease Z
bglF_2,8596,1.0,PTS system beta-glucoside-specific EIIBCA component
adhE_1,8596,1.0,Aldehyde-alcohol dehydrogenase
rpsT,8596,1.0,30S ribosomal protein S20
tagU_2,8596,1.0,Polyisoprenyl-teichoic acid--peptidoglycan teichoic acid transferase TagU
spoIIIE,8596,1.0,DNA translocase SpoIIIE
dgaR_3,8596,1.0,Transcriptional regulatory protein DagR
manX_2,8596,1.0,PTS system mannose-specific EIIAB component
uppS,8596,1.0,"Ditrans,polycis-undecaprenyl-diphosphate synthase ((2E,6E)-farnesyl-diphosphate specific)"
murC,8596,1.0,UDP-N-acetylmuramate--L-alanine ligase
trmD,8596,1.0,tRNA (guanine-N(1)-)-methyltransferase
hpt,8596,1.0,Hypoxanthine-guanine phosphoribosyltransferase
infC,8596,1.0,Translation initiation factor IF-3
ybbH_2,8596,1.0,putative HTH-type transcriptional regulator YbbH
metQ_1,8596,1.0,D-methionine-binding lipoprotein MetQ
mutM,8596,1.0,Formamidopyrimidine-DNA glycosylase
rcsC_1,8596,1.0,Sensor histidine kinase RcsC
tgt,8596,1.0,Queuine tRNA-ribosyltransferase
tagU_1,8596,1.0,Polyisoprenyl-teichoic acid--peptidoglycan teichoic acid transferase TagU
pheS,8596,1.0,Phenylalanine--tRNA ligase alpha subunit
pyrB,8596,1.0,Aspartate carbamoyltransferase
manZ_1,8596,1.0,PTS system mannose-specific EIID component
folA,8596,1.0,Dihydrofolate reductase
scpB,8596,1.0,Segregation and condensation protein B
upp,8596,1.0,Uracil phosphoribosyltransferase
tlyA,8596,1.0,Hemolysin A
nadD,8596,1.0,Nicotinate-nucleotide adenylyltransferase
ychF,8596,1.0,Ribosome-binding ATPase YchF
dgkA,8596,1.0,Undecaprenol kinase
ftsZ,8596,1.0,Cell division protein FtsZ
fpuD,8596,1.0,Petrobactin import ATP-binding protein FpuD
ybbH_3,8596,1.0,putative HTH-type transcriptional regulator YbbH
murJ_1,8596,1.0,Lipid II flippase MurJ
btuD_5,8596,1.0,Vitamin B12 import ATP-binding protein BtuD
btuD_2,8596,1.0,Vitamin B12 import ATP-binding protein BtuD
ccpA_2,8596,1.0,Catabolite control protein A
rpsO,8596,1.0,30S ribosomal protein S15
manZ_4,8596,1.0,PTS system mannose-specific EIID component
manX_1,8596,1.0,PTS system mannose-specific EIIAB component
proC_2,8596,1.0,Pyrroline-5-carboxylate reductase
dgaR_1,8596,1.0,Transcriptional regulatory protein DagR
tmcAL,8596,1.0,tRNA(Met) cytidine acetate ligase
scpA,8596,1.0,Segregation and condensation protein A
gatD,8596,1.0,Lipid II isoglutaminyl synthase (glutamine-hydrolyzing) subunit GatD
ntpB,8596,1.0,V-type sodium ATPase subunit B
gpmA_2,8596,1.0,"2,3-bisphosphoglycerate-dependent phosphoglycerate mutase"
murT,8596,1.0,Lipid II isoglutaminyl synthase (glutamine-hydrolyzing) subunit MurT
secA,8596,1.0,Protein translocase subunit SecA
peb1A,8596,1.0,Major cell-binding factor
btuD_4,8596,1.0,Vitamin B12 import ATP-binding protein BtuD
coaBC_2,8596,1.0,Coenzyme A biosynthesis bifunctional protein CoaBC
iscS_2,8596,1.0,Cysteine desulfurase IscS
mhqA_3,8596,1.0,Putative ring-cleaving dioxygenase MhqA
mraZ,8596,1.0,Transcriptional regulator MraZ
clpX,8596,1.0,ATP-dependent Clp protease ATP-binding subunit ClpX
murF,8596,1.0,UDP-N-acetylmuramoyl-tripeptide--D-alanyl-D-alanine ligase
ntpK,8596,1.0,V-type sodium ATPase subunit K
zwf,8596,1.0,Glucose-6-phosphate 1-dehydrogenase
fabD,8596,1.0,Malonyl CoA-acyl carrier protein transacylase
pyrH,8596,1.0,Uridylate kinase
manZ_2,8596,1.0,PTS system mannose-specific EIID component
accC,8596,1.0,Biotin carboxylase
phoP_2,8596,1.0,Alkaline phosphatase synthesis transcriptional regulatory protein PhoP
IMPDH,8596,1.0,Inosine-5'-monophosphate dehydrogenase
gpsB,8596,1.0,Cell cycle protein GpsB
gpmA_1,8596,1.0,"2,3-bisphosphoglycerate-dependent phosphoglycerate mutase"
znuB,8596,1.0,High-affinity zinc uptake system membrane protein ZnuB
phoU,8596,1.0,Phosphate-specific transport system accessory protein PhoU
hrcA,8596,1.0,Heat-inducible transcription repressor HrcA
cspLA_2,8596,1.0,Cold shock-like protein CspLA
mraY,8596,1.0,Phospho-N-acetylmuramoyl-pentapeptide-transferase
pdxK_1,8596,1.0,Pyridoxine kinase
licC_3,8596,1.0,Lichenan permease IIC component
fusA,8596,1.0,Elongation factor G
pucR_2,8596,1.0,Purine catabolism regulatory protein
fabF_2,8596,1.0,3-oxoacyl-[acyl-carrier-protein] synthase 2
ecfT_1,8596,1.0,Energy-coupling factor transporter transmembrane protein EcfT
ptsH,8596,1.0,Phosphocarrier protein HPr
rex_2,8596,1.0,Redox-sensing transcriptional repressor Rex
murD,8596,1.0,UDP-N-acetylmuramoylalanine--D-glutamate ligase
fabF_1,8596,1.0,3-oxoacyl-[acyl-carrier-protein] synthase 2
est,8596,1.0,Carboxylesterase
rpsU,8596,1.0,30S ribosomal protein S21
rcsC_2,8596,1.0,Sensor histidine kinase RcsC
cdd,8596,1.0,Cytidine deaminase
adhE_2,8596,1.0,Aldehyde-alcohol dehydrogenase
menH_2,8596,1.0,"2-succinyl-6-hydroxy-2,4-cyclohexadiene-1-carboxylate synthase"
manZ_6,8596,1.0,PTS system mannose-specific EIID component
glnQ_1,8596,1.0,Glutamine transport ATP-binding protein GlnQ
sorA_1,8596,1.0,PTS system sorbose-specific EIIC component
ruvA,8596,1.0,Holliday junction ATP-dependent DNA helicase RuvA
atpF,8596,1.0,ATP synthase subunit b
gph_1,8596,1.0,Phosphoglycolate phosphatase
ntpG,8596,1.0,V-type sodium ATPase subunit G
era,8596,1.0,GTPase Era
pepT_2,8596,1.0,Peptidase T
puuR,8596,1.0,HTH-type transcriptional regulator PuuR
dppE_1,8596,1.0,Dipeptide-binding protein DppE
mhqA_2,8596,1.0,Putative ring-cleaving dioxygenase MhqA
dnaE,8596,1.0,DNA polymerase III subunit alpha
ecfT_2,8596,1.0,Energy-coupling factor transporter transmembrane protein EcfT
pepT_1,8596,1.0,Peptidase T
rpoA,8596,1.0,DNA-directed RNA polymerase subunit alpha
nusB,8596,1.0,Transcription antitermination protein NusB
dppE_7,8596,1.0,Dipeptide-binding protein DppE
rhaR_1,8596,1.0,HTH-type transcriptional activator RhaR
mtlF_1,8596,1.0,Mannitol-specific phosphotransferase enzyme IIA component
pyrG,8596,1.0,CTP synthase
rpsL,8596,1.0,30S ribosomal protein S12
mltF_1,8596,1.0,Membrane-bound lytic murein transglycosylase F
yccU,8596,1.0,putative protein YccU
pnp_2,8596,1.0,Polyribonucleotide nucleotidyltransferase
aroF,8596,1.0,Phospho-2-dehydro-3-deoxyheptonate aldolase
pfkA,8596,1.0,ATP-dependent 6-phosphofructokinase
fabZ_2,8596,1.0,3-hydroxyacyl-[acyl-carrier-protein] dehydratase FabZ
rplT,8596,1.0,50S ribosomal protein L20
mtlF_2,8596,1.0,Mannitol-specific phosphotransferase enzyme IIA component
spo0J,8596,1.0,Stage 0 sporulation protein J
rbfA,8596,1.0,Ribosome-binding factor A
argR_2,8596,1.0,Arginine repressor
aspB,8596,1.0,Asparagine--oxo-acid transaminase
murA1_1,8596,1.0,UDP-N-acetylglucosamine 1-carboxyvinyltransferase 1
dppE_2,8596,1.0,Dipeptide-binding protein DppE
niaX,8596,1.0,Niacin transporter NiaX
rhaR_2,8596,1.0,HTH-type transcriptional activator RhaR
murQ_1,8596,1.0,N-acetylmuramic acid 6-phosphate etherase
luxS,8595,0.9998836668217775,S-ribosylhomocysteine lyase
cdaA,8595,0.9998836668217775,Cyclic di-AMP synthase CdaA
ypdF,8595,0.9998836668217775,Aminopeptidase YpdF
aroK,8595,0.9998836668217775,Shikimate kinase
ptsG_2,8595,0.9998836668217775,PTS system glucose-specific EIICBA component
rnhC,8595,0.9998836668217775,Ribonuclease HIII
thiI,8595,0.9998836668217775,putative tRNA sulfurtransferase
yqfL_1,8595,0.9998836668217775,"Putative pyruvate, phosphate dikinase regulatory protein"
fabI,8595,0.9998836668217775,Enoyl-[acyl-carrier-protein] reductase [NADH] FabI
secY,8595,0.9998836668217775,Protein translocase subunit SecY
eis_1,8595,0.9998836668217775,N-acetyltransferase Eis
hisS,8595,0.9998836668217775,Histidine--tRNA ligase
nadK,8595,0.9998836668217775,NAD kinase
gpsA,8595,0.9998836668217775,Glycerol-3-phosphate dehydrogenase [NAD(P)+]
recX,8595,0.9998836668217775,Regulatory protein RecX
dnaB,8595,0.9998836668217775,Replication initiation and membrane attachment protein
recO,8595,0.9998836668217775,DNA repair protein RecO
plsY,8595,0.9998836668217775,Glycerol-3-phosphate acyltransferase
relA,8595,0.9998836668217775,GTP pyrophosphokinase
yqfL_2,8595,0.9998836668217775,"Putative pyruvate, phosphate dikinase regulatory protein"
yrdA,8595,0.9998836668217775,Protein YrdA
rpsG,8595,0.9998836668217775,30S ribosomal protein S7
proS,8595,0.9998836668217775,Proline--tRNA ligase
frr,8595,0.9998836668217775,Ribosome-recycling factor
purB,8595,0.9998836668217775,Adenylosuccinate lyase
yibN,8595,0.9998836668217775,putative protein YibN
acpA,8595,0.9998836668217775,Acyl carrier protein
rmlA,8595,0.9998836668217775,Glucose-1-phosphate thymidylyltransferase
atpE_1,8595,0.9998836668217775,ATP synthase subunit c
pdhA,8595,0.9998836668217775,Pyruvate dehydrogenase E1 component subunit alpha
mntH_1,8595,0.9998836668217775,Divalent metal cation transporter MntH
rpmG3,8595,0.9998836668217775,50S ribosomal protein L33 3
ptsG_1,8595,0.9998836668217775,PTS system glucose-specific EIICBA component
tkt,8595,0.9998836668217775,Transketolase
rnpA,8595,0.9998836668217775,Ribonuclease P protein component
coaD,8595,0.9998836668217775,Phosphopantetheine adenylyltransferase
nagR_2,8595,0.9998836668217775,HTH-type transcriptional repressor NagR
pstB3_2,8595,0.9998836668217775,Phosphate import ATP-binding protein PstB 3
cynR_1,8595,0.9998836668217775,HTH-type transcriptional regulator CynR
rplU,8595,0.9998836668217775,50S ribosomal protein L21
engB,8595,0.9998836668217775,putative GTP-binding protein EngB
rpsF,8595,0.9998836668217775,30S ribosomal protein S6
psiE,8595,0.9998836668217775,Protein PsiE
citC,8595,0.9998836668217775,[Citrate [pro-3S]-lyase] ligase
citX,8595,0.9998836668217775,Apo-citrate lyase phosphoribosyl-dephospho-CoA transferase
citE,8595,0.9998836668217775,Citrate lyase subunit beta
purA,8595,0.9998836668217775,Adenylosuccinate synthetase
thiM,8595,0.9998836668217775,Hydroxyethylthiazole kinase
citD,8595,0.9998836668217775,Citrate lyase acyl carrier protein
tagU_4,8595,0.9998836668217775,Polyisoprenyl-teichoic acid--peptidoglycan teichoic acid transferase TagU
guaC,8595,0.9998836668217775,GMP reductase
nadE,8595,0.9998836668217775,NH(3)-dependent NAD(+) synthetase
cynR_2,8595,0.9998836668217775,HTH-type transcriptional regulator CynR
rhaS_2,8595,0.9998836668217775,HTH-type transcriptional activator RhaS
coaA,8595,0.9998836668217775,Pantothenate kinase
gmk_1,8595,0.9998836668217775,Guanylate kinase
coaE,8595,0.9998836668217775,Dephospho-CoA kinase
fruA_1,8595,0.9998836668217775,PTS system fructose-specific EIIB'BC component
divIVA,8595,0.9998836668217775,Cell division protein DivIVA
alaA,8595,0.9998836668217775,Glutamate-pyruvate aminotransferase AlaA
ftsX,8595,0.9998836668217775,Cell division protein FtsX
folD,8595,0.9998836668217775,Bifunctional protein FolD protein
yjbM,8595,0.9998836668217775,GTP pyrophosphokinase YjbM
glyS,8595,0.9998836668217775,Glycine--tRNA ligase beta subunit
alr,8595,0.9998836668217775,Alanine racemase
queA,8595,0.9998836668217775,S-adenosylmethionine:tRNA ribosyltransferase-isomerase
thrS,8595,0.9998836668217775,Threonine--tRNA ligase
gmk_2,8595,0.9998836668217775,Guanylate kinase
pgk,8595,0.9998836668217775,Phosphoglycerate kinase
rplJ,8595,0.9998836668217775,50S ribosomal protein L10
ysdC_1,8595,0.9998836668217775,Putative aminopeptidase YsdC
yuaF,8595,0.9998836668217775,putative membrane protein YuaF
mntH_2,8595,0.9998836668217775,Divalent metal cation transporter MntH
rnj,8595,0.9998836668217775,Ribonuclease J
pstS1_2,8595,0.9998836668217775,Phosphate-binding protein PstS 1
rpsD,8595,0.9998836668217775,30S ribosomal protein S4
whiA,8595,0.9998836668217775,putative cell division protein WhiA
rpmE2,8595,0.9998836668217775,50S ribosomal protein L31 type B
glnQ_3,8595,0.9998836668217775,Glutamine transport ATP-binding protein GlnQ
hslV,8595,0.9998836668217775,ATP-dependent protease subunit HslV
ezrA,8595,0.9998836668217775,Septation ring formation regulator EzrA
eis_2,8595,0.9998836668217775,N-acetyltransferase Eis
sigA,8595,0.9998836668217775,RNA polymerase sigma factor SigA
hpf,8595,0.9998836668217775,Ribosome hibernation promotion factor
grpE,8595,0.9998836668217775,Protein GrpE
rimM,8595,0.9998836668217775,Ribosome maturation factor RimM
dapH_1,8595,0.9998836668217775,"2,3,4,5-tetrahydropyridine-2,6-dicarboxylate N-acetyltransferase"
cydB,8595,0.9998836668217775,Cytochrome bd-I ubiquinol oxidase subunit 2
rpsM,8595,0.9998836668217775,30S ribosomal protein S13
zur,8595,0.9998836668217775,Zinc-specific metallo-regulatory protein
ptsI,8595,0.9998836668217775,Phosphoenolpyruvate-protein phosphotransferase
ytpP,8595,0.9998836668217775,Thioredoxin-like protein YtpP
pyk,8595,0.9998836668217775,Pyruvate kinase
dnaK,8595,0.9998836668217775,Chaperone protein DnaK
nagR_1,8595,0.9998836668217775,HTH-type transcriptional repressor NagR
yutF,8595,0.9998836668217775,Acid sugar phosphatase
rpmI,8595,0.9998836668217775,50S ribosomal protein L35
asnS,8595,0.9998836668217775,Asparagine--tRNA ligase
ybhL,8595,0.9998836668217775,Inner membrane protein YbhL
zapA,8595,0.9998836668217775,Cell division protein ZapA
rhaS_1,8595,0.9998836668217775,HTH-type transcriptional activator RhaS
pflB,8595,0.9998836668217775,Formate acetyltransferase
rsmG,8595,0.9998836668217775,Ribosomal RNA small subunit methyltransferase G
yqeH,8595,0.9998836668217775,putative protein YqeH
ileS,8595,0.9998836668217775,Isoleucine--tRNA ligase
darA,8595,0.9998836668217775,Cyclic di-AMP receptor A
atpA,8595,0.9998836668217775,ATP synthase subunit alpha
pstB3_1,8595,0.9998836668217775,Phosphate import ATP-binding protein PstB 3
cggR,8595,0.9998836668217775,Central glycolytic genes regulator
pgcA,8595,0.9998836668217775,Phosphoglucomutase
rplA,8595,0.9998836668217775,50S ribosomal protein L1
pyrR,8595,0.9998836668217775,Bifunctional protein pyrR
fba,8595,0.9998836668217775,Fructose-bisphosphate aldolase
ffh,8595,0.9998836668217775,Signal recognition particle protein
tsaD,8595,0.9998836668217775,tRNA N6-adenosine threonylcarbamoyltransferase
argS,8595,0.9998836668217775,Arginine--tRNA ligase
yabA,8595,0.9998836668217775,Initiation-control protein YabA
atpG,8595,0.9998836668217775,ATP synthase gamma chain
licC_4,8595,0.9998836668217775,Lichenan permease IIC component
pstC1,8595,0.9998836668217775,Phosphate transport system permease protein PstC 1
yrrK,8595,0.9998836668217775,Putative pre-16S rRNA nuclease
pdhB,8595,0.9998836668217775,Pyruvate dehydrogenase E1 component subunit beta
dapH_2,8595,0.9998836668217775,"2,3,4,5-tetrahydropyridine-2,6-dicarboxylate N-acetyltransferase"
pycA,8595,0.9998836668217775,Pyruvate carboxylase
efp,8595,0.9998836668217775,Elongation factor P
ktrA,8595,0.9998836668217775,Ktr system potassium uptake protein A
mvaS,8595,0.9998836668217775,Hydroxymethylglutaryl-CoA synthase
rplK,8595,0.9998836668217775,50S ribosomal protein L11
pstS1_1,8595,0.9998836668217775,Phosphate-binding protein PstS 1
fhs1,8595,0.9998836668217775,Formate--tetrahydrofolate ligase 1
ctpA,8595,0.9998836668217775,Carboxy-terminal processing protease CtpA
rpoE,8595,0.9998836668217775,DNA-directed RNA polymerase subunit delta
dnaD,8595,0.9998836668217775,DNA replication protein DnaD
ntpD,8595,0.9998836668217775,V-type sodium ATPase subunit D
atpE_2,8595,0.9998836668217775,V-type proton ATPase subunit E
iscU,8595,0.9998836668217775,Iron-sulfur cluster assembly scaffold protein IscU
fruA_2,8595,0.9998836668217775,PTS system fructose-specific EIIABC component
ysdC_2,8595,0.9998836668217775,Putative aminopeptidase YsdC
rplL,8595,0.9998836668217775,50S ribosomal protein L7/L12
acyP,8595,0.9998836668217775,Acylphosphatase
gluP,8594,0.9997673336435552,Rhomboid protease GluP
uvrC_2,8594,0.9997673336435552,UvrABC system protein C
opuCD,8594,0.9997673336435552,Glycine betaine/carnitine/choline transport system permease protein OpuCD
rpmB,8594,0.9997673336435552,50S ribosomal protein L28
rplY,8594,0.9997673336435552,50S ribosomal protein L25
tsaB,8594,0.9997673336435552,tRNA threonylcarbamoyladenosine biosynthesis protein TsaB
yvbK,8594,0.9997673336435552,putative N-acetyltransferase YvbK
ftsY,8594,0.9997673336435552,Signal recognition particle receptor FtsY
atpB,8594,0.9997673336435552,ATP synthase subunit a
nrnA,8594,0.9997673336435552,putative bifunctional oligoribonuclease and PAP phosphatase NrnA
rpsK,8594,0.9997673336435552,30S ribosomal protein S11
pfkB,8594,0.9997673336435552,ATP-dependent 6-phosphofructokinase isozyme 2
xseA,8594,0.9997673336435552,Exodeoxyribonuclease 7 large subunit
atpC,8594,0.9997673336435552,ATP synthase epsilon chain
msrC,8594,0.9997673336435552,Free methionine-R-sulfoxide reductase
ftsW_1,8594,0.9997673336435552,putative peptidoglycan glycosyltransferase FtsW
rpiA,8594,0.9997673336435552,Ribose-5-phosphate isomerase A
valS,8594,0.9997673336435552,Valine--tRNA ligase
lrgA,8594,0.9997673336435552,Antiholin-like protein LrgA
ntpC,8594,0.9997673336435552,V-type sodium ATPase subunit C
tuf,8594,0.9997673336435552,Elongation factor Tu
rmlB,8594,0.9997673336435552,"dTDP-glucose 4,6-dehydratase"
cvfB,8594,0.9997673336435552,Conserved virulence factor B
infA,8594,0.9997673336435552,Translation initiation factor IF-1
mgsA,8594,0.9997673336435552,Methylglyoxal synthase
citG,8594,0.9997673336435552,2-(5''-triphosphoribosyl)-3'-dephosphocoenzyme-A synthase
citF,8594,0.9997673336435552,Citrate lyase alpha chain
trmK,8594,0.9997673336435552,tRNA (adenine(22)-N(1))-methyltransferase
rpmH,8594,0.9997673336435552,50S ribosomal protein L34
cysS,8594,0.9997673336435552,Cysteine--tRNA ligase
rpmD,8594,0.9997673336435552,50S ribosomal protein L30
prfB,8594,0.9997673336435552,Peptide chain release factor 2
thiE,8594,0.9997673336435552,Thiamine-phosphate synthase
secE,8594,0.9997673336435552,Protein translocase subunit SecE
hslO,8594,0.9997673336435552,33 kDa chaperonin
ntpA,8594,0.9997673336435552,V-type sodium ATPase catalytic subunit A
pdtaR,8594,0.9997673336435552,putative transcriptional regulatory protein pdtaR
rnj1,8594,0.9997673336435552,Ribonuclease J 1
tpx,8594,0.9997673336435552,Thiol peroxidase
hcxA_1,8594,0.9997673336435552,Hydroxycarboxylate dehydrogenase A
greA,8594,0.9997673336435552,Transcription elongation factor GreA
mltG,8594,0.9997673336435552,Endolytic murein transglycosylase
rnr,8594,0.9997673336435552,Ribonuclease R
tmpC_1,8594,0.9997673336435552,Membrane lipoprotein TmpC
niaR,8594,0.9997673336435552,putative transcription repressor NiaR
ydcV_1,8594,0.9997673336435552,Inner membrane ABC transporter permease protein YdcV
thiT,8594,0.9997673336435552,Thiamine transporter ThiT
yfkJ,8594,0.9997673336435552,Low molecular weight protein-tyrosine-phosphatase YfkJ
rpmGA_2,8594,0.9997673336435552,50S ribosomal protein L33 1
atpD,8594,0.9997673336435552,ATP synthase subunit beta
recG,8594,0.9997673336435552,ATP-dependent DNA helicase RecG
cmk,8594,0.9997673336435552,Cytidylate kinase
yhaN,8594,0.9997673336435552,putative protein YhaN
cydD,8594,0.9997673336435552,ATP-binding/permease protein CydD
sepF,8594,0.9997673336435552,Cell division protein SepF
eno,8594,0.9997673336435552,Enolase
tmpC_2,8594,0.9997673336435552,Membrane lipoprotein TmpC
feuB,8594,0.9997673336435552,Iron-uptake system permease protein FeuB
pyrK,8594,0.9997673336435552,"Dihydroorotate dehydrogenase B (NAD(+)), electron transfer subunit"
ykoE,8594,0.9997673336435552,Putative HMP/thiamine permease protein YkoE
rph,8594,0.9997673336435552,Ribonuclease PH
rbgA,8594,0.9997673336435552,Ribosome biogenesis GTPase A
pgpH,8594,0.9997673336435552,Cyclic-di-AMP phosphodiesterase PgpH
atpH,8594,0.9997673336435552,ATP synthase subunit delta
bioY2,8594,0.9997673336435552,Biotin transporter BioY2
ydcV_2,8594,0.9997673336435552,Inner membrane ABC transporter permease protein YdcV
sbcD,8594,0.9997673336435552,Nuclease SbcCD subunit D
ykuT,8594,0.9997673336435552,putative MscS family protein YkuT
rsmH,8594,0.9997673336435552,Ribosomal RNA small subunit methyltransferase H
priA,8594,0.9997673336435552,Primosomal protein N'
ykoD_2,8594,0.9997673336435552,Putative HMP/thiamine import ATP-binding protein YkoD
mrnC,8594,0.9997673336435552,Mini-ribonuclease 3
araR,8594,0.9997673336435552,Arabinose metabolism transcriptional repressor
cydA,8594,0.9997673336435552,Cytochrome bd ubiquinol oxidase subunit 1
aroD,8594,0.9997673336435552,3-dehydroquinate dehydratase
norG,8594,0.9997673336435552,HTH-type transcriptional regulator NorG
uvrC_1,8594,0.9997673336435552,UvrABC system protein C
rpsE,8594,0.9997673336435552,30S ribosomal protein S5
dtd,8594,0.9997673336435552,D-aminoacyl-tRNA deacylase
wbbL,8594,0.9997673336435552,N-acetylglucosaminyl-diphospho-decaprenol L-rhamnosyltransferase
yvcJ,8594,0.9997673336435552,Nucleotide-binding protein YvcJ
divIB,8594,0.9997673336435552,Cell division protein DivIB
cca,8594,0.9997673336435552,CCA-adding enzyme
rfbC,8594,0.9997673336435552,"dTDP-4-dehydrorhamnose 3,5-epimerase"
ftsW_2,8594,0.9997673336435552,putative peptidoglycan glycosyltransferase FtsW
rpmGA_1,8594,0.9997673336435552,50S ribosomal protein L33 1
rplO,8594,0.9997673336435552,50S ribosomal protein L15
pgl,8594,0.9997673336435552,6-phosphogluconolactonase
hmpT,8594,0.9997673336435552,Thiamine precursor transporter HmpT
hcxA_2,8594,0.9997673336435552,Hydroxycarboxylate dehydrogenase A
hprK,8594,0.9997673336435552,HPr kinase/phosphorylase
metP_1,8594,0.9997673336435552,Methionine import system permease protein MetP
pyrE,8594,0.9997673336435552,Orotate phosphoribosyltransferase
groS,8594,0.9997673336435552,10 kDa chaperonin
rny,8594,0.9997673336435552,Ribonuclease Y
metP_2,8594,0.9997673336435552,Methionine import system permease protein MetP
rnc,8594,0.9997673336435552,Ribonuclease 3
perR,8594,0.9997673336435552,Peroxide operon regulator
rplB,8594,0.9997673336435552,50S ribosomal protein L2
gnd,8594,0.9997673336435552,"6-phosphogluconate dehydrogenase, decarboxylating"
eutQ,8594,0.9997673336435552,Ethanolamine utilization protein EutQ
rsmE,8594,0.9997673336435552,Ribosomal RNA small subunit methyltransferase E
cshA,8594,0.9997673336435552,ATP-dependent RNA helicase CshA
rplR,8594,0.9997673336435552,50S ribosomal protein L18
ykoD_1,8594,0.9997673336435552,Putative HMP/thiamine import ATP-binding protein YkoD
garK,8594,0.9997673336435552,Glycerate 2-kinase
murI,8594,0.9997673336435552,Glutamate racemase
prsA,8594,0.9997673336435552,Foldase protein PrsA
acpP,8593,0.9996510004653327,Acyl carrier protein
bglH_1,8593,0.9996510004653327,Aryl-phospho-beta-D-glucosidase BglH
trmB,8593,0.9996510004653327,tRNA (guanine-N(7)-)-methyltransferase
rpoC,8593,0.9996510004653327,DNA-directed RNA polymerase subunit beta'
lrp,8593,0.9996510004653327,Leucine-rich protein
carA,8593,0.9996510004653327,Carbamoyl-phosphate synthase small chain
rbsD,8593,0.9996510004653327,D-ribose pyranase
punA,8593,0.9996510004653327,Purine nucleoside phosphorylase 1
plsC,8593,0.9996510004653327,1-acyl-sn-glycerol-3-phosphate acyltransferase
murE,8593,0.9996510004653327,UDP-N-acetylmuramoyl-L-alanyl-D-glutamate--L-lysine ligase
rpsJ,8593,0.9996510004653327,30S ribosomal protein S10
nrdD,8593,0.9996510004653327,Anaerobic ribonucleoside-triphosphate reductase
mecA,8593,0.9996510004653327,Adapter protein MecA
graR,8593,0.9996510004653327,Response regulator protein GraR
sph,8593,0.9996510004653327,Oleate hydratase
sodA,8593,0.9996510004653327,Superoxide dismutase [Mn]
yhdG,8593,0.9996510004653327,putative amino acid permease YhdG
trmL,8593,0.9996510004653327,tRNA (cytidine(34)-2'-O)-methyltransferase
cutC,8593,0.9996510004653327,Copper homeostasis protein CutC
dltD,8593,0.9996510004653327,Protein DltD
pyrC,8593,0.9996510004653327,Dihydroorotase
mog,8593,0.9996510004653327,Molybdopterin adenylyltransferase
rpsR,8593,0.9996510004653327,30S ribosomal protein S18
yidC2,8593,0.9996510004653327,Membrane protein insertase YidC 2
rsmA,8593,0.9996510004653327,Ribosomal RNA small subunit methyltransferase A
dus,8593,0.9996510004653327,putative tRNA-dihydrouridine synthase
yecS,8593,0.9996510004653327,L-cystine transport system permease protein YecS
polA,8593,0.9996510004653327,DNA polymerase I
rplV,8593,0.9996510004653327,50S ribosomal protein L22
cysE,8593,0.9996510004653327,Serine acetyltransferase
murG,8593,0.9996510004653327,UDP-N-acetylglucosamine--N-acetylmuramyl-(pentapeptide) pyrophosphoryl-undecaprenol N-acetylglucosamine transferase
recR,8593,0.9996510004653327,Recombination protein RecR
ppaC,8593,0.9996510004653327,putative manganese-dependent inorganic pyrophosphatase
mapP,8593,0.9996510004653327,Maltose 6'-phosphate phosphatase
def1,8593,0.9996510004653327,Peptide deformylase 1
plsX,8593,0.9996510004653327,Phosphate acyltransferase
algC,8593,0.9996510004653327,Phosphomannomutase/phosphoglucomutase
galK_1,8593,0.9996510004653327,Galactokinase
glcU_2,8593,0.9996510004653327,putative glucose uptake protein GlcU
bglH_2,8593,0.9996510004653327,Aryl-phospho-beta-D-glucosidase BglH
rsmI,8593,0.9996510004653327,Ribosomal RNA small subunit methyltransferase I
rpoB,8593,0.9996510004653327,DNA-directed RNA polymerase subunit beta
mtlD,8593,0.9996510004653327,Mannitol-1-phosphate 5-dehydrogenase
glxR,8593,0.9996510004653327,2-hydroxy-3-oxopropionate reductase
ybiT_2,8593,0.9996510004653327,putative ABC transporter ATP-binding protein YbiT
rplP,8593,0.9996510004653327,50S ribosomal protein L16
ylbL,8593,0.9996510004653327,putative protein YlbL
folB,8593,0.9996510004653327,Dihydroneopterin aldolase
ssrA,8593,0.9996510004653327,Unknown
eutL,8593,0.9996510004653327,Ethanolamine utilization protein EutL
rpoZ,8593,0.9996510004653327,DNA-directed RNA polymerase subunit omega
galK_2,8593,0.9996510004653327,Galactokinase
ntpJ_2,8593,0.9996510004653327,Potassium/sodium uptake protein NtpJ
menD,8593,0.9996510004653327,2-succinyl-5-enolpyruvyl-6-hydroxy-3-cyclohexene-1-carboxylate synthase
nrdR,8593,0.9996510004653327,Transcriptional repressor NrdR
tsaE,8593,0.9996510004653327,tRNA threonylcarbamoyladenosine biosynthesis protein TsaE
yedJ,8593,0.9996510004653327,putative protein YedJ
rpmA,8593,0.9996510004653327,50S ribosomal protein L27
yfiC,8593,0.9996510004653327,tRNA1(Val) (adenine(37)-N6)-methyltransferase
pepQ,8593,0.9996510004653327,Xaa-Pro dipeptidase
ribF,8593,0.9996510004653327,Bifunctional riboflavin kinase/FMN adenylyltransferase
dapB,8593,0.9996510004653327,4-hydroxy-tetrahydrodipicolinate reductase
glnR,8593,0.9996510004653327,HTH-type transcriptional regulator GlnR
ispF,8593,0.9996510004653327,"2-C-methyl-D-erythritol 2,4-cyclodiphosphate synthase"
ybiT_1,8593,0.9996510004653327,putative ABC transporter ATP-binding protein YbiT
glcU_1,8593,0.9996510004653327,putative glucose uptake protein GlcU
ispE,8593,0.9996510004653327,4-diphosphocytidyl-2-C-methyl-D-erythritol kinase
hom,8593,0.9996510004653327,Homoserine dehydrogenase
ntpJ_1,8593,0.9996510004653327,Potassium/sodium uptake protein NtpJ
gloA,8593,0.9996510004653327,Lactoylglutathione lyase
msrB,8593,0.9996510004653327,Peptide methionine sulfoxide reductase MsrB
metQ_3,8593,0.9996510004653327,Methionine-binding lipoprotein MetQ
obg,8593,0.9996510004653327,GTPase Obg
fabH,8593,0.9996510004653327,3-oxoacyl-[acyl-carrier-protein] synthase 3
guaB,8593,0.9996510004653327,Inosine-5'-monophosphate dehydrogenase
glnM,8593,0.9996510004653327,putative glutamine ABC transporter permease protein GlnM
pdp,8592,0.9995346672871103,Pyrimidine-nucleoside phosphorylase
metG,8592,0.9995346672871103,Methionine--tRNA ligase
mutY,8592,0.9995346672871103,Adenine DNA glycosylase
yidD,8592,0.9995346672871103,Putative membrane protein insertion efficiency factor
rpsC,8592,0.9995346672871103,30S ribosomal protein S3
rnmV,8592,0.9995346672871103,Ribonuclease M5
lutC,8592,0.9995346672871103,Lactate utilization protein C
celA_1,8592,0.9995346672871103,PTS system cellobiose-specific EIIB component
rqcH,8592,0.9995346672871103,Rqc2 RqcH
ahpC,8592,0.9995346672871103,Alkyl hydroperoxide reductase C
yjdJ,8592,0.9995346672871103,putative protein YjdJ
fmt,8592,0.9995346672871103,Methionyl-tRNA formyltransferase
pyrF,8592,0.9995346672871103,Orotidine 5'-phosphate decarboxylase
rplW,8592,0.9995346672871103,50S ribosomal protein L23
rpsS,8592,0.9995346672871103,30S ribosomal protein S19
aroE,8592,0.9995346672871103,Shikimate dehydrogenase (NADP(+))
thiD,8592,0.9995346672871103,Hydroxymethylpyrimidine/phosphomethylpyrimidine kinase
rplD,8592,0.9995346672871103,50S ribosomal protein L4
yhbY,8592,0.9995346672871103,RNA-binding protein YhbY
lrgB,8592,0.9995346672871103,Antiholin-like protein LrgB
rlmA,8592,0.9995346672871103,23S rRNA (guanine(745)-N(1))-methyltransferase
hup,8592,0.9995346672871103,DNA-binding protein HU
ykuL,8592,0.9995346672871103,CBS domain-containing protein YkuL
nusG,8592,0.9995346672871103,Transcription termination/antitermination protein NusG
lytR,8592,0.9995346672871103,Sensory transduction protein LytR
yceM,8592,0.9995346672871103,Putative oxidoreductase YceM
rplC,8592,0.9995346672871103,50S ribosomal protein L3
rpmJ,8592,0.9995346672871103,50S ribosomal protein L36
rnhB,8592,0.9995346672871103,Ribonuclease HII
bbmA,8592,0.9995346672871103,Intracellular maltogenic amylase
galT_2,8592,0.9995346672871103,Galactose-1-phosphate uridylyltransferase
rplE,8592,0.9995346672871103,50S ribosomal protein L5
glyA,8592,0.9995346672871103,Serine hydroxymethyltransferase
cshB,8592,0.9995346672871103,DEAD-box ATP-dependent RNA helicase CshB
ydhF,8592,0.9995346672871103,Oxidoreductase YdhF
ycfH,8592,0.9995346672871103,putative metal-dependent hydrolase YcfH
rpmC,8592,0.9995346672871103,50S ribosomal protein L29
eutC,8592,0.9995346672871103,Ethanolamine ammonia-lyase light chain
rplM,8592,0.9995346672871103,50S ribosomal protein L13
ung,8592,0.9995346672871103,Uracil-DNA glycosylase
galT_1,8592,0.9995346672871103,Galactose-1-phosphate uridylyltransferase
pgsA,8592,0.9995346672871103,CDP-diacylglycerol--glycerol-3-phosphate 3-phosphatidyltransferase
rlhA,8592,0.9995346672871103,23S rRNA 5-hydroxycytidine synthase
nth,8592,0.9995346672871103,Endonuclease III
nfo,8592,0.9995346672871103,putative endonuclease 4
gdnC,8592,0.9995346672871103,putative guanidinium efflux system subunit GdnC
typA,8592,0.9995346672871103,GTP-binding protein TypA/BipA
rluD,8592,0.9995346672871103,Ribosomal large subunit pseudouridine synthase D
yqgN,8592,0.9995346672871103,putative protein YqgN
rnj2,8592,0.9995346672871103,Ribonuclease J 2
yqgQ,8592,0.9995346672871103,putative protein YqgQ
leuS,8592,0.9995346672871103,Leucine--tRNA ligase
mglA,8592,0.9995346672871103,Galactose/methyl galactoside import ATP-binding protein MglA
tpiA,8592,0.9995346672871103,Triosephosphate isomerase
mfd,8592,0.9995346672871103,Transcription-repair-coupling factor
yugI,8592,0.9995346672871103,General stress protein 13
prfC,8592,0.9995346672871103,Peptide chain release factor 3
artM,8592,0.9995346672871103,Arginine transport ATP-binding protein ArtM
rlmH,8592,0.9995346672871103,Ribosomal RNA large subunit methyltransferase H
menB,8592,0.9995346672871103,"1,4-dihydroxy-2-naphthoyl-CoA synthase"
trePP,8592,0.9995346672871103,Trehalose 6-phosphate phosphorylase
ruvB,8592,0.9995346672871103,Holliday junction ATP-dependent DNA helicase RuvB
rpsZ,8592,0.9995346672871103,30S ribosomal protein S14 type Z
xpt,8592,0.9995346672871103,Xanthine phosphoribosyltransferase
ppdK,8592,0.9995346672871103,"Pyruvate, phosphate dikinase"
celA_2,8592,0.9995346672871103,PTS system cellobiose-specific EIIB component
ybaK,8592,0.9995346672871103,Cys-tRNA(Pro)/Cys-tRNA(Cys) deacylase YbaK
glnP,8591,0.9994183341088878,putative glutamine ABC transporter permease protein GlnP
rmlD,8591,0.9994183341088878,dTDP-4-dehydrorhamnose reductase
dhaM-2,8591,0.9994183341088878,"PEP-dependent dihydroxyacetone kinase 2, phosphoryl donor subunit DhaM"
rsmD,8591,0.9994183341088878,Ribosomal RNA small subunit methyltransferase D
ymcA,8591,0.9994183341088878,putative protein YmcA
pbpF,8591,0.9994183341088878,Penicillin-binding protein 1F
rplF,8591,0.9994183341088878,50S ribosomal protein L6
dapX,8591,0.9994183341088878,putative N-acetyl-LL-diaminopimelate aminotransferase
tag_2,8591,0.9994183341088878,DNA-3-methyladenine glycosylase 1
thiN,8591,0.9994183341088878,Thiamine pyrophosphokinase
deoB,8591,0.9994183341088878,Phosphopentomutase
rluC,8591,0.9994183341088878,Ribosomal large subunit pseudouridine synthase C
rasP,8591,0.9994183341088878,Regulator of sigma-W protease RasP
hit,8591,0.9994183341088878,Protein hit
mioC,8591,0.9994183341088878,Protein MioC
prs,8591,0.9994183341088878,Ribose-phosphate pyrophosphokinase
cycB,8591,0.9994183341088878,Cyclodextrin-binding protein
thrB,8591,0.9994183341088878,Homoserine kinase
kdgR,8591,0.9994183341088878,Transcriptional regulator KdgR
sipT,8591,0.9994183341088878,Signal peptidase I T
parC,8591,0.9994183341088878,DNA topoisomerase 4 subunit A
parE,8591,0.9994183341088878,DNA topoisomerase 4 subunit B
mta,8591,0.9994183341088878,HTH-type transcriptional activator mta
cspD,8591,0.9994183341088878,Cold shock protein CspD
dapF,8591,0.9994183341088878,Diaminopimelate epimerase
hemW,8591,0.9994183341088878,Heme chaperone HemW
rsgA,8591,0.9994183341088878,Small ribosomal subunit biogenesis GTPase RsgA
ade,8591,0.9994183341088878,Adenine deaminase
metI,8591,0.9994183341088878,D-methionine transport system permease protein MetI
rsmB,8591,0.9994183341088878,Ribosomal RNA small subunit methyltransferase B
ctsR,8591,0.9994183341088878,Transcriptional regulator CtsR
guaD,8591,0.9994183341088878,Guanine deaminase
ykuJ,8591,0.9994183341088878,putative protein YkuJ
trmR,8591,0.9994183341088878,tRNA 5-hydroxyuridine methyltransferase
yitU,8591,0.9994183341088878,5-amino-6-(5-phospho-D-ribitylamino)uracil phosphatase YitU
pcp,8591,0.9994183341088878,Pyrrolidone-carboxylate peptidase
malG,8591,0.9994183341088878,Maltose/maltodextrin transport system permease protein MalG
adaB,8591,0.9994183341088878,"Methylated-DNA--protein-cysteine methyltransferase, inducible"
rpsH,8591,0.9994183341088878,30S ribosomal protein S8
yueI,8591,0.9994183341088878,putative protein YueI
tag_1,8591,0.9994183341088878,DNA-3-methyladenine glycosylase 1
trmFO,8591,0.9994183341088878,Methylenetetrahydrofolate--tRNA-(uracil-5-)-methyltransferase TrmFO
tdk,8591,0.9994183341088878,Thymidine kinase
purN,8591,0.9994183341088878,Phosphoribosylglycinamide formyltransferase
catD,8590,0.9993020009306655,Putative oxidoreductase CatD
chrR,8590,0.9993020009306655,Quinone reductase
codY,8590,0.9993020009306655,GTP-sensing transcriptional pleiotropic repressor CodY
purK_1,8590,0.9993020009306655,N5-carboxyaminoimidazole ribonucleotide synthase
fliY,8590,0.9993020009306655,L-cystine-binding protein FliY
cinA,8590,0.9993020009306655,Putative competence-damage inducible protein
msrA,8590,0.9993020009306655,Peptide methionine sulfoxide reductase MsrA
pheT,8590,0.9993020009306655,Phenylalanine--tRNA ligase beta subunit
rpoN1,8590,0.9993020009306655,RNA polymerase sigma-54 factor 1
feuC,8590,0.9993020009306655,Iron-uptake system permease protein FeuC
menC,8590,0.9993020009306655,o-succinylbenzoate synthase
gbuA,8590,0.9993020009306655,Glycine betaine/carnitine transport ATP-binding protein GbuA
lepA,8590,0.9993020009306655,Elongation factor 4
map,8590,0.9993020009306655,Methionine aminopeptidase 1
ymdB,8590,0.9993020009306655,"2',3'-cyclic-nucleotide 2'-phosphodiesterase"
miaA,8590,0.9993020009306655,tRNA dimethylallyltransferase
mapZ,8590,0.9993020009306655,Mid-cell-anchored protein Z
ydhP,8590,0.9993020009306655,Inner membrane transport protein YdhP
tenA,8590,0.9993020009306655,Aminopyrimidine aminohydrolase
tcyP,8590,0.9993020009306655,L-cystine uptake protein TcyP
pduV,8590,0.9993020009306655,Propanediol utilization protein PduV
comGA,8590,0.9993020009306655,ComG operon protein 1
dltC,8590,0.9993020009306655,D-alanyl carrier protein
aqpZ,8590,0.9993020009306655,Aquaporin Z
rlmL,8590,0.9993020009306655,Ribosomal RNA large subunit methyltransferase L
glmM,8590,0.9993020009306655,Phosphoglucosamine mutase
gor,8590,0.9993020009306655,Glutathione reductase
yodB,8590,0.9993020009306655,HTH-type transcriptional regulator YodB
yjbK,8590,0.9993020009306655,Putative triphosphatase YjbK
yidC,8590,0.9993020009306655,Membrane protein insertase YidC
purK_2,8590,0.9993020009306655,N5-carboxyaminoimidazole ribonucleotide synthase
fur,8590,0.9993020009306655,Ferric uptake regulation protein
ndk,8590,0.9993020009306655,Nucleoside diphosphate kinase
carB,8590,0.9993020009306655,Carbamoyl-phosphate synthase large chain
rplX,8590,0.9993020009306655,50S ribosomal protein L24
yclM,8590,0.9993020009306655,Aspartokinase 3
dusB,8590,0.9993020009306655,tRNA-dihydrouridine synthase B
proB,8590,0.9993020009306655,Glutamate 5-kinase 1
rplS,8589,0.999185667752443,50S ribosomal protein L19
glnA,8589,0.999185667752443,Glutamine synthetase
truA_1,8589,0.999185667752443,tRNA pseudouridine synthase A
lutA,8589,0.999185667752443,Lactate utilization protein A
oppD_2,8589,0.999185667752443,Oligopeptide transport ATP-binding protein OppD
purC,8589,0.999185667752443,Phosphoribosylaminoimidazole-succinocarboxamide synthase
pgmB,8589,0.999185667752443,Beta-phosphoglucomutase
thrC,8589,0.999185667752443,Threonine synthase
oppD_1,8589,0.999185667752443,Oligopeptide transport ATP-binding protein OppD
dinB_1,8589,0.999185667752443,DNA polymerase IV
exoA,8589,0.999185667752443,Exodeoxyribonuclease
eda,8589,0.999185667752443,Putative KHG/KDPG aldolase
rplN,8589,0.999185667752443,50S ribosomal protein L14
pduU,8589,0.999185667752443,Propanediol utilization protein PduU
clpY,8589,0.999185667752443,ATP-dependent protease ATPase subunit ClpY
yclO,8589,0.999185667752443,Petrobactin import system permease protein YclO
atzC_1,8589,0.999185667752443,N-isopropylammelide isopropyl amidohydrolase
ecfA1,8589,0.999185667752443,Energy-coupling factor transporter ATP-binding protein EcfA1
ybbH_4,8589,0.999185667752443,putative HTH-type transcriptional regulator YbbH
penA,8589,0.999185667752443,Penicillin-binding protein 2B
ywnA,8589,0.999185667752443,Putative HTH-type transcriptional regulator YwnA
recQ_2,8589,0.999185667752443,ATP-dependent DNA helicase RecQ
ndoA_1,8589,0.999185667752443,Endoribonuclease EndoA
recQ_1,8589,0.999185667752443,ATP-dependent DNA helicase RecQ
ackA,8589,0.999185667752443,Acetate kinase
dinB_2,8589,0.999185667752443,DNA polymerase IV
ndoA_2,8589,0.999185667752443,Endoribonuclease EndoA
nudF,8589,0.999185667752443,ADP-ribose pyrophosphatase
clpE,8589,0.999185667752443,ATP-dependent Clp protease ATP-binding subunit ClpE
sfsA,8589,0.999185667752443,Sugar fermentation stimulation protein A
atzC_2,8589,0.999185667752443,N-isopropylammelide isopropyl amidohydrolase
pduA,8589,0.999185667752443,Propanediol utilization protein PduA
yycI,8589,0.999185667752443,Two-component system WalR/WalK regulatory protein YycI
rsiV,8589,0.999185667752443,Anti-sigma-V factor RsiV
truA_2,8589,0.999185667752443,tRNA pseudouridine synthase A
dgs,8589,0.999185667752443,Processive diacylglycerol alpha-glucosyltransferase
mnmA,8589,0.999185667752443,tRNA-specific 2-thiouridylase MnmA
yhgF,8589,0.999185667752443,Protein YhgF
pduL,8588,0.9990693345742205,Phosphate propanoyltransferase
mutS2_2,8588,0.9990693345742205,Endonuclease MutS2
rpsI,8588,0.9990693345742205,30S ribosomal protein S9
tadA_2,8588,0.9990693345742205,tRNA-specific adenosine deaminase
pnuC,8588,0.9990693345742205,Nicotinamide riboside transporter PnuC
glcK,8588,0.9990693345742205,Glucokinase
ccmL,8588,0.9990693345742205,Carbon dioxide concentrating mechanism protein CcmL
allD,8588,0.9990693345742205,Ureidoglycolate dehydrogenase (NAD(+))
mnmC,8588,0.9990693345742205,tRNA 5-methylaminomethyl-2-thiouridine biosynthesis bifunctional protein MnmC
eriC,8588,0.9990693345742205,Chloride/fluoride channel protein
cysK,8588,0.9990693345742205,Cysteine synthase
mrdA,8588,0.9990693345742205,"Peptidoglycan D,D-transpeptidase MrdA"
nrdI,8588,0.9990693345742205,Protein NrdI
pheA,8588,0.9990693345742205,Bifunctional chorismate mutase/prephenate dehydratase
pepA,8588,0.9990693345742205,Glutamyl aminopeptidase
gshAB,8588,0.9990693345742205,Glutathione biosynthesis bifunctional protein GshAB
tadA_1,8588,0.9990693345742205,tRNA-specific adenosine deaminase
ytlR,8588,0.9990693345742205,Putative lipid kinase YtlR
trpS,8588,0.9990693345742205,Tryptophan--tRNA ligase
yccF,8588,0.9990693345742205,Inner membrane protein YccF
fbp,8588,0.9990693345742205,"Fructose-1,6-bisphosphatase class 3"
btuD_6,8588,0.9990693345742205,Vitamin B12 import ATP-binding protein BtuD
pbpX,8588,0.9990693345742205,Penicillin-binding protein 2X
dut,8588,0.9990693345742205,Deoxyuridine 5'-triphosphate nucleotidohydrolase
csbB,8588,0.9990693345742205,Putative glycosyltransferase CsbB
rpsQ,8588,0.9990693345742205,30S ribosomal protein S17
mutS2_1,8588,0.9990693345742205,Endonuclease MutS2
groL,8588,0.9990693345742205,60 kDa chaperonin
pepS,8587,0.9989530013959982,Aminopeptidase PepS
prs2,8587,0.9989530013959982,Putative ribose-phosphate pyrophosphokinase 2
hepT,8587,0.9989530013959982,Heptaprenyl diphosphate synthase component 2
helD,8587,0.9989530013959982,DNA helicase IV
cysM,8587,0.9989530013959982,Cysteine synthase
birA,8587,0.9989530013959982,Bifunctional ligase/repressor BirA
MroQ,8587,0.9989530013959982,Membrane-embedded CAAX protease MroQ
uvrA_2,8586,0.9988366682177757,UvrABC system protein A
uvrA_1,8586,0.9988366682177757,UvrABC system protein A
pepV_1,8586,0.9988366682177757,Beta-Ala-Xaa dipeptidase
macB_2,8586,0.9988366682177757,Macrolide export ATP-binding/permease protein MacB
cobB,8586,0.9988366682177757,NAD-dependent protein deacetylase
steT,8586,0.9988366682177757,Serine/threonine exchanger SteT
pepV_2,8586,0.9988366682177757,Beta-Ala-Xaa dipeptidase
oppF_2,8586,0.9988366682177757,Oligopeptide transport ATP-binding protein OppF
dpaL,8586,0.9988366682177757,Diaminopropionate ammonia-lyase
fimA,8586,0.9988366682177757,Manganese ABC transporter substrate-binding lipoprotein
aroC,8586,0.9988366682177757,Chorismate synthase
gntP,8586,0.9988366682177757,High-affinity gluconate transporter
oppF_1,8586,0.9988366682177757,Oligopeptide transport ATP-binding protein OppF
mltF_3,8586,0.9988366682177757,Membrane-bound lytic murein transglycosylase F
macB_1,8586,0.9988366682177757,Macrolide export ATP-binding/permease protein MacB
mutS,8585,0.9987203350395533,DNA mismatch repair protein MutS
clpB,8585,0.9987203350395533,Chaperone protein ClpB
yfnB_2,8585,0.9987203350395533,Putative HAD-hydrolase YfnB
purE,8585,0.9987203350395533,N5-carboxyaminoimidazole ribonucleotide mutase
mntR,8585,0.9987203350395533,HTH-type transcriptional regulator MntR
rlmG,8585,0.9987203350395533,Ribosomal RNA large subunit methyltransferase G
glpO,8585,0.9987203350395533,Alpha-glycerophosphate oxidase
gsiC,8585,0.9987203350395533,Glutathione transport system permease protein GsiC
yclQ,8585,0.9987203350395533,Petrobactin-binding protein YclQ
dnaJ,8585,0.9987203350395533,Chaperone protein DnaJ
purQ,8585,0.9987203350395533,Phosphoribosylformylglycinamidine synthase subunit PurQ
oatA,8585,0.9987203350395533,O-acetyltransferase OatA
folK,8585,0.9987203350395533,2-amino-4-hydroxy-6-hydroxymethyldihydropteridine pyrophosphokinase
pgi,8585,0.9987203350395533,Glucose-6-phosphate isomerase
sdhB,8585,0.9987203350395533,"L-serine dehydratase, beta chain"
yfnB_1,8585,0.9987203350395533,Putative HAD-hydrolase YfnB
yjaB,8585,0.9987203350395533,Peptidyl-lysine N-acetyltransferase YjaB
yvdM,8584,0.9986040018613308,Beta-phosphoglucomutase
sorB_2,8584,0.9986040018613308,PTS system sorbose-specific EIIB component
sorB_1,8584,0.9986040018613308,PTS system sorbose-specific EIIB component
dapE_2,8584,0.9986040018613308,putative succinyl-diaminopimelate desuccinylase
trxB,8584,0.9986040018613308,Thioredoxin reductase
dapE_1,8584,0.9986040018613308,putative succinyl-diaminopimelate desuccinylase
polC_1,8584,0.9986040018613308,DNA polymerase III PolC-type
guaA,8584,0.9986040018613308,GMP synthase [glutamine-hydrolyzing]
yidA_2,8584,0.9986040018613308,Sugar phosphatase YidA
dagK,8584,0.9986040018613308,Diacylglycerol kinase
nhaK,8584,0.9986040018613308,"Sodium, potassium, lithium and rubidium/H(+) antiporter"
npr_1,8584,0.9986040018613308,NADH peroxidase
folT,8584,0.9986040018613308,Folate transporter FolT
sacY,8584,0.9986040018613308,Levansucrase and sucrase synthesis operon antiterminator
bltD,8584,0.9986040018613308,Spermine/spermidine acetyltransferase
yidA_1,8584,0.9986040018613308,Sugar phosphatase YidA
npr_2,8584,0.9986040018613308,NADH peroxidase
codB,8584,0.9986040018613308,Cytosine permease
rlmI,8584,0.9986040018613308,Ribosomal RNA large subunit methyltransferase I
polC_2,8584,0.9986040018613308,DNA polymerase III PolC-type
nylA,8583,0.9984876686831085,6-aminohexanoate-cyclic-dimer hydrolase
glpF,8583,0.9984876686831085,Glycerol uptake facilitator protein
adhE_3,8583,0.9984876686831085,Aldehyde-alcohol dehydrogenase
ricR,8583,0.9984876686831085,Copper-sensing transcriptional repressor RicR
ftsA,8583,0.9984876686831085,Cell division protein FtsA
bmr3,8583,0.9984876686831085,Multidrug resistance protein 3
cysA,8583,0.9984876686831085,Sulfate/thiosulfate import ATP-binding protein CysA
chbB,8582,0.998371335504886,"PTS system N,N'-diacetylchitobiose-specific EIIB component"
purF,8582,0.998371335504886,Amidophosphoribosyltransferase
deoD,8582,0.998371335504886,Purine nucleoside phosphorylase DeoD-type
ycaM,8582,0.998371335504886,Inner membrane transporter YcaM
trxA,8582,0.998371335504886,Thioredoxin
ygeW,8582,0.998371335504886,Putative carbamoyltransferase YgeW
gtaB,8582,0.998371335504886,UTP--glucose-1-phosphate uridylyltransferase
truB,8582,0.998371335504886,tRNA pseudouridine synthase B
opuCB,8582,0.998371335504886,Carnitine transport permease protein OpuCB
dauA,8582,0.998371335504886,C4-dicarboxylic acid transporter DauA
prmA,8582,0.998371335504886,Ribosomal protein L11 methyltransferase
pucG,8582,0.998371335504886,(S)-ureidoglycine--glyoxylate transaminase
ecsA,8582,0.998371335504886,ABC-type transporter ATP-binding protein EcsA
mutL,8581,0.9982550023266635,DNA mismatch repair protein MutL
argR_3,8581,0.9982550023266635,Arginine repressor
gmuE,8581,0.9982550023266635,Putative fructokinase
feoB,8581,0.9982550023266635,Fe(2+) transporter FeoB
nox,8581,0.9982550023266635,NADH oxidase
lutB,8581,0.9982550023266635,Lactate utilization protein B
pncB2,8581,0.9982550023266635,Nicotinate phosphoribosyltransferase pncB2
dcuR,8581,0.9982550023266635,Transcriptional regulatory protein DcuR
tmrB,8581,0.9982550023266635,Tunicamycin resistance protein
folE,8580,0.9981386691484412,GTP cyclohydrolase 1
sdhA_2,8580,0.9981386691484412,"L-serine dehydratase, alpha chain"
serS_1,8580,0.9981386691484412,Serine--tRNA ligase
serS_2,8580,0.9981386691484412,Serine--tRNA ligase
sdhA_1,8580,0.9981386691484412,"L-serine dehydratase, alpha chain"
pyrDB,8580,0.9981386691484412,"Dihydroorotate dehydrogenase B (NAD(+)), catalytic subunit"
ansA,8580,0.9981386691484412,putative L-asparaginase
opuCC,8580,0.9981386691484412,Glycine betaine/carnitine/choline-binding protein OpuCC
dcuS,8580,0.9981386691484412,Sensor histidine kinase DcuS
pepC,8580,0.9981386691484412,Aminopeptidase C
rho,8580,0.9981386691484412,Transcription termination factor Rho
argR_4,8579,0.9980223359702187,Arginine repressor
tmk,8579,0.9980223359702187,Thymidylate kinase
yclN,8579,0.9980223359702187,Petrobactin import system permease protein YclN
bglC_1,8579,0.9980223359702187,Aryl-phospho-beta-D-glucosidase BglC
metN_1,8579,0.9980223359702187,Methionine import ATP-binding protein MetN
lspA,8579,0.9980223359702187,Lipoprotein signal peptidase
bglC_2,8579,0.9980223359702187,Aryl-phospho-beta-D-glucosidase BglC
mreC,8579,0.9980223359702187,Cell shape-determining protein MreC
metN_2,8579,0.9980223359702187,Methionine import ATP-binding protein MetN
recA,8579,0.9980223359702187,Protein RecA
rnhA,8579,0.9980223359702187,14.7 kDa ribonuclease H-like protein
pucK,8579,0.9980223359702187,Uric acid permease PucK
lysS,8579,0.9980223359702187,Lysine--tRNA ligase
ntcA,8578,0.9979060027919963,Global nitrogen regulator
ettA,8578,0.9979060027919963,Energy-dependent translational throttle protein EttA
dhaK,8578,0.9979060027919963,"PTS-dependent dihydroxyacetone kinase, dihydroxyacetone-binding subunit DhaK"
sapB_2,8578,0.9979060027919963,Protein SapB
sapB_1,8578,0.9979060027919963,Protein SapB
ecfA2,8578,0.9979060027919963,Energy-coupling factor transporter ATP-binding protein EcfA2
nrdH,8578,0.9979060027919963,Glutaredoxin-like protein NrdH
yghA,8578,0.9979060027919963,putative oxidoreductase YghA
sigV,8578,0.9979060027919963,RNA polymerase sigma factor SigV
manX_4,8578,0.9979060027919963,PTS system mannose-specific EIIAB component
moaC,8578,0.9979060027919963,Cyclic pyranopterin monophosphate synthase
ssuB,8578,0.9979060027919963,Aliphatic sulfonates import ATP-binding protein SsuB
modA,8577,0.9977896696137738,Molybdate-binding protein ModA
degA_2,8577,0.9977896696137738,HTH-type transcriptional regulator DegA
gldA,8577,0.9977896696137738,Glycerol dehydrogenase
degA_1,8577,0.9977896696137738,HTH-type transcriptional regulator DegA
modB,8577,0.9977896696137738,Molybdenum transport system permease protein ModB
glpK,8577,0.9977896696137738,Glycerol kinase
alsS,8577,0.9977896696137738,Acetolactate synthase
dppC,8577,0.9977896696137738,Dipeptide transport system permease protein DppC
scmP_2,8576,0.9976733364355514,N-acetylcysteine deacetylase
cimH,8576,0.9976733364355514,Citrate/malate transporter
ywpJ,8576,0.9976733364355514,Phosphatase YwpJ
infB,8576,0.9976733364355514,Translation initiation factor IF-2
prfA,8576,0.9976733364355514,Peptide chain release factor 1
scmP_1,8576,0.9976733364355514,N-acetylcysteine deacetylase
pdhD,8576,0.9976733364355514,Dihydrolipoyl dehydrogenase
manZ_7,8576,0.9976733364355514,PTS system mannose-specific EIID component
ebgA,8576,0.9976733364355514,Evolved beta-galactosidase subunit alpha
srlB,8576,0.9976733364355514,PTS system glucitol/sorbitol-specific EIIA component
focA,8576,0.9976733364355514,putative formate transporter 1
metN2,8575,0.997557003257329,Methionine import ATP-binding protein MetN 2
pyrP,8575,0.997557003257329,Uracil permease
gpmA_3,8575,0.997557003257329,"2,3-bisphosphoglycerate-dependent phosphoglycerate mutase"
gdpP,8575,0.997557003257329,Cyclic-di-AMP phosphodiesterase GdpP
srlA,8574,0.9974406700791065,PTS system glucitol/sorbitol-specific EIIC component
graS,8574,0.9974406700791065,Sensor histidine kinase GraS
allE,8574,0.9974406700791065,(S)-ureidoglycine aminohydrolase
oppB,8574,0.9974406700791065,Oligopeptide transport system permease protein OppB
nrdF2,8574,0.9974406700791065,Ribonucleoside-diphosphate reductase subunit beta nrdF2
purD,8574,0.9974406700791065,Phosphoribosylamine--glycine ligase
add,8574,0.9974406700791065,Adenosine deaminase
spxA_1,8573,0.9973243369008842,Regulatory protein Spx
arcA,8573,0.9973243369008842,Arginine deiminase
spxA_2,8573,0.9973243369008842,Regulatory protein Spx
recN,8573,0.9973243369008842,DNA repair protein RecN
dap,8573,0.9973243369008842,D-aminopeptidase
mtnN,8572,0.9972080037226617,5'-methylthioadenosine/S-adenosylhomocysteine nucleosidase
kimA,8572,0.9972080037226617,Potassium transporter KimA
def,8572,0.9972080037226617,Peptide deformylase
dnaN,8572,0.9972080037226617,Beta sliding clamp
queG,8572,0.9972080037226617,Epoxyqueuosine reductase
yclP,8571,0.9970916705444393,Petrobactin import ATP-binding protein YclP
bicA,8571,0.9970916705444393,Bicarbonate transporter BicA
clcA,8571,0.9970916705444393,H(+)/Cl(-) exchange transporter ClcA
ssnA,8571,0.9970916705444393,Putative aminohydrolase SsnA
fsaA,8571,0.9970916705444393,Fructose-6-phosphate aldolase 1
gmuD,8570,0.9969753373662168,6-phospho-beta-glucosidase GmuD
dnaG,8570,0.9969753373662168,DNA primase
yteP_2,8570,0.9969753373662168,putative multiple-sugar transport system permease YteP
nrdE2,8570,0.9969753373662168,Ribonucleoside-diphosphate reductase subunit alpha 2
yteP_1,8570,0.9969753373662168,putative multiple-sugar transport system permease YteP
dtpT,8570,0.9969753373662168,Di-/tripeptide transporter
eutB,8569,0.9968590041879944,Ethanolamine ammonia-lyase heavy chain
menA_2,8569,0.9968590041879944,"1,4-dihydroxy-2-naphthoate octaprenyltransferase"
araQ_2,8569,0.9968590041879944,L-arabinose transport system permease protein AraQ
malT,8569,0.9968590041879944,HTH-type transcriptional regulator MalT
xerC_1,8569,0.9968590041879944,Tyrosine recombinase XerC
xerC_2,8569,0.9968590041879944,Tyrosine recombinase XerC
araQ_1,8569,0.9968590041879944,L-arabinose transport system permease protein AraQ
menA_1,8569,0.9968590041879944,"1,4-dihydroxy-2-naphthoate octaprenyltransferase"
mrdB,8568,0.996742671009772,Peptidoglycan glycosyltransferase MrdB
czrA,8568,0.996742671009772,HTH-type transcriptional repressor CzrA
ypdA,8568,0.996742671009772,Sensor histidine kinase YpdA
sugB,8568,0.996742671009772,Trehalose transport system permease protein SugB
yqiK,8568,0.996742671009772,Inner membrane protein YqiK
ypwA,8568,0.996742671009772,Carboxypeptidase 1
trpS2,8567,0.9966263378315495,Tryptophan--tRNA ligase 2
sutR,8567,0.9966263378315495,HTH-type transcriptional regulator SutR
tetA,8567,0.9966263378315495,"Tetracycline resistance protein, class B"
yhhX,8566,0.9965100046533272,putative oxidoreductase YhhX
nnrD,8566,0.9965100046533272,ADP-dependent (S)-NAD(P)H-hydrate dehydratase
licC_5,8566,0.9965100046533272,Lichenan permease IIC component
purM,8566,0.9965100046533272,Phosphoribosylformylglycinamidine cyclo-ligase
yheI,8566,0.9965100046533272,putative multidrug resistance ABC transporter ATP-binding/permease protein YheI
mngA,8565,0.9963936714751047,PTS system 2-O-alpha-mannosyl-D-glycerate-specific EIIABC component
pbuO,8564,0.9962773382968823,Guanine/hypoxanthine permease PbuO
hflX,8564,0.9962773382968823,GTPase HflX
ygaZ,8564,0.9962773382968823,Inner membrane protein YgaZ
sbnD,8563,0.9961610051186598,Staphyloferrin B transporter
gdnD,8563,0.9961610051186598,putative guanidinium efflux system subunit GdnD
dppE_8,8563,0.9961610051186598,Dipeptide-binding protein DppE
lacC_2,8562,0.9960446719404374,Tagatose-6-phosphate kinase
ptcA,8562,0.9960446719404374,Putrescine carbamoyltransferase
yvbW,8562,0.9960446719404374,putative amino acid permease YvbW
lacC_1,8562,0.9960446719404374,Tagatose-6-phosphate kinase
azoR,8561,0.995928338762215,FMN-dependent NADH-azoreductase
pucR_3,8561,0.995928338762215,Purine catabolism regulatory protein
femB,8560,0.9958120055839925,Aminoacyltransferase FemB
fadA,8560,0.9958120055839925,3-ketoacyl-CoA thiolase
comEC,8559,0.9956956724057702,ComE operon protein 3
aldA,8559,0.9956956724057702,Putative aldehyde dehydrogenase AldA
mscL,8559,0.9956956724057702,Large-conductance mechanosensitive channel
bglF_4,8559,0.9956956724057702,PTS system beta-glucoside-specific EIIBCA component
axeA,8558,0.9955793392275477,Cephalosporin-C deacetylase
mgtE,8558,0.9955793392275477,Magnesium transporter MgtE
sipV,8557,0.9954630060493252,Signal peptidase I V
nfrA1,8557,0.9954630060493252,FMN reductase (NADPH)
rlmCD_2,8557,0.9954630060493252,23S rRNA (uracil-C(5))-methyltransferase RlmCD
rlmCD_1,8557,0.9954630060493252,23S rRNA (uracil-C(5))-methyltransferase RlmCD
pphA,8557,0.9954630060493252,Serine/threonine-protein phosphatase 1
msmX_1,8557,0.9954630060493252,Oligosaccharides import ATP-binding protein MsmX
msmX_2,8557,0.9954630060493252,Oligosaccharides import ATP-binding protein MsmX
pbuG,8556,0.9953466728711028,Guanine/hypoxanthine permease PbuG
citN,8556,0.9953466728711028,Citrate transporter
rcsC_3,8555,0.9952303396928804,Sensor histidine kinase RcsC
ilvE,8552,0.9948813401582132,Branched-chain-amino-acid aminotransferase
gyrB_1,8552,0.9948813401582132,DNA gyrase subunit B
gyrB_2,8552,0.9948813401582132,Type 2 topoisomerase subunit B
treB,8552,0.9948813401582132,PTS system trehalose-specific EIIBC component
pyrDA,8551,0.9947650069799907,Dihydroorotate dehydrogenase A (fumarate)
srlE,8550,0.9946486738017682,PTS system glucitol/sorbitol-specific EIIB component
fhuD,8549,0.9945323406235458,Iron(3+)-hydroxamate-binding protein FhuD
agaS,8548,0.9944160074453234,D-galactosamine-6-phosphate deaminase AgaS
exuT,8548,0.9944160074453234,Hexuronate transporter
exuR,8548,0.9944160074453234,putative HTH-type transcriptional repressor ExuR
cfa,8547,0.994299674267101,Cyclopropane-fatty-acyl-phospholipid synthase
cysQ,8547,0.994299674267101,"3'(2'),5'-bisphosphate nucleotidase CysQ"
potA,8546,0.9941833410888785,Spermidine/putrescine import ATP-binding protein PotA
hrtA,8546,0.9941833410888785,Putative hemin import ATP-binding protein HrtA
yxdM,8545,0.9940670079106562,ABC transporter permease protein YxdM
yigZ,8545,0.9940670079106562,IMPACT family member YigZ
dnaA,8545,0.9940670079106562,Chromosomal replication initiator protein DnaA
dltA,8544,0.9939506747324337,D-alanine--D-alanyl carrier protein ligase
dhaL,8543,0.9938343415542112,"PTS-dependent dihydroxyacetone kinase, ADP-binding subunit DhaL"
ompR,8543,0.9938343415542112,Transcriptional regulatory protein OmpR
arcC1_4,8542,0.9937180083759888,Carbamate kinase 1
yheS,8542,0.9937180083759888,putative ABC transporter ATP-binding protein YheS
mhqA_4,8542,0.9937180083759888,Putative ring-cleaving dioxygenase MhqA
tagU_5,8542,0.9937180083759888,Polyisoprenyl-teichoic acid--peptidoglycan teichoic acid transferase TagU
walK,8541,0.9936016751977664,Sensor histidine kinase WalK
tmung,8540,0.993485342019544,Type-4 uracil-DNA glycosylase
gspA_2,8539,0.9933690088413215,General stress protein A
yfcJ,8539,0.9933690088413215,putative MFS-type transporter YfcJ
gspA_1,8539,0.9933690088413215,General stress protein A
apbE_2,8538,0.9932526756630992,FAD:protein FMN transferase
apbE_1,8538,0.9932526756630992,FAD:protein FMN transferase
pspA_2,8537,0.9931363424848767,Phosphoserine phosphatase 1
pspA_1,8537,0.9931363424848767,Phosphoserine phosphatase 1
degV_2,8536,0.9930200093066542,Protein DegV
degV_1,8536,0.9930200093066542,Protein DegV
mhqR,8535,0.9929036761284318,HTH-type transcriptional regulator MhqR
mtgA,8535,0.9929036761284318,Biosynthetic peptidoglycan transglycosylase
lsa(A),8534,0.9927873429502094,ABC-F type ribosomal protection protein Lsa(A)
rlmN,8534,0.9927873429502094,putative dual-specificity RNA methyltransferase RlmN
btuF,8534,0.9927873429502094,Vitamin B12-binding protein
ddl,8533,0.992671009771987,D-alanine--D-alanine ligase
mdtG,8532,0.9925546765937645,Multidrug resistance protein MdtG
paiA_1,8532,0.9925546765937645,Spermidine/spermine N(1)-acetyltransferase
paiA_2,8532,0.9925546765937645,Spermidine/spermine N(1)-acetyltransferase
malY,8532,0.9925546765937645,Protein MalY
bceB,8531,0.9924383434155422,Bacitracin export permease protein BceB
aroB,8531,0.9924383434155422,3-dehydroquinate synthase
nagR_3,8531,0.9924383434155422,HTH-type transcriptional repressor NagR
crtK-2,8531,0.9924383434155422,Tryptophan-rich protein TspO
purH,8531,0.9924383434155422,Bifunctional purine biosynthesis protein PurH
comGC,8530,0.9923220102373197,ComG operon protein 3
rhaR_3,8530,0.9923220102373197,HTH-type transcriptional activator RhaR
mshD_1,8530,0.9923220102373197,Mycothiol acetyltransferase
aroA,8530,0.9923220102373197,3-phosphoshikimate 1-carboxyvinyltransferase
mshD_2,8530,0.9923220102373197,Mycothiol acetyltransferase
sufS_1,8529,0.9922056770590972,Cysteine desulfurase SufS
ohrA,8529,0.9922056770590972,Organic hydroperoxide resistance protein OhrA
sufS_2,8529,0.9922056770590972,Cysteine desulfurase SufS
aar,8528,0.9920893438808748,L-alanine/L-glutamate racemase
ygfK,8528,0.9920893438808748,Putative oxidoreductase YgfK
rluB,8527,0.9919730107026524,Ribosomal large subunit pseudouridine synthase B
vraR,8526,0.99185667752443,Response regulator protein VraR
patB,8526,0.99185667752443,Cystathionine beta-lyase PatB
asD,8526,0.99185667752443,Bifunctional aspartate aminotransferase and L-aspartate beta-decarboxylase
ftsH,8525,0.9917403443462075,ATP-dependent zinc metalloprotease FtsH
tgnD,8525,0.9917403443462075,(E)-2-((N-methylformamido)methylene)succinate hydrolase
purR,8525,0.9917403443462075,Pur operon repressor
urdA,8524,0.9916240111679852,Urocanate reductase
ygjI,8524,0.9916240111679852,Inner membrane transporter YgjI
allB,8523,0.9915076779897627,Allantoinase
malP,8521,0.9912750116333178,Maltose phosphorylase
dapA,8520,0.9911586784550954,4-hydroxy-tetrahydrodipicolinate synthase
zitB,8519,0.991042345276873,Zinc transporter ZitB
srrA_1,8518,0.9909260120986505,Transcriptional regulatory protein SrrA
srrA_2,8518,0.9909260120986505,Transcriptional regulatory protein SrrA
htrA,8518,0.9909260120986505,Serine protease Do-like HtrA
pta_2,8514,0.9904606793857608,Phosphate acetyltransferase
pta_1,8514,0.9904606793857608,Phosphate acetyltransferase
femA,8513,0.9903443462075384,Aminoacyltransferase FemA
sauU,8513,0.9903443462075384,putative sulfoacetate transporter SauU
yabJ_2,8512,0.990228013029316,2-iminobutanoate/2-iminopropanoate deaminase
yabJ_1,8512,0.990228013029316,2-iminobutanoate/2-iminopropanoate deaminase
iphP,8511,0.9901116798510935,Tyrosine-protein phosphatase
rsuA_2,8510,0.9899953466728711,Ribosomal small subunit pseudouridine synthase A
rsuA_1,8510,0.9899953466728711,Ribosomal small subunit pseudouridine synthase A
oadA,8510,0.9899953466728711,Oxaloacetate decarboxylase alpha chain
agaC_2,8508,0.9897626803164262,N-acetylgalactosamine permease IIC component 1
agaC_1,8508,0.9897626803164262,N-acetylgalactosamine permease IIC component 1
kup,8507,0.9896463471382038,Low affinity potassium transport system protein kup
gltX,8507,0.9896463471382038,Glutamate--tRNA ligase
yvqK,8506,0.9895300139599814,Corrinoid adenosyltransferase
yjiA,8505,0.989413680781759,P-loop guanosine triphosphatase YjiA
comC,8504,0.9892973476035365,Type 4 prepilin-like proteins leader peptide-processing enzyme
sorA_3,8503,0.9891810144253141,PTS system sorbose-specific EIIC component
mprF_1,8502,0.9890646812470917,Phosphatidylglycerol lysyltransferase
mprF_2,8502,0.9890646812470917,Phosphatidylglycerol lysyltransferase
mtlR,8500,0.9888320148906468,Transcriptional regulator MtlR
purS,8500,0.9888320148906468,Phosphoribosylformylglycinamidine synthase subunit PurS
norW,8499,0.9887156817124244,Nitric oxide reductase FlRd-NAD(+) reductase
bfmBAA,8499,0.9887156817124244,2-oxoisovalerate dehydrogenase subunit alpha
allC,8498,0.988599348534202,Allantoate amidohydrolase
buk2,8498,0.988599348534202,Butyrate kinase 2
glpQ,8498,0.988599348534202,Glycerophosphodiester phosphodiesterase
fepC,8498,0.988599348534202,Ferric enterobactin transport ATP-binding protein FepC
dnaI,8497,0.9884830153559795,Primosomal protein DnaI
fmnP,8497,0.9884830153559795,Riboflavin transporter FmnP
mdtL,8497,0.9884830153559795,Multidrug resistance protein MdtL
spuD,8496,0.9883666821777571,Putrescine-binding periplasmic protein SpuD
bfmBAB,8495,0.9882503489995347,2-oxoisovalerate dehydrogenase subunit beta
yyaP,8490,0.9876686831084225,putative protein YyaP
folP,8490,0.9876686831084225,Dihydropteroate synthase
potD,8489,0.9875523499302001,Spermidine/putrescine-binding periplasmic protein
brnQ,8489,0.9875523499302001,Branched-chain amino acid transport system 2 carrier protein
pucA,8488,0.9874360167519777,putative xanthine dehydrogenase subunit A
asd,8488,0.9874360167519777,Aspartate-semialdehyde dehydrogenase
ybbW,8488,0.9874360167519777,Putative allantoin permease
yfeW_2,8487,0.9873196835737552,Putative D-alanyl-D-alanine carboxypeptidase
aes,8487,0.9873196835737552,Acetyl esterase
yfeW_1,8487,0.9873196835737552,Putative D-alanyl-D-alanine carboxypeptidase
RBKS,8486,0.9872033503955328,Ribokinase
recD2,8483,0.9868543508608655,ATP-dependent RecD-like DNA helicase
phoR,8481,0.9866216845044207,Alkaline phosphatase synthesis sensor protein PhoR
panE_2,8481,0.9866216845044207,2-dehydropantoate 2-reductase
panE_1,8481,0.9866216845044207,2-dehydropantoate 2-reductase
rppH,8480,0.9865053513261982,RNA pyrophosphohydrolase
znuC,8479,0.9863890181479757,High-affinity zinc uptake system ATP-binding protein ZnuC
bepA,8478,0.9862726849697534,Beta-barrel assembly-enhancing protease
rodA,8477,0.9861563517915309,Peptidoglycan glycosyltransferase RodA
rihC,8475,0.9859236854350861,Non-specific ribonucleoside hydrolase RihC
rimI,8475,0.9859236854350861,N-alpha-acetyltransferase RimI
rutC,8473,0.9856910190786412,Putative aminoacrylate peracid reductase RutC
liaS,8472,0.9855746859004187,Sensor histidine kinase LiaS
metC,8471,0.9854583527221964,Cystathionine beta-lyase
manZ_8,8470,0.9853420195439739,PTS system mannose-specific EIID component
celA_3,8465,0.9847603536528617,PTS system cellobiose-specific EIIB component
sorF,8463,0.9845276872964169,PTS system sorbose-specific EIIA component
levE_1,8463,0.9845276872964169,PTS system fructose-specific EIIB component
levE_2,8463,0.9845276872964169,PTS system fructose-specific EIIB component
gph_3,8463,0.9845276872964169,Phosphoglycolate phosphatase
dauR,8461,0.9842950209399721,Transcriptional regulator DauR
gltD,8460,0.9841786877617497,Glutamate synthase [NADPH] small chain
ygjK,8458,0.9839460214053047,Glucosidase YgjK
lplJ_2,8452,0.9832480223359702,Lipoate-protein ligase LplJ
lplJ_1,8452,0.9832480223359702,Lipoate-protein ligase LplJ
yheH,8451,0.9831316891577477,putative multidrug resistance ABC transporter ATP-binding/permease protein YheH
zosA_1,8451,0.9831316891577477,Zinc-transporting ATPase
zosA_2,8451,0.9831316891577477,Zinc-transporting ATPase
dgaR_4,8448,0.9827826896230805,Transcriptional regulatory protein DagR
adaA,8446,0.9825500232666357,Bifunctional transcriptional activator/DNA repair enzyme AdaA
slyA,8445,0.9824336900884132,Transcriptional regulator SlyA
yodC_1,8444,0.9823173569101907,Putative NAD(P)H nitroreductase YodC
tgnB,8444,0.9823173569101907,"Flavin-dependent trigonelline monooxygenase, oxygenase component"
yodC_2,8444,0.9823173569101907,Putative NAD(P)H nitroreductase YodC
ldh_1,8442,0.9820846905537459,L-lactate dehydrogenase
ldh_2,8442,0.9820846905537459,L-lactate dehydrogenase
mnaA,8441,0.9819683573755235,UDP-N-acetylglucosamine 2-epimerase
ypjQ,8440,0.9818520241973011,putative protein YpjQ
yehR,8439,0.9817356910190786,putative lipoprotein YehR
maa,8439,0.9817356910190786,Maltose O-acetyltransferase
nhaC_2,8434,0.9811540251279665,Na(+)/H(+) antiporter NhaC
lpxG_1,8434,0.9811540251279665,"UDP-2,3-diacylglucosamine pyrophosphatase LpxG"
lpxG_2,8434,0.9811540251279665,"UDP-2,3-diacylglucosamine pyrophosphatase LpxG"
nhaC_1,8434,0.9811540251279665,Na(+)/H(+) antiporter NhaC
fetA,8433,0.9810376919497441,putative iron export ATP-binding protein FetA
wbgU_1,8432,0.9809213587715216,UDP-N-acetylglucosamine 4-epimerase
wbgU_2,8432,0.9809213587715216,UDP-N-acetylglucosamine 4-epimerase
nagB_2,8427,0.9803396928804095,Glucosamine-6-phosphate deaminase
nagB_1,8427,0.9803396928804095,Glucosamine-6-phosphate deaminase
aguA,8426,0.9802233597021871,Putative agmatine deiminase
cysL_1,8423,0.9798743601675198,HTH-type transcriptional regulator CysL
tyrS1_1,8423,0.9798743601675198,Tyrosine--tRNA ligase 1
cysL_2,8423,0.9798743601675198,HTH-type transcriptional regulator CysL
tyrS1_2,8423,0.9798743601675198,Tyrosine--tRNA ligase 1
thyA,8423,0.9798743601675198,Thymidylate synthase
QRSL1_1,8420,0.9795253606328524,"Glutamyl-tRNA(Gln) amidotransferase subunit A, chloroplastic/mitochondrial"
QRSL1_2,8420,0.9795253606328524,"Glutamyl-tRNA(Gln) amidotransferase subunit A, chloroplastic/mitochondrial"
fetB,8416,0.9790600279199628,putative iron export permease protein FetB
ccpA_3,8411,0.9784783620288506,Catabolite control protein A
maf,8409,0.9782456956724058,dTTP/UTP pyrophosphatase
gadC_1,8404,0.9776640297812936,putative glutamate/gamma-aminobutyrate antiporter
clsA_1,8404,0.9776640297812936,Major cardiolipin synthase ClsA
clsA_2,8404,0.9776640297812936,Major cardiolipin synthase ClsA
gadC_2,8404,0.9776640297812936,putative glutamate/gamma-aminobutyrate antiporter
dcuD,8400,0.9771986970684039,Putative cryptic C4-dicarboxylate transporter DcuD
hexR,8399,0.9770823638901814,HTH-type transcriptional regulator HexR
murR_2,8397,0.9768496975337366,HTH-type transcriptional regulator MurR
murR_1,8397,0.9768496975337366,HTH-type transcriptional regulator MurR
accA,8396,0.9767333643555142,Acetyl-coenzyme A carboxylase carboxyl transferase subunit alpha
lpdG,8393,0.9763843648208469,Dihydrolipoyl dehydrogenase
accD,8393,0.9763843648208469,Acetyl-coenzyme A carboxylase carboxyl transferase subunit beta
malX,8393,0.9763843648208469,PTS system maltose-specific EIICB component
rihA,8388,0.9758026989297348,Pyrimidine-specific ribonucleoside hydrolase RihA
dadD,8380,0.9748720335039553,5'-deoxyadenosine deaminase
ytcD_1,8378,0.9746393671475104,putative HTH-type transcriptional regulator YtcD
ytcD_2,8378,0.9746393671475104,putative HTH-type transcriptional regulator YtcD
bdhA_2,8376,0.9744067007910656,D-beta-hydroxybutyrate dehydrogenase
agaA,8376,0.9744067007910656,N-acetylgalactosamine-6-phosphate deacetylase
bdhA_1,8376,0.9744067007910656,NADH-dependent butanol dehydrogenase A
rhaS_3,8374,0.9741740344346208,HTH-type transcriptional activator RhaS
catE,8371,0.9738250348999534,"Catechol-2,3-dioxygenase"
comEA,8368,0.9734760353652862,ComE operon protein 1
opuCA_1,8352,0.9716147045137273,Glycine betaine/carnitine/choline transport ATP-binding protein OpuCA
opuCA_2,8352,0.9716147045137273,Carnitine transport ATP-binding protein OpuCA
gap_1,8350,0.9713820381572824,Glyceraldehyde-3-phosphate dehydrogenase
gap_2,8350,0.9713820381572824,Glyceraldehyde-3-phosphate dehydrogenase
pcrA,8350,0.9713820381572824,ATP-dependent DNA helicase PcrA
ccpB,8341,0.9703350395532806,Catabolite control protein B
ponA,8341,0.9703350395532806,Penicillin-binding protein 1A
bglK,8340,0.9702187063750581,Beta-glucoside kinase
licT_1,8334,0.9695207073057236,Transcription antiterminator LicT
licT_2,8334,0.9695207073057236,Transcription antiterminator LicT
gmuC,8333,0.9694043741275011,PTS system oligo-beta-mannoside-specific EIIC component
uxuA,8330,0.9690553745928339,Mannonate dehydratase
cynR_3,8325,0.9684737087017218,HTH-type transcriptional regulator CynR
ulaE,8318,0.9676593764541648,L-ribulose-5-phosphate 3-epimerase UlaE
agaC_3,8309,0.9666123778501629,N-acetylgalactosamine permease IIC component 1
emrB_2,8300,0.965565379246161,Colistin resistance protein EmrB
emrB_1,8300,0.965565379246161,Multidrug export protein EmrB
ylaC,8298,0.9653327128897161,RNA polymerase sigma factor YlaC
rapA,8290,0.9644020474639368,RNA polymerase-associated protein RapA
yadH,8290,0.9644020474639368,Inner membrane transport permease YadH
znuA,8285,0.9638203815728246,High-affinity zinc uptake system binding-protein ZnuA
mro,8281,0.9633550488599348,Aldose 1-epimerase
ulaA_1,8280,0.9632387156817124,Ascorbate-specific PTS system EIIC component
ulaA_2,8280,0.9632387156817124,Ascorbate-specific PTS system EIIC component
glcR_1,8279,0.96312238250349,HTH-type transcriptional repressor GlcR
glcR_2,8279,0.96312238250349,HTH-type transcriptional repressor GlcR
strA,8277,0.9628897161470451,Sortase A
ulaG,8277,0.9628897161470451,putative L-ascorbate-6-phosphate lactonase UlaG
ulaF,8274,0.9625407166123778,L-ribulose-5-phosphate 4-epimerase UlaF
phoB,8270,0.9620753838994881,Alkaline phosphatase 3
glmS_2,8269,0.9619590507212658,Glutamine--fructose-6-phosphate aminotransferase [isomerizing]
glmS_1,8269,0.9619590507212658,Glutamine--fructose-6-phosphate aminotransferase [isomerizing]
selD,8266,0.9616100511865984,"Selenide, water dikinase"
lacD_1,8266,0.9616100511865984,"Tagatose 1,6-diphosphate aldolase"
lacD_2,8266,0.9616100511865984,"Tagatose 1,6-diphosphate aldolase"
uvrB,8261,0.9610283852954863,UvrABC system protein B
comFA,8259,0.9607957189390414,ComF operon protein 1
acuI,8257,0.9605630525825966,putative acrylyl-CoA reductase AcuI
grdB,8235,0.9580037226617031,Glycine reductase complex component B subunit gamma
hndA,8233,0.9577710563052583,NADP-reducing hydrogenase subunit HndA
speG,8232,0.9576547231270358,Spermidine N(1)-acetyltransferase
dppA,8232,0.9576547231270358,D-aminopeptidase
frlB,8231,0.9575383899488134,Fructosamine deglycase FrlB
pdhC,8230,0.957422056770591,Dihydrolipoyllysine-residue acetyltransferase component of pyruvate dehydrogenase complex
btuD_7,8220,0.9562587249883667,Vitamin B12 import ATP-binding protein BtuD
pepF1,8213,0.9554443927408097,"Oligoendopeptidase F, plasmid"
sgbH,8212,0.9553280595625873,3-keto-L-gulonate-6-phosphate decarboxylase SgbH
queT,8211,0.9552117263843648,Queuosine precursor transporter QueT
arlR,8209,0.95497906002792,Response regulator ArlR
gcdC,8199,0.9538157282456957,Glutaconyl-CoA decarboxylase subunit gamma
ribZ,8186,0.9523033969288041,Riboflavin transporter RibZ
ftsE,8178,0.9513727315030247,Cell division ATP-binding protein FtsE
mngB,8178,0.9513727315030247,Mannosylglycerate hydrolase
ltaS1_1,8173,0.9507910656119125,Lipoteichoic acid synthase 1
ltaS1_2,8173,0.9507910656119125,Lipoteichoic acid synthase 1
sorB_3,8165,0.949860400186133,PTS system sorbose-specific EIIB component
napA_1,8159,0.9491624011167985,Periplasmic nitrate reductase
napA_2,8159,0.9491624011167985,Na(+)/H(+) antiporter
cdr,8146,0.947650069799907,Coenzyme A disulfide reductase
expZ,8137,0.946603071195905,Nucleotide-binding protein ExpZ
purL,8136,0.9464867380176827,Phosphoribosylformylglycinamidine synthase subunit PurL
yknX,8125,0.945207073057236,Putative efflux system component YknX
iolU_2,8118,0.9443927408096789,scyllo-inositol 2-dehydrogenase (NADP(+)) IolU
iolU_1,8118,0.9443927408096789,scyllo-inositol 2-dehydrogenase (NADP(+)) IolU
metK,8115,0.9440437412750117,S-adenosylmethionine synthase
apc3,8114,0.9439274080967892,Acetophenone carboxylase gamma subunit
xerC_3,8110,0.9434620753838995,Tyrosine recombinase XerC
yadG,8101,0.9424150767798977,putative ABC transporter ATP-binding protein YadG
fcbA2,8091,0.9412517449976734,4-chlorobenzoate--CoA ligase
fdrA,8072,0.9390414146114472,Protein FdrA
dexB,8065,0.9382270823638902,"Glucan 1,6-alpha-glucosidase"
topA,8058,0.9374127501163332,DNA topoisomerase 1
degA_3,8048,0.9362494183341089,HTH-type transcriptional regulator DegA
malL_1,7992,0.9297347603536529,"Oligo-1,6-glucosidase"
malL_2,7992,0.9297347603536529,"Oligo-1,6-glucosidase"
dgaR_5,7983,0.928687761749651,Transcriptional regulatory protein DagR
addA,7975,0.9277570963238716,ATP-dependent helicase/nuclease subunit A
mhqD_2,7929,0.9224057701256398,Putative hydrolase MhqD
mhqD_1,7929,0.9224057701256398,Putative hydrolase MhqD
arnC_1,7917,0.9210097719869706,Undecaprenyl-phosphate 4-deoxy-4-formamido-L-arabinose transferase
arnC_2,7917,0.9210097719869706,Undecaprenyl-phosphate 4-deoxy-4-formamido-L-arabinose transferase
hndC,7904,0.9194974406700791,NADP-reducing hydrogenase subunit HndC
yxeI,7898,0.9187994416007446,putative protein YxeI
licH,7891,0.9179851093531876,putative 6-phospho-beta-glucosidase
oxyR,7884,0.9171707771056306,Hydrogen peroxide-inducible genes activator
lysA,7836,0.9115867845509539,Diaminopimelate decarboxylase
phrB,7780,0.905072126570498,Deoxyribodipyrimidine photo-lyase
adk,7776,0.9046067938576082,Adenylate kinase
melR_2,7774,0.9043741275011633,HTH-type transcriptional repressor MelR
melR_1,7774,0.9043741275011633,HTH-type transcriptional repressor MelR
copY,7763,0.9030944625407166,Transcriptional repressor CopY
araQ_3,7750,0.901582131223825,L-arabinose transport system permease protein AraQ
cetB,7722,0.898324802233597,2-epi-5-epi-valiolone epimerase
katA,7695,0.8951838064215915,Vegetative catalase
yxdL,7668,0.8920428106095859,ABC transporter ATP-binding protein YxdL
pchA,7667,0.8919264774313634,Salicylate biosynthesis isochorismate synthase
pknD,7661,0.8912284783620289,Serine/threonine-protein kinase PknD
apt,7660,0.8911121451838064,Adenine phosphoribosyltransferase
sorA_4,7651,0.8900651465798045,PTS system sorbose-specific EIIC component
cadA,7649,0.8898324802233597,"Cadmium, zinc and cobalt-transporting ATPase"
dnaC,7637,0.8884364820846905,Replicative DNA helicase
yvyI,7636,0.8883201489064682,Putative mannose-6-phosphate isomerase YvyI
copA,7626,0.8871568171242439,Copper-exporting P-type ATPase
rpe,7616,0.8859934853420195,Ribulose-phosphate 3-epimerase
srlR,7612,0.8855281526291299,Glucitol operon repressor
xerC_4,7608,0.8850628199162401,Tyrosine recombinase XerC
rbsK/rbiA,7600,0.8841321544904607,Bifunctional ribokinase/ribose-5-phosphate isomerase A
manZ_9,7597,0.8837831549557934,PTS system mannose-specific EIID component
htpX,7578,0.8815728245695672,Protease HtpX
clpC,7576,0.8813401582131224,Negative regulator of genetic competence ClpC/MecB
spsB_2,7574,0.8811074918566775,Signal peptidase IB
spsB_1,7574,0.8811074918566775,Signal peptidase IB
ngcF,7557,0.8791298278268962,Diacetylchitobiose uptake system permease protein NgcF
copB,7552,0.8785481619357841,Copper-exporting P-type ATPase B
ybbH_5,7551,0.8784318287575617,putative HTH-type transcriptional regulator YbbH
hchA,7506,0.8731968357375524,Protein/nucleic acid deglycase HchA
treR,7505,0.8730805025593299,HTH-type transcriptional regulator TreR
kduD,7482,0.8704048394602141,2-dehydro-3-deoxy-D-gluconate 5-dehydrogenase
kduI1,7482,0.8704048394602141,4-deoxy-L-threo-5-hexosulose-uronate ketol-isomerase 1
kdgK,7480,0.8701721731037692,2-dehydro-3-deoxygluconokinase
gelE,7471,0.8691251744997673,Gelatinase
ppm1,7466,0.8685435086086551,Polyprenol monophosphomannose synthase
yeiL,7414,0.8624941833410888,Regulatory protein YeiL
glnQ_4,7380,0.8585388552815263,Glutamine transport ATP-binding protein GlnQ
yknY_3,7360,0.8562121917170777,putative ABC transporter ATP-binding protein YknY
fabG,7334,0.8531875290832945,3-oxoacyl-[acyl-carrier-protein] reductase FabG
licA,7331,0.8528385295486273,Lichenan-specific phosphotransferase enzyme IIA component
recU,7302,0.8494648673801768,Holliday junction resolvase RecU
ligA,7299,0.8491158678455095,DNA ligase
yycJ,7298,0.8489995346672871,Putative metallo-hydrolase YycJ
manX_5,7283,0.8472545369939507,PTS system mannose-specific EIIAB component
arnC_3,7251,0.843531875290833,Undecaprenyl-phosphate 4-deoxy-4-formamido-L-arabinose transferase
kdgA,7231,0.8412052117263844,KHG/KDPG aldolase
gdh_2,7228,0.840856212191717,Glucose 1-dehydrogenase
gdh_1,7228,0.840856212191717,NADP-specific glutamate dehydrogenase
recF,7134,0.8299208934388087,DNA replication and repair protein RecF
soj_1,7122,0.8285248953001396,Sporulation initiation inhibitor protein Soj
soj_2,7122,0.8285248953001396,Sporulation initiation inhibitor protein Soj
oppA,7083,0.8239879013494649,Oligopeptide-binding protein OppA
gatC_2,7075,0.8230572359236854,Glutamyl-tRNA(Gln) amidotransferase subunit C
gatC_1,7075,0.8230572359236854,PTS system galactitol-specific EIIC component
cspL,7058,0.8210795718939041,Cold shock protein 2
mepA,7047,0.8197999069334574,Multidrug export protein MepA
licR,6998,0.8140995812005584,putative licABCH operon regulator
scrB,6986,0.8127035830618893,Sucrose-6-phosphate hydrolase
bga_2,6950,0.8085155886458818,Beta-galactosidase
bga_1,6950,0.8085155886458818,Beta-galactosidase
lacX,6916,0.8045602605863192,"Protein LacX, plasmid"
uppP,6907,0.8035132619823173,Undecaprenyl-diphosphatase
lgt,6903,0.8030479292694277,Phosphatidylglycerol--prolipoprotein diacylglyceryl transferase
menE,6902,0.8029315960912052,2-succinylbenzoate--CoA ligase
lexA,6812,0.7924616100511866,LexA repressor
bceA,6744,0.7845509539320614,Bacitracin export ATP-binding protein BceA
btuD_8,6730,0.7829222894369474,Vitamin B12 import ATP-binding protein BtuD
rhaR_4,6728,0.7826896230805026,HTH-type transcriptional activator RhaR
agaC_4,6708,0.780362959516054,N-acetylgalactosamine permease IIC component 1
yfkN_2,6682,0.7773382968822709,Trifunctional nucleotide phosphoesterase protein YfkN
yfkN_1,6682,0.7773382968822709,Trifunctional nucleotide phosphoesterase protein YfkN
COQ5,6665,0.7753606328524896,"2-methoxy-6-polyprenyl-1,4-benzoquinol methylase, mitochondrial"
sspA,6642,0.7726849697533736,Glutamyl endopeptidase
lemA,6642,0.7726849697533736,Protein LemA
dps,6622,0.7703583061889251,DNA protection during starvation protein
xerC_5,6606,0.7684969753373662,Tyrosine recombinase XerC
xerD,6585,0.7660539785946953,Tyrosine recombinase XerD
fabG2,6516,0.7580269892973476,putative oxidoreductase
fruA_3,6513,0.7576779897626803,PTS system fructose-specific EIIABC component
manP_1,6468,0.752442996742671,PTS system mannose-specific EIIBCA component
manP_2,6468,0.752442996742671,PTS system mannose-specific EIIBCA component
rhaM,6459,0.7513959981386692,L-rhamnose mutarotase
yesR,6459,0.7513959981386692,Unsaturated rhamnogalacturonyl hydrolase YesR
fryA,6459,0.7513959981386692,Multiphosphoryl transfer protein 1
dctM,6454,0.750814332247557,C4-dicarboxylate TRAP transporter large permease protein DctM
dgt,6450,0.7503489995346673,Deoxyguanosinetriphosphate triphosphohydrolase
nagA,6447,0.75,N-acetylglucosamine-6-phosphate deacetylase
rhaB,6447,0.75,L-Rhamnulokinase
rhaA,6429,0.7479060027919963,L-rhamnose isomerase
lacR,6393,0.7437180083759888,Lactose phosphotransferase system repressor
dctP,6390,0.7433690088413215,Solute-binding protein
gltP,6309,0.7339460214053047,Proton/glutamate-aspartate symporter
rsfS,6294,0.7322010237319684,Ribosomal silencing factor RsfS
alsE,6294,0.7322010237319684,D-allulose-6-phosphate 3-epimerase
rhaD,6293,0.7320846905537459,Rhamnulose-1-phosphate aldolase
clpP,6261,0.7283620288506282,ATP-dependent Clp protease proteolytic subunit
moaE2,6258,0.7280130293159609,Molybdopterin molybdenumtransferase 2
ssb_1,6251,0.7271986970684039,Single-stranded DNA-binding protein
ssb_2,6251,0.7271986970684039,Single-stranded DNA-binding protein
rhaR_5,6227,0.7244067007910656,HTH-type transcriptional activator RhaR
stp_1,6195,0.7206840390879479,Multidrug resistance protein Stp
stp_2,6195,0.7206840390879479,Serine/threonine phosphatase stp
lhpI,6186,0.719637040483946,Delta(1)-pyrroline-2-carboxylate reductase
hisC,6172,0.718008375988832,Histidinol-phosphate aminotransferase
sstT,6169,0.7176593764541648,Serine/threonine transporter SstT
yddE_1,6156,0.7161470451372731,putative isomerase YddE
yddE_2,6156,0.7161470451372731,putative isomerase YddE
gmuR,6122,0.7121917170777106,HTH-type transcriptional regulator GmuR
lacB,6097,0.7092833876221498,Galactose-6-phosphate isomerase subunit LacB
lacF,6089,0.7083527221963704,Lactose transport system permease protein LacF
aadK,6059,0.7048627268496975,Aminoglycoside 6-adenylyltransferase
gltT,6056,0.7045137273150303,Proton/sodium-glutamate symport protein
ytbE_1,6030,0.701489064681247,putative oxidoreductase YtbE
ytbE_2,6030,0.701489064681247,putative oxidoreductase YtbE
galE_1,6022,0.7005583992554677,UDP-glucose 4-epimerase
galE_2,6022,0.7005583992554677,UDP-glucose 4-epimerase
triA,6015,0.6997440670079107,Melamine deaminase
tarI,6013,0.6995114006514658,Ribitol-5-phosphate cytidylyltransferase
rfbB,5957,0.6929967426710097,"dTDP-glucose 4,6-dehydratase"
gatA,5957,0.6929967426710097,Glutamyl-tRNA(Gln) amidotransferase subunit A
celB,5941,0.6911354118194509,PTS system cellobiose-specific EIIC component
rpmF_2,5921,0.6888087482550024,50S ribosomal protein L32
rpmF_1,5921,0.6888087482550024,50S ribosomal protein L32
agrB,5894,0.6856677524429967,Accessory gene regulator protein B
wfgD,5883,0.68438808748255,"UDP-Glc:alpha-D-GlcNAc-diphosphoundecaprenol beta-1,3-glucosyltransferase WfgD"
mgtB,5869,0.682759422987436,"Magnesium-transporting ATPase, P-type 1"
dasR,5845,0.6799674267100977,HTH-type transcriptional repressor DasR
hin,5834,0.678687761749651,DNA-invertase hin
mgtA,5829,0.6781060958585389,"Magnesium-transporting ATPase, P-type 1"
lacA,5820,0.677059097254537,Galactose-6-phosphate isomerase subunit LacA
ghrB_1,5820,0.677059097254537,Glyoxylate/hydroxypyruvate reductase B
ghrB_2,5820,0.677059097254537,Glyoxylate/hydroxypyruvate reductase B
udk,5815,0.6764774313634249,Uridine kinase
moaA,5641,0.6562354583527222,"GTP 3',8-cyclase"
topB,5611,0.6527454630060493,DNA topoisomerase 3
tet(M),5554,0.6461144718473709,tetracycline resistance ribosomal protection protein Tet(M)
xerC_6,5546,0.6451838064215915,Tyrosine recombinase XerC
ugl_2,5503,0.640181479758027,Unsaturated chondroitin disaccharide hydrolase
ugl_1,5503,0.640181479758027,Unsaturated chondroitin disaccharide hydrolase
siaT,5413,0.6297114937180084,Sialic acid TRAP transporter permease protein SiaT
adhA,5357,0.6231968357375524,Alcohol dehydrogenase 1
dppE_9,5339,0.6211028385295486,Dipeptide-binding protein DppE
tagA,5339,0.6211028385295486,N-acetylglucosaminyldiphosphoundecaprenol N-acetyl-beta-D-mannosaminyltransferase
tagB,5337,0.6208701721731038,Teichoic acid glycerol-phosphate primase
tagD,5313,0.6180781758957655,Glycerol-3-phosphate cytidylyltransferase
gatB,5296,0.6161005118659841,Aspartyl/glutamyl-tRNA(Asn/Gln) amidotransferase subunit B
mobA,5260,0.6119125174499768,putative molybdenum cofactor guanylyltransferase
pucB,5217,0.6069101907864123,Purine catabolism protein PucB
sigW,5183,0.6029548627268497,ECF RNA polymerase sigma factor SigW
bin3_1,5179,0.60248953001396,Putative transposon Tn552 DNA-invertase bin3
bin3_2,5179,0.60248953001396,Putative transposon Tn552 DNA-invertase bin3
xylB,5176,0.6021405304792927,Xylulose kinase
iolG_1,5156,0.5998138669148441,Myo-inositol 2-dehydrogenase
iolG_2,5156,0.5998138669148441,Inositol 2-dehydrogenase/D-chiro-inositol 3-dehydrogenase
csp,5130,0.596789204281061,Cold shock protein 1
sasA,5115,0.5950442066077245,Adaptive-response sensory-kinase SasA
manR,5032,0.5853885528152629,Transcriptional regulator ManR
iolC_1,5016,0.5835272219637041,5-dehydro-2-deoxygluconokinase
iolC_2,5016,0.5835272219637041,5-dehydro-2-deoxygluconokinase
iolD,5008,0.5825965565379246,"3D-(3,5/4)-trihydroxycyclohexane-1,2-dione hydrolase"
iolA,5000,0.5816658911121452,Malonate-semialdehyde dehydrogenase
iolB,4999,0.5815495579339227,5-deoxy-glucuronate isomerase
iolE,4994,0.5809678920428106,Inosose dehydratase
yidK,4990,0.5805025593299209,putative symporter YidK
yhaP_2,4932,0.5737552349930201,putative protein YhaP
yhaP_1,4932,0.5737552349930201,putative protein YhaP
manZ_10,4920,0.5723592368543509,PTS system mannose-specific EIID component
iolG_3,4906,0.5707305723592369,Inositol 2-dehydrogenase/D-chiro-inositol 3-dehydrogenase
hemH,4872,0.5667752442996743,Ferrochelatase
walR,4857,0.5650302466263378,Transcriptional regulatory protein WalR
larD,4853,0.5645649139134481,D/L-lactic acid transporter
larR,4844,0.5635179153094463,Lactate racemization regulatory protein
larC,4831,0.5620055839925546,"Pyridinium-3,5-bisthiocarboxylic acid mononucleotide nickel insertion protein"
dgaF_1,4824,0.5611912517449976,2-dehydro-3-deoxy-phosphogluconate aldolase
dgaF_2,4824,0.5611912517449976,2-dehydro-3-deoxy-phosphogluconate aldolase
ptcB,4789,0.5571195905072126,PTS system galactose-specific EIIB component
manX_6,4752,0.5528152629129828,PTS system mannose-specific EIIAB component
sorC,4693,0.5459516053978595,PTS system sorbose-specific EIIC component
yydJ,4667,0.5429269427640763,putative peptide export permease protein YydJ
rutB_1,4644,0.5402512796649604,Peroxyureidoacrylate/ureidoacrylate amidohydrolase RutB
rutB_2,4644,0.5402512796649604,Peroxyureidoacrylate/ureidoacrylate amidohydrolase RutB
nanE_1,4587,0.533620288506282,Putative N-acetylmannosamine-6-phosphate 2-epimerase
nanE_2,4587,0.533620288506282,Putative N-acetylmannosamine-6-phosphate 2-epimerase
arnC_4,4548,0.5290832945556072,Undecaprenyl-phosphate 4-deoxy-4-formamido-L-arabinose transferase
smc,4497,0.5231503024662634,Chromosome partition protein Smc
glcB,4477,0.5208236389018148,PTS system glucoside-specific EIICBA component
crr_1,4475,0.5205909725453699,PTS system glucose-specific EIIA component
crr_2,4475,0.5205909725453699,PTS system glucose-specific EIIA component
dinB_3,4471,0.5201256398324802,DNA polymerase IV
soj_3,4468,0.5197766402978129,Sporulation initiation inhibitor protein Soj
btuD_9,4460,0.5188459748720335,Vitamin B12 import ATP-binding protein BtuD
agrA,4458,0.5186133085155886,Accessory gene regulator protein A
tarF,4447,0.5173336435551419,Teichoic acid glycerol-phosphate transferase
murB_2,4443,0.5168683108422523,UDP-N-acetylenolpyruvoylglucosamine reductase
murB_1,4443,0.5168683108422523,UDP-N-acetylenolpyruvoylglucosamine reductase
tagG_1,4439,0.5164029781293625,Teichoic acid translocation permease protein TagG
tagG_2,4439,0.5164029781293625,Teichoic acid translocation permease protein TagG
cbh,4438,0.5162866449511401,Choloylglycine hydrolase
arcB_2,4427,0.5150069799906933,"Ornithine carbamoyltransferase, catabolic"
arcB_1,4427,0.5150069799906933,Delta(1)-pyrroline-2-carboxylate reductase
glf,4391,0.5108189855746859,UDP-galactopyranose mutase
mntB_2,4354,0.506514657980456,Manganese transport system membrane protein MntB
mntB_1,4354,0.506514657980456,Manganese transport system membrane protein MntB
ykoD_3,4354,0.506514657980456,Putative HMP/thiamine import ATP-binding protein YkoD
scaC_2,4353,0.5063983248022336,Manganese import ATP-binding protein ScaC
scaC_1,4353,0.5063983248022336,Manganese import ATP-binding protein ScaC
ssaB,4338,0.5046533271288972,Manganese ABC transporter substrate-binding lipoprotein
ndvA,4323,0.5029083294555607,Beta-(1-->2)glucan export ATP-binding/permease protein NdvA
rpsN2,4302,0.5004653327128897,Alternate 30S ribosomal protein S14
xerC_7,4294,0.49953466728711027,Tyrosine recombinase XerC
rpsN2_2,4287,0.49872033503955326,Alternate 30S ribosomal protein S14
rpsN2_1,4287,0.49872033503955326,Alternate 30S ribosomal protein S14
scaC,4236,0.4927873429502094,Manganese import ATP-binding protein ScaC
mntB,4235,0.49267100977198697,Manganese transport system membrane protein MntB
dgaE_1,4233,0.4924383434155421,D-glucosaminate-6-phosphate ammonia lyase
dgaE_2,4233,0.4924383434155421,D-glucosaminate-6-phosphate ammonia lyase
gpmA_4,4186,0.48697068403908794,"2,3-bisphosphoglycerate-dependent phosphoglycerate mutase"
amt,4156,0.48348068869241506,Ammonia channel
arcB,4152,0.4830153559795254,"Ornithine carbamoyltransferase, catabolic"
tagG,4150,0.4827826896230805,Teichoic acid translocation permease protein TagG
murB,4146,0.4823173569101908,UDP-N-acetylenolpyruvoylglucosamine reductase
crr,4114,0.47859469520707304,PTS system glucose-specific EIIA component
smc_2,4092,0.4760353652861796,Chromosome partition protein Smc
smc_1,4092,0.4760353652861796,Chromosome partition protein Smc
licC_6,4059,0.47219637040483947,Lichenan permease IIC component
rpmGA_3,4031,0.46893904141461146,50S ribosomal protein L33 1
ant1,4030,0.468822708236389,Streptomycin 3''-adenylyltransferase
nanE,4002,0.465565379246161,Putative N-acetylmannosamine-6-phosphate 2-epimerase
rutB,3941,0.4584690553745928,Peroxyureidoacrylate/ureidoacrylate amidohydrolase RutB
sttH,3910,0.45486272684969753,Streptothricin hydrolase
natR,3851,0.44799906933457423,Transcriptional regulatory protein NatR
rpmF_3,3797,0.44171707771056307,50S ribosomal protein L32
larE,3794,0.44136807817589574,"Pyridinium-3,5-bisthiocarboxylic acid mononucleotide synthase"
yydI,3792,0.44113541181945093,putative peptide export ATP-binding protein YydI
dgaE,3773,0.43892508143322473,D-glucosaminate-6-phosphate ammonia lyase
larO,3744,0.4355514192647743,Nickel import ATP-binding protein LarO
larR_1,3742,0.43531875290832944,Lactate racemization regulatory protein
larR_2,3742,0.43531875290832944,Lactate racemization regulatory protein
larB,3740,0.4350860865518846,"Pyridinium-3,5-biscarboxylic acid mononucleotide synthase"
walR_2,3732,0.43415542112610517,Transcriptional regulatory protein WalR
walR_1,3732,0.43415542112610517,Transcriptional regulatory protein WalR
larMN,3731,0.43403908794788276,putative fused nickel transport protein LarMN
larA,3729,0.4338064215914379,Lactate racemase
agrA_2,3724,0.43322475570032576,Accessory gene regulator protein A
agrA_1,3724,0.43322475570032576,Accessory gene regulator protein A
larQ,3676,0.42764076314564914,Nickel permease LarQ
yhaP,3654,0.4250814332247557,putative protein YhaP
erm,3598,0.4185667752442997,rRNA adenine N-6-methyltransferase
yafQ,3593,0.41798510935318756,mRNA interferase toxin YafQ
iolC,3573,0.41565844578873895,5-dehydro-2-deoxygluconokinase
Int-Tn,3561,0.4142624476500698,Transposase from transposon Tn916
ssb_3,3523,0.4098417868776175,Single-stranded DNA-binding protein
sorA_5,3507,0.40798045602605865,PTS system sorbose-specific EIIC component
sasA_1,3470,0.40367612843182876,Adaptive-response sensory-kinase SasA
sasA_2,3470,0.40367612843182876,Adaptive-response sensory-kinase SasA
sorB_4,3464,0.40297812936249416,PTS system sorbose-specific EIIB component
cas2,3460,0.4025127966496045,CRISPR-associated endoribonuclease Cas2
cas1,3423,0.3982084690553746,CRISPR-associated endonuclease Cas1
xylB_1,3413,0.39704513727315033,Xylulose kinase
xylB_2,3413,0.39704513727315033,Xylulose kinase
xylA,3393,0.3947184737087017,Xylose isomerase
nagC,3369,0.39192647743136344,N-acetylglucosamine repressor
bcrA,3332,0.38762214983713356,Bacitracin transport ATP-binding protein BcrA
mobA_1,3328,0.3871568171242438,putative molybdenum cofactor guanylyltransferase
mobA_2,3328,0.3871568171242438,Molybdenum cofactor guanylyltransferase
panE_3,3309,0.3849464867380177,2-dehydropantoate 2-reductase
gatB_1,3293,0.3830851558864588,PTS system galactitol-specific EIIB component
gatB_2,3293,0.3830851558864588,Aspartyl/glutamyl-tRNA(Asn/Gln) amidotransferase subunit B
iolG,3285,0.3821544904606794,Inositol 2-dehydrogenase/D-chiro-inositol 3-dehydrogenase
ybbH_6,3275,0.3809911586784551,putative HTH-type transcriptional regulator YbbH
yurK,3270,0.38040949278734293,putative HTH-type transcriptional regulator YurK
recT,3261,0.3793624941833411,Protein RecT
pfs,3250,0.3780828292228944,Aminodeoxyfutalosine nucleosidase
natA,3238,0.37668683108422524,ABC transporter ATP-binding protein NatA
ulaB,3169,0.3686598417868776,Ascorbate-specific PTS system EIIB component
ulaC,3161,0.3677291763610982,Ascorbate-specific PTS system EIIA component
gph_4,3160,0.36761284318287574,Phosphoglycolate phosphatase
natA_1,3158,0.36738017682643087,ABC transporter ATP-binding protein NatA
natA_2,3158,0.36738017682643087,ABC transporter ATP-binding protein NatA
yncB,3098,0.36040018613308517,Endonuclease YncB
lagD,3083,0.3586551884597487,Lactococcin-G-processing and transport ATP-binding protein LagD
bglH_3,3053,0.35516519311307587,Aryl-phospho-beta-D-glucosidase BglH
xerC_8,2982,0.3469055374592834,Tyrosine recombinase XerC
topB_2,2977,0.34632387156817124,DNA topoisomerase 3
topB_1,2977,0.34632387156817124,DNA topoisomerase 3
asa1_2,2964,0.3448115402512797,Aggregation substance
asa1_1,2964,0.3448115402512797,Aggregation substance
dppE_10,2891,0.33631921824104233,Dipeptide-binding protein DppE
ugl,2840,0.33038622615169844,Unsaturated chondroitin disaccharide hydrolase
levD,2800,0.3257328990228013,PTS system fructose-specific EIIA component
udk_1,2774,0.32270823638901813,Uridine kinase
udk_2,2774,0.32270823638901813,Uridine kinase
moaA_2,2771,0.32235923685435086,"GTP 3',8-cyclase"
moaA_1,2771,0.32235923685435086,"GTP 3',8-cyclase"
ghrB,2769,0.322126570497906,Glyoxylate/hydroxypyruvate reductase B
mgtA_1,2757,0.32073057235923685,"Magnesium-transporting ATPase, P-type 1"
mgtA_2,2757,0.32073057235923685,"Magnesium-transporting ATPase, P-type 1"
tarD,2754,0.3203815728245696,Glycerol-3-phosphate cytidylyltransferase
hin_1,2753,0.3202652396463471,DNA-invertase hin
hin_2,2753,0.3202652396463471,DNA-invertase hin
prgT,2751,0.32003257328990226,Putative regulatory protein PrgT
bin3_3,2699,0.31398324802233596,Putative transposon Tn552 DNA-invertase bin3
vanYB,2692,0.31316891577477896,D-alanyl-D-alanine carboxypeptidase
csn2,2689,0.3128199162401117,CRISPR-associated protein Csn2
rpmF,2668,0.3103769194974407,50S ribosomal protein L32
wbbD,2664,0.30991158678455094,"UDP-Gal:alpha-D-GlcNAc-diphosphoundecaprenol beta-1,3-galactosyltransferase"
btuD_10,2633,0.30630525825965566,Vitamin B12 import ATP-binding protein BtuD
gatA_1,2632,0.30618892508143325,PTS system galactitol-specific EIIA component
gatA_2,2632,0.30618892508143325,Glutamyl-tRNA(Gln) amidotransferase subunit A
celB_1,2629,0.3058399255467659,PTS system cellobiose-specific EIIC component
celB_2,2629,0.3058399255467659,PTS system cellobiose-specific EIIC component
asa1,2616,0.3043275942298744,Aggregation substance
cas9,2569,0.2988599348534202,CRISPR-associated endonuclease Cas9
mtaD,2556,0.2973476035365286,5-methylthioadenosine/S-adenosylhomocysteine deaminase
aadK_1,2525,0.29374127501163333,Aminoglycoside 6-adenylyltransferase
aadK_2,2525,0.29374127501163333,Aminoglycoside 6-adenylyltransferase
ytbE,2503,0.29118194509073986,putative oxidoreductase YtbE
lacF_2,2496,0.29036761284318285,PTS system lactose-specific EIIA component
lacF_1,2496,0.29036761284318285,Lactose transport system permease protein LacF
ltrA,2472,0.28757561656584457,Group II intron-encoded protein LtrA
gmuR_2,2466,0.28687761749651003,HTH-type transcriptional regulator GmuR
gmuR_1,2466,0.28687761749651003,HTH-type transcriptional regulator GmuR
yvgN,2459,0.286063285248953,Glyoxal reductase
esxA,2450,0.28501628664495116,Type VII secretion system extracellular protein A
lmrA,2447,0.28466728711028383,Multidrug resistance ABC transporter ATP-binding and permease protein
rhaR_6,2433,0.2830386226151698,HTH-type transcriptional activator RhaR
yddE,2428,0.2824569567240577,putative isomerase YddE
manR_2,2418,0.2812936249418334,Transcriptional regulator ManR
manR_1,2418,0.2812936249418334,Transcriptional regulator ManR
sstT_2,2417,0.281177291763611,Serine/threonine transporter SstT
sstT_1,2417,0.281177291763611,Serine/threonine transporter SstT
dgoA,2410,0.280362959516054,2-dehydro-3-deoxy-6-phosphogalactonate aldolase
dgoD,2402,0.27943229409027454,D-galactonate dehydratase
tagF,2396,0.27873429502094,Teichoic acid poly(glycerol phosphate) polymerase
resA,2368,0.275476966030712,Thiol-disulfide oxidoreductase ResA
moeA,2351,0.27349930200093064,Molybdopterin molybdenumtransferase
ssb,2338,0.2719869706840391,Single-stranded DNA-binding protein
clpP_2,2326,0.27059097254536996,ATP-dependent Clp protease proteolytic subunit
clpP_1,2326,0.27059097254536996,ATP-dependent Clp protease proteolytic subunit
manZ_11,2308,0.2684969753373662,PTS system mannose-specific EIID component
lacC_3,2303,0.2679153094462541,Tagatose-6-phosphate kinase
rclA,2296,0.2671009771986971,putative pyridine nucleotide-disulfide oxidoreductase RclA
qseB,2294,0.2668683108422522,Transcriptional regulatory protein QseB
aphA,2292,0.26663564448580734,Aminoglycoside 3'-phosphotransferase
gatC_3,2286,0.2659376454164728,PTS system galactitol-specific EIIC component
stp,2286,0.2659376454164728,Multidrug resistance protein Stp
panD,2278,0.26500697999069334,Aspartate 1-decarboxylase
pglK,2267,0.2637273150302466,Protein glycosylation K
panB,2259,0.2627966496044672,3-methyl-2-oxobutanoate hydroxymethyltransferase
bcrA_2,2247,0.26140065146579805,Bacitracin transport ATP-binding protein BcrA
bcrA_1,2247,0.26140065146579805,Bacitracin transport ATP-binding protein BcrA
nudG,2214,0.2575616565844579,CTP pyrophosphohydrolase
srmB,2201,0.2560493252675663,ATP-dependent RNA helicase SrmB
soj_4,2200,0.2559329920893439,Chromosome-partitioning ATPase Soj
gltP_2,2196,0.25546765937645416,Proton/glutamate-aspartate symporter
gltP_1,2196,0.25546765937645416,Proton/glutamate-aspartate symporter
essC,2183,0.2539553280595626,Type VII secretion system protein EssC
bglF_5,2180,0.2536063285248953,PTS system beta-glucoside-specific EIIBCA component
satA,2172,0.2526756630991159,Streptothricin acetyltransferase A
degU,2145,0.2495346672871103,Transcriptional regulatory protein DegU
manX_7,2129,0.24767333643555142,PTS system mannose-specific EIIAB component
xerC_9,2066,0.2403443462075384,Tyrosine recombinase XerC
bacC,2052,0.23871568171242438,Dihydroanticapsin 7-dehydrogenase
lacG,2042,0.23755234993020008,6-phospho-beta-galactosidase
xerD_1,2004,0.2331316891577478,Tyrosine recombinase XerD
xerD_2,2004,0.2331316891577478,Tyrosine recombinase XerD
dps_2,1967,0.2288273615635179,DNA protection during starvation protein
dps_1,1967,0.2288273615635179,DNA protection during starvation protein
aacA-aphD,1928,0.22429036761284318,Bifunctional AAC/APH
COQ5_1,1920,0.22335970218706375,"2-methoxy-6-polyprenyl-1,4-benzoquinol methylase, mitochondrial"
COQ5_2,1920,0.22335970218706375,"2-methoxy-6-polyprenyl-1,4-benzoquinol methylase, mitochondrial"
yfkN,1907,0.22184737087017217,Trifunctional nucleotide phosphoesterase protein YfkN
lacE,1891,0.2199860400186133,PTS system lactose-specific EIICB component
glcR_3,1864,0.21684504420660772,HTH-type transcriptional repressor GlcR
tagF_1,1851,0.21533271288971614,Teichoic acid poly(glycerol phosphate) polymerase
tagF_2,1851,0.21533271288971614,Teichoic acid poly(glycerol phosphate) polymerase
bceA_2,1845,0.21463471382038157,Bacitracin export ATP-binding protein BceA
bceA_1,1845,0.21463471382038157,Bacitracin export ATP-binding protein BceA
lacD_3,1843,0.2144020474639367,"Tagatose 1,6-diphosphate aldolase"
pinR,1816,0.21126105165193113,Serine recombinase PinR
tet(L),1789,0.20812005583992554,tetracycline efflux MFS transporter Tet(L)
lexA_2,1777,0.2067240577012564,LexA repressor
lexA_1,1777,0.2067240577012564,LexA repressor
yydH,1775,0.20649139134481154,Putative peptide zinc metalloprotease protein YydH
yydF,1734,0.20172173103769195,Putative exported peptide YydF
menE_2,1686,0.19613773848301536,2-succinylbenzoate--CoA ligase
menE_1,1686,0.19613773848301536,2-succinylbenzoate--CoA ligase
lgt_1,1686,0.19613773848301536,Phosphatidylglycerol--prolipoprotein diacylglyceryl transferase
lgt_2,1686,0.19613773848301536,Phosphatidylglycerol--prolipoprotein diacylglyceryl transferase
uppP_1,1681,0.19555607259190322,Undecaprenyl-diphosphatase
uppP_2,1681,0.19555607259190322,Undecaprenyl-diphosphatase
lacX_2,1672,0.19450907398790135,"Protein LacX, plasmid"
lacX_1,1672,0.19450907398790135,"Protein LacX, plasmid"
bcrB,1667,0.1939274080967892,Bacitracin transport permease protein BcrB
bcrR,1646,0.1914844113541182,HTH-type transcriptional activator BcrR
immR,1631,0.18973941368078176,HTH-type transcriptional regulator ImmR
bga,1620,0.18845974872033505,Beta-galactosidase
mshD_3,1599,0.18601675197766404,Mycothiol acetyltransferase
lagD_2,1595,0.1855514192647743,Lactococcin-G-processing and transport ATP-binding protein LagD
lagD_1,1595,0.1855514192647743,Lactococcin-G-processing and transport ATP-binding protein LagD
ybdM,1589,0.18485342019543974,putative protein YbdM
srtA,1582,0.18403908794788273,Sortase A
pemK,1577,0.1834574220567706,Endoribonuclease PemK
adhR,1572,0.18287575616565846,HTH-type transcriptional regulator AdhR
licR_2,1572,0.18287575616565846,putative licABCH operon regulator
licR_1,1572,0.18287575616565846,putative licABCH operon regulator
lnrL,1547,0.17996742671009772,Linearmycin resistance ATP-binding protein LnrL
gatC,1514,0.17612843182875756,Glutamyl-tRNA(Gln) amidotransferase subunit C
kdpE,1508,0.175430432759423,Transcriptional regulatory protein KdpE
bin3,1500,0.17449976733364356,Putative transposon Tn552 DNA-invertase bin3
glvR,1497,0.17415076779897626,HTH-type transcriptional regulator GlvR
kdpB,1480,0.17217310376919498,Potassium-transporting ATPase ATP-binding subunit
bga_3,1477,0.17182410423452768,Beta-galactosidase
soj,1467,0.1706607724523034,Sporulation initiation inhibitor protein Soj
prgT_2,1466,0.17054443927408097,Putative regulatory protein PrgT
prgT_1,1466,0.17054443927408097,Putative regulatory protein PrgT
kdpA,1463,0.17019543973941367,Potassium-transporting ATPase potassium-binding subunit
kdpC,1461,0.16996277338296883,Potassium-transporting ATPase KdpC subunit
mepA_1,1460,0.1698464402047464,Multidrug export protein MepA
mepA_2,1460,0.1698464402047464,Multidrug export protein MepA
kdpD,1459,0.16973010702652397,Sensor protein KdpD
recF_1,1455,0.16926477431363424,DNA replication and repair protein RecF
recF_2,1455,0.16926477431363424,DNA replication and repair protein RecF
ppaX,1451,0.16879944160074453,Pyrophosphatase PpaX
oppA_2,1442,0.16775244299674266,Oligopeptide-binding protein OppA
oppA_1,1442,0.16775244299674266,Oligopeptide-binding protein OppA
xerC_10,1394,0.16216845044206607,Tyrosine recombinase XerC
licT_3,1388,0.1614704513727315,Transcription antiterminator LicT
ugl_3,1365,0.15879478827361562,Unsaturated chondroitin disaccharide hydrolase
gdh,1361,0.15832945556072592,NADP-specific glutamate dehydrogenase
kdgA_1,1353,0.15739879013494648,KHG/KDPG aldolase
kdgA_2,1353,0.15739879013494648,KHG/KDPG aldolase
epsJ,1350,0.1570497906002792,putative glycosyltransferase EpsJ
dinB_4,1344,0.1563517915309446,DNA polymerase IV
cspL_1,1344,0.1563517915309446,Cold shock protein 2
cspL_2,1344,0.1563517915309446,Cold shock protein 2
lcnD,1329,0.1546067938576082,Lactococcin A secretion protein LcnD
ssb_4,1309,0.15228013029315962,Single-stranded DNA-binding protein
gatC_4,1293,0.15041879944160075,Glutamyl-tRNA(Gln) amidotransferase subunit C
yycJ_2,1291,0.15018613308515588,Putative metallo-hydrolase YycJ
yycJ_1,1291,0.15018613308515588,Putative metallo-hydrolase YycJ
ligA_1,1290,0.15006979990693345,DNA ligase
ligA_2,1290,0.15006979990693345,DNA ligase
recU_2,1287,0.14972080037226618,Holliday junction resolvase RecU
recU_1,1287,0.14972080037226618,Holliday junction resolvase RecU
agaC_5,1271,0.1478594695207073,N-acetylgalactosamine permease IIC component 1
comA,1266,0.14727780362959517,Transcriptional regulatory protein ComA
licA_2,1258,0.14634713820381573,Lichenan-specific phosphotransferase enzyme IIA component
licA_1,1258,0.14634713820381573,Lichenan-specific phosphotransferase enzyme IIA component
fabG_1,1255,0.14599813866914843,3-oxoacyl-[acyl-carrier-protein] reductase FabG
fabG_2,1255,0.14599813866914843,3-oxoacyl-[acyl-carrier-protein] reductase FabG
tcyC,1239,0.14413680781758959,L-cystine import ATP-binding protein TcyC
licC_7,1218,0.14169381107491857,Lichenan permease IIC component
yhdJ,1210,0.14076314564913914,DNA adenine methyltransferase YhdJ
celA_4,1206,0.1402978129362494,PTS system cellobiose-specific EIIB component
phnE,1179,0.13715681712424382,Phosphate-import permease protein PhnE
acpB,1179,0.13715681712424382,Capsule synthesis positive regulator AcpB
xre,1178,0.13704048394602142,HTH-type transcriptional regulator Xre
yybR_1,1176,0.13680781758957655,putative HTH-type transcriptional regulator YybR
yybR_2,1176,0.13680781758957655,putative HTH-type transcriptional regulator YybR
murJ_3,1175,0.13669148441135412,Lipid II flippase MurJ
yeiL_2,1174,0.1365751512331317,Regulatory protein YeiL
yeiL_1,1174,0.1365751512331317,Regulatory protein YeiL
phnD,1174,0.1365751512331317,Phosphate-import protein PhnD
cpdA,1164,0.1354118194509074,"3',5'-cyclic adenosine monophosphate phosphodiesterase CpdA"
rfbX,1163,0.13529548627268498,Putative O-antigen transporter
ugd,1159,0.13483015355979525,UDP-glucose 6-dehydrogenase
mazE,1156,0.13448115402512797,Antitoxin MazE
manZ_12,1152,0.13401582131223824,PTS system mannose-specific EIID component
yokF,1148,0.13355048859934854,SPbeta prophage-derived endonuclease YokF
glnQ_5,1147,0.1334341554211261,Glutamine transport ATP-binding protein GlnQ
asa1_3,1144,0.1330851558864588,Aggregation substance
panC,1141,0.13273615635179153,Pantothenate synthetase
Int-Tn_1,1130,0.1314564913913448,Transposase from transposon Tn916
Int-Tn_2,1130,0.1314564913913448,Transposase from transposon Tn916
pucR_4,1118,0.13006049325267566,Purine catabolism regulatory protein
cat,1111,0.12924616100511865,Chloramphenicol acetyltransferase
yncB_2,1108,0.12889716147045138,Endonuclease YncB
yncB_1,1108,0.12889716147045138,Endonuclease YncB
kduI1_2,1106,0.12866449511400652,4-deoxy-L-threo-5-hexosulose-uronate ketol-isomerase 1
kduD_1,1106,0.12866449511400652,2-dehydro-3-deoxy-D-gluconate 5-dehydrogenase
kduI1_1,1106,0.12866449511400652,4-deoxy-L-threo-5-hexosulose-uronate ketol-isomerase 1
kduD_2,1106,0.12866449511400652,2-dehydro-3-deoxy-D-gluconate 5-dehydrogenase
kdgK_2,1105,0.12854816193578408,2-dehydro-3-deoxygluconokinase
kdgK_1,1105,0.12854816193578408,2-dehydro-3-deoxygluconokinase
mco,1104,0.12843182875756165,Multicopper oxidase mco
degA_4,1097,0.12761749651000465,HTH-type transcriptional regulator DegA
scrB_2,1094,0.12726849697533738,Sucrose-6-phosphate hydrolase
scrB_1,1094,0.12726849697533738,Sucrose-6-phosphate hydrolase
treR_1,1083,0.12598883201489064,HTH-type transcriptional regulator TreR
treR_2,1083,0.12598883201489064,HTH-type transcriptional regulator TreR
treA,1053,0.12249883666821777,Trehalose-6-phosphate hydrolase
bin3_4,1050,0.12214983713355049,Putative transposon Tn552 DNA-invertase bin3
rcsC_4,1040,0.1209865053513262,Sensor histidine kinase RcsC
copB_2,1037,0.12063750581665891,Copper-exporting P-type ATPase B
copB_1,1037,0.12063750581665891,Copper-exporting P-type ATPase B
sorA_6,1026,0.11935784085621219,PTS system sorbose-specific EIIC component
spsB,1015,0.11807817589576547,Signal peptidase IB
clpC_2,1012,0.11772917636109818,putative ATP-dependent Clp protease ATP-binding subunit
clpC_1,1012,0.11772917636109818,Negative regulator of genetic competence ClpC/MecB
rbsK,991,0.11528617961842717,Ribokinase
srlR_1,975,0.11342484876686831,Glucitol operon repressor
srlR_2,975,0.11342484876686831,Glucitol operon repressor
rpe_1,973,0.11319218241042345,Ribulose-phosphate 3-epimerase
rpe_2,973,0.11319218241042345,Ribulose-phosphate 3-epimerase
rpiB,972,0.11307584923220103,Ribose-5-P isomerase B
dinG_3,969,0.11272684969753374,3'-5' exonuclease DinG
gatA_3,966,0.11237785016286644,Glutamyl-tRNA(Gln) amidotransferase subunit A
copA_1,963,0.11202885062819916,Copper-exporting P-type ATPase
copA_2,963,0.11202885062819916,Copper-exporting P-type ATPase
dnaC_2,952,0.11074918566775244,Replicative DNA helicase
dnaC_1,952,0.11074918566775244,DNA replication protein DnaC
gmuF,951,0.11063285248953002,putative mannose-6-phosphate isomerase GmuF
dkgA,946,0.11005118659841787,"2,5-diketo-D-gluconic acid reductase A"
hxlB_2,944,0.10981852024197301,3-hexulose-6-phosphate isomerase
hxlB_1,944,0.10981852024197301,3-hexulose-6-phosphate isomerase
hxlB_3,943,0.10970218706375058,3-hexulose-6-phosphate isomerase
cadA_2,939,0.10923685435086086,"Cadmium, zinc and cobalt-transporting ATPase"
cadA_1,939,0.10923685435086086,Cadmium-transporting ATPase
apt_1,929,0.10807352256863657,Adenine phosphoribosyltransferase
apt_2,929,0.10807352256863657,Adenine phosphoribosyltransferase
panC_2,925,0.10760818985574686,Pantothenate synthetase
panC_1,925,0.10760818985574686,Pantothenate synthetase
menF,924,0.10749185667752444,Isochorismate synthase MenF
rpe_3,924,0.10749185667752444,Ribulose-phosphate 3-epimerase
yxdL_1,921,0.10714285714285714,ABC transporter ATP-binding protein YxdL
pknD_2,921,0.10714285714285714,Serine/threonine-protein kinase PknD
pknD_1,921,0.10714285714285714,Serine/threonine-protein kinase PknD
yxdL_2,921,0.10714285714285714,ABC transporter ATP-binding protein YxdL
gpmA_5,921,0.10714285714285714,"2,3-bisphosphoglycerate-dependent phosphoglycerate mutase"
strB1,920,0.10702652396463472,Inosamine-phosphate amidinotransferase 1
dppE_11,913,0.10621219171707771,Dipeptide-binding protein DppE
arnC_5,910,0.10586319218241043,Undecaprenyl-phosphate 4-deoxy-4-formamido-L-arabinose transferase
ydhK,906,0.10539785946952071,putative protein YdhK
sstT_3,905,0.10528152629129828,Serine/threonine transporter SstT
gseA,887,0.10318752908329455,Glutamyl endopeptidase
bca,880,0.10237319683573755,C protein alpha-antigen
manP_3,865,0.10062819916240112,PTS system mannose-specific EIIBCA component
ssbA,856,0.09958120055839925,Single-stranded DNA-binding protein A
lacA_2,854,0.0993485342019544,Galactose-6-phosphate isomerase subunit LacA
lacA_1,854,0.0993485342019544,Galactose-6-phosphate isomerase subunit LacA
manR_3,852,0.09911586784550953,Transcriptional regulator ManR
copY_2,826,0.09609120521172639,Transcriptional repressor CopY
copY_1,826,0.09609120521172639,Transcriptional repressor CopY
soj_5,819,0.09527687296416938,Sporulation initiation inhibitor protein Soj
adk_1,813,0.09457887389483481,Adenylate kinase
adk_2,813,0.09457887389483481,Adenylate kinase
melR,813,0.09457887389483481,HTH-type transcriptional repressor MelR
yybR,813,0.09457887389483481,putative HTH-type transcriptional regulator YybR
vanH,812,0.09446254071661238,D-specific alpha-keto acid dehydrogenase
copA_3,801,0.09318287575616566,Copper-exporting P-type ATPase
sorB_5,798,0.09283387622149837,PTS system sorbose-specific EIIB component
ugpQ,798,0.09283387622149837,"Glycerophosphodiester phosphodiesterase, cytoplasmic"
xerC_11,796,0.09260120986505352,Tyrosine recombinase XerC
phoP_3,787,0.09155421126105165,Alkaline phosphatase synthesis transcriptional regulatory protein PhoP
bglA_3,786,0.09143787808282923,Aryl-phospho-beta-D-glucosidase BglA
cas9-1,786,0.09143787808282923,CRISPR-associated endonuclease Cas9 1
lacR_1,783,0.09108887854816193,Lactose phosphotransferase system repressor
lacR_2,783,0.09108887854816193,Lactose phosphotransferase system repressor
yesO,782,0.09097254536993951,Putative ABC transporter substrate-binding protein YesO
mshA,781,0.09085621219171708,D-inositol-3-phosphate glycosyltransferase
siaQ,781,0.09085621219171708,Sialic acid TRAP transporter small permease protein SiaQ
ykoT,780,0.09073987901349465,putative glycosyltransferase YkoT
tagU_6,774,0.09004187994416007,Polyisoprenyl-teichoic acid--peptidoglycan teichoic acid transferase TagU
parA,773,0.08992554676593764,Chromosome partitioning protein ParA
phrA,766,0.08911121451838064,Deoxyribodipyrimidine photo-lyase
lnrM,764,0.08887854816193579,Linearmycin resistance permease protein LnrM
yxlF,757,0.08806421591437878,putative ABC transporter ATP-binding protein YxlF
lysA_1,751,0.08736621684504421,Diaminopimelate decarboxylase
lysA_2,751,0.08736621684504421,Diaminopimelate decarboxylase
cynR_4,733,0.08527221963704049,HTH-type transcriptional regulator CynR
silP,728,0.08469055374592833,Silver exporting P-type ATPase
lgt_3,722,0.08399255467659376,Phosphatidylglycerol--prolipoprotein diacylglyceryl transferase
licH_2,698,0.08120055839925547,putative 6-phospho-beta-glucosidase
licH_1,698,0.08120055839925547,putative 6-phospho-beta-glucosidase
lon,693,0.08061889250814332,Lon protease
topB_3,690,0.08026989297347603,DNA topoisomerase 3
nuoF,689,0.08015355979525361,NADH-quinone oxidoreductase subunit F
aadK_3,686,0.07980456026058631,Aminoglycoside 6-adenylyltransferase
nagR_4,681,0.07922289436947418,HTH-type transcriptional repressor NagR
btuD_11,680,0.07910656119125174,Vitamin B12 import ATP-binding protein BtuD
bspRIM,675,0.0785248953001396,Modification methylase BspRI
vanX,674,0.07840856212191717,D-alanyl-D-alanine dipeptidase
vanA,674,0.07840856212191717,Vancomycin/teicoplanin A-type resistance protein VanA
arnC,667,0.07759422987436017,Undecaprenyl-phosphate 4-deoxy-4-formamido-L-arabinose transferase
vanY,664,0.07724523033969288,D-alanyl-D-alanine carboxypeptidase
ywqD,662,0.07701256398324802,Tyrosine-protein kinase YwqD
mhqD,653,0.07596556537924616,Putative hydrolase MhqD
ywqC,653,0.07596556537924616,putative capsular polysaccharide biosynthesis protein YwqC
hhaIM,646,0.07515123313168916,Modification methylase HhaI
manZ_13,642,0.07468590041879944,PTS system mannose-specific EIID component
repN,641,0.074569567240577,Replication initiation protein
rpmF_4,641,0.074569567240577,50S ribosomal protein L32
bioA,637,0.0741042345276873,Adenosylmethionine-8-amino-7-oxononanoate aminotransferase
ydbD,632,0.07352256863657515,putative manganese catalase
essC_1,629,0.07317356910190786,Type VII secretion system protein EssC
essC_2,629,0.07317356910190786,Type VII secretion system protein EssC
ywqE,629,0.07317356910190786,Tyrosine-protein phosphatase YwqE
rhaS_4,623,0.0724755700325733,HTH-type transcriptional activator RhaS
smc_3,621,0.07224290367612843,Chromosome partition protein Smc
addA_1,614,0.07142857142857142,ATP-dependent helicase/nuclease subunit A
addA_2,614,0.07142857142857142,ATP-dependent helicase/nuclease subunit A
malL,597,0.06945090739879013,"Oligo-1,6-glucosidase"
btsR,591,0.06875290832945556,Transcriptional regulatory protein BtsR
hchA_2,574,0.06677524429967427,Protein/nucleic acid deglycase 1
hchA_1,574,0.06677524429967427,Protein/nucleic acid deglycase HchA
moaA2,570,0.06630991158678455,"GTP 3',8-cyclase 2"
hsdR,568,0.0660772452303397,Type-1 restriction enzyme R protein
hsdM,566,0.06584457887389483,Type I restriction enzyme EcoKI M protein
copZ,566,0.06584457887389483,Copper chaperone CopZ
bglH_4,561,0.0652629129827827,Aryl-phospho-beta-D-glucosidase BglH
pglC,559,0.06503024662633783,"Undecaprenyl phosphate N,N'-diacetylbacillosamine 1-phosphate transferase"
lipL,559,0.06503024662633783,Octanoyl-[GcvH]:protein N-octanoyltransferase
pglF,556,0.06468124709167054,UDP-N-acetyl-alpha-D-glucosamine C6 dehydratase
gtfA,550,0.06398324802233597,UDP-N-acetylglucosamine--peptide N-acetylglucosaminyltransferase GtfA subunit
macB_3,549,0.06386691484411354,Macrolide export ATP-binding/permease protein MacB
coiA,548,0.0637505816658911,Competence protein CoiA
epsN,545,0.06340158213122382,Putative pyridoxal phosphate-dependent aminotransferase EpsN
dpnM,542,0.06305258259655654,Modification methylase DpnIIA
lacB_2,537,0.06247091670544439,Galactose-6-phosphate isomerase subunit LacB
lacB_1,537,0.06247091670544439,Galactose-6-phosphate isomerase subunit LacB
yydJ_2,534,0.062121917170777106,putative peptide export permease protein YydJ
yydJ_1,534,0.062121917170777106,putative peptide export permease protein YydJ
topA_2,531,0.06177291763610982,DNA topoisomerase 1
topA_1,531,0.06177291763610982,DNA topoisomerase 1
repD,524,0.06095858538855282,Replication initiation protein
dexB_2,523,0.060842252210330384,"Glucan 1,6-alpha-glucosidase"
dexB_1,523,0.060842252210330384,"Glucan 1,6-alpha-glucosidase"
pspB,519,0.06037691949744067,Putative phosphoserine phosphatase 2
otnC,518,0.06026058631921824,3-oxo-tetronate 4-phosphate decarboxylase
wbpI,511,0.059446254071661236,"UDP-2,3-diacetamido-2,3-dideoxy-D-glucuronate 2-epimerase"
wbjC,511,0.059446254071661236,"UDP-2-acetamido-2,6-beta-L-arabino-hexul-4-ose reductase"
lagD_3,511,0.059446254071661236,Lactococcin-G-processing and transport ATP-binding protein LagD
capD,511,0.059446254071661236,UDP-glucose 4-epimerase
tal,505,0.058748255002326666,Transaldolase
galR,505,0.058748255002326666,HTH-type transcriptional regulator GalR
tpi-2,505,0.058748255002326666,Triosephosphate isomerase 2
epsM,501,0.05828292228943695,Putative acetyltransferase EpsM
yknY_4,500,0.05816658911121452,putative ABC transporter ATP-binding protein YknY
hin_3,497,0.05781758957654723,DNA-invertase hin
walR_3,489,0.0568869241507678,Transcriptional regulatory protein WalR
manP_4,488,0.05677059097254537,PTS system mannose-specific EIIBCA component
yadG_1,486,0.056537924616100514,putative ABC transporter ATP-binding protein YadG
yadG_2,486,0.056537924616100514,putative ABC transporter ATP-binding protein YadG
lsa(E),485,0.05642159143787808,ABC-F type ribosomal protection protein Lsa(E)
gbpA,485,0.05642159143787808,GlcNAc-binding protein A
metK_2,472,0.05490926012098651,S-adenosylmethionine synthase
metK_1,472,0.05490926012098651,S-adenosylmethionine synthase
iolU,470,0.05467659376454165,scyllo-inositol 2-dehydrogenase (NADP(+)) IolU
rbn,464,0.05397859469520707,Ribonuclease BN
levE_3,459,0.053396928804094926,PTS system fructose-specific EIIB component
moaA_3,458,0.0532805956258725,"GTP 3',8-cyclase"
yodC_3,457,0.05316426244765007,Putative NAD(P)H nitroreductase YodC
dapH_3,454,0.05281526291298278,"2,3,4,5-tetrahydropyridine-2,6-dicarboxylate N-acetyltransferase"
yknX_1,453,0.052698929734760355,Putative efflux system component YknX
yknX_2,453,0.052698929734760355,Putative efflux system component YknX
purL_1,449,0.05223359702187064,Phosphoribosylformylglycinamidine synthase subunit PurL
purL_2,449,0.05223359702187064,Phosphoribosylformylglycinamidine synthase subunit PurL
msbA,441,0.05130293159609121,Lipid A export ATP-binding/permease protein MsbA
gdhI,441,0.05130293159609121,Glucose 1-dehydrogenase 1
katA_2,440,0.051186598417868774,Vegetative catalase
katA_1,440,0.051186598417868774,Vegetative catalase
cdr_1,438,0.050953932061423915,Coenzyme A disulfide reductase
cdr_2,438,0.050953932061423915,Coenzyme A disulfide reductase
cadC,434,0.050488599348534204,Cadmium resistance transcriptional regulatory protein CadC
napA,430,0.050023266635644485,Na(+)/H(+) antiporter
xerC_12,430,0.050023266635644485,Tyrosine recombinase XerC
doc,426,0.04955793392275477,Toxin Doc
yjdF,425,0.04944160074453234,putative protein YjdF
yjcQ,424,0.049325267566309915,putative protein YjcQ
apc1,422,0.049092601209865055,Acetophenone carboxylase alpha subunit
ybiT_3,421,0.04897626803164262,putative ABC transporter ATP-binding protein YbiT
bin3_5,418,0.04862726849697534,Putative transposon Tn552 DNA-invertase bin3
ltaS1,418,0.04862726849697534,Lipoteichoic acid synthase 1
ftsE_2,411,0.047812936249418334,Cell division ATP-binding protein FtsE
ftsE_1,411,0.047812936249418334,Cell division ATP-binding protein FtsE
mngB_2,411,0.047812936249418334,Mannosylglycerate hydrolase
mngB_1,411,0.047812936249418334,Mannosylglycerate hydrolase
sfrA,409,0.047580269892973474,NADPH-Fe(3+) oxidoreductase subunit alpha
uidA,408,0.04746393671475105,Beta-glucuronidase
dgaF,406,0.04723127035830619,2-dehydro-3-deoxy-phosphogluconate aldolase
malL_3,405,0.04711493718008376,"Oligo-1,6-glucosidase"
lolD,403,0.046882270823638904,Lipoprotein-releasing system ATP-binding protein LolD
ribZ_1,402,0.04676593764541647,Riboflavin transporter RibZ
ribZ_2,402,0.04676593764541647,Riboflavin transporter RibZ
qacC,395,0.04595160539785947,Quaternary ammonium compound-resistance protein QacC
fruA_4,394,0.04583527221963704,PTS system fructose-specific EIIABC component
crp,392,0.04560260586319218,cAMP-activated global transcriptional regulator CRP
yidA_3,388,0.045137273150302464,Sugar phosphatase YidA
entP,387,0.04502093997208004,Bacteriocin enterocin-P
yafQ_1,386,0.04490460679385761,mRNA interferase toxin YafQ
yafQ_2,386,0.04490460679385761,mRNA interferase toxin YafQ
fdhF,383,0.04455560725919032,Formate dehydrogenase H
dld,381,0.04432294090274546,Quinone-dependent D-lactate dehydrogenase
arlR_1,380,0.044206607724523034,Response regulator ArlR
arlR_2,380,0.044206607724523034,Response regulator ArlR
gatC_5,379,0.04409027454630061,Glutamyl-tRNA(Gln) amidotransferase subunit C
rep,378,0.043973941368078175,ATP-dependent DNA helicase Rep
apxIB,377,0.04385760818985575,Toxin RTX-I translocation ATP-binding protein
dpnA,375,0.04362494183341089,Modification methylase DpnIIB
pepF1_2,374,0.04350860865518846,"Oligoendopeptidase F, plasmid"
pepF1_1,374,0.04350860865518846,"Oligoendopeptidase F, plasmid"
ssb_5,369,0.04292694276407631,Single-stranded DNA-binding protein
sdpR,362,0.04211261051651931,Transcriptional repressor SdpR
nanA,358,0.0416472778036296,N-acetylneuraminate lyase
bcrA_3,353,0.04106561191251745,Bacitracin transport ATP-binding protein BcrA
nanB,349,0.040600279199627734,Sialidase B
yjhC,349,0.040600279199627734,putative oxidoreductase YjhC
lacD2,348,0.04048394602140531,"Tagatose 1,6-diphosphate aldolase 2"
hdfR,346,0.04025127966496045,HTH-type transcriptional regulator HdfR
lacA_3,340,0.03955328059562587,Galactose-6-phosphate isomerase subunit LacA
mgrA,338,0.03932061423918101,HTH-type transcriptional regulator MgrA
sglT,335,0.03897161470451373,Sodium/glucose cotransporter
esxA_2,335,0.03897161470451373,Type VII secretion system extracellular protein A
esxA_1,335,0.03897161470451373,Type VII secretion system extracellular protein A
acuI_2,332,0.03862261516984644,putative acrylyl-CoA reductase AcuI
acuI_1,332,0.03862261516984644,putative acrylyl-CoA reductase AcuI
licC_8,331,0.03850628199162401,Lichenan permease IIC component
comFA_1,330,0.03838994881340158,ComF operon protein 1
comFA_2,330,0.03838994881340158,ComF operon protein 1
uvrB_1,328,0.03815728245695672,UvrABC system protein B
uvrB_2,328,0.03815728245695672,UvrABC system protein B
gatB_3,323,0.03757561656584458,PTS system galactitol-specific EIIB component
lacD,323,0.03757561656584458,"Tagatose 1,6-diphosphate aldolase"
arsA,321,0.03734295020939972,Arsenical pump-driving ATPase
acr3_2,321,0.03734295020939972,Arsenical-resistance protein Acr3
acr3_1,321,0.03734295020939972,Arsenical-resistance protein Acr3
glmS,320,0.03722661703117729,Glutamine--fructose-6-phosphate aminotransferase [isomerizing]
yoaB,312,0.03629595160539786,Calcium-transporting ATPase 1
strA_1,311,0.03617961842717543,Sortase A
strA_2,311,0.03617961842717543,Sortase A
glcR,310,0.036063285248953005,HTH-type transcriptional repressor GlcR
ulaA,309,0.03594695207073057,Ascorbate-specific PTS system EIIC component
mro_2,305,0.03548161935784085,Aldose 1-epimerase
mro_1,305,0.03548161935784085,Aldose 1-epimerase
manX_8,304,0.03536528617961843,PTS system mannose-specific EIIAB component
znuA_2,304,0.03536528617961843,High-affinity zinc uptake system binding-protein ZnuA
znuA_1,304,0.03536528617961843,High-affinity zinc uptake system binding-protein ZnuA
iolG_4,299,0.03478362028850628,Inositol 2-dehydrogenase/D-chiro-inositol 3-dehydrogenase
yadH_2,298,0.03466728711028385,Inner membrane transport permease YadH
yadH_1,298,0.03466728711028385,Inner membrane transport permease YadH
mazF,295,0.034318287575616564,Endoribonuclease toxin MazF
rapA_2,294,0.03420195439739414,RNA polymerase-associated protein RapA
rapA_1,294,0.03420195439739414,RNA polymerase-associated protein RapA
ecfT_3,292,0.03396928804094928,Energy-coupling factor transporter transmembrane protein EcfT
mdtD,292,0.03396928804094928,Putative multidrug resistance protein MdtD
arsD,292,0.03396928804094928,Arsenical resistance operon trans-acting repressor ArsD
Int-Tn_3,291,0.03385295486272685,Transposase from transposon Tn916
dgaR_6,290,0.03373662168450442,Transcriptional regulatory protein DagR
emrB,289,0.033620288506281994,Multidrug export protein EmrB
treP,288,0.03350395532805956,"Alpha,alpha-trehalose phosphorylase"
uvrA_3,287,0.033387622149837134,UvrABC system protein A
asa1_4,287,0.033387622149837134,Aggregation substance
haeIIIM,284,0.03303862261516985,Modification methylase HaeIII
selD_2,284,0.03303862261516985,"Selenide, water dikinase"
selD_1,284,0.03303862261516985,"Selenide, water dikinase"
murR_3,282,0.03280595625872499,HTH-type transcriptional regulator MurR
queE,281,0.03268962308050256,7-carboxy-7-deazaguanine synthase
merR1,280,0.03257328990228013,Mercuric resistance operon regulatory protein
proX,276,0.03210795718939041,Prolyl-tRNA editing protein ProX
merA,276,0.03210795718939041,Mercuric reductase
optrA,272,0.0316426244765007,ABC-F type ribosomal protection protein OptrA
galE,270,0.03140995812005584,UDP-glucose 4-epimerase
xkdM,267,0.031060958585388553,Phage-like element PBSX protein XkdM
agrB_1,267,0.031060958585388553,Accessory gene regulator protein B
fexA,267,0.031060958585388553,chloramphenicol/florfenicol efflux MFS transporter FexA
yqbN,267,0.031060958585388553,putative protein YqbN
agrB_2,267,0.031060958585388553,Accessory gene regulator protein B
chbG,264,0.030711959050721264,Chitooligosaccharide deacetylase
uxuA_1,259,0.03013029315960912,Mannonate dehydratase
uxuA_2,259,0.03013029315960912,Mannonate dehydratase
gatA_4,257,0.02989762680316426,PTS system galactitol-specific EIIA component
speG_2,255,0.029664960446719405,Spermidine N(1)-acetyltransferase
licT,255,0.029664960446719405,Transcription antiterminator LicT
speG_1,255,0.029664960446719405,Spermidine N(1)-acetyltransferase
opuBA,255,0.029664960446719405,Choline transport ATP-binding protein OpuBA
pdhC_2,254,0.029548627268496976,Dihydrolipoyllysine-residue acetyltransferase component of pyruvate dehydrogenase complex
pdhC_1,254,0.029548627268496976,Dihydrolipoyllysine-residue acetyltransferase component of pyruvate dehydrogenase complex
ydjJ,254,0.029548627268496976,putative zinc-type alcohol dehydrogenase-like protein YdjJ
gmuC_1,253,0.029432294090274546,PTS system oligo-beta-mannoside-specific EIIC component
gmuC_2,253,0.029432294090274546,PTS system oligo-beta-mannoside-specific EIIC component
bglF_6,251,0.029199627733829687,PTS system beta-glucoside-specific EIIBCA component
bglK_1,249,0.02896696137738483,Beta-glucoside kinase
bglK_2,249,0.02896696137738483,Beta-glucoside kinase
dctA,247,0.028734295020939972,C4-dicarboxylate transport protein
banIM,247,0.028734295020939972,Modification methylase BanI
ttuC,245,0.028501628664495113,Sulfur carrier protein adenylyltransferase
prgT_3,244,0.028385295486272687,Putative regulatory protein PrgT
gapA1,241,0.028036295951605398,Glyceraldehyde-3-phosphate dehydrogenase 1
pcrA_2,239,0.02780362959516054,ATP-dependent DNA helicase PcrA
pcrA_1,239,0.02780362959516054,ATP-dependent DNA helicase PcrA
gap,239,0.02780362959516054,Glyceraldehyde-3-phosphate dehydrogenase
opuCA,237,0.027570963238715683,Carnitine transport ATP-binding protein OpuCA
insK,235,0.027338296882270824,Putative transposase InsK for insertion sequence element IS150
repE,234,0.027221963704048394,Replication initiation protein
soj_6,231,0.02687296416938111,Sporulation initiation inhibitor protein Soj
bga_4,231,0.02687296416938111,Beta-galactosidase
ptcB_1,228,0.02652396463471382,PTS system galactose-specific EIIB component
ptcB_2,228,0.02652396463471382,PTS system galactose-specific EIIB component
gatC_6,224,0.026058631921824105,PTS system galactitol-specific EIIC component
acoB,223,0.025942298743601676,"Acetoin:2,6-dichlorophenolindophenol oxidoreductase subunit beta"
uvrD,222,0.025825965565379246,DNA helicase II
nirC,222,0.025825965565379246,Nitrite transporter NirC
acoR,222,0.025825965565379246,Acetoin dehydrogenase operon transcriptional activator AcoR
dinB_5,222,0.025825965565379246,DNA polymerase IV
pacS,222,0.025825965565379246,putative copper-transporting ATPase PacS
pglH,222,0.025825965565379246,"GalNAc-alpha-(1->4)-GalNAc-alpha-(1->3)-diNAcBac-PP-undecaprenol alpha-1,4-N-acetyl-D-galactosaminyltransferase"
acoA,222,0.025825965565379246,"Acetoin:2,6-dichlorophenolindophenol oxidoreductase subunit alpha"
repB,221,0.025709632387156817,Replication protein RepB
bglC_3,217,0.025244299674267102,Aryl-phospho-beta-D-glucosidase BglC
sorC_1,215,0.025011633317822243,PTS system sorbose-specific EIIC component
gstB,215,0.025011633317822243,Glutathione S-transferase GST-6.0
sorC_2,215,0.025011633317822243,PTS system sorbose-specific EIIC component
yoeB,214,0.024895300139599813,Toxin YoeB
lmrA_1,214,0.024895300139599813,Multidrug resistance ABC transporter ATP-binding and permease protein
lmrA_2,214,0.024895300139599813,Multidrug resistance ABC transporter ATP-binding and permease protein
btuD_12,214,0.024895300139599813,Vitamin B12 import ATP-binding protein BtuD
uxaC,214,0.024895300139599813,Uronate isomerase
por,214,0.024895300139599813,Polyol:NADP oxidoreductase
bdhA,213,0.024778966961377383,NADH-dependent butanol dehydrogenase A
nag3,212,0.024662633783154957,Beta-N-acetylglucosaminidase/beta-glucosidase
agaA_1,212,0.024662633783154957,Alpha-galactosidase AgaA
agaA_2,212,0.024662633783154957,N-acetylgalactosamine-6-phosphate deacetylase
yjmB,212,0.024662633783154957,putative symporter YjmB
ytcD,211,0.024546300604932528,putative HTH-type transcriptional regulator YtcD
rspR,211,0.024546300604932528,HTH-type transcriptional repressor RspR
ugpA,210,0.024429967426710098,sn-glycerol-3-phosphate transport system permease protein UgpA
xerD_3,209,0.02431363424848767,Tyrosine recombinase XerD
hpaIIM,208,0.02419730107026524,Modification methylase HpaII
pbpA,206,0.023964634713820383,Penicillin-binding protein 1A
tet(S),205,0.023848301535597954,tetracycline resistance ribosomal protection protein Tet(S)
xerC_13,205,0.023848301535597954,Tyrosine recombinase XerC
lexA_3,203,0.023615635179153095,LexA repressor
dbpA,202,0.023499302000930665,ATP-dependent RNA helicase DbpA
mhqA_5,202,0.023499302000930665,Putative ring-cleaving dioxygenase MhqA
ngcG,200,0.023266635644485806,Diacetylchitobiose uptake system permease protein NgcG
rihA_2,198,0.02303396928804095,Pyrimidine-specific ribonucleoside hydrolase RihA
ecfA3,198,0.02303396928804095,Energy-coupling factor transporter ATP-binding protein EcfA3
rsrIM,198,0.02303396928804095,Modification methylase RsrI
ermA1,198,0.02303396928804095,rRNA adenine N-6-methyltransferase
rihA_1,198,0.02303396928804095,Pyrimidine-specific ribonucleoside hydrolase RihA
alsE_1,197,0.02291763610981852,D-allulose-6-phosphate 3-epimerase
alsE_2,197,0.02291763610981852,D-allulose-6-phosphate 3-epimerase
cna,197,0.02291763610981852,Collagen adhesin
nikE,196,0.02280130293159609,Nickel import system ATP-binding protein NikE
accD_2,196,0.02280130293159609,Acetyl-coenzyme A carboxylase carboxyl transferase subunit beta
accD_1,196,0.02280130293159609,Acetyl-coenzyme A carboxylase carboxyl transferase subunit beta
malX_2,195,0.02268496975337366,PTS system maltose-specific EIICB component
malX_1,195,0.02268496975337366,PTS system maltose-specific EIICB component
yfkN_3,193,0.022452303396928806,Trifunctional nucleotide phosphoesterase protein YfkN
cbh_1,193,0.022452303396928806,Choloylglycine hydrolase
accA_1,193,0.022452303396928806,Acetyl-coenzyme A carboxylase carboxyl transferase subunit alpha
cbh_2,193,0.022452303396928806,Choloylglycine hydrolase
accA_2,193,0.022452303396928806,Acetyl-coenzyme A carboxylase carboxyl transferase subunit alpha
grsB,192,0.022335970218706376,Gramicidin S synthase 2
murR,191,0.022219637040483946,HTH-type transcriptional regulator MurR
nanE_3,188,0.021870637505816658,Putative N-acetylmannosamine-6-phosphate 2-epimerase
clsA,185,0.021521637971149372,Major cardiolipin synthase ClsA
fabF_3,184,0.021405304792926943,3-oxoacyl-[acyl-carrier-protein] synthase 2
arsA_1,184,0.021405304792926943,Arsenical pump-driving ATPase
gadC,184,0.021405304792926943,putative glutamate/gamma-aminobutyrate antiporter
arsA_2,184,0.021405304792926943,Arsenical pump-driving ATPase
dppE_12,184,0.021405304792926943,Dipeptide-binding protein DppE
arsD_2,183,0.021288971614704513,Arsenical resistance operon trans-acting repressor ArsD
arsD_1,183,0.021288971614704513,Arsenical resistance operon trans-acting repressor ArsD
ytrB,183,0.021288971614704513,ABC transporter ATP-binding protein YtrB
ydeA,182,0.021172638436482084,putative protease YdeA
ycdA,181,0.021056305258259654,putative lipoprotein YcdA
dapE_3,181,0.021056305258259654,putative succinyl-diaminopimelate desuccinylase
hxlR,180,0.020939972080037228,HTH-type transcriptional activator HxlR
ant1_1,180,0.020939972080037228,Streptomycin 3''-adenylyltransferase
ant1_2,180,0.020939972080037228,Streptomycin 3''-adenylyltransferase
slmA,179,0.0208236389018148,Nucleoid occlusion factor SlmA
nikO,178,0.02070730572359237,Nickel import ATP-binding protein NikO
fabZ_3,178,0.02070730572359237,3-hydroxyacyl-[acyl-carrier-protein] dehydratase FabZ
yxdL_3,178,0.02070730572359237,ABC transporter ATP-binding protein YxdL
maf_2,177,0.02059097254536994,dTTP/UTP pyrophosphatase
maf_1,177,0.02059097254536994,dTTP/UTP pyrophosphatase
abgB,173,0.020125639832480224,p-aminobenzoyl-glutamate hydrolase subunit B
rssB,172,0.020009306654257795,Regulator of RpoS
fetB_1,171,0.019892973476035365,putative iron export permease protein FetB
frlR,171,0.019892973476035365,putative fructoselysine utilization operon transcriptional repressor
fetB_2,171,0.019892973476035365,putative iron export permease protein FetB
QRSL1,169,0.019660307119590506,"Glutamyl-tRNA(Gln) amidotransferase subunit A, chloroplastic/mitochondrial"
bga_5,167,0.01942764076314565,Beta-galactosidase
rhaD_1,166,0.01931130758492322,Rhamnulose-1-phosphate aldolase
ytrA,166,0.01931130758492322,HTH-type transcriptional repressor YtrA
thyA_2,166,0.01931130758492322,Thymidylate synthase
rhaD_2,166,0.01931130758492322,Rhamnulose-1-phosphate aldolase
tyrS1,166,0.01931130758492322,Tyrosine--tRNA ligase 1
nosF,166,0.01931130758492322,putative ABC transporter ATP-binding protein NosF
thyA_1,166,0.01931130758492322,Thymidylate synthase
cysL,166,0.01931130758492322,HTH-type transcriptional regulator CysL
ohrB,165,0.01919497440670079,Organic hydroperoxide resistance protein OhrB
aguA_2,165,0.01919497440670079,Putative agmatine deiminase
aguA_1,165,0.01919497440670079,Putative agmatine deiminase
manR_4,164,0.01907864122847836,Transcriptional regulator ManR
licR_3,164,0.01907864122847836,putative licABCH operon regulator
toxB,163,0.018962308050255932,Toxin B
phoB_2,163,0.018962308050255932,Alkaline phosphatase 3
phoB_1,163,0.018962308050255932,Alkaline phosphatase 3
nagB,162,0.018845974872033502,Glucosamine-6-phosphate deaminase
uviB,162,0.018845974872033502,Bacteriocin UviB
dps_3,162,0.018845974872033502,DNA protection during starvation protein
pdxK_3,161,0.018729641693811076,Pyridoxine kinase
hpr,161,0.018729641693811076,Hydroxypyruvate reductase
sppA,160,0.018613308515588647,Putative signal peptide peptidase SppA
tarS,160,0.018613308515588647,Poly(ribitol-phosphate) beta-N-acetylglucosaminyltransferase TarS
lacC_4,157,0.018264308980921358,Tagatose-6-phosphate kinase
wbgU,157,0.018264308980921358,UDP-N-acetylglucosamine 4-epimerase
fixK,157,0.018264308980921358,Nitrogen fixation regulation protein FixK
ligA_3,157,0.018264308980921358,DNA ligase
regX3,156,0.01814797580269893,Sensory transduction protein regX3
sasA_3,155,0.018031642624476502,Adaptive-response sensory-kinase SasA
fetA_2,155,0.018031642624476502,putative iron export ATP-binding protein FetA
nhaC,155,0.018031642624476502,Na(+)/H(+) antiporter NhaC
ltaS2,155,0.018031642624476502,Lipoteichoic acid synthase 2
lpxG,155,0.018031642624476502,"UDP-2,3-diacylglucosamine pyrophosphatase LpxG"
fetA_1,155,0.018031642624476502,putative iron export ATP-binding protein FetA
lacF_3,153,0.017798976268031643,Lactose transport system permease protein LacF
ctpF,151,0.017566309911586784,putative cation-transporting ATPase F
sau3AIR,150,0.017449976733364354,Type-2 restriction enzyme Sau3AI
noc,149,0.017333643555141925,Nucleoid occlusion protein
mnaA_1,148,0.0172173103769195,UDP-N-acetylglucosamine 2-epimerase
mnaA_2,148,0.0172173103769195,UDP-N-acetylglucosamine 2-epimerase
melA,148,0.0172173103769195,Alpha-galactosidase
vanW,147,0.01710097719869707,Vancomycin B-type resistance protein VanW
ldh,147,0.01710097719869707,L-lactate dehydrogenase
yodC,145,0.01686831084225221,Putative NAD(P)H nitroreductase YodC
expZ_2,145,0.01686831084225221,Nucleotide-binding protein ExpZ
expZ_1,145,0.01686831084225221,Nucleotide-binding protein ExpZ
hipO,145,0.01686831084225221,Hippurate hydrolase
yteP_3,145,0.01686831084225221,putative multiple-sugar transport system permease YteP
msmE_1,144,0.01675197766402978,Multiple sugar-binding protein
melD_2,144,0.01675197766402978,Melibiose/raffinose/stachyose import permease protein MelD
melD_1,144,0.01675197766402978,Melibiose/raffinose/stachyose import permease protein MelD
msmE_2,144,0.01675197766402978,Multiple sugar-binding protein
nagC_1,144,0.01675197766402978,N-acetylglucosamine repressor
nagC_2,144,0.01675197766402978,N-acetylglucosamine repressor
pemK_1,143,0.01663564448580735,Endoribonuclease PemK
tet(O),143,0.01663564448580735,tetracycline resistance ribosomal protection protein Tet(O)
pemK_2,143,0.01663564448580735,Endoribonuclease PemK
dcuD_2,143,0.01663564448580735,Putative cryptic C4-dicarboxylate transporter DcuD
dcuD_1,143,0.01663564448580735,Putative cryptic C4-dicarboxylate transporter DcuD
ytrE,142,0.016519311307584925,ABC transporter ATP-binding protein YtrE
iclR,141,0.016402978129362495,Transcriptional repressor IclR
nagK_2,140,0.016286644951140065,N-acetyl-D-glucosamine kinase
nagK_1,140,0.016286644951140065,N-acetyl-D-glucosamine kinase
topB_4,138,0.016053978594695206,DNA topoisomerase 3
yheH_1,138,0.016053978594695206,putative multidrug resistance ABC transporter ATP-binding/permease protein YheH
yheH_2,138,0.016053978594695206,putative multidrug resistance ABC transporter ATP-binding/permease protein YheH
zosA,138,0.016053978594695206,Zinc-transporting ATPase
ltnA2,137,0.015937645416472777,Lantibiotic lacticin 3147 A2
ysdC_3,137,0.015937645416472777,Putative aminopeptidase YsdC
ykoD_4,137,0.015937645416472777,Putative HMP/thiamine import ATP-binding protein YkoD
lplJ,137,0.015937645416472777,Lipoate-protein ligase LplJ
ltnA1,137,0.015937645416472777,Lantibiotic lacticin 3147 A1
sbmC,136,0.01582131223825035,DNA gyrase inhibitor
immA,136,0.01582131223825035,Metallopeptidase ImmA
cadA_3,134,0.015588645881805491,putative cadmium-transporting ATPase
ped,134,0.015588645881805491,(S)-1-Phenylethanol dehydrogenase
vanB,134,0.015588645881805491,Vancomycin B-type resistance protein VanB
vanXB,133,0.015472312703583062,D-alanyl-D-alanine dipeptidase
bin3_6,133,0.015472312703583062,Putative transposon Tn552 DNA-invertase bin3
hprR,133,0.015472312703583062,Transcriptional regulatory protein HprR
yhaI,133,0.015472312703583062,Inner membrane protein YhaI
cas9_2,132,0.015355979525360632,CRISPR-associated endonuclease Cas9
cas9_1,132,0.015355979525360632,CRISPR-associated endonuclease Cas9
slyA_2,131,0.015239646347138204,Transcriptional regulator SlyA
slyA_1,131,0.015239646347138204,Transcriptional regulator SlyA
mngR,131,0.015239646347138204,Mannosyl-D-glycerate transport/metabolism system repressor MngR
ziaR,130,0.015123313168915775,Transcriptional repressor SmtB
ygjK_2,129,0.015006979990693345,Glucosidase YgjK
cobC,129,0.015006979990693345,Adenosylcobalamin/alpha-ribazole phosphatase
vanS-B,129,0.015006979990693345,VanB-type vancomycin resistance histidine kinase VanS
nagK,129,0.015006979990693345,N-acetyl-D-glucosamine kinase
ygjK_1,129,0.015006979990693345,Glucosidase YgjK
glcT,129,0.015006979990693345,PtsGHI operon antiterminator
aadK_4,127,0.014774313634248488,Aminoglycoside 6-adenylyltransferase
sphR,127,0.014774313634248488,Alkaline phosphatase synthesis transcriptional regulatory protein SphR
ppsB,126,0.014657980456026058,Plipastatin synthase subunit B
melR_3,126,0.014657980456026058,HTH-type transcriptional repressor MelR
levE,124,0.0144253140995812,PTS system fructose-specific EIIB component
yqaB,124,0.0144253140995812,Fructose-1-phosphate phosphatase YqaB
mcbR,120,0.013959981386691484,HTH-type transcriptional regulator McbR
codA,120,0.013959981386691484,Cytosine deaminase
dauR_2,120,0.013959981386691484,Transcriptional regulator DauR
metB,120,0.013959981386691484,Cystathionine gamma-synthase
dauR_1,120,0.013959981386691484,Transcriptional regulator DauR
zosA_3,119,0.013843648208469055,Zinc-transporting ATPase
mprF_3,119,0.013843648208469055,Phosphatidylglycerol lysyltransferase
metC_1,117,0.013610981852024197,Cystathionine beta-lyase MetC
rpoD,117,0.013610981852024197,RNA polymerase sigma factor RpoD
metC_2,117,0.013610981852024197,Cystathionine beta-lyase
recF_3,116,0.013494648673801768,DNA replication and repair protein RecF
liaS_2,115,0.01337831549557934,Sensor histidine kinase LiaS
bglA_4,115,0.01337831549557934,Aryl-phospho-beta-D-glucosidase BglA
hexR_1,115,0.01337831549557934,HTH-type transcriptional regulator HexR
liaS_1,115,0.01337831549557934,Sensor histidine kinase LiaS
hexR_2,115,0.01337831549557934,HTH-type transcriptional regulator HexR
ltxB,114,0.01326198231735691,Leukotoxin export ATP-binding protein LtxB
knt,113,0.01314564913913448,Kanamycin nucleotidyltransferase
rhaR_7,113,0.01314564913913448,HTH-type transcriptional activator RhaR
rodA_1,112,0.013029315960912053,Peptidoglycan glycosyltransferase RodA
rodA_2,112,0.013029315960912053,Peptidoglycan glycosyltransferase RodA
lapB,111,0.012912982782689623,Lipopolysaccharide assembly protein B
znuC_2,110,0.012796649604467194,Zinc import ATP-binding protein ZnuC
znuC_1,110,0.012796649604467194,High-affinity zinc uptake system ATP-binding protein ZnuC
essB,110,0.012796649604467194,Type VII secretion system protein EssB
yurK_2,109,0.012680316426244766,putative HTH-type transcriptional regulator YurK
yurK_1,109,0.012680316426244766,putative HTH-type transcriptional regulator YurK
panE,108,0.012563983248022336,2-dehydropantoate 2-reductase
yhfP,107,0.012447650069799907,Putative quinone oxidoreductase YhfP
arsC,107,0.012447650069799907,Arsenate reductase
adaA_1,106,0.012331316891577479,Bifunctional transcriptional activator/DNA repair enzyme AdaA
recD2_2,106,0.012331316891577479,ATP-dependent RecD-like DNA helicase
recD2_1,106,0.012331316891577479,ATP-dependent RecD-like DNA helicase
adaA_2,106,0.012331316891577479,Bifunctional transcriptional activator/DNA repair enzyme AdaA
lpdG_2,105,0.012214983713355049,Dihydrolipoyl dehydrogenase
lpdG_1,105,0.012214983713355049,Dihydrolipoyl dehydrogenase
hin_4,104,0.01209865053513262,DNA-invertase hin
ccpB_1,103,0.011982317356910192,Catabolite control protein B
bioB,103,0.011982317356910192,Biotin synthase
ccpB_2,103,0.011982317356910192,Catabolite control protein B
yfeW,102,0.011865984178687762,Putative D-alanyl-D-alanine carboxypeptidase
chuR,102,0.011865984178687762,Anaerobic sulfatase-maturating enzyme
lacA_4,102,0.011865984178687762,Galactose-6-phosphate isomerase subunit LacA
pucD,102,0.011865984178687762,putative xanthine dehydrogenase subunit D
dtd3,102,0.011865984178687762,D-aminoacyl-tRNA deacylase
xly,102,0.011865984178687762,Xanthan lyase
gelE_2,101,0.011749651000465332,Gelatinase
xylB_3,101,0.011749651000465332,Xylulose kinase
gelE_1,101,0.011749651000465332,Gelatinase
asd_1,101,0.011749651000465332,Aspartate-semialdehyde dehydrogenase
asd_2,101,0.011749651000465332,Aspartate-semialdehyde dehydrogenase
yxdL_4,100,0.011633317822242903,ABC transporter ATP-binding protein YxdL
araQ_4,100,0.011633317822242903,L-arabinose transport system permease protein AraQ
xerS,99,0.011516984644020475,Tyrosine recombinase XerS
xerC_14,98,0.011400651465798045,Tyrosine recombinase XerC
natA_3,97,0.011284318287575616,ABC transporter ATP-binding protein NatA
rutC_2,97,0.011284318287575616,Putative aminoacrylate peracid reductase RutC
rutC_1,97,0.011284318287575616,Putative aminoacrylate peracid reductase RutC
ribU,96,0.011167985109353188,Riboflavin transporter RibU
wecA,96,0.011167985109353188,UDP-N-acetylgalactosamine-undecaprenyl-phosphate N-acetylgalactosaminephosphotransferase
potD_2,96,0.011167985109353188,Spermidine/putrescine-binding periplasmic protein
potD_1,96,0.011167985109353188,Spermidine/putrescine-binding periplasmic protein
adh,95,0.011051651931130758,Alcohol dehydrogenase
folP_2,95,0.011051651931130758,Dihydropteroate synthase
folP_1,95,0.011051651931130758,Dihydropteroate synthase
ypbG,95,0.011051651931130758,putative protein YpbG
noxE,94,0.010935318752908329,NADH oxidase
umuC,94,0.010935318752908329,Protein UmuC
licT_4,92,0.010702652396463471,Transcription antiterminator LicT
dnaI_2,92,0.010702652396463471,Primosomal protein DnaI
bioD1,92,0.010702652396463471,ATP-dependent dethiobiotin synthetase BioD 1
dnaI_1,92,0.010702652396463471,Primosomal protein DnaI
fsa,92,0.010702652396463471,Fructose-6-phosphate aldolase
bioY,92,0.010702652396463471,Biotin transporter BioY
fepC_2,91,0.010586319218241042,Ferric enterobactin transport ATP-binding protein FepC
fepC_1,91,0.010586319218241042,Ferric enterobactin transport ATP-binding protein FepC
ywnH,91,0.010586319218241042,Putative phosphinothricin acetyltransferase YwnH
ybbW_1,91,0.010586319218241042,Putative allantoin permease
ccpA_4,91,0.010586319218241042,Catabolite control protein A
ybbW_2,91,0.010586319218241042,Putative allantoin permease
yneA,90,0.010469986040018614,Cell division suppressor protein YneA
yciC,90,0.010469986040018614,Putative metal chaperone YciC
uidA_1,90,0.010469986040018614,Beta-glucuronidase
uidA_2,90,0.010469986040018614,Beta-glucuronidase
fpuB,87,0.010120986505351327,Petrobactin import system permease protein FpuB
mtlR_2,87,0.010120986505351327,Transcriptional regulator MtlR
isdE,87,0.010120986505351327,High-affinity heme uptake system protein IsdE
immR_2,87,0.010120986505351327,HTH-type transcriptional regulator ImmR
mtlR_1,87,0.010120986505351327,Transcriptional regulator MtlR
immR_1,87,0.010120986505351327,HTH-type transcriptional regulator ImmR
fokIM,87,0.010120986505351327,Modification methylase FokI
araD,87,0.010120986505351327,L-ribulose-5-phosphate 4-epimerase AraD
COQ5_3,86,0.010004653327128897,"2-methoxy-6-polyprenyl-1,4-benzoquinol methylase, mitochondrial"
hcaB,86,0.010004653327128897,3-phenylpropionate-dihydrodiol/cinnamic acid-dihydrodiol dehydrogenase
acr3,85,0.009888320148906468,Arsenical-resistance protein Acr3
npr_3,84,0.009771986970684038,NADH peroxidase
norB,84,0.009771986970684038,Quinolone resistance protein NorB
yajO,83,0.00965565379246161,1-deoxyxylulose-5-phosphate synthase YajO
gtfA_2,83,0.00965565379246161,UDP-N-acetylglucosamine--peptide N-acetylglucosaminyltransferase GtfA subunit
gtfA_1,83,0.00965565379246161,Sucrose phosphorylase
ulaD,82,0.00953932061423918,3-keto-L-gulonate-6-phosphate decarboxylase UlaD
gltX_1,82,0.00953932061423918,Glutamate--tRNA ligase
yvqK_1,82,0.00953932061423918,Corrinoid adenosyltransferase
ebrB,82,0.00953932061423918,Multidrug resistance protein EbrB
mboIIM,82,0.00953932061423918,Modification methylase MboII
gltX_2,82,0.00953932061423918,Glutamate--tRNA ligase
yvqK_2,82,0.00953932061423918,Corrinoid adenosyltransferase
albA,81,0.009422987436016751,Antilisterial bacteriocin subtilosin biosynthesis protein AlbA
glpE,81,0.009422987436016751,Thiosulfate sulfurtransferase GlpE
agaC,81,0.009422987436016751,N-acetylgalactosamine permease IIC component 1
oadA_1,80,0.009306654257794323,Oxaloacetate decarboxylase alpha chain
ldh_3,80,0.009306654257794323,L-lactate dehydrogenase
allC_1,80,0.009306654257794323,Allantoate amidohydrolase
kup_1,80,0.009306654257794323,Low affinity potassium transport system protein kup
yukE,80,0.009306654257794323,Protein YukE
kup_2,80,0.009306654257794323,Low affinity potassium transport system protein kup
clpP_3,80,0.009306654257794323,ATP-dependent Clp protease proteolytic subunit
bcrR_1,80,0.009306654257794323,HTH-type transcriptional activator BcrR
oadA_2,80,0.009306654257794323,Oxaloacetate decarboxylase alpha chain
hlyB,80,0.009306654257794323,Alpha-hemolysin translocation ATP-binding protein HlyB
allC_2,80,0.009306654257794323,Allantoate amidohydrolase
yjiA_2,80,0.009306654257794323,P-loop guanosine triphosphatase YjiA
yhaP_3,80,0.009306654257794323,putative protein YhaP
yjiA_1,80,0.009306654257794323,P-loop guanosine triphosphatase YjiA
bcrR_2,80,0.009306654257794323,HTH-type transcriptional activator BcrR
ybhF,79,0.009190321079571894,putative multidrug ABC transporter ATP-binding protein YbhF
cas1_2,79,0.009190321079571894,CRISPR-associated endonuclease Cas1
rsuA,79,0.009190321079571894,Ribosomal small subunit pseudouridine synthase A
adhP,79,0.009190321079571894,"Alcohol dehydrogenase, propanol-preferring"
cas1_1,79,0.009190321079571894,CRISPR-associated endonuclease Cas1
aes_2,78,0.009073987901349464,Acetyl esterase
dpnB,78,0.009073987901349464,Type-2 restriction enzyme DpnII
aes_1,78,0.009073987901349464,Acetyl esterase
moaA_4,77,0.008957654723127036,"GTP 3',8-cyclase"
yabJ,77,0.008957654723127036,2-iminobutanoate/2-iminopropanoate deaminase
catE_2,77,0.008957654723127036,"Catechol-2,3-dioxygenase"
catE_1,77,0.008957654723127036,"Catechol-2,3-dioxygenase"
lptB,76,0.008841321544904607,Lipopolysaccharide export system ATP-binding protein LptB
malR,76,0.008841321544904607,HTH-type transcriptional regulator MalR
ulaA_3,76,0.008841321544904607,Ascorbate-specific PTS system EIIC component
entS,76,0.008841321544904607,Enterobactin exporter EntS
yyaP_1,76,0.008841321544904607,putative protein YyaP
yyaP_2,76,0.008841321544904607,putative protein YyaP
femA_1,75,0.008724988366682177,Aminoacyltransferase FemA
femA_2,75,0.008724988366682177,Aminoacyltransferase FemA
pta,75,0.008724988366682177,Phosphate acetyltransferase
strH,74,0.00860865518845975,Beta-N-acetylhexosaminidase
gltT_1,73,0.00849232201023732,Proton/sodium-glutamate symport protein
suhB,73,0.00849232201023732,"Fructose-1,6-bisphosphatase/inositol-1-monophosphatase"
bmrR,73,0.00849232201023732,Multidrug-efflux transporter 1 regulator
gltT_2,73,0.00849232201023732,Proton/sodium-glutamate symport protein
srrA,71,0.008259655653792462,Transcriptional regulatory protein SrrA
mdtL_1,71,0.008259655653792462,Multidrug resistance protein MdtL
amiE,71,0.008259655653792462,N-acetylmuramyl-L-alanine amidase
mdtL_2,71,0.008259655653792462,Multidrug resistance protein MdtL
agrA_3,70,0.008143322475570033,Accessory gene regulator protein A
saeR,70,0.008143322475570033,Response regulator SaeR
cpdA_1,70,0.008143322475570033,"3',5'-cyclic adenosine monophosphate phosphodiesterase CpdA"
cpdA_2,70,0.008143322475570033,"3',5'-cyclic adenosine monophosphate phosphodiesterase CpdA"
araC,69,0.008026989297347603,Arabinose operon regulatory protein
dapA_1,69,0.008026989297347603,4-hydroxy-tetrahydrodipicolinate synthase
ybbH_7,69,0.008026989297347603,putative HTH-type transcriptional regulator YbbH
ydjA,69,0.008026989297347603,Type-2 restriction enzyme BsuMI component YdjA
mop,69,0.008026989297347603,Aldehyde oxidoreductase
dapA_2,69,0.008026989297347603,4-hydroxy-tetrahydrodipicolinate synthase
malP_1,68,0.007910656119125175,Maltose phosphorylase
malP_2,68,0.007910656119125175,PTS system maltose-specific EIICB component
htrA_2,68,0.007910656119125175,Serine protease Do-like HtrA
htrA_1,68,0.007910656119125175,Serine protease Do-like HtrA
toxN,68,0.007910656119125175,Endoribonuclease ToxN
lagD_4,68,0.007910656119125175,Lactococcin-G-processing and transport ATP-binding protein LagD
cas9-1_2,67,0.007794322940902746,CRISPR-associated endonuclease Cas9 1
csp_1,67,0.007794322940902746,Cold shock protein 1
cas9-1_1,67,0.007794322940902746,CRISPR-associated endonuclease Cas9 1
mco_1,67,0.007794322940902746,Multicopper oxidase mco
inlJ,67,0.007794322940902746,Internalin J
brnQ_2,67,0.007794322940902746,Branched-chain amino acid transport system 2 carrier protein
csp_2,67,0.007794322940902746,Cold shock protein 1
mco_2,67,0.007794322940902746,Multicopper oxidase mco
liaR,67,0.007794322940902746,Transcriptional regulatory protein LiaR
brnQ_1,67,0.007794322940902746,Branched-chain amino acid transport system 2 carrier protein
glpQ_2,66,0.007677989762680316,Glycerophosphodiester phosphodiesterase
glpQ_1,66,0.007677989762680316,Glycerophosphodiester phosphodiesterase
dprA,66,0.007677989762680316,DNA processing protein DprA
nagB_3,65,0.007561656584457887,Glucosamine-6-phosphate deaminase
dapH_4,65,0.007561656584457887,"2,3,4,5-tetrahydropyridine-2,6-dicarboxylate N-acetyltransferase"
pbp,65,0.007561656584457887,Beta-lactam-inducible penicillin-binding protein
ytrF,64,0.007445323406235459,ABC transporter permease YtrF
erm_1,64,0.007445323406235459,rRNA adenine N-6-methyltransferase
yofA,64,0.007445323406235459,HTH-type transcriptional regulator YofA
erm_2,64,0.007445323406235459,rRNA adenine N-6-methyltransferase
aplIM,63,0.007328990228013029,Modification methylase AplI
tdh,63,0.007328990228013029,L-threonine 3-dehydrogenase
purR_2,63,0.007328990228013029,Pur operon repressor
purR_1,63,0.007328990228013029,HTH-type transcriptional repressor PurR
rluB_1,62,0.0072126570497906,Ribosomal large subunit pseudouridine synthase B
rluB_2,62,0.0072126570497906,Ribosomal large subunit pseudouridine synthase B
ftsH_2,62,0.0072126570497906,ATP-dependent zinc metalloprotease FtsH
patB_2,62,0.0072126570497906,Cystathionine beta-lyase PatB
asD_1,62,0.0072126570497906,Bifunctional aspartate aminotransferase and L-aspartate beta-decarboxylase
asD_2,62,0.0072126570497906,Bifunctional aspartate aminotransferase and L-aspartate beta-decarboxylase
patB_1,62,0.0072126570497906,Cystathionine beta-lyase PatB
ftsH_1,62,0.0072126570497906,ATP-dependent zinc metalloprotease FtsH
rutD,61,0.007096323871568172,Putative aminoacrylate hydrolase RutD
bcrA_4,61,0.007096323871568172,Bacitracin transport ATP-binding protein BcrA
sufS,60,0.006979990693345742,Cysteine desulfurase SufS
urdA_2,60,0.006979990693345742,Urocanate reductase
urdA_1,60,0.006979990693345742,Urocanate reductase
manP,60,0.006979990693345742,PTS system mannose-specific EIIBCA component
aroA_2,59,0.006863657515123313,Protein AroA(G)
hemH_2,59,0.006863657515123313,Ferrochelatase
mshD,59,0.006863657515123313,Mycothiol acetyltransferase
malH,59,0.006863657515123313,Maltose-6'-phosphate glucosidase MalH
hemH_1,59,0.006863657515123313,Ferrochelatase
dam,59,0.006863657515123313,DNA adenine methylase
xre_2,59,0.006863657515123313,HTH-type transcriptional regulator Xre
aroA_1,59,0.006863657515123313,3-phosphoshikimate 1-carboxyvinyltransferase
kcsA,59,0.006863657515123313,pH-gated potassium channel KcsA
yfbR,59,0.006863657515123313,5'-deoxynucleotidase YfbR
xre_1,59,0.006863657515123313,HTH-type transcriptional regulator Xre
ybdM_2,58,0.006747324336900884,putative protein YbdM
aroB_1,58,0.006747324336900884,3-dehydroquinate synthase
gadC_3,58,0.006747324336900884,Glutamate/gamma-aminobutyrate antiporter
tetM,58,0.006747324336900884,Tetracycline resistance protein TetM from transposon TnFO1
ybdM_1,58,0.006747324336900884,putative protein YbdM
aroB_2,58,0.006747324336900884,3-dehydroquinate synthase
yncB_3,57,0.006630991158678455,Endonuclease YncB
allB_2,57,0.006630991158678455,Allantoinase
ddlA,57,0.006630991158678455,D-alanine--D-alanine ligase A
allB_1,57,0.006630991158678455,Allantoinase
paiA,57,0.006630991158678455,Spermidine/spermine N(1)-acetyltransferase
haeIIIM_2,56,0.006514657980456026,Modification methylase HaeIII
ddl_2,56,0.006514657980456026,D-alanine--D-alanine ligase
ddl_1,56,0.006514657980456026,D-alanine--D-alanine ligase
bmrA,56,0.006514657980456026,Multidrug resistance ABC transporter ATP-binding/permease protein BmrA
purH_1,56,0.006514657980456026,Bifunctional purine biosynthesis protein PurH
epsD,56,0.006514657980456026,Putative glycosyltransferase EpsD
purH_2,56,0.006514657980456026,Bifunctional purine biosynthesis protein PurH
mdeA,56,0.006514657980456026,L-methionine gamma-lyase
dps_4,56,0.006514657980456026,DNA protection during starvation protein
ytcD_3,56,0.006514657980456026,putative HTH-type transcriptional regulator YtcD
haeIIIM_1,56,0.006514657980456026,Modification methylase HaeIII
nisP,55,0.006398324802233597,Nisin leader peptide-processing serine protease NisP
chbG_2,55,0.006398324802233597,Chitooligosaccharide deacetylase
tnpR,55,0.006398324802233597,Transposon gamma-delta resolvase
pre,55,0.006398324802233597,Plasmid recombination enzyme
chbG_1,55,0.006398324802233597,Chitooligosaccharide deacetylase
sdpR_1,55,0.006398324802233597,Transcriptional repressor SdpR
rlmN_2,55,0.006398324802233597,putative dual-specificity RNA methyltransferase RlmN
soj_7,55,0.006398324802233597,Sporulation initiation inhibitor protein Soj
rlmN_1,55,0.006398324802233597,putative dual-specificity RNA methyltransferase RlmN
sdpR_2,55,0.006398324802233597,Transcriptional repressor SdpR
flK,54,0.006281991624011168,Fluoroacetyl-CoA thioesterase
ygfK_2,54,0.006281991624011168,Putative oxidoreductase YgfK
yifK,54,0.006281991624011168,putative transport protein YifK
mntH_3,54,0.006281991624011168,Divalent metal cation transporter MntH
oppC,54,0.006281991624011168,Oligopeptide transport system permease protein OppC
epsJ_1,54,0.006281991624011168,putative glycosyltransferase EpsJ
epsJ_2,54,0.006281991624011168,putative glycosyltransferase EpsJ
ygfK_1,54,0.006281991624011168,Putative oxidoreductase YgfK
virF,54,0.006281991624011168,Virulence regulon transcriptional activator VirF
mppA,53,0.006165658445788739,Periplasmic murein peptide-binding protein
degV,53,0.006165658445788739,Protein DegV
mepA_3,52,0.00604932526756631,Multidrug export protein MepA
pspA,52,0.00604932526756631,Phosphoserine phosphatase 1
gadB,52,0.00604932526756631,Glutamate decarboxylase
fadG,51,0.005932992089343881,putative protein FadG
secB,51,0.005932992089343881,Protein-export protein SecB
xerC_15,51,0.005932992089343881,Tyrosine recombinase XerC
hhaIM_1,51,0.005932992089343881,Modification methylase HhaI
apbE,51,0.005932992089343881,FAD:protein FMN transferase
hhaIM_2,51,0.005932992089343881,Modification methylase HhaI
proC_3,51,0.005932992089343881,Pyrroline-5-carboxylate reductase
glf_1,50,0.0058166589111214514,UDP-galactopyranose mutase
paiA_3,50,0.0058166589111214514,Spermidine/spermine N(1)-acetyltransferase
iolX,50,0.0058166589111214514,scyllo-inositol 2-dehydrogenase (NAD(+))
mprF,50,0.0058166589111214514,Phosphatidylglycerol lysyltransferase
elaA,50,0.0058166589111214514,Protein ElaA
bcgIB,50,0.0058166589111214514,Restriction enzyme BgcI subunit beta
glf_2,50,0.0058166589111214514,UDP-galactopyranose mutase
pinR_2,49,0.005700325732899023,Serine recombinase PinR
cfiA,49,0.005700325732899023,2-oxoglutarate carboxylase large subunit
insK_2,49,0.005700325732899023,Putative transposase InsK for insertion sequence element IS150
insK_1,49,0.005700325732899023,Putative transposase InsK for insertion sequence element IS150
pinR_1,49,0.005700325732899023,Serine recombinase PinR
oppA_3,49,0.005700325732899023,Oligopeptide-binding protein OppA
ltrA_1,49,0.005700325732899023,Group II intron-encoded protein LtrA
yokF_1,49,0.005700325732899023,SPbeta prophage-derived endonuclease YokF
ltrA_2,49,0.005700325732899023,Group II intron-encoded protein LtrA
yokF_2,49,0.005700325732899023,SPbeta prophage-derived endonuclease YokF
blaSE,48,0.005583992554676594,Glutamyl endopeptidase
mdtG_1,48,0.005583992554676594,Multidrug resistance protein MdtG
spuC,48,0.005583992554676594,Putrescine--pyruvate aminotransferase
mdtG_2,48,0.005583992554676594,Multidrug resistance protein MdtG
tetM_1,48,0.005583992554676594,Tetracycline resistance protein TetM from transposon TnFO1
wecC,48,0.005583992554676594,UDP-N-acetyl-D-mannosamine dehydrogenase
walK_1,48,0.005583992554676594,Sensor histidine kinase WalK
walK_2,48,0.005583992554676594,Sensor histidine kinase WalK
tetM_2,48,0.005583992554676594,Tetracycline resistance protein TetM from transposon TnFO1
arcC1_5,47,0.005467659376454164,Carbamate kinase 1
smc_4,47,0.005467659376454164,Chromosome partition protein Smc
wbgU_3,47,0.005467659376454164,UDP-N-acetylglucosamine 4-epimerase
copA_4,46,0.005351326198231736,Copper-exporting P-type ATPase
fcl,46,0.005351326198231736,GDP-L-fucose synthase
yhcG,46,0.005351326198231736,Putative nuclease YhcG
dhaL_2,46,0.005351326198231736,"PTS-dependent dihydroxyacetone kinase, ADP-binding subunit DhaL"
aspT,46,0.005351326198231736,Aspartate/alanine antiporter
dhaL_1,46,0.005351326198231736,"PTS-dependent dihydroxyacetone kinase, ADP-binding subunit DhaL"
yiaC,46,0.005351326198231736,Peptidyl-lysine N-acetyltransferase YiaC
dnaA_1,45,0.005234993020009307,Chromosomal replication initiator protein DnaA
gpmA_6,45,0.005234993020009307,"2,3-bisphosphoglycerate-dependent phosphoglycerate mutase"
dadD_1,45,0.005234993020009307,5'-deoxyadenosine deaminase
dadD_2,45,0.005234993020009307,5'-deoxyadenosine deaminase
dnaA_2,45,0.005234993020009307,Chromosomal replication initiator protein DnaA
dltA_1,45,0.005234993020009307,D-alanine--D-alanyl carrier protein ligase
gatC_7,45,0.005234993020009307,PTS system galactitol-specific EIIC component
dltA_2,45,0.005234993020009307,D-alanine--D-alanyl carrier protein ligase
ascG,45,0.005234993020009307,HTH-type transcriptional regulator AscG
menE_3,45,0.005234993020009307,2-succinylbenzoate--CoA ligase
copG,44,0.005118659841786877,Protein CopG
menH_3,44,0.005118659841786877,"2-succinyl-6-hydroxy-2,4-cyclohexadiene-1-carboxylate synthase"
brpA,44,0.005118659841786877,Biofilm regulatory protein A
cdiA1,44,0.005118659841786877,tRNA nuclease CdiA
potA_1,43,0.005002326663564449,Spermidine/putrescine import ATP-binding protein PotA
potA_2,43,0.005002326663564449,Spermidine/putrescine import ATP-binding protein PotA
hsdS,43,0.005002326663564449,Type-1 restriction enzyme EcoKI specificity protein
yheS_1,43,0.005002326663564449,putative ABC transporter ATP-binding protein YheS
pgdA,43,0.005002326663564449,Peptidoglycan-N-acetylglucosamine deacetylase
manZ_14,43,0.005002326663564449,PTS system mannose-specific EIID component
yheS_2,43,0.005002326663564449,putative ABC transporter ATP-binding protein YheS
desR,42,0.004885993485342019,Transcriptional regulatory protein DesR
yxdM_2,42,0.004885993485342019,ABC transporter permease protein YxdM
nucS,42,0.004885993485342019,Endonuclease NucS
cas2_1,42,0.004885993485342019,CRISPR-associated endoribonuclease Cas2
cas2_2,42,0.004885993485342019,CRISPR-associated endoribonuclease Cas2
yxdM_1,42,0.004885993485342019,ABC transporter permease protein YxdM
yvdD,42,0.004885993485342019,LOG family protein YvdD
ulaG_2,41,0.00476966030711959,putative L-ascorbate-6-phosphate lactonase UlaG
amaA,41,0.00476966030711959,N-acyl-L-amino acid amidohydrolase
ulaG_1,41,0.00476966030711959,putative L-ascorbate-6-phosphate lactonase UlaG
kdgA_3,40,0.004653327128897162,KHG/KDPG aldolase
btuD_13,39,0.004536993950674732,Vitamin B12 import ATP-binding protein BtuD
ribE,39,0.004536993950674732,Riboflavin synthase
nreC,39,0.004536993950674732,Oxygen regulatory protein NreC
endA,39,0.004536993950674732,DNA-entry nuclease
cls,39,0.004536993950674732,Cardiolipin synthase
fdhF_2,39,0.004536993950674732,Formate dehydrogenase H
fdhF_1,39,0.004536993950674732,Formate dehydrogenase H
ribD,38,0.004420660772452303,Riboflavin biosynthesis protein RibD
yxeB,38,0.004420660772452303,Iron(3+)-hydroxamate-binding protein YxeB
ribH,38,0.004420660772452303,"6,7-dimethyl-8-ribityllumazine synthase"
ribBA,38,0.004420660772452303,Riboflavin biosynthesis protein RibBA
pglD,38,0.004420660772452303,UDP-N-acetylbacillosamine N-acetyltransferase
dhbE,37,0.004304327594229875,"2,3-dihydroxybenzoate-AMP ligase"
gyrB,37,0.004304327594229875,DNA gyrase subunit B
gyrBR,37,0.004304327594229875,"DNA gyrase subunit B, novobiocin-resistant"
srrA_3,37,0.004304327594229875,Transcriptional regulatory protein SrrA
icaA,37,0.004304327594229875,"Poly-beta-1,6-N-acetyl-D-glucosamine synthase"
dinB_6,37,0.004304327594229875,DNA polymerase IV
dapL,36,0.004187994416007445,LL-diaminopimelate aminotransferase
hdfR_2,36,0.004187994416007445,HTH-type transcriptional regulator HdfR
recT_1,36,0.004187994416007445,Protein RecT
recT_2,36,0.004187994416007445,Protein RecT
hdfR_1,36,0.004187994416007445,HTH-type transcriptional regulator HdfR
bcgIA,36,0.004187994416007445,Restriction enzyme BgcI subunit alpha
epsL,36,0.004187994416007445,putative sugar transferase EpsL
iolU_3,36,0.004187994416007445,scyllo-inositol 2-dehydrogenase (NADP(+)) IolU
phrB_2,35,0.004071661237785016,Deoxyribodipyrimidine photo-lyase
phrB_1,35,0.004071661237785016,Deoxyribodipyrimidine photo-lyase
ydiO,35,0.004071661237785016,putative BsuMI modification methylase subunit YdiO
ponA_1,35,0.004071661237785016,Penicillin-binding protein 1A/1B
ponA_2,35,0.004071661237785016,Penicillin-binding protein 1A
rpmGA_4,35,0.004071661237785016,50S ribosomal protein L33 1
arcC2,35,0.004071661237785016,Carbamate kinase 2
spsB_3,35,0.004071661237785016,Signal peptidase IB
mutS2_3,35,0.004071661237785016,Endonuclease MutS2
citN_1,34,0.003955328059562588,Citrate transporter
ulaC_1,34,0.003955328059562588,Ascorbate-specific PTS system EIIA component
ulaC_2,34,0.003955328059562588,Ascorbate-specific PTS system EIIA component
tuaG,34,0.003955328059562588,Putative teichuronic acid biosynthesis glycosyltransferase TuaG
rpiR,34,0.003955328059562588,HTH-type transcriptional regulator RpiR
Int-Tn_4,34,0.003955328059562588,Transposase from transposon Tn916
rclA_2,34,0.003955328059562588,putative pyridine nucleotide-disulfide oxidoreductase RclA
rclA_1,34,0.003955328059562588,putative pyridine nucleotide-disulfide oxidoreductase RclA
afr,34,0.003955328059562588,"1,5-anhydro-D-fructose reductase"
citN_2,34,0.003955328059562588,Citrate transporter
gltD_2,33,0.003838994881340158,Glutamate synthase [NADPH] small chain
pbuG_1,33,0.003838994881340158,Guanine/hypoxanthine permease PbuG
pbuG_2,33,0.003838994881340158,Guanine/hypoxanthine permease PbuG
agaC_6,33,0.003838994881340158,N-acetylgalactosamine permease IIC component 1
cynR_5,33,0.003838994881340158,HTH-type transcriptional regulator CynR
gltD_1,33,0.003838994881340158,Glutamate synthase [NADPH] small chain
fbpC,33,0.003838994881340158,Fe(3+) ions import ATP-binding protein FbpC
bceB_1,33,0.003838994881340158,Bacitracin export permease protein BceB
bceB_2,33,0.003838994881340158,Bacitracin export permease protein BceB
bshA,33,0.003838994881340158,N-acetyl-alpha-D-glucosaminyl L-malate synthase
rpsN2_3,32,0.0037226617031177293,Alternate 30S ribosomal protein S14
rlmCD,32,0.0037226617031177293,23S rRNA (uracil-C(5))-methyltransferase RlmCD
degS,32,0.0037226617031177293,Signal transduction histidine-protein kinase/phosphatase DegS
msmX,32,0.0037226617031177293,Oligosaccharides import ATP-binding protein MsmX
cntE,31,0.0036063285248953,Staphylopine export protein
fokIR,31,0.0036063285248953,Type-2 restriction enzyme FokI
csoR,31,0.0036063285248953,Copper-sensing transcriptional repressor CsoR
mgtE_1,31,0.0036063285248953,Magnesium transporter MgtE
frmA,31,0.0036063285248953,S-(hydroxymethyl)glutathione dehydrogenase
ssb_6,31,0.0036063285248953,Single-stranded DNA-binding protein
stp_3,31,0.0036063285248953,Serine/threonine phosphatase stp
yhhT,31,0.0036063285248953,Putative transport protein YhhT
lgrE,31,0.0036063285248953,Linear gramicidin dehydrogenase LgrE
mgtE_2,31,0.0036063285248953,Magnesium transporter MgtE
hssS,31,0.0036063285248953,Heme sensor protein HssS
frlB_1,30,0.003489995346672871,Fructosamine deglycase FrlB
sotB,30,0.003489995346672871,sugar efflux transporter
irtA,30,0.003489995346672871,Iron import ATP-binding/permease protein IrtA
truA_3,30,0.003489995346672871,tRNA pseudouridine synthase A
frlB_2,30,0.003489995346672871,Fructosamine deglycase FrlB
aldA_2,30,0.003489995346672871,Putative aldehyde dehydrogenase AldA
aldA_1,30,0.003489995346672871,Putative aldehyde dehydrogenase AldA
mtnB,30,0.003489995346672871,Methylthioribulose-1-phosphate dehydratase
intQ,30,0.003489995346672871,Putative defective protein IntQ
ywrO,30,0.003489995346672871,General stress protein 14
treB_2,29,0.003373662168450442,PTS system trehalose-specific EIIBC component
dhaD,29,0.003373662168450442,Glycerol dehydrogenase
hsrA,29,0.003373662168450442,putative transport protein HsrA
sle1,29,0.003373662168450442,N-acetylmuramoyl-L-alanine amidase sle1
ydcF,29,0.003373662168450442,Protein YdcF
celB_3,29,0.003373662168450442,PTS system cellobiose-specific EIIC component
norR,29,0.003373662168450442,Anaerobic nitric oxide reductase transcription regulator NorR
fprA1,29,0.003373662168450442,Flavo-diiron protein FprA1
treB_1,29,0.003373662168450442,PTS system trehalose-specific EIIBC component
copY_3,29,0.003373662168450442,Transcriptional repressor CopY
ndhM,29,0.003373662168450442,Nicotinate dehydrogenase medium molybdopterin subunit
pagL,29,0.003373662168450442,6-phospho-alpha-glucosidase
ydhC,28,0.003257328990228013,Inner membrane transport protein YdhC
linA,28,0.003257328990228013,Lincosamide resistance protein
comEC_2,28,0.003257328990228013,ComE operon protein 3
mvaA,28,0.003257328990228013,3-hydroxy-3-methylglutaryl-coenzyme A reductase
thlA,28,0.003257328990228013,Acetyl-CoA acetyltransferase
comEC_1,28,0.003257328990228013,ComE operon protein 3
lacC,27,0.003140995812005584,Tagatose-6-phosphate kinase
pgtP,27,0.003140995812005584,Phosphoglycerate transporter protein
pepT_3,27,0.003140995812005584,Peptidase T
gspA_3,27,0.003140995812005584,General stress protein A
sigH,27,0.003140995812005584,ECF RNA polymerase sigma factor SigH
dgoD_2,27,0.003140995812005584,D-galactonate dehydratase
lcnD_2,27,0.003140995812005584,Lactococcin A secretion protein LcnD
lcnD_1,27,0.003140995812005584,Lactococcin A secretion protein LcnD
dgoD_1,27,0.003140995812005584,D-galactonate dehydratase
azoR_2,26,0.003024662633783155,FMN-dependent NADH-azoreductase
mscL_2,26,0.003024662633783155,Large-conductance mechanosensitive channel
axeA_1,26,0.003024662633783155,Cephalosporin-C deacetylase
yvbW_1,26,0.003024662633783155,putative amino acid permease YvbW
ypdB,26,0.003024662633783155,Transcriptional regulatory protein YpdB
ptcA_2,26,0.003024662633783155,Putrescine carbamoyltransferase
yvbW_2,26,0.003024662633783155,putative amino acid permease YvbW
ptcA_1,26,0.003024662633783155,Putrescine carbamoyltransferase
pyrD,26,0.003024662633783155,Dihydroorotate dehydrogenase
yfeW_3,26,0.003024662633783155,Putative D-alanyl-D-alanine carboxypeptidase
axeA_2,26,0.003024662633783155,Cephalosporin-C deacetylase
mscL_1,26,0.003024662633783155,Large-conductance mechanosensitive channel
azoR_1,26,0.003024662633783155,FMN-dependent NADH-azoreductase
nfrA1_1,25,0.0029083294555607257,FMN reductase (NADPH)
sigW_2,25,0.0029083294555607257,ECF RNA polymerase sigma factor SigW
nfrA1_2,25,0.0029083294555607257,FMN reductase (NADPH)
bin3_7,25,0.0029083294555607257,Putative transposon Tn552 DNA-invertase bin3
clpL,25,0.0029083294555607257,ATP-dependent Clp protease ATP-binding subunit ClpL
asa1_5,25,0.0029083294555607257,Aggregation substance
csd,25,0.0029083294555607257,putative cysteine desulfurase
aaaT,25,0.0029083294555607257,L-amino acid N-acetyltransferase AaaT
atzC_3,25,0.0029083294555607257,N-isopropylammelide isopropyl amidohydrolase
sigW_1,25,0.0029083294555607257,ECF RNA polymerase sigma factor SigW
hflX_1,24,0.002791996277338297,GTPase HflX
hflX_2,24,0.002791996277338297,GTPase HflX
rhaA_2,24,0.002791996277338297,L-rhamnose isomerase
oppF_3,24,0.002791996277338297,Oligopeptide transport ATP-binding protein OppF
rhaA_1,24,0.002791996277338297,L-rhamnose isomerase
mprA,24,0.002791996277338297,Response regulator MprA
yjcD,23,0.002675663099115868,Putative ATP-dependent DNA helicase YjcD
xylA_2,23,0.002675663099115868,Xylose isomerase
sle1_2,23,0.002675663099115868,N-acetylmuramoyl-L-alanine amidase sle1
sle1_1,23,0.002675663099115868,N-acetylmuramoyl-L-alanine amidase sle1
ntpJ_3,23,0.002675663099115868,Potassium/sodium uptake protein NtpJ
cof,23,0.002675663099115868,HMP-PP phosphatase
xylA_1,23,0.002675663099115868,Xylose isomerase
scaA,23,0.002675663099115868,Manganese ABC transporter substrate-binding lipoprotein
parA_2,22,0.0025593299208934387,Chromosome partitioning protein ParA
yheI_2,22,0.0025593299208934387,putative multidrug resistance ABC transporter ATP-binding/permease protein YheI
mngA_1,22,0.0025593299208934387,PTS system 2-O-alpha-mannosyl-D-glycerate-specific EIIABC component
parA_1,22,0.0025593299208934387,Chromosome partitioning protein ParA
mntD,22,0.0025593299208934387,Manganese transport system membrane protein MntD
yheI_1,22,0.0025593299208934387,putative multidrug resistance ABC transporter ATP-binding/permease protein YheI
catM,22,0.0025593299208934387,HTH-type transcriptional regulator CatM
cap8A,22,0.0025593299208934387,Capsular polysaccharide type 8 biosynthesis protein cap8A
mngA_2,22,0.0025593299208934387,PTS system 2-O-alpha-mannosyl-D-glycerate-specific EIIABC component
pglK_2,21,0.0024429967426710096,Protein glycosylation K
tagH,21,0.0024429967426710096,Teichoic acids export ATP-binding protein TagH
ptsG_3,21,0.0024429967426710096,PTS system glucose-specific EIICBA component
bglH_5,21,0.0024429967426710096,Aryl-phospho-beta-D-glucosidase BglH
yiaM,21,0.0024429967426710096,"2,3-diketo-L-gulonate TRAP transporter small permease protein YiaM"
manX_9,21,0.0024429967426710096,PTS system mannose-specific EIIAB component
pglK_1,21,0.0024429967426710096,Protein glycosylation K
mftC,21,0.0024429967426710096,Putative mycofactocin radical SAM maturase MftC
lytG,21,0.0024429967426710096,Exo-glucosaminidase LytG
ulaB_2,21,0.0024429967426710096,Ascorbate-specific PTS system EIIB component
ulaB_1,21,0.0024429967426710096,Ascorbate-specific PTS system EIIB component
dtxR,20,0.002326663564448581,Diphtheria toxin repressor
mbtB,20,0.002326663564448581,Phenyloxazoline synthase MbtB
xerC,20,0.002326663564448581,Tyrosine recombinase XerC
lplJ_3,20,0.002326663564448581,Lipoate-protein ligase LplJ
sasA_4,20,0.002326663564448581,Adaptive-response sensory-kinase SasA
melD,20,0.002326663564448581,Melibiose/raffinose/stachyose import permease protein MelD
exuR_1,20,0.002326663564448581,putative HTH-type transcriptional repressor ExuR
czrA_2,20,0.002326663564448581,HTH-type transcriptional repressor CzrA
purM_1,20,0.002326663564448581,Phosphoribosylformylglycinamidine cyclo-ligase
ypwA_2,20,0.002326663564448581,Carboxypeptidase 1
ypwA_1,20,0.002326663564448581,Carboxypeptidase 1
exuR_2,20,0.002326663564448581,putative HTH-type transcriptional repressor ExuR
menA,20,0.002326663564448581,"1,4-dihydroxy-2-naphthoate octaprenyltransferase"
eutB_2,20,0.002326663564448581,Ethanolamine ammonia-lyase heavy chain
eutB_1,20,0.002326663564448581,Ethanolamine ammonia-lyase heavy chain
purM_2,20,0.002326663564448581,Phosphoribosylformylglycinamidine cyclo-ligase
araQ,20,0.002326663564448581,L-arabinose transport system permease protein AraQ
tadA_3,20,0.002326663564448581,tRNA-specific adenosine deaminase
czrA_1,20,0.002326663564448581,HTH-type transcriptional repressor CzrA
ykoD_5,20,0.002326663564448581,Putative HMP/thiamine import ATP-binding protein YkoD
psaA,20,0.002326663564448581,Manganese ABC transporter substrate-binding lipoprotein
cspA,19,0.0022103303862261517,Cold shock protein CspA
gmuD_2,19,0.0022103303862261517,6-phospho-beta-glucosidase GmuD
gmuD_1,19,0.0022103303862261517,6-phospho-beta-glucosidase GmuD
actP,19,0.0022103303862261517,Copper-transporting P-type ATPase
hyuA,19,0.0022103303862261517,D-hydantoinase
tfdS,19,0.0022103303862261517,HTH-type transcriptional regulator TfdS
ugd_2,19,0.0022103303862261517,UDP-glucose 6-dehydrogenase
yteP,19,0.0022103303862261517,putative multiple-sugar transport system permease YteP
srlE_1,19,0.0022103303862261517,PTS system glucitol/sorbitol-specific EIIB component
ugd_1,19,0.0022103303862261517,UDP-glucose 6-dehydrogenase
bm3R1,19,0.0022103303862261517,HTH-type transcriptional repressor Bm3R1
pepV_3,19,0.0022103303862261517,Beta-Ala-Xaa dipeptidase
larC_2,19,0.0022103303862261517,"Pyridinium-3,5-bisthiocarboxylic acid mononucleotide nickel insertion protein"
dtpT_1,19,0.0022103303862261517,Di-/tripeptide transporter
copB_3,19,0.0022103303862261517,Copper-exporting P-type ATPase B
nrdE2_1,19,0.0022103303862261517,Ribonucleoside-diphosphate reductase subunit alpha 2
larC_1,19,0.0022103303862261517,"Pyridinium-3,5-bisthiocarboxylic acid mononucleotide nickel insertion protein"
srlE_2,19,0.0022103303862261517,PTS system glucitol/sorbitol-specific EIIB component
tet(M)_1,19,0.0022103303862261517,tetracycline resistance ribosomal protection protein Tet(M)
nrdE2_2,19,0.0022103303862261517,Ribonucleoside-diphosphate reductase subunit alpha 2
tet(M)_2,19,0.0022103303862261517,tetracycline resistance ribosomal protection protein Tet(M)
dtpT_2,19,0.0022103303862261517,Di-/tripeptide transporter
dgoA_2,18,0.0020939972080037225,2-dehydro-3-deoxy-6-phosphogalactonate aldolase
btsS,18,0.0020939972080037225,Sensor histidine kinase BtsS
dgoA_1,18,0.0020939972080037225,2-dehydro-3-deoxy-6-phosphogalactonate aldolase
scaC_3,18,0.0020939972080037225,Manganese import ATP-binding protein ScaC
thiQ,18,0.0020939972080037225,Thiamine import ATP-binding protein ThiQ
clcA_2,18,0.0020939972080037225,H(+)/Cl(-) exchange transporter ClcA
clcA_1,18,0.0020939972080037225,H(+)/Cl(-) exchange transporter ClcA
dnaG_1,18,0.0020939972080037225,DNA primase
macB_4,18,0.0020939972080037225,Macrolide export ATP-binding/permease protein MacB
dnaN_1,18,0.0020939972080037225,Beta sliding clamp
mggB,18,0.0020939972080037225,Mannosylglucosyl-3-phosphoglycerate phosphatase
dnaG_2,18,0.0020939972080037225,DNA primase
dnaN_2,18,0.0020939972080037225,Beta sliding clamp
clsA_3,18,0.0020939972080037225,Major cardiolipin synthase ClsA
crr_3,18,0.0020939972080037225,PTS system glucose-specific EIIA component
yybR_3,17,0.001977664029781294,putative HTH-type transcriptional regulator YybR
femB_2,17,0.001977664029781294,Aminoacyltransferase FemB
recQ_3,17,0.001977664029781294,ATP-dependent DNA helicase RecQ
mtnN_1,17,0.001977664029781294,5'-methylthioadenosine/S-adenosylhomocysteine nucleosidase
mtlA,17,0.001977664029781294,PTS system mannitol-specific EIICB component
mntB_3,17,0.001977664029781294,Manganese transport system membrane protein MntB
def_2,17,0.001977664029781294,Peptide deformylase
def_1,17,0.001977664029781294,Peptide deformylase
potE,17,0.001977664029781294,Putrescine transporter PotE
queG_1,17,0.001977664029781294,Epoxyqueuosine reductase
queG_2,17,0.001977664029781294,Epoxyqueuosine reductase
tagA_2,17,0.001977664029781294,N-acetylglucosaminyldiphosphoundecaprenol N-acetyl-beta-D-mannosaminyltransferase
ilvE_1,17,0.001977664029781294,Branched-chain-amino-acid aminotransferase
tagA_1,17,0.001977664029781294,N-acetylglucosaminyldiphosphoundecaprenol N-acetyl-beta-D-mannosaminyltransferase
ilvE_2,17,0.001977664029781294,putative branched-chain-amino-acid aminotransferase
yknZ,17,0.001977664029781294,putative ABC transporter permease YknZ
mtnN_2,17,0.001977664029781294,5'-methylthioadenosine/S-adenosylhomocysteine nucleosidase
femB_1,17,0.001977664029781294,Aminoacyltransferase FemB
dppE_13,17,0.001977664029781294,Dipeptide-binding protein DppE
yeeO,16,0.0018613308515588647,putative FMN/FAD exporter YeeO
kimA_2,16,0.0018613308515588647,Potassium transporter KimA
kimA_1,16,0.0018613308515588647,Potassium transporter KimA
ssbA_1,16,0.0018613308515588647,Single-stranded DNA-binding protein A
dpnM_2,16,0.0018613308515588647,Modification methylase DpnIIA
dpnM_1,16,0.0018613308515588647,Modification methylase DpnIIA
tycA,16,0.0018613308515588647,Tyrocidine synthase 1
gyrB_3,16,0.0018613308515588647,Type 2 topoisomerase subunit B
hxlB,16,0.0018613308515588647,3-hexulose-6-phosphate isomerase
bdhA_3,16,0.0018613308515588647,NADH-dependent butanol dehydrogenase A
cspL_3,16,0.0018613308515588647,Cold shock protein 2
oppD_3,16,0.0018613308515588647,Oligopeptide transport ATP-binding protein OppD
sutR_2,16,0.0018613308515588647,HTH-type transcriptional regulator SutR
sutR_1,16,0.0018613308515588647,HTH-type transcriptional regulator SutR
emrY,16,0.0018613308515588647,putative multidrug resistance protein EmrY
recN_1,16,0.0018613308515588647,DNA repair protein RecN
ssbA_2,16,0.0018613308515588647,Single-stranded DNA-binding protein A
rihC_1,16,0.0018613308515588647,Non-specific ribonucleoside hydrolase RihC
spxA,16,0.0018613308515588647,Regulatory protein Spx
yclP_2,16,0.0018613308515588647,Petrobactin import ATP-binding protein YclP
rihC_2,16,0.0018613308515588647,Non-specific ribonucleoside hydrolase RihC
poxtA,16,0.0018613308515588647,ABC-F type ribosomal protection protein PoxtA
licC_9,16,0.0018613308515588647,Lichenan permease IIC component
albC,16,0.0018613308515588647,Putative ABC transporter ATP-binding protein AlbC
yclP_1,16,0.0018613308515588647,Petrobactin import ATP-binding protein YclP
recN_2,16,0.0018613308515588647,DNA repair protein RecN
yabJ_3,15,0.0017449976733364355,2-iminobutanoate/2-iminopropanoate deaminase
ytbE_3,15,0.0017449976733364355,putative oxidoreductase YtbE
ssnA_2,15,0.0017449976733364355,Putative aminohydrolase SsnA
lgrB,15,0.0017449976733364355,Linear gramicidin synthase subunit B
gdpP_1,15,0.0017449976733364355,Cyclic-di-AMP phosphodiesterase GdpP
lacR_3,15,0.0017449976733364355,Lactose phosphotransferase system repressor
pknD_3,15,0.0017449976733364355,Serine/threonine-protein kinase PknD
gdpP_2,15,0.0017449976733364355,Cyclic-di-AMP phosphodiesterase GdpP
spxA_3,15,0.0017449976733364355,Regulatory protein Spx
nrdF2_1,15,0.0017449976733364355,Ribonucleoside-diphosphate reductase subunit beta nrdF2
vapD,15,0.0017449976733364355,Endoribonuclease VapD
ssnA_1,15,0.0017449976733364355,Putative aminohydrolase SsnA
arcB_3,15,0.0017449976733364355,Delta(1)-pyrroline-2-carboxylate reductase
nrdF2_2,15,0.0017449976733364355,Ribonucleoside-diphosphate reductase subunit beta nrdF2
malY_2,15,0.0017449976733364355,Protein MalY
gloB,15,0.0017449976733364355,Hydroxyacylglutathione hydrolase
ttuB,15,0.0017449976733364355,Putative tartrate transporter
malY_1,15,0.0017449976733364355,Protein MalY
regX3_2,14,0.0016286644951140066,Sensory transduction protein regX3
ce,14,0.0016286644951140066,Cellobiose 2-epimerase
expZ_3,14,0.0016286644951140066,Nucleotide-binding protein ExpZ
lacE_1,14,0.0016286644951140066,PTS system lactose-specific EIICB component
lacE_2,14,0.0016286644951140066,PTS system lactose-specific EIICB component
add_2,14,0.0016286644951140066,Adenosine deaminase
zosA_4,14,0.0016286644951140066,Zinc-transporting ATPase
hly,14,0.0016286644951140066,Alpha-hemolysin
metQ_4,14,0.0016286644951140066,D-methionine-binding lipoprotein MetQ
glcR_4,14,0.0016286644951140066,HTH-type transcriptional repressor GlcR
QRSL1_3,14,0.0016286644951140066,"Glutamyl-tRNA(Gln) amidotransferase subunit A, chloroplastic/mitochondrial"
add_1,14,0.0016286644951140066,Adenosine deaminase
regX3_1,14,0.0016286644951140066,Sensory transduction protein regX3
serS_3,14,0.0016286644951140066,Serine--tRNA ligase
lacZ,13,0.0015123313168915774,Beta-galactosidase
nrdF1,13,0.0015123313168915774,Ribonucleoside-diphosphate reductase subunit beta nrdF1
essC_3,13,0.0015123313168915774,Type VII secretion system protein EssC
pyrP_1,13,0.0015123313168915774,Uracil permease
scmP,13,0.0015123313168915774,N-acetylcysteine deacetylase
ywpJ_2,13,0.0015123313168915774,Phosphatase YwpJ
repN_2,13,0.0015123313168915774,Replication initiation protein
pbpE,13,0.0015123313168915774,Penicillin-binding protein 4*
nfrA2,13,0.0015123313168915774,FMN reductase [NAD(P)H]
pyrP_2,13,0.0015123313168915774,Uracil permease
glcB_2,13,0.0015123313168915774,PTS system glucoside-specific EIICBA component
rhaR_8,13,0.0015123313168915774,HTH-type transcriptional activator RhaR
glcB_1,13,0.0015123313168915774,PTS system glucoside-specific EIICBA component
pdhD_1,13,0.0015123313168915774,Dihydrolipoyl dehydrogenase
infB_1,13,0.0015123313168915774,Translation initiation factor IF-2
metN2_1,13,0.0015123313168915774,Methionine import ATP-binding protein MetN 2
yhhX_2,13,0.0015123313168915774,putative oxidoreductase YhhX
yhhX_1,13,0.0015123313168915774,putative oxidoreductase YhhX
infB_2,13,0.0015123313168915774,Translation initiation factor IF-2
repN_1,13,0.0015123313168915774,Replication initiation protein
pdhD_2,13,0.0015123313168915774,Dihydrolipoyl dehydrogenase
tetA_1,13,0.0015123313168915774,"Tetracycline resistance protein, class B"
metN2_2,13,0.0015123313168915774,Methionine import ATP-binding protein MetN 2
ywpJ_1,13,0.0015123313168915774,Phosphatase YwpJ
tetA_2,13,0.0015123313168915774,"Tetracycline resistance protein, class B"
mhpT,12,0.0013959981386691485,3-(3-hydroxy-phenyl)propionate transporter
degA,12,0.0013959981386691485,HTH-type transcriptional regulator DegA
suhB_2,12,0.0013959981386691485,Inositol-1-monophosphatase
nrgA,12,0.0013959981386691485,Ammonium transporter
lgt_4,12,0.0013959981386691485,Phosphatidylglycerol--prolipoprotein diacylglyceryl transferase
yydI_1,12,0.0013959981386691485,putative peptide export ATP-binding protein YydI
copZ_1,12,0.0013959981386691485,Copper chaperone CopZ
yvgN_2,12,0.0013959981386691485,Glyoxal reductase
alsS_2,12,0.0013959981386691485,Acetolactate synthase
copZ_2,12,0.0013959981386691485,Copper chaperone CopZ
repB_1,12,0.0013959981386691485,Replication protein RepB
repB_2,12,0.0013959981386691485,Replication protein RepB
kstR2,12,0.0013959981386691485,HTH-type transcriptional repressor KstR2
metN_3,12,0.0013959981386691485,Methionine import ATP-binding protein MetN
alsS_1,12,0.0013959981386691485,Acetolactate synthase
sspB,12,0.0013959981386691485,Staphopain B
regX3_3,12,0.0013959981386691485,Sensory transduction protein regX3
suhB_1,12,0.0013959981386691485,Inositol-1-monophosphatase
cmdD,12,0.0013959981386691485,Chondramide synthase cmdD
prfA_1,12,0.0013959981386691485,Listeriolysin regulatory protein
ziaR_3,12,0.0013959981386691485,Transcriptional repressor SmtB
ziaR_2,12,0.0013959981386691485,Transcriptional repressor SmtB
purD_1,12,0.0013959981386691485,Phosphoribosylamine--glycine ligase
yydI_2,12,0.0013959981386691485,putative peptide export ATP-binding protein YydI
cotSA,12,0.0013959981386691485,Spore coat protein SA
prfA_2,12,0.0013959981386691485,Peptide chain release factor 1
yvgN_1,12,0.0013959981386691485,Glyoxal reductase
purD_2,12,0.0013959981386691485,Phosphoribosylamine--glycine ligase
ziaR_1,12,0.0013959981386691485,Transcriptional repressor SmtB
cimH_1,12,0.0013959981386691485,Citrate/malate transporter
cimH_2,12,0.0013959981386691485,Citrate/malate transporter
uacT,12,0.0013959981386691485,Uric acid transporter UacT
COQ3,12,0.0013959981386691485,"Ubiquinone biosynthesis O-methyltransferase, mitochondrial"
ctrA,12,0.0013959981386691485,Cell cycle response regulator CtrA
ynfM,11,0.0012796649604467194,Inner membrane transport protein YnfM
rcsC_5,11,0.0012796649604467194,Sensor histidine kinase RcsC
bin3_8,11,0.0012796649604467194,Putative transposon Tn552 DNA-invertase bin3
sapB,11,0.0012796649604467194,Protein SapB
msmE,11,0.0012796649604467194,Multiple sugar-binding protein
lpxD,11,0.0012796649604467194,UDP-3-O-(3-hydroxymyristoyl)glucosamine N-acyltransferase
fdrA_2,11,0.0012796649604467194,Protein FdrA
fdrA_1,11,0.0012796649604467194,Protein FdrA
serS,11,0.0012796649604467194,Serine--tRNA ligase
sdhA,11,0.0012796649604467194,"L-serine dehydratase, alpha chain"
ydiS,11,0.0012796649604467194,Type-2 restriction enzyme BsuMI component YdiS
glpK_1,11,0.0012796649604467194,Glycerol kinase
dhaK_1,11,0.0012796649604467194,"PTS-dependent dihydroxyacetone kinase, dihydroxyacetone-binding subunit DhaK"
yjlD,11,0.0012796649604467194,NADH dehydrogenase-like protein YjlD
glpK_2,11,0.0012796649604467194,Glycerol kinase
dhaK_2,11,0.0012796649604467194,"PTS-dependent dihydroxyacetone kinase, dihydroxyacetone-binding subunit DhaK"
ecfA2_1,11,0.0012796649604467194,Energy-coupling factor transporter ATP-binding protein EcfA2
ecfA2_2,11,0.0012796649604467194,Energy-coupling factor transporter ATP-binding protein EcfA2
sugC,11,0.0012796649604467194,Trehalose import ATP-binding protein SugC
tyrS,11,0.0012796649604467194,Tyrosine--tRNA ligase
metN,10,0.0011633317822242904,Methionine import ATP-binding protein MetN
nikA,10,0.0011633317822242904,Nickel-binding periplasmic protein
ygjI_1,10,0.0011633317822242904,Inner membrane transporter YgjI
ygjI_2,10,0.0011633317822242904,Inner membrane transporter YgjI
prgT_4,10,0.0011633317822242904,Putative regulatory protein PrgT
rfbX_1,10,0.0011633317822242904,Putative O-antigen transporter
rfbX_2,10,0.0011633317822242904,Putative O-antigen transporter
recD,10,0.0011633317822242904,RecBCD enzyme subunit RecD
murQ_3,10,0.0011633317822242904,N-acetylmuramic acid 6-phosphate etherase
vanT,10,0.0011633317822242904,Serine/alanine racemase
sboA_2,10,0.0011633317822242904,Subtilosin-A
tmk_2,10,0.0011633317822242904,Thymidylate kinase
sboA_1,10,0.0011633317822242904,Subtilosin-A
cbh_3,10,0.0011633317822242904,Choloylglycine hydrolase
tmk_1,10,0.0011633317822242904,Thymidylate kinase
uvrB_3,10,0.0011633317822242904,UvrABC system protein B
apaH,10,0.0011633317822242904,"Bis(5'-nucleosyl)-tetraphosphatase, symmetrical"
bglC,10,0.0011633317822242904,Aryl-phospho-beta-D-glucosidase BglC
dps_5,10,0.0011633317822242904,DNA protection during starvation protein
mreC_2,10,0.0011633317822242904,Cell shape-determining protein MreC
mreC_1,10,0.0011633317822242904,Cell shape-determining protein MreC
aviRb,10,0.0011633317822242904,23S rRNA (uridine(2479)-2'-O)-methyltransferase
pucJ,10,0.0011633317822242904,Uric acid permease PucJ
yfcJ_1,10,0.0011633317822242904,putative MFS-type transporter YfcJ
yfcJ_2,10,0.0011633317822242904,putative MFS-type transporter YfcJ
gpmB,10,0.0011633317822242904,phosphoglycerate mutase GpmB
adhT,9,0.0010469986040018613,Alcohol dehydrogenase
gbpA_2,9,0.0010469986040018613,GlcNAc-binding protein A
pgaC,9,0.0010469986040018613,"Poly-beta-1,6-N-acetyl-D-glucosamine synthase"
gbpA_1,9,0.0010469986040018613,GlcNAc-binding protein A
hxlR_1,9,0.0010469986040018613,HTH-type transcriptional activator HxlR
soj_8,9,0.0010469986040018613,Sporulation initiation inhibitor protein Soj
golD,9,0.0010469986040018613,NAD-dependent glycerol dehydrogenase
idi,9,0.0010469986040018613,Isopentenyl-diphosphate Delta-isomerase
opuCC_2,9,0.0010469986040018613,Glycine betaine/carnitine/choline-binding protein OpuCC
pyrDB_1,9,0.0010469986040018613,"Dihydroorotate dehydrogenase B (NAD(+)), catalytic subunit"
nrdH_2,9,0.0010469986040018613,Glutaredoxin-like protein NrdH
pyrDB_2,9,0.0010469986040018613,"Dihydroorotate dehydrogenase B (NAD(+)), catalytic subunit"
pepC_2,9,0.0010469986040018613,Aminopeptidase C
rho_2,9,0.0010469986040018613,Transcription termination factor Rho
dap_1,9,0.0010469986040018613,D-aminopeptidase
kptA,9,0.0010469986040018613,putative RNA 2'-phosphotransferase
rho_1,9,0.0010469986040018613,Transcription termination factor Rho
dap_2,9,0.0010469986040018613,D-aminopeptidase
hmrR,9,0.0010469986040018613,HTH-type transcriptional regulator HmrR
recA_1,9,0.0010469986040018613,Protein RecA
hxlR_2,9,0.0010469986040018613,HTH-type transcriptional activator HxlR
nisB,9,0.0010469986040018613,Nisin biosynthesis protein NisB
tarF_1,9,0.0010469986040018613,Teichoic acid glycerol-phosphate transferase
pepC_1,9,0.0010469986040018613,Aminopeptidase C
ndoA_3,9,0.0010469986040018613,Endoribonuclease EndoA
nrdH_1,9,0.0010469986040018613,Glutaredoxin-like protein NrdH
soxS,9,0.0010469986040018613,Regulatory protein SoxS
ebrA,9,0.0010469986040018613,Multidrug resistance protein EbrA
tarF_2,9,0.0010469986040018613,Teichoic acid poly(glycerol phosphate) polymerase
cheB,9,0.0010469986040018613,Protein-glutamate methylesterase/protein-glutamine glutaminase
opuCC_1,9,0.0010469986040018613,Glycine betaine/carnitine/choline-binding protein OpuCC
recA_2,9,0.0010469986040018613,Protein RecA
pqqE,9,0.0010469986040018613,PqqA peptide cyclase
pncB2_2,8,0.0009306654257794323,Nicotinate phosphoribosyltransferase pncB2
tagU_7,8,0.0009306654257794323,Polyisoprenyl-teichoic acid--peptidoglycan teichoic acid transferase TagU
rnhA_1,8,0.0009306654257794323,Ribonuclease H
tag_3,8,0.0009306654257794323,DNA-3-methyladenine glycosylase 1
hcxA_3,8,0.0009306654257794323,Hydroxycarboxylate dehydrogenase A
rnhA_2,8,0.0009306654257794323,14.7 kDa ribonuclease H-like protein
cmpC,8,0.0009306654257794323,Bicarbonate transport ATP-binding protein CmpC
pncB2_1,8,0.0009306654257794323,Nicotinate phosphoribosyltransferase pncB2
pppA,8,0.0009306654257794323,Prepilin peptidase PppA
mutL_2,8,0.0009306654257794323,DNA mismatch repair protein MutL
cat_2,8,0.0009306654257794323,Chloramphenicol acetyltransferase
cat_1,8,0.0009306654257794323,Chloramphenicol acetyltransferase
mutL_1,8,0.0009306654257794323,DNA mismatch repair protein MutL
ebgA_2,8,0.0009306654257794323,Evolved beta-galactosidase subunit alpha
manY,8,0.0009306654257794323,PTS system mannose-specific EIIC component
ydhK_2,8,0.0009306654257794323,putative protein YdhK
ebgA_1,8,0.0009306654257794323,Evolved beta-galactosidase subunit alpha
cfr,8,0.0009306654257794323,Ribosomal RNA large subunit methyltransferase Cfr
phr,8,0.0009306654257794323,Deoxyribodipyrimidine photo-lyase
aacA-aphD_2,8,0.0009306654257794323,Bifunctional AAC/APH
ydhK_1,8,0.0009306654257794323,putative protein YdhK
ycjP,8,0.0009306654257794323,Inner membrane ABC transporter permease protein YcjP
pyrDA_1,8,0.0009306654257794323,Dihydroorotate dehydrogenase A (fumarate)
oxyR_1,8,0.0009306654257794323,Hydrogen peroxide-inducible genes activator
oxyR_2,8,0.0009306654257794323,Hydrogen peroxide-inducible genes activator
epmA,8,0.0009306654257794323,Elongation factor P--(R)-beta-lysine ligase
pyrDA_2,8,0.0009306654257794323,Dihydroorotate dehydrogenase A (fumarate)
arnC_6,8,0.0009306654257794323,Undecaprenyl-phosphate 4-deoxy-4-formamido-L-arabinose transferase
rhaB_2,8,0.0009306654257794323,L-Rhamnulokinase
aacA-aphD_1,8,0.0009306654257794323,Bifunctional AAC/APH
rhaB_1,8,0.0009306654257794323,Rhamnulokinase
yiaJ,8,0.0009306654257794323,DNA-binding transcriptional repressor YiaJ
opuCB_1,7,0.0008143322475570033,Carnitine transport permease protein OpuCB
ydeN,7,0.0008143322475570033,Putative hydrolase YdeN
larA_2,7,0.0008143322475570033,Lactate racemase
ecsA_2,7,0.0008143322475570033,ABC-type transporter ATP-binding protein EcsA
dgaF_3,7,0.0008143322475570033,2-dehydro-3-deoxy-phosphogluconate aldolase
rihB,7,0.0008143322475570033,Pyrimidine-specific ribonucleoside hydrolase RihB
gmuE_2,7,0.0008143322475570033,Putative fructokinase
gmuE_1,7,0.0008143322475570033,Putative fructokinase
lacX_3,7,0.0008143322475570033,"Protein LacX, plasmid"
oppB_1,7,0.0008143322475570033,Oligopeptide transport system permease protein OppB
larA_1,7,0.0008143322475570033,Lactate racemase
trxA_1,7,0.0008143322475570033,Thioredoxin
nnrD_2,7,0.0008143322475570033,ADP-dependent (S)-NAD(P)H-hydrate dehydratase
deoD_1,7,0.0008143322475570033,Purine nucleoside phosphorylase DeoD-type
queH,7,0.0008143322475570033,Epoxyqueuosine reductase QueH
opuCB_2,7,0.0008143322475570033,Carnitine transport permease protein OpuCB
argF,7,0.0008143322475570033,Ornithine carbamoyltransferase
oppB_2,7,0.0008143322475570033,Oligopeptide transport system permease protein OppB
hxlR_3,7,0.0008143322475570033,HTH-type transcriptional activator HxlR
lysN,7,0.0008143322475570033,2-aminoadipate transaminase
feoB_2,7,0.0008143322475570033,Fe(2+) transporter FeoB
bcrB_1,7,0.0008143322475570033,Bacitracin transport permease protein BcrB
lutB_2,7,0.0008143322475570033,Lactate utilization protein B
truB_2,7,0.0008143322475570033,tRNA pseudouridine synthase B
truB_1,7,0.0008143322475570033,tRNA pseudouridine synthase B
feoB_1,7,0.0008143322475570033,Fe(2+) transporter FeoB
nox_1,7,0.0008143322475570033,NADH oxidase
galT_3,7,0.0008143322475570033,Galactose-1-phosphate uridylyltransferase
trxA_2,7,0.0008143322475570033,Thioredoxin
lutB_1,7,0.0008143322475570033,Lactate utilization protein B
bcrB_2,7,0.0008143322475570033,Bacitracin transport permease protein BcrB
nnrD_1,7,0.0008143322475570033,ADP-dependent (S)-NAD(P)H-hydrate dehydratase
fadR,7,0.0008143322475570033,Fatty acid metabolism regulator protein
sorM,7,0.0008143322475570033,PTS system sorbose-specific EIID component
ecsA_1,7,0.0008143322475570033,ABC-type transporter ATP-binding protein EcsA
nox_2,7,0.0008143322475570033,NADH oxidase
amiC,7,0.0008143322475570033,Putative amidase AmiC
deoD_2,7,0.0008143322475570033,Purine nucleoside phosphorylase DeoD-type
tyrC,7,0.0008143322475570033,Cyclohexadienyl dehydrogenase
manX_10,7,0.0008143322475570033,PTS system mannose-specific EIIAB component
hepA,6,0.0006979990693345743,Heterocyst differentiation ATP-binding protein HepA
folE_1,6,0.0006979990693345743,GTP cyclohydrolase 1
hcaR,6,0.0006979990693345743,Hca operon transcriptional activator HcaR
ycaM_2,6,0.0006979990693345743,Inner membrane transporter YcaM
sipW,6,0.0006979990693345743,Signal peptidase I W
gtfA_3,6,0.0006979990693345743,Sucrose phosphorylase
hxlR_4,6,0.0006979990693345743,HTH-type transcriptional activator HxlR
qacA,6,0.0006979990693345743,Antiseptic resistance protein
vsr,6,0.0006979990693345743,Very short patch repair protein
prmA_2,6,0.0006979990693345743,Ribosomal protein L11 methyltransferase
nikB,6,0.0006979990693345743,Nickel import system permease protein NikB
haeIIIM_3,6,0.0006979990693345743,Modification methylase HaeIII
prmA_1,6,0.0006979990693345743,Ribosomal protein L11 methyltransferase
murB_3,6,0.0006979990693345743,UDP-N-acetylenolpyruvoylglucosamine reductase
cfa_1,6,0.0006979990693345743,Cyclopropane-fatty-acyl-phospholipid synthase
czcD,6,0.0006979990693345743,"Cadmium, cobalt and zinc/H(+)-K(+) antiporter"
glxK,6,0.0006979990693345743,Glycerate 3-kinase
allE_1,6,0.0006979990693345743,(S)-ureidoglycine aminohydrolase
ansA_1,6,0.0006979990693345743,putative L-asparaginase
moaC_2,6,0.0006979990693345743,Cyclic pyranopterin monophosphate synthase
allE_2,6,0.0006979990693345743,(S)-ureidoglycine aminohydrolase
ansA_2,6,0.0006979990693345743,putative L-asparaginase
trpS2_2,6,0.0006979990693345743,Tryptophan--tRNA ligase 2
ycaM_1,6,0.0006979990693345743,Inner membrane transporter YcaM
cfa_2,6,0.0006979990693345743,Cyclopropane-fatty-acyl-phospholipid synthase
tet(W),6,0.0006979990693345743,tetracycline resistance ribosomal protection protein Tet(W)
ccmK2,6,0.0006979990693345743,Carbon dioxide-concentrating mechanism protein CcmK
moaC_1,6,0.0006979990693345743,Cyclic pyranopterin monophosphate synthase
gutB,6,0.0006979990693345743,Sorbitol dehydrogenase
ftsA_2,6,0.0006979990693345743,Cell division protein FtsA
ftsA_1,6,0.0006979990693345743,Cell division protein FtsA
dcm,6,0.0006979990693345743,DNA-cytosine methyltransferase
hisB,6,0.0006979990693345743,Histidine biosynthesis bifunctional protein HisB
gltC,6,0.0006979990693345743,HTH-type transcriptional regulator GltC
folE_2,6,0.0006979990693345743,GTP cyclohydrolase 1
yghA_2,6,0.0006979990693345743,putative oxidoreductase YghA
hin_5,6,0.0006979990693345743,DNA-invertase hin
yghA_1,6,0.0006979990693345743,putative oxidoreductase YghA
yclN_2,6,0.0006979990693345743,Petrobactin import system permease protein YclN
trpS2_1,6,0.0006979990693345743,Tryptophan--tRNA ligase 2
yclN_1,6,0.0006979990693345743,Petrobactin import system permease protein YclN
larMN_2,5,0.0005816658911121452,putative fused nickel transport protein LarMN
opuAA,5,0.0005816658911121452,Glycine betaine transport ATP-binding protein OpuAA
dapE,5,0.0005816658911121452,putative succinyl-diaminopimelate desuccinylase
recJ,5,0.0005816658911121452,Single-stranded-DNA-specific exonuclease RecJ
adhE_4,5,0.0005816658911121452,Aldehyde-alcohol dehydrogenase
buk,5,0.0005816658911121452,butyrate kinase
pepS_1,5,0.0005816658911121452,Aminopeptidase PepS
mccF,5,0.0005816658911121452,Microcin C7 self-immunity protein MccF
RBKS_2,5,0.0005816658911121452,Ribokinase
RBKS_1,5,0.0005816658911121452,Ribokinase
yfdH,5,0.0005816658911121452,Prophage bactoprenol glucosyl transferase
pepS_2,5,0.0005816658911121452,Aminopeptidase PepS
adhR_1,5,0.0005816658911121452,HTH-type transcriptional regulator AdhR
sorB,5,0.0005816658911121452,PTS system sorbose-specific EIIB component
larMN_1,5,0.0005816658911121452,putative fused nickel transport protein LarMN
argE,5,0.0005816658911121452,Acetylornithine deacetylase
gmuA,5,0.0005816658911121452,PTS system oligo-beta-mannoside-specific EIIA component
gatY,5,0.0005816658911121452,"D-tagatose-1,6-bisphosphate aldolase subunit GatY"
polC,5,0.0005816658911121452,DNA polymerase III PolC-type
czcR,5,0.0005816658911121452,Transcriptional activator protein CzcR
blaI,5,0.0005816658911121452,Penicillinase repressor
lspA_1,5,0.0005816658911121452,Lipoprotein signal peptidase
lspA_2,5,0.0005816658911121452,Lipoprotein signal peptidase
bceA_3,5,0.0005816658911121452,Bacitracin export ATP-binding protein BceA
cdaR,5,0.0005816658911121452,CdaA regulatory protein CdaR
adhR_2,5,0.0005816658911121452,HTH-type transcriptional regulator AdhR
yidA,5,0.0005816658911121452,Sugar phosphatase YidA
tam,5,0.0005816658911121452,Trans-aconitate 2-methyltransferase
nikC,5,0.0005816658911121452,Nickel import system permease protein NikC
yafP,5,0.0005816658911121452,putative N-acetyltransferase YafP
npr,5,0.0005816658911121452,NADH peroxidase
purF_1,4,0.00046533271288971617,Amidophosphoribosyltransferase
dnaJ_1,4,0.00046533271288971617,Chaperone protein DnaJ
pld1,4,0.00046533271288971617,Pyridoxal 4-dehydrogenase
mutS_2,4,0.00046533271288971617,DNA mismatch repair protein MutS
mutS_1,4,0.00046533271288971617,DNA mismatch repair protein MutS
sdhB_2,4,0.00046533271288971617,"L-serine dehydratase, beta chain"
dnaJ_2,4,0.00046533271288971617,Chaperone protein DnaJ
sdhB_1,4,0.00046533271288971617,"L-serine dehydratase, beta chain"
siaM,4,0.00046533271288971617,Sialic acid TRAP transporter large permease protein SiaM
ermC,4,0.00046533271288971617,rRNA adenine N-6-methyltransferase
rex_3,4,0.00046533271288971617,Redox-sensing transcriptional repressor Rex
repD_1,4,0.00046533271288971617,Replication initiation protein
mrdB_1,4,0.00046533271288971617,Peptidoglycan glycosyltransferase MrdB
sfp,4,0.00046533271288971617,4'-phosphopantetheinyl transferase Sfp
ettA_1,4,0.00046533271288971617,Energy-dependent translational throttle protein EttA
repD_2,4,0.00046533271288971617,Replication initiation protein
sacA,4,0.00046533271288971617,Sucrose-6-phosphate hydrolase
ettA_2,4,0.00046533271288971617,Energy-dependent translational throttle protein EttA
pezA,4,0.00046533271288971617,Antitoxin PezA
mgtB_1,4,0.00046533271288971617,"Magnesium-transporting ATPase, P-type 1"
hsdR_2,4,0.00046533271288971617,Type-1 restriction enzyme R protein
yclQ_2,4,0.00046533271288971617,Petrobactin-binding protein YclQ
yclQ_1,4,0.00046533271288971617,Petrobactin-binding protein YclQ
hsdR_1,4,0.00046533271288971617,Type-1 restriction enzyme R protein
pucK_1,4,0.00046533271288971617,Uric acid permease PucK
esxA_3,4,0.00046533271288971617,Type VII secretion system extracellular protein A
mrdB_2,4,0.00046533271288971617,Peptidoglycan glycosyltransferase MrdB
pezT,4,0.00046533271288971617,Toxin PezT
nhaC_3,4,0.00046533271288971617,Na(+)/H(+) antiporter NhaC
nisC,4,0.00046533271288971617,Nisin biosynthesis protein NisC
iolC_3,4,0.00046533271288971617,5-dehydro-2-deoxygluconokinase
dlsT,4,0.00046533271288971617,Serine transporter
sorB_6,4,0.00046533271288971617,PTS system sorbose-specific EIIB component
virD4,4,0.00046533271288971617,Protein VirD4
purF_2,4,0.00046533271288971617,Amidophosphoribosyltransferase
trmH,4,0.00046533271288971617,tRNA (guanosine(18)-2'-O)-methyltransferase
aqpZ2,4,0.00046533271288971617,Aquaporin Z 2
bmr3_2,4,0.00046533271288971617,Multidrug resistance protein 3
pucK_2,4,0.00046533271288971617,Uric acid permease PucK
rsmC,4,0.00046533271288971617,Ribosomal RNA small subunit methyltransferase C
yjhB,4,0.00046533271288971617,Putative metabolite transport protein YjhB
yidK_2,4,0.00046533271288971617,putative symporter YidK
bmr3_1,4,0.00046533271288971617,Multidrug resistance protein 3
mgtB_2,4,0.00046533271288971617,"Magnesium-transporting ATPase, P-type 1"
fdhA,4,0.00046533271288971617,Glutathione-independent formaldehyde dehydrogenase
resE,4,0.00046533271288971617,Sensor histidine kinase ResE
nisI,4,0.00046533271288971617,Nisin immunity protein
msbA_1,4,0.00046533271288971617,Lipid A export ATP-binding/permease protein MsbA
rlmI_1,4,0.00046533271288971617,Ribosomal RNA large subunit methyltransferase I
apt_3,4,0.00046533271288971617,Adenine phosphoribosyltransferase
epsH,4,0.00046533271288971617,Putative glycosyltransferase EpsH
yfnB,4,0.00046533271288971617,Putative HAD-hydrolase YfnB
yidK_1,4,0.00046533271288971617,putative symporter YidK
mntR_1,4,0.00046533271288971617,Transcriptional regulator MntR
rlmI_2,4,0.00046533271288971617,Ribosomal RNA large subunit methyltransferase I
nmoA,4,0.00046533271288971617,Nitronate monooxygenase
mntR_2,4,0.00046533271288971617,HTH-type transcriptional regulator MntR
msbA_2,4,0.00046533271288971617,Lipid A export ATP-binding/permease protein MsbA
aroC_1,3,0.0003489995346672871,Chorismate synthase
inlI,3,0.0003489995346672871,Internalin I
ltaS1_3,3,0.0003489995346672871,Lipoteichoic acid synthase 1
aroC_2,3,0.0003489995346672871,Chorismate synthase
oppF,3,0.0003489995346672871,Oligopeptide transport ATP-binding protein OppF
cobB_2,3,0.0003489995346672871,NAD-dependent protein deacetylase
uvrA,3,0.0003489995346672871,UvrABC system protein A
mshA_1,3,0.0003489995346672871,D-inositol-3-phosphate glycosyltransferase
clpB_2,3,0.0003489995346672871,Chaperone protein ClpB
gsiA,3,0.0003489995346672871,Glutathione import ATP-binding protein GsiA
tmrB_1,3,0.0003489995346672871,Tunicamycin resistance protein
gbuC,3,0.0003489995346672871,Glycine betaine/carnitine transport binding protein GbuC
licA_3,3,0.0003489995346672871,Lichenan-specific phosphotransferase enzyme IIA component
dgaE_3,3,0.0003489995346672871,D-glucosaminate-6-phosphate ammonia lyase
silP_1,3,0.0003489995346672871,Silver exporting P-type ATPase
silP_2,3,0.0003489995346672871,Silver exporting P-type ATPase
sorD,3,0.0003489995346672871,PTS system sorbose-specific EIID component
arlS,3,0.0003489995346672871,Signal transduction histidine-protein kinase ArlS
cysL_3,3,0.0003489995346672871,HTH-type transcriptional regulator CysL
xerH,3,0.0003489995346672871,Tyrosine recombinase XerH
cobB_1,3,0.0003489995346672871,NAD-dependent protein deacetylase
appA,3,0.0003489995346672871,Oligopeptide-binding protein AppA
acm,3,0.0003489995346672871,Lysozyme M1
msrA2,3,0.0003489995346672871,Peptide methionine sulfoxide reductase MsrA 2
bla,3,0.0003489995346672871,Beta-lactamase TEM
yfnB_3,3,0.0003489995346672871,Putative HAD-hydrolase YfnB
ecfT_4,3,0.0003489995346672871,Energy-coupling factor transporter transmembrane protein EcfT
potH,3,0.0003489995346672871,Putrescine transport system permease protein PotH
garB,3,0.0003489995346672871,Glutathione amide reductase
uup,3,0.0003489995346672871,ABC transporter ATP-binding protein uup
tetR,3,0.0003489995346672871,Tetracycline repressor protein class A from transposon 1721
macB,3,0.0003489995346672871,Macrolide export ATP-binding/permease protein MacB
uppP_3,3,0.0003489995346672871,Undecaprenyl-diphosphatase
clpB_1,3,0.0003489995346672871,Chaperone protein ClpB
tmrB_2,3,0.0003489995346672871,Tunicamycin resistance protein
bin3_9,3,0.0003489995346672871,Putative transposon Tn552 DNA-invertase bin3
sbnD_1,3,0.0003489995346672871,Staphyloferrin B transporter
gph_5,3,0.0003489995346672871,Phosphoglycolate phosphatase
pepV,3,0.0003489995346672871,Beta-Ala-Xaa dipeptidase
mepM,3,0.0003489995346672871,Murein DD-endopeptidase MepM
sbnD_2,3,0.0003489995346672871,Staphyloferrin B transporter
mshA_2,3,0.0003489995346672871,D-inositol-3-phosphate glycosyltransferase
strA_3,2,0.00023266635644485808,Sortase A
creC,2,0.00023266635644485808,Sensor protein CreC
ydjF,2,0.00023266635644485808,putative HTH-type transcriptional regulator YdjF
dltA_3,2,0.00023266635644485808,D-alanine--D-alanyl carrier protein ligase
menA_3,2,0.00023266635644485808,"1,4-dihydroxy-2-naphthoate octaprenyltransferase"
livH,2,0.00023266635644485808,High-affinity branched-chain amino acid transport system permease protein LivH
iolS,2,0.00023266635644485808,Aldo-keto reductase IolS
sigE,2,0.00023266635644485808,ECF RNA polymerase sigma factor SigE
steT_2,2,0.00023266635644485808,Serine/threonine exchanger SteT
pgi_2,2,0.00023266635644485808,Glucose-6-phosphate isomerase
yhdJ_1,2,0.00023266635644485808,DNA adenine methyltransferase YhdJ
galE_3,2,0.00023266635644485808,UDP-glucose 4-epimerase
ridA,2,0.00023266635644485808,2-iminobutanoate/2-iminopropanoate deaminase
rutB_3,2,0.00023266635644485808,Peroxyureidoacrylate/ureidoacrylate amidohydrolase RutB
trxB_1,2,0.00023266635644485808,Thioredoxin reductase
yhdJ_2,2,0.00023266635644485808,DNA adenine methyltransferase YhdJ
mdlB,2,0.00023266635644485808,Multidrug resistance-like ATP-binding protein MdlB
fabG_3,2,0.00023266635644485808,3-oxoacyl-[acyl-carrier-protein] reductase FabG
oatA_2,2,0.00023266635644485808,O-acetyltransferase OatA
oatA_1,2,0.00023266635644485808,O-acetyltransferase OatA
glgB,2,0.00023266635644485808,"1,4-alpha-glucan branching enzyme GlgB"
trxB_2,2,0.00023266635644485808,Thioredoxin reductase
rpoN2,2,0.00023266635644485808,RNA polymerase sigma-54 factor 2
iolE_2,2,0.00023266635644485808,Inosose dehydratase
pgi_1,2,0.00023266635644485808,Glucose-6-phosphate isomerase
helD_2,2,0.00023266635644485808,DNA helicase IV
dppD,2,0.00023266635644485808,Dipeptide transport ATP-binding protein DppD
dagK_2,2,0.00023266635644485808,Diacylglycerol kinase
iolE_1,2,0.00023266635644485808,Inosose dehydratase
steT_1,2,0.00023266635644485808,Serine/threonine exchanger SteT
adhB,2,0.00023266635644485808,Alcohol dehydrogenase 2
prs2_2,2,0.00023266635644485808,Putative ribose-phosphate pyrophosphokinase 2
dagK_1,2,0.00023266635644485808,Diacylglycerol kinase
helD_1,2,0.00023266635644485808,DNA helicase IV
ramC,2,0.00023266635644485808,putative SapB synthase
nanK,2,0.00023266635644485808,N-acetylmannosamine kinase
speE,2,0.00023266635644485808,Polyamine aminopropyltransferase
prs2_1,2,0.00023266635644485808,Putative ribose-phosphate pyrophosphokinase 2
tetO,2,0.00023266635644485808,Tetracycline resistance protein TetO
atzA,2,0.00023266635644485808,Atrazine chlorohydrolase
kdpB_2,2,0.00023266635644485808,Potassium-transporting ATPase ATP-binding subunit
sdhA_3,2,0.00023266635644485808,"L-serine dehydratase, alpha chain"
glpF_2,2,0.00023266635644485808,Glycerol uptake facilitator protein
kdpB_1,2,0.00023266635644485808,Potassium-transporting ATPase ATP-binding subunit
glpF_1,2,0.00023266635644485808,Glycerol uptake facilitator protein
bglB,2,0.00023266635644485808,Thermostable beta-glucosidase B
lagD_5,2,0.00023266635644485808,Lactococcin-G-processing and transport ATP-binding protein LagD
dhaT,2,0.00023266635644485808,"1,3-propanediol dehydrogenase"
guaA_1,2,0.00023266635644485808,GMP synthase [glutamine-hydrolyzing]
guaA_2,2,0.00023266635644485808,GMP synthase [glutamine-hydrolyzing]
murJ_4,2,0.00023266635644485808,Lipid II flippase MurJ
pepA_1,1,0.00011633317822242904,Glutamyl aminopeptidase
repB_3,1,0.00011633317822242904,Replication protein RepB
clpA,1,0.00011633317822242904,ATP-dependent Clp protease ATP-binding subunit ClpA
rpsQ_2,1,0.00011633317822242904,30S ribosomal protein S17
cobS,1,0.00011633317822242904,Adenosylcobinamide-GDP ribazoletransferase
sipS,1,0.00011633317822242904,Signal peptidase I S
betI,1,0.00011633317822242904,HTH-type transcriptional regulator BetI
tadA,1,0.00011633317822242904,tRNA-specific adenosine deaminase
allD_1,1,0.00011633317822242904,Ureidoglycolate dehydrogenase (NAD(+))
glpO_1,1,0.00011633317822242904,Alpha-glycerophosphate oxidase
scmP_3,1,0.00011633317822242904,N-acetylcysteine deacetylase
glpO_2,1,0.00011633317822242904,Alpha-glycerophosphate oxidase
allD_2,1,0.00011633317822242904,Ureidoglycolate dehydrogenase (NAD(+))
gamA,1,0.00011633317822242904,putative glucosamine-6-phosphate deaminase 2
rhaS_5,1,0.00011633317822242904,HTH-type transcriptional activator RhaS
fbp_1,1,0.00011633317822242904,"Fructose-1,6-bisphosphatase class 3"
ugl_4,1,0.00011633317822242904,Unsaturated chondroitin disaccharide hydrolase
pepA_2,1,0.00011633317822242904,Glutamyl aminopeptidase
mutS2,1,0.00011633317822242904,Endonuclease MutS2
esaA,1,0.00011633317822242904,Type VII secretion system accessory factor EsaA
pduL_1,1,0.00011633317822242904,Phosphate propanoyltransferase
tipA,1,0.00011633317822242904,HTH-type transcriptional activator TipA
glcK_1,1,0.00011633317822242904,Glucokinase
glcK_2,1,0.00011633317822242904,Glucokinase
malF,1,0.00011633317822242904,Maltose/maltodextrin transport system permease protein MalF
nsrR,1,0.00011633317822242904,HTH-type transcriptional repressor NsrR
pbpX_1,1,0.00011633317822242904,Putative penicillin-binding protein PbpX
chbB_2,1,0.00011633317822242904,"PTS system N,N'-diacetylchitobiose-specific EIIB component"
pbpX_2,1,0.00011633317822242904,Penicillin-binding protein 2X
rpsQ_1,1,0.00011633317822242904,30S ribosomal protein S17
scrB_3,1,0.00011633317822242904,Sucrose-6-phosphate hydrolase
chbB_1,1,0.00011633317822242904,"PTS system N,N'-diacetylchitobiose-specific EIIB component"
emrB_3,1,0.00011633317822242904,Multidrug export protein EmrB
ddrA,1,0.00011633317822242904,Diol dehydratase-reactivating factor alpha subunit
pduL_2,1,0.00011633317822242904,Phosphate propanoyltransferase
cobU,1,0.00011633317822242904,Bifunctional adenosylcobalamin biosynthesis protein CobU
eriC_1,1,0.00011633317822242904,Chloride/fluoride channel protein
livF,1,0.00011633317822242904,High-affinity branched-chain amino acid transport ATP-binding protein LivF
ybeZ,1,0.00011633317822242904,PhoH-like protein
rbsR,1,0.00011633317822242904,Ribose operon repressor
icaB,1,0.00011633317822242904,"Poly-beta-1,6-N-acetyl-D-glucosamine N-deacetylase"
dut_1,1,0.00011633317822242904,Deoxyuridine 5'-triphosphate nucleotidohydrolase
eriC_2,1,0.00011633317822242904,Chloride/fluoride channel protein
cdh,1,0.00011633317822242904,CDP-diacylglycerol pyrophosphatase
dut_2,1,0.00011633317822242904,Deoxyuridine 5'-triphosphate nucleotidohydrolase
manP_5,1,0.00011633317822242904,PTS system mannose-specific EIIBCA component
rsxB,1,0.00011633317822242904,Ion-translocating oxidoreductase complex subunit B
fimA_2,1,0.00011633317822242904,Manganese ABC transporter substrate-binding lipoprotein
glgA,1,0.00011633317822242904,Glycogen synthase
fimA_1,1,0.00011633317822242904,Manganese ABC transporter substrate-binding lipoprotein
pikAV,1,0.00011633317822242904,Thioesterase PikA5
tagB_1,1,0.00011633317822242904,Teichoic acid glycerol-phosphate primase
lacG_1,1,0.00011633317822242904,6-phospho-beta-galactosidase
bglG,1,0.00011633317822242904,Cryptic beta-glucoside bgl operon antiterminator
tagB_2,1,0.00011633317822242904,Teichoic acid glycerol-phosphate primase
cysK_1,1,0.00011633317822242904,Cysteine synthase
glgC,1,0.00011633317822242904,Glucose-1-phosphate adenylyltransferase
eis_3,1,0.00011633317822242904,N-acetyltransferase Eis
trpS_2,1,0.00011633317822242904,Tryptophan--tRNA ligase
cbiM,1,0.00011633317822242904,Cobalt transport protein CbiM
nfdA,1,0.00011633317822242904,N-substituted formamide deformylase
trpS_1,1,0.00011633317822242904,Tryptophan--tRNA ligase
penPC,1,0.00011633317822242904,Beta-lactamase 1
cysK_2,1,0.00011633317822242904,Cysteine synthase
lacG_2,1,0.00011633317822242904,Lactose transport system permease protein LacG
braC,1,0.00011633317822242904,"Leucine-, isoleucine-, valine-, threonine-, and alanine-binding protein"
dinG_4,1,0.00011633317822242904,3'-5' exonuclease DinG
ndhS,1,0.00011633317822242904,Nicotinate dehydrogenase small FeS subunit
fbp_2,1,0.00011633317822242904,"Fructose-1,6-bisphosphatase class 3"
maa_2,1,0.00011633317822242904,Maltose O-acetyltransferase
malL_4,1,0.00011633317822242904,"Oligo-1,6-glucosidase"
panT,1,0.00011633317822242904,Pantothenic acid transporter PanT
aes_3,1,0.00011633317822242904,Acetyl esterase
maa_1,1,0.00011633317822242904,Maltose O-acetyltransferase
fus,0,0.0,Elongation factor G
rfbC_2,0,0.0,"dTDP-4-dehydrorhamnose 3,5-epimerase"
rmlA_1,0,0.0,Glucose-1-phosphate thymidylyltransferase
rmlA_2,0,0.0,Glucose-1-phosphate thymidylyltransferase
rfbC_1,0,0.0,"dTDP-4-dehydrorhamnose 3,5-epimerase"
rpsG_2,0,0.0,30S ribosomal protein S7
engB_1,0,0.0,putative GTP-binding protein EngB
tsaE_2,0,0.0,tRNA threonylcarbamoyladenosine biosynthesis protein TsaE
araC_2,0,0.0,Arabinose operon regulatory protein
yihX,0,0.0,Alpha-D-glucose 1-phosphate phosphatase YihX
btuB,0,0.0,Vitamin B12 transporter BtuB
ntrC,0,0.0,DNA-binding transcriptional regulator NtrC
yihI,0,0.0,Der GTPase-activating protein YihI
araC_1,0,0.0,Arabinose operon regulatory protein
alaA_1,0,0.0,Glutamate-pyruvate aminotransferase AlaA
agaA_4,0,0.0,N-acetylgalactosamine-6-phosphate deacetylase
fecE,0,0.0,Fe(3+) dicitrate transport ATP-binding protein FecE
rpmJ_1,0,0.0,50S ribosomal protein L36
xynB,0,0.0,Beta-xylosidase
secY_1,0,0.0,Protein translocase subunit SecY
rpmJ_2,0,0.0,50S ribosomal protein L36
rpsM_2,0,0.0,30S ribosomal protein S13
alaA_2,0,0.0,Glutamate-pyruvate aminotransferase AlaA
patA,0,0.0,Peptidoglycan O-acetyltransferase
murI_2,0,0.0,Glutamate racemase
fdhE,0,0.0,Protein FdhE
dsbA,0,0.0,Thiol:disulfide interchange protein DsbA
hemN,0,0.0,Oxygen-independent coproporphyrinogen III oxidase
rnpA_2,0,0.0,Ribonuclease P protein component
yidC2_1,0,0.0,Membrane protein insertase YidC 2
glnL,0,0.0,Sensory histidine kinase/phosphatase NtrB
epsN_2,0,0.0,Putative pyridoxal phosphate-dependent aminotransferase EpsN
secY_2,0,0.0,Protein translocase subunit SecY
ywhB,0,0.0,2-hydroxymuconate tautomerase
yfkN_4,0,0.0,Trifunctional nucleotide phosphoesterase protein YfkN
ppaC_2,0,0.0,putative manganese-dependent inorganic pyrophosphatase
mcrB,0,0.0,5-methylcytosine-specific restriction enzyme B
rsmG_1,0,0.0,Ribosomal RNA small subunit methyltransferase G
rsmG_2,0,0.0,Ribosomal RNA small subunit methyltransferase G
php,0,0.0,Phosphotriesterase homology protein
queA_1,0,0.0,S-adenosylmethionine:tRNA ribosyltransferase-isomerase
queA_2,0,0.0,S-adenosylmethionine:tRNA ribosyltransferase-isomerase
tarD_1,0,0.0,Glycerol-3-phosphate cytidylyltransferase
glyS_2,0,0.0,Glycine--tRNA ligase beta subunit
glyS_1,0,0.0,Glycine--tRNA ligase beta subunit
rplI_2,0,0.0,50S ribosomal protein L9
yggS,0,0.0,Pyridoxal phosphate homeostasis protein
etxB,0,0.0,Epsilon-toxin type B
ktrA_2,0,0.0,Ktr system potassium uptake protein A
rpsM_1,0,0.0,30S ribosomal protein S13
dadX,0,0.0,"Alanine racemase, catabolic"
papC,0,0.0,Outer membrane usher protein PapC
lpfD,0,0.0,putative minor fimbrial subunit LpfD
ompX,0,0.0,Outer membrane protein X
pspE,0,0.0,Thiosulfate sulfurtransferase PspE
cimH_3,0,0.0,Citrate/malate transporter
lsoA,0,0.0,mRNA endoribonuclease LsoA
tcrA,0,0.0,Transcriptional regulatory protein TcrA
tauB,0,0.0,Taurine import ATP-binding protein TauB
epsN_1,0,0.0,Putative pyridoxal phosphate-dependent aminotransferase EpsN
yteR,0,0.0,Unsaturated rhamnogalacturonyl hydrolase YteR
pemA,0,0.0,Pectinesterase A
lipO,0,0.0,Lipoprotein LipO
hdhA,0,0.0,7-alpha-hydroxysteroid dehydrogenase
ktrA_1,0,0.0,Ktr system potassium uptake protein A
fabR,0,0.0,HTH-type transcriptional repressor FabR
engB_2,0,0.0,putative GTP-binding protein EngB
fabI_2,0,0.0,Enoyl-[acyl-carrier-protein] reductase [NADH] FabI
yfbR_2,0,0.0,5'-deoxynucleotidase YfbR
efp_1,0,0.0,Elongation factor P
fabI_1,0,0.0,Enoyl-[acyl-carrier-protein] reductase [NADH] FabI
ezrA_2,0,0.0,Septation ring formation regulator EzrA
rimM_2,0,0.0,Ribosome maturation factor RimM
yvyI_1,0,0.0,Putative mannose-6-phosphate isomerase YvyI
siaQ_2,0,0.0,Sialic acid TRAP transporter small permease protein SiaQ
zitB_1,0,0.0,Zinc transporter ZitB
bglK_3,0,0.0,Beta-glucoside kinase
yfbR_1,0,0.0,5'-deoxynucleotidase YfbR
ptcB_4,0,0.0,PTS system galactose-specific EIIB component
tesA,0,0.0,Esterase TesA
efp_2,0,0.0,Elongation factor P
lemA_2,0,0.0,Protein LemA
siaQ_1,0,0.0,Sialic acid TRAP transporter small permease protein SiaQ
gbpA_3,0,0.0,GlcNAc-binding protein A
ftsX_2,0,0.0,Cell division protein FtsX
gnu,0,0.0,"N-acetyl-alpha-D-glucosaminyl-diphospho-ditrans,octacis-undecaprenol 4-epimerase"
melC_1,0,0.0,Melibiose/raffinose/stachyose import permease protein MelC
rimM_1,0,0.0,Ribosome maturation factor RimM
purB_2,0,0.0,Adenylosuccinate lyase
purB_1,0,0.0,Adenylosuccinate lyase
pstB3,0,0.0,Phosphate import ATP-binding protein PstB 3
ykuT_1,0,0.0,putative MscS family protein YkuT
tgnB_1,0,0.0,"Flavin-dependent trigonelline monooxygenase, oxygenase component"
yocH_2,0,0.0,Cell wall-binding protein YocH
ykuT_2,0,0.0,putative MscS family protein YkuT
folB_1,0,0.0,Dihydroneopterin aldolase
exuT_2,0,0.0,Hexuronate transporter
exuT_1,0,0.0,Hexuronate transporter
lemA_1,0,0.0,Protein LemA
purL_4,0,0.0,Phosphoribosylformylglycinamidine synthase subunit PurL
hprS,0,0.0,Sensor histidine kinase HprS
rfbB_1,0,0.0,"dTDP-glucose 4,6-dehydratase"
yodC_5,0,0.0,Putative NAD(P)H nitroreductase YodC
dppC_1,0,0.0,Dipeptide transport system permease protein DppC
dppC_2,0,0.0,Dipeptide transport system permease protein DppC
lsa(E)_1,0,0.0,ABC-F type ribosomal protection protein Lsa(E)
cusR,0,0.0,Transcriptional regulatory protein CusR
dkgB,0,0.0,"2,5-diketo-D-gluconic acid reductase B"
dmlR,0,0.0,HTH-type transcriptional regulator DmlR
aceF,0,0.0,Dihydrolipoyllysine-residue acetyltransferase component of pyruvate dehydrogenase complex
mobB,0,0.0,Molybdopterin-guanine dinucleotide biosynthesis adapter protein
fdnG,0,0.0,"Formate dehydrogenase, nitrate-inducible, major subunit"
phnP,0,0.0,"Phosphoribosyl 1,2-cyclic phosphate phosphodiesterase"
yihD,0,0.0,Protein YihD
trmA,0,0.0,tRNA/tmRNA (uracil-C(5))-methyltransferase
murI_1,0,0.0,Glutamate racemase
mobA_3,0,0.0,Molybdenum cofactor guanylyltransferase
mrdA_2,0,0.0,"Peptidoglycan D,D-transpeptidase MrdA"
yadV,0,0.0,putative fimbrial chaperone YadV
lsa(E)_2,0,0.0,ABC-F type ribosomal protection protein Lsa(E)
COQ5_4,0,0.0,"2-methoxy-6-polyprenyl-1,4-benzoquinol methylase, mitochondrial"
msrAB,0,0.0,Peptide methionine sulfoxide reductase MsrA/MsrB
lcnD_3,0,0.0,Lactococcin A secretion protein LcnD
symE,0,0.0,Endoribonuclease SymE
apnhaP,0,0.0,Na(+)/H(+) antiporter ApNhaP
fdoH,0,0.0,Formate dehydrogenase-O iron-sulfur subunit
fdoI,0,0.0,"Formate dehydrogenase, cytochrome b556(fdo) subunit"
melC_2,0,0.0,Melibiose/raffinose/stachyose import permease protein MelC
rhaS,0,0.0,HTH-type transcriptional activator RhaS
rfbB_2,0,0.0,"dTDP-glucose 4,6-dehydratase"
whiA_1,0,0.0,putative cell division protein WhiA
mrdA_1,0,0.0,"Peptidoglycan D,D-transpeptidase MrdA"
higB,0,0.0,Endoribonuclease HigB
ppaC_1,0,0.0,putative manganese-dependent inorganic pyrophosphatase
ysdC,0,0.0,Putative aminopeptidase YsdC
rplL_1,0,0.0,50S ribosomal protein L7/L12
darA_2,0,0.0,Cyclic di-AMP receptor A
secE_1,0,0.0,Protein translocase subunit SecE
rpmG3_2,0,0.0,50S ribosomal protein L33 3
sdhA_5,0,0.0,"L-serine dehydratase, alpha chain"
rpmG3_1,0,0.0,50S ribosomal protein L33 3
secE_2,0,0.0,Protein translocase subunit SecE
rplA_2,0,0.0,50S ribosomal protein L1
yabA_2,0,0.0,Initiation-control protein YabA
rplK_2,0,0.0,50S ribosomal protein L11
nadK_2,0,0.0,NAD kinase
tet(X),0,0.0,Flavin-dependent monooxygenase
rluC_1,0,0.0,Ribosomal large subunit pseudouridine synthase C
pyrR_1,0,0.0,Bifunctional protein pyrR
lacD2_4,0,0.0,"Tagatose 1,6-diphosphate aldolase 2"
recX_2,0,0.0,Regulatory protein RecX
aplK,0,0.0,Apulose kinase
pucB_1,0,0.0,Purine catabolism protein PucB
strB1_2,0,0.0,Inosamine-phosphate amidinotransferase 1
strB1_1,0,0.0,Inosamine-phosphate amidinotransferase 1
sucB,0,0.0,Dihydrolipoyllysine-residue succinyltransferase component of 2-oxoglutarate dehydrogenase complex
pyrR_2,0,0.0,Bifunctional protein pyrR
araA,0,0.0,L-arabinose isomerase
pbp_1,0,0.0,Beta-lactam-inducible penicillin-binding protein
pbp_2,0,0.0,Beta-lactam-inducible penicillin-binding protein
appC,0,0.0,Cytochrome bd-II ubiquinol oxidase subunit 1
cvfB_1,0,0.0,Conserved virulence factor B
cvfB_2,0,0.0,Conserved virulence factor B
abf2,0,0.0,Intracellular exo-alpha-L-arabinofuranosidase 2
fruA,0,0.0,PTS system fructose-specific EIIABC component
sdhA_4,0,0.0,"L-serine dehydratase, alpha chain"
rph_2,0,0.0,Ribonuclease PH
yecS_2,0,0.0,L-cystine transport system permease protein YecS
yjbM_1,0,0.0,GTP pyrophosphokinase YjbM
guaD_1,0,0.0,Guanine deaminase
rfbA,0,0.0,Glucose-1-phosphate thymidylyltransferase 1
traV,0,0.0,Protein TraV
yfmP,0,0.0,HTH-type transcriptional regulator YfmP
ptsG,0,0.0,PTS system glucose-specific EIICBA component
expZ_5,0,0.0,Nucleotide-binding protein ExpZ
yxeA,0,0.0,putative protein YxeA
pflB_1,0,0.0,Formate acetyltransferase
pflB_2,0,0.0,Formate acetyltransferase 1
gdh_3,0,0.0,NAD-specific glutamate dehydrogenase
trmH_1,0,0.0,tRNA (guanosine(18)-2'-O)-methyltransferase
lsa(A)_1,0,0.0,ABC-F type ribosomal protection protein Lsa(A)
rluC_2,0,0.0,Ribosomal large subunit pseudouridine synthase C
lsa(A)_2,0,0.0,ABC-F type ribosomal protection protein Lsa(A)
rplK_1,0,0.0,50S ribosomal protein L11
cspC,0,0.0,Cold shock protein CspC
rplJ_1,0,0.0,50S ribosomal protein L10
recX_1,0,0.0,Regulatory protein RecX
yjbM_2,0,0.0,GTP pyrophosphokinase YjbM
rplL_2,0,0.0,50S ribosomal protein L7/L12
darA_1,0,0.0,Cyclic di-AMP receptor A
sbcD_2,0,0.0,Nuclease SbcCD subunit D
rplA_1,0,0.0,50S ribosomal protein L1
yabA_1,0,0.0,Initiation-control protein YabA
hslV_2,0,0.0,ATP-dependent protease subunit HslV
hslV_1,0,0.0,ATP-dependent protease subunit HslV
panC_3,0,0.0,Pantothenate synthetase
baiN,0,0.0,"3-dehydro-bile acid delta(4,6)-reductase"
csoS1C,0,0.0,Major carboxysome shell protein 1C
ykoE_1,0,0.0,Putative HMP/thiamine permease protein YkoE
traD,0,0.0,Coupling protein TraD
hndC_1,0,0.0,NADP-reducing hydrogenase subunit HndC
nadK_1,0,0.0,NAD kinase
tyrS_1,0,0.0,Tyrosine--tRNA ligase
gcdB_1,0,0.0,Glutaconyl-CoA decarboxylase subunit beta
mnmG_2,0,0.0,tRNA uridine 5-carboxymethylaminomethyl modification enzyme MnmG
yidC2_2,0,0.0,Membrane protein insertase YidC 2
fatE,0,0.0,Petrobactin import ATP-binding protein FatE
gcdC_1,0,0.0,Glutaconyl-CoA decarboxylase subunit gamma
rnpA_1,0,0.0,Ribonuclease P protein component
rplI_1,0,0.0,50S ribosomal protein L9
mnmG_1,0,0.0,tRNA uridine 5-carboxymethylaminomethyl modification enzyme MnmG
gcdB_2,0,0.0,Glutaconyl-CoA decarboxylase subunit beta
agaC_7,0,0.0,N-acetylgalactosamine permease IIC component 1
mnmE_1,0,0.0,tRNA modification GTPase MnmE
mnmE_2,0,0.0,tRNA modification GTPase MnmE
gcdC_2,0,0.0,Glutaconyl-CoA decarboxylase subunit gamma
hupB,0,0.0,DNA-binding protein HU-beta
ezrA_1,0,0.0,Septation ring formation regulator EzrA
rplJ_2,0,0.0,50S ribosomal protein L10
tyrS_2,0,0.0,Tyrosine--tRNA ligase
cpo,0,0.0,Non-heme chloroperoxidase
trkA,0,0.0,Trk system potassium uptake protein TrkA
wecC_1,0,0.0,UDP-N-acetyl-D-mannosamine dehydrogenase
wecC_2,0,0.0,UDP-N-acetyl-D-mannosamine dehydrogenase
yicL,0,0.0,putative inner membrane transporter YicL
tadA_4,0,0.0,tRNA-specific adenosine deaminase
nemA,0,0.0,N-ethylmaleimide reductase
bdlA,0,0.0,Biofilm dispersion protein BdlA
mhpC,0,0.0,2-hydroxy-6-oxononadienedioate/2-hydroxy-6-oxononatrienedioate hydrolase
comR,0,0.0,HTH-type transcriptional repressor ComR
epsE,0,0.0,Putative glycosyltransferase EpsE
tsaC,0,0.0,Threonylcarbamoyl-AMP synthase
aspC,0,0.0,Aspartate aminotransferase
rasP_2,0,0.0,Regulator of sigma-W protease RasP
rasP_1,0,0.0,Regulator of sigma-W protease RasP
srpB,0,0.0,Protein SrpB
bca_1,0,0.0,C protein alpha-antigen
ykoE_2,0,0.0,Putative HMP/thiamine permease protein YkoE
sbcD_1,0,0.0,Nuclease SbcCD subunit D
pucB_2,0,0.0,Purine catabolism protein PucB
rocF,0,0.0,Arginase
mazF9,0,0.0,Endoribonuclease MazF9
deoC1,0,0.0,Deoxyribose-phosphate aldolase 1
rpsG_1,0,0.0,30S ribosomal protein S7
hndC_2,0,0.0,NADP-reducing hydrogenase subunit HndC
folD_2,0,0.0,Bifunctional protein FolD protein
folD_1,0,0.0,Bifunctional protein FolD protein
pdhB_1,0,0.0,Pyruvate dehydrogenase E1 component subunit beta
pstB2,0,0.0,Phosphate import ATP-binding protein PstB 2
pdhB_2,0,0.0,Pyruvate dehydrogenase E1 component subunit beta
wbbD_1,0,0.0,"UDP-Gal:alpha-D-GlcNAc-diphosphoundecaprenol beta-1,3-galactosyltransferase"
wbbD_2,0,0.0,"UDP-Gal:alpha-D-GlcNAc-diphosphoundecaprenol beta-1,3-galactosyltransferase"
pstS1,0,0.0,Phosphate-binding protein PstS 1
srtA_1,0,0.0,Sortase A
srtA_2,0,0.0,Sortase A
sulD,0,0.0,Bifunctional folate synthesis protein
cypC,0,0.0,Fatty-acid peroxygenase
atm1,0,0.0,ATM1-type heavy metal exporter
rusA,0,0.0,Crossover junction endodeoxyribonuclease RusA
ydfB,0,0.0,putative protein YdfB
mntA,0,0.0,Manganese-binding lipoprotein MntA
licT_6,0,0.0,Transcription antiterminator LicT
ephD,0,0.0,putative oxidoreductase EphD
tylN,0,0.0,O-mycaminosyltylonolide 6-deoxyallosyltransferase
mcjD,0,0.0,Microcin-J25 export ATP-binding/permease protein McjD
bca_2,0,0.0,C protein alpha-antigen
yocH_1,0,0.0,Cell wall-binding protein YocH
cycB_2,0,0.0,Cyclodextrin-binding protein
tsaD_2,0,0.0,tRNA N6-adenosine threonylcarbamoyltransferase
lacD_4,0,0.0,"Tagatose 1,6-diphosphate aldolase"
eccC,0,0.0,ESX secretion system protein EccC
racA,0,0.0,Chromosome-anchoring protein RacA
rplO_2,0,0.0,50S ribosomal protein L15
rpsE_1,0,0.0,30S ribosomal protein S5
rpmD_1,0,0.0,50S ribosomal protein L30
hprK_2,0,0.0,HPr kinase/phosphorylase
infA_2,0,0.0,Translation initiation factor IF-1
rplR_2,0,0.0,50S ribosomal protein L18
yugI_1,0,0.0,General stress protein 13
rplR_1,0,0.0,50S ribosomal protein L18
yugI_2,0,0.0,General stress protein 13
menD_1,0,0.0,2-succinyl-5-enolpyruvyl-6-hydroxy-3-cyclohexene-1-carboxylate synthase
kduD_3,0,0.0,2-dehydro-3-deoxy-D-gluconate 5-dehydrogenase
yesR_1,0,0.0,Unsaturated rhamnogalacturonyl hydrolase YesR
sorF_1,0,0.0,PTS system sorbose-specific EIIA component
pyrK_2,0,0.0,"Dihydroorotate dehydrogenase B (NAD(+)), electron transfer subunit"
menD_2,0,0.0,2-succinyl-5-enolpyruvyl-6-hydroxy-3-cyclohexene-1-carboxylate synthase
kdgR_1,0,0.0,Transcriptional regulator KdgR
fcbA2_1,0,0.0,4-chlorobenzoate--CoA ligase
fcbA2_2,0,0.0,4-chlorobenzoate--CoA ligase
sorF_2,0,0.0,PTS system sorbose-specific EIIA component
rhaM_2,0,0.0,L-rhamnose mutarotase
gnd_1,0,0.0,"6-phosphogluconate dehydrogenase, decarboxylating"
sodA_2,0,0.0,Superoxide dismutase [Mn]
prsA1,0,0.0,Foldase protein PrsA 1
dctP_2,0,0.0,Solute-binding protein
ziaA,0,0.0,Zinc-transporting ATPase
pptA,0,0.0,Tautomerase PptA
trmK_1,0,0.0,tRNA (adenine(22)-N(1))-methyltransferase
trmK_2,0,0.0,tRNA (adenine(22)-N(1))-methyltransferase
spnN,0,0.0,"dTDP-3,4-didehydro-2,6-dideoxy-alpha-D-glucose 3-reductase"
pyrK_1,0,0.0,"Dihydroorotate dehydrogenase B (NAD(+)), electron transfer subunit"
zitB_2,0,0.0,Zinc transporter ZitB
ohrA_2,0,0.0,Organic hydroperoxide resistance protein OhrA
yocH,0,0.0,Cell wall-binding protein YocH
perA,0,0.0,GDP-perosamine synthase
ebh,0,0.0,Extracellular matrix-binding protein ebh
entP_1,0,0.0,Bacteriocin enterocin-P
dkgA_1,0,0.0,"2,5-diketo-D-gluconic acid reductase A"
pheT_3,0,0.0,Phenylalanine--tRNA ligase beta subunit
rpsF_2,0,0.0,30S ribosomal protein S6
yqgN_2,0,0.0,putative protein YqgN
yvcJ_2,0,0.0,Nucleotide-binding protein YvcJ
cysE_1,0,0.0,Serine acetyltransferase
ykoT_1,0,0.0,putative glycosyltransferase YkoT
glnH,0,0.0,Glutamine-binding periplasmic protein
yesR_2,0,0.0,Unsaturated rhamnogalacturonyl hydrolase YesR
kduI1_3,0,0.0,4-deoxy-L-threo-5-hexosulose-uronate ketol-isomerase 1
abiQ,0,0.0,Endoribonuclease AbiQ
ohrA_1,0,0.0,Organic hydroperoxide resistance protein OhrA
hpdA,0,0.0,4-hydroxyphenylacetate decarboxylase activating enzyme
kdgK_3,0,0.0,2-dehydro-3-deoxygluconokinase
garR,0,0.0,2-hydroxy-3-oxopropionate reductase
rnr_1,0,0.0,Ribonuclease R
rnr_2,0,0.0,Ribonuclease R
bin3_10,0,0.0,Putative transposon Tn552 DNA-invertase bin3
treR_3,0,0.0,HTH-type transcriptional regulator TreR
hhaIM_3,0,0.0,Modification methylase HhaI
cntD,0,0.0,Metal-staphylopine import system ATP-binding protein CntD
dctP_1,0,0.0,Solute-binding protein
gabR,0,0.0,HTH-type transcriptional regulatory protein GabR
rhsC,0,0.0,Putative deoxyribonuclease RhsC
rhaM_1,0,0.0,L-rhamnose mutarotase
moeZ,0,0.0,putative adenylyltransferase/sulfurtransferase MoeZ
rsmI_2,0,0.0,Ribosomal RNA small subunit methyltransferase I
hprK_1,0,0.0,HPr kinase/phosphorylase
tuf_1,0,0.0,Elongation factor Tu
lolD_2,0,0.0,Lipoprotein-releasing system ATP-binding protein LolD
gyrA_2,0,0.0,DNA gyrase subunit A
xerD_5,0,0.0,Tyrosine recombinase XerD
qorB,0,0.0,Quinone oxidoreductase 2
yknY_5,0,0.0,putative ABC transporter ATP-binding protein YknY
uvrA_4,0,0.0,UvrABC system protein A
satA_2,0,0.0,Streptothricin acetyltransferase A
yegS_1,0,0.0,lipid kinase YegS
bgaB,0,0.0,Beta-galactosidase BgaB
nrnA_2,0,0.0,putative bifunctional oligoribonuclease and PAP phosphatase NrnA
tabA,0,0.0,Toxin-antitoxin biofilm protein TabA
cshA_1,0,0.0,DEAD-box ATP-dependent RNA helicase CshA
cshA_2,0,0.0,ATP-dependent RNA helicase CshA
lolD_1,0,0.0,Lipoprotein-releasing system ATP-binding protein LolD
rpoN1_2,0,0.0,RNA polymerase sigma-54 factor 1
feuB_1,0,0.0,Iron-uptake system permease protein FeuB
rplB_1,0,0.0,50S ribosomal protein L2
satA_1,0,0.0,Streptothricin acetyltransferase A
gadC_4,0,0.0,Glutamate/gamma-aminobutyrate antiporter
cseB,0,0.0,Transcriptional regulatory protein CseB
arsB,0,0.0,Arsenical pump membrane protein
cpdA_3,0,0.0,"3',5'-cyclic adenosine monophosphate phosphodiesterase CpdA"
ssuB_1,0,0.0,Aliphatic sulfonates import ATP-binding protein SsuB
ssuB_2,0,0.0,Aliphatic sulfonates import ATP-binding protein SsuB
feuB_2,0,0.0,Iron-uptake system permease protein FeuB
lplA,0,0.0,Lipoate--protein ligase
hadI,0,0.0,2-hydroxyisocaproyl-CoA dehydratase activator
lysS_1,0,0.0,Lysine--tRNA ligase
fdoG,0,0.0,Formate dehydrogenase-O major subunit
rpsE_2,0,0.0,30S ribosomal protein S5
rpsD_1,0,0.0,30S ribosomal protein S4
trfA,0,0.0,Plasmid replication initiator protein TrfA
yegS_2,0,0.0,lipid kinase YegS
rsxG,0,0.0,Ion-translocating oxidoreductase complex subunit G
pncA,0,0.0,Nicotinamidase/pyrazinamidase
kdgR_2,0,0.0,Transcriptional regulator KdgR
sodA_1,0,0.0,Superoxide dismutase [Mn]
nagB_4,0,0.0,Glucosamine-6-phosphate deaminase
tagF_3,0,0.0,Teichoic acid poly(glycerol phosphate) polymerase
ureI,0,0.0,Acid-activated urea channel
rplO_1,0,0.0,50S ribosomal protein L15
rhlE,0,0.0,ATP-dependent RNA helicase RhlE
rsmI_1,0,0.0,Ribosomal RNA small subunit methyltransferase I
murA2,0,0.0,UDP-N-acetylglucosamine 1-carboxyvinyltransferase 2
tuf_2,0,0.0,Elongation factor Tu
rplB_2,0,0.0,50S ribosomal protein L2
ssbB,0,0.0,Single-stranded DNA-binding protein B
gnd_2,0,0.0,"6-phosphogluconate dehydrogenase, decarboxylating"
yncB_4,0,0.0,Endonuclease YncB
rpoN1_1,0,0.0,RNA polymerase sigma-54 factor 1
nrnA_1,0,0.0,putative bifunctional oligoribonuclease and PAP phosphatase NrnA
artP,0,0.0,Arginine-binding extracellular protein ArtP
typA_1,0,0.0,GTP-binding protein TypA/BipA
typA_2,0,0.0,GTP-binding protein TypA/BipA
rfnT,0,0.0,Riboflavin transporter RfnT
ftsK,0,0.0,DNA translocase FtsK
ribR,0,0.0,RNA-binding riboflavin kinase RibR
artQ,0,0.0,Arginine transport system permease protein ArtQ
sspA_2,0,0.0,Glutamyl endopeptidase
rapA_3,0,0.0,RNA polymerase-associated protein RapA
sspA_1,0,0.0,Glutamyl endopeptidase
acr3_4,0,0.0,Arsenical-resistance protein Acr3
rarA,0,0.0,Replication-associated recombination protein A
clpP_4,0,0.0,ATP-dependent Clp protease proteolytic subunit
valG,0,0.0,Validoxylamine A glucosyltransferase
opuCD_2,0,0.0,Glycine betaine/carnitine/choline transport system permease protein OpuCD
cysE_2,0,0.0,Serine acetyltransferase
pgpH_2,0,0.0,Cyclic-di-AMP phosphodiesterase PgpH
ppaX_1,0,0.0,Pyrophosphatase PpaX
dapB_1,0,0.0,4-hydroxy-tetrahydrodipicolinate reductase
fhs1_1,0,0.0,Formate--tetrahydrofolate ligase 1
dapB_2,0,0.0,4-hydroxy-tetrahydrodipicolinate reductase
yvyI_2,0,0.0,Putative mannose-6-phosphate isomerase YvyI
lpd,0,0.0,Dihydrolipoyl dehydrogenase
fryB,0,0.0,PTS system fructose-like EIIB component 1
coaD_1,0,0.0,Phosphopantetheine adenylyltransferase
araG,0,0.0,Arabinose import ATP-binding protein AraG
asnS_1,0,0.0,Asparagine--tRNA ligase
tarI_2,0,0.0,Ribitol-5-phosphate cytidylyltransferase
perR_1,0,0.0,Peroxide operon regulator
bfmBAB_2,0,0.0,2-oxoisovalerate dehydrogenase subunit beta
rpmH_1,0,0.0,50S ribosomal protein L34
mntD_2,0,0.0,Manganese transport system membrane protein MntD
gspE,0,0.0,Putative type II secretion system protein E
bspRIM_2,0,0.0,Modification methylase BspRI
bspRIM_1,0,0.0,Modification methylase BspRI
rpsF_1,0,0.0,30S ribosomal protein S6
citE_2,0,0.0,Citrate lyase subunit beta
mntD_1,0,0.0,Manganese transport system membrane protein MntD
essB_1,0,0.0,Type VII secretion system protein EssB
essB_2,0,0.0,Type VII secretion system protein EssB
citX_2,0,0.0,Apo-citrate lyase phosphoribosyl-dephospho-CoA transferase
entP_2,0,0.0,Bacteriocin enterocin-P
opuCD_1,0,0.0,Glycine betaine/carnitine/choline transport system permease protein OpuCD
citD_1,0,0.0,Citrate lyase acyl carrier protein
citC_1,0,0.0,[Citrate [pro-3S]-lyase] ligase
perR_2,0,0.0,Peroxide operon regulator
citX_1,0,0.0,Apo-citrate lyase phosphoribosyl-dephospho-CoA transferase
glpR,0,0.0,Glycerol-3-phosphate regulon repressor
cscB,0,0.0,Sucrose permease
fhs1_2,0,0.0,Formate--tetrahydrofolate ligase 1
alr_1,0,0.0,Alanine racemase
coaD_2,0,0.0,Phosphopantetheine adenylyltransferase
ptsI_1,0,0.0,Phosphoenolpyruvate-protein phosphotransferase
tgnB_2,0,0.0,"Flavin-dependent trigonelline monooxygenase, oxygenase component"
ptsI_2,0,0.0,Phosphoenolpyruvate-protein phosphotransferase
tsaD_1,0,0.0,tRNA N6-adenosine threonylcarbamoyltransferase
pgl_2,0,0.0,6-phosphogluconolactonase
whiA_2,0,0.0,putative cell division protein WhiA
rph_1,0,0.0,Ribonuclease PH
malK,0,0.0,Maltose/maltodextrin import ATP-binding protein MalK
thiI_1,0,0.0,putative tRNA sulfurtransferase
thiI_2,0,0.0,putative tRNA sulfurtransferase
cycB_1,0,0.0,Cyclodextrin-binding protein
yxlE,0,0.0,Negative regulatory protein YxlE
glgE,0,0.0,"Alpha-1,4-glucan:maltose-1-phosphate maltosyltransferase"
wecD,0,0.0,dTDP-fucosamine acetyltransferase
argG,0,0.0,Argininosuccinate synthase
tnpR_2,0,0.0,Transposon gamma-delta resolvase
tnpR_1,0,0.0,Transposon gamma-delta resolvase
mltF_4,0,0.0,Membrane-bound lytic murein transglycosylase F
yfkM,0,0.0,General stress protein 18
asnS_2,0,0.0,Asparagine--tRNA ligase
tycC,0,0.0,Tyrocidine synthase 3
ftsX_1,0,0.0,Cell division protein FtsX
alr_2,0,0.0,Alanine racemase
ppaX_2,0,0.0,Pyrophosphatase PpaX
tarI_1,0,0.0,Ribitol-5-phosphate cytidylyltransferase
pbpG,0,0.0,Penicillin-binding protein 2D
folB_2,0,0.0,Dihydroneopterin aldolase
yfiY,0,0.0,putative siderophore-binding lipoprotein YfiY
atpD_2,0,0.0,ATP synthase subunit beta
rlmA_2,0,0.0,23S rRNA (guanine(745)-N(1))-methyltransferase
mecA_2,0,0.0,Adapter protein MecA
natR_2,0,0.0,Transcriptional regulatory protein NatR
graR_2,0,0.0,Response regulator protein GraR
tsgA,0,0.0,Protein TsgA
rpmH_2,0,0.0,50S ribosomal protein L34
rmlB_1,0,0.0,"dTDP-glucose 4,6-dehydratase"
ygeA,0,0.0,L-aspartate/glutamate-specific racemase
purC_1,0,0.0,Phosphoribosylaminoimidazole-succinocarboxamide synthase
gldA_2,0,0.0,Glycerol dehydrogenase
gldA_1,0,0.0,Glycerol dehydrogenase
ykoT_2,0,0.0,putative glycosyltransferase YkoT
ntpA_1,0,0.0,V-type sodium ATPase catalytic subunit A
ntpA_2,0,0.0,V-type sodium ATPase catalytic subunit A
mioC_2,0,0.0,Protein MioC
mioC_1,0,0.0,Protein MioC
rpsA,0,0.0,30S Ribosomal protein S1
rlhA_1,0,0.0,23S rRNA 5-hydroxycytidine synthase
wecE,0,0.0,"dTDP-4-amino-4,6-dideoxygalactose transaminase"
rlhA_2,0,0.0,23S rRNA 5-hydroxycytidine synthase
graR_1,0,0.0,Response regulator protein GraR
ybdM_3,0,0.0,putative protein YbdM
natR_1,0,0.0,Transcriptional regulatory protein NatR
yvcJ_1,0,0.0,Nucleotide-binding protein YvcJ
dacA,0,0.0,D-alanyl-D-alanine carboxypeptidase DacA
yqgN_1,0,0.0,putative protein YqgN
rpiA_1,0,0.0,Ribose-5-phosphate isomerase A
ysdC_4,0,0.0,Putative aminopeptidase YsdC
iap,0,0.0,putative endopeptidase p60
yesO_2,0,0.0,Putative ABC transporter substrate-binding protein YesO
yhaH,0,0.0,Inner membrane protein YhaH
ectB,0,0.0,Diaminobutyrate--2-oxoglutarate transaminase
mecA_1,0,0.0,Adapter protein MecA
pnuC_2,0,0.0,Nicotinamide riboside transporter PnuC
rmlB_2,0,0.0,"dTDP-glucose 4,6-dehydratase"
xpkA,0,0.0,Xylulose-5-phosphate phosphoketolase
atpH_1,0,0.0,ATP synthase subunit delta
atpH_2,0,0.0,ATP synthase subunit delta
hdc,0,0.0,Histidine decarboxylase
dppA_1,0,0.0,D-aminopeptidase
rlmA_1,0,0.0,23S rRNA (guanine(745)-N(1))-methyltransferase
kefF,0,0.0,Glutathione-regulated potassium-efflux system ancillary protein KefF
xylR,0,0.0,Xylose operon regulatory protein
pnuC_1,0,0.0,Nicotinamide riboside transporter PnuC
tcyN,0,0.0,L-cystine import ATP-binding protein TcyN
gyrA_1,0,0.0,DNA gyrase subunit A
ilvA,0,0.0,L-threonine dehydratase biosynthetic IlvA
pgpH_1,0,0.0,Cyclic-di-AMP phosphodiesterase PgpH
atpD_1,0,0.0,ATP synthase subunit beta
citC_2,0,0.0,[Citrate [pro-3S]-lyase] ligase
atpC_2,0,0.0,ATP synthase epsilon chain
atpC_1,0,0.0,ATP synthase epsilon chain
citD_2,0,0.0,Citrate lyase acyl carrier protein
citE_1,0,0.0,Citrate lyase subunit beta
agaA_3,0,0.0,N-acetylgalactosamine-6-phosphate deacetylase
rnhB_1,0,0.0,Ribonuclease HII
yesO_1,0,0.0,Putative ABC transporter substrate-binding protein YesO
rnhB_2,0,0.0,Ribonuclease HII
rpiA_2,0,0.0,Ribose-5-phosphate isomerase A
bfmBAB_1,0,0.0,2-oxoisovalerate dehydrogenase subunit beta
purC_2,0,0.0,Phosphoribosylaminoimidazole-succinocarboxamide synthase
rplP_2,0,0.0,50S ribosomal protein L16
ywpE,0,0.0,Putative sortase YwpE
celA_5,0,0.0,PTS system cellobiose-specific EIIB component
rplP_1,0,0.0,50S ribosomal protein L16
atpB_1,0,0.0,ATP synthase subunit a
rpsD_2,0,0.0,30S ribosomal protein S4
adhR_3,0,0.0,HTH-type transcriptional regulator AdhR
xre_3,0,0.0,HTH-type transcriptional regulator Xre
dnaA_3,0,0.0,Chromosomal replication initiator protein DnaA
gdx,0,0.0,Guanidinium exporter
bga_6,0,0.0,Beta-galactosidase
cheY,0,0.0,Chemotaxis protein CheY
acpB_1,0,0.0,Capsule synthesis positive regulator AcpB
acpB_2,0,0.0,Capsule synthesis positive regulator AcpB
sthA,0,0.0,Soluble pyridine nucleotide transhydrogenase
toxN_1,0,0.0,Endoribonuclease ToxN
eno_1,0,0.0,Enolase
mdtG_4,0,0.0,Multidrug resistance protein MdtG
adk_3,0,0.0,Adenylate kinase
rbsK_1,0,0.0,Ribokinase
yhjX_2,0,0.0,putative MFS-type transporter YhjX
yhjX_1,0,0.0,putative MFS-type transporter YhjX
frlD_1,0,0.0,Fructoselysine 6-kinase
frlD_2,0,0.0,Fructoselysine 6-kinase
dnaN_3,0,0.0,Beta sliding clamp
hmpT_2,0,0.0,Thiamine precursor transporter HmpT
hmpT_1,0,0.0,Thiamine precursor transporter HmpT
aspC_1,0,0.0,Aspartate aminotransferase
adaA_3,0,0.0,Bifunctional transcriptional activator/DNA repair enzyme AdaA
yvbK_1,0,0.0,putative N-acetyltransferase YvbK
macB_6,0,0.0,Macrolide export ATP-binding/permease protein MacB
ybaK_2,0,0.0,Cys-tRNA(Pro)/Cys-tRNA(Cys) deacylase YbaK
yddE_3,0,0.0,putative isomerase YddE
thiT_1,0,0.0,Thiamine transporter ThiT
dfrA,0,0.0,Dihydrofolate reductase type 1 from
ybaK_1,0,0.0,Cys-tRNA(Pro)/Cys-tRNA(Cys) deacylase YbaK
CARKD,0,0.0,ATP-dependent (S)-NAD(P)H-hydrate dehydratase
cdsA_1,0,0.0,Phosphatidate cytidylyltransferase
catD_1,0,0.0,Putative oxidoreductase CatD
mcrC,0,0.0,Protein McrC
acm_2,0,0.0,Lysozyme M1
rpmE2_2,0,0.0,50S ribosomal protein L31 type B
clpQ,0,0.0,ATP-dependent protease subunit ClpQ
luxS_1,0,0.0,S-ribosylhomocysteine lyase
fba_2,0,0.0,Fructose-bisphosphate aldolase
saeS,0,0.0,Histidine protein kinase SaeS
ltaS,0,0.0,Lipoteichoic acid synthase
metZ,0,0.0,O-succinylhomoserine sulfhydrylase
irtA_1,0,0.0,Iron import ATP-binding/permease protein IrtA
irtA_2,0,0.0,Iron import ATP-binding/permease protein IrtA
leuD,0,0.0,3-isopropylmalate dehydratase small subunit
leuC,0,0.0,3-isopropylmalate dehydratase large subunit
frmB,0,0.0,S-formylglutathione hydrolase FrmB
manR_5,0,0.0,Transcriptional regulator ManR
glcB_3,0,0.0,PTS system glucoside-specific EIICBA component
rpmE2_1,0,0.0,50S ribosomal protein L31 type B
luxS_2,0,0.0,S-ribosylhomocysteine lyase
argH,0,0.0,Argininosuccinate lyase
acm_1,0,0.0,Lysozyme M1
rsmE_1,0,0.0,Ribosomal RNA small subunit methyltransferase E
rsmE_2,0,0.0,Ribosomal RNA small subunit methyltransferase E
cydA_1,0,0.0,Cytochrome bd ubiquinol oxidase subunit 1
cydA_2,0,0.0,Cytochrome bd-I ubiquinol oxidase subunit 1
tpx_2,0,0.0,Thiol peroxidase
tpx_1,0,0.0,Thiol peroxidase
cspL_4,0,0.0,Cold shock protein 2
dinF,0,0.0,DNA damage-inducible protein F
udk_3,0,0.0,Uridine kinase
ctc,0,0.0,General stress protein CTC
aqpZ_2,0,0.0,Aquaporin Z
aqpZ_1,0,0.0,Aquaporin Z
cggR_2,0,0.0,Central glycolytic genes regulator
yhbU,0,0.0,putative protease YhbU
yvbK_2,0,0.0,putative N-acetyltransferase YvbK
thiT_2,0,0.0,Thiamine transporter ThiT
yqfL,0,0.0,"Putative pyruvate, phosphate dikinase regulatory protein"
argS_3,0,0.0,Arginine--tRNA ligase
vanT-G,0,0.0,membrane-bound serine racemase VanT-G
ppm1_2,0,0.0,Polyprenol monophosphomannose synthase
ntcA_2,0,0.0,Global nitrogen regulator
bgaA,0,0.0,Beta-galactosidase BgaA
atsB_1,0,0.0,Anaerobic sulfatase-maturating enzyme
atsB_2,0,0.0,Anaerobic sulfatase-maturating enzyme
fadD3,0,0.0,"3-[(3aS,4S,7aS)-7a-methyl-1,5-dioxo-octahydro-1H-inden-4-yl]propanoyl:CoA ligase"
frlB_3,0,0.0,Fructosamine deglycase FrlB
mtlA_1,0,0.0,PTS system mannitol-specific EIICB component
mtlA_2,0,0.0,PTS system mannitol-specific EIICB component
oppD_4,0,0.0,Oligopeptide transport ATP-binding protein OppD
lipF,0,0.0,Carboxylesterase LipF
mboIIM_1,0,0.0,Modification methylase MboII
mboIIM_2,0,0.0,Modification methylase MboII
ntcA_1,0,0.0,Global nitrogen regulator
murAA,0,0.0,UDP-N-acetylglucosamine 1-carboxyvinyltransferase 1
argS_1,0,0.0,Arginine--tRNA ligase
merR1_2,0,0.0,Mercuric resistance operon regulatory protein
nadA,0,0.0,Quinolinate synthase A
gloA_2,0,0.0,Lactoylglutathione lyase
phoE,0,0.0,Outer membrane porin PhoE
eis,0,0.0,N-acetyltransferase Eis
plsY_1,0,0.0,Glycerol-3-phosphate acyltransferase
inlA,0,0.0,Internalin A
coaE_2,0,0.0,Dephospho-CoA kinase
coaE_1,0,0.0,Dephospho-CoA kinase
thiK,0,0.0,Thiamine kinase
plsY_2,0,0.0,Glycerol-3-phosphate acyltransferase
gloA_1,0,0.0,Lactoylglutathione lyase
paaB,0,0.0,"1,2-phenylacetyl-CoA epoxidase, subunit B"
dinG_5,0,0.0,3'-5' exonuclease DinG
ybhL_1,0,0.0,Inner membrane protein YbhL
ybhL_2,0,0.0,Inner membrane protein YbhL
yeeN,0,0.0,putative transcriptional regulatory protein YeeN
pbuG_3,0,0.0,Guanine/hypoxanthine permease PbuG
rbsK_2,0,0.0,Ribokinase
ppm1_1,0,0.0,Polyprenol monophosphomannose synthase
cdsA_2,0,0.0,Phosphatidate cytidylyltransferase
catD_2,0,0.0,Putative oxidoreductase CatD
sigR,0,0.0,ECF RNA polymerase sigma factor SigR
dnaK_1,0,0.0,Chaperone protein DnaK
ygeX,0,0.0,Diaminopropionate ammonia-lyase
pdhA_2,0,0.0,Pyruvate dehydrogenase E1 component subunit alpha
relA_2,0,0.0,Bifunctional (p)ppGpp synthase/hydrolase RelA
relA_1,0,0.0,GTP pyrophosphokinase
pdhA_1,0,0.0,Pyruvate dehydrogenase E1 component subunit alpha
allB_3,0,0.0,Allantoinase
fhs,0,0.0,Formate--tetrahydrofolate ligase
dnaK_2,0,0.0,Chaperone protein DnaK
focB,0,0.0,putative formate transporter 2
bioD,0,0.0,ATP-dependent dethiobiotin synthetase BioD
kynB,0,0.0,Kynurenine formamidase
cadC_3,0,0.0,Cadmium resistance transcriptional regulatory protein CadC
infA_1,0,0.0,Translation initiation factor IF-1
sigW_3,0,0.0,ECF RNA polymerase sigma factor SigW
ala,0,0.0,Alanine dehydrogenase
bsaA,0,0.0,Glutathione peroxidase BsaA
dnaD_2,0,0.0,DNA replication protein DnaD
dnaD_1,0,0.0,DNA replication protein DnaD
dgt_2,0,0.0,Deoxyguanosinetriphosphate triphosphohydrolase
dgt_1,0,0.0,Deoxyguanosinetriphosphate triphosphohydrolase
hutI,0,0.0,Imidazolonepropionase
frlA,0,0.0,putative fructoselysine/psicoselysine transporter FrlA
thrS_2,0,0.0,Threonine--tRNA ligase
eno_2,0,0.0,Enolase
cutD,0,0.0,Choline trimethylamine-lyase activating enzyme
bceA_4,0,0.0,Bacitracin export ATP-binding protein BceA
yqbN_2,0,0.0,putative protein YqbN
aspC_2,0,0.0,Aspartate aminotransferase
ssbA_3,0,0.0,Single-stranded DNA-binding protein A
algU,0,0.0,RNA polymerase sigma-H factor
thyX,0,0.0,Flavin-dependent thymidylate synthase
mta_3,0,0.0,HTH-type transcriptional activator mta
paiA_4,0,0.0,Spermidine/spermine N(1)-acetyltransferase
hmuT,0,0.0,Hemin-binding periplasmic protein HmuT
misCA,0,0.0,Membrane protein insertase MisCA
hndD,0,0.0,NADP-reducing hydrogenase subunit HndD
hemG,0,0.0,Protoporphyrinogen IX dehydrogenase [menaquinone]
csn2_2,0,0.0,CRISPR-associated protein Csn2
mboIR,0,0.0,Type-2 restriction enzyme MboI
evgS,0,0.0,Sensor protein EvgS
mhqN,0,0.0,Putative NAD(P)H nitroreductase MhqN
tldD,0,0.0,Metalloprotease TldD
rhsB,0,0.0,putative deoxyribonuclease RhsB
mhqE,0,0.0,Putative ring-cleaving dioxygenase MhqE
mepM_2,0,0.0,Murein DD-endopeptidase MepM
mepM_1,0,0.0,Murein DD-endopeptidase MepM
gabT,0,0.0,4-aminobutyrate aminotransferase GabT
sefA,0,0.0,Fimbrial protein
hfq,0,0.0,RNA-binding protein Hfq
metJ,0,0.0,Met repressor
lgrD,0,0.0,Linear gramicidin synthase subunit D
shlB,0,0.0,Hemolysin transporter protein ShlB
coaA_2,0,0.0,Pantothenate kinase
imm,0,0.0,Colicin-E2 immunity protein
btsR_2,0,0.0,Transcriptional regulatory protein BtsR
btsR_1,0,0.0,Transcriptional regulatory protein BtsR
yqbN_1,0,0.0,putative protein YqbN
copZ_3,0,0.0,Copper chaperone CopZ
toxN_2,0,0.0,Endoribonuclease ToxN
csp_3,0,0.0,Cold shock protein 1
cntB,0,0.0,Metal-staphylopine import system permease protein CntB
yehA,0,0.0,putative fimbrial-like protein YehA
pfeA,0,0.0,Ferric enterobactin receptor
yceB,0,0.0,putative lipoprotein YceB
etfB,0,0.0,Electron transfer flavoprotein subunit beta
caiA,0,0.0,Crotonobetainyl-CoA reductase
cesT,0,0.0,Tir chaperone
rfaC,0,0.0,Lipopolysaccharide heptosyltransferase 1
mdoD,0,0.0,Glucans biosynthesis protein D
rcnB,0,0.0,Nickel/cobalt homeostasis protein RcnB
yaaA,0,0.0,Peroxide stress resistance protein YaaA
fimD,0,0.0,Outer membrane usher protein FimD
ubiD,0,0.0,3-octaprenyl-4-hydroxybenzoate carboxy-lyase
fadA_2,0,0.0,3-ketoacyl-CoA thiolase
yfiF,0,0.0,putative tRNA/rRNA methyltransferase YfiF
xkdM_2,0,0.0,Phage-like element PBSX protein XkdM
sseI,0,0.0,Secreted effector protein SseI
rfaB,0,0.0,"Lipopolysaccharide 1,6-galactosyltransferase"
prsE,0,0.0,Type I secretion system membrane fusion protein PrsE
rfaY,0,0.0,Lipopolysaccharide core heptose(II) kinase RfaY
mxiC,0,0.0,Protein MxiC
hldD,0,0.0,ADP-L-glycero-D-manno-heptose-6-epimerase
yjiK,0,0.0,putative protein YjiK
serB,0,0.0,Phosphoserine phosphatase
yhjV,0,0.0,Inner membrane transport protein YhjV
ydeO,0,0.0,HTH-type transcriptional regulator YdeO
selA,0,0.0,L-seryl-tRNA(Sec) selenium transferase
tatB,0,0.0,Sec-independent protein translocase protein TatB
fadB,0,0.0,Fatty acid oxidation complex subunit alpha
csn2_1,0,0.0,CRISPR-associated protein Csn2
rppH_1,0,0.0,RNA pyrophosphohydrolase
rppH_2,0,0.0,RNA pyrophosphohydrolase
pitA_2,0,0.0,Low-affinity inorganic phosphate transporter 1
sdpR_3,0,0.0,Transcriptional repressor SdpR
dld_2,0,0.0,Quinone-dependent D-lactate dehydrogenase
dld_1,0,0.0,Quinone-dependent D-lactate dehydrogenase
dnaC_3,0,0.0,Replicative DNA helicase
xkdM_1,0,0.0,Phage-like element PBSX protein XkdM
banIM_1,0,0.0,Modification methylase BanI
banIM_2,0,0.0,Modification methylase BanI
gapA1_1,0,0.0,Glyceraldehyde-3-phosphate dehydrogenase 1
dapE_4,0,0.0,putative succinyl-diaminopimelate desuccinylase
mdtL_3,0,0.0,Multidrug resistance protein MdtL
yidA_4,0,0.0,Sugar phosphatase YidA
rluA,0,0.0,Dual-specificity RNA pseudouridine synthase RluA
uidA_3,0,0.0,Beta-glucuronidase
pycA_2,0,0.0,Pyruvate carboxylase
pycA_1,0,0.0,Pyruvate carboxylase
hldE,0,0.0,Bifunctional protein HldE
pitA_1,0,0.0,Low-affinity inorganic phosphate transporter 1
atpE,0,0.0,ATP synthase subunit c
rpe_4,0,0.0,Ribulose-phosphate 3-epimerase
fba_1,0,0.0,Fructose-bisphosphate aldolase
thrS_1,0,0.0,Threonine--tRNA ligase
pgcA_1,0,0.0,Phosphoglucomutase
pgcA_2,0,0.0,Phosphoglucomutase
wecB,0,0.0,UDP-N-acetylglucosamine 2-epimerase
cggR_1,0,0.0,Central glycolytic genes regulator
cbbS,0,0.0,Ribulose bisphosphate carboxylase small chain
treP_2,0,0.0,PTS system trehalose-specific EIIBC component
treP_1,0,0.0,PTS system trehalose-specific EIIBC component
nylA_1,0,0.0,6-aminohexanoate-cyclic-dimer hydrolase
nylA_2,0,0.0,6-aminohexanoate-cyclic-dimer hydrolase
pucR_5,0,0.0,Purine catabolism regulatory protein
rfaH,0,0.0,Transcription antitermination protein RfaH
yigZ_1,0,0.0,IMPACT family member YigZ
fre,0,0.0,NAD(P)H-flavin reductase
kgtP,0,0.0,Alpha-ketoglutarate permease
add2,0,0.0,Aminodeoxyfutalosine deaminase
kipR,0,0.0,HTH-type transcriptional regulator KipR
mesY,0,0.0,Bacteriocin mesentericin Y105
lyc,0,0.0,Autolytic lysozyme
coaA_1,0,0.0,Pantothenate kinase
glpT,0,0.0,Glycerol-3-phosphate transporter
kup_3,0,0.0,Low affinity potassium transport system protein kup
cysH,0,0.0,Phosphoadenosine phosphosulfate reductase
zur_2,0,0.0,Zinc-specific metallo-regulatory protein
zur_1,0,0.0,Zinc-specific metallo-regulatory protein
yeeF,0,0.0,Putative ribonuclease YeeF
cbeA,0,0.0,Cytoskeleton bundling-enhancing antitoxin CbeA
ltxC,0,0.0,Leukotoxin-activating lysine-acyltransferase LtxC
nagR_5,0,0.0,HTH-type transcriptional repressor NagR
bltD_2,0,0.0,Spermine/spermidine acetyltransferase
bltD_1,0,0.0,Spermine/spermidine acetyltransferase
cpoA,0,0.0,Alpha-galactosylglucosyldiacylglycerol synthase
dgaE_4,0,0.0,D-glucosaminate-6-phosphate ammonia lyase
xerS_1,0,0.0,Tyrosine recombinase XerS
acuR,0,0.0,Transcriptional regulator AcuR
xerS_2,0,0.0,Tyrosine recombinase XerS
gapA1_2,0,0.0,Glyceraldehyde-3-phosphate dehydrogenase 1
yigZ_2,0,0.0,IMPACT family member YigZ
tatC,0,0.0,Sec-independent protein translocase protein TatC
grcA,0,0.0,Autonomous glycyl radical cofactor
trxC,0,0.0,Thioredoxin 2
fadA_1,0,0.0,3-ketoacyl-CoA thiolase
nadB,0,0.0,L-aspartate oxidase
pssA,0,0.0,CDP-diacylglycerol--serine O-phosphatidyltransferase
nuoB,0,0.0,NADH-quinone oxidoreductase subunit B
maeA,0,0.0,NAD-dependent malic enzyme
mngA_3,0,0.0,PTS system 2-O-alpha-mannosyl-D-glycerate-specific EIIABC component
amt_2,0,0.0,Ammonia channel
gbuA_2,0,0.0,Glycine betaine/carnitine transport ATP-binding protein GbuA
pyk_2,0,0.0,Pyruvate kinase
pyk_1,0,0.0,Pyruvate kinase
arnA,0,0.0,Bifunctional polymyxin resistance protein ArnA
pseC,0,0.0,"UDP-4-amino-4,6-dideoxy-N-acetyl-beta-L-altrosamine transaminase"
atpA_2,0,0.0,ATP synthase subunit alpha
nuoK,0,0.0,NADH-quinone oxidoreductase subunit K
ctaC,0,0.0,Cytochrome c oxidase subunit 2
nuoL,0,0.0,NADH-quinone oxidoreductase subunit L
ndhB_2,0,0.0,"NAD(P)H-quinone oxidoreductase subunit 2, chloroplastic"
pre_3,0,0.0,Plasmid recombination enzyme
iscR,0,0.0,HTH-type transcriptional regulator IscR
dinI,0,0.0,DNA damage-inducible protein I
amt_1,0,0.0,Ammonia channel
essD,0,0.0,Type VII secretion system protein EssD
atpG_1,0,0.0,"ATP synthase gamma chain, sodium ion specific"
ndbB,0,0.0,Demethylphylloquinone reductase NdbB
nadE_2,0,0.0,NH(3)-dependent NAD(+) synthetase
nadE_1,0,0.0,NH(3)-dependent NAD(+) synthetase
pdhC_3,0,0.0,Dihydrolipoyllysine-residue acetyltransferase component of pyruvate dehydrogenase complex
dgcM,0,0.0,Diguanylate cyclase DgcM
thiF,0,0.0,Sulfur carrier protein ThiS adenylyltransferase
ftsH_3,0,0.0,ATP-dependent zinc metalloprotease FtsH
lysC,0,0.0,Aspartokinase 2
ndhI,0,0.0,"NAD(P)H-quinone oxidoreductase subunit I, chloroplastic"
yecS_1,0,0.0,L-cystine transport system permease protein YecS
pre_2,0,0.0,Plasmid recombination enzyme
pre_5,0,0.0,Plasmid recombination enzyme
pre_4,0,0.0,Plasmid recombination enzyme
pre_1,0,0.0,Plasmid recombination enzyme
atpE_3,0,0.0,V-type proton ATPase subunit E
cobT,0,0.0,Nicotinate-nucleotide--dimethylbenzimidazole phosphoribosyltransferase
nuoH,0,0.0,NADH-quinone oxidoreductase subunit H
atpA_1,0,0.0,ATP synthase subunit alpha
manA,0,0.0,Mannose-6-phosphate isomerase ManA
adhE_5,0,0.0,Aldehyde-alcohol dehydrogenase
hisI,0,0.0,Histidine biosynthesis bifunctional protein HisIE
tfdD,0,0.0,D-Ala-D/L-Ala epimerase
asp1,0,0.0,Accessory Sec system protein Asp1
cynR,0,0.0,HTH-type transcriptional regulator CynR
vldH,0,0.0,Validoxylamine A 7'-phosphate phosphatase
cetB_1,0,0.0,2-epi-5-epi-valiolone epimerase
sigA_2,0,0.0,RNA polymerase sigma factor SigA
ileS_1,0,0.0,Isoleucine--tRNA ligase
sarZ,0,0.0,HTH-type transcriptional regulator SarZ
cetB_2,0,0.0,2-epi-5-epi-valiolone epimerase
ribF_2,0,0.0,Bifunctional riboflavin kinase/FMN adenylyltransferase
ileS_2,0,0.0,Isoleucine--tRNA ligase
comM,0,0.0,Competence protein ComM
atpG_2,0,0.0,ATP synthase gamma chain
ilvG,0,0.0,Acetolactate synthase isozyme 2 large subunit
recO_1,0,0.0,DNA repair protein RecO
recO_2,0,0.0,DNA repair protein RecO
eutL_2,0,0.0,Ethanolamine utilization protein EutL
eutL_1,0,0.0,Ethanolamine utilization protein EutL
mntH,0,0.0,Divalent metal cation transporter MntH
arlR_3,0,0.0,Response regulator ArlR
uvrB_4,0,0.0,UvrABC system protein B
pdxA2,0,0.0,D-threonate 4-phosphate dehydrogenase
kdgT,0,0.0,2-keto-3-deoxygluconate permease
dtnK,0,0.0,D-threonate kinase
xseA_1,0,0.0,Exodeoxyribonuclease 7 large subunit
wbpA,0,0.0,UDP-N-acetyl-D-glucosamine 6-dehydrogenase
surE,0,0.0,5'/3'-nucleotidase SurE
pre_6,0,0.0,Plasmid recombination enzyme
copA_5,0,0.0,Copper-exporting P-type ATPase
rnhC_2,0,0.0,Ribonuclease HIII
cadA_4,0,0.0,Cadmium-transporting ATPase
clsA_4,0,0.0,Major cardiolipin synthase ClsA
klcA_1,0,0.0,Antirestriction protein KlcA
rclC,0,0.0,Inner membrane protein RclC
traQ,0,0.0,Protein TraQ
radD,0,0.0,Putative DNA repair helicase RadD
cbh_4,0,0.0,Choloylglycine hydrolase
xis,0,0.0,ICEBs1 excisionase
fabG_4,0,0.0,3-oxoacyl-[acyl-carrier-protein] reductase FabG
ycaD,0,0.0,putative MFS-type transporter YcaD
gtaB_2,0,0.0,UTP--glucose-1-phosphate uridylyltransferase
smc_5,0,0.0,Chromosome partition protein Smc
uhpB,0,0.0,Signal transduction histidine-protein kinase/phosphatase UhpB
ftsE_3,0,0.0,Cell division ATP-binding protein FtsE
cugP,0,0.0,UTP--glucose-1-phosphate uridylyltransferase
algC_2,0,0.0,Phosphomannomutase/phosphoglucomutase
ridA_1,0,0.0,2-iminobutanoate/2-iminopropanoate deaminase
algC_1,0,0.0,Phosphomannomutase/phosphoglucomutase
gtaB_1,0,0.0,UTP--glucose-1-phosphate uridylyltransferase
trmH_2,0,0.0,tRNA (guanosine(18)-2'-O)-methyltransferase
fosB,0,0.0,Metallothiol transferase FosB
liaF,0,0.0,Protein LiaF
cmoM,0,0.0,tRNA 5-carboxymethoxyuridine methyltransferase
pinR_3,0,0.0,Serine recombinase PinR
rps1,0,0.0,30S ribosomal protein S1
guaD_2,0,0.0,Guanine deaminase
tpd,0,0.0,34 kDa membrane antigen
tsaE_1,0,0.0,tRNA threonylcarbamoyladenosine biosynthesis protein TsaE
sspP,0,0.0,Staphopain A
fsaA_1,0,0.0,Fructose-6-phosphate aldolase 1
fsaA_2,0,0.0,Fructose-6-phosphate aldolase 1
psiB,0,0.0,Protein PsiB
umuD_2,0,0.0,Protein UmuD
pvuIIM,0,0.0,Modification methylase PvuII
klcA_2,0,0.0,Antirestriction protein KlcA
rnhC_1,0,0.0,Ribonuclease HIII
aroC_3,0,0.0,Chorismate synthase
dpnM_3,0,0.0,Modification methylase DpnIIA
ridA_2,0,0.0,2-iminobutanoate/2-iminopropanoate deaminase
xseA_2,0,0.0,Exodeoxyribonuclease 7 large subunit
msrA_3,0,0.0,Peptide methionine sulfoxide reductase MsrA
yfcG,0,0.0,Disulfide-bond oxidoreductase YfcG
htrE,0,0.0,Outer membrane usher protein HtrE
mrkD,0,0.0,Fimbria adhesin protein
pdeH,0,0.0,Cyclic di-GMP phosphodiesterase PdeH
traM,0,0.0,Relaxosome protein TraM
nhaA,0,0.0,Na(+)/H(+) antiporter NhaA
finO,0,0.0,Fertility inhibition protein
ylpA,0,0.0,Lipoprotein YlpA
pgm,0,0.0,Phosphoglucomutase
traN,0,0.0,Mating pair stabilization protein TraN
traA,0,0.0,Pilin
mreD,0,0.0,Rod shape-determining protein MreD
prsA_2,0,0.0,Foldase protein PrsA
prsA_1,0,0.0,Foldase protein PrsA
gmk,0,0.0,Guanylate kinase
ybiT_4,0,0.0,putative ABC transporter ATP-binding protein YbiT
proS_1,0,0.0,Proline--tRNA ligase
proS_2,0,0.0,Proline--tRNA ligase
virB,0,0.0,Virulence regulon transcriptional activator VirB
ymoA,0,0.0,Modulating protein YmoA
pgl_1,0,0.0,6-phosphogluconolactonase
umuD_1,0,0.0,Protein UmuD
traI,0,0.0,Multifunctional conjugation protein TraI
rrrD,0,0.0,Lysozyme RrrD
yxeN,0,0.0,putative amino-acid permease protein YxeN
inlH,0,0.0,Internalin H
rnj_1,0,0.0,Ribonuclease J
yrdA_1,0,0.0,Protein YrdA
zntR,0,0.0,HTH-type transcriptional regulator ZntR
smg,0,0.0,Protein Smg
yrdA_2,0,0.0,Protein YrdA
immR_3,0,0.0,HTH-type transcriptional regulator ImmR
psbU,0,0.0,Photosystem II 12 kDa extrinsic protein
tarD_2,0,0.0,Glycerol-3-phosphate cytidylyltransferase
dhaR,0,0.0,PTS-dependent dihydroxyacetone kinase operon regulatory protein
uspG,0,0.0,Universal stress protein UP12
dhaB,0,0.0,Glycerol dehydratase large subunit
ydbD_2,0,0.0,putative manganese catalase
ugpQ_2,0,0.0,"Glycerophosphodiester phosphodiesterase, cytoplasmic"
ugpQ_1,0,0.0,"Glycerophosphodiester phosphodiesterase, cytoplasmic"
dinB_7,0,0.0,DNA polymerase IV
yjjG,0,0.0,Pyrimidine 5'-nucleotidase YjjG
relG,0,0.0,Toxin RelG
rnj_2,0,0.0,Ribonuclease J
gpsA_2,0,0.0,Glycerol-3-phosphate dehydrogenase [NAD(P)+]
gpsA_1,0,0.0,Glycerol-3-phosphate dehydrogenase [NAD(P)+]
fldH,0,0.0,Phenyllactate dehydrogenase
sasA_5,0,0.0,Adaptive-response sensory-kinase SasA
crtK-2_1,0,0.0,Tryptophan-rich protein TspO
mleA,0,0.0,Malolactic enzyme
pduE,0,0.0,Propanediol dehydratase small subunit
yhcG_3,0,0.0,Putative nuclease YhcG
ctpA_1,0,0.0,Carboxy-terminal processing protease CtpA
argS_2,0,0.0,Arginine--tRNA ligase
optrA_1,0,0.0,ABC-F type ribosomal protection protein OptrA
optrA_2,0,0.0,ABC-F type ribosomal protection protein OptrA
fexA_2,0,0.0,chloramphenicol/florfenicol efflux MFS transporter FexA
btr,0,0.0,HTH-type transcriptional activator Btr
pisA,0,0.0,Bacteriocin piscicolin-126
algD,0,0.0,GDP-mannose 6-dehydrogenase
ydbD_1,0,0.0,putative manganese catalase
nuoM,0,0.0,NADH-quinone oxidoreductase subunit M
ndhB_3,0,0.0,"NAD(P)H-quinone oxidoreductase subunit 2, chloroplastic"
petB,0,0.0,Cytochrome b
ndhB_1,0,0.0,"NAD(P)H-quinone oxidoreductase subunit 2, chloroplastic"
kdpC_1,0,0.0,Potassium-transporting ATPase KdpC subunit
kdpC_2,0,0.0,Potassium-transporting ATPase KdpC subunit
gbuA_1,0,0.0,Glycine betaine/carnitine transport ATP-binding protein GbuA
gyrA_3,0,0.0,DNA gyrase subunit A
lytA,0,0.0,Autolysin
bchL,0,0.0,Light-independent protochlorophyllide reductase iron-sulfur ATP-binding protein
fucO,0,0.0,Lactaldehyde reductase
csbB_2,0,0.0,Putative glycosyltransferase CsbB
dinJ,0,0.0,Antitoxin DinJ
rpsK_2,0,0.0,30S ribosomal protein S11
yehR_1,0,0.0,putative lipoprotein YehR
vatD,0,0.0,Streptogramin A acetyltransferase
msmX_4,0,0.0,Oligosaccharides import ATP-binding protein MsmX
yehR_2,0,0.0,putative lipoprotein YehR
dadD_3,0,0.0,5'-deoxyadenosine deaminase
moaA2_1,0,0.0,"GTP 3',8-cyclase 2"
moaA2_2,0,0.0,"GTP 3',8-cyclase 2"
csbB_1,0,0.0,Putative glycosyltransferase CsbB
guaC_2,0,0.0,GMP reductase
guaC_1,0,0.0,GMP reductase
ftsP,0,0.0,Cell division protein FtsP
natA_4,0,0.0,ABC transporter ATP-binding protein NatA
merR1_1,0,0.0,Mercuric resistance operon regulatory protein
tcaA,0,0.0,Membrane-associated protein TcaA
sepA,0,0.0,Multidrug resistance efflux pump SepA
fexA_1,0,0.0,chloramphenicol/florfenicol efflux MFS transporter FexA
rpsK_1,0,0.0,30S ribosomal protein S11
scmP_4,0,0.0,N-acetylcysteine deacetylase
levD_1,0,0.0,PTS system fructose-specific EIIA component
ntpD_2,0,0.0,V-type sodium ATPase subunit D
ntpD_1,0,0.0,V-type sodium ATPase subunit D
cmpR,0,0.0,HTH-type transcriptional activator CmpR
gcvPA,0,0.0,putative glycine dehydrogenase (decarboxylating) subunit 1
ganA,0,0.0,Beta-galactosidase GanA
dcd,0,0.0,"dCTP deaminase, dUMP-forming"
yjiA_3,0,0.0,P-loop guanosine triphosphatase YjiA
nagR,0,0.0,HTH-type transcriptional repressor NagR
pksB,0,0.0,putative polyketide biosynthesis zinc-dependent hydrolase PksB
pksJ,0,0.0,Polyketide synthase PksJ
pksE,0,0.0,Polyketide biosynthesis protein PksE
dgaR_7,0,0.0,Transcriptional regulatory protein DagR
srrA_4,0,0.0,Transcriptional regulatory protein SrrA
levD_2,0,0.0,PTS system fructose-specific EIIA component
yejK,0,0.0,Nucleoid-associated protein YejK
insK_3,0,0.0,Putative transposase InsK for insertion sequence element IS150
dgcC,0,0.0,putative diguanylate cyclase DgcC
dnaT,0,0.0,Primosomal protein 1
nupC,0,0.0,Nucleoside permease NupC
frp,0,0.0,NADPH-flavin oxidoreductase
sipP,0,0.0,Signal peptidase I P
fruA_5,0,0.0,PTS system fructose-specific EIIABC component
nhaX,0,0.0,Stress response protein NhaX
mshC,0,0.0,L-cysteine:1D-myo-inositol 2-amino-2-deoxy-alpha-D-glucopyranoside ligase
pbpB,0,0.0,Penicillin-binding protein 2B
maeB,0,0.0,NADP-dependent malic enzyme
comA_2,0,0.0,Transcriptional regulatory protein ComA
comA_1,0,0.0,Transcriptional regulatory protein ComA
norB_2,0,0.0,Quinolone resistance protein NorB
norB_1,0,0.0,Quinolone resistance protein NorB
sigA_1,0,0.0,RNA polymerase sigma factor SigA
secA1,0,0.0,Protein translocase subunit SecA 1
miaB,0,0.0,tRNA-2-methylthio-N(6)-dimethylallyladenosine synthase
ribF_1,0,0.0,Bifunctional riboflavin kinase/FMN adenylyltransferase
dapH,0,0.0,"2,3,4,5-tetrahydropyridine-2,6-dicarboxylate N-acetyltransferase"
ribBA_2,0,0.0,Riboflavin biosynthesis protein RibBA
ribH_2,0,0.0,"6,7-dimethyl-8-ribityllumazine synthase"
ribBA_1,0,0.0,Riboflavin biosynthesis protein RibBA
ribH_1,0,0.0,"6,7-dimethyl-8-ribityllumazine synthase"
rlmD,0,0.0,23S rRNA (uracil(1939)-C(5))-methyltransferase RlmD
ndhD1,0,0.0,NAD(P)H-quinone oxidoreductase chain 4 1
ctpA_2,0,0.0,Carboxy-terminal processing protease CtpA
glnQ_6,0,0.0,Glutamine transport ATP-binding protein GlnQ
inlB,0,0.0,Internalin B
epd,0,0.0,D-erythrose-4-phosphate dehydrogenase
pdg,0,0.0,Ultraviolet N-glycosylase/AP lyase
odhB,0,0.0,Dihydrolipoyllysine-residue succinyltransferase component of 2-oxoglutarate dehydrogenase complex
gcvH,0,0.0,Glycine cleavage system H protein
lacZ_1,0,0.0,Beta-galactosidase
lacZ_2,0,0.0,Beta-galactosidase
ltrA_3,0,0.0,Group II intron-encoded protein LtrA
bcrB_3,0,0.0,Bacitracin transport permease protein BcrB
crtK-2_2,0,0.0,Tryptophan-rich protein TspO
lacA_5,0,0.0,Galactose-6-phosphate isomerase subunit LacA
pgdS,0,0.0,Gamma-DL-glutamyl hydrolase
apbE_4,0,0.0,FAD:protein FMN transferase
hpf_1,0,0.0,Ribosome hibernation promotion factor
hpf_2,0,0.0,Ribosome hibernation promotion factor
moaB,0,0.0,Molybdenum cofactor biosynthesis protein B
mrpD,0,0.0,Na(+)/H(+) antiporter subunit D
fumC,0,0.0,Fumarate hydratase class II
ldhD,0,0.0,D-lactate dehydrogenase
mnhC1,0,0.0,Na(+)/H(+) antiporter subunit C1
lysS_2,0,0.0,Lysine--tRNA ligase
nrdR_2,0,0.0,Transcriptional repressor NrdR
rpmD_2,0,0.0,50S ribosomal protein L30
acr3_3,0,0.0,Arsenical-resistance protein Acr3
cbiC,0,0.0,Cobalt-precorrin-8 methylmutase
cobD_1,0,0.0,Threonine-phosphate decarboxylase
gntT,0,0.0,High-affinity gluconate transporter
cysG,0,0.0,Siroheme synthase
btuC,0,0.0,Vitamin B12 import system permease protein BtuC
hemB,0,0.0,Delta-aminolevulinic acid dehydratase
cbiJ,0,0.0,Cobalt-precorrin-6A reductase
cobQ,0,0.0,Cobyric acid synthase
cobD_2,0,0.0,Cobalamin biosynthesis protein CobD
hemC,0,0.0,Porphobilinogen deaminase
cbiK,0,0.0,Sirohydrochlorin cobaltochelatase
parE_1,0,0.0,DNA topoisomerase 4 subunit B
blaZ,0,0.0,Beta-lactamase
topA_3,0,0.0,DNA topoisomerase 1
cdr_3,0,0.0,Coenzyme A disulfide reductase
cbiG,0,0.0,Cobalt-precorrin-5A hydrolase
cbiE,0,0.0,Cobalt-precorrin-7 C(5)-methyltransferase
lldR,0,0.0,Putative L-lactate dehydrogenase operon regulatory protein
cbiF,0,0.0,Cobalt-precorrin-4 C(11)-methyltransferase
cysA_1,0,0.0,Sulfate/thiosulfate import ATP-binding protein CysA
cysA_2,0,0.0,Sulfate/thiosulfate import ATP-binding protein CysA
cat3,0,0.0,Chloramphenicol acetyltransferase 3
hemL2,0,0.0,"Glutamate-1-semialdehyde 2,1-aminomutase 2"
cbiT,0,0.0,Cobalt-precorrin-6B C(15)-methyltransferase (decarboxylating)
aptA,0,0.0,Apulose-4-phosphate transketolase subunit A
mta_1,0,0.0,HTH-type transcriptional activator mta
mta_2,0,0.0,HTH-type transcriptional activator mta
aptB,0,0.0,Apulose-4-phosphate transketolase subunit B
dhaL-2,0,0.0,"PEP-dependent dihydroxyacetone kinase 2, ADP-binding subunit DhaL"
dhaM-2_2,0,0.0,"PEP-dependent dihydroxyacetone kinase 2, phosphoryl donor subunit DhaM"
cbiQ,0,0.0,Cobalt transport protein CbiQ
cbiN,0,0.0,Cobalt transport protein CbiN
rpsS_2,0,0.0,30S ribosomal protein S19
yvdM_2,0,0.0,Beta-phosphoglucomutase
mgtA_3,0,0.0,"Magnesium-transporting ATPase, P-type 1"
metG_1,0,0.0,Methionine--tRNA ligase
rpmC_2,0,0.0,50S ribosomal protein L29
rpsS_1,0,0.0,30S ribosomal protein S19
epsF,0,0.0,Type II secretion system protein F
lrpC,0,0.0,HTH-type transcriptional regulator LrpC
sunS,0,0.0,SPbeta prophage-derived glycosyltransferase SunS
pmpR,0,0.0,Transcriptional regulatory protein PmpR
baiA,0,0.0,3-alpha-hydroxycholanate dehydrogenase (NADP(+))
acuI_3,0,0.0,putative acrylyl-CoA reductase AcuI
dapF_2,0,0.0,Diaminopimelate epimerase
dapF_1,0,0.0,Diaminopimelate epimerase
gamR,0,0.0,HTH-type transcriptional repressor GamR
yvdM_1,0,0.0,Beta-phosphoglucomutase
gsiD,0,0.0,Glutathione transport system permease protein GsiD
parE_2,0,0.0,DNA topoisomerase 4 subunit B
zinT,0,0.0,Metal-binding protein ZinT
asa1_6,0,0.0,Aggregation substance
mlaF,0,0.0,Intermembrane phospholipid transport system ATP-binding protein MlaF
trmFO_1,0,0.0,Methylenetetrahydrofolate--tRNA-(uracil-5-)-methyltransferase TrmFO
trmFO_2,0,0.0,Methylenetetrahydrofolate--tRNA-(uracil-5-)-methyltransferase TrmFO
iscS_3,0,0.0,Cysteine desulfurase IscS
rpsH_1,0,0.0,30S ribosomal protein S8
rpsH_2,0,0.0,30S ribosomal protein S8
pduX,0,0.0,L-threonine kinase
cbiL,0,0.0,Cobalt-precorrin-2 C(20)-methyltransferase
cbiA,0,0.0,"Cobyrinate a,c-diamide synthase"
sirC,0,0.0,Precorrin-2 dehydrogenase
hemA,0,0.0,Glutamyl-tRNA reductase
mapZ_1,0,0.0,Mid-cell-anchored protein Z
dhaM-2_1,0,0.0,"PEP-dependent dihydroxyacetone kinase 2, phosphoryl donor subunit DhaM"
tdk_1,0,0.0,Thymidine kinase
parC_1,0,0.0,DNA topoisomerase 4 subunit A
pcp_1,0,0.0,Pyrrolidone-carboxylate peptidase
lnrL_1,0,0.0,Linearmycin resistance ATP-binding protein LnrL
deoB_1,0,0.0,Phosphopentomutase
deoB_2,0,0.0,Phosphopentomutase
udp,0,0.0,Uridine phosphorylase
ulaE_2,0,0.0,L-ribulose-5-phosphate 3-epimerase UlaE
feuC_2,0,0.0,Iron-uptake system permease protein FeuC
ydhP_2,0,0.0,Inner membrane transport protein YdhP
ydhP_1,0,0.0,Inner membrane transport protein YdhP
proB_2,0,0.0,Glutamate 5-kinase
preT,0,0.0,NAD-dependent dihydropyrimidine dehydrogenase subunit PreT
yhfK,0,0.0,putative sugar epimerase YhfK
rplF_2,0,0.0,50S ribosomal protein L6
rplF_1,0,0.0,50S ribosomal protein L6
agrA_4,0,0.0,Accessory gene regulator protein A
pcp_2,0,0.0,Pyrrolidone-carboxylate peptidase
mapZ_2,0,0.0,Mid-cell-anchored protein Z
tag,0,0.0,DNA-3-methyladenine glycosylase 1
proB_1,0,0.0,Glutamate 5-kinase
msiK,0,0.0,Diacetylchitobiose uptake system ATP-binding protein MsiK
ulaE_1,0,0.0,L-ribulose-5-phosphate 3-epimerase UlaE
bfmBAA_2,0,0.0,2-oxoisovalerate dehydrogenase subunit alpha
gor_2,0,0.0,Glutathione reductase
gor_1,0,0.0,Glutathione reductase
sbcC,0,0.0,Nuclease SbcCD subunit C
ahpF,0,0.0,Alkyl hydroperoxide reductase subunit F
carB_1,0,0.0,Carbamoyl-phosphate synthase large chain
glnA_1,0,0.0,Glutamine synthetase
pabA,0,0.0,Aminodeoxychorismate synthase component 2
carB_2,0,0.0,Carbamoyl-phosphate synthase large chain
rspB,0,0.0,Starvation-sensing protein RspB
atxA,0,0.0,Anthrax toxin expression trans-acting positive regulator
gap_3,0,0.0,Glyceraldehyde-3-phosphate dehydrogenase
rsmB_2,0,0.0,Ribosomal RNA small subunit methyltransferase B
kefG,0,0.0,Glutathione-regulated potassium-efflux system ancillary protein KefG
glnP_2,0,0.0,putative glutamine ABC transporter permease protein GlnP
cbiD,0,0.0,Cobalt-precorrin-5B C(1)-methyltransferase
cbiH,0,0.0,putative cobalt-factor III C(17)-methyltransferase
skfB,0,0.0,Sporulation killing factor maturation protein SkfB
parC_2,0,0.0,DNA topoisomerase 4 subunit A
yodB_2,0,0.0,HTH-type transcriptional regulator YodB
yodB_1,0,0.0,HTH-type transcriptional regulator YodB
dhaK-2,0,0.0,"PTS-dependent dihydroxyacetone kinase 2, dihydroxyacetone-binding subunit DhaK"
tdk_2,0,0.0,Thymidine kinase
mhqD_3,0,0.0,Putative hydrolase MhqD
hemW_1,0,0.0,Heme chaperone HemW
rsgA_1,0,0.0,Small ribosomal subunit biogenesis GTPase RsgA
lnrL_2,0,0.0,Linearmycin resistance ATP-binding protein LnrL
mdtG_3,0,0.0,Multidrug resistance protein MdtG
lytO,0,0.0,putative autolysin LytO
rsmB_1,0,0.0,Ribosomal RNA small subunit methyltransferase B
glnP_1,0,0.0,putative glutamine ABC transporter permease protein GlnP
rdgB,0,0.0,dITP/XTP pyrophosphatase
ndkA,0,0.0,Nucleoside diphosphate kinase
hemW_2,0,0.0,Heme chaperone HemW
pspA_3,0,0.0,Phosphoserine phosphatase 1
ygeW_2,0,0.0,Putative carbamoyltransferase YgeW
walR_4,0,0.0,Transcriptional regulatory protein WalR
ygiS,0,0.0,putative deoxycholate-binding periplasmic protein YgiS
tagD_1,0,0.0,Glycerol-3-phosphate cytidylyltransferase
tagD_2,0,0.0,Glycerol-3-phosphate cytidylyltransferase
feuC_1,0,0.0,Iron-uptake system permease protein FeuC
rsgA_2,0,0.0,Small ribosomal subunit biogenesis GTPase RsgA
ygeW_1,0,0.0,Putative carbamoyltransferase YgeW
rpsC_2,0,0.0,30S ribosomal protein S3
rpsC_1,0,0.0,30S ribosomal protein S3
brpA_2,0,0.0,Biofilm regulatory protein A
leuS_2,0,0.0,Leucine--tRNA ligase
mlhB,0,0.0,Monoterpene epsilon-lactone hydrolase
rlmL_2,0,0.0,Ribosomal RNA large subunit methyltransferase K/L
rlmL_1,0,0.0,Ribosomal RNA large subunit methyltransferase L
bauA,0,0.0,Beta-alanine--pyruvate aminotransferase
xpt_1,0,0.0,Xanthine phosphoribosyltransferase
xpt_2,0,0.0,Xanthine phosphoribosyltransferase
cwlO,0,0.0,Peptidoglycan DL-endopeptidase CwlO
ssb_7,0,0.0,Single-stranded DNA-binding protein
cna_2,0,0.0,Collagen adhesin
cna_1,0,0.0,Collagen adhesin
ybhS,0,0.0,putative multidrug ABC transporter permease YbhS
yneA_1,0,0.0,Cell division suppressor protein YneA
hit_2,0,0.0,Protein hit
pdp_1,0,0.0,Pyrimidine-nucleoside phosphorylase
glyA_2,0,0.0,Serine hydroxymethyltransferase
ctsR_1,0,0.0,Transcriptional regulator CtsR
artM_2,0,0.0,Arginine transport ATP-binding protein ArtM
artM_1,0,0.0,Arginine transport ATP-binding protein ArtM
panD_1,0,0.0,Aspartate 1-decarboxylase
panD_2,0,0.0,Aspartate 1-decarboxylase
hit_1,0,0.0,Protein hit
pdp_2,0,0.0,Pyrimidine-nucleoside phosphorylase
cssR,0,0.0,Transcriptional regulatory protein CssR
odh,0,0.0,Opine dehydrogenase
bdhB,0,0.0,NADH-dependent butanol dehydrogenase B
tagG_3,0,0.0,Teichoic acid translocation permease protein TagG
rnj2_2,0,0.0,Ribonuclease J 2
celA,0,0.0,PTS system cellobiose-specific EIIB component
phoR_2,0,0.0,Alkaline phosphatase synthesis sensor protein PhoR
phoR_1,0,0.0,Alkaline phosphatase synthesis sensor protein PhoR
ctsR_2,0,0.0,Transcriptional regulator CtsR
mfd_1,0,0.0,Transcription-repair-coupling factor
fmt_1,0,0.0,Methionyl-tRNA formyltransferase
ade_2,0,0.0,Adenine deaminase
nusG_2,0,0.0,Transcription termination/antitermination protein NusG
nusG_1,0,0.0,Transcription termination/antitermination protein NusG
leuS_1,0,0.0,Leucine--tRNA ligase
ctpC,0,0.0,Manganese-exporting P-type ATPase
hup_1,0,0.0,DNA-binding protein HU
glcU_3,0,0.0,putative glucose uptake protein GlcU
ble,0,0.0,Bleomycin resistance protein
hmuV,0,0.0,Hemin import ATP-binding protein HmuV
butA,0,0.0,Diacetyl reductase [(S)-acetoin forming]
mhqR_2,0,0.0,HTH-type transcriptional regulator MhqR
dgaF_4,0,0.0,2-dehydro-3-deoxy-phosphogluconate aldolase
pstB3_3,0,0.0,Phosphate import ATP-binding protein PstB 3
sboA,0,0.0,Subtilosin-A
rpsZ_1,0,0.0,30S ribosomal protein S14 type Z
efpA,0,0.0,putative MFS-type transporter EfpA
mfd_2,0,0.0,Transcription-repair-coupling factor
ade_1,0,0.0,Adenine deaminase
nth_1,0,0.0,Endonuclease III
nth_2,0,0.0,Endonuclease III
phnT,0,0.0,Putative 2-aminoethylphosphonate import ATP-binding protein PhnT
umuC_1,0,0.0,Protein UmuC
umuC_2,0,0.0,Protein UmuC
rpsR_2,0,0.0,30S ribosomal protein S18
dasR_2,0,0.0,HTH-type transcriptional repressor DasR
dasR_1,0,0.0,HTH-type transcriptional repressor DasR
cdsA,0,0.0,Phosphatidate cytidylyltransferase
yoaA,0,0.0,putative ATP-dependent DNA helicase YoaA
rnmV_1,0,0.0,Ribonuclease M5
rnmV_2,0,0.0,Ribonuclease M5
glyA_1,0,0.0,Serine hydroxymethyltransferase
rplC_1,0,0.0,50S ribosomal protein L3
rplC_2,0,0.0,50S ribosomal protein L3
thiN_1,0,0.0,Thiamine pyrophosphokinase
rplD_1,0,0.0,50S ribosomal protein L4
metP_3,0,0.0,Methionine import system permease protein MetP
xanP,0,0.0,Xanthine permease XanP
menB_1,0,0.0,"1,4-dihydroxy-2-naphthoyl-CoA synthase"
yneA_2,0,0.0,Cell division suppressor protein YneA
bbmA_2,0,0.0,Intracellular maltogenic amylase
lig,0,0.0,DNA ligase
dut_3,0,0.0,Deoxyuridine 5'-triphosphate nucleotidohydrolase
rnj2_1,0,0.0,Ribonuclease J 2
modA_2,0,0.0,Molybdate-binding protein ModA
modA_1,0,0.0,Molybdate-binding protein ModA
msrR,0,0.0,Regulatory protein MsrR
sufT,0,0.0,Fe-S protein maturation auxiliary factor SufT
rplD_2,0,0.0,50S ribosomal protein L4
rplW_1,0,0.0,50S ribosomal protein L23
rplW_2,0,0.0,50S ribosomal protein L23
thiN_2,0,0.0,Thiamine pyrophosphokinase
menB_2,0,0.0,"1,4-dihydroxy-2-naphthoyl-CoA synthase"
baeS,0,0.0,Signal transduction histidine-protein kinase BaeS
rqcH_1,0,0.0,Rqc2 RqcH
dapX_2,0,0.0,putative N-acetyl-LL-diaminopimelate aminotransferase
bcrA_5,0,0.0,Bacitracin transport ATP-binding protein BcrA
yvqK_3,0,0.0,Corrinoid adenosyltransferase
purE_1,0,0.0,N5-carboxyaminoimidazole ribonucleotide mutase
purE_2,0,0.0,N5-carboxyaminoimidazole ribonucleotide mutase
agaS_2,0,0.0,D-galactosamine-6-phosphate deaminase AgaS
agaS_1,0,0.0,D-galactosamine-6-phosphate deaminase AgaS
rpmC_1,0,0.0,50S ribosomal protein L29
rplM_1,0,0.0,50S ribosomal protein L13
rplM_2,0,0.0,50S ribosomal protein L13
fmt_2,0,0.0,Methionyl-tRNA formyltransferase
ycnE,0,0.0,Putative monooxygenase YcnE
uvrC_3,0,0.0,UvrABC system protein C
yodC_4,0,0.0,Putative NAD(P)H nitroreductase YodC
yafQ_3,0,0.0,mRNA interferase toxin YafQ
yueI_1,0,0.0,putative protein YueI
tpiA_1,0,0.0,Triosephosphate isomerase
tpiA_2,0,0.0,Triosephosphate isomerase
ydjI,0,0.0,putative protein YdjI
sorA_7,0,0.0,PTS system sorbose-specific EIIC component
gdnC_1,0,0.0,putative guanidinium efflux system subunit GdnC
gdnC_2,0,0.0,putative guanidinium efflux system subunit GdnC
trmR_1,0,0.0,tRNA 5-hydroxyuridine methyltransferase
trmR_2,0,0.0,tRNA 5-hydroxyuridine methyltransferase
dapX_1,0,0.0,putative N-acetyl-LL-diaminopimelate aminotransferase
ulaF_1,0,0.0,L-ribulose-5-phosphate 4-epimerase UlaF
ulaF_2,0,0.0,L-ribulose-5-phosphate 4-epimerase UlaF
cadC_1,0,0.0,Cadmium resistance transcriptional regulatory protein CadC
cadC_2,0,0.0,Cadmium resistance transcriptional regulatory protein CadC
hsdM_2,0,0.0,Type I restriction enzyme EcoKI M protein
hsdM_1,0,0.0,Type I restriction enzyme EcoKI M protein
graS_2,0,0.0,Sensor histidine kinase GraS
graS_1,0,0.0,Sensor histidine kinase GraS
bbmA_1,0,0.0,Intracellular maltogenic amylase
dppE_14,0,0.0,Dipeptide-binding protein DppE
lytR_1,0,0.0,Sensory transduction protein LytR
lytR_2,0,0.0,Sensory transduction protein LytR
thyA_3,0,0.0,Thymidylate synthase
gtf3,0,0.0,Glucosyltransferase 3
yueI_2,0,0.0,putative protein YueI
dnaE2,0,0.0,Error-prone DNA polymerase
yorK,0,0.0,Putative SPbeta prophage-derived single-strand DNA-specific exonuclease YorK
mhqR_1,0,0.0,HTH-type transcriptional regulator MhqR
rqcH_2,0,0.0,Rqc2 RqcH
bfmBAA_1,0,0.0,2-oxoisovalerate dehydrogenase subunit alpha
glnA_2,0,0.0,Glutamine synthetase
licR_4,0,0.0,putative licABCH operon regulator
ndoA,0,0.0,Endoribonuclease EndoA
pucG_1,0,0.0,(S)-ureidoglycine--glyoxylate transaminase
pucG_2,0,0.0,(S)-ureidoglycine--glyoxylate transaminase
pduD,0,0.0,Propanediol dehydratase medium subunit
purK_3,0,0.0,N5-carboxyaminoimidazole ribonucleotide synthase
vat,0,0.0,Virginiamycin A acetyltransferase
cysM_1,0,0.0,Cysteine synthase
ycjU,0,0.0,Beta-phosphoglucomutase
dgs_1,0,0.0,Processive diacylglycerol alpha-glucosyltransferase
cysM_2,0,0.0,Cysteine synthase
pphA_1,0,0.0,Serine/threonine-protein phosphatase 1
speB,0,0.0,Streptopain
dgs_2,0,0.0,Processive diacylglycerol alpha-glucosyltransferase
glgP,0,0.0,Glycogen phosphorylase
apu,0,0.0,Amylopullulanase
wcaJ,0,0.0,UDP-glucose:undecaprenyl-phosphate glucose-1-phosphate transferase
gshAB_1,0,0.0,Glutathione biosynthesis bifunctional protein GshAB
arcA_1,0,0.0,Arginine deiminase
yegS,0,0.0,lipid kinase YegS
recQ,0,0.0,ATP-dependent DNA helicase RecQ
oppD,0,0.0,Oligopeptide transport ATP-binding protein OppD
dctA_1,0,0.0,C4-dicarboxylate transport protein
dctA_2,0,0.0,C4-dicarboxylate transport protein
yycN,0,0.0,putative N-acetyltransferase YycN
modB_2,0,0.0,Molybdenum transport system permease protein ModB
glgD,0,0.0,Glycogen biosynthesis protein GlgD
ytlR_1,0,0.0,Putative lipid kinase YtlR
blaR1_2,0,0.0,Regulatory protein BlaR1
panB_2,0,0.0,3-methyl-2-oxobutanoate hydroxymethyltransferase
birA_2,0,0.0,Bifunctional ligase/repressor BirA
exoA_2,0,0.0,Exodeoxyribonuclease
gshAB_2,0,0.0,Glutathione biosynthesis bifunctional protein GshAB
ktrB,0,0.0,Ktr system potassium uptake protein B
lacD2_1,0,0.0,"Tagatose 1,6-diphosphate aldolase 2"
purK,0,0.0,N5-carboxyaminoimidazole ribonucleotide synthase
menC_2,0,0.0,o-succinylbenzoate synthase
ugpB,0,0.0,sn-glycerol-3-phosphate-binding periplasmic protein UgpB
cinA_2,0,0.0,Putative competence-damage inducible protein
pduV_2,0,0.0,Propanediol utilization protein PduV
gadB_1,0,0.0,Glutamate decarboxylase
cinA_1,0,0.0,Putative competence-damage inducible protein
pduU_2,0,0.0,Propanediol utilization protein PduU
menC_1,0,0.0,o-succinylbenzoate synthase
sfrB,0,0.0,NADPH-Fe(3+) oxidoreductase subunit beta
pduA_1,0,0.0,Propanediol utilization protein PduA
rplX_2,0,0.0,50S ribosomal protein L24
rplX_1,0,0.0,50S ribosomal protein L24
mdtD_1,0,0.0,Putative multidrug resistance protein MdtD
ccmL_1,0,0.0,Carbon dioxide concentrating mechanism protein CcmL
pitA,0,0.0,Low-affinity inorganic phosphate transporter 1
thcD,0,0.0,Rhodocoxin reductase
pduV_1,0,0.0,Propanediol utilization protein PduV
pduB,0,0.0,Propanediol utilization protein PduB
pduC,0,0.0,Propanediol dehydratase large subunit
ccmL_2,0,0.0,Carbon dioxide concentrating mechanism protein CcmL
murA1_3,0,0.0,UDP-N-acetylglucosamine 1-carboxyvinyltransferase 1
xerD_4,0,0.0,Tyrosine recombinase XerD
sfsA_2,0,0.0,Sugar fermentation stimulation protein A
yxaF,0,0.0,putative HTH-type transcriptional regulator YxaF
ant1_3,0,0.0,Streptomycin 3''-adenylyltransferase
yhaI_1,0,0.0,Inner membrane protein YhaI
yhaI_2,0,0.0,Inner membrane protein YhaI
modB_1,0,0.0,Molybdenum transport system permease protein ModB
sfsA_1,0,0.0,Sugar fermentation stimulation protein A
topB_5,0,0.0,DNA topoisomerase 3
exoA_1,0,0.0,Exodeoxyribonuclease
ytlR_2,0,0.0,Putative lipid kinase YtlR
phnC,0,0.0,Phosphate-import ATP-binding protein PhnC
arcA_2,0,0.0,Arginine deiminase
yhgF_2,0,0.0,Protein YhgF
yhgF_1,0,0.0,Protein YhgF
pphA_2,0,0.0,Serine/threonine-protein phosphatase 1
sucD,0,0.0,Succinate-semialdehyde dehydrogenase (acetylating)
phnD2,0,0.0,putative ABC transporter phosphonate/phosphite binding protein PhnD2
toxA,0,0.0,Toxin A
rplN_1,0,0.0,50S ribosomal protein L14
yjaB_1,0,0.0,Peptidyl-lysine N-acetyltransferase YjaB
dhaM,0,0.0,"PTS-dependent dihydroxyacetone kinase, phosphotransferase subunit DhaM"
glyG,0,0.0,Glycosyltransferase GlyG
hslU,0,0.0,ATP-dependent protease ATPase subunit HslU
pheA_1,0,0.0,Prephenate dehydratase
siaT_1,0,0.0,Sialic acid TRAP transporter permease protein SiaT
ackA_1,0,0.0,Acetate kinase
buk2_2,0,0.0,Butyrate kinase 2
fadG_2,0,0.0,putative protein FadG
buk2_1,0,0.0,putative butyrate kinase 2
noxE_2,0,0.0,NADH oxidase
noxE_1,0,0.0,NADH oxidase
mnmC_1,0,0.0,tRNA 5-methylaminomethyl-2-thiouridine biosynthesis bifunctional protein MnmC
penA_2,0,0.0,Penicillin-binding protein 2B
siaT_2,0,0.0,Sialic acid TRAP transporter permease protein SiaT
thrC_1,0,0.0,Threonine synthase
penA_1,0,0.0,Penicillin-binding protein 2B
gmuR_3,0,0.0,HTH-type transcriptional regulator GmuR
gsiC_1,0,0.0,Glutathione transport system permease protein GsiC
thrC_2,0,0.0,Threonine synthase
truA,0,0.0,tRNA pseudouridine synthase A
gsiC_2,0,0.0,Glutathione transport system permease protein GsiC
araP,0,0.0,L-arabinose transport system permease protein AraP
rplN_2,0,0.0,50S ribosomal protein L14
pchR,0,0.0,HTH-type transcriptional regulator PchR
clpE_1,0,0.0,ATP-dependent Clp protease ATP-binding subunit ClpE
clpE_2,0,0.0,ATP-dependent Clp protease ATP-binding subunit ClpE
fadG_1,0,0.0,putative protein FadG
kdpD_2,0,0.0,Sensor protein KdpD
kdpD_1,0,0.0,Sensor protein KdpD
nudF_2,0,0.0,ADP-ribose pyrophosphatase
ftsW_3,0,0.0,putative peptidoglycan glycosyltransferase FtsW
nudF_1,0,0.0,ADP-ribose pyrophosphatase
panB_1,0,0.0,3-methyl-2-oxobutanoate hydroxymethyltransferase
nisB_1,0,0.0,Nisin biosynthesis protein NisB
nisB_2,0,0.0,Nisin biosynthesis protein NisB
nsuA,0,0.0,Lantibiotic nisin-U
btuD_14,0,0.0,Vitamin B12 import ATP-binding protein BtuD
dinB,0,0.0,DNA polymerase IV
blaR1_1,0,0.0,Regulatory protein BlaR1
dlgD,0,0.0,"2,3-diketo-L-gulonate reductase"
birA_1,0,0.0,Bifunctional ligase/repressor BirA
apbE_3,0,0.0,FAD:protein FMN transferase
artJ,0,0.0,ABC transporter arginine-binding protein 1
nrdI_2,0,0.0,Protein NrdI
cbiO,0,0.0,Cobalt import ATP-binding protein CbiO
clpY_1,0,0.0,ATP-dependent protease ATPase subunit ClpY
clpY_2,0,0.0,ATP-dependent protease ATPase subunit ClpY
ackA_2,0,0.0,Acetate kinase
pheA_2,0,0.0,Bifunctional chorismate mutase/prephenate dehydratase
nhaK_2,0,0.0,"Sodium, potassium, lithium and rubidium/H(+) antiporter"
nhaK_1,0,0.0,"Sodium, potassium, lithium and rubidium/H(+) antiporter"
nrdI_1,0,0.0,Protein NrdI
mnmC_2,0,0.0,tRNA 5-methylaminomethyl-2-thiouridine biosynthesis bifunctional protein MnmC
atzC,0,0.0,N-isopropylammelide isopropyl amidohydrolase
yjaB_2,0,0.0,Peptidyl-lysine N-acetyltransferase YjaB
skfE,0,0.0,SkfA peptide export ATP-binding protein SkfE
pduA_2,0,0.0,Propanediol utilization protein PduA
ywnA_2,0,0.0,Putative HTH-type transcriptional regulator YwnA
yhaO,0,0.0,putative metallophosphoesterase YhaO
thiD_1,0,0.0,Hydroxymethylpyrimidine/phosphomethylpyrimidine kinase
thiD_2,0,0.0,Hydroxymethylpyrimidine/phosphomethylpyrimidine kinase
ykoD_6,0,0.0,Putative HMP/thiamine import ATP-binding protein YkoD
tcyP_1,0,0.0,L-cystine uptake protein TcyP
hrtA_2,0,0.0,Putative hemin import ATP-binding protein HrtA
hrtA_1,0,0.0,Putative hemin import ATP-binding protein HrtA
adh1,0,0.0,Long-chain-alcohol dehydrogenase 1
merA_1,0,0.0,Mercuric reductase
argR_5,0,0.0,Arginine repressor
map_1,0,0.0,Methionine aminopeptidase 1
tenA_2,0,0.0,Aminopyrimidine aminohydrolase
aplIR,0,0.0,Type-2 restriction enzyme AplI
nagE,0,0.0,PTS system N-acetylglucosamine-specific EIICBA component
tcyP_2,0,0.0,L-cystine uptake protein TcyP
ndk_1,0,0.0,Nucleoside diphosphate kinase
comC_2,0,0.0,Type 4 prepilin-like proteins leader peptide-processing enzyme
chrR_1,0,0.0,Quinone reductase
cpdB,0,0.0,"2',3'-cyclic-nucleotide 2'-phosphodiesterase/3'-nucleotidase"
codY_2,0,0.0,GTP-sensing transcriptional pleiotropic repressor CodY
napA_3,0,0.0,Na(+)/H(+) antiporter
iolA_2,0,0.0,Malonate-semialdehyde dehydrogenase
iolA_1,0,0.0,Malonate-semialdehyde dehydrogenase
larE_1,0,0.0,"Pyridinium-3,5-bisthiocarboxylic acid mononucleotide synthase"
larE_2,0,0.0,"Pyridinium-3,5-bisthiocarboxylic acid mononucleotide synthase"
chrR_2,0,0.0,Quinone reductase
rlmCD_3,0,0.0,23S rRNA (uracil-C(5))-methyltransferase RlmCD
gadB_2,0,0.0,Glutamate decarboxylase
glmS_3,0,0.0,Glutamine--fructose-6-phosphate aminotransferase [isomerizing]
sapB_3,0,0.0,Protein SapB
xerC_16,0,0.0,Tyrosine recombinase XerC
thrB_2,0,0.0,Homoserine kinase
miaA_1,0,0.0,tRNA dimethylallyltransferase
pbpF_1,0,0.0,Penicillin-binding protein 1F
pbpF_2,0,0.0,Penicillin-binding protein 1F
lacD2_2,0,0.0,"Tagatose 1,6-diphosphate aldolase 2"
socA,0,0.0,Antitoxin SocA
adaB_1,0,0.0,"Methylated-DNA--protein-cysteine methyltransferase, inducible"
adaB_2,0,0.0,"Methylated-DNA--protein-cysteine methyltransferase, inducible"
srtB,0,0.0,Sortase B
ermA1_2,0,0.0,rRNA adenine N-6-methyltransferase
ermA1_1,0,0.0,rRNA adenine N-6-methyltransferase
purQ_1,0,0.0,Phosphoribosylformylglycinamidine synthase subunit PurQ
purQ_2,0,0.0,Phosphoribosylformylglycinamidine synthase subunit PurQ
yadH_3,0,0.0,Inner membrane transport permease YadH
betC,0,0.0,Choline-sulfatase
treA_1,0,0.0,Trehalose-6-phosphate hydrolase
clpL_1,0,0.0,ATP-dependent Clp protease ATP-binding subunit ClpL
clpL_2,0,0.0,ATP-dependent Clp protease ATP-binding subunit ClpL
ymdB_2,0,0.0,"2',3'-cyclic-nucleotide 2'-phosphodiesterase"
ymdB_1,0,0.0,"2',3'-cyclic-nucleotide 2'-phosphodiesterase"
bsoBIR,0,0.0,Type-2 restriction enzyme BsoBI
gatB_4,0,0.0,PTS system galactitol-specific EIIB component
dinB1,0,0.0,DNA polymerase IV 1
folT_2,0,0.0,Folate transporter FolT
folT_1,0,0.0,Folate transporter FolT
yejF,0,0.0,putative ABC transporter ATP-binding protein YejF
dauA_2,0,0.0,C4-dicarboxylic acid transporter DauA
dauA_1,0,0.0,C4-dicarboxylic acid transporter DauA
yfiZ,0,0.0,putative siderophore transport system permease protein YfiZ
phoA,0,0.0,Alkaline phosphatase 4
treA_2,0,0.0,Trehalose-6-phosphate hydrolase
miaA_2,0,0.0,tRNA dimethylallyltransferase
thrB_1,0,0.0,Homoserine kinase
ndk_2,0,0.0,Nucleoside diphosphate kinase
mnmA_1,0,0.0,tRNA-specific 2-thiouridylase MnmA
mdtD_2,0,0.0,Putative multidrug resistance protein MdtD
ndvA_1,0,0.0,Beta-(1-->2)glucan export ATP-binding/permease protein NdvA
dhaL_3,0,0.0,"PEP-dependent dihydroxyacetone kinase, ADP-binding subunit DhaL"
mnmA_2,0,0.0,tRNA-specific 2-thiouridylase MnmA
yjbK_1,0,0.0,Putative triphosphatase YjbK
yjbK_2,0,0.0,Putative triphosphatase YjbK
qacC_2,0,0.0,Quaternary ammonium compound-resistance protein QacC
htpG,0,0.0,Chaperone protein HtpG
qacC_1,0,0.0,Quaternary ammonium compound-resistance protein QacC
lexA_4,0,0.0,LexA repressor
iolB_2,0,0.0,5-deoxy-glucuronate isomerase
iolB_1,0,0.0,5-deoxy-glucuronate isomerase
ywnA_1,0,0.0,Putative HTH-type transcriptional regulator YwnA
polA_1,0,0.0,DNA polymerase I
MroQ_1,0,0.0,Membrane-embedded CAAX protease MroQ
MroQ_2,0,0.0,Membrane-embedded CAAX protease MroQ
ndvA_2,0,0.0,Beta-(1-->2)glucan export ATP-binding/permease protein NdvA
yifK_1,0,0.0,putative transport protein YifK
dltC_1,0,0.0,D-alanyl carrier protein
merA_2,0,0.0,Mercuric reductase
gbuB,0,0.0,Glycine betaine/carnitine transport permease protein GbuB
vbhT,0,0.0,Protein adenylyltransferase VbhT
polA_2,0,0.0,DNA polymerase I
ruvC,0,0.0,Crossover junction endodeoxyribonuclease RuvC
yesS,0,0.0,HTH-type transcriptional regulator YesS
cspLA_3,0,0.0,Cold shock-like protein CspLA
rffG,0,0.0,"dTDP-glucose 4,6-dehydratase 2"
yclM_1,0,0.0,Aspartokinase 3
yclM_2,0,0.0,Aspartokinase 3
map_2,0,0.0,Methionine aminopeptidase 1
tenA_1,0,0.0,Aminopyrimidine aminohydrolase
lacR_4,0,0.0,Lactose phosphotransferase system repressor
benM,0,0.0,HTH-type transcriptional regulator BenM
msrA_2,0,0.0,Peptide methionine sulfoxide reductase MsrA
msrA_1,0,0.0,Peptide methionine sulfoxide reductase MsrA
ywqD_1,0,0.0,Tyrosine-protein kinase YwqD
yifK_2,0,0.0,putative transport protein YifK
pduA_3,0,0.0,Propanediol utilization protein PduA
moaC2,0,0.0,Cyclic pyranopterin monophosphate synthase 2
sacY_2,0,0.0,Levansucrase and sucrase synthesis operon antiterminator
sacY_1,0,0.0,Levansucrase and sucrase synthesis operon antiterminator
blaR1,0,0.0,Regulatory protein BlaR1
ecfA1_1,0,0.0,Energy-coupling factor transporter ATP-binding protein EcfA1
dusB_2,0,0.0,tRNA-dihydrouridine synthase B
dusB_1,0,0.0,tRNA-dihydrouridine synthase B
ecfA1_2,0,0.0,Energy-coupling factor transporter ATP-binding protein EcfA1
dltC_2,0,0.0,D-alanyl carrier protein
gspA,0,0.0,General stress protein A
pduU_1,0,0.0,Propanediol utilization protein PduU
dhaK_3,0,0.0,"PTS-dependent dihydroxyacetone kinase, dihydroxyacetone-binding subunit DhaK"
glmM_1,0,0.0,Phosphoglucosamine mutase
gmk_3,0,0.0,Guanylate kinase
glmM_2,0,0.0,Phosphoglucosamine mutase
hindIIIM,0,0.0,Modification methylase HindIII
chiA1,0,0.0,Chitinase A1
ygdR,0,0.0,putative lipoprotein YgdR
mbeA,0,0.0,DNA relaxase MbeA
pbuE,0,0.0,Purine efflux pump PbuE
codY_1,0,0.0,GTP-sensing transcriptional pleiotropic repressor CodY
expZ_4,0,0.0,Nucleotide-binding protein ExpZ
comC_1,0,0.0,Type 4 prepilin-like proteins leader peptide-processing enzyme
prkC,0,0.0,Serine/threonine-protein kinase PrkC
pheT_1,0,0.0,Phenylalanine--tRNA ligase beta subunit
pheT_2,0,0.0,Phenylalanine--tRNA ligase beta subunit
ywqD_2,0,0.0,Tyrosine-protein kinase YwqD
ycfH_1,0,0.0,putative metal-dependent hydrolase YcfH
pat,0,0.0,Phosphinothricin N-acetyltransferase
queC,0,0.0,7-cyano-7-deazaguanine synthase
uviB_2,0,0.0,Bacteriocin UviB
mrkE,0,0.0,Protein MrkE
PROSC,0,0.0,Pyridoxal phosphate homeostasis protein
pilT,0,0.0,Twitching mobility protein
srlA_2,0,0.0,PTS system glucitol/sorbitol-specific EIIC component
dkgA_2,0,0.0,"2,5-diketo-D-gluconic acid reductase A"
nqo1,0,0.0,NADH-quinone oxidoreductase subunit 1
gndA,0,0.0,"6-phosphogluconate dehydrogenase, NADP(+)-dependent, decarboxylating"
tdh_1,0,0.0,L-threonine 3-dehydrogenase
tdh_2,0,0.0,L-threonine 3-dehydrogenase
trmB_1,0,0.0,tRNA (guanine-N(7)-)-methyltransferase
trmB_2,0,0.0,tRNA (guanine-N(7)-)-methyltransferase
uvrC,0,0.0,UvrABC system protein C
cfr_1,0,0.0,Ribosomal RNA large subunit methyltransferase Cfr
srlA_1,0,0.0,PTS system glucitol/sorbitol-specific EIIC component
uviB_1,0,0.0,Bacteriocin UviB
ssp5,0,0.0,Agglutinin receptor
groL_2,0,0.0,60 kDa chaperonin
inlJ_1,0,0.0,Internalin J
groS_2,0,0.0,10 kDa chaperonin
hin_6,0,0.0,DNA-invertase hin
caf1M,0,0.0,Chaperone protein caf1M
yfhA,0,0.0,putative siderophore transport system permease protein YfhA
panE_4,0,0.0,2-dehydropantoate 2-reductase
dltD_2,0,0.0,Protein DltD
pyrE_1,0,0.0,Orotate phosphoribosyltransferase
murR_4,0,0.0,HTH-type transcriptional regulator MurR
ctpE_3,0,0.0,Calcium-transporting ATPase CtpE
moaF,0,0.0,Protein MoaF
tuaG_1,0,0.0,Putative teichuronic acid biosynthesis glycosyltransferase TuaG
pyrE_2,0,0.0,Orotate phosphoribosyltransferase
tsaB_1,0,0.0,tRNA threonylcarbamoyladenosine biosynthesis protein TsaB
vanH_1,0,0.0,D-specific alpha-keto acid dehydrogenase
gamP,0,0.0,Putative PTS system glucosamine-specific EIICBA component
tmpC,0,0.0,Membrane lipoprotein TmpC
panP,0,0.0,Aspartate 1-decarboxylase
sph_1,0,0.0,Oleate hydratase
groL_1,0,0.0,60 kDa chaperonin
nlhH,0,0.0,Carboxylesterase NlhH
prfB_2,0,0.0,Peptide chain release factor 2
apxIB_2,0,0.0,Toxin RTX-I translocation ATP-binding protein
prfB_1,0,0.0,Peptide chain release factor 2
srrB,0,0.0,Sensor protein SrrB
bicA_1,0,0.0,Bicarbonate transporter BicA
apxIB_1,0,0.0,Toxin RTX-I translocation ATP-binding protein
pstS1_3,0,0.0,Phosphate-binding protein PstS 1
frlC,0,0.0,Fructoselysine 3-epimerase
bicA_2,0,0.0,Bicarbonate transporter BicA
sph_2,0,0.0,Oleate hydratase
mtrB,0,0.0,Sensor histidine kinase MtrB
vanH_2,0,0.0,D-specific alpha-keto acid dehydrogenase
licT_5,0,0.0,Transcription antiterminator LicT
senX3,0,0.0,Signal-transduction histidine kinase senX3
ydcV,0,0.0,Inner membrane ABC transporter permease protein YdcV
thiE_1,0,0.0,Thiamine-phosphate synthase
trzA,0,0.0,S-triazine hydrolase
dltD_1,0,0.0,Protein DltD
traC,0,0.0,DNA primase TraC
groS_1,0,0.0,10 kDa chaperonin
mrnC_2,0,0.0,Mini-ribonuclease 3
mrnC_1,0,0.0,Mini-ribonuclease 3
yebC,0,0.0,transcriptional regulatory protein YebC
bioY2_1,0,0.0,Biotin transporter BioY2
dppA_2,0,0.0,D-aminopeptidase
atpB_2,0,0.0,ATP synthase subunit a
katA_3,0,0.0,Vegetative catalase
epsG,0,0.0,Type II secretion system protein G
wzxC,0,0.0,Lipopolysaccharide biosynthesis protein WzxC
ycdG,0,0.0,"putative oligo-1,6-glucosidase 2"
mazF_1,0,0.0,Endoribonuclease toxin MazF
thi4,0,0.0,Thiamine thiazole synthase
glxR_2,0,0.0,2-hydroxy-3-oxopropionate reductase
glxR_1,0,0.0,2-hydroxy-3-oxopropionate reductase
ntpJ,0,0.0,Potassium/sodium uptake protein NtpJ
cspB,0,0.0,Cold shock protein CspB
yfiC_2,0,0.0,tRNA1(Val) (adenine(37)-N6)-methyltransferase
gabD1,0,0.0,Succinate-semialdehyde dehydrogenase [NADP(+)] 1
ptsJ,0,0.0,Vitamin B6 salvage pathway transcriptional repressor PtsJ
dpnA_2,0,0.0,Modification methylase DpnIIB
dpnA_1,0,0.0,Modification methylase DpnIIB
cutC_2,0,0.0,Copper homeostasis protein CutC
aar_1,0,0.0,L-alanine/L-glutamate racemase
cutC_1,0,0.0,Copper homeostasis protein CutC
cas9_3,0,0.0,CRISPR-associated endonuclease Cas9
kdpA_2,0,0.0,Potassium-transporting ATPase potassium-binding subunit
jefA,0,0.0,Drug efflux pump JefA
tatD,0,0.0,3'-5' ssDNA/RNA exonuclease TatD
yfiC_1,0,0.0,tRNA1(Val) (adenine(37)-N6)-methyltransferase
recB,0,0.0,RecBCD enzyme subunit RecB
bglH,0,0.0,Aryl-phospho-beta-D-glucosidase BglH
plsC_1,0,0.0,1-acyl-sn-glycerol-3-phosphate acyltransferase
nlaIVR,0,0.0,Type-2 restriction enzyme NlaIV
xylG,0,0.0,Xylose import ATP-binding protein XylG
lsrA,0,0.0,Autoinducer 2 import ATP-binding protein LsrA
rpsJ_1,0,0.0,30S ribosomal protein S10
ompR_1,0,0.0,Transcriptional regulatory protein OmpR
bglH_6,0,0.0,Aryl-phospho-beta-D-glucosidase BglH
ompR_2,0,0.0,Transcriptional regulatory protein OmpR
mazF_2,0,0.0,Endoribonuclease toxin MazF
rpsJ_2,0,0.0,30S ribosomal protein S10
nrdD_2,0,0.0,Anaerobic ribonucleoside-triphosphate reductase
lgrD_2,0,0.0,Linear gramicidin synthase subunit D
pnp_3,0,0.0,Polyribonucleotide nucleotidyltransferase
kdpA_1,0,0.0,Potassium-transporting ATPase potassium-binding subunit
sugB_2,0,0.0,Trehalose transport system permease protein SugB
sugB_1,0,0.0,Trehalose transport system permease protein SugB
mdxE,0,0.0,Maltodextrin-binding protein MdxE
ddl_3,0,0.0,D-alanine--D-alanine ligase
pstA,0,0.0,Phosphate transport system permease protein PstA
lnrN,0,0.0,Linearmycin resistance permease protein LnrN
cfr_2,0,0.0,Ribosomal RNA large subunit methyltransferase Cfr
mtlD_2,0,0.0,Mannitol-1-phosphate 5-dehydrogenase
fic,0,0.0,putative protein adenylyltransferase Fic
tycB,0,0.0,Tyrocidine synthase 2
mapP_1,0,0.0,Maltose 6'-phosphate phosphatase
lgrD_1,0,0.0,Linear gramicidin synthase subunit D
dctM_1,0,0.0,C4-dicarboxylate TRAP transporter large permease protein DctM
spoVG,0,0.0,Putative septation protein SpoVG
ydfO,0,0.0,putative protein YdfO
aar_2,0,0.0,L-alanine/L-glutamate racemase
mtlF_3,0,0.0,Mannitol-specific phosphotransferase enzyme IIA component
nfo_2,0,0.0,putative endonuclease 4
garP,0,0.0,putative galactarate transporter
rmlD_2,0,0.0,dTDP-4-dehydrorhamnose reductase
lacB_3,0,0.0,Galactose-6-phosphate isomerase subunit LacB
nfo_1,0,0.0,putative endonuclease 4
rmlD_1,0,0.0,dTDP-4-dehydrorhamnose reductase
mtlF_4,0,0.0,Mannitol-specific phosphotransferase enzyme IIA component
nrdD_1,0,0.0,Anaerobic ribonucleoside-triphosphate reductase
dctM_2,0,0.0,C4-dicarboxylate TRAP transporter large permease protein DctM
mtlD_1,0,0.0,Mannitol-1-phosphate 5-dehydrogenase
degA_5,0,0.0,HTH-type transcriptional regulator DegA
rpmB_2,0,0.0,50S ribosomal protein L28
rnc_1,0,0.0,Ribonuclease 3
def1_1,0,0.0,Peptide deformylase 1
abfA,0,0.0,Intracellular exo-alpha-(1->5)-L-arabinofuranosidase 1
macB_5,0,0.0,Macrolide export ATP-binding/permease protein MacB
tsaB_2,0,0.0,tRNA threonylcarbamoyladenosine biosynthesis protein TsaB
ymcA_2,0,0.0,putative protein YmcA
comGC_2,0,0.0,ComG operon protein 3
pgsA_2,0,0.0,CDP-diacylglycerol--glycerol-3-phosphate 3-phosphatidyltransferase
lrgA_2,0,0.0,Antiholin-like protein LrgA
sigV_2,0,0.0,RNA polymerase sigma factor SigV
niaR_2,0,0.0,putative transcription repressor NiaR
niaR_1,0,0.0,putative transcription repressor NiaR
eutC_2,0,0.0,Ethanolamine ammonia-lyase light chain
hepT_2,0,0.0,Heptaprenyl diphosphate synthase component 2
valS_1,0,0.0,Valine--tRNA ligase
hepT_1,0,0.0,Heptaprenyl diphosphate synthase component 2
fur_1,0,0.0,Ferric uptake regulation protein
hcxA,0,0.0,Hydroxycarboxylate dehydrogenase A
rsmH_2,0,0.0,Ribosomal RNA small subunit methyltransferase H
nplT,0,0.0,Neopullulanase
namA,0,0.0,NADPH dehydrogenase
dasC,0,0.0,Diacetylchitobiose uptake system permease protein DasC
cysS_1,0,0.0,Cysteine--tRNA ligase
thiM_1,0,0.0,Hydroxyethylthiazole kinase
ucpA,0,0.0,Oxidoreductase UcpA
malP_3,0,0.0,Maltose phosphorylase
cysS_2,0,0.0,Cysteine--tRNA ligase
thiM_2,0,0.0,Hydroxyethylthiazole kinase
rfbJ,0,0.0,CDP-abequose synthase
thiE_2,0,0.0,Thiamine-phosphate synthase
tuaG_2,0,0.0,Putative teichuronic acid biosynthesis glycosyltransferase TuaG
yccF_2,0,0.0,Inner membrane protein YccF
purA_1,0,0.0,Adenylosuccinate synthetase
aroD_1,0,0.0,3-dehydroquinate dehydratase
eutC_1,0,0.0,Ethanolamine ammonia-lyase light chain
rpsI_2,0,0.0,30S ribosomal protein S9
stkP,0,0.0,Serine/threonine-protein kinase StkP
fadG_3,0,0.0,putative protein FadG
gltX_3,0,0.0,Glutamate--tRNA ligase
mnaA_3,0,0.0,UDP-N-acetylglucosamine 2-epimerase
nagZ,0,0.0,Beta-hexosaminidase
srkA,0,0.0,Stress response kinase A
yitU_1,0,0.0,5-amino-6-(5-phospho-D-ribitylamino)uracil phosphatase YitU
yitU_2,0,0.0,5-amino-6-(5-phospho-D-ribitylamino)uracil phosphatase YitU
drdA,0,0.0,5-deoxy-D-ribulose 1-phosphate aldolase
mneP,0,0.0,Manganese efflux system protein MneP
brpA_1,0,0.0,Biofilm regulatory protein A
hslO_2,0,0.0,33 kDa chaperonin
hslO_1,0,0.0,33 kDa chaperonin
ykoD,0,0.0,Putative HMP/thiamine import ATP-binding protein YkoD
phrA_1,0,0.0,Deoxyribodipyrimidine photo-lyase
phrA_2,0,0.0,Deoxyribodipyrimidine photo-lyase
fucI,0,0.0,L-fucose isomerase
ymcA_1,0,0.0,putative protein YmcA
rbgA_1,0,0.0,Ribosome biogenesis GTPase A
purL_3,0,0.0,Phosphoribosylformylglycinamidine synthase subunit PurL
mgsA_2,0,0.0,Methylglyoxal synthase
mgsA_1,0,0.0,Methylglyoxal synthase
fur_2,0,0.0,Ferric uptake regulation protein
glpG,0,0.0,Rhomboid protease GlpG
nagH,0,0.0,Hyaluronoglucosaminidase
yqfL_3,0,0.0,"Putative pyruvate, phosphate dikinase regulatory protein"
glnM_2,0,0.0,putative glutamine ABC transporter permease protein GlnM
lsrR,0,0.0,Transcriptional regulator LsrR
comGC_1,0,0.0,ComG operon protein 3
ftsY_1,0,0.0,Signal recognition particle receptor FtsY
gltR,0,0.0,HTH-type transcriptional regulator GltR
rsmH_1,0,0.0,Ribosomal RNA small subunit methyltransferase H
prs_1,0,0.0,Ribose-phosphate pyrophosphokinase
yedJ_2,0,0.0,putative protein YedJ
bglF_7,0,0.0,PTS system beta-glucoside-specific EIIBCA component
recG_2,0,0.0,ATP-dependent DNA helicase RecG
aroD_2,0,0.0,3-dehydroquinate dehydratase
rnj1_1,0,0.0,Ribonuclease J 1
lrp_2,0,0.0,Leucine-rich protein
sigV_1,0,0.0,RNA polymerase sigma factor SigV
yedJ_1,0,0.0,putative protein YedJ
cscB_2,0,0.0,Sucrose permease
prs_2,0,0.0,Ribose-phosphate pyrophosphokinase
divIB_2,0,0.0,Cell division protein DivIB
divIB_1,0,0.0,Cell division protein DivIB
cscB_1,0,0.0,Sucrose permease
rbgA_2,0,0.0,Ribosome biogenesis GTPase A
rnj1_2,0,0.0,Ribonuclease J 1
lrgA_1,0,0.0,Antiholin-like protein LrgA
polC_3,0,0.0,DNA polymerase III PolC-type
sttH_2,0,0.0,Streptothricin hydrolase
rpsI_1,0,0.0,30S ribosomal protein S9
glnM_1,0,0.0,putative glutamine ABC transporter permease protein GlnM
recG_1,0,0.0,ATP-dependent DNA helicase RecG
inlJ_2,0,0.0,Internalin J
rpoZ_2,0,0.0,DNA-directed RNA polymerase subunit omega
sttH_1,0,0.0,Streptothricin hydrolase
ftsY_2,0,0.0,Signal recognition particle receptor FtsY
srtD,0,0.0,Sortase D
ftsW,0,0.0,putative peptidoglycan glycosyltransferase FtsW
rpmGA,0,0.0,50S ribosomal protein L33 1
priA_1,0,0.0,Primosomal protein N'
rnc_2,0,0.0,Ribonuclease 3
rny_2,0,0.0,Ribonuclease Y
mntC,0,0.0,Manganese transport system membrane protein MntC
yacP,0,0.0,putative protein YacP
licH_3,0,0.0,putative 6-phospho-beta-glucosidase
prkC_1,0,0.0,Serine/threonine-protein kinase PrkC
purA_2,0,0.0,Adenylosuccinate synthetase
bioY2_2,0,0.0,Biotin transporter BioY2
greA_1,0,0.0,Transcription elongation factor GreA
dtd_1,0,0.0,D-aminoacyl-tRNA deacylase
valS_2,0,0.0,Valine--tRNA ligase
greA_2,0,0.0,Transcription elongation factor GreA
dtd_2,0,0.0,D-aminoacyl-tRNA deacylase
lrp_1,0,0.0,Leucine-rich protein
def1_2,0,0.0,Peptide deformylase 1
ssaB_1,0,0.0,Manganese ABC transporter substrate-binding lipoprotein
rpmB_1,0,0.0,50S ribosomal protein L28
ywqE_1,0,0.0,Tyrosine-protein phosphatase YwqE
ywqC_1,0,0.0,putative capsular polysaccharide biosynthesis protein YwqC
yccF_1,0,0.0,Inner membrane protein YccF
sstT_4,0,0.0,Serine/threonine transporter SstT
pepD,0,0.0,Cytosol non-specific dipeptidase
priA_2,0,0.0,Primosomal protein N'
rpoZ_1,0,0.0,DNA-directed RNA polymerase subunit omega
yhhS,0,0.0,putative MFS-type transporter YhhS
larB_1,0,0.0,"Pyridinium-3,5-biscarboxylic acid mononucleotide synthase"
ywqC_2,0,0.0,putative capsular polysaccharide biosynthesis protein YwqC
ywqE_2,0,0.0,Tyrosine-protein phosphatase YwqE
metP,0,0.0,Methionine import system permease protein MetP
ssaB_2,0,0.0,Manganese ABC transporter substrate-binding lipoprotein
pgsA_1,0,0.0,CDP-diacylglycerol--glycerol-3-phosphate 3-phosphatidyltransferase
fosX,0,0.0,Fosfomycin resistance protein FosX
rny_1,0,0.0,Ribonuclease Y
larB_2,0,0.0,"Pyridinium-3,5-biscarboxylic acid mononucleotide synthase"
prkC_2,0,0.0,Serine/threonine-protein kinase PrkC
salA,0,0.0,Iron-sulfur cluster carrier protein
opuBB,0,0.0,Choline transport system permease protein OpuBB
mrr,0,0.0,Mrr restriction system protein
aroA_3,0,0.0,3-phosphoshikimate 1-carboxyvinyltransferase
vanYB_1,0,0.0,D-alanyl-D-alanine carboxypeptidase
vanYB_2,0,0.0,D-alanyl-D-alanine carboxypeptidase
mhqA_6,0,0.0,Putative ring-cleaving dioxygenase MhqA
galK,0,0.0,Galactokinase
hisP,0,0.0,Histidine transport ATP-binding protein HisP
ybaN,0,0.0,Inner membrane protein YbaN
trePP_2,0,0.0,Trehalose 6-phosphate phosphorylase
focA_2,0,0.0,putative formate transporter 1
rpmF_5,0,0.0,50S ribosomal protein L32
ybiT,0,0.0,putative ABC transporter ATP-binding protein YbiT
rlmH_2,0,0.0,Ribosomal RNA large subunit methyltransferase H
yidC_1,0,0.0,Membrane protein insertase YidC
rlmH_1,0,0.0,Ribosomal RNA large subunit methyltransferase H
roxA,0,0.0,50S ribosomal protein L16 3-hydroxylase
pikAV_2,0,0.0,Thioesterase PikA5
nohA,0,0.0,Prophage DNA-packing protein NohA
cusS,0,0.0,Sensor histidine kinase CusS
levE_4,0,0.0,PTS system fructose-specific EIIB component
yidC_2,0,0.0,Membrane protein insertase YidC
lacD2_3,0,0.0,"Tagatose 1,6-diphosphate aldolase 2"
pdhD_3,0,0.0,Dihydrolipoyl dehydrogenase
yceM_1,0,0.0,Putative oxidoreductase YceM
yceM_2,0,0.0,Putative oxidoreductase YceM
yhdG_2,0,0.0,putative amino acid permease YhdG
yhdG_1,0,0.0,putative amino acid permease YhdG
arsR,0,0.0,Arsenical resistance operon repressor
plcA,0,0.0,1-phosphatidylinositol phosphodiesterase
hxpB,0,0.0,Hexitol phosphatase B
rbsD_2,0,0.0,D-ribose pyranase
focA_1,0,0.0,putative formate transporter 1
lutA_2,0,0.0,Lactate utilization protein A
lutA_1,0,0.0,Lactate utilization protein A
ybhK,0,0.0,Putative gluconeogenesis factor
rbsD_1,0,0.0,D-ribose pyranase
yydH_1,0,0.0,Putative peptide zinc metalloprotease protein YydH
msrB_2,0,0.0,Peptide methionine sulfoxide reductase MsrB
rnfD,0,0.0,Na(+)-translocating ferredoxin:NAD(+) oxidoreductase complex subunit D
hgdH,0,0.0,(R)-2-hydroxyglutarate dehydrogenase
rnfC,0,0.0,Na(+)-translocating ferredoxin:NAD(+) oxidoreductase complex subunit C
yybR_4,0,0.0,putative HTH-type transcriptional regulator YybR
phnX,0,0.0,Phosphonoacetaldehyde hydrolase
yfeW_4,0,0.0,Putative D-alanyl-D-alanine carboxypeptidase
trePP_1,0,0.0,Trehalose 6-phosphate phosphorylase
arsD_3,0,0.0,Arsenical resistance operon trans-acting repressor ArsD
ghrB_3,0,0.0,Glyoxylate/hydroxypyruvate reductase B
arsA_3,0,0.0,Arsenical pump-driving ATPase
citF_1,0,0.0,Citrate lyase alpha chain
citF_2,0,0.0,Citrate lyase alpha chain
mco_3,0,0.0,Multicopper oxidase mco
plsX_1,0,0.0,Phosphate acyltransferase
yclO_1,0,0.0,Petrobactin import system permease protein YclO
rpoC_2,0,0.0,DNA-directed RNA polymerase subunit beta'
msrB_1,0,0.0,Peptide methionine sulfoxide reductase MsrB
misCB,0,0.0,Membrane protein insertase MisCB
galK_3,0,0.0,Galactokinase
lacF_4,0,0.0,Lactose transport system permease protein LacF
phnW,0,0.0,2-aminoethylphosphonate--pyruvate transaminase
metI_1,0,0.0,D-methionine transport system permease protein MetI
pdtaS,0,0.0,putative sensor histidine kinase pdtaS
corA,0,0.0,Cobalt/magnesium transport protein CorA
tmpC_3,0,0.0,Membrane lipoprotein TmpC
yydH_2,0,0.0,Putative peptide zinc metalloprotease protein YydH
recU_3,0,0.0,Holliday junction resolvase RecU
eda_1,0,0.0,Putative KHG/KDPG aldolase
rfbE,0,0.0,CDP-paratose 2-epimerase
thlA_1,0,0.0,Acetyl-CoA acetyltransferase
thlA_2,0,0.0,Acetyl-CoA acetyltransferase
yadG_3,0,0.0,putative ABC transporter ATP-binding protein YadG
ail,0,0.0,Attachment invasion locus protein
iolD_1,0,0.0,"3D-(3,5/4)-trihydroxycyclohexane-1,2-dione hydrolase"
rsuA_3,0,0.0,Ribosomal small subunit pseudouridine synthase A
metC_3,0,0.0,Cystathionine beta-lyase
aroE_2,0,0.0,Shikimate dehydrogenase (NADP(+))
hup_2,0,0.0,DNA-binding protein HU
lacC_5,0,0.0,Tagatose-6-phosphate kinase
ctfB,0,0.0,Butyrate--acetoacetate CoA-transferase subunit B
lrgB_1,0,0.0,Antiholin-like protein LrgB
lrgB_2,0,0.0,Antiholin-like protein LrgB
aroE_1,0,0.0,Shikimate dehydrogenase (NADP(+))
iolD_2,0,0.0,"3D-(3,5/4)-trihydroxycyclohexane-1,2-dione hydrolase"
ricR_2,0,0.0,Copper-sensing transcriptional repressor RicR
dus_1,0,0.0,putative tRNA-dihydrouridine synthase
ihfA,0,0.0,Integration host factor subunit alpha
lacC_6,0,0.0,Tagatose-6-phosphate kinase
ycfH_2,0,0.0,putative metal-dependent hydrolase YcfH
melB,0,0.0,Melibiose carrier protein
pyrF_1,0,0.0,Orotidine 5'-phosphate decarboxylase
pyrF_2,0,0.0,Orotidine 5'-phosphate decarboxylase
noc_2,0,0.0,Nucleoid occlusion protein
noc_1,0,0.0,Nucleoid occlusion protein
pgmB_1,0,0.0,Beta-phosphoglucomutase
pgmB_2,0,0.0,Beta-phosphoglucomutase
rluD_2,0,0.0,Ribosomal large subunit pseudouridine synthase D
rluD_1,0,0.0,Ribosomal large subunit pseudouridine synthase D
rplE_1,0,0.0,50S ribosomal protein L5
rplE_2,0,0.0,50S ribosomal protein L5
rpsZ_2,0,0.0,30S ribosomal protein S14 type Z
rpsR_1,0,0.0,30S ribosomal protein S18
sipT_2,0,0.0,Signal peptidase I T
sipT_1,0,0.0,Signal peptidase I T
ylxH,0,0.0,Flagellum site-determining protein YlxH
tfaE,0,0.0,Prophage tail fiber assembly protein TfaE
ada,0,0.0,Bifunctional transcriptional activator/DNA repair enzyme Ada
bdhA_4,0,0.0,NADH-dependent butanol dehydrogenase A
recR_1,0,0.0,Recombination protein RecR
recR_2,0,0.0,Recombination protein RecR
citG_2,0,0.0,2-(5''-triphosphoribosyl)-3'-dephosphocoenzyme-A synthase
metG_2,0,0.0,Methionine--tRNA ligase
ruvB_1,0,0.0,Holliday junction ATP-dependent DNA helicase RuvB
ruvB_2,0,0.0,Holliday junction ATP-dependent DNA helicase RuvB
prfC_2,0,0.0,Peptide chain release factor 3
prfC_1,0,0.0,Peptide chain release factor 3
selD_3,0,0.0,"Selenide, water dikinase"
hchA_3,0,0.0,Protein/nucleic acid deglycase HchA
galT,0,0.0,Galactose-1-phosphate uridylyltransferase
thyA1,0,0.0,Thymidylate synthase 1
nrdF,0,0.0,Ribonucleoside-diphosphate reductase 2 subunit beta
nrdE,0,0.0,Ribonucleoside-diphosphate reductase subunit alpha
atoD,0,0.0,Acetate CoA-transferase subunit alpha
rsmA_2,0,0.0,Ribosomal RNA small subunit methyltransferase A
rsmA_1,0,0.0,Ribosomal RNA small subunit methyltransferase A
btrK,0,0.0,L-glutamyl-[BtrI acyl-carrier protein] decarboxylase
grsA,0,0.0,Gramicidin S synthase 1
pemK_3,0,0.0,Endoribonuclease PemK
yycJ_3,0,0.0,Putative metallo-hydrolase YycJ
rep_2,0,0.0,ATP-dependent DNA helicase Rep
rep_1,0,0.0,ATP-dependent DNA helicase Rep
rsiV_2,0,0.0,Anti-sigma-V factor RsiV
rsiV_1,0,0.0,Anti-sigma-V factor RsiV
dus_2,0,0.0,putative tRNA-dihydrouridine synthase
ricR_1,0,0.0,Copper-sensing transcriptional repressor RicR
eda_2,0,0.0,Putative KHG/KDPG aldolase
lgrA,0,0.0,Linear gramicidin synthase subunit A
fabH_2,0,0.0,3-oxoacyl-[acyl-carrier-protein] synthase 3
ribX,0,0.0,Riboflavin transport system permease protein RibX
yecD,0,0.0,Isochorismatase family protein YecD
ispE_1,0,0.0,4-diphosphocytidyl-2-C-methyl-D-erythritol kinase
trmL_1,0,0.0,tRNA (cytidine(34)-2'-O)-methyltransferase
speB_1,0,0.0,Streptopain
speB_2,0,0.0,Streptopain
ppdK_2,0,0.0,"Pyruvate, phosphate dikinase"
fetB_3,0,0.0,putative iron export permease protein FetB
gdnD_1,0,0.0,putative guanidinium efflux system subunit GdnD
ispF_1,0,0.0,"2-C-methyl-D-erythritol 2,4-cyclodiphosphate synthase"
ispF_2,0,0.0,"2-C-methyl-D-erythritol 2,4-cyclodiphosphate synthase"
ddpX,0,0.0,D-alanyl-D-alanine dipeptidase
nrdR_1,0,0.0,Transcriptional repressor NrdR
obg_1,0,0.0,GTPase Obg
arnE_1,0,0.0,4-amino-4-deoxy-L-arabinose-phosphoundecaprenol flippase subunit ArnE
purR_3,0,0.0,Pur operon repressor
esxA_4,0,0.0,Type VII secretion system extracellular protein A
bmrU,0,0.0,Putative lipid kinase BmrU
phnE_1,0,0.0,Phosphate-import permease protein PhnE
glvR_2,0,0.0,HTH-type transcriptional regulator GlvR
aroQ,0,0.0,3-dehydroquinate dehydratase
pikAV_1,0,0.0,Thioesterase PikA5
angR,0,0.0,Anguibactin system regulator
mbtI,0,0.0,Salicylate synthase
yloB,0,0.0,Calcium-transporting ATPase
citG_1,0,0.0,2-(5''-triphosphoribosyl)-3'-dephosphocoenzyme-A synthase
rlmB,0,0.0,23S rRNA (guanosine-2'-O-)-methyltransferase RlmB
arnE_2,0,0.0,4-amino-4-deoxy-L-arabinose-phosphoundecaprenol flippase subunit ArnE
thiY,0,0.0,Formylaminopyrimidine-binding protein
vanT-E,0,0.0,membrane-bound serine racemase VanT-E
pox5,0,0.0,Pyruvate oxidase
ppdK_1,0,0.0,"Pyruvate, phosphate dikinase"
gdnD_2,0,0.0,putative guanidinium efflux system subunit GdnD
lepA_2,0,0.0,Elongation factor 4
yciB,0,0.0,"Putative L,D-transpeptidase YciB"
mapP_2,0,0.0,Maltose 6'-phosphate phosphatase
pepQ_2,0,0.0,Xaa-Pro dipeptidase
rplV_2,0,0.0,50S ribosomal protein L22
rplV_1,0,0.0,50S ribosomal protein L22
bmrA_2,0,0.0,Multidrug resistance ABC transporter ATP-binding/permease protein BmrA
plsC_2,0,0.0,1-acyl-sn-glycerol-3-phosphate acyltransferase
ddlB,0,0.0,D-alanine--D-alanine ligase B
yhcG_2,0,0.0,Putative nuclease YhcG
intS,0,0.0,Prophage integrase IntS
ndhL,0,0.0,Nicotinate dehydrogenase large molybdopterin subunit
sapD,0,0.0,Peptide transport system ATP-binding protein SapD
dcuS_1,0,0.0,Sensor histidine kinase DcuS
purN_2,0,0.0,Phosphoribosylglycinamide formyltransferase
purN_1,0,0.0,Phosphoribosylglycinamide formyltransferase
drrA,0,0.0,Daunorubicin/doxorubicin resistance ATP-binding protein DrrA
manZ_15,0,0.0,PTS system mannose-specific EIID component
cclA,0,0.0,Carnocyclin-A
yhcG_1,0,0.0,Putative nuclease YhcG
oadB,0,0.0,Oxaloacetate decarboxylase beta chain
bmrA_1,0,0.0,Multidrug resistance ABC transporter ATP-binding/permease protein BmrA
dcuS_2,0,0.0,Sensor histidine kinase DcuS
hom_1,0,0.0,Homoserine dehydrogenase
glcU,0,0.0,putative glucose uptake protein GlcU
moaC1,0,0.0,Cyclic pyranopterin monophosphate synthase 1
hom_2,0,0.0,Homoserine dehydrogenase
msmE_3,0,0.0,Multiple sugar-binding protein
ermC',0,0.0,rRNA adenine N-6-methyltransferase
pepQ_1,0,0.0,Xaa-Pro dipeptidase
ctpG,0,0.0,putative cation-transporting ATPase G
phnE_2,0,0.0,Phosphate-import permease protein PhnE
ftsI,0,0.0,"Peptidoglycan D,D-transpeptidase FtsI"
fabH_1,0,0.0,3-oxoacyl-[acyl-carrier-protein] synthase 3
ispE_2,0,0.0,Putative 4-diphosphocytidyl-2-C-methyl-D-erythritol kinase
ylbL_2,0,0.0,putative protein YlbL
ylbL_1,0,0.0,putative protein YlbL
lepA_1,0,0.0,Elongation factor 4
larD_1,0,0.0,D/L-lactic acid transporter
larR_3,0,0.0,Lactate racemization regulatory protein
dasA,0,0.0,Diacetylchitobiose binding protein DasA
glvR_1,0,0.0,HTH-type transcriptional regulator GlvR
sufS_3,0,0.0,Cysteine desulfurase SufS
obg_2,0,0.0,GTPase Obg
carA_2,0,0.0,Carbamoyl-phosphate synthase small chain
carA_1,0,0.0,Carbamoyl-phosphate synthase small chain
vgb,0,0.0,Virginiamycin B lyase
gdhA,0,0.0,NADP-specific glutamate dehydrogenase
trmL_2,0,0.0,tRNA (cytidine(34)-2'-O)-methyltransferase
hprA,0,0.0,Glycerate dehydrogenase
cnrH,0,0.0,RNA polymerase sigma factor CnrH
dpaL_2,0,0.0,Diaminopropionate ammonia-lyase
rpoC_1,0,0.0,DNA-directed RNA polymerase subunit beta'
msmX_3,0,0.0,Oligosaccharides import ATP-binding protein MsmX
plsX_2,0,0.0,Phosphate acyltransferase
pnbA,0,0.0,Para-nitrobenzyl esterase
yclO_2,0,0.0,Petrobactin import system permease protein YclO
ptcB_3,0,0.0,PTS system galactose-specific EIIB component
pyrC_2,0,0.0,Dihydroorotase
pyrC_1,0,0.0,Dihydroorotase
hisJ,0,0.0,putative histidine-binding protein
ribZ_3,0,0.0,Riboflavin transporter RibZ
sipV_2,0,0.0,Signal peptidase I V
sipV_1,0,0.0,Signal peptidase I V
metI_2,0,0.0,D-methionine transport system permease protein MetI
acpP_1,0,0.0,Acyl carrier protein
acpP_2,0,0.0,Acyl carrier protein
larD_2,0,0.0,D/L-lactic acid transporter
vanC,0,0.0,Vancomycin C-type resistance protein VanC
ung_2,0,0.0,Uracil-DNA glycosylase
ung_1,0,0.0,Uracil-DNA glycosylase
pta_3,0,0.0,Phosphate acetyltransferase
ddpD,0,0.0,"putative D,D-dipeptide transport ATP-binding protein DdpD"
dsdX,0,0.0,D-serine transporter DsdX
ypdA_1,0,0.0,Sensor histidine kinase YpdA
murG_1,0,0.0,UDP-N-acetylglucosamine--N-acetylmuramyl-(pentapeptide) pyrophosphoryl-undecaprenol N-acetylglucosamine transferase
murG_2,0,0.0,UDP-N-acetylglucosamine--N-acetylmuramyl-(pentapeptide) pyrophosphoryl-undecaprenol N-acetylglucosamine transferase
mutY_2,0,0.0,Adenine DNA glycosylase
mutY_1,0,0.0,Adenine DNA glycosylase
dam_2,0,0.0,DNA adenine methylase
dam_1,0,0.0,DNA adenine methylase
Int-Tn_5,0,0.0,Transposase from transposon Tn916
ypdA_2,0,0.0,Sensor histidine kinase YpdA
guaB_2,0,0.0,Inosine-5'-monophosphate dehydrogenase
degV_3,0,0.0,Protein DegV
ahpC_2,0,0.0,Alkyl hydroperoxide reductase C
dpaL_1,0,0.0,Diaminopropionate ammonia-lyase
punA_1,0,0.0,Purine nucleoside phosphorylase 1
ahpC_1,0,0.0,Alkyl hydroperoxide reductase C
guaB_1,0,0.0,Inosine-5'-monophosphate dehydrogenase
gpgP,0,0.0,Glucosyl-3-phosphoglycerate phosphatase
yxlF_2,0,0.0,putative ABC transporter ATP-binding protein YxlF
yxlF_1,0,0.0,putative ABC transporter ATP-binding protein YxlF
rpoB_2,0,0.0,DNA-directed RNA polymerase subunit beta
pchA_1,0,0.0,Salicylate biosynthesis isochorismate synthase
rpoB_1,0,0.0,DNA-directed RNA polymerase subunit beta
punA_2,0,0.0,Purine nucleoside phosphorylase 1
pchA_2,0,0.0,Salicylate biosynthesis isochorismate synthase
trkH,0,0.0,Trk system potassium uptake protein TrkH
